indicator_id,indicator,year,level,area,powiat,value
1,Wskaźnik maskulinizacji,2024,powiat,powiat bocheński,powiat bocheński,97.32
1,Wskaźnik maskulinizacji,2024,gmina,Bochnia (miasto),powiat bocheński,90.86
1,Wskaźnik maskulinizacji,2024,gmina,Bochnia (wieś),powiat bocheński,98.71
1,Wskaźnik maskulinizacji,2024,gmina,Drwinia,powiat bocheński,99.44
1,Wskaźnik maskulinizacji,2024,gmina,Lipnica Murowana,powiat bocheński,104.45
1,Wskaźnik maskulinizacji,2024,gmina,Łapanów,powiat bocheński,102.01
1,Wskaźnik maskulinizacji,2024,gmina,Nowy Wiśnicz,powiat bocheński,101.47
1,Wskaźnik maskulinizacji,2024,gmina,Rzezawa,powiat bocheński,97.87
1,Wskaźnik maskulinizacji,2024,gmina,Trzciana,powiat bocheński,96.01
1,Wskaźnik maskulinizacji,2024,gmina,Żegocina,powiat bocheński,99.39
1,Wskaźnik maskulinizacji,2024,powiat,powiat brzeski,powiat brzeski,97.81
1,Wskaźnik maskulinizacji,2024,gmina,Borzęcin,powiat brzeski,100.10
1,Wskaźnik maskulinizacji,2024,gmina,Brzesko,powiat brzeski,95.16
1,Wskaźnik maskulinizacji,2024,gmina,Czchów,powiat brzeski,99.03
1,Wskaźnik maskulinizacji,2024,gmina,Dębno,powiat brzeski,98.57
1,Wskaźnik maskulinizacji,2024,gmina,Gnojnik,powiat brzeski,102.22
1,Wskaźnik maskulinizacji,2024,gmina,Iwkowa,powiat brzeski,97.07
1,Wskaźnik maskulinizacji,2024,gmina,Szczurowa,powiat brzeski,100.49
1,Wskaźnik maskulinizacji,2024,powiat,powiat chrzanowski,powiat chrzanowski,93.06
1,Wskaźnik maskulinizacji,2024,gmina,Alwernia,powiat chrzanowski,96.00
1,Wskaźnik maskulinizacji,2024,gmina,Babice,powiat chrzanowski,94.19
1,Wskaźnik maskulinizacji,2024,gmina,Chrzanów,powiat chrzanowski,90.99
1,Wskaźnik maskulinizacji,2024,gmina,Libiąż,powiat chrzanowski,93.31
1,Wskaźnik maskulinizacji,2024,gmina,Trzebinia,powiat chrzanowski,94.32
1,Wskaźnik maskulinizacji,2024,powiat,powiat dąbrowski,powiat dąbrowski,98.44
1,Wskaźnik maskulinizacji,2024,gmina,Bolesław,powiat dąbrowski,108.24
1,Wskaźnik maskulinizacji,2024,gmina,Dąbrowa Tarnowska,powiat dąbrowski,97.08
1,Wskaźnik maskulinizacji,2024,gmina,Gręboszów,powiat dąbrowski,97.73
1,Wskaźnik maskulinizacji,2024,gmina,Mędrzechów,powiat dąbrowski,96.20
1,Wskaźnik maskulinizacji,2024,gmina,Olesno,powiat dąbrowski,96.49
1,Wskaźnik maskulinizacji,2024,gmina,Radgoszcz,powiat dąbrowski,102.63
1,Wskaźnik maskulinizacji,2024,gmina,Szczucin,powiat dąbrowski,98.28
1,Wskaźnik maskulinizacji,2024,powiat,powiat gorlicki,powiat gorlicki,97.76
1,Wskaźnik maskulinizacji,2024,gmina,Biecz,powiat gorlicki,97.57
1,Wskaźnik maskulinizacji,2024,gmina,Bobowa,powiat gorlicki,102.70
1,Wskaźnik maskulinizacji,2024,gmina,Gorlice (miasto),powiat gorlicki,90.98
1,Wskaźnik maskulinizacji,2024,gmina,Gorlice (wieś),powiat gorlicki,99.76
1,Wskaźnik maskulinizacji,2024,gmina,Lipinki,powiat gorlicki,99.16
1,Wskaźnik maskulinizacji,2024,gmina,Łużna,powiat gorlicki,103.35
1,Wskaźnik maskulinizacji,2024,gmina,Moszczenica,powiat gorlicki,98.51
1,Wskaźnik maskulinizacji,2024,gmina,Ropa,powiat gorlicki,100.84
1,Wskaźnik maskulinizacji,2024,gmina,Sękowa,powiat gorlicki,97.10
1,Wskaźnik maskulinizacji,2024,gmina,Uście Gorlickie,powiat gorlicki,102.04
1,Wskaźnik maskulinizacji,2024,powiat,powiat krakowski,powiat krakowski,96.34
1,Wskaźnik maskulinizacji,2024,gmina,Czernichów,powiat krakowski,97.52
1,Wskaźnik maskulinizacji,2024,gmina,Igołomia-Wawrzeńczyce,powiat krakowski,98.68
1,Wskaźnik maskulinizacji,2024,gmina,Iwanowice,powiat krakowski,98.73
1,Wskaźnik maskulinizacji,2024,gmina,Jerzmanowice-Przeginia,powiat krakowski,98.89
1,Wskaźnik maskulinizacji,2024,gmina,Kocmyrzów-Luborzyca,powiat krakowski,98.85
1,Wskaźnik maskulinizacji,2024,gmina,Krzeszowice,powiat krakowski,93.17
1,Wskaźnik maskulinizacji,2024,gmina,Liszki,powiat krakowski,96.32
1,Wskaźnik maskulinizacji,2024,gmina,Michałowice,powiat krakowski,101.08
1,Wskaźnik maskulinizacji,2024,gmina,Mogilany,powiat krakowski,96.35
1,Wskaźnik maskulinizacji,2024,gmina,Skała,powiat krakowski,103.18
1,Wskaźnik maskulinizacji,2024,gmina,Skawina,powiat krakowski,93.01
1,Wskaźnik maskulinizacji,2024,gmina,Słomniki,powiat krakowski,96.65
1,Wskaźnik maskulinizacji,2024,gmina,Sułoszowa,powiat krakowski,99.40
1,Wskaźnik maskulinizacji,2024,gmina,Świątniki Górne,powiat krakowski,97.60
1,Wskaźnik maskulinizacji,2024,gmina,Wielka Wieś,powiat krakowski,97.74
1,Wskaźnik maskulinizacji,2024,gmina,Zabierzów,powiat krakowski,94.85
1,Wskaźnik maskulinizacji,2024,gmina,Zielonki,powiat krakowski,95.20
1,Wskaźnik maskulinizacji,2024,powiat,powiat limanowski,powiat limanowski,99.75
1,Wskaźnik maskulinizacji,2024,gmina,Dobra,powiat limanowski,101.72
1,Wskaźnik maskulinizacji,2024,gmina,Jodłownik,powiat limanowski,101.01
1,Wskaźnik maskulinizacji,2024,gmina,Kamienica,powiat limanowski,99.23
1,Wskaźnik maskulinizacji,2024,gmina,Laskowa,powiat limanowski,99.24
1,Wskaźnik maskulinizacji,2024,gmina,Limanowa (miasto),powiat limanowski,96.62
1,Wskaźnik maskulinizacji,2024,gmina,Limanowa (wieś),powiat limanowski,99.60
1,Wskaźnik maskulinizacji,2024,gmina,Łukowica,powiat limanowski,99.02
1,Wskaźnik maskulinizacji,2024,gmina,Mszana Dolna (miasto),powiat limanowski,93.58
1,Wskaźnik maskulinizacji,2024,gmina,Mszana Dolna (wieś),powiat limanowski,103.99
1,Wskaźnik maskulinizacji,2024,gmina,Niedźwiedź,powiat limanowski,101.43
1,Wskaźnik maskulinizacji,2024,gmina,Słopnice,powiat limanowski,102.71
1,Wskaźnik maskulinizacji,2024,gmina,Tymbark,powiat limanowski,96.35
1,Wskaźnik maskulinizacji,2024,powiat,powiat m. Kraków,powiat m. Kraków,87.63
1,Wskaźnik maskulinizacji,2024,powiat,powiat m. Nowy Sącz,powiat m. Nowy Sącz,91.18
1,Wskaźnik maskulinizacji,2024,powiat,powiat m. Tarnów,powiat m. Tarnów,88.43
1,Wskaźnik maskulinizacji,2024,powiat,powiat miechowski,powiat miechowski,96.07
1,Wskaźnik maskulinizacji,2024,gmina,Charsznica,powiat miechowski,95.72
1,Wskaźnik maskulinizacji,2024,gmina,Gołcza,powiat miechowski,99.80
1,Wskaźnik maskulinizacji,2024,gmina,Kozłów,powiat miechowski,98.24
1,Wskaźnik maskulinizacji,2024,gmina,Książ Wielki,powiat miechowski,94.09
1,Wskaźnik maskulinizacji,2024,gmina,Miechów,powiat miechowski,93.47
1,Wskaźnik maskulinizacji,2024,gmina,Racławice,powiat miechowski,101.43
1,Wskaźnik maskulinizacji,2024,gmina,Słaboszów,powiat miechowski,101.66
1,Wskaźnik maskulinizacji,2024,powiat,powiat myślenicki,powiat myślenicki,98.17
1,Wskaźnik maskulinizacji,2024,gmina,Dobczyce,powiat myślenicki,99.13
1,Wskaźnik maskulinizacji,2024,gmina,Lubień,powiat myślenicki,97.19
1,Wskaźnik maskulinizacji,2024,gmina,Myślenice,powiat myślenicki,96.72
1,Wskaźnik maskulinizacji,2024,gmina,Pcim,powiat myślenicki,99.57
1,Wskaźnik maskulinizacji,2024,gmina,Raciechowice,powiat myślenicki,99.04
1,Wskaźnik maskulinizacji,2024,gmina,Siepraw,powiat myślenicki,100.66
1,Wskaźnik maskulinizacji,2024,gmina,Sułkowice,powiat myślenicki,96.40
1,Wskaźnik maskulinizacji,2024,gmina,Tokarnia,powiat myślenicki,101.24
1,Wskaźnik maskulinizacji,2024,gmina,Wiśniowa,powiat myślenicki,100.45
1,Wskaźnik maskulinizacji,2024,powiat,powiat nowosądecki,powiat nowosądecki,99.26
1,Wskaźnik maskulinizacji,2024,gmina,Podegrodzie,powiat nowosądecki,101.24
1,Wskaźnik maskulinizacji,2024,gmina,Rytro,powiat nowosądecki,98.85
1,Wskaźnik maskulinizacji,2024,gmina,Stary Sącz,powiat nowosądecki,99.39
1,Wskaźnik maskulinizacji,2024,gmina,Chełmiec,powiat nowosądecki,101.47
1,Wskaźnik maskulinizacji,2024,gmina,Gródek nad Dunajcem,powiat nowosądecki,101.36
1,Wskaźnik maskulinizacji,2024,gmina,Grybów (miasto),powiat nowosądecki,92.08
1,Wskaźnik maskulinizacji,2024,gmina,Grybów (wieś),powiat nowosądecki,101.41
1,Wskaźnik maskulinizacji,2024,gmina,Kamionka Wielka,powiat nowosądecki,98.88
1,Wskaźnik maskulinizacji,2024,gmina,Korzenna,powiat nowosądecki,102.53
1,Wskaźnik maskulinizacji,2024,gmina,Krynica-Zdrój,powiat nowosądecki,91.73
1,Wskaźnik maskulinizacji,2024,gmina,Łabowa,powiat nowosądecki,104.97
1,Wskaźnik maskulinizacji,2024,gmina,Łącko,powiat nowosądecki,101.47
1,Wskaźnik maskulinizacji,2024,gmina,Łososina Dolna,powiat nowosądecki,100.16
1,Wskaźnik maskulinizacji,2024,gmina,Muszyna,powiat nowosądecki,93.99
1,Wskaźnik maskulinizacji,2024,gmina,Nawojowa,powiat nowosądecki,96.39
1,Wskaźnik maskulinizacji,2024,gmina,Piwniczna-Zdrój,powiat nowosądecki,95.50
1,Wskaźnik maskulinizacji,2024,powiat,powiat nowotarski,powiat nowotarski,95.45
1,Wskaźnik maskulinizacji,2024,gmina,Czarny Dunajec,powiat nowotarski,96.77
1,Wskaźnik maskulinizacji,2024,gmina,Czorsztyn,powiat nowotarski,96.99
1,Wskaźnik maskulinizacji,2024,gmina,Jabłonka,powiat nowotarski,96.75
1,Wskaźnik maskulinizacji,2024,gmina,Krościenko nad Dunajcem,powiat nowotarski,94.81
1,Wskaźnik maskulinizacji,2024,gmina,Lipnica Wielka,powiat nowotarski,97.30
1,Wskaźnik maskulinizacji,2024,gmina,Łapsze Niżne,powiat nowotarski,100.54
1,Wskaźnik maskulinizacji,2024,gmina,Nowy Targ (miasto),powiat nowotarski,89.49
1,Wskaźnik maskulinizacji,2024,gmina,Nowy Targ (wieś),powiat nowotarski,97.26
1,Wskaźnik maskulinizacji,2024,gmina,Ochotnica Dolna,powiat nowotarski,99.79
1,Wskaźnik maskulinizacji,2024,gmina,Raba Wyżna,powiat nowotarski,98.52
1,Wskaźnik maskulinizacji,2024,gmina,Rabka-Zdrój,powiat nowotarski,91.32
1,Wskaźnik maskulinizacji,2024,gmina,Spytkowice,powiat nowotarski,98.10
1,Wskaźnik maskulinizacji,2024,gmina,Szaflary,powiat nowotarski,98.70
1,Wskaźnik maskulinizacji,2024,gmina,Szczawnica,powiat nowotarski,92.90
1,Wskaźnik maskulinizacji,2024,powiat,powiat olkuski,powiat olkuski,94.10
1,Wskaźnik maskulinizacji,2024,gmina,Bolesław,powiat olkuski,93.69
1,Wskaźnik maskulinizacji,2024,gmina,Bukowno,powiat olkuski,90.76
1,Wskaźnik maskulinizacji,2024,gmina,Klucze,powiat olkuski,94.63
1,Wskaźnik maskulinizacji,2024,gmina,Olkusz,powiat olkuski,92.54
1,Wskaźnik maskulinizacji,2024,gmina,Trzyciąż,powiat olkuski,102.94
1,Wskaźnik maskulinizacji,2024,gmina,Wolbrom,powiat olkuski,95.94
1,Wskaźnik maskulinizacji,2024,powiat,powiat oświęcimski,powiat oświęcimski,93.82
1,Wskaźnik maskulinizacji,2024,gmina,Brzeszcze,powiat oświęcimski,94.76
1,Wskaźnik maskulinizacji,2024,gmina,Chełmek,powiat oświęcimski,95.53
1,Wskaźnik maskulinizacji,2024,gmina,Kęty,powiat oświęcimski,94.79
1,Wskaźnik maskulinizacji,2024,gmina,Osiek,powiat oświęcimski,95.66
1,Wskaźnik maskulinizacji,2024,gmina,Oświęcim (miasto),powiat oświęcimski,89.17
1,Wskaźnik maskulinizacji,2024,gmina,Oświęcim (wieś),powiat oświęcimski,95.50
1,Wskaźnik maskulinizacji,2024,gmina,Polanka Wielka,powiat oświęcimski,99.35
1,Wskaźnik maskulinizacji,2024,gmina,Przeciszów,powiat oświęcimski,94.60
1,Wskaźnik maskulinizacji,2024,gmina,Zator,powiat oświęcimski,96.25
1,Wskaźnik maskulinizacji,2024,powiat,powiat proszowicki,powiat proszowicki,97.19
1,Wskaźnik maskulinizacji,2024,gmina,Koniusza,powiat proszowicki,99.87
1,Wskaźnik maskulinizacji,2024,gmina,Koszyce,powiat proszowicki,96.38
1,Wskaźnik maskulinizacji,2024,gmina,Nowe Brzesko,powiat proszowicki,98.24
1,Wskaźnik maskulinizacji,2024,gmina,Pałecznica,powiat proszowicki,98.45
1,Wskaźnik maskulinizacji,2024,gmina,Proszowice,powiat proszowicki,94.25
1,Wskaźnik maskulinizacji,2024,gmina,Radziemice,powiat proszowicki,102.37
1,Wskaźnik maskulinizacji,2024,powiat,powiat suski,powiat suski,97.30
1,Wskaźnik maskulinizacji,2024,gmina,Budzów,powiat suski,100.14
1,Wskaźnik maskulinizacji,2024,gmina,Bystra-Sidzina,powiat suski,100.91
1,Wskaźnik maskulinizacji,2024,gmina,Jordanów (miasto),powiat suski,92.99
1,Wskaźnik maskulinizacji,2024,gmina,Jordanów (wieś),powiat suski,98.15
1,Wskaźnik maskulinizacji,2024,gmina,Maków Podhalański,powiat suski,96.51
1,Wskaźnik maskulinizacji,2024,gmina,Stryszawa,powiat suski,95.29
1,Wskaźnik maskulinizacji,2024,gmina,Sucha Beskidzka,powiat suski,92.48
1,Wskaźnik maskulinizacji,2024,gmina,Zawoja,powiat suski,101.29
1,Wskaźnik maskulinizacji,2024,gmina,Zembrzyce,powiat suski,99.41
1,Wskaźnik maskulinizacji,2024,powiat,powiat tarnowski,powiat tarnowski,98.47
1,Wskaźnik maskulinizacji,2024,gmina,Ciężkowice,powiat tarnowski,99.27
1,Wskaźnik maskulinizacji,2024,gmina,Gromnik,powiat tarnowski,100.27
1,Wskaźnik maskulinizacji,2024,gmina,Lisia Góra,powiat tarnowski,98.88
1,Wskaźnik maskulinizacji,2024,gmina,Pleśna,powiat tarnowski,99.57
1,Wskaźnik maskulinizacji,2024,gmina,Radłów,powiat tarnowski,97.87
1,Wskaźnik maskulinizacji,2024,gmina,Ryglice,powiat tarnowski,99.28
1,Wskaźnik maskulinizacji,2024,gmina,Rzepiennik Strzyżewski,powiat tarnowski,99.54
1,Wskaźnik maskulinizacji,2024,gmina,Skrzyszów,powiat tarnowski,100.25
1,Wskaźnik maskulinizacji,2024,gmina,Szerzyny,powiat tarnowski,101.84
1,Wskaźnik maskulinizacji,2024,gmina,Tarnów (wieś),powiat tarnowski,96.94
1,Wskaźnik maskulinizacji,2024,gmina,Tuchów,powiat tarnowski,97.67
1,Wskaźnik maskulinizacji,2024,gmina,Wierzchosławice,powiat tarnowski,98.05
1,Wskaźnik maskulinizacji,2024,gmina,Wietrzychowice,powiat tarnowski,98.18
1,Wskaźnik maskulinizacji,2024,gmina,Wojnicz,powiat tarnowski,97.34
1,Wskaźnik maskulinizacji,2024,gmina,Zakliczyn,powiat tarnowski,99.60
1,Wskaźnik maskulinizacji,2024,gmina,Żabno,powiat tarnowski,96.13
1,Wskaźnik maskulinizacji,2024,powiat,powiat tatrzański,powiat tatrzański,93.03
1,Wskaźnik maskulinizacji,2024,gmina,Biały Dunajec,powiat tatrzański,95.72
1,Wskaźnik maskulinizacji,2024,gmina,Bukowina Tatrzańska,powiat tatrzański,98.58
1,Wskaźnik maskulinizacji,2024,gmina,Kościelisko,powiat tatrzański,95.00
1,Wskaźnik maskulinizacji,2024,gmina,Poronin,powiat tatrzański,96.92
1,Wskaźnik maskulinizacji,2024,gmina,Zakopane,powiat tatrzański,87.08
1,Wskaźnik maskulinizacji,2024,powiat,powiat wadowicki,powiat wadowicki,96.32
1,Wskaźnik maskulinizacji,2024,gmina,Andrychów,powiat wadowicki,95.60
1,Wskaźnik maskulinizacji,2024,gmina,Brzeźnica,powiat wadowicki,96.80
1,Wskaźnik maskulinizacji,2024,gmina,Kalwaria Zebrzydowska,powiat wadowicki,98.91
1,Wskaźnik maskulinizacji,2024,gmina,Lanckorona,powiat wadowicki,95.01
1,Wskaźnik maskulinizacji,2024,gmina,Mucharz,powiat wadowicki,98.34
1,Wskaźnik maskulinizacji,2024,gmina,Spytkowice,powiat wadowicki,94.17
1,Wskaźnik maskulinizacji,2024,gmina,Stryszów,powiat wadowicki,100.00
1,Wskaźnik maskulinizacji,2024,gmina,Tomice,powiat wadowicki,97.02
1,Wskaźnik maskulinizacji,2024,gmina,Wadowice,powiat wadowicki,93.55
1,Wskaźnik maskulinizacji,2024,gmina,Wieprz,powiat wadowicki,101.78
1,Wskaźnik maskulinizacji,2024,powiat,powiat wielicki,powiat wielicki,96.45
1,Wskaźnik maskulinizacji,2024,gmina,Biskupice,powiat wielicki,97.08
1,Wskaźnik maskulinizacji,2024,gmina,Gdów,powiat wielicki,100.83
1,Wskaźnik maskulinizacji,2024,gmina,Kłaj,powiat wielicki,98.99
1,Wskaźnik maskulinizacji,2024,gmina,Niepołomice,powiat wielicki,95.50
1,Wskaźnik maskulinizacji,2024,gmina,Wieliczka,powiat wielicki,95.26
1,Wskaźnik maskulinizacji,2023,powiat,powiat bocheński,powiat bocheński,97.62
1,Wskaźnik maskulinizacji,2023,gmina,Bochnia (miasto),powiat bocheński,91.59
1,Wskaźnik maskulinizacji,2023,gmina,Bochnia (wieś),powiat bocheński,99.04
1,Wskaźnik maskulinizacji,2023,gmina,Drwinia,powiat bocheński,98.09
1,Wskaźnik maskulinizacji,2023,gmina,Lipnica Murowana,powiat bocheński,105.16
1,Wskaźnik maskulinizacji,2023,gmina,Łapanów,powiat bocheński,102.56
1,Wskaźnik maskulinizacji,2023,gmina,Nowy Wiśnicz,powiat bocheński,101.37
1,Wskaźnik maskulinizacji,2023,gmina,Rzezawa,powiat bocheński,98.34
1,Wskaźnik maskulinizacji,2023,gmina,Trzciana,powiat bocheński,96.09
1,Wskaźnik maskulinizacji,2023,gmina,Żegocina,powiat bocheński,99.53
1,Wskaźnik maskulinizacji,2023,powiat,powiat brzeski,powiat brzeski,98.02
1,Wskaźnik maskulinizacji,2023,gmina,Borzęcin,powiat brzeski,100.84
1,Wskaźnik maskulinizacji,2023,gmina,Brzesko,powiat brzeski,95.65
1,Wskaźnik maskulinizacji,2023,gmina,Czchów,powiat brzeski,98.71
1,Wskaźnik maskulinizacji,2023,gmina,Dębno,powiat brzeski,98.30
1,Wskaźnik maskulinizacji,2023,gmina,Gnojnik,powiat brzeski,101.27
1,Wskaźnik maskulinizacji,2023,gmina,Iwkowa,powiat brzeski,97.82
1,Wskaźnik maskulinizacji,2023,gmina,Szczurowa,powiat brzeski,101.06
1,Wskaźnik maskulinizacji,2023,powiat,powiat chrzanowski,powiat chrzanowski,93.23
1,Wskaźnik maskulinizacji,2023,gmina,Alwernia,powiat chrzanowski,96.06
1,Wskaźnik maskulinizacji,2023,gmina,Babice,powiat chrzanowski,94.69
1,Wskaźnik maskulinizacji,2023,gmina,Chrzanów,powiat chrzanowski,91.35
1,Wskaźnik maskulinizacji,2023,gmina,Libiąż,powiat chrzanowski,93.26
1,Wskaźnik maskulinizacji,2023,gmina,Trzebinia,powiat chrzanowski,94.33
1,Wskaźnik maskulinizacji,2023,powiat,powiat dąbrowski,powiat dąbrowski,98.50
1,Wskaźnik maskulinizacji,2023,gmina,Bolesław,powiat dąbrowski,106.77
1,Wskaźnik maskulinizacji,2023,gmina,Dąbrowa Tarnowska,powiat dąbrowski,97.04
1,Wskaźnik maskulinizacji,2023,gmina,Gręboszów,powiat dąbrowski,97.50
1,Wskaźnik maskulinizacji,2023,gmina,Mędrzechów,powiat dąbrowski,96.24
1,Wskaźnik maskulinizacji,2023,gmina,Olesno,powiat dąbrowski,96.90
1,Wskaźnik maskulinizacji,2023,gmina,Radgoszcz,powiat dąbrowski,102.85
1,Wskaźnik maskulinizacji,2023,gmina,Szczucin,powiat dąbrowski,98.56
1,Wskaźnik maskulinizacji,2023,powiat,powiat gorlicki,powiat gorlicki,97.73
1,Wskaźnik maskulinizacji,2023,gmina,Biecz,powiat gorlicki,97.56
1,Wskaźnik maskulinizacji,2023,gmina,Bobowa,powiat gorlicki,102.96
1,Wskaźnik maskulinizacji,2023,gmina,Gorlice (miasto),powiat gorlicki,90.77
1,Wskaźnik maskulinizacji,2023,gmina,Gorlice (wieś),powiat gorlicki,99.91
1,Wskaźnik maskulinizacji,2023,gmina,Lipinki,powiat gorlicki,98.90
1,Wskaźnik maskulinizacji,2023,gmina,Łużna,powiat gorlicki,103.36
1,Wskaźnik maskulinizacji,2023,gmina,Moszczenica,powiat gorlicki,97.78
1,Wskaźnik maskulinizacji,2023,gmina,Ropa,powiat gorlicki,101.17
1,Wskaźnik maskulinizacji,2023,gmina,Sękowa,powiat gorlicki,97.13
1,Wskaźnik maskulinizacji,2023,gmina,Uście Gorlickie,powiat gorlicki,102.57
1,Wskaźnik maskulinizacji,2023,powiat,powiat krakowski,powiat krakowski,96.28
1,Wskaźnik maskulinizacji,2023,gmina,Czernichów,powiat krakowski,96.89
1,Wskaźnik maskulinizacji,2023,gmina,Igołomia-Wawrzeńczyce,powiat krakowski,98.41
1,Wskaźnik maskulinizacji,2023,gmina,Iwanowice,powiat krakowski,99.51
1,Wskaźnik maskulinizacji,2023,gmina,Jerzmanowice-Przeginia,powiat krakowski,98.95
1,Wskaźnik maskulinizacji,2023,gmina,Kocmyrzów-Luborzyca,powiat krakowski,98.94
1,Wskaźnik maskulinizacji,2023,gmina,Krzeszowice,powiat krakowski,93.47
1,Wskaźnik maskulinizacji,2023,gmina,Liszki,powiat krakowski,95.94
1,Wskaźnik maskulinizacji,2023,gmina,Michałowice,powiat krakowski,101.46
1,Wskaźnik maskulinizacji,2023,gmina,Mogilany,powiat krakowski,95.72
1,Wskaźnik maskulinizacji,2023,gmina,Skała,powiat krakowski,102.89
1,Wskaźnik maskulinizacji,2023,gmina,Skawina,powiat krakowski,93.15
1,Wskaźnik maskulinizacji,2023,gmina,Słomniki,powiat krakowski,96.96
1,Wskaźnik maskulinizacji,2023,gmina,Sułoszowa,powiat krakowski,99.72
1,Wskaźnik maskulinizacji,2023,gmina,Świątniki Górne,powiat krakowski,96.85
1,Wskaźnik maskulinizacji,2023,gmina,Wielka Wieś,powiat krakowski,97.64
1,Wskaźnik maskulinizacji,2023,gmina,Zabierzów,powiat krakowski,94.60
1,Wskaźnik maskulinizacji,2023,gmina,Zielonki,powiat krakowski,95.09
1,Wskaźnik maskulinizacji,2023,powiat,powiat limanowski,powiat limanowski,99.75
1,Wskaźnik maskulinizacji,2023,gmina,Dobra,powiat limanowski,101.66
1,Wskaźnik maskulinizacji,2023,gmina,Jodłownik,powiat limanowski,100.85
1,Wskaźnik maskulinizacji,2023,gmina,Kamienica,powiat limanowski,99.33
1,Wskaźnik maskulinizacji,2023,gmina,Laskowa,powiat limanowski,99.29
1,Wskaźnik maskulinizacji,2023,gmina,Limanowa (miasto),powiat limanowski,95.98
1,Wskaźnik maskulinizacji,2023,gmina,Limanowa (wieś),powiat limanowski,99.69
1,Wskaźnik maskulinizacji,2023,gmina,Łukowica,powiat limanowski,99.31
1,Wskaźnik maskulinizacji,2023,gmina,Mszana Dolna (miasto),powiat limanowski,93.33
1,Wskaźnik maskulinizacji,2023,gmina,Mszana Dolna (wieś),powiat limanowski,104.59
1,Wskaźnik maskulinizacji,2023,gmina,Niedźwiedź,powiat limanowski,101.85
1,Wskaźnik maskulinizacji,2023,gmina,Słopnice,powiat limanowski,102.66
1,Wskaźnik maskulinizacji,2023,gmina,Tymbark,powiat limanowski,95.55
1,Wskaźnik maskulinizacji,2023,powiat,powiat m. Kraków,powiat m. Kraków,87.52
1,Wskaźnik maskulinizacji,2023,powiat,powiat m. Nowy Sącz,powiat m. Nowy Sącz,91.25
1,Wskaźnik maskulinizacji,2023,powiat,powiat m. Tarnów,powiat m. Tarnów,88.66
1,Wskaźnik maskulinizacji,2023,powiat,powiat miechowski,powiat miechowski,96.07
1,Wskaźnik maskulinizacji,2023,gmina,Charsznica,powiat miechowski,96.10
1,Wskaźnik maskulinizacji,2023,gmina,Gołcza,powiat miechowski,100.27
1,Wskaźnik maskulinizacji,2023,gmina,Kozłów,powiat miechowski,97.32
1,Wskaźnik maskulinizacji,2023,gmina,Książ Wielki,powiat miechowski,94.87
1,Wskaźnik maskulinizacji,2023,gmina,Miechów,powiat miechowski,93.12
1,Wskaźnik maskulinizacji,2023,gmina,Racławice,powiat miechowski,102.68
1,Wskaźnik maskulinizacji,2023,gmina,Słaboszów,powiat miechowski,101.15
1,Wskaźnik maskulinizacji,2023,powiat,powiat myślenicki,powiat myślenicki,98.22
1,Wskaźnik maskulinizacji,2023,gmina,Dobczyce,powiat myślenicki,99.74
1,Wskaźnik maskulinizacji,2023,gmina,Lubień,powiat myślenicki,96.61
1,Wskaźnik maskulinizacji,2023,gmina,Myślenice,powiat myślenicki,96.76
1,Wskaźnik maskulinizacji,2023,gmina,Pcim,powiat myślenicki,99.51
1,Wskaźnik maskulinizacji,2023,gmina,Raciechowice,powiat myślenicki,99.23
1,Wskaźnik maskulinizacji,2023,gmina,Siepraw,powiat myślenicki,100.54
1,Wskaźnik maskulinizacji,2023,gmina,Sułkowice,powiat myślenicki,96.51
1,Wskaźnik maskulinizacji,2023,gmina,Tokarnia,powiat myślenicki,101.58
1,Wskaźnik maskulinizacji,2023,gmina,Wiśniowa,powiat myślenicki,100.13
1,Wskaźnik maskulinizacji,2023,powiat,powiat nowosądecki,powiat nowosądecki,99.36
1,Wskaźnik maskulinizacji,2023,gmina,Podegrodzie,powiat nowosądecki,101.68
1,Wskaźnik maskulinizacji,2023,gmina,Rytro,powiat nowosądecki,99.19
1,Wskaźnik maskulinizacji,2023,gmina,Stary Sącz,powiat nowosądecki,99.42
1,Wskaźnik maskulinizacji,2023,gmina,Chełmiec,powiat nowosądecki,101.35
1,Wskaźnik maskulinizacji,2023,gmina,Gródek nad Dunajcem,powiat nowosądecki,101.33
1,Wskaźnik maskulinizacji,2023,gmina,Grybów (miasto),powiat nowosądecki,92.27
1,Wskaźnik maskulinizacji,2023,gmina,Grybów (wieś),powiat nowosądecki,101.12
1,Wskaźnik maskulinizacji,2023,gmina,Kamionka Wielka,powiat nowosądecki,98.60
1,Wskaźnik maskulinizacji,2023,gmina,Korzenna,powiat nowosądecki,102.95
1,Wskaźnik maskulinizacji,2023,gmina,Krynica-Zdrój,powiat nowosądecki,92.07
1,Wskaźnik maskulinizacji,2023,gmina,Łabowa,powiat nowosądecki,104.87
1,Wskaźnik maskulinizacji,2023,gmina,Łącko,powiat nowosądecki,101.65
1,Wskaźnik maskulinizacji,2023,gmina,Łososina Dolna,powiat nowosądecki,100.09
1,Wskaźnik maskulinizacji,2023,gmina,Muszyna,powiat nowosądecki,94.34
1,Wskaźnik maskulinizacji,2023,gmina,Nawojowa,powiat nowosądecki,97.20
1,Wskaźnik maskulinizacji,2023,gmina,Piwniczna-Zdrój,powiat nowosądecki,96.00
1,Wskaźnik maskulinizacji,2023,powiat,powiat nowotarski,powiat nowotarski,95.55
1,Wskaźnik maskulinizacji,2023,gmina,Czarny Dunajec,powiat nowotarski,97.01
1,Wskaźnik maskulinizacji,2023,gmina,Czorsztyn,powiat nowotarski,97.45
1,Wskaźnik maskulinizacji,2023,gmina,Jabłonka,powiat nowotarski,96.83
1,Wskaźnik maskulinizacji,2023,gmina,Krościenko nad Dunajcem,powiat nowotarski,93.95
1,Wskaźnik maskulinizacji,2023,gmina,Lipnica Wielka,powiat nowotarski,97.42
1,Wskaźnik maskulinizacji,2023,gmina,Łapsze Niżne,powiat nowotarski,100.17
1,Wskaźnik maskulinizacji,2023,gmina,Nowy Targ (miasto),powiat nowotarski,89.79
1,Wskaźnik maskulinizacji,2023,gmina,Nowy Targ (wieś),powiat nowotarski,97.19
1,Wskaźnik maskulinizacji,2023,gmina,Ochotnica Dolna,powiat nowotarski,100.12
1,Wskaźnik maskulinizacji,2023,gmina,Raba Wyżna,powiat nowotarski,98.11
1,Wskaźnik maskulinizacji,2023,gmina,Rabka-Zdrój,powiat nowotarski,91.64
1,Wskaźnik maskulinizacji,2023,gmina,Spytkowice,powiat nowotarski,98.02
1,Wskaźnik maskulinizacji,2023,gmina,Szaflary,powiat nowotarski,98.61
1,Wskaźnik maskulinizacji,2023,gmina,Szczawnica,powiat nowotarski,93.93
1,Wskaźnik maskulinizacji,2023,powiat,powiat olkuski,powiat olkuski,94.24
1,Wskaźnik maskulinizacji,2023,gmina,Bolesław,powiat olkuski,93.50
1,Wskaźnik maskulinizacji,2023,gmina,Bukowno,powiat olkuski,91.45
1,Wskaźnik maskulinizacji,2023,gmina,Klucze,powiat olkuski,94.62
1,Wskaźnik maskulinizacji,2023,gmina,Olkusz,powiat olkuski,92.73
1,Wskaźnik maskulinizacji,2023,gmina,Trzyciąż,powiat olkuski,102.94
1,Wskaźnik maskulinizacji,2023,gmina,Wolbrom,powiat olkuski,96.04
1,Wskaźnik maskulinizacji,2023,powiat,powiat oświęcimski,powiat oświęcimski,93.94
1,Wskaźnik maskulinizacji,2023,gmina,Brzeszcze,powiat oświęcimski,94.36
1,Wskaźnik maskulinizacji,2023,gmina,Chełmek,powiat oświęcimski,95.96
1,Wskaźnik maskulinizacji,2023,gmina,Kęty,powiat oświęcimski,94.83
1,Wskaźnik maskulinizacji,2023,gmina,Osiek,powiat oświęcimski,95.55
1,Wskaźnik maskulinizacji,2023,gmina,Oświęcim (miasto),powiat oświęcimski,89.45
1,Wskaźnik maskulinizacji,2023,gmina,Oświęcim (wieś),powiat oświęcimski,95.72
1,Wskaźnik maskulinizacji,2023,gmina,Polanka Wielka,powiat oświęcimski,98.98
1,Wskaźnik maskulinizacji,2023,gmina,Przeciszów,powiat oświęcimski,95.00
1,Wskaźnik maskulinizacji,2023,gmina,Zator,powiat oświęcimski,96.91
1,Wskaźnik maskulinizacji,2023,powiat,powiat proszowicki,powiat proszowicki,97.68
1,Wskaźnik maskulinizacji,2023,gmina,Koniusza,powiat proszowicki,99.67
1,Wskaźnik maskulinizacji,2023,gmina,Koszyce,powiat proszowicki,96.83
1,Wskaźnik maskulinizacji,2023,gmina,Nowe Brzesko,powiat proszowicki,100.07
1,Wskaźnik maskulinizacji,2023,gmina,Pałecznica,powiat proszowicki,99.54
1,Wskaźnik maskulinizacji,2023,gmina,Proszowice,powiat proszowicki,94.59
1,Wskaźnik maskulinizacji,2023,gmina,Radziemice,powiat proszowicki,102.69
1,Wskaźnik maskulinizacji,2023,powiat,powiat suski,powiat suski,97.43
1,Wskaźnik maskulinizacji,2023,gmina,Budzów,powiat suski,99.55
1,Wskaźnik maskulinizacji,2023,gmina,Bystra-Sidzina,powiat suski,100.89
1,Wskaźnik maskulinizacji,2023,gmina,Jordanów (miasto),powiat suski,92.83
1,Wskaźnik maskulinizacji,2023,gmina,Jordanów (wieś),powiat suski,98.79
1,Wskaźnik maskulinizacji,2023,gmina,Maków Podhalański,powiat suski,96.97
1,Wskaźnik maskulinizacji,2023,gmina,Stryszawa,powiat suski,95.72
1,Wskaźnik maskulinizacji,2023,gmina,Sucha Beskidzka,powiat suski,91.57
1,Wskaźnik maskulinizacji,2023,gmina,Zawoja,powiat suski,102.31
1,Wskaźnik maskulinizacji,2023,gmina,Zembrzyce,powiat suski,98.93
1,Wskaźnik maskulinizacji,2023,powiat,powiat tarnowski,powiat tarnowski,98.43
1,Wskaźnik maskulinizacji,2023,gmina,Ciężkowice,powiat tarnowski,99.26
1,Wskaźnik maskulinizacji,2023,gmina,Gromnik,powiat tarnowski,99.95
1,Wskaźnik maskulinizacji,2023,gmina,Lisia Góra,powiat tarnowski,98.74
1,Wskaźnik maskulinizacji,2023,gmina,Pleśna,powiat tarnowski,100.07
1,Wskaźnik maskulinizacji,2023,gmina,Radłów,powiat tarnowski,97.64
1,Wskaźnik maskulinizacji,2023,gmina,Ryglice,powiat tarnowski,99.38
1,Wskaźnik maskulinizacji,2023,gmina,Rzepiennik Strzyżewski,powiat tarnowski,99.72
1,Wskaźnik maskulinizacji,2023,gmina,Skrzyszów,powiat tarnowski,100.08
1,Wskaźnik maskulinizacji,2023,gmina,Szerzyny,powiat tarnowski,101.18
1,Wskaźnik maskulinizacji,2023,gmina,Tarnów (wieś),powiat tarnowski,96.66
1,Wskaźnik maskulinizacji,2023,gmina,Tuchów,powiat tarnowski,97.48
1,Wskaźnik maskulinizacji,2023,gmina,Wierzchosławice,powiat tarnowski,97.58
1,Wskaźnik maskulinizacji,2023,gmina,Wietrzychowice,powiat tarnowski,99.89
1,Wskaźnik maskulinizacji,2023,gmina,Wojnicz,powiat tarnowski,97.99
1,Wskaźnik maskulinizacji,2023,gmina,Zakliczyn,powiat tarnowski,99.35
1,Wskaźnik maskulinizacji,2023,gmina,Żabno,powiat tarnowski,96.34
1,Wskaźnik maskulinizacji,2023,powiat,powiat tatrzański,powiat tatrzański,93.15
1,Wskaźnik maskulinizacji,2023,gmina,Biały Dunajec,powiat tatrzański,95.09
1,Wskaźnik maskulinizacji,2023,gmina,Bukowina Tatrzańska,powiat tatrzański,98.46
1,Wskaźnik maskulinizacji,2023,gmina,Kościelisko,powiat tatrzański,95.60
1,Wskaźnik maskulinizacji,2023,gmina,Poronin,powiat tatrzański,97.04
1,Wskaźnik maskulinizacji,2023,gmina,Zakopane,powiat tatrzański,87.36
1,Wskaźnik maskulinizacji,2023,powiat,powiat wadowicki,powiat wadowicki,96.34
1,Wskaźnik maskulinizacji,2023,gmina,Andrychów,powiat wadowicki,95.38
1,Wskaźnik maskulinizacji,2023,gmina,Brzeźnica,powiat wadowicki,97.00
1,Wskaźnik maskulinizacji,2023,gmina,Kalwaria Zebrzydowska,powiat wadowicki,98.45
1,Wskaźnik maskulinizacji,2023,gmina,Lanckorona,powiat wadowicki,95.23
1,Wskaźnik maskulinizacji,2023,gmina,Mucharz,powiat wadowicki,99.38
1,Wskaźnik maskulinizacji,2023,gmina,Spytkowice,powiat wadowicki,93.97
1,Wskaźnik maskulinizacji,2023,gmina,Stryszów,powiat wadowicki,100.06
1,Wskaźnik maskulinizacji,2023,gmina,Tomice,powiat wadowicki,97.58
1,Wskaźnik maskulinizacji,2023,gmina,Wadowice,powiat wadowicki,93.73
1,Wskaźnik maskulinizacji,2023,gmina,Wieprz,powiat wadowicki,102.14
1,Wskaźnik maskulinizacji,2023,powiat,powiat wielicki,powiat wielicki,96.40
1,Wskaźnik maskulinizacji,2023,gmina,Biskupice,powiat wielicki,96.93
1,Wskaźnik maskulinizacji,2023,gmina,Gdów,powiat wielicki,100.80
1,Wskaźnik maskulinizacji,2023,gmina,Kłaj,powiat wielicki,98.90
1,Wskaźnik maskulinizacji,2023,gmina,Niepołomice,powiat wielicki,95.27
1,Wskaźnik maskulinizacji,2023,gmina,Wieliczka,powiat wielicki,95.30
1,Wskaźnik maskulinizacji,2022,powiat,powiat bocheński,powiat bocheński,97.73
1,Wskaźnik maskulinizacji,2022,gmina,Bochnia (miasto),powiat bocheński,91.73
1,Wskaźnik maskulinizacji,2022,gmina,Bochnia (wieś),powiat bocheński,99.16
1,Wskaźnik maskulinizacji,2022,gmina,Drwinia,powiat bocheński,98.37
1,Wskaźnik maskulinizacji,2022,gmina,Lipnica Murowana,powiat bocheński,104.83
1,Wskaźnik maskulinizacji,2022,gmina,Łapanów,powiat bocheński,102.50
1,Wskaźnik maskulinizacji,2022,gmina,Nowy Wiśnicz,powiat bocheński,102.02
1,Wskaźnik maskulinizacji,2022,gmina,Rzezawa,powiat bocheński,98.31
1,Wskaźnik maskulinizacji,2022,gmina,Trzciana,powiat bocheński,95.76
1,Wskaźnik maskulinizacji,2022,gmina,Żegocina,powiat bocheński,99.60
1,Wskaźnik maskulinizacji,2022,powiat,powiat brzeski,powiat brzeski,98.21
1,Wskaźnik maskulinizacji,2022,gmina,Borzęcin,powiat brzeski,100.15
1,Wskaźnik maskulinizacji,2022,gmina,Brzesko,powiat brzeski,95.92
1,Wskaźnik maskulinizacji,2022,gmina,Czchów,powiat brzeski,99.92
1,Wskaźnik maskulinizacji,2022,gmina,Dębno,powiat brzeski,98.49
1,Wskaźnik maskulinizacji,2022,gmina,Gnojnik,powiat brzeski,101.24
1,Wskaźnik maskulinizacji,2022,gmina,Iwkowa,powiat brzeski,97.57
1,Wskaźnik maskulinizacji,2022,gmina,Szczurowa,powiat brzeski,101.16
1,Wskaźnik maskulinizacji,2022,powiat,powiat chrzanowski,powiat chrzanowski,93.18
1,Wskaźnik maskulinizacji,2022,gmina,Alwernia,powiat chrzanowski,95.74
1,Wskaźnik maskulinizacji,2022,gmina,Babice,powiat chrzanowski,94.69
1,Wskaźnik maskulinizacji,2022,gmina,Chrzanów,powiat chrzanowski,91.48
1,Wskaźnik maskulinizacji,2022,gmina,Libiąż,powiat chrzanowski,93.09
1,Wskaźnik maskulinizacji,2022,gmina,Trzebinia,powiat chrzanowski,94.22
1,Wskaźnik maskulinizacji,2022,powiat,powiat dąbrowski,powiat dąbrowski,98.43
1,Wskaźnik maskulinizacji,2022,gmina,Bolesław,powiat dąbrowski,106.60
1,Wskaźnik maskulinizacji,2022,gmina,Dąbrowa Tarnowska,powiat dąbrowski,97.05
1,Wskaźnik maskulinizacji,2022,gmina,Gręboszów,powiat dąbrowski,97.29
1,Wskaźnik maskulinizacji,2022,gmina,Mędrzechów,powiat dąbrowski,95.43
1,Wskaźnik maskulinizacji,2022,gmina,Olesno,powiat dąbrowski,97.20
1,Wskaźnik maskulinizacji,2022,gmina,Radgoszcz,powiat dąbrowski,102.91
1,Wskaźnik maskulinizacji,2022,gmina,Szczucin,powiat dąbrowski,98.34
1,Wskaźnik maskulinizacji,2022,powiat,powiat gorlicki,powiat gorlicki,97.93
1,Wskaźnik maskulinizacji,2022,gmina,Biecz,powiat gorlicki,98.07
1,Wskaźnik maskulinizacji,2022,gmina,Bobowa,powiat gorlicki,103.23
1,Wskaźnik maskulinizacji,2022,gmina,Gorlice (miasto),powiat gorlicki,91.12
1,Wskaźnik maskulinizacji,2022,gmina,Gorlice (wieś),powiat gorlicki,99.99
1,Wskaźnik maskulinizacji,2022,gmina,Lipinki,powiat gorlicki,98.99
1,Wskaźnik maskulinizacji,2022,gmina,Łużna,powiat gorlicki,103.36
1,Wskaźnik maskulinizacji,2022,gmina,Moszczenica,powiat gorlicki,98.50
1,Wskaźnik maskulinizacji,2022,gmina,Ropa,powiat gorlicki,101.06
1,Wskaźnik maskulinizacji,2022,gmina,Sękowa,powiat gorlicki,97.27
1,Wskaźnik maskulinizacji,2022,gmina,Uście Gorlickie,powiat gorlicki,102.11
1,Wskaźnik maskulinizacji,2022,powiat,powiat krakowski,powiat krakowski,96.22
1,Wskaźnik maskulinizacji,2022,gmina,Czernichów,powiat krakowski,96.89
1,Wskaźnik maskulinizacji,2022,gmina,Igołomia-Wawrzeńczyce,powiat krakowski,98.79
1,Wskaźnik maskulinizacji,2022,gmina,Iwanowice,powiat krakowski,99.82
1,Wskaźnik maskulinizacji,2022,gmina,Jerzmanowice-Przeginia,powiat krakowski,99.64
1,Wskaźnik maskulinizacji,2022,gmina,Kocmyrzów-Luborzyca,powiat krakowski,98.64
1,Wskaźnik maskulinizacji,2022,gmina,Krzeszowice,powiat krakowski,93.31
1,Wskaźnik maskulinizacji,2022,gmina,Liszki,powiat krakowski,96.35
1,Wskaźnik maskulinizacji,2022,gmina,Michałowice,powiat krakowski,100.96
1,Wskaźnik maskulinizacji,2022,gmina,Mogilany,powiat krakowski,96.22
1,Wskaźnik maskulinizacji,2022,gmina,Skała,powiat krakowski,102.78
1,Wskaźnik maskulinizacji,2022,gmina,Skawina,powiat krakowski,92.97
1,Wskaźnik maskulinizacji,2022,gmina,Słomniki,powiat krakowski,96.80
1,Wskaźnik maskulinizacji,2022,gmina,Sułoszowa,powiat krakowski,100.00
1,Wskaźnik maskulinizacji,2022,gmina,Świątniki Górne,powiat krakowski,97.03
1,Wskaźnik maskulinizacji,2022,gmina,Wielka Wieś,powiat krakowski,97.42
1,Wskaźnik maskulinizacji,2022,gmina,Zabierzów,powiat krakowski,94.26
1,Wskaźnik maskulinizacji,2022,gmina,Zielonki,powiat krakowski,94.82
1,Wskaźnik maskulinizacji,2022,powiat,powiat limanowski,powiat limanowski,99.85
1,Wskaźnik maskulinizacji,2022,gmina,Dobra,powiat limanowski,101.47
1,Wskaźnik maskulinizacji,2022,gmina,Jodłownik,powiat limanowski,100.87
1,Wskaźnik maskulinizacji,2022,gmina,Kamienica,powiat limanowski,99.08
1,Wskaźnik maskulinizacji,2022,gmina,Laskowa,powiat limanowski,99.00
1,Wskaźnik maskulinizacji,2022,gmina,Limanowa (miasto),powiat limanowski,96.72
1,Wskaźnik maskulinizacji,2022,gmina,Limanowa (wieś),powiat limanowski,99.81
1,Wskaźnik maskulinizacji,2022,gmina,Łukowica,powiat limanowski,99.57
1,Wskaźnik maskulinizacji,2022,gmina,Mszana Dolna (miasto),powiat limanowski,93.16
1,Wskaźnik maskulinizacji,2022,gmina,Mszana Dolna (wieś),powiat limanowski,104.99
1,Wskaźnik maskulinizacji,2022,gmina,Niedźwiedź,powiat limanowski,101.29
1,Wskaźnik maskulinizacji,2022,gmina,Słopnice,powiat limanowski,102.88
1,Wskaźnik maskulinizacji,2022,gmina,Tymbark,powiat limanowski,95.63
1,Wskaźnik maskulinizacji,2022,powiat,powiat m. Kraków,powiat m. Kraków,87.50
1,Wskaźnik maskulinizacji,2022,powiat,powiat m. Nowy Sącz,powiat m. Nowy Sącz,91.45
1,Wskaźnik maskulinizacji,2022,powiat,powiat m. Tarnów,powiat m. Tarnów,88.63
1,Wskaźnik maskulinizacji,2022,powiat,powiat miechowski,powiat miechowski,96.23
1,Wskaźnik maskulinizacji,2022,gmina,Charsznica,powiat miechowski,95.77
1,Wskaźnik maskulinizacji,2022,gmina,Gołcza,powiat miechowski,101.38
1,Wskaźnik maskulinizacji,2022,gmina,Kozłów,powiat miechowski,98.21
1,Wskaźnik maskulinizacji,2022,gmina,Książ Wielki,powiat miechowski,94.62
1,Wskaźnik maskulinizacji,2022,gmina,Miechów,powiat miechowski,93.04
1,Wskaźnik maskulinizacji,2022,gmina,Racławice,powiat miechowski,103.44
1,Wskaźnik maskulinizacji,2022,gmina,Słaboszów,powiat miechowski,101.38
1,Wskaźnik maskulinizacji,2022,powiat,powiat myślenicki,powiat myślenicki,98.18
1,Wskaźnik maskulinizacji,2022,gmina,Dobczyce,powiat myślenicki,99.27
1,Wskaźnik maskulinizacji,2022,gmina,Lubień,powiat myślenicki,96.85
1,Wskaźnik maskulinizacji,2022,gmina,Myślenice,powiat myślenicki,96.92
1,Wskaźnik maskulinizacji,2022,gmina,Pcim,powiat myślenicki,99.39
1,Wskaźnik maskulinizacji,2022,gmina,Raciechowice,powiat myślenicki,99.84
1,Wskaźnik maskulinizacji,2022,gmina,Siepraw,powiat myślenicki,100.82
1,Wskaźnik maskulinizacji,2022,gmina,Sułkowice,powiat myślenicki,95.81
1,Wskaźnik maskulinizacji,2022,gmina,Tokarnia,powiat myślenicki,101.86
1,Wskaźnik maskulinizacji,2022,gmina,Wiśniowa,powiat myślenicki,99.58
1,Wskaźnik maskulinizacji,2022,powiat,powiat nowosądecki,powiat nowosądecki,99.24
1,Wskaźnik maskulinizacji,2022,gmina,Podegrodzie,powiat nowosądecki,101.41
1,Wskaźnik maskulinizacji,2022,gmina,Rytro,powiat nowosądecki,99.02
1,Wskaźnik maskulinizacji,2022,gmina,Stary Sącz,powiat nowosądecki,99.11
1,Wskaźnik maskulinizacji,2022,gmina,Chełmiec,powiat nowosądecki,100.97
1,Wskaźnik maskulinizacji,2022,gmina,Gródek nad Dunajcem,powiat nowosądecki,101.19
1,Wskaźnik maskulinizacji,2022,gmina,Grybów (miasto),powiat nowosądecki,92.16
1,Wskaźnik maskulinizacji,2022,gmina,Grybów (wieś),powiat nowosądecki,101.19
1,Wskaźnik maskulinizacji,2022,gmina,Kamionka Wielka,powiat nowosądecki,98.27
1,Wskaźnik maskulinizacji,2022,gmina,Korzenna,powiat nowosądecki,102.65
1,Wskaźnik maskulinizacji,2022,gmina,Krynica-Zdrój,powiat nowosądecki,92.17
1,Wskaźnik maskulinizacji,2022,gmina,Łabowa,powiat nowosądecki,105.38
1,Wskaźnik maskulinizacji,2022,gmina,Łącko,powiat nowosądecki,102.04
1,Wskaźnik maskulinizacji,2022,gmina,Łososina Dolna,powiat nowosądecki,99.41
1,Wskaźnik maskulinizacji,2022,gmina,Muszyna,powiat nowosądecki,94.59
1,Wskaźnik maskulinizacji,2022,gmina,Nawojowa,powiat nowosądecki,96.90
1,Wskaźnik maskulinizacji,2022,gmina,Piwniczna-Zdrój,powiat nowosądecki,96.17
1,Wskaźnik maskulinizacji,2022,powiat,powiat nowotarski,powiat nowotarski,95.49
1,Wskaźnik maskulinizacji,2022,gmina,Czarny Dunajec,powiat nowotarski,97.00
1,Wskaźnik maskulinizacji,2022,gmina,Czorsztyn,powiat nowotarski,97.09
1,Wskaźnik maskulinizacji,2022,gmina,Jabłonka,powiat nowotarski,96.71
1,Wskaźnik maskulinizacji,2022,gmina,Krościenko nad Dunajcem,powiat nowotarski,94.06
1,Wskaźnik maskulinizacji,2022,gmina,Lipnica Wielka,powiat nowotarski,97.39
1,Wskaźnik maskulinizacji,2022,gmina,Łapsze Niżne,powiat nowotarski,100.45
1,Wskaźnik maskulinizacji,2022,gmina,Nowy Targ (miasto),powiat nowotarski,89.87
1,Wskaźnik maskulinizacji,2022,gmina,Nowy Targ (wieś),powiat nowotarski,97.35
1,Wskaźnik maskulinizacji,2022,gmina,Ochotnica Dolna,powiat nowotarski,99.62
1,Wskaźnik maskulinizacji,2022,gmina,Raba Wyżna,powiat nowotarski,98.22
1,Wskaźnik maskulinizacji,2022,gmina,Rabka-Zdrój,powiat nowotarski,91.57
1,Wskaźnik maskulinizacji,2022,gmina,Spytkowice,powiat nowotarski,98.23
1,Wskaźnik maskulinizacji,2022,gmina,Szaflary,powiat nowotarski,98.06
1,Wskaźnik maskulinizacji,2022,gmina,Szczawnica,powiat nowotarski,93.28
1,Wskaźnik maskulinizacji,2022,powiat,powiat olkuski,powiat olkuski,94.23
1,Wskaźnik maskulinizacji,2022,gmina,Bolesław,powiat olkuski,93.74
1,Wskaźnik maskulinizacji,2022,gmina,Bukowno,powiat olkuski,91.09
1,Wskaźnik maskulinizacji,2022,gmina,Klucze,powiat olkuski,94.32
1,Wskaźnik maskulinizacji,2022,gmina,Olkusz,powiat olkuski,92.85
1,Wskaźnik maskulinizacji,2022,gmina,Trzyciąż,powiat olkuski,102.36
1,Wskaźnik maskulinizacji,2022,gmina,Wolbrom,powiat olkuski,96.18
1,Wskaźnik maskulinizacji,2022,powiat,powiat oświęcimski,powiat oświęcimski,94.13
1,Wskaźnik maskulinizacji,2022,gmina,Brzeszcze,powiat oświęcimski,94.51
1,Wskaźnik maskulinizacji,2022,gmina,Chełmek,powiat oświęcimski,96.32
1,Wskaźnik maskulinizacji,2022,gmina,Kęty,powiat oświęcimski,95.22
1,Wskaźnik maskulinizacji,2022,gmina,Osiek,powiat oświęcimski,95.68
1,Wskaźnik maskulinizacji,2022,gmina,Oświęcim (miasto),powiat oświęcimski,89.54
1,Wskaźnik maskulinizacji,2022,gmina,Oświęcim (wieś),powiat oświęcimski,95.81
1,Wskaźnik maskulinizacji,2022,gmina,Polanka Wielka,powiat oświęcimski,99.86
1,Wskaźnik maskulinizacji,2022,gmina,Przeciszów,powiat oświęcimski,94.63
1,Wskaźnik maskulinizacji,2022,gmina,Zator,powiat oświęcimski,97.13
1,Wskaźnik maskulinizacji,2022,powiat,powiat proszowicki,powiat proszowicki,97.54
1,Wskaźnik maskulinizacji,2022,gmina,Koniusza,powiat proszowicki,99.06
1,Wskaźnik maskulinizacji,2022,gmina,Koszyce,powiat proszowicki,96.38
1,Wskaźnik maskulinizacji,2022,gmina,Nowe Brzesko,powiat proszowicki,100.57
1,Wskaźnik maskulinizacji,2022,gmina,Pałecznica,powiat proszowicki,100.06
1,Wskaźnik maskulinizacji,2022,gmina,Proszowice,powiat proszowicki,94.55
1,Wskaźnik maskulinizacji,2022,gmina,Radziemice,powiat proszowicki,102.14
1,Wskaźnik maskulinizacji,2022,powiat,powiat suski,powiat suski,97.46
1,Wskaźnik maskulinizacji,2022,gmina,Budzów,powiat suski,99.91
1,Wskaźnik maskulinizacji,2022,gmina,Bystra-Sidzina,powiat suski,100.95
1,Wskaźnik maskulinizacji,2022,gmina,Jordanów (miasto),powiat suski,91.45
1,Wskaźnik maskulinizacji,2022,gmina,Jordanów (wieś),powiat suski,98.95
1,Wskaźnik maskulinizacji,2022,gmina,Maków Podhalański,powiat suski,96.65
1,Wskaźnik maskulinizacji,2022,gmina,Stryszawa,powiat suski,95.76
1,Wskaźnik maskulinizacji,2022,gmina,Sucha Beskidzka,powiat suski,92.02
1,Wskaźnik maskulinizacji,2022,gmina,Zawoja,powiat suski,102.78
1,Wskaźnik maskulinizacji,2022,gmina,Zembrzyce,powiat suski,99.30
1,Wskaźnik maskulinizacji,2022,powiat,powiat tarnowski,powiat tarnowski,98.60
1,Wskaźnik maskulinizacji,2022,gmina,Ciężkowice,powiat tarnowski,99.87
1,Wskaźnik maskulinizacji,2022,gmina,Gromnik,powiat tarnowski,99.45
1,Wskaźnik maskulinizacji,2022,gmina,Lisia Góra,powiat tarnowski,99.19
1,Wskaźnik maskulinizacji,2022,gmina,Pleśna,powiat tarnowski,100.32
1,Wskaźnik maskulinizacji,2022,gmina,Radłów,powiat tarnowski,97.63
1,Wskaźnik maskulinizacji,2022,gmina,Ryglice,powiat tarnowski,99.93
1,Wskaźnik maskulinizacji,2022,gmina,Rzepiennik Strzyżewski,powiat tarnowski,99.45
1,Wskaźnik maskulinizacji,2022,gmina,Skrzyszów,powiat tarnowski,100.27
1,Wskaźnik maskulinizacji,2022,gmina,Szerzyny,powiat tarnowski,101.31
1,Wskaźnik maskulinizacji,2022,gmina,Tarnów (wieś),powiat tarnowski,96.56
1,Wskaźnik maskulinizacji,2022,gmina,Tuchów,powiat tarnowski,97.73
1,Wskaźnik maskulinizacji,2022,gmina,Wierzchosławice,powiat tarnowski,97.81
1,Wskaźnik maskulinizacji,2022,gmina,Wietrzychowice,powiat tarnowski,100.16
1,Wskaźnik maskulinizacji,2022,gmina,Wojnicz,powiat tarnowski,98.35
1,Wskaźnik maskulinizacji,2022,gmina,Zakliczyn,powiat tarnowski,99.73
1,Wskaźnik maskulinizacji,2022,gmina,Żabno,powiat tarnowski,96.27
1,Wskaźnik maskulinizacji,2022,powiat,powiat tatrzański,powiat tatrzański,93.39
1,Wskaźnik maskulinizacji,2022,gmina,Biały Dunajec,powiat tatrzański,95.37
1,Wskaźnik maskulinizacji,2022,gmina,Bukowina Tatrzańska,powiat tatrzański,99.04
1,Wskaźnik maskulinizacji,2022,gmina,Kościelisko,powiat tatrzański,95.55
1,Wskaźnik maskulinizacji,2022,gmina,Poronin,powiat tatrzański,97.15
1,Wskaźnik maskulinizacji,2022,gmina,Zakopane,powiat tatrzański,87.65
1,Wskaźnik maskulinizacji,2022,powiat,powiat wadowicki,powiat wadowicki,96.32
1,Wskaźnik maskulinizacji,2022,gmina,Andrychów,powiat wadowicki,95.78
1,Wskaźnik maskulinizacji,2022,gmina,Brzeźnica,powiat wadowicki,96.82
1,Wskaźnik maskulinizacji,2022,gmina,Kalwaria Zebrzydowska,powiat wadowicki,97.93
1,Wskaźnik maskulinizacji,2022,gmina,Lanckorona,powiat wadowicki,95.16
1,Wskaźnik maskulinizacji,2022,gmina,Mucharz,powiat wadowicki,99.18
1,Wskaźnik maskulinizacji,2022,gmina,Spytkowice,powiat wadowicki,94.15
1,Wskaźnik maskulinizacji,2022,gmina,Stryszów,powiat wadowicki,100.27
1,Wskaźnik maskulinizacji,2022,gmina,Tomice,powiat wadowicki,97.43
1,Wskaźnik maskulinizacji,2022,gmina,Wadowice,powiat wadowicki,93.56
1,Wskaźnik maskulinizacji,2022,gmina,Wieprz,powiat wadowicki,102.00
1,Wskaźnik maskulinizacji,2022,powiat,powiat wielicki,powiat wielicki,96.57
1,Wskaźnik maskulinizacji,2022,gmina,Biskupice,powiat wielicki,96.35
1,Wskaźnik maskulinizacji,2022,gmina,Gdów,powiat wielicki,100.91
1,Wskaźnik maskulinizacji,2022,gmina,Kłaj,powiat wielicki,98.75
1,Wskaźnik maskulinizacji,2022,gmina,Niepołomice,powiat wielicki,95.65
1,Wskaźnik maskulinizacji,2022,gmina,Wieliczka,powiat wielicki,95.54
1,Wskaźnik maskulinizacji,2021,powiat,powiat bocheński,powiat bocheński,97.79
1,Wskaźnik maskulinizacji,2021,gmina,Bochnia (miasto),powiat bocheński,92.60
1,Wskaźnik maskulinizacji,2021,gmina,Bochnia (wieś),powiat bocheński,98.67
1,Wskaźnik maskulinizacji,2021,gmina,Drwinia,powiat bocheński,98.71
1,Wskaźnik maskulinizacji,2021,gmina,Lipnica Murowana,powiat bocheński,104.68
1,Wskaźnik maskulinizacji,2021,gmina,Łapanów,powiat bocheński,103.00
1,Wskaźnik maskulinizacji,2021,gmina,Nowy Wiśnicz,powiat bocheński,101.54
1,Wskaźnik maskulinizacji,2021,gmina,Rzezawa,powiat bocheński,96.85
1,Wskaźnik maskulinizacji,2021,gmina,Trzciana,powiat bocheński,97.49
1,Wskaźnik maskulinizacji,2021,gmina,Żegocina,powiat bocheński,100.21
1,Wskaźnik maskulinizacji,2021,powiat,powiat brzeski,powiat brzeski,98.37
1,Wskaźnik maskulinizacji,2021,gmina,Borzęcin,powiat brzeski,99.85
1,Wskaźnik maskulinizacji,2021,gmina,Brzesko,powiat brzeski,97.25
1,Wskaźnik maskulinizacji,2021,gmina,Czchów,powiat brzeski,100.37
1,Wskaźnik maskulinizacji,2021,gmina,Dębno,powiat brzeski,97.07
1,Wskaźnik maskulinizacji,2021,gmina,Gnojnik,powiat brzeski,101.51
1,Wskaźnik maskulinizacji,2021,gmina,Iwkowa,powiat brzeski,96.51
1,Wskaźnik maskulinizacji,2021,gmina,Szczurowa,powiat brzeski,100.13
1,Wskaźnik maskulinizacji,2021,powiat,powiat chrzanowski,powiat chrzanowski,93.55
1,Wskaźnik maskulinizacji,2021,gmina,Alwernia,powiat chrzanowski,97.09
1,Wskaźnik maskulinizacji,2021,gmina,Babice,powiat chrzanowski,93.85
1,Wskaźnik maskulinizacji,2021,gmina,Chrzanów,powiat chrzanowski,91.86
1,Wskaźnik maskulinizacji,2021,gmina,Libiąż,powiat chrzanowski,93.66
1,Wskaźnik maskulinizacji,2021,gmina,Trzebinia,powiat chrzanowski,94.45
1,Wskaźnik maskulinizacji,2021,powiat,powiat dąbrowski,powiat dąbrowski,99.36
1,Wskaźnik maskulinizacji,2021,gmina,Bolesław,powiat dąbrowski,105.40
1,Wskaźnik maskulinizacji,2021,gmina,Dąbrowa Tarnowska,powiat dąbrowski,98.39
1,Wskaźnik maskulinizacji,2021,gmina,Gręboszów,powiat dąbrowski,96.33
1,Wskaźnik maskulinizacji,2021,gmina,Mędrzechów,powiat dąbrowski,97.61
1,Wskaźnik maskulinizacji,2021,gmina,Olesno,powiat dąbrowski,98.21
1,Wskaźnik maskulinizacji,2021,gmina,Radgoszcz,powiat dąbrowski,101.55
1,Wskaźnik maskulinizacji,2021,gmina,Szczucin,powiat dąbrowski,100.53
1,Wskaźnik maskulinizacji,2021,powiat,powiat gorlicki,powiat gorlicki,98.03
1,Wskaźnik maskulinizacji,2021,gmina,Biecz,powiat gorlicki,97.45
1,Wskaźnik maskulinizacji,2021,gmina,Bobowa,powiat gorlicki,103.24
1,Wskaźnik maskulinizacji,2021,gmina,Gorlice (miasto),powiat gorlicki,91.87
1,Wskaźnik maskulinizacji,2021,gmina,Gorlice (wieś),powiat gorlicki,100.56
1,Wskaźnik maskulinizacji,2021,gmina,Lipinki,powiat gorlicki,98.28
1,Wskaźnik maskulinizacji,2021,gmina,Łużna,powiat gorlicki,104.00
1,Wskaźnik maskulinizacji,2021,gmina,Moszczenica,powiat gorlicki,96.93
1,Wskaźnik maskulinizacji,2021,gmina,Ropa,powiat gorlicki,100.54
1,Wskaźnik maskulinizacji,2021,gmina,Sękowa,powiat gorlicki,97.52
1,Wskaźnik maskulinizacji,2021,gmina,Uście Gorlickie,powiat gorlicki,102.41
1,Wskaźnik maskulinizacji,2021,powiat,powiat krakowski,powiat krakowski,95.75
1,Wskaźnik maskulinizacji,2021,gmina,Czernichów,powiat krakowski,95.41
1,Wskaźnik maskulinizacji,2021,gmina,Igołomia-Wawrzeńczyce,powiat krakowski,97.74
1,Wskaźnik maskulinizacji,2021,gmina,Iwanowice,powiat krakowski,100.85
1,Wskaźnik maskulinizacji,2021,gmina,Jerzmanowice-Przeginia,powiat krakowski,98.98
1,Wskaźnik maskulinizacji,2021,gmina,Kocmyrzów-Luborzyca,powiat krakowski,98.07
1,Wskaźnik maskulinizacji,2021,gmina,Krzeszowice,powiat krakowski,93.45
1,Wskaźnik maskulinizacji,2021,gmina,Liszki,powiat krakowski,95.61
1,Wskaźnik maskulinizacji,2021,gmina,Michałowice,powiat krakowski,99.37
1,Wskaźnik maskulinizacji,2021,gmina,Mogilany,powiat krakowski,95.78
1,Wskaźnik maskulinizacji,2021,gmina,Skała,powiat krakowski,102.75
1,Wskaźnik maskulinizacji,2021,gmina,Skawina,powiat krakowski,93.01
1,Wskaźnik maskulinizacji,2021,gmina,Słomniki,powiat krakowski,95.97
1,Wskaźnik maskulinizacji,2021,gmina,Sułoszowa,powiat krakowski,101.93
1,Wskaźnik maskulinizacji,2021,gmina,Świątniki Górne,powiat krakowski,98.11
1,Wskaźnik maskulinizacji,2021,gmina,Wielka Wieś,powiat krakowski,94.79
1,Wskaźnik maskulinizacji,2021,gmina,Zabierzów,powiat krakowski,93.70
1,Wskaźnik maskulinizacji,2021,gmina,Zielonki,powiat krakowski,94.38
1,Wskaźnik maskulinizacji,2021,powiat,powiat limanowski,powiat limanowski,100.02
1,Wskaźnik maskulinizacji,2021,gmina,Dobra,powiat limanowski,100.78
1,Wskaźnik maskulinizacji,2021,gmina,Jodłownik,powiat limanowski,100.76
1,Wskaźnik maskulinizacji,2021,gmina,Kamienica,powiat limanowski,98.74
1,Wskaźnik maskulinizacji,2021,gmina,Laskowa,powiat limanowski,99.93
1,Wskaźnik maskulinizacji,2021,gmina,Limanowa (miasto),powiat limanowski,97.27
1,Wskaźnik maskulinizacji,2021,gmina,Limanowa (wieś),powiat limanowski,100.23
1,Wskaźnik maskulinizacji,2021,gmina,Łukowica,powiat limanowski,99.30
1,Wskaźnik maskulinizacji,2021,gmina,Mszana Dolna (miasto),powiat limanowski,92.26
1,Wskaźnik maskulinizacji,2021,gmina,Mszana Dolna (wieś),powiat limanowski,105.77
1,Wskaźnik maskulinizacji,2021,gmina,Niedźwiedź,powiat limanowski,104.55
1,Wskaźnik maskulinizacji,2021,gmina,Słopnice,powiat limanowski,102.03
1,Wskaźnik maskulinizacji,2021,gmina,Tymbark,powiat limanowski,94.12
1,Wskaźnik maskulinizacji,2021,powiat,powiat m. Kraków,powiat m. Kraków,87.39
1,Wskaźnik maskulinizacji,2021,powiat,powiat m. Nowy Sącz,powiat m. Nowy Sącz,91.88
1,Wskaźnik maskulinizacji,2021,powiat,powiat m. Tarnów,powiat m. Tarnów,89.27
1,Wskaźnik maskulinizacji,2021,powiat,powiat miechowski,powiat miechowski,96.74
1,Wskaźnik maskulinizacji,2021,gmina,Charsznica,powiat miechowski,97.62
1,Wskaźnik maskulinizacji,2021,gmina,Gołcza,powiat miechowski,103.02
1,Wskaźnik maskulinizacji,2021,gmina,Kozłów,powiat miechowski,99.34
1,Wskaźnik maskulinizacji,2021,gmina,Książ Wielki,powiat miechowski,96.04
1,Wskaźnik maskulinizacji,2021,gmina,Miechów,powiat miechowski,92.53
1,Wskaźnik maskulinizacji,2021,gmina,Racławice,powiat miechowski,102.71
1,Wskaźnik maskulinizacji,2021,gmina,Słaboszów,powiat miechowski,101.82
1,Wskaźnik maskulinizacji,2021,powiat,powiat myślenicki,powiat myślenicki,98.01
1,Wskaźnik maskulinizacji,2021,gmina,Dobczyce,powiat myślenicki,99.13
1,Wskaźnik maskulinizacji,2021,gmina,Lubień,powiat myślenicki,96.07
1,Wskaźnik maskulinizacji,2021,gmina,Myślenice,powiat myślenicki,96.54
1,Wskaźnik maskulinizacji,2021,gmina,Pcim,powiat myślenicki,100.40
1,Wskaźnik maskulinizacji,2021,gmina,Raciechowice,powiat myślenicki,98.37
1,Wskaźnik maskulinizacji,2021,gmina,Siepraw,powiat myślenicki,99.24
1,Wskaźnik maskulinizacji,2021,gmina,Sułkowice,powiat myślenicki,95.61
1,Wskaźnik maskulinizacji,2021,gmina,Tokarnia,powiat myślenicki,103.93
1,Wskaźnik maskulinizacji,2021,gmina,Wiśniowa,powiat myślenicki,100.05
1,Wskaźnik maskulinizacji,2021,powiat,powiat nowosądecki,powiat nowosądecki,99.18
1,Wskaźnik maskulinizacji,2021,gmina,Podegrodzie,powiat nowosądecki,100.10
1,Wskaźnik maskulinizacji,2021,gmina,Rytro,powiat nowosądecki,102.00
1,Wskaźnik maskulinizacji,2021,gmina,Stary Sącz,powiat nowosądecki,99.22
1,Wskaźnik maskulinizacji,2021,gmina,Chełmiec,powiat nowosądecki,100.36
1,Wskaźnik maskulinizacji,2021,gmina,Gródek nad Dunajcem,powiat nowosądecki,100.33
1,Wskaźnik maskulinizacji,2021,gmina,Grybów (miasto),powiat nowosądecki,92.89
1,Wskaźnik maskulinizacji,2021,gmina,Grybów (wieś),powiat nowosądecki,100.14
1,Wskaźnik maskulinizacji,2021,gmina,Kamionka Wielka,powiat nowosądecki,98.19
1,Wskaźnik maskulinizacji,2021,gmina,Korzenna,powiat nowosądecki,102.69
1,Wskaźnik maskulinizacji,2021,gmina,Krynica-Zdrój,powiat nowosądecki,93.68
1,Wskaźnik maskulinizacji,2021,gmina,Łabowa,powiat nowosądecki,105.90
1,Wskaźnik maskulinizacji,2021,gmina,Łącko,powiat nowosądecki,102.23
1,Wskaźnik maskulinizacji,2021,gmina,Łososina Dolna,powiat nowosądecki,100.39
1,Wskaźnik maskulinizacji,2021,gmina,Muszyna,powiat nowosądecki,94.14
1,Wskaźnik maskulinizacji,2021,gmina,Nawojowa,powiat nowosądecki,96.73
1,Wskaźnik maskulinizacji,2021,gmina,Piwniczna-Zdrój,powiat nowosądecki,97.07
1,Wskaźnik maskulinizacji,2021,powiat,powiat nowotarski,powiat nowotarski,95.83
1,Wskaźnik maskulinizacji,2021,gmina,Czarny Dunajec,powiat nowotarski,96.39
1,Wskaźnik maskulinizacji,2021,gmina,Czorsztyn,powiat nowotarski,94.19
1,Wskaźnik maskulinizacji,2021,gmina,Jabłonka,powiat nowotarski,97.52
1,Wskaźnik maskulinizacji,2021,gmina,Krościenko nad Dunajcem,powiat nowotarski,95.26
1,Wskaźnik maskulinizacji,2021,gmina,Lipnica Wielka,powiat nowotarski,96.25
1,Wskaźnik maskulinizacji,2021,gmina,Łapsze Niżne,powiat nowotarski,98.62
1,Wskaźnik maskulinizacji,2021,gmina,Nowy Targ (miasto),powiat nowotarski,91.06
1,Wskaźnik maskulinizacji,2021,gmina,Nowy Targ (wieś),powiat nowotarski,98.20
1,Wskaźnik maskulinizacji,2021,gmina,Ochotnica Dolna,powiat nowotarski,98.34
1,Wskaźnik maskulinizacji,2021,gmina,Raba Wyżna,powiat nowotarski,98.87
1,Wskaźnik maskulinizacji,2021,gmina,Rabka-Zdrój,powiat nowotarski,92.94
1,Wskaźnik maskulinizacji,2021,gmina,Spytkowice,powiat nowotarski,97.54
1,Wskaźnik maskulinizacji,2021,gmina,Szaflary,powiat nowotarski,98.93
1,Wskaźnik maskulinizacji,2021,gmina,Szczawnica,powiat nowotarski,94.58
1,Wskaźnik maskulinizacji,2021,powiat,powiat olkuski,powiat olkuski,94.39
1,Wskaźnik maskulinizacji,2021,gmina,Bolesław,powiat olkuski,94.05
1,Wskaźnik maskulinizacji,2021,gmina,Bukowno,powiat olkuski,91.69
1,Wskaźnik maskulinizacji,2021,gmina,Klucze,powiat olkuski,93.68
1,Wskaźnik maskulinizacji,2021,gmina,Olkusz,powiat olkuski,93.48
1,Wskaźnik maskulinizacji,2021,gmina,Trzyciąż,powiat olkuski,101.88
1,Wskaźnik maskulinizacji,2021,gmina,Wolbrom,powiat olkuski,95.87
1,Wskaźnik maskulinizacji,2021,powiat,powiat oświęcimski,powiat oświęcimski,94.47
1,Wskaźnik maskulinizacji,2021,gmina,Brzeszcze,powiat oświęcimski,94.52
1,Wskaźnik maskulinizacji,2021,gmina,Chełmek,powiat oświęcimski,96.95
1,Wskaźnik maskulinizacji,2021,gmina,Kęty,powiat oświęcimski,95.61
1,Wskaźnik maskulinizacji,2021,gmina,Osiek,powiat oświęcimski,95.01
1,Wskaźnik maskulinizacji,2021,gmina,Oświęcim (miasto),powiat oświęcimski,90.29
1,Wskaźnik maskulinizacji,2021,gmina,Oświęcim (wieś),powiat oświęcimski,96.96
1,Wskaźnik maskulinizacji,2021,gmina,Polanka Wielka,powiat oświęcimski,99.40
1,Wskaźnik maskulinizacji,2021,gmina,Przeciszów,powiat oświęcimski,93.05
1,Wskaźnik maskulinizacji,2021,gmina,Zator,powiat oświęcimski,97.42
1,Wskaźnik maskulinizacji,2021,powiat,powiat proszowicki,powiat proszowicki,97.10
1,Wskaźnik maskulinizacji,2021,gmina,Koniusza,powiat proszowicki,98.53
1,Wskaźnik maskulinizacji,2021,gmina,Koszyce,powiat proszowicki,93.71
1,Wskaźnik maskulinizacji,2021,gmina,Nowe Brzesko,powiat proszowicki,100.57
1,Wskaźnik maskulinizacji,2021,gmina,Pałecznica,powiat proszowicki,99.60
1,Wskaźnik maskulinizacji,2021,gmina,Proszowice,powiat proszowicki,95.41
1,Wskaźnik maskulinizacji,2021,gmina,Radziemice,powiat proszowicki,98.62
1,Wskaźnik maskulinizacji,2021,powiat,powiat suski,powiat suski,98.45
1,Wskaźnik maskulinizacji,2021,gmina,Budzów,powiat suski,99.35
1,Wskaźnik maskulinizacji,2021,gmina,Bystra-Sidzina,powiat suski,100.90
1,Wskaźnik maskulinizacji,2021,gmina,Jordanów (miasto),powiat suski,93.45
1,Wskaźnik maskulinizacji,2021,gmina,Jordanów (wieś),powiat suski,100.27
1,Wskaźnik maskulinizacji,2021,gmina,Maków Podhalański,powiat suski,97.53
1,Wskaźnik maskulinizacji,2021,gmina,Stryszawa,powiat suski,97.08
1,Wskaźnik maskulinizacji,2021,gmina,Sucha Beskidzka,powiat suski,93.38
1,Wskaźnik maskulinizacji,2021,gmina,Zawoja,powiat suski,104.34
1,Wskaźnik maskulinizacji,2021,gmina,Zembrzyce,powiat suski,99.86
1,Wskaźnik maskulinizacji,2021,powiat,powiat tarnowski,powiat tarnowski,98.67
1,Wskaźnik maskulinizacji,2021,gmina,Ciężkowice,powiat tarnowski,101.19
1,Wskaźnik maskulinizacji,2021,gmina,Gromnik,powiat tarnowski,100.32
1,Wskaźnik maskulinizacji,2021,gmina,Lisia Góra,powiat tarnowski,98.75
1,Wskaźnik maskulinizacji,2021,gmina,Pleśna,powiat tarnowski,99.56
1,Wskaźnik maskulinizacji,2021,gmina,Radłów,powiat tarnowski,98.34
1,Wskaźnik maskulinizacji,2021,gmina,Ryglice,powiat tarnowski,99.72
1,Wskaźnik maskulinizacji,2021,gmina,Rzepiennik Strzyżewski,powiat tarnowski,100.48
1,Wskaźnik maskulinizacji,2021,gmina,Skrzyszów,powiat tarnowski,99.51
1,Wskaźnik maskulinizacji,2021,gmina,Szerzyny,powiat tarnowski,101.52
1,Wskaźnik maskulinizacji,2021,gmina,Tarnów (wieś),powiat tarnowski,97.13
1,Wskaźnik maskulinizacji,2021,gmina,Tuchów,powiat tarnowski,98.93
1,Wskaźnik maskulinizacji,2021,gmina,Wierzchosławice,powiat tarnowski,95.83
1,Wskaźnik maskulinizacji,2021,gmina,Wietrzychowice,powiat tarnowski,101.70
1,Wskaźnik maskulinizacji,2021,gmina,Wojnicz,powiat tarnowski,98.13
1,Wskaźnik maskulinizacji,2021,gmina,Zakliczyn,powiat tarnowski,98.56
1,Wskaźnik maskulinizacji,2021,gmina,Żabno,powiat tarnowski,96.30
1,Wskaźnik maskulinizacji,2021,powiat,powiat tatrzański,powiat tatrzański,93.38
1,Wskaźnik maskulinizacji,2021,gmina,Biały Dunajec,powiat tatrzański,95.18
1,Wskaźnik maskulinizacji,2021,gmina,Bukowina Tatrzańska,powiat tatrzański,98.68
1,Wskaźnik maskulinizacji,2021,gmina,Kościelisko,powiat tatrzański,95.88
1,Wskaźnik maskulinizacji,2021,gmina,Poronin,powiat tatrzański,98.12
1,Wskaźnik maskulinizacji,2021,gmina,Zakopane,powiat tatrzański,87.60
1,Wskaźnik maskulinizacji,2021,powiat,powiat wadowicki,powiat wadowicki,96.30
1,Wskaźnik maskulinizacji,2021,gmina,Andrychów,powiat wadowicki,96.54
1,Wskaźnik maskulinizacji,2021,gmina,Brzeźnica,powiat wadowicki,96.68
1,Wskaźnik maskulinizacji,2021,gmina,Kalwaria Zebrzydowska,powiat wadowicki,97.78
1,Wskaźnik maskulinizacji,2021,gmina,Lanckorona,powiat wadowicki,93.10
1,Wskaźnik maskulinizacji,2021,gmina,Mucharz,powiat wadowicki,99.85
1,Wskaźnik maskulinizacji,2021,gmina,Spytkowice,powiat wadowicki,94.75
1,Wskaźnik maskulinizacji,2021,gmina,Stryszów,powiat wadowicki,100.29
1,Wskaźnik maskulinizacji,2021,gmina,Tomice,powiat wadowicki,95.68
1,Wskaźnik maskulinizacji,2021,gmina,Wadowice,powiat wadowicki,93.44
1,Wskaźnik maskulinizacji,2021,gmina,Wieprz,powiat wadowicki,101.60
1,Wskaźnik maskulinizacji,2021,powiat,powiat wielicki,powiat wielicki,95.44
1,Wskaźnik maskulinizacji,2021,gmina,Biskupice,powiat wielicki,96.54
1,Wskaźnik maskulinizacji,2021,gmina,Gdów,powiat wielicki,98.42
1,Wskaźnik maskulinizacji,2021,gmina,Kłaj,powiat wielicki,97.40
1,Wskaźnik maskulinizacji,2021,gmina,Niepołomice,powiat wielicki,94.55
1,Wskaźnik maskulinizacji,2021,gmina,Wieliczka,powiat wielicki,94.48
1,Wskaźnik maskulinizacji,2020,powiat,powiat bocheński,powiat bocheński,97.75
1,Wskaźnik maskulinizacji,2020,gmina,Bochnia (miasto),powiat bocheński,92.63
1,Wskaźnik maskulinizacji,2020,gmina,Bochnia (wieś),powiat bocheński,98.72
1,Wskaźnik maskulinizacji,2020,gmina,Drwinia,powiat bocheński,98.65
1,Wskaźnik maskulinizacji,2020,gmina,Lipnica Murowana,powiat bocheński,104.35
1,Wskaźnik maskulinizacji,2020,gmina,Łapanów,powiat bocheński,102.15
1,Wskaźnik maskulinizacji,2020,gmina,Nowy Wiśnicz,powiat bocheński,101.61
1,Wskaźnik maskulinizacji,2020,gmina,Rzezawa,powiat bocheński,97.27
1,Wskaźnik maskulinizacji,2020,gmina,Trzciana,powiat bocheński,97.48
1,Wskaźnik maskulinizacji,2020,gmina,Żegocina,powiat bocheński,99.79
1,Wskaźnik maskulinizacji,2020,powiat,powiat brzeski,powiat brzeski,98.52
1,Wskaźnik maskulinizacji,2020,gmina,Borzęcin,powiat brzeski,100.36
1,Wskaźnik maskulinizacji,2020,gmina,Brzesko,powiat brzeski,97.41
1,Wskaźnik maskulinizacji,2020,gmina,Czchów,powiat brzeski,100.65
1,Wskaźnik maskulinizacji,2020,gmina,Dębno,powiat brzeski,97.66
1,Wskaźnik maskulinizacji,2020,gmina,Gnojnik,powiat brzeski,101.56
1,Wskaźnik maskulinizacji,2020,gmina,Iwkowa,powiat brzeski,96.09
1,Wskaźnik maskulinizacji,2020,gmina,Szczurowa,powiat brzeski,99.55
1,Wskaźnik maskulinizacji,2020,powiat,powiat chrzanowski,powiat chrzanowski,93.63
1,Wskaźnik maskulinizacji,2020,gmina,Alwernia,powiat chrzanowski,97.25
1,Wskaźnik maskulinizacji,2020,gmina,Babice,powiat chrzanowski,94.77
1,Wskaźnik maskulinizacji,2020,gmina,Chrzanów,powiat chrzanowski,91.97
1,Wskaźnik maskulinizacji,2020,gmina,Libiąż,powiat chrzanowski,93.63
1,Wskaźnik maskulinizacji,2020,gmina,Trzebinia,powiat chrzanowski,94.31
1,Wskaźnik maskulinizacji,2020,powiat,powiat dąbrowski,powiat dąbrowski,99.38
1,Wskaźnik maskulinizacji,2020,gmina,Bolesław,powiat dąbrowski,103.30
1,Wskaźnik maskulinizacji,2020,gmina,Dąbrowa Tarnowska,powiat dąbrowski,98.53
1,Wskaźnik maskulinizacji,2020,gmina,Gręboszów,powiat dąbrowski,96.33
1,Wskaźnik maskulinizacji,2020,gmina,Mędrzechów,powiat dąbrowski,96.76
1,Wskaźnik maskulinizacji,2020,gmina,Olesno,powiat dąbrowski,98.45
1,Wskaźnik maskulinizacji,2020,gmina,Radgoszcz,powiat dąbrowski,102.25
1,Wskaźnik maskulinizacji,2020,gmina,Szczucin,powiat dąbrowski,100.44
1,Wskaźnik maskulinizacji,2020,powiat,powiat gorlicki,powiat gorlicki,98.00
1,Wskaźnik maskulinizacji,2020,gmina,Biecz,powiat gorlicki,98.15
1,Wskaźnik maskulinizacji,2020,gmina,Bobowa,powiat gorlicki,102.62
1,Wskaźnik maskulinizacji,2020,gmina,Gorlice (miasto),powiat gorlicki,91.71
1,Wskaźnik maskulinizacji,2020,gmina,Gorlice (wieś),powiat gorlicki,100.43
1,Wskaźnik maskulinizacji,2020,gmina,Lipinki,powiat gorlicki,97.79
1,Wskaźnik maskulinizacji,2020,gmina,Łużna,powiat gorlicki,103.90
1,Wskaźnik maskulinizacji,2020,gmina,Moszczenica,powiat gorlicki,96.87
1,Wskaźnik maskulinizacji,2020,gmina,Ropa,powiat gorlicki,100.22
1,Wskaźnik maskulinizacji,2020,gmina,Sękowa,powiat gorlicki,97.96
1,Wskaźnik maskulinizacji,2020,gmina,Uście Gorlickie,powiat gorlicki,103.01
1,Wskaźnik maskulinizacji,2020,powiat,powiat krakowski,powiat krakowski,95.78
1,Wskaźnik maskulinizacji,2020,gmina,Czernichów,powiat krakowski,95.51
1,Wskaźnik maskulinizacji,2020,gmina,Igołomia-Wawrzeńczyce,powiat krakowski,97.39
1,Wskaźnik maskulinizacji,2020,gmina,Iwanowice,powiat krakowski,100.76
1,Wskaźnik maskulinizacji,2020,gmina,Jerzmanowice-Przeginia,powiat krakowski,99.15
1,Wskaźnik maskulinizacji,2020,gmina,Kocmyrzów-Luborzyca,powiat krakowski,98.24
1,Wskaźnik maskulinizacji,2020,gmina,Krzeszowice,powiat krakowski,93.56
1,Wskaźnik maskulinizacji,2020,gmina,Liszki,powiat krakowski,95.65
1,Wskaźnik maskulinizacji,2020,gmina,Michałowice,powiat krakowski,100.13
1,Wskaźnik maskulinizacji,2020,gmina,Mogilany,powiat krakowski,95.54
1,Wskaźnik maskulinizacji,2020,gmina,Skała,powiat krakowski,102.24
1,Wskaźnik maskulinizacji,2020,gmina,Skawina,powiat krakowski,93.37
1,Wskaźnik maskulinizacji,2020,gmina,Słomniki,powiat krakowski,95.85
1,Wskaźnik maskulinizacji,2020,gmina,Sułoszowa,powiat krakowski,101.49
1,Wskaźnik maskulinizacji,2020,gmina,Świątniki Górne,powiat krakowski,98.12
1,Wskaźnik maskulinizacji,2020,gmina,Wielka Wieś,powiat krakowski,93.87
1,Wskaźnik maskulinizacji,2020,gmina,Zabierzów,powiat krakowski,93.34
1,Wskaźnik maskulinizacji,2020,gmina,Zielonki,powiat krakowski,94.88
1,Wskaźnik maskulinizacji,2020,powiat,powiat limanowski,powiat limanowski,100.15
1,Wskaźnik maskulinizacji,2020,gmina,Dobra,powiat limanowski,100.30
1,Wskaźnik maskulinizacji,2020,gmina,Jodłownik,powiat limanowski,100.62
1,Wskaźnik maskulinizacji,2020,gmina,Kamienica,powiat limanowski,99.17
1,Wskaźnik maskulinizacji,2020,gmina,Laskowa,powiat limanowski,100.27
1,Wskaźnik maskulinizacji,2020,gmina,Limanowa (miasto),powiat limanowski,97.50
1,Wskaźnik maskulinizacji,2020,gmina,Limanowa (wieś),powiat limanowski,100.21
1,Wskaźnik maskulinizacji,2020,gmina,Łukowica,powiat limanowski,99.82
1,Wskaźnik maskulinizacji,2020,gmina,Mszana Dolna (miasto),powiat limanowski,92.05
1,Wskaźnik maskulinizacji,2020,gmina,Mszana Dolna (wieś),powiat limanowski,105.24
1,Wskaźnik maskulinizacji,2020,gmina,Niedźwiedź,powiat limanowski,105.54
1,Wskaźnik maskulinizacji,2020,gmina,Słopnice,powiat limanowski,102.29
1,Wskaźnik maskulinizacji,2020,gmina,Tymbark,powiat limanowski,95.73
1,Wskaźnik maskulinizacji,2020,powiat,powiat m. Kraków,powiat m. Kraków,87.40
1,Wskaźnik maskulinizacji,2020,powiat,powiat m. Nowy Sącz,powiat m. Nowy Sącz,91.86
1,Wskaźnik maskulinizacji,2020,powiat,powiat m. Tarnów,powiat m. Tarnów,89.58
1,Wskaźnik maskulinizacji,2020,powiat,powiat miechowski,powiat miechowski,97.13
1,Wskaźnik maskulinizacji,2020,gmina,Charsznica,powiat miechowski,97.67
1,Wskaźnik maskulinizacji,2020,gmina,Gołcza,powiat miechowski,102.76
1,Wskaźnik maskulinizacji,2020,gmina,Kozłów,powiat miechowski,99.34
1,Wskaźnik maskulinizacji,2020,gmina,Książ Wielki,powiat miechowski,97.33
1,Wskaźnik maskulinizacji,2020,gmina,Miechów,powiat miechowski,93.14
1,Wskaźnik maskulinizacji,2020,gmina,Racławice,powiat miechowski,103.69
1,Wskaźnik maskulinizacji,2020,gmina,Słaboszów,powiat miechowski,101.68
1,Wskaźnik maskulinizacji,2020,powiat,powiat myślenicki,powiat myślenicki,98.06
1,Wskaźnik maskulinizacji,2020,gmina,Dobczyce,powiat myślenicki,98.96
1,Wskaźnik maskulinizacji,2020,gmina,Lubień,powiat myślenicki,95.69
1,Wskaźnik maskulinizacji,2020,gmina,Myślenice,powiat myślenicki,96.78
1,Wskaźnik maskulinizacji,2020,gmina,Pcim,powiat myślenicki,99.87
1,Wskaźnik maskulinizacji,2020,gmina,Raciechowice,powiat myślenicki,99.11
1,Wskaźnik maskulinizacji,2020,gmina,Siepraw,powiat myślenicki,99.17
1,Wskaźnik maskulinizacji,2020,gmina,Sułkowice,powiat myślenicki,95.70
1,Wskaźnik maskulinizacji,2020,gmina,Tokarnia,powiat myślenicki,104.71
1,Wskaźnik maskulinizacji,2020,gmina,Wiśniowa,powiat myślenicki,99.46
1,Wskaźnik maskulinizacji,2020,powiat,powiat nowosądecki,powiat nowosądecki,99.19
1,Wskaźnik maskulinizacji,2020,gmina,Podegrodzie,powiat nowosądecki,99.96
1,Wskaźnik maskulinizacji,2020,gmina,Rytro,powiat nowosądecki,102.05
1,Wskaźnik maskulinizacji,2020,gmina,Stary Sącz,powiat nowosądecki,99.12
1,Wskaźnik maskulinizacji,2020,gmina,Chełmiec,powiat nowosądecki,100.63
1,Wskaźnik maskulinizacji,2020,gmina,Gródek nad Dunajcem,powiat nowosądecki,99.89
1,Wskaźnik maskulinizacji,2020,gmina,Grybów (miasto),powiat nowosądecki,93.16
1,Wskaźnik maskulinizacji,2020,gmina,Grybów (wieś),powiat nowosądecki,100.11
1,Wskaźnik maskulinizacji,2020,gmina,Kamionka Wielka,powiat nowosądecki,98.81
1,Wskaźnik maskulinizacji,2020,gmina,Korzenna,powiat nowosądecki,102.42
1,Wskaźnik maskulinizacji,2020,gmina,Krynica-Zdrój,powiat nowosądecki,92.80
1,Wskaźnik maskulinizacji,2020,gmina,Łabowa,powiat nowosądecki,105.68
1,Wskaźnik maskulinizacji,2020,gmina,Łącko,powiat nowosądecki,102.01
1,Wskaźnik maskulinizacji,2020,gmina,Łososina Dolna,powiat nowosądecki,101.06
1,Wskaźnik maskulinizacji,2020,gmina,Muszyna,powiat nowosądecki,94.58
1,Wskaźnik maskulinizacji,2020,gmina,Nawojowa,powiat nowosądecki,97.26
1,Wskaźnik maskulinizacji,2020,gmina,Piwniczna-Zdrój,powiat nowosądecki,97.37
1,Wskaźnik maskulinizacji,2020,powiat,powiat nowotarski,powiat nowotarski,95.89
1,Wskaźnik maskulinizacji,2020,gmina,Czarny Dunajec,powiat nowotarski,96.40
1,Wskaźnik maskulinizacji,2020,gmina,Czorsztyn,powiat nowotarski,94.67
1,Wskaźnik maskulinizacji,2020,gmina,Jabłonka,powiat nowotarski,97.96
1,Wskaźnik maskulinizacji,2020,gmina,Krościenko nad Dunajcem,powiat nowotarski,94.78
1,Wskaźnik maskulinizacji,2020,gmina,Lipnica Wielka,powiat nowotarski,96.73
1,Wskaźnik maskulinizacji,2020,gmina,Łapsze Niżne,powiat nowotarski,99.00
1,Wskaźnik maskulinizacji,2020,gmina,Nowy Targ (miasto),powiat nowotarski,90.85
1,Wskaźnik maskulinizacji,2020,gmina,Nowy Targ (wieś),powiat nowotarski,98.51
1,Wskaźnik maskulinizacji,2020,gmina,Ochotnica Dolna,powiat nowotarski,98.99
1,Wskaźnik maskulinizacji,2020,gmina,Raba Wyżna,powiat nowotarski,98.88
1,Wskaźnik maskulinizacji,2020,gmina,Rabka-Zdrój,powiat nowotarski,92.73
1,Wskaźnik maskulinizacji,2020,gmina,Spytkowice,powiat nowotarski,97.95
1,Wskaźnik maskulinizacji,2020,gmina,Szaflary,powiat nowotarski,98.77
1,Wskaźnik maskulinizacji,2020,gmina,Szczawnica,powiat nowotarski,94.10
1,Wskaźnik maskulinizacji,2020,powiat,powiat olkuski,powiat olkuski,94.46
1,Wskaźnik maskulinizacji,2020,gmina,Bolesław,powiat olkuski,94.59
1,Wskaźnik maskulinizacji,2020,gmina,Bukowno,powiat olkuski,92.10
1,Wskaźnik maskulinizacji,2020,gmina,Klucze,powiat olkuski,93.82
1,Wskaźnik maskulinizacji,2020,gmina,Olkusz,powiat olkuski,93.49
1,Wskaźnik maskulinizacji,2020,gmina,Trzyciąż,powiat olkuski,101.86
1,Wskaźnik maskulinizacji,2020,gmina,Wolbrom,powiat olkuski,95.78
1,Wskaźnik maskulinizacji,2020,powiat,powiat oświęcimski,powiat oświęcimski,94.58
1,Wskaźnik maskulinizacji,2020,gmina,Brzeszcze,powiat oświęcimski,94.52
1,Wskaźnik maskulinizacji,2020,gmina,Chełmek,powiat oświęcimski,97.43
1,Wskaźnik maskulinizacji,2020,gmina,Kęty,powiat oświęcimski,95.67
1,Wskaźnik maskulinizacji,2020,gmina,Osiek,powiat oświęcimski,95.02
1,Wskaźnik maskulinizacji,2020,gmina,Oświęcim (miasto),powiat oświęcimski,90.43
1,Wskaźnik maskulinizacji,2020,gmina,Oświęcim (wieś),powiat oświęcimski,96.86
1,Wskaźnik maskulinizacji,2020,gmina,Polanka Wielka,powiat oświęcimski,98.16
1,Wskaźnik maskulinizacji,2020,gmina,Przeciszów,powiat oświęcimski,94.15
1,Wskaźnik maskulinizacji,2020,gmina,Zator,powiat oświęcimski,97.84
1,Wskaźnik maskulinizacji,2020,powiat,powiat proszowicki,powiat proszowicki,97.08
1,Wskaźnik maskulinizacji,2020,gmina,Koniusza,powiat proszowicki,98.92
1,Wskaźnik maskulinizacji,2020,gmina,Koszyce,powiat proszowicki,93.13
1,Wskaźnik maskulinizacji,2020,gmina,Nowe Brzesko,powiat proszowicki,99.72
1,Wskaźnik maskulinizacji,2020,gmina,Pałecznica,powiat proszowicki,100.79
1,Wskaźnik maskulinizacji,2020,gmina,Proszowice,powiat proszowicki,95.28
1,Wskaźnik maskulinizacji,2020,gmina,Radziemice,powiat proszowicki,99.22
1,Wskaźnik maskulinizacji,2020,powiat,powiat suski,powiat suski,98.56
1,Wskaźnik maskulinizacji,2020,gmina,Budzów,powiat suski,99.55
1,Wskaźnik maskulinizacji,2020,gmina,Bystra-Sidzina,powiat suski,101.49
1,Wskaźnik maskulinizacji,2020,gmina,Jordanów (miasto),powiat suski,93.83
1,Wskaźnik maskulinizacji,2020,gmina,Jordanów (wieś),powiat suski,100.21
1,Wskaźnik maskulinizacji,2020,gmina,Maków Podhalański,powiat suski,97.30
1,Wskaźnik maskulinizacji,2020,gmina,Stryszawa,powiat suski,96.15
1,Wskaźnik maskulinizacji,2020,gmina,Sucha Beskidzka,powiat suski,94.04
1,Wskaźnik maskulinizacji,2020,gmina,Zawoja,powiat suski,105.20
1,Wskaźnik maskulinizacji,2020,gmina,Zembrzyce,powiat suski,100.46
1,Wskaźnik maskulinizacji,2020,powiat,powiat tarnowski,powiat tarnowski,98.48
1,Wskaźnik maskulinizacji,2020,gmina,Ciężkowice,powiat tarnowski,101.16
1,Wskaźnik maskulinizacji,2020,gmina,Gromnik,powiat tarnowski,100.36
1,Wskaźnik maskulinizacji,2020,gmina,Lisia Góra,powiat tarnowski,98.43
1,Wskaźnik maskulinizacji,2020,gmina,Pleśna,powiat tarnowski,99.40
1,Wskaźnik maskulinizacji,2020,gmina,Radłów,powiat tarnowski,98.35
1,Wskaźnik maskulinizacji,2020,gmina,Ryglice,powiat tarnowski,99.02
1,Wskaźnik maskulinizacji,2020,gmina,Rzepiennik Strzyżewski,powiat tarnowski,100.24
1,Wskaźnik maskulinizacji,2020,gmina,Skrzyszów,powiat tarnowski,98.86
1,Wskaźnik maskulinizacji,2020,gmina,Szerzyny,powiat tarnowski,101.74
1,Wskaźnik maskulinizacji,2020,gmina,Tarnów (wieś),powiat tarnowski,96.92
1,Wskaźnik maskulinizacji,2020,gmina,Tuchów,powiat tarnowski,98.89
1,Wskaźnik maskulinizacji,2020,gmina,Wierzchosławice,powiat tarnowski,95.21
1,Wskaźnik maskulinizacji,2020,gmina,Wietrzychowice,powiat tarnowski,101.33
1,Wskaźnik maskulinizacji,2020,gmina,Wojnicz,powiat tarnowski,98.87
1,Wskaźnik maskulinizacji,2020,gmina,Zakliczyn,powiat tarnowski,97.92
1,Wskaźnik maskulinizacji,2020,gmina,Żabno,powiat tarnowski,96.25
1,Wskaźnik maskulinizacji,2020,powiat,powiat tatrzański,powiat tatrzański,93.32
1,Wskaźnik maskulinizacji,2020,gmina,Biały Dunajec,powiat tatrzański,95.63
1,Wskaźnik maskulinizacji,2020,gmina,Bukowina Tatrzańska,powiat tatrzański,98.31
1,Wskaźnik maskulinizacji,2020,gmina,Kościelisko,powiat tatrzański,96.09
1,Wskaźnik maskulinizacji,2020,gmina,Poronin,powiat tatrzański,98.69
1,Wskaźnik maskulinizacji,2020,gmina,Zakopane,powiat tatrzański,87.29
1,Wskaźnik maskulinizacji,2020,powiat,powiat wadowicki,powiat wadowicki,96.34
1,Wskaźnik maskulinizacji,2020,gmina,Andrychów,powiat wadowicki,96.54
1,Wskaźnik maskulinizacji,2020,gmina,Brzeźnica,powiat wadowicki,95.99
1,Wskaźnik maskulinizacji,2020,gmina,Kalwaria Zebrzydowska,powiat wadowicki,97.63
1,Wskaźnik maskulinizacji,2020,gmina,Lanckorona,powiat wadowicki,93.86
1,Wskaźnik maskulinizacji,2020,gmina,Mucharz,powiat wadowicki,100.34
1,Wskaźnik maskulinizacji,2020,gmina,Spytkowice,powiat wadowicki,95.49
1,Wskaźnik maskulinizacji,2020,gmina,Stryszów,powiat wadowicki,99.65
1,Wskaźnik maskulinizacji,2020,gmina,Tomice,powiat wadowicki,95.55
1,Wskaźnik maskulinizacji,2020,gmina,Wadowice,powiat wadowicki,93.67
1,Wskaźnik maskulinizacji,2020,gmina,Wieprz,powiat wadowicki,101.58
1,Wskaźnik maskulinizacji,2020,powiat,powiat wielicki,powiat wielicki,95.40
1,Wskaźnik maskulinizacji,2020,gmina,Biskupice,powiat wielicki,96.43
1,Wskaźnik maskulinizacji,2020,gmina,Gdów,powiat wielicki,98.72
1,Wskaźnik maskulinizacji,2020,gmina,Kłaj,powiat wielicki,96.88
1,Wskaźnik maskulinizacji,2020,gmina,Niepołomice,powiat wielicki,94.36
1,Wskaźnik maskulinizacji,2020,gmina,Wieliczka,powiat wielicki,94.50
1,Wskaźnik maskulinizacji,2019,powiat,powiat bocheński,powiat bocheński,97.80
1,Wskaźnik maskulinizacji,2019,gmina,Bochnia (miasto),powiat bocheński,92.76
1,Wskaźnik maskulinizacji,2019,gmina,Bochnia (wieś),powiat bocheński,98.71
1,Wskaźnik maskulinizacji,2019,gmina,Drwinia,powiat bocheński,98.54
1,Wskaźnik maskulinizacji,2019,gmina,Lipnica Murowana,powiat bocheński,104.52
1,Wskaźnik maskulinizacji,2019,gmina,Łapanów,powiat bocheński,102.35
1,Wskaźnik maskulinizacji,2019,gmina,Nowy Wiśnicz,powiat bocheński,102.10
1,Wskaźnik maskulinizacji,2019,gmina,Rzezawa,powiat bocheński,97.32
1,Wskaźnik maskulinizacji,2019,gmina,Trzciana,powiat bocheński,96.48
1,Wskaźnik maskulinizacji,2019,gmina,Żegocina,powiat bocheński,99.78
1,Wskaźnik maskulinizacji,2019,powiat,powiat brzeski,powiat brzeski,98.53
1,Wskaźnik maskulinizacji,2019,gmina,Borzęcin,powiat brzeski,99.83
1,Wskaźnik maskulinizacji,2019,gmina,Brzesko,powiat brzeski,97.42
1,Wskaźnik maskulinizacji,2019,gmina,Czchów,powiat brzeski,99.84
1,Wskaźnik maskulinizacji,2019,gmina,Dębno,powiat brzeski,98.04
1,Wskaźnik maskulinizacji,2019,gmina,Gnojnik,powiat brzeski,102.29
1,Wskaźnik maskulinizacji,2019,gmina,Iwkowa,powiat brzeski,95.68
1,Wskaźnik maskulinizacji,2019,gmina,Szczurowa,powiat brzeski,99.94
1,Wskaźnik maskulinizacji,2019,powiat,powiat chrzanowski,powiat chrzanowski,93.72
1,Wskaźnik maskulinizacji,2019,gmina,Alwernia,powiat chrzanowski,96.97
1,Wskaźnik maskulinizacji,2019,gmina,Babice,powiat chrzanowski,95.26
1,Wskaźnik maskulinizacji,2019,gmina,Chrzanów,powiat chrzanowski,91.88
1,Wskaźnik maskulinizacji,2019,gmina,Libiąż,powiat chrzanowski,93.86
1,Wskaźnik maskulinizacji,2019,gmina,Trzebinia,powiat chrzanowski,94.62
1,Wskaźnik maskulinizacji,2019,powiat,powiat dąbrowski,powiat dąbrowski,99.58
1,Wskaźnik maskulinizacji,2019,gmina,Bolesław,powiat dąbrowski,103.04
1,Wskaźnik maskulinizacji,2019,gmina,Dąbrowa Tarnowska,powiat dąbrowski,98.91
1,Wskaźnik maskulinizacji,2019,gmina,Gręboszów,powiat dąbrowski,95.83
1,Wskaźnik maskulinizacji,2019,gmina,Mędrzechów,powiat dąbrowski,97.75
1,Wskaźnik maskulinizacji,2019,gmina,Olesno,powiat dąbrowski,98.70
1,Wskaźnik maskulinizacji,2019,gmina,Radgoszcz,powiat dąbrowski,101.79
1,Wskaźnik maskulinizacji,2019,gmina,Szczucin,powiat dąbrowski,100.75
1,Wskaźnik maskulinizacji,2019,powiat,powiat gorlicki,powiat gorlicki,98.09
1,Wskaźnik maskulinizacji,2019,gmina,Biecz,powiat gorlicki,97.62
1,Wskaźnik maskulinizacji,2019,gmina,Bobowa,powiat gorlicki,102.27
1,Wskaźnik maskulinizacji,2019,gmina,Gorlice (miasto),powiat gorlicki,91.95
1,Wskaźnik maskulinizacji,2019,gmina,Gorlice (wieś),powiat gorlicki,100.86
1,Wskaźnik maskulinizacji,2019,gmina,Lipinki,powiat gorlicki,97.56
1,Wskaźnik maskulinizacji,2019,gmina,Łużna,powiat gorlicki,104.43
1,Wskaźnik maskulinizacji,2019,gmina,Moszczenica,powiat gorlicki,97.42
1,Wskaźnik maskulinizacji,2019,gmina,Ropa,powiat gorlicki,101.50
1,Wskaźnik maskulinizacji,2019,gmina,Sękowa,powiat gorlicki,97.85
1,Wskaźnik maskulinizacji,2019,gmina,Uście Gorlickie,powiat gorlicki,102.72
1,Wskaźnik maskulinizacji,2019,powiat,powiat krakowski,powiat krakowski,95.81
1,Wskaźnik maskulinizacji,2019,gmina,Czernichów,powiat krakowski,95.30
1,Wskaźnik maskulinizacji,2019,gmina,Igołomia-Wawrzeńczyce,powiat krakowski,97.33
1,Wskaźnik maskulinizacji,2019,gmina,Iwanowice,powiat krakowski,100.70
1,Wskaźnik maskulinizacji,2019,gmina,Jerzmanowice-Przeginia,powiat krakowski,99.16
1,Wskaźnik maskulinizacji,2019,gmina,Kocmyrzów-Luborzyca,powiat krakowski,98.34
1,Wskaźnik maskulinizacji,2019,gmina,Krzeszowice,powiat krakowski,93.73
1,Wskaźnik maskulinizacji,2019,gmina,Liszki,powiat krakowski,94.96
1,Wskaźnik maskulinizacji,2019,gmina,Michałowice,powiat krakowski,100.22
1,Wskaźnik maskulinizacji,2019,gmina,Mogilany,powiat krakowski,95.48
1,Wskaźnik maskulinizacji,2019,gmina,Skała,powiat krakowski,102.31
1,Wskaźnik maskulinizacji,2019,gmina,Skawina,powiat krakowski,93.35
1,Wskaźnik maskulinizacji,2019,gmina,Słomniki,powiat krakowski,95.33
1,Wskaźnik maskulinizacji,2019,gmina,Sułoszowa,powiat krakowski,101.48
1,Wskaźnik maskulinizacji,2019,gmina,Świątniki Górne,powiat krakowski,98.31
1,Wskaźnik maskulinizacji,2019,gmina,Wielka Wieś,powiat krakowski,94.99
1,Wskaźnik maskulinizacji,2019,gmina,Zabierzów,powiat krakowski,93.61
1,Wskaźnik maskulinizacji,2019,gmina,Zielonki,powiat krakowski,94.85
1,Wskaźnik maskulinizacji,2019,powiat,powiat limanowski,powiat limanowski,100.24
1,Wskaźnik maskulinizacji,2019,gmina,Dobra,powiat limanowski,100.87
1,Wskaźnik maskulinizacji,2019,gmina,Jodłownik,powiat limanowski,101.44
1,Wskaźnik maskulinizacji,2019,gmina,Kamienica,powiat limanowski,100.15
1,Wskaźnik maskulinizacji,2019,gmina,Laskowa,powiat limanowski,99.27
1,Wskaźnik maskulinizacji,2019,gmina,Limanowa (miasto),powiat limanowski,97.42
1,Wskaźnik maskulinizacji,2019,gmina,Limanowa (wieś),powiat limanowski,100.16
1,Wskaźnik maskulinizacji,2019,gmina,Łukowica,powiat limanowski,99.56
1,Wskaźnik maskulinizacji,2019,gmina,Mszana Dolna (miasto),powiat limanowski,91.34
1,Wskaźnik maskulinizacji,2019,gmina,Mszana Dolna (wieś),powiat limanowski,105.56
1,Wskaźnik maskulinizacji,2019,gmina,Niedźwiedź,powiat limanowski,105.75
1,Wskaźnik maskulinizacji,2019,gmina,Słopnice,powiat limanowski,102.09
1,Wskaźnik maskulinizacji,2019,gmina,Tymbark,powiat limanowski,96.51
1,Wskaźnik maskulinizacji,2019,powiat,powiat m. Kraków,powiat m. Kraków,87.45
1,Wskaźnik maskulinizacji,2019,powiat,powiat m. Nowy Sącz,powiat m. Nowy Sącz,91.99
1,Wskaźnik maskulinizacji,2019,powiat,powiat m. Tarnów,powiat m. Tarnów,89.59
1,Wskaźnik maskulinizacji,2019,powiat,powiat miechowski,powiat miechowski,97.04
1,Wskaźnik maskulinizacji,2019,gmina,Charsznica,powiat miechowski,98.37
1,Wskaźnik maskulinizacji,2019,gmina,Gołcza,powiat miechowski,102.78
1,Wskaźnik maskulinizacji,2019,gmina,Kozłów,powiat miechowski,99.04
1,Wskaźnik maskulinizacji,2019,gmina,Książ Wielki,powiat miechowski,97.24
1,Wskaźnik maskulinizacji,2019,gmina,Miechów,powiat miechowski,92.75
1,Wskaźnik maskulinizacji,2019,gmina,Racławice,powiat miechowski,103.90
1,Wskaźnik maskulinizacji,2019,gmina,Słaboszów,powiat miechowski,101.60
1,Wskaźnik maskulinizacji,2019,powiat,powiat myślenicki,powiat myślenicki,98.22
1,Wskaźnik maskulinizacji,2019,gmina,Dobczyce,powiat myślenicki,98.90
1,Wskaźnik maskulinizacji,2019,gmina,Lubień,powiat myślenicki,96.11
1,Wskaźnik maskulinizacji,2019,gmina,Myślenice,powiat myślenicki,96.93
1,Wskaźnik maskulinizacji,2019,gmina,Pcim,powiat myślenicki,99.98
1,Wskaźnik maskulinizacji,2019,gmina,Raciechowice,powiat myślenicki,99.78
1,Wskaźnik maskulinizacji,2019,gmina,Siepraw,powiat myślenicki,98.35
1,Wskaźnik maskulinizacji,2019,gmina,Sułkowice,powiat myślenicki,96.43
1,Wskaźnik maskulinizacji,2019,gmina,Tokarnia,powiat myślenicki,104.26
1,Wskaźnik maskulinizacji,2019,gmina,Wiśniowa,powiat myślenicki,100.00
1,Wskaźnik maskulinizacji,2019,powiat,powiat nowosądecki,powiat nowosądecki,99.27
1,Wskaźnik maskulinizacji,2019,gmina,Podegrodzie,powiat nowosądecki,99.98
1,Wskaźnik maskulinizacji,2019,gmina,Rytro,powiat nowosądecki,101.87
1,Wskaźnik maskulinizacji,2019,gmina,Stary Sącz,powiat nowosądecki,99.56
1,Wskaźnik maskulinizacji,2019,gmina,Chełmiec,powiat nowosądecki,100.77
1,Wskaźnik maskulinizacji,2019,gmina,Gródek nad Dunajcem,powiat nowosądecki,100.30
1,Wskaźnik maskulinizacji,2019,gmina,Grybów (miasto),powiat nowosądecki,93.20
1,Wskaźnik maskulinizacji,2019,gmina,Grybów (wieś),powiat nowosądecki,100.29
1,Wskaźnik maskulinizacji,2019,gmina,Kamionka Wielka,powiat nowosądecki,98.82
1,Wskaźnik maskulinizacji,2019,gmina,Korzenna,powiat nowosądecki,102.30
1,Wskaźnik maskulinizacji,2019,gmina,Krynica-Zdrój,powiat nowosądecki,92.90
1,Wskaźnik maskulinizacji,2019,gmina,Łabowa,powiat nowosądecki,105.99
1,Wskaźnik maskulinizacji,2019,gmina,Łącko,powiat nowosądecki,101.39
1,Wskaźnik maskulinizacji,2019,gmina,Łososina Dolna,powiat nowosądecki,100.83
1,Wskaźnik maskulinizacji,2019,gmina,Muszyna,powiat nowosądecki,95.04
1,Wskaźnik maskulinizacji,2019,gmina,Nawojowa,powiat nowosądecki,97.38
1,Wskaźnik maskulinizacji,2019,gmina,Piwniczna-Zdrój,powiat nowosądecki,97.43
1,Wskaźnik maskulinizacji,2019,powiat,powiat nowotarski,powiat nowotarski,95.87
1,Wskaźnik maskulinizacji,2019,gmina,Czarny Dunajec,powiat nowotarski,96.03
1,Wskaźnik maskulinizacji,2019,gmina,Czorsztyn,powiat nowotarski,94.89
1,Wskaźnik maskulinizacji,2019,gmina,Jabłonka,powiat nowotarski,97.67
1,Wskaźnik maskulinizacji,2019,gmina,Krościenko nad Dunajcem,powiat nowotarski,94.40
1,Wskaźnik maskulinizacji,2019,gmina,Lipnica Wielka,powiat nowotarski,96.89
1,Wskaźnik maskulinizacji,2019,gmina,Łapsze Niżne,powiat nowotarski,98.79
1,Wskaźnik maskulinizacji,2019,gmina,Nowy Targ (miasto),powiat nowotarski,91.36
1,Wskaźnik maskulinizacji,2019,gmina,Nowy Targ (wieś),powiat nowotarski,98.34
1,Wskaźnik maskulinizacji,2019,gmina,Ochotnica Dolna,powiat nowotarski,99.41
1,Wskaźnik maskulinizacji,2019,gmina,Raba Wyżna,powiat nowotarski,98.57
1,Wskaźnik maskulinizacji,2019,gmina,Rabka-Zdrój,powiat nowotarski,92.47
1,Wskaźnik maskulinizacji,2019,gmina,Spytkowice,powiat nowotarski,98.15
1,Wskaźnik maskulinizacji,2019,gmina,Szaflary,powiat nowotarski,99.19
1,Wskaźnik maskulinizacji,2019,gmina,Szczawnica,powiat nowotarski,93.97
1,Wskaźnik maskulinizacji,2019,powiat,powiat olkuski,powiat olkuski,94.49
1,Wskaźnik maskulinizacji,2019,gmina,Bolesław,powiat olkuski,94.89
1,Wskaźnik maskulinizacji,2019,gmina,Bukowno,powiat olkuski,92.24
1,Wskaźnik maskulinizacji,2019,gmina,Klucze,powiat olkuski,94.18
1,Wskaźnik maskulinizacji,2019,gmina,Olkusz,powiat olkuski,93.60
1,Wskaźnik maskulinizacji,2019,gmina,Trzyciąż,powiat olkuski,101.58
1,Wskaźnik maskulinizacji,2019,gmina,Wolbrom,powiat olkuski,95.36
1,Wskaźnik maskulinizacji,2019,powiat,powiat oświęcimski,powiat oświęcimski,94.73
1,Wskaźnik maskulinizacji,2019,gmina,Brzeszcze,powiat oświęcimski,94.91
1,Wskaźnik maskulinizacji,2019,gmina,Chełmek,powiat oświęcimski,97.69
1,Wskaźnik maskulinizacji,2019,gmina,Kęty,powiat oświęcimski,95.57
1,Wskaźnik maskulinizacji,2019,gmina,Osiek,powiat oświęcimski,95.72
1,Wskaźnik maskulinizacji,2019,gmina,Oświęcim (miasto),powiat oświęcimski,90.60
1,Wskaźnik maskulinizacji,2019,gmina,Oświęcim (wieś),powiat oświęcimski,96.46
1,Wskaźnik maskulinizacji,2019,gmina,Polanka Wielka,powiat oświęcimski,98.30
1,Wskaźnik maskulinizacji,2019,gmina,Przeciszów,powiat oświęcimski,94.90
1,Wskaźnik maskulinizacji,2019,gmina,Zator,powiat oświęcimski,98.45
1,Wskaźnik maskulinizacji,2019,powiat,powiat proszowicki,powiat proszowicki,97.05
1,Wskaźnik maskulinizacji,2019,gmina,Koniusza,powiat proszowicki,99.62
1,Wskaźnik maskulinizacji,2019,gmina,Koszyce,powiat proszowicki,91.97
1,Wskaźnik maskulinizacji,2019,gmina,Nowe Brzesko,powiat proszowicki,100.21
1,Wskaźnik maskulinizacji,2019,gmina,Pałecznica,powiat proszowicki,100.45
1,Wskaźnik maskulinizacji,2019,gmina,Proszowice,powiat proszowicki,95.20
1,Wskaźnik maskulinizacji,2019,gmina,Radziemice,powiat proszowicki,98.81
1,Wskaźnik maskulinizacji,2019,powiat,powiat suski,powiat suski,98.36
1,Wskaźnik maskulinizacji,2019,gmina,Budzów,powiat suski,100.38
1,Wskaźnik maskulinizacji,2019,gmina,Bystra-Sidzina,powiat suski,100.29
1,Wskaźnik maskulinizacji,2019,gmina,Jordanów (miasto),powiat suski,91.64
1,Wskaźnik maskulinizacji,2019,gmina,Jordanów (wieś),powiat suski,100.57
1,Wskaźnik maskulinizacji,2019,gmina,Maków Podhalański,powiat suski,97.05
1,Wskaźnik maskulinizacji,2019,gmina,Stryszawa,powiat suski,95.96
1,Wskaźnik maskulinizacji,2019,gmina,Sucha Beskidzka,powiat suski,94.11
1,Wskaźnik maskulinizacji,2019,gmina,Zawoja,powiat suski,105.29
1,Wskaźnik maskulinizacji,2019,gmina,Zembrzyce,powiat suski,100.21
1,Wskaźnik maskulinizacji,2019,powiat,powiat tarnowski,powiat tarnowski,98.35
1,Wskaźnik maskulinizacji,2019,gmina,Ciężkowice,powiat tarnowski,101.27
1,Wskaźnik maskulinizacji,2019,gmina,Gromnik,powiat tarnowski,99.96
1,Wskaźnik maskulinizacji,2019,gmina,Lisia Góra,powiat tarnowski,98.35
1,Wskaźnik maskulinizacji,2019,gmina,Pleśna,powiat tarnowski,99.13
1,Wskaźnik maskulinizacji,2019,gmina,Radłów,powiat tarnowski,97.95
1,Wskaźnik maskulinizacji,2019,gmina,Ryglice,powiat tarnowski,98.94
1,Wskaźnik maskulinizacji,2019,gmina,Rzepiennik Strzyżewski,powiat tarnowski,99.59
1,Wskaźnik maskulinizacji,2019,gmina,Skrzyszów,powiat tarnowski,98.65
1,Wskaźnik maskulinizacji,2019,gmina,Szerzyny,powiat tarnowski,101.09
1,Wskaźnik maskulinizacji,2019,gmina,Tarnów (wieś),powiat tarnowski,97.02
1,Wskaźnik maskulinizacji,2019,gmina,Tuchów,powiat tarnowski,98.36
1,Wskaźnik maskulinizacji,2019,gmina,Wierzchosławice,powiat tarnowski,95.41
1,Wskaźnik maskulinizacji,2019,gmina,Wietrzychowice,powiat tarnowski,101.43
1,Wskaźnik maskulinizacji,2019,gmina,Wojnicz,powiat tarnowski,98.68
1,Wskaźnik maskulinizacji,2019,gmina,Zakliczyn,powiat tarnowski,98.19
1,Wskaźnik maskulinizacji,2019,gmina,Żabno,powiat tarnowski,96.22
1,Wskaźnik maskulinizacji,2019,powiat,powiat tatrzański,powiat tatrzański,93.19
1,Wskaźnik maskulinizacji,2019,gmina,Biały Dunajec,powiat tatrzański,95.56
1,Wskaźnik maskulinizacji,2019,gmina,Bukowina Tatrzańska,powiat tatrzański,98.33
1,Wskaźnik maskulinizacji,2019,gmina,Kościelisko,powiat tatrzański,95.45
1,Wskaźnik maskulinizacji,2019,gmina,Poronin,powiat tatrzański,98.64
1,Wskaźnik maskulinizacji,2019,gmina,Zakopane,powiat tatrzański,87.27
1,Wskaźnik maskulinizacji,2019,powiat,powiat wadowicki,powiat wadowicki,96.38
1,Wskaźnik maskulinizacji,2019,gmina,Andrychów,powiat wadowicki,96.57
1,Wskaźnik maskulinizacji,2019,gmina,Brzeźnica,powiat wadowicki,95.98
1,Wskaźnik maskulinizacji,2019,gmina,Kalwaria Zebrzydowska,powiat wadowicki,97.53
1,Wskaźnik maskulinizacji,2019,gmina,Lanckorona,powiat wadowicki,94.67
1,Wskaźnik maskulinizacji,2019,gmina,Mucharz,powiat wadowicki,99.90
1,Wskaźnik maskulinizacji,2019,gmina,Spytkowice,powiat wadowicki,95.12
1,Wskaźnik maskulinizacji,2019,gmina,Stryszów,powiat wadowicki,98.76
1,Wskaźnik maskulinizacji,2019,gmina,Tomice,powiat wadowicki,95.50
1,Wskaźnik maskulinizacji,2019,gmina,Wadowice,powiat wadowicki,93.97
1,Wskaźnik maskulinizacji,2019,gmina,Wieprz,powiat wadowicki,101.82
1,Wskaźnik maskulinizacji,2019,powiat,powiat wielicki,powiat wielicki,95.38
1,Wskaźnik maskulinizacji,2019,gmina,Biskupice,powiat wielicki,96.02
1,Wskaźnik maskulinizacji,2019,gmina,Gdów,powiat wielicki,98.98
1,Wskaźnik maskulinizacji,2019,gmina,Kłaj,powiat wielicki,96.71
1,Wskaźnik maskulinizacji,2019,gmina,Niepołomice,powiat wielicki,94.21
1,Wskaźnik maskulinizacji,2019,gmina,Wieliczka,powiat wielicki,94.53
1,Wskaźnik maskulinizacji,2018,powiat,powiat bocheński,powiat bocheński,97.53
1,Wskaźnik maskulinizacji,2018,gmina,Bochnia (miasto),powiat bocheński,92.52
1,Wskaźnik maskulinizacji,2018,gmina,Bochnia (wieś),powiat bocheński,98.84
1,Wskaźnik maskulinizacji,2018,gmina,Drwinia,powiat bocheński,97.60
1,Wskaźnik maskulinizacji,2018,gmina,Lipnica Murowana,powiat bocheński,103.68
1,Wskaźnik maskulinizacji,2018,gmina,Łapanów,powiat bocheński,101.21
1,Wskaźnik maskulinizacji,2018,gmina,Nowy Wiśnicz,powiat bocheński,101.86
1,Wskaźnik maskulinizacji,2018,gmina,Rzezawa,powiat bocheński,97.37
1,Wskaźnik maskulinizacji,2018,gmina,Trzciana,powiat bocheński,96.34
1,Wskaźnik maskulinizacji,2018,gmina,Żegocina,powiat bocheński,100.04
1,Wskaźnik maskulinizacji,2018,powiat,powiat brzeski,powiat brzeski,98.35
1,Wskaźnik maskulinizacji,2018,gmina,Borzęcin,powiat brzeski,99.12
1,Wskaźnik maskulinizacji,2018,gmina,Brzesko,powiat brzeski,97.04
1,Wskaźnik maskulinizacji,2018,gmina,Czchów,powiat brzeski,99.45
1,Wskaźnik maskulinizacji,2018,gmina,Dębno,powiat brzeski,98.48
1,Wskaźnik maskulinizacji,2018,gmina,Gnojnik,powiat brzeski,101.78
1,Wskaźnik maskulinizacji,2018,gmina,Iwkowa,powiat brzeski,96.27
1,Wskaźnik maskulinizacji,2018,gmina,Szczurowa,powiat brzeski,99.96
1,Wskaźnik maskulinizacji,2018,powiat,powiat chrzanowski,powiat chrzanowski,93.82
1,Wskaźnik maskulinizacji,2018,gmina,Alwernia,powiat chrzanowski,97.28
1,Wskaźnik maskulinizacji,2018,gmina,Babice,powiat chrzanowski,95.68
1,Wskaźnik maskulinizacji,2018,gmina,Chrzanów,powiat chrzanowski,91.89
1,Wskaźnik maskulinizacji,2018,gmina,Libiąż,powiat chrzanowski,94.12
1,Wskaźnik maskulinizacji,2018,gmina,Trzebinia,powiat chrzanowski,94.57
1,Wskaźnik maskulinizacji,2018,powiat,powiat dąbrowski,powiat dąbrowski,99.49
1,Wskaźnik maskulinizacji,2018,gmina,Bolesław,powiat dąbrowski,103.64
1,Wskaźnik maskulinizacji,2018,gmina,Dąbrowa Tarnowska,powiat dąbrowski,98.85
1,Wskaźnik maskulinizacji,2018,gmina,Gręboszów,powiat dąbrowski,94.79
1,Wskaźnik maskulinizacji,2018,gmina,Mędrzechów,powiat dąbrowski,96.37
1,Wskaźnik maskulinizacji,2018,gmina,Olesno,powiat dąbrowski,98.70
1,Wskaźnik maskulinizacji,2018,gmina,Radgoszcz,powiat dąbrowski,101.71
1,Wskaźnik maskulinizacji,2018,gmina,Szczucin,powiat dąbrowski,101.01
1,Wskaźnik maskulinizacji,2018,powiat,powiat gorlicki,powiat gorlicki,98.20
1,Wskaźnik maskulinizacji,2018,gmina,Biecz,powiat gorlicki,97.77
1,Wskaźnik maskulinizacji,2018,gmina,Bobowa,powiat gorlicki,102.82
1,Wskaźnik maskulinizacji,2018,gmina,Gorlice (miasto),powiat gorlicki,92.05
1,Wskaźnik maskulinizacji,2018,gmina,Gorlice (wieś),powiat gorlicki,100.76
1,Wskaźnik maskulinizacji,2018,gmina,Lipinki,powiat gorlicki,97.85
1,Wskaźnik maskulinizacji,2018,gmina,Łużna,powiat gorlicki,103.98
1,Wskaźnik maskulinizacji,2018,gmina,Moszczenica,powiat gorlicki,97.91
1,Wskaźnik maskulinizacji,2018,gmina,Ropa,powiat gorlicki,101.84
1,Wskaźnik maskulinizacji,2018,gmina,Sękowa,powiat gorlicki,98.69
1,Wskaźnik maskulinizacji,2018,gmina,Uście Gorlickie,powiat gorlicki,102.52
1,Wskaźnik maskulinizacji,2018,powiat,powiat krakowski,powiat krakowski,95.87
1,Wskaźnik maskulinizacji,2018,gmina,Czernichów,powiat krakowski,96.04
1,Wskaźnik maskulinizacji,2018,gmina,Igołomia-Wawrzeńczyce,powiat krakowski,97.09
1,Wskaźnik maskulinizacji,2018,gmina,Iwanowice,powiat krakowski,101.17
1,Wskaźnik maskulinizacji,2018,gmina,Jerzmanowice-Przeginia,powiat krakowski,99.40
1,Wskaźnik maskulinizacji,2018,gmina,Kocmyrzów-Luborzyca,powiat krakowski,98.74
1,Wskaźnik maskulinizacji,2018,gmina,Krzeszowice,powiat krakowski,93.18
1,Wskaźnik maskulinizacji,2018,gmina,Liszki,powiat krakowski,95.41
1,Wskaźnik maskulinizacji,2018,gmina,Michałowice,powiat krakowski,99.64
1,Wskaźnik maskulinizacji,2018,gmina,Mogilany,powiat krakowski,95.52
1,Wskaźnik maskulinizacji,2018,gmina,Skała,powiat krakowski,102.42
1,Wskaźnik maskulinizacji,2018,gmina,Skawina,powiat krakowski,93.53
1,Wskaźnik maskulinizacji,2018,gmina,Słomniki,powiat krakowski,95.07
1,Wskaźnik maskulinizacji,2018,gmina,Sułoszowa,powiat krakowski,101.38
1,Wskaźnik maskulinizacji,2018,gmina,Świątniki Górne,powiat krakowski,98.13
1,Wskaźnik maskulinizacji,2018,gmina,Wielka Wieś,powiat krakowski,95.01
1,Wskaźnik maskulinizacji,2018,gmina,Zabierzów,powiat krakowski,93.94
1,Wskaźnik maskulinizacji,2018,gmina,Zielonki,powiat krakowski,94.89
1,Wskaźnik maskulinizacji,2018,powiat,powiat limanowski,powiat limanowski,100.23
1,Wskaźnik maskulinizacji,2018,gmina,Dobra,powiat limanowski,101.48
1,Wskaźnik maskulinizacji,2018,gmina,Jodłownik,powiat limanowski,101.79
1,Wskaźnik maskulinizacji,2018,gmina,Kamienica,powiat limanowski,101.05
1,Wskaźnik maskulinizacji,2018,gmina,Laskowa,powiat limanowski,98.51
1,Wskaźnik maskulinizacji,2018,gmina,Limanowa (miasto),powiat limanowski,97.16
1,Wskaźnik maskulinizacji,2018,gmina,Limanowa (wieś),powiat limanowski,100.05
1,Wskaźnik maskulinizacji,2018,gmina,Łukowica,powiat limanowski,99.80
1,Wskaźnik maskulinizacji,2018,gmina,Mszana Dolna (miasto),powiat limanowski,90.78
1,Wskaźnik maskulinizacji,2018,gmina,Mszana Dolna (wieś),powiat limanowski,104.98
1,Wskaźnik maskulinizacji,2018,gmina,Niedźwiedź,powiat limanowski,106.18
1,Wskaźnik maskulinizacji,2018,gmina,Słopnice,powiat limanowski,102.47
1,Wskaźnik maskulinizacji,2018,gmina,Tymbark,powiat limanowski,96.88
1,Wskaźnik maskulinizacji,2018,powiat,powiat m. Kraków,powiat m. Kraków,87.52
1,Wskaźnik maskulinizacji,2018,powiat,powiat m. Nowy Sącz,powiat m. Nowy Sącz,91.82
1,Wskaźnik maskulinizacji,2018,powiat,powiat m. Tarnów,powiat m. Tarnów,89.54
1,Wskaźnik maskulinizacji,2018,powiat,powiat miechowski,powiat miechowski,97.01
1,Wskaźnik maskulinizacji,2018,gmina,Charsznica,powiat miechowski,98.19
1,Wskaźnik maskulinizacji,2018,gmina,Gołcza,powiat miechowski,102.87
1,Wskaźnik maskulinizacji,2018,gmina,Kozłów,powiat miechowski,98.76
1,Wskaźnik maskulinizacji,2018,gmina,Książ Wielki,powiat miechowski,96.66
1,Wskaźnik maskulinizacji,2018,gmina,Miechów,powiat miechowski,92.89
1,Wskaźnik maskulinizacji,2018,gmina,Racławice,powiat miechowski,104.46
1,Wskaźnik maskulinizacji,2018,gmina,Słaboszów,powiat miechowski,101.41
1,Wskaźnik maskulinizacji,2018,powiat,powiat myślenicki,powiat myślenicki,98.39
1,Wskaźnik maskulinizacji,2018,gmina,Dobczyce,powiat myślenicki,98.54
1,Wskaźnik maskulinizacji,2018,gmina,Lubień,powiat myślenicki,96.10
1,Wskaźnik maskulinizacji,2018,gmina,Myślenice,powiat myślenicki,97.09
1,Wskaźnik maskulinizacji,2018,gmina,Pcim,powiat myślenicki,100.80
1,Wskaźnik maskulinizacji,2018,gmina,Raciechowice,powiat myślenicki,99.28
1,Wskaźnik maskulinizacji,2018,gmina,Siepraw,powiat myślenicki,97.59
1,Wskaźnik maskulinizacji,2018,gmina,Sułkowice,powiat myślenicki,97.12
1,Wskaźnik maskulinizacji,2018,gmina,Tokarnia,powiat myślenicki,105.55
1,Wskaźnik maskulinizacji,2018,gmina,Wiśniowa,powiat myślenicki,100.16
1,Wskaźnik maskulinizacji,2018,powiat,powiat nowosądecki,powiat nowosądecki,99.30
1,Wskaźnik maskulinizacji,2018,gmina,Podegrodzie,powiat nowosądecki,100.12
1,Wskaźnik maskulinizacji,2018,gmina,Rytro,powiat nowosądecki,101.11
1,Wskaźnik maskulinizacji,2018,gmina,Stary Sącz,powiat nowosądecki,99.32
1,Wskaźnik maskulinizacji,2018,gmina,Chełmiec,powiat nowosądecki,100.35
1,Wskaźnik maskulinizacji,2018,gmina,Gródek nad Dunajcem,powiat nowosądecki,101.24
1,Wskaźnik maskulinizacji,2018,gmina,Grybów (miasto),powiat nowosądecki,93.59
1,Wskaźnik maskulinizacji,2018,gmina,Grybów (wieś),powiat nowosądecki,100.60
1,Wskaźnik maskulinizacji,2018,gmina,Kamionka Wielka,powiat nowosądecki,97.69
1,Wskaźnik maskulinizacji,2018,gmina,Korzenna,powiat nowosądecki,102.37
1,Wskaźnik maskulinizacji,2018,gmina,Krynica-Zdrój,powiat nowosądecki,92.93
1,Wskaźnik maskulinizacji,2018,gmina,Łabowa,powiat nowosądecki,106.15
1,Wskaźnik maskulinizacji,2018,gmina,Łącko,powiat nowosądecki,101.80
1,Wskaźnik maskulinizacji,2018,gmina,Łososina Dolna,powiat nowosądecki,100.56
1,Wskaźnik maskulinizacji,2018,gmina,Muszyna,powiat nowosądecki,95.47
1,Wskaźnik maskulinizacji,2018,gmina,Nawojowa,powiat nowosądecki,97.48
1,Wskaźnik maskulinizacji,2018,gmina,Piwniczna-Zdrój,powiat nowosądecki,98.10
1,Wskaźnik maskulinizacji,2018,powiat,powiat nowotarski,powiat nowotarski,95.79
1,Wskaźnik maskulinizacji,2018,gmina,Czarny Dunajec,powiat nowotarski,96.38
1,Wskaźnik maskulinizacji,2018,gmina,Czorsztyn,powiat nowotarski,95.37
1,Wskaźnik maskulinizacji,2018,gmina,Jabłonka,powiat nowotarski,97.73
1,Wskaźnik maskulinizacji,2018,gmina,Krościenko nad Dunajcem,powiat nowotarski,94.27
1,Wskaźnik maskulinizacji,2018,gmina,Lipnica Wielka,powiat nowotarski,97.17
1,Wskaźnik maskulinizacji,2018,gmina,Łapsze Niżne,powiat nowotarski,98.66
1,Wskaźnik maskulinizacji,2018,gmina,Nowy Targ (miasto),powiat nowotarski,91.06
1,Wskaźnik maskulinizacji,2018,gmina,Nowy Targ (wieś),powiat nowotarski,98.55
1,Wskaźnik maskulinizacji,2018,gmina,Ochotnica Dolna,powiat nowotarski,99.72
1,Wskaźnik maskulinizacji,2018,gmina,Raba Wyżna,powiat nowotarski,98.21
1,Wskaźnik maskulinizacji,2018,gmina,Rabka-Zdrój,powiat nowotarski,91.74
1,Wskaźnik maskulinizacji,2018,gmina,Spytkowice,powiat nowotarski,98.47
1,Wskaźnik maskulinizacji,2018,gmina,Szaflary,powiat nowotarski,98.63
1,Wskaźnik maskulinizacji,2018,gmina,Szczawnica,powiat nowotarski,93.94
1,Wskaźnik maskulinizacji,2018,powiat,powiat olkuski,powiat olkuski,94.50
1,Wskaźnik maskulinizacji,2018,gmina,Bolesław,powiat olkuski,94.75
1,Wskaźnik maskulinizacji,2018,gmina,Bukowno,powiat olkuski,91.96
1,Wskaźnik maskulinizacji,2018,gmina,Klucze,powiat olkuski,94.58
1,Wskaźnik maskulinizacji,2018,gmina,Olkusz,powiat olkuski,93.60
1,Wskaźnik maskulinizacji,2018,gmina,Trzyciąż,powiat olkuski,101.60
1,Wskaźnik maskulinizacji,2018,gmina,Wolbrom,powiat olkuski,95.31
1,Wskaźnik maskulinizacji,2018,powiat,powiat oświęcimski,powiat oświęcimski,94.65
1,Wskaźnik maskulinizacji,2018,gmina,Brzeszcze,powiat oświęcimski,94.82
1,Wskaźnik maskulinizacji,2018,gmina,Chełmek,powiat oświęcimski,97.67
1,Wskaźnik maskulinizacji,2018,gmina,Kęty,powiat oświęcimski,95.42
1,Wskaźnik maskulinizacji,2018,gmina,Osiek,powiat oświęcimski,96.01
1,Wskaźnik maskulinizacji,2018,gmina,Oświęcim (miasto),powiat oświęcimski,90.26
1,Wskaźnik maskulinizacji,2018,gmina,Oświęcim (wieś),powiat oświęcimski,96.25
1,Wskaźnik maskulinizacji,2018,gmina,Polanka Wielka,powiat oświęcimski,98.66
1,Wskaźnik maskulinizacji,2018,gmina,Przeciszów,powiat oświęcimski,95.45
1,Wskaźnik maskulinizacji,2018,gmina,Zator,powiat oświęcimski,99.14
1,Wskaźnik maskulinizacji,2018,powiat,powiat proszowicki,powiat proszowicki,97.14
1,Wskaźnik maskulinizacji,2018,gmina,Koniusza,powiat proszowicki,99.69
1,Wskaźnik maskulinizacji,2018,gmina,Koszyce,powiat proszowicki,93.74
1,Wskaźnik maskulinizacji,2018,gmina,Nowe Brzesko,powiat proszowicki,99.51
1,Wskaźnik maskulinizacji,2018,gmina,Pałecznica,powiat proszowicki,99.83
1,Wskaźnik maskulinizacji,2018,gmina,Proszowice,powiat proszowicki,95.09
1,Wskaźnik maskulinizacji,2018,gmina,Radziemice,powiat proszowicki,99.24
1,Wskaźnik maskulinizacji,2018,powiat,powiat suski,powiat suski,98.43
1,Wskaźnik maskulinizacji,2018,gmina,Budzów,powiat suski,100.18
1,Wskaźnik maskulinizacji,2018,gmina,Bystra-Sidzina,powiat suski,100.67
1,Wskaźnik maskulinizacji,2018,gmina,Jordanów (miasto),powiat suski,92.10
1,Wskaźnik maskulinizacji,2018,gmina,Jordanów (wieś),powiat suski,100.61
1,Wskaźnik maskulinizacji,2018,gmina,Maków Podhalański,powiat suski,96.78
1,Wskaźnik maskulinizacji,2018,gmina,Stryszawa,powiat suski,96.79
1,Wskaźnik maskulinizacji,2018,gmina,Sucha Beskidzka,powiat suski,94.34
1,Wskaźnik maskulinizacji,2018,gmina,Zawoja,powiat suski,105.45
1,Wskaźnik maskulinizacji,2018,gmina,Zembrzyce,powiat suski,99.01
1,Wskaźnik maskulinizacji,2018,powiat,powiat tarnowski,powiat tarnowski,98.43
1,Wskaźnik maskulinizacji,2018,gmina,Ciężkowice,powiat tarnowski,101.69
1,Wskaźnik maskulinizacji,2018,gmina,Gromnik,powiat tarnowski,100.25
1,Wskaźnik maskulinizacji,2018,gmina,Lisia Góra,powiat tarnowski,98.68
1,Wskaźnik maskulinizacji,2018,gmina,Pleśna,powiat tarnowski,99.22
1,Wskaźnik maskulinizacji,2018,gmina,Radłów,powiat tarnowski,97.73
1,Wskaźnik maskulinizacji,2018,gmina,Ryglice,powiat tarnowski,98.67
1,Wskaźnik maskulinizacji,2018,gmina,Rzepiennik Strzyżewski,powiat tarnowski,100.00
1,Wskaźnik maskulinizacji,2018,gmina,Skrzyszów,powiat tarnowski,98.44
1,Wskaźnik maskulinizacji,2018,gmina,Szerzyny,powiat tarnowski,100.78
1,Wskaźnik maskulinizacji,2018,gmina,Tarnów (wieś),powiat tarnowski,97.08
1,Wskaźnik maskulinizacji,2018,gmina,Tuchów,powiat tarnowski,98.38
1,Wskaźnik maskulinizacji,2018,gmina,Wierzchosławice,powiat tarnowski,95.75
1,Wskaźnik maskulinizacji,2018,gmina,Wietrzychowice,powiat tarnowski,101.97
1,Wskaźnik maskulinizacji,2018,gmina,Wojnicz,powiat tarnowski,98.63
1,Wskaźnik maskulinizacji,2018,gmina,Zakliczyn,powiat tarnowski,98.64
1,Wskaźnik maskulinizacji,2018,gmina,Żabno,powiat tarnowski,96.16
1,Wskaźnik maskulinizacji,2018,powiat,powiat tatrzański,powiat tatrzański,93.19
1,Wskaźnik maskulinizacji,2018,gmina,Biały Dunajec,powiat tatrzański,95.48
1,Wskaźnik maskulinizacji,2018,gmina,Bukowina Tatrzańska,powiat tatrzański,98.68
1,Wskaźnik maskulinizacji,2018,gmina,Kościelisko,powiat tatrzański,95.33
1,Wskaźnik maskulinizacji,2018,gmina,Poronin,powiat tatrzański,98.26
1,Wskaźnik maskulinizacji,2018,gmina,Zakopane,powiat tatrzański,87.36
1,Wskaźnik maskulinizacji,2018,powiat,powiat wadowicki,powiat wadowicki,96.18
1,Wskaźnik maskulinizacji,2018,gmina,Andrychów,powiat wadowicki,96.22
1,Wskaźnik maskulinizacji,2018,gmina,Brzeźnica,powiat wadowicki,95.63
1,Wskaźnik maskulinizacji,2018,gmina,Kalwaria Zebrzydowska,powiat wadowicki,97.68
1,Wskaźnik maskulinizacji,2018,gmina,Lanckorona,powiat wadowicki,94.54
1,Wskaźnik maskulinizacji,2018,gmina,Mucharz,powiat wadowicki,99.52
1,Wskaźnik maskulinizacji,2018,gmina,Spytkowice,powiat wadowicki,94.73
1,Wskaźnik maskulinizacji,2018,gmina,Stryszów,powiat wadowicki,97.69
1,Wskaźnik maskulinizacji,2018,gmina,Tomice,powiat wadowicki,95.57
1,Wskaźnik maskulinizacji,2018,gmina,Wadowice,powiat wadowicki,93.83
1,Wskaźnik maskulinizacji,2018,gmina,Wieprz,powiat wadowicki,102.07
1,Wskaźnik maskulinizacji,2018,powiat,powiat wielicki,powiat wielicki,95.38
1,Wskaźnik maskulinizacji,2018,gmina,Biskupice,powiat wielicki,96.50
1,Wskaźnik maskulinizacji,2018,gmina,Gdów,powiat wielicki,99.04
1,Wskaźnik maskulinizacji,2018,gmina,Kłaj,powiat wielicki,96.56
1,Wskaźnik maskulinizacji,2018,gmina,Niepołomice,powiat wielicki,94.14
1,Wskaźnik maskulinizacji,2018,gmina,Wieliczka,powiat wielicki,94.49
1,Wskaźnik maskulinizacji,2017,powiat,powiat bocheński,powiat bocheński,97.31
1,Wskaźnik maskulinizacji,2017,gmina,Bochnia (miasto),powiat bocheński,92.37
1,Wskaźnik maskulinizacji,2017,gmina,Bochnia (wieś),powiat bocheński,98.75
1,Wskaźnik maskulinizacji,2017,gmina,Drwinia,powiat bocheński,97.66
1,Wskaźnik maskulinizacji,2017,gmina,Lipnica Murowana,powiat bocheński,103.02
1,Wskaźnik maskulinizacji,2017,gmina,Łapanów,powiat bocheński,101.17
1,Wskaźnik maskulinizacji,2017,gmina,Nowy Wiśnicz,powiat bocheński,101.25
1,Wskaźnik maskulinizacji,2017,gmina,Rzezawa,powiat bocheński,97.31
1,Wskaźnik maskulinizacji,2017,gmina,Trzciana,powiat bocheński,96.55
1,Wskaźnik maskulinizacji,2017,gmina,Żegocina,powiat bocheński,99.13
1,Wskaźnik maskulinizacji,2017,powiat,powiat brzeski,powiat brzeski,98.45
1,Wskaźnik maskulinizacji,2017,gmina,Borzęcin,powiat brzeski,98.86
1,Wskaźnik maskulinizacji,2017,gmina,Brzesko,powiat brzeski,97.19
1,Wskaźnik maskulinizacji,2017,gmina,Czchów,powiat brzeski,99.23
1,Wskaźnik maskulinizacji,2017,gmina,Dębno,powiat brzeski,98.47
1,Wskaźnik maskulinizacji,2017,gmina,Gnojnik,powiat brzeski,102.11
1,Wskaźnik maskulinizacji,2017,gmina,Iwkowa,powiat brzeski,96.90
1,Wskaźnik maskulinizacji,2017,gmina,Szczurowa,powiat brzeski,100.08
1,Wskaźnik maskulinizacji,2017,powiat,powiat chrzanowski,powiat chrzanowski,93.73
1,Wskaźnik maskulinizacji,2017,gmina,Alwernia,powiat chrzanowski,96.84
1,Wskaźnik maskulinizacji,2017,gmina,Babice,powiat chrzanowski,95.12
1,Wskaźnik maskulinizacji,2017,gmina,Chrzanów,powiat chrzanowski,91.83
1,Wskaźnik maskulinizacji,2017,gmina,Libiąż,powiat chrzanowski,94.20
1,Wskaźnik maskulinizacji,2017,gmina,Trzebinia,powiat chrzanowski,94.57
1,Wskaźnik maskulinizacji,2017,powiat,powiat dąbrowski,powiat dąbrowski,99.47
1,Wskaźnik maskulinizacji,2017,gmina,Bolesław,powiat dąbrowski,102.47
1,Wskaźnik maskulinizacji,2017,gmina,Dąbrowa Tarnowska,powiat dąbrowski,98.94
1,Wskaźnik maskulinizacji,2017,gmina,Gręboszów,powiat dąbrowski,96.02
1,Wskaźnik maskulinizacji,2017,gmina,Mędrzechów,powiat dąbrowski,97.00
1,Wskaźnik maskulinizacji,2017,gmina,Olesno,powiat dąbrowski,98.28
1,Wskaźnik maskulinizacji,2017,gmina,Radgoszcz,powiat dąbrowski,101.85
1,Wskaźnik maskulinizacji,2017,gmina,Szczucin,powiat dąbrowski,100.66
1,Wskaźnik maskulinizacji,2017,powiat,powiat gorlicki,powiat gorlicki,98.14
1,Wskaźnik maskulinizacji,2017,gmina,Biecz,powiat gorlicki,97.78
1,Wskaźnik maskulinizacji,2017,gmina,Bobowa,powiat gorlicki,102.16
1,Wskaźnik maskulinizacji,2017,gmina,Gorlice (miasto),powiat gorlicki,92.16
1,Wskaźnik maskulinizacji,2017,gmina,Gorlice (wieś),powiat gorlicki,100.64
1,Wskaźnik maskulinizacji,2017,gmina,Lipinki,powiat gorlicki,96.99
1,Wskaźnik maskulinizacji,2017,gmina,Łużna,powiat gorlicki,104.17
1,Wskaźnik maskulinizacji,2017,gmina,Moszczenica,powiat gorlicki,99.88
1,Wskaźnik maskulinizacji,2017,gmina,Ropa,powiat gorlicki,101.48
1,Wskaźnik maskulinizacji,2017,gmina,Sękowa,powiat gorlicki,98.29
1,Wskaźnik maskulinizacji,2017,gmina,Uście Gorlickie,powiat gorlicki,102.22
1,Wskaźnik maskulinizacji,2017,powiat,powiat krakowski,powiat krakowski,95.87
1,Wskaźnik maskulinizacji,2017,gmina,Czernichów,powiat krakowski,95.92
1,Wskaźnik maskulinizacji,2017,gmina,Igołomia-Wawrzeńczyce,powiat krakowski,97.34
1,Wskaźnik maskulinizacji,2017,gmina,Iwanowice,powiat krakowski,101.82
1,Wskaźnik maskulinizacji,2017,gmina,Jerzmanowice-Przeginia,powiat krakowski,98.89
1,Wskaźnik maskulinizacji,2017,gmina,Kocmyrzów-Luborzyca,powiat krakowski,99.03
1,Wskaźnik maskulinizacji,2017,gmina,Krzeszowice,powiat krakowski,92.87
1,Wskaźnik maskulinizacji,2017,gmina,Liszki,powiat krakowski,95.68
1,Wskaźnik maskulinizacji,2017,gmina,Michałowice,powiat krakowski,99.50
1,Wskaźnik maskulinizacji,2017,gmina,Mogilany,powiat krakowski,95.24
1,Wskaźnik maskulinizacji,2017,gmina,Skała,powiat krakowski,102.62
1,Wskaźnik maskulinizacji,2017,gmina,Skawina,powiat krakowski,93.77
1,Wskaźnik maskulinizacji,2017,gmina,Słomniki,powiat krakowski,94.61
1,Wskaźnik maskulinizacji,2017,gmina,Sułoszowa,powiat krakowski,101.21
1,Wskaźnik maskulinizacji,2017,gmina,Świątniki Górne,powiat krakowski,98.31
1,Wskaźnik maskulinizacji,2017,gmina,Wielka Wieś,powiat krakowski,95.26
1,Wskaźnik maskulinizacji,2017,gmina,Zabierzów,powiat krakowski,94.13
1,Wskaźnik maskulinizacji,2017,gmina,Zielonki,powiat krakowski,94.49
1,Wskaźnik maskulinizacji,2017,powiat,powiat limanowski,powiat limanowski,100.12
1,Wskaźnik maskulinizacji,2017,gmina,Dobra,powiat limanowski,101.07
1,Wskaźnik maskulinizacji,2017,gmina,Jodłownik,powiat limanowski,101.40
1,Wskaźnik maskulinizacji,2017,gmina,Kamienica,powiat limanowski,100.87
1,Wskaźnik maskulinizacji,2017,gmina,Laskowa,powiat limanowski,99.11
1,Wskaźnik maskulinizacji,2017,gmina,Limanowa (miasto),powiat limanowski,97.04
1,Wskaźnik maskulinizacji,2017,gmina,Limanowa (wieś),powiat limanowski,100.33
1,Wskaźnik maskulinizacji,2017,gmina,Łukowica,powiat limanowski,99.02
1,Wskaźnik maskulinizacji,2017,gmina,Mszana Dolna (miasto),powiat limanowski,91.23
1,Wskaźnik maskulinizacji,2017,gmina,Mszana Dolna (wieś),powiat limanowski,104.94
1,Wskaźnik maskulinizacji,2017,gmina,Niedźwiedź,powiat limanowski,104.80
1,Wskaźnik maskulinizacji,2017,gmina,Słopnice,powiat limanowski,102.23
1,Wskaźnik maskulinizacji,2017,gmina,Tymbark,powiat limanowski,96.88
1,Wskaźnik maskulinizacji,2017,powiat,powiat m. Kraków,powiat m. Kraków,87.52
1,Wskaźnik maskulinizacji,2017,powiat,powiat m. Nowy Sącz,powiat m. Nowy Sącz,91.48
1,Wskaźnik maskulinizacji,2017,powiat,powiat m. Tarnów,powiat m. Tarnów,89.58
1,Wskaźnik maskulinizacji,2017,powiat,powiat miechowski,powiat miechowski,96.97
1,Wskaźnik maskulinizacji,2017,gmina,Charsznica,powiat miechowski,97.80
1,Wskaźnik maskulinizacji,2017,gmina,Gołcza,powiat miechowski,103.39
1,Wskaźnik maskulinizacji,2017,gmina,Kozłów,powiat miechowski,99.53
1,Wskaźnik maskulinizacji,2017,gmina,Książ Wielki,powiat miechowski,95.60
1,Wskaźnik maskulinizacji,2017,gmina,Miechów,powiat miechowski,92.86
1,Wskaźnik maskulinizacji,2017,gmina,Racławice,powiat miechowski,104.76
1,Wskaźnik maskulinizacji,2017,gmina,Słaboszów,powiat miechowski,101.28
1,Wskaźnik maskulinizacji,2017,powiat,powiat myślenicki,powiat myślenicki,98.45
1,Wskaźnik maskulinizacji,2017,gmina,Dobczyce,powiat myślenicki,98.50
1,Wskaźnik maskulinizacji,2017,gmina,Lubień,powiat myślenicki,96.61
1,Wskaźnik maskulinizacji,2017,gmina,Myślenice,powiat myślenicki,97.43
1,Wskaźnik maskulinizacji,2017,gmina,Pcim,powiat myślenicki,100.16
1,Wskaźnik maskulinizacji,2017,gmina,Raciechowice,powiat myślenicki,99.21
1,Wskaźnik maskulinizacji,2017,gmina,Siepraw,powiat myślenicki,97.41
1,Wskaźnik maskulinizacji,2017,gmina,Sułkowice,powiat myślenicki,97.08
1,Wskaźnik maskulinizacji,2017,gmina,Tokarnia,powiat myślenicki,105.56
1,Wskaźnik maskulinizacji,2017,gmina,Wiśniowa,powiat myślenicki,99.67
1,Wskaźnik maskulinizacji,2017,powiat,powiat nowosądecki,powiat nowosądecki,99.34
1,Wskaźnik maskulinizacji,2017,gmina,Podegrodzie,powiat nowosądecki,99.89
1,Wskaźnik maskulinizacji,2017,gmina,Rytro,powiat nowosądecki,100.69
1,Wskaźnik maskulinizacji,2017,gmina,Stary Sącz,powiat nowosądecki,99.15
1,Wskaźnik maskulinizacji,2017,gmina,Chełmiec,powiat nowosądecki,100.51
1,Wskaźnik maskulinizacji,2017,gmina,Gródek nad Dunajcem,powiat nowosądecki,102.34
1,Wskaźnik maskulinizacji,2017,gmina,Grybów (miasto),powiat nowosądecki,93.18
1,Wskaźnik maskulinizacji,2017,gmina,Grybów (wieś),powiat nowosądecki,100.66
1,Wskaźnik maskulinizacji,2017,gmina,Kamionka Wielka,powiat nowosądecki,97.68
1,Wskaźnik maskulinizacji,2017,gmina,Korzenna,powiat nowosądecki,102.60
1,Wskaźnik maskulinizacji,2017,gmina,Krynica-Zdrój,powiat nowosądecki,92.85
1,Wskaźnik maskulinizacji,2017,gmina,Łabowa,powiat nowosądecki,106.36
1,Wskaźnik maskulinizacji,2017,gmina,Łącko,powiat nowosądecki,101.84
1,Wskaźnik maskulinizacji,2017,gmina,Łososina Dolna,powiat nowosądecki,101.18
1,Wskaźnik maskulinizacji,2017,gmina,Muszyna,powiat nowosądecki,95.80
1,Wskaźnik maskulinizacji,2017,gmina,Nawojowa,powiat nowosądecki,97.50
1,Wskaźnik maskulinizacji,2017,gmina,Piwniczna-Zdrój,powiat nowosądecki,97.34
1,Wskaźnik maskulinizacji,2017,powiat,powiat nowotarski,powiat nowotarski,95.93
1,Wskaźnik maskulinizacji,2017,gmina,Czarny Dunajec,powiat nowotarski,96.40
1,Wskaźnik maskulinizacji,2017,gmina,Czorsztyn,powiat nowotarski,95.69
1,Wskaźnik maskulinizacji,2017,gmina,Jabłonka,powiat nowotarski,98.16
1,Wskaźnik maskulinizacji,2017,gmina,Krościenko nad Dunajcem,powiat nowotarski,94.41
1,Wskaźnik maskulinizacji,2017,gmina,Lipnica Wielka,powiat nowotarski,97.40
1,Wskaźnik maskulinizacji,2017,gmina,Łapsze Niżne,powiat nowotarski,98.98
1,Wskaźnik maskulinizacji,2017,gmina,Nowy Targ (miasto),powiat nowotarski,90.98
1,Wskaźnik maskulinizacji,2017,gmina,Nowy Targ (wieś),powiat nowotarski,98.66
1,Wskaźnik maskulinizacji,2017,gmina,Ochotnica Dolna,powiat nowotarski,99.58
1,Wskaźnik maskulinizacji,2017,gmina,Raba Wyżna,powiat nowotarski,98.42
1,Wskaźnik maskulinizacji,2017,gmina,Rabka-Zdrój,powiat nowotarski,92.03
1,Wskaźnik maskulinizacji,2017,gmina,Spytkowice,powiat nowotarski,98.33
1,Wskaźnik maskulinizacji,2017,gmina,Szaflary,powiat nowotarski,98.70
1,Wskaźnik maskulinizacji,2017,gmina,Szczawnica,powiat nowotarski,94.50
1,Wskaźnik maskulinizacji,2017,powiat,powiat olkuski,powiat olkuski,94.64
1,Wskaźnik maskulinizacji,2017,gmina,Bolesław,powiat olkuski,94.84
1,Wskaźnik maskulinizacji,2017,gmina,Bukowno,powiat olkuski,92.54
1,Wskaźnik maskulinizacji,2017,gmina,Klucze,powiat olkuski,94.91
1,Wskaźnik maskulinizacji,2017,gmina,Olkusz,powiat olkuski,93.57
1,Wskaźnik maskulinizacji,2017,gmina,Trzyciąż,powiat olkuski,101.89
1,Wskaźnik maskulinizacji,2017,gmina,Wolbrom,powiat olkuski,95.52
1,Wskaźnik maskulinizacji,2017,powiat,powiat oświęcimski,powiat oświęcimski,94.68
1,Wskaźnik maskulinizacji,2017,gmina,Brzeszcze,powiat oświęcimski,94.62
1,Wskaźnik maskulinizacji,2017,gmina,Chełmek,powiat oświęcimski,97.78
1,Wskaźnik maskulinizacji,2017,gmina,Kęty,powiat oświęcimski,95.53
1,Wskaźnik maskulinizacji,2017,gmina,Osiek,powiat oświęcimski,96.40
1,Wskaźnik maskulinizacji,2017,gmina,Oświęcim (miasto),powiat oświęcimski,90.28
1,Wskaźnik maskulinizacji,2017,gmina,Oświęcim (wieś),powiat oświęcimski,96.14
1,Wskaźnik maskulinizacji,2017,gmina,Polanka Wielka,powiat oświęcimski,98.16
1,Wskaźnik maskulinizacji,2017,gmina,Przeciszów,powiat oświęcimski,95.96
1,Wskaźnik maskulinizacji,2017,gmina,Zator,powiat oświęcimski,99.34
1,Wskaźnik maskulinizacji,2017,powiat,powiat proszowicki,powiat proszowicki,96.88
1,Wskaźnik maskulinizacji,2017,gmina,Koniusza,powiat proszowicki,98.76
1,Wskaźnik maskulinizacji,2017,gmina,Koszyce,powiat proszowicki,93.53
1,Wskaźnik maskulinizacji,2017,gmina,Nowe Brzesko,powiat proszowicki,99.24
1,Wskaźnik maskulinizacji,2017,gmina,Pałecznica,powiat proszowicki,100.22
1,Wskaźnik maskulinizacji,2017,gmina,Proszowice,powiat proszowicki,95.15
1,Wskaźnik maskulinizacji,2017,gmina,Radziemice,powiat proszowicki,98.44
1,Wskaźnik maskulinizacji,2017,powiat,powiat suski,powiat suski,98.20
1,Wskaźnik maskulinizacji,2017,gmina,Budzów,powiat suski,100.02
1,Wskaźnik maskulinizacji,2017,gmina,Bystra-Sidzina,powiat suski,100.03
1,Wskaźnik maskulinizacji,2017,gmina,Jordanów (miasto),powiat suski,92.67
1,Wskaźnik maskulinizacji,2017,gmina,Jordanów (wieś),powiat suski,100.85
1,Wskaźnik maskulinizacji,2017,gmina,Maków Podhalański,powiat suski,96.72
1,Wskaźnik maskulinizacji,2017,gmina,Stryszawa,powiat suski,96.30
1,Wskaźnik maskulinizacji,2017,gmina,Sucha Beskidzka,powiat suski,94.13
1,Wskaźnik maskulinizacji,2017,gmina,Zawoja,powiat suski,104.81
1,Wskaźnik maskulinizacji,2017,gmina,Zembrzyce,powiat suski,98.19
1,Wskaźnik maskulinizacji,2017,powiat,powiat tarnowski,powiat tarnowski,98.37
1,Wskaźnik maskulinizacji,2017,gmina,Ciężkowice,powiat tarnowski,100.98
1,Wskaźnik maskulinizacji,2017,gmina,Gromnik,powiat tarnowski,100.29
1,Wskaźnik maskulinizacji,2017,gmina,Lisia Góra,powiat tarnowski,98.26
1,Wskaźnik maskulinizacji,2017,gmina,Pleśna,powiat tarnowski,99.33
1,Wskaźnik maskulinizacji,2017,gmina,Radłów,powiat tarnowski,97.11
1,Wskaźnik maskulinizacji,2017,gmina,Ryglice,powiat tarnowski,98.57
1,Wskaźnik maskulinizacji,2017,gmina,Rzepiennik Strzyżewski,powiat tarnowski,99.14
1,Wskaźnik maskulinizacji,2017,gmina,Skrzyszów,powiat tarnowski,98.11
1,Wskaźnik maskulinizacji,2017,gmina,Szerzyny,powiat tarnowski,100.93
1,Wskaźnik maskulinizacji,2017,gmina,Tarnów (wieś),powiat tarnowski,97.39
1,Wskaźnik maskulinizacji,2017,gmina,Tuchów,powiat tarnowski,98.74
1,Wskaźnik maskulinizacji,2017,gmina,Wierzchosławice,powiat tarnowski,95.83
1,Wskaźnik maskulinizacji,2017,gmina,Wietrzychowice,powiat tarnowski,103.04
1,Wskaźnik maskulinizacji,2017,gmina,Wojnicz,powiat tarnowski,98.23
1,Wskaźnik maskulinizacji,2017,gmina,Zakliczyn,powiat tarnowski,98.38
1,Wskaźnik maskulinizacji,2017,gmina,Żabno,powiat tarnowski,96.44
1,Wskaźnik maskulinizacji,2017,powiat,powiat tatrzański,powiat tatrzański,93.08
1,Wskaźnik maskulinizacji,2017,gmina,Biały Dunajec,powiat tatrzański,95.78
1,Wskaźnik maskulinizacji,2017,gmina,Bukowina Tatrzańska,powiat tatrzański,98.71
1,Wskaźnik maskulinizacji,2017,gmina,Kościelisko,powiat tatrzański,95.73
1,Wskaźnik maskulinizacji,2017,gmina,Poronin,powiat tatrzański,97.90
1,Wskaźnik maskulinizacji,2017,gmina,Zakopane,powiat tatrzański,87.07
1,Wskaźnik maskulinizacji,2017,powiat,powiat wadowicki,powiat wadowicki,96.15
1,Wskaźnik maskulinizacji,2017,gmina,Andrychów,powiat wadowicki,95.98
1,Wskaźnik maskulinizacji,2017,gmina,Brzeźnica,powiat wadowicki,95.72
1,Wskaźnik maskulinizacji,2017,gmina,Kalwaria Zebrzydowska,powiat wadowicki,97.19
1,Wskaźnik maskulinizacji,2017,gmina,Lanckorona,powiat wadowicki,94.91
1,Wskaźnik maskulinizacji,2017,gmina,Mucharz,powiat wadowicki,99.32
1,Wskaźnik maskulinizacji,2017,gmina,Spytkowice,powiat wadowicki,94.86
1,Wskaźnik maskulinizacji,2017,gmina,Stryszów,powiat wadowicki,97.33
1,Wskaźnik maskulinizacji,2017,gmina,Tomice,powiat wadowicki,96.38
1,Wskaźnik maskulinizacji,2017,gmina,Wadowice,powiat wadowicki,94.04
1,Wskaźnik maskulinizacji,2017,gmina,Wieprz,powiat wadowicki,102.01
1,Wskaźnik maskulinizacji,2017,powiat,powiat wielicki,powiat wielicki,95.36
1,Wskaźnik maskulinizacji,2017,gmina,Biskupice,powiat wielicki,96.32
1,Wskaźnik maskulinizacji,2017,gmina,Gdów,powiat wielicki,99.65
1,Wskaźnik maskulinizacji,2017,gmina,Kłaj,powiat wielicki,96.90
1,Wskaźnik maskulinizacji,2017,gmina,Niepołomice,powiat wielicki,93.79
1,Wskaźnik maskulinizacji,2017,gmina,Wieliczka,powiat wielicki,94.38
1,Wskaźnik maskulinizacji,2016,powiat,powiat bocheński,powiat bocheński,97.16
1,Wskaźnik maskulinizacji,2016,gmina,Bochnia (miasto),powiat bocheński,91.90
1,Wskaźnik maskulinizacji,2016,gmina,Bochnia (wieś),powiat bocheński,98.88
1,Wskaźnik maskulinizacji,2016,gmina,Drwinia,powiat bocheński,97.72
1,Wskaźnik maskulinizacji,2016,gmina,Lipnica Murowana,powiat bocheński,102.84
1,Wskaźnik maskulinizacji,2016,gmina,Łapanów,powiat bocheński,101.92
1,Wskaźnik maskulinizacji,2016,gmina,Nowy Wiśnicz,powiat bocheński,100.30
1,Wskaźnik maskulinizacji,2016,gmina,Rzezawa,powiat bocheński,97.52
1,Wskaźnik maskulinizacji,2016,gmina,Trzciana,powiat bocheński,96.78
1,Wskaźnik maskulinizacji,2016,gmina,Żegocina,powiat bocheński,99.34
1,Wskaźnik maskulinizacji,2016,powiat,powiat brzeski,powiat brzeski,98.11
1,Wskaźnik maskulinizacji,2016,gmina,Borzęcin,powiat brzeski,98.89
1,Wskaźnik maskulinizacji,2016,gmina,Brzesko,powiat brzeski,96.82
1,Wskaźnik maskulinizacji,2016,gmina,Czchów,powiat brzeski,98.75
1,Wskaźnik maskulinizacji,2016,gmina,Dębno,powiat brzeski,97.88
1,Wskaźnik maskulinizacji,2016,gmina,Gnojnik,powiat brzeski,102.24
1,Wskaźnik maskulinizacji,2016,gmina,Iwkowa,powiat brzeski,97.05
1,Wskaźnik maskulinizacji,2016,gmina,Szczurowa,powiat brzeski,99.36
1,Wskaźnik maskulinizacji,2016,powiat,powiat chrzanowski,powiat chrzanowski,93.72
1,Wskaźnik maskulinizacji,2016,gmina,Alwernia,powiat chrzanowski,97.35
1,Wskaźnik maskulinizacji,2016,gmina,Babice,powiat chrzanowski,95.35
1,Wskaźnik maskulinizacji,2016,gmina,Chrzanów,powiat chrzanowski,91.61
1,Wskaźnik maskulinizacji,2016,gmina,Libiąż,powiat chrzanowski,94.35
1,Wskaźnik maskulinizacji,2016,gmina,Trzebinia,powiat chrzanowski,94.53
1,Wskaźnik maskulinizacji,2016,powiat,powiat dąbrowski,powiat dąbrowski,99.52
1,Wskaźnik maskulinizacji,2016,gmina,Bolesław,powiat dąbrowski,102.67
1,Wskaźnik maskulinizacji,2016,gmina,Dąbrowa Tarnowska,powiat dąbrowski,99.37
1,Wskaźnik maskulinizacji,2016,gmina,Gręboszów,powiat dąbrowski,96.00
1,Wskaźnik maskulinizacji,2016,gmina,Mędrzechów,powiat dąbrowski,96.51
1,Wskaźnik maskulinizacji,2016,gmina,Olesno,powiat dąbrowski,98.49
1,Wskaźnik maskulinizacji,2016,gmina,Radgoszcz,powiat dąbrowski,101.69
1,Wskaźnik maskulinizacji,2016,gmina,Szczucin,powiat dąbrowski,100.29
1,Wskaźnik maskulinizacji,2016,powiat,powiat gorlicki,powiat gorlicki,97.88
1,Wskaźnik maskulinizacji,2016,gmina,Biecz,powiat gorlicki,97.42
1,Wskaźnik maskulinizacji,2016,gmina,Bobowa,powiat gorlicki,102.43
1,Wskaźnik maskulinizacji,2016,gmina,Gorlice (miasto),powiat gorlicki,92.12
1,Wskaźnik maskulinizacji,2016,gmina,Gorlice (wieś),powiat gorlicki,99.85
1,Wskaźnik maskulinizacji,2016,gmina,Lipinki,powiat gorlicki,96.12
1,Wskaźnik maskulinizacji,2016,gmina,Łużna,powiat gorlicki,104.62
1,Wskaźnik maskulinizacji,2016,gmina,Moszczenica,powiat gorlicki,99.07
1,Wskaźnik maskulinizacji,2016,gmina,Ropa,powiat gorlicki,101.19
1,Wskaźnik maskulinizacji,2016,gmina,Sękowa,powiat gorlicki,98.33
1,Wskaźnik maskulinizacji,2016,gmina,Uście Gorlickie,powiat gorlicki,102.05
1,Wskaźnik maskulinizacji,2016,powiat,powiat krakowski,powiat krakowski,95.92
1,Wskaźnik maskulinizacji,2016,gmina,Czernichów,powiat krakowski,96.68
1,Wskaźnik maskulinizacji,2016,gmina,Igołomia-Wawrzeńczyce,powiat krakowski,97.17
1,Wskaźnik maskulinizacji,2016,gmina,Iwanowice,powiat krakowski,101.48
1,Wskaźnik maskulinizacji,2016,gmina,Jerzmanowice-Przeginia,powiat krakowski,99.12
1,Wskaźnik maskulinizacji,2016,gmina,Kocmyrzów-Luborzyca,powiat krakowski,98.80
1,Wskaźnik maskulinizacji,2016,gmina,Krzeszowice,powiat krakowski,93.04
1,Wskaźnik maskulinizacji,2016,gmina,Liszki,powiat krakowski,96.58
1,Wskaźnik maskulinizacji,2016,gmina,Michałowice,powiat krakowski,99.16
1,Wskaźnik maskulinizacji,2016,gmina,Mogilany,powiat krakowski,95.46
1,Wskaźnik maskulinizacji,2016,gmina,Skała,powiat krakowski,103.03
1,Wskaźnik maskulinizacji,2016,gmina,Skawina,powiat krakowski,93.65
1,Wskaźnik maskulinizacji,2016,gmina,Słomniki,powiat krakowski,94.44
1,Wskaźnik maskulinizacji,2016,gmina,Sułoszowa,powiat krakowski,101.11
1,Wskaźnik maskulinizacji,2016,gmina,Świątniki Górne,powiat krakowski,98.01
1,Wskaźnik maskulinizacji,2016,gmina,Wielka Wieś,powiat krakowski,95.42
1,Wskaźnik maskulinizacji,2016,gmina,Zabierzów,powiat krakowski,93.76
1,Wskaźnik maskulinizacji,2016,gmina,Zielonki,powiat krakowski,94.55
1,Wskaźnik maskulinizacji,2016,powiat,powiat limanowski,powiat limanowski,100.00
1,Wskaźnik maskulinizacji,2016,gmina,Dobra,powiat limanowski,100.99
1,Wskaźnik maskulinizacji,2016,gmina,Jodłownik,powiat limanowski,100.56
1,Wskaźnik maskulinizacji,2016,gmina,Kamienica,powiat limanowski,101.14
1,Wskaźnik maskulinizacji,2016,gmina,Laskowa,powiat limanowski,98.82
1,Wskaźnik maskulinizacji,2016,gmina,Limanowa (miasto),powiat limanowski,97.11
1,Wskaźnik maskulinizacji,2016,gmina,Limanowa (wieś),powiat limanowski,100.06
1,Wskaźnik maskulinizacji,2016,gmina,Łukowica,powiat limanowski,98.74
1,Wskaźnik maskulinizacji,2016,gmina,Mszana Dolna (miasto),powiat limanowski,90.94
1,Wskaźnik maskulinizacji,2016,gmina,Mszana Dolna (wieś),powiat limanowski,105.09
1,Wskaźnik maskulinizacji,2016,gmina,Niedźwiedź,powiat limanowski,104.96
1,Wskaźnik maskulinizacji,2016,gmina,Słopnice,powiat limanowski,102.73
1,Wskaźnik maskulinizacji,2016,gmina,Tymbark,powiat limanowski,96.62
1,Wskaźnik maskulinizacji,2016,powiat,powiat m. Kraków,powiat m. Kraków,87.48
1,Wskaźnik maskulinizacji,2016,powiat,powiat m. Nowy Sącz,powiat m. Nowy Sącz,91.52
1,Wskaźnik maskulinizacji,2016,powiat,powiat m. Tarnów,powiat m. Tarnów,89.56
1,Wskaźnik maskulinizacji,2016,powiat,powiat miechowski,powiat miechowski,96.87
1,Wskaźnik maskulinizacji,2016,gmina,Charsznica,powiat miechowski,97.20
1,Wskaźnik maskulinizacji,2016,gmina,Gołcza,powiat miechowski,102.66
1,Wskaźnik maskulinizacji,2016,gmina,Kozłów,powiat miechowski,100.68
1,Wskaźnik maskulinizacji,2016,gmina,Książ Wielki,powiat miechowski,96.24
1,Wskaźnik maskulinizacji,2016,gmina,Miechów,powiat miechowski,92.69
1,Wskaźnik maskulinizacji,2016,gmina,Racławice,powiat miechowski,104.02
1,Wskaźnik maskulinizacji,2016,gmina,Słaboszów,powiat miechowski,101.39
1,Wskaźnik maskulinizacji,2016,powiat,powiat myślenicki,powiat myślenicki,98.44
1,Wskaźnik maskulinizacji,2016,gmina,Dobczyce,powiat myślenicki,98.08
1,Wskaźnik maskulinizacji,2016,gmina,Lubień,powiat myślenicki,97.08
1,Wskaźnik maskulinizacji,2016,gmina,Myślenice,powiat myślenicki,97.42
1,Wskaźnik maskulinizacji,2016,gmina,Pcim,powiat myślenicki,100.35
1,Wskaźnik maskulinizacji,2016,gmina,Raciechowice,powiat myślenicki,99.14
1,Wskaźnik maskulinizacji,2016,gmina,Siepraw,powiat myślenicki,98.05
1,Wskaźnik maskulinizacji,2016,gmina,Sułkowice,powiat myślenicki,96.70
1,Wskaźnik maskulinizacji,2016,gmina,Tokarnia,powiat myślenicki,104.96
1,Wskaźnik maskulinizacji,2016,gmina,Wiśniowa,powiat myślenicki,100.38
1,Wskaźnik maskulinizacji,2016,powiat,powiat nowosądecki,powiat nowosądecki,99.44
1,Wskaźnik maskulinizacji,2016,gmina,Podegrodzie,powiat nowosądecki,100.02
1,Wskaźnik maskulinizacji,2016,gmina,Rytro,powiat nowosądecki,100.31
1,Wskaźnik maskulinizacji,2016,gmina,Stary Sącz,powiat nowosądecki,99.14
1,Wskaźnik maskulinizacji,2016,gmina,Chełmiec,powiat nowosądecki,100.44
1,Wskaźnik maskulinizacji,2016,gmina,Gródek nad Dunajcem,powiat nowosądecki,103.08
1,Wskaźnik maskulinizacji,2016,gmina,Grybów (miasto),powiat nowosądecki,93.69
1,Wskaźnik maskulinizacji,2016,gmina,Grybów (wieś),powiat nowosądecki,100.72
1,Wskaźnik maskulinizacji,2016,gmina,Kamionka Wielka,powiat nowosądecki,97.70
1,Wskaźnik maskulinizacji,2016,gmina,Korzenna,powiat nowosądecki,102.96
1,Wskaźnik maskulinizacji,2016,gmina,Krynica-Zdrój,powiat nowosądecki,92.66
1,Wskaźnik maskulinizacji,2016,gmina,Łabowa,powiat nowosądecki,105.97
1,Wskaźnik maskulinizacji,2016,gmina,Łącko,powiat nowosądecki,102.16
1,Wskaźnik maskulinizacji,2016,gmina,Łososina Dolna,powiat nowosądecki,100.89
1,Wskaźnik maskulinizacji,2016,gmina,Muszyna,powiat nowosądecki,96.67
1,Wskaźnik maskulinizacji,2016,gmina,Nawojowa,powiat nowosądecki,97.85
1,Wskaźnik maskulinizacji,2016,gmina,Piwniczna-Zdrój,powiat nowosądecki,97.19
1,Wskaźnik maskulinizacji,2016,powiat,powiat nowotarski,powiat nowotarski,95.80
1,Wskaźnik maskulinizacji,2016,gmina,Czarny Dunajec,powiat nowotarski,96.44
1,Wskaźnik maskulinizacji,2016,gmina,Czorsztyn,powiat nowotarski,95.76
1,Wskaźnik maskulinizacji,2016,gmina,Jabłonka,powiat nowotarski,97.50
1,Wskaźnik maskulinizacji,2016,gmina,Krościenko nad Dunajcem,powiat nowotarski,94.37
1,Wskaźnik maskulinizacji,2016,gmina,Lipnica Wielka,powiat nowotarski,98.38
1,Wskaźnik maskulinizacji,2016,gmina,Łapsze Niżne,powiat nowotarski,98.91
1,Wskaźnik maskulinizacji,2016,gmina,Nowy Targ (miasto),powiat nowotarski,91.10
1,Wskaźnik maskulinizacji,2016,gmina,Nowy Targ (wieś),powiat nowotarski,98.04
1,Wskaźnik maskulinizacji,2016,gmina,Ochotnica Dolna,powiat nowotarski,98.95
1,Wskaźnik maskulinizacji,2016,gmina,Raba Wyżna,powiat nowotarski,98.65
1,Wskaźnik maskulinizacji,2016,gmina,Rabka-Zdrój,powiat nowotarski,91.87
1,Wskaźnik maskulinizacji,2016,gmina,Spytkowice,powiat nowotarski,98.42
1,Wskaźnik maskulinizacji,2016,gmina,Szaflary,powiat nowotarski,98.88
1,Wskaźnik maskulinizacji,2016,gmina,Szczawnica,powiat nowotarski,93.86
1,Wskaźnik maskulinizacji,2016,powiat,powiat olkuski,powiat olkuski,94.62
1,Wskaźnik maskulinizacji,2016,gmina,Bolesław,powiat olkuski,94.24
1,Wskaźnik maskulinizacji,2016,gmina,Bukowno,powiat olkuski,93.04
1,Wskaźnik maskulinizacji,2016,gmina,Klucze,powiat olkuski,94.61
1,Wskaźnik maskulinizacji,2016,gmina,Olkusz,powiat olkuski,93.62
1,Wskaźnik maskulinizacji,2016,gmina,Trzyciąż,powiat olkuski,101.71
1,Wskaźnik maskulinizacji,2016,gmina,Wolbrom,powiat olkuski,95.56
1,Wskaźnik maskulinizacji,2016,powiat,powiat oświęcimski,powiat oświęcimski,94.63
1,Wskaźnik maskulinizacji,2016,gmina,Brzeszcze,powiat oświęcimski,94.53
1,Wskaźnik maskulinizacji,2016,gmina,Chełmek,powiat oświęcimski,97.26
1,Wskaźnik maskulinizacji,2016,gmina,Kęty,powiat oświęcimski,95.26
1,Wskaźnik maskulinizacji,2016,gmina,Osiek,powiat oświęcimski,97.30
1,Wskaźnik maskulinizacji,2016,gmina,Oświęcim (miasto),powiat oświęcimski,90.39
1,Wskaźnik maskulinizacji,2016,gmina,Oświęcim (wieś),powiat oświęcimski,96.27
1,Wskaźnik maskulinizacji,2016,gmina,Polanka Wielka,powiat oświęcimski,97.39
1,Wskaźnik maskulinizacji,2016,gmina,Przeciszów,powiat oświęcimski,96.49
1,Wskaźnik maskulinizacji,2016,gmina,Zator,powiat oświęcimski,99.08
1,Wskaźnik maskulinizacji,2016,powiat,powiat proszowicki,powiat proszowicki,96.94
1,Wskaźnik maskulinizacji,2016,gmina,Koniusza,powiat proszowicki,98.76
1,Wskaźnik maskulinizacji,2016,gmina,Koszyce,powiat proszowicki,93.84
1,Wskaźnik maskulinizacji,2016,gmina,Nowe Brzesko,powiat proszowicki,98.10
1,Wskaźnik maskulinizacji,2016,gmina,Pałecznica,powiat proszowicki,99.29
1,Wskaźnik maskulinizacji,2016,gmina,Proszowice,powiat proszowicki,95.54
1,Wskaźnik maskulinizacji,2016,gmina,Radziemice,powiat proszowicki,99.65
1,Wskaźnik maskulinizacji,2016,powiat,powiat suski,powiat suski,98.36
1,Wskaźnik maskulinizacji,2016,gmina,Budzów,powiat suski,99.93
1,Wskaźnik maskulinizacji,2016,gmina,Bystra-Sidzina,powiat suski,100.21
1,Wskaźnik maskulinizacji,2016,gmina,Jordanów (miasto),powiat suski,93.04
1,Wskaźnik maskulinizacji,2016,gmina,Jordanów (wieś),powiat suski,101.17
1,Wskaźnik maskulinizacji,2016,gmina,Maków Podhalański,powiat suski,96.37
1,Wskaźnik maskulinizacji,2016,gmina,Stryszawa,powiat suski,96.58
1,Wskaźnik maskulinizacji,2016,gmina,Sucha Beskidzka,powiat suski,94.82
1,Wskaźnik maskulinizacji,2016,gmina,Zawoja,powiat suski,105.45
1,Wskaźnik maskulinizacji,2016,gmina,Zembrzyce,powiat suski,98.02
1,Wskaźnik maskulinizacji,2016,powiat,powiat tarnowski,powiat tarnowski,98.47
1,Wskaźnik maskulinizacji,2016,gmina,Ciężkowice,powiat tarnowski,101.22
1,Wskaźnik maskulinizacji,2016,gmina,Gromnik,powiat tarnowski,100.48
1,Wskaźnik maskulinizacji,2016,gmina,Lisia Góra,powiat tarnowski,97.77
1,Wskaźnik maskulinizacji,2016,gmina,Pleśna,powiat tarnowski,99.57
1,Wskaźnik maskulinizacji,2016,gmina,Radłów,powiat tarnowski,97.19
1,Wskaźnik maskulinizacji,2016,gmina,Ryglice,powiat tarnowski,98.61
1,Wskaźnik maskulinizacji,2016,gmina,Rzepiennik Strzyżewski,powiat tarnowski,98.94
1,Wskaźnik maskulinizacji,2016,gmina,Skrzyszów,powiat tarnowski,98.34
1,Wskaźnik maskulinizacji,2016,gmina,Szerzyny,powiat tarnowski,101.90
1,Wskaźnik maskulinizacji,2016,gmina,Tarnów (wieś),powiat tarnowski,97.70
1,Wskaźnik maskulinizacji,2016,gmina,Tuchów,powiat tarnowski,98.38
1,Wskaźnik maskulinizacji,2016,gmina,Wierzchosławice,powiat tarnowski,95.54
1,Wskaźnik maskulinizacji,2016,gmina,Wietrzychowice,powiat tarnowski,102.69
1,Wskaźnik maskulinizacji,2016,gmina,Wojnicz,powiat tarnowski,98.93
1,Wskaźnik maskulinizacji,2016,gmina,Zakliczyn,powiat tarnowski,98.80
1,Wskaźnik maskulinizacji,2016,gmina,Żabno,powiat tarnowski,96.39
1,Wskaźnik maskulinizacji,2016,powiat,powiat tatrzański,powiat tatrzański,93.19
1,Wskaźnik maskulinizacji,2016,gmina,Biały Dunajec,powiat tatrzański,95.30
1,Wskaźnik maskulinizacji,2016,gmina,Bukowina Tatrzańska,powiat tatrzański,98.67
1,Wskaźnik maskulinizacji,2016,gmina,Kościelisko,powiat tatrzański,96.15
1,Wskaźnik maskulinizacji,2016,gmina,Poronin,powiat tatrzański,98.02
1,Wskaźnik maskulinizacji,2016,gmina,Zakopane,powiat tatrzański,87.33
1,Wskaźnik maskulinizacji,2016,powiat,powiat wadowicki,powiat wadowicki,96.07
1,Wskaźnik maskulinizacji,2016,gmina,Andrychów,powiat wadowicki,95.96
1,Wskaźnik maskulinizacji,2016,gmina,Brzeźnica,powiat wadowicki,95.40
1,Wskaźnik maskulinizacji,2016,gmina,Kalwaria Zebrzydowska,powiat wadowicki,96.76
1,Wskaźnik maskulinizacji,2016,gmina,Lanckorona,powiat wadowicki,94.71
1,Wskaźnik maskulinizacji,2016,gmina,Mucharz,powiat wadowicki,99.51
1,Wskaźnik maskulinizacji,2016,gmina,Spytkowice,powiat wadowicki,94.98
1,Wskaźnik maskulinizacji,2016,gmina,Stryszów,powiat wadowicki,97.07
1,Wskaźnik maskulinizacji,2016,gmina,Tomice,powiat wadowicki,97.27
1,Wskaźnik maskulinizacji,2016,gmina,Wadowice,powiat wadowicki,93.82
1,Wskaźnik maskulinizacji,2016,gmina,Wieprz,powiat wadowicki,102.30
1,Wskaźnik maskulinizacji,2016,powiat,powiat wielicki,powiat wielicki,95.46
1,Wskaźnik maskulinizacji,2016,gmina,Biskupice,powiat wielicki,96.01
1,Wskaźnik maskulinizacji,2016,gmina,Gdów,powiat wielicki,99.68
1,Wskaźnik maskulinizacji,2016,gmina,Kłaj,powiat wielicki,96.91
1,Wskaźnik maskulinizacji,2016,gmina,Niepołomice,powiat wielicki,93.58
1,Wskaźnik maskulinizacji,2016,gmina,Wieliczka,powiat wielicki,94.72
1,Wskaźnik maskulinizacji,2015,powiat,powiat bocheński,powiat bocheński,97.26
1,Wskaźnik maskulinizacji,2015,gmina,Bochnia (miasto),powiat bocheński,92.46
1,Wskaźnik maskulinizacji,2015,gmina,Bochnia (wieś),powiat bocheński,98.33
1,Wskaźnik maskulinizacji,2015,gmina,Drwinia,powiat bocheński,98.81
1,Wskaźnik maskulinizacji,2015,gmina,Lipnica Murowana,powiat bocheński,102.64
1,Wskaźnik maskulinizacji,2015,gmina,Łapanów,powiat bocheński,100.51
1,Wskaźnik maskulinizacji,2015,gmina,Nowy Wiśnicz,powiat bocheński,100.57
1,Wskaźnik maskulinizacji,2015,gmina,Rzezawa,powiat bocheński,97.85
1,Wskaźnik maskulinizacji,2015,gmina,Trzciana,powiat bocheński,97.17
1,Wskaźnik maskulinizacji,2015,gmina,Żegocina,powiat bocheński,99.45
1,Wskaźnik maskulinizacji,2015,powiat,powiat brzeski,powiat brzeski,97.95
1,Wskaźnik maskulinizacji,2015,gmina,Borzęcin,powiat brzeski,98.51
1,Wskaźnik maskulinizacji,2015,gmina,Brzesko,powiat brzeski,96.66
1,Wskaźnik maskulinizacji,2015,gmina,Czchów,powiat brzeski,98.32
1,Wskaźnik maskulinizacji,2015,gmina,Dębno,powiat brzeski,98.06
1,Wskaźnik maskulinizacji,2015,gmina,Gnojnik,powiat brzeski,102.28
1,Wskaźnik maskulinizacji,2015,gmina,Iwkowa,powiat brzeski,96.88
1,Wskaźnik maskulinizacji,2015,gmina,Szczurowa,powiat brzeski,99.09
1,Wskaźnik maskulinizacji,2015,powiat,powiat chrzanowski,powiat chrzanowski,93.91
1,Wskaźnik maskulinizacji,2015,gmina,Alwernia,powiat chrzanowski,97.11
1,Wskaźnik maskulinizacji,2015,gmina,Babice,powiat chrzanowski,95.71
1,Wskaźnik maskulinizacji,2015,gmina,Chrzanów,powiat chrzanowski,91.73
1,Wskaźnik maskulinizacji,2015,gmina,Libiąż,powiat chrzanowski,94.68
1,Wskaźnik maskulinizacji,2015,gmina,Trzebinia,powiat chrzanowski,94.86
1,Wskaźnik maskulinizacji,2015,powiat,powiat dąbrowski,powiat dąbrowski,99.34
1,Wskaźnik maskulinizacji,2015,gmina,Bolesław,powiat dąbrowski,94.56
1,Wskaźnik maskulinizacji,2015,gmina,Dąbrowa Tarnowska,powiat dąbrowski,99.00
1,Wskaźnik maskulinizacji,2015,gmina,Gręboszów,powiat dąbrowski,95.80
1,Wskaźnik maskulinizacji,2015,gmina,Mędrzechów,powiat dąbrowski,96.13
1,Wskaźnik maskulinizacji,2015,gmina,Olesno,powiat dąbrowski,98.84
1,Wskaźnik maskulinizacji,2015,gmina,Radgoszcz,powiat dąbrowski,101.49
1,Wskaźnik maskulinizacji,2015,gmina,Szczucin,powiat dąbrowski,100.30
1,Wskaźnik maskulinizacji,2015,powiat,powiat gorlicki,powiat gorlicki,98.13
1,Wskaźnik maskulinizacji,2015,gmina,Biecz,powiat gorlicki,97.52
1,Wskaźnik maskulinizacji,2015,gmina,Bobowa,powiat gorlicki,102.78
1,Wskaźnik maskulinizacji,2015,gmina,Gorlice (miasto),powiat gorlicki,92.26
1,Wskaźnik maskulinizacji,2015,gmina,Gorlice (wieś),powiat gorlicki,100.46
1,Wskaźnik maskulinizacji,2015,gmina,Lipinki,powiat gorlicki,96.52
1,Wskaźnik maskulinizacji,2015,gmina,Łużna,powiat gorlicki,104.23
1,Wskaźnik maskulinizacji,2015,gmina,Moszczenica,powiat gorlicki,100.37
1,Wskaźnik maskulinizacji,2015,gmina,Ropa,powiat gorlicki,101.54
1,Wskaźnik maskulinizacji,2015,gmina,Sękowa,powiat gorlicki,98.45
1,Wskaźnik maskulinizacji,2015,gmina,Uście Gorlickie,powiat gorlicki,102.17
1,Wskaźnik maskulinizacji,2015,powiat,powiat krakowski,powiat krakowski,96.03
1,Wskaźnik maskulinizacji,2015,gmina,Czernichów,powiat krakowski,97.30
1,Wskaźnik maskulinizacji,2015,gmina,Igołomia-Wawrzeńczyce,powiat krakowski,97.29
1,Wskaźnik maskulinizacji,2015,gmina,Iwanowice,powiat krakowski,101.66
1,Wskaźnik maskulinizacji,2015,gmina,Jerzmanowice-Przeginia,powiat krakowski,98.79
1,Wskaźnik maskulinizacji,2015,gmina,Kocmyrzów-Luborzyca,powiat krakowski,98.80
1,Wskaźnik maskulinizacji,2015,gmina,Krzeszowice,powiat krakowski,93.27
1,Wskaźnik maskulinizacji,2015,gmina,Liszki,powiat krakowski,96.09
1,Wskaźnik maskulinizacji,2015,gmina,Michałowice,powiat krakowski,99.38
1,Wskaźnik maskulinizacji,2015,gmina,Mogilany,powiat krakowski,95.32
1,Wskaźnik maskulinizacji,2015,gmina,Skała,powiat krakowski,102.38
1,Wskaźnik maskulinizacji,2015,gmina,Skawina,powiat krakowski,93.73
1,Wskaźnik maskulinizacji,2015,gmina,Słomniki,powiat krakowski,94.72
1,Wskaźnik maskulinizacji,2015,gmina,Sułoszowa,powiat krakowski,101.03
1,Wskaźnik maskulinizacji,2015,gmina,Świątniki Górne,powiat krakowski,97.81
1,Wskaźnik maskulinizacji,2015,gmina,Wielka Wieś,powiat krakowski,95.73
1,Wskaźnik maskulinizacji,2015,gmina,Zabierzów,powiat krakowski,94.09
1,Wskaźnik maskulinizacji,2015,gmina,Zielonki,powiat krakowski,95.09
1,Wskaźnik maskulinizacji,2015,powiat,powiat limanowski,powiat limanowski,99.93
1,Wskaźnik maskulinizacji,2015,gmina,Dobra,powiat limanowski,100.00
1,Wskaźnik maskulinizacji,2015,gmina,Jodłownik,powiat limanowski,100.07
1,Wskaźnik maskulinizacji,2015,gmina,Kamienica,powiat limanowski,101.00
1,Wskaźnik maskulinizacji,2015,gmina,Laskowa,powiat limanowski,98.61
1,Wskaźnik maskulinizacji,2015,gmina,Limanowa (miasto),powiat limanowski,96.95
1,Wskaźnik maskulinizacji,2015,gmina,Limanowa (wieś),powiat limanowski,100.15
1,Wskaźnik maskulinizacji,2015,gmina,Łukowica,powiat limanowski,99.62
1,Wskaźnik maskulinizacji,2015,gmina,Mszana Dolna (miasto),powiat limanowski,91.40
1,Wskaźnik maskulinizacji,2015,gmina,Mszana Dolna (wieś),powiat limanowski,105.17
1,Wskaźnik maskulinizacji,2015,gmina,Niedźwiedź,powiat limanowski,105.35
1,Wskaźnik maskulinizacji,2015,gmina,Słopnice,powiat limanowski,102.13
1,Wskaźnik maskulinizacji,2015,gmina,Tymbark,powiat limanowski,95.89
1,Wskaźnik maskulinizacji,2015,powiat,powiat m. Kraków,powiat m. Kraków,87.40
1,Wskaźnik maskulinizacji,2015,powiat,powiat m. Nowy Sącz,powiat m. Nowy Sącz,91.67
1,Wskaźnik maskulinizacji,2015,powiat,powiat m. Tarnów,powiat m. Tarnów,89.67
1,Wskaźnik maskulinizacji,2015,powiat,powiat miechowski,powiat miechowski,96.72
1,Wskaźnik maskulinizacji,2015,gmina,Charsznica,powiat miechowski,97.06
1,Wskaźnik maskulinizacji,2015,gmina,Gołcza,powiat miechowski,102.40
1,Wskaźnik maskulinizacji,2015,gmina,Kozłów,powiat miechowski,100.21
1,Wskaźnik maskulinizacji,2015,gmina,Książ Wielki,powiat miechowski,96.57
1,Wskaźnik maskulinizacji,2015,gmina,Miechów,powiat miechowski,92.41
1,Wskaźnik maskulinizacji,2015,gmina,Racławice,powiat miechowski,103.48
1,Wskaźnik maskulinizacji,2015,gmina,Słaboszów,powiat miechowski,102.10
1,Wskaźnik maskulinizacji,2015,powiat,powiat myślenicki,powiat myślenicki,98.40
1,Wskaźnik maskulinizacji,2015,gmina,Dobczyce,powiat myślenicki,98.14
1,Wskaźnik maskulinizacji,2015,gmina,Lubień,powiat myślenicki,97.34
1,Wskaźnik maskulinizacji,2015,gmina,Myślenice,powiat myślenicki,97.03
1,Wskaźnik maskulinizacji,2015,gmina,Pcim,powiat myślenicki,100.77
1,Wskaźnik maskulinizacji,2015,gmina,Raciechowice,powiat myślenicki,99.39
1,Wskaźnik maskulinizacji,2015,gmina,Siepraw,powiat myślenicki,98.32
1,Wskaźnik maskulinizacji,2015,gmina,Sułkowice,powiat myślenicki,96.53
1,Wskaźnik maskulinizacji,2015,gmina,Tokarnia,powiat myślenicki,104.99
1,Wskaźnik maskulinizacji,2015,gmina,Wiśniowa,powiat myślenicki,100.72
1,Wskaźnik maskulinizacji,2015,powiat,powiat nowosądecki,powiat nowosądecki,99.38
1,Wskaźnik maskulinizacji,2015,gmina,Podegrodzie,powiat nowosądecki,99.89
1,Wskaźnik maskulinizacji,2015,gmina,Rytro,powiat nowosądecki,100.47
1,Wskaźnik maskulinizacji,2015,gmina,Stary Sącz,powiat nowosądecki,99.29
1,Wskaźnik maskulinizacji,2015,gmina,Chełmiec,powiat nowosądecki,100.75
1,Wskaźnik maskulinizacji,2015,gmina,Gródek nad Dunajcem,powiat nowosądecki,102.95
1,Wskaźnik maskulinizacji,2015,gmina,Grybów (miasto),powiat nowosądecki,93.63
1,Wskaźnik maskulinizacji,2015,gmina,Grybów (wieś),powiat nowosądecki,101.03
1,Wskaźnik maskulinizacji,2015,gmina,Kamionka Wielka,powiat nowosądecki,97.55
1,Wskaźnik maskulinizacji,2015,gmina,Korzenna,powiat nowosądecki,103.20
1,Wskaźnik maskulinizacji,2015,gmina,Krynica-Zdrój,powiat nowosądecki,92.57
1,Wskaźnik maskulinizacji,2015,gmina,Łabowa,powiat nowosądecki,105.02
1,Wskaźnik maskulinizacji,2015,gmina,Łącko,powiat nowosądecki,101.53
1,Wskaźnik maskulinizacji,2015,gmina,Łososina Dolna,powiat nowosądecki,100.48
1,Wskaźnik maskulinizacji,2015,gmina,Muszyna,powiat nowosądecki,95.94
1,Wskaźnik maskulinizacji,2015,gmina,Nawojowa,powiat nowosądecki,98.29
1,Wskaźnik maskulinizacji,2015,gmina,Piwniczna-Zdrój,powiat nowosądecki,96.88
1,Wskaźnik maskulinizacji,2015,powiat,powiat nowotarski,powiat nowotarski,95.91
1,Wskaźnik maskulinizacji,2015,gmina,Czarny Dunajec,powiat nowotarski,96.50
1,Wskaźnik maskulinizacji,2015,gmina,Czorsztyn,powiat nowotarski,95.33
1,Wskaźnik maskulinizacji,2015,gmina,Jabłonka,powiat nowotarski,97.51
1,Wskaźnik maskulinizacji,2015,gmina,Krościenko nad Dunajcem,powiat nowotarski,94.89
1,Wskaźnik maskulinizacji,2015,gmina,Lipnica Wielka,powiat nowotarski,97.85
1,Wskaźnik maskulinizacji,2015,gmina,Łapsze Niżne,powiat nowotarski,99.50
1,Wskaźnik maskulinizacji,2015,gmina,Nowy Targ (miasto),powiat nowotarski,91.11
1,Wskaźnik maskulinizacji,2015,gmina,Nowy Targ (wieś),powiat nowotarski,98.14
1,Wskaźnik maskulinizacji,2015,gmina,Ochotnica Dolna,powiat nowotarski,99.58
1,Wskaźnik maskulinizacji,2015,gmina,Raba Wyżna,powiat nowotarski,98.38
1,Wskaźnik maskulinizacji,2015,gmina,Rabka-Zdrój,powiat nowotarski,92.04
1,Wskaźnik maskulinizacji,2015,gmina,Spytkowice,powiat nowotarski,94.79
1,Wskaźnik maskulinizacji,2015,gmina,Szaflary,powiat nowotarski,99.94
1,Wskaźnik maskulinizacji,2015,gmina,Szczawnica,powiat nowotarski,93.87
1,Wskaźnik maskulinizacji,2015,powiat,powiat olkuski,powiat olkuski,94.78
1,Wskaźnik maskulinizacji,2015,gmina,Bolesław,powiat olkuski,101.61
1,Wskaźnik maskulinizacji,2015,gmina,Bukowno,powiat olkuski,93.36
1,Wskaźnik maskulinizacji,2015,gmina,Klucze,powiat olkuski,94.74
1,Wskaźnik maskulinizacji,2015,gmina,Olkusz,powiat olkuski,93.71
1,Wskaźnik maskulinizacji,2015,gmina,Trzyciąż,powiat olkuski,101.68
1,Wskaźnik maskulinizacji,2015,gmina,Wolbrom,powiat olkuski,95.81
1,Wskaźnik maskulinizacji,2015,powiat,powiat oświęcimski,powiat oświęcimski,94.60
1,Wskaźnik maskulinizacji,2015,gmina,Brzeszcze,powiat oświęcimski,94.64
1,Wskaźnik maskulinizacji,2015,gmina,Chełmek,powiat oświęcimski,97.41
1,Wskaźnik maskulinizacji,2015,gmina,Kęty,powiat oświęcimski,95.27
1,Wskaźnik maskulinizacji,2015,gmina,Osiek,powiat oświęcimski,97.85
1,Wskaźnik maskulinizacji,2015,gmina,Oświęcim (miasto),powiat oświęcimski,90.26
1,Wskaźnik maskulinizacji,2015,gmina,Oświęcim (wieś),powiat oświęcimski,96.00
1,Wskaźnik maskulinizacji,2015,gmina,Polanka Wielka,powiat oświęcimski,96.96
1,Wskaźnik maskulinizacji,2015,gmina,Przeciszów,powiat oświęcimski,95.78
1,Wskaźnik maskulinizacji,2015,gmina,Zator,powiat oświęcimski,99.49
1,Wskaźnik maskulinizacji,2015,powiat,powiat proszowicki,powiat proszowicki,97.03
1,Wskaźnik maskulinizacji,2015,gmina,Koniusza,powiat proszowicki,99.24
1,Wskaźnik maskulinizacji,2015,gmina,Koszyce,powiat proszowicki,93.95
1,Wskaźnik maskulinizacji,2015,gmina,Nowe Brzesko,powiat proszowicki,98.31
1,Wskaźnik maskulinizacji,2015,gmina,Pałecznica,powiat proszowicki,100.00
1,Wskaźnik maskulinizacji,2015,gmina,Proszowice,powiat proszowicki,95.33
1,Wskaźnik maskulinizacji,2015,gmina,Radziemice,powiat proszowicki,99.48
1,Wskaźnik maskulinizacji,2015,powiat,powiat suski,powiat suski,98.18
1,Wskaźnik maskulinizacji,2015,gmina,Budzów,powiat suski,99.91
1,Wskaźnik maskulinizacji,2015,gmina,Bystra-Sidzina,powiat suski,100.12
1,Wskaźnik maskulinizacji,2015,gmina,Jordanów (miasto),powiat suski,93.11
1,Wskaźnik maskulinizacji,2015,gmina,Jordanów (wieś),powiat suski,101.52
1,Wskaźnik maskulinizacji,2015,gmina,Maków Podhalański,powiat suski,96.60
1,Wskaźnik maskulinizacji,2015,gmina,Stryszawa,powiat suski,95.92
1,Wskaźnik maskulinizacji,2015,gmina,Sucha Beskidzka,powiat suski,94.55
1,Wskaźnik maskulinizacji,2015,gmina,Zawoja,powiat suski,104.75
1,Wskaźnik maskulinizacji,2015,gmina,Zembrzyce,powiat suski,96.99
1,Wskaźnik maskulinizacji,2015,powiat,powiat tarnowski,powiat tarnowski,98.55
1,Wskaźnik maskulinizacji,2015,gmina,Ciężkowice,powiat tarnowski,101.02
1,Wskaźnik maskulinizacji,2015,gmina,Gromnik,powiat tarnowski,100.75
1,Wskaźnik maskulinizacji,2015,gmina,Lisia Góra,powiat tarnowski,98.03
1,Wskaźnik maskulinizacji,2015,gmina,Pleśna,powiat tarnowski,99.98
1,Wskaźnik maskulinizacji,2015,gmina,Radłów,powiat tarnowski,97.14
1,Wskaźnik maskulinizacji,2015,gmina,Ryglice,powiat tarnowski,98.61
1,Wskaźnik maskulinizacji,2015,gmina,Rzepiennik Strzyżewski,powiat tarnowski,98.77
1,Wskaźnik maskulinizacji,2015,gmina,Skrzyszów,powiat tarnowski,97.84
1,Wskaźnik maskulinizacji,2015,gmina,Szerzyny,powiat tarnowski,102.15
1,Wskaźnik maskulinizacji,2015,gmina,Tarnów (wieś),powiat tarnowski,97.78
1,Wskaźnik maskulinizacji,2015,gmina,Tuchów,powiat tarnowski,98.44
1,Wskaźnik maskulinizacji,2015,gmina,Wierzchosławice,powiat tarnowski,96.32
1,Wskaźnik maskulinizacji,2015,gmina,Wietrzychowice,powiat tarnowski,103.00
1,Wskaźnik maskulinizacji,2015,gmina,Wojnicz,powiat tarnowski,98.64
1,Wskaźnik maskulinizacji,2015,gmina,Zakliczyn,powiat tarnowski,98.78
1,Wskaźnik maskulinizacji,2015,gmina,Żabno,powiat tarnowski,96.56
1,Wskaźnik maskulinizacji,2015,powiat,powiat tatrzański,powiat tatrzański,92.99
1,Wskaźnik maskulinizacji,2015,gmina,Biały Dunajec,powiat tatrzański,95.33
1,Wskaźnik maskulinizacji,2015,gmina,Bukowina Tatrzańska,powiat tatrzański,98.97
1,Wskaźnik maskulinizacji,2015,gmina,Kościelisko,powiat tatrzański,95.99
1,Wskaźnik maskulinizacji,2015,gmina,Poronin,powiat tatrzański,98.02
1,Wskaźnik maskulinizacji,2015,gmina,Zakopane,powiat tatrzański,86.83
1,Wskaźnik maskulinizacji,2015,powiat,powiat wadowicki,powiat wadowicki,96.05
1,Wskaźnik maskulinizacji,2015,gmina,Andrychów,powiat wadowicki,96.04
1,Wskaźnik maskulinizacji,2015,gmina,Brzeźnica,powiat wadowicki,95.21
1,Wskaźnik maskulinizacji,2015,gmina,Kalwaria Zebrzydowska,powiat wadowicki,97.16
1,Wskaźnik maskulinizacji,2015,gmina,Lanckorona,powiat wadowicki,94.87
1,Wskaźnik maskulinizacji,2015,gmina,Mucharz,powiat wadowicki,100.20
1,Wskaźnik maskulinizacji,2015,gmina,Spytkowice,powiat wadowicki,98.63
1,Wskaźnik maskulinizacji,2015,gmina,Stryszów,powiat wadowicki,96.94
1,Wskaźnik maskulinizacji,2015,gmina,Tomice,powiat wadowicki,97.31
1,Wskaźnik maskulinizacji,2015,gmina,Wadowice,powiat wadowicki,93.45
1,Wskaźnik maskulinizacji,2015,gmina,Wieprz,powiat wadowicki,102.39
1,Wskaźnik maskulinizacji,2015,powiat,powiat wielicki,powiat wielicki,95.43
1,Wskaźnik maskulinizacji,2015,gmina,Biskupice,powiat wielicki,95.56
1,Wskaźnik maskulinizacji,2015,gmina,Gdów,powiat wielicki,99.21
1,Wskaźnik maskulinizacji,2015,gmina,Kłaj,powiat wielicki,96.30
1,Wskaźnik maskulinizacji,2015,gmina,Niepołomice,powiat wielicki,93.62
1,Wskaźnik maskulinizacji,2015,gmina,Wieliczka,powiat wielicki,94.94
1,Wskaźnik maskulinizacji,2014,powiat,powiat bocheński,powiat bocheński,97.19
1,Wskaźnik maskulinizacji,2014,gmina,Bochnia (miasto),powiat bocheński,92.33
1,Wskaźnik maskulinizacji,2014,gmina,Bochnia (wieś),powiat bocheński,98.01
1,Wskaźnik maskulinizacji,2014,gmina,Drwinia,powiat bocheński,99.02
1,Wskaźnik maskulinizacji,2014,gmina,Lipnica Murowana,powiat bocheński,102.94
1,Wskaźnik maskulinizacji,2014,gmina,Łapanów,powiat bocheński,100.48
1,Wskaźnik maskulinizacji,2014,gmina,Nowy Wiśnicz,powiat bocheński,100.56
1,Wskaźnik maskulinizacji,2014,gmina,Rzezawa,powiat bocheński,97.90
1,Wskaźnik maskulinizacji,2014,gmina,Trzciana,powiat bocheński,97.48
1,Wskaźnik maskulinizacji,2014,gmina,Żegocina,powiat bocheński,99.30
1,Wskaźnik maskulinizacji,2014,powiat,powiat brzeski,powiat brzeski,98.00
1,Wskaźnik maskulinizacji,2014,gmina,Borzęcin,powiat brzeski,98.31
1,Wskaźnik maskulinizacji,2014,gmina,Brzesko,powiat brzeski,96.51
1,Wskaźnik maskulinizacji,2014,gmina,Czchów,powiat brzeski,98.37
1,Wskaźnik maskulinizacji,2014,gmina,Dębno,powiat brzeski,98.66
1,Wskaźnik maskulinizacji,2014,gmina,Gnojnik,powiat brzeski,101.90
1,Wskaźnik maskulinizacji,2014,gmina,Iwkowa,powiat brzeski,96.96
1,Wskaźnik maskulinizacji,2014,gmina,Szczurowa,powiat brzeski,99.57
1,Wskaźnik maskulinizacji,2014,powiat,powiat chrzanowski,powiat chrzanowski,93.95
1,Wskaźnik maskulinizacji,2014,gmina,Alwernia,powiat chrzanowski,97.59
1,Wskaźnik maskulinizacji,2014,gmina,Babice,powiat chrzanowski,95.47
1,Wskaźnik maskulinizacji,2014,gmina,Chrzanów,powiat chrzanowski,91.89
1,Wskaźnik maskulinizacji,2014,gmina,Libiąż,powiat chrzanowski,94.43
1,Wskaźnik maskulinizacji,2014,gmina,Trzebinia,powiat chrzanowski,94.82
1,Wskaźnik maskulinizacji,2014,powiat,powiat dąbrowski,powiat dąbrowski,99.19
1,Wskaźnik maskulinizacji,2014,gmina,Bolesław,powiat dąbrowski,102.04
1,Wskaźnik maskulinizacji,2014,gmina,Dąbrowa Tarnowska,powiat dąbrowski,98.58
1,Wskaźnik maskulinizacji,2014,gmina,Gręboszów,powiat dąbrowski,96.14
1,Wskaźnik maskulinizacji,2014,gmina,Mędrzechów,powiat dąbrowski,96.16
1,Wskaźnik maskulinizacji,2014,gmina,Olesno,powiat dąbrowski,98.74
1,Wskaźnik maskulinizacji,2014,gmina,Radgoszcz,powiat dąbrowski,101.61
1,Wskaźnik maskulinizacji,2014,gmina,Szczucin,powiat dąbrowski,100.12
1,Wskaźnik maskulinizacji,2014,powiat,powiat gorlicki,powiat gorlicki,97.90
1,Wskaźnik maskulinizacji,2014,gmina,Biecz,powiat gorlicki,97.42
1,Wskaźnik maskulinizacji,2014,gmina,Bobowa,powiat gorlicki,102.42
1,Wskaźnik maskulinizacji,2014,gmina,Gorlice (miasto),powiat gorlicki,92.24
1,Wskaźnik maskulinizacji,2014,gmina,Gorlice (wieś),powiat gorlicki,100.15
1,Wskaźnik maskulinizacji,2014,gmina,Lipinki,powiat gorlicki,95.73
1,Wskaźnik maskulinizacji,2014,gmina,Łużna,powiat gorlicki,104.37
1,Wskaźnik maskulinizacji,2014,gmina,Moszczenica,powiat gorlicki,99.92
1,Wskaźnik maskulinizacji,2014,gmina,Ropa,powiat gorlicki,101.35
1,Wskaźnik maskulinizacji,2014,gmina,Sękowa,powiat gorlicki,97.28
1,Wskaźnik maskulinizacji,2014,gmina,Uście Gorlickie,powiat gorlicki,102.40
1,Wskaźnik maskulinizacji,2014,powiat,powiat krakowski,powiat krakowski,95.82
1,Wskaźnik maskulinizacji,2014,gmina,Czernichów,powiat krakowski,97.72
1,Wskaźnik maskulinizacji,2014,gmina,Igołomia-Wawrzeńczyce,powiat krakowski,97.44
1,Wskaźnik maskulinizacji,2014,gmina,Iwanowice,powiat krakowski,101.26
1,Wskaźnik maskulinizacji,2014,gmina,Jerzmanowice-Przeginia,powiat krakowski,97.97
1,Wskaźnik maskulinizacji,2014,gmina,Kocmyrzów-Luborzyca,powiat krakowski,99.07
1,Wskaźnik maskulinizacji,2014,gmina,Krzeszowice,powiat krakowski,93.14
1,Wskaźnik maskulinizacji,2014,gmina,Liszki,powiat krakowski,96.02
1,Wskaźnik maskulinizacji,2014,gmina,Michałowice,powiat krakowski,99.49
1,Wskaźnik maskulinizacji,2014,gmina,Mogilany,powiat krakowski,94.72
1,Wskaźnik maskulinizacji,2014,gmina,Skała,powiat krakowski,102.50
1,Wskaźnik maskulinizacji,2014,gmina,Skawina,powiat krakowski,93.51
1,Wskaźnik maskulinizacji,2014,gmina,Słomniki,powiat krakowski,94.32
1,Wskaźnik maskulinizacji,2014,gmina,Sułoszowa,powiat krakowski,101.95
1,Wskaźnik maskulinizacji,2014,gmina,Świątniki Górne,powiat krakowski,97.11
1,Wskaźnik maskulinizacji,2014,gmina,Wielka Wieś,powiat krakowski,95.41
1,Wskaźnik maskulinizacji,2014,gmina,Zabierzów,powiat krakowski,93.66
1,Wskaźnik maskulinizacji,2014,gmina,Zielonki,powiat krakowski,94.65
1,Wskaźnik maskulinizacji,2014,powiat,powiat limanowski,powiat limanowski,100.10
1,Wskaźnik maskulinizacji,2014,gmina,Dobra,powiat limanowski,99.70
1,Wskaźnik maskulinizacji,2014,gmina,Jodłownik,powiat limanowski,99.81
1,Wskaźnik maskulinizacji,2014,gmina,Kamienica,powiat limanowski,101.29
1,Wskaźnik maskulinizacji,2014,gmina,Laskowa,powiat limanowski,99.77
1,Wskaźnik maskulinizacji,2014,gmina,Limanowa (miasto),powiat limanowski,97.64
1,Wskaźnik maskulinizacji,2014,gmina,Limanowa (wieś),powiat limanowski,100.09
1,Wskaźnik maskulinizacji,2014,gmina,Łukowica,powiat limanowski,99.57
1,Wskaźnik maskulinizacji,2014,gmina,Mszana Dolna (miasto),powiat limanowski,91.09
1,Wskaźnik maskulinizacji,2014,gmina,Mszana Dolna (wieś),powiat limanowski,105.32
1,Wskaźnik maskulinizacji,2014,gmina,Niedźwiedź,powiat limanowski,104.96
1,Wskaźnik maskulinizacji,2014,gmina,Słopnice,powiat limanowski,102.68
1,Wskaźnik maskulinizacji,2014,gmina,Tymbark,powiat limanowski,96.79
1,Wskaźnik maskulinizacji,2014,powiat,powiat m. Kraków,powiat m. Kraków,87.36
1,Wskaźnik maskulinizacji,2014,powiat,powiat m. Nowy Sącz,powiat m. Nowy Sącz,91.69
1,Wskaźnik maskulinizacji,2014,powiat,powiat m. Tarnów,powiat m. Tarnów,89.61
1,Wskaźnik maskulinizacji,2014,powiat,powiat miechowski,powiat miechowski,96.75
1,Wskaźnik maskulinizacji,2014,gmina,Charsznica,powiat miechowski,97.43
1,Wskaźnik maskulinizacji,2014,gmina,Gołcza,powiat miechowski,102.32
1,Wskaźnik maskulinizacji,2014,gmina,Kozłów,powiat miechowski,100.51
1,Wskaźnik maskulinizacji,2014,gmina,Książ Wielki,powiat miechowski,96.12
1,Wskaźnik maskulinizacji,2014,gmina,Miechów,powiat miechowski,92.54
1,Wskaźnik maskulinizacji,2014,gmina,Racławice,powiat miechowski,102.30
1,Wskaźnik maskulinizacji,2014,gmina,Słaboszów,powiat miechowski,102.14
1,Wskaźnik maskulinizacji,2014,powiat,powiat myślenicki,powiat myślenicki,98.48
1,Wskaźnik maskulinizacji,2014,gmina,Dobczyce,powiat myślenicki,98.32
1,Wskaźnik maskulinizacji,2014,gmina,Lubień,powiat myślenicki,97.03
1,Wskaźnik maskulinizacji,2014,gmina,Myślenice,powiat myślenicki,96.97
1,Wskaźnik maskulinizacji,2014,gmina,Pcim,powiat myślenicki,100.68
1,Wskaźnik maskulinizacji,2014,gmina,Raciechowice,powiat myślenicki,100.06
1,Wskaźnik maskulinizacji,2014,gmina,Siepraw,powiat myślenicki,98.24
1,Wskaźnik maskulinizacji,2014,gmina,Sułkowice,powiat myślenicki,96.99
1,Wskaźnik maskulinizacji,2014,gmina,Tokarnia,powiat myślenicki,105.75
1,Wskaźnik maskulinizacji,2014,gmina,Wiśniowa,powiat myślenicki,100.28
1,Wskaźnik maskulinizacji,2014,powiat,powiat nowosądecki,powiat nowosądecki,99.29
1,Wskaźnik maskulinizacji,2014,gmina,Podegrodzie,powiat nowosądecki,99.70
1,Wskaźnik maskulinizacji,2014,gmina,Rytro,powiat nowosądecki,100.26
1,Wskaźnik maskulinizacji,2014,gmina,Stary Sącz,powiat nowosądecki,99.80
1,Wskaźnik maskulinizacji,2014,gmina,Chełmiec,powiat nowosądecki,100.62
1,Wskaźnik maskulinizacji,2014,gmina,Gródek nad Dunajcem,powiat nowosądecki,103.00
1,Wskaźnik maskulinizacji,2014,gmina,Grybów (miasto),powiat nowosądecki,93.52
1,Wskaźnik maskulinizacji,2014,gmina,Grybów (wieś),powiat nowosądecki,100.81
1,Wskaźnik maskulinizacji,2014,gmina,Kamionka Wielka,powiat nowosądecki,96.92
1,Wskaźnik maskulinizacji,2014,gmina,Korzenna,powiat nowosądecki,103.16
1,Wskaźnik maskulinizacji,2014,gmina,Krynica-Zdrój,powiat nowosądecki,92.38
1,Wskaźnik maskulinizacji,2014,gmina,Łabowa,powiat nowosądecki,105.24
1,Wskaźnik maskulinizacji,2014,gmina,Łącko,powiat nowosądecki,101.65
1,Wskaźnik maskulinizacji,2014,gmina,Łososina Dolna,powiat nowosądecki,100.49
1,Wskaźnik maskulinizacji,2014,gmina,Muszyna,powiat nowosądecki,95.50
1,Wskaźnik maskulinizacji,2014,gmina,Nawojowa,powiat nowosądecki,98.03
1,Wskaźnik maskulinizacji,2014,gmina,Piwniczna-Zdrój,powiat nowosądecki,96.66
1,Wskaźnik maskulinizacji,2014,powiat,powiat nowotarski,powiat nowotarski,95.77
1,Wskaźnik maskulinizacji,2014,gmina,Czarny Dunajec,powiat nowotarski,96.29
1,Wskaźnik maskulinizacji,2014,gmina,Czorsztyn,powiat nowotarski,95.33
1,Wskaźnik maskulinizacji,2014,gmina,Jabłonka,powiat nowotarski,97.69
1,Wskaźnik maskulinizacji,2014,gmina,Krościenko nad Dunajcem,powiat nowotarski,94.08
1,Wskaźnik maskulinizacji,2014,gmina,Lipnica Wielka,powiat nowotarski,97.97
1,Wskaźnik maskulinizacji,2014,gmina,Łapsze Niżne,powiat nowotarski,99.03
1,Wskaźnik maskulinizacji,2014,gmina,Nowy Targ (miasto),powiat nowotarski,91.04
1,Wskaźnik maskulinizacji,2014,gmina,Nowy Targ (wieś),powiat nowotarski,97.36
1,Wskaźnik maskulinizacji,2014,gmina,Ochotnica Dolna,powiat nowotarski,99.48
1,Wskaźnik maskulinizacji,2014,gmina,Raba Wyżna,powiat nowotarski,98.81
1,Wskaźnik maskulinizacji,2014,gmina,Rabka-Zdrój,powiat nowotarski,92.17
1,Wskaźnik maskulinizacji,2014,gmina,Spytkowice,powiat nowotarski,98.61
1,Wskaźnik maskulinizacji,2014,gmina,Szaflary,powiat nowotarski,99.78
1,Wskaźnik maskulinizacji,2014,gmina,Szczawnica,powiat nowotarski,93.93
1,Wskaźnik maskulinizacji,2014,powiat,powiat olkuski,powiat olkuski,94.98
1,Wskaźnik maskulinizacji,2014,gmina,Bolesław,powiat olkuski,94.71
1,Wskaźnik maskulinizacji,2014,gmina,Bukowno,powiat olkuski,93.30
1,Wskaźnik maskulinizacji,2014,gmina,Klucze,powiat olkuski,94.84
1,Wskaźnik maskulinizacji,2014,gmina,Olkusz,powiat olkuski,94.06
1,Wskaźnik maskulinizacji,2014,gmina,Trzyciąż,powiat olkuski,101.74
1,Wskaźnik maskulinizacji,2014,gmina,Wolbrom,powiat olkuski,95.89
1,Wskaźnik maskulinizacji,2014,powiat,powiat oświęcimski,powiat oświęcimski,94.62
1,Wskaźnik maskulinizacji,2014,gmina,Brzeszcze,powiat oświęcimski,95.09
1,Wskaźnik maskulinizacji,2014,gmina,Chełmek,powiat oświęcimski,97.08
1,Wskaźnik maskulinizacji,2014,gmina,Kęty,powiat oświęcimski,95.19
1,Wskaźnik maskulinizacji,2014,gmina,Osiek,powiat oświęcimski,98.27
1,Wskaźnik maskulinizacji,2014,gmina,Oświęcim (miasto),powiat oświęcimski,90.12
1,Wskaźnik maskulinizacji,2014,gmina,Oświęcim (wieś),powiat oświęcimski,96.02
1,Wskaźnik maskulinizacji,2014,gmina,Polanka Wielka,powiat oświęcimski,97.27
1,Wskaźnik maskulinizacji,2014,gmina,Przeciszów,powiat oświęcimski,96.96
1,Wskaźnik maskulinizacji,2014,gmina,Zator,powiat oświęcimski,98.91
1,Wskaźnik maskulinizacji,2014,powiat,powiat proszowicki,powiat proszowicki,97.10
1,Wskaźnik maskulinizacji,2014,gmina,Koniusza,powiat proszowicki,99.06
1,Wskaźnik maskulinizacji,2014,gmina,Koszyce,powiat proszowicki,93.59
1,Wskaźnik maskulinizacji,2014,gmina,Nowe Brzesko,powiat proszowicki,98.02
1,Wskaźnik maskulinizacji,2014,gmina,Pałecznica,powiat proszowicki,100.11
1,Wskaźnik maskulinizacji,2014,gmina,Proszowice,powiat proszowicki,95.76
1,Wskaźnik maskulinizacji,2014,gmina,Radziemice,powiat proszowicki,99.65
1,Wskaźnik maskulinizacji,2014,powiat,powiat suski,powiat suski,98.17
1,Wskaźnik maskulinizacji,2014,gmina,Budzów,powiat suski,100.09
1,Wskaźnik maskulinizacji,2014,gmina,Bystra-Sidzina,powiat suski,100.24
1,Wskaźnik maskulinizacji,2014,gmina,Jordanów (miasto),powiat suski,93.12
1,Wskaźnik maskulinizacji,2014,gmina,Jordanów (wieś),powiat suski,101.71
1,Wskaźnik maskulinizacji,2014,gmina,Maków Podhalański,powiat suski,96.55
1,Wskaźnik maskulinizacji,2014,gmina,Stryszawa,powiat suski,96.07
1,Wskaźnik maskulinizacji,2014,gmina,Sucha Beskidzka,powiat suski,94.38
1,Wskaźnik maskulinizacji,2014,gmina,Zawoja,powiat suski,103.77
1,Wskaźnik maskulinizacji,2014,gmina,Zembrzyce,powiat suski,97.69
1,Wskaźnik maskulinizacji,2014,powiat,powiat tarnowski,powiat tarnowski,98.64
1,Wskaźnik maskulinizacji,2014,gmina,Ciężkowice,powiat tarnowski,101.32
1,Wskaźnik maskulinizacji,2014,gmina,Gromnik,powiat tarnowski,100.73
1,Wskaźnik maskulinizacji,2014,gmina,Lisia Góra,powiat tarnowski,97.69
1,Wskaźnik maskulinizacji,2014,gmina,Pleśna,powiat tarnowski,100.00
1,Wskaźnik maskulinizacji,2014,gmina,Radłów,powiat tarnowski,97.16
1,Wskaźnik maskulinizacji,2014,gmina,Ryglice,powiat tarnowski,98.63
1,Wskaźnik maskulinizacji,2014,gmina,Rzepiennik Strzyżewski,powiat tarnowski,98.92
1,Wskaźnik maskulinizacji,2014,gmina,Skrzyszów,powiat tarnowski,98.13
1,Wskaźnik maskulinizacji,2014,gmina,Szerzyny,powiat tarnowski,101.05
1,Wskaźnik maskulinizacji,2014,gmina,Tarnów (wieś),powiat tarnowski,98.09
1,Wskaźnik maskulinizacji,2014,gmina,Tuchów,powiat tarnowski,98.66
1,Wskaźnik maskulinizacji,2014,gmina,Wierzchosławice,powiat tarnowski,96.96
1,Wskaźnik maskulinizacji,2014,gmina,Wietrzychowice,powiat tarnowski,103.29
1,Wskaźnik maskulinizacji,2014,gmina,Wojnicz,powiat tarnowski,98.85
1,Wskaźnik maskulinizacji,2014,gmina,Zakliczyn,powiat tarnowski,99.23
1,Wskaźnik maskulinizacji,2014,gmina,Żabno,powiat tarnowski,96.22
1,Wskaźnik maskulinizacji,2014,powiat,powiat tatrzański,powiat tatrzański,92.87
1,Wskaźnik maskulinizacji,2014,gmina,Biały Dunajec,powiat tatrzański,95.11
1,Wskaźnik maskulinizacji,2014,gmina,Bukowina Tatrzańska,powiat tatrzański,98.73
1,Wskaźnik maskulinizacji,2014,gmina,Kościelisko,powiat tatrzański,95.81
1,Wskaźnik maskulinizacji,2014,gmina,Poronin,powiat tatrzański,98.57
1,Wskaźnik maskulinizacji,2014,gmina,Zakopane,powiat tatrzański,86.61
1,Wskaźnik maskulinizacji,2014,powiat,powiat wadowicki,powiat wadowicki,96.08
1,Wskaźnik maskulinizacji,2014,gmina,Andrychów,powiat wadowicki,95.87
1,Wskaźnik maskulinizacji,2014,gmina,Brzeźnica,powiat wadowicki,94.84
1,Wskaźnik maskulinizacji,2014,gmina,Kalwaria Zebrzydowska,powiat wadowicki,97.02
1,Wskaźnik maskulinizacji,2014,gmina,Lanckorona,powiat wadowicki,94.95
1,Wskaźnik maskulinizacji,2014,gmina,Mucharz,powiat wadowicki,100.65
1,Wskaźnik maskulinizacji,2014,gmina,Spytkowice,powiat wadowicki,94.22
1,Wskaźnik maskulinizacji,2014,gmina,Stryszów,powiat wadowicki,97.65
1,Wskaźnik maskulinizacji,2014,gmina,Tomice,powiat wadowicki,97.10
1,Wskaźnik maskulinizacji,2014,gmina,Wadowice,powiat wadowicki,93.85
1,Wskaźnik maskulinizacji,2014,gmina,Wieprz,powiat wadowicki,102.77
1,Wskaźnik maskulinizacji,2014,powiat,powiat wielicki,powiat wielicki,95.34
1,Wskaźnik maskulinizacji,2014,gmina,Biskupice,powiat wielicki,95.35
1,Wskaźnik maskulinizacji,2014,gmina,Gdów,powiat wielicki,99.67
1,Wskaźnik maskulinizacji,2014,gmina,Kłaj,powiat wielicki,95.32
1,Wskaźnik maskulinizacji,2014,gmina,Niepołomice,powiat wielicki,93.73
1,Wskaźnik maskulinizacji,2014,gmina,Wieliczka,powiat wielicki,94.76
1,Wskaźnik maskulinizacji,2013,powiat,powiat bocheński,powiat bocheński,97.15
1,Wskaźnik maskulinizacji,2013,gmina,Bochnia (miasto),powiat bocheński,92.28
1,Wskaźnik maskulinizacji,2013,gmina,Bochnia (wieś),powiat bocheński,97.57
1,Wskaźnik maskulinizacji,2013,gmina,Drwinia,powiat bocheński,98.57
1,Wskaźnik maskulinizacji,2013,gmina,Lipnica Murowana,powiat bocheński,102.91
1,Wskaźnik maskulinizacji,2013,gmina,Łapanów,powiat bocheński,101.88
1,Wskaźnik maskulinizacji,2013,gmina,Nowy Wiśnicz,powiat bocheński,100.16
1,Wskaźnik maskulinizacji,2013,gmina,Rzezawa,powiat bocheński,97.98
1,Wskaźnik maskulinizacji,2013,gmina,Trzciana,powiat bocheński,97.75
1,Wskaźnik maskulinizacji,2013,gmina,Żegocina,powiat bocheński,99.70
1,Wskaźnik maskulinizacji,2013,powiat,powiat brzeski,powiat brzeski,98.18
1,Wskaźnik maskulinizacji,2013,gmina,Borzęcin,powiat brzeski,98.91
1,Wskaźnik maskulinizacji,2013,gmina,Brzesko,powiat brzeski,96.61
1,Wskaźnik maskulinizacji,2013,gmina,Czchów,powiat brzeski,98.48
1,Wskaźnik maskulinizacji,2013,gmina,Dębno,powiat brzeski,98.54
1,Wskaźnik maskulinizacji,2013,gmina,Gnojnik,powiat brzeski,102.33
1,Wskaźnik maskulinizacji,2013,gmina,Iwkowa,powiat brzeski,97.36
1,Wskaźnik maskulinizacji,2013,gmina,Szczurowa,powiat brzeski,99.88
1,Wskaźnik maskulinizacji,2013,powiat,powiat chrzanowski,powiat chrzanowski,94.04
1,Wskaźnik maskulinizacji,2013,gmina,Alwernia,powiat chrzanowski,97.26
1,Wskaźnik maskulinizacji,2013,gmina,Babice,powiat chrzanowski,96.39
1,Wskaźnik maskulinizacji,2013,gmina,Chrzanów,powiat chrzanowski,91.92
1,Wskaźnik maskulinizacji,2013,gmina,Libiąż,powiat chrzanowski,95.00
1,Wskaźnik maskulinizacji,2013,gmina,Trzebinia,powiat chrzanowski,94.66
1,Wskaźnik maskulinizacji,2013,powiat,powiat dąbrowski,powiat dąbrowski,99.28
1,Wskaźnik maskulinizacji,2013,gmina,Bolesław,powiat dąbrowski,100.14
1,Wskaźnik maskulinizacji,2013,gmina,Dąbrowa Tarnowska,powiat dąbrowski,98.53
1,Wskaźnik maskulinizacji,2013,gmina,Gręboszów,powiat dąbrowski,96.10
1,Wskaźnik maskulinizacji,2013,gmina,Mędrzechów,powiat dąbrowski,96.49
1,Wskaźnik maskulinizacji,2013,gmina,Olesno,powiat dąbrowski,99.45
1,Wskaźnik maskulinizacji,2013,gmina,Radgoszcz,powiat dąbrowski,102.60
1,Wskaźnik maskulinizacji,2013,gmina,Szczucin,powiat dąbrowski,99.97
1,Wskaźnik maskulinizacji,2013,powiat,powiat gorlicki,powiat gorlicki,97.88
1,Wskaźnik maskulinizacji,2013,gmina,Biecz,powiat gorlicki,97.08
1,Wskaźnik maskulinizacji,2013,gmina,Bobowa,powiat gorlicki,103.08
1,Wskaźnik maskulinizacji,2013,gmina,Gorlice (miasto),powiat gorlicki,92.07
1,Wskaźnik maskulinizacji,2013,gmina,Gorlice (wieś),powiat gorlicki,100.27
1,Wskaźnik maskulinizacji,2013,gmina,Lipinki,powiat gorlicki,94.92
1,Wskaźnik maskulinizacji,2013,gmina,Łużna,powiat gorlicki,103.85
1,Wskaźnik maskulinizacji,2013,gmina,Moszczenica,powiat gorlicki,100.45
1,Wskaźnik maskulinizacji,2013,gmina,Ropa,powiat gorlicki,101.69
1,Wskaźnik maskulinizacji,2013,gmina,Sękowa,powiat gorlicki,98.08
1,Wskaźnik maskulinizacji,2013,gmina,Uście Gorlickie,powiat gorlicki,102.99
1,Wskaźnik maskulinizacji,2013,powiat,powiat krakowski,powiat krakowski,95.73
1,Wskaźnik maskulinizacji,2013,gmina,Czernichów,powiat krakowski,98.13
1,Wskaźnik maskulinizacji,2013,gmina,Igołomia-Wawrzeńczyce,powiat krakowski,97.90
1,Wskaźnik maskulinizacji,2013,gmina,Iwanowice,powiat krakowski,101.30
1,Wskaźnik maskulinizacji,2013,gmina,Jerzmanowice-Przeginia,powiat krakowski,97.99
1,Wskaźnik maskulinizacji,2013,gmina,Kocmyrzów-Luborzyca,powiat krakowski,98.49
1,Wskaźnik maskulinizacji,2013,gmina,Krzeszowice,powiat krakowski,92.79
1,Wskaźnik maskulinizacji,2013,gmina,Liszki,powiat krakowski,96.06
1,Wskaźnik maskulinizacji,2013,gmina,Michałowice,powiat krakowski,99.08
1,Wskaźnik maskulinizacji,2013,gmina,Mogilany,powiat krakowski,94.66
1,Wskaźnik maskulinizacji,2013,gmina,Skała,powiat krakowski,101.44
1,Wskaźnik maskulinizacji,2013,gmina,Skawina,powiat krakowski,93.46
1,Wskaźnik maskulinizacji,2013,gmina,Słomniki,powiat krakowski,94.42
1,Wskaźnik maskulinizacji,2013,gmina,Sułoszowa,powiat krakowski,101.00
1,Wskaźnik maskulinizacji,2013,gmina,Świątniki Górne,powiat krakowski,97.32
1,Wskaźnik maskulinizacji,2013,gmina,Wielka Wieś,powiat krakowski,96.45
1,Wskaźnik maskulinizacji,2013,gmina,Zabierzów,powiat krakowski,93.51
1,Wskaźnik maskulinizacji,2013,gmina,Zielonki,powiat krakowski,94.47
1,Wskaźnik maskulinizacji,2013,powiat,powiat limanowski,powiat limanowski,100.29
1,Wskaźnik maskulinizacji,2013,gmina,Dobra,powiat limanowski,100.00
1,Wskaźnik maskulinizacji,2013,gmina,Jodłownik,powiat limanowski,99.43
1,Wskaźnik maskulinizacji,2013,gmina,Kamienica,powiat limanowski,102.35
1,Wskaźnik maskulinizacji,2013,gmina,Laskowa,powiat limanowski,100.66
1,Wskaźnik maskulinizacji,2013,gmina,Limanowa (miasto),powiat limanowski,97.33
1,Wskaźnik maskulinizacji,2013,gmina,Limanowa (wieś),powiat limanowski,100.50
1,Wskaźnik maskulinizacji,2013,gmina,Łukowica,powiat limanowski,99.08
1,Wskaźnik maskulinizacji,2013,gmina,Mszana Dolna (miasto),powiat limanowski,92.58
1,Wskaźnik maskulinizacji,2013,gmina,Mszana Dolna (wieś),powiat limanowski,105.33
1,Wskaźnik maskulinizacji,2013,gmina,Niedźwiedź,powiat limanowski,105.46
1,Wskaźnik maskulinizacji,2013,gmina,Słopnice,powiat limanowski,102.29
1,Wskaźnik maskulinizacji,2013,gmina,Tymbark,powiat limanowski,96.22
1,Wskaźnik maskulinizacji,2013,powiat,powiat m. Kraków,powiat m. Kraków,87.24
1,Wskaźnik maskulinizacji,2013,powiat,powiat m. Nowy Sącz,powiat m. Nowy Sącz,91.70
1,Wskaźnik maskulinizacji,2013,powiat,powiat m. Tarnów,powiat m. Tarnów,89.68
1,Wskaźnik maskulinizacji,2013,powiat,powiat miechowski,powiat miechowski,96.68
1,Wskaźnik maskulinizacji,2013,gmina,Charsznica,powiat miechowski,97.96
1,Wskaźnik maskulinizacji,2013,gmina,Gołcza,powiat miechowski,101.95
1,Wskaźnik maskulinizacji,2013,gmina,Kozłów,powiat miechowski,100.34
1,Wskaźnik maskulinizacji,2013,gmina,Książ Wielki,powiat miechowski,95.32
1,Wskaźnik maskulinizacji,2013,gmina,Miechów,powiat miechowski,92.34
1,Wskaźnik maskulinizacji,2013,gmina,Racławice,powiat miechowski,103.02
1,Wskaźnik maskulinizacji,2013,gmina,Słaboszów,powiat miechowski,102.68
1,Wskaźnik maskulinizacji,2013,powiat,powiat myślenicki,powiat myślenicki,98.53
1,Wskaźnik maskulinizacji,2013,gmina,Dobczyce,powiat myślenicki,98.82
1,Wskaźnik maskulinizacji,2013,gmina,Lubień,powiat myślenicki,96.80
1,Wskaźnik maskulinizacji,2013,gmina,Myślenice,powiat myślenicki,97.04
1,Wskaźnik maskulinizacji,2013,gmina,Pcim,powiat myślenicki,100.53
1,Wskaźnik maskulinizacji,2013,gmina,Raciechowice,powiat myślenicki,99.90
1,Wskaźnik maskulinizacji,2013,gmina,Siepraw,powiat myślenicki,98.26
1,Wskaźnik maskulinizacji,2013,gmina,Sułkowice,powiat myślenicki,97.20
1,Wskaźnik maskulinizacji,2013,gmina,Tokarnia,powiat myślenicki,105.55
1,Wskaźnik maskulinizacji,2013,gmina,Wiśniowa,powiat myślenicki,100.22
1,Wskaźnik maskulinizacji,2013,powiat,powiat nowosądecki,powiat nowosądecki,99.21
1,Wskaźnik maskulinizacji,2013,gmina,Podegrodzie,powiat nowosądecki,99.19
1,Wskaźnik maskulinizacji,2013,gmina,Rytro,powiat nowosądecki,99.90
1,Wskaźnik maskulinizacji,2013,gmina,Stary Sącz,powiat nowosądecki,99.74
1,Wskaźnik maskulinizacji,2013,gmina,Chełmiec,powiat nowosądecki,100.44
1,Wskaźnik maskulinizacji,2013,gmina,Gródek nad Dunajcem,powiat nowosądecki,102.75
1,Wskaźnik maskulinizacji,2013,gmina,Grybów (miasto),powiat nowosądecki,93.51
1,Wskaźnik maskulinizacji,2013,gmina,Grybów (wieś),powiat nowosądecki,101.02
1,Wskaźnik maskulinizacji,2013,gmina,Kamionka Wielka,powiat nowosądecki,96.94
1,Wskaźnik maskulinizacji,2013,gmina,Korzenna,powiat nowosądecki,102.44
1,Wskaźnik maskulinizacji,2013,gmina,Krynica-Zdrój,powiat nowosądecki,92.36
1,Wskaźnik maskulinizacji,2013,gmina,Łabowa,powiat nowosądecki,104.36
1,Wskaźnik maskulinizacji,2013,gmina,Łącko,powiat nowosądecki,102.10
1,Wskaźnik maskulinizacji,2013,gmina,Łososina Dolna,powiat nowosądecki,100.26
1,Wskaźnik maskulinizacji,2013,gmina,Muszyna,powiat nowosądecki,95.76
1,Wskaźnik maskulinizacji,2013,gmina,Nawojowa,powiat nowosądecki,98.15
1,Wskaźnik maskulinizacji,2013,gmina,Piwniczna-Zdrój,powiat nowosądecki,96.92
1,Wskaźnik maskulinizacji,2013,powiat,powiat nowotarski,powiat nowotarski,95.81
1,Wskaźnik maskulinizacji,2013,gmina,Czarny Dunajec,powiat nowotarski,96.10
1,Wskaźnik maskulinizacji,2013,gmina,Czorsztyn,powiat nowotarski,94.60
1,Wskaźnik maskulinizacji,2013,gmina,Jabłonka,powiat nowotarski,97.71
1,Wskaźnik maskulinizacji,2013,gmina,Krościenko nad Dunajcem,powiat nowotarski,94.11
1,Wskaźnik maskulinizacji,2013,gmina,Lipnica Wielka,powiat nowotarski,97.87
1,Wskaźnik maskulinizacji,2013,gmina,Łapsze Niżne,powiat nowotarski,98.14
1,Wskaźnik maskulinizacji,2013,gmina,Nowy Targ (miasto),powiat nowotarski,91.13
1,Wskaźnik maskulinizacji,2013,gmina,Nowy Targ (wieś),powiat nowotarski,97.84
1,Wskaźnik maskulinizacji,2013,gmina,Ochotnica Dolna,powiat nowotarski,99.67
1,Wskaźnik maskulinizacji,2013,gmina,Raba Wyżna,powiat nowotarski,99.16
1,Wskaźnik maskulinizacji,2013,gmina,Rabka-Zdrój,powiat nowotarski,92.48
1,Wskaźnik maskulinizacji,2013,gmina,Spytkowice,powiat nowotarski,98.91
1,Wskaźnik maskulinizacji,2013,gmina,Szaflary,powiat nowotarski,99.83
1,Wskaźnik maskulinizacji,2013,gmina,Szczawnica,powiat nowotarski,93.88
1,Wskaźnik maskulinizacji,2013,powiat,powiat olkuski,powiat olkuski,95.08
1,Wskaźnik maskulinizacji,2013,gmina,Bolesław,powiat olkuski,94.60
1,Wskaźnik maskulinizacji,2013,gmina,Bukowno,powiat olkuski,93.23
1,Wskaźnik maskulinizacji,2013,gmina,Klucze,powiat olkuski,95.40
1,Wskaźnik maskulinizacji,2013,gmina,Olkusz,powiat olkuski,94.40
1,Wskaźnik maskulinizacji,2013,gmina,Trzyciąż,powiat olkuski,100.79
1,Wskaźnik maskulinizacji,2013,gmina,Wolbrom,powiat olkuski,95.65
1,Wskaźnik maskulinizacji,2013,powiat,powiat oświęcimski,powiat oświęcimski,94.66
1,Wskaźnik maskulinizacji,2013,gmina,Brzeszcze,powiat oświęcimski,95.20
1,Wskaźnik maskulinizacji,2013,gmina,Chełmek,powiat oświęcimski,96.93
1,Wskaźnik maskulinizacji,2013,gmina,Kęty,powiat oświęcimski,95.20
1,Wskaźnik maskulinizacji,2013,gmina,Osiek,powiat oświęcimski,97.83
1,Wskaźnik maskulinizacji,2013,gmina,Oświęcim (miasto),powiat oświęcimski,90.32
1,Wskaźnik maskulinizacji,2013,gmina,Oświęcim (wieś),powiat oświęcimski,96.18
1,Wskaźnik maskulinizacji,2013,gmina,Polanka Wielka,powiat oświęcimski,97.32
1,Wskaźnik maskulinizacji,2013,gmina,Przeciszów,powiat oświęcimski,96.60
1,Wskaźnik maskulinizacji,2013,gmina,Zator,powiat oświęcimski,99.16
1,Wskaźnik maskulinizacji,2013,powiat,powiat proszowicki,powiat proszowicki,96.97
1,Wskaźnik maskulinizacji,2013,gmina,Koniusza,powiat proszowicki,99.57
1,Wskaźnik maskulinizacji,2013,gmina,Koszyce,powiat proszowicki,93.23
1,Wskaźnik maskulinizacji,2013,gmina,Nowe Brzesko,powiat proszowicki,99.25
1,Wskaźnik maskulinizacji,2013,gmina,Pałecznica,powiat proszowicki,98.64
1,Wskaźnik maskulinizacji,2013,gmina,Proszowice,powiat proszowicki,95.42
1,Wskaźnik maskulinizacji,2013,gmina,Radziemice,powiat proszowicki,98.56
1,Wskaźnik maskulinizacji,2013,powiat,powiat suski,powiat suski,98.22
1,Wskaźnik maskulinizacji,2013,gmina,Budzów,powiat suski,99.59
1,Wskaźnik maskulinizacji,2013,gmina,Bystra-Sidzina,powiat suski,100.86
1,Wskaźnik maskulinizacji,2013,gmina,Jordanów (miasto),powiat suski,94.11
1,Wskaźnik maskulinizacji,2013,gmina,Jordanów (wieś),powiat suski,101.66
1,Wskaźnik maskulinizacji,2013,gmina,Maków Podhalański,powiat suski,96.11
1,Wskaźnik maskulinizacji,2013,gmina,Stryszawa,powiat suski,96.36
1,Wskaźnik maskulinizacji,2013,gmina,Sucha Beskidzka,powiat suski,94.44
1,Wskaźnik maskulinizacji,2013,gmina,Zawoja,powiat suski,104.02
1,Wskaźnik maskulinizacji,2013,gmina,Zembrzyce,powiat suski,97.87
1,Wskaźnik maskulinizacji,2013,powiat,powiat tarnowski,powiat tarnowski,98.54
1,Wskaźnik maskulinizacji,2013,gmina,Ciężkowice,powiat tarnowski,101.45
1,Wskaźnik maskulinizacji,2013,gmina,Gromnik,powiat tarnowski,100.00
1,Wskaźnik maskulinizacji,2013,gmina,Lisia Góra,powiat tarnowski,97.99
1,Wskaźnik maskulinizacji,2013,gmina,Pleśna,powiat tarnowski,100.20
1,Wskaźnik maskulinizacji,2013,gmina,Radłów,powiat tarnowski,97.50
1,Wskaźnik maskulinizacji,2013,gmina,Ryglice,powiat tarnowski,98.56
1,Wskaźnik maskulinizacji,2013,gmina,Rzepiennik Strzyżewski,powiat tarnowski,98.69
1,Wskaźnik maskulinizacji,2013,gmina,Skrzyszów,powiat tarnowski,98.24
1,Wskaźnik maskulinizacji,2013,gmina,Szerzyny,powiat tarnowski,100.90
1,Wskaźnik maskulinizacji,2013,gmina,Tarnów (wieś),powiat tarnowski,97.93
1,Wskaźnik maskulinizacji,2013,gmina,Tuchów,powiat tarnowski,98.61
1,Wskaźnik maskulinizacji,2013,gmina,Wierzchosławice,powiat tarnowski,95.75
1,Wskaźnik maskulinizacji,2013,gmina,Wietrzychowice,powiat tarnowski,102.21
1,Wskaźnik maskulinizacji,2013,gmina,Wojnicz,powiat tarnowski,98.95
1,Wskaźnik maskulinizacji,2013,gmina,Zakliczyn,powiat tarnowski,99.47
1,Wskaźnik maskulinizacji,2013,gmina,Żabno,powiat tarnowski,95.93
1,Wskaźnik maskulinizacji,2013,powiat,powiat tatrzański,powiat tatrzański,92.96
1,Wskaźnik maskulinizacji,2013,gmina,Biały Dunajec,powiat tatrzański,95.00
1,Wskaźnik maskulinizacji,2013,gmina,Bukowina Tatrzańska,powiat tatrzański,98.54
1,Wskaźnik maskulinizacji,2013,gmina,Kościelisko,powiat tatrzański,96.07
1,Wskaźnik maskulinizacji,2013,gmina,Poronin,powiat tatrzański,98.34
1,Wskaźnik maskulinizacji,2013,gmina,Zakopane,powiat tatrzański,86.98
1,Wskaźnik maskulinizacji,2013,powiat,powiat wadowicki,powiat wadowicki,96.12
1,Wskaźnik maskulinizacji,2013,gmina,Andrychów,powiat wadowicki,95.89
1,Wskaźnik maskulinizacji,2013,gmina,Brzeźnica,powiat wadowicki,94.70
1,Wskaźnik maskulinizacji,2013,gmina,Kalwaria Zebrzydowska,powiat wadowicki,97.12
1,Wskaźnik maskulinizacji,2013,gmina,Lanckorona,powiat wadowicki,95.03
1,Wskaźnik maskulinizacji,2013,gmina,Mucharz,powiat wadowicki,101.00
1,Wskaźnik maskulinizacji,2013,gmina,Spytkowice,powiat wadowicki,94.82
1,Wskaźnik maskulinizacji,2013,gmina,Stryszów,powiat wadowicki,97.59
1,Wskaźnik maskulinizacji,2013,gmina,Tomice,powiat wadowicki,97.32
1,Wskaźnik maskulinizacji,2013,gmina,Wadowice,powiat wadowicki,93.66
1,Wskaźnik maskulinizacji,2013,gmina,Wieprz,powiat wadowicki,103.08
1,Wskaźnik maskulinizacji,2013,powiat,powiat wielicki,powiat wielicki,95.33
1,Wskaźnik maskulinizacji,2013,gmina,Biskupice,powiat wielicki,94.74
1,Wskaźnik maskulinizacji,2013,gmina,Gdów,powiat wielicki,99.32
1,Wskaźnik maskulinizacji,2013,gmina,Kłaj,powiat wielicki,95.43
1,Wskaźnik maskulinizacji,2013,gmina,Niepołomice,powiat wielicki,93.66
1,Wskaźnik maskulinizacji,2013,gmina,Wieliczka,powiat wielicki,94.96
1,Wskaźnik maskulinizacji,2012,powiat,powiat bocheński,powiat bocheński,96.93
1,Wskaźnik maskulinizacji,2012,gmina,Bochnia (miasto),powiat bocheński,92.23
1,Wskaźnik maskulinizacji,2012,gmina,Bochnia (wieś),powiat bocheński,96.90
1,Wskaźnik maskulinizacji,2012,gmina,Drwinia,powiat bocheński,98.45
1,Wskaźnik maskulinizacji,2012,gmina,Lipnica Murowana,powiat bocheński,103.71
1,Wskaźnik maskulinizacji,2012,gmina,Łapanów,powiat bocheński,102.08
1,Wskaźnik maskulinizacji,2012,gmina,Nowy Wiśnicz,powiat bocheński,99.78
1,Wskaźnik maskulinizacji,2012,gmina,Rzezawa,powiat bocheński,97.75
1,Wskaźnik maskulinizacji,2012,gmina,Trzciana,powiat bocheński,97.56
1,Wskaźnik maskulinizacji,2012,gmina,Żegocina,powiat bocheński,99.13
1,Wskaźnik maskulinizacji,2012,powiat,powiat brzeski,powiat brzeski,98.04
1,Wskaźnik maskulinizacji,2012,gmina,Borzęcin,powiat brzeski,98.73
1,Wskaźnik maskulinizacji,2012,gmina,Brzesko,powiat brzeski,96.61
1,Wskaźnik maskulinizacji,2012,gmina,Czchów,powiat brzeski,98.60
1,Wskaźnik maskulinizacji,2012,gmina,Dębno,powiat brzeski,98.18
1,Wskaźnik maskulinizacji,2012,gmina,Gnojnik,powiat brzeski,101.41
1,Wskaźnik maskulinizacji,2012,gmina,Iwkowa,powiat brzeski,98.10
1,Wskaźnik maskulinizacji,2012,gmina,Szczurowa,powiat brzeski,99.45
1,Wskaźnik maskulinizacji,2012,powiat,powiat chrzanowski,powiat chrzanowski,94.18
1,Wskaźnik maskulinizacji,2012,gmina,Alwernia,powiat chrzanowski,97.58
1,Wskaźnik maskulinizacji,2012,gmina,Babice,powiat chrzanowski,95.89
1,Wskaźnik maskulinizacji,2012,gmina,Chrzanów,powiat chrzanowski,91.87
1,Wskaźnik maskulinizacji,2012,gmina,Libiąż,powiat chrzanowski,95.44
1,Wskaźnik maskulinizacji,2012,gmina,Trzebinia,powiat chrzanowski,94.98
1,Wskaźnik maskulinizacji,2012,powiat,powiat dąbrowski,powiat dąbrowski,99.08
1,Wskaźnik maskulinizacji,2012,gmina,Bolesław,powiat dąbrowski,99.86
1,Wskaźnik maskulinizacji,2012,gmina,Dąbrowa Tarnowska,powiat dąbrowski,98.65
1,Wskaźnik maskulinizacji,2012,gmina,Gręboszów,powiat dąbrowski,96.31
1,Wskaźnik maskulinizacji,2012,gmina,Mędrzechów,powiat dąbrowski,96.56
1,Wskaźnik maskulinizacji,2012,gmina,Olesno,powiat dąbrowski,98.77
1,Wskaźnik maskulinizacji,2012,gmina,Radgoszcz,powiat dąbrowski,101.92
1,Wskaźnik maskulinizacji,2012,gmina,Szczucin,powiat dąbrowski,99.63
1,Wskaźnik maskulinizacji,2012,powiat,powiat gorlicki,powiat gorlicki,97.82
1,Wskaźnik maskulinizacji,2012,gmina,Biecz,powiat gorlicki,96.72
1,Wskaźnik maskulinizacji,2012,gmina,Bobowa,powiat gorlicki,103.10
1,Wskaźnik maskulinizacji,2012,gmina,Gorlice (miasto),powiat gorlicki,92.38
1,Wskaźnik maskulinizacji,2012,gmina,Gorlice (wieś),powiat gorlicki,99.85
1,Wskaźnik maskulinizacji,2012,gmina,Lipinki,powiat gorlicki,95.52
1,Wskaźnik maskulinizacji,2012,gmina,Łużna,powiat gorlicki,102.34
1,Wskaźnik maskulinizacji,2012,gmina,Moszczenica,powiat gorlicki,101.03
1,Wskaźnik maskulinizacji,2012,gmina,Ropa,powiat gorlicki,102.24
1,Wskaźnik maskulinizacji,2012,gmina,Sękowa,powiat gorlicki,98.27
1,Wskaźnik maskulinizacji,2012,gmina,Uście Gorlickie,powiat gorlicki,102.93
1,Wskaźnik maskulinizacji,2012,powiat,powiat krakowski,powiat krakowski,95.67
1,Wskaźnik maskulinizacji,2012,gmina,Czernichów,powiat krakowski,98.33
1,Wskaźnik maskulinizacji,2012,gmina,Igołomia-Wawrzeńczyce,powiat krakowski,97.68
1,Wskaźnik maskulinizacji,2012,gmina,Iwanowice,powiat krakowski,101.47
1,Wskaźnik maskulinizacji,2012,gmina,Jerzmanowice-Przeginia,powiat krakowski,97.94
1,Wskaźnik maskulinizacji,2012,gmina,Kocmyrzów-Luborzyca,powiat krakowski,98.35
1,Wskaźnik maskulinizacji,2012,gmina,Krzeszowice,powiat krakowski,92.48
1,Wskaźnik maskulinizacji,2012,gmina,Liszki,powiat krakowski,95.85
1,Wskaźnik maskulinizacji,2012,gmina,Michałowice,powiat krakowski,98.54
1,Wskaźnik maskulinizacji,2012,gmina,Mogilany,powiat krakowski,94.63
1,Wskaźnik maskulinizacji,2012,gmina,Skała,powiat krakowski,101.14
1,Wskaźnik maskulinizacji,2012,gmina,Skawina,powiat krakowski,93.61
1,Wskaźnik maskulinizacji,2012,gmina,Słomniki,powiat krakowski,94.08
1,Wskaźnik maskulinizacji,2012,gmina,Sułoszowa,powiat krakowski,101.24
1,Wskaźnik maskulinizacji,2012,gmina,Świątniki Górne,powiat krakowski,97.22
1,Wskaźnik maskulinizacji,2012,gmina,Wielka Wieś,powiat krakowski,96.28
1,Wskaźnik maskulinizacji,2012,gmina,Zabierzów,powiat krakowski,93.52
1,Wskaźnik maskulinizacji,2012,gmina,Zielonki,powiat krakowski,94.88
1,Wskaźnik maskulinizacji,2012,powiat,powiat limanowski,powiat limanowski,100.36
1,Wskaźnik maskulinizacji,2012,gmina,Dobra,powiat limanowski,100.33
1,Wskaźnik maskulinizacji,2012,gmina,Jodłownik,powiat limanowski,99.22
1,Wskaźnik maskulinizacji,2012,gmina,Kamienica,powiat limanowski,102.33
1,Wskaźnik maskulinizacji,2012,gmina,Laskowa,powiat limanowski,100.87
1,Wskaźnik maskulinizacji,2012,gmina,Limanowa (miasto),powiat limanowski,97.03
1,Wskaźnik maskulinizacji,2012,gmina,Limanowa (wieś),powiat limanowski,100.50
1,Wskaźnik maskulinizacji,2012,gmina,Łukowica,powiat limanowski,99.41
1,Wskaźnik maskulinizacji,2012,gmina,Mszana Dolna (miasto),powiat limanowski,92.29
1,Wskaźnik maskulinizacji,2012,gmina,Mszana Dolna (wieś),powiat limanowski,105.48
1,Wskaźnik maskulinizacji,2012,gmina,Niedźwiedź,powiat limanowski,105.18
1,Wskaźnik maskulinizacji,2012,gmina,Słopnice,powiat limanowski,102.59
1,Wskaźnik maskulinizacji,2012,gmina,Tymbark,powiat limanowski,97.43
1,Wskaźnik maskulinizacji,2012,powiat,powiat m. Kraków,powiat m. Kraków,87.22
1,Wskaźnik maskulinizacji,2012,powiat,powiat m. Nowy Sącz,powiat m. Nowy Sącz,91.51
1,Wskaźnik maskulinizacji,2012,powiat,powiat m. Tarnów,powiat m. Tarnów,89.78
1,Wskaźnik maskulinizacji,2012,powiat,powiat miechowski,powiat miechowski,96.35
1,Wskaźnik maskulinizacji,2012,gmina,Charsznica,powiat miechowski,96.93
1,Wskaźnik maskulinizacji,2012,gmina,Gołcza,powiat miechowski,100.94
1,Wskaźnik maskulinizacji,2012,gmina,Kozłów,powiat miechowski,100.42
1,Wskaźnik maskulinizacji,2012,gmina,Książ Wielki,powiat miechowski,95.27
1,Wskaźnik maskulinizacji,2012,gmina,Miechów,powiat miechowski,92.16
1,Wskaźnik maskulinizacji,2012,gmina,Racławice,powiat miechowski,103.69
1,Wskaźnik maskulinizacji,2012,gmina,Słaboszów,powiat miechowski,102.55
1,Wskaźnik maskulinizacji,2012,powiat,powiat myślenicki,powiat myślenicki,98.49
1,Wskaźnik maskulinizacji,2012,gmina,Dobczyce,powiat myślenicki,98.52
1,Wskaźnik maskulinizacji,2012,gmina,Lubień,powiat myślenicki,97.10
1,Wskaźnik maskulinizacji,2012,gmina,Myślenice,powiat myślenicki,96.91
1,Wskaźnik maskulinizacji,2012,gmina,Pcim,powiat myślenicki,100.61
1,Wskaźnik maskulinizacji,2012,gmina,Raciechowice,powiat myślenicki,100.03
1,Wskaźnik maskulinizacji,2012,gmina,Siepraw,powiat myślenicki,97.78
1,Wskaźnik maskulinizacji,2012,gmina,Sułkowice,powiat myślenicki,97.45
1,Wskaźnik maskulinizacji,2012,gmina,Tokarnia,powiat myślenicki,105.78
1,Wskaźnik maskulinizacji,2012,gmina,Wiśniowa,powiat myślenicki,99.92
1,Wskaźnik maskulinizacji,2012,powiat,powiat nowosądecki,powiat nowosądecki,99.40
1,Wskaźnik maskulinizacji,2012,gmina,Podegrodzie,powiat nowosądecki,99.79
1,Wskaźnik maskulinizacji,2012,gmina,Rytro,powiat nowosądecki,100.26
1,Wskaźnik maskulinizacji,2012,gmina,Stary Sącz,powiat nowosądecki,99.80
1,Wskaźnik maskulinizacji,2012,gmina,Chełmiec,powiat nowosądecki,100.42
1,Wskaźnik maskulinizacji,2012,gmina,Gródek nad Dunajcem,powiat nowosądecki,102.07
1,Wskaźnik maskulinizacji,2012,gmina,Grybów (miasto),powiat nowosądecki,93.76
1,Wskaźnik maskulinizacji,2012,gmina,Grybów (wieś),powiat nowosądecki,101.41
1,Wskaźnik maskulinizacji,2012,gmina,Kamionka Wielka,powiat nowosądecki,97.04
1,Wskaźnik maskulinizacji,2012,gmina,Korzenna,powiat nowosądecki,102.82
1,Wskaźnik maskulinizacji,2012,gmina,Krynica-Zdrój,powiat nowosądecki,92.69
1,Wskaźnik maskulinizacji,2012,gmina,Łabowa,powiat nowosądecki,105.21
1,Wskaźnik maskulinizacji,2012,gmina,Łącko,powiat nowosądecki,102.54
1,Wskaźnik maskulinizacji,2012,gmina,Łososina Dolna,powiat nowosądecki,100.55
1,Wskaźnik maskulinizacji,2012,gmina,Muszyna,powiat nowosądecki,95.55
1,Wskaźnik maskulinizacji,2012,gmina,Nawojowa,powiat nowosądecki,98.06
1,Wskaźnik maskulinizacji,2012,gmina,Piwniczna-Zdrój,powiat nowosądecki,97.30
1,Wskaźnik maskulinizacji,2012,powiat,powiat nowotarski,powiat nowotarski,95.90
1,Wskaźnik maskulinizacji,2012,gmina,Czarny Dunajec,powiat nowotarski,96.29
1,Wskaźnik maskulinizacji,2012,gmina,Czorsztyn,powiat nowotarski,94.90
1,Wskaźnik maskulinizacji,2012,gmina,Jabłonka,powiat nowotarski,98.10
1,Wskaźnik maskulinizacji,2012,gmina,Krościenko nad Dunajcem,powiat nowotarski,94.37
1,Wskaźnik maskulinizacji,2012,gmina,Lipnica Wielka,powiat nowotarski,97.46
1,Wskaźnik maskulinizacji,2012,gmina,Łapsze Niżne,powiat nowotarski,98.85
1,Wskaźnik maskulinizacji,2012,gmina,Nowy Targ (miasto),powiat nowotarski,91.05
1,Wskaźnik maskulinizacji,2012,gmina,Nowy Targ (wieś),powiat nowotarski,98.04
1,Wskaźnik maskulinizacji,2012,gmina,Ochotnica Dolna,powiat nowotarski,99.83
1,Wskaźnik maskulinizacji,2012,gmina,Raba Wyżna,powiat nowotarski,99.20
1,Wskaźnik maskulinizacji,2012,gmina,Rabka-Zdrój,powiat nowotarski,92.33
1,Wskaźnik maskulinizacji,2012,gmina,Spytkowice,powiat nowotarski,98.92
1,Wskaźnik maskulinizacji,2012,gmina,Szaflary,powiat nowotarski,99.91
1,Wskaźnik maskulinizacji,2012,gmina,Szczawnica,powiat nowotarski,93.57
1,Wskaźnik maskulinizacji,2012,powiat,powiat olkuski,powiat olkuski,95.12
1,Wskaźnik maskulinizacji,2012,gmina,Bolesław,powiat olkuski,94.90
1,Wskaźnik maskulinizacji,2012,gmina,Bukowno,powiat olkuski,92.69
1,Wskaźnik maskulinizacji,2012,gmina,Klucze,powiat olkuski,95.25
1,Wskaźnik maskulinizacji,2012,gmina,Olkusz,powiat olkuski,94.52
1,Wskaźnik maskulinizacji,2012,gmina,Trzyciąż,powiat olkuski,101.05
1,Wskaźnik maskulinizacji,2012,gmina,Wolbrom,powiat olkuski,95.76
1,Wskaźnik maskulinizacji,2012,powiat,powiat oświęcimski,powiat oświęcimski,94.75
1,Wskaźnik maskulinizacji,2012,gmina,Brzeszcze,powiat oświęcimski,95.46
1,Wskaźnik maskulinizacji,2012,gmina,Chełmek,powiat oświęcimski,96.93
1,Wskaźnik maskulinizacji,2012,gmina,Kęty,powiat oświęcimski,95.46
1,Wskaźnik maskulinizacji,2012,gmina,Osiek,powiat oświęcimski,98.18
1,Wskaźnik maskulinizacji,2012,gmina,Oświęcim (miasto),powiat oświęcimski,89.99
1,Wskaźnik maskulinizacji,2012,gmina,Oświęcim (wieś),powiat oświęcimski,96.89
1,Wskaźnik maskulinizacji,2012,gmina,Polanka Wielka,powiat oświęcimski,97.67
1,Wskaźnik maskulinizacji,2012,gmina,Przeciszów,powiat oświęcimski,96.75
1,Wskaźnik maskulinizacji,2012,gmina,Zator,powiat oświęcimski,98.76
1,Wskaźnik maskulinizacji,2012,powiat,powiat proszowicki,powiat proszowicki,97.21
1,Wskaźnik maskulinizacji,2012,gmina,Koniusza,powiat proszowicki,99.98
1,Wskaźnik maskulinizacji,2012,gmina,Koszyce,powiat proszowicki,93.92
1,Wskaźnik maskulinizacji,2012,gmina,Nowe Brzesko,powiat proszowicki,98.64
1,Wskaźnik maskulinizacji,2012,gmina,Pałecznica,powiat proszowicki,98.05
1,Wskaźnik maskulinizacji,2012,gmina,Proszowice,powiat proszowicki,95.84
1,Wskaźnik maskulinizacji,2012,gmina,Radziemice,powiat proszowicki,99.14
1,Wskaźnik maskulinizacji,2012,powiat,powiat suski,powiat suski,98.34
1,Wskaźnik maskulinizacji,2012,gmina,Budzów,powiat suski,100.48
1,Wskaźnik maskulinizacji,2012,gmina,Bystra-Sidzina,powiat suski,100.77
1,Wskaźnik maskulinizacji,2012,gmina,Jordanów (miasto),powiat suski,93.64
1,Wskaźnik maskulinizacji,2012,gmina,Jordanów (wieś),powiat suski,101.33
1,Wskaźnik maskulinizacji,2012,gmina,Maków Podhalański,powiat suski,96.13
1,Wskaźnik maskulinizacji,2012,gmina,Stryszawa,powiat suski,96.95
1,Wskaźnik maskulinizacji,2012,gmina,Sucha Beskidzka,powiat suski,94.97
1,Wskaźnik maskulinizacji,2012,gmina,Zawoja,powiat suski,103.56
1,Wskaźnik maskulinizacji,2012,gmina,Zembrzyce,powiat suski,98.21
1,Wskaźnik maskulinizacji,2012,powiat,powiat tarnowski,powiat tarnowski,98.41
1,Wskaźnik maskulinizacji,2012,gmina,Ciężkowice,powiat tarnowski,101.89
1,Wskaźnik maskulinizacji,2012,gmina,Gromnik,powiat tarnowski,99.84
1,Wskaźnik maskulinizacji,2012,gmina,Lisia Góra,powiat tarnowski,97.41
1,Wskaźnik maskulinizacji,2012,gmina,Pleśna,powiat tarnowski,100.12
1,Wskaźnik maskulinizacji,2012,gmina,Radłów,powiat tarnowski,97.73
1,Wskaźnik maskulinizacji,2012,gmina,Ryglice,powiat tarnowski,98.89
1,Wskaźnik maskulinizacji,2012,gmina,Rzepiennik Strzyżewski,powiat tarnowski,98.35
1,Wskaźnik maskulinizacji,2012,gmina,Skrzyszów,powiat tarnowski,98.13
1,Wskaźnik maskulinizacji,2012,gmina,Szerzyny,powiat tarnowski,101.45
1,Wskaźnik maskulinizacji,2012,gmina,Tarnów (wieś),powiat tarnowski,97.68
1,Wskaźnik maskulinizacji,2012,gmina,Tuchów,powiat tarnowski,97.99
1,Wskaźnik maskulinizacji,2012,gmina,Wierzchosławice,powiat tarnowski,95.61
1,Wskaźnik maskulinizacji,2012,gmina,Wietrzychowice,powiat tarnowski,102.05
1,Wskaźnik maskulinizacji,2012,gmina,Wojnicz,powiat tarnowski,98.85
1,Wskaźnik maskulinizacji,2012,gmina,Zakliczyn,powiat tarnowski,100.15
1,Wskaźnik maskulinizacji,2012,gmina,Żabno,powiat tarnowski,95.29
1,Wskaźnik maskulinizacji,2012,powiat,powiat tatrzański,powiat tatrzański,93.00
1,Wskaźnik maskulinizacji,2012,gmina,Biały Dunajec,powiat tatrzański,95.30
1,Wskaźnik maskulinizacji,2012,gmina,Bukowina Tatrzańska,powiat tatrzański,98.19
1,Wskaźnik maskulinizacji,2012,gmina,Kościelisko,powiat tatrzański,96.20
1,Wskaźnik maskulinizacji,2012,gmina,Poronin,powiat tatrzański,98.54
1,Wskaźnik maskulinizacji,2012,gmina,Zakopane,powiat tatrzański,87.09
1,Wskaźnik maskulinizacji,2012,powiat,powiat wadowicki,powiat wadowicki,96.02
1,Wskaźnik maskulinizacji,2012,gmina,Andrychów,powiat wadowicki,95.96
1,Wskaźnik maskulinizacji,2012,gmina,Brzeźnica,powiat wadowicki,94.91
1,Wskaźnik maskulinizacji,2012,gmina,Kalwaria Zebrzydowska,powiat wadowicki,97.44
1,Wskaźnik maskulinizacji,2012,gmina,Lanckorona,powiat wadowicki,95.41
1,Wskaźnik maskulinizacji,2012,gmina,Mucharz,powiat wadowicki,100.70
1,Wskaźnik maskulinizacji,2012,gmina,Spytkowice,powiat wadowicki,94.08
1,Wskaźnik maskulinizacji,2012,gmina,Stryszów,powiat wadowicki,96.37
1,Wskaźnik maskulinizacji,2012,gmina,Tomice,powiat wadowicki,96.50
1,Wskaźnik maskulinizacji,2012,gmina,Wadowice,powiat wadowicki,93.68
1,Wskaźnik maskulinizacji,2012,gmina,Wieprz,powiat wadowicki,102.51
1,Wskaźnik maskulinizacji,2012,powiat,powiat wielicki,powiat wielicki,95.05
1,Wskaźnik maskulinizacji,2012,gmina,Biskupice,powiat wielicki,94.88
1,Wskaźnik maskulinizacji,2012,gmina,Gdów,powiat wielicki,98.94
1,Wskaźnik maskulinizacji,2012,gmina,Kłaj,powiat wielicki,95.06
1,Wskaźnik maskulinizacji,2012,gmina,Niepołomice,powiat wielicki,93.65
1,Wskaźnik maskulinizacji,2012,gmina,Wieliczka,powiat wielicki,94.51
1,Wskaźnik maskulinizacji,2011,powiat,powiat bocheński,powiat bocheński,96.89
1,Wskaźnik maskulinizacji,2011,gmina,Bochnia (miasto),powiat bocheński,92.27
1,Wskaźnik maskulinizacji,2011,gmina,Bochnia (wieś),powiat bocheński,96.56
1,Wskaźnik maskulinizacji,2011,gmina,Drwinia,powiat bocheński,98.68
1,Wskaźnik maskulinizacji,2011,gmina,Lipnica Murowana,powiat bocheński,103.78
1,Wskaźnik maskulinizacji,2011,gmina,Łapanów,powiat bocheński,101.11
1,Wskaźnik maskulinizacji,2011,gmina,Nowy Wiśnicz,powiat bocheński,99.58
1,Wskaźnik maskulinizacji,2011,gmina,Rzezawa,powiat bocheński,98.36
1,Wskaźnik maskulinizacji,2011,gmina,Trzciana,powiat bocheński,97.85
1,Wskaźnik maskulinizacji,2011,gmina,Żegocina,powiat bocheński,99.39
1,Wskaźnik maskulinizacji,2011,powiat,powiat brzeski,powiat brzeski,97.92
1,Wskaźnik maskulinizacji,2011,gmina,Borzęcin,powiat brzeski,98.77
1,Wskaźnik maskulinizacji,2011,gmina,Brzesko,powiat brzeski,96.50
1,Wskaźnik maskulinizacji,2011,gmina,Czchów,powiat brzeski,98.08
1,Wskaźnik maskulinizacji,2011,gmina,Dębno,powiat brzeski,97.92
1,Wskaźnik maskulinizacji,2011,gmina,Gnojnik,powiat brzeski,101.36
1,Wskaźnik maskulinizacji,2011,gmina,Iwkowa,powiat brzeski,98.02
1,Wskaźnik maskulinizacji,2011,gmina,Szczurowa,powiat brzeski,99.65
1,Wskaźnik maskulinizacji,2011,powiat,powiat chrzanowski,powiat chrzanowski,94.37
1,Wskaźnik maskulinizacji,2011,gmina,Alwernia,powiat chrzanowski,98.25
1,Wskaźnik maskulinizacji,2011,gmina,Babice,powiat chrzanowski,96.37
1,Wskaźnik maskulinizacji,2011,gmina,Chrzanów,powiat chrzanowski,92.16
1,Wskaźnik maskulinizacji,2011,gmina,Libiąż,powiat chrzanowski,95.29
1,Wskaźnik maskulinizacji,2011,gmina,Trzebinia,powiat chrzanowski,95.02
1,Wskaźnik maskulinizacji,2011,powiat,powiat dąbrowski,powiat dąbrowski,98.78
1,Wskaźnik maskulinizacji,2011,gmina,Bolesław,powiat dąbrowski,99.71
1,Wskaźnik maskulinizacji,2011,gmina,Dąbrowa Tarnowska,powiat dąbrowski,97.72
1,Wskaźnik maskulinizacji,2011,gmina,Gręboszów,powiat dąbrowski,96.11
1,Wskaźnik maskulinizacji,2011,gmina,Mędrzechów,powiat dąbrowski,96.74
1,Wskaźnik maskulinizacji,2011,gmina,Olesno,powiat dąbrowski,98.46
1,Wskaźnik maskulinizacji,2011,gmina,Radgoszcz,powiat dąbrowski,103.03
1,Wskaźnik maskulinizacji,2011,gmina,Szczucin,powiat dąbrowski,99.42
1,Wskaźnik maskulinizacji,2011,powiat,powiat gorlicki,powiat gorlicki,97.79
1,Wskaźnik maskulinizacji,2011,gmina,Biecz,powiat gorlicki,96.63
1,Wskaźnik maskulinizacji,2011,gmina,Bobowa,powiat gorlicki,103.36
1,Wskaźnik maskulinizacji,2011,gmina,Gorlice (miasto),powiat gorlicki,92.10
1,Wskaźnik maskulinizacji,2011,gmina,Gorlice (wieś),powiat gorlicki,100.07
1,Wskaźnik maskulinizacji,2011,gmina,Lipinki,powiat gorlicki,94.80
1,Wskaźnik maskulinizacji,2011,gmina,Łużna,powiat gorlicki,102.67
1,Wskaźnik maskulinizacji,2011,gmina,Moszczenica,powiat gorlicki,99.88
1,Wskaźnik maskulinizacji,2011,gmina,Ropa,powiat gorlicki,102.25
1,Wskaźnik maskulinizacji,2011,gmina,Sękowa,powiat gorlicki,99.63
1,Wskaźnik maskulinizacji,2011,gmina,Uście Gorlickie,powiat gorlicki,103.51
1,Wskaźnik maskulinizacji,2011,powiat,powiat krakowski,powiat krakowski,95.66
1,Wskaźnik maskulinizacji,2011,gmina,Czernichów,powiat krakowski,97.74
1,Wskaźnik maskulinizacji,2011,gmina,Igołomia-Wawrzeńczyce,powiat krakowski,97.89
1,Wskaźnik maskulinizacji,2011,gmina,Iwanowice,powiat krakowski,101.54
1,Wskaźnik maskulinizacji,2011,gmina,Jerzmanowice-Przeginia,powiat krakowski,97.22
1,Wskaźnik maskulinizacji,2011,gmina,Kocmyrzów-Luborzyca,powiat krakowski,98.52
1,Wskaźnik maskulinizacji,2011,gmina,Krzeszowice,powiat krakowski,92.43
1,Wskaźnik maskulinizacji,2011,gmina,Liszki,powiat krakowski,96.46
1,Wskaźnik maskulinizacji,2011,gmina,Michałowice,powiat krakowski,99.15
1,Wskaźnik maskulinizacji,2011,gmina,Mogilany,powiat krakowski,94.76
1,Wskaźnik maskulinizacji,2011,gmina,Skała,powiat krakowski,100.93
1,Wskaźnik maskulinizacji,2011,gmina,Skawina,powiat krakowski,93.49
1,Wskaźnik maskulinizacji,2011,gmina,Słomniki,powiat krakowski,94.29
1,Wskaźnik maskulinizacji,2011,gmina,Sułoszowa,powiat krakowski,101.49
1,Wskaźnik maskulinizacji,2011,gmina,Świątniki Górne,powiat krakowski,97.73
1,Wskaźnik maskulinizacji,2011,gmina,Wielka Wieś,powiat krakowski,95.92
1,Wskaźnik maskulinizacji,2011,gmina,Zabierzów,powiat krakowski,93.46
1,Wskaźnik maskulinizacji,2011,gmina,Zielonki,powiat krakowski,94.70
1,Wskaźnik maskulinizacji,2011,powiat,powiat limanowski,powiat limanowski,100.28
1,Wskaźnik maskulinizacji,2011,gmina,Dobra,powiat limanowski,101.51
1,Wskaźnik maskulinizacji,2011,gmina,Jodłownik,powiat limanowski,98.92
1,Wskaźnik maskulinizacji,2011,gmina,Kamienica,powiat limanowski,101.58
1,Wskaźnik maskulinizacji,2011,gmina,Laskowa,powiat limanowski,101.78
1,Wskaźnik maskulinizacji,2011,gmina,Limanowa (miasto),powiat limanowski,96.01
1,Wskaźnik maskulinizacji,2011,gmina,Limanowa (wieś),powiat limanowski,100.35
1,Wskaźnik maskulinizacji,2011,gmina,Łukowica,powiat limanowski,99.26
1,Wskaźnik maskulinizacji,2011,gmina,Mszana Dolna (miasto),powiat limanowski,92.08
1,Wskaźnik maskulinizacji,2011,gmina,Mszana Dolna (wieś),powiat limanowski,105.48
1,Wskaźnik maskulinizacji,2011,gmina,Niedźwiedź,powiat limanowski,105.19
1,Wskaźnik maskulinizacji,2011,gmina,Słopnice,powiat limanowski,102.56
1,Wskaźnik maskulinizacji,2011,gmina,Tymbark,powiat limanowski,97.66
1,Wskaźnik maskulinizacji,2011,powiat,powiat m. Kraków,powiat m. Kraków,87.48
1,Wskaźnik maskulinizacji,2011,powiat,powiat m. Nowy Sącz,powiat m. Nowy Sącz,91.74
1,Wskaźnik maskulinizacji,2011,powiat,powiat m. Tarnów,powiat m. Tarnów,89.72
1,Wskaźnik maskulinizacji,2011,powiat,powiat miechowski,powiat miechowski,96.32
1,Wskaźnik maskulinizacji,2011,gmina,Charsznica,powiat miechowski,96.30
1,Wskaźnik maskulinizacji,2011,gmina,Gołcza,powiat miechowski,101.16
1,Wskaźnik maskulinizacji,2011,gmina,Kozłów,powiat miechowski,100.33
1,Wskaźnik maskulinizacji,2011,gmina,Książ Wielki,powiat miechowski,96.03
1,Wskaźnik maskulinizacji,2011,gmina,Miechów,powiat miechowski,92.06
1,Wskaźnik maskulinizacji,2011,gmina,Racławice,powiat miechowski,103.59
1,Wskaźnik maskulinizacji,2011,gmina,Słaboszów,powiat miechowski,102.64
1,Wskaźnik maskulinizacji,2011,powiat,powiat myślenicki,powiat myślenicki,98.45
1,Wskaźnik maskulinizacji,2011,gmina,Dobczyce,powiat myślenicki,98.05
1,Wskaźnik maskulinizacji,2011,gmina,Lubień,powiat myślenicki,97.52
1,Wskaźnik maskulinizacji,2011,gmina,Myślenice,powiat myślenicki,97.01
1,Wskaźnik maskulinizacji,2011,gmina,Pcim,powiat myślenicki,100.30
1,Wskaźnik maskulinizacji,2011,gmina,Raciechowice,powiat myślenicki,99.57
1,Wskaźnik maskulinizacji,2011,gmina,Siepraw,powiat myślenicki,98.38
1,Wskaźnik maskulinizacji,2011,gmina,Sułkowice,powiat myślenicki,97.71
1,Wskaźnik maskulinizacji,2011,gmina,Tokarnia,powiat myślenicki,105.64
1,Wskaźnik maskulinizacji,2011,gmina,Wiśniowa,powiat myślenicki,98.82
1,Wskaźnik maskulinizacji,2011,powiat,powiat nowosądecki,powiat nowosądecki,99.54
1,Wskaźnik maskulinizacji,2011,gmina,Podegrodzie,powiat nowosądecki,99.73
1,Wskaźnik maskulinizacji,2011,gmina,Rytro,powiat nowosądecki,100.37
1,Wskaźnik maskulinizacji,2011,gmina,Stary Sącz,powiat nowosądecki,99.48
1,Wskaźnik maskulinizacji,2011,gmina,Chełmiec,powiat nowosądecki,100.32
1,Wskaźnik maskulinizacji,2011,gmina,Gródek nad Dunajcem,powiat nowosądecki,101.70
1,Wskaźnik maskulinizacji,2011,gmina,Grybów (miasto),powiat nowosądecki,93.16
1,Wskaźnik maskulinizacji,2011,gmina,Grybów (wieś),powiat nowosądecki,101.82
1,Wskaźnik maskulinizacji,2011,gmina,Kamionka Wielka,powiat nowosądecki,97.16
1,Wskaźnik maskulinizacji,2011,gmina,Korzenna,powiat nowosądecki,103.06
1,Wskaźnik maskulinizacji,2011,gmina,Krynica-Zdrój,powiat nowosądecki,92.92
1,Wskaźnik maskulinizacji,2011,gmina,Łabowa,powiat nowosądecki,104.91
1,Wskaźnik maskulinizacji,2011,gmina,Łącko,powiat nowosądecki,102.85
1,Wskaźnik maskulinizacji,2011,gmina,Łososina Dolna,powiat nowosądecki,101.55
1,Wskaźnik maskulinizacji,2011,gmina,Muszyna,powiat nowosądecki,95.96
1,Wskaźnik maskulinizacji,2011,gmina,Nawojowa,powiat nowosądecki,98.02
1,Wskaźnik maskulinizacji,2011,gmina,Piwniczna-Zdrój,powiat nowosądecki,98.35
1,Wskaźnik maskulinizacji,2011,powiat,powiat nowotarski,powiat nowotarski,95.84
1,Wskaźnik maskulinizacji,2011,gmina,Czarny Dunajec,powiat nowotarski,96.22
1,Wskaźnik maskulinizacji,2011,gmina,Czorsztyn,powiat nowotarski,95.70
1,Wskaźnik maskulinizacji,2011,gmina,Jabłonka,powiat nowotarski,98.03
1,Wskaźnik maskulinizacji,2011,gmina,Krościenko nad Dunajcem,powiat nowotarski,94.27
1,Wskaźnik maskulinizacji,2011,gmina,Lipnica Wielka,powiat nowotarski,98.19
1,Wskaźnik maskulinizacji,2011,gmina,Łapsze Niżne,powiat nowotarski,97.93
1,Wskaźnik maskulinizacji,2011,gmina,Nowy Targ (miasto),powiat nowotarski,90.76
1,Wskaźnik maskulinizacji,2011,gmina,Nowy Targ (wieś),powiat nowotarski,97.78
1,Wskaźnik maskulinizacji,2011,gmina,Ochotnica Dolna,powiat nowotarski,99.78
1,Wskaźnik maskulinizacji,2011,gmina,Raba Wyżna,powiat nowotarski,99.78
1,Wskaźnik maskulinizacji,2011,gmina,Rabka-Zdrój,powiat nowotarski,92.05
1,Wskaźnik maskulinizacji,2011,gmina,Spytkowice,powiat nowotarski,99.22
1,Wskaźnik maskulinizacji,2011,gmina,Szaflary,powiat nowotarski,100.06
1,Wskaźnik maskulinizacji,2011,gmina,Szczawnica,powiat nowotarski,94.02
1,Wskaźnik maskulinizacji,2011,powiat,powiat olkuski,powiat olkuski,95.45
1,Wskaźnik maskulinizacji,2011,gmina,Bolesław,powiat olkuski,95.42
1,Wskaźnik maskulinizacji,2011,gmina,Bukowno,powiat olkuski,92.85
1,Wskaźnik maskulinizacji,2011,gmina,Klucze,powiat olkuski,96.03
1,Wskaźnik maskulinizacji,2011,gmina,Olkusz,powiat olkuski,94.89
1,Wskaźnik maskulinizacji,2011,gmina,Trzyciąż,powiat olkuski,101.39
1,Wskaźnik maskulinizacji,2011,gmina,Wolbrom,powiat olkuski,95.70
1,Wskaźnik maskulinizacji,2011,powiat,powiat oświęcimski,powiat oświęcimski,94.90
1,Wskaźnik maskulinizacji,2011,gmina,Brzeszcze,powiat oświęcimski,95.62
1,Wskaźnik maskulinizacji,2011,gmina,Chełmek,powiat oświęcimski,97.16
1,Wskaźnik maskulinizacji,2011,gmina,Kęty,powiat oświęcimski,95.60
1,Wskaźnik maskulinizacji,2011,gmina,Osiek,powiat oświęcimski,97.72
1,Wskaźnik maskulinizacji,2011,gmina,Oświęcim (miasto),powiat oświęcimski,90.42
1,Wskaźnik maskulinizacji,2011,gmina,Oświęcim (wieś),powiat oświęcimski,96.53
1,Wskaźnik maskulinizacji,2011,gmina,Polanka Wielka,powiat oświęcimski,97.91
1,Wskaźnik maskulinizacji,2011,gmina,Przeciszów,powiat oświęcimski,96.76
1,Wskaźnik maskulinizacji,2011,gmina,Zator,powiat oświęcimski,99.20
1,Wskaźnik maskulinizacji,2011,powiat,powiat proszowicki,powiat proszowicki,97.23
1,Wskaźnik maskulinizacji,2011,gmina,Koniusza,powiat proszowicki,100.52
1,Wskaźnik maskulinizacji,2011,gmina,Koszyce,powiat proszowicki,94.34
1,Wskaźnik maskulinizacji,2011,gmina,Nowe Brzesko,powiat proszowicki,98.46
1,Wskaźnik maskulinizacji,2011,gmina,Pałecznica,powiat proszowicki,97.16
1,Wskaźnik maskulinizacji,2011,gmina,Proszowice,powiat proszowicki,95.71
1,Wskaźnik maskulinizacji,2011,gmina,Radziemice,powiat proszowicki,99.14
1,Wskaźnik maskulinizacji,2011,powiat,powiat suski,powiat suski,98.21
1,Wskaźnik maskulinizacji,2011,gmina,Budzów,powiat suski,100.14
1,Wskaźnik maskulinizacji,2011,gmina,Bystra-Sidzina,powiat suski,101.98
1,Wskaźnik maskulinizacji,2011,gmina,Jordanów (miasto),powiat suski,92.60
1,Wskaźnik maskulinizacji,2011,gmina,Jordanów (wieś),powiat suski,101.34
1,Wskaźnik maskulinizacji,2011,gmina,Maków Podhalański,powiat suski,95.88
1,Wskaźnik maskulinizacji,2011,gmina,Stryszawa,powiat suski,96.69
1,Wskaźnik maskulinizacji,2011,gmina,Sucha Beskidzka,powiat suski,94.73
1,Wskaźnik maskulinizacji,2011,gmina,Zawoja,powiat suski,103.12
1,Wskaźnik maskulinizacji,2011,gmina,Zembrzyce,powiat suski,98.63
1,Wskaźnik maskulinizacji,2011,powiat,powiat tarnowski,powiat tarnowski,98.36
1,Wskaźnik maskulinizacji,2011,gmina,Ciężkowice,powiat tarnowski,101.36
1,Wskaźnik maskulinizacji,2011,gmina,Gromnik,powiat tarnowski,99.66
1,Wskaźnik maskulinizacji,2011,gmina,Lisia Góra,powiat tarnowski,97.71
1,Wskaźnik maskulinizacji,2011,gmina,Pleśna,powiat tarnowski,100.08
1,Wskaźnik maskulinizacji,2011,gmina,Radłów,powiat tarnowski,97.70
1,Wskaźnik maskulinizacji,2011,gmina,Ryglice,powiat tarnowski,98.47
1,Wskaźnik maskulinizacji,2011,gmina,Rzepiennik Strzyżewski,powiat tarnowski,98.20
1,Wskaźnik maskulinizacji,2011,gmina,Skrzyszów,powiat tarnowski,98.90
1,Wskaźnik maskulinizacji,2011,gmina,Szerzyny,powiat tarnowski,100.72
1,Wskaźnik maskulinizacji,2011,gmina,Tarnów (wieś),powiat tarnowski,97.72
1,Wskaźnik maskulinizacji,2011,gmina,Tuchów,powiat tarnowski,97.70
1,Wskaźnik maskulinizacji,2011,gmina,Wierzchosławice,powiat tarnowski,95.49
1,Wskaźnik maskulinizacji,2011,gmina,Wietrzychowice,powiat tarnowski,100.93
1,Wskaźnik maskulinizacji,2011,gmina,Wojnicz,powiat tarnowski,98.75
1,Wskaźnik maskulinizacji,2011,gmina,Zakliczyn,powiat tarnowski,100.45
1,Wskaźnik maskulinizacji,2011,gmina,Żabno,powiat tarnowski,95.41
1,Wskaźnik maskulinizacji,2011,powiat,powiat tatrzański,powiat tatrzański,93.04
1,Wskaźnik maskulinizacji,2011,gmina,Biały Dunajec,powiat tatrzański,94.81
1,Wskaźnik maskulinizacji,2011,gmina,Bukowina Tatrzańska,powiat tatrzański,99.11
1,Wskaźnik maskulinizacji,2011,gmina,Kościelisko,powiat tatrzański,96.94
1,Wskaźnik maskulinizacji,2011,gmina,Poronin,powiat tatrzański,98.43
1,Wskaźnik maskulinizacji,2011,gmina,Zakopane,powiat tatrzański,86.78
1,Wskaźnik maskulinizacji,2011,powiat,powiat wadowicki,powiat wadowicki,96.06
1,Wskaźnik maskulinizacji,2011,gmina,Andrychów,powiat wadowicki,95.81
1,Wskaźnik maskulinizacji,2011,gmina,Brzeźnica,powiat wadowicki,95.19
1,Wskaźnik maskulinizacji,2011,gmina,Kalwaria Zebrzydowska,powiat wadowicki,97.04
1,Wskaźnik maskulinizacji,2011,gmina,Lanckorona,powiat wadowicki,95.85
1,Wskaźnik maskulinizacji,2011,gmina,Mucharz,powiat wadowicki,100.81
1,Wskaźnik maskulinizacji,2011,gmina,Spytkowice,powiat wadowicki,94.82
1,Wskaźnik maskulinizacji,2011,gmina,Stryszów,powiat wadowicki,96.47
1,Wskaźnik maskulinizacji,2011,gmina,Tomice,powiat wadowicki,96.88
1,Wskaźnik maskulinizacji,2011,gmina,Wadowice,powiat wadowicki,93.80
1,Wskaźnik maskulinizacji,2011,gmina,Wieprz,powiat wadowicki,102.40
1,Wskaźnik maskulinizacji,2011,powiat,powiat wielicki,powiat wielicki,95.07
1,Wskaźnik maskulinizacji,2011,gmina,Biskupice,powiat wielicki,95.91
1,Wskaźnik maskulinizacji,2011,gmina,Gdów,powiat wielicki,98.76
1,Wskaźnik maskulinizacji,2011,gmina,Kłaj,powiat wielicki,95.18
1,Wskaźnik maskulinizacji,2011,gmina,Niepołomice,powiat wielicki,93.56
1,Wskaźnik maskulinizacji,2011,gmina,Wieliczka,powiat wielicki,94.45
1,Wskaźnik maskulinizacji,2010,powiat,powiat bocheński,powiat bocheński,96.76
1,Wskaźnik maskulinizacji,2010,gmina,Bochnia (miasto),powiat bocheński,92.05
1,Wskaźnik maskulinizacji,2010,gmina,Bochnia (wieś),powiat bocheński,96.49
1,Wskaźnik maskulinizacji,2010,gmina,Drwinia,powiat bocheński,98.52
1,Wskaźnik maskulinizacji,2010,gmina,Lipnica Murowana,powiat bocheński,103.27
1,Wskaźnik maskulinizacji,2010,gmina,Łapanów,powiat bocheński,101.60
1,Wskaźnik maskulinizacji,2010,gmina,Nowy Wiśnicz,powiat bocheński,99.16
1,Wskaźnik maskulinizacji,2010,gmina,Rzezawa,powiat bocheński,98.30
1,Wskaźnik maskulinizacji,2010,gmina,Trzciana,powiat bocheński,98.09
1,Wskaźnik maskulinizacji,2010,gmina,Żegocina,powiat bocheński,99.34
1,Wskaźnik maskulinizacji,2010,powiat,powiat brzeski,powiat brzeski,97.79
1,Wskaźnik maskulinizacji,2010,gmina,Borzęcin,powiat brzeski,98.44
1,Wskaźnik maskulinizacji,2010,gmina,Brzesko,powiat brzeski,96.29
1,Wskaźnik maskulinizacji,2010,gmina,Czchów,powiat brzeski,98.25
1,Wskaźnik maskulinizacji,2010,gmina,Dębno,powiat brzeski,97.64
1,Wskaźnik maskulinizacji,2010,gmina,Gnojnik,powiat brzeski,101.21
1,Wskaźnik maskulinizacji,2010,gmina,Iwkowa,powiat brzeski,97.83
1,Wskaźnik maskulinizacji,2010,gmina,Szczurowa,powiat brzeski,99.94
1,Wskaźnik maskulinizacji,2010,powiat,powiat chrzanowski,powiat chrzanowski,94.45
1,Wskaźnik maskulinizacji,2010,gmina,Alwernia,powiat chrzanowski,98.52
1,Wskaźnik maskulinizacji,2010,gmina,Babice,powiat chrzanowski,95.91
1,Wskaźnik maskulinizacji,2010,gmina,Chrzanów,powiat chrzanowski,92.17
1,Wskaźnik maskulinizacji,2010,gmina,Libiąż,powiat chrzanowski,95.81
1,Wskaźnik maskulinizacji,2010,gmina,Trzebinia,powiat chrzanowski,95.00
1,Wskaźnik maskulinizacji,2010,powiat,powiat dąbrowski,powiat dąbrowski,98.83
1,Wskaźnik maskulinizacji,2010,gmina,Bolesław,powiat dąbrowski,99.51
1,Wskaźnik maskulinizacji,2010,gmina,Dąbrowa Tarnowska,powiat dąbrowski,97.93
1,Wskaźnik maskulinizacji,2010,gmina,Gręboszów,powiat dąbrowski,96.15
1,Wskaźnik maskulinizacji,2010,gmina,Mędrzechów,powiat dąbrowski,96.42
1,Wskaźnik maskulinizacji,2010,gmina,Olesno,powiat dąbrowski,98.28
1,Wskaźnik maskulinizacji,2010,gmina,Radgoszcz,powiat dąbrowski,103.60
1,Wskaźnik maskulinizacji,2010,gmina,Szczucin,powiat dąbrowski,99.21
1,Wskaźnik maskulinizacji,2010,powiat,powiat gorlicki,powiat gorlicki,97.76
1,Wskaźnik maskulinizacji,2010,gmina,Biecz,powiat gorlicki,96.42
1,Wskaźnik maskulinizacji,2010,gmina,Bobowa,powiat gorlicki,102.60
1,Wskaźnik maskulinizacji,2010,gmina,Gorlice (miasto),powiat gorlicki,92.09
1,Wskaźnik maskulinizacji,2010,gmina,Gorlice (wieś),powiat gorlicki,99.95
1,Wskaźnik maskulinizacji,2010,gmina,Lipinki,powiat gorlicki,94.58
1,Wskaźnik maskulinizacji,2010,gmina,Łużna,powiat gorlicki,102.92
1,Wskaźnik maskulinizacji,2010,gmina,Moszczenica,powiat gorlicki,100.66
1,Wskaźnik maskulinizacji,2010,gmina,Ropa,powiat gorlicki,102.30
1,Wskaźnik maskulinizacji,2010,gmina,Sękowa,powiat gorlicki,100.25
1,Wskaźnik maskulinizacji,2010,gmina,Uście Gorlickie,powiat gorlicki,104.00
1,Wskaźnik maskulinizacji,2010,powiat,powiat krakowski,powiat krakowski,95.71
1,Wskaźnik maskulinizacji,2010,gmina,Czernichów,powiat krakowski,97.58
1,Wskaźnik maskulinizacji,2010,gmina,Igołomia-Wawrzeńczyce,powiat krakowski,98.17
1,Wskaźnik maskulinizacji,2010,gmina,Iwanowice,powiat krakowski,101.67
1,Wskaźnik maskulinizacji,2010,gmina,Jerzmanowice-Przeginia,powiat krakowski,96.80
1,Wskaźnik maskulinizacji,2010,gmina,Kocmyrzów-Luborzyca,powiat krakowski,98.40
1,Wskaźnik maskulinizacji,2010,gmina,Krzeszowice,powiat krakowski,92.38
1,Wskaźnik maskulinizacji,2010,gmina,Liszki,powiat krakowski,96.51
1,Wskaźnik maskulinizacji,2010,gmina,Michałowice,powiat krakowski,99.65
1,Wskaźnik maskulinizacji,2010,gmina,Mogilany,powiat krakowski,95.20
1,Wskaźnik maskulinizacji,2010,gmina,Skała,powiat krakowski,100.68
1,Wskaźnik maskulinizacji,2010,gmina,Skawina,powiat krakowski,93.97
1,Wskaźnik maskulinizacji,2010,gmina,Słomniki,powiat krakowski,94.50
1,Wskaźnik maskulinizacji,2010,gmina,Sułoszowa,powiat krakowski,101.48
1,Wskaźnik maskulinizacji,2010,gmina,Świątniki Górne,powiat krakowski,97.93
1,Wskaźnik maskulinizacji,2010,gmina,Wielka Wieś,powiat krakowski,95.64
1,Wskaźnik maskulinizacji,2010,gmina,Zabierzów,powiat krakowski,93.04
1,Wskaźnik maskulinizacji,2010,gmina,Zielonki,powiat krakowski,94.69
1,Wskaźnik maskulinizacji,2010,powiat,powiat limanowski,powiat limanowski,100.16
1,Wskaźnik maskulinizacji,2010,gmina,Dobra,powiat limanowski,101.84
1,Wskaźnik maskulinizacji,2010,gmina,Jodłownik,powiat limanowski,99.25
1,Wskaźnik maskulinizacji,2010,gmina,Kamienica,powiat limanowski,101.53
1,Wskaźnik maskulinizacji,2010,gmina,Laskowa,powiat limanowski,101.24
1,Wskaźnik maskulinizacji,2010,gmina,Limanowa (miasto),powiat limanowski,95.89
1,Wskaźnik maskulinizacji,2010,gmina,Limanowa (wieś),powiat limanowski,100.09
1,Wskaźnik maskulinizacji,2010,gmina,Łukowica,powiat limanowski,99.61
1,Wskaźnik maskulinizacji,2010,gmina,Mszana Dolna (miasto),powiat limanowski,91.95
1,Wskaźnik maskulinizacji,2010,gmina,Mszana Dolna (wieś),powiat limanowski,105.05
1,Wskaźnik maskulinizacji,2010,gmina,Niedźwiedź,powiat limanowski,104.83
1,Wskaźnik maskulinizacji,2010,gmina,Słopnice,powiat limanowski,102.78
1,Wskaźnik maskulinizacji,2010,gmina,Tymbark,powiat limanowski,97.47
1,Wskaźnik maskulinizacji,2010,powiat,powiat m. Kraków,powiat m. Kraków,87.52
1,Wskaźnik maskulinizacji,2010,powiat,powiat m. Nowy Sącz,powiat m. Nowy Sącz,91.80
1,Wskaźnik maskulinizacji,2010,powiat,powiat m. Tarnów,powiat m. Tarnów,89.74
1,Wskaźnik maskulinizacji,2010,powiat,powiat miechowski,powiat miechowski,96.27
1,Wskaźnik maskulinizacji,2010,gmina,Charsznica,powiat miechowski,96.35
1,Wskaźnik maskulinizacji,2010,gmina,Gołcza,powiat miechowski,102.23
1,Wskaźnik maskulinizacji,2010,gmina,Kozłów,powiat miechowski,100.08
1,Wskaźnik maskulinizacji,2010,gmina,Książ Wielki,powiat miechowski,95.05
1,Wskaźnik maskulinizacji,2010,gmina,Miechów,powiat miechowski,91.86
1,Wskaźnik maskulinizacji,2010,gmina,Racławice,powiat miechowski,103.72
1,Wskaźnik maskulinizacji,2010,gmina,Słaboszów,powiat miechowski,102.83
1,Wskaźnik maskulinizacji,2010,powiat,powiat myślenicki,powiat myślenicki,98.49
1,Wskaźnik maskulinizacji,2010,gmina,Dobczyce,powiat myślenicki,97.89
1,Wskaźnik maskulinizacji,2010,gmina,Lubień,powiat myślenicki,97.72
1,Wskaźnik maskulinizacji,2010,gmina,Myślenice,powiat myślenicki,96.84
1,Wskaźnik maskulinizacji,2010,gmina,Pcim,powiat myślenicki,100.69
1,Wskaźnik maskulinizacji,2010,gmina,Raciechowice,powiat myślenicki,100.60
1,Wskaźnik maskulinizacji,2010,gmina,Siepraw,powiat myślenicki,98.38
1,Wskaźnik maskulinizacji,2010,gmina,Sułkowice,powiat myślenicki,97.94
1,Wskaźnik maskulinizacji,2010,gmina,Tokarnia,powiat myślenicki,105.36
1,Wskaźnik maskulinizacji,2010,gmina,Wiśniowa,powiat myślenicki,98.98
1,Wskaźnik maskulinizacji,2010,powiat,powiat nowosądecki,powiat nowosądecki,99.74
1,Wskaźnik maskulinizacji,2010,gmina,Podegrodzie,powiat nowosądecki,99.54
1,Wskaźnik maskulinizacji,2010,gmina,Rytro,powiat nowosądecki,100.69
1,Wskaźnik maskulinizacji,2010,gmina,Stary Sącz,powiat nowosądecki,99.32
1,Wskaźnik maskulinizacji,2010,gmina,Chełmiec,powiat nowosądecki,100.83
1,Wskaźnik maskulinizacji,2010,gmina,Gródek nad Dunajcem,powiat nowosądecki,102.51
1,Wskaźnik maskulinizacji,2010,gmina,Grybów (miasto),powiat nowosądecki,93.64
1,Wskaźnik maskulinizacji,2010,gmina,Grybów (wieś),powiat nowosądecki,102.04
1,Wskaźnik maskulinizacji,2010,gmina,Kamionka Wielka,powiat nowosądecki,96.84
1,Wskaźnik maskulinizacji,2010,gmina,Korzenna,powiat nowosądecki,103.29
1,Wskaźnik maskulinizacji,2010,gmina,Krynica-Zdrój,powiat nowosądecki,93.08
1,Wskaźnik maskulinizacji,2010,gmina,Łabowa,powiat nowosądecki,104.92
1,Wskaźnik maskulinizacji,2010,gmina,Łącko,powiat nowosądecki,103.10
1,Wskaźnik maskulinizacji,2010,gmina,Łososina Dolna,powiat nowosądecki,102.58
1,Wskaźnik maskulinizacji,2010,gmina,Muszyna,powiat nowosądecki,95.93
1,Wskaźnik maskulinizacji,2010,gmina,Nawojowa,powiat nowosądecki,98.10
1,Wskaźnik maskulinizacji,2010,gmina,Piwniczna-Zdrój,powiat nowosądecki,98.59
1,Wskaźnik maskulinizacji,2010,powiat,powiat nowotarski,powiat nowotarski,95.89
1,Wskaźnik maskulinizacji,2010,gmina,Czarny Dunajec,powiat nowotarski,96.16
1,Wskaźnik maskulinizacji,2010,gmina,Czorsztyn,powiat nowotarski,95.62
1,Wskaźnik maskulinizacji,2010,gmina,Jabłonka,powiat nowotarski,98.45
1,Wskaźnik maskulinizacji,2010,gmina,Krościenko nad Dunajcem,powiat nowotarski,94.73
1,Wskaźnik maskulinizacji,2010,gmina,Lipnica Wielka,powiat nowotarski,98.08
1,Wskaźnik maskulinizacji,2010,gmina,Łapsze Niżne,powiat nowotarski,98.01
1,Wskaźnik maskulinizacji,2010,gmina,Nowy Targ (miasto),powiat nowotarski,90.81
1,Wskaźnik maskulinizacji,2010,gmina,Nowy Targ (wieś),powiat nowotarski,97.62
1,Wskaźnik maskulinizacji,2010,gmina,Ochotnica Dolna,powiat nowotarski,100.24
1,Wskaźnik maskulinizacji,2010,gmina,Raba Wyżna,powiat nowotarski,99.72
1,Wskaźnik maskulinizacji,2010,gmina,Rabka-Zdrój,powiat nowotarski,92.18
1,Wskaźnik maskulinizacji,2010,gmina,Spytkowice,powiat nowotarski,99.68
1,Wskaźnik maskulinizacji,2010,gmina,Szaflary,powiat nowotarski,100.21
1,Wskaźnik maskulinizacji,2010,gmina,Szczawnica,powiat nowotarski,93.26
1,Wskaźnik maskulinizacji,2010,powiat,powiat olkuski,powiat olkuski,95.45
1,Wskaźnik maskulinizacji,2010,gmina,Bolesław,powiat olkuski,94.78
1,Wskaźnik maskulinizacji,2010,gmina,Bukowno,powiat olkuski,93.51
1,Wskaźnik maskulinizacji,2010,gmina,Klucze,powiat olkuski,96.02
1,Wskaźnik maskulinizacji,2010,gmina,Olkusz,powiat olkuski,94.92
1,Wskaźnik maskulinizacji,2010,gmina,Trzyciąż,powiat olkuski,101.24
1,Wskaźnik maskulinizacji,2010,gmina,Wolbrom,powiat olkuski,95.63
1,Wskaźnik maskulinizacji,2010,powiat,powiat oświęcimski,powiat oświęcimski,95.10
1,Wskaźnik maskulinizacji,2010,gmina,Brzeszcze,powiat oświęcimski,95.97
1,Wskaźnik maskulinizacji,2010,gmina,Chełmek,powiat oświęcimski,97.16
1,Wskaźnik maskulinizacji,2010,gmina,Kęty,powiat oświęcimski,95.89
1,Wskaźnik maskulinizacji,2010,gmina,Osiek,powiat oświęcimski,97.67
1,Wskaźnik maskulinizacji,2010,gmina,Oświęcim (miasto),powiat oświęcimski,90.46
1,Wskaźnik maskulinizacji,2010,gmina,Oświęcim (wieś),powiat oświęcimski,96.92
1,Wskaźnik maskulinizacji,2010,gmina,Polanka Wielka,powiat oświęcimski,98.69
1,Wskaźnik maskulinizacji,2010,gmina,Przeciszów,powiat oświęcimski,97.38
1,Wskaźnik maskulinizacji,2010,gmina,Zator,powiat oświęcimski,99.39
1,Wskaźnik maskulinizacji,2010,powiat,powiat proszowicki,powiat proszowicki,97.35
1,Wskaźnik maskulinizacji,2010,gmina,Koniusza,powiat proszowicki,100.78
1,Wskaźnik maskulinizacji,2010,gmina,Koszyce,powiat proszowicki,94.05
1,Wskaźnik maskulinizacji,2010,gmina,Nowe Brzesko,powiat proszowicki,98.36
1,Wskaźnik maskulinizacji,2010,gmina,Pałecznica,powiat proszowicki,97.38
1,Wskaźnik maskulinizacji,2010,gmina,Proszowice,powiat proszowicki,95.92
1,Wskaźnik maskulinizacji,2010,gmina,Radziemice,powiat proszowicki,99.54
1,Wskaźnik maskulinizacji,2010,powiat,powiat suski,powiat suski,98.16
1,Wskaźnik maskulinizacji,2010,gmina,Budzów,powiat suski,100.58
1,Wskaźnik maskulinizacji,2010,gmina,Bystra-Sidzina,powiat suski,102.18
1,Wskaźnik maskulinizacji,2010,gmina,Jordanów (miasto),powiat suski,92.99
1,Wskaźnik maskulinizacji,2010,gmina,Jordanów (wieś),powiat suski,101.31
1,Wskaźnik maskulinizacji,2010,gmina,Maków Podhalański,powiat suski,96.34
1,Wskaźnik maskulinizacji,2010,gmina,Stryszawa,powiat suski,96.34
1,Wskaźnik maskulinizacji,2010,gmina,Sucha Beskidzka,powiat suski,94.10
1,Wskaźnik maskulinizacji,2010,gmina,Zawoja,powiat suski,102.53
1,Wskaźnik maskulinizacji,2010,gmina,Zembrzyce,powiat suski,98.18
1,Wskaźnik maskulinizacji,2010,powiat,powiat tarnowski,powiat tarnowski,98.34
1,Wskaźnik maskulinizacji,2010,gmina,Ciężkowice,powiat tarnowski,101.13
1,Wskaźnik maskulinizacji,2010,gmina,Gromnik,powiat tarnowski,99.79
1,Wskaźnik maskulinizacji,2010,gmina,Lisia Góra,powiat tarnowski,97.61
1,Wskaźnik maskulinizacji,2010,gmina,Pleśna,powiat tarnowski,100.12
1,Wskaźnik maskulinizacji,2010,gmina,Radłów,powiat tarnowski,98.05
1,Wskaźnik maskulinizacji,2010,gmina,Ryglice,powiat tarnowski,99.01
1,Wskaźnik maskulinizacji,2010,gmina,Rzepiennik Strzyżewski,powiat tarnowski,98.24
1,Wskaźnik maskulinizacji,2010,gmina,Skrzyszów,powiat tarnowski,99.02
1,Wskaźnik maskulinizacji,2010,gmina,Szerzyny,powiat tarnowski,100.77
1,Wskaźnik maskulinizacji,2010,gmina,Tarnów (wieś),powiat tarnowski,97.22
1,Wskaźnik maskulinizacji,2010,gmina,Tuchów,powiat tarnowski,97.59
1,Wskaźnik maskulinizacji,2010,gmina,Wierzchosławice,powiat tarnowski,95.70
1,Wskaźnik maskulinizacji,2010,gmina,Wietrzychowice,powiat tarnowski,100.49
1,Wskaźnik maskulinizacji,2010,gmina,Wojnicz,powiat tarnowski,98.39
1,Wskaźnik maskulinizacji,2010,gmina,Zakliczyn,powiat tarnowski,100.84
1,Wskaźnik maskulinizacji,2010,gmina,Żabno,powiat tarnowski,95.35
1,Wskaźnik maskulinizacji,2010,powiat,powiat tatrzański,powiat tatrzański,92.89
1,Wskaźnik maskulinizacji,2010,gmina,Biały Dunajec,powiat tatrzański,95.86
1,Wskaźnik maskulinizacji,2010,gmina,Bukowina Tatrzańska,powiat tatrzański,99.44
1,Wskaźnik maskulinizacji,2010,gmina,Kościelisko,powiat tatrzański,96.32
1,Wskaźnik maskulinizacji,2010,gmina,Poronin,powiat tatrzański,97.84
1,Wskaźnik maskulinizacji,2010,gmina,Zakopane,powiat tatrzański,86.49
1,Wskaźnik maskulinizacji,2010,powiat,powiat wadowicki,powiat wadowicki,96.14
1,Wskaźnik maskulinizacji,2010,gmina,Andrychów,powiat wadowicki,95.91
1,Wskaźnik maskulinizacji,2010,gmina,Brzeźnica,powiat wadowicki,95.65
1,Wskaźnik maskulinizacji,2010,gmina,Kalwaria Zebrzydowska,powiat wadowicki,97.22
1,Wskaźnik maskulinizacji,2010,gmina,Lanckorona,powiat wadowicki,96.24
1,Wskaźnik maskulinizacji,2010,gmina,Mucharz,powiat wadowicki,100.96
1,Wskaźnik maskulinizacji,2010,gmina,Spytkowice,powiat wadowicki,94.72
1,Wskaźnik maskulinizacji,2010,gmina,Stryszów,powiat wadowicki,96.78
1,Wskaźnik maskulinizacji,2010,gmina,Tomice,powiat wadowicki,96.81
1,Wskaźnik maskulinizacji,2010,gmina,Wadowice,powiat wadowicki,93.69
1,Wskaźnik maskulinizacji,2010,gmina,Wieprz,powiat wadowicki,102.57
1,Wskaźnik maskulinizacji,2010,powiat,powiat wielicki,powiat wielicki,95.14
1,Wskaźnik maskulinizacji,2010,gmina,Biskupice,powiat wielicki,95.71
1,Wskaźnik maskulinizacji,2010,gmina,Gdów,powiat wielicki,98.72
1,Wskaźnik maskulinizacji,2010,gmina,Kłaj,powiat wielicki,95.30
1,Wskaźnik maskulinizacji,2010,gmina,Niepołomice,powiat wielicki,93.66
1,Wskaźnik maskulinizacji,2010,gmina,Wieliczka,powiat wielicki,94.57
1,Wskaźnik maskulinizacji,2009,powiat,powiat bocheński,powiat bocheński,96.06
1,Wskaźnik maskulinizacji,2009,gmina,Bochnia (miasto),powiat bocheński,90.64
1,Wskaźnik maskulinizacji,2009,gmina,Bochnia (wieś),powiat bocheński,97.03
1,Wskaźnik maskulinizacji,2009,gmina,Drwinia,powiat bocheński,97.62
1,Wskaźnik maskulinizacji,2009,gmina,Lipnica Murowana,powiat bocheński,102.03
1,Wskaźnik maskulinizacji,2009,gmina,Łapanów,powiat bocheński,100.37
1,Wskaźnik maskulinizacji,2009,gmina,Nowy Wiśnicz,powiat bocheński,98.78
1,Wskaźnik maskulinizacji,2009,gmina,Rzezawa,powiat bocheński,98.15
1,Wskaźnik maskulinizacji,2009,gmina,Trzciana,powiat bocheński,96.94
1,Wskaźnik maskulinizacji,2009,gmina,Żegocina,powiat bocheński,98.25
1,Wskaźnik maskulinizacji,2009,powiat,powiat brzeski,powiat brzeski,97.02
1,Wskaźnik maskulinizacji,2009,gmina,Borzęcin,powiat brzeski,97.00
1,Wskaźnik maskulinizacji,2009,gmina,Brzesko,powiat brzeski,96.07
1,Wskaźnik maskulinizacji,2009,gmina,Czchów,powiat brzeski,97.10
1,Wskaźnik maskulinizacji,2009,gmina,Dębno,powiat brzeski,96.46
1,Wskaźnik maskulinizacji,2009,gmina,Gnojnik,powiat brzeski,98.45
1,Wskaźnik maskulinizacji,2009,gmina,Iwkowa,powiat brzeski,97.10
1,Wskaźnik maskulinizacji,2009,gmina,Szczurowa,powiat brzeski,100.12
1,Wskaźnik maskulinizacji,2009,powiat,powiat chrzanowski,powiat chrzanowski,93.71
1,Wskaźnik maskulinizacji,2009,gmina,Alwernia,powiat chrzanowski,97.56
1,Wskaźnik maskulinizacji,2009,gmina,Babice,powiat chrzanowski,95.76
1,Wskaźnik maskulinizacji,2009,gmina,Chrzanów,powiat chrzanowski,91.68
1,Wskaźnik maskulinizacji,2009,gmina,Libiąż,powiat chrzanowski,94.82
1,Wskaźnik maskulinizacji,2009,gmina,Trzebinia,powiat chrzanowski,93.99
1,Wskaźnik maskulinizacji,2009,powiat,powiat dąbrowski,powiat dąbrowski,98.73
1,Wskaźnik maskulinizacji,2009,gmina,Bolesław,powiat dąbrowski,97.97
1,Wskaźnik maskulinizacji,2009,gmina,Dąbrowa Tarnowska,powiat dąbrowski,98.24
1,Wskaźnik maskulinizacji,2009,gmina,Gręboszów,powiat dąbrowski,95.53
1,Wskaźnik maskulinizacji,2009,gmina,Mędrzechów,powiat dąbrowski,97.83
1,Wskaźnik maskulinizacji,2009,gmina,Olesno,powiat dąbrowski,97.89
1,Wskaźnik maskulinizacji,2009,gmina,Radgoszcz,powiat dąbrowski,103.25
1,Wskaźnik maskulinizacji,2009,gmina,Szczucin,powiat dąbrowski,98.82
1,Wskaźnik maskulinizacji,2009,powiat,powiat gorlicki,powiat gorlicki,97.30
1,Wskaźnik maskulinizacji,2009,gmina,Biecz,powiat gorlicki,95.87
1,Wskaźnik maskulinizacji,2009,gmina,Bobowa,powiat gorlicki,102.74
1,Wskaźnik maskulinizacji,2009,gmina,Gorlice (miasto),powiat gorlicki,91.45
1,Wskaźnik maskulinizacji,2009,gmina,Gorlice (wieś),powiat gorlicki,98.97
1,Wskaźnik maskulinizacji,2009,gmina,Lipinki,powiat gorlicki,94.00
1,Wskaźnik maskulinizacji,2009,gmina,Łużna,powiat gorlicki,102.22
1,Wskaźnik maskulinizacji,2009,gmina,Moszczenica,powiat gorlicki,100.30
1,Wskaźnik maskulinizacji,2009,gmina,Ropa,powiat gorlicki,101.16
1,Wskaźnik maskulinizacji,2009,gmina,Sękowa,powiat gorlicki,101.51
1,Wskaźnik maskulinizacji,2009,gmina,Uście Gorlickie,powiat gorlicki,105.18
1,Wskaźnik maskulinizacji,2009,powiat,powiat krakowski,powiat krakowski,95.04
1,Wskaźnik maskulinizacji,2009,gmina,Czernichów,powiat krakowski,97.82
1,Wskaźnik maskulinizacji,2009,gmina,Igołomia-Wawrzeńczyce,powiat krakowski,96.60
1,Wskaźnik maskulinizacji,2009,gmina,Iwanowice,powiat krakowski,102.38
1,Wskaźnik maskulinizacji,2009,gmina,Jerzmanowice-Przeginia,powiat krakowski,97.26
1,Wskaźnik maskulinizacji,2009,gmina,Kocmyrzów-Luborzyca,powiat krakowski,97.30
1,Wskaźnik maskulinizacji,2009,gmina,Krzeszowice,powiat krakowski,91.44
1,Wskaźnik maskulinizacji,2009,gmina,Liszki,powiat krakowski,95.20
1,Wskaźnik maskulinizacji,2009,gmina,Michałowice,powiat krakowski,98.40
1,Wskaźnik maskulinizacji,2009,gmina,Mogilany,powiat krakowski,93.86
1,Wskaźnik maskulinizacji,2009,gmina,Skała,powiat krakowski,100.92
1,Wskaźnik maskulinizacji,2009,gmina,Skawina,powiat krakowski,93.69
1,Wskaźnik maskulinizacji,2009,gmina,Słomniki,powiat krakowski,92.52
1,Wskaźnik maskulinizacji,2009,gmina,Sułoszowa,powiat krakowski,100.58
1,Wskaźnik maskulinizacji,2009,gmina,Świątniki Górne,powiat krakowski,96.02
1,Wskaźnik maskulinizacji,2009,gmina,Wielka Wieś,powiat krakowski,94.83
1,Wskaźnik maskulinizacji,2009,gmina,Zabierzów,powiat krakowski,92.39
1,Wskaźnik maskulinizacji,2009,gmina,Zielonki,powiat krakowski,94.95
1,Wskaźnik maskulinizacji,2009,powiat,powiat limanowski,powiat limanowski,99.69
1,Wskaźnik maskulinizacji,2009,gmina,Dobra,powiat limanowski,101.39
1,Wskaźnik maskulinizacji,2009,gmina,Jodłownik,powiat limanowski,98.90
1,Wskaźnik maskulinizacji,2009,gmina,Kamienica,powiat limanowski,100.05
1,Wskaźnik maskulinizacji,2009,gmina,Laskowa,powiat limanowski,101.08
1,Wskaźnik maskulinizacji,2009,gmina,Limanowa (miasto),powiat limanowski,94.90
1,Wskaźnik maskulinizacji,2009,gmina,Limanowa (wieś),powiat limanowski,100.10
1,Wskaźnik maskulinizacji,2009,gmina,Łukowica,powiat limanowski,99.64
1,Wskaźnik maskulinizacji,2009,gmina,Mszana Dolna (miasto),powiat limanowski,91.08
1,Wskaźnik maskulinizacji,2009,gmina,Mszana Dolna (wieś),powiat limanowski,104.95
1,Wskaźnik maskulinizacji,2009,gmina,Niedźwiedź,powiat limanowski,104.26
1,Wskaźnik maskulinizacji,2009,gmina,Słopnice,powiat limanowski,101.16
1,Wskaźnik maskulinizacji,2009,gmina,Tymbark,powiat limanowski,97.08
1,Wskaźnik maskulinizacji,2009,powiat,powiat m. Kraków,powiat m. Kraków,87.76
1,Wskaźnik maskulinizacji,2009,powiat,powiat m. Nowy Sącz,powiat m. Nowy Sącz,92.02
1,Wskaźnik maskulinizacji,2009,powiat,powiat m. Tarnów,powiat m. Tarnów,89.97
1,Wskaźnik maskulinizacji,2009,powiat,powiat miechowski,powiat miechowski,95.91
1,Wskaźnik maskulinizacji,2009,gmina,Charsznica,powiat miechowski,95.16
1,Wskaźnik maskulinizacji,2009,gmina,Gołcza,powiat miechowski,100.00
1,Wskaźnik maskulinizacji,2009,gmina,Kozłów,powiat miechowski,100.81
1,Wskaźnik maskulinizacji,2009,gmina,Książ Wielki,powiat miechowski,93.52
1,Wskaźnik maskulinizacji,2009,gmina,Miechów,powiat miechowski,92.08
1,Wskaźnik maskulinizacji,2009,gmina,Racławice,powiat miechowski,106.51
1,Wskaźnik maskulinizacji,2009,gmina,Słaboszów,powiat miechowski,101.89
1,Wskaźnik maskulinizacji,2009,powiat,powiat myślenicki,powiat myślenicki,98.22
1,Wskaźnik maskulinizacji,2009,gmina,Dobczyce,powiat myślenicki,97.82
1,Wskaźnik maskulinizacji,2009,gmina,Lubień,powiat myślenicki,97.57
1,Wskaźnik maskulinizacji,2009,gmina,Myślenice,powiat myślenicki,97.06
1,Wskaźnik maskulinizacji,2009,gmina,Pcim,powiat myślenicki,99.83
1,Wskaźnik maskulinizacji,2009,gmina,Raciechowice,powiat myślenicki,102.17
1,Wskaźnik maskulinizacji,2009,gmina,Siepraw,powiat myślenicki,97.02
1,Wskaźnik maskulinizacji,2009,gmina,Sułkowice,powiat myślenicki,96.51
1,Wskaźnik maskulinizacji,2009,gmina,Tokarnia,powiat myślenicki,104.86
1,Wskaźnik maskulinizacji,2009,gmina,Wiśniowa,powiat myślenicki,98.46
1,Wskaźnik maskulinizacji,2009,powiat,powiat nowosądecki,powiat nowosądecki,99.05
1,Wskaźnik maskulinizacji,2009,gmina,Podegrodzie,powiat nowosądecki,98.68
1,Wskaźnik maskulinizacji,2009,gmina,Rytro,powiat nowosądecki,100.00
1,Wskaźnik maskulinizacji,2009,gmina,Stary Sącz,powiat nowosądecki,98.50
1,Wskaźnik maskulinizacji,2009,gmina,Chełmiec,powiat nowosądecki,100.51
1,Wskaźnik maskulinizacji,2009,gmina,Gródek nad Dunajcem,powiat nowosądecki,101.05
1,Wskaźnik maskulinizacji,2009,gmina,Grybów (miasto),powiat nowosądecki,92.56
1,Wskaźnik maskulinizacji,2009,gmina,Grybów (wieś),powiat nowosądecki,101.67
1,Wskaźnik maskulinizacji,2009,gmina,Kamionka Wielka,powiat nowosądecki,97.72
1,Wskaźnik maskulinizacji,2009,gmina,Korzenna,powiat nowosądecki,101.66
1,Wskaźnik maskulinizacji,2009,gmina,Krynica-Zdrój,powiat nowosądecki,92.20
1,Wskaźnik maskulinizacji,2009,gmina,Łabowa,powiat nowosądecki,102.37
1,Wskaźnik maskulinizacji,2009,gmina,Łącko,powiat nowosądecki,101.97
1,Wskaźnik maskulinizacji,2009,gmina,Łososina Dolna,powiat nowosądecki,102.59
1,Wskaźnik maskulinizacji,2009,gmina,Muszyna,powiat nowosądecki,95.77
1,Wskaźnik maskulinizacji,2009,gmina,Nawojowa,powiat nowosądecki,98.30
1,Wskaźnik maskulinizacji,2009,gmina,Piwniczna-Zdrój,powiat nowosądecki,97.17
1,Wskaźnik maskulinizacji,2009,powiat,powiat nowotarski,powiat nowotarski,95.58
1,Wskaźnik maskulinizacji,2009,gmina,Czarny Dunajec,powiat nowotarski,96.53
1,Wskaźnik maskulinizacji,2009,gmina,Czorsztyn,powiat nowotarski,95.45
1,Wskaźnik maskulinizacji,2009,gmina,Jabłonka,powiat nowotarski,97.80
1,Wskaźnik maskulinizacji,2009,gmina,Krościenko nad Dunajcem,powiat nowotarski,94.28
1,Wskaźnik maskulinizacji,2009,gmina,Lipnica Wielka,powiat nowotarski,96.16
1,Wskaźnik maskulinizacji,2009,gmina,Łapsze Niżne,powiat nowotarski,97.74
1,Wskaźnik maskulinizacji,2009,gmina,Nowy Targ (miasto),powiat nowotarski,90.02
1,Wskaźnik maskulinizacji,2009,gmina,Nowy Targ (wieś),powiat nowotarski,97.93
1,Wskaźnik maskulinizacji,2009,gmina,Ochotnica Dolna,powiat nowotarski,99.07
1,Wskaźnik maskulinizacji,2009,gmina,Raba Wyżna,powiat nowotarski,100.03
1,Wskaźnik maskulinizacji,2009,gmina,Rabka-Zdrój,powiat nowotarski,92.02
1,Wskaźnik maskulinizacji,2009,gmina,Spytkowice,powiat nowotarski,99.42
1,Wskaźnik maskulinizacji,2009,gmina,Szaflary,powiat nowotarski,100.36
1,Wskaźnik maskulinizacji,2009,gmina,Szczawnica,powiat nowotarski,92.34
1,Wskaźnik maskulinizacji,2009,powiat,powiat olkuski,powiat olkuski,94.83
1,Wskaźnik maskulinizacji,2009,gmina,Bolesław,powiat olkuski,93.93
1,Wskaźnik maskulinizacji,2009,gmina,Bukowno,powiat olkuski,92.97
1,Wskaźnik maskulinizacji,2009,gmina,Klucze,powiat olkuski,95.15
1,Wskaźnik maskulinizacji,2009,gmina,Olkusz,powiat olkuski,93.96
1,Wskaźnik maskulinizacji,2009,gmina,Trzyciąż,powiat olkuski,102.59
1,Wskaźnik maskulinizacji,2009,gmina,Wolbrom,powiat olkuski,95.37
1,Wskaźnik maskulinizacji,2009,powiat,powiat oświęcimski,powiat oświęcimski,94.61
1,Wskaźnik maskulinizacji,2009,gmina,Brzeszcze,powiat oświęcimski,95.15
1,Wskaźnik maskulinizacji,2009,gmina,Chełmek,powiat oświęcimski,96.46
1,Wskaźnik maskulinizacji,2009,gmina,Kęty,powiat oświęcimski,95.83
1,Wskaźnik maskulinizacji,2009,gmina,Osiek,powiat oświęcimski,97.11
1,Wskaźnik maskulinizacji,2009,gmina,Oświęcim (miasto),powiat oświęcimski,89.30
1,Wskaźnik maskulinizacji,2009,gmina,Oświęcim (wieś),powiat oświęcimski,97.29
1,Wskaźnik maskulinizacji,2009,gmina,Polanka Wielka,powiat oświęcimski,98.17
1,Wskaźnik maskulinizacji,2009,gmina,Przeciszów,powiat oświęcimski,98.91
1,Wskaźnik maskulinizacji,2009,gmina,Zator,powiat oświęcimski,98.39
1,Wskaźnik maskulinizacji,2009,powiat,powiat proszowicki,powiat proszowicki,96.44
1,Wskaźnik maskulinizacji,2009,gmina,Koniusza,powiat proszowicki,99.41
1,Wskaźnik maskulinizacji,2009,gmina,Koszyce,powiat proszowicki,95.25
1,Wskaźnik maskulinizacji,2009,gmina,Nowe Brzesko,powiat proszowicki,96.47
1,Wskaźnik maskulinizacji,2009,gmina,Pałecznica,powiat proszowicki,98.21
1,Wskaźnik maskulinizacji,2009,gmina,Proszowice,powiat proszowicki,94.35
1,Wskaźnik maskulinizacji,2009,gmina,Radziemice,powiat proszowicki,99.00
1,Wskaźnik maskulinizacji,2009,powiat,powiat suski,powiat suski,97.86
1,Wskaźnik maskulinizacji,2009,gmina,Budzów,powiat suski,100.19
1,Wskaźnik maskulinizacji,2009,gmina,Bystra-Sidzina,powiat suski,101.60
1,Wskaźnik maskulinizacji,2009,gmina,Jordanów (miasto),powiat suski,92.65
1,Wskaźnik maskulinizacji,2009,gmina,Jordanów (wieś),powiat suski,100.26
1,Wskaźnik maskulinizacji,2009,gmina,Maków Podhalański,powiat suski,97.25
1,Wskaźnik maskulinizacji,2009,gmina,Stryszawa,powiat suski,95.73
1,Wskaźnik maskulinizacji,2009,gmina,Sucha Beskidzka,powiat suski,93.56
1,Wskaźnik maskulinizacji,2009,gmina,Zawoja,powiat suski,101.87
1,Wskaźnik maskulinizacji,2009,gmina,Zembrzyce,powiat suski,98.05
1,Wskaźnik maskulinizacji,2009,powiat,powiat tarnowski,powiat tarnowski,98.01
1,Wskaźnik maskulinizacji,2009,gmina,Ciężkowice,powiat tarnowski,101.40
1,Wskaźnik maskulinizacji,2009,gmina,Gromnik,powiat tarnowski,97.76
1,Wskaźnik maskulinizacji,2009,gmina,Lisia Góra,powiat tarnowski,97.32
1,Wskaźnik maskulinizacji,2009,gmina,Pleśna,powiat tarnowski,100.26
1,Wskaźnik maskulinizacji,2009,gmina,Radłów,powiat tarnowski,97.74
1,Wskaźnik maskulinizacji,2009,gmina,Ryglice,powiat tarnowski,98.91
1,Wskaźnik maskulinizacji,2009,gmina,Rzepiennik Strzyżewski,powiat tarnowski,97.86
1,Wskaźnik maskulinizacji,2009,gmina,Skrzyszów,powiat tarnowski,99.01
1,Wskaźnik maskulinizacji,2009,gmina,Szerzyny,powiat tarnowski,98.51
1,Wskaźnik maskulinizacji,2009,gmina,Tarnów (wieś),powiat tarnowski,97.18
1,Wskaźnik maskulinizacji,2009,gmina,Tuchów,powiat tarnowski,96.91
1,Wskaźnik maskulinizacji,2009,gmina,Wierzchosławice,powiat tarnowski,95.27
1,Wskaźnik maskulinizacji,2009,gmina,Wietrzychowice,powiat tarnowski,99.42
1,Wskaźnik maskulinizacji,2009,gmina,Wojnicz,powiat tarnowski,98.66
1,Wskaźnik maskulinizacji,2009,gmina,Zakliczyn,powiat tarnowski,100.46
1,Wskaźnik maskulinizacji,2009,gmina,Żabno,powiat tarnowski,95.45
1,Wskaźnik maskulinizacji,2009,powiat,powiat tatrzański,powiat tatrzański,92.05
1,Wskaźnik maskulinizacji,2009,gmina,Biały Dunajec,powiat tatrzański,93.92
1,Wskaźnik maskulinizacji,2009,gmina,Bukowina Tatrzańska,powiat tatrzański,99.69
1,Wskaźnik maskulinizacji,2009,gmina,Kościelisko,powiat tatrzański,95.52
1,Wskaźnik maskulinizacji,2009,gmina,Poronin,powiat tatrzański,97.17
1,Wskaźnik maskulinizacji,2009,gmina,Zakopane,powiat tatrzański,85.26
1,Wskaźnik maskulinizacji,2009,powiat,powiat wadowicki,powiat wadowicki,95.79
1,Wskaźnik maskulinizacji,2009,gmina,Andrychów,powiat wadowicki,95.12
1,Wskaźnik maskulinizacji,2009,gmina,Brzeźnica,powiat wadowicki,95.54
1,Wskaźnik maskulinizacji,2009,gmina,Kalwaria Zebrzydowska,powiat wadowicki,96.39
1,Wskaźnik maskulinizacji,2009,gmina,Lanckorona,powiat wadowicki,96.97
1,Wskaźnik maskulinizacji,2009,gmina,Mucharz,powiat wadowicki,101.36
1,Wskaźnik maskulinizacji,2009,gmina,Spytkowice,powiat wadowicki,95.53
1,Wskaźnik maskulinizacji,2009,gmina,Stryszów,powiat wadowicki,95.94
1,Wskaźnik maskulinizacji,2009,gmina,Tomice,powiat wadowicki,97.16
1,Wskaźnik maskulinizacji,2009,gmina,Wadowice,powiat wadowicki,93.52
1,Wskaźnik maskulinizacji,2009,gmina,Wieprz,powiat wadowicki,101.92
1,Wskaźnik maskulinizacji,2009,powiat,powiat wielicki,powiat wielicki,94.71
1,Wskaźnik maskulinizacji,2009,gmina,Biskupice,powiat wielicki,95.22
1,Wskaźnik maskulinizacji,2009,gmina,Gdów,powiat wielicki,98.77
1,Wskaźnik maskulinizacji,2009,gmina,Kłaj,powiat wielicki,95.49
1,Wskaźnik maskulinizacji,2009,gmina,Niepołomice,powiat wielicki,93.13
1,Wskaźnik maskulinizacji,2009,gmina,Wieliczka,powiat wielicki,93.89
1,Wskaźnik maskulinizacji,2008,powiat,powiat bocheński,powiat bocheński,95.96
1,Wskaźnik maskulinizacji,2008,gmina,Bochnia (miasto),powiat bocheński,90.83
1,Wskaźnik maskulinizacji,2008,gmina,Bochnia (wieś),powiat bocheński,96.91
1,Wskaźnik maskulinizacji,2008,gmina,Drwinia,powiat bocheński,97.36
1,Wskaźnik maskulinizacji,2008,gmina,Lipnica Murowana,powiat bocheński,100.40
1,Wskaźnik maskulinizacji,2008,gmina,Łapanów,powiat bocheński,101.24
1,Wskaźnik maskulinizacji,2008,gmina,Nowy Wiśnicz,powiat bocheński,97.93
1,Wskaźnik maskulinizacji,2008,gmina,Rzezawa,powiat bocheński,97.91
1,Wskaźnik maskulinizacji,2008,gmina,Trzciana,powiat bocheński,96.60
1,Wskaźnik maskulinizacji,2008,gmina,Żegocina,powiat bocheński,99.33
1,Wskaźnik maskulinizacji,2008,powiat,powiat brzeski,powiat brzeski,97.07
1,Wskaźnik maskulinizacji,2008,gmina,Borzęcin,powiat brzeski,97.11
1,Wskaźnik maskulinizacji,2008,gmina,Brzesko,powiat brzeski,96.09
1,Wskaźnik maskulinizacji,2008,gmina,Czchów,powiat brzeski,97.65
1,Wskaźnik maskulinizacji,2008,gmina,Dębno,powiat brzeski,96.96
1,Wskaźnik maskulinizacji,2008,gmina,Gnojnik,powiat brzeski,98.02
1,Wskaźnik maskulinizacji,2008,gmina,Iwkowa,powiat brzeski,97.39
1,Wskaźnik maskulinizacji,2008,gmina,Szczurowa,powiat brzeski,99.37
1,Wskaźnik maskulinizacji,2008,powiat,powiat chrzanowski,powiat chrzanowski,93.91
1,Wskaźnik maskulinizacji,2008,gmina,Alwernia,powiat chrzanowski,97.67
1,Wskaźnik maskulinizacji,2008,gmina,Babice,powiat chrzanowski,96.20
1,Wskaźnik maskulinizacji,2008,gmina,Chrzanów,powiat chrzanowski,91.65
1,Wskaźnik maskulinizacji,2008,gmina,Libiąż,powiat chrzanowski,95.09
1,Wskaźnik maskulinizacji,2008,gmina,Trzebinia,powiat chrzanowski,94.49
1,Wskaźnik maskulinizacji,2008,powiat,powiat dąbrowski,powiat dąbrowski,98.61
1,Wskaźnik maskulinizacji,2008,gmina,Bolesław,powiat dąbrowski,98.55
1,Wskaźnik maskulinizacji,2008,gmina,Dąbrowa Tarnowska,powiat dąbrowski,97.88
1,Wskaźnik maskulinizacji,2008,gmina,Gręboszów,powiat dąbrowski,93.97
1,Wskaźnik maskulinizacji,2008,gmina,Mędrzechów,powiat dąbrowski,97.80
1,Wskaźnik maskulinizacji,2008,gmina,Olesno,powiat dąbrowski,98.16
1,Wskaźnik maskulinizacji,2008,gmina,Radgoszcz,powiat dąbrowski,102.37
1,Wskaźnik maskulinizacji,2008,gmina,Szczucin,powiat dąbrowski,99.46
1,Wskaźnik maskulinizacji,2008,powiat,powiat gorlicki,powiat gorlicki,97.42
1,Wskaźnik maskulinizacji,2008,gmina,Biecz,powiat gorlicki,96.65
1,Wskaźnik maskulinizacji,2008,gmina,Bobowa,powiat gorlicki,103.55
1,Wskaźnik maskulinizacji,2008,gmina,Gorlice (miasto),powiat gorlicki,91.55
1,Wskaźnik maskulinizacji,2008,gmina,Gorlice (wieś),powiat gorlicki,98.01
1,Wskaźnik maskulinizacji,2008,gmina,Lipinki,powiat gorlicki,95.22
1,Wskaźnik maskulinizacji,2008,gmina,Łużna,powiat gorlicki,102.46
1,Wskaźnik maskulinizacji,2008,gmina,Moszczenica,powiat gorlicki,100.89
1,Wskaźnik maskulinizacji,2008,gmina,Ropa,powiat gorlicki,100.62
1,Wskaźnik maskulinizacji,2008,gmina,Sękowa,powiat gorlicki,101.22
1,Wskaźnik maskulinizacji,2008,gmina,Uście Gorlickie,powiat gorlicki,104.95
1,Wskaźnik maskulinizacji,2008,powiat,powiat krakowski,powiat krakowski,95.17
1,Wskaźnik maskulinizacji,2008,gmina,Czernichów,powiat krakowski,98.21
1,Wskaźnik maskulinizacji,2008,gmina,Igołomia-Wawrzeńczyce,powiat krakowski,95.71
1,Wskaźnik maskulinizacji,2008,gmina,Iwanowice,powiat krakowski,102.38
1,Wskaźnik maskulinizacji,2008,gmina,Jerzmanowice-Przeginia,powiat krakowski,97.48
1,Wskaźnik maskulinizacji,2008,gmina,Kocmyrzów-Luborzyca,powiat krakowski,96.86
1,Wskaźnik maskulinizacji,2008,gmina,Krzeszowice,powiat krakowski,91.63
1,Wskaźnik maskulinizacji,2008,gmina,Liszki,powiat krakowski,94.83
1,Wskaźnik maskulinizacji,2008,gmina,Michałowice,powiat krakowski,98.77
1,Wskaźnik maskulinizacji,2008,gmina,Mogilany,powiat krakowski,94.21
1,Wskaźnik maskulinizacji,2008,gmina,Skała,powiat krakowski,101.35
1,Wskaźnik maskulinizacji,2008,gmina,Skawina,powiat krakowski,94.07
1,Wskaźnik maskulinizacji,2008,gmina,Słomniki,powiat krakowski,92.71
1,Wskaźnik maskulinizacji,2008,gmina,Sułoszowa,powiat krakowski,99.93
1,Wskaźnik maskulinizacji,2008,gmina,Świątniki Górne,powiat krakowski,95.57
1,Wskaźnik maskulinizacji,2008,gmina,Wielka Wieś,powiat krakowski,94.45
1,Wskaźnik maskulinizacji,2008,gmina,Zabierzów,powiat krakowski,92.48
1,Wskaźnik maskulinizacji,2008,gmina,Zielonki,powiat krakowski,96.03
1,Wskaźnik maskulinizacji,2008,powiat,powiat limanowski,powiat limanowski,99.64
1,Wskaźnik maskulinizacji,2008,gmina,Dobra,powiat limanowski,100.77
1,Wskaźnik maskulinizacji,2008,gmina,Jodłownik,powiat limanowski,99.43
1,Wskaźnik maskulinizacji,2008,gmina,Kamienica,powiat limanowski,99.62
1,Wskaźnik maskulinizacji,2008,gmina,Laskowa,powiat limanowski,100.50
1,Wskaźnik maskulinizacji,2008,gmina,Limanowa (miasto),powiat limanowski,94.82
1,Wskaźnik maskulinizacji,2008,gmina,Limanowa (wieś),powiat limanowski,100.46
1,Wskaźnik maskulinizacji,2008,gmina,Łukowica,powiat limanowski,99.39
1,Wskaźnik maskulinizacji,2008,gmina,Mszana Dolna (miasto),powiat limanowski,91.23
1,Wskaźnik maskulinizacji,2008,gmina,Mszana Dolna (wieś),powiat limanowski,104.85
1,Wskaźnik maskulinizacji,2008,gmina,Niedźwiedź,powiat limanowski,104.28
1,Wskaźnik maskulinizacji,2008,gmina,Słopnice,powiat limanowski,100.53
1,Wskaźnik maskulinizacji,2008,gmina,Tymbark,powiat limanowski,97.33
1,Wskaźnik maskulinizacji,2008,powiat,powiat m. Kraków,powiat m. Kraków,87.90
1,Wskaźnik maskulinizacji,2008,powiat,powiat m. Nowy Sącz,powiat m. Nowy Sącz,92.09
1,Wskaźnik maskulinizacji,2008,powiat,powiat m. Tarnów,powiat m. Tarnów,89.97
1,Wskaźnik maskulinizacji,2008,powiat,powiat miechowski,powiat miechowski,95.84
1,Wskaźnik maskulinizacji,2008,gmina,Charsznica,powiat miechowski,95.34
1,Wskaźnik maskulinizacji,2008,gmina,Gołcza,powiat miechowski,100.03
1,Wskaźnik maskulinizacji,2008,gmina,Kozłów,powiat miechowski,101.09
1,Wskaźnik maskulinizacji,2008,gmina,Książ Wielki,powiat miechowski,93.65
1,Wskaźnik maskulinizacji,2008,gmina,Miechów,powiat miechowski,91.93
1,Wskaźnik maskulinizacji,2008,gmina,Racławice,powiat miechowski,104.69
1,Wskaźnik maskulinizacji,2008,gmina,Słaboszów,powiat miechowski,101.88
1,Wskaźnik maskulinizacji,2008,powiat,powiat myślenicki,powiat myślenicki,98.12
1,Wskaźnik maskulinizacji,2008,gmina,Dobczyce,powiat myślenicki,97.71
1,Wskaźnik maskulinizacji,2008,gmina,Lubień,powiat myślenicki,97.78
1,Wskaźnik maskulinizacji,2008,gmina,Myślenice,powiat myślenicki,96.81
1,Wskaźnik maskulinizacji,2008,gmina,Pcim,powiat myślenicki,99.83
1,Wskaźnik maskulinizacji,2008,gmina,Raciechowice,powiat myślenicki,101.73
1,Wskaźnik maskulinizacji,2008,gmina,Siepraw,powiat myślenicki,97.16
1,Wskaźnik maskulinizacji,2008,gmina,Sułkowice,powiat myślenicki,96.54
1,Wskaźnik maskulinizacji,2008,gmina,Tokarnia,powiat myślenicki,105.69
1,Wskaźnik maskulinizacji,2008,gmina,Wiśniowa,powiat myślenicki,97.47
1,Wskaźnik maskulinizacji,2008,powiat,powiat nowosądecki,powiat nowosądecki,99.02
1,Wskaźnik maskulinizacji,2008,gmina,Podegrodzie,powiat nowosądecki,98.19
1,Wskaźnik maskulinizacji,2008,gmina,Rytro,powiat nowosądecki,100.22
1,Wskaźnik maskulinizacji,2008,gmina,Stary Sącz,powiat nowosądecki,98.37
1,Wskaźnik maskulinizacji,2008,gmina,Chełmiec,powiat nowosądecki,100.48
1,Wskaźnik maskulinizacji,2008,gmina,Gródek nad Dunajcem,powiat nowosądecki,100.40
1,Wskaźnik maskulinizacji,2008,gmina,Grybów (miasto),powiat nowosądecki,93.60
1,Wskaźnik maskulinizacji,2008,gmina,Grybów (wieś),powiat nowosądecki,101.24
1,Wskaźnik maskulinizacji,2008,gmina,Kamionka Wielka,powiat nowosądecki,97.77
1,Wskaźnik maskulinizacji,2008,gmina,Korzenna,powiat nowosądecki,101.59
1,Wskaźnik maskulinizacji,2008,gmina,Krynica-Zdrój,powiat nowosądecki,92.28
1,Wskaźnik maskulinizacji,2008,gmina,Łabowa,powiat nowosądecki,101.83
1,Wskaźnik maskulinizacji,2008,gmina,Łącko,powiat nowosądecki,102.50
1,Wskaźnik maskulinizacji,2008,gmina,Łososina Dolna,powiat nowosądecki,102.92
1,Wskaźnik maskulinizacji,2008,gmina,Muszyna,powiat nowosądecki,96.07
1,Wskaźnik maskulinizacji,2008,gmina,Nawojowa,powiat nowosądecki,99.00
1,Wskaźnik maskulinizacji,2008,gmina,Piwniczna-Zdrój,powiat nowosądecki,96.90
1,Wskaźnik maskulinizacji,2008,powiat,powiat nowotarski,powiat nowotarski,95.44
1,Wskaźnik maskulinizacji,2008,gmina,Czarny Dunajec,powiat nowotarski,96.39
1,Wskaźnik maskulinizacji,2008,gmina,Czorsztyn,powiat nowotarski,95.54
1,Wskaźnik maskulinizacji,2008,gmina,Jabłonka,powiat nowotarski,97.58
1,Wskaźnik maskulinizacji,2008,gmina,Krościenko nad Dunajcem,powiat nowotarski,94.50
1,Wskaźnik maskulinizacji,2008,gmina,Lipnica Wielka,powiat nowotarski,95.88
1,Wskaźnik maskulinizacji,2008,gmina,Łapsze Niżne,powiat nowotarski,97.74
1,Wskaźnik maskulinizacji,2008,gmina,Nowy Targ (miasto),powiat nowotarski,89.90
1,Wskaźnik maskulinizacji,2008,gmina,Nowy Targ (wieś),powiat nowotarski,97.64
1,Wskaźnik maskulinizacji,2008,gmina,Ochotnica Dolna,powiat nowotarski,99.65
1,Wskaźnik maskulinizacji,2008,gmina,Raba Wyżna,powiat nowotarski,99.68
1,Wskaźnik maskulinizacji,2008,gmina,Rabka-Zdrój,powiat nowotarski,91.85
1,Wskaźnik maskulinizacji,2008,gmina,Spytkowice,powiat nowotarski,98.69
1,Wskaźnik maskulinizacji,2008,gmina,Szaflary,powiat nowotarski,100.40
1,Wskaźnik maskulinizacji,2008,gmina,Szczawnica,powiat nowotarski,92.31
1,Wskaźnik maskulinizacji,2008,powiat,powiat olkuski,powiat olkuski,94.90
1,Wskaźnik maskulinizacji,2008,gmina,Bolesław,powiat olkuski,93.86
1,Wskaźnik maskulinizacji,2008,gmina,Bukowno,powiat olkuski,92.57
1,Wskaźnik maskulinizacji,2008,gmina,Klucze,powiat olkuski,95.00
1,Wskaźnik maskulinizacji,2008,gmina,Olkusz,powiat olkuski,94.30
1,Wskaźnik maskulinizacji,2008,gmina,Trzyciąż,powiat olkuski,102.19
1,Wskaźnik maskulinizacji,2008,gmina,Wolbrom,powiat olkuski,95.42
1,Wskaźnik maskulinizacji,2008,powiat,powiat oświęcimski,powiat oświęcimski,94.66
1,Wskaźnik maskulinizacji,2008,gmina,Brzeszcze,powiat oświęcimski,95.56
1,Wskaźnik maskulinizacji,2008,gmina,Chełmek,powiat oświęcimski,96.48
1,Wskaźnik maskulinizacji,2008,gmina,Kęty,powiat oświęcimski,96.29
1,Wskaźnik maskulinizacji,2008,gmina,Osiek,powiat oświęcimski,97.51
1,Wskaźnik maskulinizacji,2008,gmina,Oświęcim (miasto),powiat oświęcimski,89.10
1,Wskaźnik maskulinizacji,2008,gmina,Oświęcim (wieś),powiat oświęcimski,97.25
1,Wskaźnik maskulinizacji,2008,gmina,Polanka Wielka,powiat oświęcimski,97.63
1,Wskaźnik maskulinizacji,2008,gmina,Przeciszów,powiat oświęcimski,98.73
1,Wskaźnik maskulinizacji,2008,gmina,Zator,powiat oświęcimski,97.84
1,Wskaźnik maskulinizacji,2008,powiat,powiat proszowicki,powiat proszowicki,96.31
1,Wskaźnik maskulinizacji,2008,gmina,Koniusza,powiat proszowicki,98.88
1,Wskaźnik maskulinizacji,2008,gmina,Koszyce,powiat proszowicki,93.65
1,Wskaźnik maskulinizacji,2008,gmina,Nowe Brzesko,powiat proszowicki,96.64
1,Wskaźnik maskulinizacji,2008,gmina,Pałecznica,powiat proszowicki,98.57
1,Wskaźnik maskulinizacji,2008,gmina,Proszowice,powiat proszowicki,94.66
1,Wskaźnik maskulinizacji,2008,gmina,Radziemice,powiat proszowicki,99.18
1,Wskaźnik maskulinizacji,2008,powiat,powiat suski,powiat suski,97.87
1,Wskaźnik maskulinizacji,2008,gmina,Budzów,powiat suski,100.91
1,Wskaźnik maskulinizacji,2008,gmina,Bystra-Sidzina,powiat suski,102.04
1,Wskaźnik maskulinizacji,2008,gmina,Jordanów (miasto),powiat suski,91.80
1,Wskaźnik maskulinizacji,2008,gmina,Jordanów (wieś),powiat suski,99.81
1,Wskaźnik maskulinizacji,2008,gmina,Maków Podhalański,powiat suski,97.40
1,Wskaźnik maskulinizacji,2008,gmina,Stryszawa,powiat suski,96.26
1,Wskaźnik maskulinizacji,2008,gmina,Sucha Beskidzka,powiat suski,92.35
1,Wskaźnik maskulinizacji,2008,gmina,Zawoja,powiat suski,102.47
1,Wskaźnik maskulinizacji,2008,gmina,Zembrzyce,powiat suski,98.12
1,Wskaźnik maskulinizacji,2008,powiat,powiat tarnowski,powiat tarnowski,97.90
1,Wskaźnik maskulinizacji,2008,gmina,Ciężkowice,powiat tarnowski,101.58
1,Wskaźnik maskulinizacji,2008,gmina,Gromnik,powiat tarnowski,97.43
1,Wskaźnik maskulinizacji,2008,gmina,Lisia Góra,powiat tarnowski,96.63
1,Wskaźnik maskulinizacji,2008,gmina,Pleśna,powiat tarnowski,100.19
1,Wskaźnik maskulinizacji,2008,gmina,Radłów,powiat tarnowski,97.59
1,Wskaźnik maskulinizacji,2008,gmina,Ryglice,powiat tarnowski,98.67
1,Wskaźnik maskulinizacji,2008,gmina,Rzepiennik Strzyżewski,powiat tarnowski,98.09
1,Wskaźnik maskulinizacji,2008,gmina,Skrzyszów,powiat tarnowski,98.85
1,Wskaźnik maskulinizacji,2008,gmina,Szerzyny,powiat tarnowski,98.58
1,Wskaźnik maskulinizacji,2008,gmina,Tarnów (wieś),powiat tarnowski,97.36
1,Wskaźnik maskulinizacji,2008,gmina,Tuchów,powiat tarnowski,97.45
1,Wskaźnik maskulinizacji,2008,gmina,Wierzchosławice,powiat tarnowski,95.59
1,Wskaźnik maskulinizacji,2008,gmina,Wietrzychowice,powiat tarnowski,98.99
1,Wskaźnik maskulinizacji,2008,gmina,Wojnicz,powiat tarnowski,98.28
1,Wskaźnik maskulinizacji,2008,gmina,Zakliczyn,powiat tarnowski,99.41
1,Wskaźnik maskulinizacji,2008,gmina,Żabno,powiat tarnowski,95.16
1,Wskaźnik maskulinizacji,2008,powiat,powiat tatrzański,powiat tatrzański,91.92
1,Wskaźnik maskulinizacji,2008,gmina,Biały Dunajec,powiat tatrzański,93.35
1,Wskaźnik maskulinizacji,2008,gmina,Bukowina Tatrzańska,powiat tatrzański,99.90
1,Wskaźnik maskulinizacji,2008,gmina,Kościelisko,powiat tatrzański,95.75
1,Wskaźnik maskulinizacji,2008,gmina,Poronin,powiat tatrzański,96.71
1,Wskaźnik maskulinizacji,2008,gmina,Zakopane,powiat tatrzański,85.18
1,Wskaźnik maskulinizacji,2008,powiat,powiat wadowicki,powiat wadowicki,95.73
1,Wskaźnik maskulinizacji,2008,gmina,Andrychów,powiat wadowicki,95.00
1,Wskaźnik maskulinizacji,2008,gmina,Brzeźnica,powiat wadowicki,94.95
1,Wskaźnik maskulinizacji,2008,gmina,Kalwaria Zebrzydowska,powiat wadowicki,96.60
1,Wskaźnik maskulinizacji,2008,gmina,Lanckorona,powiat wadowicki,96.90
1,Wskaźnik maskulinizacji,2008,gmina,Mucharz,powiat wadowicki,101.95
1,Wskaźnik maskulinizacji,2008,gmina,Spytkowice,powiat wadowicki,95.35
1,Wskaźnik maskulinizacji,2008,gmina,Stryszów,powiat wadowicki,96.22
1,Wskaźnik maskulinizacji,2008,gmina,Tomice,powiat wadowicki,97.07
1,Wskaźnik maskulinizacji,2008,gmina,Wadowice,powiat wadowicki,93.40
1,Wskaźnik maskulinizacji,2008,gmina,Wieprz,powiat wadowicki,102.07
1,Wskaźnik maskulinizacji,2008,powiat,powiat wielicki,powiat wielicki,94.61
1,Wskaźnik maskulinizacji,2008,gmina,Biskupice,powiat wielicki,94.61
1,Wskaźnik maskulinizacji,2008,gmina,Gdów,powiat wielicki,98.79
1,Wskaźnik maskulinizacji,2008,gmina,Kłaj,powiat wielicki,95.87
1,Wskaźnik maskulinizacji,2008,gmina,Niepołomice,powiat wielicki,92.76
1,Wskaźnik maskulinizacji,2008,gmina,Wieliczka,powiat wielicki,93.85
1,Wskaźnik maskulinizacji,2007,powiat,powiat bocheński,powiat bocheński,95.83
1,Wskaźnik maskulinizacji,2007,gmina,Bochnia (miasto),powiat bocheński,90.80
1,Wskaźnik maskulinizacji,2007,gmina,Bochnia (wieś),powiat bocheński,97.10
1,Wskaźnik maskulinizacji,2007,gmina,Drwinia,powiat bocheński,97.00
1,Wskaźnik maskulinizacji,2007,gmina,Lipnica Murowana,powiat bocheński,99.64
1,Wskaźnik maskulinizacji,2007,gmina,Łapanów,powiat bocheński,101.56
1,Wskaźnik maskulinizacji,2007,gmina,Nowy Wiśnicz,powiat bocheński,97.92
1,Wskaźnik maskulinizacji,2007,gmina,Rzezawa,powiat bocheński,97.59
1,Wskaźnik maskulinizacji,2007,gmina,Trzciana,powiat bocheński,95.52
1,Wskaźnik maskulinizacji,2007,gmina,Żegocina,powiat bocheński,98.69
1,Wskaźnik maskulinizacji,2007,powiat,powiat brzeski,powiat brzeski,97.28
1,Wskaźnik maskulinizacji,2007,gmina,Borzęcin,powiat brzeski,96.76
1,Wskaźnik maskulinizacji,2007,gmina,Brzesko,powiat brzeski,96.35
1,Wskaźnik maskulinizacji,2007,gmina,Czchów,powiat brzeski,98.56
1,Wskaźnik maskulinizacji,2007,gmina,Dębno,powiat brzeski,96.55
1,Wskaźnik maskulinizacji,2007,gmina,Gnojnik,powiat brzeski,98.71
1,Wskaźnik maskulinizacji,2007,gmina,Iwkowa,powiat brzeski,97.55
1,Wskaźnik maskulinizacji,2007,gmina,Szczurowa,powiat brzeski,99.67
1,Wskaźnik maskulinizacji,2007,powiat,powiat chrzanowski,powiat chrzanowski,93.90
1,Wskaźnik maskulinizacji,2007,gmina,Alwernia,powiat chrzanowski,97.67
1,Wskaźnik maskulinizacji,2007,gmina,Babice,powiat chrzanowski,96.48
1,Wskaźnik maskulinizacji,2007,gmina,Chrzanów,powiat chrzanowski,91.34
1,Wskaźnik maskulinizacji,2007,gmina,Libiąż,powiat chrzanowski,95.69
1,Wskaźnik maskulinizacji,2007,gmina,Trzebinia,powiat chrzanowski,94.45
1,Wskaźnik maskulinizacji,2007,powiat,powiat dąbrowski,powiat dąbrowski,98.61
1,Wskaźnik maskulinizacji,2007,gmina,Bolesław,powiat dąbrowski,98.96
1,Wskaźnik maskulinizacji,2007,gmina,Dąbrowa Tarnowska,powiat dąbrowski,97.60
1,Wskaźnik maskulinizacji,2007,gmina,Gręboszów,powiat dąbrowski,93.47
1,Wskaźnik maskulinizacji,2007,gmina,Mędrzechów,powiat dąbrowski,97.52
1,Wskaźnik maskulinizacji,2007,gmina,Olesno,powiat dąbrowski,98.44
1,Wskaźnik maskulinizacji,2007,gmina,Radgoszcz,powiat dąbrowski,102.81
1,Wskaźnik maskulinizacji,2007,gmina,Szczucin,powiat dąbrowski,99.61
1,Wskaźnik maskulinizacji,2007,powiat,powiat gorlicki,powiat gorlicki,97.23
1,Wskaźnik maskulinizacji,2007,gmina,Biecz,powiat gorlicki,96.33
1,Wskaźnik maskulinizacji,2007,gmina,Bobowa,powiat gorlicki,102.80
1,Wskaźnik maskulinizacji,2007,gmina,Gorlice (miasto),powiat gorlicki,91.03
1,Wskaźnik maskulinizacji,2007,gmina,Gorlice (wieś),powiat gorlicki,98.18
1,Wskaźnik maskulinizacji,2007,gmina,Lipinki,powiat gorlicki,95.58
1,Wskaźnik maskulinizacji,2007,gmina,Łużna,powiat gorlicki,102.08
1,Wskaźnik maskulinizacji,2007,gmina,Moszczenica,powiat gorlicki,101.67
1,Wskaźnik maskulinizacji,2007,gmina,Ropa,powiat gorlicki,101.45
1,Wskaźnik maskulinizacji,2007,gmina,Sękowa,powiat gorlicki,101.18
1,Wskaźnik maskulinizacji,2007,gmina,Uście Gorlickie,powiat gorlicki,104.62
1,Wskaźnik maskulinizacji,2007,powiat,powiat krakowski,powiat krakowski,95.26
1,Wskaźnik maskulinizacji,2007,gmina,Czernichów,powiat krakowski,98.24
1,Wskaźnik maskulinizacji,2007,gmina,Igołomia-Wawrzeńczyce,powiat krakowski,96.10
1,Wskaźnik maskulinizacji,2007,gmina,Iwanowice,powiat krakowski,102.92
1,Wskaźnik maskulinizacji,2007,gmina,Jerzmanowice-Przeginia,powiat krakowski,98.55
1,Wskaźnik maskulinizacji,2007,gmina,Kocmyrzów-Luborzyca,powiat krakowski,96.37
1,Wskaźnik maskulinizacji,2007,gmina,Krzeszowice,powiat krakowski,91.04
1,Wskaźnik maskulinizacji,2007,gmina,Liszki,powiat krakowski,94.99
1,Wskaźnik maskulinizacji,2007,gmina,Michałowice,powiat krakowski,99.06
1,Wskaźnik maskulinizacji,2007,gmina,Mogilany,powiat krakowski,94.20
1,Wskaźnik maskulinizacji,2007,gmina,Skała,powiat krakowski,101.48
1,Wskaźnik maskulinizacji,2007,gmina,Skawina,powiat krakowski,94.22
1,Wskaźnik maskulinizacji,2007,gmina,Słomniki,powiat krakowski,92.59
1,Wskaźnik maskulinizacji,2007,gmina,Sułoszowa,powiat krakowski,99.97
1,Wskaźnik maskulinizacji,2007,gmina,Świątniki Górne,powiat krakowski,96.43
1,Wskaźnik maskulinizacji,2007,gmina,Wielka Wieś,powiat krakowski,94.67
1,Wskaźnik maskulinizacji,2007,gmina,Zabierzów,powiat krakowski,93.05
1,Wskaźnik maskulinizacji,2007,gmina,Zielonki,powiat krakowski,95.87
1,Wskaźnik maskulinizacji,2007,powiat,powiat limanowski,powiat limanowski,99.78
1,Wskaźnik maskulinizacji,2007,gmina,Dobra,powiat limanowski,100.32
1,Wskaźnik maskulinizacji,2007,gmina,Jodłownik,powiat limanowski,99.46
1,Wskaźnik maskulinizacji,2007,gmina,Kamienica,powiat limanowski,99.86
1,Wskaźnik maskulinizacji,2007,gmina,Laskowa,powiat limanowski,100.56
1,Wskaźnik maskulinizacji,2007,gmina,Limanowa (miasto),powiat limanowski,94.93
1,Wskaźnik maskulinizacji,2007,gmina,Limanowa (wieś),powiat limanowski,100.93
1,Wskaźnik maskulinizacji,2007,gmina,Łukowica,powiat limanowski,98.74
1,Wskaźnik maskulinizacji,2007,gmina,Mszana Dolna (miasto),powiat limanowski,91.06
1,Wskaźnik maskulinizacji,2007,gmina,Mszana Dolna (wieś),powiat limanowski,105.24
1,Wskaźnik maskulinizacji,2007,gmina,Niedźwiedź,powiat limanowski,105.12
1,Wskaźnik maskulinizacji,2007,gmina,Słopnice,powiat limanowski,100.43
1,Wskaźnik maskulinizacji,2007,gmina,Tymbark,powiat limanowski,98.04
1,Wskaźnik maskulinizacji,2007,powiat,powiat m. Kraków,powiat m. Kraków,87.90
1,Wskaźnik maskulinizacji,2007,powiat,powiat m. Nowy Sącz,powiat m. Nowy Sącz,92.02
1,Wskaźnik maskulinizacji,2007,powiat,powiat m. Tarnów,powiat m. Tarnów,90.07
1,Wskaźnik maskulinizacji,2007,powiat,powiat miechowski,powiat miechowski,95.84
1,Wskaźnik maskulinizacji,2007,gmina,Charsznica,powiat miechowski,94.60
1,Wskaźnik maskulinizacji,2007,gmina,Gołcza,powiat miechowski,99.30
1,Wskaźnik maskulinizacji,2007,gmina,Kozłów,powiat miechowski,101.17
1,Wskaźnik maskulinizacji,2007,gmina,Książ Wielki,powiat miechowski,94.55
1,Wskaźnik maskulinizacji,2007,gmina,Miechów,powiat miechowski,92.31
1,Wskaźnik maskulinizacji,2007,gmina,Racławice,powiat miechowski,105.18
1,Wskaźnik maskulinizacji,2007,gmina,Słaboszów,powiat miechowski,100.63
1,Wskaźnik maskulinizacji,2007,powiat,powiat myślenicki,powiat myślenicki,98.19
1,Wskaźnik maskulinizacji,2007,gmina,Dobczyce,powiat myślenicki,97.85
1,Wskaźnik maskulinizacji,2007,gmina,Lubień,powiat myślenicki,98.46
1,Wskaźnik maskulinizacji,2007,gmina,Myślenice,powiat myślenicki,96.78
1,Wskaźnik maskulinizacji,2007,gmina,Pcim,powiat myślenicki,100.79
1,Wskaźnik maskulinizacji,2007,gmina,Raciechowice,powiat myślenicki,101.56
1,Wskaźnik maskulinizacji,2007,gmina,Siepraw,powiat myślenicki,96.75
1,Wskaźnik maskulinizacji,2007,gmina,Sułkowice,powiat myślenicki,96.73
1,Wskaźnik maskulinizacji,2007,gmina,Tokarnia,powiat myślenicki,104.85
1,Wskaźnik maskulinizacji,2007,gmina,Wiśniowa,powiat myślenicki,97.31
1,Wskaźnik maskulinizacji,2007,powiat,powiat nowosądecki,powiat nowosądecki,99.17
1,Wskaźnik maskulinizacji,2007,gmina,Podegrodzie,powiat nowosądecki,98.32
1,Wskaźnik maskulinizacji,2007,gmina,Rytro,powiat nowosądecki,101.88
1,Wskaźnik maskulinizacji,2007,gmina,Stary Sącz,powiat nowosądecki,98.37
1,Wskaźnik maskulinizacji,2007,gmina,Chełmiec,powiat nowosądecki,100.34
1,Wskaźnik maskulinizacji,2007,gmina,Gródek nad Dunajcem,powiat nowosądecki,101.87
1,Wskaźnik maskulinizacji,2007,gmina,Grybów (miasto),powiat nowosądecki,94.51
1,Wskaźnik maskulinizacji,2007,gmina,Grybów (wieś),powiat nowosądecki,101.15
1,Wskaźnik maskulinizacji,2007,gmina,Kamionka Wielka,powiat nowosądecki,97.95
1,Wskaźnik maskulinizacji,2007,gmina,Korzenna,powiat nowosądecki,101.59
1,Wskaźnik maskulinizacji,2007,gmina,Krynica-Zdrój,powiat nowosądecki,91.94
1,Wskaźnik maskulinizacji,2007,gmina,Łabowa,powiat nowosądecki,101.88
1,Wskaźnik maskulinizacji,2007,gmina,Łącko,powiat nowosądecki,102.74
1,Wskaźnik maskulinizacji,2007,gmina,Łososina Dolna,powiat nowosądecki,103.05
1,Wskaźnik maskulinizacji,2007,gmina,Muszyna,powiat nowosądecki,96.23
1,Wskaźnik maskulinizacji,2007,gmina,Nawojowa,powiat nowosądecki,99.15
1,Wskaźnik maskulinizacji,2007,gmina,Piwniczna-Zdrój,powiat nowosądecki,97.64
1,Wskaźnik maskulinizacji,2007,powiat,powiat nowotarski,powiat nowotarski,95.44
1,Wskaźnik maskulinizacji,2007,gmina,Czarny Dunajec,powiat nowotarski,96.16
1,Wskaźnik maskulinizacji,2007,gmina,Czorsztyn,powiat nowotarski,95.95
1,Wskaźnik maskulinizacji,2007,gmina,Jabłonka,powiat nowotarski,97.97
1,Wskaźnik maskulinizacji,2007,gmina,Krościenko nad Dunajcem,powiat nowotarski,94.62
1,Wskaźnik maskulinizacji,2007,gmina,Lipnica Wielka,powiat nowotarski,95.83
1,Wskaźnik maskulinizacji,2007,gmina,Łapsze Niżne,powiat nowotarski,97.64
1,Wskaźnik maskulinizacji,2007,gmina,Nowy Targ (miasto),powiat nowotarski,90.00
1,Wskaźnik maskulinizacji,2007,gmina,Nowy Targ (wieś),powiat nowotarski,97.70
1,Wskaźnik maskulinizacji,2007,gmina,Ochotnica Dolna,powiat nowotarski,100.35
1,Wskaźnik maskulinizacji,2007,gmina,Raba Wyżna,powiat nowotarski,99.06
1,Wskaźnik maskulinizacji,2007,gmina,Rabka-Zdrój,powiat nowotarski,91.71
1,Wskaźnik maskulinizacji,2007,gmina,Spytkowice,powiat nowotarski,99.02
1,Wskaźnik maskulinizacji,2007,gmina,Szaflary,powiat nowotarski,100.49
1,Wskaźnik maskulinizacji,2007,gmina,Szczawnica,powiat nowotarski,91.88
1,Wskaźnik maskulinizacji,2007,powiat,powiat olkuski,powiat olkuski,95.11
1,Wskaźnik maskulinizacji,2007,gmina,Bolesław,powiat olkuski,93.81
1,Wskaźnik maskulinizacji,2007,gmina,Bukowno,powiat olkuski,92.86
1,Wskaźnik maskulinizacji,2007,gmina,Klucze,powiat olkuski,95.32
1,Wskaźnik maskulinizacji,2007,gmina,Olkusz,powiat olkuski,94.50
1,Wskaźnik maskulinizacji,2007,gmina,Trzyciąż,powiat olkuski,101.98
1,Wskaźnik maskulinizacji,2007,gmina,Wolbrom,powiat olkuski,95.77
1,Wskaźnik maskulinizacji,2007,powiat,powiat oświęcimski,powiat oświęcimski,94.73
1,Wskaźnik maskulinizacji,2007,gmina,Brzeszcze,powiat oświęcimski,95.78
1,Wskaźnik maskulinizacji,2007,gmina,Chełmek,powiat oświęcimski,96.80
1,Wskaźnik maskulinizacji,2007,gmina,Kęty,powiat oświęcimski,96.01
1,Wskaźnik maskulinizacji,2007,gmina,Osiek,powiat oświęcimski,97.66
1,Wskaźnik maskulinizacji,2007,gmina,Oświęcim (miasto),powiat oświęcimski,89.40
1,Wskaźnik maskulinizacji,2007,gmina,Oświęcim (wieś),powiat oświęcimski,97.36
1,Wskaźnik maskulinizacji,2007,gmina,Polanka Wielka,powiat oświęcimski,97.65
1,Wskaźnik maskulinizacji,2007,gmina,Przeciszów,powiat oświęcimski,98.58
1,Wskaźnik maskulinizacji,2007,gmina,Zator,powiat oświęcimski,97.77
1,Wskaźnik maskulinizacji,2007,powiat,powiat proszowicki,powiat proszowicki,96.71
1,Wskaźnik maskulinizacji,2007,gmina,Koniusza,powiat proszowicki,99.82
1,Wskaźnik maskulinizacji,2007,gmina,Koszyce,powiat proszowicki,94.09
1,Wskaźnik maskulinizacji,2007,gmina,Nowe Brzesko,powiat proszowicki,96.45
1,Wskaźnik maskulinizacji,2007,gmina,Pałecznica,powiat proszowicki,99.73
1,Wskaźnik maskulinizacji,2007,gmina,Proszowice,powiat proszowicki,94.88
1,Wskaźnik maskulinizacji,2007,gmina,Radziemice,powiat proszowicki,99.24
1,Wskaźnik maskulinizacji,2007,powiat,powiat suski,powiat suski,98.01
1,Wskaźnik maskulinizacji,2007,gmina,Budzów,powiat suski,100.91
1,Wskaźnik maskulinizacji,2007,gmina,Bystra-Sidzina,powiat suski,102.68
1,Wskaźnik maskulinizacji,2007,gmina,Jordanów (miasto),powiat suski,91.51
1,Wskaźnik maskulinizacji,2007,gmina,Jordanów (wieś),powiat suski,100.02
1,Wskaźnik maskulinizacji,2007,gmina,Maków Podhalański,powiat suski,97.60
1,Wskaźnik maskulinizacji,2007,gmina,Stryszawa,powiat suski,96.50
1,Wskaźnik maskulinizacji,2007,gmina,Sucha Beskidzka,powiat suski,92.40
1,Wskaźnik maskulinizacji,2007,gmina,Zawoja,powiat suski,102.20
1,Wskaźnik maskulinizacji,2007,gmina,Zembrzyce,powiat suski,98.57
1,Wskaźnik maskulinizacji,2007,powiat,powiat tarnowski,powiat tarnowski,97.74
1,Wskaźnik maskulinizacji,2007,gmina,Ciężkowice,powiat tarnowski,101.64
1,Wskaźnik maskulinizacji,2007,gmina,Gromnik,powiat tarnowski,98.83
1,Wskaźnik maskulinizacji,2007,gmina,Lisia Góra,powiat tarnowski,96.36
1,Wskaźnik maskulinizacji,2007,gmina,Pleśna,powiat tarnowski,99.62
1,Wskaźnik maskulinizacji,2007,gmina,Radłów,powiat tarnowski,96.67
1,Wskaźnik maskulinizacji,2007,gmina,Ryglice,powiat tarnowski,98.18
1,Wskaźnik maskulinizacji,2007,gmina,Rzepiennik Strzyżewski,powiat tarnowski,97.77
1,Wskaźnik maskulinizacji,2007,gmina,Skrzyszów,powiat tarnowski,98.66
1,Wskaźnik maskulinizacji,2007,gmina,Szerzyny,powiat tarnowski,99.08
1,Wskaźnik maskulinizacji,2007,gmina,Tarnów (wieś),powiat tarnowski,97.23
1,Wskaźnik maskulinizacji,2007,gmina,Tuchów,powiat tarnowski,97.05
1,Wskaźnik maskulinizacji,2007,gmina,Wierzchosławice,powiat tarnowski,95.65
1,Wskaźnik maskulinizacji,2007,gmina,Wietrzychowice,powiat tarnowski,99.00
1,Wskaźnik maskulinizacji,2007,gmina,Wojnicz,powiat tarnowski,98.01
1,Wskaźnik maskulinizacji,2007,gmina,Zakliczyn,powiat tarnowski,99.46
1,Wskaźnik maskulinizacji,2007,gmina,Żabno,powiat tarnowski,94.89
1,Wskaźnik maskulinizacji,2007,powiat,powiat tatrzański,powiat tatrzański,92.19
1,Wskaźnik maskulinizacji,2007,gmina,Biały Dunajec,powiat tatrzański,93.72
1,Wskaźnik maskulinizacji,2007,gmina,Bukowina Tatrzańska,powiat tatrzański,99.60
1,Wskaźnik maskulinizacji,2007,gmina,Kościelisko,powiat tatrzański,96.32
1,Wskaźnik maskulinizacji,2007,gmina,Poronin,powiat tatrzański,97.03
1,Wskaźnik maskulinizacji,2007,gmina,Zakopane,powiat tatrzański,85.67
1,Wskaźnik maskulinizacji,2007,powiat,powiat wadowicki,powiat wadowicki,95.78
1,Wskaźnik maskulinizacji,2007,gmina,Andrychów,powiat wadowicki,95.16
1,Wskaźnik maskulinizacji,2007,gmina,Brzeźnica,powiat wadowicki,95.41
1,Wskaźnik maskulinizacji,2007,gmina,Kalwaria Zebrzydowska,powiat wadowicki,96.78
1,Wskaźnik maskulinizacji,2007,gmina,Lanckorona,powiat wadowicki,96.52
1,Wskaźnik maskulinizacji,2007,gmina,Mucharz,powiat wadowicki,101.25
1,Wskaźnik maskulinizacji,2007,gmina,Spytkowice,powiat wadowicki,95.56
1,Wskaźnik maskulinizacji,2007,gmina,Stryszów,powiat wadowicki,95.60
1,Wskaźnik maskulinizacji,2007,gmina,Tomice,powiat wadowicki,96.83
1,Wskaźnik maskulinizacji,2007,gmina,Wadowice,powiat wadowicki,93.42
1,Wskaźnik maskulinizacji,2007,gmina,Wieprz,powiat wadowicki,102.23
1,Wskaźnik maskulinizacji,2007,powiat,powiat wielicki,powiat wielicki,94.78
1,Wskaźnik maskulinizacji,2007,gmina,Biskupice,powiat wielicki,95.00
1,Wskaźnik maskulinizacji,2007,gmina,Gdów,powiat wielicki,98.68
1,Wskaźnik maskulinizacji,2007,gmina,Kłaj,powiat wielicki,96.11
1,Wskaźnik maskulinizacji,2007,gmina,Niepołomice,powiat wielicki,92.79
1,Wskaźnik maskulinizacji,2007,gmina,Wieliczka,powiat wielicki,94.13
