indicator_id,indicator,year,level,area,powiat,value
175,Osoby objęte dożywianiem na 1000 mieszkańców,2024,powiat,powiat bocheński,powiat bocheński,15
175,Osoby objęte dożywianiem na 1000 mieszkańców,2024,gmina,Bochnia (miasto),powiat bocheński,19
175,Osoby objęte dożywianiem na 1000 mieszkańców,2024,gmina,Bochnia (wieś),powiat bocheński,13
175,Osoby objęte dożywianiem na 1000 mieszkańców,2024,gmina,Drwinia,powiat bocheński,21
175,Osoby objęte dożywianiem na 1000 mieszkańców,2024,gmina,Lipnica Murowana,powiat bocheński,12
175,Osoby objęte dożywianiem na 1000 mieszkańców,2024,gmina,Łapanów,powiat bocheński,7
175,Osoby objęte dożywianiem na 1000 mieszkańców,2024,gmina,Nowy Wiśnicz,powiat bocheński,5
175,Osoby objęte dożywianiem na 1000 mieszkańców,2024,gmina,Rzezawa,powiat bocheński,21
175,Osoby objęte dożywianiem na 1000 mieszkańców,2024,gmina,Trzciana,powiat bocheński,15
175,Osoby objęte dożywianiem na 1000 mieszkańców,2024,gmina,Żegocina,powiat bocheński,14
175,Osoby objęte dożywianiem na 1000 mieszkańców,2024,powiat,powiat brzeski,powiat brzeski,12
175,Osoby objęte dożywianiem na 1000 mieszkańców,2024,gmina,Borzęcin,powiat brzeski,14
175,Osoby objęte dożywianiem na 1000 mieszkańców,2024,gmina,Brzesko,powiat brzeski,6
175,Osoby objęte dożywianiem na 1000 mieszkańców,2024,gmina,Czchów,powiat brzeski,21
175,Osoby objęte dożywianiem na 1000 mieszkańców,2024,gmina,Dębno,powiat brzeski,15
175,Osoby objęte dożywianiem na 1000 mieszkańców,2024,gmina,Gnojnik,powiat brzeski,24
175,Osoby objęte dożywianiem na 1000 mieszkańców,2024,gmina,Iwkowa,powiat brzeski,22
175,Osoby objęte dożywianiem na 1000 mieszkańców,2024,gmina,Szczurowa,powiat brzeski,7
175,Osoby objęte dożywianiem na 1000 mieszkańców,2024,powiat,powiat chrzanowski,powiat chrzanowski,21
175,Osoby objęte dożywianiem na 1000 mieszkańców,2024,gmina,Alwernia,powiat chrzanowski,17
175,Osoby objęte dożywianiem na 1000 mieszkańców,2024,gmina,Babice,powiat chrzanowski,11
175,Osoby objęte dożywianiem na 1000 mieszkańców,2024,gmina,Chrzanów,powiat chrzanowski,27
175,Osoby objęte dożywianiem na 1000 mieszkańców,2024,gmina,Libiąż,powiat chrzanowski,14
175,Osoby objęte dożywianiem na 1000 mieszkańców,2024,gmina,Trzebinia,powiat chrzanowski,24
175,Osoby objęte dożywianiem na 1000 mieszkańców,2024,powiat,powiat dąbrowski,powiat dąbrowski,29
175,Osoby objęte dożywianiem na 1000 mieszkańców,2024,gmina,Bolesław,powiat dąbrowski,27
175,Osoby objęte dożywianiem na 1000 mieszkańców,2024,gmina,Dąbrowa Tarnowska,powiat dąbrowski,28
175,Osoby objęte dożywianiem na 1000 mieszkańców,2024,gmina,Gręboszów,powiat dąbrowski,21
175,Osoby objęte dożywianiem na 1000 mieszkańców,2024,gmina,Mędrzechów,powiat dąbrowski,19
175,Osoby objęte dożywianiem na 1000 mieszkańców,2024,gmina,Olesno,powiat dąbrowski,15
175,Osoby objęte dożywianiem na 1000 mieszkańców,2024,gmina,Radgoszcz,powiat dąbrowski,34
175,Osoby objęte dożywianiem na 1000 mieszkańców,2024,gmina,Szczucin,powiat dąbrowski,44
175,Osoby objęte dożywianiem na 1000 mieszkańców,2024,powiat,powiat gorlicki,powiat gorlicki,36
175,Osoby objęte dożywianiem na 1000 mieszkańców,2024,gmina,Biecz,powiat gorlicki,30
175,Osoby objęte dożywianiem na 1000 mieszkańców,2024,gmina,Bobowa,powiat gorlicki,56
175,Osoby objęte dożywianiem na 1000 mieszkańców,2024,gmina,Gorlice (miasto),powiat gorlicki,13
175,Osoby objęte dożywianiem na 1000 mieszkańców,2024,gmina,Gorlice (wieś),powiat gorlicki,49
175,Osoby objęte dożywianiem na 1000 mieszkańców,2024,gmina,Lipinki,powiat gorlicki,84
175,Osoby objęte dożywianiem na 1000 mieszkańców,2024,gmina,Łużna,powiat gorlicki,32
175,Osoby objęte dożywianiem na 1000 mieszkańców,2024,gmina,Moszczenica,powiat gorlicki,23
175,Osoby objęte dożywianiem na 1000 mieszkańców,2024,gmina,Ropa,powiat gorlicki,16
175,Osoby objęte dożywianiem na 1000 mieszkańców,2024,gmina,Sękowa,powiat gorlicki,63
175,Osoby objęte dożywianiem na 1000 mieszkańców,2024,gmina,Uście Gorlickie,powiat gorlicki,36
175,Osoby objęte dożywianiem na 1000 mieszkańców,2024,powiat,powiat krakowski,powiat krakowski,9
175,Osoby objęte dożywianiem na 1000 mieszkańców,2024,gmina,Czernichów,powiat krakowski,9
175,Osoby objęte dożywianiem na 1000 mieszkańców,2024,gmina,Igołomia-Wawrzeńczyce,powiat krakowski,11
175,Osoby objęte dożywianiem na 1000 mieszkańców,2024,gmina,Iwanowice,powiat krakowski,5
175,Osoby objęte dożywianiem na 1000 mieszkańców,2024,gmina,Jerzmanowice-Przeginia,powiat krakowski,5
175,Osoby objęte dożywianiem na 1000 mieszkańców,2024,gmina,Kocmyrzów-Luborzyca,powiat krakowski,3
175,Osoby objęte dożywianiem na 1000 mieszkańców,2024,gmina,Krzeszowice,powiat krakowski,10
175,Osoby objęte dożywianiem na 1000 mieszkańców,2024,gmina,Liszki,powiat krakowski,1
175,Osoby objęte dożywianiem na 1000 mieszkańców,2024,gmina,Michałowice,powiat krakowski,12
175,Osoby objęte dożywianiem na 1000 mieszkańców,2024,gmina,Mogilany,powiat krakowski,2
175,Osoby objęte dożywianiem na 1000 mieszkańców,2024,gmina,Skała,powiat krakowski,14
175,Osoby objęte dożywianiem na 1000 mieszkańców,2024,gmina,Skawina,powiat krakowski,13
175,Osoby objęte dożywianiem na 1000 mieszkańców,2024,gmina,Słomniki,powiat krakowski,22
175,Osoby objęte dożywianiem na 1000 mieszkańców,2024,gmina,Sułoszowa,powiat krakowski,7
175,Osoby objęte dożywianiem na 1000 mieszkańców,2024,gmina,Świątniki Górne,powiat krakowski,11
175,Osoby objęte dożywianiem na 1000 mieszkańców,2024,gmina,Wielka Wieś,powiat krakowski,9
175,Osoby objęte dożywianiem na 1000 mieszkańców,2024,gmina,Zabierzów,powiat krakowski,11
175,Osoby objęte dożywianiem na 1000 mieszkańców,2024,gmina,Zielonki,powiat krakowski,5
175,Osoby objęte dożywianiem na 1000 mieszkańców,2024,powiat,powiat limanowski,powiat limanowski,26
175,Osoby objęte dożywianiem na 1000 mieszkańców,2024,gmina,Dobra,powiat limanowski,41
175,Osoby objęte dożywianiem na 1000 mieszkańców,2024,gmina,Jodłownik,powiat limanowski,14
175,Osoby objęte dożywianiem na 1000 mieszkańców,2024,gmina,Kamienica,powiat limanowski,47
175,Osoby objęte dożywianiem na 1000 mieszkańców,2024,gmina,Laskowa,powiat limanowski,31
175,Osoby objęte dożywianiem na 1000 mieszkańców,2024,gmina,Limanowa (miasto),powiat limanowski,30
175,Osoby objęte dożywianiem na 1000 mieszkańców,2024,gmina,Limanowa (wieś),powiat limanowski,24
175,Osoby objęte dożywianiem na 1000 mieszkańców,2024,gmina,Łukowica,powiat limanowski,35
175,Osoby objęte dożywianiem na 1000 mieszkańców,2024,gmina,Mszana Dolna (miasto),powiat limanowski,16
175,Osoby objęte dożywianiem na 1000 mieszkańców,2024,gmina,Mszana Dolna (wieś),powiat limanowski,14
175,Osoby objęte dożywianiem na 1000 mieszkańców,2024,gmina,Niedźwiedź,powiat limanowski,45
175,Osoby objęte dożywianiem na 1000 mieszkańców,2024,gmina,Słopnice,powiat limanowski,8
175,Osoby objęte dożywianiem na 1000 mieszkańców,2024,gmina,Tymbark,powiat limanowski,20
175,Osoby objęte dożywianiem na 1000 mieszkańców,2024,powiat,powiat m. Kraków,powiat m. Kraków,12
175,Osoby objęte dożywianiem na 1000 mieszkańców,2024,powiat,powiat m. Nowy Sącz,powiat m. Nowy Sącz,14
175,Osoby objęte dożywianiem na 1000 mieszkańców,2024,powiat,powiat m. Tarnów,powiat m. Tarnów,25
175,Osoby objęte dożywianiem na 1000 mieszkańców,2024,powiat,powiat miechowski,powiat miechowski,13
175,Osoby objęte dożywianiem na 1000 mieszkańców,2024,gmina,Charsznica,powiat miechowski,11
175,Osoby objęte dożywianiem na 1000 mieszkańców,2024,gmina,Gołcza,powiat miechowski,11
175,Osoby objęte dożywianiem na 1000 mieszkańców,2024,gmina,Kozłów,powiat miechowski,19
175,Osoby objęte dożywianiem na 1000 mieszkańców,2024,gmina,Książ Wielki,powiat miechowski,16
175,Osoby objęte dożywianiem na 1000 mieszkańców,2024,gmina,Miechów,powiat miechowski,12
175,Osoby objęte dożywianiem na 1000 mieszkańców,2024,gmina,Racławice,powiat miechowski,15
175,Osoby objęte dożywianiem na 1000 mieszkańców,2024,gmina,Słaboszów,powiat miechowski,17
175,Osoby objęte dożywianiem na 1000 mieszkańców,2024,powiat,powiat myślenicki,powiat myślenicki,13
175,Osoby objęte dożywianiem na 1000 mieszkańców,2024,gmina,Dobczyce,powiat myślenicki,19
175,Osoby objęte dożywianiem na 1000 mieszkańców,2024,gmina,Lubień,powiat myślenicki,10
175,Osoby objęte dożywianiem na 1000 mieszkańców,2024,gmina,Myślenice,powiat myślenicki,10
175,Osoby objęte dożywianiem na 1000 mieszkańców,2024,gmina,Pcim,powiat myślenicki,15
175,Osoby objęte dożywianiem na 1000 mieszkańców,2024,gmina,Raciechowice,powiat myślenicki,24
175,Osoby objęte dożywianiem na 1000 mieszkańców,2024,gmina,Siepraw,powiat myślenicki,9
175,Osoby objęte dożywianiem na 1000 mieszkańców,2024,gmina,Sułkowice,powiat myślenicki,14
175,Osoby objęte dożywianiem na 1000 mieszkańców,2024,gmina,Tokarnia,powiat myślenicki,10
175,Osoby objęte dożywianiem na 1000 mieszkańców,2024,gmina,Wiśniowa,powiat myślenicki,21
175,Osoby objęte dożywianiem na 1000 mieszkańców,2024,powiat,powiat nowosądecki,powiat nowosądecki,31
175,Osoby objęte dożywianiem na 1000 mieszkańców,2024,gmina,Podegrodzie,powiat nowosądecki,23
175,Osoby objęte dożywianiem na 1000 mieszkańców,2024,gmina,Rytro,powiat nowosądecki,20
175,Osoby objęte dożywianiem na 1000 mieszkańców,2024,gmina,Stary Sącz,powiat nowosądecki,27
175,Osoby objęte dożywianiem na 1000 mieszkańców,2024,gmina,Chełmiec,powiat nowosądecki,18
175,Osoby objęte dożywianiem na 1000 mieszkańców,2024,gmina,Gródek nad Dunajcem,powiat nowosądecki,39
175,Osoby objęte dożywianiem na 1000 mieszkańców,2024,gmina,Grybów (miasto),powiat nowosądecki,31
175,Osoby objęte dożywianiem na 1000 mieszkańców,2024,gmina,Grybów (wieś),powiat nowosądecki,52
175,Osoby objęte dożywianiem na 1000 mieszkańców,2024,gmina,Kamionka Wielka,powiat nowosądecki,40
175,Osoby objęte dożywianiem na 1000 mieszkańców,2024,gmina,Korzenna,powiat nowosądecki,73
175,Osoby objęte dożywianiem na 1000 mieszkańców,2024,gmina,Krynica-Zdrój,powiat nowosądecki,14
175,Osoby objęte dożywianiem na 1000 mieszkańców,2024,gmina,Łabowa,powiat nowosądecki,34
175,Osoby objęte dożywianiem na 1000 mieszkańców,2024,gmina,Łącko,powiat nowosądecki,34
175,Osoby objęte dożywianiem na 1000 mieszkańców,2024,gmina,Łososina Dolna,powiat nowosądecki,14
175,Osoby objęte dożywianiem na 1000 mieszkańców,2024,gmina,Muszyna,powiat nowosądecki,18
175,Osoby objęte dożywianiem na 1000 mieszkańców,2024,gmina,Nawojowa,powiat nowosądecki,27
175,Osoby objęte dożywianiem na 1000 mieszkańców,2024,gmina,Piwniczna-Zdrój,powiat nowosądecki,28
175,Osoby objęte dożywianiem na 1000 mieszkańców,2024,powiat,powiat nowotarski,powiat nowotarski,12
175,Osoby objęte dożywianiem na 1000 mieszkańców,2024,gmina,Czarny Dunajec,powiat nowotarski,6
175,Osoby objęte dożywianiem na 1000 mieszkańców,2024,gmina,Czorsztyn,powiat nowotarski,2
175,Osoby objęte dożywianiem na 1000 mieszkańców,2024,gmina,Jabłonka,powiat nowotarski,10
175,Osoby objęte dożywianiem na 1000 mieszkańców,2024,gmina,Krościenko nad Dunajcem,powiat nowotarski,7
175,Osoby objęte dożywianiem na 1000 mieszkańców,2024,gmina,Lipnica Wielka,powiat nowotarski,14
175,Osoby objęte dożywianiem na 1000 mieszkańców,2024,gmina,Łapsze Niżne,powiat nowotarski,1
175,Osoby objęte dożywianiem na 1000 mieszkańców,2024,gmina,Nowy Targ (miasto),powiat nowotarski,16
175,Osoby objęte dożywianiem na 1000 mieszkańców,2024,gmina,Nowy Targ (wieś),powiat nowotarski,9
175,Osoby objęte dożywianiem na 1000 mieszkańców,2024,gmina,Ochotnica Dolna,powiat nowotarski,30
175,Osoby objęte dożywianiem na 1000 mieszkańców,2024,gmina,Raba Wyżna,powiat nowotarski,17
175,Osoby objęte dożywianiem na 1000 mieszkańców,2024,gmina,Rabka-Zdrój,powiat nowotarski,10
175,Osoby objęte dożywianiem na 1000 mieszkańców,2024,gmina,Spytkowice,powiat nowotarski,18
175,Osoby objęte dożywianiem na 1000 mieszkańców,2024,gmina,Szaflary,powiat nowotarski,13
175,Osoby objęte dożywianiem na 1000 mieszkańców,2024,gmina,Szczawnica,powiat nowotarski,19
175,Osoby objęte dożywianiem na 1000 mieszkańców,2024,powiat,powiat olkuski,powiat olkuski,11
175,Osoby objęte dożywianiem na 1000 mieszkańców,2024,gmina,Bolesław,powiat olkuski,12
175,Osoby objęte dożywianiem na 1000 mieszkańców,2024,gmina,Bukowno,powiat olkuski,18
175,Osoby objęte dożywianiem na 1000 mieszkańców,2024,gmina,Klucze,powiat olkuski,12
175,Osoby objęte dożywianiem na 1000 mieszkańców,2024,gmina,Olkusz,powiat olkuski,10
175,Osoby objęte dożywianiem na 1000 mieszkańców,2024,gmina,Trzyciąż,powiat olkuski,3
175,Osoby objęte dożywianiem na 1000 mieszkańców,2024,gmina,Wolbrom,powiat olkuski,9
175,Osoby objęte dożywianiem na 1000 mieszkańców,2024,powiat,powiat oświęcimski,powiat oświęcimski,13
175,Osoby objęte dożywianiem na 1000 mieszkańców,2024,gmina,Brzeszcze,powiat oświęcimski,3
175,Osoby objęte dożywianiem na 1000 mieszkańców,2024,gmina,Chełmek,powiat oświęcimski,11
175,Osoby objęte dożywianiem na 1000 mieszkańców,2024,gmina,Kęty,powiat oświęcimski,14
175,Osoby objęte dożywianiem na 1000 mieszkańców,2024,gmina,Osiek,powiat oświęcimski,11
175,Osoby objęte dożywianiem na 1000 mieszkańców,2024,gmina,Oświęcim (miasto),powiat oświęcimski,22
175,Osoby objęte dożywianiem na 1000 mieszkańców,2024,gmina,Oświęcim (wieś),powiat oświęcimski,6
175,Osoby objęte dożywianiem na 1000 mieszkańców,2024,gmina,Polanka Wielka,powiat oświęcimski,8
175,Osoby objęte dożywianiem na 1000 mieszkańców,2024,gmina,Przeciszów,powiat oświęcimski,7
175,Osoby objęte dożywianiem na 1000 mieszkańców,2024,gmina,Zator,powiat oświęcimski,17
175,Osoby objęte dożywianiem na 1000 mieszkańców,2024,powiat,powiat proszowicki,powiat proszowicki,15
175,Osoby objęte dożywianiem na 1000 mieszkańców,2024,gmina,Koniusza,powiat proszowicki,6
175,Osoby objęte dożywianiem na 1000 mieszkańców,2024,gmina,Koszyce,powiat proszowicki,27
175,Osoby objęte dożywianiem na 1000 mieszkańców,2024,gmina,Nowe Brzesko,powiat proszowicki,22
175,Osoby objęte dożywianiem na 1000 mieszkańców,2024,gmina,Pałecznica,powiat proszowicki,27
175,Osoby objęte dożywianiem na 1000 mieszkańców,2024,gmina,Proszowice,powiat proszowicki,13
175,Osoby objęte dożywianiem na 1000 mieszkańców,2024,gmina,Radziemice,powiat proszowicki,9
175,Osoby objęte dożywianiem na 1000 mieszkańców,2024,powiat,powiat suski,powiat suski,19
175,Osoby objęte dożywianiem na 1000 mieszkańców,2024,gmina,Budzów,powiat suski,6
175,Osoby objęte dożywianiem na 1000 mieszkańców,2024,gmina,Bystra-Sidzina,powiat suski,23
175,Osoby objęte dożywianiem na 1000 mieszkańców,2024,gmina,Jordanów (miasto),powiat suski,20
175,Osoby objęte dożywianiem na 1000 mieszkańców,2024,gmina,Jordanów (wieś),powiat suski,27
175,Osoby objęte dożywianiem na 1000 mieszkańców,2024,gmina,Maków Podhalański,powiat suski,11
175,Osoby objęte dożywianiem na 1000 mieszkańców,2024,gmina,Stryszawa,powiat suski,25
175,Osoby objęte dożywianiem na 1000 mieszkańców,2024,gmina,Sucha Beskidzka,powiat suski,24
175,Osoby objęte dożywianiem na 1000 mieszkańców,2024,gmina,Zawoja,powiat suski,22
175,Osoby objęte dożywianiem na 1000 mieszkańców,2024,gmina,Zembrzyce,powiat suski,20
175,Osoby objęte dożywianiem na 1000 mieszkańców,2024,powiat,powiat tarnowski,powiat tarnowski,19
175,Osoby objęte dożywianiem na 1000 mieszkańców,2024,gmina,Ciężkowice,powiat tarnowski,18
175,Osoby objęte dożywianiem na 1000 mieszkańców,2024,gmina,Gromnik,powiat tarnowski,9
175,Osoby objęte dożywianiem na 1000 mieszkańców,2024,gmina,Lisia Góra,powiat tarnowski,14
175,Osoby objęte dożywianiem na 1000 mieszkańców,2024,gmina,Pleśna,powiat tarnowski,8
175,Osoby objęte dożywianiem na 1000 mieszkańców,2024,gmina,Radłów,powiat tarnowski,21
175,Osoby objęte dożywianiem na 1000 mieszkańców,2024,gmina,Ryglice,powiat tarnowski,19
175,Osoby objęte dożywianiem na 1000 mieszkańców,2024,gmina,Rzepiennik Strzyżewski,powiat tarnowski,32
175,Osoby objęte dożywianiem na 1000 mieszkańców,2024,gmina,Skrzyszów,powiat tarnowski,12
175,Osoby objęte dożywianiem na 1000 mieszkańców,2024,gmina,Szerzyny,powiat tarnowski,37
175,Osoby objęte dożywianiem na 1000 mieszkańców,2024,gmina,Tarnów (wieś),powiat tarnowski,25
175,Osoby objęte dożywianiem na 1000 mieszkańców,2024,gmina,Tuchów,powiat tarnowski,12
175,Osoby objęte dożywianiem na 1000 mieszkańców,2024,gmina,Wierzchosławice,powiat tarnowski,16
175,Osoby objęte dożywianiem na 1000 mieszkańców,2024,gmina,Wietrzychowice,powiat tarnowski,22
175,Osoby objęte dożywianiem na 1000 mieszkańców,2024,gmina,Wojnicz,powiat tarnowski,12
175,Osoby objęte dożywianiem na 1000 mieszkańców,2024,gmina,Zakliczyn,powiat tarnowski,33
175,Osoby objęte dożywianiem na 1000 mieszkańców,2024,gmina,Żabno,powiat tarnowski,18
175,Osoby objęte dożywianiem na 1000 mieszkańców,2024,powiat,powiat tatrzański,powiat tatrzański,14
175,Osoby objęte dożywianiem na 1000 mieszkańców,2024,gmina,Biały Dunajec,powiat tatrzański,16
175,Osoby objęte dożywianiem na 1000 mieszkańców,2024,gmina,Bukowina Tatrzańska,powiat tatrzański,22
175,Osoby objęte dożywianiem na 1000 mieszkańców,2024,gmina,Kościelisko,powiat tatrzański,9
175,Osoby objęte dożywianiem na 1000 mieszkańców,2024,gmina,Poronin,powiat tatrzański,11
175,Osoby objęte dożywianiem na 1000 mieszkańców,2024,gmina,Zakopane,powiat tatrzański,12
175,Osoby objęte dożywianiem na 1000 mieszkańców,2024,powiat,powiat wadowicki,powiat wadowicki,10
175,Osoby objęte dożywianiem na 1000 mieszkańców,2024,gmina,Andrychów,powiat wadowicki,11
175,Osoby objęte dożywianiem na 1000 mieszkańców,2024,gmina,Brzeźnica,powiat wadowicki,13
175,Osoby objęte dożywianiem na 1000 mieszkańców,2024,gmina,Kalwaria Zebrzydowska,powiat wadowicki,5
175,Osoby objęte dożywianiem na 1000 mieszkańców,2024,gmina,Lanckorona,powiat wadowicki,6
175,Osoby objęte dożywianiem na 1000 mieszkańców,2024,gmina,Mucharz,powiat wadowicki,22
175,Osoby objęte dożywianiem na 1000 mieszkańców,2024,gmina,Spytkowice,powiat wadowicki,16
175,Osoby objęte dożywianiem na 1000 mieszkańców,2024,gmina,Stryszów,powiat wadowicki,11
175,Osoby objęte dożywianiem na 1000 mieszkańców,2024,gmina,Tomice,powiat wadowicki,16
175,Osoby objęte dożywianiem na 1000 mieszkańców,2024,gmina,Wadowice,powiat wadowicki,4
175,Osoby objęte dożywianiem na 1000 mieszkańców,2024,gmina,Wieprz,powiat wadowicki,17
175,Osoby objęte dożywianiem na 1000 mieszkańców,2024,powiat,powiat wielicki,powiat wielicki,9
175,Osoby objęte dożywianiem na 1000 mieszkańców,2024,gmina,Biskupice,powiat wielicki,5
175,Osoby objęte dożywianiem na 1000 mieszkańców,2024,gmina,Gdów,powiat wielicki,8
175,Osoby objęte dożywianiem na 1000 mieszkańców,2024,gmina,Kłaj,powiat wielicki,15
175,Osoby objęte dożywianiem na 1000 mieszkańców,2024,gmina,Niepołomice,powiat wielicki,6
175,Osoby objęte dożywianiem na 1000 mieszkańców,2024,gmina,Wieliczka,powiat wielicki,10
175,Osoby objęte dożywianiem na 1000 mieszkańców,2023,powiat,powiat bocheński,powiat bocheński,18
175,Osoby objęte dożywianiem na 1000 mieszkańców,2023,gmina,Bochnia (miasto),powiat bocheński,22
175,Osoby objęte dożywianiem na 1000 mieszkańców,2023,gmina,Bochnia (wieś),powiat bocheński,15
175,Osoby objęte dożywianiem na 1000 mieszkańców,2023,gmina,Drwinia,powiat bocheński,21
175,Osoby objęte dożywianiem na 1000 mieszkańców,2023,gmina,Lipnica Murowana,powiat bocheński,21
175,Osoby objęte dożywianiem na 1000 mieszkańców,2023,gmina,Łapanów,powiat bocheński,13
175,Osoby objęte dożywianiem na 1000 mieszkańców,2023,gmina,Nowy Wiśnicz,powiat bocheński,7
175,Osoby objęte dożywianiem na 1000 mieszkańców,2023,gmina,Rzezawa,powiat bocheński,24
175,Osoby objęte dożywianiem na 1000 mieszkańców,2023,gmina,Trzciana,powiat bocheński,25
175,Osoby objęte dożywianiem na 1000 mieszkańców,2023,gmina,Żegocina,powiat bocheński,25
175,Osoby objęte dożywianiem na 1000 mieszkańców,2023,powiat,powiat brzeski,powiat brzeski,15
175,Osoby objęte dożywianiem na 1000 mieszkańców,2023,gmina,Borzęcin,powiat brzeski,16
175,Osoby objęte dożywianiem na 1000 mieszkańców,2023,gmina,Brzesko,powiat brzeski,6
175,Osoby objęte dożywianiem na 1000 mieszkańców,2023,gmina,Czchów,powiat brzeski,27
175,Osoby objęte dożywianiem na 1000 mieszkańców,2023,gmina,Dębno,powiat brzeski,18
175,Osoby objęte dożywianiem na 1000 mieszkańców,2023,gmina,Gnojnik,powiat brzeski,28
175,Osoby objęte dożywianiem na 1000 mieszkańców,2023,gmina,Iwkowa,powiat brzeski,30
175,Osoby objęte dożywianiem na 1000 mieszkańców,2023,gmina,Szczurowa,powiat brzeski,8
175,Osoby objęte dożywianiem na 1000 mieszkańców,2023,powiat,powiat chrzanowski,powiat chrzanowski,23
175,Osoby objęte dożywianiem na 1000 mieszkańców,2023,gmina,Alwernia,powiat chrzanowski,20
175,Osoby objęte dożywianiem na 1000 mieszkańców,2023,gmina,Babice,powiat chrzanowski,13
175,Osoby objęte dożywianiem na 1000 mieszkańców,2023,gmina,Chrzanów,powiat chrzanowski,29
175,Osoby objęte dożywianiem na 1000 mieszkańców,2023,gmina,Libiąż,powiat chrzanowski,14
175,Osoby objęte dożywianiem na 1000 mieszkańców,2023,gmina,Trzebinia,powiat chrzanowski,25
175,Osoby objęte dożywianiem na 1000 mieszkańców,2023,powiat,powiat dąbrowski,powiat dąbrowski,36
175,Osoby objęte dożywianiem na 1000 mieszkańców,2023,gmina,Bolesław,powiat dąbrowski,18
175,Osoby objęte dożywianiem na 1000 mieszkańców,2023,gmina,Dąbrowa Tarnowska,powiat dąbrowski,35
175,Osoby objęte dożywianiem na 1000 mieszkańców,2023,gmina,Gręboszów,powiat dąbrowski,30
175,Osoby objęte dożywianiem na 1000 mieszkańców,2023,gmina,Mędrzechów,powiat dąbrowski,20
175,Osoby objęte dożywianiem na 1000 mieszkańców,2023,gmina,Olesno,powiat dąbrowski,20
175,Osoby objęte dożywianiem na 1000 mieszkańców,2023,gmina,Radgoszcz,powiat dąbrowski,35
175,Osoby objęte dożywianiem na 1000 mieszkańców,2023,gmina,Szczucin,powiat dąbrowski,49
175,Osoby objęte dożywianiem na 1000 mieszkańców,2023,powiat,powiat gorlicki,powiat gorlicki,36
175,Osoby objęte dożywianiem na 1000 mieszkańców,2023,gmina,Biecz,powiat gorlicki,30
175,Osoby objęte dożywianiem na 1000 mieszkańców,2023,gmina,Bobowa,powiat gorlicki,74
175,Osoby objęte dożywianiem na 1000 mieszkańców,2023,gmina,Gorlice (miasto),powiat gorlicki,14
175,Osoby objęte dożywianiem na 1000 mieszkańców,2023,gmina,Gorlice (wieś),powiat gorlicki,51
175,Osoby objęte dożywianiem na 1000 mieszkańców,2023,gmina,Lipinki,powiat gorlicki,75
175,Osoby objęte dożywianiem na 1000 mieszkańców,2023,gmina,Łużna,powiat gorlicki,28
175,Osoby objęte dożywianiem na 1000 mieszkańców,2023,gmina,Moszczenica,powiat gorlicki,23
175,Osoby objęte dożywianiem na 1000 mieszkańców,2023,gmina,Ropa,powiat gorlicki,15
175,Osoby objęte dożywianiem na 1000 mieszkańców,2023,gmina,Sękowa,powiat gorlicki,49
175,Osoby objęte dożywianiem na 1000 mieszkańców,2023,gmina,Uście Gorlickie,powiat gorlicki,38
175,Osoby objęte dożywianiem na 1000 mieszkańców,2023,powiat,powiat krakowski,powiat krakowski,10
175,Osoby objęte dożywianiem na 1000 mieszkańców,2023,gmina,Czernichów,powiat krakowski,11
175,Osoby objęte dożywianiem na 1000 mieszkańców,2023,gmina,Igołomia-Wawrzeńczyce,powiat krakowski,10
175,Osoby objęte dożywianiem na 1000 mieszkańców,2023,gmina,Iwanowice,powiat krakowski,6
175,Osoby objęte dożywianiem na 1000 mieszkańców,2023,gmina,Jerzmanowice-Przeginia,powiat krakowski,7
175,Osoby objęte dożywianiem na 1000 mieszkańców,2023,gmina,Kocmyrzów-Luborzyca,powiat krakowski,5
175,Osoby objęte dożywianiem na 1000 mieszkańców,2023,gmina,Krzeszowice,powiat krakowski,12
175,Osoby objęte dożywianiem na 1000 mieszkańców,2023,gmina,Liszki,powiat krakowski,2
175,Osoby objęte dożywianiem na 1000 mieszkańców,2023,gmina,Michałowice,powiat krakowski,13
175,Osoby objęte dożywianiem na 1000 mieszkańców,2023,gmina,Mogilany,powiat krakowski,3
175,Osoby objęte dożywianiem na 1000 mieszkańców,2023,gmina,Skała,powiat krakowski,15
175,Osoby objęte dożywianiem na 1000 mieszkańców,2023,gmina,Skawina,powiat krakowski,14
175,Osoby objęte dożywianiem na 1000 mieszkańców,2023,gmina,Słomniki,powiat krakowski,22
175,Osoby objęte dożywianiem na 1000 mieszkańców,2023,gmina,Sułoszowa,powiat krakowski,5
175,Osoby objęte dożywianiem na 1000 mieszkańców,2023,gmina,Świątniki Górne,powiat krakowski,13
175,Osoby objęte dożywianiem na 1000 mieszkańców,2023,gmina,Wielka Wieś,powiat krakowski,9
175,Osoby objęte dożywianiem na 1000 mieszkańców,2023,gmina,Zabierzów,powiat krakowski,13
175,Osoby objęte dożywianiem na 1000 mieszkańców,2023,gmina,Zielonki,powiat krakowski,5
175,Osoby objęte dożywianiem na 1000 mieszkańców,2023,powiat,powiat limanowski,powiat limanowski,31
175,Osoby objęte dożywianiem na 1000 mieszkańców,2023,gmina,Dobra,powiat limanowski,51
175,Osoby objęte dożywianiem na 1000 mieszkańców,2023,gmina,Jodłownik,powiat limanowski,19
175,Osoby objęte dożywianiem na 1000 mieszkańców,2023,gmina,Kamienica,powiat limanowski,51
175,Osoby objęte dożywianiem na 1000 mieszkańców,2023,gmina,Laskowa,powiat limanowski,33
175,Osoby objęte dożywianiem na 1000 mieszkańców,2023,gmina,Limanowa (miasto),powiat limanowski,40
175,Osoby objęte dożywianiem na 1000 mieszkańców,2023,gmina,Limanowa (wieś),powiat limanowski,23
175,Osoby objęte dożywianiem na 1000 mieszkańców,2023,gmina,Łukowica,powiat limanowski,50
175,Osoby objęte dożywianiem na 1000 mieszkańców,2023,gmina,Mszana Dolna (miasto),powiat limanowski,14
175,Osoby objęte dożywianiem na 1000 mieszkańców,2023,gmina,Mszana Dolna (wieś),powiat limanowski,17
175,Osoby objęte dożywianiem na 1000 mieszkańców,2023,gmina,Niedźwiedź,powiat limanowski,51
175,Osoby objęte dożywianiem na 1000 mieszkańców,2023,gmina,Słopnice,powiat limanowski,17
175,Osoby objęte dożywianiem na 1000 mieszkańców,2023,gmina,Tymbark,powiat limanowski,22
175,Osoby objęte dożywianiem na 1000 mieszkańców,2023,powiat,powiat m. Kraków,powiat m. Kraków,14
175,Osoby objęte dożywianiem na 1000 mieszkańców,2023,powiat,powiat m. Nowy Sącz,powiat m. Nowy Sącz,15
175,Osoby objęte dożywianiem na 1000 mieszkańców,2023,powiat,powiat m. Tarnów,powiat m. Tarnów,28
175,Osoby objęte dożywianiem na 1000 mieszkańców,2023,powiat,powiat miechowski,powiat miechowski,15
175,Osoby objęte dożywianiem na 1000 mieszkańców,2023,gmina,Charsznica,powiat miechowski,14
175,Osoby objęte dożywianiem na 1000 mieszkańców,2023,gmina,Gołcza,powiat miechowski,17
175,Osoby objęte dożywianiem na 1000 mieszkańców,2023,gmina,Kozłów,powiat miechowski,19
175,Osoby objęte dożywianiem na 1000 mieszkańców,2023,gmina,Książ Wielki,powiat miechowski,21
175,Osoby objęte dożywianiem na 1000 mieszkańców,2023,gmina,Miechów,powiat miechowski,14
175,Osoby objęte dożywianiem na 1000 mieszkańców,2023,gmina,Racławice,powiat miechowski,11
175,Osoby objęte dożywianiem na 1000 mieszkańców,2023,gmina,Słaboszów,powiat miechowski,13
175,Osoby objęte dożywianiem na 1000 mieszkańców,2023,powiat,powiat myślenicki,powiat myślenicki,15
175,Osoby objęte dożywianiem na 1000 mieszkańców,2023,gmina,Dobczyce,powiat myślenicki,17
175,Osoby objęte dożywianiem na 1000 mieszkańców,2023,gmina,Lubień,powiat myślenicki,14
175,Osoby objęte dożywianiem na 1000 mieszkańców,2023,gmina,Myślenice,powiat myślenicki,13
175,Osoby objęte dożywianiem na 1000 mieszkańców,2023,gmina,Pcim,powiat myślenicki,18
175,Osoby objęte dożywianiem na 1000 mieszkańców,2023,gmina,Raciechowice,powiat myślenicki,28
175,Osoby objęte dożywianiem na 1000 mieszkańców,2023,gmina,Siepraw,powiat myślenicki,12
175,Osoby objęte dożywianiem na 1000 mieszkańców,2023,gmina,Sułkowice,powiat myślenicki,15
175,Osoby objęte dożywianiem na 1000 mieszkańców,2023,gmina,Tokarnia,powiat myślenicki,11
175,Osoby objęte dożywianiem na 1000 mieszkańców,2023,gmina,Wiśniowa,powiat myślenicki,20
175,Osoby objęte dożywianiem na 1000 mieszkańców,2023,powiat,powiat nowosądecki,powiat nowosądecki,35
175,Osoby objęte dożywianiem na 1000 mieszkańców,2023,gmina,Podegrodzie,powiat nowosądecki,44
175,Osoby objęte dożywianiem na 1000 mieszkańców,2023,gmina,Rytro,powiat nowosądecki,98
175,Osoby objęte dożywianiem na 1000 mieszkańców,2023,gmina,Stary Sącz,powiat nowosądecki,8
175,Osoby objęte dożywianiem na 1000 mieszkańców,2023,gmina,Chełmiec,powiat nowosądecki,62
175,Osoby objęte dożywianiem na 1000 mieszkańców,2023,gmina,Gródek nad Dunajcem,powiat nowosądecki,47
175,Osoby objęte dożywianiem na 1000 mieszkańców,2023,gmina,Grybów (miasto),powiat nowosądecki,187
175,Osoby objęte dożywianiem na 1000 mieszkańców,2023,gmina,Grybów (wieś),powiat nowosądecki,7
175,Osoby objęte dożywianiem na 1000 mieszkańców,2023,gmina,Kamionka Wielka,powiat nowosądecki,17
175,Osoby objęte dożywianiem na 1000 mieszkańców,2023,gmina,Korzenna,powiat nowosądecki,44
175,Osoby objęte dożywianiem na 1000 mieszkańców,2023,gmina,Krynica-Zdrój,powiat nowosądecki,12
175,Osoby objęte dożywianiem na 1000 mieszkańców,2023,gmina,Łabowa,powiat nowosądecki,33
175,Osoby objęte dożywianiem na 1000 mieszkańców,2023,gmina,Łącko,powiat nowosądecki,17
175,Osoby objęte dożywianiem na 1000 mieszkańców,2023,gmina,Łososina Dolna,powiat nowosądecki,22
175,Osoby objęte dożywianiem na 1000 mieszkańców,2023,gmina,Muszyna,powiat nowosądecki,28
175,Osoby objęte dożywianiem na 1000 mieszkańców,2023,gmina,Nawojowa,powiat nowosądecki,9
175,Osoby objęte dożywianiem na 1000 mieszkańców,2023,gmina,Piwniczna-Zdrój,powiat nowosądecki,78
175,Osoby objęte dożywianiem na 1000 mieszkańców,2023,powiat,powiat nowotarski,powiat nowotarski,14
175,Osoby objęte dożywianiem na 1000 mieszkańców,2023,gmina,Czarny Dunajec,powiat nowotarski,8
175,Osoby objęte dożywianiem na 1000 mieszkańców,2023,gmina,Czorsztyn,powiat nowotarski,5
175,Osoby objęte dożywianiem na 1000 mieszkańców,2023,gmina,Jabłonka,powiat nowotarski,12
175,Osoby objęte dożywianiem na 1000 mieszkańców,2023,gmina,Krościenko nad Dunajcem,powiat nowotarski,10
175,Osoby objęte dożywianiem na 1000 mieszkańców,2023,gmina,Lipnica Wielka,powiat nowotarski,22
175,Osoby objęte dożywianiem na 1000 mieszkańców,2023,gmina,Łapsze Niżne,powiat nowotarski,1
175,Osoby objęte dożywianiem na 1000 mieszkańców,2023,gmina,Nowy Targ (miasto),powiat nowotarski,18
175,Osoby objęte dożywianiem na 1000 mieszkańców,2023,gmina,Nowy Targ (wieś),powiat nowotarski,11
175,Osoby objęte dożywianiem na 1000 mieszkańców,2023,gmina,Ochotnica Dolna,powiat nowotarski,31
175,Osoby objęte dożywianiem na 1000 mieszkańców,2023,gmina,Raba Wyżna,powiat nowotarski,18
175,Osoby objęte dożywianiem na 1000 mieszkańców,2023,gmina,Rabka-Zdrój,powiat nowotarski,10
175,Osoby objęte dożywianiem na 1000 mieszkańców,2023,gmina,Spytkowice,powiat nowotarski,10
175,Osoby objęte dożywianiem na 1000 mieszkańców,2023,gmina,Szaflary,powiat nowotarski,15
175,Osoby objęte dożywianiem na 1000 mieszkańców,2023,gmina,Szczawnica,powiat nowotarski,20
175,Osoby objęte dożywianiem na 1000 mieszkańców,2023,powiat,powiat olkuski,powiat olkuski,12
175,Osoby objęte dożywianiem na 1000 mieszkańców,2023,gmina,Bolesław,powiat olkuski,13
175,Osoby objęte dożywianiem na 1000 mieszkańców,2023,gmina,Bukowno,powiat olkuski,22
175,Osoby objęte dożywianiem na 1000 mieszkańców,2023,gmina,Klucze,powiat olkuski,11
175,Osoby objęte dożywianiem na 1000 mieszkańców,2023,gmina,Olkusz,powiat olkuski,11
175,Osoby objęte dożywianiem na 1000 mieszkańców,2023,gmina,Trzyciąż,powiat olkuski,2
175,Osoby objęte dożywianiem na 1000 mieszkańców,2023,gmina,Wolbrom,powiat olkuski,11
175,Osoby objęte dożywianiem na 1000 mieszkańców,2023,powiat,powiat oświęcimski,powiat oświęcimski,15
175,Osoby objęte dożywianiem na 1000 mieszkańców,2023,gmina,Brzeszcze,powiat oświęcimski,10
175,Osoby objęte dożywianiem na 1000 mieszkańców,2023,gmina,Chełmek,powiat oświęcimski,10
175,Osoby objęte dożywianiem na 1000 mieszkańców,2023,gmina,Kęty,powiat oświęcimski,16
175,Osoby objęte dożywianiem na 1000 mieszkańców,2023,gmina,Osiek,powiat oświęcimski,10
175,Osoby objęte dożywianiem na 1000 mieszkańców,2023,gmina,Oświęcim (miasto),powiat oświęcimski,27
175,Osoby objęte dożywianiem na 1000 mieszkańców,2023,gmina,Oświęcim (wieś),powiat oświęcimski,8
175,Osoby objęte dożywianiem na 1000 mieszkańców,2023,gmina,Polanka Wielka,powiat oświęcimski,9
175,Osoby objęte dożywianiem na 1000 mieszkańców,2023,gmina,Przeciszów,powiat oświęcimski,9
175,Osoby objęte dożywianiem na 1000 mieszkańców,2023,gmina,Zator,powiat oświęcimski,17
175,Osoby objęte dożywianiem na 1000 mieszkańców,2023,powiat,powiat proszowicki,powiat proszowicki,15
175,Osoby objęte dożywianiem na 1000 mieszkańców,2023,gmina,Koniusza,powiat proszowicki,7
175,Osoby objęte dożywianiem na 1000 mieszkańców,2023,gmina,Koszyce,powiat proszowicki,28
175,Osoby objęte dożywianiem na 1000 mieszkańców,2023,gmina,Nowe Brzesko,powiat proszowicki,22
175,Osoby objęte dożywianiem na 1000 mieszkańców,2023,gmina,Pałecznica,powiat proszowicki,29
175,Osoby objęte dożywianiem na 1000 mieszkańców,2023,gmina,Proszowice,powiat proszowicki,11
175,Osoby objęte dożywianiem na 1000 mieszkańców,2023,gmina,Radziemice,powiat proszowicki,9
175,Osoby objęte dożywianiem na 1000 mieszkańców,2023,powiat,powiat suski,powiat suski,26
175,Osoby objęte dożywianiem na 1000 mieszkańców,2023,gmina,Budzów,powiat suski,6
175,Osoby objęte dożywianiem na 1000 mieszkańców,2023,gmina,Bystra-Sidzina,powiat suski,28
175,Osoby objęte dożywianiem na 1000 mieszkańców,2023,gmina,Jordanów (miasto),powiat suski,30
175,Osoby objęte dożywianiem na 1000 mieszkańców,2023,gmina,Jordanów (wieś),powiat suski,29
175,Osoby objęte dożywianiem na 1000 mieszkańców,2023,gmina,Maków Podhalański,powiat suski,29
175,Osoby objęte dożywianiem na 1000 mieszkańców,2023,gmina,Stryszawa,powiat suski,31
175,Osoby objęte dożywianiem na 1000 mieszkańców,2023,gmina,Sucha Beskidzka,powiat suski,25
175,Osoby objęte dożywianiem na 1000 mieszkańców,2023,gmina,Zawoja,powiat suski,28
175,Osoby objęte dożywianiem na 1000 mieszkańców,2023,gmina,Zembrzyce,powiat suski,19
175,Osoby objęte dożywianiem na 1000 mieszkańców,2023,powiat,powiat tarnowski,powiat tarnowski,21
175,Osoby objęte dożywianiem na 1000 mieszkańców,2023,gmina,Ciężkowice,powiat tarnowski,27
175,Osoby objęte dożywianiem na 1000 mieszkańców,2023,gmina,Gromnik,powiat tarnowski,11
175,Osoby objęte dożywianiem na 1000 mieszkańców,2023,gmina,Lisia Góra,powiat tarnowski,17
175,Osoby objęte dożywianiem na 1000 mieszkańców,2023,gmina,Pleśna,powiat tarnowski,8
175,Osoby objęte dożywianiem na 1000 mieszkańców,2023,gmina,Radłów,powiat tarnowski,22
175,Osoby objęte dożywianiem na 1000 mieszkańców,2023,gmina,Ryglice,powiat tarnowski,20
175,Osoby objęte dożywianiem na 1000 mieszkańców,2023,gmina,Rzepiennik Strzyżewski,powiat tarnowski,33
175,Osoby objęte dożywianiem na 1000 mieszkańców,2023,gmina,Skrzyszów,powiat tarnowski,16
175,Osoby objęte dożywianiem na 1000 mieszkańców,2023,gmina,Szerzyny,powiat tarnowski,34
175,Osoby objęte dożywianiem na 1000 mieszkańców,2023,gmina,Tarnów (wieś),powiat tarnowski,27
175,Osoby objęte dożywianiem na 1000 mieszkańców,2023,gmina,Tuchów,powiat tarnowski,14
175,Osoby objęte dożywianiem na 1000 mieszkańców,2023,gmina,Wierzchosławice,powiat tarnowski,19
175,Osoby objęte dożywianiem na 1000 mieszkańców,2023,gmina,Wietrzychowice,powiat tarnowski,22
175,Osoby objęte dożywianiem na 1000 mieszkańców,2023,gmina,Wojnicz,powiat tarnowski,13
175,Osoby objęte dożywianiem na 1000 mieszkańców,2023,gmina,Zakliczyn,powiat tarnowski,42
175,Osoby objęte dożywianiem na 1000 mieszkańców,2023,gmina,Żabno,powiat tarnowski,22
175,Osoby objęte dożywianiem na 1000 mieszkańców,2023,powiat,powiat tatrzański,powiat tatrzański,15
175,Osoby objęte dożywianiem na 1000 mieszkańców,2023,gmina,Biały Dunajec,powiat tatrzański,14
175,Osoby objęte dożywianiem na 1000 mieszkańców,2023,gmina,Bukowina Tatrzańska,powiat tatrzański,18
175,Osoby objęte dożywianiem na 1000 mieszkańców,2023,gmina,Kościelisko,powiat tatrzański,8
175,Osoby objęte dożywianiem na 1000 mieszkańców,2023,gmina,Poronin,powiat tatrzański,14
175,Osoby objęte dożywianiem na 1000 mieszkańców,2023,gmina,Zakopane,powiat tatrzański,16
175,Osoby objęte dożywianiem na 1000 mieszkańców,2023,powiat,powiat wadowicki,powiat wadowicki,13
175,Osoby objęte dożywianiem na 1000 mieszkańców,2023,gmina,Andrychów,powiat wadowicki,14
175,Osoby objęte dożywianiem na 1000 mieszkańców,2023,gmina,Brzeźnica,powiat wadowicki,17
175,Osoby objęte dożywianiem na 1000 mieszkańców,2023,gmina,Kalwaria Zebrzydowska,powiat wadowicki,6
175,Osoby objęte dożywianiem na 1000 mieszkańców,2023,gmina,Lanckorona,powiat wadowicki,8
175,Osoby objęte dożywianiem na 1000 mieszkańców,2023,gmina,Mucharz,powiat wadowicki,27
175,Osoby objęte dożywianiem na 1000 mieszkańców,2023,gmina,Spytkowice,powiat wadowicki,17
175,Osoby objęte dożywianiem na 1000 mieszkańców,2023,gmina,Stryszów,powiat wadowicki,13
175,Osoby objęte dożywianiem na 1000 mieszkańców,2023,gmina,Tomice,powiat wadowicki,17
175,Osoby objęte dożywianiem na 1000 mieszkańców,2023,gmina,Wadowice,powiat wadowicki,9
175,Osoby objęte dożywianiem na 1000 mieszkańców,2023,gmina,Wieprz,powiat wadowicki,21
175,Osoby objęte dożywianiem na 1000 mieszkańców,2023,powiat,powiat wielicki,powiat wielicki,10
175,Osoby objęte dożywianiem na 1000 mieszkańców,2023,gmina,Biskupice,powiat wielicki,7
175,Osoby objęte dożywianiem na 1000 mieszkańców,2023,gmina,Gdów,powiat wielicki,6
175,Osoby objęte dożywianiem na 1000 mieszkańców,2023,gmina,Kłaj,powiat wielicki,17
175,Osoby objęte dożywianiem na 1000 mieszkańców,2023,gmina,Niepołomice,powiat wielicki,7
175,Osoby objęte dożywianiem na 1000 mieszkańców,2023,gmina,Wieliczka,powiat wielicki,12
175,Osoby objęte dożywianiem na 1000 mieszkańców,2022,powiat,powiat bocheński,powiat bocheński,20
175,Osoby objęte dożywianiem na 1000 mieszkańców,2022,gmina,Bochnia (miasto),powiat bocheński,23
175,Osoby objęte dożywianiem na 1000 mieszkańców,2022,gmina,Bochnia (wieś),powiat bocheński,21
175,Osoby objęte dożywianiem na 1000 mieszkańców,2022,gmina,Drwinia,powiat bocheński,21
175,Osoby objęte dożywianiem na 1000 mieszkańców,2022,gmina,Lipnica Murowana,powiat bocheński,26
175,Osoby objęte dożywianiem na 1000 mieszkańców,2022,gmina,Łapanów,powiat bocheński,18
175,Osoby objęte dożywianiem na 1000 mieszkańców,2022,gmina,Nowy Wiśnicz,powiat bocheński,7
175,Osoby objęte dożywianiem na 1000 mieszkańców,2022,gmina,Rzezawa,powiat bocheński,24
175,Osoby objęte dożywianiem na 1000 mieszkańców,2022,gmina,Trzciana,powiat bocheński,24
175,Osoby objęte dożywianiem na 1000 mieszkańców,2022,gmina,Żegocina,powiat bocheński,26
175,Osoby objęte dożywianiem na 1000 mieszkańców,2022,powiat,powiat brzeski,powiat brzeski,17
175,Osoby objęte dożywianiem na 1000 mieszkańców,2022,gmina,Borzęcin,powiat brzeski,20
175,Osoby objęte dożywianiem na 1000 mieszkańców,2022,gmina,Brzesko,powiat brzeski,8
175,Osoby objęte dożywianiem na 1000 mieszkańców,2022,gmina,Czchów,powiat brzeski,27
175,Osoby objęte dożywianiem na 1000 mieszkańców,2022,gmina,Dębno,powiat brzeski,16
175,Osoby objęte dożywianiem na 1000 mieszkańców,2022,gmina,Gnojnik,powiat brzeski,41
175,Osoby objęte dożywianiem na 1000 mieszkańców,2022,gmina,Iwkowa,powiat brzeski,32
175,Osoby objęte dożywianiem na 1000 mieszkańców,2022,gmina,Szczurowa,powiat brzeski,11
175,Osoby objęte dożywianiem na 1000 mieszkańców,2022,powiat,powiat chrzanowski,powiat chrzanowski,24
175,Osoby objęte dożywianiem na 1000 mieszkańców,2022,gmina,Alwernia,powiat chrzanowski,22
175,Osoby objęte dożywianiem na 1000 mieszkańców,2022,gmina,Babice,powiat chrzanowski,11
175,Osoby objęte dożywianiem na 1000 mieszkańców,2022,gmina,Chrzanów,powiat chrzanowski,29
175,Osoby objęte dożywianiem na 1000 mieszkańców,2022,gmina,Libiąż,powiat chrzanowski,17
175,Osoby objęte dożywianiem na 1000 mieszkańców,2022,gmina,Trzebinia,powiat chrzanowski,26
175,Osoby objęte dożywianiem na 1000 mieszkańców,2022,powiat,powiat dąbrowski,powiat dąbrowski,37
175,Osoby objęte dożywianiem na 1000 mieszkańców,2022,gmina,Bolesław,powiat dąbrowski,47
175,Osoby objęte dożywianiem na 1000 mieszkańców,2022,gmina,Dąbrowa Tarnowska,powiat dąbrowski,41
175,Osoby objęte dożywianiem na 1000 mieszkańców,2022,gmina,Gręboszów,powiat dąbrowski,33
175,Osoby objęte dożywianiem na 1000 mieszkańców,2022,gmina,Mędrzechów,powiat dąbrowski,19
175,Osoby objęte dożywianiem na 1000 mieszkańców,2022,gmina,Olesno,powiat dąbrowski,19
175,Osoby objęte dożywianiem na 1000 mieszkańców,2022,gmina,Radgoszcz,powiat dąbrowski,36
175,Osoby objęte dożywianiem na 1000 mieszkańców,2022,gmina,Szczucin,powiat dąbrowski,45
175,Osoby objęte dożywianiem na 1000 mieszkańców,2022,powiat,powiat gorlicki,powiat gorlicki,38
175,Osoby objęte dożywianiem na 1000 mieszkańców,2022,gmina,Biecz,powiat gorlicki,28
175,Osoby objęte dożywianiem na 1000 mieszkańców,2022,gmina,Bobowa,powiat gorlicki,85
175,Osoby objęte dożywianiem na 1000 mieszkańców,2022,gmina,Gorlice (miasto),powiat gorlicki,15
175,Osoby objęte dożywianiem na 1000 mieszkańców,2022,gmina,Gorlice (wieś),powiat gorlicki,49
175,Osoby objęte dożywianiem na 1000 mieszkańców,2022,gmina,Lipinki,powiat gorlicki,73
175,Osoby objęte dożywianiem na 1000 mieszkańców,2022,gmina,Łużna,powiat gorlicki,35
175,Osoby objęte dożywianiem na 1000 mieszkańców,2022,gmina,Moszczenica,powiat gorlicki,23
175,Osoby objęte dożywianiem na 1000 mieszkańców,2022,gmina,Ropa,powiat gorlicki,23
175,Osoby objęte dożywianiem na 1000 mieszkańców,2022,gmina,Sękowa,powiat gorlicki,49
175,Osoby objęte dożywianiem na 1000 mieszkańców,2022,gmina,Uście Gorlickie,powiat gorlicki,43
175,Osoby objęte dożywianiem na 1000 mieszkańców,2022,powiat,powiat krakowski,powiat krakowski,10
175,Osoby objęte dożywianiem na 1000 mieszkańców,2022,gmina,Czernichów,powiat krakowski,11
175,Osoby objęte dożywianiem na 1000 mieszkańców,2022,gmina,Igołomia-Wawrzeńczyce,powiat krakowski,10
175,Osoby objęte dożywianiem na 1000 mieszkańców,2022,gmina,Iwanowice,powiat krakowski,7
175,Osoby objęte dożywianiem na 1000 mieszkańców,2022,gmina,Jerzmanowice-Przeginia,powiat krakowski,10
175,Osoby objęte dożywianiem na 1000 mieszkańców,2022,gmina,Kocmyrzów-Luborzyca,powiat krakowski,4
175,Osoby objęte dożywianiem na 1000 mieszkańców,2022,gmina,Krzeszowice,powiat krakowski,9
175,Osoby objęte dożywianiem na 1000 mieszkańców,2022,gmina,Liszki,powiat krakowski,2
175,Osoby objęte dożywianiem na 1000 mieszkańców,2022,gmina,Michałowice,powiat krakowski,13
175,Osoby objęte dożywianiem na 1000 mieszkańców,2022,gmina,Mogilany,powiat krakowski,5
175,Osoby objęte dożywianiem na 1000 mieszkańców,2022,gmina,Skała,powiat krakowski,16
175,Osoby objęte dożywianiem na 1000 mieszkańców,2022,gmina,Skawina,powiat krakowski,14
175,Osoby objęte dożywianiem na 1000 mieszkańców,2022,gmina,Słomniki,powiat krakowski,21
175,Osoby objęte dożywianiem na 1000 mieszkańców,2022,gmina,Sułoszowa,powiat krakowski,10
175,Osoby objęte dożywianiem na 1000 mieszkańców,2022,gmina,Świątniki Górne,powiat krakowski,14
175,Osoby objęte dożywianiem na 1000 mieszkańców,2022,gmina,Wielka Wieś,powiat krakowski,10
175,Osoby objęte dożywianiem na 1000 mieszkańców,2022,gmina,Zabierzów,powiat krakowski,12
175,Osoby objęte dożywianiem na 1000 mieszkańców,2022,gmina,Zielonki,powiat krakowski,5
175,Osoby objęte dożywianiem na 1000 mieszkańców,2022,powiat,powiat limanowski,powiat limanowski,33
175,Osoby objęte dożywianiem na 1000 mieszkańców,2022,gmina,Dobra,powiat limanowski,56
175,Osoby objęte dożywianiem na 1000 mieszkańców,2022,gmina,Jodłownik,powiat limanowski,23
175,Osoby objęte dożywianiem na 1000 mieszkańców,2022,gmina,Kamienica,powiat limanowski,53
175,Osoby objęte dożywianiem na 1000 mieszkańców,2022,gmina,Laskowa,powiat limanowski,37
175,Osoby objęte dożywianiem na 1000 mieszkańców,2022,gmina,Limanowa (miasto),powiat limanowski,39
175,Osoby objęte dożywianiem na 1000 mieszkańców,2022,gmina,Limanowa (wieś),powiat limanowski,27
175,Osoby objęte dożywianiem na 1000 mieszkańców,2022,gmina,Łukowica,powiat limanowski,39
175,Osoby objęte dożywianiem na 1000 mieszkańców,2022,gmina,Mszana Dolna (miasto),powiat limanowski,14
175,Osoby objęte dożywianiem na 1000 mieszkańców,2022,gmina,Mszana Dolna (wieś),powiat limanowski,19
175,Osoby objęte dożywianiem na 1000 mieszkańców,2022,gmina,Niedźwiedź,powiat limanowski,61
175,Osoby objęte dożywianiem na 1000 mieszkańców,2022,gmina,Słopnice,powiat limanowski,32
175,Osoby objęte dożywianiem na 1000 mieszkańców,2022,gmina,Tymbark,powiat limanowski,23
175,Osoby objęte dożywianiem na 1000 mieszkańców,2022,powiat,powiat m. Kraków,powiat m. Kraków,14
175,Osoby objęte dożywianiem na 1000 mieszkańców,2022,powiat,powiat m. Nowy Sącz,powiat m. Nowy Sącz,14
175,Osoby objęte dożywianiem na 1000 mieszkańców,2022,powiat,powiat m. Tarnów,powiat m. Tarnów,27
175,Osoby objęte dożywianiem na 1000 mieszkańców,2022,powiat,powiat miechowski,powiat miechowski,19
175,Osoby objęte dożywianiem na 1000 mieszkańców,2022,gmina,Charsznica,powiat miechowski,20
175,Osoby objęte dożywianiem na 1000 mieszkańców,2022,gmina,Gołcza,powiat miechowski,16
175,Osoby objęte dożywianiem na 1000 mieszkańców,2022,gmina,Kozłów,powiat miechowski,22
175,Osoby objęte dożywianiem na 1000 mieszkańców,2022,gmina,Książ Wielki,powiat miechowski,25
175,Osoby objęte dożywianiem na 1000 mieszkańców,2022,gmina,Miechów,powiat miechowski,18
175,Osoby objęte dożywianiem na 1000 mieszkańców,2022,gmina,Racławice,powiat miechowski,26
175,Osoby objęte dożywianiem na 1000 mieszkańców,2022,gmina,Słaboszów,powiat miechowski,13
175,Osoby objęte dożywianiem na 1000 mieszkańców,2022,powiat,powiat myślenicki,powiat myślenicki,16
175,Osoby objęte dożywianiem na 1000 mieszkańców,2022,gmina,Dobczyce,powiat myślenicki,18
175,Osoby objęte dożywianiem na 1000 mieszkańców,2022,gmina,Lubień,powiat myślenicki,16
175,Osoby objęte dożywianiem na 1000 mieszkańców,2022,gmina,Myślenice,powiat myślenicki,12
175,Osoby objęte dożywianiem na 1000 mieszkańców,2022,gmina,Pcim,powiat myślenicki,19
175,Osoby objęte dożywianiem na 1000 mieszkańców,2022,gmina,Raciechowice,powiat myślenicki,25
175,Osoby objęte dożywianiem na 1000 mieszkańców,2022,gmina,Siepraw,powiat myślenicki,13
175,Osoby objęte dożywianiem na 1000 mieszkańców,2022,gmina,Sułkowice,powiat myślenicki,18
175,Osoby objęte dożywianiem na 1000 mieszkańców,2022,gmina,Tokarnia,powiat myślenicki,12
175,Osoby objęte dożywianiem na 1000 mieszkańców,2022,gmina,Wiśniowa,powiat myślenicki,24
175,Osoby objęte dożywianiem na 1000 mieszkańców,2022,powiat,powiat nowosądecki,powiat nowosądecki,38
175,Osoby objęte dożywianiem na 1000 mieszkańców,2022,gmina,Podegrodzie,powiat nowosądecki,21
175,Osoby objęte dożywianiem na 1000 mieszkańców,2022,gmina,Rytro,powiat nowosądecki,26
175,Osoby objęte dożywianiem na 1000 mieszkańców,2022,gmina,Stary Sącz,powiat nowosądecki,28
175,Osoby objęte dożywianiem na 1000 mieszkańców,2022,gmina,Chełmiec,powiat nowosądecki,20
175,Osoby objęte dożywianiem na 1000 mieszkańców,2022,gmina,Gródek nad Dunajcem,powiat nowosądecki,35
175,Osoby objęte dożywianiem na 1000 mieszkańców,2022,gmina,Grybów (miasto),powiat nowosądecki,38
175,Osoby objęte dożywianiem na 1000 mieszkańców,2022,gmina,Grybów (wieś),powiat nowosądecki,76
175,Osoby objęte dożywianiem na 1000 mieszkańców,2022,gmina,Kamionka Wielka,powiat nowosądecki,52
175,Osoby objęte dożywianiem na 1000 mieszkańców,2022,gmina,Korzenna,powiat nowosądecki,85
175,Osoby objęte dożywianiem na 1000 mieszkańców,2022,gmina,Krynica-Zdrój,powiat nowosądecki,13
175,Osoby objęte dożywianiem na 1000 mieszkańców,2022,gmina,Łabowa,powiat nowosądecki,44
175,Osoby objęte dożywianiem na 1000 mieszkańców,2022,gmina,Łącko,powiat nowosądecki,47
175,Osoby objęte dożywianiem na 1000 mieszkańców,2022,gmina,Łososina Dolna,powiat nowosądecki,18
175,Osoby objęte dożywianiem na 1000 mieszkańców,2022,gmina,Muszyna,powiat nowosądecki,19
175,Osoby objęte dożywianiem na 1000 mieszkańców,2022,gmina,Nawojowa,powiat nowosądecki,34
175,Osoby objęte dożywianiem na 1000 mieszkańców,2022,gmina,Piwniczna-Zdrój,powiat nowosądecki,28
175,Osoby objęte dożywianiem na 1000 mieszkańców,2022,powiat,powiat nowotarski,powiat nowotarski,14
175,Osoby objęte dożywianiem na 1000 mieszkańców,2022,gmina,Czarny Dunajec,powiat nowotarski,7
175,Osoby objęte dożywianiem na 1000 mieszkańców,2022,gmina,Czorsztyn,powiat nowotarski,3
175,Osoby objęte dożywianiem na 1000 mieszkańców,2022,gmina,Jabłonka,powiat nowotarski,10
175,Osoby objęte dożywianiem na 1000 mieszkańców,2022,gmina,Krościenko nad Dunajcem,powiat nowotarski,14
175,Osoby objęte dożywianiem na 1000 mieszkańców,2022,gmina,Lipnica Wielka,powiat nowotarski,21
175,Osoby objęte dożywianiem na 1000 mieszkańców,2022,gmina,Łapsze Niżne,powiat nowotarski,2
175,Osoby objęte dożywianiem na 1000 mieszkańców,2022,gmina,Nowy Targ (miasto),powiat nowotarski,18
175,Osoby objęte dożywianiem na 1000 mieszkańców,2022,gmina,Nowy Targ (wieś),powiat nowotarski,12
175,Osoby objęte dożywianiem na 1000 mieszkańców,2022,gmina,Ochotnica Dolna,powiat nowotarski,38
175,Osoby objęte dożywianiem na 1000 mieszkańców,2022,gmina,Raba Wyżna,powiat nowotarski,20
175,Osoby objęte dożywianiem na 1000 mieszkańców,2022,gmina,Rabka-Zdrój,powiat nowotarski,10
175,Osoby objęte dożywianiem na 1000 mieszkańców,2022,gmina,Spytkowice,powiat nowotarski,23
175,Osoby objęte dożywianiem na 1000 mieszkańców,2022,gmina,Szaflary,powiat nowotarski,16
175,Osoby objęte dożywianiem na 1000 mieszkańców,2022,gmina,Szczawnica,powiat nowotarski,21
175,Osoby objęte dożywianiem na 1000 mieszkańców,2022,powiat,powiat olkuski,powiat olkuski,13
175,Osoby objęte dożywianiem na 1000 mieszkańców,2022,gmina,Bolesław,powiat olkuski,14
175,Osoby objęte dożywianiem na 1000 mieszkańców,2022,gmina,Bukowno,powiat olkuski,24
175,Osoby objęte dożywianiem na 1000 mieszkańców,2022,gmina,Klucze,powiat olkuski,13
175,Osoby objęte dożywianiem na 1000 mieszkańców,2022,gmina,Olkusz,powiat olkuski,11
175,Osoby objęte dożywianiem na 1000 mieszkańców,2022,gmina,Trzyciąż,powiat olkuski,4
175,Osoby objęte dożywianiem na 1000 mieszkańców,2022,gmina,Wolbrom,powiat olkuski,13
175,Osoby objęte dożywianiem na 1000 mieszkańców,2022,powiat,powiat oświęcimski,powiat oświęcimski,16
175,Osoby objęte dożywianiem na 1000 mieszkańców,2022,gmina,Brzeszcze,powiat oświęcimski,11
175,Osoby objęte dożywianiem na 1000 mieszkańców,2022,gmina,Chełmek,powiat oświęcimski,8
175,Osoby objęte dożywianiem na 1000 mieszkańców,2022,gmina,Kęty,powiat oświęcimski,13
175,Osoby objęte dożywianiem na 1000 mieszkańców,2022,gmina,Osiek,powiat oświęcimski,6
175,Osoby objęte dożywianiem na 1000 mieszkańców,2022,gmina,Oświęcim (miasto),powiat oświęcimski,29
175,Osoby objęte dożywianiem na 1000 mieszkańców,2022,gmina,Oświęcim (wieś),powiat oświęcimski,7
175,Osoby objęte dożywianiem na 1000 mieszkańców,2022,gmina,Polanka Wielka,powiat oświęcimski,13
175,Osoby objęte dożywianiem na 1000 mieszkańców,2022,gmina,Przeciszów,powiat oświęcimski,12
175,Osoby objęte dożywianiem na 1000 mieszkańców,2022,gmina,Zator,powiat oświęcimski,21
175,Osoby objęte dożywianiem na 1000 mieszkańców,2022,powiat,powiat proszowicki,powiat proszowicki,17
175,Osoby objęte dożywianiem na 1000 mieszkańców,2022,gmina,Koniusza,powiat proszowicki,10
175,Osoby objęte dożywianiem na 1000 mieszkańców,2022,gmina,Koszyce,powiat proszowicki,34
175,Osoby objęte dożywianiem na 1000 mieszkańców,2022,gmina,Nowe Brzesko,powiat proszowicki,17
175,Osoby objęte dożywianiem na 1000 mieszkańców,2022,gmina,Pałecznica,powiat proszowicki,29
175,Osoby objęte dożywianiem na 1000 mieszkańców,2022,gmina,Proszowice,powiat proszowicki,14
175,Osoby objęte dożywianiem na 1000 mieszkańców,2022,gmina,Radziemice,powiat proszowicki,5
175,Osoby objęte dożywianiem na 1000 mieszkańców,2022,powiat,powiat suski,powiat suski,26
175,Osoby objęte dożywianiem na 1000 mieszkańców,2022,gmina,Budzów,powiat suski,8
175,Osoby objęte dożywianiem na 1000 mieszkańców,2022,gmina,Bystra-Sidzina,powiat suski,30
175,Osoby objęte dożywianiem na 1000 mieszkańców,2022,gmina,Jordanów (miasto),powiat suski,32
175,Osoby objęte dożywianiem na 1000 mieszkańców,2022,gmina,Jordanów (wieś),powiat suski,26
175,Osoby objęte dożywianiem na 1000 mieszkańców,2022,gmina,Maków Podhalański,powiat suski,31
175,Osoby objęte dożywianiem na 1000 mieszkańców,2022,gmina,Stryszawa,powiat suski,27
175,Osoby objęte dożywianiem na 1000 mieszkańców,2022,gmina,Sucha Beskidzka,powiat suski,24
175,Osoby objęte dożywianiem na 1000 mieszkańców,2022,gmina,Zawoja,powiat suski,31
175,Osoby objęte dożywianiem na 1000 mieszkańców,2022,gmina,Zembrzyce,powiat suski,21
175,Osoby objęte dożywianiem na 1000 mieszkańców,2022,powiat,powiat tarnowski,powiat tarnowski,22
175,Osoby objęte dożywianiem na 1000 mieszkańców,2022,gmina,Ciężkowice,powiat tarnowski,27
175,Osoby objęte dożywianiem na 1000 mieszkańców,2022,gmina,Gromnik,powiat tarnowski,16
175,Osoby objęte dożywianiem na 1000 mieszkańców,2022,gmina,Lisia Góra,powiat tarnowski,19
175,Osoby objęte dożywianiem na 1000 mieszkańców,2022,gmina,Pleśna,powiat tarnowski,11
175,Osoby objęte dożywianiem na 1000 mieszkańców,2022,gmina,Radłów,powiat tarnowski,22
175,Osoby objęte dożywianiem na 1000 mieszkańców,2022,gmina,Ryglice,powiat tarnowski,21
175,Osoby objęte dożywianiem na 1000 mieszkańców,2022,gmina,Rzepiennik Strzyżewski,powiat tarnowski,32
175,Osoby objęte dożywianiem na 1000 mieszkańców,2022,gmina,Skrzyszów,powiat tarnowski,12
175,Osoby objęte dożywianiem na 1000 mieszkańców,2022,gmina,Szerzyny,powiat tarnowski,36
175,Osoby objęte dożywianiem na 1000 mieszkańców,2022,gmina,Tarnów (wieś),powiat tarnowski,28
175,Osoby objęte dożywianiem na 1000 mieszkańców,2022,gmina,Tuchów,powiat tarnowski,14
175,Osoby objęte dożywianiem na 1000 mieszkańców,2022,gmina,Wierzchosławice,powiat tarnowski,21
175,Osoby objęte dożywianiem na 1000 mieszkańców,2022,gmina,Wietrzychowice,powiat tarnowski,24
175,Osoby objęte dożywianiem na 1000 mieszkańców,2022,gmina,Wojnicz,powiat tarnowski,15
175,Osoby objęte dożywianiem na 1000 mieszkańców,2022,gmina,Zakliczyn,powiat tarnowski,47
175,Osoby objęte dożywianiem na 1000 mieszkańców,2022,gmina,Żabno,powiat tarnowski,20
175,Osoby objęte dożywianiem na 1000 mieszkańców,2022,powiat,powiat tatrzański,powiat tatrzański,17
175,Osoby objęte dożywianiem na 1000 mieszkańców,2022,gmina,Biały Dunajec,powiat tatrzański,16
175,Osoby objęte dożywianiem na 1000 mieszkańców,2022,gmina,Bukowina Tatrzańska,powiat tatrzański,18
175,Osoby objęte dożywianiem na 1000 mieszkańców,2022,gmina,Kościelisko,powiat tatrzański,11
175,Osoby objęte dożywianiem na 1000 mieszkańców,2022,gmina,Poronin,powiat tatrzański,22
175,Osoby objęte dożywianiem na 1000 mieszkańców,2022,gmina,Zakopane,powiat tatrzański,18
175,Osoby objęte dożywianiem na 1000 mieszkańców,2022,powiat,powiat wadowicki,powiat wadowicki,14
175,Osoby objęte dożywianiem na 1000 mieszkańców,2022,gmina,Andrychów,powiat wadowicki,15
175,Osoby objęte dożywianiem na 1000 mieszkańców,2022,gmina,Brzeźnica,powiat wadowicki,17
175,Osoby objęte dożywianiem na 1000 mieszkańców,2022,gmina,Kalwaria Zebrzydowska,powiat wadowicki,9
175,Osoby objęte dożywianiem na 1000 mieszkańców,2022,gmina,Lanckorona,powiat wadowicki,10
175,Osoby objęte dożywianiem na 1000 mieszkańców,2022,gmina,Mucharz,powiat wadowicki,27
175,Osoby objęte dożywianiem na 1000 mieszkańców,2022,gmina,Spytkowice,powiat wadowicki,18
175,Osoby objęte dożywianiem na 1000 mieszkańców,2022,gmina,Stryszów,powiat wadowicki,16
175,Osoby objęte dożywianiem na 1000 mieszkańców,2022,gmina,Tomice,powiat wadowicki,16
175,Osoby objęte dożywianiem na 1000 mieszkańców,2022,gmina,Wadowice,powiat wadowicki,8
175,Osoby objęte dożywianiem na 1000 mieszkańców,2022,gmina,Wieprz,powiat wadowicki,23
175,Osoby objęte dożywianiem na 1000 mieszkańców,2022,powiat,powiat wielicki,powiat wielicki,11
175,Osoby objęte dożywianiem na 1000 mieszkańców,2022,gmina,Biskupice,powiat wielicki,5
175,Osoby objęte dożywianiem na 1000 mieszkańców,2022,gmina,Gdów,powiat wielicki,8
175,Osoby objęte dożywianiem na 1000 mieszkańców,2022,gmina,Kłaj,powiat wielicki,20
175,Osoby objęte dożywianiem na 1000 mieszkańców,2022,gmina,Niepołomice,powiat wielicki,8
175,Osoby objęte dożywianiem na 1000 mieszkańców,2022,gmina,Wieliczka,powiat wielicki,13
175,Osoby objęte dożywianiem na 1000 mieszkańców,2021,powiat,powiat bocheński,powiat bocheński,24
175,Osoby objęte dożywianiem na 1000 mieszkańców,2021,gmina,Bochnia (miasto),powiat bocheński,25
175,Osoby objęte dożywianiem na 1000 mieszkańców,2021,gmina,Bochnia (wieś),powiat bocheński,27
175,Osoby objęte dożywianiem na 1000 mieszkańców,2021,gmina,Drwinia,powiat bocheński,25
175,Osoby objęte dożywianiem na 1000 mieszkańców,2021,gmina,Lipnica Murowana,powiat bocheński,27
175,Osoby objęte dożywianiem na 1000 mieszkańców,2021,gmina,Łapanów,powiat bocheński,25
175,Osoby objęte dożywianiem na 1000 mieszkańców,2021,gmina,Nowy Wiśnicz,powiat bocheński,11
175,Osoby objęte dożywianiem na 1000 mieszkańców,2021,gmina,Rzezawa,powiat bocheński,25
175,Osoby objęte dożywianiem na 1000 mieszkańców,2021,gmina,Trzciana,powiat bocheński,26
175,Osoby objęte dożywianiem na 1000 mieszkańców,2021,gmina,Żegocina,powiat bocheński,31
175,Osoby objęte dożywianiem na 1000 mieszkańców,2021,powiat,powiat brzeski,powiat brzeski,20
175,Osoby objęte dożywianiem na 1000 mieszkańców,2021,gmina,Borzęcin,powiat brzeski,23
175,Osoby objęte dożywianiem na 1000 mieszkańców,2021,gmina,Brzesko,powiat brzeski,9
175,Osoby objęte dożywianiem na 1000 mieszkańców,2021,gmina,Czchów,powiat brzeski,33
175,Osoby objęte dożywianiem na 1000 mieszkańców,2021,gmina,Dębno,powiat brzeski,16
175,Osoby objęte dożywianiem na 1000 mieszkańców,2021,gmina,Gnojnik,powiat brzeski,55
175,Osoby objęte dożywianiem na 1000 mieszkańców,2021,gmina,Iwkowa,powiat brzeski,34
175,Osoby objęte dożywianiem na 1000 mieszkańców,2021,gmina,Szczurowa,powiat brzeski,13
175,Osoby objęte dożywianiem na 1000 mieszkańców,2021,powiat,powiat chrzanowski,powiat chrzanowski,26
175,Osoby objęte dożywianiem na 1000 mieszkańców,2021,gmina,Alwernia,powiat chrzanowski,23
175,Osoby objęte dożywianiem na 1000 mieszkańców,2021,gmina,Babice,powiat chrzanowski,17
175,Osoby objęte dożywianiem na 1000 mieszkańców,2021,gmina,Chrzanów,powiat chrzanowski,33
175,Osoby objęte dożywianiem na 1000 mieszkańców,2021,gmina,Libiąż,powiat chrzanowski,20
175,Osoby objęte dożywianiem na 1000 mieszkańców,2021,gmina,Trzebinia,powiat chrzanowski,26
175,Osoby objęte dożywianiem na 1000 mieszkańców,2021,powiat,powiat dąbrowski,powiat dąbrowski,41
175,Osoby objęte dożywianiem na 1000 mieszkańców,2021,gmina,Bolesław,powiat dąbrowski,53
175,Osoby objęte dożywianiem na 1000 mieszkańców,2021,gmina,Dąbrowa Tarnowska,powiat dąbrowski,48
175,Osoby objęte dożywianiem na 1000 mieszkańców,2021,gmina,Gręboszów,powiat dąbrowski,36
175,Osoby objęte dożywianiem na 1000 mieszkańców,2021,gmina,Mędrzechów,powiat dąbrowski,30
175,Osoby objęte dożywianiem na 1000 mieszkańców,2021,gmina,Olesno,powiat dąbrowski,20
175,Osoby objęte dożywianiem na 1000 mieszkańców,2021,gmina,Radgoszcz,powiat dąbrowski,35
175,Osoby objęte dożywianiem na 1000 mieszkańców,2021,gmina,Szczucin,powiat dąbrowski,47
175,Osoby objęte dożywianiem na 1000 mieszkańców,2021,powiat,powiat gorlicki,powiat gorlicki,38
175,Osoby objęte dożywianiem na 1000 mieszkańców,2021,gmina,Biecz,powiat gorlicki,30
175,Osoby objęte dożywianiem na 1000 mieszkańców,2021,gmina,Bobowa,powiat gorlicki,81
175,Osoby objęte dożywianiem na 1000 mieszkańców,2021,gmina,Gorlice (miasto),powiat gorlicki,11
175,Osoby objęte dożywianiem na 1000 mieszkańców,2021,gmina,Gorlice (wieś),powiat gorlicki,43
175,Osoby objęte dożywianiem na 1000 mieszkańców,2021,gmina,Lipinki,powiat gorlicki,64
175,Osoby objęte dożywianiem na 1000 mieszkańców,2021,gmina,Łużna,powiat gorlicki,31
175,Osoby objęte dożywianiem na 1000 mieszkańców,2021,gmina,Moszczenica,powiat gorlicki,54
175,Osoby objęte dożywianiem na 1000 mieszkańców,2021,gmina,Ropa,powiat gorlicki,26
175,Osoby objęte dożywianiem na 1000 mieszkańców,2021,gmina,Sękowa,powiat gorlicki,53
175,Osoby objęte dożywianiem na 1000 mieszkańców,2021,gmina,Uście Gorlickie,powiat gorlicki,54
175,Osoby objęte dożywianiem na 1000 mieszkańców,2021,powiat,powiat krakowski,powiat krakowski,12
175,Osoby objęte dożywianiem na 1000 mieszkańców,2021,gmina,Czernichów,powiat krakowski,13
175,Osoby objęte dożywianiem na 1000 mieszkańców,2021,gmina,Igołomia-Wawrzeńczyce,powiat krakowski,12
175,Osoby objęte dożywianiem na 1000 mieszkańców,2021,gmina,Iwanowice,powiat krakowski,10
175,Osoby objęte dożywianiem na 1000 mieszkańców,2021,gmina,Jerzmanowice-Przeginia,powiat krakowski,14
175,Osoby objęte dożywianiem na 1000 mieszkańców,2021,gmina,Kocmyrzów-Luborzyca,powiat krakowski,5
175,Osoby objęte dożywianiem na 1000 mieszkańców,2021,gmina,Krzeszowice,powiat krakowski,10
175,Osoby objęte dożywianiem na 1000 mieszkańców,2021,gmina,Liszki,powiat krakowski,2
175,Osoby objęte dożywianiem na 1000 mieszkańców,2021,gmina,Michałowice,powiat krakowski,20
175,Osoby objęte dożywianiem na 1000 mieszkańców,2021,gmina,Mogilany,powiat krakowski,9
175,Osoby objęte dożywianiem na 1000 mieszkańców,2021,gmina,Skała,powiat krakowski,17
175,Osoby objęte dożywianiem na 1000 mieszkańców,2021,gmina,Skawina,powiat krakowski,15
175,Osoby objęte dożywianiem na 1000 mieszkańców,2021,gmina,Słomniki,powiat krakowski,25
175,Osoby objęte dożywianiem na 1000 mieszkańców,2021,gmina,Sułoszowa,powiat krakowski,10
175,Osoby objęte dożywianiem na 1000 mieszkańców,2021,gmina,Świątniki Górne,powiat krakowski,14
175,Osoby objęte dożywianiem na 1000 mieszkańców,2021,gmina,Wielka Wieś,powiat krakowski,14
175,Osoby objęte dożywianiem na 1000 mieszkańców,2021,gmina,Zabierzów,powiat krakowski,13
175,Osoby objęte dożywianiem na 1000 mieszkańców,2021,gmina,Zielonki,powiat krakowski,6
175,Osoby objęte dożywianiem na 1000 mieszkańców,2021,powiat,powiat limanowski,powiat limanowski,37
175,Osoby objęte dożywianiem na 1000 mieszkańców,2021,gmina,Dobra,powiat limanowski,56
175,Osoby objęte dożywianiem na 1000 mieszkańców,2021,gmina,Jodłownik,powiat limanowski,24
175,Osoby objęte dożywianiem na 1000 mieszkańców,2021,gmina,Kamienica,powiat limanowski,62
175,Osoby objęte dożywianiem na 1000 mieszkańców,2021,gmina,Laskowa,powiat limanowski,43
175,Osoby objęte dożywianiem na 1000 mieszkańców,2021,gmina,Limanowa (miasto),powiat limanowski,36
175,Osoby objęte dożywianiem na 1000 mieszkańców,2021,gmina,Limanowa (wieś),powiat limanowski,25
175,Osoby objęte dożywianiem na 1000 mieszkańców,2021,gmina,Łukowica,powiat limanowski,69
175,Osoby objęte dożywianiem na 1000 mieszkańców,2021,gmina,Mszana Dolna (miasto),powiat limanowski,13
175,Osoby objęte dożywianiem na 1000 mieszkańców,2021,gmina,Mszana Dolna (wieś),powiat limanowski,20
175,Osoby objęte dożywianiem na 1000 mieszkańców,2021,gmina,Niedźwiedź,powiat limanowski,61
175,Osoby objęte dożywianiem na 1000 mieszkańców,2021,gmina,Słopnice,powiat limanowski,46
175,Osoby objęte dożywianiem na 1000 mieszkańców,2021,gmina,Tymbark,powiat limanowski,26
175,Osoby objęte dożywianiem na 1000 mieszkańców,2021,powiat,powiat m. Kraków,powiat m. Kraków,16
175,Osoby objęte dożywianiem na 1000 mieszkańców,2021,powiat,powiat m. Nowy Sącz,powiat m. Nowy Sącz,12
175,Osoby objęte dożywianiem na 1000 mieszkańców,2021,powiat,powiat m. Tarnów,powiat m. Tarnów,28
175,Osoby objęte dożywianiem na 1000 mieszkańców,2021,powiat,powiat miechowski,powiat miechowski,21
175,Osoby objęte dożywianiem na 1000 mieszkańców,2021,gmina,Charsznica,powiat miechowski,21
175,Osoby objęte dożywianiem na 1000 mieszkańców,2021,gmina,Gołcza,powiat miechowski,23
175,Osoby objęte dożywianiem na 1000 mieszkańców,2021,gmina,Kozłów,powiat miechowski,25
175,Osoby objęte dożywianiem na 1000 mieszkańców,2021,gmina,Książ Wielki,powiat miechowski,23
175,Osoby objęte dożywianiem na 1000 mieszkańców,2021,gmina,Miechów,powiat miechowski,18
175,Osoby objęte dożywianiem na 1000 mieszkańców,2021,gmina,Racławice,powiat miechowski,25
175,Osoby objęte dożywianiem na 1000 mieszkańców,2021,gmina,Słaboszów,powiat miechowski,14
175,Osoby objęte dożywianiem na 1000 mieszkańców,2021,powiat,powiat myślenicki,powiat myślenicki,18
175,Osoby objęte dożywianiem na 1000 mieszkańców,2021,gmina,Dobczyce,powiat myślenicki,23
175,Osoby objęte dożywianiem na 1000 mieszkańców,2021,gmina,Lubień,powiat myślenicki,18
175,Osoby objęte dożywianiem na 1000 mieszkańców,2021,gmina,Myślenice,powiat myślenicki,15
175,Osoby objęte dożywianiem na 1000 mieszkańców,2021,gmina,Pcim,powiat myślenicki,20
175,Osoby objęte dożywianiem na 1000 mieszkańców,2021,gmina,Raciechowice,powiat myślenicki,28
175,Osoby objęte dożywianiem na 1000 mieszkańców,2021,gmina,Siepraw,powiat myślenicki,14
175,Osoby objęte dożywianiem na 1000 mieszkańców,2021,gmina,Sułkowice,powiat myślenicki,20
175,Osoby objęte dożywianiem na 1000 mieszkańców,2021,gmina,Tokarnia,powiat myślenicki,13
175,Osoby objęte dożywianiem na 1000 mieszkańców,2021,gmina,Wiśniowa,powiat myślenicki,25
175,Osoby objęte dożywianiem na 1000 mieszkańców,2021,powiat,powiat nowosądecki,powiat nowosądecki,47
175,Osoby objęte dożywianiem na 1000 mieszkańców,2021,gmina,Podegrodzie,powiat nowosądecki,19
175,Osoby objęte dożywianiem na 1000 mieszkańców,2021,gmina,Rytro,powiat nowosądecki,51
175,Osoby objęte dożywianiem na 1000 mieszkańców,2021,gmina,Stary Sącz,powiat nowosądecki,48
175,Osoby objęte dożywianiem na 1000 mieszkańców,2021,gmina,Chełmiec,powiat nowosądecki,28
175,Osoby objęte dożywianiem na 1000 mieszkańców,2021,gmina,Gródek nad Dunajcem,powiat nowosądecki,59
175,Osoby objęte dożywianiem na 1000 mieszkańców,2021,gmina,Grybów (miasto),powiat nowosądecki,36
175,Osoby objęte dożywianiem na 1000 mieszkańców,2021,gmina,Grybów (wieś),powiat nowosądecki,89
175,Osoby objęte dożywianiem na 1000 mieszkańców,2021,gmina,Kamionka Wielka,powiat nowosądecki,51
175,Osoby objęte dożywianiem na 1000 mieszkańców,2021,gmina,Korzenna,powiat nowosądecki,95
175,Osoby objęte dożywianiem na 1000 mieszkańców,2021,gmina,Krynica-Zdrój,powiat nowosądecki,23
175,Osoby objęte dożywianiem na 1000 mieszkańców,2021,gmina,Łabowa,powiat nowosądecki,49
175,Osoby objęte dożywianiem na 1000 mieszkańców,2021,gmina,Łącko,powiat nowosądecki,61
175,Osoby objęte dożywianiem na 1000 mieszkańców,2021,gmina,Łososina Dolna,powiat nowosądecki,18
175,Osoby objęte dożywianiem na 1000 mieszkańców,2021,gmina,Muszyna,powiat nowosądecki,17
175,Osoby objęte dożywianiem na 1000 mieszkańców,2021,gmina,Nawojowa,powiat nowosądecki,42
175,Osoby objęte dożywianiem na 1000 mieszkańców,2021,gmina,Piwniczna-Zdrój,powiat nowosądecki,41
175,Osoby objęte dożywianiem na 1000 mieszkańców,2021,powiat,powiat nowotarski,powiat nowotarski,16
175,Osoby objęte dożywianiem na 1000 mieszkańców,2021,gmina,Czarny Dunajec,powiat nowotarski,9
175,Osoby objęte dożywianiem na 1000 mieszkańców,2021,gmina,Czorsztyn,powiat nowotarski,4
175,Osoby objęte dożywianiem na 1000 mieszkańców,2021,gmina,Jabłonka,powiat nowotarski,11
175,Osoby objęte dożywianiem na 1000 mieszkańców,2021,gmina,Krościenko nad Dunajcem,powiat nowotarski,17
175,Osoby objęte dożywianiem na 1000 mieszkańców,2021,gmina,Lipnica Wielka,powiat nowotarski,32
175,Osoby objęte dożywianiem na 1000 mieszkańców,2021,gmina,Łapsze Niżne,powiat nowotarski,3
175,Osoby objęte dożywianiem na 1000 mieszkańców,2021,gmina,Nowy Targ (miasto),powiat nowotarski,20
175,Osoby objęte dożywianiem na 1000 mieszkańców,2021,gmina,Nowy Targ (wieś),powiat nowotarski,18
175,Osoby objęte dożywianiem na 1000 mieszkańców,2021,gmina,Ochotnica Dolna,powiat nowotarski,44
175,Osoby objęte dożywianiem na 1000 mieszkańców,2021,gmina,Raba Wyżna,powiat nowotarski,23
175,Osoby objęte dożywianiem na 1000 mieszkańców,2021,gmina,Rabka-Zdrój,powiat nowotarski,10
175,Osoby objęte dożywianiem na 1000 mieszkańców,2021,gmina,Spytkowice,powiat nowotarski,18
175,Osoby objęte dożywianiem na 1000 mieszkańców,2021,gmina,Szaflary,powiat nowotarski,15
175,Osoby objęte dożywianiem na 1000 mieszkańców,2021,gmina,Szczawnica,powiat nowotarski,18
175,Osoby objęte dożywianiem na 1000 mieszkańców,2021,powiat,powiat olkuski,powiat olkuski,15
175,Osoby objęte dożywianiem na 1000 mieszkańców,2021,gmina,Bolesław,powiat olkuski,12
175,Osoby objęte dożywianiem na 1000 mieszkańców,2021,gmina,Bukowno,powiat olkuski,23
175,Osoby objęte dożywianiem na 1000 mieszkańców,2021,gmina,Klucze,powiat olkuski,19
175,Osoby objęte dożywianiem na 1000 mieszkańców,2021,gmina,Olkusz,powiat olkuski,14
175,Osoby objęte dożywianiem na 1000 mieszkańców,2021,gmina,Trzyciąż,powiat olkuski,7
175,Osoby objęte dożywianiem na 1000 mieszkańców,2021,gmina,Wolbrom,powiat olkuski,13
175,Osoby objęte dożywianiem na 1000 mieszkańców,2021,powiat,powiat oświęcimski,powiat oświęcimski,15
175,Osoby objęte dożywianiem na 1000 mieszkańców,2021,gmina,Brzeszcze,powiat oświęcimski,8
175,Osoby objęte dożywianiem na 1000 mieszkańców,2021,gmina,Chełmek,powiat oświęcimski,9
175,Osoby objęte dożywianiem na 1000 mieszkańców,2021,gmina,Kęty,powiat oświęcimski,10
175,Osoby objęte dożywianiem na 1000 mieszkańców,2021,gmina,Osiek,powiat oświęcimski,6
175,Osoby objęte dożywianiem na 1000 mieszkańców,2021,gmina,Oświęcim (miasto),powiat oświęcimski,31
175,Osoby objęte dożywianiem na 1000 mieszkańców,2021,gmina,Oświęcim (wieś),powiat oświęcimski,7
175,Osoby objęte dożywianiem na 1000 mieszkańców,2021,gmina,Polanka Wielka,powiat oświęcimski,15
175,Osoby objęte dożywianiem na 1000 mieszkańców,2021,gmina,Przeciszów,powiat oświęcimski,14
175,Osoby objęte dożywianiem na 1000 mieszkańców,2021,gmina,Zator,powiat oświęcimski,20
175,Osoby objęte dożywianiem na 1000 mieszkańców,2021,powiat,powiat proszowicki,powiat proszowicki,21
175,Osoby objęte dożywianiem na 1000 mieszkańców,2021,gmina,Koniusza,powiat proszowicki,12
175,Osoby objęte dożywianiem na 1000 mieszkańców,2021,gmina,Koszyce,powiat proszowicki,46
175,Osoby objęte dożywianiem na 1000 mieszkańców,2021,gmina,Nowe Brzesko,powiat proszowicki,19
175,Osoby objęte dożywianiem na 1000 mieszkańców,2021,gmina,Pałecznica,powiat proszowicki,35
175,Osoby objęte dożywianiem na 1000 mieszkańców,2021,gmina,Proszowice,powiat proszowicki,20
175,Osoby objęte dożywianiem na 1000 mieszkańców,2021,gmina,Radziemice,powiat proszowicki,5
175,Osoby objęte dożywianiem na 1000 mieszkańców,2021,powiat,powiat suski,powiat suski,28
175,Osoby objęte dożywianiem na 1000 mieszkańców,2021,gmina,Budzów,powiat suski,13
175,Osoby objęte dożywianiem na 1000 mieszkańców,2021,gmina,Bystra-Sidzina,powiat suski,31
175,Osoby objęte dożywianiem na 1000 mieszkańców,2021,gmina,Jordanów (miasto),powiat suski,33
175,Osoby objęte dożywianiem na 1000 mieszkańców,2021,gmina,Jordanów (wieś),powiat suski,26
175,Osoby objęte dożywianiem na 1000 mieszkańców,2021,gmina,Maków Podhalański,powiat suski,30
175,Osoby objęte dożywianiem na 1000 mieszkańców,2021,gmina,Stryszawa,powiat suski,31
175,Osoby objęte dożywianiem na 1000 mieszkańców,2021,gmina,Sucha Beskidzka,powiat suski,24
175,Osoby objęte dożywianiem na 1000 mieszkańców,2021,gmina,Zawoja,powiat suski,37
175,Osoby objęte dożywianiem na 1000 mieszkańców,2021,gmina,Zembrzyce,powiat suski,29
175,Osoby objęte dożywianiem na 1000 mieszkańców,2021,powiat,powiat tarnowski,powiat tarnowski,26
175,Osoby objęte dożywianiem na 1000 mieszkańców,2021,gmina,Ciężkowice,powiat tarnowski,49
175,Osoby objęte dożywianiem na 1000 mieszkańców,2021,gmina,Gromnik,powiat tarnowski,22
175,Osoby objęte dożywianiem na 1000 mieszkańców,2021,gmina,Lisia Góra,powiat tarnowski,25
175,Osoby objęte dożywianiem na 1000 mieszkańców,2021,gmina,Pleśna,powiat tarnowski,15
175,Osoby objęte dożywianiem na 1000 mieszkańców,2021,gmina,Radłów,powiat tarnowski,33
175,Osoby objęte dożywianiem na 1000 mieszkańców,2021,gmina,Ryglice,powiat tarnowski,30
175,Osoby objęte dożywianiem na 1000 mieszkańców,2021,gmina,Rzepiennik Strzyżewski,powiat tarnowski,35
175,Osoby objęte dożywianiem na 1000 mieszkańców,2021,gmina,Skrzyszów,powiat tarnowski,13
175,Osoby objęte dożywianiem na 1000 mieszkańców,2021,gmina,Szerzyny,powiat tarnowski,31
175,Osoby objęte dożywianiem na 1000 mieszkańców,2021,gmina,Tarnów (wieś),powiat tarnowski,30
175,Osoby objęte dożywianiem na 1000 mieszkańców,2021,gmina,Tuchów,powiat tarnowski,14
175,Osoby objęte dożywianiem na 1000 mieszkańców,2021,gmina,Wierzchosławice,powiat tarnowski,24
175,Osoby objęte dożywianiem na 1000 mieszkańców,2021,gmina,Wietrzychowice,powiat tarnowski,30
175,Osoby objęte dożywianiem na 1000 mieszkańców,2021,gmina,Wojnicz,powiat tarnowski,16
175,Osoby objęte dożywianiem na 1000 mieszkańców,2021,gmina,Zakliczyn,powiat tarnowski,36
175,Osoby objęte dożywianiem na 1000 mieszkańców,2021,gmina,Żabno,powiat tarnowski,23
175,Osoby objęte dożywianiem na 1000 mieszkańców,2021,powiat,powiat tatrzański,powiat tatrzański,22
175,Osoby objęte dożywianiem na 1000 mieszkańców,2021,gmina,Biały Dunajec,powiat tatrzański,18
175,Osoby objęte dożywianiem na 1000 mieszkańców,2021,gmina,Bukowina Tatrzańska,powiat tatrzański,24
175,Osoby objęte dożywianiem na 1000 mieszkańców,2021,gmina,Kościelisko,powiat tatrzański,13
175,Osoby objęte dożywianiem na 1000 mieszkańców,2021,gmina,Poronin,powiat tatrzański,25
175,Osoby objęte dożywianiem na 1000 mieszkańców,2021,gmina,Zakopane,powiat tatrzański,23
175,Osoby objęte dożywianiem na 1000 mieszkańców,2021,powiat,powiat wadowicki,powiat wadowicki,14
175,Osoby objęte dożywianiem na 1000 mieszkańców,2021,gmina,Andrychów,powiat wadowicki,15
175,Osoby objęte dożywianiem na 1000 mieszkańców,2021,gmina,Brzeźnica,powiat wadowicki,21
175,Osoby objęte dożywianiem na 1000 mieszkańców,2021,gmina,Kalwaria Zebrzydowska,powiat wadowicki,9
175,Osoby objęte dożywianiem na 1000 mieszkańców,2021,gmina,Lanckorona,powiat wadowicki,11
175,Osoby objęte dożywianiem na 1000 mieszkańców,2021,gmina,Mucharz,powiat wadowicki,34
175,Osoby objęte dożywianiem na 1000 mieszkańców,2021,gmina,Spytkowice,powiat wadowicki,14
175,Osoby objęte dożywianiem na 1000 mieszkańców,2021,gmina,Stryszów,powiat wadowicki,19
175,Osoby objęte dożywianiem na 1000 mieszkańców,2021,gmina,Tomice,powiat wadowicki,22
175,Osoby objęte dożywianiem na 1000 mieszkańców,2021,gmina,Wadowice,powiat wadowicki,6
175,Osoby objęte dożywianiem na 1000 mieszkańców,2021,gmina,Wieprz,powiat wadowicki,22
175,Osoby objęte dożywianiem na 1000 mieszkańców,2021,powiat,powiat wielicki,powiat wielicki,14
175,Osoby objęte dożywianiem na 1000 mieszkańców,2021,gmina,Biskupice,powiat wielicki,10
175,Osoby objęte dożywianiem na 1000 mieszkańców,2021,gmina,Gdów,powiat wielicki,9
175,Osoby objęte dożywianiem na 1000 mieszkańców,2021,gmina,Kłaj,powiat wielicki,20
175,Osoby objęte dożywianiem na 1000 mieszkańców,2021,gmina,Niepołomice,powiat wielicki,9
175,Osoby objęte dożywianiem na 1000 mieszkańców,2021,gmina,Wieliczka,powiat wielicki,18
175,Osoby objęte dożywianiem na 1000 mieszkańców,2020,powiat,powiat bocheński,powiat bocheński,26
175,Osoby objęte dożywianiem na 1000 mieszkańców,2020,gmina,Bochnia (miasto),powiat bocheński,25
175,Osoby objęte dożywianiem na 1000 mieszkańców,2020,gmina,Bochnia (wieś),powiat bocheński,32
175,Osoby objęte dożywianiem na 1000 mieszkańców,2020,gmina,Drwinia,powiat bocheński,34
175,Osoby objęte dożywianiem na 1000 mieszkańców,2020,gmina,Lipnica Murowana,powiat bocheński,24
175,Osoby objęte dożywianiem na 1000 mieszkańców,2020,gmina,Łapanów,powiat bocheński,21
175,Osoby objęte dożywianiem na 1000 mieszkańców,2020,gmina,Nowy Wiśnicz,powiat bocheński,13
175,Osoby objęte dożywianiem na 1000 mieszkańców,2020,gmina,Rzezawa,powiat bocheński,30
175,Osoby objęte dożywianiem na 1000 mieszkańców,2020,gmina,Trzciana,powiat bocheński,31
175,Osoby objęte dożywianiem na 1000 mieszkańców,2020,gmina,Żegocina,powiat bocheński,34
175,Osoby objęte dożywianiem na 1000 mieszkańców,2020,powiat,powiat brzeski,powiat brzeski,23
175,Osoby objęte dożywianiem na 1000 mieszkańców,2020,gmina,Borzęcin,powiat brzeski,26
175,Osoby objęte dożywianiem na 1000 mieszkańców,2020,gmina,Brzesko,powiat brzeski,15
175,Osoby objęte dożywianiem na 1000 mieszkańców,2020,gmina,Czchów,powiat brzeski,40
175,Osoby objęte dożywianiem na 1000 mieszkańców,2020,gmina,Dębno,powiat brzeski,14
175,Osoby objęte dożywianiem na 1000 mieszkańców,2020,gmina,Gnojnik,powiat brzeski,57
175,Osoby objęte dożywianiem na 1000 mieszkańców,2020,gmina,Iwkowa,powiat brzeski,31
175,Osoby objęte dożywianiem na 1000 mieszkańców,2020,gmina,Szczurowa,powiat brzeski,12
175,Osoby objęte dożywianiem na 1000 mieszkańców,2020,powiat,powiat chrzanowski,powiat chrzanowski,27
175,Osoby objęte dożywianiem na 1000 mieszkańców,2020,gmina,Alwernia,powiat chrzanowski,24
175,Osoby objęte dożywianiem na 1000 mieszkańców,2020,gmina,Babice,powiat chrzanowski,22
175,Osoby objęte dożywianiem na 1000 mieszkańców,2020,gmina,Chrzanów,powiat chrzanowski,33
175,Osoby objęte dożywianiem na 1000 mieszkańców,2020,gmina,Libiąż,powiat chrzanowski,20
175,Osoby objęte dożywianiem na 1000 mieszkańców,2020,gmina,Trzebinia,powiat chrzanowski,25
175,Osoby objęte dożywianiem na 1000 mieszkańców,2020,powiat,powiat dąbrowski,powiat dąbrowski,43
175,Osoby objęte dożywianiem na 1000 mieszkańców,2020,gmina,Bolesław,powiat dąbrowski,40
175,Osoby objęte dożywianiem na 1000 mieszkańców,2020,gmina,Dąbrowa Tarnowska,powiat dąbrowski,52
175,Osoby objęte dożywianiem na 1000 mieszkańców,2020,gmina,Gręboszów,powiat dąbrowski,55
175,Osoby objęte dożywianiem na 1000 mieszkańców,2020,gmina,Mędrzechów,powiat dąbrowski,21
175,Osoby objęte dożywianiem na 1000 mieszkańców,2020,gmina,Olesno,powiat dąbrowski,23
175,Osoby objęte dożywianiem na 1000 mieszkańców,2020,gmina,Radgoszcz,powiat dąbrowski,45
175,Osoby objęte dożywianiem na 1000 mieszkańców,2020,gmina,Szczucin,powiat dąbrowski,44
175,Osoby objęte dożywianiem na 1000 mieszkańców,2020,powiat,powiat gorlicki,powiat gorlicki,38
175,Osoby objęte dożywianiem na 1000 mieszkańców,2020,gmina,Biecz,powiat gorlicki,34
175,Osoby objęte dożywianiem na 1000 mieszkańców,2020,gmina,Bobowa,powiat gorlicki,59
175,Osoby objęte dożywianiem na 1000 mieszkańców,2020,gmina,Gorlice (miasto),powiat gorlicki,11
175,Osoby objęte dożywianiem na 1000 mieszkańców,2020,gmina,Gorlice (wieś),powiat gorlicki,37
175,Osoby objęte dożywianiem na 1000 mieszkańców,2020,gmina,Lipinki,powiat gorlicki,67
175,Osoby objęte dożywianiem na 1000 mieszkańców,2020,gmina,Łużna,powiat gorlicki,42
175,Osoby objęte dożywianiem na 1000 mieszkańców,2020,gmina,Moszczenica,powiat gorlicki,61
175,Osoby objęte dożywianiem na 1000 mieszkańców,2020,gmina,Ropa,powiat gorlicki,39
175,Osoby objęte dożywianiem na 1000 mieszkańców,2020,gmina,Sękowa,powiat gorlicki,56
175,Osoby objęte dożywianiem na 1000 mieszkańców,2020,gmina,Uście Gorlickie,powiat gorlicki,57
175,Osoby objęte dożywianiem na 1000 mieszkańców,2020,powiat,powiat krakowski,powiat krakowski,13
175,Osoby objęte dożywianiem na 1000 mieszkańców,2020,gmina,Czernichów,powiat krakowski,9
175,Osoby objęte dożywianiem na 1000 mieszkańców,2020,gmina,Igołomia-Wawrzeńczyce,powiat krakowski,23
175,Osoby objęte dożywianiem na 1000 mieszkańców,2020,gmina,Iwanowice,powiat krakowski,8
175,Osoby objęte dożywianiem na 1000 mieszkańców,2020,gmina,Jerzmanowice-Przeginia,powiat krakowski,14
175,Osoby objęte dożywianiem na 1000 mieszkańców,2020,gmina,Kocmyrzów-Luborzyca,powiat krakowski,8
175,Osoby objęte dożywianiem na 1000 mieszkańców,2020,gmina,Krzeszowice,powiat krakowski,7
175,Osoby objęte dożywianiem na 1000 mieszkańców,2020,gmina,Liszki,powiat krakowski,3
175,Osoby objęte dożywianiem na 1000 mieszkańców,2020,gmina,Michałowice,powiat krakowski,20
175,Osoby objęte dożywianiem na 1000 mieszkańców,2020,gmina,Mogilany,powiat krakowski,15
175,Osoby objęte dożywianiem na 1000 mieszkańców,2020,gmina,Skała,powiat krakowski,16
175,Osoby objęte dożywianiem na 1000 mieszkańców,2020,gmina,Skawina,powiat krakowski,12
175,Osoby objęte dożywianiem na 1000 mieszkańców,2020,gmina,Słomniki,powiat krakowski,24
175,Osoby objęte dożywianiem na 1000 mieszkańców,2020,gmina,Sułoszowa,powiat krakowski,13
175,Osoby objęte dożywianiem na 1000 mieszkańców,2020,gmina,Świątniki Górne,powiat krakowski,16
175,Osoby objęte dożywianiem na 1000 mieszkańców,2020,gmina,Wielka Wieś,powiat krakowski,20
175,Osoby objęte dożywianiem na 1000 mieszkańców,2020,gmina,Zabierzów,powiat krakowski,16
175,Osoby objęte dożywianiem na 1000 mieszkańców,2020,gmina,Zielonki,powiat krakowski,8
175,Osoby objęte dożywianiem na 1000 mieszkańców,2020,powiat,powiat limanowski,powiat limanowski,45
175,Osoby objęte dożywianiem na 1000 mieszkańców,2020,gmina,Dobra,powiat limanowski,73
175,Osoby objęte dożywianiem na 1000 mieszkańców,2020,gmina,Jodłownik,powiat limanowski,36
175,Osoby objęte dożywianiem na 1000 mieszkańców,2020,gmina,Kamienica,powiat limanowski,76
175,Osoby objęte dożywianiem na 1000 mieszkańców,2020,gmina,Laskowa,powiat limanowski,50
175,Osoby objęte dożywianiem na 1000 mieszkańców,2020,gmina,Limanowa (miasto),powiat limanowski,42
175,Osoby objęte dożywianiem na 1000 mieszkańców,2020,gmina,Limanowa (wieś),powiat limanowski,28
175,Osoby objęte dożywianiem na 1000 mieszkańców,2020,gmina,Łukowica,powiat limanowski,81
175,Osoby objęte dożywianiem na 1000 mieszkańców,2020,gmina,Mszana Dolna (miasto),powiat limanowski,19
175,Osoby objęte dożywianiem na 1000 mieszkańców,2020,gmina,Mszana Dolna (wieś),powiat limanowski,25
175,Osoby objęte dożywianiem na 1000 mieszkańców,2020,gmina,Niedźwiedź,powiat limanowski,65
175,Osoby objęte dożywianiem na 1000 mieszkańców,2020,gmina,Słopnice,powiat limanowski,67
175,Osoby objęte dożywianiem na 1000 mieszkańców,2020,gmina,Tymbark,powiat limanowski,26
175,Osoby objęte dożywianiem na 1000 mieszkańców,2020,powiat,powiat m. Kraków,powiat m. Kraków,18
175,Osoby objęte dożywianiem na 1000 mieszkańców,2020,powiat,powiat m. Nowy Sącz,powiat m. Nowy Sącz,11
175,Osoby objęte dożywianiem na 1000 mieszkańców,2020,powiat,powiat m. Tarnów,powiat m. Tarnów,30
175,Osoby objęte dożywianiem na 1000 mieszkańców,2020,powiat,powiat miechowski,powiat miechowski,24
175,Osoby objęte dożywianiem na 1000 mieszkańców,2020,gmina,Charsznica,powiat miechowski,24
175,Osoby objęte dożywianiem na 1000 mieszkańców,2020,gmina,Gołcza,powiat miechowski,23
175,Osoby objęte dożywianiem na 1000 mieszkańców,2020,gmina,Kozłów,powiat miechowski,21
175,Osoby objęte dożywianiem na 1000 mieszkańców,2020,gmina,Książ Wielki,powiat miechowski,29
175,Osoby objęte dożywianiem na 1000 mieszkańców,2020,gmina,Miechów,powiat miechowski,24
175,Osoby objęte dożywianiem na 1000 mieszkańców,2020,gmina,Racławice,powiat miechowski,31
175,Osoby objęte dożywianiem na 1000 mieszkańców,2020,gmina,Słaboszów,powiat miechowski,24
175,Osoby objęte dożywianiem na 1000 mieszkańców,2020,powiat,powiat myślenicki,powiat myślenicki,19
175,Osoby objęte dożywianiem na 1000 mieszkańców,2020,gmina,Dobczyce,powiat myślenicki,22
175,Osoby objęte dożywianiem na 1000 mieszkańców,2020,gmina,Lubień,powiat myślenicki,17
175,Osoby objęte dożywianiem na 1000 mieszkańców,2020,gmina,Myślenice,powiat myślenicki,15
175,Osoby objęte dożywianiem na 1000 mieszkańców,2020,gmina,Pcim,powiat myślenicki,22
175,Osoby objęte dożywianiem na 1000 mieszkańców,2020,gmina,Raciechowice,powiat myślenicki,31
175,Osoby objęte dożywianiem na 1000 mieszkańców,2020,gmina,Siepraw,powiat myślenicki,14
175,Osoby objęte dożywianiem na 1000 mieszkańców,2020,gmina,Sułkowice,powiat myślenicki,21
175,Osoby objęte dożywianiem na 1000 mieszkańców,2020,gmina,Tokarnia,powiat myślenicki,16
175,Osoby objęte dożywianiem na 1000 mieszkańców,2020,gmina,Wiśniowa,powiat myślenicki,32
175,Osoby objęte dożywianiem na 1000 mieszkańców,2020,powiat,powiat nowosądecki,powiat nowosądecki,53
175,Osoby objęte dożywianiem na 1000 mieszkańców,2020,gmina,Podegrodzie,powiat nowosądecki,24
175,Osoby objęte dożywianiem na 1000 mieszkańców,2020,gmina,Rytro,powiat nowosądecki,58
175,Osoby objęte dożywianiem na 1000 mieszkańców,2020,gmina,Stary Sącz,powiat nowosądecki,50
175,Osoby objęte dożywianiem na 1000 mieszkańców,2020,gmina,Chełmiec,powiat nowosądecki,42
175,Osoby objęte dożywianiem na 1000 mieszkańców,2020,gmina,Gródek nad Dunajcem,powiat nowosądecki,73
175,Osoby objęte dożywianiem na 1000 mieszkańców,2020,gmina,Grybów (miasto),powiat nowosądecki,51
175,Osoby objęte dożywianiem na 1000 mieszkańców,2020,gmina,Grybów (wieś),powiat nowosądecki,75
175,Osoby objęte dożywianiem na 1000 mieszkańców,2020,gmina,Kamionka Wielka,powiat nowosądecki,55
175,Osoby objęte dożywianiem na 1000 mieszkańców,2020,gmina,Korzenna,powiat nowosądecki,122
175,Osoby objęte dożywianiem na 1000 mieszkańców,2020,gmina,Krynica-Zdrój,powiat nowosądecki,24
175,Osoby objęte dożywianiem na 1000 mieszkańców,2020,gmina,Łabowa,powiat nowosądecki,51
175,Osoby objęte dożywianiem na 1000 mieszkańców,2020,gmina,Łącko,powiat nowosądecki,63
175,Osoby objęte dożywianiem na 1000 mieszkańców,2020,gmina,Łososina Dolna,powiat nowosądecki,18
175,Osoby objęte dożywianiem na 1000 mieszkańców,2020,gmina,Muszyna,powiat nowosądecki,28
175,Osoby objęte dożywianiem na 1000 mieszkańców,2020,gmina,Nawojowa,powiat nowosądecki,49
175,Osoby objęte dożywianiem na 1000 mieszkańców,2020,gmina,Piwniczna-Zdrój,powiat nowosądecki,57
175,Osoby objęte dożywianiem na 1000 mieszkańców,2020,powiat,powiat nowotarski,powiat nowotarski,22
175,Osoby objęte dożywianiem na 1000 mieszkańców,2020,gmina,Czarny Dunajec,powiat nowotarski,19
175,Osoby objęte dożywianiem na 1000 mieszkańców,2020,gmina,Czorsztyn,powiat nowotarski,9
175,Osoby objęte dożywianiem na 1000 mieszkańców,2020,gmina,Jabłonka,powiat nowotarski,15
175,Osoby objęte dożywianiem na 1000 mieszkańców,2020,gmina,Krościenko nad Dunajcem,powiat nowotarski,26
175,Osoby objęte dożywianiem na 1000 mieszkańców,2020,gmina,Lipnica Wielka,powiat nowotarski,37
175,Osoby objęte dożywianiem na 1000 mieszkańców,2020,gmina,Łapsze Niżne,powiat nowotarski,6
175,Osoby objęte dożywianiem na 1000 mieszkańców,2020,gmina,Nowy Targ (miasto),powiat nowotarski,22
175,Osoby objęte dożywianiem na 1000 mieszkańców,2020,gmina,Nowy Targ (wieś),powiat nowotarski,25
175,Osoby objęte dożywianiem na 1000 mieszkańców,2020,gmina,Ochotnica Dolna,powiat nowotarski,55
175,Osoby objęte dożywianiem na 1000 mieszkańców,2020,gmina,Raba Wyżna,powiat nowotarski,26
175,Osoby objęte dożywianiem na 1000 mieszkańców,2020,gmina,Rabka-Zdrój,powiat nowotarski,11
175,Osoby objęte dożywianiem na 1000 mieszkańców,2020,gmina,Spytkowice,powiat nowotarski,22
175,Osoby objęte dożywianiem na 1000 mieszkańców,2020,gmina,Szaflary,powiat nowotarski,21
175,Osoby objęte dożywianiem na 1000 mieszkańców,2020,gmina,Szczawnica,powiat nowotarski,36
175,Osoby objęte dożywianiem na 1000 mieszkańców,2020,powiat,powiat olkuski,powiat olkuski,16
175,Osoby objęte dożywianiem na 1000 mieszkańców,2020,gmina,Bolesław,powiat olkuski,21
175,Osoby objęte dożywianiem na 1000 mieszkańców,2020,gmina,Bukowno,powiat olkuski,26
175,Osoby objęte dożywianiem na 1000 mieszkańców,2020,gmina,Klucze,powiat olkuski,21
175,Osoby objęte dożywianiem na 1000 mieszkańców,2020,gmina,Olkusz,powiat olkuski,12
175,Osoby objęte dożywianiem na 1000 mieszkańców,2020,gmina,Trzyciąż,powiat olkuski,8
175,Osoby objęte dożywianiem na 1000 mieszkańców,2020,gmina,Wolbrom,powiat olkuski,16
175,Osoby objęte dożywianiem na 1000 mieszkańców,2020,powiat,powiat oświęcimski,powiat oświęcimski,14
175,Osoby objęte dożywianiem na 1000 mieszkańców,2020,gmina,Brzeszcze,powiat oświęcimski,8
175,Osoby objęte dożywianiem na 1000 mieszkańców,2020,gmina,Chełmek,powiat oświęcimski,6
175,Osoby objęte dożywianiem na 1000 mieszkańców,2020,gmina,Kęty,powiat oświęcimski,5
175,Osoby objęte dożywianiem na 1000 mieszkańców,2020,gmina,Osiek,powiat oświęcimski,7
175,Osoby objęte dożywianiem na 1000 mieszkańców,2020,gmina,Oświęcim (miasto),powiat oświęcimski,30
175,Osoby objęte dożywianiem na 1000 mieszkańców,2020,gmina,Oświęcim (wieś),powiat oświęcimski,8
175,Osoby objęte dożywianiem na 1000 mieszkańców,2020,gmina,Polanka Wielka,powiat oświęcimski,16
175,Osoby objęte dożywianiem na 1000 mieszkańców,2020,gmina,Przeciszów,powiat oświęcimski,18
175,Osoby objęte dożywianiem na 1000 mieszkańców,2020,gmina,Zator,powiat oświęcimski,20
175,Osoby objęte dożywianiem na 1000 mieszkańców,2020,powiat,powiat proszowicki,powiat proszowicki,29
175,Osoby objęte dożywianiem na 1000 mieszkańców,2020,gmina,Koniusza,powiat proszowicki,23
175,Osoby objęte dożywianiem na 1000 mieszkańców,2020,gmina,Koszyce,powiat proszowicki,58
175,Osoby objęte dożywianiem na 1000 mieszkańców,2020,gmina,Nowe Brzesko,powiat proszowicki,26
175,Osoby objęte dożywianiem na 1000 mieszkańców,2020,gmina,Pałecznica,powiat proszowicki,42
175,Osoby objęte dożywianiem na 1000 mieszkańców,2020,gmina,Proszowice,powiat proszowicki,26
175,Osoby objęte dożywianiem na 1000 mieszkańców,2020,gmina,Radziemice,powiat proszowicki,11
175,Osoby objęte dożywianiem na 1000 mieszkańców,2020,powiat,powiat suski,powiat suski,33
175,Osoby objęte dożywianiem na 1000 mieszkańców,2020,gmina,Budzów,powiat suski,14
175,Osoby objęte dożywianiem na 1000 mieszkańców,2020,gmina,Bystra-Sidzina,powiat suski,61
175,Osoby objęte dożywianiem na 1000 mieszkańców,2020,gmina,Jordanów (miasto),powiat suski,35
175,Osoby objęte dożywianiem na 1000 mieszkańców,2020,gmina,Jordanów (wieś),powiat suski,31
175,Osoby objęte dożywianiem na 1000 mieszkańców,2020,gmina,Maków Podhalański,powiat suski,34
175,Osoby objęte dożywianiem na 1000 mieszkańców,2020,gmina,Stryszawa,powiat suski,31
175,Osoby objęte dożywianiem na 1000 mieszkańców,2020,gmina,Sucha Beskidzka,powiat suski,27
175,Osoby objęte dożywianiem na 1000 mieszkańców,2020,gmina,Zawoja,powiat suski,39
175,Osoby objęte dożywianiem na 1000 mieszkańców,2020,gmina,Zembrzyce,powiat suski,31
175,Osoby objęte dożywianiem na 1000 mieszkańców,2020,powiat,powiat tarnowski,powiat tarnowski,29
175,Osoby objęte dożywianiem na 1000 mieszkańców,2020,gmina,Ciężkowice,powiat tarnowski,58
175,Osoby objęte dożywianiem na 1000 mieszkańców,2020,gmina,Gromnik,powiat tarnowski,21
175,Osoby objęte dożywianiem na 1000 mieszkańców,2020,gmina,Lisia Góra,powiat tarnowski,28
175,Osoby objęte dożywianiem na 1000 mieszkańców,2020,gmina,Pleśna,powiat tarnowski,23
175,Osoby objęte dożywianiem na 1000 mieszkańców,2020,gmina,Radłów,powiat tarnowski,38
175,Osoby objęte dożywianiem na 1000 mieszkańców,2020,gmina,Ryglice,powiat tarnowski,35
175,Osoby objęte dożywianiem na 1000 mieszkańców,2020,gmina,Rzepiennik Strzyżewski,powiat tarnowski,36
175,Osoby objęte dożywianiem na 1000 mieszkańców,2020,gmina,Skrzyszów,powiat tarnowski,16
175,Osoby objęte dożywianiem na 1000 mieszkańców,2020,gmina,Szerzyny,powiat tarnowski,35
175,Osoby objęte dożywianiem na 1000 mieszkańców,2020,gmina,Tarnów (wieś),powiat tarnowski,34
175,Osoby objęte dożywianiem na 1000 mieszkańców,2020,gmina,Tuchów,powiat tarnowski,17
175,Osoby objęte dożywianiem na 1000 mieszkańców,2020,gmina,Wierzchosławice,powiat tarnowski,26
175,Osoby objęte dożywianiem na 1000 mieszkańców,2020,gmina,Wietrzychowice,powiat tarnowski,47
175,Osoby objęte dożywianiem na 1000 mieszkańców,2020,gmina,Wojnicz,powiat tarnowski,16
175,Osoby objęte dożywianiem na 1000 mieszkańców,2020,gmina,Zakliczyn,powiat tarnowski,38
175,Osoby objęte dożywianiem na 1000 mieszkańców,2020,gmina,Żabno,powiat tarnowski,24
175,Osoby objęte dożywianiem na 1000 mieszkańców,2020,powiat,powiat tatrzański,powiat tatrzański,26
175,Osoby objęte dożywianiem na 1000 mieszkańców,2020,gmina,Biały Dunajec,powiat tatrzański,38
175,Osoby objęte dożywianiem na 1000 mieszkańców,2020,gmina,Bukowina Tatrzańska,powiat tatrzański,29
175,Osoby objęte dożywianiem na 1000 mieszkańców,2020,gmina,Kościelisko,powiat tatrzański,17
175,Osoby objęte dożywianiem na 1000 mieszkańców,2020,gmina,Poronin,powiat tatrzański,26
175,Osoby objęte dożywianiem na 1000 mieszkańców,2020,gmina,Zakopane,powiat tatrzański,24
175,Osoby objęte dożywianiem na 1000 mieszkańców,2020,powiat,powiat wadowicki,powiat wadowicki,16
175,Osoby objęte dożywianiem na 1000 mieszkańców,2020,gmina,Andrychów,powiat wadowicki,16
175,Osoby objęte dożywianiem na 1000 mieszkańców,2020,gmina,Brzeźnica,powiat wadowicki,29
175,Osoby objęte dożywianiem na 1000 mieszkańców,2020,gmina,Kalwaria Zebrzydowska,powiat wadowicki,10
175,Osoby objęte dożywianiem na 1000 mieszkańców,2020,gmina,Lanckorona,powiat wadowicki,11
175,Osoby objęte dożywianiem na 1000 mieszkańców,2020,gmina,Mucharz,powiat wadowicki,33
175,Osoby objęte dożywianiem na 1000 mieszkańców,2020,gmina,Spytkowice,powiat wadowicki,13
175,Osoby objęte dożywianiem na 1000 mieszkańców,2020,gmina,Stryszów,powiat wadowicki,26
175,Osoby objęte dożywianiem na 1000 mieszkańców,2020,gmina,Tomice,powiat wadowicki,28
175,Osoby objęte dożywianiem na 1000 mieszkańców,2020,gmina,Wadowice,powiat wadowicki,9
175,Osoby objęte dożywianiem na 1000 mieszkańców,2020,gmina,Wieprz,powiat wadowicki,24
175,Osoby objęte dożywianiem na 1000 mieszkańców,2020,powiat,powiat wielicki,powiat wielicki,16
175,Osoby objęte dożywianiem na 1000 mieszkańców,2020,gmina,Biskupice,powiat wielicki,14
175,Osoby objęte dożywianiem na 1000 mieszkańców,2020,gmina,Gdów,powiat wielicki,10
175,Osoby objęte dożywianiem na 1000 mieszkańców,2020,gmina,Kłaj,powiat wielicki,24
175,Osoby objęte dożywianiem na 1000 mieszkańców,2020,gmina,Niepołomice,powiat wielicki,9
175,Osoby objęte dożywianiem na 1000 mieszkańców,2020,gmina,Wieliczka,powiat wielicki,21
175,Osoby objęte dożywianiem na 1000 mieszkańców,2019,powiat,powiat bocheński,powiat bocheński,27
175,Osoby objęte dożywianiem na 1000 mieszkańców,2019,gmina,Bochnia (miasto),powiat bocheński,25
175,Osoby objęte dożywianiem na 1000 mieszkańców,2019,gmina,Bochnia (wieś),powiat bocheński,34
175,Osoby objęte dożywianiem na 1000 mieszkańców,2019,gmina,Drwinia,powiat bocheński,35
175,Osoby objęte dożywianiem na 1000 mieszkańców,2019,gmina,Lipnica Murowana,powiat bocheński,24
175,Osoby objęte dożywianiem na 1000 mieszkańców,2019,gmina,Łapanów,powiat bocheński,25
175,Osoby objęte dożywianiem na 1000 mieszkańców,2019,gmina,Nowy Wiśnicz,powiat bocheński,9
175,Osoby objęte dożywianiem na 1000 mieszkańców,2019,gmina,Rzezawa,powiat bocheński,37
175,Osoby objęte dożywianiem na 1000 mieszkańców,2019,gmina,Trzciana,powiat bocheński,32
175,Osoby objęte dożywianiem na 1000 mieszkańców,2019,gmina,Żegocina,powiat bocheński,30
175,Osoby objęte dożywianiem na 1000 mieszkańców,2019,powiat,powiat brzeski,powiat brzeski,16
175,Osoby objęte dożywianiem na 1000 mieszkańców,2019,gmina,Borzęcin,powiat brzeski,33
175,Osoby objęte dożywianiem na 1000 mieszkańców,2019,gmina,Brzesko,powiat brzeski,9
175,Osoby objęte dożywianiem na 1000 mieszkańców,2019,gmina,Czchów,powiat brzeski,22
175,Osoby objęte dożywianiem na 1000 mieszkańców,2019,gmina,Dębno,powiat brzeski,12
175,Osoby objęte dożywianiem na 1000 mieszkańców,2019,gmina,Gnojnik,powiat brzeski,27
175,Osoby objęte dożywianiem na 1000 mieszkańców,2019,gmina,Iwkowa,powiat brzeski,26
175,Osoby objęte dożywianiem na 1000 mieszkańców,2019,gmina,Szczurowa,powiat brzeski,12
175,Osoby objęte dożywianiem na 1000 mieszkańców,2019,powiat,powiat chrzanowski,powiat chrzanowski,26
175,Osoby objęte dożywianiem na 1000 mieszkańców,2019,gmina,Alwernia,powiat chrzanowski,24
175,Osoby objęte dożywianiem na 1000 mieszkańców,2019,gmina,Babice,powiat chrzanowski,26
175,Osoby objęte dożywianiem na 1000 mieszkańców,2019,gmina,Chrzanów,powiat chrzanowski,32
175,Osoby objęte dożywianiem na 1000 mieszkańców,2019,gmina,Libiąż,powiat chrzanowski,21
175,Osoby objęte dożywianiem na 1000 mieszkańców,2019,gmina,Trzebinia,powiat chrzanowski,21
175,Osoby objęte dożywianiem na 1000 mieszkańców,2019,powiat,powiat dąbrowski,powiat dąbrowski,47
175,Osoby objęte dożywianiem na 1000 mieszkańców,2019,gmina,Bolesław,powiat dąbrowski,56
175,Osoby objęte dożywianiem na 1000 mieszkańców,2019,gmina,Dąbrowa Tarnowska,powiat dąbrowski,58
175,Osoby objęte dożywianiem na 1000 mieszkańców,2019,gmina,Gręboszów,powiat dąbrowski,54
175,Osoby objęte dożywianiem na 1000 mieszkańców,2019,gmina,Mędrzechów,powiat dąbrowski,33
175,Osoby objęte dożywianiem na 1000 mieszkańców,2019,gmina,Olesno,powiat dąbrowski,26
175,Osoby objęte dożywianiem na 1000 mieszkańców,2019,gmina,Radgoszcz,powiat dąbrowski,45
175,Osoby objęte dożywianiem na 1000 mieszkańców,2019,gmina,Szczucin,powiat dąbrowski,42
175,Osoby objęte dożywianiem na 1000 mieszkańców,2019,powiat,powiat gorlicki,powiat gorlicki,36
175,Osoby objęte dożywianiem na 1000 mieszkańców,2019,gmina,Biecz,powiat gorlicki,32
175,Osoby objęte dożywianiem na 1000 mieszkańców,2019,gmina,Bobowa,powiat gorlicki,64
175,Osoby objęte dożywianiem na 1000 mieszkańców,2019,gmina,Gorlice (miasto),powiat gorlicki,11
175,Osoby objęte dożywianiem na 1000 mieszkańców,2019,gmina,Gorlice (wieś),powiat gorlicki,43
175,Osoby objęte dożywianiem na 1000 mieszkańców,2019,gmina,Lipinki,powiat gorlicki,76
175,Osoby objęte dożywianiem na 1000 mieszkańców,2019,gmina,Łużna,powiat gorlicki,28
175,Osoby objęte dożywianiem na 1000 mieszkańców,2019,gmina,Moszczenica,powiat gorlicki,28
175,Osoby objęte dożywianiem na 1000 mieszkańców,2019,gmina,Ropa,powiat gorlicki,26
175,Osoby objęte dożywianiem na 1000 mieszkańców,2019,gmina,Sękowa,powiat gorlicki,69
175,Osoby objęte dożywianiem na 1000 mieszkańców,2019,gmina,Uście Gorlickie,powiat gorlicki,43
175,Osoby objęte dożywianiem na 1000 mieszkańców,2019,powiat,powiat krakowski,powiat krakowski,12
175,Osoby objęte dożywianiem na 1000 mieszkańców,2019,gmina,Czernichów,powiat krakowski,10
175,Osoby objęte dożywianiem na 1000 mieszkańców,2019,gmina,Igołomia-Wawrzeńczyce,powiat krakowski,17
175,Osoby objęte dożywianiem na 1000 mieszkańców,2019,gmina,Iwanowice,powiat krakowski,8
175,Osoby objęte dożywianiem na 1000 mieszkańców,2019,gmina,Jerzmanowice-Przeginia,powiat krakowski,8
175,Osoby objęte dożywianiem na 1000 mieszkańców,2019,gmina,Kocmyrzów-Luborzyca,powiat krakowski,7
175,Osoby objęte dożywianiem na 1000 mieszkańców,2019,gmina,Krzeszowice,powiat krakowski,7
175,Osoby objęte dożywianiem na 1000 mieszkańców,2019,gmina,Liszki,powiat krakowski,4
175,Osoby objęte dożywianiem na 1000 mieszkańców,2019,gmina,Michałowice,powiat krakowski,22
175,Osoby objęte dożywianiem na 1000 mieszkańców,2019,gmina,Mogilany,powiat krakowski,21
175,Osoby objęte dożywianiem na 1000 mieszkańców,2019,gmina,Skała,powiat krakowski,18
175,Osoby objęte dożywianiem na 1000 mieszkańców,2019,gmina,Skawina,powiat krakowski,9
175,Osoby objęte dożywianiem na 1000 mieszkańców,2019,gmina,Słomniki,powiat krakowski,21
175,Osoby objęte dożywianiem na 1000 mieszkańców,2019,gmina,Sułoszowa,powiat krakowski,15
175,Osoby objęte dożywianiem na 1000 mieszkańców,2019,gmina,Świątniki Górne,powiat krakowski,18
175,Osoby objęte dożywianiem na 1000 mieszkańców,2019,gmina,Wielka Wieś,powiat krakowski,20
175,Osoby objęte dożywianiem na 1000 mieszkańców,2019,gmina,Zabierzów,powiat krakowski,16
175,Osoby objęte dożywianiem na 1000 mieszkańców,2019,gmina,Zielonki,powiat krakowski,7
175,Osoby objęte dożywianiem na 1000 mieszkańców,2019,powiat,powiat limanowski,powiat limanowski,42
175,Osoby objęte dożywianiem na 1000 mieszkańców,2019,gmina,Dobra,powiat limanowski,67
175,Osoby objęte dożywianiem na 1000 mieszkańców,2019,gmina,Jodłownik,powiat limanowski,34
175,Osoby objęte dożywianiem na 1000 mieszkańców,2019,gmina,Kamienica,powiat limanowski,74
175,Osoby objęte dożywianiem na 1000 mieszkańców,2019,gmina,Laskowa,powiat limanowski,54
175,Osoby objęte dożywianiem na 1000 mieszkańców,2019,gmina,Limanowa (miasto),powiat limanowski,40
175,Osoby objęte dożywianiem na 1000 mieszkańców,2019,gmina,Limanowa (wieś),powiat limanowski,34
175,Osoby objęte dożywianiem na 1000 mieszkańców,2019,gmina,Łukowica,powiat limanowski,50
175,Osoby objęte dożywianiem na 1000 mieszkańców,2019,gmina,Mszana Dolna (miasto),powiat limanowski,19
175,Osoby objęte dożywianiem na 1000 mieszkańców,2019,gmina,Mszana Dolna (wieś),powiat limanowski,20
175,Osoby objęte dożywianiem na 1000 mieszkańców,2019,gmina,Niedźwiedź,powiat limanowski,64
175,Osoby objęte dożywianiem na 1000 mieszkańców,2019,gmina,Słopnice,powiat limanowski,49
175,Osoby objęte dożywianiem na 1000 mieszkańców,2019,gmina,Tymbark,powiat limanowski,30
175,Osoby objęte dożywianiem na 1000 mieszkańców,2019,powiat,powiat m. Kraków,powiat m. Kraków,18
175,Osoby objęte dożywianiem na 1000 mieszkańców,2019,powiat,powiat m. Nowy Sącz,powiat m. Nowy Sącz,13
175,Osoby objęte dożywianiem na 1000 mieszkańców,2019,powiat,powiat m. Tarnów,powiat m. Tarnów,30
175,Osoby objęte dożywianiem na 1000 mieszkańców,2019,powiat,powiat miechowski,powiat miechowski,19
175,Osoby objęte dożywianiem na 1000 mieszkańców,2019,gmina,Charsznica,powiat miechowski,18
175,Osoby objęte dożywianiem na 1000 mieszkańców,2019,gmina,Gołcza,powiat miechowski,19
175,Osoby objęte dożywianiem na 1000 mieszkańców,2019,gmina,Kozłów,powiat miechowski,19
175,Osoby objęte dożywianiem na 1000 mieszkańców,2019,gmina,Książ Wielki,powiat miechowski,27
175,Osoby objęte dożywianiem na 1000 mieszkańców,2019,gmina,Miechów,powiat miechowski,19
175,Osoby objęte dożywianiem na 1000 mieszkańców,2019,gmina,Racławice,powiat miechowski,16
175,Osoby objęte dożywianiem na 1000 mieszkańców,2019,gmina,Słaboszów,powiat miechowski,18
175,Osoby objęte dożywianiem na 1000 mieszkańców,2019,powiat,powiat myślenicki,powiat myślenicki,17
175,Osoby objęte dożywianiem na 1000 mieszkańców,2019,gmina,Dobczyce,powiat myślenicki,20
175,Osoby objęte dożywianiem na 1000 mieszkańców,2019,gmina,Lubień,powiat myślenicki,17
175,Osoby objęte dożywianiem na 1000 mieszkańców,2019,gmina,Myślenice,powiat myślenicki,9
175,Osoby objęte dożywianiem na 1000 mieszkańców,2019,gmina,Pcim,powiat myślenicki,22
175,Osoby objęte dożywianiem na 1000 mieszkańców,2019,gmina,Raciechowice,powiat myślenicki,46
175,Osoby objęte dożywianiem na 1000 mieszkańców,2019,gmina,Siepraw,powiat myślenicki,17
175,Osoby objęte dożywianiem na 1000 mieszkańców,2019,gmina,Sułkowice,powiat myślenicki,15
175,Osoby objęte dożywianiem na 1000 mieszkańców,2019,gmina,Tokarnia,powiat myślenicki,13
175,Osoby objęte dożywianiem na 1000 mieszkańców,2019,gmina,Wiśniowa,powiat myślenicki,36
175,Osoby objęte dożywianiem na 1000 mieszkańców,2019,powiat,powiat nowosądecki,powiat nowosądecki,41
175,Osoby objęte dożywianiem na 1000 mieszkańców,2019,gmina,Podegrodzie,powiat nowosądecki,28
175,Osoby objęte dożywianiem na 1000 mieszkańców,2019,gmina,Rytro,powiat nowosądecki,47
175,Osoby objęte dożywianiem na 1000 mieszkańców,2019,gmina,Stary Sącz,powiat nowosądecki,31
175,Osoby objęte dożywianiem na 1000 mieszkańców,2019,gmina,Chełmiec,powiat nowosądecki,38
175,Osoby objęte dożywianiem na 1000 mieszkańców,2019,gmina,Gródek nad Dunajcem,powiat nowosądecki,49
175,Osoby objęte dożywianiem na 1000 mieszkańców,2019,gmina,Grybów (miasto),powiat nowosądecki,54
175,Osoby objęte dożywianiem na 1000 mieszkańców,2019,gmina,Grybów (wieś),powiat nowosądecki,47
175,Osoby objęte dożywianiem na 1000 mieszkańców,2019,gmina,Kamionka Wielka,powiat nowosądecki,51
175,Osoby objęte dożywianiem na 1000 mieszkańców,2019,gmina,Korzenna,powiat nowosądecki,102
175,Osoby objęte dożywianiem na 1000 mieszkańców,2019,gmina,Krynica-Zdrój,powiat nowosądecki,16
175,Osoby objęte dożywianiem na 1000 mieszkańców,2019,gmina,Łabowa,powiat nowosądecki,48
175,Osoby objęte dożywianiem na 1000 mieszkańców,2019,gmina,Łącko,powiat nowosądecki,47
175,Osoby objęte dożywianiem na 1000 mieszkańców,2019,gmina,Łososina Dolna,powiat nowosądecki,24
175,Osoby objęte dożywianiem na 1000 mieszkańców,2019,gmina,Muszyna,powiat nowosądecki,22
175,Osoby objęte dożywianiem na 1000 mieszkańców,2019,gmina,Nawojowa,powiat nowosądecki,49
175,Osoby objęte dożywianiem na 1000 mieszkańców,2019,gmina,Piwniczna-Zdrój,powiat nowosądecki,33
175,Osoby objęte dożywianiem na 1000 mieszkańców,2019,powiat,powiat nowotarski,powiat nowotarski,20
175,Osoby objęte dożywianiem na 1000 mieszkańców,2019,gmina,Czarny Dunajec,powiat nowotarski,17
175,Osoby objęte dożywianiem na 1000 mieszkańców,2019,gmina,Czorsztyn,powiat nowotarski,7
175,Osoby objęte dożywianiem na 1000 mieszkańców,2019,gmina,Jabłonka,powiat nowotarski,18
175,Osoby objęte dożywianiem na 1000 mieszkańców,2019,gmina,Krościenko nad Dunajcem,powiat nowotarski,24
175,Osoby objęte dożywianiem na 1000 mieszkańców,2019,gmina,Lipnica Wielka,powiat nowotarski,38
175,Osoby objęte dożywianiem na 1000 mieszkańców,2019,gmina,Łapsze Niżne,powiat nowotarski,14
175,Osoby objęte dożywianiem na 1000 mieszkańców,2019,gmina,Nowy Targ (miasto),powiat nowotarski,22
175,Osoby objęte dożywianiem na 1000 mieszkańców,2019,gmina,Nowy Targ (wieś),powiat nowotarski,20
175,Osoby objęte dożywianiem na 1000 mieszkańców,2019,gmina,Ochotnica Dolna,powiat nowotarski,44
175,Osoby objęte dożywianiem na 1000 mieszkańców,2019,gmina,Raba Wyżna,powiat nowotarski,22
175,Osoby objęte dożywianiem na 1000 mieszkańców,2019,gmina,Rabka-Zdrój,powiat nowotarski,13
175,Osoby objęte dożywianiem na 1000 mieszkańców,2019,gmina,Spytkowice,powiat nowotarski,18
175,Osoby objęte dożywianiem na 1000 mieszkańców,2019,gmina,Szaflary,powiat nowotarski,21
175,Osoby objęte dożywianiem na 1000 mieszkańców,2019,gmina,Szczawnica,powiat nowotarski,22
175,Osoby objęte dożywianiem na 1000 mieszkańców,2019,powiat,powiat olkuski,powiat olkuski,15
175,Osoby objęte dożywianiem na 1000 mieszkańców,2019,gmina,Bolesław,powiat olkuski,20
175,Osoby objęte dożywianiem na 1000 mieszkańców,2019,gmina,Bukowno,powiat olkuski,28
175,Osoby objęte dożywianiem na 1000 mieszkańców,2019,gmina,Klucze,powiat olkuski,16
175,Osoby objęte dożywianiem na 1000 mieszkańców,2019,gmina,Olkusz,powiat olkuski,12
175,Osoby objęte dożywianiem na 1000 mieszkańców,2019,gmina,Trzyciąż,powiat olkuski,4
175,Osoby objęte dożywianiem na 1000 mieszkańców,2019,gmina,Wolbrom,powiat olkuski,13
175,Osoby objęte dożywianiem na 1000 mieszkańców,2019,powiat,powiat oświęcimski,powiat oświęcimski,14
175,Osoby objęte dożywianiem na 1000 mieszkańców,2019,gmina,Brzeszcze,powiat oświęcimski,8
175,Osoby objęte dożywianiem na 1000 mieszkańców,2019,gmina,Chełmek,powiat oświęcimski,10
175,Osoby objęte dożywianiem na 1000 mieszkańców,2019,gmina,Kęty,powiat oświęcimski,6
175,Osoby objęte dożywianiem na 1000 mieszkańców,2019,gmina,Osiek,powiat oświęcimski,9
175,Osoby objęte dożywianiem na 1000 mieszkańców,2019,gmina,Oświęcim (miasto),powiat oświęcimski,29
175,Osoby objęte dożywianiem na 1000 mieszkańców,2019,gmina,Oświęcim (wieś),powiat oświęcimski,7
175,Osoby objęte dożywianiem na 1000 mieszkańców,2019,gmina,Polanka Wielka,powiat oświęcimski,15
175,Osoby objęte dożywianiem na 1000 mieszkańców,2019,gmina,Przeciszów,powiat oświęcimski,22
175,Osoby objęte dożywianiem na 1000 mieszkańców,2019,gmina,Zator,powiat oświęcimski,19
175,Osoby objęte dożywianiem na 1000 mieszkańców,2019,powiat,powiat proszowicki,powiat proszowicki,17
175,Osoby objęte dożywianiem na 1000 mieszkańców,2019,gmina,Koniusza,powiat proszowicki,10
175,Osoby objęte dożywianiem na 1000 mieszkańców,2019,gmina,Koszyce,powiat proszowicki,28
175,Osoby objęte dożywianiem na 1000 mieszkańców,2019,gmina,Nowe Brzesko,powiat proszowicki,22
175,Osoby objęte dożywianiem na 1000 mieszkańców,2019,gmina,Pałecznica,powiat proszowicki,26
175,Osoby objęte dożywianiem na 1000 mieszkańców,2019,gmina,Proszowice,powiat proszowicki,20
175,Osoby objęte dożywianiem na 1000 mieszkańców,2019,gmina,Radziemice,powiat proszowicki,8
175,Osoby objęte dożywianiem na 1000 mieszkańców,2019,powiat,powiat suski,powiat suski,28
175,Osoby objęte dożywianiem na 1000 mieszkańców,2019,gmina,Budzów,powiat suski,13
175,Osoby objęte dożywianiem na 1000 mieszkańców,2019,gmina,Bystra-Sidzina,powiat suski,34
175,Osoby objęte dożywianiem na 1000 mieszkańców,2019,gmina,Jordanów (miasto),powiat suski,32
175,Osoby objęte dożywianiem na 1000 mieszkańców,2019,gmina,Jordanów (wieś),powiat suski,32
175,Osoby objęte dożywianiem na 1000 mieszkańców,2019,gmina,Maków Podhalański,powiat suski,34
175,Osoby objęte dożywianiem na 1000 mieszkańców,2019,gmina,Stryszawa,powiat suski,23
175,Osoby objęte dożywianiem na 1000 mieszkańców,2019,gmina,Sucha Beskidzka,powiat suski,25
175,Osoby objęte dożywianiem na 1000 mieszkańców,2019,gmina,Zawoja,powiat suski,34
175,Osoby objęte dożywianiem na 1000 mieszkańców,2019,gmina,Zembrzyce,powiat suski,25
175,Osoby objęte dożywianiem na 1000 mieszkańców,2019,powiat,powiat tarnowski,powiat tarnowski,28
175,Osoby objęte dożywianiem na 1000 mieszkańców,2019,gmina,Ciężkowice,powiat tarnowski,48
175,Osoby objęte dożywianiem na 1000 mieszkańców,2019,gmina,Gromnik,powiat tarnowski,24
175,Osoby objęte dożywianiem na 1000 mieszkańców,2019,gmina,Lisia Góra,powiat tarnowski,25
175,Osoby objęte dożywianiem na 1000 mieszkańców,2019,gmina,Pleśna,powiat tarnowski,12
175,Osoby objęte dożywianiem na 1000 mieszkańców,2019,gmina,Radłów,powiat tarnowski,56
175,Osoby objęte dożywianiem na 1000 mieszkańców,2019,gmina,Ryglice,powiat tarnowski,22
175,Osoby objęte dożywianiem na 1000 mieszkańców,2019,gmina,Rzepiennik Strzyżewski,powiat tarnowski,43
175,Osoby objęte dożywianiem na 1000 mieszkańców,2019,gmina,Skrzyszów,powiat tarnowski,14
175,Osoby objęte dożywianiem na 1000 mieszkańców,2019,gmina,Szerzyny,powiat tarnowski,30
175,Osoby objęte dożywianiem na 1000 mieszkańców,2019,gmina,Tarnów (wieś),powiat tarnowski,29
175,Osoby objęte dożywianiem na 1000 mieszkańców,2019,gmina,Tuchów,powiat tarnowski,17
175,Osoby objęte dożywianiem na 1000 mieszkańców,2019,gmina,Wierzchosławice,powiat tarnowski,26
175,Osoby objęte dożywianiem na 1000 mieszkańców,2019,gmina,Wietrzychowice,powiat tarnowski,42
175,Osoby objęte dożywianiem na 1000 mieszkańców,2019,gmina,Wojnicz,powiat tarnowski,18
175,Osoby objęte dożywianiem na 1000 mieszkańców,2019,gmina,Zakliczyn,powiat tarnowski,48
175,Osoby objęte dożywianiem na 1000 mieszkańców,2019,gmina,Żabno,powiat tarnowski,29
175,Osoby objęte dożywianiem na 1000 mieszkańców,2019,powiat,powiat tatrzański,powiat tatrzański,20
175,Osoby objęte dożywianiem na 1000 mieszkańców,2019,gmina,Biały Dunajec,powiat tatrzański,22
175,Osoby objęte dożywianiem na 1000 mieszkańców,2019,gmina,Bukowina Tatrzańska,powiat tatrzański,21
175,Osoby objęte dożywianiem na 1000 mieszkańców,2019,gmina,Kościelisko,powiat tatrzański,13
175,Osoby objęte dożywianiem na 1000 mieszkańców,2019,gmina,Poronin,powiat tatrzański,24
175,Osoby objęte dożywianiem na 1000 mieszkańców,2019,gmina,Zakopane,powiat tatrzański,19
175,Osoby objęte dożywianiem na 1000 mieszkańców,2019,powiat,powiat wadowicki,powiat wadowicki,14
175,Osoby objęte dożywianiem na 1000 mieszkańców,2019,gmina,Andrychów,powiat wadowicki,13
175,Osoby objęte dożywianiem na 1000 mieszkańców,2019,gmina,Brzeźnica,powiat wadowicki,23
175,Osoby objęte dożywianiem na 1000 mieszkańców,2019,gmina,Kalwaria Zebrzydowska,powiat wadowicki,7
175,Osoby objęte dożywianiem na 1000 mieszkańców,2019,gmina,Lanckorona,powiat wadowicki,17
175,Osoby objęte dożywianiem na 1000 mieszkańców,2019,gmina,Mucharz,powiat wadowicki,26
175,Osoby objęte dożywianiem na 1000 mieszkańców,2019,gmina,Spytkowice,powiat wadowicki,8
175,Osoby objęte dożywianiem na 1000 mieszkańców,2019,gmina,Stryszów,powiat wadowicki,24
175,Osoby objęte dożywianiem na 1000 mieszkańców,2019,gmina,Tomice,powiat wadowicki,28
175,Osoby objęte dożywianiem na 1000 mieszkańców,2019,gmina,Wadowice,powiat wadowicki,7
175,Osoby objęte dożywianiem na 1000 mieszkańców,2019,gmina,Wieprz,powiat wadowicki,25
175,Osoby objęte dożywianiem na 1000 mieszkańców,2019,powiat,powiat wielicki,powiat wielicki,16
175,Osoby objęte dożywianiem na 1000 mieszkańców,2019,gmina,Biskupice,powiat wielicki,16
175,Osoby objęte dożywianiem na 1000 mieszkańców,2019,gmina,Gdów,powiat wielicki,13
175,Osoby objęte dożywianiem na 1000 mieszkańców,2019,gmina,Kłaj,powiat wielicki,20
175,Osoby objęte dożywianiem na 1000 mieszkańców,2019,gmina,Niepołomice,powiat wielicki,9
175,Osoby objęte dożywianiem na 1000 mieszkańców,2019,gmina,Wieliczka,powiat wielicki,19
175,Osoby objęte dożywianiem na 1000 mieszkańców,2018,powiat,powiat bocheński,powiat bocheński,29
175,Osoby objęte dożywianiem na 1000 mieszkańców,2018,gmina,Bochnia (miasto),powiat bocheński,28
175,Osoby objęte dożywianiem na 1000 mieszkańców,2018,gmina,Bochnia (wieś),powiat bocheński,39
175,Osoby objęte dożywianiem na 1000 mieszkańców,2018,gmina,Drwinia,powiat bocheński,32
175,Osoby objęte dożywianiem na 1000 mieszkańców,2018,gmina,Lipnica Murowana,powiat bocheński,29
175,Osoby objęte dożywianiem na 1000 mieszkańców,2018,gmina,Łapanów,powiat bocheński,30
175,Osoby objęte dożywianiem na 1000 mieszkańców,2018,gmina,Nowy Wiśnicz,powiat bocheński,10
175,Osoby objęte dożywianiem na 1000 mieszkańców,2018,gmina,Rzezawa,powiat bocheński,37
175,Osoby objęte dożywianiem na 1000 mieszkańców,2018,gmina,Trzciana,powiat bocheński,32
175,Osoby objęte dożywianiem na 1000 mieszkańców,2018,gmina,Żegocina,powiat bocheński,27
175,Osoby objęte dożywianiem na 1000 mieszkańców,2018,powiat,powiat brzeski,powiat brzeski,16
175,Osoby objęte dożywianiem na 1000 mieszkańców,2018,gmina,Borzęcin,powiat brzeski,22
175,Osoby objęte dożywianiem na 1000 mieszkańców,2018,gmina,Brzesko,powiat brzeski,11
175,Osoby objęte dożywianiem na 1000 mieszkańców,2018,gmina,Czchów,powiat brzeski,22
175,Osoby objęte dożywianiem na 1000 mieszkańców,2018,gmina,Dębno,powiat brzeski,11
175,Osoby objęte dożywianiem na 1000 mieszkańców,2018,gmina,Gnojnik,powiat brzeski,28
175,Osoby objęte dożywianiem na 1000 mieszkańców,2018,gmina,Iwkowa,powiat brzeski,26
175,Osoby objęte dożywianiem na 1000 mieszkańców,2018,gmina,Szczurowa,powiat brzeski,14
175,Osoby objęte dożywianiem na 1000 mieszkańców,2018,powiat,powiat chrzanowski,powiat chrzanowski,26
175,Osoby objęte dożywianiem na 1000 mieszkańców,2018,gmina,Alwernia,powiat chrzanowski,25
175,Osoby objęte dożywianiem na 1000 mieszkańców,2018,gmina,Babice,powiat chrzanowski,26
175,Osoby objęte dożywianiem na 1000 mieszkańców,2018,gmina,Chrzanów,powiat chrzanowski,35
175,Osoby objęte dożywianiem na 1000 mieszkańców,2018,gmina,Libiąż,powiat chrzanowski,20
175,Osoby objęte dożywianiem na 1000 mieszkańców,2018,gmina,Trzebinia,powiat chrzanowski,18
175,Osoby objęte dożywianiem na 1000 mieszkańców,2018,powiat,powiat dąbrowski,powiat dąbrowski,48
175,Osoby objęte dożywianiem na 1000 mieszkańców,2018,gmina,Bolesław,powiat dąbrowski,42
175,Osoby objęte dożywianiem na 1000 mieszkańców,2018,gmina,Dąbrowa Tarnowska,powiat dąbrowski,63
175,Osoby objęte dożywianiem na 1000 mieszkańców,2018,gmina,Gręboszów,powiat dąbrowski,37
175,Osoby objęte dożywianiem na 1000 mieszkańców,2018,gmina,Mędrzechów,powiat dąbrowski,35
175,Osoby objęte dożywianiem na 1000 mieszkańców,2018,gmina,Olesno,powiat dąbrowski,31
175,Osoby objęte dożywianiem na 1000 mieszkańców,2018,gmina,Radgoszcz,powiat dąbrowski,38
175,Osoby objęte dożywianiem na 1000 mieszkańców,2018,gmina,Szczucin,powiat dąbrowski,45
175,Osoby objęte dożywianiem na 1000 mieszkańców,2018,powiat,powiat gorlicki,powiat gorlicki,34
175,Osoby objęte dożywianiem na 1000 mieszkańców,2018,gmina,Biecz,powiat gorlicki,35
175,Osoby objęte dożywianiem na 1000 mieszkańców,2018,gmina,Bobowa,powiat gorlicki,65
175,Osoby objęte dożywianiem na 1000 mieszkańców,2018,gmina,Gorlice (miasto),powiat gorlicki,25
175,Osoby objęte dożywianiem na 1000 mieszkańców,2018,gmina,Gorlice (wieś),powiat gorlicki,18
175,Osoby objęte dożywianiem na 1000 mieszkańców,2018,gmina,Lipinki,powiat gorlicki,37
175,Osoby objęte dożywianiem na 1000 mieszkańców,2018,gmina,Łużna,powiat gorlicki,24
175,Osoby objęte dożywianiem na 1000 mieszkańców,2018,gmina,Moszczenica,powiat gorlicki,31
175,Osoby objęte dożywianiem na 1000 mieszkańców,2018,gmina,Ropa,powiat gorlicki,22
175,Osoby objęte dożywianiem na 1000 mieszkańców,2018,gmina,Sękowa,powiat gorlicki,84
175,Osoby objęte dożywianiem na 1000 mieszkańców,2018,gmina,Uście Gorlickie,powiat gorlicki,45
175,Osoby objęte dożywianiem na 1000 mieszkańców,2018,powiat,powiat krakowski,powiat krakowski,13
175,Osoby objęte dożywianiem na 1000 mieszkańców,2018,gmina,Czernichów,powiat krakowski,12
175,Osoby objęte dożywianiem na 1000 mieszkańców,2018,gmina,Igołomia-Wawrzeńczyce,powiat krakowski,18
175,Osoby objęte dożywianiem na 1000 mieszkańców,2018,gmina,Iwanowice,powiat krakowski,6
175,Osoby objęte dożywianiem na 1000 mieszkańców,2018,gmina,Jerzmanowice-Przeginia,powiat krakowski,11
175,Osoby objęte dożywianiem na 1000 mieszkańców,2018,gmina,Kocmyrzów-Luborzyca,powiat krakowski,8
175,Osoby objęte dożywianiem na 1000 mieszkańców,2018,gmina,Krzeszowice,powiat krakowski,7
175,Osoby objęte dożywianiem na 1000 mieszkańców,2018,gmina,Liszki,powiat krakowski,5
175,Osoby objęte dożywianiem na 1000 mieszkańców,2018,gmina,Michałowice,powiat krakowski,21
175,Osoby objęte dożywianiem na 1000 mieszkańców,2018,gmina,Mogilany,powiat krakowski,26
175,Osoby objęte dożywianiem na 1000 mieszkańców,2018,gmina,Skała,powiat krakowski,15
175,Osoby objęte dożywianiem na 1000 mieszkańców,2018,gmina,Skawina,powiat krakowski,11
175,Osoby objęte dożywianiem na 1000 mieszkańców,2018,gmina,Słomniki,powiat krakowski,23
175,Osoby objęte dożywianiem na 1000 mieszkańców,2018,gmina,Sułoszowa,powiat krakowski,19
175,Osoby objęte dożywianiem na 1000 mieszkańców,2018,gmina,Świątniki Górne,powiat krakowski,22
175,Osoby objęte dożywianiem na 1000 mieszkańców,2018,gmina,Wielka Wieś,powiat krakowski,26
175,Osoby objęte dożywianiem na 1000 mieszkańców,2018,gmina,Zabierzów,powiat krakowski,12
175,Osoby objęte dożywianiem na 1000 mieszkańców,2018,gmina,Zielonki,powiat krakowski,6
175,Osoby objęte dożywianiem na 1000 mieszkańców,2018,powiat,powiat limanowski,powiat limanowski,43
175,Osoby objęte dożywianiem na 1000 mieszkańców,2018,gmina,Dobra,powiat limanowski,58
175,Osoby objęte dożywianiem na 1000 mieszkańców,2018,gmina,Jodłownik,powiat limanowski,37
175,Osoby objęte dożywianiem na 1000 mieszkańców,2018,gmina,Kamienica,powiat limanowski,78
175,Osoby objęte dożywianiem na 1000 mieszkańców,2018,gmina,Laskowa,powiat limanowski,52
175,Osoby objęte dożywianiem na 1000 mieszkańców,2018,gmina,Limanowa (miasto),powiat limanowski,62
175,Osoby objęte dożywianiem na 1000 mieszkańców,2018,gmina,Limanowa (wieś),powiat limanowski,24
175,Osoby objęte dożywianiem na 1000 mieszkańców,2018,gmina,Łukowica,powiat limanowski,56
175,Osoby objęte dożywianiem na 1000 mieszkańców,2018,gmina,Mszana Dolna (miasto),powiat limanowski,44
175,Osoby objęte dożywianiem na 1000 mieszkańców,2018,gmina,Mszana Dolna (wieś),powiat limanowski,10
175,Osoby objęte dożywianiem na 1000 mieszkańców,2018,gmina,Niedźwiedź,powiat limanowski,81
175,Osoby objęte dożywianiem na 1000 mieszkańców,2018,gmina,Słopnice,powiat limanowski,47
175,Osoby objęte dożywianiem na 1000 mieszkańców,2018,gmina,Tymbark,powiat limanowski,31
175,Osoby objęte dożywianiem na 1000 mieszkańców,2018,powiat,powiat m. Kraków,powiat m. Kraków,19
175,Osoby objęte dożywianiem na 1000 mieszkańców,2018,powiat,powiat m. Nowy Sącz,powiat m. Nowy Sącz,16
175,Osoby objęte dożywianiem na 1000 mieszkańców,2018,powiat,powiat m. Tarnów,powiat m. Tarnów,35
175,Osoby objęte dożywianiem na 1000 mieszkańców,2018,powiat,powiat miechowski,powiat miechowski,22
175,Osoby objęte dożywianiem na 1000 mieszkańców,2018,gmina,Charsznica,powiat miechowski,20
175,Osoby objęte dożywianiem na 1000 mieszkańców,2018,gmina,Gołcza,powiat miechowski,23
175,Osoby objęte dożywianiem na 1000 mieszkańców,2018,gmina,Kozłów,powiat miechowski,21
175,Osoby objęte dożywianiem na 1000 mieszkańców,2018,gmina,Książ Wielki,powiat miechowski,21
175,Osoby objęte dożywianiem na 1000 mieszkańców,2018,gmina,Miechów,powiat miechowski,24
175,Osoby objęte dożywianiem na 1000 mieszkańców,2018,gmina,Racławice,powiat miechowski,23
175,Osoby objęte dożywianiem na 1000 mieszkańców,2018,gmina,Słaboszów,powiat miechowski,19
175,Osoby objęte dożywianiem na 1000 mieszkańców,2018,powiat,powiat myślenicki,powiat myślenicki,19
175,Osoby objęte dożywianiem na 1000 mieszkańców,2018,gmina,Dobczyce,powiat myślenicki,20
175,Osoby objęte dożywianiem na 1000 mieszkańców,2018,gmina,Lubień,powiat myślenicki,19
175,Osoby objęte dożywianiem na 1000 mieszkańców,2018,gmina,Myślenice,powiat myślenicki,10
175,Osoby objęte dożywianiem na 1000 mieszkańców,2018,gmina,Pcim,powiat myślenicki,23
175,Osoby objęte dożywianiem na 1000 mieszkańców,2018,gmina,Raciechowice,powiat myślenicki,51
175,Osoby objęte dożywianiem na 1000 mieszkańców,2018,gmina,Siepraw,powiat myślenicki,24
175,Osoby objęte dożywianiem na 1000 mieszkańców,2018,gmina,Sułkowice,powiat myślenicki,16
175,Osoby objęte dożywianiem na 1000 mieszkańców,2018,gmina,Tokarnia,powiat myślenicki,15
175,Osoby objęte dożywianiem na 1000 mieszkańców,2018,gmina,Wiśniowa,powiat myślenicki,38
175,Osoby objęte dożywianiem na 1000 mieszkańców,2018,powiat,powiat nowosądecki,powiat nowosądecki,45
175,Osoby objęte dożywianiem na 1000 mieszkańców,2018,gmina,Podegrodzie,powiat nowosądecki,45
175,Osoby objęte dożywianiem na 1000 mieszkańców,2018,gmina,Rytro,powiat nowosądecki,38
175,Osoby objęte dożywianiem na 1000 mieszkańców,2018,gmina,Stary Sącz,powiat nowosądecki,36
175,Osoby objęte dożywianiem na 1000 mieszkańców,2018,gmina,Chełmiec,powiat nowosądecki,45
175,Osoby objęte dożywianiem na 1000 mieszkańców,2018,gmina,Gródek nad Dunajcem,powiat nowosądecki,58
175,Osoby objęte dożywianiem na 1000 mieszkańców,2018,gmina,Grybów (miasto),powiat nowosądecki,201
175,Osoby objęte dożywianiem na 1000 mieszkańców,2018,gmina,Grybów (wieś),powiat nowosądecki,12
175,Osoby objęte dożywianiem na 1000 mieszkańców,2018,gmina,Kamionka Wielka,powiat nowosądecki,50
175,Osoby objęte dożywianiem na 1000 mieszkańców,2018,gmina,Korzenna,powiat nowosądecki,100
175,Osoby objęte dożywianiem na 1000 mieszkańców,2018,gmina,Krynica-Zdrój,powiat nowosądecki,19
175,Osoby objęte dożywianiem na 1000 mieszkańców,2018,gmina,Łabowa,powiat nowosądecki,42
175,Osoby objęte dożywianiem na 1000 mieszkańców,2018,gmina,Łącko,powiat nowosądecki,41
175,Osoby objęte dożywianiem na 1000 mieszkańców,2018,gmina,Łososina Dolna,powiat nowosądecki,28
175,Osoby objęte dożywianiem na 1000 mieszkańców,2018,gmina,Muszyna,powiat nowosądecki,21
175,Osoby objęte dożywianiem na 1000 mieszkańców,2018,gmina,Nawojowa,powiat nowosądecki,49
175,Osoby objęte dożywianiem na 1000 mieszkańców,2018,gmina,Piwniczna-Zdrój,powiat nowosądecki,47
175,Osoby objęte dożywianiem na 1000 mieszkańców,2018,powiat,powiat nowotarski,powiat nowotarski,20
175,Osoby objęte dożywianiem na 1000 mieszkańców,2018,gmina,Czarny Dunajec,powiat nowotarski,16
175,Osoby objęte dożywianiem na 1000 mieszkańców,2018,gmina,Czorsztyn,powiat nowotarski,8
175,Osoby objęte dożywianiem na 1000 mieszkańców,2018,gmina,Jabłonka,powiat nowotarski,22
175,Osoby objęte dożywianiem na 1000 mieszkańców,2018,gmina,Krościenko nad Dunajcem,powiat nowotarski,24
175,Osoby objęte dożywianiem na 1000 mieszkańców,2018,gmina,Lipnica Wielka,powiat nowotarski,32
175,Osoby objęte dożywianiem na 1000 mieszkańców,2018,gmina,Łapsze Niżne,powiat nowotarski,14
175,Osoby objęte dożywianiem na 1000 mieszkańców,2018,gmina,Nowy Targ (miasto),powiat nowotarski,14
175,Osoby objęte dożywianiem na 1000 mieszkańców,2018,gmina,Nowy Targ (wieś),powiat nowotarski,32
175,Osoby objęte dożywianiem na 1000 mieszkańców,2018,gmina,Ochotnica Dolna,powiat nowotarski,37
175,Osoby objęte dożywianiem na 1000 mieszkańców,2018,gmina,Raba Wyżna,powiat nowotarski,16
175,Osoby objęte dożywianiem na 1000 mieszkańców,2018,gmina,Rabka-Zdrój,powiat nowotarski,13
175,Osoby objęte dożywianiem na 1000 mieszkańców,2018,gmina,Spytkowice,powiat nowotarski,8
175,Osoby objęte dożywianiem na 1000 mieszkańców,2018,gmina,Szaflary,powiat nowotarski,21
175,Osoby objęte dożywianiem na 1000 mieszkańców,2018,gmina,Szczawnica,powiat nowotarski,22
175,Osoby objęte dożywianiem na 1000 mieszkańców,2018,powiat,powiat olkuski,powiat olkuski,15
175,Osoby objęte dożywianiem na 1000 mieszkańców,2018,gmina,Bolesław,powiat olkuski,19
175,Osoby objęte dożywianiem na 1000 mieszkańców,2018,gmina,Bukowno,powiat olkuski,29
175,Osoby objęte dożywianiem na 1000 mieszkańców,2018,gmina,Klucze,powiat olkuski,17
175,Osoby objęte dożywianiem na 1000 mieszkańców,2018,gmina,Olkusz,powiat olkuski,16
175,Osoby objęte dożywianiem na 1000 mieszkańców,2018,gmina,Trzyciąż,powiat olkuski,4
175,Osoby objęte dożywianiem na 1000 mieszkańców,2018,gmina,Wolbrom,powiat olkuski,9
175,Osoby objęte dożywianiem na 1000 mieszkańców,2018,powiat,powiat oświęcimski,powiat oświęcimski,15
175,Osoby objęte dożywianiem na 1000 mieszkańców,2018,gmina,Brzeszcze,powiat oświęcimski,7
175,Osoby objęte dożywianiem na 1000 mieszkańców,2018,gmina,Chełmek,powiat oświęcimski,8
175,Osoby objęte dożywianiem na 1000 mieszkańców,2018,gmina,Kęty,powiat oświęcimski,6
175,Osoby objęte dożywianiem na 1000 mieszkańców,2018,gmina,Osiek,powiat oświęcimski,7
175,Osoby objęte dożywianiem na 1000 mieszkańców,2018,gmina,Oświęcim (miasto),powiat oświęcimski,4
175,Osoby objęte dożywianiem na 1000 mieszkańców,2018,gmina,Oświęcim (wieś),powiat oświęcimski,69
175,Osoby objęte dożywianiem na 1000 mieszkańców,2018,gmina,Polanka Wielka,powiat oświęcimski,17
175,Osoby objęte dożywianiem na 1000 mieszkańców,2018,gmina,Przeciszów,powiat oświęcimski,17
175,Osoby objęte dożywianiem na 1000 mieszkańców,2018,gmina,Zator,powiat oświęcimski,15
175,Osoby objęte dożywianiem na 1000 mieszkańców,2018,powiat,powiat proszowicki,powiat proszowicki,24
175,Osoby objęte dożywianiem na 1000 mieszkańców,2018,gmina,Koniusza,powiat proszowicki,13
175,Osoby objęte dożywianiem na 1000 mieszkańców,2018,gmina,Koszyce,powiat proszowicki,37
175,Osoby objęte dożywianiem na 1000 mieszkańców,2018,gmina,Nowe Brzesko,powiat proszowicki,20
175,Osoby objęte dożywianiem na 1000 mieszkańców,2018,gmina,Pałecznica,powiat proszowicki,24
175,Osoby objęte dożywianiem na 1000 mieszkańców,2018,gmina,Proszowice,powiat proszowicki,30
175,Osoby objęte dożywianiem na 1000 mieszkańców,2018,gmina,Radziemice,powiat proszowicki,7
175,Osoby objęte dożywianiem na 1000 mieszkańców,2018,powiat,powiat suski,powiat suski,30
175,Osoby objęte dożywianiem na 1000 mieszkańców,2018,gmina,Budzów,powiat suski,13
175,Osoby objęte dożywianiem na 1000 mieszkańców,2018,gmina,Bystra-Sidzina,powiat suski,35
175,Osoby objęte dożywianiem na 1000 mieszkańców,2018,gmina,Jordanów (miasto),powiat suski,80
175,Osoby objęte dożywianiem na 1000 mieszkańców,2018,gmina,Jordanów (wieś),powiat suski,18
175,Osoby objęte dożywianiem na 1000 mieszkańców,2018,gmina,Maków Podhalański,powiat suski,29
175,Osoby objęte dożywianiem na 1000 mieszkańców,2018,gmina,Stryszawa,powiat suski,26
175,Osoby objęte dożywianiem na 1000 mieszkańców,2018,gmina,Sucha Beskidzka,powiat suski,30
175,Osoby objęte dożywianiem na 1000 mieszkańców,2018,gmina,Zawoja,powiat suski,35
175,Osoby objęte dożywianiem na 1000 mieszkańców,2018,gmina,Zembrzyce,powiat suski,26
175,Osoby objęte dożywianiem na 1000 mieszkańców,2018,powiat,powiat tarnowski,powiat tarnowski,29
175,Osoby objęte dożywianiem na 1000 mieszkańców,2018,gmina,Ciężkowice,powiat tarnowski,43
175,Osoby objęte dożywianiem na 1000 mieszkańców,2018,gmina,Gromnik,powiat tarnowski,25
175,Osoby objęte dożywianiem na 1000 mieszkańców,2018,gmina,Lisia Góra,powiat tarnowski,31
175,Osoby objęte dożywianiem na 1000 mieszkańców,2018,gmina,Pleśna,powiat tarnowski,14
175,Osoby objęte dożywianiem na 1000 mieszkańców,2018,gmina,Radłów,powiat tarnowski,40
175,Osoby objęte dożywianiem na 1000 mieszkańców,2018,gmina,Ryglice,powiat tarnowski,24
175,Osoby objęte dożywianiem na 1000 mieszkańców,2018,gmina,Rzepiennik Strzyżewski,powiat tarnowski,47
175,Osoby objęte dożywianiem na 1000 mieszkańców,2018,gmina,Skrzyszów,powiat tarnowski,18
175,Osoby objęte dożywianiem na 1000 mieszkańców,2018,gmina,Szerzyny,powiat tarnowski,31
175,Osoby objęte dożywianiem na 1000 mieszkańców,2018,gmina,Tarnów (wieś),powiat tarnowski,30
175,Osoby objęte dożywianiem na 1000 mieszkańców,2018,gmina,Tuchów,powiat tarnowski,9
175,Osoby objęte dożywianiem na 1000 mieszkańców,2018,gmina,Wierzchosławice,powiat tarnowski,26
175,Osoby objęte dożywianiem na 1000 mieszkańców,2018,gmina,Wietrzychowice,powiat tarnowski,42
175,Osoby objęte dożywianiem na 1000 mieszkańców,2018,gmina,Wojnicz,powiat tarnowski,24
175,Osoby objęte dożywianiem na 1000 mieszkańców,2018,gmina,Zakliczyn,powiat tarnowski,49
175,Osoby objęte dożywianiem na 1000 mieszkańców,2018,gmina,Żabno,powiat tarnowski,33
175,Osoby objęte dożywianiem na 1000 mieszkańców,2018,powiat,powiat tatrzański,powiat tatrzański,20
175,Osoby objęte dożywianiem na 1000 mieszkańców,2018,gmina,Biały Dunajec,powiat tatrzański,23
175,Osoby objęte dożywianiem na 1000 mieszkańców,2018,gmina,Bukowina Tatrzańska,powiat tatrzański,23
175,Osoby objęte dożywianiem na 1000 mieszkańców,2018,gmina,Kościelisko,powiat tatrzański,16
175,Osoby objęte dożywianiem na 1000 mieszkańców,2018,gmina,Poronin,powiat tatrzański,23
175,Osoby objęte dożywianiem na 1000 mieszkańców,2018,gmina,Zakopane,powiat tatrzański,18
175,Osoby objęte dożywianiem na 1000 mieszkańców,2018,powiat,powiat wadowicki,powiat wadowicki,15
175,Osoby objęte dożywianiem na 1000 mieszkańców,2018,gmina,Andrychów,powiat wadowicki,13
175,Osoby objęte dożywianiem na 1000 mieszkańców,2018,gmina,Brzeźnica,powiat wadowicki,26
175,Osoby objęte dożywianiem na 1000 mieszkańców,2018,gmina,Kalwaria Zebrzydowska,powiat wadowicki,9
175,Osoby objęte dożywianiem na 1000 mieszkańców,2018,gmina,Lanckorona,powiat wadowicki,18
175,Osoby objęte dożywianiem na 1000 mieszkańców,2018,gmina,Mucharz,powiat wadowicki,27
175,Osoby objęte dożywianiem na 1000 mieszkańców,2018,gmina,Spytkowice,powiat wadowicki,9
175,Osoby objęte dożywianiem na 1000 mieszkańców,2018,gmina,Stryszów,powiat wadowicki,30
175,Osoby objęte dożywianiem na 1000 mieszkańców,2018,gmina,Tomice,powiat wadowicki,28
175,Osoby objęte dożywianiem na 1000 mieszkańców,2018,gmina,Wadowice,powiat wadowicki,7
175,Osoby objęte dożywianiem na 1000 mieszkańców,2018,gmina,Wieprz,powiat wadowicki,24
175,Osoby objęte dożywianiem na 1000 mieszkańców,2018,powiat,powiat wielicki,powiat wielicki,16
175,Osoby objęte dożywianiem na 1000 mieszkańców,2018,gmina,Biskupice,powiat wielicki,18
175,Osoby objęte dożywianiem na 1000 mieszkańców,2018,gmina,Gdów,powiat wielicki,12
175,Osoby objęte dożywianiem na 1000 mieszkańców,2018,gmina,Kłaj,powiat wielicki,22
175,Osoby objęte dożywianiem na 1000 mieszkańców,2018,gmina,Niepołomice,powiat wielicki,11
175,Osoby objęte dożywianiem na 1000 mieszkańców,2018,gmina,Wieliczka,powiat wielicki,19
175,Osoby objęte dożywianiem na 1000 mieszkańców,2017,powiat,powiat bocheński,powiat bocheński,30
175,Osoby objęte dożywianiem na 1000 mieszkańców,2017,gmina,Bochnia (miasto),powiat bocheński,25
175,Osoby objęte dożywianiem na 1000 mieszkańców,2017,gmina,Bochnia (wieś),powiat bocheński,45
175,Osoby objęte dożywianiem na 1000 mieszkańców,2017,gmina,Drwinia,powiat bocheński,32
175,Osoby objęte dożywianiem na 1000 mieszkańców,2017,gmina,Lipnica Murowana,powiat bocheński,29
175,Osoby objęte dożywianiem na 1000 mieszkańców,2017,gmina,Łapanów,powiat bocheński,36
175,Osoby objęte dożywianiem na 1000 mieszkańców,2017,gmina,Nowy Wiśnicz,powiat bocheński,11
175,Osoby objęte dożywianiem na 1000 mieszkańców,2017,gmina,Rzezawa,powiat bocheński,37
175,Osoby objęte dożywianiem na 1000 mieszkańców,2017,gmina,Trzciana,powiat bocheński,37
175,Osoby objęte dożywianiem na 1000 mieszkańców,2017,gmina,Żegocina,powiat bocheński,28
175,Osoby objęte dożywianiem na 1000 mieszkańców,2017,powiat,powiat brzeski,powiat brzeski,19
175,Osoby objęte dożywianiem na 1000 mieszkańców,2017,gmina,Borzęcin,powiat brzeski,27
175,Osoby objęte dożywianiem na 1000 mieszkańców,2017,gmina,Brzesko,powiat brzeski,12
175,Osoby objęte dożywianiem na 1000 mieszkańców,2017,gmina,Czchów,powiat brzeski,24
175,Osoby objęte dożywianiem na 1000 mieszkańców,2017,gmina,Dębno,powiat brzeski,17
175,Osoby objęte dożywianiem na 1000 mieszkańców,2017,gmina,Gnojnik,powiat brzeski,30
175,Osoby objęte dożywianiem na 1000 mieszkańców,2017,gmina,Iwkowa,powiat brzeski,31
175,Osoby objęte dożywianiem na 1000 mieszkańców,2017,gmina,Szczurowa,powiat brzeski,16
175,Osoby objęte dożywianiem na 1000 mieszkańców,2017,powiat,powiat chrzanowski,powiat chrzanowski,23
175,Osoby objęte dożywianiem na 1000 mieszkańców,2017,gmina,Alwernia,powiat chrzanowski,25
175,Osoby objęte dożywianiem na 1000 mieszkańców,2017,gmina,Babice,powiat chrzanowski,28
175,Osoby objęte dożywianiem na 1000 mieszkańców,2017,gmina,Chrzanów,powiat chrzanowski,30
175,Osoby objęte dożywianiem na 1000 mieszkańców,2017,gmina,Libiąż,powiat chrzanowski,15
175,Osoby objęte dożywianiem na 1000 mieszkańców,2017,gmina,Trzebinia,powiat chrzanowski,17
175,Osoby objęte dożywianiem na 1000 mieszkańców,2017,powiat,powiat dąbrowski,powiat dąbrowski,53
175,Osoby objęte dożywianiem na 1000 mieszkańców,2017,gmina,Bolesław,powiat dąbrowski,45
175,Osoby objęte dożywianiem na 1000 mieszkańców,2017,gmina,Dąbrowa Tarnowska,powiat dąbrowski,69
175,Osoby objęte dożywianiem na 1000 mieszkańców,2017,gmina,Gręboszów,powiat dąbrowski,40
175,Osoby objęte dożywianiem na 1000 mieszkańców,2017,gmina,Mędrzechów,powiat dąbrowski,41
175,Osoby objęte dożywianiem na 1000 mieszkańców,2017,gmina,Olesno,powiat dąbrowski,28
175,Osoby objęte dożywianiem na 1000 mieszkańców,2017,gmina,Radgoszcz,powiat dąbrowski,46
175,Osoby objęte dożywianiem na 1000 mieszkańców,2017,gmina,Szczucin,powiat dąbrowski,52
175,Osoby objęte dożywianiem na 1000 mieszkańców,2017,powiat,powiat gorlicki,powiat gorlicki,38
175,Osoby objęte dożywianiem na 1000 mieszkańców,2017,gmina,Biecz,powiat gorlicki,42
175,Osoby objęte dożywianiem na 1000 mieszkańców,2017,gmina,Bobowa,powiat gorlicki,69
175,Osoby objęte dożywianiem na 1000 mieszkańców,2017,gmina,Gorlice (miasto),powiat gorlicki,13
175,Osoby objęte dożywianiem na 1000 mieszkańców,2017,gmina,Gorlice (wieś),powiat gorlicki,48
175,Osoby objęte dożywianiem na 1000 mieszkańców,2017,gmina,Lipinki,powiat gorlicki,61
175,Osoby objęte dożywianiem na 1000 mieszkańców,2017,gmina,Łużna,powiat gorlicki,25
175,Osoby objęte dożywianiem na 1000 mieszkańców,2017,gmina,Moszczenica,powiat gorlicki,33
175,Osoby objęte dożywianiem na 1000 mieszkańców,2017,gmina,Ropa,powiat gorlicki,16
175,Osoby objęte dożywianiem na 1000 mieszkańców,2017,gmina,Sękowa,powiat gorlicki,86
175,Osoby objęte dożywianiem na 1000 mieszkańców,2017,gmina,Uście Gorlickie,powiat gorlicki,42
175,Osoby objęte dożywianiem na 1000 mieszkańców,2017,powiat,powiat krakowski,powiat krakowski,13
175,Osoby objęte dożywianiem na 1000 mieszkańców,2017,gmina,Czernichów,powiat krakowski,17
175,Osoby objęte dożywianiem na 1000 mieszkańców,2017,gmina,Igołomia-Wawrzeńczyce,powiat krakowski,22
175,Osoby objęte dożywianiem na 1000 mieszkańców,2017,gmina,Iwanowice,powiat krakowski,6
175,Osoby objęte dożywianiem na 1000 mieszkańców,2017,gmina,Jerzmanowice-Przeginia,powiat krakowski,12
175,Osoby objęte dożywianiem na 1000 mieszkańców,2017,gmina,Kocmyrzów-Luborzyca,powiat krakowski,8
175,Osoby objęte dożywianiem na 1000 mieszkańców,2017,gmina,Krzeszowice,powiat krakowski,9
175,Osoby objęte dożywianiem na 1000 mieszkańców,2017,gmina,Liszki,powiat krakowski,6
175,Osoby objęte dożywianiem na 1000 mieszkańców,2017,gmina,Michałowice,powiat krakowski,18
175,Osoby objęte dożywianiem na 1000 mieszkańców,2017,gmina,Mogilany,powiat krakowski,26
175,Osoby objęte dożywianiem na 1000 mieszkańców,2017,gmina,Skała,powiat krakowski,15
175,Osoby objęte dożywianiem na 1000 mieszkańców,2017,gmina,Skawina,powiat krakowski,9
175,Osoby objęte dożywianiem na 1000 mieszkańców,2017,gmina,Słomniki,powiat krakowski,28
175,Osoby objęte dożywianiem na 1000 mieszkańców,2017,gmina,Sułoszowa,powiat krakowski,14
175,Osoby objęte dożywianiem na 1000 mieszkańców,2017,gmina,Świątniki Górne,powiat krakowski,25
175,Osoby objęte dożywianiem na 1000 mieszkańców,2017,gmina,Wielka Wieś,powiat krakowski,20
175,Osoby objęte dożywianiem na 1000 mieszkańców,2017,gmina,Zabierzów,powiat krakowski,11
175,Osoby objęte dożywianiem na 1000 mieszkańców,2017,gmina,Zielonki,powiat krakowski,7
175,Osoby objęte dożywianiem na 1000 mieszkańców,2017,powiat,powiat limanowski,powiat limanowski,44
175,Osoby objęte dożywianiem na 1000 mieszkańców,2017,gmina,Dobra,powiat limanowski,59
175,Osoby objęte dożywianiem na 1000 mieszkańców,2017,gmina,Jodłownik,powiat limanowski,41
175,Osoby objęte dożywianiem na 1000 mieszkańców,2017,gmina,Kamienica,powiat limanowski,79
175,Osoby objęte dożywianiem na 1000 mieszkańców,2017,gmina,Laskowa,powiat limanowski,57
175,Osoby objęte dożywianiem na 1000 mieszkańców,2017,gmina,Limanowa (miasto),powiat limanowski,43
175,Osoby objęte dożywianiem na 1000 mieszkańców,2017,gmina,Limanowa (wieś),powiat limanowski,35
175,Osoby objęte dożywianiem na 1000 mieszkańców,2017,gmina,Łukowica,powiat limanowski,56
175,Osoby objęte dożywianiem na 1000 mieszkańców,2017,gmina,Mszana Dolna (miasto),powiat limanowski,24
175,Osoby objęte dożywianiem na 1000 mieszkańców,2017,gmina,Mszana Dolna (wieś),powiat limanowski,19
175,Osoby objęte dożywianiem na 1000 mieszkańców,2017,gmina,Niedźwiedź,powiat limanowski,74
175,Osoby objęte dożywianiem na 1000 mieszkańców,2017,gmina,Słopnice,powiat limanowski,51
175,Osoby objęte dożywianiem na 1000 mieszkańców,2017,gmina,Tymbark,powiat limanowski,33
175,Osoby objęte dożywianiem na 1000 mieszkańców,2017,powiat,powiat m. Kraków,powiat m. Kraków,21
175,Osoby objęte dożywianiem na 1000 mieszkańców,2017,powiat,powiat m. Nowy Sącz,powiat m. Nowy Sącz,18
175,Osoby objęte dożywianiem na 1000 mieszkańców,2017,powiat,powiat m. Tarnów,powiat m. Tarnów,38
175,Osoby objęte dożywianiem na 1000 mieszkańców,2017,powiat,powiat miechowski,powiat miechowski,24
175,Osoby objęte dożywianiem na 1000 mieszkańców,2017,gmina,Charsznica,powiat miechowski,21
175,Osoby objęte dożywianiem na 1000 mieszkańców,2017,gmina,Gołcza,powiat miechowski,21
175,Osoby objęte dożywianiem na 1000 mieszkańców,2017,gmina,Kozłów,powiat miechowski,22
175,Osoby objęte dożywianiem na 1000 mieszkańców,2017,gmina,Książ Wielki,powiat miechowski,22
175,Osoby objęte dożywianiem na 1000 mieszkańców,2017,gmina,Miechów,powiat miechowski,28
175,Osoby objęte dożywianiem na 1000 mieszkańców,2017,gmina,Racławice,powiat miechowski,20
175,Osoby objęte dożywianiem na 1000 mieszkańców,2017,gmina,Słaboszów,powiat miechowski,24
175,Osoby objęte dożywianiem na 1000 mieszkańców,2017,powiat,powiat myślenicki,powiat myślenicki,22
175,Osoby objęte dożywianiem na 1000 mieszkańców,2017,gmina,Dobczyce,powiat myślenicki,24
175,Osoby objęte dożywianiem na 1000 mieszkańców,2017,gmina,Lubień,powiat myślenicki,18
175,Osoby objęte dożywianiem na 1000 mieszkańców,2017,gmina,Myślenice,powiat myślenicki,10
175,Osoby objęte dożywianiem na 1000 mieszkańców,2017,gmina,Pcim,powiat myślenicki,26
175,Osoby objęte dożywianiem na 1000 mieszkańców,2017,gmina,Raciechowice,powiat myślenicki,68
175,Osoby objęte dożywianiem na 1000 mieszkańców,2017,gmina,Siepraw,powiat myślenicki,23
175,Osoby objęte dożywianiem na 1000 mieszkańców,2017,gmina,Sułkowice,powiat myślenicki,18
175,Osoby objęte dożywianiem na 1000 mieszkańców,2017,gmina,Tokarnia,powiat myślenicki,17
175,Osoby objęte dożywianiem na 1000 mieszkańców,2017,gmina,Wiśniowa,powiat myślenicki,58
175,Osoby objęte dożywianiem na 1000 mieszkańców,2017,powiat,powiat nowosądecki,powiat nowosądecki,48
175,Osoby objęte dożywianiem na 1000 mieszkańców,2017,gmina,Podegrodzie,powiat nowosądecki,50
175,Osoby objęte dożywianiem na 1000 mieszkańców,2017,gmina,Rytro,powiat nowosądecki,43
175,Osoby objęte dożywianiem na 1000 mieszkańców,2017,gmina,Stary Sącz,powiat nowosądecki,34
175,Osoby objęte dożywianiem na 1000 mieszkańców,2017,gmina,Chełmiec,powiat nowosądecki,52
175,Osoby objęte dożywianiem na 1000 mieszkańców,2017,gmina,Gródek nad Dunajcem,powiat nowosądecki,65
175,Osoby objęte dożywianiem na 1000 mieszkańców,2017,gmina,Grybów (miasto),powiat nowosądecki,60
175,Osoby objęte dożywianiem na 1000 mieszkańców,2017,gmina,Grybów (wieś),powiat nowosądecki,53
175,Osoby objęte dożywianiem na 1000 mieszkańców,2017,gmina,Kamionka Wielka,powiat nowosądecki,50
175,Osoby objęte dożywianiem na 1000 mieszkańców,2017,gmina,Korzenna,powiat nowosądecki,112
175,Osoby objęte dożywianiem na 1000 mieszkańców,2017,gmina,Krynica-Zdrój,powiat nowosądecki,21
175,Osoby objęte dożywianiem na 1000 mieszkańców,2017,gmina,Łabowa,powiat nowosądecki,20
175,Osoby objęte dożywianiem na 1000 mieszkańców,2017,gmina,Łącko,powiat nowosądecki,43
175,Osoby objęte dożywianiem na 1000 mieszkańców,2017,gmina,Łososina Dolna,powiat nowosądecki,26
175,Osoby objęte dożywianiem na 1000 mieszkańców,2017,gmina,Muszyna,powiat nowosądecki,23
175,Osoby objęte dożywianiem na 1000 mieszkańców,2017,gmina,Nawojowa,powiat nowosądecki,55
175,Osoby objęte dożywianiem na 1000 mieszkańców,2017,gmina,Piwniczna-Zdrój,powiat nowosądecki,55
175,Osoby objęte dożywianiem na 1000 mieszkańców,2017,powiat,powiat nowotarski,powiat nowotarski,19
175,Osoby objęte dożywianiem na 1000 mieszkańców,2017,gmina,Czarny Dunajec,powiat nowotarski,15
175,Osoby objęte dożywianiem na 1000 mieszkańców,2017,gmina,Czorsztyn,powiat nowotarski,8
175,Osoby objęte dożywianiem na 1000 mieszkańców,2017,gmina,Jabłonka,powiat nowotarski,24
175,Osoby objęte dożywianiem na 1000 mieszkańców,2017,gmina,Krościenko nad Dunajcem,powiat nowotarski,23
175,Osoby objęte dożywianiem na 1000 mieszkańców,2017,gmina,Lipnica Wielka,powiat nowotarski,27
175,Osoby objęte dożywianiem na 1000 mieszkańców,2017,gmina,Łapsze Niżne,powiat nowotarski,14
175,Osoby objęte dożywianiem na 1000 mieszkańców,2017,gmina,Nowy Targ (miasto),powiat nowotarski,16
175,Osoby objęte dożywianiem na 1000 mieszkańców,2017,gmina,Nowy Targ (wieś),powiat nowotarski,21
175,Osoby objęte dożywianiem na 1000 mieszkańców,2017,gmina,Ochotnica Dolna,powiat nowotarski,44
175,Osoby objęte dożywianiem na 1000 mieszkańców,2017,gmina,Raba Wyżna,powiat nowotarski,17
175,Osoby objęte dożywianiem na 1000 mieszkańców,2017,gmina,Rabka-Zdrój,powiat nowotarski,13
175,Osoby objęte dożywianiem na 1000 mieszkańców,2017,gmina,Spytkowice,powiat nowotarski,8
175,Osoby objęte dożywianiem na 1000 mieszkańców,2017,gmina,Szaflary,powiat nowotarski,21
175,Osoby objęte dożywianiem na 1000 mieszkańców,2017,gmina,Szczawnica,powiat nowotarski,21
175,Osoby objęte dożywianiem na 1000 mieszkańców,2017,powiat,powiat olkuski,powiat olkuski,17
175,Osoby objęte dożywianiem na 1000 mieszkańców,2017,gmina,Bolesław,powiat olkuski,22
175,Osoby objęte dożywianiem na 1000 mieszkańców,2017,gmina,Bukowno,powiat olkuski,33
175,Osoby objęte dożywianiem na 1000 mieszkańców,2017,gmina,Klucze,powiat olkuski,20
175,Osoby objęte dożywianiem na 1000 mieszkańców,2017,gmina,Olkusz,powiat olkuski,17
175,Osoby objęte dożywianiem na 1000 mieszkańców,2017,gmina,Trzyciąż,powiat olkuski,6
175,Osoby objęte dożywianiem na 1000 mieszkańców,2017,gmina,Wolbrom,powiat olkuski,10
175,Osoby objęte dożywianiem na 1000 mieszkańców,2017,powiat,powiat oświęcimski,powiat oświęcimski,15
175,Osoby objęte dożywianiem na 1000 mieszkańców,2017,gmina,Brzeszcze,powiat oświęcimski,8
175,Osoby objęte dożywianiem na 1000 mieszkańców,2017,gmina,Chełmek,powiat oświęcimski,4
175,Osoby objęte dożywianiem na 1000 mieszkańców,2017,gmina,Kęty,powiat oświęcimski,6
175,Osoby objęte dożywianiem na 1000 mieszkańców,2017,gmina,Osiek,powiat oświęcimski,10
175,Osoby objęte dożywianiem na 1000 mieszkańców,2017,gmina,Oświęcim (miasto),powiat oświęcimski,35
175,Osoby objęte dożywianiem na 1000 mieszkańców,2017,gmina,Oświęcim (wieś),powiat oświęcimski,8
175,Osoby objęte dożywianiem na 1000 mieszkańców,2017,gmina,Polanka Wielka,powiat oświęcimski,24
175,Osoby objęte dożywianiem na 1000 mieszkańców,2017,gmina,Przeciszów,powiat oświęcimski,18
175,Osoby objęte dożywianiem na 1000 mieszkańców,2017,gmina,Zator,powiat oświęcimski,16
175,Osoby objęte dożywianiem na 1000 mieszkańców,2017,powiat,powiat proszowicki,powiat proszowicki,25
175,Osoby objęte dożywianiem na 1000 mieszkańców,2017,gmina,Koniusza,powiat proszowicki,12
175,Osoby objęte dożywianiem na 1000 mieszkańców,2017,gmina,Koszyce,powiat proszowicki,38
175,Osoby objęte dożywianiem na 1000 mieszkańców,2017,gmina,Nowe Brzesko,powiat proszowicki,23
175,Osoby objęte dożywianiem na 1000 mieszkańców,2017,gmina,Pałecznica,powiat proszowicki,31
175,Osoby objęte dożywianiem na 1000 mieszkańców,2017,gmina,Proszowice,powiat proszowicki,31
175,Osoby objęte dożywianiem na 1000 mieszkańców,2017,gmina,Radziemice,powiat proszowicki,8
175,Osoby objęte dożywianiem na 1000 mieszkańców,2017,powiat,powiat suski,powiat suski,30
175,Osoby objęte dożywianiem na 1000 mieszkańców,2017,gmina,Budzów,powiat suski,18
175,Osoby objęte dożywianiem na 1000 mieszkańców,2017,gmina,Bystra-Sidzina,powiat suski,40
175,Osoby objęte dożywianiem na 1000 mieszkańców,2017,gmina,Jordanów (miasto),powiat suski,34
175,Osoby objęte dożywianiem na 1000 mieszkańców,2017,gmina,Jordanów (wieś),powiat suski,36
175,Osoby objęte dożywianiem na 1000 mieszkańców,2017,gmina,Maków Podhalański,powiat suski,25
175,Osoby objęte dożywianiem na 1000 mieszkańców,2017,gmina,Stryszawa,powiat suski,31
175,Osoby objęte dożywianiem na 1000 mieszkańców,2017,gmina,Sucha Beskidzka,powiat suski,32
175,Osoby objęte dożywianiem na 1000 mieszkańców,2017,gmina,Zawoja,powiat suski,33
175,Osoby objęte dożywianiem na 1000 mieszkańców,2017,gmina,Zembrzyce,powiat suski,22
175,Osoby objęte dożywianiem na 1000 mieszkańców,2017,powiat,powiat tarnowski,powiat tarnowski,30
175,Osoby objęte dożywianiem na 1000 mieszkańców,2017,gmina,Ciężkowice,powiat tarnowski,48
175,Osoby objęte dożywianiem na 1000 mieszkańców,2017,gmina,Gromnik,powiat tarnowski,26
175,Osoby objęte dożywianiem na 1000 mieszkańców,2017,gmina,Lisia Góra,powiat tarnowski,33
175,Osoby objęte dożywianiem na 1000 mieszkańców,2017,gmina,Pleśna,powiat tarnowski,15
175,Osoby objęte dożywianiem na 1000 mieszkańców,2017,gmina,Radłów,powiat tarnowski,40
175,Osoby objęte dożywianiem na 1000 mieszkańców,2017,gmina,Ryglice,powiat tarnowski,26
175,Osoby objęte dożywianiem na 1000 mieszkańców,2017,gmina,Rzepiennik Strzyżewski,powiat tarnowski,41
175,Osoby objęte dożywianiem na 1000 mieszkańców,2017,gmina,Skrzyszów,powiat tarnowski,18
175,Osoby objęte dożywianiem na 1000 mieszkańców,2017,gmina,Szerzyny,powiat tarnowski,33
175,Osoby objęte dożywianiem na 1000 mieszkańców,2017,gmina,Tarnów (wieś),powiat tarnowski,36
175,Osoby objęte dożywianiem na 1000 mieszkańców,2017,gmina,Tuchów,powiat tarnowski,11
175,Osoby objęte dożywianiem na 1000 mieszkańców,2017,gmina,Wierzchosławice,powiat tarnowski,30
175,Osoby objęte dożywianiem na 1000 mieszkańców,2017,gmina,Wietrzychowice,powiat tarnowski,44
175,Osoby objęte dożywianiem na 1000 mieszkańców,2017,gmina,Wojnicz,powiat tarnowski,20
175,Osoby objęte dożywianiem na 1000 mieszkańców,2017,gmina,Zakliczyn,powiat tarnowski,54
175,Osoby objęte dożywianiem na 1000 mieszkańców,2017,gmina,Żabno,powiat tarnowski,33
175,Osoby objęte dożywianiem na 1000 mieszkańców,2017,powiat,powiat tatrzański,powiat tatrzański,21
175,Osoby objęte dożywianiem na 1000 mieszkańców,2017,gmina,Biały Dunajec,powiat tatrzański,23
175,Osoby objęte dożywianiem na 1000 mieszkańców,2017,gmina,Bukowina Tatrzańska,powiat tatrzański,22
175,Osoby objęte dożywianiem na 1000 mieszkańców,2017,gmina,Kościelisko,powiat tatrzański,15
175,Osoby objęte dożywianiem na 1000 mieszkańców,2017,gmina,Poronin,powiat tatrzański,29
175,Osoby objęte dożywianiem na 1000 mieszkańców,2017,gmina,Zakopane,powiat tatrzański,18
175,Osoby objęte dożywianiem na 1000 mieszkańców,2017,powiat,powiat wadowicki,powiat wadowicki,15
175,Osoby objęte dożywianiem na 1000 mieszkańców,2017,gmina,Andrychów,powiat wadowicki,11
175,Osoby objęte dożywianiem na 1000 mieszkańców,2017,gmina,Brzeźnica,powiat wadowicki,31
175,Osoby objęte dożywianiem na 1000 mieszkańców,2017,gmina,Kalwaria Zebrzydowska,powiat wadowicki,9
175,Osoby objęte dożywianiem na 1000 mieszkańców,2017,gmina,Lanckorona,powiat wadowicki,24
175,Osoby objęte dożywianiem na 1000 mieszkańców,2017,gmina,Mucharz,powiat wadowicki,35
175,Osoby objęte dożywianiem na 1000 mieszkańców,2017,gmina,Spytkowice,powiat wadowicki,12
175,Osoby objęte dożywianiem na 1000 mieszkańców,2017,gmina,Stryszów,powiat wadowicki,27
175,Osoby objęte dożywianiem na 1000 mieszkańców,2017,gmina,Tomice,powiat wadowicki,27
175,Osoby objęte dożywianiem na 1000 mieszkańców,2017,gmina,Wadowice,powiat wadowicki,8
175,Osoby objęte dożywianiem na 1000 mieszkańców,2017,gmina,Wieprz,powiat wadowicki,26
175,Osoby objęte dożywianiem na 1000 mieszkańców,2017,powiat,powiat wielicki,powiat wielicki,18
175,Osoby objęte dożywianiem na 1000 mieszkańców,2017,gmina,Biskupice,powiat wielicki,18
175,Osoby objęte dożywianiem na 1000 mieszkańców,2017,gmina,Gdów,powiat wielicki,11
175,Osoby objęte dożywianiem na 1000 mieszkańców,2017,gmina,Kłaj,powiat wielicki,24
175,Osoby objęte dożywianiem na 1000 mieszkańców,2017,gmina,Niepołomice,powiat wielicki,13
175,Osoby objęte dożywianiem na 1000 mieszkańców,2017,gmina,Wieliczka,powiat wielicki,21
175,Osoby objęte dożywianiem na 1000 mieszkańców,2016,powiat,powiat bocheński,powiat bocheński,31
175,Osoby objęte dożywianiem na 1000 mieszkańców,2016,gmina,Bochnia (miasto),powiat bocheński,26
175,Osoby objęte dożywianiem na 1000 mieszkańców,2016,gmina,Bochnia (wieś),powiat bocheński,54
175,Osoby objęte dożywianiem na 1000 mieszkańców,2016,gmina,Drwinia,powiat bocheński,32
175,Osoby objęte dożywianiem na 1000 mieszkańców,2016,gmina,Lipnica Murowana,powiat bocheński,31
175,Osoby objęte dożywianiem na 1000 mieszkańców,2016,gmina,Łapanów,powiat bocheński,27
175,Osoby objęte dożywianiem na 1000 mieszkańców,2016,gmina,Nowy Wiśnicz,powiat bocheński,11
175,Osoby objęte dożywianiem na 1000 mieszkańców,2016,gmina,Rzezawa,powiat bocheński,25
175,Osoby objęte dożywianiem na 1000 mieszkańców,2016,gmina,Trzciana,powiat bocheński,42
175,Osoby objęte dożywianiem na 1000 mieszkańców,2016,gmina,Żegocina,powiat bocheński,26
175,Osoby objęte dożywianiem na 1000 mieszkańców,2016,powiat,powiat brzeski,powiat brzeski,23
175,Osoby objęte dożywianiem na 1000 mieszkańców,2016,gmina,Borzęcin,powiat brzeski,29
175,Osoby objęte dożywianiem na 1000 mieszkańców,2016,gmina,Brzesko,powiat brzeski,15
175,Osoby objęte dożywianiem na 1000 mieszkańców,2016,gmina,Czchów,powiat brzeski,28
175,Osoby objęte dożywianiem na 1000 mieszkańców,2016,gmina,Dębno,powiat brzeski,20
175,Osoby objęte dożywianiem na 1000 mieszkańców,2016,gmina,Gnojnik,powiat brzeski,31
175,Osoby objęte dożywianiem na 1000 mieszkańców,2016,gmina,Iwkowa,powiat brzeski,39
175,Osoby objęte dożywianiem na 1000 mieszkańców,2016,gmina,Szczurowa,powiat brzeski,27
175,Osoby objęte dożywianiem na 1000 mieszkańców,2016,powiat,powiat chrzanowski,powiat chrzanowski,22
175,Osoby objęte dożywianiem na 1000 mieszkańców,2016,gmina,Alwernia,powiat chrzanowski,17
175,Osoby objęte dożywianiem na 1000 mieszkańców,2016,gmina,Babice,powiat chrzanowski,31
175,Osoby objęte dożywianiem na 1000 mieszkańców,2016,gmina,Chrzanów,powiat chrzanowski,26
175,Osoby objęte dożywianiem na 1000 mieszkańców,2016,gmina,Libiąż,powiat chrzanowski,17
175,Osoby objęte dożywianiem na 1000 mieszkańców,2016,gmina,Trzebinia,powiat chrzanowski,18
175,Osoby objęte dożywianiem na 1000 mieszkańców,2016,powiat,powiat dąbrowski,powiat dąbrowski,51
175,Osoby objęte dożywianiem na 1000 mieszkańców,2016,gmina,Bolesław,powiat dąbrowski,44
175,Osoby objęte dożywianiem na 1000 mieszkańców,2016,gmina,Dąbrowa Tarnowska,powiat dąbrowski,64
175,Osoby objęte dożywianiem na 1000 mieszkańców,2016,gmina,Gręboszów,powiat dąbrowski,39
175,Osoby objęte dożywianiem na 1000 mieszkańców,2016,gmina,Mędrzechów,powiat dąbrowski,43
175,Osoby objęte dożywianiem na 1000 mieszkańców,2016,gmina,Olesno,powiat dąbrowski,21
175,Osoby objęte dożywianiem na 1000 mieszkańców,2016,gmina,Radgoszcz,powiat dąbrowski,53
175,Osoby objęte dożywianiem na 1000 mieszkańców,2016,gmina,Szczucin,powiat dąbrowski,55
175,Osoby objęte dożywianiem na 1000 mieszkańców,2016,powiat,powiat gorlicki,powiat gorlicki,41
175,Osoby objęte dożywianiem na 1000 mieszkańców,2016,gmina,Biecz,powiat gorlicki,41
175,Osoby objęte dożywianiem na 1000 mieszkańców,2016,gmina,Bobowa,powiat gorlicki,75
175,Osoby objęte dożywianiem na 1000 mieszkańców,2016,gmina,Gorlice (miasto),powiat gorlicki,19
175,Osoby objęte dożywianiem na 1000 mieszkańców,2016,gmina,Gorlice (wieś),powiat gorlicki,49
175,Osoby objęte dożywianiem na 1000 mieszkańców,2016,gmina,Lipinki,powiat gorlicki,49
175,Osoby objęte dożywianiem na 1000 mieszkańców,2016,gmina,Łużna,powiat gorlicki,35
175,Osoby objęte dożywianiem na 1000 mieszkańców,2016,gmina,Moszczenica,powiat gorlicki,33
175,Osoby objęte dożywianiem na 1000 mieszkańców,2016,gmina,Ropa,powiat gorlicki,14
175,Osoby objęte dożywianiem na 1000 mieszkańców,2016,gmina,Sękowa,powiat gorlicki,88
175,Osoby objęte dożywianiem na 1000 mieszkańców,2016,gmina,Uście Gorlickie,powiat gorlicki,56
175,Osoby objęte dożywianiem na 1000 mieszkańców,2016,powiat,powiat krakowski,powiat krakowski,15
175,Osoby objęte dożywianiem na 1000 mieszkańców,2016,gmina,Czernichów,powiat krakowski,20
175,Osoby objęte dożywianiem na 1000 mieszkańców,2016,gmina,Igołomia-Wawrzeńczyce,powiat krakowski,22
175,Osoby objęte dożywianiem na 1000 mieszkańców,2016,gmina,Iwanowice,powiat krakowski,7
175,Osoby objęte dożywianiem na 1000 mieszkańców,2016,gmina,Jerzmanowice-Przeginia,powiat krakowski,15
175,Osoby objęte dożywianiem na 1000 mieszkańców,2016,gmina,Kocmyrzów-Luborzyca,powiat krakowski,10
175,Osoby objęte dożywianiem na 1000 mieszkańców,2016,gmina,Krzeszowice,powiat krakowski,11
175,Osoby objęte dożywianiem na 1000 mieszkańców,2016,gmina,Liszki,powiat krakowski,7
175,Osoby objęte dożywianiem na 1000 mieszkańców,2016,gmina,Michałowice,powiat krakowski,17
175,Osoby objęte dożywianiem na 1000 mieszkańców,2016,gmina,Mogilany,powiat krakowski,30
175,Osoby objęte dożywianiem na 1000 mieszkańców,2016,gmina,Skała,powiat krakowski,15
175,Osoby objęte dożywianiem na 1000 mieszkańców,2016,gmina,Skawina,powiat krakowski,11
175,Osoby objęte dożywianiem na 1000 mieszkańców,2016,gmina,Słomniki,powiat krakowski,37
175,Osoby objęte dożywianiem na 1000 mieszkańców,2016,gmina,Sułoszowa,powiat krakowski,14
175,Osoby objęte dożywianiem na 1000 mieszkańców,2016,gmina,Świątniki Górne,powiat krakowski,27
175,Osoby objęte dożywianiem na 1000 mieszkańców,2016,gmina,Wielka Wieś,powiat krakowski,20
175,Osoby objęte dożywianiem na 1000 mieszkańców,2016,gmina,Zabierzów,powiat krakowski,11
175,Osoby objęte dożywianiem na 1000 mieszkańców,2016,gmina,Zielonki,powiat krakowski,7
175,Osoby objęte dożywianiem na 1000 mieszkańców,2016,powiat,powiat limanowski,powiat limanowski,51
175,Osoby objęte dożywianiem na 1000 mieszkańców,2016,gmina,Dobra,powiat limanowski,62
175,Osoby objęte dożywianiem na 1000 mieszkańców,2016,gmina,Jodłownik,powiat limanowski,49
175,Osoby objęte dożywianiem na 1000 mieszkańców,2016,gmina,Kamienica,powiat limanowski,83
175,Osoby objęte dożywianiem na 1000 mieszkańców,2016,gmina,Laskowa,powiat limanowski,65
175,Osoby objęte dożywianiem na 1000 mieszkańców,2016,gmina,Limanowa (miasto),powiat limanowski,44
175,Osoby objęte dożywianiem na 1000 mieszkańców,2016,gmina,Limanowa (wieś),powiat limanowski,42
175,Osoby objęte dożywianiem na 1000 mieszkańców,2016,gmina,Łukowica,powiat limanowski,77
175,Osoby objęte dożywianiem na 1000 mieszkańców,2016,gmina,Mszana Dolna (miasto),powiat limanowski,24
175,Osoby objęte dożywianiem na 1000 mieszkańców,2016,gmina,Mszana Dolna (wieś),powiat limanowski,31
175,Osoby objęte dożywianiem na 1000 mieszkańców,2016,gmina,Niedźwiedź,powiat limanowski,83
175,Osoby objęte dożywianiem na 1000 mieszkańców,2016,gmina,Słopnice,powiat limanowski,59
175,Osoby objęte dożywianiem na 1000 mieszkańców,2016,gmina,Tymbark,powiat limanowski,34
175,Osoby objęte dożywianiem na 1000 mieszkańców,2016,powiat,powiat m. Kraków,powiat m. Kraków,24
175,Osoby objęte dożywianiem na 1000 mieszkańców,2016,powiat,powiat m. Nowy Sącz,powiat m. Nowy Sącz,20
175,Osoby objęte dożywianiem na 1000 mieszkańców,2016,powiat,powiat m. Tarnów,powiat m. Tarnów,40
175,Osoby objęte dożywianiem na 1000 mieszkańców,2016,powiat,powiat miechowski,powiat miechowski,28
175,Osoby objęte dożywianiem na 1000 mieszkańców,2016,gmina,Charsznica,powiat miechowski,26
175,Osoby objęte dożywianiem na 1000 mieszkańców,2016,gmina,Gołcza,powiat miechowski,21
175,Osoby objęte dożywianiem na 1000 mieszkańców,2016,gmina,Kozłów,powiat miechowski,31
175,Osoby objęte dożywianiem na 1000 mieszkańców,2016,gmina,Książ Wielki,powiat miechowski,26
175,Osoby objęte dożywianiem na 1000 mieszkańców,2016,gmina,Miechów,powiat miechowski,32
175,Osoby objęte dożywianiem na 1000 mieszkańców,2016,gmina,Racławice,powiat miechowski,19
175,Osoby objęte dożywianiem na 1000 mieszkańców,2016,gmina,Słaboszów,powiat miechowski,35
175,Osoby objęte dożywianiem na 1000 mieszkańców,2016,powiat,powiat myślenicki,powiat myślenicki,26
175,Osoby objęte dożywianiem na 1000 mieszkańców,2016,gmina,Dobczyce,powiat myślenicki,30
175,Osoby objęte dożywianiem na 1000 mieszkańców,2016,gmina,Lubień,powiat myślenicki,19
175,Osoby objęte dożywianiem na 1000 mieszkańców,2016,gmina,Myślenice,powiat myślenicki,14
175,Osoby objęte dożywianiem na 1000 mieszkańców,2016,gmina,Pcim,powiat myślenicki,29
175,Osoby objęte dożywianiem na 1000 mieszkańców,2016,gmina,Raciechowice,powiat myślenicki,70
175,Osoby objęte dożywianiem na 1000 mieszkańców,2016,gmina,Siepraw,powiat myślenicki,25
175,Osoby objęte dożywianiem na 1000 mieszkańców,2016,gmina,Sułkowice,powiat myślenicki,21
175,Osoby objęte dożywianiem na 1000 mieszkańców,2016,gmina,Tokarnia,powiat myślenicki,21
175,Osoby objęte dożywianiem na 1000 mieszkańców,2016,gmina,Wiśniowa,powiat myślenicki,73
175,Osoby objęte dożywianiem na 1000 mieszkańców,2016,powiat,powiat nowosądecki,powiat nowosądecki,52
175,Osoby objęte dożywianiem na 1000 mieszkańców,2016,gmina,Podegrodzie,powiat nowosądecki,51
175,Osoby objęte dożywianiem na 1000 mieszkańców,2016,gmina,Rytro,powiat nowosądecki,44
175,Osoby objęte dożywianiem na 1000 mieszkańców,2016,gmina,Stary Sącz,powiat nowosądecki,32
175,Osoby objęte dożywianiem na 1000 mieszkańców,2016,gmina,Chełmiec,powiat nowosądecki,62
175,Osoby objęte dożywianiem na 1000 mieszkańców,2016,gmina,Gródek nad Dunajcem,powiat nowosądecki,60
175,Osoby objęte dożywianiem na 1000 mieszkańców,2016,gmina,Grybów (miasto),powiat nowosądecki,56
175,Osoby objęte dożywianiem na 1000 mieszkańców,2016,gmina,Grybów (wieś),powiat nowosądecki,65
175,Osoby objęte dożywianiem na 1000 mieszkańców,2016,gmina,Kamionka Wielka,powiat nowosądecki,46
175,Osoby objęte dożywianiem na 1000 mieszkańców,2016,gmina,Korzenna,powiat nowosądecki,125
175,Osoby objęte dożywianiem na 1000 mieszkańców,2016,gmina,Krynica-Zdrój,powiat nowosądecki,22
175,Osoby objęte dożywianiem na 1000 mieszkańców,2016,gmina,Łabowa,powiat nowosądecki,26
175,Osoby objęte dożywianiem na 1000 mieszkańców,2016,gmina,Łącko,powiat nowosądecki,39
175,Osoby objęte dożywianiem na 1000 mieszkańców,2016,gmina,Łososina Dolna,powiat nowosądecki,33
175,Osoby objęte dożywianiem na 1000 mieszkańców,2016,gmina,Muszyna,powiat nowosądecki,24
175,Osoby objęte dożywianiem na 1000 mieszkańców,2016,gmina,Nawojowa,powiat nowosądecki,55
175,Osoby objęte dożywianiem na 1000 mieszkańców,2016,gmina,Piwniczna-Zdrój,powiat nowosądecki,60
175,Osoby objęte dożywianiem na 1000 mieszkańców,2016,powiat,powiat nowotarski,powiat nowotarski,21
175,Osoby objęte dożywianiem na 1000 mieszkańców,2016,gmina,Czarny Dunajec,powiat nowotarski,24
175,Osoby objęte dożywianiem na 1000 mieszkańców,2016,gmina,Czorsztyn,powiat nowotarski,8
175,Osoby objęte dożywianiem na 1000 mieszkańców,2016,gmina,Jabłonka,powiat nowotarski,23
175,Osoby objęte dożywianiem na 1000 mieszkańców,2016,gmina,Krościenko nad Dunajcem,powiat nowotarski,26
175,Osoby objęte dożywianiem na 1000 mieszkańców,2016,gmina,Lipnica Wielka,powiat nowotarski,30
175,Osoby objęte dożywianiem na 1000 mieszkańców,2016,gmina,Łapsze Niżne,powiat nowotarski,14
175,Osoby objęte dożywianiem na 1000 mieszkańców,2016,gmina,Nowy Targ (miasto),powiat nowotarski,18
175,Osoby objęte dożywianiem na 1000 mieszkańców,2016,gmina,Nowy Targ (wieś),powiat nowotarski,22
175,Osoby objęte dożywianiem na 1000 mieszkańców,2016,gmina,Ochotnica Dolna,powiat nowotarski,42
175,Osoby objęte dożywianiem na 1000 mieszkańców,2016,gmina,Raba Wyżna,powiat nowotarski,24
175,Osoby objęte dożywianiem na 1000 mieszkańców,2016,gmina,Rabka-Zdrój,powiat nowotarski,14
175,Osoby objęte dożywianiem na 1000 mieszkańców,2016,gmina,Spytkowice,powiat nowotarski,12
175,Osoby objęte dożywianiem na 1000 mieszkańców,2016,gmina,Szaflary,powiat nowotarski,25
175,Osoby objęte dożywianiem na 1000 mieszkańców,2016,gmina,Szczawnica,powiat nowotarski,23
175,Osoby objęte dożywianiem na 1000 mieszkańców,2016,powiat,powiat olkuski,powiat olkuski,20
175,Osoby objęte dożywianiem na 1000 mieszkańców,2016,gmina,Bolesław,powiat olkuski,24
175,Osoby objęte dożywianiem na 1000 mieszkańców,2016,gmina,Bukowno,powiat olkuski,36
175,Osoby objęte dożywianiem na 1000 mieszkańców,2016,gmina,Klucze,powiat olkuski,38
175,Osoby objęte dożywianiem na 1000 mieszkańców,2016,gmina,Olkusz,powiat olkuski,20
175,Osoby objęte dożywianiem na 1000 mieszkańców,2016,gmina,Trzyciąż,powiat olkuski,11
175,Osoby objęte dożywianiem na 1000 mieszkańców,2016,gmina,Wolbrom,powiat olkuski,12
175,Osoby objęte dożywianiem na 1000 mieszkańców,2016,powiat,powiat oświęcimski,powiat oświęcimski,17
175,Osoby objęte dożywianiem na 1000 mieszkańców,2016,gmina,Brzeszcze,powiat oświęcimski,10
175,Osoby objęte dożywianiem na 1000 mieszkańców,2016,gmina,Chełmek,powiat oświęcimski,5
175,Osoby objęte dożywianiem na 1000 mieszkańców,2016,gmina,Kęty,powiat oświęcimski,7
175,Osoby objęte dożywianiem na 1000 mieszkańców,2016,gmina,Osiek,powiat oświęcimski,9
175,Osoby objęte dożywianiem na 1000 mieszkańców,2016,gmina,Oświęcim (miasto),powiat oświęcimski,40
175,Osoby objęte dożywianiem na 1000 mieszkańców,2016,gmina,Oświęcim (wieś),powiat oświęcimski,9
175,Osoby objęte dożywianiem na 1000 mieszkańców,2016,gmina,Polanka Wielka,powiat oświęcimski,21
175,Osoby objęte dożywianiem na 1000 mieszkańców,2016,gmina,Przeciszów,powiat oświęcimski,15
175,Osoby objęte dożywianiem na 1000 mieszkańców,2016,gmina,Zator,powiat oświęcimski,12
175,Osoby objęte dożywianiem na 1000 mieszkańców,2016,powiat,powiat proszowicki,powiat proszowicki,25
175,Osoby objęte dożywianiem na 1000 mieszkańców,2016,gmina,Koniusza,powiat proszowicki,15
175,Osoby objęte dożywianiem na 1000 mieszkańców,2016,gmina,Koszyce,powiat proszowicki,33
175,Osoby objęte dożywianiem na 1000 mieszkańców,2016,gmina,Nowe Brzesko,powiat proszowicki,23
175,Osoby objęte dożywianiem na 1000 mieszkańców,2016,gmina,Pałecznica,powiat proszowicki,19
175,Osoby objęte dożywianiem na 1000 mieszkańców,2016,gmina,Proszowice,powiat proszowicki,34
175,Osoby objęte dożywianiem na 1000 mieszkańców,2016,gmina,Radziemice,powiat proszowicki,10
175,Osoby objęte dożywianiem na 1000 mieszkańców,2016,powiat,powiat suski,powiat suski,31
175,Osoby objęte dożywianiem na 1000 mieszkańców,2016,gmina,Budzów,powiat suski,18
175,Osoby objęte dożywianiem na 1000 mieszkańców,2016,gmina,Bystra-Sidzina,powiat suski,43
175,Osoby objęte dożywianiem na 1000 mieszkańców,2016,gmina,Jordanów (miasto),powiat suski,30
175,Osoby objęte dożywianiem na 1000 mieszkańców,2016,gmina,Jordanów (wieś),powiat suski,43
175,Osoby objęte dożywianiem na 1000 mieszkańców,2016,gmina,Maków Podhalański,powiat suski,27
175,Osoby objęte dożywianiem na 1000 mieszkańców,2016,gmina,Stryszawa,powiat suski,26
175,Osoby objęte dożywianiem na 1000 mieszkańców,2016,gmina,Sucha Beskidzka,powiat suski,30
175,Osoby objęte dożywianiem na 1000 mieszkańców,2016,gmina,Zawoja,powiat suski,37
175,Osoby objęte dożywianiem na 1000 mieszkańców,2016,gmina,Zembrzyce,powiat suski,28
175,Osoby objęte dożywianiem na 1000 mieszkańców,2016,powiat,powiat tarnowski,powiat tarnowski,34
175,Osoby objęte dożywianiem na 1000 mieszkańców,2016,gmina,Ciężkowice,powiat tarnowski,65
175,Osoby objęte dożywianiem na 1000 mieszkańców,2016,gmina,Gromnik,powiat tarnowski,28
175,Osoby objęte dożywianiem na 1000 mieszkańców,2016,gmina,Lisia Góra,powiat tarnowski,38
175,Osoby objęte dożywianiem na 1000 mieszkańców,2016,gmina,Pleśna,powiat tarnowski,17
175,Osoby objęte dożywianiem na 1000 mieszkańców,2016,gmina,Radłów,powiat tarnowski,40
175,Osoby objęte dożywianiem na 1000 mieszkańców,2016,gmina,Ryglice,powiat tarnowski,25
175,Osoby objęte dożywianiem na 1000 mieszkańców,2016,gmina,Rzepiennik Strzyżewski,powiat tarnowski,51
175,Osoby objęte dożywianiem na 1000 mieszkańców,2016,gmina,Skrzyszów,powiat tarnowski,23
175,Osoby objęte dożywianiem na 1000 mieszkańców,2016,gmina,Szerzyny,powiat tarnowski,29
175,Osoby objęte dożywianiem na 1000 mieszkańców,2016,gmina,Tarnów (wieś),powiat tarnowski,43
175,Osoby objęte dożywianiem na 1000 mieszkańców,2016,gmina,Tuchów,powiat tarnowski,15
175,Osoby objęte dożywianiem na 1000 mieszkańców,2016,gmina,Wierzchosławice,powiat tarnowski,36
175,Osoby objęte dożywianiem na 1000 mieszkańców,2016,gmina,Wietrzychowice,powiat tarnowski,46
175,Osoby objęte dożywianiem na 1000 mieszkańców,2016,gmina,Wojnicz,powiat tarnowski,30
175,Osoby objęte dożywianiem na 1000 mieszkańców,2016,gmina,Zakliczyn,powiat tarnowski,50
175,Osoby objęte dożywianiem na 1000 mieszkańców,2016,gmina,Żabno,powiat tarnowski,32
175,Osoby objęte dożywianiem na 1000 mieszkańców,2016,powiat,powiat tatrzański,powiat tatrzański,22
175,Osoby objęte dożywianiem na 1000 mieszkańców,2016,gmina,Biały Dunajec,powiat tatrzański,22
175,Osoby objęte dożywianiem na 1000 mieszkańców,2016,gmina,Bukowina Tatrzańska,powiat tatrzański,27
175,Osoby objęte dożywianiem na 1000 mieszkańców,2016,gmina,Kościelisko,powiat tatrzański,17
175,Osoby objęte dożywianiem na 1000 mieszkańców,2016,gmina,Poronin,powiat tatrzański,28
175,Osoby objęte dożywianiem na 1000 mieszkańców,2016,gmina,Zakopane,powiat tatrzański,18
175,Osoby objęte dożywianiem na 1000 mieszkańców,2016,powiat,powiat wadowicki,powiat wadowicki,18
175,Osoby objęte dożywianiem na 1000 mieszkańców,2016,gmina,Andrychów,powiat wadowicki,14
175,Osoby objęte dożywianiem na 1000 mieszkańców,2016,gmina,Brzeźnica,powiat wadowicki,34
175,Osoby objęte dożywianiem na 1000 mieszkańców,2016,gmina,Kalwaria Zebrzydowska,powiat wadowicki,11
175,Osoby objęte dożywianiem na 1000 mieszkańców,2016,gmina,Lanckorona,powiat wadowicki,24
175,Osoby objęte dożywianiem na 1000 mieszkańców,2016,gmina,Mucharz,powiat wadowicki,39
175,Osoby objęte dożywianiem na 1000 mieszkańców,2016,gmina,Spytkowice,powiat wadowicki,14
175,Osoby objęte dożywianiem na 1000 mieszkańców,2016,gmina,Stryszów,powiat wadowicki,26
175,Osoby objęte dożywianiem na 1000 mieszkańców,2016,gmina,Tomice,powiat wadowicki,30
175,Osoby objęte dożywianiem na 1000 mieszkańców,2016,gmina,Wadowice,powiat wadowicki,12
175,Osoby objęte dożywianiem na 1000 mieszkańców,2016,gmina,Wieprz,powiat wadowicki,32
175,Osoby objęte dożywianiem na 1000 mieszkańców,2016,powiat,powiat wielicki,powiat wielicki,21
175,Osoby objęte dożywianiem na 1000 mieszkańców,2016,gmina,Biskupice,powiat wielicki,23
175,Osoby objęte dożywianiem na 1000 mieszkańców,2016,gmina,Gdów,powiat wielicki,13
175,Osoby objęte dożywianiem na 1000 mieszkańców,2016,gmina,Kłaj,powiat wielicki,17
175,Osoby objęte dożywianiem na 1000 mieszkańców,2016,gmina,Niepołomice,powiat wielicki,17
175,Osoby objęte dożywianiem na 1000 mieszkańców,2016,gmina,Wieliczka,powiat wielicki,26
175,Osoby objęte dożywianiem na 1000 mieszkańców,2015,powiat,powiat bocheński,powiat bocheński,31
175,Osoby objęte dożywianiem na 1000 mieszkańców,2015,gmina,Bochnia (miasto),powiat bocheński,28
175,Osoby objęte dożywianiem na 1000 mieszkańców,2015,gmina,Bochnia (wieś),powiat bocheński,45
175,Osoby objęte dożywianiem na 1000 mieszkańców,2015,gmina,Drwinia,powiat bocheński,35
175,Osoby objęte dożywianiem na 1000 mieszkańców,2015,gmina,Lipnica Murowana,powiat bocheński,31
175,Osoby objęte dożywianiem na 1000 mieszkańców,2015,gmina,Łapanów,powiat bocheński,33
175,Osoby objęte dożywianiem na 1000 mieszkańców,2015,gmina,Nowy Wiśnicz,powiat bocheński,13
175,Osoby objęte dożywianiem na 1000 mieszkańców,2015,gmina,Rzezawa,powiat bocheński,23
175,Osoby objęte dożywianiem na 1000 mieszkańców,2015,gmina,Trzciana,powiat bocheński,49
175,Osoby objęte dożywianiem na 1000 mieszkańców,2015,gmina,Żegocina,powiat bocheński,26
175,Osoby objęte dożywianiem na 1000 mieszkańców,2015,powiat,powiat brzeski,powiat brzeski,25
175,Osoby objęte dożywianiem na 1000 mieszkańców,2015,gmina,Borzęcin,powiat brzeski,27
175,Osoby objęte dożywianiem na 1000 mieszkańców,2015,gmina,Brzesko,powiat brzeski,17
175,Osoby objęte dożywianiem na 1000 mieszkańców,2015,gmina,Czchów,powiat brzeski,44
175,Osoby objęte dożywianiem na 1000 mieszkańców,2015,gmina,Dębno,powiat brzeski,13
175,Osoby objęte dożywianiem na 1000 mieszkańców,2015,gmina,Gnojnik,powiat brzeski,35
175,Osoby objęte dożywianiem na 1000 mieszkańców,2015,gmina,Iwkowa,powiat brzeski,46
175,Osoby objęte dożywianiem na 1000 mieszkańców,2015,gmina,Szczurowa,powiat brzeski,29
175,Osoby objęte dożywianiem na 1000 mieszkańców,2015,powiat,powiat chrzanowski,powiat chrzanowski,23
175,Osoby objęte dożywianiem na 1000 mieszkańców,2015,gmina,Alwernia,powiat chrzanowski,18
175,Osoby objęte dożywianiem na 1000 mieszkańców,2015,gmina,Babice,powiat chrzanowski,32
175,Osoby objęte dożywianiem na 1000 mieszkańców,2015,gmina,Chrzanów,powiat chrzanowski,27
175,Osoby objęte dożywianiem na 1000 mieszkańców,2015,gmina,Libiąż,powiat chrzanowski,19
175,Osoby objęte dożywianiem na 1000 mieszkańców,2015,gmina,Trzebinia,powiat chrzanowski,18
175,Osoby objęte dożywianiem na 1000 mieszkańców,2015,powiat,powiat dąbrowski,powiat dąbrowski,54
175,Osoby objęte dożywianiem na 1000 mieszkańców,2015,gmina,Bolesław,powiat dąbrowski,49
175,Osoby objęte dożywianiem na 1000 mieszkańców,2015,gmina,Dąbrowa Tarnowska,powiat dąbrowski,57
175,Osoby objęte dożywianiem na 1000 mieszkańców,2015,gmina,Gręboszów,powiat dąbrowski,37
175,Osoby objęte dożywianiem na 1000 mieszkańców,2015,gmina,Mędrzechów,powiat dąbrowski,46
175,Osoby objęte dożywianiem na 1000 mieszkańców,2015,gmina,Olesno,powiat dąbrowski,21
175,Osoby objęte dożywianiem na 1000 mieszkańców,2015,gmina,Radgoszcz,powiat dąbrowski,71
175,Osoby objęte dożywianiem na 1000 mieszkańców,2015,gmina,Szczucin,powiat dąbrowski,68
175,Osoby objęte dożywianiem na 1000 mieszkańców,2015,powiat,powiat gorlicki,powiat gorlicki,45
175,Osoby objęte dożywianiem na 1000 mieszkańców,2015,gmina,Biecz,powiat gorlicki,49
175,Osoby objęte dożywianiem na 1000 mieszkańców,2015,gmina,Bobowa,powiat gorlicki,88
175,Osoby objęte dożywianiem na 1000 mieszkańców,2015,gmina,Gorlice (miasto),powiat gorlicki,22
175,Osoby objęte dożywianiem na 1000 mieszkańców,2015,gmina,Gorlice (wieś),powiat gorlicki,49
175,Osoby objęte dożywianiem na 1000 mieszkańców,2015,gmina,Lipinki,powiat gorlicki,50
175,Osoby objęte dożywianiem na 1000 mieszkańców,2015,gmina,Łużna,powiat gorlicki,55
175,Osoby objęte dożywianiem na 1000 mieszkańców,2015,gmina,Moszczenica,powiat gorlicki,39
175,Osoby objęte dożywianiem na 1000 mieszkańców,2015,gmina,Ropa,powiat gorlicki,16
175,Osoby objęte dożywianiem na 1000 mieszkańców,2015,gmina,Sękowa,powiat gorlicki,69
175,Osoby objęte dożywianiem na 1000 mieszkańców,2015,gmina,Uście Gorlickie,powiat gorlicki,55
175,Osoby objęte dożywianiem na 1000 mieszkańców,2015,powiat,powiat krakowski,powiat krakowski,17
175,Osoby objęte dożywianiem na 1000 mieszkańców,2015,gmina,Czernichów,powiat krakowski,25
175,Osoby objęte dożywianiem na 1000 mieszkańców,2015,gmina,Igołomia-Wawrzeńczyce,powiat krakowski,28
175,Osoby objęte dożywianiem na 1000 mieszkańców,2015,gmina,Iwanowice,powiat krakowski,7
175,Osoby objęte dożywianiem na 1000 mieszkańców,2015,gmina,Jerzmanowice-Przeginia,powiat krakowski,17
175,Osoby objęte dożywianiem na 1000 mieszkańców,2015,gmina,Kocmyrzów-Luborzyca,powiat krakowski,8
175,Osoby objęte dożywianiem na 1000 mieszkańców,2015,gmina,Krzeszowice,powiat krakowski,14
175,Osoby objęte dożywianiem na 1000 mieszkańców,2015,gmina,Liszki,powiat krakowski,8
175,Osoby objęte dożywianiem na 1000 mieszkańców,2015,gmina,Michałowice,powiat krakowski,26
175,Osoby objęte dożywianiem na 1000 mieszkańców,2015,gmina,Mogilany,powiat krakowski,28
175,Osoby objęte dożywianiem na 1000 mieszkańców,2015,gmina,Skała,powiat krakowski,17
175,Osoby objęte dożywianiem na 1000 mieszkańców,2015,gmina,Skawina,powiat krakowski,12
175,Osoby objęte dożywianiem na 1000 mieszkańców,2015,gmina,Słomniki,powiat krakowski,41
175,Osoby objęte dożywianiem na 1000 mieszkańców,2015,gmina,Sułoszowa,powiat krakowski,12
175,Osoby objęte dożywianiem na 1000 mieszkańców,2015,gmina,Świątniki Górne,powiat krakowski,32
175,Osoby objęte dożywianiem na 1000 mieszkańców,2015,gmina,Wielka Wieś,powiat krakowski,22
175,Osoby objęte dożywianiem na 1000 mieszkańców,2015,gmina,Zabierzów,powiat krakowski,11
175,Osoby objęte dożywianiem na 1000 mieszkańców,2015,gmina,Zielonki,powiat krakowski,10
175,Osoby objęte dożywianiem na 1000 mieszkańców,2015,powiat,powiat limanowski,powiat limanowski,55
175,Osoby objęte dożywianiem na 1000 mieszkańców,2015,gmina,Dobra,powiat limanowski,64
175,Osoby objęte dożywianiem na 1000 mieszkańców,2015,gmina,Jodłownik,powiat limanowski,55
175,Osoby objęte dożywianiem na 1000 mieszkańców,2015,gmina,Kamienica,powiat limanowski,86
175,Osoby objęte dożywianiem na 1000 mieszkańców,2015,gmina,Laskowa,powiat limanowski,60
175,Osoby objęte dożywianiem na 1000 mieszkańców,2015,gmina,Limanowa (miasto),powiat limanowski,46
175,Osoby objęte dożywianiem na 1000 mieszkańców,2015,gmina,Limanowa (wieś),powiat limanowski,48
175,Osoby objęte dożywianiem na 1000 mieszkańców,2015,gmina,Łukowica,powiat limanowski,88
175,Osoby objęte dożywianiem na 1000 mieszkańców,2015,gmina,Mszana Dolna (miasto),powiat limanowski,26
175,Osoby objęte dożywianiem na 1000 mieszkańców,2015,gmina,Mszana Dolna (wieś),powiat limanowski,30
175,Osoby objęte dożywianiem na 1000 mieszkańców,2015,gmina,Niedźwiedź,powiat limanowski,88
175,Osoby objęte dożywianiem na 1000 mieszkańców,2015,gmina,Słopnice,powiat limanowski,66
175,Osoby objęte dożywianiem na 1000 mieszkańców,2015,gmina,Tymbark,powiat limanowski,42
175,Osoby objęte dożywianiem na 1000 mieszkańców,2015,powiat,powiat m. Kraków,powiat m. Kraków,25
175,Osoby objęte dożywianiem na 1000 mieszkańców,2015,powiat,powiat m. Nowy Sącz,powiat m. Nowy Sącz,23
175,Osoby objęte dożywianiem na 1000 mieszkańców,2015,powiat,powiat m. Tarnów,powiat m. Tarnów,45
175,Osoby objęte dożywianiem na 1000 mieszkańców,2015,powiat,powiat miechowski,powiat miechowski,30
175,Osoby objęte dożywianiem na 1000 mieszkańców,2015,gmina,Charsznica,powiat miechowski,33
175,Osoby objęte dożywianiem na 1000 mieszkańców,2015,gmina,Gołcza,powiat miechowski,24
175,Osoby objęte dożywianiem na 1000 mieszkańców,2015,gmina,Kozłów,powiat miechowski,29
175,Osoby objęte dożywianiem na 1000 mieszkańców,2015,gmina,Książ Wielki,powiat miechowski,29
175,Osoby objęte dożywianiem na 1000 mieszkańców,2015,gmina,Miechów,powiat miechowski,30
175,Osoby objęte dożywianiem na 1000 mieszkańców,2015,gmina,Racławice,powiat miechowski,22
175,Osoby objęte dożywianiem na 1000 mieszkańców,2015,gmina,Słaboszów,powiat miechowski,36
175,Osoby objęte dożywianiem na 1000 mieszkańców,2015,powiat,powiat myślenicki,powiat myślenicki,29
175,Osoby objęte dożywianiem na 1000 mieszkańców,2015,gmina,Dobczyce,powiat myślenicki,31
175,Osoby objęte dożywianiem na 1000 mieszkańców,2015,gmina,Lubień,powiat myślenicki,25
175,Osoby objęte dożywianiem na 1000 mieszkańców,2015,gmina,Myślenice,powiat myślenicki,17
175,Osoby objęte dożywianiem na 1000 mieszkańców,2015,gmina,Pcim,powiat myślenicki,31
175,Osoby objęte dożywianiem na 1000 mieszkańców,2015,gmina,Raciechowice,powiat myślenicki,78
175,Osoby objęte dożywianiem na 1000 mieszkańców,2015,gmina,Siepraw,powiat myślenicki,29
175,Osoby objęte dożywianiem na 1000 mieszkańców,2015,gmina,Sułkowice,powiat myślenicki,26
175,Osoby objęte dożywianiem na 1000 mieszkańców,2015,gmina,Tokarnia,powiat myślenicki,24
175,Osoby objęte dożywianiem na 1000 mieszkańców,2015,gmina,Wiśniowa,powiat myślenicki,74
175,Osoby objęte dożywianiem na 1000 mieszkańców,2015,powiat,powiat nowosądecki,powiat nowosądecki,57
175,Osoby objęte dożywianiem na 1000 mieszkańców,2015,gmina,Podegrodzie,powiat nowosądecki,67
175,Osoby objęte dożywianiem na 1000 mieszkańców,2015,gmina,Rytro,powiat nowosądecki,49
175,Osoby objęte dożywianiem na 1000 mieszkańców,2015,gmina,Stary Sącz,powiat nowosądecki,35
175,Osoby objęte dożywianiem na 1000 mieszkańców,2015,gmina,Chełmiec,powiat nowosądecki,69
175,Osoby objęte dożywianiem na 1000 mieszkańców,2015,gmina,Gródek nad Dunajcem,powiat nowosądecki,59
175,Osoby objęte dożywianiem na 1000 mieszkańców,2015,gmina,Grybów (miasto),powiat nowosądecki,62
175,Osoby objęte dożywianiem na 1000 mieszkańców,2015,gmina,Grybów (wieś),powiat nowosądecki,74
175,Osoby objęte dożywianiem na 1000 mieszkańców,2015,gmina,Kamionka Wielka,powiat nowosądecki,46
175,Osoby objęte dożywianiem na 1000 mieszkańców,2015,gmina,Korzenna,powiat nowosądecki,141
175,Osoby objęte dożywianiem na 1000 mieszkańców,2015,gmina,Krynica-Zdrój,powiat nowosądecki,22
175,Osoby objęte dożywianiem na 1000 mieszkańców,2015,gmina,Łabowa,powiat nowosądecki,26
175,Osoby objęte dożywianiem na 1000 mieszkańców,2015,gmina,Łącko,powiat nowosądecki,47
175,Osoby objęte dożywianiem na 1000 mieszkańców,2015,gmina,Łososina Dolna,powiat nowosądecki,26
175,Osoby objęte dożywianiem na 1000 mieszkańców,2015,gmina,Muszyna,powiat nowosądecki,30
175,Osoby objęte dożywianiem na 1000 mieszkańców,2015,gmina,Nawojowa,powiat nowosądecki,58
175,Osoby objęte dożywianiem na 1000 mieszkańców,2015,gmina,Piwniczna-Zdrój,powiat nowosądecki,67
175,Osoby objęte dożywianiem na 1000 mieszkańców,2015,powiat,powiat nowotarski,powiat nowotarski,24
175,Osoby objęte dożywianiem na 1000 mieszkańców,2015,gmina,Czarny Dunajec,powiat nowotarski,27
175,Osoby objęte dożywianiem na 1000 mieszkańców,2015,gmina,Czorsztyn,powiat nowotarski,11
175,Osoby objęte dożywianiem na 1000 mieszkańców,2015,gmina,Jabłonka,powiat nowotarski,25
175,Osoby objęte dożywianiem na 1000 mieszkańców,2015,gmina,Krościenko nad Dunajcem,powiat nowotarski,27
175,Osoby objęte dożywianiem na 1000 mieszkańców,2015,gmina,Lipnica Wielka,powiat nowotarski,30
175,Osoby objęte dożywianiem na 1000 mieszkańców,2015,gmina,Łapsze Niżne,powiat nowotarski,11
175,Osoby objęte dożywianiem na 1000 mieszkańców,2015,gmina,Nowy Targ (miasto),powiat nowotarski,21
175,Osoby objęte dożywianiem na 1000 mieszkańców,2015,gmina,Nowy Targ (wieś),powiat nowotarski,22
175,Osoby objęte dożywianiem na 1000 mieszkańców,2015,gmina,Ochotnica Dolna,powiat nowotarski,46
175,Osoby objęte dożywianiem na 1000 mieszkańców,2015,gmina,Raba Wyżna,powiat nowotarski,26
175,Osoby objęte dożywianiem na 1000 mieszkańców,2015,gmina,Rabka-Zdrój,powiat nowotarski,17
175,Osoby objęte dożywianiem na 1000 mieszkańców,2015,gmina,Spytkowice,powiat nowotarski,13
175,Osoby objęte dożywianiem na 1000 mieszkańców,2015,gmina,Szaflary,powiat nowotarski,28
175,Osoby objęte dożywianiem na 1000 mieszkańców,2015,gmina,Szczawnica,powiat nowotarski,33
175,Osoby objęte dożywianiem na 1000 mieszkańców,2015,powiat,powiat olkuski,powiat olkuski,21
175,Osoby objęte dożywianiem na 1000 mieszkańców,2015,gmina,Bolesław,powiat olkuski,24
175,Osoby objęte dożywianiem na 1000 mieszkańców,2015,gmina,Bukowno,powiat olkuski,37
175,Osoby objęte dożywianiem na 1000 mieszkańców,2015,gmina,Klucze,powiat olkuski,30
175,Osoby objęte dożywianiem na 1000 mieszkańców,2015,gmina,Olkusz,powiat olkuski,19
175,Osoby objęte dożywianiem na 1000 mieszkańców,2015,gmina,Trzyciąż,powiat olkuski,15
175,Osoby objęte dożywianiem na 1000 mieszkańców,2015,gmina,Wolbrom,powiat olkuski,13
175,Osoby objęte dożywianiem na 1000 mieszkańców,2015,powiat,powiat oświęcimski,powiat oświęcimski,18
175,Osoby objęte dożywianiem na 1000 mieszkańców,2015,gmina,Brzeszcze,powiat oświęcimski,12
175,Osoby objęte dożywianiem na 1000 mieszkańców,2015,gmina,Chełmek,powiat oświęcimski,7
175,Osoby objęte dożywianiem na 1000 mieszkańców,2015,gmina,Kęty,powiat oświęcimski,8
175,Osoby objęte dożywianiem na 1000 mieszkańców,2015,gmina,Osiek,powiat oświęcimski,10
175,Osoby objęte dożywianiem na 1000 mieszkańców,2015,gmina,Oświęcim (miasto),powiat oświęcimski,42
175,Osoby objęte dożywianiem na 1000 mieszkańców,2015,gmina,Oświęcim (wieś),powiat oświęcimski,10
175,Osoby objęte dożywianiem na 1000 mieszkańców,2015,gmina,Polanka Wielka,powiat oświęcimski,21
175,Osoby objęte dożywianiem na 1000 mieszkańców,2015,gmina,Przeciszów,powiat oświęcimski,19
175,Osoby objęte dożywianiem na 1000 mieszkańców,2015,gmina,Zator,powiat oświęcimski,12
175,Osoby objęte dożywianiem na 1000 mieszkańców,2015,powiat,powiat proszowicki,powiat proszowicki,28
175,Osoby objęte dożywianiem na 1000 mieszkańców,2015,gmina,Koniusza,powiat proszowicki,18
175,Osoby objęte dożywianiem na 1000 mieszkańców,2015,gmina,Koszyce,powiat proszowicki,34
175,Osoby objęte dożywianiem na 1000 mieszkańców,2015,gmina,Nowe Brzesko,powiat proszowicki,26
175,Osoby objęte dożywianiem na 1000 mieszkańców,2015,gmina,Pałecznica,powiat proszowicki,21
175,Osoby objęte dożywianiem na 1000 mieszkańców,2015,gmina,Proszowice,powiat proszowicki,39
175,Osoby objęte dożywianiem na 1000 mieszkańców,2015,gmina,Radziemice,powiat proszowicki,8
175,Osoby objęte dożywianiem na 1000 mieszkańców,2015,powiat,powiat suski,powiat suski,32
175,Osoby objęte dożywianiem na 1000 mieszkańców,2015,gmina,Budzów,powiat suski,19
175,Osoby objęte dożywianiem na 1000 mieszkańców,2015,gmina,Bystra-Sidzina,powiat suski,41
175,Osoby objęte dożywianiem na 1000 mieszkańców,2015,gmina,Jordanów (miasto),powiat suski,33
175,Osoby objęte dożywianiem na 1000 mieszkańców,2015,gmina,Jordanów (wieś),powiat suski,55
175,Osoby objęte dożywianiem na 1000 mieszkańców,2015,gmina,Maków Podhalański,powiat suski,26
175,Osoby objęte dożywianiem na 1000 mieszkańców,2015,gmina,Stryszawa,powiat suski,25
175,Osoby objęte dożywianiem na 1000 mieszkańców,2015,gmina,Sucha Beskidzka,powiat suski,33
175,Osoby objęte dożywianiem na 1000 mieszkańców,2015,gmina,Zawoja,powiat suski,32
175,Osoby objęte dożywianiem na 1000 mieszkańców,2015,gmina,Zembrzyce,powiat suski,29
175,Osoby objęte dożywianiem na 1000 mieszkańców,2015,powiat,powiat tarnowski,powiat tarnowski,36
175,Osoby objęte dożywianiem na 1000 mieszkańców,2015,gmina,Ciężkowice,powiat tarnowski,84
175,Osoby objęte dożywianiem na 1000 mieszkańców,2015,gmina,Gromnik,powiat tarnowski,30
175,Osoby objęte dożywianiem na 1000 mieszkańców,2015,gmina,Lisia Góra,powiat tarnowski,35
175,Osoby objęte dożywianiem na 1000 mieszkańców,2015,gmina,Pleśna,powiat tarnowski,21
175,Osoby objęte dożywianiem na 1000 mieszkańców,2015,gmina,Radłów,powiat tarnowski,42
175,Osoby objęte dożywianiem na 1000 mieszkańców,2015,gmina,Ryglice,powiat tarnowski,29
175,Osoby objęte dożywianiem na 1000 mieszkańców,2015,gmina,Rzepiennik Strzyżewski,powiat tarnowski,60
175,Osoby objęte dożywianiem na 1000 mieszkańców,2015,gmina,Skrzyszów,powiat tarnowski,26
175,Osoby objęte dożywianiem na 1000 mieszkańców,2015,gmina,Szerzyny,powiat tarnowski,39
175,Osoby objęte dożywianiem na 1000 mieszkańców,2015,gmina,Tarnów (wieś),powiat tarnowski,32
175,Osoby objęte dożywianiem na 1000 mieszkańców,2015,gmina,Tuchów,powiat tarnowski,18
175,Osoby objęte dożywianiem na 1000 mieszkańców,2015,gmina,Wierzchosławice,powiat tarnowski,34
175,Osoby objęte dożywianiem na 1000 mieszkańców,2015,gmina,Wietrzychowice,powiat tarnowski,40
175,Osoby objęte dożywianiem na 1000 mieszkańców,2015,gmina,Wojnicz,powiat tarnowski,34
175,Osoby objęte dożywianiem na 1000 mieszkańców,2015,gmina,Zakliczyn,powiat tarnowski,52
175,Osoby objęte dożywianiem na 1000 mieszkańców,2015,gmina,Żabno,powiat tarnowski,35
175,Osoby objęte dożywianiem na 1000 mieszkańców,2015,powiat,powiat tatrzański,powiat tatrzański,23
175,Osoby objęte dożywianiem na 1000 mieszkańców,2015,gmina,Biały Dunajec,powiat tatrzański,24
175,Osoby objęte dożywianiem na 1000 mieszkańców,2015,gmina,Bukowina Tatrzańska,powiat tatrzański,27
175,Osoby objęte dożywianiem na 1000 mieszkańców,2015,gmina,Kościelisko,powiat tatrzański,19
175,Osoby objęte dożywianiem na 1000 mieszkańców,2015,gmina,Poronin,powiat tatrzański,32
175,Osoby objęte dożywianiem na 1000 mieszkańców,2015,gmina,Zakopane,powiat tatrzański,18
175,Osoby objęte dożywianiem na 1000 mieszkańców,2015,powiat,powiat wadowicki,powiat wadowicki,19
175,Osoby objęte dożywianiem na 1000 mieszkańców,2015,gmina,Andrychów,powiat wadowicki,12
175,Osoby objęte dożywianiem na 1000 mieszkańców,2015,gmina,Brzeźnica,powiat wadowicki,38
175,Osoby objęte dożywianiem na 1000 mieszkańców,2015,gmina,Kalwaria Zebrzydowska,powiat wadowicki,12
175,Osoby objęte dożywianiem na 1000 mieszkańców,2015,gmina,Lanckorona,powiat wadowicki,30
175,Osoby objęte dożywianiem na 1000 mieszkańców,2015,gmina,Mucharz,powiat wadowicki,31
175,Osoby objęte dożywianiem na 1000 mieszkańców,2015,gmina,Spytkowice,powiat wadowicki,15
175,Osoby objęte dożywianiem na 1000 mieszkańców,2015,gmina,Stryszów,powiat wadowicki,26
175,Osoby objęte dożywianiem na 1000 mieszkańców,2015,gmina,Tomice,powiat wadowicki,23
175,Osoby objęte dożywianiem na 1000 mieszkańców,2015,gmina,Wadowice,powiat wadowicki,15
175,Osoby objęte dożywianiem na 1000 mieszkańców,2015,gmina,Wieprz,powiat wadowicki,38
175,Osoby objęte dożywianiem na 1000 mieszkańców,2015,powiat,powiat wielicki,powiat wielicki,22
175,Osoby objęte dożywianiem na 1000 mieszkańców,2015,gmina,Biskupice,powiat wielicki,18
175,Osoby objęte dożywianiem na 1000 mieszkańców,2015,gmina,Gdów,powiat wielicki,13
175,Osoby objęte dożywianiem na 1000 mieszkańców,2015,gmina,Kłaj,powiat wielicki,24
175,Osoby objęte dożywianiem na 1000 mieszkańców,2015,gmina,Niepołomice,powiat wielicki,17
175,Osoby objęte dożywianiem na 1000 mieszkańców,2015,gmina,Wieliczka,powiat wielicki,27
175,Osoby objęte dożywianiem na 1000 mieszkańców,2014,powiat,powiat bocheński,powiat bocheński,33
175,Osoby objęte dożywianiem na 1000 mieszkańców,2014,gmina,Bochnia (miasto),powiat bocheński,29
175,Osoby objęte dożywianiem na 1000 mieszkańców,2014,gmina,Bochnia (wieś),powiat bocheński,51
175,Osoby objęte dożywianiem na 1000 mieszkańców,2014,gmina,Drwinia,powiat bocheński,35
175,Osoby objęte dożywianiem na 1000 mieszkańców,2014,gmina,Lipnica Murowana,powiat bocheński,36
175,Osoby objęte dożywianiem na 1000 mieszkańców,2014,gmina,Łapanów,powiat bocheński,40
175,Osoby objęte dożywianiem na 1000 mieszkańców,2014,gmina,Nowy Wiśnicz,powiat bocheński,14
175,Osoby objęte dożywianiem na 1000 mieszkańców,2014,gmina,Rzezawa,powiat bocheński,23
175,Osoby objęte dożywianiem na 1000 mieszkańców,2014,gmina,Trzciana,powiat bocheński,53
175,Osoby objęte dożywianiem na 1000 mieszkańców,2014,gmina,Żegocina,powiat bocheński,26
175,Osoby objęte dożywianiem na 1000 mieszkańców,2014,powiat,powiat brzeski,powiat brzeski,25
175,Osoby objęte dożywianiem na 1000 mieszkańców,2014,gmina,Borzęcin,powiat brzeski,34
175,Osoby objęte dożywianiem na 1000 mieszkańców,2014,gmina,Brzesko,powiat brzeski,18
175,Osoby objęte dożywianiem na 1000 mieszkańców,2014,gmina,Czchów,powiat brzeski,39
175,Osoby objęte dożywianiem na 1000 mieszkańców,2014,gmina,Dębno,powiat brzeski,12
175,Osoby objęte dożywianiem na 1000 mieszkańców,2014,gmina,Gnojnik,powiat brzeski,32
175,Osoby objęte dożywianiem na 1000 mieszkańców,2014,gmina,Iwkowa,powiat brzeski,50
175,Osoby objęte dożywianiem na 1000 mieszkańców,2014,gmina,Szczurowa,powiat brzeski,29
175,Osoby objęte dożywianiem na 1000 mieszkańców,2014,powiat,powiat chrzanowski,powiat chrzanowski,24
175,Osoby objęte dożywianiem na 1000 mieszkańców,2014,gmina,Alwernia,powiat chrzanowski,15
175,Osoby objęte dożywianiem na 1000 mieszkańców,2014,gmina,Babice,powiat chrzanowski,31
175,Osoby objęte dożywianiem na 1000 mieszkańców,2014,gmina,Chrzanów,powiat chrzanowski,31
175,Osoby objęte dożywianiem na 1000 mieszkańców,2014,gmina,Libiąż,powiat chrzanowski,20
175,Osoby objęte dożywianiem na 1000 mieszkańców,2014,gmina,Trzebinia,powiat chrzanowski,19
175,Osoby objęte dożywianiem na 1000 mieszkańców,2014,powiat,powiat dąbrowski,powiat dąbrowski,54
175,Osoby objęte dożywianiem na 1000 mieszkańców,2014,gmina,Bolesław,powiat dąbrowski,48
175,Osoby objęte dożywianiem na 1000 mieszkańców,2014,gmina,Dąbrowa Tarnowska,powiat dąbrowski,58
175,Osoby objęte dożywianiem na 1000 mieszkańców,2014,gmina,Gręboszów,powiat dąbrowski,40
175,Osoby objęte dożywianiem na 1000 mieszkańców,2014,gmina,Mędrzechów,powiat dąbrowski,46
175,Osoby objęte dożywianiem na 1000 mieszkańców,2014,gmina,Olesno,powiat dąbrowski,22
175,Osoby objęte dożywianiem na 1000 mieszkańców,2014,gmina,Radgoszcz,powiat dąbrowski,72
175,Osoby objęte dożywianiem na 1000 mieszkańców,2014,gmina,Szczucin,powiat dąbrowski,64
175,Osoby objęte dożywianiem na 1000 mieszkańców,2014,powiat,powiat gorlicki,powiat gorlicki,47
175,Osoby objęte dożywianiem na 1000 mieszkańców,2014,gmina,Biecz,powiat gorlicki,63
175,Osoby objęte dożywianiem na 1000 mieszkańców,2014,gmina,Bobowa,powiat gorlicki,80
175,Osoby objęte dożywianiem na 1000 mieszkańców,2014,gmina,Gorlice (miasto),powiat gorlicki,23
175,Osoby objęte dożywianiem na 1000 mieszkańców,2014,gmina,Gorlice (wieś),powiat gorlicki,49
175,Osoby objęte dożywianiem na 1000 mieszkańców,2014,gmina,Lipinki,powiat gorlicki,49
175,Osoby objęte dożywianiem na 1000 mieszkańców,2014,gmina,Łużna,powiat gorlicki,57
175,Osoby objęte dożywianiem na 1000 mieszkańców,2014,gmina,Moszczenica,powiat gorlicki,40
175,Osoby objęte dożywianiem na 1000 mieszkańców,2014,gmina,Ropa,powiat gorlicki,18
175,Osoby objęte dożywianiem na 1000 mieszkańców,2014,gmina,Sękowa,powiat gorlicki,79
175,Osoby objęte dożywianiem na 1000 mieszkańców,2014,gmina,Uście Gorlickie,powiat gorlicki,48
175,Osoby objęte dożywianiem na 1000 mieszkańców,2014,powiat,powiat krakowski,powiat krakowski,17
175,Osoby objęte dożywianiem na 1000 mieszkańców,2014,gmina,Czernichów,powiat krakowski,24
175,Osoby objęte dożywianiem na 1000 mieszkańców,2014,gmina,Igołomia-Wawrzeńczyce,powiat krakowski,30
175,Osoby objęte dożywianiem na 1000 mieszkańców,2014,gmina,Iwanowice,powiat krakowski,8
175,Osoby objęte dożywianiem na 1000 mieszkańców,2014,gmina,Jerzmanowice-Przeginia,powiat krakowski,13
175,Osoby objęte dożywianiem na 1000 mieszkańców,2014,gmina,Kocmyrzów-Luborzyca,powiat krakowski,9
175,Osoby objęte dożywianiem na 1000 mieszkańców,2014,gmina,Krzeszowice,powiat krakowski,15
175,Osoby objęte dożywianiem na 1000 mieszkańców,2014,gmina,Liszki,powiat krakowski,7
175,Osoby objęte dożywianiem na 1000 mieszkańców,2014,gmina,Michałowice,powiat krakowski,21
175,Osoby objęte dożywianiem na 1000 mieszkańców,2014,gmina,Mogilany,powiat krakowski,35
175,Osoby objęte dożywianiem na 1000 mieszkańców,2014,gmina,Skała,powiat krakowski,16
175,Osoby objęte dożywianiem na 1000 mieszkańców,2014,gmina,Skawina,powiat krakowski,14
175,Osoby objęte dożywianiem na 1000 mieszkańców,2014,gmina,Słomniki,powiat krakowski,41
175,Osoby objęte dożywianiem na 1000 mieszkańców,2014,gmina,Sułoszowa,powiat krakowski,12
175,Osoby objęte dożywianiem na 1000 mieszkańców,2014,gmina,Świątniki Górne,powiat krakowski,34
175,Osoby objęte dożywianiem na 1000 mieszkańców,2014,gmina,Wielka Wieś,powiat krakowski,22
175,Osoby objęte dożywianiem na 1000 mieszkańców,2014,gmina,Zabierzów,powiat krakowski,12
175,Osoby objęte dożywianiem na 1000 mieszkańców,2014,gmina,Zielonki,powiat krakowski,11
175,Osoby objęte dożywianiem na 1000 mieszkańców,2014,powiat,powiat limanowski,powiat limanowski,52
175,Osoby objęte dożywianiem na 1000 mieszkańców,2014,gmina,Dobra,powiat limanowski,54
175,Osoby objęte dożywianiem na 1000 mieszkańców,2014,gmina,Jodłownik,powiat limanowski,53
175,Osoby objęte dożywianiem na 1000 mieszkańców,2014,gmina,Kamienica,powiat limanowski,99
175,Osoby objęte dożywianiem na 1000 mieszkańców,2014,gmina,Laskowa,powiat limanowski,55
175,Osoby objęte dożywianiem na 1000 mieszkańców,2014,gmina,Limanowa (miasto),powiat limanowski,45
175,Osoby objęte dożywianiem na 1000 mieszkańców,2014,gmina,Limanowa (wieś),powiat limanowski,46
175,Osoby objęte dożywianiem na 1000 mieszkańców,2014,gmina,Łukowica,powiat limanowski,69
175,Osoby objęte dożywianiem na 1000 mieszkańców,2014,gmina,Mszana Dolna (miasto),powiat limanowski,25
175,Osoby objęte dożywianiem na 1000 mieszkańców,2014,gmina,Mszana Dolna (wieś),powiat limanowski,28
175,Osoby objęte dożywianiem na 1000 mieszkańców,2014,gmina,Niedźwiedź,powiat limanowski,79
175,Osoby objęte dożywianiem na 1000 mieszkańców,2014,gmina,Słopnice,powiat limanowski,78
175,Osoby objęte dożywianiem na 1000 mieszkańców,2014,gmina,Tymbark,powiat limanowski,41
175,Osoby objęte dożywianiem na 1000 mieszkańców,2014,powiat,powiat m. Kraków,powiat m. Kraków,26
175,Osoby objęte dożywianiem na 1000 mieszkańców,2014,powiat,powiat m. Nowy Sącz,powiat m. Nowy Sącz,23
175,Osoby objęte dożywianiem na 1000 mieszkańców,2014,powiat,powiat m. Tarnów,powiat m. Tarnów,47
175,Osoby objęte dożywianiem na 1000 mieszkańców,2014,powiat,powiat miechowski,powiat miechowski,30
175,Osoby objęte dożywianiem na 1000 mieszkańców,2014,gmina,Charsznica,powiat miechowski,34
175,Osoby objęte dożywianiem na 1000 mieszkańców,2014,gmina,Gołcza,powiat miechowski,27
175,Osoby objęte dożywianiem na 1000 mieszkańców,2014,gmina,Kozłów,powiat miechowski,30
175,Osoby objęte dożywianiem na 1000 mieszkańców,2014,gmina,Książ Wielki,powiat miechowski,34
175,Osoby objęte dożywianiem na 1000 mieszkańców,2014,gmina,Miechów,powiat miechowski,30
175,Osoby objęte dożywianiem na 1000 mieszkańców,2014,gmina,Racławice,powiat miechowski,20
175,Osoby objęte dożywianiem na 1000 mieszkańców,2014,gmina,Słaboszów,powiat miechowski,29
175,Osoby objęte dożywianiem na 1000 mieszkańców,2014,powiat,powiat myślenicki,powiat myślenicki,33
175,Osoby objęte dożywianiem na 1000 mieszkańców,2014,gmina,Dobczyce,powiat myślenicki,34
175,Osoby objęte dożywianiem na 1000 mieszkańców,2014,gmina,Lubień,powiat myślenicki,27
175,Osoby objęte dożywianiem na 1000 mieszkańców,2014,gmina,Myślenice,powiat myślenicki,27
175,Osoby objęte dożywianiem na 1000 mieszkańców,2014,gmina,Pcim,powiat myślenicki,29
175,Osoby objęte dożywianiem na 1000 mieszkańców,2014,gmina,Raciechowice,powiat myślenicki,82
175,Osoby objęte dożywianiem na 1000 mieszkańców,2014,gmina,Siepraw,powiat myślenicki,31
175,Osoby objęte dożywianiem na 1000 mieszkańców,2014,gmina,Sułkowice,powiat myślenicki,31
175,Osoby objęte dożywianiem na 1000 mieszkańców,2014,gmina,Tokarnia,powiat myślenicki,26
175,Osoby objęte dożywianiem na 1000 mieszkańców,2014,gmina,Wiśniowa,powiat myślenicki,58
175,Osoby objęte dożywianiem na 1000 mieszkańców,2014,powiat,powiat nowosądecki,powiat nowosądecki,59
175,Osoby objęte dożywianiem na 1000 mieszkańców,2014,gmina,Podegrodzie,powiat nowosądecki,62
175,Osoby objęte dożywianiem na 1000 mieszkańców,2014,gmina,Rytro,powiat nowosądecki,36
175,Osoby objęte dożywianiem na 1000 mieszkańców,2014,gmina,Stary Sącz,powiat nowosądecki,37
175,Osoby objęte dożywianiem na 1000 mieszkańców,2014,gmina,Chełmiec,powiat nowosądecki,77
175,Osoby objęte dożywianiem na 1000 mieszkańców,2014,gmina,Gródek nad Dunajcem,powiat nowosądecki,52
175,Osoby objęte dożywianiem na 1000 mieszkańców,2014,gmina,Grybów (miasto),powiat nowosądecki,60
175,Osoby objęte dożywianiem na 1000 mieszkańców,2014,gmina,Grybów (wieś),powiat nowosądecki,77
175,Osoby objęte dożywianiem na 1000 mieszkańców,2014,gmina,Kamionka Wielka,powiat nowosądecki,56
175,Osoby objęte dożywianiem na 1000 mieszkańców,2014,gmina,Korzenna,powiat nowosądecki,140
175,Osoby objęte dożywianiem na 1000 mieszkańców,2014,gmina,Krynica-Zdrój,powiat nowosądecki,22
175,Osoby objęte dożywianiem na 1000 mieszkańców,2014,gmina,Łabowa,powiat nowosądecki,27
175,Osoby objęte dożywianiem na 1000 mieszkańców,2014,gmina,Łącko,powiat nowosądecki,47
175,Osoby objęte dożywianiem na 1000 mieszkańców,2014,gmina,Łososina Dolna,powiat nowosądecki,29
175,Osoby objęte dożywianiem na 1000 mieszkańców,2014,gmina,Muszyna,powiat nowosądecki,28
175,Osoby objęte dożywianiem na 1000 mieszkańców,2014,gmina,Nawojowa,powiat nowosądecki,61
175,Osoby objęte dożywianiem na 1000 mieszkańców,2014,gmina,Piwniczna-Zdrój,powiat nowosądecki,91
175,Osoby objęte dożywianiem na 1000 mieszkańców,2014,powiat,powiat nowotarski,powiat nowotarski,25
175,Osoby objęte dożywianiem na 1000 mieszkańców,2014,gmina,Czarny Dunajec,powiat nowotarski,26
175,Osoby objęte dożywianiem na 1000 mieszkańców,2014,gmina,Czorsztyn,powiat nowotarski,10
175,Osoby objęte dożywianiem na 1000 mieszkańców,2014,gmina,Jabłonka,powiat nowotarski,28
175,Osoby objęte dożywianiem na 1000 mieszkańców,2014,gmina,Krościenko nad Dunajcem,powiat nowotarski,27
175,Osoby objęte dożywianiem na 1000 mieszkańców,2014,gmina,Lipnica Wielka,powiat nowotarski,36
175,Osoby objęte dożywianiem na 1000 mieszkańców,2014,gmina,Łapsze Niżne,powiat nowotarski,12
175,Osoby objęte dożywianiem na 1000 mieszkańców,2014,gmina,Nowy Targ (miasto),powiat nowotarski,23
175,Osoby objęte dożywianiem na 1000 mieszkańców,2014,gmina,Nowy Targ (wieś),powiat nowotarski,27
175,Osoby objęte dożywianiem na 1000 mieszkańców,2014,gmina,Ochotnica Dolna,powiat nowotarski,50
175,Osoby objęte dożywianiem na 1000 mieszkańców,2014,gmina,Raba Wyżna,powiat nowotarski,26
175,Osoby objęte dożywianiem na 1000 mieszkańców,2014,gmina,Rabka-Zdrój,powiat nowotarski,16
175,Osoby objęte dożywianiem na 1000 mieszkańców,2014,gmina,Spytkowice,powiat nowotarski,14
175,Osoby objęte dożywianiem na 1000 mieszkańców,2014,gmina,Szaflary,powiat nowotarski,32
175,Osoby objęte dożywianiem na 1000 mieszkańców,2014,gmina,Szczawnica,powiat nowotarski,32
175,Osoby objęte dożywianiem na 1000 mieszkańców,2014,powiat,powiat olkuski,powiat olkuski,22
175,Osoby objęte dożywianiem na 1000 mieszkańców,2014,gmina,Bolesław,powiat olkuski,27
175,Osoby objęte dożywianiem na 1000 mieszkańców,2014,gmina,Bukowno,powiat olkuski,37
175,Osoby objęte dożywianiem na 1000 mieszkańców,2014,gmina,Klucze,powiat olkuski,31
175,Osoby objęte dożywianiem na 1000 mieszkańców,2014,gmina,Olkusz,powiat olkuski,19
175,Osoby objęte dożywianiem na 1000 mieszkańców,2014,gmina,Trzyciąż,powiat olkuski,14
175,Osoby objęte dożywianiem na 1000 mieszkańców,2014,gmina,Wolbrom,powiat olkuski,16
175,Osoby objęte dożywianiem na 1000 mieszkańców,2014,powiat,powiat oświęcimski,powiat oświęcimski,18
175,Osoby objęte dożywianiem na 1000 mieszkańców,2014,gmina,Brzeszcze,powiat oświęcimski,13
175,Osoby objęte dożywianiem na 1000 mieszkańców,2014,gmina,Chełmek,powiat oświęcimski,7
175,Osoby objęte dożywianiem na 1000 mieszkańców,2014,gmina,Kęty,powiat oświęcimski,7
175,Osoby objęte dożywianiem na 1000 mieszkańców,2014,gmina,Osiek,powiat oświęcimski,10
175,Osoby objęte dożywianiem na 1000 mieszkańców,2014,gmina,Oświęcim (miasto),powiat oświęcimski,40
175,Osoby objęte dożywianiem na 1000 mieszkańców,2014,gmina,Oświęcim (wieś),powiat oświęcimski,12
175,Osoby objęte dożywianiem na 1000 mieszkańców,2014,gmina,Polanka Wielka,powiat oświęcimski,13
175,Osoby objęte dożywianiem na 1000 mieszkańców,2014,gmina,Przeciszów,powiat oświęcimski,27
175,Osoby objęte dożywianiem na 1000 mieszkańców,2014,gmina,Zator,powiat oświęcimski,9
175,Osoby objęte dożywianiem na 1000 mieszkańców,2014,powiat,powiat proszowicki,powiat proszowicki,30
175,Osoby objęte dożywianiem na 1000 mieszkańców,2014,gmina,Koniusza,powiat proszowicki,18
175,Osoby objęte dożywianiem na 1000 mieszkańców,2014,gmina,Koszyce,powiat proszowicki,38
175,Osoby objęte dożywianiem na 1000 mieszkańców,2014,gmina,Nowe Brzesko,powiat proszowicki,31
175,Osoby objęte dożywianiem na 1000 mieszkańców,2014,gmina,Pałecznica,powiat proszowicki,23
175,Osoby objęte dożywianiem na 1000 mieszkańców,2014,gmina,Proszowice,powiat proszowicki,38
175,Osoby objęte dożywianiem na 1000 mieszkańców,2014,gmina,Radziemice,powiat proszowicki,9
175,Osoby objęte dożywianiem na 1000 mieszkańców,2014,powiat,powiat suski,powiat suski,34
175,Osoby objęte dożywianiem na 1000 mieszkańców,2014,gmina,Budzów,powiat suski,21
175,Osoby objęte dożywianiem na 1000 mieszkańców,2014,gmina,Bystra-Sidzina,powiat suski,44
175,Osoby objęte dożywianiem na 1000 mieszkańców,2014,gmina,Jordanów (miasto),powiat suski,30
175,Osoby objęte dożywianiem na 1000 mieszkańców,2014,gmina,Jordanów (wieś),powiat suski,55
175,Osoby objęte dożywianiem na 1000 mieszkańców,2014,gmina,Maków Podhalański,powiat suski,22
175,Osoby objęte dożywianiem na 1000 mieszkańców,2014,gmina,Stryszawa,powiat suski,30
175,Osoby objęte dożywianiem na 1000 mieszkańców,2014,gmina,Sucha Beskidzka,powiat suski,41
175,Osoby objęte dożywianiem na 1000 mieszkańców,2014,gmina,Zawoja,powiat suski,36
175,Osoby objęte dożywianiem na 1000 mieszkańców,2014,gmina,Zembrzyce,powiat suski,34
175,Osoby objęte dożywianiem na 1000 mieszkańców,2014,powiat,powiat tarnowski,powiat tarnowski,34
175,Osoby objęte dożywianiem na 1000 mieszkańców,2014,gmina,Ciężkowice,powiat tarnowski,63
175,Osoby objęte dożywianiem na 1000 mieszkańców,2014,gmina,Gromnik,powiat tarnowski,28
175,Osoby objęte dożywianiem na 1000 mieszkańców,2014,gmina,Lisia Góra,powiat tarnowski,33
175,Osoby objęte dożywianiem na 1000 mieszkańców,2014,gmina,Pleśna,powiat tarnowski,21
175,Osoby objęte dożywianiem na 1000 mieszkańców,2014,gmina,Radłów,powiat tarnowski,41
175,Osoby objęte dożywianiem na 1000 mieszkańców,2014,gmina,Ryglice,powiat tarnowski,30
175,Osoby objęte dożywianiem na 1000 mieszkańców,2014,gmina,Rzepiennik Strzyżewski,powiat tarnowski,63
175,Osoby objęte dożywianiem na 1000 mieszkańców,2014,gmina,Skrzyszów,powiat tarnowski,24
175,Osoby objęte dożywianiem na 1000 mieszkańców,2014,gmina,Szerzyny,powiat tarnowski,36
175,Osoby objęte dożywianiem na 1000 mieszkańców,2014,gmina,Tarnów (wieś),powiat tarnowski,31
175,Osoby objęte dożywianiem na 1000 mieszkańców,2014,gmina,Tuchów,powiat tarnowski,20
175,Osoby objęte dożywianiem na 1000 mieszkańców,2014,gmina,Wierzchosławice,powiat tarnowski,30
175,Osoby objęte dożywianiem na 1000 mieszkańców,2014,gmina,Wietrzychowice,powiat tarnowski,43
175,Osoby objęte dożywianiem na 1000 mieszkańców,2014,gmina,Wojnicz,powiat tarnowski,34
175,Osoby objęte dożywianiem na 1000 mieszkańców,2014,gmina,Zakliczyn,powiat tarnowski,56
175,Osoby objęte dożywianiem na 1000 mieszkańców,2014,gmina,Żabno,powiat tarnowski,24
175,Osoby objęte dożywianiem na 1000 mieszkańców,2014,powiat,powiat tatrzański,powiat tatrzański,23
175,Osoby objęte dożywianiem na 1000 mieszkańców,2014,gmina,Biały Dunajec,powiat tatrzański,26
175,Osoby objęte dożywianiem na 1000 mieszkańców,2014,gmina,Bukowina Tatrzańska,powiat tatrzański,34
175,Osoby objęte dożywianiem na 1000 mieszkańców,2014,gmina,Kościelisko,powiat tatrzański,19
175,Osoby objęte dożywianiem na 1000 mieszkańców,2014,gmina,Poronin,powiat tatrzański,33
175,Osoby objęte dożywianiem na 1000 mieszkańców,2014,gmina,Zakopane,powiat tatrzański,15
175,Osoby objęte dożywianiem na 1000 mieszkańców,2014,powiat,powiat wadowicki,powiat wadowicki,19
175,Osoby objęte dożywianiem na 1000 mieszkańców,2014,gmina,Andrychów,powiat wadowicki,9
175,Osoby objęte dożywianiem na 1000 mieszkańców,2014,gmina,Brzeźnica,powiat wadowicki,35
175,Osoby objęte dożywianiem na 1000 mieszkańców,2014,gmina,Kalwaria Zebrzydowska,powiat wadowicki,14
175,Osoby objęte dożywianiem na 1000 mieszkańców,2014,gmina,Lanckorona,powiat wadowicki,38
175,Osoby objęte dożywianiem na 1000 mieszkańców,2014,gmina,Mucharz,powiat wadowicki,27
175,Osoby objęte dożywianiem na 1000 mieszkańców,2014,gmina,Spytkowice,powiat wadowicki,20
175,Osoby objęte dożywianiem na 1000 mieszkańców,2014,gmina,Stryszów,powiat wadowicki,24
175,Osoby objęte dożywianiem na 1000 mieszkańców,2014,gmina,Tomice,powiat wadowicki,23
175,Osoby objęte dożywianiem na 1000 mieszkańców,2014,gmina,Wadowice,powiat wadowicki,15
175,Osoby objęte dożywianiem na 1000 mieszkańców,2014,gmina,Wieprz,powiat wadowicki,41
175,Osoby objęte dożywianiem na 1000 mieszkańców,2014,powiat,powiat wielicki,powiat wielicki,24
175,Osoby objęte dożywianiem na 1000 mieszkańców,2014,gmina,Biskupice,powiat wielicki,24
175,Osoby objęte dożywianiem na 1000 mieszkańców,2014,gmina,Gdów,powiat wielicki,14
175,Osoby objęte dożywianiem na 1000 mieszkańców,2014,gmina,Kłaj,powiat wielicki,24
175,Osoby objęte dożywianiem na 1000 mieszkańców,2014,gmina,Niepołomice,powiat wielicki,20
175,Osoby objęte dożywianiem na 1000 mieszkańców,2014,gmina,Wieliczka,powiat wielicki,29
175,Osoby objęte dożywianiem na 1000 mieszkańców,2013,powiat,powiat bocheński,powiat bocheński,36
175,Osoby objęte dożywianiem na 1000 mieszkańców,2013,gmina,Bochnia (miasto),powiat bocheński,33
175,Osoby objęte dożywianiem na 1000 mieszkańców,2013,gmina,Bochnia (wieś),powiat bocheński,51
175,Osoby objęte dożywianiem na 1000 mieszkańców,2013,gmina,Drwinia,powiat bocheński,33
175,Osoby objęte dożywianiem na 1000 mieszkańców,2013,gmina,Lipnica Murowana,powiat bocheński,38
175,Osoby objęte dożywianiem na 1000 mieszkańców,2013,gmina,Łapanów,powiat bocheński,47
175,Osoby objęte dożywianiem na 1000 mieszkańców,2013,gmina,Nowy Wiśnicz,powiat bocheński,14
175,Osoby objęte dożywianiem na 1000 mieszkańców,2013,gmina,Rzezawa,powiat bocheński,26
175,Osoby objęte dożywianiem na 1000 mieszkańców,2013,gmina,Trzciana,powiat bocheński,61
175,Osoby objęte dożywianiem na 1000 mieszkańców,2013,gmina,Żegocina,powiat bocheński,33
175,Osoby objęte dożywianiem na 1000 mieszkańców,2013,powiat,powiat brzeski,powiat brzeski,28
175,Osoby objęte dożywianiem na 1000 mieszkańców,2013,gmina,Borzęcin,powiat brzeski,42
175,Osoby objęte dożywianiem na 1000 mieszkańców,2013,gmina,Brzesko,powiat brzeski,19
175,Osoby objęte dożywianiem na 1000 mieszkańców,2013,gmina,Czchów,powiat brzeski,45
175,Osoby objęte dożywianiem na 1000 mieszkańców,2013,gmina,Dębno,powiat brzeski,25
175,Osoby objęte dożywianiem na 1000 mieszkańców,2013,gmina,Gnojnik,powiat brzeski,33
175,Osoby objęte dożywianiem na 1000 mieszkańców,2013,gmina,Iwkowa,powiat brzeski,35
175,Osoby objęte dożywianiem na 1000 mieszkańców,2013,gmina,Szczurowa,powiat brzeski,27
175,Osoby objęte dożywianiem na 1000 mieszkańców,2013,powiat,powiat chrzanowski,powiat chrzanowski,24
175,Osoby objęte dożywianiem na 1000 mieszkańców,2013,gmina,Alwernia,powiat chrzanowski,15
175,Osoby objęte dożywianiem na 1000 mieszkańców,2013,gmina,Babice,powiat chrzanowski,26
175,Osoby objęte dożywianiem na 1000 mieszkańców,2013,gmina,Chrzanów,powiat chrzanowski,32
175,Osoby objęte dożywianiem na 1000 mieszkańców,2013,gmina,Libiąż,powiat chrzanowski,21
175,Osoby objęte dożywianiem na 1000 mieszkańców,2013,gmina,Trzebinia,powiat chrzanowski,19
175,Osoby objęte dożywianiem na 1000 mieszkańców,2013,powiat,powiat dąbrowski,powiat dąbrowski,53
175,Osoby objęte dożywianiem na 1000 mieszkańców,2013,gmina,Bolesław,powiat dąbrowski,48
175,Osoby objęte dożywianiem na 1000 mieszkańców,2013,gmina,Dąbrowa Tarnowska,powiat dąbrowski,57
175,Osoby objęte dożywianiem na 1000 mieszkańców,2013,gmina,Gręboszów,powiat dąbrowski,50
175,Osoby objęte dożywianiem na 1000 mieszkańców,2013,gmina,Mędrzechów,powiat dąbrowski,46
175,Osoby objęte dożywianiem na 1000 mieszkańców,2013,gmina,Olesno,powiat dąbrowski,21
175,Osoby objęte dożywianiem na 1000 mieszkańców,2013,gmina,Radgoszcz,powiat dąbrowski,89
175,Osoby objęte dożywianiem na 1000 mieszkańców,2013,gmina,Szczucin,powiat dąbrowski,51
175,Osoby objęte dożywianiem na 1000 mieszkańców,2013,powiat,powiat gorlicki,powiat gorlicki,46
175,Osoby objęte dożywianiem na 1000 mieszkańców,2013,gmina,Biecz,powiat gorlicki,42
175,Osoby objęte dożywianiem na 1000 mieszkańców,2013,gmina,Bobowa,powiat gorlicki,93
175,Osoby objęte dożywianiem na 1000 mieszkańców,2013,gmina,Gorlice (miasto),powiat gorlicki,27
175,Osoby objęte dożywianiem na 1000 mieszkańców,2013,gmina,Gorlice (wieś),powiat gorlicki,51
175,Osoby objęte dożywianiem na 1000 mieszkańców,2013,gmina,Lipinki,powiat gorlicki,42
175,Osoby objęte dożywianiem na 1000 mieszkańców,2013,gmina,Łużna,powiat gorlicki,58
175,Osoby objęte dożywianiem na 1000 mieszkańców,2013,gmina,Moszczenica,powiat gorlicki,45
175,Osoby objęte dożywianiem na 1000 mieszkańców,2013,gmina,Ropa,powiat gorlicki,15
175,Osoby objęte dożywianiem na 1000 mieszkańców,2013,gmina,Sękowa,powiat gorlicki,102
175,Osoby objęte dożywianiem na 1000 mieszkańców,2013,gmina,Uście Gorlickie,powiat gorlicki,40
175,Osoby objęte dożywianiem na 1000 mieszkańców,2013,powiat,powiat krakowski,powiat krakowski,21
175,Osoby objęte dożywianiem na 1000 mieszkańców,2013,gmina,Czernichów,powiat krakowski,25
175,Osoby objęte dożywianiem na 1000 mieszkańców,2013,gmina,Igołomia-Wawrzeńczyce,powiat krakowski,31
175,Osoby objęte dożywianiem na 1000 mieszkańców,2013,gmina,Iwanowice,powiat krakowski,9
175,Osoby objęte dożywianiem na 1000 mieszkańców,2013,gmina,Jerzmanowice-Przeginia,powiat krakowski,16
175,Osoby objęte dożywianiem na 1000 mieszkańców,2013,gmina,Kocmyrzów-Luborzyca,powiat krakowski,12
175,Osoby objęte dożywianiem na 1000 mieszkańców,2013,gmina,Krzeszowice,powiat krakowski,20
175,Osoby objęte dożywianiem na 1000 mieszkańców,2013,gmina,Liszki,powiat krakowski,6
175,Osoby objęte dożywianiem na 1000 mieszkańców,2013,gmina,Michałowice,powiat krakowski,18
175,Osoby objęte dożywianiem na 1000 mieszkańców,2013,gmina,Mogilany,powiat krakowski,37
175,Osoby objęte dożywianiem na 1000 mieszkańców,2013,gmina,Skała,powiat krakowski,19
175,Osoby objęte dożywianiem na 1000 mieszkańców,2013,gmina,Skawina,powiat krakowski,21
175,Osoby objęte dożywianiem na 1000 mieszkańców,2013,gmina,Słomniki,powiat krakowski,46
175,Osoby objęte dożywianiem na 1000 mieszkańców,2013,gmina,Sułoszowa,powiat krakowski,14
175,Osoby objęte dożywianiem na 1000 mieszkańców,2013,gmina,Świątniki Górne,powiat krakowski,36
175,Osoby objęte dożywianiem na 1000 mieszkańców,2013,gmina,Wielka Wieś,powiat krakowski,31
175,Osoby objęte dożywianiem na 1000 mieszkańców,2013,gmina,Zabierzów,powiat krakowski,14
175,Osoby objęte dożywianiem na 1000 mieszkańców,2013,gmina,Zielonki,powiat krakowski,12
175,Osoby objęte dożywianiem na 1000 mieszkańców,2013,powiat,powiat limanowski,powiat limanowski,54
175,Osoby objęte dożywianiem na 1000 mieszkańców,2013,gmina,Dobra,powiat limanowski,38
175,Osoby objęte dożywianiem na 1000 mieszkańców,2013,gmina,Jodłownik,powiat limanowski,55
175,Osoby objęte dożywianiem na 1000 mieszkańców,2013,gmina,Kamienica,powiat limanowski,97
175,Osoby objęte dożywianiem na 1000 mieszkańców,2013,gmina,Laskowa,powiat limanowski,61
175,Osoby objęte dożywianiem na 1000 mieszkańców,2013,gmina,Limanowa (miasto),powiat limanowski,45
175,Osoby objęte dożywianiem na 1000 mieszkańców,2013,gmina,Limanowa (wieś),powiat limanowski,52
175,Osoby objęte dożywianiem na 1000 mieszkańców,2013,gmina,Łukowica,powiat limanowski,81
175,Osoby objęte dożywianiem na 1000 mieszkańców,2013,gmina,Mszana Dolna (miasto),powiat limanowski,23
175,Osoby objęte dożywianiem na 1000 mieszkańców,2013,gmina,Mszana Dolna (wieś),powiat limanowski,26
175,Osoby objęte dożywianiem na 1000 mieszkańców,2013,gmina,Niedźwiedź,powiat limanowski,103
175,Osoby objęte dożywianiem na 1000 mieszkańców,2013,gmina,Słopnice,powiat limanowski,76
175,Osoby objęte dożywianiem na 1000 mieszkańców,2013,gmina,Tymbark,powiat limanowski,45
175,Osoby objęte dożywianiem na 1000 mieszkańców,2013,powiat,powiat m. Kraków,powiat m. Kraków,28
175,Osoby objęte dożywianiem na 1000 mieszkańców,2013,powiat,powiat m. Nowy Sącz,powiat m. Nowy Sącz,29
175,Osoby objęte dożywianiem na 1000 mieszkańców,2013,powiat,powiat m. Tarnów,powiat m. Tarnów,50
175,Osoby objęte dożywianiem na 1000 mieszkańców,2013,powiat,powiat miechowski,powiat miechowski,32
175,Osoby objęte dożywianiem na 1000 mieszkańców,2013,gmina,Charsznica,powiat miechowski,35
175,Osoby objęte dożywianiem na 1000 mieszkańców,2013,gmina,Gołcza,powiat miechowski,27
175,Osoby objęte dożywianiem na 1000 mieszkańców,2013,gmina,Kozłów,powiat miechowski,27
175,Osoby objęte dożywianiem na 1000 mieszkańców,2013,gmina,Książ Wielki,powiat miechowski,34
175,Osoby objęte dożywianiem na 1000 mieszkańców,2013,gmina,Miechów,powiat miechowski,33
175,Osoby objęte dożywianiem na 1000 mieszkańców,2013,gmina,Racławice,powiat miechowski,21
175,Osoby objęte dożywianiem na 1000 mieszkańców,2013,gmina,Słaboszów,powiat miechowski,38
175,Osoby objęte dożywianiem na 1000 mieszkańców,2013,powiat,powiat myślenicki,powiat myślenicki,37
175,Osoby objęte dożywianiem na 1000 mieszkańców,2013,gmina,Dobczyce,powiat myślenicki,33
175,Osoby objęte dożywianiem na 1000 mieszkańców,2013,gmina,Lubień,powiat myślenicki,28
175,Osoby objęte dożywianiem na 1000 mieszkańców,2013,gmina,Myślenice,powiat myślenicki,29
175,Osoby objęte dożywianiem na 1000 mieszkańców,2013,gmina,Pcim,powiat myślenicki,34
175,Osoby objęte dożywianiem na 1000 mieszkańców,2013,gmina,Raciechowice,powiat myślenicki,91
175,Osoby objęte dożywianiem na 1000 mieszkańców,2013,gmina,Siepraw,powiat myślenicki,29
175,Osoby objęte dożywianiem na 1000 mieszkańców,2013,gmina,Sułkowice,powiat myślenicki,46
175,Osoby objęte dożywianiem na 1000 mieszkańców,2013,gmina,Tokarnia,powiat myślenicki,32
175,Osoby objęte dożywianiem na 1000 mieszkańców,2013,gmina,Wiśniowa,powiat myślenicki,64
175,Osoby objęte dożywianiem na 1000 mieszkańców,2013,powiat,powiat nowosądecki,powiat nowosądecki,70
175,Osoby objęte dożywianiem na 1000 mieszkańców,2013,gmina,Podegrodzie,powiat nowosądecki,67
175,Osoby objęte dożywianiem na 1000 mieszkańców,2013,gmina,Rytro,powiat nowosądecki,51
175,Osoby objęte dożywianiem na 1000 mieszkańców,2013,gmina,Stary Sącz,powiat nowosądecki,35
175,Osoby objęte dożywianiem na 1000 mieszkańców,2013,gmina,Chełmiec,powiat nowosądecki,87
175,Osoby objęte dożywianiem na 1000 mieszkańców,2013,gmina,Gródek nad Dunajcem,powiat nowosądecki,76
175,Osoby objęte dożywianiem na 1000 mieszkańców,2013,gmina,Grybów (miasto),powiat nowosądecki,74
175,Osoby objęte dożywianiem na 1000 mieszkańców,2013,gmina,Grybów (wieś),powiat nowosądecki,146
175,Osoby objęte dożywianiem na 1000 mieszkańców,2013,gmina,Kamionka Wielka,powiat nowosądecki,59
175,Osoby objęte dożywianiem na 1000 mieszkańców,2013,gmina,Korzenna,powiat nowosądecki,146
175,Osoby objęte dożywianiem na 1000 mieszkańców,2013,gmina,Krynica-Zdrój,powiat nowosądecki,22
175,Osoby objęte dożywianiem na 1000 mieszkańców,2013,gmina,Łabowa,powiat nowosądecki,23
175,Osoby objęte dożywianiem na 1000 mieszkańców,2013,gmina,Łącko,powiat nowosądecki,50
175,Osoby objęte dożywianiem na 1000 mieszkańców,2013,gmina,Łososina Dolna,powiat nowosądecki,38
175,Osoby objęte dożywianiem na 1000 mieszkańców,2013,gmina,Muszyna,powiat nowosądecki,34
175,Osoby objęte dożywianiem na 1000 mieszkańców,2013,gmina,Nawojowa,powiat nowosądecki,66
175,Osoby objęte dożywianiem na 1000 mieszkańców,2013,gmina,Piwniczna-Zdrój,powiat nowosądecki,58
175,Osoby objęte dożywianiem na 1000 mieszkańców,2013,powiat,powiat nowotarski,powiat nowotarski,26
175,Osoby objęte dożywianiem na 1000 mieszkańców,2013,gmina,Czarny Dunajec,powiat nowotarski,26
175,Osoby objęte dożywianiem na 1000 mieszkańców,2013,gmina,Czorsztyn,powiat nowotarski,10
175,Osoby objęte dożywianiem na 1000 mieszkańców,2013,gmina,Jabłonka,powiat nowotarski,25
175,Osoby objęte dożywianiem na 1000 mieszkańców,2013,gmina,Krościenko nad Dunajcem,powiat nowotarski,31
175,Osoby objęte dożywianiem na 1000 mieszkańców,2013,gmina,Lipnica Wielka,powiat nowotarski,41
175,Osoby objęte dożywianiem na 1000 mieszkańców,2013,gmina,Łapsze Niżne,powiat nowotarski,13
175,Osoby objęte dożywianiem na 1000 mieszkańców,2013,gmina,Nowy Targ (miasto),powiat nowotarski,29
175,Osoby objęte dożywianiem na 1000 mieszkańców,2013,gmina,Nowy Targ (wieś),powiat nowotarski,23
175,Osoby objęte dożywianiem na 1000 mieszkańców,2013,gmina,Ochotnica Dolna,powiat nowotarski,58
175,Osoby objęte dożywianiem na 1000 mieszkańców,2013,gmina,Raba Wyżna,powiat nowotarski,24
175,Osoby objęte dożywianiem na 1000 mieszkańców,2013,gmina,Rabka-Zdrój,powiat nowotarski,27
175,Osoby objęte dożywianiem na 1000 mieszkańców,2013,gmina,Spytkowice,powiat nowotarski,17
175,Osoby objęte dożywianiem na 1000 mieszkańców,2013,gmina,Szaflary,powiat nowotarski,20
175,Osoby objęte dożywianiem na 1000 mieszkańców,2013,gmina,Szczawnica,powiat nowotarski,29
175,Osoby objęte dożywianiem na 1000 mieszkańców,2013,powiat,powiat olkuski,powiat olkuski,22
175,Osoby objęte dożywianiem na 1000 mieszkańców,2013,gmina,Bolesław,powiat olkuski,18
175,Osoby objęte dożywianiem na 1000 mieszkańców,2013,gmina,Bukowno,powiat olkuski,41
175,Osoby objęte dożywianiem na 1000 mieszkańców,2013,gmina,Klucze,powiat olkuski,31
175,Osoby objęte dożywianiem na 1000 mieszkańców,2013,gmina,Olkusz,powiat olkuski,19
175,Osoby objęte dożywianiem na 1000 mieszkańców,2013,gmina,Trzyciąż,powiat olkuski,10
175,Osoby objęte dożywianiem na 1000 mieszkańców,2013,gmina,Wolbrom,powiat olkuski,17
175,Osoby objęte dożywianiem na 1000 mieszkańców,2013,powiat,powiat oświęcimski,powiat oświęcimski,20
175,Osoby objęte dożywianiem na 1000 mieszkańców,2013,gmina,Brzeszcze,powiat oświęcimski,19
175,Osoby objęte dożywianiem na 1000 mieszkańców,2013,gmina,Chełmek,powiat oświęcimski,8
175,Osoby objęte dożywianiem na 1000 mieszkańców,2013,gmina,Kęty,powiat oświęcimski,8
175,Osoby objęte dożywianiem na 1000 mieszkańców,2013,gmina,Osiek,powiat oświęcimski,10
175,Osoby objęte dożywianiem na 1000 mieszkańców,2013,gmina,Oświęcim (miasto),powiat oświęcimski,43
175,Osoby objęte dożywianiem na 1000 mieszkańców,2013,gmina,Oświęcim (wieś),powiat oświęcimski,12
175,Osoby objęte dożywianiem na 1000 mieszkańców,2013,gmina,Polanka Wielka,powiat oświęcimski,23
175,Osoby objęte dożywianiem na 1000 mieszkańców,2013,gmina,Przeciszów,powiat oświęcimski,22
175,Osoby objęte dożywianiem na 1000 mieszkańców,2013,gmina,Zator,powiat oświęcimski,8
175,Osoby objęte dożywianiem na 1000 mieszkańców,2013,powiat,powiat proszowicki,powiat proszowicki,30
175,Osoby objęte dożywianiem na 1000 mieszkańców,2013,gmina,Koniusza,powiat proszowicki,20
175,Osoby objęte dożywianiem na 1000 mieszkańców,2013,gmina,Koszyce,powiat proszowicki,30
175,Osoby objęte dożywianiem na 1000 mieszkańców,2013,gmina,Nowe Brzesko,powiat proszowicki,32
175,Osoby objęte dożywianiem na 1000 mieszkańców,2013,gmina,Pałecznica,powiat proszowicki,22
175,Osoby objęte dożywianiem na 1000 mieszkańców,2013,gmina,Proszowice,powiat proszowicki,40
175,Osoby objęte dożywianiem na 1000 mieszkańców,2013,gmina,Radziemice,powiat proszowicki,10
175,Osoby objęte dożywianiem na 1000 mieszkańców,2013,powiat,powiat suski,powiat suski,35
175,Osoby objęte dożywianiem na 1000 mieszkańców,2013,gmina,Budzów,powiat suski,21
175,Osoby objęte dożywianiem na 1000 mieszkańców,2013,gmina,Bystra-Sidzina,powiat suski,45
175,Osoby objęte dożywianiem na 1000 mieszkańców,2013,gmina,Jordanów (miasto),powiat suski,35
175,Osoby objęte dożywianiem na 1000 mieszkańców,2013,gmina,Jordanów (wieś),powiat suski,60
175,Osoby objęte dożywianiem na 1000 mieszkańców,2013,gmina,Maków Podhalański,powiat suski,22
175,Osoby objęte dożywianiem na 1000 mieszkańców,2013,gmina,Stryszawa,powiat suski,34
175,Osoby objęte dożywianiem na 1000 mieszkańców,2013,gmina,Sucha Beskidzka,powiat suski,35
175,Osoby objęte dożywianiem na 1000 mieszkańców,2013,gmina,Zawoja,powiat suski,31
175,Osoby objęte dożywianiem na 1000 mieszkańców,2013,gmina,Zembrzyce,powiat suski,35
175,Osoby objęte dożywianiem na 1000 mieszkańców,2013,powiat,powiat tarnowski,powiat tarnowski,40
175,Osoby objęte dożywianiem na 1000 mieszkańców,2013,gmina,Ciężkowice,powiat tarnowski,68
175,Osoby objęte dożywianiem na 1000 mieszkańców,2013,gmina,Gromnik,powiat tarnowski,29
175,Osoby objęte dożywianiem na 1000 mieszkańców,2013,gmina,Lisia Góra,powiat tarnowski,39
175,Osoby objęte dożywianiem na 1000 mieszkańców,2013,gmina,Pleśna,powiat tarnowski,22
175,Osoby objęte dożywianiem na 1000 mieszkańców,2013,gmina,Radłów,powiat tarnowski,46
175,Osoby objęte dożywianiem na 1000 mieszkańców,2013,gmina,Ryglice,powiat tarnowski,29
175,Osoby objęte dożywianiem na 1000 mieszkańców,2013,gmina,Rzepiennik Strzyżewski,powiat tarnowski,69
175,Osoby objęte dożywianiem na 1000 mieszkańców,2013,gmina,Skrzyszów,powiat tarnowski,29
175,Osoby objęte dożywianiem na 1000 mieszkańców,2013,gmina,Szerzyny,powiat tarnowski,62
175,Osoby objęte dożywianiem na 1000 mieszkańców,2013,gmina,Tarnów (wieś),powiat tarnowski,35
175,Osoby objęte dożywianiem na 1000 mieszkańców,2013,gmina,Tuchów,powiat tarnowski,20
175,Osoby objęte dożywianiem na 1000 mieszkańców,2013,gmina,Wierzchosławice,powiat tarnowski,40
175,Osoby objęte dożywianiem na 1000 mieszkańców,2013,gmina,Wietrzychowice,powiat tarnowski,44
175,Osoby objęte dożywianiem na 1000 mieszkańców,2013,gmina,Wojnicz,powiat tarnowski,41
175,Osoby objęte dożywianiem na 1000 mieszkańców,2013,gmina,Zakliczyn,powiat tarnowski,55
175,Osoby objęte dożywianiem na 1000 mieszkańców,2013,gmina,Żabno,powiat tarnowski,45
175,Osoby objęte dożywianiem na 1000 mieszkańców,2013,powiat,powiat tatrzański,powiat tatrzański,24
175,Osoby objęte dożywianiem na 1000 mieszkańców,2013,gmina,Biały Dunajec,powiat tatrzański,24
175,Osoby objęte dożywianiem na 1000 mieszkańców,2013,gmina,Bukowina Tatrzańska,powiat tatrzański,33
175,Osoby objęte dożywianiem na 1000 mieszkańców,2013,gmina,Kościelisko,powiat tatrzański,22
175,Osoby objęte dożywianiem na 1000 mieszkańców,2013,gmina,Poronin,powiat tatrzański,30
175,Osoby objęte dożywianiem na 1000 mieszkańców,2013,gmina,Zakopane,powiat tatrzański,17
175,Osoby objęte dożywianiem na 1000 mieszkańców,2013,powiat,powiat wadowicki,powiat wadowicki,21
175,Osoby objęte dożywianiem na 1000 mieszkańców,2013,gmina,Andrychów,powiat wadowicki,9
175,Osoby objęte dożywianiem na 1000 mieszkańców,2013,gmina,Brzeźnica,powiat wadowicki,38
175,Osoby objęte dożywianiem na 1000 mieszkańców,2013,gmina,Kalwaria Zebrzydowska,powiat wadowicki,14
175,Osoby objęte dożywianiem na 1000 mieszkańców,2013,gmina,Lanckorona,powiat wadowicki,49
175,Osoby objęte dożywianiem na 1000 mieszkańców,2013,gmina,Mucharz,powiat wadowicki,31
175,Osoby objęte dożywianiem na 1000 mieszkańców,2013,gmina,Spytkowice,powiat wadowicki,21
175,Osoby objęte dożywianiem na 1000 mieszkańców,2013,gmina,Stryszów,powiat wadowicki,30
175,Osoby objęte dożywianiem na 1000 mieszkańców,2013,gmina,Tomice,powiat wadowicki,23
175,Osoby objęte dożywianiem na 1000 mieszkańców,2013,gmina,Wadowice,powiat wadowicki,18
175,Osoby objęte dożywianiem na 1000 mieszkańców,2013,gmina,Wieprz,powiat wadowicki,47
175,Osoby objęte dożywianiem na 1000 mieszkańców,2013,powiat,powiat wielicki,powiat wielicki,26
175,Osoby objęte dożywianiem na 1000 mieszkańców,2013,gmina,Biskupice,powiat wielicki,31
175,Osoby objęte dożywianiem na 1000 mieszkańców,2013,gmina,Gdów,powiat wielicki,16
175,Osoby objęte dożywianiem na 1000 mieszkańców,2013,gmina,Kłaj,powiat wielicki,28
175,Osoby objęte dożywianiem na 1000 mieszkańców,2013,gmina,Niepołomice,powiat wielicki,21
175,Osoby objęte dożywianiem na 1000 mieszkańców,2013,gmina,Wieliczka,powiat wielicki,30
175,Osoby objęte dożywianiem na 1000 mieszkańców,2012,powiat,powiat bocheński,powiat bocheński,35
175,Osoby objęte dożywianiem na 1000 mieszkańców,2012,gmina,Bochnia (miasto),powiat bocheński,27
175,Osoby objęte dożywianiem na 1000 mieszkańców,2012,gmina,Bochnia (wieś),powiat bocheński,52
175,Osoby objęte dożywianiem na 1000 mieszkańców,2012,gmina,Drwinia,powiat bocheński,31
175,Osoby objęte dożywianiem na 1000 mieszkańców,2012,gmina,Lipnica Murowana,powiat bocheński,44
175,Osoby objęte dożywianiem na 1000 mieszkańców,2012,gmina,Łapanów,powiat bocheński,42
175,Osoby objęte dożywianiem na 1000 mieszkańców,2012,gmina,Nowy Wiśnicz,powiat bocheński,12
175,Osoby objęte dożywianiem na 1000 mieszkańców,2012,gmina,Rzezawa,powiat bocheński,27
175,Osoby objęte dożywianiem na 1000 mieszkańców,2012,gmina,Trzciana,powiat bocheński,74
175,Osoby objęte dożywianiem na 1000 mieszkańców,2012,gmina,Żegocina,powiat bocheński,36
175,Osoby objęte dożywianiem na 1000 mieszkańców,2012,powiat,powiat brzeski,powiat brzeski,28
175,Osoby objęte dożywianiem na 1000 mieszkańców,2012,gmina,Borzęcin,powiat brzeski,40
175,Osoby objęte dożywianiem na 1000 mieszkańców,2012,gmina,Brzesko,powiat brzeski,19
175,Osoby objęte dożywianiem na 1000 mieszkańców,2012,gmina,Czchów,powiat brzeski,56
175,Osoby objęte dożywianiem na 1000 mieszkańców,2012,gmina,Dębno,powiat brzeski,19
175,Osoby objęte dożywianiem na 1000 mieszkańców,2012,gmina,Gnojnik,powiat brzeski,34
175,Osoby objęte dożywianiem na 1000 mieszkańców,2012,gmina,Iwkowa,powiat brzeski,35
175,Osoby objęte dożywianiem na 1000 mieszkańców,2012,gmina,Szczurowa,powiat brzeski,29
175,Osoby objęte dożywianiem na 1000 mieszkańców,2012,powiat,powiat chrzanowski,powiat chrzanowski,23
175,Osoby objęte dożywianiem na 1000 mieszkańców,2012,gmina,Alwernia,powiat chrzanowski,21
175,Osoby objęte dożywianiem na 1000 mieszkańców,2012,gmina,Babice,powiat chrzanowski,26
175,Osoby objęte dożywianiem na 1000 mieszkańców,2012,gmina,Chrzanów,powiat chrzanowski,27
175,Osoby objęte dożywianiem na 1000 mieszkańców,2012,gmina,Libiąż,powiat chrzanowski,13
175,Osoby objęte dożywianiem na 1000 mieszkańców,2012,gmina,Trzebinia,powiat chrzanowski,23
175,Osoby objęte dożywianiem na 1000 mieszkańców,2012,powiat,powiat dąbrowski,powiat dąbrowski,56
175,Osoby objęte dożywianiem na 1000 mieszkańców,2012,gmina,Bolesław,powiat dąbrowski,47
175,Osoby objęte dożywianiem na 1000 mieszkańców,2012,gmina,Dąbrowa Tarnowska,powiat dąbrowski,67
175,Osoby objęte dożywianiem na 1000 mieszkańców,2012,gmina,Gręboszów,powiat dąbrowski,57
175,Osoby objęte dożywianiem na 1000 mieszkańców,2012,gmina,Mędrzechów,powiat dąbrowski,45
175,Osoby objęte dożywianiem na 1000 mieszkańców,2012,gmina,Olesno,powiat dąbrowski,21
175,Osoby objęte dożywianiem na 1000 mieszkańców,2012,gmina,Radgoszcz,powiat dąbrowski,86
175,Osoby objęte dożywianiem na 1000 mieszkańców,2012,gmina,Szczucin,powiat dąbrowski,46
175,Osoby objęte dożywianiem na 1000 mieszkańców,2012,powiat,powiat gorlicki,powiat gorlicki,48
175,Osoby objęte dożywianiem na 1000 mieszkańców,2012,gmina,Biecz,powiat gorlicki,45
175,Osoby objęte dożywianiem na 1000 mieszkańców,2012,gmina,Bobowa,powiat gorlicki,85
175,Osoby objęte dożywianiem na 1000 mieszkańców,2012,gmina,Gorlice (miasto),powiat gorlicki,28
175,Osoby objęte dożywianiem na 1000 mieszkańców,2012,gmina,Gorlice (wieś),powiat gorlicki,49
175,Osoby objęte dożywianiem na 1000 mieszkańców,2012,gmina,Lipinki,powiat gorlicki,47
175,Osoby objęte dożywianiem na 1000 mieszkańców,2012,gmina,Łużna,powiat gorlicki,62
175,Osoby objęte dożywianiem na 1000 mieszkańców,2012,gmina,Moszczenica,powiat gorlicki,45
175,Osoby objęte dożywianiem na 1000 mieszkańców,2012,gmina,Ropa,powiat gorlicki,17
175,Osoby objęte dożywianiem na 1000 mieszkańców,2012,gmina,Sękowa,powiat gorlicki,118
175,Osoby objęte dożywianiem na 1000 mieszkańców,2012,gmina,Uście Gorlickie,powiat gorlicki,39
175,Osoby objęte dożywianiem na 1000 mieszkańców,2012,powiat,powiat krakowski,powiat krakowski,20
175,Osoby objęte dożywianiem na 1000 mieszkańców,2012,gmina,Czernichów,powiat krakowski,26
175,Osoby objęte dożywianiem na 1000 mieszkańców,2012,gmina,Igołomia-Wawrzeńczyce,powiat krakowski,29
175,Osoby objęte dożywianiem na 1000 mieszkańców,2012,gmina,Iwanowice,powiat krakowski,8
175,Osoby objęte dożywianiem na 1000 mieszkańców,2012,gmina,Jerzmanowice-Przeginia,powiat krakowski,13
175,Osoby objęte dożywianiem na 1000 mieszkańców,2012,gmina,Kocmyrzów-Luborzyca,powiat krakowski,12
175,Osoby objęte dożywianiem na 1000 mieszkańców,2012,gmina,Krzeszowice,powiat krakowski,20
175,Osoby objęte dożywianiem na 1000 mieszkańców,2012,gmina,Liszki,powiat krakowski,5
175,Osoby objęte dożywianiem na 1000 mieszkańców,2012,gmina,Michałowice,powiat krakowski,25
175,Osoby objęte dożywianiem na 1000 mieszkańców,2012,gmina,Mogilany,powiat krakowski,34
175,Osoby objęte dożywianiem na 1000 mieszkańców,2012,gmina,Skała,powiat krakowski,16
175,Osoby objęte dożywianiem na 1000 mieszkańców,2012,gmina,Skawina,powiat krakowski,21
175,Osoby objęte dożywianiem na 1000 mieszkańców,2012,gmina,Słomniki,powiat krakowski,45
175,Osoby objęte dożywianiem na 1000 mieszkańców,2012,gmina,Sułoszowa,powiat krakowski,20
175,Osoby objęte dożywianiem na 1000 mieszkańców,2012,gmina,Świątniki Górne,powiat krakowski,38
175,Osoby objęte dożywianiem na 1000 mieszkańców,2012,gmina,Wielka Wieś,powiat krakowski,28
175,Osoby objęte dożywianiem na 1000 mieszkańców,2012,gmina,Zabierzów,powiat krakowski,13
175,Osoby objęte dożywianiem na 1000 mieszkańców,2012,gmina,Zielonki,powiat krakowski,13
175,Osoby objęte dożywianiem na 1000 mieszkańców,2012,powiat,powiat limanowski,powiat limanowski,53
175,Osoby objęte dożywianiem na 1000 mieszkańców,2012,gmina,Dobra,powiat limanowski,42
175,Osoby objęte dożywianiem na 1000 mieszkańców,2012,gmina,Jodłownik,powiat limanowski,58
175,Osoby objęte dożywianiem na 1000 mieszkańców,2012,gmina,Kamienica,powiat limanowski,87
175,Osoby objęte dożywianiem na 1000 mieszkańców,2012,gmina,Laskowa,powiat limanowski,49
175,Osoby objęte dożywianiem na 1000 mieszkańców,2012,gmina,Limanowa (miasto),powiat limanowski,39
175,Osoby objęte dożywianiem na 1000 mieszkańców,2012,gmina,Limanowa (wieś),powiat limanowski,52
175,Osoby objęte dożywianiem na 1000 mieszkańców,2012,gmina,Łukowica,powiat limanowski,85
175,Osoby objęte dożywianiem na 1000 mieszkańców,2012,gmina,Mszana Dolna (miasto),powiat limanowski,22
175,Osoby objęte dożywianiem na 1000 mieszkańców,2012,gmina,Mszana Dolna (wieś),powiat limanowski,29
175,Osoby objęte dożywianiem na 1000 mieszkańców,2012,gmina,Niedźwiedź,powiat limanowski,100
175,Osoby objęte dożywianiem na 1000 mieszkańców,2012,gmina,Słopnice,powiat limanowski,84
175,Osoby objęte dożywianiem na 1000 mieszkańców,2012,gmina,Tymbark,powiat limanowski,40
175,Osoby objęte dożywianiem na 1000 mieszkańców,2012,powiat,powiat m. Kraków,powiat m. Kraków,26
175,Osoby objęte dożywianiem na 1000 mieszkańców,2012,powiat,powiat m. Nowy Sącz,powiat m. Nowy Sącz,32
175,Osoby objęte dożywianiem na 1000 mieszkańców,2012,powiat,powiat m. Tarnów,powiat m. Tarnów,57
175,Osoby objęte dożywianiem na 1000 mieszkańców,2012,powiat,powiat miechowski,powiat miechowski,34
175,Osoby objęte dożywianiem na 1000 mieszkańców,2012,gmina,Charsznica,powiat miechowski,39
175,Osoby objęte dożywianiem na 1000 mieszkańców,2012,gmina,Gołcza,powiat miechowski,24
175,Osoby objęte dożywianiem na 1000 mieszkańców,2012,gmina,Kozłów,powiat miechowski,40
175,Osoby objęte dożywianiem na 1000 mieszkańców,2012,gmina,Książ Wielki,powiat miechowski,40
175,Osoby objęte dożywianiem na 1000 mieszkańców,2012,gmina,Miechów,powiat miechowski,33
175,Osoby objęte dożywianiem na 1000 mieszkańców,2012,gmina,Racławice,powiat miechowski,18
175,Osoby objęte dożywianiem na 1000 mieszkańców,2012,gmina,Słaboszów,powiat miechowski,43
175,Osoby objęte dożywianiem na 1000 mieszkańców,2012,powiat,powiat myślenicki,powiat myślenicki,40
175,Osoby objęte dożywianiem na 1000 mieszkańców,2012,gmina,Dobczyce,powiat myślenicki,32
175,Osoby objęte dożywianiem na 1000 mieszkańców,2012,gmina,Lubień,powiat myślenicki,28
175,Osoby objęte dożywianiem na 1000 mieszkańców,2012,gmina,Myślenice,powiat myślenicki,33
175,Osoby objęte dożywianiem na 1000 mieszkańców,2012,gmina,Pcim,powiat myślenicki,30
175,Osoby objęte dożywianiem na 1000 mieszkańców,2012,gmina,Raciechowice,powiat myślenicki,101
175,Osoby objęte dożywianiem na 1000 mieszkańców,2012,gmina,Siepraw,powiat myślenicki,27
175,Osoby objęte dożywianiem na 1000 mieszkańców,2012,gmina,Sułkowice,powiat myślenicki,61
175,Osoby objęte dożywianiem na 1000 mieszkańców,2012,gmina,Tokarnia,powiat myślenicki,36
175,Osoby objęte dożywianiem na 1000 mieszkańców,2012,gmina,Wiśniowa,powiat myślenicki,67
175,Osoby objęte dożywianiem na 1000 mieszkańców,2012,powiat,powiat nowosądecki,powiat nowosądecki,67
175,Osoby objęte dożywianiem na 1000 mieszkańców,2012,gmina,Podegrodzie,powiat nowosądecki,65
175,Osoby objęte dożywianiem na 1000 mieszkańców,2012,gmina,Rytro,powiat nowosądecki,42
175,Osoby objęte dożywianiem na 1000 mieszkańców,2012,gmina,Stary Sącz,powiat nowosądecki,34
175,Osoby objęte dożywianiem na 1000 mieszkańców,2012,gmina,Chełmiec,powiat nowosądecki,78
175,Osoby objęte dożywianiem na 1000 mieszkańców,2012,gmina,Gródek nad Dunajcem,powiat nowosądecki,65
175,Osoby objęte dożywianiem na 1000 mieszkańców,2012,gmina,Grybów (miasto),powiat nowosądecki,87
175,Osoby objęte dożywianiem na 1000 mieszkańców,2012,gmina,Grybów (wieś),powiat nowosądecki,135
175,Osoby objęte dożywianiem na 1000 mieszkańców,2012,gmina,Kamionka Wielka,powiat nowosądecki,58
175,Osoby objęte dożywianiem na 1000 mieszkańców,2012,gmina,Korzenna,powiat nowosądecki,140
175,Osoby objęte dożywianiem na 1000 mieszkańców,2012,gmina,Krynica-Zdrój,powiat nowosądecki,23
175,Osoby objęte dożywianiem na 1000 mieszkańców,2012,gmina,Łabowa,powiat nowosądecki,24
175,Osoby objęte dożywianiem na 1000 mieszkańców,2012,gmina,Łącko,powiat nowosądecki,45
175,Osoby objęte dożywianiem na 1000 mieszkańców,2012,gmina,Łososina Dolna,powiat nowosądecki,32
175,Osoby objęte dożywianiem na 1000 mieszkańców,2012,gmina,Muszyna,powiat nowosądecki,39
175,Osoby objęte dożywianiem na 1000 mieszkańców,2012,gmina,Nawojowa,powiat nowosądecki,66
175,Osoby objęte dożywianiem na 1000 mieszkańców,2012,gmina,Piwniczna-Zdrój,powiat nowosądecki,58
175,Osoby objęte dożywianiem na 1000 mieszkańców,2012,powiat,powiat nowotarski,powiat nowotarski,28
175,Osoby objęte dożywianiem na 1000 mieszkańców,2012,gmina,Czarny Dunajec,powiat nowotarski,25
175,Osoby objęte dożywianiem na 1000 mieszkańców,2012,gmina,Czorsztyn,powiat nowotarski,9
175,Osoby objęte dożywianiem na 1000 mieszkańców,2012,gmina,Jabłonka,powiat nowotarski,24
175,Osoby objęte dożywianiem na 1000 mieszkańców,2012,gmina,Krościenko nad Dunajcem,powiat nowotarski,32
175,Osoby objęte dożywianiem na 1000 mieszkańców,2012,gmina,Lipnica Wielka,powiat nowotarski,39
175,Osoby objęte dożywianiem na 1000 mieszkańców,2012,gmina,Łapsze Niżne,powiat nowotarski,17
175,Osoby objęte dożywianiem na 1000 mieszkańców,2012,gmina,Nowy Targ (miasto),powiat nowotarski,27
175,Osoby objęte dożywianiem na 1000 mieszkańców,2012,gmina,Nowy Targ (wieś),powiat nowotarski,25
175,Osoby objęte dożywianiem na 1000 mieszkańców,2012,gmina,Ochotnica Dolna,powiat nowotarski,68
175,Osoby objęte dożywianiem na 1000 mieszkańców,2012,gmina,Raba Wyżna,powiat nowotarski,35
175,Osoby objęte dożywianiem na 1000 mieszkańców,2012,gmina,Rabka-Zdrój,powiat nowotarski,27
175,Osoby objęte dożywianiem na 1000 mieszkańców,2012,gmina,Spytkowice,powiat nowotarski,17
175,Osoby objęte dożywianiem na 1000 mieszkańców,2012,gmina,Szaflary,powiat nowotarski,20
175,Osoby objęte dożywianiem na 1000 mieszkańców,2012,gmina,Szczawnica,powiat nowotarski,29
175,Osoby objęte dożywianiem na 1000 mieszkańców,2012,powiat,powiat olkuski,powiat olkuski,23
175,Osoby objęte dożywianiem na 1000 mieszkańców,2012,gmina,Bolesław,powiat olkuski,22
175,Osoby objęte dożywianiem na 1000 mieszkańców,2012,gmina,Bukowno,powiat olkuski,40
175,Osoby objęte dożywianiem na 1000 mieszkańców,2012,gmina,Klucze,powiat olkuski,41
175,Osoby objęte dożywianiem na 1000 mieszkańców,2012,gmina,Olkusz,powiat olkuski,19
175,Osoby objęte dożywianiem na 1000 mieszkańców,2012,gmina,Trzyciąż,powiat olkuski,8
175,Osoby objęte dożywianiem na 1000 mieszkańców,2012,gmina,Wolbrom,powiat olkuski,16
175,Osoby objęte dożywianiem na 1000 mieszkańców,2012,powiat,powiat oświęcimski,powiat oświęcimski,20
175,Osoby objęte dożywianiem na 1000 mieszkańców,2012,gmina,Brzeszcze,powiat oświęcimski,21
175,Osoby objęte dożywianiem na 1000 mieszkańców,2012,gmina,Chełmek,powiat oświęcimski,6
175,Osoby objęte dożywianiem na 1000 mieszkańców,2012,gmina,Kęty,powiat oświęcimski,8
175,Osoby objęte dożywianiem na 1000 mieszkańców,2012,gmina,Osiek,powiat oświęcimski,9
175,Osoby objęte dożywianiem na 1000 mieszkańców,2012,gmina,Oświęcim (miasto),powiat oświęcimski,43
175,Osoby objęte dożywianiem na 1000 mieszkańców,2012,gmina,Oświęcim (wieś),powiat oświęcimski,11
175,Osoby objęte dożywianiem na 1000 mieszkańców,2012,gmina,Polanka Wielka,powiat oświęcimski,24
175,Osoby objęte dożywianiem na 1000 mieszkańców,2012,gmina,Przeciszów,powiat oświęcimski,18
175,Osoby objęte dożywianiem na 1000 mieszkańców,2012,gmina,Zator,powiat oświęcimski,8
175,Osoby objęte dożywianiem na 1000 mieszkańców,2012,powiat,powiat proszowicki,powiat proszowicki,30
175,Osoby objęte dożywianiem na 1000 mieszkańców,2012,gmina,Koniusza,powiat proszowicki,25
175,Osoby objęte dożywianiem na 1000 mieszkańców,2012,gmina,Koszyce,powiat proszowicki,41
175,Osoby objęte dożywianiem na 1000 mieszkańców,2012,gmina,Nowe Brzesko,powiat proszowicki,34
175,Osoby objęte dożywianiem na 1000 mieszkańców,2012,gmina,Pałecznica,powiat proszowicki,15
175,Osoby objęte dożywianiem na 1000 mieszkańców,2012,gmina,Proszowice,powiat proszowicki,35
175,Osoby objęte dożywianiem na 1000 mieszkańców,2012,gmina,Radziemice,powiat proszowicki,8
175,Osoby objęte dożywianiem na 1000 mieszkańców,2012,powiat,powiat suski,powiat suski,34
175,Osoby objęte dożywianiem na 1000 mieszkańców,2012,gmina,Budzów,powiat suski,19
175,Osoby objęte dożywianiem na 1000 mieszkańców,2012,gmina,Bystra-Sidzina,powiat suski,45
175,Osoby objęte dożywianiem na 1000 mieszkańców,2012,gmina,Jordanów (miasto),powiat suski,38
175,Osoby objęte dożywianiem na 1000 mieszkańców,2012,gmina,Jordanów (wieś),powiat suski,67
175,Osoby objęte dożywianiem na 1000 mieszkańców,2012,gmina,Maków Podhalański,powiat suski,19
175,Osoby objęte dożywianiem na 1000 mieszkańców,2012,gmina,Stryszawa,powiat suski,32
175,Osoby objęte dożywianiem na 1000 mieszkańców,2012,gmina,Sucha Beskidzka,powiat suski,30
175,Osoby objęte dożywianiem na 1000 mieszkańców,2012,gmina,Zawoja,powiat suski,27
175,Osoby objęte dożywianiem na 1000 mieszkańców,2012,gmina,Zembrzyce,powiat suski,40
175,Osoby objęte dożywianiem na 1000 mieszkańców,2012,powiat,powiat tarnowski,powiat tarnowski,38
175,Osoby objęte dożywianiem na 1000 mieszkańców,2012,gmina,Ciężkowice,powiat tarnowski,63
175,Osoby objęte dożywianiem na 1000 mieszkańców,2012,gmina,Gromnik,powiat tarnowski,24
175,Osoby objęte dożywianiem na 1000 mieszkańców,2012,gmina,Lisia Góra,powiat tarnowski,41
175,Osoby objęte dożywianiem na 1000 mieszkańców,2012,gmina,Pleśna,powiat tarnowski,19
175,Osoby objęte dożywianiem na 1000 mieszkańców,2012,gmina,Radłów,powiat tarnowski,45
175,Osoby objęte dożywianiem na 1000 mieszkańców,2012,gmina,Ryglice,powiat tarnowski,27
175,Osoby objęte dożywianiem na 1000 mieszkańców,2012,gmina,Rzepiennik Strzyżewski,powiat tarnowski,68
175,Osoby objęte dożywianiem na 1000 mieszkańców,2012,gmina,Skrzyszów,powiat tarnowski,32
175,Osoby objęte dożywianiem na 1000 mieszkańców,2012,gmina,Szerzyny,powiat tarnowski,62
175,Osoby objęte dożywianiem na 1000 mieszkańców,2012,gmina,Tarnów (wieś),powiat tarnowski,32
175,Osoby objęte dożywianiem na 1000 mieszkańców,2012,gmina,Tuchów,powiat tarnowski,20
175,Osoby objęte dożywianiem na 1000 mieszkańców,2012,gmina,Wierzchosławice,powiat tarnowski,40
175,Osoby objęte dożywianiem na 1000 mieszkańców,2012,gmina,Wietrzychowice,powiat tarnowski,41
175,Osoby objęte dożywianiem na 1000 mieszkańców,2012,gmina,Wojnicz,powiat tarnowski,41
175,Osoby objęte dożywianiem na 1000 mieszkańców,2012,gmina,Zakliczyn,powiat tarnowski,48
175,Osoby objęte dożywianiem na 1000 mieszkańców,2012,gmina,Żabno,powiat tarnowski,38
175,Osoby objęte dożywianiem na 1000 mieszkańców,2012,powiat,powiat tatrzański,powiat tatrzański,25
175,Osoby objęte dożywianiem na 1000 mieszkańców,2012,gmina,Biały Dunajec,powiat tatrzański,25
175,Osoby objęte dożywianiem na 1000 mieszkańców,2012,gmina,Bukowina Tatrzańska,powiat tatrzański,31
175,Osoby objęte dożywianiem na 1000 mieszkańców,2012,gmina,Kościelisko,powiat tatrzański,21
175,Osoby objęte dożywianiem na 1000 mieszkańców,2012,gmina,Poronin,powiat tatrzański,39
175,Osoby objęte dożywianiem na 1000 mieszkańców,2012,gmina,Zakopane,powiat tatrzański,18
175,Osoby objęte dożywianiem na 1000 mieszkańców,2012,powiat,powiat wadowicki,powiat wadowicki,21
175,Osoby objęte dożywianiem na 1000 mieszkańców,2012,gmina,Andrychów,powiat wadowicki,8
175,Osoby objęte dożywianiem na 1000 mieszkańców,2012,gmina,Brzeźnica,powiat wadowicki,46
175,Osoby objęte dożywianiem na 1000 mieszkańców,2012,gmina,Kalwaria Zebrzydowska,powiat wadowicki,15
175,Osoby objęte dożywianiem na 1000 mieszkańców,2012,gmina,Lanckorona,powiat wadowicki,53
175,Osoby objęte dożywianiem na 1000 mieszkańców,2012,gmina,Mucharz,powiat wadowicki,15
175,Osoby objęte dożywianiem na 1000 mieszkańców,2012,gmina,Spytkowice,powiat wadowicki,21
175,Osoby objęte dożywianiem na 1000 mieszkańców,2012,gmina,Stryszów,powiat wadowicki,28
175,Osoby objęte dożywianiem na 1000 mieszkańców,2012,gmina,Tomice,powiat wadowicki,20
175,Osoby objęte dożywianiem na 1000 mieszkańców,2012,gmina,Wadowice,powiat wadowicki,18
175,Osoby objęte dożywianiem na 1000 mieszkańców,2012,gmina,Wieprz,powiat wadowicki,46
175,Osoby objęte dożywianiem na 1000 mieszkańców,2012,powiat,powiat wielicki,powiat wielicki,24
175,Osoby objęte dożywianiem na 1000 mieszkańców,2012,gmina,Biskupice,powiat wielicki,24
175,Osoby objęte dożywianiem na 1000 mieszkańców,2012,gmina,Gdów,powiat wielicki,15
175,Osoby objęte dożywianiem na 1000 mieszkańców,2012,gmina,Kłaj,powiat wielicki,23
175,Osoby objęte dożywianiem na 1000 mieszkańców,2012,gmina,Niepołomice,powiat wielicki,20
175,Osoby objęte dożywianiem na 1000 mieszkańców,2012,gmina,Wieliczka,powiat wielicki,29
175,Osoby objęte dożywianiem na 1000 mieszkańców,2011,powiat,powiat bocheński,powiat bocheński,35
175,Osoby objęte dożywianiem na 1000 mieszkańców,2011,gmina,Bochnia (miasto),powiat bocheński,31
175,Osoby objęte dożywianiem na 1000 mieszkańców,2011,gmina,Bochnia (wieś),powiat bocheński,48
175,Osoby objęte dożywianiem na 1000 mieszkańców,2011,gmina,Drwinia,powiat bocheński,32
175,Osoby objęte dożywianiem na 1000 mieszkańców,2011,gmina,Lipnica Murowana,powiat bocheński,46
175,Osoby objęte dożywianiem na 1000 mieszkańców,2011,gmina,Łapanów,powiat bocheński,46
175,Osoby objęte dożywianiem na 1000 mieszkańców,2011,gmina,Nowy Wiśnicz,powiat bocheński,13
175,Osoby objęte dożywianiem na 1000 mieszkańców,2011,gmina,Rzezawa,powiat bocheński,29
175,Osoby objęte dożywianiem na 1000 mieszkańców,2011,gmina,Trzciana,powiat bocheński,65
175,Osoby objęte dożywianiem na 1000 mieszkańców,2011,gmina,Żegocina,powiat bocheński,29
175,Osoby objęte dożywianiem na 1000 mieszkańców,2011,powiat,powiat brzeski,powiat brzeski,30
175,Osoby objęte dożywianiem na 1000 mieszkańców,2011,gmina,Borzęcin,powiat brzeski,38
175,Osoby objęte dożywianiem na 1000 mieszkańców,2011,gmina,Brzesko,powiat brzeski,20
175,Osoby objęte dożywianiem na 1000 mieszkańców,2011,gmina,Czchów,powiat brzeski,60
175,Osoby objęte dożywianiem na 1000 mieszkańców,2011,gmina,Dębno,powiat brzeski,15
175,Osoby objęte dożywianiem na 1000 mieszkańców,2011,gmina,Gnojnik,powiat brzeski,37
175,Osoby objęte dożywianiem na 1000 mieszkańców,2011,gmina,Iwkowa,powiat brzeski,48
175,Osoby objęte dożywianiem na 1000 mieszkańców,2011,gmina,Szczurowa,powiat brzeski,32
175,Osoby objęte dożywianiem na 1000 mieszkańców,2011,powiat,powiat chrzanowski,powiat chrzanowski,26
175,Osoby objęte dożywianiem na 1000 mieszkańców,2011,gmina,Alwernia,powiat chrzanowski,18
175,Osoby objęte dożywianiem na 1000 mieszkańców,2011,gmina,Babice,powiat chrzanowski,34
175,Osoby objęte dożywianiem na 1000 mieszkańców,2011,gmina,Chrzanów,powiat chrzanowski,31
175,Osoby objęte dożywianiem na 1000 mieszkańców,2011,gmina,Libiąż,powiat chrzanowski,20
175,Osoby objęte dożywianiem na 1000 mieszkańców,2011,gmina,Trzebinia,powiat chrzanowski,23
175,Osoby objęte dożywianiem na 1000 mieszkańców,2011,powiat,powiat dąbrowski,powiat dąbrowski,58
175,Osoby objęte dożywianiem na 1000 mieszkańców,2011,gmina,Bolesław,powiat dąbrowski,61
175,Osoby objęte dożywianiem na 1000 mieszkańców,2011,gmina,Dąbrowa Tarnowska,powiat dąbrowski,68
175,Osoby objęte dożywianiem na 1000 mieszkańców,2011,gmina,Gręboszów,powiat dąbrowski,53
175,Osoby objęte dożywianiem na 1000 mieszkańców,2011,gmina,Mędrzechów,powiat dąbrowski,46
175,Osoby objęte dożywianiem na 1000 mieszkańców,2011,gmina,Olesno,powiat dąbrowski,22
175,Osoby objęte dożywianiem na 1000 mieszkańców,2011,gmina,Radgoszcz,powiat dąbrowski,87
175,Osoby objęte dożywianiem na 1000 mieszkańców,2011,gmina,Szczucin,powiat dąbrowski,52
175,Osoby objęte dożywianiem na 1000 mieszkańców,2011,powiat,powiat gorlicki,powiat gorlicki,52
175,Osoby objęte dożywianiem na 1000 mieszkańców,2011,gmina,Biecz,powiat gorlicki,48
175,Osoby objęte dożywianiem na 1000 mieszkańców,2011,gmina,Bobowa,powiat gorlicki,81
175,Osoby objęte dożywianiem na 1000 mieszkańców,2011,gmina,Gorlice (miasto),powiat gorlicki,27
175,Osoby objęte dożywianiem na 1000 mieszkańców,2011,gmina,Gorlice (wieś),powiat gorlicki,54
175,Osoby objęte dożywianiem na 1000 mieszkańców,2011,gmina,Lipinki,powiat gorlicki,56
175,Osoby objęte dożywianiem na 1000 mieszkańców,2011,gmina,Łużna,powiat gorlicki,62
175,Osoby objęte dożywianiem na 1000 mieszkańców,2011,gmina,Moszczenica,powiat gorlicki,44
175,Osoby objęte dożywianiem na 1000 mieszkańców,2011,gmina,Ropa,powiat gorlicki,29
175,Osoby objęte dożywianiem na 1000 mieszkańców,2011,gmina,Sękowa,powiat gorlicki,149
175,Osoby objęte dożywianiem na 1000 mieszkańców,2011,gmina,Uście Gorlickie,powiat gorlicki,56
175,Osoby objęte dożywianiem na 1000 mieszkańców,2011,powiat,powiat krakowski,powiat krakowski,19
175,Osoby objęte dożywianiem na 1000 mieszkańców,2011,gmina,Czernichów,powiat krakowski,24
175,Osoby objęte dożywianiem na 1000 mieszkańców,2011,gmina,Igołomia-Wawrzeńczyce,powiat krakowski,29
175,Osoby objęte dożywianiem na 1000 mieszkańców,2011,gmina,Iwanowice,powiat krakowski,11
175,Osoby objęte dożywianiem na 1000 mieszkańców,2011,gmina,Jerzmanowice-Przeginia,powiat krakowski,12
175,Osoby objęte dożywianiem na 1000 mieszkańców,2011,gmina,Kocmyrzów-Luborzyca,powiat krakowski,13
175,Osoby objęte dożywianiem na 1000 mieszkańców,2011,gmina,Krzeszowice,powiat krakowski,13
175,Osoby objęte dożywianiem na 1000 mieszkańców,2011,gmina,Liszki,powiat krakowski,6
175,Osoby objęte dożywianiem na 1000 mieszkańców,2011,gmina,Michałowice,powiat krakowski,23
175,Osoby objęte dożywianiem na 1000 mieszkańców,2011,gmina,Mogilany,powiat krakowski,34
175,Osoby objęte dożywianiem na 1000 mieszkańców,2011,gmina,Skała,powiat krakowski,15
175,Osoby objęte dożywianiem na 1000 mieszkańców,2011,gmina,Skawina,powiat krakowski,22
175,Osoby objęte dożywianiem na 1000 mieszkańców,2011,gmina,Słomniki,powiat krakowski,36
175,Osoby objęte dożywianiem na 1000 mieszkańców,2011,gmina,Sułoszowa,powiat krakowski,18
175,Osoby objęte dożywianiem na 1000 mieszkańców,2011,gmina,Świątniki Górne,powiat krakowski,37
175,Osoby objęte dożywianiem na 1000 mieszkańców,2011,gmina,Wielka Wieś,powiat krakowski,30
175,Osoby objęte dożywianiem na 1000 mieszkańców,2011,gmina,Zabierzów,powiat krakowski,14
175,Osoby objęte dożywianiem na 1000 mieszkańców,2011,gmina,Zielonki,powiat krakowski,12
175,Osoby objęte dożywianiem na 1000 mieszkańców,2011,powiat,powiat limanowski,powiat limanowski,53
175,Osoby objęte dożywianiem na 1000 mieszkańców,2011,gmina,Dobra,powiat limanowski,45
175,Osoby objęte dożywianiem na 1000 mieszkańców,2011,gmina,Jodłownik,powiat limanowski,57
175,Osoby objęte dożywianiem na 1000 mieszkańców,2011,gmina,Kamienica,powiat limanowski,92
175,Osoby objęte dożywianiem na 1000 mieszkańców,2011,gmina,Laskowa,powiat limanowski,46
175,Osoby objęte dożywianiem na 1000 mieszkańców,2011,gmina,Limanowa (miasto),powiat limanowski,42
175,Osoby objęte dożywianiem na 1000 mieszkańców,2011,gmina,Limanowa (wieś),powiat limanowski,56
175,Osoby objęte dożywianiem na 1000 mieszkańców,2011,gmina,Łukowica,powiat limanowski,76
175,Osoby objęte dożywianiem na 1000 mieszkańców,2011,gmina,Mszana Dolna (miasto),powiat limanowski,20
175,Osoby objęte dożywianiem na 1000 mieszkańców,2011,gmina,Mszana Dolna (wieś),powiat limanowski,27
175,Osoby objęte dożywianiem na 1000 mieszkańców,2011,gmina,Niedźwiedź,powiat limanowski,89
175,Osoby objęte dożywianiem na 1000 mieszkańców,2011,gmina,Słopnice,powiat limanowski,85
175,Osoby objęte dożywianiem na 1000 mieszkańców,2011,gmina,Tymbark,powiat limanowski,44
175,Osoby objęte dożywianiem na 1000 mieszkańców,2011,powiat,powiat m. Kraków,powiat m. Kraków,25
175,Osoby objęte dożywianiem na 1000 mieszkańców,2011,powiat,powiat m. Nowy Sącz,powiat m. Nowy Sącz,29
175,Osoby objęte dożywianiem na 1000 mieszkańców,2011,powiat,powiat m. Tarnów,powiat m. Tarnów,52
175,Osoby objęte dożywianiem na 1000 mieszkańców,2011,powiat,powiat miechowski,powiat miechowski,37
175,Osoby objęte dożywianiem na 1000 mieszkańców,2011,gmina,Charsznica,powiat miechowski,35
175,Osoby objęte dożywianiem na 1000 mieszkańców,2011,gmina,Gołcza,powiat miechowski,26
175,Osoby objęte dożywianiem na 1000 mieszkańców,2011,gmina,Kozłów,powiat miechowski,35
175,Osoby objęte dożywianiem na 1000 mieszkańców,2011,gmina,Książ Wielki,powiat miechowski,40
175,Osoby objęte dożywianiem na 1000 mieszkańców,2011,gmina,Miechów,powiat miechowski,38
175,Osoby objęte dożywianiem na 1000 mieszkańców,2011,gmina,Racławice,powiat miechowski,21
175,Osoby objęte dożywianiem na 1000 mieszkańców,2011,gmina,Słaboszów,powiat miechowski,56
175,Osoby objęte dożywianiem na 1000 mieszkańców,2011,powiat,powiat myślenicki,powiat myślenicki,40
175,Osoby objęte dożywianiem na 1000 mieszkańców,2011,gmina,Dobczyce,powiat myślenicki,27
175,Osoby objęte dożywianiem na 1000 mieszkańców,2011,gmina,Lubień,powiat myślenicki,28
175,Osoby objęte dożywianiem na 1000 mieszkańców,2011,gmina,Myślenice,powiat myślenicki,34
175,Osoby objęte dożywianiem na 1000 mieszkańców,2011,gmina,Pcim,powiat myślenicki,31
175,Osoby objęte dożywianiem na 1000 mieszkańców,2011,gmina,Raciechowice,powiat myślenicki,87
175,Osoby objęte dożywianiem na 1000 mieszkańców,2011,gmina,Siepraw,powiat myślenicki,26
175,Osoby objęte dożywianiem na 1000 mieszkańców,2011,gmina,Sułkowice,powiat myślenicki,58
175,Osoby objęte dożywianiem na 1000 mieszkańców,2011,gmina,Tokarnia,powiat myślenicki,37
175,Osoby objęte dożywianiem na 1000 mieszkańców,2011,gmina,Wiśniowa,powiat myślenicki,74
175,Osoby objęte dożywianiem na 1000 mieszkańców,2011,powiat,powiat nowosądecki,powiat nowosądecki,65
175,Osoby objęte dożywianiem na 1000 mieszkańców,2011,gmina,Podegrodzie,powiat nowosądecki,40
175,Osoby objęte dożywianiem na 1000 mieszkańców,2011,gmina,Rytro,powiat nowosądecki,49
175,Osoby objęte dożywianiem na 1000 mieszkańców,2011,gmina,Stary Sącz,powiat nowosądecki,36
175,Osoby objęte dożywianiem na 1000 mieszkańców,2011,gmina,Chełmiec,powiat nowosądecki,66
175,Osoby objęte dożywianiem na 1000 mieszkańców,2011,gmina,Gródek nad Dunajcem,powiat nowosądecki,62
175,Osoby objęte dożywianiem na 1000 mieszkańców,2011,gmina,Grybów (miasto),powiat nowosądecki,79
175,Osoby objęte dożywianiem na 1000 mieszkańców,2011,gmina,Grybów (wieś),powiat nowosądecki,132
175,Osoby objęte dożywianiem na 1000 mieszkańców,2011,gmina,Kamionka Wielka,powiat nowosądecki,67
175,Osoby objęte dożywianiem na 1000 mieszkańców,2011,gmina,Korzenna,powiat nowosądecki,137
175,Osoby objęte dożywianiem na 1000 mieszkańców,2011,gmina,Krynica-Zdrój,powiat nowosądecki,34
175,Osoby objęte dożywianiem na 1000 mieszkańców,2011,gmina,Łabowa,powiat nowosądecki,27
175,Osoby objęte dożywianiem na 1000 mieszkańców,2011,gmina,Łącko,powiat nowosądecki,46
175,Osoby objęte dożywianiem na 1000 mieszkańców,2011,gmina,Łososina Dolna,powiat nowosądecki,35
175,Osoby objęte dożywianiem na 1000 mieszkańców,2011,gmina,Muszyna,powiat nowosądecki,47
175,Osoby objęte dożywianiem na 1000 mieszkańców,2011,gmina,Nawojowa,powiat nowosądecki,66
175,Osoby objęte dożywianiem na 1000 mieszkańców,2011,gmina,Piwniczna-Zdrój,powiat nowosądecki,63
175,Osoby objęte dożywianiem na 1000 mieszkańców,2011,powiat,powiat nowotarski,powiat nowotarski,27
175,Osoby objęte dożywianiem na 1000 mieszkańców,2011,gmina,Czarny Dunajec,powiat nowotarski,25
175,Osoby objęte dożywianiem na 1000 mieszkańców,2011,gmina,Czorsztyn,powiat nowotarski,11
175,Osoby objęte dożywianiem na 1000 mieszkańców,2011,gmina,Jabłonka,powiat nowotarski,26
175,Osoby objęte dożywianiem na 1000 mieszkańców,2011,gmina,Krościenko nad Dunajcem,powiat nowotarski,26
175,Osoby objęte dożywianiem na 1000 mieszkańców,2011,gmina,Lipnica Wielka,powiat nowotarski,46
175,Osoby objęte dożywianiem na 1000 mieszkańców,2011,gmina,Łapsze Niżne,powiat nowotarski,17
175,Osoby objęte dożywianiem na 1000 mieszkańców,2011,gmina,Nowy Targ (miasto),powiat nowotarski,28
175,Osoby objęte dożywianiem na 1000 mieszkańców,2011,gmina,Nowy Targ (wieś),powiat nowotarski,22
175,Osoby objęte dożywianiem na 1000 mieszkańców,2011,gmina,Ochotnica Dolna,powiat nowotarski,72
175,Osoby objęte dożywianiem na 1000 mieszkańców,2011,gmina,Raba Wyżna,powiat nowotarski,26
175,Osoby objęte dożywianiem na 1000 mieszkańców,2011,gmina,Rabka-Zdrój,powiat nowotarski,27
175,Osoby objęte dożywianiem na 1000 mieszkańców,2011,gmina,Spytkowice,powiat nowotarski,23
175,Osoby objęte dożywianiem na 1000 mieszkańców,2011,gmina,Szaflary,powiat nowotarski,22
175,Osoby objęte dożywianiem na 1000 mieszkańców,2011,gmina,Szczawnica,powiat nowotarski,25
175,Osoby objęte dożywianiem na 1000 mieszkańców,2011,powiat,powiat olkuski,powiat olkuski,27
175,Osoby objęte dożywianiem na 1000 mieszkańców,2011,gmina,Bolesław,powiat olkuski,26
175,Osoby objęte dożywianiem na 1000 mieszkańców,2011,gmina,Bukowno,powiat olkuski,33
175,Osoby objęte dożywianiem na 1000 mieszkańców,2011,gmina,Klucze,powiat olkuski,47
175,Osoby objęte dożywianiem na 1000 mieszkańców,2011,gmina,Olkusz,powiat olkuski,24
175,Osoby objęte dożywianiem na 1000 mieszkańców,2011,gmina,Trzyciąż,powiat olkuski,21
175,Osoby objęte dożywianiem na 1000 mieszkańców,2011,gmina,Wolbrom,powiat olkuski,19
175,Osoby objęte dożywianiem na 1000 mieszkańców,2011,powiat,powiat oświęcimski,powiat oświęcimski,20
175,Osoby objęte dożywianiem na 1000 mieszkańców,2011,gmina,Brzeszcze,powiat oświęcimski,19
175,Osoby objęte dożywianiem na 1000 mieszkańców,2011,gmina,Chełmek,powiat oświęcimski,8
175,Osoby objęte dożywianiem na 1000 mieszkańców,2011,gmina,Kęty,powiat oświęcimski,9
175,Osoby objęte dożywianiem na 1000 mieszkańców,2011,gmina,Osiek,powiat oświęcimski,14
175,Osoby objęte dożywianiem na 1000 mieszkańców,2011,gmina,Oświęcim (miasto),powiat oświęcimski,42
175,Osoby objęte dożywianiem na 1000 mieszkańców,2011,gmina,Oświęcim (wieś),powiat oświęcimski,9
175,Osoby objęte dożywianiem na 1000 mieszkańców,2011,gmina,Polanka Wielka,powiat oświęcimski,18
175,Osoby objęte dożywianiem na 1000 mieszkańców,2011,gmina,Przeciszów,powiat oświęcimski,22
175,Osoby objęte dożywianiem na 1000 mieszkańców,2011,gmina,Zator,powiat oświęcimski,7
175,Osoby objęte dożywianiem na 1000 mieszkańców,2011,powiat,powiat proszowicki,powiat proszowicki,31
175,Osoby objęte dożywianiem na 1000 mieszkańców,2011,gmina,Koniusza,powiat proszowicki,32
175,Osoby objęte dożywianiem na 1000 mieszkańców,2011,gmina,Koszyce,powiat proszowicki,33
175,Osoby objęte dożywianiem na 1000 mieszkańców,2011,gmina,Nowe Brzesko,powiat proszowicki,33
175,Osoby objęte dożywianiem na 1000 mieszkańców,2011,gmina,Pałecznica,powiat proszowicki,16
175,Osoby objęte dożywianiem na 1000 mieszkańców,2011,gmina,Proszowice,powiat proszowicki,37
175,Osoby objęte dożywianiem na 1000 mieszkańców,2011,gmina,Radziemice,powiat proszowicki,18
175,Osoby objęte dożywianiem na 1000 mieszkańców,2011,powiat,powiat suski,powiat suski,38
175,Osoby objęte dożywianiem na 1000 mieszkańców,2011,gmina,Budzów,powiat suski,23
175,Osoby objęte dożywianiem na 1000 mieszkańców,2011,gmina,Bystra-Sidzina,powiat suski,46
175,Osoby objęte dożywianiem na 1000 mieszkańców,2011,gmina,Jordanów (miasto),powiat suski,45
175,Osoby objęte dożywianiem na 1000 mieszkańców,2011,gmina,Jordanów (wieś),powiat suski,90
175,Osoby objęte dożywianiem na 1000 mieszkańców,2011,gmina,Maków Podhalański,powiat suski,21
175,Osoby objęte dożywianiem na 1000 mieszkańców,2011,gmina,Stryszawa,powiat suski,33
175,Osoby objęte dożywianiem na 1000 mieszkańców,2011,gmina,Sucha Beskidzka,powiat suski,33
175,Osoby objęte dożywianiem na 1000 mieszkańców,2011,gmina,Zawoja,powiat suski,27
175,Osoby objęte dożywianiem na 1000 mieszkańców,2011,gmina,Zembrzyce,powiat suski,33
175,Osoby objęte dożywianiem na 1000 mieszkańców,2011,powiat,powiat tarnowski,powiat tarnowski,40
175,Osoby objęte dożywianiem na 1000 mieszkańców,2011,gmina,Ciężkowice,powiat tarnowski,99
175,Osoby objęte dożywianiem na 1000 mieszkańców,2011,gmina,Gromnik,powiat tarnowski,36
175,Osoby objęte dożywianiem na 1000 mieszkańców,2011,gmina,Lisia Góra,powiat tarnowski,48
175,Osoby objęte dożywianiem na 1000 mieszkańców,2011,gmina,Pleśna,powiat tarnowski,20
175,Osoby objęte dożywianiem na 1000 mieszkańców,2011,gmina,Radłów,powiat tarnowski,48
175,Osoby objęte dożywianiem na 1000 mieszkańców,2011,gmina,Ryglice,powiat tarnowski,30
175,Osoby objęte dożywianiem na 1000 mieszkańców,2011,gmina,Rzepiennik Strzyżewski,powiat tarnowski,66
175,Osoby objęte dożywianiem na 1000 mieszkańców,2011,gmina,Skrzyszów,powiat tarnowski,23
175,Osoby objęte dożywianiem na 1000 mieszkańców,2011,gmina,Szerzyny,powiat tarnowski,66
175,Osoby objęte dożywianiem na 1000 mieszkańców,2011,gmina,Tarnów (wieś),powiat tarnowski,31
175,Osoby objęte dożywianiem na 1000 mieszkańców,2011,gmina,Tuchów,powiat tarnowski,21
175,Osoby objęte dożywianiem na 1000 mieszkańców,2011,gmina,Wierzchosławice,powiat tarnowski,35
175,Osoby objęte dożywianiem na 1000 mieszkańców,2011,gmina,Wietrzychowice,powiat tarnowski,39
175,Osoby objęte dożywianiem na 1000 mieszkańców,2011,gmina,Wojnicz,powiat tarnowski,44
175,Osoby objęte dożywianiem na 1000 mieszkańców,2011,gmina,Zakliczyn,powiat tarnowski,51
175,Osoby objęte dożywianiem na 1000 mieszkańców,2011,gmina,Żabno,powiat tarnowski,35
175,Osoby objęte dożywianiem na 1000 mieszkańców,2011,powiat,powiat tatrzański,powiat tatrzański,28
175,Osoby objęte dożywianiem na 1000 mieszkańców,2011,gmina,Biały Dunajec,powiat tatrzański,28
175,Osoby objęte dożywianiem na 1000 mieszkańców,2011,gmina,Bukowina Tatrzańska,powiat tatrzański,35
175,Osoby objęte dożywianiem na 1000 mieszkańców,2011,gmina,Kościelisko,powiat tatrzański,24
175,Osoby objęte dożywianiem na 1000 mieszkańców,2011,gmina,Poronin,powiat tatrzański,43
175,Osoby objęte dożywianiem na 1000 mieszkańców,2011,gmina,Zakopane,powiat tatrzański,19
175,Osoby objęte dożywianiem na 1000 mieszkańców,2011,powiat,powiat wadowicki,powiat wadowicki,22
175,Osoby objęte dożywianiem na 1000 mieszkańców,2011,gmina,Andrychów,powiat wadowicki,8
175,Osoby objęte dożywianiem na 1000 mieszkańców,2011,gmina,Brzeźnica,powiat wadowicki,50
175,Osoby objęte dożywianiem na 1000 mieszkańców,2011,gmina,Kalwaria Zebrzydowska,powiat wadowicki,19
175,Osoby objęte dożywianiem na 1000 mieszkańców,2011,gmina,Lanckorona,powiat wadowicki,48
175,Osoby objęte dożywianiem na 1000 mieszkańców,2011,gmina,Mucharz,powiat wadowicki,35
175,Osoby objęte dożywianiem na 1000 mieszkańców,2011,gmina,Spytkowice,powiat wadowicki,27
175,Osoby objęte dożywianiem na 1000 mieszkańców,2011,gmina,Stryszów,powiat wadowicki,26
175,Osoby objęte dożywianiem na 1000 mieszkańców,2011,gmina,Tomice,powiat wadowicki,18
175,Osoby objęte dożywianiem na 1000 mieszkańców,2011,gmina,Wadowice,powiat wadowicki,19
175,Osoby objęte dożywianiem na 1000 mieszkańców,2011,gmina,Wieprz,powiat wadowicki,48
175,Osoby objęte dożywianiem na 1000 mieszkańców,2011,powiat,powiat wielicki,powiat wielicki,23
175,Osoby objęte dożywianiem na 1000 mieszkańców,2011,gmina,Biskupice,powiat wielicki,22
175,Osoby objęte dożywianiem na 1000 mieszkańców,2011,gmina,Gdów,powiat wielicki,15
175,Osoby objęte dożywianiem na 1000 mieszkańców,2011,gmina,Kłaj,powiat wielicki,24
175,Osoby objęte dożywianiem na 1000 mieszkańców,2011,gmina,Niepołomice,powiat wielicki,19
175,Osoby objęte dożywianiem na 1000 mieszkańców,2011,gmina,Wieliczka,powiat wielicki,28
175,Osoby objęte dożywianiem na 1000 mieszkańców,2010,powiat,powiat bocheński,powiat bocheński,39
175,Osoby objęte dożywianiem na 1000 mieszkańców,2010,gmina,Bochnia (miasto),powiat bocheński,37
175,Osoby objęte dożywianiem na 1000 mieszkańców,2010,gmina,Bochnia (wieś),powiat bocheński,50
175,Osoby objęte dożywianiem na 1000 mieszkańców,2010,gmina,Drwinia,powiat bocheński,34
175,Osoby objęte dożywianiem na 1000 mieszkańców,2010,gmina,Lipnica Murowana,powiat bocheński,49
175,Osoby objęte dożywianiem na 1000 mieszkańców,2010,gmina,Łapanów,powiat bocheński,44
175,Osoby objęte dożywianiem na 1000 mieszkańców,2010,gmina,Nowy Wiśnicz,powiat bocheński,13
175,Osoby objęte dożywianiem na 1000 mieszkańców,2010,gmina,Rzezawa,powiat bocheński,33
175,Osoby objęte dożywianiem na 1000 mieszkańców,2010,gmina,Trzciana,powiat bocheński,70
175,Osoby objęte dożywianiem na 1000 mieszkańców,2010,gmina,Żegocina,powiat bocheński,36
175,Osoby objęte dożywianiem na 1000 mieszkańców,2010,powiat,powiat brzeski,powiat brzeski,29
175,Osoby objęte dożywianiem na 1000 mieszkańców,2010,gmina,Borzęcin,powiat brzeski,35
175,Osoby objęte dożywianiem na 1000 mieszkańców,2010,gmina,Brzesko,powiat brzeski,21
175,Osoby objęte dożywianiem na 1000 mieszkańców,2010,gmina,Czchów,powiat brzeski,56
175,Osoby objęte dożywianiem na 1000 mieszkańców,2010,gmina,Dębno,powiat brzeski,12
175,Osoby objęte dożywianiem na 1000 mieszkańców,2010,gmina,Gnojnik,powiat brzeski,33
175,Osoby objęte dożywianiem na 1000 mieszkańców,2010,gmina,Iwkowa,powiat brzeski,54
175,Osoby objęte dożywianiem na 1000 mieszkańców,2010,gmina,Szczurowa,powiat brzeski,32
175,Osoby objęte dożywianiem na 1000 mieszkańców,2010,powiat,powiat chrzanowski,powiat chrzanowski,28
175,Osoby objęte dożywianiem na 1000 mieszkańców,2010,gmina,Alwernia,powiat chrzanowski,25
175,Osoby objęte dożywianiem na 1000 mieszkańców,2010,gmina,Babice,powiat chrzanowski,31
175,Osoby objęte dożywianiem na 1000 mieszkańców,2010,gmina,Chrzanów,powiat chrzanowski,33
175,Osoby objęte dożywianiem na 1000 mieszkańców,2010,gmina,Libiąż,powiat chrzanowski,20
175,Osoby objęte dożywianiem na 1000 mieszkańców,2010,gmina,Trzebinia,powiat chrzanowski,26
175,Osoby objęte dożywianiem na 1000 mieszkańców,2010,powiat,powiat dąbrowski,powiat dąbrowski,64
175,Osoby objęte dożywianiem na 1000 mieszkańców,2010,gmina,Bolesław,powiat dąbrowski,65
175,Osoby objęte dożywianiem na 1000 mieszkańców,2010,gmina,Dąbrowa Tarnowska,powiat dąbrowski,72
175,Osoby objęte dożywianiem na 1000 mieszkańców,2010,gmina,Gręboszów,powiat dąbrowski,54
175,Osoby objęte dożywianiem na 1000 mieszkańców,2010,gmina,Mędrzechów,powiat dąbrowski,57
175,Osoby objęte dożywianiem na 1000 mieszkańców,2010,gmina,Olesno,powiat dąbrowski,23
175,Osoby objęte dożywianiem na 1000 mieszkańców,2010,gmina,Radgoszcz,powiat dąbrowski,96
175,Osoby objęte dożywianiem na 1000 mieszkańców,2010,gmina,Szczucin,powiat dąbrowski,62
175,Osoby objęte dożywianiem na 1000 mieszkańców,2010,powiat,powiat gorlicki,powiat gorlicki,52
175,Osoby objęte dożywianiem na 1000 mieszkańców,2010,gmina,Biecz,powiat gorlicki,42
175,Osoby objęte dożywianiem na 1000 mieszkańców,2010,gmina,Bobowa,powiat gorlicki,87
175,Osoby objęte dożywianiem na 1000 mieszkańców,2010,gmina,Gorlice (miasto),powiat gorlicki,30
175,Osoby objęte dożywianiem na 1000 mieszkańców,2010,gmina,Gorlice (wieś),powiat gorlicki,50
175,Osoby objęte dożywianiem na 1000 mieszkańców,2010,gmina,Lipinki,powiat gorlicki,65
175,Osoby objęte dożywianiem na 1000 mieszkańców,2010,gmina,Łużna,powiat gorlicki,64
175,Osoby objęte dożywianiem na 1000 mieszkańców,2010,gmina,Moszczenica,powiat gorlicki,51
175,Osoby objęte dożywianiem na 1000 mieszkańców,2010,gmina,Ropa,powiat gorlicki,26
175,Osoby objęte dożywianiem na 1000 mieszkańców,2010,gmina,Sękowa,powiat gorlicki,106
175,Osoby objęte dożywianiem na 1000 mieszkańców,2010,gmina,Uście Gorlickie,powiat gorlicki,87
175,Osoby objęte dożywianiem na 1000 mieszkańców,2010,powiat,powiat krakowski,powiat krakowski,22
175,Osoby objęte dożywianiem na 1000 mieszkańców,2010,gmina,Czernichów,powiat krakowski,23
175,Osoby objęte dożywianiem na 1000 mieszkańców,2010,gmina,Igołomia-Wawrzeńczyce,powiat krakowski,28
175,Osoby objęte dożywianiem na 1000 mieszkańców,2010,gmina,Iwanowice,powiat krakowski,11
175,Osoby objęte dożywianiem na 1000 mieszkańców,2010,gmina,Jerzmanowice-Przeginia,powiat krakowski,15
175,Osoby objęte dożywianiem na 1000 mieszkańców,2010,gmina,Kocmyrzów-Luborzyca,powiat krakowski,16
175,Osoby objęte dożywianiem na 1000 mieszkańców,2010,gmina,Krzeszowice,powiat krakowski,14
175,Osoby objęte dożywianiem na 1000 mieszkańców,2010,gmina,Liszki,powiat krakowski,31
175,Osoby objęte dożywianiem na 1000 mieszkańców,2010,gmina,Michałowice,powiat krakowski,11
175,Osoby objęte dożywianiem na 1000 mieszkańców,2010,gmina,Mogilany,powiat krakowski,36
175,Osoby objęte dożywianiem na 1000 mieszkańców,2010,gmina,Skała,powiat krakowski,23
175,Osoby objęte dożywianiem na 1000 mieszkańców,2010,gmina,Skawina,powiat krakowski,24
175,Osoby objęte dożywianiem na 1000 mieszkańców,2010,gmina,Słomniki,powiat krakowski,32
175,Osoby objęte dożywianiem na 1000 mieszkańców,2010,gmina,Sułoszowa,powiat krakowski,18
175,Osoby objęte dożywianiem na 1000 mieszkańców,2010,gmina,Świątniki Górne,powiat krakowski,49
175,Osoby objęte dożywianiem na 1000 mieszkańców,2010,gmina,Wielka Wieś,powiat krakowski,28
175,Osoby objęte dożywianiem na 1000 mieszkańców,2010,gmina,Zabierzów,powiat krakowski,13
175,Osoby objęte dożywianiem na 1000 mieszkańców,2010,gmina,Zielonki,powiat krakowski,11
175,Osoby objęte dożywianiem na 1000 mieszkańców,2010,powiat,powiat limanowski,powiat limanowski,57
175,Osoby objęte dożywianiem na 1000 mieszkańców,2010,gmina,Dobra,powiat limanowski,52
175,Osoby objęte dożywianiem na 1000 mieszkańców,2010,gmina,Jodłownik,powiat limanowski,67
175,Osoby objęte dożywianiem na 1000 mieszkańców,2010,gmina,Kamienica,powiat limanowski,89
175,Osoby objęte dożywianiem na 1000 mieszkańców,2010,gmina,Laskowa,powiat limanowski,53
175,Osoby objęte dożywianiem na 1000 mieszkańców,2010,gmina,Limanowa (miasto),powiat limanowski,52
175,Osoby objęte dożywianiem na 1000 mieszkańców,2010,gmina,Limanowa (wieś),powiat limanowski,51
175,Osoby objęte dożywianiem na 1000 mieszkańców,2010,gmina,Łukowica,powiat limanowski,77
175,Osoby objęte dożywianiem na 1000 mieszkańców,2010,gmina,Mszana Dolna (miasto),powiat limanowski,25
175,Osoby objęte dożywianiem na 1000 mieszkańców,2010,gmina,Mszana Dolna (wieś),powiat limanowski,29
175,Osoby objęte dożywianiem na 1000 mieszkańców,2010,gmina,Niedźwiedź,powiat limanowski,88
175,Osoby objęte dożywianiem na 1000 mieszkańców,2010,gmina,Słopnice,powiat limanowski,99
175,Osoby objęte dożywianiem na 1000 mieszkańców,2010,gmina,Tymbark,powiat limanowski,62
175,Osoby objęte dożywianiem na 1000 mieszkańców,2010,powiat,powiat m. Kraków,powiat m. Kraków,26
175,Osoby objęte dożywianiem na 1000 mieszkańców,2010,powiat,powiat m. Nowy Sącz,powiat m. Nowy Sącz,28
175,Osoby objęte dożywianiem na 1000 mieszkańców,2010,powiat,powiat m. Tarnów,powiat m. Tarnów,51
175,Osoby objęte dożywianiem na 1000 mieszkańców,2010,powiat,powiat miechowski,powiat miechowski,37
175,Osoby objęte dożywianiem na 1000 mieszkańców,2010,gmina,Charsznica,powiat miechowski,40
175,Osoby objęte dożywianiem na 1000 mieszkańców,2010,gmina,Gołcza,powiat miechowski,25
175,Osoby objęte dożywianiem na 1000 mieszkańców,2010,gmina,Kozłów,powiat miechowski,43
175,Osoby objęte dożywianiem na 1000 mieszkańców,2010,gmina,Książ Wielki,powiat miechowski,49
175,Osoby objęte dożywianiem na 1000 mieszkańców,2010,gmina,Miechów,powiat miechowski,35
175,Osoby objęte dożywianiem na 1000 mieszkańców,2010,gmina,Racławice,powiat miechowski,19
175,Osoby objęte dożywianiem na 1000 mieszkańców,2010,gmina,Słaboszów,powiat miechowski,56
175,Osoby objęte dożywianiem na 1000 mieszkańców,2010,powiat,powiat myślenicki,powiat myślenicki,40
175,Osoby objęte dożywianiem na 1000 mieszkańców,2010,gmina,Dobczyce,powiat myślenicki,29
175,Osoby objęte dożywianiem na 1000 mieszkańców,2010,gmina,Lubień,powiat myślenicki,29
175,Osoby objęte dożywianiem na 1000 mieszkańców,2010,gmina,Myślenice,powiat myślenicki,30
175,Osoby objęte dożywianiem na 1000 mieszkańców,2010,gmina,Pcim,powiat myślenicki,30
175,Osoby objęte dożywianiem na 1000 mieszkańców,2010,gmina,Raciechowice,powiat myślenicki,95
175,Osoby objęte dożywianiem na 1000 mieszkańców,2010,gmina,Siepraw,powiat myślenicki,24
175,Osoby objęte dożywianiem na 1000 mieszkańców,2010,gmina,Sułkowice,powiat myślenicki,63
175,Osoby objęte dożywianiem na 1000 mieszkańców,2010,gmina,Tokarnia,powiat myślenicki,43
175,Osoby objęte dożywianiem na 1000 mieszkańców,2010,gmina,Wiśniowa,powiat myślenicki,82
175,Osoby objęte dożywianiem na 1000 mieszkańców,2010,powiat,powiat nowosądecki,powiat nowosądecki,71
175,Osoby objęte dożywianiem na 1000 mieszkańców,2010,gmina,Podegrodzie,powiat nowosądecki,40
175,Osoby objęte dożywianiem na 1000 mieszkańców,2010,gmina,Rytro,powiat nowosądecki,45
175,Osoby objęte dożywianiem na 1000 mieszkańców,2010,gmina,Stary Sącz,powiat nowosądecki,35
175,Osoby objęte dożywianiem na 1000 mieszkańców,2010,gmina,Chełmiec,powiat nowosądecki,66
175,Osoby objęte dożywianiem na 1000 mieszkańców,2010,gmina,Gródek nad Dunajcem,powiat nowosądecki,61
175,Osoby objęte dożywianiem na 1000 mieszkańców,2010,gmina,Grybów (miasto),powiat nowosądecki,97
175,Osoby objęte dożywianiem na 1000 mieszkańców,2010,gmina,Grybów (wieś),powiat nowosądecki,130
175,Osoby objęte dożywianiem na 1000 mieszkańców,2010,gmina,Kamionka Wielka,powiat nowosądecki,68
175,Osoby objęte dożywianiem na 1000 mieszkańców,2010,gmina,Korzenna,powiat nowosądecki,163
175,Osoby objęte dożywianiem na 1000 mieszkańców,2010,gmina,Krynica-Zdrój,powiat nowosądecki,44
175,Osoby objęte dożywianiem na 1000 mieszkańców,2010,gmina,Łabowa,powiat nowosądecki,27
175,Osoby objęte dożywianiem na 1000 mieszkańców,2010,gmina,Łącko,powiat nowosądecki,58
175,Osoby objęte dożywianiem na 1000 mieszkańców,2010,gmina,Łososina Dolna,powiat nowosądecki,42
175,Osoby objęte dożywianiem na 1000 mieszkańców,2010,gmina,Muszyna,powiat nowosądecki,41
175,Osoby objęte dożywianiem na 1000 mieszkańców,2010,gmina,Nawojowa,powiat nowosądecki,62
175,Osoby objęte dożywianiem na 1000 mieszkańców,2010,gmina,Piwniczna-Zdrój,powiat nowosądecki,110
175,Osoby objęte dożywianiem na 1000 mieszkańców,2010,powiat,powiat nowotarski,powiat nowotarski,28
175,Osoby objęte dożywianiem na 1000 mieszkańców,2010,gmina,Czarny Dunajec,powiat nowotarski,28
175,Osoby objęte dożywianiem na 1000 mieszkańców,2010,gmina,Czorsztyn,powiat nowotarski,15
175,Osoby objęte dożywianiem na 1000 mieszkańców,2010,gmina,Jabłonka,powiat nowotarski,25
175,Osoby objęte dożywianiem na 1000 mieszkańców,2010,gmina,Krościenko nad Dunajcem,powiat nowotarski,25
175,Osoby objęte dożywianiem na 1000 mieszkańców,2010,gmina,Lipnica Wielka,powiat nowotarski,55
175,Osoby objęte dożywianiem na 1000 mieszkańców,2010,gmina,Łapsze Niżne,powiat nowotarski,18
175,Osoby objęte dożywianiem na 1000 mieszkańców,2010,gmina,Nowy Targ (miasto),powiat nowotarski,24
175,Osoby objęte dożywianiem na 1000 mieszkańców,2010,gmina,Nowy Targ (wieś),powiat nowotarski,21
175,Osoby objęte dożywianiem na 1000 mieszkańców,2010,gmina,Ochotnica Dolna,powiat nowotarski,78
175,Osoby objęte dożywianiem na 1000 mieszkańców,2010,gmina,Raba Wyżna,powiat nowotarski,28
175,Osoby objęte dożywianiem na 1000 mieszkańców,2010,gmina,Rabka-Zdrój,powiat nowotarski,28
175,Osoby objęte dożywianiem na 1000 mieszkańców,2010,gmina,Spytkowice,powiat nowotarski,26
175,Osoby objęte dożywianiem na 1000 mieszkańców,2010,gmina,Szaflary,powiat nowotarski,24
175,Osoby objęte dożywianiem na 1000 mieszkańców,2010,gmina,Szczawnica,powiat nowotarski,20
175,Osoby objęte dożywianiem na 1000 mieszkańców,2010,powiat,powiat olkuski,powiat olkuski,30
175,Osoby objęte dożywianiem na 1000 mieszkańców,2010,gmina,Bolesław,powiat olkuski,30
175,Osoby objęte dożywianiem na 1000 mieszkańców,2010,gmina,Bukowno,powiat olkuski,37
175,Osoby objęte dożywianiem na 1000 mieszkańców,2010,gmina,Klucze,powiat olkuski,53
175,Osoby objęte dożywianiem na 1000 mieszkańców,2010,gmina,Olkusz,powiat olkuski,28
175,Osoby objęte dożywianiem na 1000 mieszkańców,2010,gmina,Trzyciąż,powiat olkuski,22
175,Osoby objęte dożywianiem na 1000 mieszkańców,2010,gmina,Wolbrom,powiat olkuski,19
175,Osoby objęte dożywianiem na 1000 mieszkańców,2010,powiat,powiat oświęcimski,powiat oświęcimski,22
175,Osoby objęte dożywianiem na 1000 mieszkańców,2010,gmina,Brzeszcze,powiat oświęcimski,22
175,Osoby objęte dożywianiem na 1000 mieszkańców,2010,gmina,Chełmek,powiat oświęcimski,7
175,Osoby objęte dożywianiem na 1000 mieszkańców,2010,gmina,Kęty,powiat oświęcimski,8
175,Osoby objęte dożywianiem na 1000 mieszkańców,2010,gmina,Osiek,powiat oświęcimski,15
175,Osoby objęte dożywianiem na 1000 mieszkańców,2010,gmina,Oświęcim (miasto),powiat oświęcimski,48
175,Osoby objęte dożywianiem na 1000 mieszkańców,2010,gmina,Oświęcim (wieś),powiat oświęcimski,10
175,Osoby objęte dożywianiem na 1000 mieszkańców,2010,gmina,Polanka Wielka,powiat oświęcimski,14
175,Osoby objęte dożywianiem na 1000 mieszkańców,2010,gmina,Przeciszów,powiat oświęcimski,21
175,Osoby objęte dożywianiem na 1000 mieszkańców,2010,gmina,Zator,powiat oświęcimski,10
175,Osoby objęte dożywianiem na 1000 mieszkańców,2010,powiat,powiat proszowicki,powiat proszowicki,30
175,Osoby objęte dożywianiem na 1000 mieszkańców,2010,gmina,Koniusza,powiat proszowicki,35
175,Osoby objęte dożywianiem na 1000 mieszkańców,2010,gmina,Koszyce,powiat proszowicki,28
175,Osoby objęte dożywianiem na 1000 mieszkańców,2010,gmina,Nowe Brzesko,powiat proszowicki,25
175,Osoby objęte dożywianiem na 1000 mieszkańców,2010,gmina,Pałecznica,powiat proszowicki,18
175,Osoby objęte dożywianiem na 1000 mieszkańców,2010,gmina,Proszowice,powiat proszowicki,37
175,Osoby objęte dożywianiem na 1000 mieszkańców,2010,gmina,Radziemice,powiat proszowicki,15
175,Osoby objęte dożywianiem na 1000 mieszkańców,2010,powiat,powiat suski,powiat suski,38
175,Osoby objęte dożywianiem na 1000 mieszkańców,2010,gmina,Budzów,powiat suski,25
175,Osoby objęte dożywianiem na 1000 mieszkańców,2010,gmina,Bystra-Sidzina,powiat suski,42
175,Osoby objęte dożywianiem na 1000 mieszkańców,2010,gmina,Jordanów (miasto),powiat suski,41
175,Osoby objęte dożywianiem na 1000 mieszkańców,2010,gmina,Jordanów (wieś),powiat suski,102
175,Osoby objęte dożywianiem na 1000 mieszkańców,2010,gmina,Maków Podhalański,powiat suski,21
175,Osoby objęte dożywianiem na 1000 mieszkańców,2010,gmina,Stryszawa,powiat suski,32
175,Osoby objęte dożywianiem na 1000 mieszkańców,2010,gmina,Sucha Beskidzka,powiat suski,22
175,Osoby objęte dożywianiem na 1000 mieszkańców,2010,gmina,Zawoja,powiat suski,31
175,Osoby objęte dożywianiem na 1000 mieszkańców,2010,gmina,Zembrzyce,powiat suski,33
175,Osoby objęte dożywianiem na 1000 mieszkańców,2010,powiat,powiat tarnowski,powiat tarnowski,42
175,Osoby objęte dożywianiem na 1000 mieszkańców,2010,gmina,Ciężkowice,powiat tarnowski,86
175,Osoby objęte dożywianiem na 1000 mieszkańców,2010,gmina,Gromnik,powiat tarnowski,47
175,Osoby objęte dożywianiem na 1000 mieszkańców,2010,gmina,Lisia Góra,powiat tarnowski,44
175,Osoby objęte dożywianiem na 1000 mieszkańców,2010,gmina,Pleśna,powiat tarnowski,25
175,Osoby objęte dożywianiem na 1000 mieszkańców,2010,gmina,Radłów,powiat tarnowski,43
175,Osoby objęte dożywianiem na 1000 mieszkańców,2010,gmina,Ryglice,powiat tarnowski,28
175,Osoby objęte dożywianiem na 1000 mieszkańców,2010,gmina,Rzepiennik Strzyżewski,powiat tarnowski,75
175,Osoby objęte dożywianiem na 1000 mieszkańców,2010,gmina,Skrzyszów,powiat tarnowski,32
175,Osoby objęte dożywianiem na 1000 mieszkańców,2010,gmina,Szerzyny,powiat tarnowski,68
175,Osoby objęte dożywianiem na 1000 mieszkańców,2010,gmina,Tarnów (wieś),powiat tarnowski,38
175,Osoby objęte dożywianiem na 1000 mieszkańców,2010,gmina,Tuchów,powiat tarnowski,23
175,Osoby objęte dożywianiem na 1000 mieszkańców,2010,gmina,Wierzchosławice,powiat tarnowski,28
175,Osoby objęte dożywianiem na 1000 mieszkańców,2010,gmina,Wietrzychowice,powiat tarnowski,46
175,Osoby objęte dożywianiem na 1000 mieszkańców,2010,gmina,Wojnicz,powiat tarnowski,41
175,Osoby objęte dożywianiem na 1000 mieszkańców,2010,gmina,Zakliczyn,powiat tarnowski,54
175,Osoby objęte dożywianiem na 1000 mieszkańców,2010,gmina,Żabno,powiat tarnowski,38
175,Osoby objęte dożywianiem na 1000 mieszkańców,2010,powiat,powiat tatrzański,powiat tatrzański,28
175,Osoby objęte dożywianiem na 1000 mieszkańców,2010,gmina,Biały Dunajec,powiat tatrzański,31
175,Osoby objęte dożywianiem na 1000 mieszkańców,2010,gmina,Bukowina Tatrzańska,powiat tatrzański,38
175,Osoby objęte dożywianiem na 1000 mieszkańców,2010,gmina,Kościelisko,powiat tatrzański,24
175,Osoby objęte dożywianiem na 1000 mieszkańców,2010,gmina,Poronin,powiat tatrzański,34
175,Osoby objęte dożywianiem na 1000 mieszkańców,2010,gmina,Zakopane,powiat tatrzański,22
175,Osoby objęte dożywianiem na 1000 mieszkańców,2010,powiat,powiat wadowicki,powiat wadowicki,22
175,Osoby objęte dożywianiem na 1000 mieszkańców,2010,gmina,Andrychów,powiat wadowicki,7
175,Osoby objęte dożywianiem na 1000 mieszkańców,2010,gmina,Brzeźnica,powiat wadowicki,57
175,Osoby objęte dożywianiem na 1000 mieszkańców,2010,gmina,Kalwaria Zebrzydowska,powiat wadowicki,14
175,Osoby objęte dożywianiem na 1000 mieszkańców,2010,gmina,Lanckorona,powiat wadowicki,37
175,Osoby objęte dożywianiem na 1000 mieszkańców,2010,gmina,Mucharz,powiat wadowicki,28
175,Osoby objęte dożywianiem na 1000 mieszkańców,2010,gmina,Spytkowice,powiat wadowicki,23
175,Osoby objęte dożywianiem na 1000 mieszkańców,2010,gmina,Stryszów,powiat wadowicki,34
175,Osoby objęte dożywianiem na 1000 mieszkańców,2010,gmina,Tomice,powiat wadowicki,21
175,Osoby objęte dożywianiem na 1000 mieszkańców,2010,gmina,Wadowice,powiat wadowicki,21
175,Osoby objęte dożywianiem na 1000 mieszkańców,2010,gmina,Wieprz,powiat wadowicki,51
175,Osoby objęte dożywianiem na 1000 mieszkańców,2010,powiat,powiat wielicki,powiat wielicki,23
175,Osoby objęte dożywianiem na 1000 mieszkańców,2010,gmina,Biskupice,powiat wielicki,24
175,Osoby objęte dożywianiem na 1000 mieszkańców,2010,gmina,Gdów,powiat wielicki,17
175,Osoby objęte dożywianiem na 1000 mieszkańców,2010,gmina,Kłaj,powiat wielicki,27
175,Osoby objęte dożywianiem na 1000 mieszkańców,2010,gmina,Niepołomice,powiat wielicki,15
175,Osoby objęte dożywianiem na 1000 mieszkańców,2010,gmina,Wieliczka,powiat wielicki,28
175,Osoby objęte dożywianiem na 1000 mieszkańców,2009,powiat,powiat bocheński,powiat bocheński,41
175,Osoby objęte dożywianiem na 1000 mieszkańców,2009,gmina,Bochnia (miasto),powiat bocheński,38
175,Osoby objęte dożywianiem na 1000 mieszkańców,2009,gmina,Bochnia (wieś),powiat bocheński,57
175,Osoby objęte dożywianiem na 1000 mieszkańców,2009,gmina,Drwinia,powiat bocheński,29
175,Osoby objęte dożywianiem na 1000 mieszkańców,2009,gmina,Lipnica Murowana,powiat bocheński,46
175,Osoby objęte dożywianiem na 1000 mieszkańców,2009,gmina,Łapanów,powiat bocheński,46
175,Osoby objęte dożywianiem na 1000 mieszkańców,2009,gmina,Nowy Wiśnicz,powiat bocheński,17
175,Osoby objęte dożywianiem na 1000 mieszkańców,2009,gmina,Rzezawa,powiat bocheński,36
175,Osoby objęte dożywianiem na 1000 mieszkańców,2009,gmina,Trzciana,powiat bocheński,83
175,Osoby objęte dożywianiem na 1000 mieszkańców,2009,gmina,Żegocina,powiat bocheński,42
175,Osoby objęte dożywianiem na 1000 mieszkańców,2009,powiat,powiat brzeski,powiat brzeski,35
175,Osoby objęte dożywianiem na 1000 mieszkańców,2009,gmina,Borzęcin,powiat brzeski,38
175,Osoby objęte dożywianiem na 1000 mieszkańców,2009,gmina,Brzesko,powiat brzeski,24
175,Osoby objęte dożywianiem na 1000 mieszkańców,2009,gmina,Czchów,powiat brzeski,80
175,Osoby objęte dożywianiem na 1000 mieszkańców,2009,gmina,Dębno,powiat brzeski,14
175,Osoby objęte dożywianiem na 1000 mieszkańców,2009,gmina,Gnojnik,powiat brzeski,32
175,Osoby objęte dożywianiem na 1000 mieszkańców,2009,gmina,Iwkowa,powiat brzeski,77
175,Osoby objęte dożywianiem na 1000 mieszkańców,2009,gmina,Szczurowa,powiat brzeski,32
175,Osoby objęte dożywianiem na 1000 mieszkańców,2009,powiat,powiat chrzanowski,powiat chrzanowski,27
175,Osoby objęte dożywianiem na 1000 mieszkańców,2009,gmina,Alwernia,powiat chrzanowski,23
175,Osoby objęte dożywianiem na 1000 mieszkańców,2009,gmina,Babice,powiat chrzanowski,31
175,Osoby objęte dożywianiem na 1000 mieszkańców,2009,gmina,Chrzanów,powiat chrzanowski,33
175,Osoby objęte dożywianiem na 1000 mieszkańców,2009,gmina,Libiąż,powiat chrzanowski,13
175,Osoby objęte dożywianiem na 1000 mieszkańców,2009,gmina,Trzebinia,powiat chrzanowski,29
175,Osoby objęte dożywianiem na 1000 mieszkańców,2009,powiat,powiat dąbrowski,powiat dąbrowski,68
175,Osoby objęte dożywianiem na 1000 mieszkańców,2009,gmina,Bolesław,powiat dąbrowski,120
175,Osoby objęte dożywianiem na 1000 mieszkańców,2009,gmina,Dąbrowa Tarnowska,powiat dąbrowski,65
175,Osoby objęte dożywianiem na 1000 mieszkańców,2009,gmina,Gręboszów,powiat dąbrowski,67
175,Osoby objęte dożywianiem na 1000 mieszkańców,2009,gmina,Mędrzechów,powiat dąbrowski,56
175,Osoby objęte dożywianiem na 1000 mieszkańców,2009,gmina,Olesno,powiat dąbrowski,25
175,Osoby objęte dożywianiem na 1000 mieszkańców,2009,gmina,Radgoszcz,powiat dąbrowski,121
175,Osoby objęte dożywianiem na 1000 mieszkańców,2009,gmina,Szczucin,powiat dąbrowski,63
175,Osoby objęte dożywianiem na 1000 mieszkańców,2009,powiat,powiat gorlicki,powiat gorlicki,58
175,Osoby objęte dożywianiem na 1000 mieszkańców,2009,gmina,Biecz,powiat gorlicki,39
175,Osoby objęte dożywianiem na 1000 mieszkańców,2009,gmina,Bobowa,powiat gorlicki,105
175,Osoby objęte dożywianiem na 1000 mieszkańców,2009,gmina,Gorlice (miasto),powiat gorlicki,27
175,Osoby objęte dożywianiem na 1000 mieszkańców,2009,gmina,Gorlice (wieś),powiat gorlicki,57
175,Osoby objęte dożywianiem na 1000 mieszkańców,2009,gmina,Lipinki,powiat gorlicki,102
175,Osoby objęte dożywianiem na 1000 mieszkańców,2009,gmina,Łużna,powiat gorlicki,68
175,Osoby objęte dożywianiem na 1000 mieszkańców,2009,gmina,Moszczenica,powiat gorlicki,50
175,Osoby objęte dożywianiem na 1000 mieszkańców,2009,gmina,Ropa,powiat gorlicki,37
175,Osoby objęte dożywianiem na 1000 mieszkańców,2009,gmina,Sękowa,powiat gorlicki,113
175,Osoby objęte dożywianiem na 1000 mieszkańców,2009,gmina,Uście Gorlickie,powiat gorlicki,92
175,Osoby objęte dożywianiem na 1000 mieszkańców,2009,powiat,powiat krakowski,powiat krakowski,23
175,Osoby objęte dożywianiem na 1000 mieszkańców,2009,gmina,Czernichów,powiat krakowski,27
175,Osoby objęte dożywianiem na 1000 mieszkańców,2009,gmina,Igołomia-Wawrzeńczyce,powiat krakowski,29
175,Osoby objęte dożywianiem na 1000 mieszkańców,2009,gmina,Iwanowice,powiat krakowski,20
175,Osoby objęte dożywianiem na 1000 mieszkańców,2009,gmina,Jerzmanowice-Przeginia,powiat krakowski,14
175,Osoby objęte dożywianiem na 1000 mieszkańców,2009,gmina,Kocmyrzów-Luborzyca,powiat krakowski,18
175,Osoby objęte dożywianiem na 1000 mieszkańców,2009,gmina,Krzeszowice,powiat krakowski,13
175,Osoby objęte dożywianiem na 1000 mieszkańców,2009,gmina,Liszki,powiat krakowski,31
175,Osoby objęte dożywianiem na 1000 mieszkańców,2009,gmina,Michałowice,powiat krakowski,24
175,Osoby objęte dożywianiem na 1000 mieszkańców,2009,gmina,Mogilany,powiat krakowski,41
175,Osoby objęte dożywianiem na 1000 mieszkańców,2009,gmina,Skała,powiat krakowski,26
175,Osoby objęte dożywianiem na 1000 mieszkańców,2009,gmina,Skawina,powiat krakowski,23
175,Osoby objęte dożywianiem na 1000 mieszkańców,2009,gmina,Słomniki,powiat krakowski,29
175,Osoby objęte dożywianiem na 1000 mieszkańców,2009,gmina,Sułoszowa,powiat krakowski,19
175,Osoby objęte dożywianiem na 1000 mieszkańców,2009,gmina,Świątniki Górne,powiat krakowski,46
175,Osoby objęte dożywianiem na 1000 mieszkańców,2009,gmina,Wielka Wieś,powiat krakowski,33
175,Osoby objęte dożywianiem na 1000 mieszkańców,2009,gmina,Zabierzów,powiat krakowski,15
175,Osoby objęte dożywianiem na 1000 mieszkańców,2009,gmina,Zielonki,powiat krakowski,13
175,Osoby objęte dożywianiem na 1000 mieszkańców,2009,powiat,powiat limanowski,powiat limanowski,61
175,Osoby objęte dożywianiem na 1000 mieszkańców,2009,gmina,Dobra,powiat limanowski,47
175,Osoby objęte dożywianiem na 1000 mieszkańców,2009,gmina,Jodłownik,powiat limanowski,81
175,Osoby objęte dożywianiem na 1000 mieszkańców,2009,gmina,Kamienica,powiat limanowski,100
175,Osoby objęte dożywianiem na 1000 mieszkańców,2009,gmina,Laskowa,powiat limanowski,62
175,Osoby objęte dożywianiem na 1000 mieszkańców,2009,gmina,Limanowa (miasto),powiat limanowski,58
175,Osoby objęte dożywianiem na 1000 mieszkańców,2009,gmina,Limanowa (wieś),powiat limanowski,50
175,Osoby objęte dożywianiem na 1000 mieszkańców,2009,gmina,Łukowica,powiat limanowski,80
175,Osoby objęte dożywianiem na 1000 mieszkańców,2009,gmina,Mszana Dolna (miasto),powiat limanowski,25
175,Osoby objęte dożywianiem na 1000 mieszkańców,2009,gmina,Mszana Dolna (wieś),powiat limanowski,35
175,Osoby objęte dożywianiem na 1000 mieszkańców,2009,gmina,Niedźwiedź,powiat limanowski,91
175,Osoby objęte dożywianiem na 1000 mieszkańców,2009,gmina,Słopnice,powiat limanowski,99
175,Osoby objęte dożywianiem na 1000 mieszkańców,2009,gmina,Tymbark,powiat limanowski,72
175,Osoby objęte dożywianiem na 1000 mieszkańców,2009,powiat,powiat m. Kraków,powiat m. Kraków,26
175,Osoby objęte dożywianiem na 1000 mieszkańców,2009,powiat,powiat m. Nowy Sącz,powiat m. Nowy Sącz,32
175,Osoby objęte dożywianiem na 1000 mieszkańców,2009,powiat,powiat m. Tarnów,powiat m. Tarnów,55
175,Osoby objęte dożywianiem na 1000 mieszkańców,2009,powiat,powiat miechowski,powiat miechowski,37
175,Osoby objęte dożywianiem na 1000 mieszkańców,2009,gmina,Charsznica,powiat miechowski,39
175,Osoby objęte dożywianiem na 1000 mieszkańców,2009,gmina,Gołcza,powiat miechowski,24
175,Osoby objęte dożywianiem na 1000 mieszkańców,2009,gmina,Kozłów,powiat miechowski,36
175,Osoby objęte dożywianiem na 1000 mieszkańców,2009,gmina,Książ Wielki,powiat miechowski,45
175,Osoby objęte dożywianiem na 1000 mieszkańców,2009,gmina,Miechów,powiat miechowski,36
175,Osoby objęte dożywianiem na 1000 mieszkańców,2009,gmina,Racławice,powiat miechowski,21
175,Osoby objęte dożywianiem na 1000 mieszkańców,2009,gmina,Słaboszów,powiat miechowski,63
175,Osoby objęte dożywianiem na 1000 mieszkańców,2009,powiat,powiat myślenicki,powiat myślenicki,40
175,Osoby objęte dożywianiem na 1000 mieszkańców,2009,gmina,Dobczyce,powiat myślenicki,27
175,Osoby objęte dożywianiem na 1000 mieszkańców,2009,gmina,Lubień,powiat myślenicki,34
175,Osoby objęte dożywianiem na 1000 mieszkańców,2009,gmina,Myślenice,powiat myślenicki,24
175,Osoby objęte dożywianiem na 1000 mieszkańców,2009,gmina,Pcim,powiat myślenicki,29
175,Osoby objęte dożywianiem na 1000 mieszkańców,2009,gmina,Raciechowice,powiat myślenicki,89
175,Osoby objęte dożywianiem na 1000 mieszkańców,2009,gmina,Siepraw,powiat myślenicki,29
175,Osoby objęte dożywianiem na 1000 mieszkańców,2009,gmina,Sułkowice,powiat myślenicki,62
175,Osoby objęte dożywianiem na 1000 mieszkańców,2009,gmina,Tokarnia,powiat myślenicki,58
175,Osoby objęte dożywianiem na 1000 mieszkańców,2009,gmina,Wiśniowa,powiat myślenicki,86
175,Osoby objęte dożywianiem na 1000 mieszkańców,2009,powiat,powiat nowosądecki,powiat nowosądecki,70
175,Osoby objęte dożywianiem na 1000 mieszkańców,2009,gmina,Podegrodzie,powiat nowosądecki,49
175,Osoby objęte dożywianiem na 1000 mieszkańców,2009,gmina,Rytro,powiat nowosądecki,46
175,Osoby objęte dożywianiem na 1000 mieszkańców,2009,gmina,Stary Sącz,powiat nowosądecki,43
175,Osoby objęte dożywianiem na 1000 mieszkańców,2009,gmina,Chełmiec,powiat nowosądecki,60
175,Osoby objęte dożywianiem na 1000 mieszkańców,2009,gmina,Gródek nad Dunajcem,powiat nowosądecki,75
175,Osoby objęte dożywianiem na 1000 mieszkańców,2009,gmina,Grybów (miasto),powiat nowosądecki,97
175,Osoby objęte dożywianiem na 1000 mieszkańców,2009,gmina,Grybów (wieś),powiat nowosądecki,136
175,Osoby objęte dożywianiem na 1000 mieszkańców,2009,gmina,Kamionka Wielka,powiat nowosądecki,64
175,Osoby objęte dożywianiem na 1000 mieszkańców,2009,gmina,Korzenna,powiat nowosądecki,153
175,Osoby objęte dożywianiem na 1000 mieszkańców,2009,gmina,Krynica-Zdrój,powiat nowosądecki,30
175,Osoby objęte dożywianiem na 1000 mieszkańców,2009,gmina,Łabowa,powiat nowosądecki,38
175,Osoby objęte dożywianiem na 1000 mieszkańców,2009,gmina,Łącko,powiat nowosądecki,65
175,Osoby objęte dożywianiem na 1000 mieszkańców,2009,gmina,Łososina Dolna,powiat nowosądecki,30
175,Osoby objęte dożywianiem na 1000 mieszkańców,2009,gmina,Muszyna,powiat nowosądecki,39
175,Osoby objęte dożywianiem na 1000 mieszkańców,2009,gmina,Nawojowa,powiat nowosądecki,59
175,Osoby objęte dożywianiem na 1000 mieszkańców,2009,gmina,Piwniczna-Zdrój,powiat nowosądecki,77
175,Osoby objęte dożywianiem na 1000 mieszkańców,2009,powiat,powiat nowotarski,powiat nowotarski,30
175,Osoby objęte dożywianiem na 1000 mieszkańców,2009,gmina,Czarny Dunajec,powiat nowotarski,22
175,Osoby objęte dożywianiem na 1000 mieszkańców,2009,gmina,Czorsztyn,powiat nowotarski,24
175,Osoby objęte dożywianiem na 1000 mieszkańców,2009,gmina,Jabłonka,powiat nowotarski,26
175,Osoby objęte dożywianiem na 1000 mieszkańców,2009,gmina,Krościenko nad Dunajcem,powiat nowotarski,29
175,Osoby objęte dożywianiem na 1000 mieszkańców,2009,gmina,Lipnica Wielka,powiat nowotarski,55
175,Osoby objęte dożywianiem na 1000 mieszkańców,2009,gmina,Łapsze Niżne,powiat nowotarski,31
175,Osoby objęte dożywianiem na 1000 mieszkańców,2009,gmina,Nowy Targ (miasto),powiat nowotarski,28
175,Osoby objęte dożywianiem na 1000 mieszkańców,2009,gmina,Nowy Targ (wieś),powiat nowotarski,15
175,Osoby objęte dożywianiem na 1000 mieszkańców,2009,gmina,Ochotnica Dolna,powiat nowotarski,92
175,Osoby objęte dożywianiem na 1000 mieszkańców,2009,gmina,Raba Wyżna,powiat nowotarski,34
175,Osoby objęte dożywianiem na 1000 mieszkańców,2009,gmina,Rabka-Zdrój,powiat nowotarski,41
175,Osoby objęte dożywianiem na 1000 mieszkańców,2009,gmina,Spytkowice,powiat nowotarski,28
175,Osoby objęte dożywianiem na 1000 mieszkańców,2009,gmina,Szaflary,powiat nowotarski,24
175,Osoby objęte dożywianiem na 1000 mieszkańców,2009,gmina,Szczawnica,powiat nowotarski,21
175,Osoby objęte dożywianiem na 1000 mieszkańców,2009,powiat,powiat olkuski,powiat olkuski,35
175,Osoby objęte dożywianiem na 1000 mieszkańców,2009,gmina,Bolesław,powiat olkuski,27
175,Osoby objęte dożywianiem na 1000 mieszkańców,2009,gmina,Bukowno,powiat olkuski,43
175,Osoby objęte dożywianiem na 1000 mieszkańców,2009,gmina,Klucze,powiat olkuski,72
175,Osoby objęte dożywianiem na 1000 mieszkańców,2009,gmina,Olkusz,powiat olkuski,32
175,Osoby objęte dożywianiem na 1000 mieszkańców,2009,gmina,Trzyciąż,powiat olkuski,23
175,Osoby objęte dożywianiem na 1000 mieszkańców,2009,gmina,Wolbrom,powiat olkuski,20
175,Osoby objęte dożywianiem na 1000 mieszkańców,2009,powiat,powiat oświęcimski,powiat oświęcimski,25
175,Osoby objęte dożywianiem na 1000 mieszkańców,2009,gmina,Brzeszcze,powiat oświęcimski,30
175,Osoby objęte dożywianiem na 1000 mieszkańców,2009,gmina,Chełmek,powiat oświęcimski,22
175,Osoby objęte dożywianiem na 1000 mieszkańców,2009,gmina,Kęty,powiat oświęcimski,9
175,Osoby objęte dożywianiem na 1000 mieszkańców,2009,gmina,Osiek,powiat oświęcimski,14
175,Osoby objęte dożywianiem na 1000 mieszkańców,2009,gmina,Oświęcim (miasto),powiat oświęcimski,46
175,Osoby objęte dożywianiem na 1000 mieszkańców,2009,gmina,Oświęcim (wieś),powiat oświęcimski,13
175,Osoby objęte dożywianiem na 1000 mieszkańców,2009,gmina,Polanka Wielka,powiat oświęcimski,11
175,Osoby objęte dożywianiem na 1000 mieszkańców,2009,gmina,Przeciszów,powiat oświęcimski,27
175,Osoby objęte dożywianiem na 1000 mieszkańców,2009,gmina,Zator,powiat oświęcimski,21
175,Osoby objęte dożywianiem na 1000 mieszkańców,2009,powiat,powiat proszowicki,powiat proszowicki,33
175,Osoby objęte dożywianiem na 1000 mieszkańców,2009,gmina,Koniusza,powiat proszowicki,38
175,Osoby objęte dożywianiem na 1000 mieszkańców,2009,gmina,Koszyce,powiat proszowicki,35
175,Osoby objęte dożywianiem na 1000 mieszkańców,2009,gmina,Nowe Brzesko,powiat proszowicki,22
175,Osoby objęte dożywianiem na 1000 mieszkańców,2009,gmina,Pałecznica,powiat proszowicki,21
175,Osoby objęte dożywianiem na 1000 mieszkańców,2009,gmina,Proszowice,powiat proszowicki,40
175,Osoby objęte dożywianiem na 1000 mieszkańców,2009,gmina,Radziemice,powiat proszowicki,19
175,Osoby objęte dożywianiem na 1000 mieszkańców,2009,powiat,powiat suski,powiat suski,40
175,Osoby objęte dożywianiem na 1000 mieszkańców,2009,gmina,Budzów,powiat suski,23
175,Osoby objęte dożywianiem na 1000 mieszkańców,2009,gmina,Bystra-Sidzina,powiat suski,65
175,Osoby objęte dożywianiem na 1000 mieszkańców,2009,gmina,Jordanów (miasto),powiat suski,43
175,Osoby objęte dożywianiem na 1000 mieszkańców,2009,gmina,Jordanów (wieś),powiat suski,76
175,Osoby objęte dożywianiem na 1000 mieszkańców,2009,gmina,Maków Podhalański,powiat suski,22
175,Osoby objęte dożywianiem na 1000 mieszkańców,2009,gmina,Stryszawa,powiat suski,39
175,Osoby objęte dożywianiem na 1000 mieszkańców,2009,gmina,Sucha Beskidzka,powiat suski,25
175,Osoby objęte dożywianiem na 1000 mieszkańców,2009,gmina,Zawoja,powiat suski,31
175,Osoby objęte dożywianiem na 1000 mieszkańców,2009,gmina,Zembrzyce,powiat suski,51
175,Osoby objęte dożywianiem na 1000 mieszkańców,2009,powiat,powiat tarnowski,powiat tarnowski,48
175,Osoby objęte dożywianiem na 1000 mieszkańców,2009,gmina,Ciężkowice,powiat tarnowski,93
175,Osoby objęte dożywianiem na 1000 mieszkańców,2009,gmina,Gromnik,powiat tarnowski,46
175,Osoby objęte dożywianiem na 1000 mieszkańców,2009,gmina,Lisia Góra,powiat tarnowski,47
175,Osoby objęte dożywianiem na 1000 mieszkańców,2009,gmina,Pleśna,powiat tarnowski,43
175,Osoby objęte dożywianiem na 1000 mieszkańców,2009,gmina,Radłów,powiat tarnowski,49
175,Osoby objęte dożywianiem na 1000 mieszkańców,2009,gmina,Ryglice,powiat tarnowski,40
175,Osoby objęte dożywianiem na 1000 mieszkańców,2009,gmina,Rzepiennik Strzyżewski,powiat tarnowski,78
175,Osoby objęte dożywianiem na 1000 mieszkańców,2009,gmina,Skrzyszów,powiat tarnowski,37
175,Osoby objęte dożywianiem na 1000 mieszkańców,2009,gmina,Szerzyny,powiat tarnowski,93
175,Osoby objęte dożywianiem na 1000 mieszkańców,2009,gmina,Tarnów (wieś),powiat tarnowski,38
175,Osoby objęte dożywianiem na 1000 mieszkańców,2009,gmina,Tuchów,powiat tarnowski,25
175,Osoby objęte dożywianiem na 1000 mieszkańców,2009,gmina,Wierzchosławice,powiat tarnowski,30
175,Osoby objęte dożywianiem na 1000 mieszkańców,2009,gmina,Wietrzychowice,powiat tarnowski,42
175,Osoby objęte dożywianiem na 1000 mieszkańców,2009,gmina,Wojnicz,powiat tarnowski,40
175,Osoby objęte dożywianiem na 1000 mieszkańców,2009,gmina,Zakliczyn,powiat tarnowski,55
175,Osoby objęte dożywianiem na 1000 mieszkańców,2009,gmina,Żabno,powiat tarnowski,57
175,Osoby objęte dożywianiem na 1000 mieszkańców,2009,powiat,powiat tatrzański,powiat tatrzański,30
175,Osoby objęte dożywianiem na 1000 mieszkańców,2009,gmina,Biały Dunajec,powiat tatrzański,42
175,Osoby objęte dożywianiem na 1000 mieszkańców,2009,gmina,Bukowina Tatrzańska,powiat tatrzański,46
175,Osoby objęte dożywianiem na 1000 mieszkańców,2009,gmina,Kościelisko,powiat tatrzański,22
175,Osoby objęte dożywianiem na 1000 mieszkańców,2009,gmina,Poronin,powiat tatrzański,25
175,Osoby objęte dożywianiem na 1000 mieszkańców,2009,gmina,Zakopane,powiat tatrzański,23
175,Osoby objęte dożywianiem na 1000 mieszkańców,2009,powiat,powiat wadowicki,powiat wadowicki,25
175,Osoby objęte dożywianiem na 1000 mieszkańców,2009,gmina,Andrychów,powiat wadowicki,13
175,Osoby objęte dożywianiem na 1000 mieszkańców,2009,gmina,Brzeźnica,powiat wadowicki,48
175,Osoby objęte dożywianiem na 1000 mieszkańców,2009,gmina,Kalwaria Zebrzydowska,powiat wadowicki,16
175,Osoby objęte dożywianiem na 1000 mieszkańców,2009,gmina,Lanckorona,powiat wadowicki,48
175,Osoby objęte dożywianiem na 1000 mieszkańców,2009,gmina,Mucharz,powiat wadowicki,30
175,Osoby objęte dożywianiem na 1000 mieszkańców,2009,gmina,Spytkowice,powiat wadowicki,18
175,Osoby objęte dożywianiem na 1000 mieszkańców,2009,gmina,Stryszów,powiat wadowicki,49
175,Osoby objęte dożywianiem na 1000 mieszkańców,2009,gmina,Tomice,powiat wadowicki,27
175,Osoby objęte dożywianiem na 1000 mieszkańców,2009,gmina,Wadowice,powiat wadowicki,20
175,Osoby objęte dożywianiem na 1000 mieszkańców,2009,gmina,Wieprz,powiat wadowicki,51
175,Osoby objęte dożywianiem na 1000 mieszkańców,2009,powiat,powiat wielicki,powiat wielicki,30
175,Osoby objęte dożywianiem na 1000 mieszkańców,2009,gmina,Biskupice,powiat wielicki,19
175,Osoby objęte dożywianiem na 1000 mieszkańców,2009,gmina,Gdów,powiat wielicki,18
175,Osoby objęte dożywianiem na 1000 mieszkańców,2009,gmina,Kłaj,powiat wielicki,28
175,Osoby objęte dożywianiem na 1000 mieszkańców,2009,gmina,Niepołomice,powiat wielicki,25
175,Osoby objęte dożywianiem na 1000 mieszkańców,2009,gmina,Wieliczka,powiat wielicki,38
175,Osoby objęte dożywianiem na 1000 mieszkańców,2008,powiat,powiat bocheński,powiat bocheński,43
175,Osoby objęte dożywianiem na 1000 mieszkańców,2008,gmina,Bochnia (miasto),powiat bocheński,36
175,Osoby objęte dożywianiem na 1000 mieszkańców,2008,gmina,Bochnia (wieś),powiat bocheński,49
175,Osoby objęte dożywianiem na 1000 mieszkańców,2008,gmina,Drwinia,powiat bocheński,31
175,Osoby objęte dożywianiem na 1000 mieszkańców,2008,gmina,Lipnica Murowana,powiat bocheński,62
175,Osoby objęte dożywianiem na 1000 mieszkańców,2008,gmina,Łapanów,powiat bocheński,46
175,Osoby objęte dożywianiem na 1000 mieszkańców,2008,gmina,Nowy Wiśnicz,powiat bocheński,26
175,Osoby objęte dożywianiem na 1000 mieszkańców,2008,gmina,Rzezawa,powiat bocheński,39
175,Osoby objęte dożywianiem na 1000 mieszkańców,2008,gmina,Trzciana,powiat bocheński,86
175,Osoby objęte dożywianiem na 1000 mieszkańców,2008,gmina,Żegocina,powiat bocheński,63
175,Osoby objęte dożywianiem na 1000 mieszkańców,2008,powiat,powiat brzeski,powiat brzeski,34
175,Osoby objęte dożywianiem na 1000 mieszkańców,2008,gmina,Borzęcin,powiat brzeski,30
175,Osoby objęte dożywianiem na 1000 mieszkańców,2008,gmina,Brzesko,powiat brzeski,26
175,Osoby objęte dożywianiem na 1000 mieszkańców,2008,gmina,Czchów,powiat brzeski,70
175,Osoby objęte dożywianiem na 1000 mieszkańców,2008,gmina,Dębno,powiat brzeski,10
175,Osoby objęte dożywianiem na 1000 mieszkańców,2008,gmina,Gnojnik,powiat brzeski,38
175,Osoby objęte dożywianiem na 1000 mieszkańców,2008,gmina,Iwkowa,powiat brzeski,87
175,Osoby objęte dożywianiem na 1000 mieszkańców,2008,gmina,Szczurowa,powiat brzeski,33
175,Osoby objęte dożywianiem na 1000 mieszkańców,2008,powiat,powiat chrzanowski,powiat chrzanowski,31
175,Osoby objęte dożywianiem na 1000 mieszkańców,2008,gmina,Alwernia,powiat chrzanowski,25
175,Osoby objęte dożywianiem na 1000 mieszkańców,2008,gmina,Babice,powiat chrzanowski,25
175,Osoby objęte dożywianiem na 1000 mieszkańców,2008,gmina,Chrzanów,powiat chrzanowski,38
175,Osoby objęte dożywianiem na 1000 mieszkańców,2008,gmina,Libiąż,powiat chrzanowski,25
175,Osoby objęte dożywianiem na 1000 mieszkańców,2008,gmina,Trzebinia,powiat chrzanowski,30
175,Osoby objęte dożywianiem na 1000 mieszkańców,2008,powiat,powiat dąbrowski,powiat dąbrowski,77
175,Osoby objęte dożywianiem na 1000 mieszkańców,2008,gmina,Bolesław,powiat dąbrowski,85
175,Osoby objęte dożywianiem na 1000 mieszkańców,2008,gmina,Dąbrowa Tarnowska,powiat dąbrowski,72
175,Osoby objęte dożywianiem na 1000 mieszkańców,2008,gmina,Gręboszów,powiat dąbrowski,62
175,Osoby objęte dożywianiem na 1000 mieszkańców,2008,gmina,Mędrzechów,powiat dąbrowski,58
175,Osoby objęte dożywianiem na 1000 mieszkańców,2008,gmina,Olesno,powiat dąbrowski,32
175,Osoby objęte dożywianiem na 1000 mieszkańców,2008,gmina,Radgoszcz,powiat dąbrowski,165
175,Osoby objęte dożywianiem na 1000 mieszkańców,2008,gmina,Szczucin,powiat dąbrowski,70
175,Osoby objęte dożywianiem na 1000 mieszkańców,2008,powiat,powiat gorlicki,powiat gorlicki,62
175,Osoby objęte dożywianiem na 1000 mieszkańców,2008,gmina,Biecz,powiat gorlicki,49
175,Osoby objęte dożywianiem na 1000 mieszkańców,2008,gmina,Bobowa,powiat gorlicki,107
175,Osoby objęte dożywianiem na 1000 mieszkańców,2008,gmina,Gorlice (miasto),powiat gorlicki,20
175,Osoby objęte dożywianiem na 1000 mieszkańców,2008,gmina,Gorlice (wieś),powiat gorlicki,65
175,Osoby objęte dożywianiem na 1000 mieszkańców,2008,gmina,Lipinki,powiat gorlicki,130
175,Osoby objęte dożywianiem na 1000 mieszkańców,2008,gmina,Łużna,powiat gorlicki,72
175,Osoby objęte dożywianiem na 1000 mieszkańców,2008,gmina,Moszczenica,powiat gorlicki,52
175,Osoby objęte dożywianiem na 1000 mieszkańców,2008,gmina,Ropa,powiat gorlicki,22
175,Osoby objęte dożywianiem na 1000 mieszkańców,2008,gmina,Sękowa,powiat gorlicki,100
175,Osoby objęte dożywianiem na 1000 mieszkańców,2008,gmina,Uście Gorlickie,powiat gorlicki,129
175,Osoby objęte dożywianiem na 1000 mieszkańców,2008,powiat,powiat krakowski,powiat krakowski,25
175,Osoby objęte dożywianiem na 1000 mieszkańców,2008,gmina,Czernichów,powiat krakowski,28
175,Osoby objęte dożywianiem na 1000 mieszkańców,2008,gmina,Igołomia-Wawrzeńczyce,powiat krakowski,37
175,Osoby objęte dożywianiem na 1000 mieszkańców,2008,gmina,Iwanowice,powiat krakowski,17
175,Osoby objęte dożywianiem na 1000 mieszkańców,2008,gmina,Jerzmanowice-Przeginia,powiat krakowski,18
175,Osoby objęte dożywianiem na 1000 mieszkańców,2008,gmina,Kocmyrzów-Luborzyca,powiat krakowski,25
175,Osoby objęte dożywianiem na 1000 mieszkańców,2008,gmina,Krzeszowice,powiat krakowski,13
175,Osoby objęte dożywianiem na 1000 mieszkańców,2008,gmina,Liszki,powiat krakowski,36
175,Osoby objęte dożywianiem na 1000 mieszkańców,2008,gmina,Michałowice,powiat krakowski,45
175,Osoby objęte dożywianiem na 1000 mieszkańców,2008,gmina,Mogilany,powiat krakowski,39
175,Osoby objęte dożywianiem na 1000 mieszkańców,2008,gmina,Skała,powiat krakowski,29
175,Osoby objęte dożywianiem na 1000 mieszkańców,2008,gmina,Skawina,powiat krakowski,21
175,Osoby objęte dożywianiem na 1000 mieszkańców,2008,gmina,Słomniki,powiat krakowski,40
175,Osoby objęte dożywianiem na 1000 mieszkańców,2008,gmina,Sułoszowa,powiat krakowski,21
175,Osoby objęte dożywianiem na 1000 mieszkańców,2008,gmina,Świątniki Górne,powiat krakowski,41
175,Osoby objęte dożywianiem na 1000 mieszkańców,2008,gmina,Wielka Wieś,powiat krakowski,37
175,Osoby objęte dożywianiem na 1000 mieszkańców,2008,gmina,Zabierzów,powiat krakowski,15
175,Osoby objęte dożywianiem na 1000 mieszkańców,2008,gmina,Zielonki,powiat krakowski,13
175,Osoby objęte dożywianiem na 1000 mieszkańców,2008,powiat,powiat limanowski,powiat limanowski,64
175,Osoby objęte dożywianiem na 1000 mieszkańców,2008,gmina,Dobra,powiat limanowski,47
175,Osoby objęte dożywianiem na 1000 mieszkańców,2008,gmina,Jodłownik,powiat limanowski,98
175,Osoby objęte dożywianiem na 1000 mieszkańców,2008,gmina,Kamienica,powiat limanowski,94
175,Osoby objęte dożywianiem na 1000 mieszkańców,2008,gmina,Laskowa,powiat limanowski,72
175,Osoby objęte dożywianiem na 1000 mieszkańców,2008,gmina,Limanowa (miasto),powiat limanowski,61
175,Osoby objęte dożywianiem na 1000 mieszkańców,2008,gmina,Limanowa (wieś),powiat limanowski,52
175,Osoby objęte dożywianiem na 1000 mieszkańców,2008,gmina,Łukowica,powiat limanowski,100
175,Osoby objęte dożywianiem na 1000 mieszkańców,2008,gmina,Mszana Dolna (miasto),powiat limanowski,33
175,Osoby objęte dożywianiem na 1000 mieszkańców,2008,gmina,Mszana Dolna (wieś),powiat limanowski,35
175,Osoby objęte dożywianiem na 1000 mieszkańców,2008,gmina,Niedźwiedź,powiat limanowski,72
175,Osoby objęte dożywianiem na 1000 mieszkańców,2008,gmina,Słopnice,powiat limanowski,93
175,Osoby objęte dożywianiem na 1000 mieszkańców,2008,gmina,Tymbark,powiat limanowski,67
175,Osoby objęte dożywianiem na 1000 mieszkańców,2008,powiat,powiat m. Kraków,powiat m. Kraków,27
175,Osoby objęte dożywianiem na 1000 mieszkańców,2008,powiat,powiat m. Nowy Sącz,powiat m. Nowy Sącz,37
175,Osoby objęte dożywianiem na 1000 mieszkańców,2008,powiat,powiat m. Tarnów,powiat m. Tarnów,54
175,Osoby objęte dożywianiem na 1000 mieszkańców,2008,powiat,powiat miechowski,powiat miechowski,44
175,Osoby objęte dożywianiem na 1000 mieszkańców,2008,gmina,Charsznica,powiat miechowski,47
175,Osoby objęte dożywianiem na 1000 mieszkańców,2008,gmina,Gołcza,powiat miechowski,33
175,Osoby objęte dożywianiem na 1000 mieszkańców,2008,gmina,Kozłów,powiat miechowski,32
175,Osoby objęte dożywianiem na 1000 mieszkańców,2008,gmina,Książ Wielki,powiat miechowski,48
175,Osoby objęte dożywianiem na 1000 mieszkańców,2008,gmina,Miechów,powiat miechowski,44
175,Osoby objęte dożywianiem na 1000 mieszkańców,2008,gmina,Racławice,powiat miechowski,32
175,Osoby objęte dożywianiem na 1000 mieszkańców,2008,gmina,Słaboszów,powiat miechowski,69
175,Osoby objęte dożywianiem na 1000 mieszkańców,2008,powiat,powiat myślenicki,powiat myślenicki,46
175,Osoby objęte dożywianiem na 1000 mieszkańców,2008,gmina,Dobczyce,powiat myślenicki,30
175,Osoby objęte dożywianiem na 1000 mieszkańców,2008,gmina,Lubień,powiat myślenicki,37
175,Osoby objęte dożywianiem na 1000 mieszkańców,2008,gmina,Myślenice,powiat myślenicki,27
175,Osoby objęte dożywianiem na 1000 mieszkańców,2008,gmina,Pcim,powiat myślenicki,42
175,Osoby objęte dożywianiem na 1000 mieszkańców,2008,gmina,Raciechowice,powiat myślenicki,128
175,Osoby objęte dożywianiem na 1000 mieszkańców,2008,gmina,Siepraw,powiat myślenicki,31
175,Osoby objęte dożywianiem na 1000 mieszkańców,2008,gmina,Sułkowice,powiat myślenicki,62
175,Osoby objęte dożywianiem na 1000 mieszkańców,2008,gmina,Tokarnia,powiat myślenicki,75
175,Osoby objęte dożywianiem na 1000 mieszkańców,2008,gmina,Wiśniowa,powiat myślenicki,88
175,Osoby objęte dożywianiem na 1000 mieszkańców,2008,powiat,powiat nowosądecki,powiat nowosądecki,77
175,Osoby objęte dożywianiem na 1000 mieszkańców,2008,gmina,Podegrodzie,powiat nowosądecki,56
175,Osoby objęte dożywianiem na 1000 mieszkańców,2008,gmina,Rytro,powiat nowosądecki,48
175,Osoby objęte dożywianiem na 1000 mieszkańców,2008,gmina,Stary Sącz,powiat nowosądecki,47
175,Osoby objęte dożywianiem na 1000 mieszkańców,2008,gmina,Chełmiec,powiat nowosądecki,77
175,Osoby objęte dożywianiem na 1000 mieszkańców,2008,gmina,Gródek nad Dunajcem,powiat nowosądecki,79
175,Osoby objęte dożywianiem na 1000 mieszkańców,2008,gmina,Grybów (miasto),powiat nowosądecki,96
175,Osoby objęte dożywianiem na 1000 mieszkańców,2008,gmina,Grybów (wieś),powiat nowosądecki,133
175,Osoby objęte dożywianiem na 1000 mieszkańców,2008,gmina,Kamionka Wielka,powiat nowosądecki,69
175,Osoby objęte dożywianiem na 1000 mieszkańców,2008,gmina,Korzenna,powiat nowosądecki,183
175,Osoby objęte dożywianiem na 1000 mieszkańców,2008,gmina,Krynica-Zdrój,powiat nowosądecki,32
175,Osoby objęte dożywianiem na 1000 mieszkańców,2008,gmina,Łabowa,powiat nowosądecki,45
175,Osoby objęte dożywianiem na 1000 mieszkańców,2008,gmina,Łącko,powiat nowosądecki,58
175,Osoby objęte dożywianiem na 1000 mieszkańców,2008,gmina,Łososina Dolna,powiat nowosądecki,70
175,Osoby objęte dożywianiem na 1000 mieszkańców,2008,gmina,Muszyna,powiat nowosądecki,54
175,Osoby objęte dożywianiem na 1000 mieszkańców,2008,gmina,Nawojowa,powiat nowosądecki,56
175,Osoby objęte dożywianiem na 1000 mieszkańców,2008,gmina,Piwniczna-Zdrój,powiat nowosądecki,68
175,Osoby objęte dożywianiem na 1000 mieszkańców,2008,powiat,powiat nowotarski,powiat nowotarski,30
175,Osoby objęte dożywianiem na 1000 mieszkańców,2008,gmina,Czarny Dunajec,powiat nowotarski,17
175,Osoby objęte dożywianiem na 1000 mieszkańców,2008,gmina,Czorsztyn,powiat nowotarski,27
175,Osoby objęte dożywianiem na 1000 mieszkańców,2008,gmina,Jabłonka,powiat nowotarski,26
175,Osoby objęte dożywianiem na 1000 mieszkańców,2008,gmina,Krościenko nad Dunajcem,powiat nowotarski,29
175,Osoby objęte dożywianiem na 1000 mieszkańców,2008,gmina,Lipnica Wielka,powiat nowotarski,63
175,Osoby objęte dożywianiem na 1000 mieszkańców,2008,gmina,Łapsze Niżne,powiat nowotarski,32
175,Osoby objęte dożywianiem na 1000 mieszkańców,2008,gmina,Nowy Targ (miasto),powiat nowotarski,28
175,Osoby objęte dożywianiem na 1000 mieszkańców,2008,gmina,Nowy Targ (wieś),powiat nowotarski,23
175,Osoby objęte dożywianiem na 1000 mieszkańców,2008,gmina,Ochotnica Dolna,powiat nowotarski,60
175,Osoby objęte dożywianiem na 1000 mieszkańców,2008,gmina,Raba Wyżna,powiat nowotarski,37
175,Osoby objęte dożywianiem na 1000 mieszkańców,2008,gmina,Rabka-Zdrój,powiat nowotarski,37
175,Osoby objęte dożywianiem na 1000 mieszkańców,2008,gmina,Spytkowice,powiat nowotarski,34
175,Osoby objęte dożywianiem na 1000 mieszkańców,2008,gmina,Szaflary,powiat nowotarski,27
175,Osoby objęte dożywianiem na 1000 mieszkańców,2008,gmina,Szczawnica,powiat nowotarski,18
175,Osoby objęte dożywianiem na 1000 mieszkańców,2008,powiat,powiat olkuski,powiat olkuski,37
175,Osoby objęte dożywianiem na 1000 mieszkańców,2008,gmina,Bolesław,powiat olkuski,20
175,Osoby objęte dożywianiem na 1000 mieszkańców,2008,gmina,Bukowno,powiat olkuski,34
175,Osoby objęte dożywianiem na 1000 mieszkańców,2008,gmina,Klucze,powiat olkuski,89
175,Osoby objęte dożywianiem na 1000 mieszkańców,2008,gmina,Olkusz,powiat olkuski,32
175,Osoby objęte dożywianiem na 1000 mieszkańców,2008,gmina,Trzyciąż,powiat olkuski,24
175,Osoby objęte dożywianiem na 1000 mieszkańców,2008,gmina,Wolbrom,powiat olkuski,24
175,Osoby objęte dożywianiem na 1000 mieszkańców,2008,powiat,powiat oświęcimski,powiat oświęcimski,26
175,Osoby objęte dożywianiem na 1000 mieszkańców,2008,gmina,Brzeszcze,powiat oświęcimski,31
175,Osoby objęte dożywianiem na 1000 mieszkańców,2008,gmina,Chełmek,powiat oświęcimski,19
175,Osoby objęte dożywianiem na 1000 mieszkańców,2008,gmina,Kęty,powiat oświęcimski,12
175,Osoby objęte dożywianiem na 1000 mieszkańców,2008,gmina,Osiek,powiat oświęcimski,17
175,Osoby objęte dożywianiem na 1000 mieszkańców,2008,gmina,Oświęcim (miasto),powiat oświęcimski,46
175,Osoby objęte dożywianiem na 1000 mieszkańców,2008,gmina,Oświęcim (wieś),powiat oświęcimski,16
175,Osoby objęte dożywianiem na 1000 mieszkańców,2008,gmina,Polanka Wielka,powiat oświęcimski,16
175,Osoby objęte dożywianiem na 1000 mieszkańców,2008,gmina,Przeciszów,powiat oświęcimski,33
175,Osoby objęte dożywianiem na 1000 mieszkańców,2008,gmina,Zator,powiat oświęcimski,22
175,Osoby objęte dożywianiem na 1000 mieszkańców,2008,powiat,powiat proszowicki,powiat proszowicki,33
175,Osoby objęte dożywianiem na 1000 mieszkańców,2008,gmina,Koniusza,powiat proszowicki,39
175,Osoby objęte dożywianiem na 1000 mieszkańców,2008,gmina,Koszyce,powiat proszowicki,38
175,Osoby objęte dożywianiem na 1000 mieszkańców,2008,gmina,Nowe Brzesko,powiat proszowicki,31
175,Osoby objęte dożywianiem na 1000 mieszkańców,2008,gmina,Pałecznica,powiat proszowicki,26
175,Osoby objęte dożywianiem na 1000 mieszkańców,2008,gmina,Proszowice,powiat proszowicki,33
175,Osoby objęte dożywianiem na 1000 mieszkańców,2008,gmina,Radziemice,powiat proszowicki,16
175,Osoby objęte dożywianiem na 1000 mieszkańców,2008,powiat,powiat suski,powiat suski,47
175,Osoby objęte dożywianiem na 1000 mieszkańców,2008,gmina,Budzów,powiat suski,24
175,Osoby objęte dożywianiem na 1000 mieszkańców,2008,gmina,Bystra-Sidzina,powiat suski,85
175,Osoby objęte dożywianiem na 1000 mieszkańców,2008,gmina,Jordanów (miasto),powiat suski,41
175,Osoby objęte dożywianiem na 1000 mieszkańców,2008,gmina,Jordanów (wieś),powiat suski,115
175,Osoby objęte dożywianiem na 1000 mieszkańców,2008,gmina,Maków Podhalański,powiat suski,22
175,Osoby objęte dożywianiem na 1000 mieszkańców,2008,gmina,Stryszawa,powiat suski,44
175,Osoby objęte dożywianiem na 1000 mieszkańców,2008,gmina,Sucha Beskidzka,powiat suski,28
175,Osoby objęte dożywianiem na 1000 mieszkańców,2008,gmina,Zawoja,powiat suski,34
175,Osoby objęte dożywianiem na 1000 mieszkańców,2008,gmina,Zembrzyce,powiat suski,49
175,Osoby objęte dożywianiem na 1000 mieszkańców,2008,powiat,powiat tarnowski,powiat tarnowski,57
175,Osoby objęte dożywianiem na 1000 mieszkańców,2008,gmina,Ciężkowice,powiat tarnowski,150
175,Osoby objęte dożywianiem na 1000 mieszkańców,2008,gmina,Gromnik,powiat tarnowski,70
175,Osoby objęte dożywianiem na 1000 mieszkańców,2008,gmina,Lisia Góra,powiat tarnowski,64
175,Osoby objęte dożywianiem na 1000 mieszkańców,2008,gmina,Pleśna,powiat tarnowski,51
175,Osoby objęte dożywianiem na 1000 mieszkańców,2008,gmina,Radłów,powiat tarnowski,51
175,Osoby objęte dożywianiem na 1000 mieszkańców,2008,gmina,Ryglice,powiat tarnowski,57
175,Osoby objęte dożywianiem na 1000 mieszkańców,2008,gmina,Rzepiennik Strzyżewski,powiat tarnowski,86
175,Osoby objęte dożywianiem na 1000 mieszkańców,2008,gmina,Skrzyszów,powiat tarnowski,52
175,Osoby objęte dożywianiem na 1000 mieszkańców,2008,gmina,Szerzyny,powiat tarnowski,88
175,Osoby objęte dożywianiem na 1000 mieszkańców,2008,gmina,Tarnów (wieś),powiat tarnowski,53
175,Osoby objęte dożywianiem na 1000 mieszkańców,2008,gmina,Tuchów,powiat tarnowski,28
175,Osoby objęte dożywianiem na 1000 mieszkańców,2008,gmina,Wierzchosławice,powiat tarnowski,37
175,Osoby objęte dożywianiem na 1000 mieszkańców,2008,gmina,Wietrzychowice,powiat tarnowski,57
175,Osoby objęte dożywianiem na 1000 mieszkańców,2008,gmina,Wojnicz,powiat tarnowski,40
175,Osoby objęte dożywianiem na 1000 mieszkańców,2008,gmina,Zakliczyn,powiat tarnowski,38
175,Osoby objęte dożywianiem na 1000 mieszkańców,2008,gmina,Żabno,powiat tarnowski,43
175,Osoby objęte dożywianiem na 1000 mieszkańców,2008,powiat,powiat tatrzański,powiat tatrzański,36
175,Osoby objęte dożywianiem na 1000 mieszkańców,2008,gmina,Biały Dunajec,powiat tatrzański,45
175,Osoby objęte dożywianiem na 1000 mieszkańców,2008,gmina,Bukowina Tatrzańska,powiat tatrzański,65
175,Osoby objęte dożywianiem na 1000 mieszkańców,2008,gmina,Kościelisko,powiat tatrzański,29
175,Osoby objęte dożywianiem na 1000 mieszkańców,2008,gmina,Poronin,powiat tatrzański,33
175,Osoby objęte dożywianiem na 1000 mieszkańców,2008,gmina,Zakopane,powiat tatrzański,23
175,Osoby objęte dożywianiem na 1000 mieszkańców,2008,powiat,powiat wadowicki,powiat wadowicki,27
175,Osoby objęte dożywianiem na 1000 mieszkańców,2008,gmina,Andrychów,powiat wadowicki,18
175,Osoby objęte dożywianiem na 1000 mieszkańców,2008,gmina,Brzeźnica,powiat wadowicki,50
175,Osoby objęte dożywianiem na 1000 mieszkańców,2008,gmina,Kalwaria Zebrzydowska,powiat wadowicki,20
175,Osoby objęte dożywianiem na 1000 mieszkańców,2008,gmina,Lanckorona,powiat wadowicki,52
175,Osoby objęte dożywianiem na 1000 mieszkańców,2008,gmina,Mucharz,powiat wadowicki,33
175,Osoby objęte dożywianiem na 1000 mieszkańców,2008,gmina,Spytkowice,powiat wadowicki,25
175,Osoby objęte dożywianiem na 1000 mieszkańców,2008,gmina,Stryszów,powiat wadowicki,42
175,Osoby objęte dożywianiem na 1000 mieszkańców,2008,gmina,Tomice,powiat wadowicki,30
175,Osoby objęte dożywianiem na 1000 mieszkańców,2008,gmina,Wadowice,powiat wadowicki,22
175,Osoby objęte dożywianiem na 1000 mieszkańców,2008,gmina,Wieprz,powiat wadowicki,45
175,Osoby objęte dożywianiem na 1000 mieszkańców,2008,powiat,powiat wielicki,powiat wielicki,26
175,Osoby objęte dożywianiem na 1000 mieszkańców,2008,gmina,Biskupice,powiat wielicki,17
175,Osoby objęte dożywianiem na 1000 mieszkańców,2008,gmina,Gdów,powiat wielicki,15
175,Osoby objęte dożywianiem na 1000 mieszkańców,2008,gmina,Kłaj,powiat wielicki,28
175,Osoby objęte dożywianiem na 1000 mieszkańców,2008,gmina,Niepołomice,powiat wielicki,16
175,Osoby objęte dożywianiem na 1000 mieszkańców,2008,gmina,Wieliczka,powiat wielicki,36
175,Osoby objęte dożywianiem na 1000 mieszkańców,2007,powiat,powiat bocheński,powiat bocheński,46
175,Osoby objęte dożywianiem na 1000 mieszkańców,2007,gmina,Bochnia (miasto),powiat bocheński,34
175,Osoby objęte dożywianiem na 1000 mieszkańców,2007,gmina,Bochnia (wieś),powiat bocheński,54
175,Osoby objęte dożywianiem na 1000 mieszkańców,2007,gmina,Drwinia,powiat bocheński,36
175,Osoby objęte dożywianiem na 1000 mieszkańców,2007,gmina,Lipnica Murowana,powiat bocheński,87
175,Osoby objęte dożywianiem na 1000 mieszkańców,2007,gmina,Łapanów,powiat bocheński,50
175,Osoby objęte dożywianiem na 1000 mieszkańców,2007,gmina,Nowy Wiśnicz,powiat bocheński,24
175,Osoby objęte dożywianiem na 1000 mieszkańców,2007,gmina,Rzezawa,powiat bocheński,45
175,Osoby objęte dożywianiem na 1000 mieszkańców,2007,gmina,Trzciana,powiat bocheński,84
175,Osoby objęte dożywianiem na 1000 mieszkańców,2007,gmina,Żegocina,powiat bocheński,64
175,Osoby objęte dożywianiem na 1000 mieszkańców,2007,powiat,powiat brzeski,powiat brzeski,36
175,Osoby objęte dożywianiem na 1000 mieszkańców,2007,gmina,Borzęcin,powiat brzeski,40
175,Osoby objęte dożywianiem na 1000 mieszkańców,2007,gmina,Brzesko,powiat brzeski,28
175,Osoby objęte dożywianiem na 1000 mieszkańców,2007,gmina,Czchów,powiat brzeski,64
175,Osoby objęte dożywianiem na 1000 mieszkańców,2007,gmina,Dębno,powiat brzeski,10
175,Osoby objęte dożywianiem na 1000 mieszkańców,2007,gmina,Gnojnik,powiat brzeski,46
175,Osoby objęte dożywianiem na 1000 mieszkańców,2007,gmina,Iwkowa,powiat brzeski,84
175,Osoby objęte dożywianiem na 1000 mieszkańców,2007,gmina,Szczurowa,powiat brzeski,36
175,Osoby objęte dożywianiem na 1000 mieszkańców,2007,powiat,powiat chrzanowski,powiat chrzanowski,33
175,Osoby objęte dożywianiem na 1000 mieszkańców,2007,gmina,Alwernia,powiat chrzanowski,31
175,Osoby objęte dożywianiem na 1000 mieszkańców,2007,gmina,Babice,powiat chrzanowski,26
175,Osoby objęte dożywianiem na 1000 mieszkańców,2007,gmina,Chrzanów,powiat chrzanowski,41
175,Osoby objęte dożywianiem na 1000 mieszkańców,2007,gmina,Libiąż,powiat chrzanowski,22
175,Osoby objęte dożywianiem na 1000 mieszkańców,2007,gmina,Trzebinia,powiat chrzanowski,30
175,Osoby objęte dożywianiem na 1000 mieszkańców,2007,powiat,powiat dąbrowski,powiat dąbrowski,94
175,Osoby objęte dożywianiem na 1000 mieszkańców,2007,gmina,Bolesław,powiat dąbrowski,96
175,Osoby objęte dożywianiem na 1000 mieszkańców,2007,gmina,Dąbrowa Tarnowska,powiat dąbrowski,94
175,Osoby objęte dożywianiem na 1000 mieszkańców,2007,gmina,Gręboszów,powiat dąbrowski,74
175,Osoby objęte dożywianiem na 1000 mieszkańców,2007,gmina,Mędrzechów,powiat dąbrowski,61
175,Osoby objęte dożywianiem na 1000 mieszkańców,2007,gmina,Olesno,powiat dąbrowski,30
175,Osoby objęte dożywianiem na 1000 mieszkańców,2007,gmina,Radgoszcz,powiat dąbrowski,222
175,Osoby objęte dożywianiem na 1000 mieszkańców,2007,gmina,Szczucin,powiat dąbrowski,75
175,Osoby objęte dożywianiem na 1000 mieszkańców,2007,powiat,powiat gorlicki,powiat gorlicki,69
175,Osoby objęte dożywianiem na 1000 mieszkańców,2007,gmina,Biecz,powiat gorlicki,61
175,Osoby objęte dożywianiem na 1000 mieszkańców,2007,gmina,Bobowa,powiat gorlicki,129
175,Osoby objęte dożywianiem na 1000 mieszkańców,2007,gmina,Gorlice (miasto),powiat gorlicki,26
175,Osoby objęte dożywianiem na 1000 mieszkańców,2007,gmina,Gorlice (wieś),powiat gorlicki,95
175,Osoby objęte dożywianiem na 1000 mieszkańców,2007,gmina,Lipinki,powiat gorlicki,86
175,Osoby objęte dożywianiem na 1000 mieszkańców,2007,gmina,Łużna,powiat gorlicki,71
175,Osoby objęte dożywianiem na 1000 mieszkańców,2007,gmina,Moszczenica,powiat gorlicki,63
175,Osoby objęte dożywianiem na 1000 mieszkańców,2007,gmina,Ropa,powiat gorlicki,25
175,Osoby objęte dożywianiem na 1000 mieszkańców,2007,gmina,Sękowa,powiat gorlicki,109
175,Osoby objęte dożywianiem na 1000 mieszkańców,2007,gmina,Uście Gorlickie,powiat gorlicki,128
175,Osoby objęte dożywianiem na 1000 mieszkańców,2007,powiat,powiat krakowski,powiat krakowski,27
175,Osoby objęte dożywianiem na 1000 mieszkańców,2007,gmina,Czernichów,powiat krakowski,29
175,Osoby objęte dożywianiem na 1000 mieszkańców,2007,gmina,Igołomia-Wawrzeńczyce,powiat krakowski,39
175,Osoby objęte dożywianiem na 1000 mieszkańców,2007,gmina,Iwanowice,powiat krakowski,13
175,Osoby objęte dożywianiem na 1000 mieszkańców,2007,gmina,Jerzmanowice-Przeginia,powiat krakowski,21
175,Osoby objęte dożywianiem na 1000 mieszkańców,2007,gmina,Kocmyrzów-Luborzyca,powiat krakowski,17
175,Osoby objęte dożywianiem na 1000 mieszkańców,2007,gmina,Krzeszowice,powiat krakowski,19
175,Osoby objęte dożywianiem na 1000 mieszkańców,2007,gmina,Liszki,powiat krakowski,38
175,Osoby objęte dożywianiem na 1000 mieszkańców,2007,gmina,Michałowice,powiat krakowski,54
175,Osoby objęte dożywianiem na 1000 mieszkańców,2007,gmina,Mogilany,powiat krakowski,45
175,Osoby objęte dożywianiem na 1000 mieszkańców,2007,gmina,Skała,powiat krakowski,26
175,Osoby objęte dożywianiem na 1000 mieszkańców,2007,gmina,Skawina,powiat krakowski,22
175,Osoby objęte dożywianiem na 1000 mieszkańców,2007,gmina,Słomniki,powiat krakowski,35
175,Osoby objęte dożywianiem na 1000 mieszkańców,2007,gmina,Sułoszowa,powiat krakowski,23
175,Osoby objęte dożywianiem na 1000 mieszkańców,2007,gmina,Świątniki Górne,powiat krakowski,47
175,Osoby objęte dożywianiem na 1000 mieszkańców,2007,gmina,Wielka Wieś,powiat krakowski,42
175,Osoby objęte dożywianiem na 1000 mieszkańców,2007,gmina,Zabierzów,powiat krakowski,15
175,Osoby objęte dożywianiem na 1000 mieszkańców,2007,gmina,Zielonki,powiat krakowski,20
175,Osoby objęte dożywianiem na 1000 mieszkańców,2007,powiat,powiat limanowski,powiat limanowski,61
175,Osoby objęte dożywianiem na 1000 mieszkańców,2007,gmina,Dobra,powiat limanowski,50
175,Osoby objęte dożywianiem na 1000 mieszkańców,2007,gmina,Jodłownik,powiat limanowski,83
175,Osoby objęte dożywianiem na 1000 mieszkańców,2007,gmina,Kamienica,powiat limanowski,86
175,Osoby objęte dożywianiem na 1000 mieszkańców,2007,gmina,Laskowa,powiat limanowski,62
175,Osoby objęte dożywianiem na 1000 mieszkańców,2007,gmina,Limanowa (miasto),powiat limanowski,75
175,Osoby objęte dożywianiem na 1000 mieszkańców,2007,gmina,Limanowa (wieś),powiat limanowski,54
175,Osoby objęte dożywianiem na 1000 mieszkańców,2007,gmina,Łukowica,powiat limanowski,81
175,Osoby objęte dożywianiem na 1000 mieszkańców,2007,gmina,Mszana Dolna (miasto),powiat limanowski,32
175,Osoby objęte dożywianiem na 1000 mieszkańców,2007,gmina,Mszana Dolna (wieś),powiat limanowski,32
175,Osoby objęte dożywianiem na 1000 mieszkańców,2007,gmina,Niedźwiedź,powiat limanowski,59
175,Osoby objęte dożywianiem na 1000 mieszkańców,2007,gmina,Słopnice,powiat limanowski,97
175,Osoby objęte dożywianiem na 1000 mieszkańców,2007,gmina,Tymbark,powiat limanowski,63
175,Osoby objęte dożywianiem na 1000 mieszkańców,2007,powiat,powiat m. Kraków,powiat m. Kraków,31
175,Osoby objęte dożywianiem na 1000 mieszkańców,2007,powiat,powiat m. Nowy Sącz,powiat m. Nowy Sącz,44
175,Osoby objęte dożywianiem na 1000 mieszkańców,2007,powiat,powiat m. Tarnów,powiat m. Tarnów,65
175,Osoby objęte dożywianiem na 1000 mieszkańców,2007,powiat,powiat miechowski,powiat miechowski,45
175,Osoby objęte dożywianiem na 1000 mieszkańców,2007,gmina,Charsznica,powiat miechowski,46
175,Osoby objęte dożywianiem na 1000 mieszkańców,2007,gmina,Gołcza,powiat miechowski,30
175,Osoby objęte dożywianiem na 1000 mieszkańców,2007,gmina,Kozłów,powiat miechowski,38
175,Osoby objęte dożywianiem na 1000 mieszkańców,2007,gmina,Książ Wielki,powiat miechowski,54
175,Osoby objęte dożywianiem na 1000 mieszkańców,2007,gmina,Miechów,powiat miechowski,46
175,Osoby objęte dożywianiem na 1000 mieszkańców,2007,gmina,Racławice,powiat miechowski,22
175,Osoby objęte dożywianiem na 1000 mieszkańców,2007,gmina,Słaboszów,powiat miechowski,70
175,Osoby objęte dożywianiem na 1000 mieszkańców,2007,powiat,powiat myślenicki,powiat myślenicki,47
175,Osoby objęte dożywianiem na 1000 mieszkańców,2007,gmina,Dobczyce,powiat myślenicki,35
175,Osoby objęte dożywianiem na 1000 mieszkańców,2007,gmina,Lubień,powiat myślenicki,40
175,Osoby objęte dożywianiem na 1000 mieszkańców,2007,gmina,Myślenice,powiat myślenicki,25
175,Osoby objęte dożywianiem na 1000 mieszkańców,2007,gmina,Pcim,powiat myślenicki,43
175,Osoby objęte dożywianiem na 1000 mieszkańców,2007,gmina,Raciechowice,powiat myślenicki,133
175,Osoby objęte dożywianiem na 1000 mieszkańców,2007,gmina,Siepraw,powiat myślenicki,33
175,Osoby objęte dożywianiem na 1000 mieszkańców,2007,gmina,Sułkowice,powiat myślenicki,63
175,Osoby objęte dożywianiem na 1000 mieszkańców,2007,gmina,Tokarnia,powiat myślenicki,82
175,Osoby objęte dożywianiem na 1000 mieszkańców,2007,gmina,Wiśniowa,powiat myślenicki,85
175,Osoby objęte dożywianiem na 1000 mieszkańców,2007,powiat,powiat nowosądecki,powiat nowosądecki,82
175,Osoby objęte dożywianiem na 1000 mieszkańców,2007,gmina,Podegrodzie,powiat nowosądecki,64
175,Osoby objęte dożywianiem na 1000 mieszkańców,2007,gmina,Rytro,powiat nowosądecki,51
175,Osoby objęte dożywianiem na 1000 mieszkańców,2007,gmina,Stary Sącz,powiat nowosądecki,51
175,Osoby objęte dożywianiem na 1000 mieszkańców,2007,gmina,Chełmiec,powiat nowosądecki,82
175,Osoby objęte dożywianiem na 1000 mieszkańców,2007,gmina,Gródek nad Dunajcem,powiat nowosądecki,85
175,Osoby objęte dożywianiem na 1000 mieszkańców,2007,gmina,Grybów (miasto),powiat nowosądecki,108
175,Osoby objęte dożywianiem na 1000 mieszkańców,2007,gmina,Grybów (wieś),powiat nowosądecki,134
175,Osoby objęte dożywianiem na 1000 mieszkańców,2007,gmina,Kamionka Wielka,powiat nowosądecki,69
175,Osoby objęte dożywianiem na 1000 mieszkańców,2007,gmina,Korzenna,powiat nowosądecki,178
175,Osoby objęte dożywianiem na 1000 mieszkańców,2007,gmina,Krynica-Zdrój,powiat nowosądecki,37
175,Osoby objęte dożywianiem na 1000 mieszkańców,2007,gmina,Łabowa,powiat nowosądecki,79
175,Osoby objęte dożywianiem na 1000 mieszkańców,2007,gmina,Łącko,powiat nowosądecki,65
175,Osoby objęte dożywianiem na 1000 mieszkańców,2007,gmina,Łososina Dolna,powiat nowosądecki,53
175,Osoby objęte dożywianiem na 1000 mieszkańców,2007,gmina,Muszyna,powiat nowosądecki,73
175,Osoby objęte dożywianiem na 1000 mieszkańców,2007,gmina,Nawojowa,powiat nowosądecki,56
175,Osoby objęte dożywianiem na 1000 mieszkańców,2007,gmina,Piwniczna-Zdrój,powiat nowosądecki,100
175,Osoby objęte dożywianiem na 1000 mieszkańców,2007,powiat,powiat nowotarski,powiat nowotarski,28
175,Osoby objęte dożywianiem na 1000 mieszkańców,2007,gmina,Czarny Dunajec,powiat nowotarski,19
175,Osoby objęte dożywianiem na 1000 mieszkańców,2007,gmina,Czorsztyn,powiat nowotarski,23
175,Osoby objęte dożywianiem na 1000 mieszkańców,2007,gmina,Jabłonka,powiat nowotarski,22
175,Osoby objęte dożywianiem na 1000 mieszkańców,2007,gmina,Krościenko nad Dunajcem,powiat nowotarski,31
175,Osoby objęte dożywianiem na 1000 mieszkańców,2007,gmina,Lipnica Wielka,powiat nowotarski,68
175,Osoby objęte dożywianiem na 1000 mieszkańców,2007,gmina,Łapsze Niżne,powiat nowotarski,29
175,Osoby objęte dożywianiem na 1000 mieszkańców,2007,gmina,Nowy Targ (miasto),powiat nowotarski,28
175,Osoby objęte dożywianiem na 1000 mieszkańców,2007,gmina,Nowy Targ (wieś),powiat nowotarski,12
175,Osoby objęte dożywianiem na 1000 mieszkańców,2007,gmina,Ochotnica Dolna,powiat nowotarski,51
175,Osoby objęte dożywianiem na 1000 mieszkańców,2007,gmina,Raba Wyżna,powiat nowotarski,36
175,Osoby objęte dożywianiem na 1000 mieszkańców,2007,gmina,Rabka-Zdrój,powiat nowotarski,31
175,Osoby objęte dożywianiem na 1000 mieszkańców,2007,gmina,Spytkowice,powiat nowotarski,39
175,Osoby objęte dożywianiem na 1000 mieszkańców,2007,gmina,Szaflary,powiat nowotarski,33
175,Osoby objęte dożywianiem na 1000 mieszkańców,2007,gmina,Szczawnica,powiat nowotarski,19
175,Osoby objęte dożywianiem na 1000 mieszkańców,2007,powiat,powiat olkuski,powiat olkuski,43
175,Osoby objęte dożywianiem na 1000 mieszkańców,2007,gmina,Bolesław,powiat olkuski,28
175,Osoby objęte dożywianiem na 1000 mieszkańców,2007,gmina,Bukowno,powiat olkuski,51
175,Osoby objęte dożywianiem na 1000 mieszkańców,2007,gmina,Klucze,powiat olkuski,104
175,Osoby objęte dożywianiem na 1000 mieszkańców,2007,gmina,Olkusz,powiat olkuski,39
175,Osoby objęte dożywianiem na 1000 mieszkańców,2007,gmina,Trzyciąż,powiat olkuski,15
175,Osoby objęte dożywianiem na 1000 mieszkańców,2007,gmina,Wolbrom,powiat olkuski,20
175,Osoby objęte dożywianiem na 1000 mieszkańców,2007,powiat,powiat oświęcimski,powiat oświęcimski,36
175,Osoby objęte dożywianiem na 1000 mieszkańców,2007,gmina,Brzeszcze,powiat oświęcimski,40
175,Osoby objęte dożywianiem na 1000 mieszkańców,2007,gmina,Chełmek,powiat oświęcimski,26
175,Osoby objęte dożywianiem na 1000 mieszkańców,2007,gmina,Kęty,powiat oświęcimski,13
175,Osoby objęte dożywianiem na 1000 mieszkańców,2007,gmina,Osiek,powiat oświęcimski,25
175,Osoby objęte dożywianiem na 1000 mieszkańców,2007,gmina,Oświęcim (miasto),powiat oświęcimski,74
175,Osoby objęte dożywianiem na 1000 mieszkańców,2007,gmina,Oświęcim (wieś),powiat oświęcimski,16
175,Osoby objęte dożywianiem na 1000 mieszkańców,2007,gmina,Polanka Wielka,powiat oświęcimski,10
175,Osoby objęte dożywianiem na 1000 mieszkańców,2007,gmina,Przeciszów,powiat oświęcimski,29
175,Osoby objęte dożywianiem na 1000 mieszkańców,2007,gmina,Zator,powiat oświęcimski,26
175,Osoby objęte dożywianiem na 1000 mieszkańców,2007,powiat,powiat proszowicki,powiat proszowicki,31
175,Osoby objęte dożywianiem na 1000 mieszkańców,2007,gmina,Koniusza,powiat proszowicki,31
175,Osoby objęte dożywianiem na 1000 mieszkańców,2007,gmina,Koszyce,powiat proszowicki,30
175,Osoby objęte dożywianiem na 1000 mieszkańców,2007,gmina,Nowe Brzesko,powiat proszowicki,25
175,Osoby objęte dożywianiem na 1000 mieszkańców,2007,gmina,Pałecznica,powiat proszowicki,32
175,Osoby objęte dożywianiem na 1000 mieszkańców,2007,gmina,Proszowice,powiat proszowicki,37
175,Osoby objęte dożywianiem na 1000 mieszkańców,2007,gmina,Radziemice,powiat proszowicki,17
175,Osoby objęte dożywianiem na 1000 mieszkańców,2007,powiat,powiat suski,powiat suski,50
175,Osoby objęte dożywianiem na 1000 mieszkańców,2007,gmina,Budzów,powiat suski,27
175,Osoby objęte dożywianiem na 1000 mieszkańców,2007,gmina,Bystra-Sidzina,powiat suski,86
175,Osoby objęte dożywianiem na 1000 mieszkańców,2007,gmina,Jordanów (miasto),powiat suski,35
175,Osoby objęte dożywianiem na 1000 mieszkańców,2007,gmina,Jordanów (wieś),powiat suski,127
175,Osoby objęte dożywianiem na 1000 mieszkańców,2007,gmina,Maków Podhalański,powiat suski,26
175,Osoby objęte dożywianiem na 1000 mieszkańców,2007,gmina,Stryszawa,powiat suski,40
175,Osoby objęte dożywianiem na 1000 mieszkańców,2007,gmina,Sucha Beskidzka,powiat suski,23
175,Osoby objęte dożywianiem na 1000 mieszkańców,2007,gmina,Zawoja,powiat suski,38
175,Osoby objęte dożywianiem na 1000 mieszkańców,2007,gmina,Zembrzyce,powiat suski,75
175,Osoby objęte dożywianiem na 1000 mieszkańców,2007,powiat,powiat tarnowski,powiat tarnowski,57
175,Osoby objęte dożywianiem na 1000 mieszkańców,2007,gmina,Ciężkowice,powiat tarnowski,116
175,Osoby objęte dożywianiem na 1000 mieszkańców,2007,gmina,Gromnik,powiat tarnowski,116
175,Osoby objęte dożywianiem na 1000 mieszkańców,2007,gmina,Lisia Góra,powiat tarnowski,61
175,Osoby objęte dożywianiem na 1000 mieszkańców,2007,gmina,Pleśna,powiat tarnowski,39
175,Osoby objęte dożywianiem na 1000 mieszkańców,2007,gmina,Radłów,powiat tarnowski,49
175,Osoby objęte dożywianiem na 1000 mieszkańców,2007,gmina,Ryglice,powiat tarnowski,62
175,Osoby objęte dożywianiem na 1000 mieszkańców,2007,gmina,Rzepiennik Strzyżewski,powiat tarnowski,91
175,Osoby objęte dożywianiem na 1000 mieszkańców,2007,gmina,Skrzyszów,powiat tarnowski,49
175,Osoby objęte dożywianiem na 1000 mieszkańców,2007,gmina,Szerzyny,powiat tarnowski,106
175,Osoby objęte dożywianiem na 1000 mieszkańców,2007,gmina,Tarnów (wieś),powiat tarnowski,35
175,Osoby objęte dożywianiem na 1000 mieszkańców,2007,gmina,Tuchów,powiat tarnowski,31
175,Osoby objęte dożywianiem na 1000 mieszkańców,2007,gmina,Wierzchosławice,powiat tarnowski,28
175,Osoby objęte dożywianiem na 1000 mieszkańców,2007,gmina,Wietrzychowice,powiat tarnowski,57
175,Osoby objęte dożywianiem na 1000 mieszkańców,2007,gmina,Wojnicz,powiat tarnowski,41
175,Osoby objęte dożywianiem na 1000 mieszkańców,2007,gmina,Zakliczyn,powiat tarnowski,57
175,Osoby objęte dożywianiem na 1000 mieszkańców,2007,gmina,Żabno,powiat tarnowski,58
175,Osoby objęte dożywianiem na 1000 mieszkańców,2007,powiat,powiat tatrzański,powiat tatrzański,35
175,Osoby objęte dożywianiem na 1000 mieszkańców,2007,gmina,Biały Dunajec,powiat tatrzański,52
175,Osoby objęte dożywianiem na 1000 mieszkańców,2007,gmina,Bukowina Tatrzańska,powiat tatrzański,61
175,Osoby objęte dożywianiem na 1000 mieszkańców,2007,gmina,Kościelisko,powiat tatrzański,29
175,Osoby objęte dożywianiem na 1000 mieszkańców,2007,gmina,Poronin,powiat tatrzański,20
175,Osoby objęte dożywianiem na 1000 mieszkańców,2007,gmina,Zakopane,powiat tatrzański,27
175,Osoby objęte dożywianiem na 1000 mieszkańców,2007,powiat,powiat wadowicki,powiat wadowicki,33
175,Osoby objęte dożywianiem na 1000 mieszkańców,2007,gmina,Andrychów,powiat wadowicki,29
175,Osoby objęte dożywianiem na 1000 mieszkańców,2007,gmina,Brzeźnica,powiat wadowicki,55
175,Osoby objęte dożywianiem na 1000 mieszkańców,2007,gmina,Kalwaria Zebrzydowska,powiat wadowicki,18
175,Osoby objęte dożywianiem na 1000 mieszkańców,2007,gmina,Lanckorona,powiat wadowicki,43
175,Osoby objęte dożywianiem na 1000 mieszkańców,2007,gmina,Mucharz,powiat wadowicki,39
175,Osoby objęte dożywianiem na 1000 mieszkańców,2007,gmina,Spytkowice,powiat wadowicki,42
175,Osoby objęte dożywianiem na 1000 mieszkańców,2007,gmina,Stryszów,powiat wadowicki,39
175,Osoby objęte dożywianiem na 1000 mieszkańców,2007,gmina,Tomice,powiat wadowicki,35
175,Osoby objęte dożywianiem na 1000 mieszkańców,2007,gmina,Wadowice,powiat wadowicki,23
175,Osoby objęte dożywianiem na 1000 mieszkańców,2007,gmina,Wieprz,powiat wadowicki,59
175,Osoby objęte dożywianiem na 1000 mieszkańców,2007,powiat,powiat wielicki,powiat wielicki,32
175,Osoby objęte dożywianiem na 1000 mieszkańców,2007,gmina,Biskupice,powiat wielicki,22
175,Osoby objęte dożywianiem na 1000 mieszkańców,2007,gmina,Gdów,powiat wielicki,18
175,Osoby objęte dożywianiem na 1000 mieszkańców,2007,gmina,Kłaj,powiat wielicki,25
175,Osoby objęte dożywianiem na 1000 mieszkańców,2007,gmina,Niepołomice,powiat wielicki,17
175,Osoby objęte dożywianiem na 1000 mieszkańców,2007,gmina,Wieliczka,powiat wielicki,46
