indicator_id,indicator,year,level,area,powiat,value
176,Udział dzieci w ogóle osób objętych dożywianiem,2024,powiat,powiat bocheński,powiat bocheński,19%
176,Udział dzieci w ogóle osób objętych dożywianiem,2024,gmina,Bochnia (miasto),powiat bocheński,17%
176,Udział dzieci w ogóle osób objętych dożywianiem,2024,gmina,Bochnia (wieś),powiat bocheński,14%
176,Udział dzieci w ogóle osób objętych dożywianiem,2024,gmina,Drwinia,powiat bocheński,19%
176,Udział dzieci w ogóle osób objętych dożywianiem,2024,gmina,Lipnica Murowana,powiat bocheński,19%
176,Udział dzieci w ogóle osób objętych dożywianiem,2024,gmina,Łapanów,powiat bocheński,17%
176,Udział dzieci w ogóle osób objętych dożywianiem,2024,gmina,Nowy Wiśnicz,powiat bocheński,32%
176,Udział dzieci w ogóle osób objętych dożywianiem,2024,gmina,Rzezawa,powiat bocheński,15%
176,Udział dzieci w ogóle osób objętych dożywianiem,2024,gmina,Trzciana,powiat bocheński,31%
176,Udział dzieci w ogóle osób objętych dożywianiem,2024,gmina,Żegocina,powiat bocheński,29%
176,Udział dzieci w ogóle osób objętych dożywianiem,2024,powiat,powiat brzeski,powiat brzeski,18%
176,Udział dzieci w ogóle osób objętych dożywianiem,2024,gmina,Borzęcin,powiat brzeski,3%
176,Udział dzieci w ogóle osób objętych dożywianiem,2024,gmina,Brzesko,powiat brzeski,35%
176,Udział dzieci w ogóle osób objętych dożywianiem,2024,gmina,Czchów,powiat brzeski,18%
176,Udział dzieci w ogóle osób objętych dożywianiem,2024,gmina,Dębno,powiat brzeski,9%
176,Udział dzieci w ogóle osób objętych dożywianiem,2024,gmina,Gnojnik,powiat brzeski,14%
176,Udział dzieci w ogóle osób objętych dożywianiem,2024,gmina,Iwkowa,powiat brzeski,29%
176,Udział dzieci w ogóle osób objętych dożywianiem,2024,gmina,Szczurowa,powiat brzeski,7%
176,Udział dzieci w ogóle osób objętych dożywianiem,2024,powiat,powiat chrzanowski,powiat chrzanowski,14%
176,Udział dzieci w ogóle osób objętych dożywianiem,2024,gmina,Alwernia,powiat chrzanowski,13%
176,Udział dzieci w ogóle osób objętych dożywianiem,2024,gmina,Babice,powiat chrzanowski,5%
176,Udział dzieci w ogóle osób objętych dożywianiem,2024,gmina,Chrzanów,powiat chrzanowski,14%
176,Udział dzieci w ogóle osób objętych dożywianiem,2024,gmina,Libiąż,powiat chrzanowski,14%
176,Udział dzieci w ogóle osób objętych dożywianiem,2024,gmina,Trzebinia,powiat chrzanowski,15%
176,Udział dzieci w ogóle osób objętych dożywianiem,2024,powiat,powiat dąbrowski,powiat dąbrowski,18%
176,Udział dzieci w ogóle osób objętych dożywianiem,2024,gmina,Bolesław,powiat dąbrowski,28%
176,Udział dzieci w ogóle osób objętych dożywianiem,2024,gmina,Dąbrowa Tarnowska,powiat dąbrowski,11%
176,Udział dzieci w ogóle osób objętych dożywianiem,2024,gmina,Gręboszów,powiat dąbrowski,9%
176,Udział dzieci w ogóle osób objętych dożywianiem,2024,gmina,Mędrzechów,powiat dąbrowski,39%
176,Udział dzieci w ogóle osób objętych dożywianiem,2024,gmina,Olesno,powiat dąbrowski,18%
176,Udział dzieci w ogóle osób objętych dożywianiem,2024,gmina,Radgoszcz,powiat dąbrowski,8%
176,Udział dzieci w ogóle osób objętych dożywianiem,2024,gmina,Szczucin,powiat dąbrowski,27%
176,Udział dzieci w ogóle osób objętych dożywianiem,2024,powiat,powiat gorlicki,powiat gorlicki,16%
176,Udział dzieci w ogóle osób objętych dożywianiem,2024,gmina,Biecz,powiat gorlicki,13%
176,Udział dzieci w ogóle osób objętych dożywianiem,2024,gmina,Bobowa,powiat gorlicki,18%
176,Udział dzieci w ogóle osób objętych dożywianiem,2024,gmina,Gorlice (miasto),powiat gorlicki,20%
176,Udział dzieci w ogóle osób objętych dożywianiem,2024,gmina,Gorlice (wieś),powiat gorlicki,13%
176,Udział dzieci w ogóle osób objętych dożywianiem,2024,gmina,Lipinki,powiat gorlicki,16%
176,Udział dzieci w ogóle osób objętych dożywianiem,2024,gmina,Łużna,powiat gorlicki,19%
176,Udział dzieci w ogóle osób objętych dożywianiem,2024,gmina,Moszczenica,powiat gorlicki,36%
176,Udział dzieci w ogóle osób objętych dożywianiem,2024,gmina,Ropa,powiat gorlicki,24%
176,Udział dzieci w ogóle osób objętych dożywianiem,2024,gmina,Sękowa,powiat gorlicki,11%
176,Udział dzieci w ogóle osób objętych dożywianiem,2024,gmina,Uście Gorlickie,powiat gorlicki,13%
176,Udział dzieci w ogóle osób objętych dożywianiem,2024,powiat,powiat krakowski,powiat krakowski,14%
176,Udział dzieci w ogóle osób objętych dożywianiem,2024,gmina,Czernichów,powiat krakowski,6%
176,Udział dzieci w ogóle osób objętych dożywianiem,2024,gmina,Igołomia-Wawrzeńczyce,powiat krakowski,18%
176,Udział dzieci w ogóle osób objętych dożywianiem,2024,gmina,Iwanowice,powiat krakowski,20%
176,Udział dzieci w ogóle osób objętych dożywianiem,2024,gmina,Jerzmanowice-Przeginia,powiat krakowski,11%
176,Udział dzieci w ogóle osób objętych dożywianiem,2024,gmina,Kocmyrzów-Luborzyca,powiat krakowski,50%
176,Udział dzieci w ogóle osób objętych dożywianiem,2024,gmina,Krzeszowice,powiat krakowski,10%
176,Udział dzieci w ogóle osób objętych dożywianiem,2024,gmina,Liszki,powiat krakowski,50%
176,Udział dzieci w ogóle osób objętych dożywianiem,2024,gmina,Michałowice,powiat krakowski,22%
176,Udział dzieci w ogóle osób objętych dożywianiem,2024,gmina,Mogilany,powiat krakowski,12%
176,Udział dzieci w ogóle osób objętych dożywianiem,2024,gmina,Skała,powiat krakowski,14%
176,Udział dzieci w ogóle osób objętych dożywianiem,2024,gmina,Skawina,powiat krakowski,11%
176,Udział dzieci w ogóle osób objętych dożywianiem,2024,gmina,Słomniki,powiat krakowski,16%
176,Udział dzieci w ogóle osób objętych dożywianiem,2024,gmina,Sułoszowa,powiat krakowski,24%
176,Udział dzieci w ogóle osób objętych dożywianiem,2024,gmina,Świątniki Górne,powiat krakowski,9%
176,Udział dzieci w ogóle osób objętych dożywianiem,2024,gmina,Wielka Wieś,powiat krakowski,10%
176,Udział dzieci w ogóle osób objętych dożywianiem,2024,gmina,Zabierzów,powiat krakowski,15%
176,Udział dzieci w ogóle osób objętych dożywianiem,2024,gmina,Zielonki,powiat krakowski,9%
176,Udział dzieci w ogóle osób objętych dożywianiem,2024,powiat,powiat limanowski,powiat limanowski,17%
176,Udział dzieci w ogóle osób objętych dożywianiem,2024,gmina,Dobra,powiat limanowski,25%
176,Udział dzieci w ogóle osób objętych dożywianiem,2024,gmina,Jodłownik,powiat limanowski,30%
176,Udział dzieci w ogóle osób objętych dożywianiem,2024,gmina,Kamienica,powiat limanowski,11%
176,Udział dzieci w ogóle osób objętych dożywianiem,2024,gmina,Laskowa,powiat limanowski,12%
176,Udział dzieci w ogóle osób objętych dożywianiem,2024,gmina,Limanowa (miasto),powiat limanowski,19%
176,Udział dzieci w ogóle osób objętych dożywianiem,2024,gmina,Limanowa (wieś),powiat limanowski,8%
176,Udział dzieci w ogóle osób objętych dożywianiem,2024,gmina,Łukowica,powiat limanowski,15%
176,Udział dzieci w ogóle osób objętych dożywianiem,2024,gmina,Mszana Dolna (miasto),powiat limanowski,25%
176,Udział dzieci w ogóle osób objętych dożywianiem,2024,gmina,Mszana Dolna (wieś),powiat limanowski,28%
176,Udział dzieci w ogóle osób objętych dożywianiem,2024,gmina,Niedźwiedź,powiat limanowski,12%
176,Udział dzieci w ogóle osób objętych dożywianiem,2024,gmina,Słopnice,powiat limanowski,11%
176,Udział dzieci w ogóle osób objętych dożywianiem,2024,gmina,Tymbark,powiat limanowski,27%
176,Udział dzieci w ogóle osób objętych dożywianiem,2024,powiat,powiat m. Kraków,powiat m. Kraków,11%
176,Udział dzieci w ogóle osób objętych dożywianiem,2024,powiat,powiat m. Nowy Sącz,powiat m. Nowy Sącz,15%
176,Udział dzieci w ogóle osób objętych dożywianiem,2024,powiat,powiat m. Tarnów,powiat m. Tarnów,13%
176,Udział dzieci w ogóle osób objętych dożywianiem,2024,powiat,powiat miechowski,powiat miechowski,16%
176,Udział dzieci w ogóle osób objętych dożywianiem,2024,gmina,Charsznica,powiat miechowski,11%
176,Udział dzieci w ogóle osób objętych dożywianiem,2024,gmina,Gołcza,powiat miechowski,14%
176,Udział dzieci w ogóle osób objętych dożywianiem,2024,gmina,Kozłów,powiat miechowski,19%
176,Udział dzieci w ogóle osób objętych dożywianiem,2024,gmina,Książ Wielki,powiat miechowski,12%
176,Udział dzieci w ogóle osób objętych dożywianiem,2024,gmina,Miechów,powiat miechowski,20%
176,Udział dzieci w ogóle osób objętych dożywianiem,2024,gmina,Racławice,powiat miechowski,14%
176,Udział dzieci w ogóle osób objętych dożywianiem,2024,gmina,Słaboszów,powiat miechowski,9%
176,Udział dzieci w ogóle osób objętych dożywianiem,2024,powiat,powiat myślenicki,powiat myślenicki,19%
176,Udział dzieci w ogóle osób objętych dożywianiem,2024,gmina,Dobczyce,powiat myślenicki,31%
176,Udział dzieci w ogóle osób objętych dożywianiem,2024,gmina,Lubień,powiat myślenicki,14%
176,Udział dzieci w ogóle osób objętych dożywianiem,2024,gmina,Myślenice,powiat myślenicki,12%
176,Udział dzieci w ogóle osób objętych dożywianiem,2024,gmina,Pcim,powiat myślenicki,24%
176,Udział dzieci w ogóle osób objętych dożywianiem,2024,gmina,Raciechowice,powiat myślenicki,22%
176,Udział dzieci w ogóle osób objętych dożywianiem,2024,gmina,Siepraw,powiat myślenicki,12%
176,Udział dzieci w ogóle osób objętych dożywianiem,2024,gmina,Sułkowice,powiat myślenicki,16%
176,Udział dzieci w ogóle osób objętych dożywianiem,2024,gmina,Tokarnia,powiat myślenicki,20%
176,Udział dzieci w ogóle osób objętych dożywianiem,2024,gmina,Wiśniowa,powiat myślenicki,18%
176,Udział dzieci w ogóle osób objętych dożywianiem,2024,powiat,powiat nowosądecki,powiat nowosądecki,22%
176,Udział dzieci w ogóle osób objętych dożywianiem,2024,gmina,Podegrodzie,powiat nowosądecki,27%
176,Udział dzieci w ogóle osób objętych dożywianiem,2024,gmina,Rytro,powiat nowosądecki,27%
176,Udział dzieci w ogóle osób objętych dożywianiem,2024,gmina,Stary Sącz,powiat nowosądecki,26%
176,Udział dzieci w ogóle osób objętych dożywianiem,2024,gmina,Chełmiec,powiat nowosądecki,18%
176,Udział dzieci w ogóle osób objętych dożywianiem,2024,gmina,Gródek nad Dunajcem,powiat nowosądecki,3%
176,Udział dzieci w ogóle osób objętych dożywianiem,2024,gmina,Grybów (miasto),powiat nowosądecki,18%
176,Udział dzieci w ogóle osób objętych dożywianiem,2024,gmina,Grybów (wieś),powiat nowosądecki,18%
176,Udział dzieci w ogóle osób objętych dożywianiem,2024,gmina,Kamionka Wielka,powiat nowosądecki,16%
176,Udział dzieci w ogóle osób objętych dożywianiem,2024,gmina,Korzenna,powiat nowosądecki,11%
176,Udział dzieci w ogóle osób objętych dożywianiem,2024,gmina,Krynica-Zdrój,powiat nowosądecki,17%
176,Udział dzieci w ogóle osób objętych dożywianiem,2024,gmina,Łabowa,powiat nowosądecki,50%
176,Udział dzieci w ogóle osób objętych dożywianiem,2024,gmina,Łącko,powiat nowosądecki,64%
176,Udział dzieci w ogóle osób objętych dożywianiem,2024,gmina,Łososina Dolna,powiat nowosądecki,10%
176,Udział dzieci w ogóle osób objętych dożywianiem,2024,gmina,Muszyna,powiat nowosądecki,25%
176,Udział dzieci w ogóle osób objętych dożywianiem,2024,gmina,Nawojowa,powiat nowosądecki,13%
176,Udział dzieci w ogóle osób objętych dożywianiem,2024,gmina,Piwniczna-Zdrój,powiat nowosądecki,19%
176,Udział dzieci w ogóle osób objętych dożywianiem,2024,powiat,powiat nowotarski,powiat nowotarski,15%
176,Udział dzieci w ogóle osób objętych dożywianiem,2024,gmina,Czarny Dunajec,powiat nowotarski,14%
176,Udział dzieci w ogóle osób objętych dożywianiem,2024,gmina,Czorsztyn,powiat nowotarski,29%
176,Udział dzieci w ogóle osób objętych dożywianiem,2024,gmina,Jabłonka,powiat nowotarski,20%
176,Udział dzieci w ogóle osób objętych dożywianiem,2024,gmina,Krościenko nad Dunajcem,powiat nowotarski,4%
176,Udział dzieci w ogóle osób objętych dożywianiem,2024,gmina,Lipnica Wielka,powiat nowotarski,5%
176,Udział dzieci w ogóle osób objętych dożywianiem,2024,gmina,Łapsze Niżne,powiat nowotarski,0%
176,Udział dzieci w ogóle osób objętych dożywianiem,2024,gmina,Nowy Targ (miasto),powiat nowotarski,12%
176,Udział dzieci w ogóle osób objętych dożywianiem,2024,gmina,Nowy Targ (wieś),powiat nowotarski,9%
176,Udział dzieci w ogóle osób objętych dożywianiem,2024,gmina,Ochotnica Dolna,powiat nowotarski,20%
176,Udział dzieci w ogóle osób objętych dożywianiem,2024,gmina,Raba Wyżna,powiat nowotarski,14%
176,Udział dzieci w ogóle osób objętych dożywianiem,2024,gmina,Rabka-Zdrój,powiat nowotarski,23%
176,Udział dzieci w ogóle osób objętych dożywianiem,2024,gmina,Spytkowice,powiat nowotarski,29%
176,Udział dzieci w ogóle osób objętych dożywianiem,2024,gmina,Szaflary,powiat nowotarski,18%
176,Udział dzieci w ogóle osób objętych dożywianiem,2024,gmina,Szczawnica,powiat nowotarski,13%
176,Udział dzieci w ogóle osób objętych dożywianiem,2024,powiat,powiat olkuski,powiat olkuski,20%
176,Udział dzieci w ogóle osób objętych dożywianiem,2024,gmina,Bolesław,powiat olkuski,20%
176,Udział dzieci w ogóle osób objętych dożywianiem,2024,gmina,Bukowno,powiat olkuski,17%
176,Udział dzieci w ogóle osób objętych dożywianiem,2024,gmina,Klucze,powiat olkuski,16%
176,Udział dzieci w ogóle osób objętych dożywianiem,2024,gmina,Olkusz,powiat olkuski,25%
176,Udział dzieci w ogóle osób objętych dożywianiem,2024,gmina,Trzyciąż,powiat olkuski,17%
176,Udział dzieci w ogóle osób objętych dożywianiem,2024,gmina,Wolbrom,powiat olkuski,14%
176,Udział dzieci w ogóle osób objętych dożywianiem,2024,powiat,powiat oświęcimski,powiat oświęcimski,11%
176,Udział dzieci w ogóle osób objętych dożywianiem,2024,gmina,Brzeszcze,powiat oświęcimski,5%
176,Udział dzieci w ogóle osób objętych dożywianiem,2024,gmina,Chełmek,powiat oświęcimski,8%
176,Udział dzieci w ogóle osób objętych dożywianiem,2024,gmina,Kęty,powiat oświęcimski,11%
176,Udział dzieci w ogóle osób objętych dożywianiem,2024,gmina,Osiek,powiat oświęcimski,16%
176,Udział dzieci w ogóle osób objętych dożywianiem,2024,gmina,Oświęcim (miasto),powiat oświęcimski,11%
176,Udział dzieci w ogóle osób objętych dożywianiem,2024,gmina,Oświęcim (wieś),powiat oświęcimski,10%
176,Udział dzieci w ogóle osób objętych dożywianiem,2024,gmina,Polanka Wielka,powiat oświęcimski,3%
176,Udział dzieci w ogóle osób objętych dożywianiem,2024,gmina,Przeciszów,powiat oświęcimski,7%
176,Udział dzieci w ogóle osób objętych dożywianiem,2024,gmina,Zator,powiat oświęcimski,12%
176,Udział dzieci w ogóle osób objętych dożywianiem,2024,powiat,powiat proszowicki,powiat proszowicki,16%
176,Udział dzieci w ogóle osób objętych dożywianiem,2024,gmina,Koniusza,powiat proszowicki,0%
176,Udział dzieci w ogóle osób objętych dożywianiem,2024,gmina,Koszyce,powiat proszowicki,18%
176,Udział dzieci w ogóle osób objętych dożywianiem,2024,gmina,Nowe Brzesko,powiat proszowicki,25%
176,Udział dzieci w ogóle osób objętych dożywianiem,2024,gmina,Pałecznica,powiat proszowicki,9%
176,Udział dzieci w ogóle osób objętych dożywianiem,2024,gmina,Proszowice,powiat proszowicki,14%
176,Udział dzieci w ogóle osób objętych dożywianiem,2024,gmina,Radziemice,powiat proszowicki,32%
176,Udział dzieci w ogóle osób objętych dożywianiem,2024,powiat,powiat suski,powiat suski,15%
176,Udział dzieci w ogóle osób objętych dożywianiem,2024,gmina,Budzów,powiat suski,16%
176,Udział dzieci w ogóle osób objętych dożywianiem,2024,gmina,Bystra-Sidzina,powiat suski,25%
176,Udział dzieci w ogóle osób objętych dożywianiem,2024,gmina,Jordanów (miasto),powiat suski,16%
176,Udział dzieci w ogóle osób objętych dożywianiem,2024,gmina,Jordanów (wieś),powiat suski,21%
176,Udział dzieci w ogóle osób objętych dożywianiem,2024,gmina,Maków Podhalański,powiat suski,11%
176,Udział dzieci w ogóle osób objętych dożywianiem,2024,gmina,Stryszawa,powiat suski,13%
176,Udział dzieci w ogóle osób objętych dożywianiem,2024,gmina,Sucha Beskidzka,powiat suski,13%
176,Udział dzieci w ogóle osób objętych dożywianiem,2024,gmina,Zawoja,powiat suski,9%
176,Udział dzieci w ogóle osób objętych dożywianiem,2024,gmina,Zembrzyce,powiat suski,11%
176,Udział dzieci w ogóle osób objętych dożywianiem,2024,powiat,powiat tarnowski,powiat tarnowski,17%
176,Udział dzieci w ogóle osób objętych dożywianiem,2024,gmina,Ciężkowice,powiat tarnowski,12%
176,Udział dzieci w ogóle osób objętych dożywianiem,2024,gmina,Gromnik,powiat tarnowski,22%
176,Udział dzieci w ogóle osób objętych dożywianiem,2024,gmina,Lisia Góra,powiat tarnowski,21%
176,Udział dzieci w ogóle osób objętych dożywianiem,2024,gmina,Pleśna,powiat tarnowski,31%
176,Udział dzieci w ogóle osób objętych dożywianiem,2024,gmina,Radłów,powiat tarnowski,21%
176,Udział dzieci w ogóle osób objętych dożywianiem,2024,gmina,Ryglice,powiat tarnowski,7%
176,Udział dzieci w ogóle osób objętych dożywianiem,2024,gmina,Rzepiennik Strzyżewski,powiat tarnowski,44%
176,Udział dzieci w ogóle osób objętych dożywianiem,2024,gmina,Skrzyszów,powiat tarnowski,13%
176,Udział dzieci w ogóle osób objętych dożywianiem,2024,gmina,Szerzyny,powiat tarnowski,15%
176,Udział dzieci w ogóle osób objętych dożywianiem,2024,gmina,Tarnów (wieś),powiat tarnowski,14%
176,Udział dzieci w ogóle osób objętych dożywianiem,2024,gmina,Tuchów,powiat tarnowski,10%
176,Udział dzieci w ogóle osób objętych dożywianiem,2024,gmina,Wierzchosławice,powiat tarnowski,13%
176,Udział dzieci w ogóle osób objętych dożywianiem,2024,gmina,Wietrzychowice,powiat tarnowski,21%
176,Udział dzieci w ogóle osób objętych dożywianiem,2024,gmina,Wojnicz,powiat tarnowski,6%
176,Udział dzieci w ogóle osób objętych dożywianiem,2024,gmina,Zakliczyn,powiat tarnowski,19%
176,Udział dzieci w ogóle osób objętych dożywianiem,2024,gmina,Żabno,powiat tarnowski,12%
176,Udział dzieci w ogóle osób objętych dożywianiem,2024,powiat,powiat tatrzański,powiat tatrzański,15%
176,Udział dzieci w ogóle osób objętych dożywianiem,2024,gmina,Biały Dunajec,powiat tatrzański,22%
176,Udział dzieci w ogóle osób objętych dożywianiem,2024,gmina,Bukowina Tatrzańska,powiat tatrzański,18%
176,Udział dzieci w ogóle osób objętych dożywianiem,2024,gmina,Kościelisko,powiat tatrzański,9%
176,Udział dzieci w ogóle osób objętych dożywianiem,2024,gmina,Poronin,powiat tatrzański,10%
176,Udział dzieci w ogóle osób objętych dożywianiem,2024,gmina,Zakopane,powiat tatrzański,15%
176,Udział dzieci w ogóle osób objętych dożywianiem,2024,powiat,powiat wadowicki,powiat wadowicki,17%
176,Udział dzieci w ogóle osób objętych dożywianiem,2024,gmina,Andrychów,powiat wadowicki,14%
176,Udział dzieci w ogóle osób objętych dożywianiem,2024,gmina,Brzeźnica,powiat wadowicki,16%
176,Udział dzieci w ogóle osób objętych dożywianiem,2024,gmina,Kalwaria Zebrzydowska,powiat wadowicki,26%
176,Udział dzieci w ogóle osób objętych dożywianiem,2024,gmina,Lanckorona,powiat wadowicki,15%
176,Udział dzieci w ogóle osób objętych dożywianiem,2024,gmina,Mucharz,powiat wadowicki,16%
176,Udział dzieci w ogóle osób objętych dożywianiem,2024,gmina,Spytkowice,powiat wadowicki,17%
176,Udział dzieci w ogóle osób objętych dożywianiem,2024,gmina,Stryszów,powiat wadowicki,16%
176,Udział dzieci w ogóle osób objętych dożywianiem,2024,gmina,Tomice,powiat wadowicki,12%
176,Udział dzieci w ogóle osób objętych dożywianiem,2024,gmina,Wadowice,powiat wadowicki,21%
176,Udział dzieci w ogóle osób objętych dożywianiem,2024,gmina,Wieprz,powiat wadowicki,20%
176,Udział dzieci w ogóle osób objętych dożywianiem,2024,powiat,powiat wielicki,powiat wielicki,15%
176,Udział dzieci w ogóle osób objętych dożywianiem,2024,gmina,Biskupice,powiat wielicki,15%
176,Udział dzieci w ogóle osób objętych dożywianiem,2024,gmina,Gdów,powiat wielicki,15%
176,Udział dzieci w ogóle osób objętych dożywianiem,2024,gmina,Kłaj,powiat wielicki,14%
176,Udział dzieci w ogóle osób objętych dożywianiem,2024,gmina,Niepołomice,powiat wielicki,20%
176,Udział dzieci w ogóle osób objętych dożywianiem,2024,gmina,Wieliczka,powiat wielicki,13%
176,Udział dzieci w ogóle osób objętych dożywianiem,2023,powiat,powiat bocheński,powiat bocheński,19%
176,Udział dzieci w ogóle osób objętych dożywianiem,2023,gmina,Bochnia (miasto),powiat bocheński,16%
176,Udział dzieci w ogóle osób objętych dożywianiem,2023,gmina,Bochnia (wieś),powiat bocheński,14%
176,Udział dzieci w ogóle osób objętych dożywianiem,2023,gmina,Drwinia,powiat bocheński,20%
176,Udział dzieci w ogóle osób objętych dożywianiem,2023,gmina,Lipnica Murowana,powiat bocheński,17%
176,Udział dzieci w ogóle osób objętych dożywianiem,2023,gmina,Łapanów,powiat bocheński,10%
176,Udział dzieci w ogóle osób objętych dożywianiem,2023,gmina,Nowy Wiśnicz,powiat bocheński,32%
176,Udział dzieci w ogóle osób objętych dożywianiem,2023,gmina,Rzezawa,powiat bocheński,17%
176,Udział dzieci w ogóle osób objętych dożywianiem,2023,gmina,Trzciana,powiat bocheński,43%
176,Udział dzieci w ogóle osób objętych dożywianiem,2023,gmina,Żegocina,powiat bocheński,21%
176,Udział dzieci w ogóle osób objętych dożywianiem,2023,powiat,powiat brzeski,powiat brzeski,19%
176,Udział dzieci w ogóle osób objętych dożywianiem,2023,gmina,Borzęcin,powiat brzeski,4%
176,Udział dzieci w ogóle osób objętych dożywianiem,2023,gmina,Brzesko,powiat brzeski,36%
176,Udział dzieci w ogóle osób objętych dożywianiem,2023,gmina,Czchów,powiat brzeski,17%
176,Udział dzieci w ogóle osób objętych dożywianiem,2023,gmina,Dębno,powiat brzeski,12%
176,Udział dzieci w ogóle osób objętych dożywianiem,2023,gmina,Gnojnik,powiat brzeski,14%
176,Udział dzieci w ogóle osób objętych dożywianiem,2023,gmina,Iwkowa,powiat brzeski,29%
176,Udział dzieci w ogóle osób objętych dożywianiem,2023,gmina,Szczurowa,powiat brzeski,13%
176,Udział dzieci w ogóle osób objętych dożywianiem,2023,powiat,powiat chrzanowski,powiat chrzanowski,15%
176,Udział dzieci w ogóle osób objętych dożywianiem,2023,gmina,Alwernia,powiat chrzanowski,15%
176,Udział dzieci w ogóle osób objętych dożywianiem,2023,gmina,Babice,powiat chrzanowski,11%
176,Udział dzieci w ogóle osób objętych dożywianiem,2023,gmina,Chrzanów,powiat chrzanowski,15%
176,Udział dzieci w ogóle osób objętych dożywianiem,2023,gmina,Libiąż,powiat chrzanowski,14%
176,Udział dzieci w ogóle osób objętych dożywianiem,2023,gmina,Trzebinia,powiat chrzanowski,15%
176,Udział dzieci w ogóle osób objętych dożywianiem,2023,powiat,powiat dąbrowski,powiat dąbrowski,18%
176,Udział dzieci w ogóle osób objętych dożywianiem,2023,gmina,Bolesław,powiat dąbrowski,23%
176,Udział dzieci w ogóle osób objętych dożywianiem,2023,gmina,Dąbrowa Tarnowska,powiat dąbrowski,11%
176,Udział dzieci w ogóle osób objętych dożywianiem,2023,gmina,Gręboszów,powiat dąbrowski,9%
176,Udział dzieci w ogóle osób objętych dożywianiem,2023,gmina,Mędrzechów,powiat dąbrowski,37%
176,Udział dzieci w ogóle osób objętych dożywianiem,2023,gmina,Olesno,powiat dąbrowski,14%
176,Udział dzieci w ogóle osób objętych dożywianiem,2023,gmina,Radgoszcz,powiat dąbrowski,17%
176,Udział dzieci w ogóle osób objętych dożywianiem,2023,gmina,Szczucin,powiat dąbrowski,26%
176,Udział dzieci w ogóle osób objętych dożywianiem,2023,powiat,powiat gorlicki,powiat gorlicki,16%
176,Udział dzieci w ogóle osób objętych dożywianiem,2023,gmina,Biecz,powiat gorlicki,13%
176,Udział dzieci w ogóle osób objętych dożywianiem,2023,gmina,Bobowa,powiat gorlicki,15%
176,Udział dzieci w ogóle osób objętych dożywianiem,2023,gmina,Gorlice (miasto),powiat gorlicki,20%
176,Udział dzieci w ogóle osób objętych dożywianiem,2023,gmina,Gorlice (wieś),powiat gorlicki,13%
176,Udział dzieci w ogóle osób objętych dożywianiem,2023,gmina,Lipinki,powiat gorlicki,17%
176,Udział dzieci w ogóle osób objętych dożywianiem,2023,gmina,Łużna,powiat gorlicki,21%
176,Udział dzieci w ogóle osób objętych dożywianiem,2023,gmina,Moszczenica,powiat gorlicki,31%
176,Udział dzieci w ogóle osób objętych dożywianiem,2023,gmina,Ropa,powiat gorlicki,25%
176,Udział dzieci w ogóle osób objętych dożywianiem,2023,gmina,Sękowa,powiat gorlicki,14%
176,Udział dzieci w ogóle osób objętych dożywianiem,2023,gmina,Uście Gorlickie,powiat gorlicki,12%
176,Udział dzieci w ogóle osób objętych dożywianiem,2023,powiat,powiat krakowski,powiat krakowski,16%
176,Udział dzieci w ogóle osób objętych dożywianiem,2023,gmina,Czernichów,powiat krakowski,11%
176,Udział dzieci w ogóle osób objętych dożywianiem,2023,gmina,Igołomia-Wawrzeńczyce,powiat krakowski,18%
176,Udział dzieci w ogóle osób objętych dożywianiem,2023,gmina,Iwanowice,powiat krakowski,16%
176,Udział dzieci w ogóle osób objętych dożywianiem,2023,gmina,Jerzmanowice-Przeginia,powiat krakowski,14%
176,Udział dzieci w ogóle osób objętych dożywianiem,2023,gmina,Kocmyrzów-Luborzyca,powiat krakowski,36%
176,Udział dzieci w ogóle osób objętych dożywianiem,2023,gmina,Krzeszowice,powiat krakowski,12%
176,Udział dzieci w ogóle osób objętych dożywianiem,2023,gmina,Liszki,powiat krakowski,40%
176,Udział dzieci w ogóle osób objętych dożywianiem,2023,gmina,Michałowice,powiat krakowski,18%
176,Udział dzieci w ogóle osób objętych dożywianiem,2023,gmina,Mogilany,powiat krakowski,6%
176,Udział dzieci w ogóle osób objętych dożywianiem,2023,gmina,Skała,powiat krakowski,10%
176,Udział dzieci w ogóle osób objętych dożywianiem,2023,gmina,Skawina,powiat krakowski,16%
176,Udział dzieci w ogóle osób objętych dożywianiem,2023,gmina,Słomniki,powiat krakowski,23%
176,Udział dzieci w ogóle osób objętych dożywianiem,2023,gmina,Sułoszowa,powiat krakowski,29%
176,Udział dzieci w ogóle osób objętych dożywianiem,2023,gmina,Świątniki Górne,powiat krakowski,13%
176,Udział dzieci w ogóle osób objętych dożywianiem,2023,gmina,Wielka Wieś,powiat krakowski,11%
176,Udział dzieci w ogóle osób objętych dożywianiem,2023,gmina,Zabierzów,powiat krakowski,17%
176,Udział dzieci w ogóle osób objętych dożywianiem,2023,gmina,Zielonki,powiat krakowski,17%
176,Udział dzieci w ogóle osób objętych dożywianiem,2023,powiat,powiat limanowski,powiat limanowski,19%
176,Udział dzieci w ogóle osób objętych dożywianiem,2023,gmina,Dobra,powiat limanowski,28%
176,Udział dzieci w ogóle osób objętych dożywianiem,2023,gmina,Jodłownik,powiat limanowski,27%
176,Udział dzieci w ogóle osób objętych dożywianiem,2023,gmina,Kamienica,powiat limanowski,16%
176,Udział dzieci w ogóle osób objętych dożywianiem,2023,gmina,Laskowa,powiat limanowski,12%
176,Udział dzieci w ogóle osób objętych dożywianiem,2023,gmina,Limanowa (miasto),powiat limanowski,19%
176,Udział dzieci w ogóle osób objętych dożywianiem,2023,gmina,Limanowa (wieś),powiat limanowski,10%
176,Udział dzieci w ogóle osób objętych dożywianiem,2023,gmina,Łukowica,powiat limanowski,21%
176,Udział dzieci w ogóle osób objętych dożywianiem,2023,gmina,Mszana Dolna (miasto),powiat limanowski,29%
176,Udział dzieci w ogóle osób objętych dożywianiem,2023,gmina,Mszana Dolna (wieś),powiat limanowski,25%
176,Udział dzieci w ogóle osób objętych dożywianiem,2023,gmina,Niedźwiedź,powiat limanowski,10%
176,Udział dzieci w ogóle osób objętych dożywianiem,2023,gmina,Słopnice,powiat limanowski,20%
176,Udział dzieci w ogóle osób objętych dożywianiem,2023,gmina,Tymbark,powiat limanowski,21%
176,Udział dzieci w ogóle osób objętych dożywianiem,2023,powiat,powiat m. Kraków,powiat m. Kraków,11%
176,Udział dzieci w ogóle osób objętych dożywianiem,2023,powiat,powiat m. Nowy Sącz,powiat m. Nowy Sącz,16%
176,Udział dzieci w ogóle osób objętych dożywianiem,2023,powiat,powiat m. Tarnów,powiat m. Tarnów,14%
176,Udział dzieci w ogóle osób objętych dożywianiem,2023,powiat,powiat miechowski,powiat miechowski,13%
176,Udział dzieci w ogóle osób objętych dożywianiem,2023,gmina,Charsznica,powiat miechowski,13%
176,Udział dzieci w ogóle osób objętych dożywianiem,2023,gmina,Gołcza,powiat miechowski,9%
176,Udział dzieci w ogóle osób objętych dożywianiem,2023,gmina,Kozłów,powiat miechowski,13%
176,Udział dzieci w ogóle osób objętych dożywianiem,2023,gmina,Książ Wielki,powiat miechowski,12%
176,Udział dzieci w ogóle osób objętych dożywianiem,2023,gmina,Miechów,powiat miechowski,17%
176,Udział dzieci w ogóle osób objętych dożywianiem,2023,gmina,Racławice,powiat miechowski,4%
176,Udział dzieci w ogóle osób objętych dożywianiem,2023,gmina,Słaboszów,powiat miechowski,2%
176,Udział dzieci w ogóle osób objętych dożywianiem,2023,powiat,powiat myślenicki,powiat myślenicki,21%
176,Udział dzieci w ogóle osób objętych dożywianiem,2023,gmina,Dobczyce,powiat myślenicki,31%
176,Udział dzieci w ogóle osób objętych dożywianiem,2023,gmina,Lubień,powiat myślenicki,15%
176,Udział dzieci w ogóle osób objętych dożywianiem,2023,gmina,Myślenice,powiat myślenicki,23%
176,Udział dzieci w ogóle osób objętych dożywianiem,2023,gmina,Pcim,powiat myślenicki,19%
176,Udział dzieci w ogóle osób objętych dożywianiem,2023,gmina,Raciechowice,powiat myślenicki,20%
176,Udział dzieci w ogóle osób objętych dożywianiem,2023,gmina,Siepraw,powiat myślenicki,15%
176,Udział dzieci w ogóle osób objętych dożywianiem,2023,gmina,Sułkowice,powiat myślenicki,20%
176,Udział dzieci w ogóle osób objętych dożywianiem,2023,gmina,Tokarnia,powiat myślenicki,19%
176,Udział dzieci w ogóle osób objętych dożywianiem,2023,gmina,Wiśniowa,powiat myślenicki,14%
176,Udział dzieci w ogóle osób objętych dożywianiem,2023,powiat,powiat nowosądecki,powiat nowosądecki,20%
176,Udział dzieci w ogóle osób objętych dożywianiem,2023,gmina,Podegrodzie,powiat nowosądecki,21%
176,Udział dzieci w ogóle osób objętych dożywianiem,2023,gmina,Rytro,powiat nowosądecki,3%
176,Udział dzieci w ogóle osób objętych dożywianiem,2023,gmina,Stary Sącz,powiat nowosądecki,20%
176,Udział dzieci w ogóle osób objętych dożywianiem,2023,gmina,Chełmiec,powiat nowosądecki,17%
176,Udział dzieci w ogóle osób objętych dożywianiem,2023,gmina,Gródek nad Dunajcem,powiat nowosądecki,18%
176,Udział dzieci w ogóle osób objętych dożywianiem,2023,gmina,Grybów (miasto),powiat nowosądecki,12%
176,Udział dzieci w ogóle osób objętych dożywianiem,2023,gmina,Grybów (wieś),powiat nowosądecki,10%
176,Udział dzieci w ogóle osób objętych dożywianiem,2023,gmina,Kamionka Wielka,powiat nowosądecki,20%
176,Udział dzieci w ogóle osób objętych dożywianiem,2023,gmina,Korzenna,powiat nowosądecki,49%
176,Udział dzieci w ogóle osób objętych dożywianiem,2023,gmina,Krynica-Zdrój,powiat nowosądecki,7%
176,Udział dzieci w ogóle osób objętych dożywianiem,2023,gmina,Łabowa,powiat nowosądecki,22%
176,Udział dzieci w ogóle osób objętych dożywianiem,2023,gmina,Łącko,powiat nowosądecki,16%
176,Udział dzieci w ogóle osób objętych dożywianiem,2023,gmina,Łososina Dolna,powiat nowosądecki,20%
176,Udział dzieci w ogóle osób objętych dożywianiem,2023,gmina,Muszyna,powiat nowosądecki,27%
176,Udział dzieci w ogóle osób objętych dożywianiem,2023,gmina,Nawojowa,powiat nowosądecki,20%
176,Udział dzieci w ogóle osób objętych dożywianiem,2023,gmina,Piwniczna-Zdrój,powiat nowosądecki,25%
176,Udział dzieci w ogóle osób objętych dożywianiem,2023,powiat,powiat nowotarski,powiat nowotarski,17%
176,Udział dzieci w ogóle osób objętych dożywianiem,2023,gmina,Czarny Dunajec,powiat nowotarski,17%
176,Udział dzieci w ogóle osób objętych dożywianiem,2023,gmina,Czorsztyn,powiat nowotarski,40%
176,Udział dzieci w ogóle osób objętych dożywianiem,2023,gmina,Jabłonka,powiat nowotarski,17%
176,Udział dzieci w ogóle osób objętych dożywianiem,2023,gmina,Krościenko nad Dunajcem,powiat nowotarski,9%
176,Udział dzieci w ogóle osób objętych dożywianiem,2023,gmina,Lipnica Wielka,powiat nowotarski,5%
176,Udział dzieci w ogóle osób objętych dożywianiem,2023,gmina,Łapsze Niżne,powiat nowotarski,0%
176,Udział dzieci w ogóle osób objętych dożywianiem,2023,gmina,Nowy Targ (miasto),powiat nowotarski,18%
176,Udział dzieci w ogóle osób objętych dożywianiem,2023,gmina,Nowy Targ (wieś),powiat nowotarski,16%
176,Udział dzieci w ogóle osób objętych dożywianiem,2023,gmina,Ochotnica Dolna,powiat nowotarski,16%
176,Udział dzieci w ogóle osób objętych dożywianiem,2023,gmina,Raba Wyżna,powiat nowotarski,16%
176,Udział dzieci w ogóle osób objętych dożywianiem,2023,gmina,Rabka-Zdrój,powiat nowotarski,24%
176,Udział dzieci w ogóle osób objętych dożywianiem,2023,gmina,Spytkowice,powiat nowotarski,22%
176,Udział dzieci w ogóle osób objętych dożywianiem,2023,gmina,Szaflary,powiat nowotarski,16%
176,Udział dzieci w ogóle osób objętych dożywianiem,2023,gmina,Szczawnica,powiat nowotarski,18%
176,Udział dzieci w ogóle osób objętych dożywianiem,2023,powiat,powiat olkuski,powiat olkuski,19%
176,Udział dzieci w ogóle osób objętych dożywianiem,2023,gmina,Bolesław,powiat olkuski,18%
176,Udział dzieci w ogóle osób objętych dożywianiem,2023,gmina,Bukowno,powiat olkuski,14%
176,Udział dzieci w ogóle osób objętych dożywianiem,2023,gmina,Klucze,powiat olkuski,22%
176,Udział dzieci w ogóle osób objętych dożywianiem,2023,gmina,Olkusz,powiat olkuski,20%
176,Udział dzieci w ogóle osób objętych dożywianiem,2023,gmina,Trzyciąż,powiat olkuski,7%
176,Udział dzieci w ogóle osób objętych dożywianiem,2023,gmina,Wolbrom,powiat olkuski,20%
176,Udział dzieci w ogóle osób objętych dożywianiem,2023,powiat,powiat oświęcimski,powiat oświęcimski,14%
176,Udział dzieci w ogóle osób objętych dożywianiem,2023,gmina,Brzeszcze,powiat oświęcimski,15%
176,Udział dzieci w ogóle osób objętych dożywianiem,2023,gmina,Chełmek,powiat oświęcimski,10%
176,Udział dzieci w ogóle osób objętych dożywianiem,2023,gmina,Kęty,powiat oświęcimski,14%
176,Udział dzieci w ogóle osób objętych dożywianiem,2023,gmina,Osiek,powiat oświęcimski,18%
176,Udział dzieci w ogóle osób objętych dożywianiem,2023,gmina,Oświęcim (miasto),powiat oświęcimski,14%
176,Udział dzieci w ogóle osób objętych dożywianiem,2023,gmina,Oświęcim (wieś),powiat oświęcimski,15%
176,Udział dzieci w ogóle osób objętych dożywianiem,2023,gmina,Polanka Wielka,powiat oświęcimski,5%
176,Udział dzieci w ogóle osób objętych dożywianiem,2023,gmina,Przeciszów,powiat oświęcimski,7%
176,Udział dzieci w ogóle osób objętych dożywianiem,2023,gmina,Zator,powiat oświęcimski,17%
176,Udział dzieci w ogóle osób objętych dożywianiem,2023,powiat,powiat proszowicki,powiat proszowicki,17%
176,Udział dzieci w ogóle osób objętych dożywianiem,2023,gmina,Koniusza,powiat proszowicki,0%
176,Udział dzieci w ogóle osób objętych dożywianiem,2023,gmina,Koszyce,powiat proszowicki,23%
176,Udział dzieci w ogóle osób objętych dożywianiem,2023,gmina,Nowe Brzesko,powiat proszowicki,20%
176,Udział dzieci w ogóle osób objętych dożywianiem,2023,gmina,Pałecznica,powiat proszowicki,8%
176,Udział dzieci w ogóle osób objętych dożywianiem,2023,gmina,Proszowice,powiat proszowicki,16%
176,Udział dzieci w ogóle osób objętych dożywianiem,2023,gmina,Radziemice,powiat proszowicki,39%
176,Udział dzieci w ogóle osób objętych dożywianiem,2023,powiat,powiat suski,powiat suski,15%
176,Udział dzieci w ogóle osób objętych dożywianiem,2023,gmina,Budzów,powiat suski,16%
176,Udział dzieci w ogóle osób objętych dożywianiem,2023,gmina,Bystra-Sidzina,powiat suski,21%
176,Udział dzieci w ogóle osób objętych dożywianiem,2023,gmina,Jordanów (miasto),powiat suski,17%
176,Udział dzieci w ogóle osób objętych dożywianiem,2023,gmina,Jordanów (wieś),powiat suski,21%
176,Udział dzieci w ogóle osób objętych dożywianiem,2023,gmina,Maków Podhalański,powiat suski,11%
176,Udział dzieci w ogóle osób objętych dożywianiem,2023,gmina,Stryszawa,powiat suski,15%
176,Udział dzieci w ogóle osób objętych dożywianiem,2023,gmina,Sucha Beskidzka,powiat suski,14%
176,Udział dzieci w ogóle osób objętych dożywianiem,2023,gmina,Zawoja,powiat suski,8%
176,Udział dzieci w ogóle osób objętych dożywianiem,2023,gmina,Zembrzyce,powiat suski,12%
176,Udział dzieci w ogóle osób objętych dożywianiem,2023,powiat,powiat tarnowski,powiat tarnowski,17%
176,Udział dzieci w ogóle osób objętych dożywianiem,2023,gmina,Ciężkowice,powiat tarnowski,12%
176,Udział dzieci w ogóle osób objętych dożywianiem,2023,gmina,Gromnik,powiat tarnowski,19%
176,Udział dzieci w ogóle osób objętych dożywianiem,2023,gmina,Lisia Góra,powiat tarnowski,21%
176,Udział dzieci w ogóle osób objętych dożywianiem,2023,gmina,Pleśna,powiat tarnowski,31%
176,Udział dzieci w ogóle osób objętych dożywianiem,2023,gmina,Radłów,powiat tarnowski,22%
176,Udział dzieci w ogóle osób objętych dożywianiem,2023,gmina,Ryglice,powiat tarnowski,11%
176,Udział dzieci w ogóle osób objętych dożywianiem,2023,gmina,Rzepiennik Strzyżewski,powiat tarnowski,42%
176,Udział dzieci w ogóle osób objętych dożywianiem,2023,gmina,Skrzyszów,powiat tarnowski,16%
176,Udział dzieci w ogóle osób objętych dożywianiem,2023,gmina,Szerzyny,powiat tarnowski,16%
176,Udział dzieci w ogóle osób objętych dożywianiem,2023,gmina,Tarnów (wieś),powiat tarnowski,16%
176,Udział dzieci w ogóle osób objętych dożywianiem,2023,gmina,Tuchów,powiat tarnowski,13%
176,Udział dzieci w ogóle osób objętych dożywianiem,2023,gmina,Wierzchosławice,powiat tarnowski,14%
176,Udział dzieci w ogóle osób objętych dożywianiem,2023,gmina,Wietrzychowice,powiat tarnowski,15%
176,Udział dzieci w ogóle osób objętych dożywianiem,2023,gmina,Wojnicz,powiat tarnowski,6%
176,Udział dzieci w ogóle osób objętych dożywianiem,2023,gmina,Zakliczyn,powiat tarnowski,17%
176,Udział dzieci w ogóle osób objętych dożywianiem,2023,gmina,Żabno,powiat tarnowski,12%
176,Udział dzieci w ogóle osób objętych dożywianiem,2023,powiat,powiat tatrzański,powiat tatrzański,14%
176,Udział dzieci w ogóle osób objętych dożywianiem,2023,gmina,Biały Dunajec,powiat tatrzański,12%
176,Udział dzieci w ogóle osób objętych dożywianiem,2023,gmina,Bukowina Tatrzańska,powiat tatrzański,14%
176,Udział dzieci w ogóle osób objętych dożywianiem,2023,gmina,Kościelisko,powiat tatrzański,4%
176,Udział dzieci w ogóle osób objętych dożywianiem,2023,gmina,Poronin,powiat tatrzański,9%
176,Udział dzieci w ogóle osób objętych dożywianiem,2023,gmina,Zakopane,powiat tatrzański,19%
176,Udział dzieci w ogóle osób objętych dożywianiem,2023,powiat,powiat wadowicki,powiat wadowicki,19%
176,Udział dzieci w ogóle osób objętych dożywianiem,2023,gmina,Andrychów,powiat wadowicki,15%
176,Udział dzieci w ogóle osób objętych dożywianiem,2023,gmina,Brzeźnica,powiat wadowicki,18%
176,Udział dzieci w ogóle osób objętych dożywianiem,2023,gmina,Kalwaria Zebrzydowska,powiat wadowicki,21%
176,Udział dzieci w ogóle osób objętych dożywianiem,2023,gmina,Lanckorona,powiat wadowicki,22%
176,Udział dzieci w ogóle osób objętych dożywianiem,2023,gmina,Mucharz,powiat wadowicki,9%
176,Udział dzieci w ogóle osób objętych dożywianiem,2023,gmina,Spytkowice,powiat wadowicki,20%
176,Udział dzieci w ogóle osób objętych dożywianiem,2023,gmina,Stryszów,powiat wadowicki,15%
176,Udział dzieci w ogóle osób objętych dożywianiem,2023,gmina,Tomice,powiat wadowicki,20%
176,Udział dzieci w ogóle osób objętych dożywianiem,2023,gmina,Wadowice,powiat wadowicki,25%
176,Udział dzieci w ogóle osób objętych dożywianiem,2023,gmina,Wieprz,powiat wadowicki,22%
176,Udział dzieci w ogóle osób objętych dożywianiem,2023,powiat,powiat wielicki,powiat wielicki,15%
176,Udział dzieci w ogóle osób objętych dożywianiem,2023,gmina,Biskupice,powiat wielicki,16%
176,Udział dzieci w ogóle osób objętych dożywianiem,2023,gmina,Gdów,powiat wielicki,15%
176,Udział dzieci w ogóle osób objętych dożywianiem,2023,gmina,Kłaj,powiat wielicki,15%
176,Udział dzieci w ogóle osób objętych dożywianiem,2023,gmina,Niepołomice,powiat wielicki,19%
176,Udział dzieci w ogóle osób objętych dożywianiem,2023,gmina,Wieliczka,powiat wielicki,13%
176,Udział dzieci w ogóle osób objętych dożywianiem,2022,powiat,powiat bocheński,powiat bocheński,17%
176,Udział dzieci w ogóle osób objętych dożywianiem,2022,gmina,Bochnia (miasto),powiat bocheński,16%
176,Udział dzieci w ogóle osób objętych dożywianiem,2022,gmina,Bochnia (wieś),powiat bocheński,13%
176,Udział dzieci w ogóle osób objętych dożywianiem,2022,gmina,Drwinia,powiat bocheński,23%
176,Udział dzieci w ogóle osób objętych dożywianiem,2022,gmina,Lipnica Murowana,powiat bocheński,22%
176,Udział dzieci w ogóle osób objętych dożywianiem,2022,gmina,Łapanów,powiat bocheński,13%
176,Udział dzieci w ogóle osób objętych dożywianiem,2022,gmina,Nowy Wiśnicz,powiat bocheński,26%
176,Udział dzieci w ogóle osób objętych dożywianiem,2022,gmina,Rzezawa,powiat bocheński,17%
176,Udział dzieci w ogóle osób objętych dożywianiem,2022,gmina,Trzciana,powiat bocheński,28%
176,Udział dzieci w ogóle osób objętych dożywianiem,2022,gmina,Żegocina,powiat bocheński,17%
176,Udział dzieci w ogóle osób objętych dożywianiem,2022,powiat,powiat brzeski,powiat brzeski,18%
176,Udział dzieci w ogóle osób objętych dożywianiem,2022,gmina,Borzęcin,powiat brzeski,8%
176,Udział dzieci w ogóle osób objętych dożywianiem,2022,gmina,Brzesko,powiat brzeski,24%
176,Udział dzieci w ogóle osób objętych dożywianiem,2022,gmina,Czchów,powiat brzeski,19%
176,Udział dzieci w ogóle osób objętych dożywianiem,2022,gmina,Dębno,powiat brzeski,13%
176,Udział dzieci w ogóle osób objętych dożywianiem,2022,gmina,Gnojnik,powiat brzeski,14%
176,Udział dzieci w ogóle osób objętych dożywianiem,2022,gmina,Iwkowa,powiat brzeski,28%
176,Udział dzieci w ogóle osób objętych dożywianiem,2022,gmina,Szczurowa,powiat brzeski,23%
176,Udział dzieci w ogóle osób objętych dożywianiem,2022,powiat,powiat chrzanowski,powiat chrzanowski,15%
176,Udział dzieci w ogóle osób objętych dożywianiem,2022,gmina,Alwernia,powiat chrzanowski,20%
176,Udział dzieci w ogóle osób objętych dożywianiem,2022,gmina,Babice,powiat chrzanowski,7%
176,Udział dzieci w ogóle osób objętych dożywianiem,2022,gmina,Chrzanów,powiat chrzanowski,16%
176,Udział dzieci w ogóle osób objętych dożywianiem,2022,gmina,Libiąż,powiat chrzanowski,15%
176,Udział dzieci w ogóle osób objętych dożywianiem,2022,gmina,Trzebinia,powiat chrzanowski,14%
176,Udział dzieci w ogóle osób objętych dożywianiem,2022,powiat,powiat dąbrowski,powiat dąbrowski,19%
176,Udział dzieci w ogóle osób objętych dożywianiem,2022,gmina,Bolesław,powiat dąbrowski,25%
176,Udział dzieci w ogóle osób objętych dożywianiem,2022,gmina,Dąbrowa Tarnowska,powiat dąbrowski,13%
176,Udział dzieci w ogóle osób objętych dożywianiem,2022,gmina,Gręboszów,powiat dąbrowski,14%
176,Udział dzieci w ogóle osób objętych dożywianiem,2022,gmina,Mędrzechów,powiat dąbrowski,33%
176,Udział dzieci w ogóle osób objętych dożywianiem,2022,gmina,Olesno,powiat dąbrowski,15%
176,Udział dzieci w ogóle osób objętych dożywianiem,2022,gmina,Radgoszcz,powiat dąbrowski,20%
176,Udział dzieci w ogóle osób objętych dożywianiem,2022,gmina,Szczucin,powiat dąbrowski,26%
176,Udział dzieci w ogóle osób objętych dożywianiem,2022,powiat,powiat gorlicki,powiat gorlicki,15%
176,Udział dzieci w ogóle osób objętych dożywianiem,2022,gmina,Biecz,powiat gorlicki,12%
176,Udział dzieci w ogóle osób objętych dożywianiem,2022,gmina,Bobowa,powiat gorlicki,8%
176,Udział dzieci w ogóle osób objętych dożywianiem,2022,gmina,Gorlice (miasto),powiat gorlicki,20%
176,Udział dzieci w ogóle osób objętych dożywianiem,2022,gmina,Gorlice (wieś),powiat gorlicki,13%
176,Udział dzieci w ogóle osób objętych dożywianiem,2022,gmina,Lipinki,powiat gorlicki,17%
176,Udział dzieci w ogóle osób objętych dożywianiem,2022,gmina,Łużna,powiat gorlicki,23%
176,Udział dzieci w ogóle osób objętych dożywianiem,2022,gmina,Moszczenica,powiat gorlicki,41%
176,Udział dzieci w ogóle osób objętych dożywianiem,2022,gmina,Ropa,powiat gorlicki,14%
176,Udział dzieci w ogóle osób objętych dożywianiem,2022,gmina,Sękowa,powiat gorlicki,17%
176,Udział dzieci w ogóle osób objętych dożywianiem,2022,gmina,Uście Gorlickie,powiat gorlicki,9%
176,Udział dzieci w ogóle osób objętych dożywianiem,2022,powiat,powiat krakowski,powiat krakowski,15%
176,Udział dzieci w ogóle osób objętych dożywianiem,2022,gmina,Czernichów,powiat krakowski,11%
176,Udział dzieci w ogóle osób objętych dożywianiem,2022,gmina,Igołomia-Wawrzeńczyce,powiat krakowski,16%
176,Udział dzieci w ogóle osób objętych dożywianiem,2022,gmina,Iwanowice,powiat krakowski,11%
176,Udział dzieci w ogóle osób objętych dożywianiem,2022,gmina,Jerzmanowice-Przeginia,powiat krakowski,11%
176,Udział dzieci w ogóle osób objętych dożywianiem,2022,gmina,Kocmyrzów-Luborzyca,powiat krakowski,34%
176,Udział dzieci w ogóle osób objętych dożywianiem,2022,gmina,Krzeszowice,powiat krakowski,11%
176,Udział dzieci w ogóle osób objętych dożywianiem,2022,gmina,Liszki,powiat krakowski,44%
176,Udział dzieci w ogóle osób objętych dożywianiem,2022,gmina,Michałowice,powiat krakowski,17%
176,Udział dzieci w ogóle osób objętych dożywianiem,2022,gmina,Mogilany,powiat krakowski,4%
176,Udział dzieci w ogóle osób objętych dożywianiem,2022,gmina,Skała,powiat krakowski,19%
176,Udział dzieci w ogóle osób objętych dożywianiem,2022,gmina,Skawina,powiat krakowski,16%
176,Udział dzieci w ogóle osób objętych dożywianiem,2022,gmina,Słomniki,powiat krakowski,21%
176,Udział dzieci w ogóle osób objętych dożywianiem,2022,gmina,Sułoszowa,powiat krakowski,14%
176,Udział dzieci w ogóle osób objętych dożywianiem,2022,gmina,Świątniki Górne,powiat krakowski,14%
176,Udział dzieci w ogóle osób objętych dożywianiem,2022,gmina,Wielka Wieś,powiat krakowski,14%
176,Udział dzieci w ogóle osób objętych dożywianiem,2022,gmina,Zabierzów,powiat krakowski,14%
176,Udział dzieci w ogóle osób objętych dożywianiem,2022,gmina,Zielonki,powiat krakowski,13%
176,Udział dzieci w ogóle osób objętych dożywianiem,2022,powiat,powiat limanowski,powiat limanowski,17%
176,Udział dzieci w ogóle osób objętych dożywianiem,2022,gmina,Dobra,powiat limanowski,26%
176,Udział dzieci w ogóle osób objętych dożywianiem,2022,gmina,Jodłownik,powiat limanowski,22%
176,Udział dzieci w ogóle osób objętych dożywianiem,2022,gmina,Kamienica,powiat limanowski,18%
176,Udział dzieci w ogóle osób objętych dożywianiem,2022,gmina,Laskowa,powiat limanowski,11%
176,Udział dzieci w ogóle osób objętych dożywianiem,2022,gmina,Limanowa (miasto),powiat limanowski,20%
176,Udział dzieci w ogóle osób objętych dożywianiem,2022,gmina,Limanowa (wieś),powiat limanowski,9%
176,Udział dzieci w ogóle osób objętych dożywianiem,2022,gmina,Łukowica,powiat limanowski,15%
176,Udział dzieci w ogóle osób objętych dożywianiem,2022,gmina,Mszana Dolna (miasto),powiat limanowski,27%
176,Udział dzieci w ogóle osób objętych dożywianiem,2022,gmina,Mszana Dolna (wieś),powiat limanowski,17%
176,Udział dzieci w ogóle osób objętych dożywianiem,2022,gmina,Niedźwiedź,powiat limanowski,10%
176,Udział dzieci w ogóle osób objętych dożywianiem,2022,gmina,Słopnice,powiat limanowski,17%
176,Udział dzieci w ogóle osób objętych dożywianiem,2022,gmina,Tymbark,powiat limanowski,21%
176,Udział dzieci w ogóle osób objętych dożywianiem,2022,powiat,powiat m. Kraków,powiat m. Kraków,11%
176,Udział dzieci w ogóle osób objętych dożywianiem,2022,powiat,powiat m. Nowy Sącz,powiat m. Nowy Sącz,16%
176,Udział dzieci w ogóle osób objętych dożywianiem,2022,powiat,powiat m. Tarnów,powiat m. Tarnów,15%
176,Udział dzieci w ogóle osób objętych dożywianiem,2022,powiat,powiat miechowski,powiat miechowski,15%
176,Udział dzieci w ogóle osób objętych dożywianiem,2022,gmina,Charsznica,powiat miechowski,11%
176,Udział dzieci w ogóle osób objętych dożywianiem,2022,gmina,Gołcza,powiat miechowski,9%
176,Udział dzieci w ogóle osób objętych dożywianiem,2022,gmina,Kozłów,powiat miechowski,28%
176,Udział dzieci w ogóle osób objętych dożywianiem,2022,gmina,Książ Wielki,powiat miechowski,14%
176,Udział dzieci w ogóle osób objętych dożywianiem,2022,gmina,Miechów,powiat miechowski,16%
176,Udział dzieci w ogóle osób objętych dożywianiem,2022,gmina,Racławice,powiat miechowski,13%
176,Udział dzieci w ogóle osób objętych dożywianiem,2022,gmina,Słaboszów,powiat miechowski,7%
176,Udział dzieci w ogóle osób objętych dożywianiem,2022,powiat,powiat myślenicki,powiat myślenicki,20%
176,Udział dzieci w ogóle osób objętych dożywianiem,2022,gmina,Dobczyce,powiat myślenicki,33%
176,Udział dzieci w ogóle osób objętych dożywianiem,2022,gmina,Lubień,powiat myślenicki,14%
176,Udział dzieci w ogóle osób objętych dożywianiem,2022,gmina,Myślenice,powiat myślenicki,14%
176,Udział dzieci w ogóle osób objętych dożywianiem,2022,gmina,Pcim,powiat myślenicki,24%
176,Udział dzieci w ogóle osób objętych dożywianiem,2022,gmina,Raciechowice,powiat myślenicki,20%
176,Udział dzieci w ogóle osób objętych dożywianiem,2022,gmina,Siepraw,powiat myślenicki,15%
176,Udział dzieci w ogóle osób objętych dożywianiem,2022,gmina,Sułkowice,powiat myślenicki,24%
176,Udział dzieci w ogóle osób objętych dożywianiem,2022,gmina,Tokarnia,powiat myślenicki,15%
176,Udział dzieci w ogóle osób objętych dożywianiem,2022,gmina,Wiśniowa,powiat myślenicki,18%
176,Udział dzieci w ogóle osób objętych dożywianiem,2022,powiat,powiat nowosądecki,powiat nowosądecki,19%
176,Udział dzieci w ogóle osób objętych dożywianiem,2022,gmina,Podegrodzie,powiat nowosądecki,23%
176,Udział dzieci w ogóle osób objętych dożywianiem,2022,gmina,Rytro,powiat nowosądecki,16%
176,Udział dzieci w ogóle osób objętych dożywianiem,2022,gmina,Stary Sącz,powiat nowosądecki,26%
176,Udział dzieci w ogóle osób objętych dożywianiem,2022,gmina,Chełmiec,powiat nowosądecki,21%
176,Udział dzieci w ogóle osób objętych dożywianiem,2022,gmina,Gródek nad Dunajcem,powiat nowosądecki,2%
176,Udział dzieci w ogóle osób objętych dożywianiem,2022,gmina,Grybów (miasto),powiat nowosądecki,22%
176,Udział dzieci w ogóle osób objętych dożywianiem,2022,gmina,Grybów (wieś),powiat nowosądecki,16%
176,Udział dzieci w ogóle osób objętych dożywianiem,2022,gmina,Kamionka Wielka,powiat nowosądecki,15%
176,Udział dzieci w ogóle osób objętych dożywianiem,2022,gmina,Korzenna,powiat nowosądecki,11%
176,Udział dzieci w ogóle osób objętych dożywianiem,2022,gmina,Krynica-Zdrój,powiat nowosądecki,13%
176,Udział dzieci w ogóle osób objętych dożywianiem,2022,gmina,Łabowa,powiat nowosądecki,15%
176,Udział dzieci w ogóle osób objętych dożywianiem,2022,gmina,Łącko,powiat nowosądecki,51%
176,Udział dzieci w ogóle osób objętych dożywianiem,2022,gmina,Łososina Dolna,powiat nowosądecki,5%
176,Udział dzieci w ogóle osób objętych dożywianiem,2022,gmina,Muszyna,powiat nowosądecki,19%
176,Udział dzieci w ogóle osób objętych dożywianiem,2022,gmina,Nawojowa,powiat nowosądecki,15%
176,Udział dzieci w ogóle osób objętych dożywianiem,2022,gmina,Piwniczna-Zdrój,powiat nowosądecki,20%
176,Udział dzieci w ogóle osób objętych dożywianiem,2022,powiat,powiat nowotarski,powiat nowotarski,18%
176,Udział dzieci w ogóle osób objętych dożywianiem,2022,gmina,Czarny Dunajec,powiat nowotarski,13%
176,Udział dzieci w ogóle osób objętych dożywianiem,2022,gmina,Czorsztyn,powiat nowotarski,42%
176,Udział dzieci w ogóle osób objętych dożywianiem,2022,gmina,Jabłonka,powiat nowotarski,20%
176,Udział dzieci w ogóle osób objętych dożywianiem,2022,gmina,Krościenko nad Dunajcem,powiat nowotarski,12%
176,Udział dzieci w ogóle osób objętych dożywianiem,2022,gmina,Lipnica Wielka,powiat nowotarski,8%
176,Udział dzieci w ogóle osób objętych dożywianiem,2022,gmina,Łapsze Niżne,powiat nowotarski,10%
176,Udział dzieci w ogóle osób objętych dożywianiem,2022,gmina,Nowy Targ (miasto),powiat nowotarski,21%
176,Udział dzieci w ogóle osób objętych dożywianiem,2022,gmina,Nowy Targ (wieś),powiat nowotarski,17%
176,Udział dzieci w ogóle osób objętych dożywianiem,2022,gmina,Ochotnica Dolna,powiat nowotarski,15%
176,Udział dzieci w ogóle osób objętych dożywianiem,2022,gmina,Raba Wyżna,powiat nowotarski,18%
176,Udział dzieci w ogóle osób objętych dożywianiem,2022,gmina,Rabka-Zdrój,powiat nowotarski,26%
176,Udział dzieci w ogóle osób objętych dożywianiem,2022,gmina,Spytkowice,powiat nowotarski,19%
176,Udział dzieci w ogóle osób objętych dożywianiem,2022,gmina,Szaflary,powiat nowotarski,18%
176,Udział dzieci w ogóle osób objętych dożywianiem,2022,gmina,Szczawnica,powiat nowotarski,13%
176,Udział dzieci w ogóle osób objętych dożywianiem,2022,powiat,powiat olkuski,powiat olkuski,16%
176,Udział dzieci w ogóle osób objętych dożywianiem,2022,gmina,Bolesław,powiat olkuski,10%
176,Udział dzieci w ogóle osób objętych dożywianiem,2022,gmina,Bukowno,powiat olkuski,14%
176,Udział dzieci w ogóle osób objętych dożywianiem,2022,gmina,Klucze,powiat olkuski,18%
176,Udział dzieci w ogóle osób objętych dożywianiem,2022,gmina,Olkusz,powiat olkuski,19%
176,Udział dzieci w ogóle osób objętych dożywianiem,2022,gmina,Trzyciąż,powiat olkuski,16%
176,Udział dzieci w ogóle osób objętych dożywianiem,2022,gmina,Wolbrom,powiat olkuski,14%
176,Udział dzieci w ogóle osób objętych dożywianiem,2022,powiat,powiat oświęcimski,powiat oświęcimski,14%
176,Udział dzieci w ogóle osób objętych dożywianiem,2022,gmina,Brzeszcze,powiat oświęcimski,15%
176,Udział dzieci w ogóle osób objętych dożywianiem,2022,gmina,Chełmek,powiat oświęcimski,10%
176,Udział dzieci w ogóle osób objętych dożywianiem,2022,gmina,Kęty,powiat oświęcimski,11%
176,Udział dzieci w ogóle osób objętych dożywianiem,2022,gmina,Osiek,powiat oświęcimski,15%
176,Udział dzieci w ogóle osób objętych dożywianiem,2022,gmina,Oświęcim (miasto),powiat oświęcimski,16%
176,Udział dzieci w ogóle osób objętych dożywianiem,2022,gmina,Oświęcim (wieś),powiat oświęcimski,14%
176,Udział dzieci w ogóle osób objętych dożywianiem,2022,gmina,Polanka Wielka,powiat oświęcimski,11%
176,Udział dzieci w ogóle osób objętych dożywianiem,2022,gmina,Przeciszów,powiat oświęcimski,6%
176,Udział dzieci w ogóle osób objętych dożywianiem,2022,gmina,Zator,powiat oświęcimski,17%
176,Udział dzieci w ogóle osób objętych dożywianiem,2022,powiat,powiat proszowicki,powiat proszowicki,16%
176,Udział dzieci w ogóle osób objętych dożywianiem,2022,gmina,Koniusza,powiat proszowicki,0%
176,Udział dzieci w ogóle osób objętych dożywianiem,2022,gmina,Koszyce,powiat proszowicki,23%
176,Udział dzieci w ogóle osób objętych dożywianiem,2022,gmina,Nowe Brzesko,powiat proszowicki,21%
176,Udział dzieci w ogóle osób objętych dożywianiem,2022,gmina,Pałecznica,powiat proszowicki,6%
176,Udział dzieci w ogóle osób objętych dożywianiem,2022,gmina,Proszowice,powiat proszowicki,19%
176,Udział dzieci w ogóle osób objętych dożywianiem,2022,gmina,Radziemice,powiat proszowicki,41%
176,Udział dzieci w ogóle osób objętych dożywianiem,2022,powiat,powiat suski,powiat suski,15%
176,Udział dzieci w ogóle osób objętych dożywianiem,2022,gmina,Budzów,powiat suski,12%
176,Udział dzieci w ogóle osób objętych dożywianiem,2022,gmina,Bystra-Sidzina,powiat suski,16%
176,Udział dzieci w ogóle osób objętych dożywianiem,2022,gmina,Jordanów (miasto),powiat suski,19%
176,Udział dzieci w ogóle osób objętych dożywianiem,2022,gmina,Jordanów (wieś),powiat suski,21%
176,Udział dzieci w ogóle osób objętych dożywianiem,2022,gmina,Maków Podhalański,powiat suski,14%
176,Udział dzieci w ogóle osób objętych dożywianiem,2022,gmina,Stryszawa,powiat suski,19%
176,Udział dzieci w ogóle osób objętych dożywianiem,2022,gmina,Sucha Beskidzka,powiat suski,15%
176,Udział dzieci w ogóle osób objętych dożywianiem,2022,gmina,Zawoja,powiat suski,6%
176,Udział dzieci w ogóle osób objętych dożywianiem,2022,gmina,Zembrzyce,powiat suski,10%
176,Udział dzieci w ogóle osób objętych dożywianiem,2022,powiat,powiat tarnowski,powiat tarnowski,16%
176,Udział dzieci w ogóle osób objętych dożywianiem,2022,gmina,Ciężkowice,powiat tarnowski,9%
176,Udział dzieci w ogóle osób objętych dożywianiem,2022,gmina,Gromnik,powiat tarnowski,17%
176,Udział dzieci w ogóle osób objętych dożywianiem,2022,gmina,Lisia Góra,powiat tarnowski,17%
176,Udział dzieci w ogóle osób objętych dożywianiem,2022,gmina,Pleśna,powiat tarnowski,24%
176,Udział dzieci w ogóle osób objętych dożywianiem,2022,gmina,Radłów,powiat tarnowski,21%
176,Udział dzieci w ogóle osób objętych dożywianiem,2022,gmina,Ryglice,powiat tarnowski,15%
176,Udział dzieci w ogóle osób objętych dożywianiem,2022,gmina,Rzepiennik Strzyżewski,powiat tarnowski,37%
176,Udział dzieci w ogóle osób objętych dożywianiem,2022,gmina,Skrzyszów,powiat tarnowski,16%
176,Udział dzieci w ogóle osób objętych dożywianiem,2022,gmina,Szerzyny,powiat tarnowski,12%
176,Udział dzieci w ogóle osób objętych dożywianiem,2022,gmina,Tarnów (wieś),powiat tarnowski,16%
176,Udział dzieci w ogóle osób objętych dożywianiem,2022,gmina,Tuchów,powiat tarnowski,13%
176,Udział dzieci w ogóle osób objętych dożywianiem,2022,gmina,Wierzchosławice,powiat tarnowski,13%
176,Udział dzieci w ogóle osób objętych dożywianiem,2022,gmina,Wietrzychowice,powiat tarnowski,20%
176,Udział dzieci w ogóle osób objętych dożywianiem,2022,gmina,Wojnicz,powiat tarnowski,9%
176,Udział dzieci w ogóle osób objętych dożywianiem,2022,gmina,Zakliczyn,powiat tarnowski,20%
176,Udział dzieci w ogóle osób objętych dożywianiem,2022,gmina,Żabno,powiat tarnowski,12%
176,Udział dzieci w ogóle osób objętych dożywianiem,2022,powiat,powiat tatrzański,powiat tatrzański,15%
176,Udział dzieci w ogóle osób objętych dożywianiem,2022,gmina,Biały Dunajec,powiat tatrzański,20%
176,Udział dzieci w ogóle osób objętych dożywianiem,2022,gmina,Bukowina Tatrzańska,powiat tatrzański,16%
176,Udział dzieci w ogóle osób objętych dożywianiem,2022,gmina,Kościelisko,powiat tatrzański,13%
176,Udział dzieci w ogóle osób objętych dożywianiem,2022,gmina,Poronin,powiat tatrzański,12%
176,Udział dzieci w ogóle osób objętych dożywianiem,2022,gmina,Zakopane,powiat tatrzański,17%
176,Udział dzieci w ogóle osób objętych dożywianiem,2022,powiat,powiat wadowicki,powiat wadowicki,16%
176,Udział dzieci w ogóle osób objętych dożywianiem,2022,gmina,Andrychów,powiat wadowicki,15%
176,Udział dzieci w ogóle osób objętych dożywianiem,2022,gmina,Brzeźnica,powiat wadowicki,17%
176,Udział dzieci w ogóle osób objętych dożywianiem,2022,gmina,Kalwaria Zebrzydowska,powiat wadowicki,15%
176,Udział dzieci w ogóle osób objętych dożywianiem,2022,gmina,Lanckorona,powiat wadowicki,18%
176,Udział dzieci w ogóle osób objętych dożywianiem,2022,gmina,Mucharz,powiat wadowicki,9%
176,Udział dzieci w ogóle osób objętych dożywianiem,2022,gmina,Spytkowice,powiat wadowicki,17%
176,Udział dzieci w ogóle osób objętych dożywianiem,2022,gmina,Stryszów,powiat wadowicki,14%
176,Udział dzieci w ogóle osób objętych dożywianiem,2022,gmina,Tomice,powiat wadowicki,16%
176,Udział dzieci w ogóle osób objętych dożywianiem,2022,gmina,Wadowice,powiat wadowicki,19%
176,Udział dzieci w ogóle osób objętych dożywianiem,2022,gmina,Wieprz,powiat wadowicki,19%
176,Udział dzieci w ogóle osób objętych dożywianiem,2022,powiat,powiat wielicki,powiat wielicki,14%
176,Udział dzieci w ogóle osób objętych dożywianiem,2022,gmina,Biskupice,powiat wielicki,13%
176,Udział dzieci w ogóle osób objętych dożywianiem,2022,gmina,Gdów,powiat wielicki,15%
176,Udział dzieci w ogóle osób objętych dożywianiem,2022,gmina,Kłaj,powiat wielicki,17%
176,Udział dzieci w ogóle osób objętych dożywianiem,2022,gmina,Niepołomice,powiat wielicki,16%
176,Udział dzieci w ogóle osób objętych dożywianiem,2022,gmina,Wieliczka,powiat wielicki,12%
176,Udział dzieci w ogóle osób objętych dożywianiem,2021,powiat,powiat bocheński,powiat bocheński,17%
176,Udział dzieci w ogóle osób objętych dożywianiem,2021,gmina,Bochnia (miasto),powiat bocheński,16%
176,Udział dzieci w ogóle osób objętych dożywianiem,2021,gmina,Bochnia (wieś),powiat bocheński,14%
176,Udział dzieci w ogóle osób objętych dożywianiem,2021,gmina,Drwinia,powiat bocheński,22%
176,Udział dzieci w ogóle osób objętych dożywianiem,2021,gmina,Lipnica Murowana,powiat bocheński,21%
176,Udział dzieci w ogóle osób objętych dożywianiem,2021,gmina,Łapanów,powiat bocheński,25%
176,Udział dzieci w ogóle osób objętych dożywianiem,2021,gmina,Nowy Wiśnicz,powiat bocheński,19%
176,Udział dzieci w ogóle osób objętych dożywianiem,2021,gmina,Rzezawa,powiat bocheński,12%
176,Udział dzieci w ogóle osób objętych dożywianiem,2021,gmina,Trzciana,powiat bocheński,25%
176,Udział dzieci w ogóle osób objętych dożywianiem,2021,gmina,Żegocina,powiat bocheński,16%
176,Udział dzieci w ogóle osób objętych dożywianiem,2021,powiat,powiat brzeski,powiat brzeski,18%
176,Udział dzieci w ogóle osób objętych dożywianiem,2021,gmina,Borzęcin,powiat brzeski,9%
176,Udział dzieci w ogóle osób objętych dożywianiem,2021,gmina,Brzesko,powiat brzeski,23%
176,Udział dzieci w ogóle osób objętych dożywianiem,2021,gmina,Czchów,powiat brzeski,23%
176,Udział dzieci w ogóle osób objętych dożywianiem,2021,gmina,Dębno,powiat brzeski,13%
176,Udział dzieci w ogóle osób objętych dożywianiem,2021,gmina,Gnojnik,powiat brzeski,16%
176,Udział dzieci w ogóle osób objętych dożywianiem,2021,gmina,Iwkowa,powiat brzeski,21%
176,Udział dzieci w ogóle osób objętych dożywianiem,2021,gmina,Szczurowa,powiat brzeski,25%
176,Udział dzieci w ogóle osób objętych dożywianiem,2021,powiat,powiat chrzanowski,powiat chrzanowski,15%
176,Udział dzieci w ogóle osób objętych dożywianiem,2021,gmina,Alwernia,powiat chrzanowski,15%
176,Udział dzieci w ogóle osób objętych dożywianiem,2021,gmina,Babice,powiat chrzanowski,11%
176,Udział dzieci w ogóle osób objętych dożywianiem,2021,gmina,Chrzanów,powiat chrzanowski,15%
176,Udział dzieci w ogóle osób objętych dożywianiem,2021,gmina,Libiąż,powiat chrzanowski,14%
176,Udział dzieci w ogóle osób objętych dożywianiem,2021,gmina,Trzebinia,powiat chrzanowski,16%
176,Udział dzieci w ogóle osób objętych dożywianiem,2021,powiat,powiat dąbrowski,powiat dąbrowski,17%
176,Udział dzieci w ogóle osób objętych dożywianiem,2021,gmina,Bolesław,powiat dąbrowski,19%
176,Udział dzieci w ogóle osób objętych dożywianiem,2021,gmina,Dąbrowa Tarnowska,powiat dąbrowski,13%
176,Udział dzieci w ogóle osób objętych dożywianiem,2021,gmina,Gręboszów,powiat dąbrowski,13%
176,Udział dzieci w ogóle osób objętych dożywianiem,2021,gmina,Mędrzechów,powiat dąbrowski,23%
176,Udział dzieci w ogóle osób objętych dożywianiem,2021,gmina,Olesno,powiat dąbrowski,12%
176,Udział dzieci w ogóle osób objętych dożywianiem,2021,gmina,Radgoszcz,powiat dąbrowski,16%
176,Udział dzieci w ogóle osób objętych dożywianiem,2021,gmina,Szczucin,powiat dąbrowski,24%
176,Udział dzieci w ogóle osób objętych dożywianiem,2021,powiat,powiat gorlicki,powiat gorlicki,15%
176,Udział dzieci w ogóle osób objętych dożywianiem,2021,gmina,Biecz,powiat gorlicki,12%
176,Udział dzieci w ogóle osób objętych dożywianiem,2021,gmina,Bobowa,powiat gorlicki,17%
176,Udział dzieci w ogóle osób objętych dożywianiem,2021,gmina,Gorlice (miasto),powiat gorlicki,18%
176,Udział dzieci w ogóle osób objętych dożywianiem,2021,gmina,Gorlice (wieś),powiat gorlicki,13%
176,Udział dzieci w ogóle osób objętych dożywianiem,2021,gmina,Lipinki,powiat gorlicki,15%
176,Udział dzieci w ogóle osób objętych dożywianiem,2021,gmina,Łużna,powiat gorlicki,23%
176,Udział dzieci w ogóle osób objętych dożywianiem,2021,gmina,Moszczenica,powiat gorlicki,20%
176,Udział dzieci w ogóle osób objętych dożywianiem,2021,gmina,Ropa,powiat gorlicki,13%
176,Udział dzieci w ogóle osób objętych dożywianiem,2021,gmina,Sękowa,powiat gorlicki,15%
176,Udział dzieci w ogóle osób objętych dożywianiem,2021,gmina,Uście Gorlickie,powiat gorlicki,12%
176,Udział dzieci w ogóle osób objętych dożywianiem,2021,powiat,powiat krakowski,powiat krakowski,16%
176,Udział dzieci w ogóle osób objętych dożywianiem,2021,gmina,Czernichów,powiat krakowski,11%
176,Udział dzieci w ogóle osób objętych dożywianiem,2021,gmina,Igołomia-Wawrzeńczyce,powiat krakowski,15%
176,Udział dzieci w ogóle osób objętych dożywianiem,2021,gmina,Iwanowice,powiat krakowski,13%
176,Udział dzieci w ogóle osób objętych dożywianiem,2021,gmina,Jerzmanowice-Przeginia,powiat krakowski,10%
176,Udział dzieci w ogóle osób objętych dożywianiem,2021,gmina,Kocmyrzów-Luborzyca,powiat krakowski,22%
176,Udział dzieci w ogóle osób objętych dożywianiem,2021,gmina,Krzeszowice,powiat krakowski,15%
176,Udział dzieci w ogóle osób objętych dożywianiem,2021,gmina,Liszki,powiat krakowski,52%
176,Udział dzieci w ogóle osób objętych dożywianiem,2021,gmina,Michałowice,powiat krakowski,17%
176,Udział dzieci w ogóle osób objętych dożywianiem,2021,gmina,Mogilany,powiat krakowski,17%
176,Udział dzieci w ogóle osób objętych dożywianiem,2021,gmina,Skała,powiat krakowski,18%
176,Udział dzieci w ogóle osób objętych dożywianiem,2021,gmina,Skawina,powiat krakowski,17%
176,Udział dzieci w ogóle osób objętych dożywianiem,2021,gmina,Słomniki,powiat krakowski,20%
176,Udział dzieci w ogóle osób objętych dożywianiem,2021,gmina,Sułoszowa,powiat krakowski,8%
176,Udział dzieci w ogóle osób objętych dożywianiem,2021,gmina,Świątniki Górne,powiat krakowski,12%
176,Udział dzieci w ogóle osób objętych dożywianiem,2021,gmina,Wielka Wieś,powiat krakowski,12%
176,Udział dzieci w ogóle osób objętych dożywianiem,2021,gmina,Zabierzów,powiat krakowski,14%
176,Udział dzieci w ogóle osób objętych dożywianiem,2021,gmina,Zielonki,powiat krakowski,15%
176,Udział dzieci w ogóle osób objętych dożywianiem,2021,powiat,powiat limanowski,powiat limanowski,16%
176,Udział dzieci w ogóle osób objętych dożywianiem,2021,gmina,Dobra,powiat limanowski,24%
176,Udział dzieci w ogóle osób objętych dożywianiem,2021,gmina,Jodłownik,powiat limanowski,24%
176,Udział dzieci w ogóle osób objętych dożywianiem,2021,gmina,Kamienica,powiat limanowski,16%
176,Udział dzieci w ogóle osób objętych dożywianiem,2021,gmina,Laskowa,powiat limanowski,8%
176,Udział dzieci w ogóle osób objętych dożywianiem,2021,gmina,Limanowa (miasto),powiat limanowski,20%
176,Udział dzieci w ogóle osób objętych dożywianiem,2021,gmina,Limanowa (wieś),powiat limanowski,9%
176,Udział dzieci w ogóle osób objętych dożywianiem,2021,gmina,Łukowica,powiat limanowski,16%
176,Udział dzieci w ogóle osób objętych dożywianiem,2021,gmina,Mszana Dolna (miasto),powiat limanowski,25%
176,Udział dzieci w ogóle osób objętych dożywianiem,2021,gmina,Mszana Dolna (wieś),powiat limanowski,13%
176,Udział dzieci w ogóle osób objętych dożywianiem,2021,gmina,Niedźwiedź,powiat limanowski,10%
176,Udział dzieci w ogóle osób objętych dożywianiem,2021,gmina,Słopnice,powiat limanowski,17%
176,Udział dzieci w ogóle osób objętych dożywianiem,2021,gmina,Tymbark,powiat limanowski,22%
176,Udział dzieci w ogóle osób objętych dożywianiem,2021,powiat,powiat m. Kraków,powiat m. Kraków,11%
176,Udział dzieci w ogóle osób objętych dożywianiem,2021,powiat,powiat m. Nowy Sącz,powiat m. Nowy Sącz,17%
176,Udział dzieci w ogóle osób objętych dożywianiem,2021,powiat,powiat m. Tarnów,powiat m. Tarnów,15%
176,Udział dzieci w ogóle osób objętych dożywianiem,2021,powiat,powiat miechowski,powiat miechowski,13%
176,Udział dzieci w ogóle osób objętych dożywianiem,2021,gmina,Charsznica,powiat miechowski,12%
176,Udział dzieci w ogóle osób objętych dożywianiem,2021,gmina,Gołcza,powiat miechowski,6%
176,Udział dzieci w ogóle osób objętych dożywianiem,2021,gmina,Kozłów,powiat miechowski,18%
176,Udział dzieci w ogóle osób objętych dożywianiem,2021,gmina,Książ Wielki,powiat miechowski,13%
176,Udział dzieci w ogóle osób objętych dożywianiem,2021,gmina,Miechów,powiat miechowski,16%
176,Udział dzieci w ogóle osób objętych dożywianiem,2021,gmina,Racławice,powiat miechowski,14%
176,Udział dzieci w ogóle osób objętych dożywianiem,2021,gmina,Słaboszów,powiat miechowski,8%
176,Udział dzieci w ogóle osób objętych dożywianiem,2021,powiat,powiat myślenicki,powiat myślenicki,19%
176,Udział dzieci w ogóle osób objętych dożywianiem,2021,gmina,Dobczyce,powiat myślenicki,25%
176,Udział dzieci w ogóle osób objętych dożywianiem,2021,gmina,Lubień,powiat myślenicki,17%
176,Udział dzieci w ogóle osób objętych dożywianiem,2021,gmina,Myślenice,powiat myślenicki,14%
176,Udział dzieci w ogóle osób objętych dożywianiem,2021,gmina,Pcim,powiat myślenicki,18%
176,Udział dzieci w ogóle osób objętych dożywianiem,2021,gmina,Raciechowice,powiat myślenicki,28%
176,Udział dzieci w ogóle osób objętych dożywianiem,2021,gmina,Siepraw,powiat myślenicki,16%
176,Udział dzieci w ogóle osób objętych dożywianiem,2021,gmina,Sułkowice,powiat myślenicki,24%
176,Udział dzieci w ogóle osób objętych dożywianiem,2021,gmina,Tokarnia,powiat myślenicki,18%
176,Udział dzieci w ogóle osób objętych dożywianiem,2021,gmina,Wiśniowa,powiat myślenicki,17%
176,Udział dzieci w ogóle osób objętych dożywianiem,2021,powiat,powiat nowosądecki,powiat nowosądecki,16%
176,Udział dzieci w ogóle osób objętych dożywianiem,2021,gmina,Podegrodzie,powiat nowosądecki,19%
176,Udział dzieci w ogóle osób objętych dożywianiem,2021,gmina,Rytro,powiat nowosądecki,15%
176,Udział dzieci w ogóle osób objętych dożywianiem,2021,gmina,Stary Sącz,powiat nowosądecki,21%
176,Udział dzieci w ogóle osób objętych dożywianiem,2021,gmina,Chełmiec,powiat nowosądecki,17%
176,Udział dzieci w ogóle osób objętych dożywianiem,2021,gmina,Gródek nad Dunajcem,powiat nowosądecki,1%
176,Udział dzieci w ogóle osób objętych dożywianiem,2021,gmina,Grybów (miasto),powiat nowosądecki,21%
176,Udział dzieci w ogóle osób objętych dożywianiem,2021,gmina,Grybów (wieś),powiat nowosądecki,7%
176,Udział dzieci w ogóle osób objętych dożywianiem,2021,gmina,Kamionka Wielka,powiat nowosądecki,14%
176,Udział dzieci w ogóle osób objętych dożywianiem,2021,gmina,Korzenna,powiat nowosądecki,12%
176,Udział dzieci w ogóle osób objętych dożywianiem,2021,gmina,Krynica-Zdrój,powiat nowosądecki,16%
176,Udział dzieci w ogóle osób objętych dożywianiem,2021,gmina,Łabowa,powiat nowosądecki,14%
176,Udział dzieci w ogóle osób objętych dożywianiem,2021,gmina,Łącko,powiat nowosądecki,43%
176,Udział dzieci w ogóle osób objętych dożywianiem,2021,gmina,Łososina Dolna,powiat nowosądecki,7%
176,Udział dzieci w ogóle osób objętych dożywianiem,2021,gmina,Muszyna,powiat nowosądecki,18%
176,Udział dzieci w ogóle osób objętych dożywianiem,2021,gmina,Nawojowa,powiat nowosądecki,14%
176,Udział dzieci w ogóle osób objętych dożywianiem,2021,gmina,Piwniczna-Zdrój,powiat nowosądecki,22%
176,Udział dzieci w ogóle osób objętych dożywianiem,2021,powiat,powiat nowotarski,powiat nowotarski,16%
176,Udział dzieci w ogóle osób objętych dożywianiem,2021,gmina,Czarny Dunajec,powiat nowotarski,13%
176,Udział dzieci w ogóle osób objętych dożywianiem,2021,gmina,Czorsztyn,powiat nowotarski,39%
176,Udział dzieci w ogóle osób objętych dożywianiem,2021,gmina,Jabłonka,powiat nowotarski,16%
176,Udział dzieci w ogóle osób objętych dożywianiem,2021,gmina,Krościenko nad Dunajcem,powiat nowotarski,17%
176,Udział dzieci w ogóle osób objętych dożywianiem,2021,gmina,Lipnica Wielka,powiat nowotarski,7%
176,Udział dzieci w ogóle osób objętych dożywianiem,2021,gmina,Łapsze Niżne,powiat nowotarski,15%
176,Udział dzieci w ogóle osób objętych dożywianiem,2021,gmina,Nowy Targ (miasto),powiat nowotarski,18%
176,Udział dzieci w ogóle osób objętych dożywianiem,2021,gmina,Nowy Targ (wieś),powiat nowotarski,14%
176,Udział dzieci w ogóle osób objętych dożywianiem,2021,gmina,Ochotnica Dolna,powiat nowotarski,18%
176,Udział dzieci w ogóle osób objętych dożywianiem,2021,gmina,Raba Wyżna,powiat nowotarski,17%
176,Udział dzieci w ogóle osób objętych dożywianiem,2021,gmina,Rabka-Zdrój,powiat nowotarski,22%
176,Udział dzieci w ogóle osób objętych dożywianiem,2021,gmina,Spytkowice,powiat nowotarski,13%
176,Udział dzieci w ogóle osób objętych dożywianiem,2021,gmina,Szaflary,powiat nowotarski,19%
176,Udział dzieci w ogóle osób objętych dożywianiem,2021,gmina,Szczawnica,powiat nowotarski,16%
176,Udział dzieci w ogóle osób objętych dożywianiem,2021,powiat,powiat olkuski,powiat olkuski,13%
176,Udział dzieci w ogóle osób objętych dożywianiem,2021,gmina,Bolesław,powiat olkuski,5%
176,Udział dzieci w ogóle osób objętych dożywianiem,2021,gmina,Bukowno,powiat olkuski,17%
176,Udział dzieci w ogóle osób objętych dożywianiem,2021,gmina,Klucze,powiat olkuski,16%
176,Udział dzieci w ogóle osób objętych dożywianiem,2021,gmina,Olkusz,powiat olkuski,12%
176,Udział dzieci w ogóle osób objętych dożywianiem,2021,gmina,Trzyciąż,powiat olkuski,15%
176,Udział dzieci w ogóle osób objętych dożywianiem,2021,gmina,Wolbrom,powiat olkuski,14%
176,Udział dzieci w ogóle osób objętych dożywianiem,2021,powiat,powiat oświęcimski,powiat oświęcimski,15%
176,Udział dzieci w ogóle osób objętych dożywianiem,2021,gmina,Brzeszcze,powiat oświęcimski,23%
176,Udział dzieci w ogóle osób objętych dożywianiem,2021,gmina,Chełmek,powiat oświęcimski,12%
176,Udział dzieci w ogóle osób objętych dożywianiem,2021,gmina,Kęty,powiat oświęcimski,14%
176,Udział dzieci w ogóle osób objętych dożywianiem,2021,gmina,Osiek,powiat oświęcimski,16%
176,Udział dzieci w ogóle osób objętych dożywianiem,2021,gmina,Oświęcim (miasto),powiat oświęcimski,15%
176,Udział dzieci w ogóle osób objętych dożywianiem,2021,gmina,Oświęcim (wieś),powiat oświęcimski,13%
176,Udział dzieci w ogóle osób objętych dożywianiem,2021,gmina,Polanka Wielka,powiat oświęcimski,18%
176,Udział dzieci w ogóle osób objętych dożywianiem,2021,gmina,Przeciszów,powiat oświęcimski,14%
176,Udział dzieci w ogóle osób objętych dożywianiem,2021,gmina,Zator,powiat oświęcimski,14%
176,Udział dzieci w ogóle osób objętych dożywianiem,2021,powiat,powiat proszowicki,powiat proszowicki,17%
176,Udział dzieci w ogóle osób objętych dożywianiem,2021,gmina,Koniusza,powiat proszowicki,7%
176,Udział dzieci w ogóle osób objętych dożywianiem,2021,gmina,Koszyce,powiat proszowicki,21%
176,Udział dzieci w ogóle osób objętych dożywianiem,2021,gmina,Nowe Brzesko,powiat proszowicki,21%
176,Udział dzieci w ogóle osób objętych dożywianiem,2021,gmina,Pałecznica,powiat proszowicki,6%
176,Udział dzieci w ogóle osób objętych dożywianiem,2021,gmina,Proszowice,powiat proszowicki,19%
176,Udział dzieci w ogóle osób objętych dożywianiem,2021,gmina,Radziemice,powiat proszowicki,53%
176,Udział dzieci w ogóle osób objętych dożywianiem,2021,powiat,powiat suski,powiat suski,14%
176,Udział dzieci w ogóle osób objętych dożywianiem,2021,gmina,Budzów,powiat suski,14%
176,Udział dzieci w ogóle osób objętych dożywianiem,2021,gmina,Bystra-Sidzina,powiat suski,15%
176,Udział dzieci w ogóle osób objętych dożywianiem,2021,gmina,Jordanów (miasto),powiat suski,18%
176,Udział dzieci w ogóle osób objętych dożywianiem,2021,gmina,Jordanów (wieś),powiat suski,21%
176,Udział dzieci w ogóle osób objętych dożywianiem,2021,gmina,Maków Podhalański,powiat suski,11%
176,Udział dzieci w ogóle osób objętych dożywianiem,2021,gmina,Stryszawa,powiat suski,14%
176,Udział dzieci w ogóle osób objętych dożywianiem,2021,gmina,Sucha Beskidzka,powiat suski,19%
176,Udział dzieci w ogóle osób objętych dożywianiem,2021,gmina,Zawoja,powiat suski,7%
176,Udział dzieci w ogóle osób objętych dożywianiem,2021,gmina,Zembrzyce,powiat suski,9%
176,Udział dzieci w ogóle osób objętych dożywianiem,2021,powiat,powiat tarnowski,powiat tarnowski,17%
176,Udział dzieci w ogóle osób objętych dożywianiem,2021,gmina,Ciężkowice,powiat tarnowski,11%
176,Udział dzieci w ogóle osób objętych dożywianiem,2021,gmina,Gromnik,powiat tarnowski,14%
176,Udział dzieci w ogóle osób objętych dożywianiem,2021,gmina,Lisia Góra,powiat tarnowski,18%
176,Udział dzieci w ogóle osób objętych dożywianiem,2021,gmina,Pleśna,powiat tarnowski,20%
176,Udział dzieci w ogóle osób objętych dożywianiem,2021,gmina,Radłów,powiat tarnowski,20%
176,Udział dzieci w ogóle osób objętych dożywianiem,2021,gmina,Ryglice,powiat tarnowski,14%
176,Udział dzieci w ogóle osób objętych dożywianiem,2021,gmina,Rzepiennik Strzyżewski,powiat tarnowski,37%
176,Udział dzieci w ogóle osób objętych dożywianiem,2021,gmina,Skrzyszów,powiat tarnowski,13%
176,Udział dzieci w ogóle osób objętych dożywianiem,2021,gmina,Szerzyny,powiat tarnowski,11%
176,Udział dzieci w ogóle osób objętych dożywianiem,2021,gmina,Tarnów (wieś),powiat tarnowski,18%
176,Udział dzieci w ogóle osób objętych dożywianiem,2021,gmina,Tuchów,powiat tarnowski,12%
176,Udział dzieci w ogóle osób objętych dożywianiem,2021,gmina,Wierzchosławice,powiat tarnowski,13%
176,Udział dzieci w ogóle osób objętych dożywianiem,2021,gmina,Wietrzychowice,powiat tarnowski,14%
176,Udział dzieci w ogóle osób objętych dożywianiem,2021,gmina,Wojnicz,powiat tarnowski,14%
176,Udział dzieci w ogóle osób objętych dożywianiem,2021,gmina,Zakliczyn,powiat tarnowski,27%
176,Udział dzieci w ogóle osób objętych dożywianiem,2021,gmina,Żabno,powiat tarnowski,12%
176,Udział dzieci w ogóle osób objętych dożywianiem,2021,powiat,powiat tatrzański,powiat tatrzański,14%
176,Udział dzieci w ogóle osób objętych dożywianiem,2021,gmina,Biały Dunajec,powiat tatrzański,11%
176,Udział dzieci w ogóle osób objętych dożywianiem,2021,gmina,Bukowina Tatrzańska,powiat tatrzański,15%
176,Udział dzieci w ogóle osób objętych dożywianiem,2021,gmina,Kościelisko,powiat tatrzański,7%
176,Udział dzieci w ogóle osób objętych dożywianiem,2021,gmina,Poronin,powiat tatrzański,12%
176,Udział dzieci w ogóle osób objętych dożywianiem,2021,gmina,Zakopane,powiat tatrzański,16%
176,Udział dzieci w ogóle osób objętych dożywianiem,2021,powiat,powiat wadowicki,powiat wadowicki,16%
176,Udział dzieci w ogóle osób objętych dożywianiem,2021,gmina,Andrychów,powiat wadowicki,15%
176,Udział dzieci w ogóle osób objętych dożywianiem,2021,gmina,Brzeźnica,powiat wadowicki,15%
176,Udział dzieci w ogóle osób objętych dożywianiem,2021,gmina,Kalwaria Zebrzydowska,powiat wadowicki,12%
176,Udział dzieci w ogóle osób objętych dożywianiem,2021,gmina,Lanckorona,powiat wadowicki,10%
176,Udział dzieci w ogóle osób objętych dożywianiem,2021,gmina,Mucharz,powiat wadowicki,17%
176,Udział dzieci w ogóle osób objętych dożywianiem,2021,gmina,Spytkowice,powiat wadowicki,13%
176,Udział dzieci w ogóle osób objętych dożywianiem,2021,gmina,Stryszów,powiat wadowicki,14%
176,Udział dzieci w ogóle osób objętych dożywianiem,2021,gmina,Tomice,powiat wadowicki,16%
176,Udział dzieci w ogóle osób objętych dożywianiem,2021,gmina,Wadowice,powiat wadowicki,24%
176,Udział dzieci w ogóle osób objętych dożywianiem,2021,gmina,Wieprz,powiat wadowicki,17%
176,Udział dzieci w ogóle osób objętych dożywianiem,2021,powiat,powiat wielicki,powiat wielicki,13%
176,Udział dzieci w ogóle osób objętych dożywianiem,2021,gmina,Biskupice,powiat wielicki,12%
176,Udział dzieci w ogóle osób objętych dożywianiem,2021,gmina,Gdów,powiat wielicki,16%
176,Udział dzieci w ogóle osób objętych dożywianiem,2021,gmina,Kłaj,powiat wielicki,16%
176,Udział dzieci w ogóle osób objętych dożywianiem,2021,gmina,Niepołomice,powiat wielicki,19%
176,Udział dzieci w ogóle osób objętych dożywianiem,2021,gmina,Wieliczka,powiat wielicki,11%
176,Udział dzieci w ogóle osób objętych dożywianiem,2020,powiat,powiat bocheński,powiat bocheński,15%
176,Udział dzieci w ogóle osób objętych dożywianiem,2020,gmina,Bochnia (miasto),powiat bocheński,15%
176,Udział dzieci w ogóle osób objętych dożywianiem,2020,gmina,Bochnia (wieś),powiat bocheński,12%
176,Udział dzieci w ogóle osób objętych dożywianiem,2020,gmina,Drwinia,powiat bocheński,22%
176,Udział dzieci w ogóle osób objętych dożywianiem,2020,gmina,Lipnica Murowana,powiat bocheński,26%
176,Udział dzieci w ogóle osób objętych dożywianiem,2020,gmina,Łapanów,powiat bocheński,6%
176,Udział dzieci w ogóle osób objętych dożywianiem,2020,gmina,Nowy Wiśnicz,powiat bocheński,19%
176,Udział dzieci w ogóle osób objętych dożywianiem,2020,gmina,Rzezawa,powiat bocheński,10%
176,Udział dzieci w ogóle osób objętych dożywianiem,2020,gmina,Trzciana,powiat bocheński,21%
176,Udział dzieci w ogóle osób objętych dożywianiem,2020,gmina,Żegocina,powiat bocheński,15%
176,Udział dzieci w ogóle osób objętych dożywianiem,2020,powiat,powiat brzeski,powiat brzeski,19%
176,Udział dzieci w ogóle osób objętych dożywianiem,2020,gmina,Borzęcin,powiat brzeski,14%
176,Udział dzieci w ogóle osób objętych dożywianiem,2020,gmina,Brzesko,powiat brzeski,20%
176,Udział dzieci w ogóle osób objętych dożywianiem,2020,gmina,Czchów,powiat brzeski,23%
176,Udział dzieci w ogóle osób objętych dożywianiem,2020,gmina,Dębno,powiat brzeski,16%
176,Udział dzieci w ogóle osób objętych dożywianiem,2020,gmina,Gnojnik,powiat brzeski,14%
176,Udział dzieci w ogóle osób objętych dożywianiem,2020,gmina,Iwkowa,powiat brzeski,23%
176,Udział dzieci w ogóle osób objętych dożywianiem,2020,gmina,Szczurowa,powiat brzeski,25%
176,Udział dzieci w ogóle osób objętych dożywianiem,2020,powiat,powiat chrzanowski,powiat chrzanowski,16%
176,Udział dzieci w ogóle osób objętych dożywianiem,2020,gmina,Alwernia,powiat chrzanowski,14%
176,Udział dzieci w ogóle osób objętych dożywianiem,2020,gmina,Babice,powiat chrzanowski,14%
176,Udział dzieci w ogóle osób objętych dożywianiem,2020,gmina,Chrzanów,powiat chrzanowski,16%
176,Udział dzieci w ogóle osób objętych dożywianiem,2020,gmina,Libiąż,powiat chrzanowski,17%
176,Udział dzieci w ogóle osób objętych dożywianiem,2020,gmina,Trzebinia,powiat chrzanowski,16%
176,Udział dzieci w ogóle osób objętych dożywianiem,2020,powiat,powiat dąbrowski,powiat dąbrowski,16%
176,Udział dzieci w ogóle osób objętych dożywianiem,2020,gmina,Bolesław,powiat dąbrowski,21%
176,Udział dzieci w ogóle osób objętych dożywianiem,2020,gmina,Dąbrowa Tarnowska,powiat dąbrowski,12%
176,Udział dzieci w ogóle osób objętych dożywianiem,2020,gmina,Gręboszów,powiat dąbrowski,14%
176,Udział dzieci w ogóle osób objętych dożywianiem,2020,gmina,Mędrzechów,powiat dąbrowski,34%
176,Udział dzieci w ogóle osób objętych dożywianiem,2020,gmina,Olesno,powiat dąbrowski,9%
176,Udział dzieci w ogóle osób objętych dożywianiem,2020,gmina,Radgoszcz,powiat dąbrowski,13%
176,Udział dzieci w ogóle osób objętych dożywianiem,2020,gmina,Szczucin,powiat dąbrowski,26%
176,Udział dzieci w ogóle osób objętych dożywianiem,2020,powiat,powiat gorlicki,powiat gorlicki,14%
176,Udział dzieci w ogóle osób objętych dożywianiem,2020,gmina,Biecz,powiat gorlicki,12%
176,Udział dzieci w ogóle osób objętych dożywianiem,2020,gmina,Bobowa,powiat gorlicki,11%
176,Udział dzieci w ogóle osób objętych dożywianiem,2020,gmina,Gorlice (miasto),powiat gorlicki,19%
176,Udział dzieci w ogóle osób objętych dożywianiem,2020,gmina,Gorlice (wieś),powiat gorlicki,13%
176,Udział dzieci w ogóle osób objętych dożywianiem,2020,gmina,Lipinki,powiat gorlicki,14%
176,Udział dzieci w ogóle osób objętych dożywianiem,2020,gmina,Łużna,powiat gorlicki,16%
176,Udział dzieci w ogóle osób objętych dożywianiem,2020,gmina,Moszczenica,powiat gorlicki,12%
176,Udział dzieci w ogóle osób objętych dożywianiem,2020,gmina,Ropa,powiat gorlicki,28%
176,Udział dzieci w ogóle osób objętych dożywianiem,2020,gmina,Sękowa,powiat gorlicki,15%
176,Udział dzieci w ogóle osób objętych dożywianiem,2020,gmina,Uście Gorlickie,powiat gorlicki,13%
176,Udział dzieci w ogóle osób objętych dożywianiem,2020,powiat,powiat krakowski,powiat krakowski,16%
176,Udział dzieci w ogóle osób objętych dożywianiem,2020,gmina,Czernichów,powiat krakowski,9%
176,Udział dzieci w ogóle osób objętych dożywianiem,2020,gmina,Igołomia-Wawrzeńczyce,powiat krakowski,19%
176,Udział dzieci w ogóle osób objętych dożywianiem,2020,gmina,Iwanowice,powiat krakowski,16%
176,Udział dzieci w ogóle osób objętych dożywianiem,2020,gmina,Jerzmanowice-Przeginia,powiat krakowski,12%
176,Udział dzieci w ogóle osób objętych dożywianiem,2020,gmina,Kocmyrzów-Luborzyca,powiat krakowski,14%
176,Udział dzieci w ogóle osób objętych dożywianiem,2020,gmina,Krzeszowice,powiat krakowski,16%
176,Udział dzieci w ogóle osób objętych dożywianiem,2020,gmina,Liszki,powiat krakowski,33%
176,Udział dzieci w ogóle osób objętych dożywianiem,2020,gmina,Michałowice,powiat krakowski,14%
176,Udział dzieci w ogóle osób objętych dożywianiem,2020,gmina,Mogilany,powiat krakowski,17%
176,Udział dzieci w ogóle osób objętych dożywianiem,2020,gmina,Skała,powiat krakowski,18%
176,Udział dzieci w ogóle osób objętych dożywianiem,2020,gmina,Skawina,powiat krakowski,16%
176,Udział dzieci w ogóle osób objętych dożywianiem,2020,gmina,Słomniki,powiat krakowski,16%
176,Udział dzieci w ogóle osób objętych dożywianiem,2020,gmina,Sułoszowa,powiat krakowski,7%
176,Udział dzieci w ogóle osób objętych dożywianiem,2020,gmina,Świątniki Górne,powiat krakowski,12%
176,Udział dzieci w ogóle osób objętych dożywianiem,2020,gmina,Wielka Wieś,powiat krakowski,14%
176,Udział dzieci w ogóle osób objętych dożywianiem,2020,gmina,Zabierzów,powiat krakowski,17%
176,Udział dzieci w ogóle osób objętych dożywianiem,2020,gmina,Zielonki,powiat krakowski,19%
176,Udział dzieci w ogóle osób objętych dożywianiem,2020,powiat,powiat limanowski,powiat limanowski,15%
176,Udział dzieci w ogóle osób objętych dożywianiem,2020,gmina,Dobra,powiat limanowski,21%
176,Udział dzieci w ogóle osób objętych dożywianiem,2020,gmina,Jodłownik,powiat limanowski,27%
176,Udział dzieci w ogóle osób objętych dożywianiem,2020,gmina,Kamienica,powiat limanowski,16%
176,Udział dzieci w ogóle osób objętych dożywianiem,2020,gmina,Laskowa,powiat limanowski,8%
176,Udział dzieci w ogóle osób objętych dożywianiem,2020,gmina,Limanowa (miasto),powiat limanowski,19%
176,Udział dzieci w ogóle osób objętych dożywianiem,2020,gmina,Limanowa (wieś),powiat limanowski,8%
176,Udział dzieci w ogóle osób objętych dożywianiem,2020,gmina,Łukowica,powiat limanowski,16%
176,Udział dzieci w ogóle osób objętych dożywianiem,2020,gmina,Mszana Dolna (miasto),powiat limanowski,19%
176,Udział dzieci w ogóle osób objętych dożywianiem,2020,gmina,Mszana Dolna (wieś),powiat limanowski,11%
176,Udział dzieci w ogóle osób objętych dożywianiem,2020,gmina,Niedźwiedź,powiat limanowski,9%
176,Udział dzieci w ogóle osób objętych dożywianiem,2020,gmina,Słopnice,powiat limanowski,15%
176,Udział dzieci w ogóle osób objętych dożywianiem,2020,gmina,Tymbark,powiat limanowski,29%
176,Udział dzieci w ogóle osób objętych dożywianiem,2020,powiat,powiat m. Kraków,powiat m. Kraków,12%
176,Udział dzieci w ogóle osób objętych dożywianiem,2020,powiat,powiat m. Nowy Sącz,powiat m. Nowy Sącz,16%
176,Udział dzieci w ogóle osób objętych dożywianiem,2020,powiat,powiat m. Tarnów,powiat m. Tarnów,15%
176,Udział dzieci w ogóle osób objętych dożywianiem,2020,powiat,powiat miechowski,powiat miechowski,13%
176,Udział dzieci w ogóle osób objętych dożywianiem,2020,gmina,Charsznica,powiat miechowski,13%
176,Udział dzieci w ogóle osób objętych dożywianiem,2020,gmina,Gołcza,powiat miechowski,11%
176,Udział dzieci w ogóle osób objętych dożywianiem,2020,gmina,Kozłów,powiat miechowski,16%
176,Udział dzieci w ogóle osób objętych dożywianiem,2020,gmina,Książ Wielki,powiat miechowski,18%
176,Udział dzieci w ogóle osób objętych dożywianiem,2020,gmina,Miechów,powiat miechowski,14%
176,Udział dzieci w ogóle osób objętych dożywianiem,2020,gmina,Racławice,powiat miechowski,8%
176,Udział dzieci w ogóle osób objętych dożywianiem,2020,gmina,Słaboszów,powiat miechowski,10%
176,Udział dzieci w ogóle osób objętych dożywianiem,2020,powiat,powiat myślenicki,powiat myślenicki,19%
176,Udział dzieci w ogóle osób objętych dożywianiem,2020,gmina,Dobczyce,powiat myślenicki,28%
176,Udział dzieci w ogóle osób objętych dożywianiem,2020,gmina,Lubień,powiat myślenicki,14%
176,Udział dzieci w ogóle osób objętych dożywianiem,2020,gmina,Myślenice,powiat myślenicki,16%
176,Udział dzieci w ogóle osób objętych dożywianiem,2020,gmina,Pcim,powiat myślenicki,18%
176,Udział dzieci w ogóle osób objętych dożywianiem,2020,gmina,Raciechowice,powiat myślenicki,22%
176,Udział dzieci w ogóle osób objętych dożywianiem,2020,gmina,Siepraw,powiat myślenicki,15%
176,Udział dzieci w ogóle osób objętych dożywianiem,2020,gmina,Sułkowice,powiat myślenicki,21%
176,Udział dzieci w ogóle osób objętych dożywianiem,2020,gmina,Tokarnia,powiat myślenicki,20%
176,Udział dzieci w ogóle osób objętych dożywianiem,2020,gmina,Wiśniowa,powiat myślenicki,14%
176,Udział dzieci w ogóle osób objętych dożywianiem,2020,powiat,powiat nowosądecki,powiat nowosądecki,16%
176,Udział dzieci w ogóle osób objętych dożywianiem,2020,gmina,Podegrodzie,powiat nowosądecki,16%
176,Udział dzieci w ogóle osób objętych dożywianiem,2020,gmina,Rytro,powiat nowosądecki,14%
176,Udział dzieci w ogóle osób objętych dożywianiem,2020,gmina,Stary Sącz,powiat nowosądecki,21%
176,Udział dzieci w ogóle osób objętych dożywianiem,2020,gmina,Chełmiec,powiat nowosądecki,15%
176,Udział dzieci w ogóle osób objętych dożywianiem,2020,gmina,Gródek nad Dunajcem,powiat nowosądecki,8%
176,Udział dzieci w ogóle osób objętych dożywianiem,2020,gmina,Grybów (miasto),powiat nowosądecki,17%
176,Udział dzieci w ogóle osób objętych dożywianiem,2020,gmina,Grybów (wieś),powiat nowosądecki,14%
176,Udział dzieci w ogóle osób objętych dożywianiem,2020,gmina,Kamionka Wielka,powiat nowosądecki,12%
176,Udział dzieci w ogóle osób objętych dożywianiem,2020,gmina,Korzenna,powiat nowosądecki,11%
176,Udział dzieci w ogóle osób objętych dożywianiem,2020,gmina,Krynica-Zdrój,powiat nowosądecki,16%
176,Udział dzieci w ogóle osób objętych dożywianiem,2020,gmina,Łabowa,powiat nowosądecki,14%
176,Udział dzieci w ogóle osób objętych dożywianiem,2020,gmina,Łącko,powiat nowosądecki,38%
176,Udział dzieci w ogóle osób objętych dożywianiem,2020,gmina,Łososina Dolna,powiat nowosądecki,2%
176,Udział dzieci w ogóle osób objętych dożywianiem,2020,gmina,Muszyna,powiat nowosądecki,17%
176,Udział dzieci w ogóle osób objętych dożywianiem,2020,gmina,Nawojowa,powiat nowosądecki,14%
176,Udział dzieci w ogóle osób objętych dożywianiem,2020,gmina,Piwniczna-Zdrój,powiat nowosądecki,15%
176,Udział dzieci w ogóle osób objętych dożywianiem,2020,powiat,powiat nowotarski,powiat nowotarski,14%
176,Udział dzieci w ogóle osób objętych dożywianiem,2020,gmina,Czarny Dunajec,powiat nowotarski,14%
176,Udział dzieci w ogóle osób objętych dożywianiem,2020,gmina,Czorsztyn,powiat nowotarski,38%
176,Udział dzieci w ogóle osób objętych dożywianiem,2020,gmina,Jabłonka,powiat nowotarski,14%
176,Udział dzieci w ogóle osób objętych dożywianiem,2020,gmina,Krościenko nad Dunajcem,powiat nowotarski,10%
176,Udział dzieci w ogóle osób objętych dożywianiem,2020,gmina,Lipnica Wielka,powiat nowotarski,11%
176,Udział dzieci w ogóle osób objętych dożywianiem,2020,gmina,Łapsze Niżne,powiat nowotarski,16%
176,Udział dzieci w ogóle osób objętych dożywianiem,2020,gmina,Nowy Targ (miasto),powiat nowotarski,13%
176,Udział dzieci w ogóle osób objętych dożywianiem,2020,gmina,Nowy Targ (wieś),powiat nowotarski,13%
176,Udział dzieci w ogóle osób objętych dożywianiem,2020,gmina,Ochotnica Dolna,powiat nowotarski,13%
176,Udział dzieci w ogóle osób objętych dożywianiem,2020,gmina,Raba Wyżna,powiat nowotarski,16%
176,Udział dzieci w ogóle osób objętych dożywianiem,2020,gmina,Rabka-Zdrój,powiat nowotarski,22%
176,Udział dzieci w ogóle osób objętych dożywianiem,2020,gmina,Spytkowice,powiat nowotarski,8%
176,Udział dzieci w ogóle osób objętych dożywianiem,2020,gmina,Szaflary,powiat nowotarski,16%
176,Udział dzieci w ogóle osób objętych dożywianiem,2020,gmina,Szczawnica,powiat nowotarski,11%
176,Udział dzieci w ogóle osób objętych dożywianiem,2020,powiat,powiat olkuski,powiat olkuski,14%
176,Udział dzieci w ogóle osób objętych dożywianiem,2020,gmina,Bolesław,powiat olkuski,13%
176,Udział dzieci w ogóle osób objętych dożywianiem,2020,gmina,Bukowno,powiat olkuski,16%
176,Udział dzieci w ogóle osób objętych dożywianiem,2020,gmina,Klucze,powiat olkuski,15%
176,Udział dzieci w ogóle osób objętych dożywianiem,2020,gmina,Olkusz,powiat olkuski,14%
176,Udział dzieci w ogóle osób objętych dożywianiem,2020,gmina,Trzyciąż,powiat olkuski,10%
176,Udział dzieci w ogóle osób objętych dożywianiem,2020,gmina,Wolbrom,powiat olkuski,14%
176,Udział dzieci w ogóle osób objętych dożywianiem,2020,powiat,powiat oświęcimski,powiat oświęcimski,17%
176,Udział dzieci w ogóle osób objętych dożywianiem,2020,gmina,Brzeszcze,powiat oświęcimski,21%
176,Udział dzieci w ogóle osób objętych dożywianiem,2020,gmina,Chełmek,powiat oświęcimski,17%
176,Udział dzieci w ogóle osób objętych dożywianiem,2020,gmina,Kęty,powiat oświęcimski,25%
176,Udział dzieci w ogóle osób objętych dożywianiem,2020,gmina,Osiek,powiat oświęcimski,11%
176,Udział dzieci w ogóle osób objętych dożywianiem,2020,gmina,Oświęcim (miasto),powiat oświęcimski,16%
176,Udział dzieci w ogóle osób objętych dożywianiem,2020,gmina,Oświęcim (wieś),powiat oświęcimski,11%
176,Udział dzieci w ogóle osób objętych dożywianiem,2020,gmina,Polanka Wielka,powiat oświęcimski,20%
176,Udział dzieci w ogóle osób objętych dożywianiem,2020,gmina,Przeciszów,powiat oświęcimski,17%
176,Udział dzieci w ogóle osób objętych dożywianiem,2020,gmina,Zator,powiat oświęcimski,16%
176,Udział dzieci w ogóle osób objętych dożywianiem,2020,powiat,powiat proszowicki,powiat proszowicki,15%
176,Udział dzieci w ogóle osób objętych dożywianiem,2020,gmina,Koniusza,powiat proszowicki,0%
176,Udział dzieci w ogóle osób objętych dożywianiem,2020,gmina,Koszyce,powiat proszowicki,15%
176,Udział dzieci w ogóle osób objętych dożywianiem,2020,gmina,Nowe Brzesko,powiat proszowicki,15%
176,Udział dzieci w ogóle osób objętych dożywianiem,2020,gmina,Pałecznica,powiat proszowicki,9%
176,Udział dzieci w ogóle osób objętych dożywianiem,2020,gmina,Proszowice,powiat proszowicki,23%
176,Udział dzieci w ogóle osób objętych dożywianiem,2020,gmina,Radziemice,powiat proszowicki,26%
176,Udział dzieci w ogóle osób objętych dożywianiem,2020,powiat,powiat suski,powiat suski,11%
176,Udział dzieci w ogóle osób objętych dożywianiem,2020,gmina,Budzów,powiat suski,12%
176,Udział dzieci w ogóle osób objętych dożywianiem,2020,gmina,Bystra-Sidzina,powiat suski,10%
176,Udział dzieci w ogóle osób objętych dożywianiem,2020,gmina,Jordanów (miasto),powiat suski,13%
176,Udział dzieci w ogóle osób objętych dożywianiem,2020,gmina,Jordanów (wieś),powiat suski,16%
176,Udział dzieci w ogóle osób objętych dożywianiem,2020,gmina,Maków Podhalański,powiat suski,7%
176,Udział dzieci w ogóle osób objętych dożywianiem,2020,gmina,Stryszawa,powiat suski,17%
176,Udział dzieci w ogóle osób objętych dożywianiem,2020,gmina,Sucha Beskidzka,powiat suski,16%
176,Udział dzieci w ogóle osób objętych dożywianiem,2020,gmina,Zawoja,powiat suski,6%
176,Udział dzieci w ogóle osób objętych dożywianiem,2020,gmina,Zembrzyce,powiat suski,10%
176,Udział dzieci w ogóle osób objętych dożywianiem,2020,powiat,powiat tarnowski,powiat tarnowski,16%
176,Udział dzieci w ogóle osób objętych dożywianiem,2020,gmina,Ciężkowice,powiat tarnowski,11%
176,Udział dzieci w ogóle osób objętych dożywianiem,2020,gmina,Gromnik,powiat tarnowski,20%
176,Udział dzieci w ogóle osób objętych dożywianiem,2020,gmina,Lisia Góra,powiat tarnowski,16%
176,Udział dzieci w ogóle osób objętych dożywianiem,2020,gmina,Pleśna,powiat tarnowski,14%
176,Udział dzieci w ogóle osób objętych dożywianiem,2020,gmina,Radłów,powiat tarnowski,18%
176,Udział dzieci w ogóle osób objętych dożywianiem,2020,gmina,Ryglice,powiat tarnowski,14%
176,Udział dzieci w ogóle osób objętych dożywianiem,2020,gmina,Rzepiennik Strzyżewski,powiat tarnowski,27%
176,Udział dzieci w ogóle osób objętych dożywianiem,2020,gmina,Skrzyszów,powiat tarnowski,13%
176,Udział dzieci w ogóle osób objętych dożywianiem,2020,gmina,Szerzyny,powiat tarnowski,9%
176,Udział dzieci w ogóle osób objętych dożywianiem,2020,gmina,Tarnów (wieś),powiat tarnowski,18%
176,Udział dzieci w ogóle osób objętych dożywianiem,2020,gmina,Tuchów,powiat tarnowski,12%
176,Udział dzieci w ogóle osób objętych dożywianiem,2020,gmina,Wierzchosławice,powiat tarnowski,13%
176,Udział dzieci w ogóle osób objętych dożywianiem,2020,gmina,Wietrzychowice,powiat tarnowski,16%
176,Udział dzieci w ogóle osób objętych dożywianiem,2020,gmina,Wojnicz,powiat tarnowski,13%
176,Udział dzieci w ogóle osób objętych dożywianiem,2020,gmina,Zakliczyn,powiat tarnowski,22%
176,Udział dzieci w ogóle osób objętych dożywianiem,2020,gmina,Żabno,powiat tarnowski,12%
176,Udział dzieci w ogóle osób objętych dożywianiem,2020,powiat,powiat tatrzański,powiat tatrzański,15%
176,Udział dzieci w ogóle osób objętych dożywianiem,2020,gmina,Biały Dunajec,powiat tatrzański,16%
176,Udział dzieci w ogóle osób objętych dożywianiem,2020,gmina,Bukowina Tatrzańska,powiat tatrzański,15%
176,Udział dzieci w ogóle osób objętych dożywianiem,2020,gmina,Kościelisko,powiat tatrzański,12%
176,Udział dzieci w ogóle osób objętych dożywianiem,2020,gmina,Poronin,powiat tatrzański,13%
176,Udział dzieci w ogóle osób objętych dożywianiem,2020,gmina,Zakopane,powiat tatrzański,15%
176,Udział dzieci w ogóle osób objętych dożywianiem,2020,powiat,powiat wadowicki,powiat wadowicki,17%
176,Udział dzieci w ogóle osób objętych dożywianiem,2020,gmina,Andrychów,powiat wadowicki,16%
176,Udział dzieci w ogóle osób objętych dożywianiem,2020,gmina,Brzeźnica,powiat wadowicki,14%
176,Udział dzieci w ogóle osób objętych dożywianiem,2020,gmina,Kalwaria Zebrzydowska,powiat wadowicki,20%
176,Udział dzieci w ogóle osób objętych dożywianiem,2020,gmina,Lanckorona,powiat wadowicki,10%
176,Udział dzieci w ogóle osób objętych dożywianiem,2020,gmina,Mucharz,powiat wadowicki,14%
176,Udział dzieci w ogóle osób objętych dożywianiem,2020,gmina,Spytkowice,powiat wadowicki,9%
176,Udział dzieci w ogóle osób objętych dożywianiem,2020,gmina,Stryszów,powiat wadowicki,18%
176,Udział dzieci w ogóle osób objętych dożywianiem,2020,gmina,Tomice,powiat wadowicki,17%
176,Udział dzieci w ogóle osób objętych dożywianiem,2020,gmina,Wadowice,powiat wadowicki,22%
176,Udział dzieci w ogóle osób objętych dożywianiem,2020,gmina,Wieprz,powiat wadowicki,17%
176,Udział dzieci w ogóle osób objętych dożywianiem,2020,powiat,powiat wielicki,powiat wielicki,13%
176,Udział dzieci w ogóle osób objętych dożywianiem,2020,gmina,Biskupice,powiat wielicki,7%
176,Udział dzieci w ogóle osób objętych dożywianiem,2020,gmina,Gdów,powiat wielicki,11%
176,Udział dzieci w ogóle osób objętych dożywianiem,2020,gmina,Kłaj,powiat wielicki,20%
176,Udział dzieci w ogóle osób objętych dożywianiem,2020,gmina,Niepołomice,powiat wielicki,13%
176,Udział dzieci w ogóle osób objętych dożywianiem,2020,gmina,Wieliczka,powiat wielicki,12%
176,Udział dzieci w ogóle osób objętych dożywianiem,2019,powiat,powiat bocheński,powiat bocheński,17%
176,Udział dzieci w ogóle osób objętych dożywianiem,2019,gmina,Bochnia (miasto),powiat bocheński,15%
176,Udział dzieci w ogóle osób objętych dożywianiem,2019,gmina,Bochnia (wieś),powiat bocheński,13%
176,Udział dzieci w ogóle osób objętych dożywianiem,2019,gmina,Drwinia,powiat bocheński,21%
176,Udział dzieci w ogóle osób objętych dożywianiem,2019,gmina,Lipnica Murowana,powiat bocheński,25%
176,Udział dzieci w ogóle osób objętych dożywianiem,2019,gmina,Łapanów,powiat bocheński,20%
176,Udział dzieci w ogóle osób objętych dożywianiem,2019,gmina,Nowy Wiśnicz,powiat bocheński,21%
176,Udział dzieci w ogóle osób objętych dożywianiem,2019,gmina,Rzezawa,powiat bocheński,16%
176,Udział dzieci w ogóle osób objętych dożywianiem,2019,gmina,Trzciana,powiat bocheński,23%
176,Udział dzieci w ogóle osób objętych dożywianiem,2019,gmina,Żegocina,powiat bocheński,19%
176,Udział dzieci w ogóle osób objętych dożywianiem,2019,powiat,powiat brzeski,powiat brzeski,21%
176,Udział dzieci w ogóle osób objętych dożywianiem,2019,gmina,Borzęcin,powiat brzeski,8%
176,Udział dzieci w ogóle osób objętych dożywianiem,2019,gmina,Brzesko,powiat brzeski,28%
176,Udział dzieci w ogóle osób objętych dożywianiem,2019,gmina,Czchów,powiat brzeski,21%
176,Udział dzieci w ogóle osób objętych dożywianiem,2019,gmina,Dębno,powiat brzeski,15%
176,Udział dzieci w ogóle osób objętych dożywianiem,2019,gmina,Gnojnik,powiat brzeski,25%
176,Udział dzieci w ogóle osób objętych dożywianiem,2019,gmina,Iwkowa,powiat brzeski,24%
176,Udział dzieci w ogóle osób objętych dożywianiem,2019,gmina,Szczurowa,powiat brzeski,29%
176,Udział dzieci w ogóle osób objętych dożywianiem,2019,powiat,powiat chrzanowski,powiat chrzanowski,17%
176,Udział dzieci w ogóle osób objętych dożywianiem,2019,gmina,Alwernia,powiat chrzanowski,12%
176,Udział dzieci w ogóle osób objętych dożywianiem,2019,gmina,Babice,powiat chrzanowski,11%
176,Udział dzieci w ogóle osób objętych dożywianiem,2019,gmina,Chrzanów,powiat chrzanowski,19%
176,Udział dzieci w ogóle osób objętych dożywianiem,2019,gmina,Libiąż,powiat chrzanowski,18%
176,Udział dzieci w ogóle osób objętych dożywianiem,2019,gmina,Trzebinia,powiat chrzanowski,18%
176,Udział dzieci w ogóle osób objętych dożywianiem,2019,powiat,powiat dąbrowski,powiat dąbrowski,16%
176,Udział dzieci w ogóle osób objętych dożywianiem,2019,gmina,Bolesław,powiat dąbrowski,27%
176,Udział dzieci w ogóle osób objętych dożywianiem,2019,gmina,Dąbrowa Tarnowska,powiat dąbrowski,10%
176,Udział dzieci w ogóle osób objętych dożywianiem,2019,gmina,Gręboszów,powiat dąbrowski,16%
176,Udział dzieci w ogóle osób objętych dożywianiem,2019,gmina,Mędrzechów,powiat dąbrowski,28%
176,Udział dzieci w ogóle osób objętych dożywianiem,2019,gmina,Olesno,powiat dąbrowski,12%
176,Udział dzieci w ogóle osób objętych dożywianiem,2019,gmina,Radgoszcz,powiat dąbrowski,13%
176,Udział dzieci w ogóle osób objętych dożywianiem,2019,gmina,Szczucin,powiat dąbrowski,28%
176,Udział dzieci w ogóle osób objętych dożywianiem,2019,powiat,powiat gorlicki,powiat gorlicki,18%
176,Udział dzieci w ogóle osób objętych dożywianiem,2019,gmina,Biecz,powiat gorlicki,15%
176,Udział dzieci w ogóle osób objętych dożywianiem,2019,gmina,Bobowa,powiat gorlicki,20%
176,Udział dzieci w ogóle osób objętych dożywianiem,2019,gmina,Gorlice (miasto),powiat gorlicki,23%
176,Udział dzieci w ogóle osób objętych dożywianiem,2019,gmina,Gorlice (wieś),powiat gorlicki,14%
176,Udział dzieci w ogóle osób objętych dożywianiem,2019,gmina,Lipinki,powiat gorlicki,20%
176,Udział dzieci w ogóle osób objętych dożywianiem,2019,gmina,Łużna,powiat gorlicki,22%
176,Udział dzieci w ogóle osób objętych dożywianiem,2019,gmina,Moszczenica,powiat gorlicki,23%
176,Udział dzieci w ogóle osób objętych dożywianiem,2019,gmina,Ropa,powiat gorlicki,25%
176,Udział dzieci w ogóle osób objętych dożywianiem,2019,gmina,Sękowa,powiat gorlicki,17%
176,Udział dzieci w ogóle osób objętych dożywianiem,2019,gmina,Uście Gorlickie,powiat gorlicki,7%
176,Udział dzieci w ogóle osób objętych dożywianiem,2019,powiat,powiat krakowski,powiat krakowski,15%
176,Udział dzieci w ogóle osób objętych dożywianiem,2019,gmina,Czernichów,powiat krakowski,7%
176,Udział dzieci w ogóle osób objętych dożywianiem,2019,gmina,Igołomia-Wawrzeńczyce,powiat krakowski,13%
176,Udział dzieci w ogóle osób objętych dożywianiem,2019,gmina,Iwanowice,powiat krakowski,14%
176,Udział dzieci w ogóle osób objętych dożywianiem,2019,gmina,Jerzmanowice-Przeginia,powiat krakowski,15%
176,Udział dzieci w ogóle osób objętych dożywianiem,2019,gmina,Kocmyrzów-Luborzyca,powiat krakowski,15%
176,Udział dzieci w ogóle osób objętych dożywianiem,2019,gmina,Krzeszowice,powiat krakowski,17%
176,Udział dzieci w ogóle osób objętych dożywianiem,2019,gmina,Liszki,powiat krakowski,23%
176,Udział dzieci w ogóle osób objętych dożywianiem,2019,gmina,Michałowice,powiat krakowski,17%
176,Udział dzieci w ogóle osób objętych dożywianiem,2019,gmina,Mogilany,powiat krakowski,17%
176,Udział dzieci w ogóle osób objętych dożywianiem,2019,gmina,Skała,powiat krakowski,25%
176,Udział dzieci w ogóle osób objętych dożywianiem,2019,gmina,Skawina,powiat krakowski,13%
176,Udział dzieci w ogóle osób objętych dożywianiem,2019,gmina,Słomniki,powiat krakowski,18%
176,Udział dzieci w ogóle osób objętych dożywianiem,2019,gmina,Sułoszowa,powiat krakowski,11%
176,Udział dzieci w ogóle osób objętych dożywianiem,2019,gmina,Świątniki Górne,powiat krakowski,8%
176,Udział dzieci w ogóle osób objętych dożywianiem,2019,gmina,Wielka Wieś,powiat krakowski,11%
176,Udział dzieci w ogóle osób objętych dożywianiem,2019,gmina,Zabierzów,powiat krakowski,15%
176,Udział dzieci w ogóle osób objętych dożywianiem,2019,gmina,Zielonki,powiat krakowski,22%
176,Udział dzieci w ogóle osób objętych dożywianiem,2019,powiat,powiat limanowski,powiat limanowski,13%
176,Udział dzieci w ogóle osób objętych dożywianiem,2019,gmina,Dobra,powiat limanowski,20%
176,Udział dzieci w ogóle osób objętych dożywianiem,2019,gmina,Jodłownik,powiat limanowski,20%
176,Udział dzieci w ogóle osób objętych dożywianiem,2019,gmina,Kamienica,powiat limanowski,12%
176,Udział dzieci w ogóle osób objętych dożywianiem,2019,gmina,Laskowa,powiat limanowski,8%
176,Udział dzieci w ogóle osób objętych dożywianiem,2019,gmina,Limanowa (miasto),powiat limanowski,14%
176,Udział dzieci w ogóle osób objętych dożywianiem,2019,gmina,Limanowa (wieś),powiat limanowski,3%
176,Udział dzieci w ogóle osób objętych dożywianiem,2019,gmina,Łukowica,powiat limanowski,16%
176,Udział dzieci w ogóle osób objętych dożywianiem,2019,gmina,Mszana Dolna (miasto),powiat limanowski,13%
176,Udział dzieci w ogóle osób objętych dożywianiem,2019,gmina,Mszana Dolna (wieś),powiat limanowski,8%
176,Udział dzieci w ogóle osób objętych dożywianiem,2019,gmina,Niedźwiedź,powiat limanowski,10%
176,Udział dzieci w ogóle osób objętych dożywianiem,2019,gmina,Słopnice,powiat limanowski,19%
176,Udział dzieci w ogóle osób objętych dożywianiem,2019,gmina,Tymbark,powiat limanowski,31%
176,Udział dzieci w ogóle osób objętych dożywianiem,2019,powiat,powiat m. Kraków,powiat m. Kraków,12%
176,Udział dzieci w ogóle osób objętych dożywianiem,2019,powiat,powiat m. Nowy Sącz,powiat m. Nowy Sącz,17%
176,Udział dzieci w ogóle osób objętych dożywianiem,2019,powiat,powiat m. Tarnów,powiat m. Tarnów,15%
176,Udział dzieci w ogóle osób objętych dożywianiem,2019,powiat,powiat miechowski,powiat miechowski,16%
176,Udział dzieci w ogóle osób objętych dożywianiem,2019,gmina,Charsznica,powiat miechowski,20%
176,Udział dzieci w ogóle osób objętych dożywianiem,2019,gmina,Gołcza,powiat miechowski,12%
176,Udział dzieci w ogóle osób objętych dożywianiem,2019,gmina,Kozłów,powiat miechowski,17%
176,Udział dzieci w ogóle osób objętych dożywianiem,2019,gmina,Książ Wielki,powiat miechowski,21%
176,Udział dzieci w ogóle osób objętych dożywianiem,2019,gmina,Miechów,powiat miechowski,14%
176,Udział dzieci w ogóle osób objętych dożywianiem,2019,gmina,Racławice,powiat miechowski,20%
176,Udział dzieci w ogóle osób objętych dożywianiem,2019,gmina,Słaboszów,powiat miechowski,5%
176,Udział dzieci w ogóle osób objętych dożywianiem,2019,powiat,powiat myślenicki,powiat myślenicki,21%
176,Udział dzieci w ogóle osób objętych dożywianiem,2019,gmina,Dobczyce,powiat myślenicki,30%
176,Udział dzieci w ogóle osób objętych dożywianiem,2019,gmina,Lubień,powiat myślenicki,18%
176,Udział dzieci w ogóle osób objętych dożywianiem,2019,gmina,Myślenice,powiat myślenicki,22%
176,Udział dzieci w ogóle osób objętych dożywianiem,2019,gmina,Pcim,powiat myślenicki,20%
176,Udział dzieci w ogóle osób objętych dożywianiem,2019,gmina,Raciechowice,powiat myślenicki,18%
176,Udział dzieci w ogóle osób objętych dożywianiem,2019,gmina,Siepraw,powiat myślenicki,16%
176,Udział dzieci w ogóle osób objętych dożywianiem,2019,gmina,Sułkowice,powiat myślenicki,24%
176,Udział dzieci w ogóle osób objętych dożywianiem,2019,gmina,Tokarnia,powiat myślenicki,19%
176,Udział dzieci w ogóle osób objętych dożywianiem,2019,gmina,Wiśniowa,powiat myślenicki,16%
176,Udział dzieci w ogóle osób objętych dożywianiem,2019,powiat,powiat nowosądecki,powiat nowosądecki,19%
176,Udział dzieci w ogóle osób objętych dożywianiem,2019,gmina,Podegrodzie,powiat nowosądecki,11%
176,Udział dzieci w ogóle osób objętych dożywianiem,2019,gmina,Rytro,powiat nowosądecki,19%
176,Udział dzieci w ogóle osób objętych dożywianiem,2019,gmina,Stary Sącz,powiat nowosądecki,26%
176,Udział dzieci w ogóle osób objętych dożywianiem,2019,gmina,Chełmiec,powiat nowosądecki,18%
176,Udział dzieci w ogóle osób objętych dożywianiem,2019,gmina,Gródek nad Dunajcem,powiat nowosądecki,1%
176,Udział dzieci w ogóle osób objętych dożywianiem,2019,gmina,Grybów (miasto),powiat nowosądecki,17%
176,Udział dzieci w ogóle osób objętych dożywianiem,2019,gmina,Grybów (wieś),powiat nowosądecki,23%
176,Udział dzieci w ogóle osób objętych dożywianiem,2019,gmina,Kamionka Wielka,powiat nowosądecki,16%
176,Udział dzieci w ogóle osób objętych dożywianiem,2019,gmina,Korzenna,powiat nowosądecki,9%
176,Udział dzieci w ogóle osób objętych dożywianiem,2019,gmina,Krynica-Zdrój,powiat nowosądecki,15%
176,Udział dzieci w ogóle osób objętych dożywianiem,2019,gmina,Łabowa,powiat nowosądecki,40%
176,Udział dzieci w ogóle osób objętych dożywianiem,2019,gmina,Łącko,powiat nowosądecki,46%
176,Udział dzieci w ogóle osób objętych dożywianiem,2019,gmina,Łososina Dolna,powiat nowosądecki,1%
176,Udział dzieci w ogóle osób objętych dożywianiem,2019,gmina,Muszyna,powiat nowosądecki,16%
176,Udział dzieci w ogóle osób objętych dożywianiem,2019,gmina,Nawojowa,powiat nowosądecki,15%
176,Udział dzieci w ogóle osób objętych dożywianiem,2019,gmina,Piwniczna-Zdrój,powiat nowosądecki,26%
176,Udział dzieci w ogóle osób objętych dożywianiem,2019,powiat,powiat nowotarski,powiat nowotarski,15%
176,Udział dzieci w ogóle osób objętych dożywianiem,2019,gmina,Czarny Dunajec,powiat nowotarski,14%
176,Udział dzieci w ogóle osób objętych dożywianiem,2019,gmina,Czorsztyn,powiat nowotarski,51%
176,Udział dzieci w ogóle osób objętych dożywianiem,2019,gmina,Jabłonka,powiat nowotarski,12%
176,Udział dzieci w ogóle osób objętych dożywianiem,2019,gmina,Krościenko nad Dunajcem,powiat nowotarski,10%
176,Udział dzieci w ogóle osób objętych dożywianiem,2019,gmina,Lipnica Wielka,powiat nowotarski,9%
176,Udział dzieci w ogóle osób objętych dożywianiem,2019,gmina,Łapsze Niżne,powiat nowotarski,19%
176,Udział dzieci w ogóle osób objętych dożywianiem,2019,gmina,Nowy Targ (miasto),powiat nowotarski,15%
176,Udział dzieci w ogóle osób objętych dożywianiem,2019,gmina,Nowy Targ (wieś),powiat nowotarski,18%
176,Udział dzieci w ogóle osób objętych dożywianiem,2019,gmina,Ochotnica Dolna,powiat nowotarski,15%
176,Udział dzieci w ogóle osób objętych dożywianiem,2019,gmina,Raba Wyżna,powiat nowotarski,17%
176,Udział dzieci w ogóle osób objętych dożywianiem,2019,gmina,Rabka-Zdrój,powiat nowotarski,23%
176,Udział dzieci w ogóle osób objętych dożywianiem,2019,gmina,Spytkowice,powiat nowotarski,10%
176,Udział dzieci w ogóle osób objętych dożywianiem,2019,gmina,Szaflary,powiat nowotarski,20%
176,Udział dzieci w ogóle osób objętych dożywianiem,2019,gmina,Szczawnica,powiat nowotarski,6%
176,Udział dzieci w ogóle osób objętych dożywianiem,2019,powiat,powiat olkuski,powiat olkuski,15%
176,Udział dzieci w ogóle osób objętych dożywianiem,2019,gmina,Bolesław,powiat olkuski,18%
176,Udział dzieci w ogóle osób objętych dożywianiem,2019,gmina,Bukowno,powiat olkuski,13%
176,Udział dzieci w ogóle osób objętych dożywianiem,2019,gmina,Klucze,powiat olkuski,17%
176,Udział dzieci w ogóle osób objętych dożywianiem,2019,gmina,Olkusz,powiat olkuski,15%
176,Udział dzieci w ogóle osób objętych dożywianiem,2019,gmina,Trzyciąż,powiat olkuski,33%
176,Udział dzieci w ogóle osób objętych dożywianiem,2019,gmina,Wolbrom,powiat olkuski,11%
176,Udział dzieci w ogóle osób objętych dożywianiem,2019,powiat,powiat oświęcimski,powiat oświęcimski,16%
176,Udział dzieci w ogóle osób objętych dożywianiem,2019,gmina,Brzeszcze,powiat oświęcimski,16%
176,Udział dzieci w ogóle osób objętych dożywianiem,2019,gmina,Chełmek,powiat oświęcimski,19%
176,Udział dzieci w ogóle osób objętych dożywianiem,2019,gmina,Kęty,powiat oświęcimski,27%
176,Udział dzieci w ogóle osób objętych dożywianiem,2019,gmina,Osiek,powiat oświęcimski,6%
176,Udział dzieci w ogóle osób objętych dożywianiem,2019,gmina,Oświęcim (miasto),powiat oświęcimski,15%
176,Udział dzieci w ogóle osób objętych dożywianiem,2019,gmina,Oświęcim (wieś),powiat oświęcimski,8%
176,Udział dzieci w ogóle osób objętych dożywianiem,2019,gmina,Polanka Wielka,powiat oświęcimski,25%
176,Udział dzieci w ogóle osób objętych dożywianiem,2019,gmina,Przeciszów,powiat oświęcimski,17%
176,Udział dzieci w ogóle osób objętych dożywianiem,2019,gmina,Zator,powiat oświęcimski,14%
176,Udział dzieci w ogóle osób objętych dożywianiem,2019,powiat,powiat proszowicki,powiat proszowicki,15%
176,Udział dzieci w ogóle osób objętych dożywianiem,2019,gmina,Koniusza,powiat proszowicki,0%
176,Udział dzieci w ogóle osób objętych dożywianiem,2019,gmina,Koszyce,powiat proszowicki,19%
176,Udział dzieci w ogóle osób objętych dożywianiem,2019,gmina,Nowe Brzesko,powiat proszowicki,13%
176,Udział dzieci w ogóle osób objętych dożywianiem,2019,gmina,Pałecznica,powiat proszowicki,15%
176,Udział dzieci w ogóle osób objętych dożywianiem,2019,gmina,Proszowice,powiat proszowicki,17%
176,Udział dzieci w ogóle osób objętych dożywianiem,2019,gmina,Radziemice,powiat proszowicki,37%
176,Udział dzieci w ogóle osób objętych dożywianiem,2019,powiat,powiat suski,powiat suski,13%
176,Udział dzieci w ogóle osób objętych dożywianiem,2019,gmina,Budzów,powiat suski,9%
176,Udział dzieci w ogóle osób objętych dożywianiem,2019,gmina,Bystra-Sidzina,powiat suski,19%
176,Udział dzieci w ogóle osób objętych dożywianiem,2019,gmina,Jordanów (miasto),powiat suski,18%
176,Udział dzieci w ogóle osób objętych dożywianiem,2019,gmina,Jordanów (wieś),powiat suski,19%
176,Udział dzieci w ogóle osób objętych dożywianiem,2019,gmina,Maków Podhalański,powiat suski,6%
176,Udział dzieci w ogóle osób objętych dożywianiem,2019,gmina,Stryszawa,powiat suski,22%
176,Udział dzieci w ogóle osób objętych dożywianiem,2019,gmina,Sucha Beskidzka,powiat suski,15%
176,Udział dzieci w ogóle osób objętych dożywianiem,2019,gmina,Zawoja,powiat suski,8%
176,Udział dzieci w ogóle osób objętych dożywianiem,2019,gmina,Zembrzyce,powiat suski,9%
176,Udział dzieci w ogóle osób objętych dożywianiem,2019,powiat,powiat tarnowski,powiat tarnowski,17%
176,Udział dzieci w ogóle osób objętych dożywianiem,2019,gmina,Ciężkowice,powiat tarnowski,8%
176,Udział dzieci w ogóle osób objętych dożywianiem,2019,gmina,Gromnik,powiat tarnowski,21%
176,Udział dzieci w ogóle osób objętych dożywianiem,2019,gmina,Lisia Góra,powiat tarnowski,19%
176,Udział dzieci w ogóle osób objętych dożywianiem,2019,gmina,Pleśna,powiat tarnowski,22%
176,Udział dzieci w ogóle osób objętych dożywianiem,2019,gmina,Radłów,powiat tarnowski,16%
176,Udział dzieci w ogóle osób objętych dożywianiem,2019,gmina,Ryglice,powiat tarnowski,10%
176,Udział dzieci w ogóle osób objętych dożywianiem,2019,gmina,Rzepiennik Strzyżewski,powiat tarnowski,42%
176,Udział dzieci w ogóle osób objętych dożywianiem,2019,gmina,Skrzyszów,powiat tarnowski,20%
176,Udział dzieci w ogóle osób objętych dożywianiem,2019,gmina,Szerzyny,powiat tarnowski,13%
176,Udział dzieci w ogóle osób objętych dożywianiem,2019,gmina,Tarnów (wieś),powiat tarnowski,21%
176,Udział dzieci w ogóle osób objętych dożywianiem,2019,gmina,Tuchów,powiat tarnowski,11%
176,Udział dzieci w ogóle osób objętych dożywianiem,2019,gmina,Wierzchosławice,powiat tarnowski,16%
176,Udział dzieci w ogóle osób objętych dożywianiem,2019,gmina,Wietrzychowice,powiat tarnowski,20%
176,Udział dzieci w ogóle osób objętych dożywianiem,2019,gmina,Wojnicz,powiat tarnowski,11%
176,Udział dzieci w ogóle osób objętych dożywianiem,2019,gmina,Zakliczyn,powiat tarnowski,19%
176,Udział dzieci w ogóle osób objętych dożywianiem,2019,gmina,Żabno,powiat tarnowski,10%
176,Udział dzieci w ogóle osób objętych dożywianiem,2019,powiat,powiat tatrzański,powiat tatrzański,15%
176,Udział dzieci w ogóle osób objętych dożywianiem,2019,gmina,Biały Dunajec,powiat tatrzański,14%
176,Udział dzieci w ogóle osób objętych dożywianiem,2019,gmina,Bukowina Tatrzańska,powiat tatrzański,15%
176,Udział dzieci w ogóle osób objętych dożywianiem,2019,gmina,Kościelisko,powiat tatrzański,14%
176,Udział dzieci w ogóle osób objętych dożywianiem,2019,gmina,Poronin,powiat tatrzański,14%
176,Udział dzieci w ogóle osób objętych dożywianiem,2019,gmina,Zakopane,powiat tatrzański,17%
176,Udział dzieci w ogóle osób objętych dożywianiem,2019,powiat,powiat wadowicki,powiat wadowicki,18%
176,Udział dzieci w ogóle osób objętych dożywianiem,2019,gmina,Andrychów,powiat wadowicki,18%
176,Udział dzieci w ogóle osób objętych dożywianiem,2019,gmina,Brzeźnica,powiat wadowicki,18%
176,Udział dzieci w ogóle osób objętych dożywianiem,2019,gmina,Kalwaria Zebrzydowska,powiat wadowicki,19%
176,Udział dzieci w ogóle osób objętych dożywianiem,2019,gmina,Lanckorona,powiat wadowicki,11%
176,Udział dzieci w ogóle osób objętych dożywianiem,2019,gmina,Mucharz,powiat wadowicki,15%
176,Udział dzieci w ogóle osób objętych dożywianiem,2019,gmina,Spytkowice,powiat wadowicki,10%
176,Udział dzieci w ogóle osób objętych dożywianiem,2019,gmina,Stryszów,powiat wadowicki,21%
176,Udział dzieci w ogóle osób objętych dożywianiem,2019,gmina,Tomice,powiat wadowicki,17%
176,Udział dzieci w ogóle osób objętych dożywianiem,2019,gmina,Wadowice,powiat wadowicki,19%
176,Udział dzieci w ogóle osób objętych dożywianiem,2019,gmina,Wieprz,powiat wadowicki,19%
176,Udział dzieci w ogóle osób objętych dożywianiem,2019,powiat,powiat wielicki,powiat wielicki,14%
176,Udział dzieci w ogóle osób objętych dożywianiem,2019,gmina,Biskupice,powiat wielicki,15%
176,Udział dzieci w ogóle osób objętych dożywianiem,2019,gmina,Gdów,powiat wielicki,11%
176,Udział dzieci w ogóle osób objętych dożywianiem,2019,gmina,Kłaj,powiat wielicki,22%
176,Udział dzieci w ogóle osób objętych dożywianiem,2019,gmina,Niepołomice,powiat wielicki,17%
176,Udział dzieci w ogóle osób objętych dożywianiem,2019,gmina,Wieliczka,powiat wielicki,12%
176,Udział dzieci w ogóle osób objętych dożywianiem,2018,powiat,powiat bocheński,powiat bocheński,18%
176,Udział dzieci w ogóle osób objętych dożywianiem,2018,gmina,Bochnia (miasto),powiat bocheński,15%
176,Udział dzieci w ogóle osób objętych dożywianiem,2018,gmina,Bochnia (wieś),powiat bocheński,15%
176,Udział dzieci w ogóle osób objętych dożywianiem,2018,gmina,Drwinia,powiat bocheński,27%
176,Udział dzieci w ogóle osób objętych dożywianiem,2018,gmina,Lipnica Murowana,powiat bocheński,27%
176,Udział dzieci w ogóle osób objętych dożywianiem,2018,gmina,Łapanów,powiat bocheński,22%
176,Udział dzieci w ogóle osób objętych dożywianiem,2018,gmina,Nowy Wiśnicz,powiat bocheński,18%
176,Udział dzieci w ogóle osób objętych dożywianiem,2018,gmina,Rzezawa,powiat bocheński,19%
176,Udział dzieci w ogóle osób objętych dożywianiem,2018,gmina,Trzciana,powiat bocheński,18%
176,Udział dzieci w ogóle osób objętych dożywianiem,2018,gmina,Żegocina,powiat bocheński,23%
176,Udział dzieci w ogóle osób objętych dożywianiem,2018,powiat,powiat brzeski,powiat brzeski,22%
176,Udział dzieci w ogóle osób objętych dożywianiem,2018,gmina,Borzęcin,powiat brzeski,15%
176,Udział dzieci w ogóle osób objętych dożywianiem,2018,gmina,Brzesko,powiat brzeski,30%
176,Udział dzieci w ogóle osób objętych dożywianiem,2018,gmina,Czchów,powiat brzeski,18%
176,Udział dzieci w ogóle osób objętych dożywianiem,2018,gmina,Dębno,powiat brzeski,16%
176,Udział dzieci w ogóle osób objętych dożywianiem,2018,gmina,Gnojnik,powiat brzeski,27%
176,Udział dzieci w ogóle osób objętych dożywianiem,2018,gmina,Iwkowa,powiat brzeski,18%
176,Udział dzieci w ogóle osób objętych dożywianiem,2018,gmina,Szczurowa,powiat brzeski,23%
176,Udział dzieci w ogóle osób objętych dożywianiem,2018,powiat,powiat chrzanowski,powiat chrzanowski,16%
176,Udział dzieci w ogóle osób objętych dożywianiem,2018,gmina,Alwernia,powiat chrzanowski,12%
176,Udział dzieci w ogóle osób objętych dożywianiem,2018,gmina,Babice,powiat chrzanowski,11%
176,Udział dzieci w ogóle osób objętych dożywianiem,2018,gmina,Chrzanów,powiat chrzanowski,16%
176,Udział dzieci w ogóle osób objętych dożywianiem,2018,gmina,Libiąż,powiat chrzanowski,17%
176,Udział dzieci w ogóle osób objętych dożywianiem,2018,gmina,Trzebinia,powiat chrzanowski,18%
176,Udział dzieci w ogóle osób objętych dożywianiem,2018,powiat,powiat dąbrowski,powiat dąbrowski,16%
176,Udział dzieci w ogóle osób objętych dożywianiem,2018,gmina,Bolesław,powiat dąbrowski,20%
176,Udział dzieci w ogóle osób objętych dożywianiem,2018,gmina,Dąbrowa Tarnowska,powiat dąbrowski,10%
176,Udział dzieci w ogóle osób objętych dożywianiem,2018,gmina,Gręboszów,powiat dąbrowski,15%
176,Udział dzieci w ogóle osób objętych dożywianiem,2018,gmina,Mędrzechów,powiat dąbrowski,26%
176,Udział dzieci w ogóle osób objętych dożywianiem,2018,gmina,Olesno,powiat dąbrowski,15%
176,Udział dzieci w ogóle osób objętych dożywianiem,2018,gmina,Radgoszcz,powiat dąbrowski,20%
176,Udział dzieci w ogóle osób objętych dożywianiem,2018,gmina,Szczucin,powiat dąbrowski,25%
176,Udział dzieci w ogóle osób objętych dożywianiem,2018,powiat,powiat gorlicki,powiat gorlicki,18%
176,Udział dzieci w ogóle osób objętych dożywianiem,2018,gmina,Biecz,powiat gorlicki,14%
176,Udział dzieci w ogóle osób objętych dożywianiem,2018,gmina,Bobowa,powiat gorlicki,13%
176,Udział dzieci w ogóle osób objętych dożywianiem,2018,gmina,Gorlice (miasto),powiat gorlicki,15%
176,Udział dzieci w ogóle osób objętych dożywianiem,2018,gmina,Gorlice (wieś),powiat gorlicki,24%
176,Udział dzieci w ogóle osób objętych dożywianiem,2018,gmina,Lipinki,powiat gorlicki,21%
176,Udział dzieci w ogóle osób objętych dożywianiem,2018,gmina,Łużna,powiat gorlicki,31%
176,Udział dzieci w ogóle osób objętych dożywianiem,2018,gmina,Moszczenica,powiat gorlicki,29%
176,Udział dzieci w ogóle osób objętych dożywianiem,2018,gmina,Ropa,powiat gorlicki,14%
176,Udział dzieci w ogóle osób objętych dożywianiem,2018,gmina,Sękowa,powiat gorlicki,33%
176,Udział dzieci w ogóle osób objętych dożywianiem,2018,gmina,Uście Gorlickie,powiat gorlicki,7%
176,Udział dzieci w ogóle osób objętych dożywianiem,2018,powiat,powiat krakowski,powiat krakowski,17%
176,Udział dzieci w ogóle osób objętych dożywianiem,2018,gmina,Czernichów,powiat krakowski,13%
176,Udział dzieci w ogóle osób objętych dożywianiem,2018,gmina,Igołomia-Wawrzeńczyce,powiat krakowski,13%
176,Udział dzieci w ogóle osób objętych dożywianiem,2018,gmina,Iwanowice,powiat krakowski,28%
176,Udział dzieci w ogóle osób objętych dożywianiem,2018,gmina,Jerzmanowice-Przeginia,powiat krakowski,20%
176,Udział dzieci w ogóle osób objętych dożywianiem,2018,gmina,Kocmyrzów-Luborzyca,powiat krakowski,23%
176,Udział dzieci w ogóle osób objętych dożywianiem,2018,gmina,Krzeszowice,powiat krakowski,20%
176,Udział dzieci w ogóle osób objętych dożywianiem,2018,gmina,Liszki,powiat krakowski,31%
176,Udział dzieci w ogóle osób objętych dożywianiem,2018,gmina,Michałowice,powiat krakowski,16%
176,Udział dzieci w ogóle osób objętych dożywianiem,2018,gmina,Mogilany,powiat krakowski,15%
176,Udział dzieci w ogóle osób objętych dożywianiem,2018,gmina,Skała,powiat krakowski,25%
176,Udział dzieci w ogóle osób objętych dożywianiem,2018,gmina,Skawina,powiat krakowski,12%
176,Udział dzieci w ogóle osób objętych dożywianiem,2018,gmina,Słomniki,powiat krakowski,21%
176,Udział dzieci w ogóle osób objętych dożywianiem,2018,gmina,Sułoszowa,powiat krakowski,11%
176,Udział dzieci w ogóle osób objętych dożywianiem,2018,gmina,Świątniki Górne,powiat krakowski,8%
176,Udział dzieci w ogóle osób objętych dożywianiem,2018,gmina,Wielka Wieś,powiat krakowski,16%
176,Udział dzieci w ogóle osób objętych dożywianiem,2018,gmina,Zabierzów,powiat krakowski,17%
176,Udział dzieci w ogóle osób objętych dożywianiem,2018,gmina,Zielonki,powiat krakowski,20%
176,Udział dzieci w ogóle osób objętych dożywianiem,2018,powiat,powiat limanowski,powiat limanowski,13%
176,Udział dzieci w ogóle osób objętych dożywianiem,2018,gmina,Dobra,powiat limanowski,21%
176,Udział dzieci w ogóle osób objętych dożywianiem,2018,gmina,Jodłownik,powiat limanowski,19%
176,Udział dzieci w ogóle osób objętych dożywianiem,2018,gmina,Kamienica,powiat limanowski,15%
176,Udział dzieci w ogóle osób objętych dożywianiem,2018,gmina,Laskowa,powiat limanowski,10%
176,Udział dzieci w ogóle osób objętych dożywianiem,2018,gmina,Limanowa (miasto),powiat limanowski,5%
176,Udział dzieci w ogóle osób objętych dożywianiem,2018,gmina,Limanowa (wieś),powiat limanowski,13%
176,Udział dzieci w ogóle osób objętych dożywianiem,2018,gmina,Łukowica,powiat limanowski,16%
176,Udział dzieci w ogóle osób objętych dożywianiem,2018,gmina,Mszana Dolna (miasto),powiat limanowski,8%
176,Udział dzieci w ogóle osób objętych dożywianiem,2018,gmina,Mszana Dolna (wieś),powiat limanowski,18%
176,Udział dzieci w ogóle osób objętych dożywianiem,2018,gmina,Niedźwiedź,powiat limanowski,9%
176,Udział dzieci w ogóle osób objętych dożywianiem,2018,gmina,Słopnice,powiat limanowski,21%
176,Udział dzieci w ogóle osób objętych dożywianiem,2018,gmina,Tymbark,powiat limanowski,23%
176,Udział dzieci w ogóle osób objętych dożywianiem,2018,powiat,powiat m. Kraków,powiat m. Kraków,12%
176,Udział dzieci w ogóle osób objętych dożywianiem,2018,powiat,powiat m. Nowy Sącz,powiat m. Nowy Sącz,16%
176,Udział dzieci w ogóle osób objętych dożywianiem,2018,powiat,powiat m. Tarnów,powiat m. Tarnów,14%
176,Udział dzieci w ogóle osób objętych dożywianiem,2018,powiat,powiat miechowski,powiat miechowski,15%
176,Udział dzieci w ogóle osób objętych dożywianiem,2018,gmina,Charsznica,powiat miechowski,13%
176,Udział dzieci w ogóle osób objętych dożywianiem,2018,gmina,Gołcza,powiat miechowski,11%
176,Udział dzieci w ogóle osób objętych dożywianiem,2018,gmina,Kozłów,powiat miechowski,16%
176,Udział dzieci w ogóle osób objętych dożywianiem,2018,gmina,Książ Wielki,powiat miechowski,29%
176,Udział dzieci w ogóle osób objętych dożywianiem,2018,gmina,Miechów,powiat miechowski,14%
176,Udział dzieci w ogóle osób objętych dożywianiem,2018,gmina,Racławice,powiat miechowski,7%
176,Udział dzieci w ogóle osób objętych dożywianiem,2018,gmina,Słaboszów,powiat miechowski,6%
176,Udział dzieci w ogóle osób objętych dożywianiem,2018,powiat,powiat myślenicki,powiat myślenicki,19%
176,Udział dzieci w ogóle osób objętych dożywianiem,2018,gmina,Dobczyce,powiat myślenicki,31%
176,Udział dzieci w ogóle osób objętych dożywianiem,2018,gmina,Lubień,powiat myślenicki,13%
176,Udział dzieci w ogóle osób objętych dożywianiem,2018,gmina,Myślenice,powiat myślenicki,19%
176,Udział dzieci w ogóle osób objętych dożywianiem,2018,gmina,Pcim,powiat myślenicki,15%
176,Udział dzieci w ogóle osób objętych dożywianiem,2018,gmina,Raciechowice,powiat myślenicki,21%
176,Udział dzieci w ogóle osób objętych dożywianiem,2018,gmina,Siepraw,powiat myślenicki,11%
176,Udział dzieci w ogóle osób objętych dożywianiem,2018,gmina,Sułkowice,powiat myślenicki,22%
176,Udział dzieci w ogóle osób objętych dożywianiem,2018,gmina,Tokarnia,powiat myślenicki,20%
176,Udział dzieci w ogóle osób objętych dożywianiem,2018,gmina,Wiśniowa,powiat myślenicki,18%
176,Udział dzieci w ogóle osób objętych dożywianiem,2018,powiat,powiat nowosądecki,powiat nowosądecki,17%
176,Udział dzieci w ogóle osób objętych dożywianiem,2018,gmina,Podegrodzie,powiat nowosądecki,9%
176,Udział dzieci w ogóle osób objętych dożywianiem,2018,gmina,Rytro,powiat nowosądecki,15%
176,Udział dzieci w ogóle osób objętych dożywianiem,2018,gmina,Stary Sącz,powiat nowosądecki,24%
176,Udział dzieci w ogóle osób objętych dożywianiem,2018,gmina,Chełmiec,powiat nowosądecki,18%
176,Udział dzieci w ogóle osób objętych dożywianiem,2018,gmina,Gródek nad Dunajcem,powiat nowosądecki,1%
176,Udział dzieci w ogóle osób objętych dożywianiem,2018,gmina,Grybów (miasto),powiat nowosądecki,21%
176,Udział dzieci w ogóle osób objętych dożywianiem,2018,gmina,Grybów (wieś),powiat nowosądecki,17%
176,Udział dzieci w ogóle osób objętych dożywianiem,2018,gmina,Kamionka Wielka,powiat nowosądecki,15%
176,Udział dzieci w ogóle osób objętych dożywianiem,2018,gmina,Korzenna,powiat nowosądecki,8%
176,Udział dzieci w ogóle osób objętych dożywianiem,2018,gmina,Krynica-Zdrój,powiat nowosądecki,15%
176,Udział dzieci w ogóle osób objętych dożywianiem,2018,gmina,Łabowa,powiat nowosądecki,20%
176,Udział dzieci w ogóle osób objętych dożywianiem,2018,gmina,Łącko,powiat nowosądecki,43%
176,Udział dzieci w ogóle osób objętych dożywianiem,2018,gmina,Łososina Dolna,powiat nowosądecki,2%
176,Udział dzieci w ogóle osób objętych dożywianiem,2018,gmina,Muszyna,powiat nowosądecki,17%
176,Udział dzieci w ogóle osób objętych dożywianiem,2018,gmina,Nawojowa,powiat nowosądecki,13%
176,Udział dzieci w ogóle osób objętych dożywianiem,2018,gmina,Piwniczna-Zdrój,powiat nowosądecki,21%
176,Udział dzieci w ogóle osób objętych dożywianiem,2018,powiat,powiat nowotarski,powiat nowotarski,16%
176,Udział dzieci w ogóle osób objętych dożywianiem,2018,gmina,Czarny Dunajec,powiat nowotarski,17%
176,Udział dzieci w ogóle osób objętych dożywianiem,2018,gmina,Czorsztyn,powiat nowotarski,62%
176,Udział dzieci w ogóle osób objętych dożywianiem,2018,gmina,Jabłonka,powiat nowotarski,10%
176,Udział dzieci w ogóle osób objętych dożywianiem,2018,gmina,Krościenko nad Dunajcem,powiat nowotarski,8%
176,Udział dzieci w ogóle osób objętych dożywianiem,2018,gmina,Lipnica Wielka,powiat nowotarski,4%
176,Udział dzieci w ogóle osób objętych dożywianiem,2018,gmina,Łapsze Niżne,powiat nowotarski,16%
176,Udział dzieci w ogóle osób objętych dożywianiem,2018,gmina,Nowy Targ (miasto),powiat nowotarski,16%
176,Udział dzieci w ogóle osób objętych dożywianiem,2018,gmina,Nowy Targ (wieś),powiat nowotarski,16%
176,Udział dzieci w ogóle osób objętych dożywianiem,2018,gmina,Ochotnica Dolna,powiat nowotarski,10%
176,Udział dzieci w ogóle osób objętych dożywianiem,2018,gmina,Raba Wyżna,powiat nowotarski,24%
176,Udział dzieci w ogóle osób objętych dożywianiem,2018,gmina,Rabka-Zdrój,powiat nowotarski,26%
176,Udział dzieci w ogóle osób objętych dożywianiem,2018,gmina,Spytkowice,powiat nowotarski,9%
176,Udział dzieci w ogóle osób objętych dożywianiem,2018,gmina,Szaflary,powiat nowotarski,25%
176,Udział dzieci w ogóle osób objętych dożywianiem,2018,gmina,Szczawnica,powiat nowotarski,6%
176,Udział dzieci w ogóle osób objętych dożywianiem,2018,powiat,powiat olkuski,powiat olkuski,15%
176,Udział dzieci w ogóle osób objętych dożywianiem,2018,gmina,Bolesław,powiat olkuski,17%
176,Udział dzieci w ogóle osób objętych dożywianiem,2018,gmina,Bukowno,powiat olkuski,13%
176,Udział dzieci w ogóle osób objętych dożywianiem,2018,gmina,Klucze,powiat olkuski,19%
176,Udział dzieci w ogóle osób objętych dożywianiem,2018,gmina,Olkusz,powiat olkuski,13%
176,Udział dzieci w ogóle osób objętych dożywianiem,2018,gmina,Trzyciąż,powiat olkuski,35%
176,Udział dzieci w ogóle osób objętych dożywianiem,2018,gmina,Wolbrom,powiat olkuski,19%
176,Udział dzieci w ogóle osób objętych dożywianiem,2018,powiat,powiat oświęcimski,powiat oświęcimski,17%
176,Udział dzieci w ogóle osób objętych dożywianiem,2018,gmina,Brzeszcze,powiat oświęcimski,20%
176,Udział dzieci w ogóle osób objętych dożywianiem,2018,gmina,Chełmek,powiat oświęcimski,26%
176,Udział dzieci w ogóle osób objętych dożywianiem,2018,gmina,Kęty,powiat oświęcimski,27%
176,Udział dzieci w ogóle osób objętych dożywianiem,2018,gmina,Osiek,powiat oświęcimski,18%
176,Udział dzieci w ogóle osób objętych dożywianiem,2018,gmina,Oświęcim (miasto),powiat oświęcimski,11%
176,Udział dzieci w ogóle osób objętych dożywianiem,2018,gmina,Oświęcim (wieś),powiat oświęcimski,15%
176,Udział dzieci w ogóle osób objętych dożywianiem,2018,gmina,Polanka Wielka,powiat oświęcimski,19%
176,Udział dzieci w ogóle osób objętych dożywianiem,2018,gmina,Przeciszów,powiat oświęcimski,19%
176,Udział dzieci w ogóle osób objętych dożywianiem,2018,gmina,Zator,powiat oświęcimski,12%
176,Udział dzieci w ogóle osób objętych dożywianiem,2018,powiat,powiat proszowicki,powiat proszowicki,17%
176,Udział dzieci w ogóle osób objętych dożywianiem,2018,gmina,Koniusza,powiat proszowicki,0%
176,Udział dzieci w ogóle osób objętych dożywianiem,2018,gmina,Koszyce,powiat proszowicki,22%
176,Udział dzieci w ogóle osób objętych dożywianiem,2018,gmina,Nowe Brzesko,powiat proszowicki,18%
176,Udział dzieci w ogóle osób objętych dożywianiem,2018,gmina,Pałecznica,powiat proszowicki,24%
176,Udział dzieci w ogóle osób objętych dożywianiem,2018,gmina,Proszowice,powiat proszowicki,17%
176,Udział dzieci w ogóle osób objętych dożywianiem,2018,gmina,Radziemice,powiat proszowicki,30%
176,Udział dzieci w ogóle osób objętych dożywianiem,2018,powiat,powiat suski,powiat suski,14%
176,Udział dzieci w ogóle osób objętych dożywianiem,2018,gmina,Budzów,powiat suski,8%
176,Udział dzieci w ogóle osób objętych dożywianiem,2018,gmina,Bystra-Sidzina,powiat suski,19%
176,Udział dzieci w ogóle osób objętych dożywianiem,2018,gmina,Jordanów (miasto),powiat suski,19%
176,Udział dzieci w ogóle osób objętych dożywianiem,2018,gmina,Jordanów (wieś),powiat suski,17%
176,Udział dzieci w ogóle osób objętych dożywianiem,2018,gmina,Maków Podhalański,powiat suski,9%
176,Udział dzieci w ogóle osób objętych dożywianiem,2018,gmina,Stryszawa,powiat suski,20%
176,Udział dzieci w ogóle osób objętych dożywianiem,2018,gmina,Sucha Beskidzka,powiat suski,16%
176,Udział dzieci w ogóle osób objętych dożywianiem,2018,gmina,Zawoja,powiat suski,9%
176,Udział dzieci w ogóle osób objętych dożywianiem,2018,gmina,Zembrzyce,powiat suski,8%
176,Udział dzieci w ogóle osób objętych dożywianiem,2018,powiat,powiat tarnowski,powiat tarnowski,16%
176,Udział dzieci w ogóle osób objętych dożywianiem,2018,gmina,Ciężkowice,powiat tarnowski,9%
176,Udział dzieci w ogóle osób objętych dożywianiem,2018,gmina,Gromnik,powiat tarnowski,22%
176,Udział dzieci w ogóle osób objętych dożywianiem,2018,gmina,Lisia Góra,powiat tarnowski,15%
176,Udział dzieci w ogóle osób objętych dożywianiem,2018,gmina,Pleśna,powiat tarnowski,19%
176,Udział dzieci w ogóle osób objętych dożywianiem,2018,gmina,Radłów,powiat tarnowski,18%
176,Udział dzieci w ogóle osób objętych dożywianiem,2018,gmina,Ryglice,powiat tarnowski,7%
176,Udział dzieci w ogóle osób objętych dożywianiem,2018,gmina,Rzepiennik Strzyżewski,powiat tarnowski,23%
176,Udział dzieci w ogóle osób objętych dożywianiem,2018,gmina,Skrzyszów,powiat tarnowski,19%
176,Udział dzieci w ogóle osób objętych dożywianiem,2018,gmina,Szerzyny,powiat tarnowski,10%
176,Udział dzieci w ogóle osób objętych dożywianiem,2018,gmina,Tarnów (wieś),powiat tarnowski,21%
176,Udział dzieci w ogóle osób objętych dożywianiem,2018,gmina,Tuchów,powiat tarnowski,15%
176,Udział dzieci w ogóle osób objętych dożywianiem,2018,gmina,Wierzchosławice,powiat tarnowski,16%
176,Udział dzieci w ogóle osób objętych dożywianiem,2018,gmina,Wietrzychowice,powiat tarnowski,21%
176,Udział dzieci w ogóle osób objętych dożywianiem,2018,gmina,Wojnicz,powiat tarnowski,11%
176,Udział dzieci w ogóle osób objętych dożywianiem,2018,gmina,Zakliczyn,powiat tarnowski,20%
176,Udział dzieci w ogóle osób objętych dożywianiem,2018,gmina,Żabno,powiat tarnowski,11%
176,Udział dzieci w ogóle osób objętych dożywianiem,2018,powiat,powiat tatrzański,powiat tatrzański,14%
176,Udział dzieci w ogóle osób objętych dożywianiem,2018,gmina,Biały Dunajec,powiat tatrzański,20%
176,Udział dzieci w ogóle osób objętych dożywianiem,2018,gmina,Bukowina Tatrzańska,powiat tatrzański,14%
176,Udział dzieci w ogóle osób objętych dożywianiem,2018,gmina,Kościelisko,powiat tatrzański,12%
176,Udział dzieci w ogóle osób objętych dożywianiem,2018,gmina,Poronin,powiat tatrzański,10%
176,Udział dzieci w ogóle osób objętych dożywianiem,2018,gmina,Zakopane,powiat tatrzański,16%
176,Udział dzieci w ogóle osób objętych dożywianiem,2018,powiat,powiat wadowicki,powiat wadowicki,18%
176,Udział dzieci w ogóle osób objętych dożywianiem,2018,gmina,Andrychów,powiat wadowicki,17%
176,Udział dzieci w ogóle osób objętych dożywianiem,2018,gmina,Brzeźnica,powiat wadowicki,19%
176,Udział dzieci w ogóle osób objętych dożywianiem,2018,gmina,Kalwaria Zebrzydowska,powiat wadowicki,18%
176,Udział dzieci w ogóle osób objętych dożywianiem,2018,gmina,Lanckorona,powiat wadowicki,10%
176,Udział dzieci w ogóle osób objętych dożywianiem,2018,gmina,Mucharz,powiat wadowicki,15%
176,Udział dzieci w ogóle osób objętych dożywianiem,2018,gmina,Spytkowice,powiat wadowicki,21%
176,Udział dzieci w ogóle osób objętych dożywianiem,2018,gmina,Stryszów,powiat wadowicki,16%
176,Udział dzieci w ogóle osób objętych dożywianiem,2018,gmina,Tomice,powiat wadowicki,17%
176,Udział dzieci w ogóle osób objętych dożywianiem,2018,gmina,Wadowice,powiat wadowicki,24%
176,Udział dzieci w ogóle osób objętych dożywianiem,2018,gmina,Wieprz,powiat wadowicki,19%
176,Udział dzieci w ogóle osób objętych dożywianiem,2018,powiat,powiat wielicki,powiat wielicki,14%
176,Udział dzieci w ogóle osób objętych dożywianiem,2018,gmina,Biskupice,powiat wielicki,10%
176,Udział dzieci w ogóle osób objętych dożywianiem,2018,gmina,Gdów,powiat wielicki,9%
176,Udział dzieci w ogóle osób objętych dożywianiem,2018,gmina,Kłaj,powiat wielicki,21%
176,Udział dzieci w ogóle osób objętych dożywianiem,2018,gmina,Niepołomice,powiat wielicki,19%
176,Udział dzieci w ogóle osób objętych dożywianiem,2018,gmina,Wieliczka,powiat wielicki,13%
176,Udział dzieci w ogóle osób objętych dożywianiem,2017,powiat,powiat bocheński,powiat bocheński,18%
176,Udział dzieci w ogóle osób objętych dożywianiem,2017,gmina,Bochnia (miasto),powiat bocheński,16%
176,Udział dzieci w ogóle osób objętych dożywianiem,2017,gmina,Bochnia (wieś),powiat bocheński,16%
176,Udział dzieci w ogóle osób objętych dożywianiem,2017,gmina,Drwinia,powiat bocheński,31%
176,Udział dzieci w ogóle osób objętych dożywianiem,2017,gmina,Lipnica Murowana,powiat bocheński,28%
176,Udział dzieci w ogóle osób objętych dożywianiem,2017,gmina,Łapanów,powiat bocheński,18%
176,Udział dzieci w ogóle osób objętych dożywianiem,2017,gmina,Nowy Wiśnicz,powiat bocheński,15%
176,Udział dzieci w ogóle osób objętych dożywianiem,2017,gmina,Rzezawa,powiat bocheński,19%
176,Udział dzieci w ogóle osób objętych dożywianiem,2017,gmina,Trzciana,powiat bocheński,23%
176,Udział dzieci w ogóle osób objętych dożywianiem,2017,gmina,Żegocina,powiat bocheński,18%
176,Udział dzieci w ogóle osób objętych dożywianiem,2017,powiat,powiat brzeski,powiat brzeski,21%
176,Udział dzieci w ogóle osób objętych dożywianiem,2017,gmina,Borzęcin,powiat brzeski,13%
176,Udział dzieci w ogóle osób objętych dożywianiem,2017,gmina,Brzesko,powiat brzeski,29%
176,Udział dzieci w ogóle osób objętych dożywianiem,2017,gmina,Czchów,powiat brzeski,17%
176,Udział dzieci w ogóle osób objętych dożywianiem,2017,gmina,Dębno,powiat brzeski,16%
176,Udział dzieci w ogóle osób objętych dożywianiem,2017,gmina,Gnojnik,powiat brzeski,26%
176,Udział dzieci w ogóle osób objętych dożywianiem,2017,gmina,Iwkowa,powiat brzeski,19%
176,Udział dzieci w ogóle osób objętych dożywianiem,2017,gmina,Szczurowa,powiat brzeski,19%
176,Udział dzieci w ogóle osób objętych dożywianiem,2017,powiat,powiat chrzanowski,powiat chrzanowski,17%
176,Udział dzieci w ogóle osób objętych dożywianiem,2017,gmina,Alwernia,powiat chrzanowski,11%
176,Udział dzieci w ogóle osób objętych dożywianiem,2017,gmina,Babice,powiat chrzanowski,14%
176,Udział dzieci w ogóle osób objętych dożywianiem,2017,gmina,Chrzanów,powiat chrzanowski,19%
176,Udział dzieci w ogóle osób objętych dożywianiem,2017,gmina,Libiąż,powiat chrzanowski,19%
176,Udział dzieci w ogóle osób objętych dożywianiem,2017,gmina,Trzebinia,powiat chrzanowski,17%
176,Udział dzieci w ogóle osób objętych dożywianiem,2017,powiat,powiat dąbrowski,powiat dąbrowski,16%
176,Udział dzieci w ogóle osób objętych dożywianiem,2017,gmina,Bolesław,powiat dąbrowski,19%
176,Udział dzieci w ogóle osób objętych dożywianiem,2017,gmina,Dąbrowa Tarnowska,powiat dąbrowski,10%
176,Udział dzieci w ogóle osób objętych dożywianiem,2017,gmina,Gręboszów,powiat dąbrowski,20%
176,Udział dzieci w ogóle osób objętych dożywianiem,2017,gmina,Mędrzechów,powiat dąbrowski,21%
176,Udział dzieci w ogóle osób objętych dożywianiem,2017,gmina,Olesno,powiat dąbrowski,16%
176,Udział dzieci w ogóle osób objętych dożywianiem,2017,gmina,Radgoszcz,powiat dąbrowski,15%
176,Udział dzieci w ogóle osób objętych dożywianiem,2017,gmina,Szczucin,powiat dąbrowski,25%
176,Udział dzieci w ogóle osób objętych dożywianiem,2017,powiat,powiat gorlicki,powiat gorlicki,17%
176,Udział dzieci w ogóle osób objętych dożywianiem,2017,gmina,Biecz,powiat gorlicki,15%
176,Udział dzieci w ogóle osób objętych dożywianiem,2017,gmina,Bobowa,powiat gorlicki,6%
176,Udział dzieci w ogóle osób objętych dożywianiem,2017,gmina,Gorlice (miasto),powiat gorlicki,24%
176,Udział dzieci w ogóle osób objętych dożywianiem,2017,gmina,Gorlice (wieś),powiat gorlicki,17%
176,Udział dzieci w ogóle osób objętych dożywianiem,2017,gmina,Lipinki,powiat gorlicki,16%
176,Udział dzieci w ogóle osób objętych dożywianiem,2017,gmina,Łużna,powiat gorlicki,33%
176,Udział dzieci w ogóle osób objętych dożywianiem,2017,gmina,Moszczenica,powiat gorlicki,25%
176,Udział dzieci w ogóle osób objętych dożywianiem,2017,gmina,Ropa,powiat gorlicki,17%
176,Udział dzieci w ogóle osób objętych dożywianiem,2017,gmina,Sękowa,powiat gorlicki,24%
176,Udział dzieci w ogóle osób objętych dożywianiem,2017,gmina,Uście Gorlickie,powiat gorlicki,8%
176,Udział dzieci w ogóle osób objętych dożywianiem,2017,powiat,powiat krakowski,powiat krakowski,19%
176,Udział dzieci w ogóle osób objętych dożywianiem,2017,gmina,Czernichów,powiat krakowski,11%
176,Udział dzieci w ogóle osób objętych dożywianiem,2017,gmina,Igołomia-Wawrzeńczyce,powiat krakowski,18%
176,Udział dzieci w ogóle osób objętych dożywianiem,2017,gmina,Iwanowice,powiat krakowski,38%
176,Udział dzieci w ogóle osób objętych dożywianiem,2017,gmina,Jerzmanowice-Przeginia,powiat krakowski,26%
176,Udział dzieci w ogóle osób objętych dożywianiem,2017,gmina,Kocmyrzów-Luborzyca,powiat krakowski,24%
176,Udział dzieci w ogóle osób objętych dożywianiem,2017,gmina,Krzeszowice,powiat krakowski,16%
176,Udział dzieci w ogóle osób objętych dożywianiem,2017,gmina,Liszki,powiat krakowski,36%
176,Udział dzieci w ogóle osób objętych dożywianiem,2017,gmina,Michałowice,powiat krakowski,15%
176,Udział dzieci w ogóle osób objętych dożywianiem,2017,gmina,Mogilany,powiat krakowski,13%
176,Udział dzieci w ogóle osób objętych dożywianiem,2017,gmina,Skała,powiat krakowski,25%
176,Udział dzieci w ogóle osób objętych dożywianiem,2017,gmina,Skawina,powiat krakowski,18%
176,Udział dzieci w ogóle osób objętych dożywianiem,2017,gmina,Słomniki,powiat krakowski,21%
176,Udział dzieci w ogóle osób objętych dożywianiem,2017,gmina,Sułoszowa,powiat krakowski,12%
176,Udział dzieci w ogóle osób objętych dożywianiem,2017,gmina,Świątniki Górne,powiat krakowski,9%
176,Udział dzieci w ogóle osób objętych dożywianiem,2017,gmina,Wielka Wieś,powiat krakowski,33%
176,Udział dzieci w ogóle osób objętych dożywianiem,2017,gmina,Zabierzów,powiat krakowski,17%
176,Udział dzieci w ogóle osób objętych dożywianiem,2017,gmina,Zielonki,powiat krakowski,18%
176,Udział dzieci w ogóle osób objętych dożywianiem,2017,powiat,powiat limanowski,powiat limanowski,14%
176,Udział dzieci w ogóle osób objętych dożywianiem,2017,gmina,Dobra,powiat limanowski,27%
176,Udział dzieci w ogóle osób objętych dożywianiem,2017,gmina,Jodłownik,powiat limanowski,18%
176,Udział dzieci w ogóle osób objętych dożywianiem,2017,gmina,Kamienica,powiat limanowski,18%
176,Udział dzieci w ogóle osób objętych dożywianiem,2017,gmina,Laskowa,powiat limanowski,10%
176,Udział dzieci w ogóle osób objętych dożywianiem,2017,gmina,Limanowa (miasto),powiat limanowski,14%
176,Udział dzieci w ogóle osób objętych dożywianiem,2017,gmina,Limanowa (wieś),powiat limanowski,6%
176,Udział dzieci w ogóle osób objętych dożywianiem,2017,gmina,Łukowica,powiat limanowski,14%
176,Udział dzieci w ogóle osób objętych dożywianiem,2017,gmina,Mszana Dolna (miasto),powiat limanowski,17%
176,Udział dzieci w ogóle osób objętych dożywianiem,2017,gmina,Mszana Dolna (wieś),powiat limanowski,5%
176,Udział dzieci w ogóle osób objętych dożywianiem,2017,gmina,Niedźwiedź,powiat limanowski,9%
176,Udział dzieci w ogóle osób objętych dożywianiem,2017,gmina,Słopnice,powiat limanowski,20%
176,Udział dzieci w ogóle osób objętych dożywianiem,2017,gmina,Tymbark,powiat limanowski,22%
176,Udział dzieci w ogóle osób objętych dożywianiem,2017,powiat,powiat m. Kraków,powiat m. Kraków,12%
176,Udział dzieci w ogóle osób objętych dożywianiem,2017,powiat,powiat m. Nowy Sącz,powiat m. Nowy Sącz,16%
176,Udział dzieci w ogóle osób objętych dożywianiem,2017,powiat,powiat m. Tarnów,powiat m. Tarnów,14%
176,Udział dzieci w ogóle osób objętych dożywianiem,2017,powiat,powiat miechowski,powiat miechowski,14%
176,Udział dzieci w ogóle osób objętych dożywianiem,2017,gmina,Charsznica,powiat miechowski,14%
176,Udział dzieci w ogóle osób objętych dożywianiem,2017,gmina,Gołcza,powiat miechowski,12%
176,Udział dzieci w ogóle osób objętych dożywianiem,2017,gmina,Kozłów,powiat miechowski,17%
176,Udział dzieci w ogóle osób objętych dożywianiem,2017,gmina,Książ Wielki,powiat miechowski,21%
176,Udział dzieci w ogóle osób objętych dożywianiem,2017,gmina,Miechów,powiat miechowski,13%
176,Udział dzieci w ogóle osób objętych dożywianiem,2017,gmina,Racławice,powiat miechowski,10%
176,Udział dzieci w ogóle osób objętych dożywianiem,2017,gmina,Słaboszów,powiat miechowski,8%
176,Udział dzieci w ogóle osób objętych dożywianiem,2017,powiat,powiat myślenicki,powiat myślenicki,20%
176,Udział dzieci w ogóle osób objętych dożywianiem,2017,gmina,Dobczyce,powiat myślenicki,30%
176,Udział dzieci w ogóle osób objętych dożywianiem,2017,gmina,Lubień,powiat myślenicki,14%
176,Udział dzieci w ogóle osób objętych dożywianiem,2017,gmina,Myślenice,powiat myślenicki,19%
176,Udział dzieci w ogóle osób objętych dożywianiem,2017,gmina,Pcim,powiat myślenicki,21%
176,Udział dzieci w ogóle osób objętych dożywianiem,2017,gmina,Raciechowice,powiat myślenicki,25%
176,Udział dzieci w ogóle osób objętych dożywianiem,2017,gmina,Siepraw,powiat myślenicki,8%
176,Udział dzieci w ogóle osób objętych dożywianiem,2017,gmina,Sułkowice,powiat myślenicki,25%
176,Udział dzieci w ogóle osób objętych dożywianiem,2017,gmina,Tokarnia,powiat myślenicki,17%
176,Udział dzieci w ogóle osób objętych dożywianiem,2017,gmina,Wiśniowa,powiat myślenicki,16%
176,Udział dzieci w ogóle osób objętych dożywianiem,2017,powiat,powiat nowosądecki,powiat nowosądecki,17%
176,Udział dzieci w ogóle osób objętych dożywianiem,2017,gmina,Podegrodzie,powiat nowosądecki,10%
176,Udział dzieci w ogóle osób objętych dożywianiem,2017,gmina,Rytro,powiat nowosądecki,18%
176,Udział dzieci w ogóle osób objętych dożywianiem,2017,gmina,Stary Sącz,powiat nowosądecki,23%
176,Udział dzieci w ogóle osób objętych dożywianiem,2017,gmina,Chełmiec,powiat nowosądecki,19%
176,Udział dzieci w ogóle osób objętych dożywianiem,2017,gmina,Gródek nad Dunajcem,powiat nowosądecki,2%
176,Udział dzieci w ogóle osób objętych dożywianiem,2017,gmina,Grybów (miasto),powiat nowosądecki,16%
176,Udział dzieci w ogóle osób objętych dożywianiem,2017,gmina,Grybów (wieś),powiat nowosądecki,22%
176,Udział dzieci w ogóle osób objętych dożywianiem,2017,gmina,Kamionka Wielka,powiat nowosądecki,16%
176,Udział dzieci w ogóle osób objętych dożywianiem,2017,gmina,Korzenna,powiat nowosądecki,7%
176,Udział dzieci w ogóle osób objętych dożywianiem,2017,gmina,Krynica-Zdrój,powiat nowosądecki,19%
176,Udział dzieci w ogóle osób objętych dożywianiem,2017,gmina,Łabowa,powiat nowosądecki,30%
176,Udział dzieci w ogóle osób objętych dożywianiem,2017,gmina,Łącko,powiat nowosądecki,37%
176,Udział dzieci w ogóle osób objętych dożywianiem,2017,gmina,Łososina Dolna,powiat nowosądecki,2%
176,Udział dzieci w ogóle osób objętych dożywianiem,2017,gmina,Muszyna,powiat nowosądecki,12%
176,Udział dzieci w ogóle osób objętych dożywianiem,2017,gmina,Nawojowa,powiat nowosądecki,14%
176,Udział dzieci w ogóle osób objętych dożywianiem,2017,gmina,Piwniczna-Zdrój,powiat nowosądecki,20%
176,Udział dzieci w ogóle osób objętych dożywianiem,2017,powiat,powiat nowotarski,powiat nowotarski,15%
176,Udział dzieci w ogóle osób objętych dożywianiem,2017,gmina,Czarny Dunajec,powiat nowotarski,20%
176,Udział dzieci w ogóle osób objętych dożywianiem,2017,gmina,Czorsztyn,powiat nowotarski,49%
176,Udział dzieci w ogóle osób objętych dożywianiem,2017,gmina,Jabłonka,powiat nowotarski,12%
176,Udział dzieci w ogóle osób objętych dożywianiem,2017,gmina,Krościenko nad Dunajcem,powiat nowotarski,5%
176,Udział dzieci w ogóle osób objętych dożywianiem,2017,gmina,Lipnica Wielka,powiat nowotarski,6%
176,Udział dzieci w ogóle osób objętych dożywianiem,2017,gmina,Łapsze Niżne,powiat nowotarski,14%
176,Udział dzieci w ogóle osób objętych dożywianiem,2017,gmina,Nowy Targ (miasto),powiat nowotarski,12%
176,Udział dzieci w ogóle osób objętych dożywianiem,2017,gmina,Nowy Targ (wieś),powiat nowotarski,17%
176,Udział dzieci w ogóle osób objętych dożywianiem,2017,gmina,Ochotnica Dolna,powiat nowotarski,12%
176,Udział dzieci w ogóle osób objętych dożywianiem,2017,gmina,Raba Wyżna,powiat nowotarski,18%
176,Udział dzieci w ogóle osób objętych dożywianiem,2017,gmina,Rabka-Zdrój,powiat nowotarski,22%
176,Udział dzieci w ogóle osób objętych dożywianiem,2017,gmina,Spytkowice,powiat nowotarski,5%
176,Udział dzieci w ogóle osób objętych dożywianiem,2017,gmina,Szaflary,powiat nowotarski,19%
176,Udział dzieci w ogóle osób objętych dożywianiem,2017,gmina,Szczawnica,powiat nowotarski,6%
176,Udział dzieci w ogóle osób objętych dożywianiem,2017,powiat,powiat olkuski,powiat olkuski,20%
176,Udział dzieci w ogóle osób objętych dożywianiem,2017,gmina,Bolesław,powiat olkuski,20%
176,Udział dzieci w ogóle osób objętych dożywianiem,2017,gmina,Bukowno,powiat olkuski,15%
176,Udział dzieci w ogóle osób objętych dożywianiem,2017,gmina,Klucze,powiat olkuski,20%
176,Udział dzieci w ogóle osób objętych dożywianiem,2017,gmina,Olkusz,powiat olkuski,18%
176,Udział dzieci w ogóle osób objętych dożywianiem,2017,gmina,Trzyciąż,powiat olkuski,25%
176,Udział dzieci w ogóle osób objętych dożywianiem,2017,gmina,Wolbrom,powiat olkuski,32%
176,Udział dzieci w ogóle osób objętych dożywianiem,2017,powiat,powiat oświęcimski,powiat oświęcimski,16%
176,Udział dzieci w ogóle osób objętych dożywianiem,2017,gmina,Brzeszcze,powiat oświęcimski,16%
176,Udział dzieci w ogóle osób objętych dożywianiem,2017,gmina,Chełmek,powiat oświęcimski,37%
176,Udział dzieci w ogóle osób objętych dożywianiem,2017,gmina,Kęty,powiat oświęcimski,24%
176,Udział dzieci w ogóle osób objętych dożywianiem,2017,gmina,Osiek,powiat oświęcimski,13%
176,Udział dzieci w ogóle osób objętych dożywianiem,2017,gmina,Oświęcim (miasto),powiat oświęcimski,15%
176,Udział dzieci w ogóle osób objętych dożywianiem,2017,gmina,Oświęcim (wieś),powiat oświęcimski,10%
176,Udział dzieci w ogóle osób objętych dożywianiem,2017,gmina,Polanka Wielka,powiat oświęcimski,25%
176,Udział dzieci w ogóle osób objętych dożywianiem,2017,gmina,Przeciszów,powiat oświęcimski,16%
176,Udział dzieci w ogóle osób objętych dożywianiem,2017,gmina,Zator,powiat oświęcimski,15%
176,Udział dzieci w ogóle osób objętych dożywianiem,2017,powiat,powiat proszowicki,powiat proszowicki,17%
176,Udział dzieci w ogóle osób objętych dożywianiem,2017,gmina,Koniusza,powiat proszowicki,0%
176,Udział dzieci w ogóle osób objętych dożywianiem,2017,gmina,Koszyce,powiat proszowicki,21%
176,Udział dzieci w ogóle osób objętych dożywianiem,2017,gmina,Nowe Brzesko,powiat proszowicki,18%
176,Udział dzieci w ogóle osób objętych dożywianiem,2017,gmina,Pałecznica,powiat proszowicki,18%
176,Udział dzieci w ogóle osób objętych dożywianiem,2017,gmina,Proszowice,powiat proszowicki,19%
176,Udział dzieci w ogóle osób objętych dożywianiem,2017,gmina,Radziemice,powiat proszowicki,21%
176,Udział dzieci w ogóle osób objętych dożywianiem,2017,powiat,powiat suski,powiat suski,16%
176,Udział dzieci w ogóle osób objętych dożywianiem,2017,gmina,Budzów,powiat suski,8%
176,Udział dzieci w ogóle osób objętych dożywianiem,2017,gmina,Bystra-Sidzina,powiat suski,21%
176,Udział dzieci w ogóle osób objętych dożywianiem,2017,gmina,Jordanów (miasto),powiat suski,18%
176,Udział dzieci w ogóle osób objętych dożywianiem,2017,gmina,Jordanów (wieś),powiat suski,21%
176,Udział dzieci w ogóle osób objętych dożywianiem,2017,gmina,Maków Podhalański,powiat suski,11%
176,Udział dzieci w ogóle osób objętych dożywianiem,2017,gmina,Stryszawa,powiat suski,21%
176,Udział dzieci w ogóle osób objętych dożywianiem,2017,gmina,Sucha Beskidzka,powiat suski,16%
176,Udział dzieci w ogóle osób objętych dożywianiem,2017,gmina,Zawoja,powiat suski,10%
176,Udział dzieci w ogóle osób objętych dożywianiem,2017,gmina,Zembrzyce,powiat suski,16%
176,Udział dzieci w ogóle osób objętych dożywianiem,2017,powiat,powiat tarnowski,powiat tarnowski,16%
176,Udział dzieci w ogóle osób objętych dożywianiem,2017,gmina,Ciężkowice,powiat tarnowski,6%
176,Udział dzieci w ogóle osób objętych dożywianiem,2017,gmina,Gromnik,powiat tarnowski,24%
176,Udział dzieci w ogóle osób objętych dożywianiem,2017,gmina,Lisia Góra,powiat tarnowski,15%
176,Udział dzieci w ogóle osób objętych dożywianiem,2017,gmina,Pleśna,powiat tarnowski,21%
176,Udział dzieci w ogóle osób objętych dożywianiem,2017,gmina,Radłów,powiat tarnowski,16%
176,Udział dzieci w ogóle osób objętych dożywianiem,2017,gmina,Ryglice,powiat tarnowski,6%
176,Udział dzieci w ogóle osób objętych dożywianiem,2017,gmina,Rzepiennik Strzyżewski,powiat tarnowski,33%
176,Udział dzieci w ogóle osób objętych dożywianiem,2017,gmina,Skrzyszów,powiat tarnowski,14%
176,Udział dzieci w ogóle osób objętych dożywianiem,2017,gmina,Szerzyny,powiat tarnowski,14%
176,Udział dzieci w ogóle osób objętych dożywianiem,2017,gmina,Tarnów (wieś),powiat tarnowski,21%
176,Udział dzieci w ogóle osób objętych dożywianiem,2017,gmina,Tuchów,powiat tarnowski,13%
176,Udział dzieci w ogóle osób objętych dożywianiem,2017,gmina,Wierzchosławice,powiat tarnowski,14%
176,Udział dzieci w ogóle osób objętych dożywianiem,2017,gmina,Wietrzychowice,powiat tarnowski,15%
176,Udział dzieci w ogóle osób objętych dożywianiem,2017,gmina,Wojnicz,powiat tarnowski,14%
176,Udział dzieci w ogóle osób objętych dożywianiem,2017,gmina,Zakliczyn,powiat tarnowski,21%
176,Udział dzieci w ogóle osób objętych dożywianiem,2017,gmina,Żabno,powiat tarnowski,13%
176,Udział dzieci w ogóle osób objętych dożywianiem,2017,powiat,powiat tatrzański,powiat tatrzański,16%
176,Udział dzieci w ogóle osób objętych dożywianiem,2017,gmina,Biały Dunajec,powiat tatrzański,19%
176,Udział dzieci w ogóle osób objętych dożywianiem,2017,gmina,Bukowina Tatrzańska,powiat tatrzański,19%
176,Udział dzieci w ogóle osób objętych dożywianiem,2017,gmina,Kościelisko,powiat tatrzański,17%
176,Udział dzieci w ogóle osób objętych dożywianiem,2017,gmina,Poronin,powiat tatrzański,13%
176,Udział dzieci w ogóle osób objętych dożywianiem,2017,gmina,Zakopane,powiat tatrzański,14%
176,Udział dzieci w ogóle osób objętych dożywianiem,2017,powiat,powiat wadowicki,powiat wadowicki,19%
176,Udział dzieci w ogóle osób objętych dożywianiem,2017,gmina,Andrychów,powiat wadowicki,23%
176,Udział dzieci w ogóle osób objętych dożywianiem,2017,gmina,Brzeźnica,powiat wadowicki,20%
176,Udział dzieci w ogóle osób objętych dożywianiem,2017,gmina,Kalwaria Zebrzydowska,powiat wadowicki,21%
176,Udział dzieci w ogóle osób objętych dożywianiem,2017,gmina,Lanckorona,powiat wadowicki,8%
176,Udział dzieci w ogóle osób objętych dożywianiem,2017,gmina,Mucharz,powiat wadowicki,17%
176,Udział dzieci w ogóle osób objętych dożywianiem,2017,gmina,Spytkowice,powiat wadowicki,23%
176,Udział dzieci w ogóle osób objętych dożywianiem,2017,gmina,Stryszów,powiat wadowicki,19%
176,Udział dzieci w ogóle osób objętych dożywianiem,2017,gmina,Tomice,powiat wadowicki,17%
176,Udział dzieci w ogóle osób objętych dożywianiem,2017,gmina,Wadowice,powiat wadowicki,23%
176,Udział dzieci w ogóle osób objętych dożywianiem,2017,gmina,Wieprz,powiat wadowicki,17%
176,Udział dzieci w ogóle osób objętych dożywianiem,2017,powiat,powiat wielicki,powiat wielicki,15%
176,Udział dzieci w ogóle osób objętych dożywianiem,2017,gmina,Biskupice,powiat wielicki,12%
176,Udział dzieci w ogóle osób objętych dożywianiem,2017,gmina,Gdów,powiat wielicki,11%
176,Udział dzieci w ogóle osób objętych dożywianiem,2017,gmina,Kłaj,powiat wielicki,24%
176,Udział dzieci w ogóle osób objętych dożywianiem,2017,gmina,Niepołomice,powiat wielicki,18%
176,Udział dzieci w ogóle osób objętych dożywianiem,2017,gmina,Wieliczka,powiat wielicki,14%
176,Udział dzieci w ogóle osób objętych dożywianiem,2016,powiat,powiat bocheński,powiat bocheński,20%
176,Udział dzieci w ogóle osób objętych dożywianiem,2016,gmina,Bochnia (miasto),powiat bocheński,16%
176,Udział dzieci w ogóle osób objętych dożywianiem,2016,gmina,Bochnia (wieś),powiat bocheński,17%
176,Udział dzieci w ogóle osób objętych dożywianiem,2016,gmina,Drwinia,powiat bocheński,26%
176,Udział dzieci w ogóle osób objętych dożywianiem,2016,gmina,Lipnica Murowana,powiat bocheński,32%
176,Udział dzieci w ogóle osób objętych dożywianiem,2016,gmina,Łapanów,powiat bocheński,20%
176,Udział dzieci w ogóle osób objętych dożywianiem,2016,gmina,Nowy Wiśnicz,powiat bocheński,17%
176,Udział dzieci w ogóle osób objętych dożywianiem,2016,gmina,Rzezawa,powiat bocheński,27%
176,Udział dzieci w ogóle osób objętych dożywianiem,2016,gmina,Trzciana,powiat bocheński,21%
176,Udział dzieci w ogóle osób objętych dożywianiem,2016,gmina,Żegocina,powiat bocheński,23%
176,Udział dzieci w ogóle osób objętych dożywianiem,2016,powiat,powiat brzeski,powiat brzeski,20%
176,Udział dzieci w ogóle osób objętych dożywianiem,2016,gmina,Borzęcin,powiat brzeski,17%
176,Udział dzieci w ogóle osób objętych dożywianiem,2016,gmina,Brzesko,powiat brzeski,23%
176,Udział dzieci w ogóle osób objętych dożywianiem,2016,gmina,Czchów,powiat brzeski,14%
176,Udział dzieci w ogóle osób objętych dożywianiem,2016,gmina,Dębno,powiat brzeski,21%
176,Udział dzieci w ogóle osób objętych dożywianiem,2016,gmina,Gnojnik,powiat brzeski,23%
176,Udział dzieci w ogóle osób objętych dożywianiem,2016,gmina,Iwkowa,powiat brzeski,20%
176,Udział dzieci w ogóle osób objętych dożywianiem,2016,gmina,Szczurowa,powiat brzeski,17%
176,Udział dzieci w ogóle osób objętych dożywianiem,2016,powiat,powiat chrzanowski,powiat chrzanowski,19%
176,Udział dzieci w ogóle osób objętych dożywianiem,2016,gmina,Alwernia,powiat chrzanowski,19%
176,Udział dzieci w ogóle osób objętych dożywianiem,2016,gmina,Babice,powiat chrzanowski,13%
176,Udział dzieci w ogóle osób objętych dożywianiem,2016,gmina,Chrzanów,powiat chrzanowski,21%
176,Udział dzieci w ogóle osób objętych dożywianiem,2016,gmina,Libiąż,powiat chrzanowski,19%
176,Udział dzieci w ogóle osób objętych dożywianiem,2016,gmina,Trzebinia,powiat chrzanowski,16%
176,Udział dzieci w ogóle osób objętych dożywianiem,2016,powiat,powiat dąbrowski,powiat dąbrowski,15%
176,Udział dzieci w ogóle osób objętych dożywianiem,2016,gmina,Bolesław,powiat dąbrowski,21%
176,Udział dzieci w ogóle osób objętych dożywianiem,2016,gmina,Dąbrowa Tarnowska,powiat dąbrowski,11%
176,Udział dzieci w ogóle osób objętych dożywianiem,2016,gmina,Gręboszów,powiat dąbrowski,20%
176,Udział dzieci w ogóle osób objętych dożywianiem,2016,gmina,Mędrzechów,powiat dąbrowski,21%
176,Udział dzieci w ogóle osób objętych dożywianiem,2016,gmina,Olesno,powiat dąbrowski,19%
176,Udział dzieci w ogóle osób objętych dożywianiem,2016,gmina,Radgoszcz,powiat dąbrowski,13%
176,Udział dzieci w ogóle osób objętych dożywianiem,2016,gmina,Szczucin,powiat dąbrowski,20%
176,Udział dzieci w ogóle osób objętych dożywianiem,2016,powiat,powiat gorlicki,powiat gorlicki,16%
176,Udział dzieci w ogóle osób objętych dożywianiem,2016,gmina,Biecz,powiat gorlicki,14%
176,Udział dzieci w ogóle osób objętych dożywianiem,2016,gmina,Bobowa,powiat gorlicki,5%
176,Udział dzieci w ogóle osób objętych dożywianiem,2016,gmina,Gorlice (miasto),powiat gorlicki,25%
176,Udział dzieci w ogóle osób objętych dożywianiem,2016,gmina,Gorlice (wieś),powiat gorlicki,18%
176,Udział dzieci w ogóle osób objętych dożywianiem,2016,gmina,Lipinki,powiat gorlicki,22%
176,Udział dzieci w ogóle osób objętych dożywianiem,2016,gmina,Łużna,powiat gorlicki,34%
176,Udział dzieci w ogóle osób objętych dożywianiem,2016,gmina,Moszczenica,powiat gorlicki,19%
176,Udział dzieci w ogóle osób objętych dożywianiem,2016,gmina,Ropa,powiat gorlicki,10%
176,Udział dzieci w ogóle osób objętych dożywianiem,2016,gmina,Sękowa,powiat gorlicki,19%
176,Udział dzieci w ogóle osób objętych dożywianiem,2016,gmina,Uście Gorlickie,powiat gorlicki,6%
176,Udział dzieci w ogóle osób objętych dożywianiem,2016,powiat,powiat krakowski,powiat krakowski,18%
176,Udział dzieci w ogóle osób objętych dożywianiem,2016,gmina,Czernichów,powiat krakowski,19%
176,Udział dzieci w ogóle osób objętych dożywianiem,2016,gmina,Igołomia-Wawrzeńczyce,powiat krakowski,21%
176,Udział dzieci w ogóle osób objętych dożywianiem,2016,gmina,Iwanowice,powiat krakowski,24%
176,Udział dzieci w ogóle osób objętych dożywianiem,2016,gmina,Jerzmanowice-Przeginia,powiat krakowski,20%
176,Udział dzieci w ogóle osób objętych dożywianiem,2016,gmina,Kocmyrzów-Luborzyca,powiat krakowski,23%
176,Udział dzieci w ogóle osób objętych dożywianiem,2016,gmina,Krzeszowice,powiat krakowski,11%
176,Udział dzieci w ogóle osób objętych dożywianiem,2016,gmina,Liszki,powiat krakowski,33%
176,Udział dzieci w ogóle osób objętych dożywianiem,2016,gmina,Michałowice,powiat krakowski,13%
176,Udział dzieci w ogóle osób objętych dożywianiem,2016,gmina,Mogilany,powiat krakowski,13%
176,Udział dzieci w ogóle osób objętych dożywianiem,2016,gmina,Skała,powiat krakowski,21%
176,Udział dzieci w ogóle osób objętych dożywianiem,2016,gmina,Skawina,powiat krakowski,15%
176,Udział dzieci w ogóle osób objętych dożywianiem,2016,gmina,Słomniki,powiat krakowski,17%
176,Udział dzieci w ogóle osób objętych dożywianiem,2016,gmina,Sułoszowa,powiat krakowski,15%
176,Udział dzieci w ogóle osób objętych dożywianiem,2016,gmina,Świątniki Górne,powiat krakowski,9%
176,Udział dzieci w ogóle osób objętych dożywianiem,2016,gmina,Wielka Wieś,powiat krakowski,36%
176,Udział dzieci w ogóle osób objętych dożywianiem,2016,gmina,Zabierzów,powiat krakowski,21%
176,Udział dzieci w ogóle osób objętych dożywianiem,2016,gmina,Zielonki,powiat krakowski,26%
176,Udział dzieci w ogóle osób objętych dożywianiem,2016,powiat,powiat limanowski,powiat limanowski,14%
176,Udział dzieci w ogóle osób objętych dożywianiem,2016,gmina,Dobra,powiat limanowski,22%
176,Udział dzieci w ogóle osób objętych dożywianiem,2016,gmina,Jodłownik,powiat limanowski,16%
176,Udział dzieci w ogóle osób objętych dożywianiem,2016,gmina,Kamienica,powiat limanowski,22%
176,Udział dzieci w ogóle osób objętych dożywianiem,2016,gmina,Laskowa,powiat limanowski,7%
176,Udział dzieci w ogóle osób objętych dożywianiem,2016,gmina,Limanowa (miasto),powiat limanowski,13%
176,Udział dzieci w ogóle osób objętych dożywianiem,2016,gmina,Limanowa (wieś),powiat limanowski,6%
176,Udział dzieci w ogóle osób objętych dożywianiem,2016,gmina,Łukowica,powiat limanowski,21%
176,Udział dzieci w ogóle osób objętych dożywianiem,2016,gmina,Mszana Dolna (miasto),powiat limanowski,21%
176,Udział dzieci w ogóle osób objętych dożywianiem,2016,gmina,Mszana Dolna (wieś),powiat limanowski,5%
176,Udział dzieci w ogóle osób objętych dożywianiem,2016,gmina,Niedźwiedź,powiat limanowski,9%
176,Udział dzieci w ogóle osób objętych dożywianiem,2016,gmina,Słopnice,powiat limanowski,17%
176,Udział dzieci w ogóle osób objętych dożywianiem,2016,gmina,Tymbark,powiat limanowski,26%
176,Udział dzieci w ogóle osób objętych dożywianiem,2016,powiat,powiat m. Kraków,powiat m. Kraków,13%
176,Udział dzieci w ogóle osób objętych dożywianiem,2016,powiat,powiat m. Nowy Sącz,powiat m. Nowy Sącz,18%
176,Udział dzieci w ogóle osób objętych dożywianiem,2016,powiat,powiat m. Tarnów,powiat m. Tarnów,14%
176,Udział dzieci w ogóle osób objętych dożywianiem,2016,powiat,powiat miechowski,powiat miechowski,14%
176,Udział dzieci w ogóle osób objętych dożywianiem,2016,gmina,Charsznica,powiat miechowski,15%
176,Udział dzieci w ogóle osób objętych dożywianiem,2016,gmina,Gołcza,powiat miechowski,14%
176,Udział dzieci w ogóle osób objętych dożywianiem,2016,gmina,Kozłów,powiat miechowski,17%
176,Udział dzieci w ogóle osób objętych dożywianiem,2016,gmina,Książ Wielki,powiat miechowski,15%
176,Udział dzieci w ogóle osób objętych dożywianiem,2016,gmina,Miechów,powiat miechowski,16%
176,Udział dzieci w ogóle osób objętych dożywianiem,2016,gmina,Racławice,powiat miechowski,7%
176,Udział dzieci w ogóle osób objętych dożywianiem,2016,gmina,Słaboszów,powiat miechowski,5%
176,Udział dzieci w ogóle osób objętych dożywianiem,2016,powiat,powiat myślenicki,powiat myślenicki,21%
176,Udział dzieci w ogóle osób objętych dożywianiem,2016,gmina,Dobczyce,powiat myślenicki,30%
176,Udział dzieci w ogóle osób objętych dożywianiem,2016,gmina,Lubień,powiat myślenicki,11%
176,Udział dzieci w ogóle osób objętych dożywianiem,2016,gmina,Myślenice,powiat myślenicki,19%
176,Udział dzieci w ogóle osób objętych dożywianiem,2016,gmina,Pcim,powiat myślenicki,19%
176,Udział dzieci w ogóle osób objętych dożywianiem,2016,gmina,Raciechowice,powiat myślenicki,24%
176,Udział dzieci w ogóle osób objętych dożywianiem,2016,gmina,Siepraw,powiat myślenicki,14%
176,Udział dzieci w ogóle osób objętych dożywianiem,2016,gmina,Sułkowice,powiat myślenicki,23%
176,Udział dzieci w ogóle osób objętych dożywianiem,2016,gmina,Tokarnia,powiat myślenicki,16%
176,Udział dzieci w ogóle osób objętych dożywianiem,2016,gmina,Wiśniowa,powiat myślenicki,18%
176,Udział dzieci w ogóle osób objętych dożywianiem,2016,powiat,powiat nowosądecki,powiat nowosądecki,16%
176,Udział dzieci w ogóle osób objętych dożywianiem,2016,gmina,Podegrodzie,powiat nowosądecki,10%
176,Udział dzieci w ogóle osób objętych dożywianiem,2016,gmina,Rytro,powiat nowosądecki,19%
176,Udział dzieci w ogóle osób objętych dożywianiem,2016,gmina,Stary Sącz,powiat nowosądecki,22%
176,Udział dzieci w ogóle osób objętych dożywianiem,2016,gmina,Chełmiec,powiat nowosądecki,19%
176,Udział dzieci w ogóle osób objętych dożywianiem,2016,gmina,Gródek nad Dunajcem,powiat nowosądecki,3%
176,Udział dzieci w ogóle osób objętych dożywianiem,2016,gmina,Grybów (miasto),powiat nowosądecki,14%
176,Udział dzieci w ogóle osób objętych dożywianiem,2016,gmina,Grybów (wieś),powiat nowosądecki,19%
176,Udział dzieci w ogóle osób objętych dożywianiem,2016,gmina,Kamionka Wielka,powiat nowosądecki,18%
176,Udział dzieci w ogóle osób objętych dożywianiem,2016,gmina,Korzenna,powiat nowosądecki,6%
176,Udział dzieci w ogóle osób objętych dożywianiem,2016,gmina,Krynica-Zdrój,powiat nowosądecki,23%
176,Udział dzieci w ogóle osób objętych dożywianiem,2016,gmina,Łabowa,powiat nowosądecki,33%
176,Udział dzieci w ogóle osób objętych dożywianiem,2016,gmina,Łącko,powiat nowosądecki,35%
176,Udział dzieci w ogóle osób objętych dożywianiem,2016,gmina,Łososina Dolna,powiat nowosądecki,5%
176,Udział dzieci w ogóle osób objętych dożywianiem,2016,gmina,Muszyna,powiat nowosądecki,12%
176,Udział dzieci w ogóle osób objętych dożywianiem,2016,gmina,Nawojowa,powiat nowosądecki,16%
176,Udział dzieci w ogóle osób objętych dożywianiem,2016,gmina,Piwniczna-Zdrój,powiat nowosądecki,16%
176,Udział dzieci w ogóle osób objętych dożywianiem,2016,powiat,powiat nowotarski,powiat nowotarski,14%
176,Udział dzieci w ogóle osób objętych dożywianiem,2016,gmina,Czarny Dunajec,powiat nowotarski,22%
176,Udział dzieci w ogóle osób objętych dożywianiem,2016,gmina,Czorsztyn,powiat nowotarski,37%
176,Udział dzieci w ogóle osób objętych dożywianiem,2016,gmina,Jabłonka,powiat nowotarski,9%
176,Udział dzieci w ogóle osób objętych dożywianiem,2016,gmina,Krościenko nad Dunajcem,powiat nowotarski,1%
176,Udział dzieci w ogóle osób objętych dożywianiem,2016,gmina,Lipnica Wielka,powiat nowotarski,4%
176,Udział dzieci w ogóle osób objętych dożywianiem,2016,gmina,Łapsze Niżne,powiat nowotarski,5%
176,Udział dzieci w ogóle osób objętych dożywianiem,2016,gmina,Nowy Targ (miasto),powiat nowotarski,10%
176,Udział dzieci w ogóle osób objętych dożywianiem,2016,gmina,Nowy Targ (wieś),powiat nowotarski,20%
176,Udział dzieci w ogóle osób objętych dożywianiem,2016,gmina,Ochotnica Dolna,powiat nowotarski,11%
176,Udział dzieci w ogóle osób objętych dożywianiem,2016,gmina,Raba Wyżna,powiat nowotarski,17%
176,Udział dzieci w ogóle osób objętych dożywianiem,2016,gmina,Rabka-Zdrój,powiat nowotarski,22%
176,Udział dzieci w ogóle osób objętych dożywianiem,2016,gmina,Spytkowice,powiat nowotarski,5%
176,Udział dzieci w ogóle osób objętych dożywianiem,2016,gmina,Szaflary,powiat nowotarski,16%
176,Udział dzieci w ogóle osób objętych dożywianiem,2016,gmina,Szczawnica,powiat nowotarski,10%
176,Udział dzieci w ogóle osób objętych dożywianiem,2016,powiat,powiat olkuski,powiat olkuski,18%
176,Udział dzieci w ogóle osób objętych dożywianiem,2016,gmina,Bolesław,powiat olkuski,19%
176,Udział dzieci w ogóle osób objętych dożywianiem,2016,gmina,Bukowno,powiat olkuski,15%
176,Udział dzieci w ogóle osób objętych dożywianiem,2016,gmina,Klucze,powiat olkuski,21%
176,Udział dzieci w ogóle osób objętych dożywianiem,2016,gmina,Olkusz,powiat olkuski,16%
176,Udział dzieci w ogóle osób objętych dożywianiem,2016,gmina,Trzyciąż,powiat olkuski,19%
176,Udział dzieci w ogóle osób objętych dożywianiem,2016,gmina,Wolbrom,powiat olkuski,24%
176,Udział dzieci w ogóle osób objętych dożywianiem,2016,powiat,powiat oświęcimski,powiat oświęcimski,17%
176,Udział dzieci w ogóle osób objętych dożywianiem,2016,gmina,Brzeszcze,powiat oświęcimski,22%
176,Udział dzieci w ogóle osób objętych dożywianiem,2016,gmina,Chełmek,powiat oświęcimski,34%
176,Udział dzieci w ogóle osób objętych dożywianiem,2016,gmina,Kęty,powiat oświęcimski,22%
176,Udział dzieci w ogóle osób objętych dożywianiem,2016,gmina,Osiek,powiat oświęcimski,14%
176,Udział dzieci w ogóle osób objętych dożywianiem,2016,gmina,Oświęcim (miasto),powiat oświęcimski,15%
176,Udział dzieci w ogóle osób objętych dożywianiem,2016,gmina,Oświęcim (wieś),powiat oświęcimski,15%
176,Udział dzieci w ogóle osób objętych dożywianiem,2016,gmina,Polanka Wielka,powiat oświęcimski,24%
176,Udział dzieci w ogóle osób objętych dożywianiem,2016,gmina,Przeciszów,powiat oświęcimski,26%
176,Udział dzieci w ogóle osób objętych dożywianiem,2016,gmina,Zator,powiat oświęcimski,15%
176,Udział dzieci w ogóle osób objętych dożywianiem,2016,powiat,powiat proszowicki,powiat proszowicki,14%
176,Udział dzieci w ogóle osób objętych dożywianiem,2016,gmina,Koniusza,powiat proszowicki,0%
176,Udział dzieci w ogóle osób objętych dożywianiem,2016,gmina,Koszyce,powiat proszowicki,18%
176,Udział dzieci w ogóle osób objętych dożywianiem,2016,gmina,Nowe Brzesko,powiat proszowicki,17%
176,Udział dzieci w ogóle osób objętych dożywianiem,2016,gmina,Pałecznica,powiat proszowicki,19%
176,Udział dzieci w ogóle osób objętych dożywianiem,2016,gmina,Proszowice,powiat proszowicki,13%
176,Udział dzieci w ogóle osób objętych dożywianiem,2016,gmina,Radziemice,powiat proszowicki,27%
176,Udział dzieci w ogóle osób objętych dożywianiem,2016,powiat,powiat suski,powiat suski,15%
176,Udział dzieci w ogóle osób objętych dożywianiem,2016,gmina,Budzów,powiat suski,11%
176,Udział dzieci w ogóle osób objętych dożywianiem,2016,gmina,Bystra-Sidzina,powiat suski,17%
176,Udział dzieci w ogóle osób objętych dożywianiem,2016,gmina,Jordanów (miasto),powiat suski,20%
176,Udział dzieci w ogóle osób objętych dożywianiem,2016,gmina,Jordanów (wieś),powiat suski,20%
176,Udział dzieci w ogóle osób objętych dożywianiem,2016,gmina,Maków Podhalański,powiat suski,5%
176,Udział dzieci w ogóle osób objętych dożywianiem,2016,gmina,Stryszawa,powiat suski,20%
176,Udział dzieci w ogóle osób objętych dożywianiem,2016,gmina,Sucha Beskidzka,powiat suski,18%
176,Udział dzieci w ogóle osób objętych dożywianiem,2016,gmina,Zawoja,powiat suski,11%
176,Udział dzieci w ogóle osób objętych dożywianiem,2016,gmina,Zembrzyce,powiat suski,14%
176,Udział dzieci w ogóle osób objętych dożywianiem,2016,powiat,powiat tarnowski,powiat tarnowski,19%
176,Udział dzieci w ogóle osób objętych dożywianiem,2016,gmina,Ciężkowice,powiat tarnowski,8%
176,Udział dzieci w ogóle osób objętych dożywianiem,2016,gmina,Gromnik,powiat tarnowski,24%
176,Udział dzieci w ogóle osób objętych dożywianiem,2016,gmina,Lisia Góra,powiat tarnowski,14%
176,Udział dzieci w ogóle osób objętych dożywianiem,2016,gmina,Pleśna,powiat tarnowski,21%
176,Udział dzieci w ogóle osób objętych dożywianiem,2016,gmina,Radłów,powiat tarnowski,19%
176,Udział dzieci w ogóle osób objętych dożywianiem,2016,gmina,Ryglice,powiat tarnowski,8%
176,Udział dzieci w ogóle osób objętych dożywianiem,2016,gmina,Rzepiennik Strzyżewski,powiat tarnowski,57%
176,Udział dzieci w ogóle osób objętych dożywianiem,2016,gmina,Skrzyszów,powiat tarnowski,20%
176,Udział dzieci w ogóle osób objętych dożywianiem,2016,gmina,Szerzyny,powiat tarnowski,13%
176,Udział dzieci w ogóle osób objętych dożywianiem,2016,gmina,Tarnów (wieś),powiat tarnowski,22%
176,Udział dzieci w ogóle osób objętych dożywianiem,2016,gmina,Tuchów,powiat tarnowski,12%
176,Udział dzieci w ogóle osób objętych dożywianiem,2016,gmina,Wierzchosławice,powiat tarnowski,16%
176,Udział dzieci w ogóle osób objętych dożywianiem,2016,gmina,Wietrzychowice,powiat tarnowski,17%
176,Udział dzieci w ogóle osób objętych dożywianiem,2016,gmina,Wojnicz,powiat tarnowski,18%
176,Udział dzieci w ogóle osób objętych dożywianiem,2016,gmina,Zakliczyn,powiat tarnowski,23%
176,Udział dzieci w ogóle osób objętych dożywianiem,2016,gmina,Żabno,powiat tarnowski,13%
176,Udział dzieci w ogóle osób objętych dożywianiem,2016,powiat,powiat tatrzański,powiat tatrzański,15%
176,Udział dzieci w ogóle osób objętych dożywianiem,2016,gmina,Biały Dunajec,powiat tatrzański,15%
176,Udział dzieci w ogóle osób objętych dożywianiem,2016,gmina,Bukowina Tatrzańska,powiat tatrzański,18%
176,Udział dzieci w ogóle osób objętych dożywianiem,2016,gmina,Kościelisko,powiat tatrzański,22%
176,Udział dzieci w ogóle osób objętych dożywianiem,2016,gmina,Poronin,powiat tatrzański,9%
176,Udział dzieci w ogóle osób objętych dożywianiem,2016,gmina,Zakopane,powiat tatrzański,15%
176,Udział dzieci w ogóle osób objętych dożywianiem,2016,powiat,powiat wadowicki,powiat wadowicki,21%
176,Udział dzieci w ogóle osób objętych dożywianiem,2016,gmina,Andrychów,powiat wadowicki,22%
176,Udział dzieci w ogóle osób objętych dożywianiem,2016,gmina,Brzeźnica,powiat wadowicki,19%
176,Udział dzieci w ogóle osób objętych dożywianiem,2016,gmina,Kalwaria Zebrzydowska,powiat wadowicki,25%
176,Udział dzieci w ogóle osób objętych dożywianiem,2016,gmina,Lanckorona,powiat wadowicki,9%
176,Udział dzieci w ogóle osób objętych dożywianiem,2016,gmina,Mucharz,powiat wadowicki,16%
176,Udział dzieci w ogóle osób objętych dożywianiem,2016,gmina,Spytkowice,powiat wadowicki,22%
176,Udział dzieci w ogóle osób objętych dożywianiem,2016,gmina,Stryszów,powiat wadowicki,28%
176,Udział dzieci w ogóle osób objętych dożywianiem,2016,gmina,Tomice,powiat wadowicki,18%
176,Udział dzieci w ogóle osób objętych dożywianiem,2016,gmina,Wadowice,powiat wadowicki,20%
176,Udział dzieci w ogóle osób objętych dożywianiem,2016,gmina,Wieprz,powiat wadowicki,25%
176,Udział dzieci w ogóle osób objętych dożywianiem,2016,powiat,powiat wielicki,powiat wielicki,16%
176,Udział dzieci w ogóle osób objętych dożywianiem,2016,gmina,Biskupice,powiat wielicki,14%
176,Udział dzieci w ogóle osób objętych dożywianiem,2016,gmina,Gdów,powiat wielicki,9%
176,Udział dzieci w ogóle osób objętych dożywianiem,2016,gmina,Kłaj,powiat wielicki,23%
176,Udział dzieci w ogóle osób objętych dożywianiem,2016,gmina,Niepołomice,powiat wielicki,18%
176,Udział dzieci w ogóle osób objętych dożywianiem,2016,gmina,Wieliczka,powiat wielicki,15%
176,Udział dzieci w ogóle osób objętych dożywianiem,2015,powiat,powiat bocheński,powiat bocheński,22%
176,Udział dzieci w ogóle osób objętych dożywianiem,2015,gmina,Bochnia (miasto),powiat bocheński,17%
176,Udział dzieci w ogóle osób objętych dożywianiem,2015,gmina,Bochnia (wieś),powiat bocheński,18%
176,Udział dzieci w ogóle osób objętych dożywianiem,2015,gmina,Drwinia,powiat bocheński,29%
176,Udział dzieci w ogóle osób objętych dożywianiem,2015,gmina,Lipnica Murowana,powiat bocheński,32%
176,Udział dzieci w ogóle osób objętych dożywianiem,2015,gmina,Łapanów,powiat bocheński,19%
176,Udział dzieci w ogóle osób objętych dożywianiem,2015,gmina,Nowy Wiśnicz,powiat bocheński,25%
176,Udział dzieci w ogóle osób objętych dożywianiem,2015,gmina,Rzezawa,powiat bocheński,33%
176,Udział dzieci w ogóle osób objętych dożywianiem,2015,gmina,Trzciana,powiat bocheński,27%
176,Udział dzieci w ogóle osób objętych dożywianiem,2015,gmina,Żegocina,powiat bocheński,24%
176,Udział dzieci w ogóle osób objętych dożywianiem,2015,powiat,powiat brzeski,powiat brzeski,26%
176,Udział dzieci w ogóle osób objętych dożywianiem,2015,gmina,Borzęcin,powiat brzeski,36%
176,Udział dzieci w ogóle osób objętych dożywianiem,2015,gmina,Brzesko,powiat brzeski,31%
176,Udział dzieci w ogóle osób objętych dożywianiem,2015,gmina,Czchów,powiat brzeski,20%
176,Udział dzieci w ogóle osób objętych dożywianiem,2015,gmina,Dębno,powiat brzeski,35%
176,Udział dzieci w ogóle osób objętych dożywianiem,2015,gmina,Gnojnik,powiat brzeski,22%
176,Udział dzieci w ogóle osób objętych dożywianiem,2015,gmina,Iwkowa,powiat brzeski,21%
176,Udział dzieci w ogóle osób objętych dożywianiem,2015,gmina,Szczurowa,powiat brzeski,20%
176,Udział dzieci w ogóle osób objętych dożywianiem,2015,powiat,powiat chrzanowski,powiat chrzanowski,23%
176,Udział dzieci w ogóle osób objętych dożywianiem,2015,gmina,Alwernia,powiat chrzanowski,24%
176,Udział dzieci w ogóle osób objętych dożywianiem,2015,gmina,Babice,powiat chrzanowski,15%
176,Udział dzieci w ogóle osób objętych dożywianiem,2015,gmina,Chrzanów,powiat chrzanowski,23%
176,Udział dzieci w ogóle osób objętych dożywianiem,2015,gmina,Libiąż,powiat chrzanowski,27%
176,Udział dzieci w ogóle osób objętych dożywianiem,2015,gmina,Trzebinia,powiat chrzanowski,22%
176,Udział dzieci w ogóle osób objętych dożywianiem,2015,powiat,powiat dąbrowski,powiat dąbrowski,17%
176,Udział dzieci w ogóle osób objętych dożywianiem,2015,gmina,Bolesław,powiat dąbrowski,23%
176,Udział dzieci w ogóle osób objętych dożywianiem,2015,gmina,Dąbrowa Tarnowska,powiat dąbrowski,11%
176,Udział dzieci w ogóle osób objętych dożywianiem,2015,gmina,Gręboszów,powiat dąbrowski,27%
176,Udział dzieci w ogóle osób objętych dożywianiem,2015,gmina,Mędrzechów,powiat dąbrowski,25%
176,Udział dzieci w ogóle osób objętych dożywianiem,2015,gmina,Olesno,powiat dąbrowski,23%
176,Udział dzieci w ogóle osób objętych dożywianiem,2015,gmina,Radgoszcz,powiat dąbrowski,19%
176,Udział dzieci w ogóle osób objętych dożywianiem,2015,gmina,Szczucin,powiat dąbrowski,19%
176,Udział dzieci w ogóle osób objętych dożywianiem,2015,powiat,powiat gorlicki,powiat gorlicki,23%
176,Udział dzieci w ogóle osób objętych dożywianiem,2015,gmina,Biecz,powiat gorlicki,18%
176,Udział dzieci w ogóle osób objętych dożywianiem,2015,gmina,Bobowa,powiat gorlicki,23%
176,Udział dzieci w ogóle osób objętych dożywianiem,2015,gmina,Gorlice (miasto),powiat gorlicki,25%
176,Udział dzieci w ogóle osób objętych dożywianiem,2015,gmina,Gorlice (wieś),powiat gorlicki,26%
176,Udział dzieci w ogóle osób objętych dożywianiem,2015,gmina,Lipinki,powiat gorlicki,23%
176,Udział dzieci w ogóle osób objętych dożywianiem,2015,gmina,Łużna,powiat gorlicki,35%
176,Udział dzieci w ogóle osób objętych dożywianiem,2015,gmina,Moszczenica,powiat gorlicki,20%
176,Udział dzieci w ogóle osób objętych dożywianiem,2015,gmina,Ropa,powiat gorlicki,17%
176,Udział dzieci w ogóle osób objętych dożywianiem,2015,gmina,Sękowa,powiat gorlicki,23%
176,Udział dzieci w ogóle osób objętych dożywianiem,2015,gmina,Uście Gorlickie,powiat gorlicki,15%
176,Udział dzieci w ogóle osób objętych dożywianiem,2015,powiat,powiat krakowski,powiat krakowski,24%
176,Udział dzieci w ogóle osób objętych dożywianiem,2015,gmina,Czernichów,powiat krakowski,19%
176,Udział dzieci w ogóle osób objętych dożywianiem,2015,gmina,Igołomia-Wawrzeńczyce,powiat krakowski,100%
176,Udział dzieci w ogóle osób objętych dożywianiem,2015,gmina,Iwanowice,powiat krakowski,38%
176,Udział dzieci w ogóle osób objętych dożywianiem,2015,gmina,Jerzmanowice-Przeginia,powiat krakowski,20%
176,Udział dzieci w ogóle osób objętych dożywianiem,2015,gmina,Kocmyrzów-Luborzyca,powiat krakowski,25%
176,Udział dzieci w ogóle osób objętych dożywianiem,2015,gmina,Krzeszowice,powiat krakowski,16%
176,Udział dzieci w ogóle osób objętych dożywianiem,2015,gmina,Liszki,powiat krakowski,35%
176,Udział dzieci w ogóle osób objętych dożywianiem,2015,gmina,Michałowice,powiat krakowski,17%
176,Udział dzieci w ogóle osób objętych dożywianiem,2015,gmina,Mogilany,powiat krakowski,15%
176,Udział dzieci w ogóle osób objętych dożywianiem,2015,gmina,Skała,powiat krakowski,27%
176,Udział dzieci w ogóle osób objętych dożywianiem,2015,gmina,Skawina,powiat krakowski,18%
176,Udział dzieci w ogóle osób objętych dożywianiem,2015,gmina,Słomniki,powiat krakowski,20%
176,Udział dzieci w ogóle osób objętych dożywianiem,2015,gmina,Sułoszowa,powiat krakowski,18%
176,Udział dzieci w ogóle osób objętych dożywianiem,2015,gmina,Świątniki Górne,powiat krakowski,14%
176,Udział dzieci w ogóle osób objętych dożywianiem,2015,gmina,Wielka Wieś,powiat krakowski,32%
176,Udział dzieci w ogóle osób objętych dożywianiem,2015,gmina,Zabierzów,powiat krakowski,22%
176,Udział dzieci w ogóle osób objętych dożywianiem,2015,gmina,Zielonki,powiat krakowski,18%
176,Udział dzieci w ogóle osób objętych dożywianiem,2015,powiat,powiat limanowski,powiat limanowski,18%
176,Udział dzieci w ogóle osób objętych dożywianiem,2015,gmina,Dobra,powiat limanowski,28%
176,Udział dzieci w ogóle osób objętych dożywianiem,2015,gmina,Jodłownik,powiat limanowski,16%
176,Udział dzieci w ogóle osób objętych dożywianiem,2015,gmina,Kamienica,powiat limanowski,21%
176,Udział dzieci w ogóle osób objętych dożywianiem,2015,gmina,Laskowa,powiat limanowski,16%
176,Udział dzieci w ogóle osób objętych dożywianiem,2015,gmina,Limanowa (miasto),powiat limanowski,17%
176,Udział dzieci w ogóle osób objętych dożywianiem,2015,gmina,Limanowa (wieś),powiat limanowski,18%
176,Udział dzieci w ogóle osób objętych dożywianiem,2015,gmina,Łukowica,powiat limanowski,21%
176,Udział dzieci w ogóle osób objętych dożywianiem,2015,gmina,Mszana Dolna (miasto),powiat limanowski,20%
176,Udział dzieci w ogóle osób objętych dożywianiem,2015,gmina,Mszana Dolna (wieś),powiat limanowski,6%
176,Udział dzieci w ogóle osób objętych dożywianiem,2015,gmina,Niedźwiedź,powiat limanowski,12%
176,Udział dzieci w ogóle osób objętych dożywianiem,2015,gmina,Słopnice,powiat limanowski,16%
176,Udział dzieci w ogóle osób objętych dożywianiem,2015,gmina,Tymbark,powiat limanowski,26%
176,Udział dzieci w ogóle osób objętych dożywianiem,2015,powiat,powiat m. Kraków,powiat m. Kraków,14%
176,Udział dzieci w ogóle osób objętych dożywianiem,2015,powiat,powiat m. Nowy Sącz,powiat m. Nowy Sącz,21%
176,Udział dzieci w ogóle osób objętych dożywianiem,2015,powiat,powiat m. Tarnów,powiat m. Tarnów,15%
176,Udział dzieci w ogóle osób objętych dożywianiem,2015,powiat,powiat miechowski,powiat miechowski,16%
176,Udział dzieci w ogóle osób objętych dożywianiem,2015,gmina,Charsznica,powiat miechowski,17%
176,Udział dzieci w ogóle osób objętych dożywianiem,2015,gmina,Gołcza,powiat miechowski,14%
176,Udział dzieci w ogóle osób objętych dożywianiem,2015,gmina,Kozłów,powiat miechowski,18%
176,Udział dzieci w ogóle osób objętych dożywianiem,2015,gmina,Książ Wielki,powiat miechowski,19%
176,Udział dzieci w ogóle osób objętych dożywianiem,2015,gmina,Miechów,powiat miechowski,17%
176,Udział dzieci w ogóle osób objętych dożywianiem,2015,gmina,Racławice,powiat miechowski,9%
176,Udział dzieci w ogóle osób objętych dożywianiem,2015,gmina,Słaboszów,powiat miechowski,9%
176,Udział dzieci w ogóle osób objętych dożywianiem,2015,powiat,powiat myślenicki,powiat myślenicki,23%
176,Udział dzieci w ogóle osób objętych dożywianiem,2015,gmina,Dobczyce,powiat myślenicki,32%
176,Udział dzieci w ogóle osób objętych dożywianiem,2015,gmina,Lubień,powiat myślenicki,21%
176,Udział dzieci w ogóle osób objętych dożywianiem,2015,gmina,Myślenice,powiat myślenicki,27%
176,Udział dzieci w ogóle osób objętych dożywianiem,2015,gmina,Pcim,powiat myślenicki,22%
176,Udział dzieci w ogóle osób objętych dożywianiem,2015,gmina,Raciechowice,powiat myślenicki,21%
176,Udział dzieci w ogóle osób objętych dożywianiem,2015,gmina,Siepraw,powiat myślenicki,26%
176,Udział dzieci w ogóle osób objętych dożywianiem,2015,gmina,Sułkowice,powiat myślenicki,20%
176,Udział dzieci w ogóle osób objętych dożywianiem,2015,gmina,Tokarnia,powiat myślenicki,19%
176,Udział dzieci w ogóle osób objętych dożywianiem,2015,gmina,Wiśniowa,powiat myślenicki,18%
176,Udział dzieci w ogóle osób objętych dożywianiem,2015,powiat,powiat nowosądecki,powiat nowosądecki,20%
176,Udział dzieci w ogóle osób objętych dożywianiem,2015,gmina,Podegrodzie,powiat nowosądecki,16%
176,Udział dzieci w ogóle osób objętych dożywianiem,2015,gmina,Rytro,powiat nowosądecki,26%
176,Udział dzieci w ogóle osób objętych dożywianiem,2015,gmina,Stary Sącz,powiat nowosądecki,24%
176,Udział dzieci w ogóle osób objętych dożywianiem,2015,gmina,Chełmiec,powiat nowosądecki,18%
176,Udział dzieci w ogóle osób objętych dożywianiem,2015,gmina,Gródek nad Dunajcem,powiat nowosądecki,8%
176,Udział dzieci w ogóle osób objętych dożywianiem,2015,gmina,Grybów (miasto),powiat nowosądecki,13%
176,Udział dzieci w ogóle osób objętych dożywianiem,2015,gmina,Grybów (wieś),powiat nowosądecki,26%
176,Udział dzieci w ogóle osób objętych dożywianiem,2015,gmina,Kamionka Wielka,powiat nowosądecki,24%
176,Udział dzieci w ogóle osób objętych dożywianiem,2015,gmina,Korzenna,powiat nowosądecki,15%
176,Udział dzieci w ogóle osób objętych dożywianiem,2015,gmina,Krynica-Zdrój,powiat nowosądecki,25%
176,Udział dzieci w ogóle osób objętych dożywianiem,2015,gmina,Łabowa,powiat nowosądecki,29%
176,Udział dzieci w ogóle osób objętych dożywianiem,2015,gmina,Łącko,powiat nowosądecki,32%
176,Udział dzieci w ogóle osób objętych dożywianiem,2015,gmina,Łososina Dolna,powiat nowosądecki,9%
176,Udział dzieci w ogóle osób objętych dożywianiem,2015,gmina,Muszyna,powiat nowosądecki,17%
176,Udział dzieci w ogóle osób objętych dożywianiem,2015,gmina,Nawojowa,powiat nowosądecki,20%
176,Udział dzieci w ogóle osób objętych dożywianiem,2015,gmina,Piwniczna-Zdrój,powiat nowosądecki,17%
176,Udział dzieci w ogóle osób objętych dożywianiem,2015,powiat,powiat nowotarski,powiat nowotarski,18%
176,Udział dzieci w ogóle osób objętych dożywianiem,2015,gmina,Czarny Dunajec,powiat nowotarski,25%
176,Udział dzieci w ogóle osób objętych dożywianiem,2015,gmina,Czorsztyn,powiat nowotarski,32%
176,Udział dzieci w ogóle osób objętych dożywianiem,2015,gmina,Jabłonka,powiat nowotarski,14%
176,Udział dzieci w ogóle osób objętych dożywianiem,2015,gmina,Krościenko nad Dunajcem,powiat nowotarski,13%
176,Udział dzieci w ogóle osób objętych dożywianiem,2015,gmina,Lipnica Wielka,powiat nowotarski,9%
176,Udział dzieci w ogóle osób objętych dożywianiem,2015,gmina,Łapsze Niżne,powiat nowotarski,10%
176,Udział dzieci w ogóle osób objętych dożywianiem,2015,gmina,Nowy Targ (miasto),powiat nowotarski,14%
176,Udział dzieci w ogóle osób objętych dożywianiem,2015,gmina,Nowy Targ (wieś),powiat nowotarski,22%
176,Udział dzieci w ogóle osób objętych dożywianiem,2015,gmina,Ochotnica Dolna,powiat nowotarski,9%
176,Udział dzieci w ogóle osób objętych dożywianiem,2015,gmina,Raba Wyżna,powiat nowotarski,19%
176,Udział dzieci w ogóle osób objętych dożywianiem,2015,gmina,Rabka-Zdrój,powiat nowotarski,27%
176,Udział dzieci w ogóle osób objętych dożywianiem,2015,gmina,Spytkowice,powiat nowotarski,9%
176,Udział dzieci w ogóle osób objętych dożywianiem,2015,gmina,Szaflary,powiat nowotarski,23%
176,Udział dzieci w ogóle osób objętych dożywianiem,2015,gmina,Szczawnica,powiat nowotarski,8%
176,Udział dzieci w ogóle osób objętych dożywianiem,2015,powiat,powiat olkuski,powiat olkuski,21%
176,Udział dzieci w ogóle osób objętych dożywianiem,2015,gmina,Bolesław,powiat olkuski,19%
176,Udział dzieci w ogóle osób objętych dożywianiem,2015,gmina,Bukowno,powiat olkuski,16%
176,Udział dzieci w ogóle osób objętych dożywianiem,2015,gmina,Klucze,powiat olkuski,20%
176,Udział dzieci w ogóle osób objętych dożywianiem,2015,gmina,Olkusz,powiat olkuski,19%
176,Udział dzieci w ogóle osób objętych dożywianiem,2015,gmina,Trzyciąż,powiat olkuski,22%
176,Udział dzieci w ogóle osób objętych dożywianiem,2015,gmina,Wolbrom,powiat olkuski,33%
176,Udział dzieci w ogóle osób objętych dożywianiem,2015,powiat,powiat oświęcimski,powiat oświęcimski,21%
176,Udział dzieci w ogóle osób objętych dożywianiem,2015,gmina,Brzeszcze,powiat oświęcimski,24%
176,Udział dzieci w ogóle osób objętych dożywianiem,2015,gmina,Chełmek,powiat oświęcimski,40%
176,Udział dzieci w ogóle osób objętych dożywianiem,2015,gmina,Kęty,powiat oświęcimski,23%
176,Udział dzieci w ogóle osób objętych dożywianiem,2015,gmina,Osiek,powiat oświęcimski,21%
176,Udział dzieci w ogóle osób objętych dożywianiem,2015,gmina,Oświęcim (miasto),powiat oświęcimski,18%
176,Udział dzieci w ogóle osób objętych dożywianiem,2015,gmina,Oświęcim (wieś),powiat oświęcimski,18%
176,Udział dzieci w ogóle osób objętych dożywianiem,2015,gmina,Polanka Wielka,powiat oświęcimski,23%
176,Udział dzieci w ogóle osób objętych dożywianiem,2015,gmina,Przeciszów,powiat oświęcimski,23%
176,Udział dzieci w ogóle osób objętych dożywianiem,2015,gmina,Zator,powiat oświęcimski,32%
176,Udział dzieci w ogóle osób objętych dożywianiem,2015,powiat,powiat proszowicki,powiat proszowicki,15%
176,Udział dzieci w ogóle osób objętych dożywianiem,2015,gmina,Koniusza,powiat proszowicki,0%
176,Udział dzieci w ogóle osób objętych dożywianiem,2015,gmina,Koszyce,powiat proszowicki,22%
176,Udział dzieci w ogóle osób objętych dożywianiem,2015,gmina,Nowe Brzesko,powiat proszowicki,13%
176,Udział dzieci w ogóle osób objętych dożywianiem,2015,gmina,Pałecznica,powiat proszowicki,18%
176,Udział dzieci w ogóle osób objętych dożywianiem,2015,gmina,Proszowice,powiat proszowicki,16%
176,Udział dzieci w ogóle osób objętych dożywianiem,2015,gmina,Radziemice,powiat proszowicki,25%
176,Udział dzieci w ogóle osób objętych dożywianiem,2015,powiat,powiat suski,powiat suski,19%
176,Udział dzieci w ogóle osób objętych dożywianiem,2015,gmina,Budzów,powiat suski,8%
176,Udział dzieci w ogóle osób objętych dożywianiem,2015,gmina,Bystra-Sidzina,powiat suski,22%
176,Udział dzieci w ogóle osób objętych dożywianiem,2015,gmina,Jordanów (miasto),powiat suski,17%
176,Udział dzieci w ogóle osób objętych dożywianiem,2015,gmina,Jordanów (wieś),powiat suski,19%
176,Udział dzieci w ogóle osób objętych dożywianiem,2015,gmina,Maków Podhalański,powiat suski,17%
176,Udział dzieci w ogóle osób objętych dożywianiem,2015,gmina,Stryszawa,powiat suski,23%
176,Udział dzieci w ogóle osób objętych dożywianiem,2015,gmina,Sucha Beskidzka,powiat suski,17%
176,Udział dzieci w ogóle osób objętych dożywianiem,2015,gmina,Zawoja,powiat suski,19%
176,Udział dzieci w ogóle osób objętych dożywianiem,2015,gmina,Zembrzyce,powiat suski,20%
176,Udział dzieci w ogóle osób objętych dożywianiem,2015,powiat,powiat tarnowski,powiat tarnowski,21%
176,Udział dzieci w ogóle osób objętych dożywianiem,2015,gmina,Ciężkowice,powiat tarnowski,14%
176,Udział dzieci w ogóle osób objętych dożywianiem,2015,gmina,Gromnik,powiat tarnowski,24%
176,Udział dzieci w ogóle osób objętych dożywianiem,2015,gmina,Lisia Góra,powiat tarnowski,20%
176,Udział dzieci w ogóle osób objętych dożywianiem,2015,gmina,Pleśna,powiat tarnowski,22%
176,Udział dzieci w ogóle osób objętych dożywianiem,2015,gmina,Radłów,powiat tarnowski,22%
176,Udział dzieci w ogóle osób objętych dożywianiem,2015,gmina,Ryglice,powiat tarnowski,19%
176,Udział dzieci w ogóle osób objętych dożywianiem,2015,gmina,Rzepiennik Strzyżewski,powiat tarnowski,26%
176,Udział dzieci w ogóle osób objętych dożywianiem,2015,gmina,Skrzyszów,powiat tarnowski,25%
176,Udział dzieci w ogóle osób objętych dożywianiem,2015,gmina,Szerzyny,powiat tarnowski,17%
176,Udział dzieci w ogóle osób objętych dożywianiem,2015,gmina,Tarnów (wieś),powiat tarnowski,28%
176,Udział dzieci w ogóle osób objętych dożywianiem,2015,gmina,Tuchów,powiat tarnowski,20%
176,Udział dzieci w ogóle osób objętych dożywianiem,2015,gmina,Wierzchosławice,powiat tarnowski,20%
176,Udział dzieci w ogóle osób objętych dożywianiem,2015,gmina,Wietrzychowice,powiat tarnowski,19%
176,Udział dzieci w ogóle osób objętych dożywianiem,2015,gmina,Wojnicz,powiat tarnowski,17%
176,Udział dzieci w ogóle osób objętych dożywianiem,2015,gmina,Zakliczyn,powiat tarnowski,25%
176,Udział dzieci w ogóle osób objętych dożywianiem,2015,gmina,Żabno,powiat tarnowski,16%
176,Udział dzieci w ogóle osób objętych dożywianiem,2015,powiat,powiat tatrzański,powiat tatrzański,17%
176,Udział dzieci w ogóle osób objętych dożywianiem,2015,gmina,Biały Dunajec,powiat tatrzański,18%
176,Udział dzieci w ogóle osób objętych dożywianiem,2015,gmina,Bukowina Tatrzańska,powiat tatrzański,24%
176,Udział dzieci w ogóle osób objętych dożywianiem,2015,gmina,Kościelisko,powiat tatrzański,18%
176,Udział dzieci w ogóle osób objętych dożywianiem,2015,gmina,Poronin,powiat tatrzański,9%
176,Udział dzieci w ogóle osób objętych dożywianiem,2015,gmina,Zakopane,powiat tatrzański,16%
176,Udział dzieci w ogóle osób objętych dożywianiem,2015,powiat,powiat wadowicki,powiat wadowicki,23%
176,Udział dzieci w ogóle osób objętych dożywianiem,2015,gmina,Andrychów,powiat wadowicki,23%
176,Udział dzieci w ogóle osób objętych dożywianiem,2015,gmina,Brzeźnica,powiat wadowicki,23%
176,Udział dzieci w ogóle osób objętych dożywianiem,2015,gmina,Kalwaria Zebrzydowska,powiat wadowicki,27%
176,Udział dzieci w ogóle osób objętych dożywianiem,2015,gmina,Lanckorona,powiat wadowicki,13%
176,Udział dzieci w ogóle osób objętych dożywianiem,2015,gmina,Mucharz,powiat wadowicki,19%
176,Udział dzieci w ogóle osób objętych dożywianiem,2015,gmina,Spytkowice,powiat wadowicki,24%
176,Udział dzieci w ogóle osób objętych dożywianiem,2015,gmina,Stryszów,powiat wadowicki,25%
176,Udział dzieci w ogóle osób objętych dożywianiem,2015,gmina,Tomice,powiat wadowicki,36%
176,Udział dzieci w ogóle osób objętych dożywianiem,2015,gmina,Wadowice,powiat wadowicki,20%
176,Udział dzieci w ogóle osób objętych dożywianiem,2015,gmina,Wieprz,powiat wadowicki,22%
176,Udział dzieci w ogóle osób objętych dożywianiem,2015,powiat,powiat wielicki,powiat wielicki,19%
176,Udział dzieci w ogóle osób objętych dożywianiem,2015,gmina,Biskupice,powiat wielicki,23%
176,Udział dzieci w ogóle osób objętych dożywianiem,2015,gmina,Gdów,powiat wielicki,20%
176,Udział dzieci w ogóle osób objętych dożywianiem,2015,gmina,Kłaj,powiat wielicki,28%
176,Udział dzieci w ogóle osób objętych dożywianiem,2015,gmina,Niepołomice,powiat wielicki,21%
176,Udział dzieci w ogóle osób objętych dożywianiem,2015,gmina,Wieliczka,powiat wielicki,16%
176,Udział dzieci w ogóle osób objętych dożywianiem,2014,powiat,powiat bocheński,powiat bocheński,23%
176,Udział dzieci w ogóle osób objętych dożywianiem,2014,gmina,Bochnia (miasto),powiat bocheński,17%
176,Udział dzieci w ogóle osób objętych dożywianiem,2014,gmina,Bochnia (wieś),powiat bocheński,20%
176,Udział dzieci w ogóle osób objętych dożywianiem,2014,gmina,Drwinia,powiat bocheński,33%
176,Udział dzieci w ogóle osób objętych dożywianiem,2014,gmina,Lipnica Murowana,powiat bocheński,29%
176,Udział dzieci w ogóle osób objętych dożywianiem,2014,gmina,Łapanów,powiat bocheński,21%
176,Udział dzieci w ogóle osób objętych dożywianiem,2014,gmina,Nowy Wiśnicz,powiat bocheński,30%
176,Udział dzieci w ogóle osób objętych dożywianiem,2014,gmina,Rzezawa,powiat bocheński,35%
176,Udział dzieci w ogóle osób objętych dożywianiem,2014,gmina,Trzciana,powiat bocheński,21%
176,Udział dzieci w ogóle osób objętych dożywianiem,2014,gmina,Żegocina,powiat bocheński,24%
176,Udział dzieci w ogóle osób objętych dożywianiem,2014,powiat,powiat brzeski,powiat brzeski,27%
176,Udział dzieci w ogóle osób objętych dożywianiem,2014,gmina,Borzęcin,powiat brzeski,44%
176,Udział dzieci w ogóle osób objętych dożywianiem,2014,gmina,Brzesko,powiat brzeski,30%
176,Udział dzieci w ogóle osób objętych dożywianiem,2014,gmina,Czchów,powiat brzeski,20%
176,Udział dzieci w ogóle osób objętych dożywianiem,2014,gmina,Dębno,powiat brzeski,31%
176,Udział dzieci w ogóle osób objętych dożywianiem,2014,gmina,Gnojnik,powiat brzeski,27%
176,Udział dzieci w ogóle osób objętych dożywianiem,2014,gmina,Iwkowa,powiat brzeski,18%
176,Udział dzieci w ogóle osób objętych dożywianiem,2014,gmina,Szczurowa,powiat brzeski,21%
176,Udział dzieci w ogóle osób objętych dożywianiem,2014,powiat,powiat chrzanowski,powiat chrzanowski,24%
176,Udział dzieci w ogóle osób objętych dożywianiem,2014,gmina,Alwernia,powiat chrzanowski,23%
176,Udział dzieci w ogóle osób objętych dożywianiem,2014,gmina,Babice,powiat chrzanowski,17%
176,Udział dzieci w ogóle osób objętych dożywianiem,2014,gmina,Chrzanów,powiat chrzanowski,23%
176,Udział dzieci w ogóle osób objętych dożywianiem,2014,gmina,Libiąż,powiat chrzanowski,29%
176,Udział dzieci w ogóle osób objętych dożywianiem,2014,gmina,Trzebinia,powiat chrzanowski,25%
176,Udział dzieci w ogóle osób objętych dożywianiem,2014,powiat,powiat dąbrowski,powiat dąbrowski,17%
176,Udział dzieci w ogóle osób objętych dożywianiem,2014,gmina,Bolesław,powiat dąbrowski,16%
176,Udział dzieci w ogóle osób objętych dożywianiem,2014,gmina,Dąbrowa Tarnowska,powiat dąbrowski,13%
176,Udział dzieci w ogóle osób objętych dożywianiem,2014,gmina,Gręboszów,powiat dąbrowski,25%
176,Udział dzieci w ogóle osób objętych dożywianiem,2014,gmina,Mędrzechów,powiat dąbrowski,27%
176,Udział dzieci w ogóle osób objętych dożywianiem,2014,gmina,Olesno,powiat dąbrowski,21%
176,Udział dzieci w ogóle osób objętych dożywianiem,2014,gmina,Radgoszcz,powiat dąbrowski,22%
176,Udział dzieci w ogóle osób objętych dożywianiem,2014,gmina,Szczucin,powiat dąbrowski,17%
176,Udział dzieci w ogóle osób objętych dożywianiem,2014,powiat,powiat gorlicki,powiat gorlicki,22%
176,Udział dzieci w ogóle osób objętych dożywianiem,2014,gmina,Biecz,powiat gorlicki,17%
176,Udział dzieci w ogóle osób objętych dożywianiem,2014,gmina,Bobowa,powiat gorlicki,27%
176,Udział dzieci w ogóle osób objętych dożywianiem,2014,gmina,Gorlice (miasto),powiat gorlicki,27%
176,Udział dzieci w ogóle osób objętych dożywianiem,2014,gmina,Gorlice (wieś),powiat gorlicki,20%
176,Udział dzieci w ogóle osób objętych dożywianiem,2014,gmina,Lipinki,powiat gorlicki,21%
176,Udział dzieci w ogóle osób objętych dożywianiem,2014,gmina,Łużna,powiat gorlicki,34%
176,Udział dzieci w ogóle osób objętych dożywianiem,2014,gmina,Moszczenica,powiat gorlicki,21%
176,Udział dzieci w ogóle osób objętych dożywianiem,2014,gmina,Ropa,powiat gorlicki,21%
176,Udział dzieci w ogóle osób objętych dożywianiem,2014,gmina,Sękowa,powiat gorlicki,19%
176,Udział dzieci w ogóle osób objętych dożywianiem,2014,gmina,Uście Gorlickie,powiat gorlicki,18%
176,Udział dzieci w ogóle osób objętych dożywianiem,2014,powiat,powiat krakowski,powiat krakowski,20%
176,Udział dzieci w ogóle osób objętych dożywianiem,2014,gmina,Czernichów,powiat krakowski,18%
176,Udział dzieci w ogóle osób objętych dożywianiem,2014,gmina,Igołomia-Wawrzeńczyce,powiat krakowski,18%
176,Udział dzieci w ogóle osób objętych dożywianiem,2014,gmina,Iwanowice,powiat krakowski,23%
176,Udział dzieci w ogóle osób objętych dożywianiem,2014,gmina,Jerzmanowice-Przeginia,powiat krakowski,15%
176,Udział dzieci w ogóle osób objętych dożywianiem,2014,gmina,Kocmyrzów-Luborzyca,powiat krakowski,21%
176,Udział dzieci w ogóle osób objętych dożywianiem,2014,gmina,Krzeszowice,powiat krakowski,20%
176,Udział dzieci w ogóle osób objętych dożywianiem,2014,gmina,Liszki,powiat krakowski,22%
176,Udział dzieci w ogóle osób objętych dożywianiem,2014,gmina,Michałowice,powiat krakowski,24%
176,Udział dzieci w ogóle osób objętych dożywianiem,2014,gmina,Mogilany,powiat krakowski,16%
176,Udział dzieci w ogóle osób objętych dożywianiem,2014,gmina,Skała,powiat krakowski,31%
176,Udział dzieci w ogóle osób objętych dożywianiem,2014,gmina,Skawina,powiat krakowski,20%
176,Udział dzieci w ogóle osób objętych dożywianiem,2014,gmina,Słomniki,powiat krakowski,20%
176,Udział dzieci w ogóle osób objętych dożywianiem,2014,gmina,Sułoszowa,powiat krakowski,29%
176,Udział dzieci w ogóle osób objętych dożywianiem,2014,gmina,Świątniki Górne,powiat krakowski,15%
176,Udział dzieci w ogóle osób objętych dożywianiem,2014,gmina,Wielka Wieś,powiat krakowski,25%
176,Udział dzieci w ogóle osób objętych dożywianiem,2014,gmina,Zabierzów,powiat krakowski,18%
176,Udział dzieci w ogóle osób objętych dożywianiem,2014,gmina,Zielonki,powiat krakowski,18%
176,Udział dzieci w ogóle osób objętych dożywianiem,2014,powiat,powiat limanowski,powiat limanowski,18%
176,Udział dzieci w ogóle osób objętych dożywianiem,2014,gmina,Dobra,powiat limanowski,23%
176,Udział dzieci w ogóle osób objętych dożywianiem,2014,gmina,Jodłownik,powiat limanowski,18%
176,Udział dzieci w ogóle osób objętych dożywianiem,2014,gmina,Kamienica,powiat limanowski,17%
176,Udział dzieci w ogóle osób objętych dożywianiem,2014,gmina,Laskowa,powiat limanowski,15%
176,Udział dzieci w ogóle osób objętych dożywianiem,2014,gmina,Limanowa (miasto),powiat limanowski,18%
176,Udział dzieci w ogóle osób objętych dożywianiem,2014,gmina,Limanowa (wieś),powiat limanowski,20%
176,Udział dzieci w ogóle osób objętych dożywianiem,2014,gmina,Łukowica,powiat limanowski,14%
176,Udział dzieci w ogóle osób objętych dożywianiem,2014,gmina,Mszana Dolna (miasto),powiat limanowski,26%
176,Udział dzieci w ogóle osób objętych dożywianiem,2014,gmina,Mszana Dolna (wieś),powiat limanowski,14%
176,Udział dzieci w ogóle osób objętych dożywianiem,2014,gmina,Niedźwiedź,powiat limanowski,16%
176,Udział dzieci w ogóle osób objętych dożywianiem,2014,gmina,Słopnice,powiat limanowski,21%
176,Udział dzieci w ogóle osób objętych dożywianiem,2014,gmina,Tymbark,powiat limanowski,25%
176,Udział dzieci w ogóle osób objętych dożywianiem,2014,powiat,powiat m. Kraków,powiat m. Kraków,14%
176,Udział dzieci w ogóle osób objętych dożywianiem,2014,powiat,powiat m. Nowy Sącz,powiat m. Nowy Sącz,18%
176,Udział dzieci w ogóle osób objętych dożywianiem,2014,powiat,powiat m. Tarnów,powiat m. Tarnów,14%
176,Udział dzieci w ogóle osób objętych dożywianiem,2014,powiat,powiat miechowski,powiat miechowski,17%
176,Udział dzieci w ogóle osób objętych dożywianiem,2014,gmina,Charsznica,powiat miechowski,22%
176,Udział dzieci w ogóle osób objętych dożywianiem,2014,gmina,Gołcza,powiat miechowski,14%
176,Udział dzieci w ogóle osób objętych dożywianiem,2014,gmina,Kozłów,powiat miechowski,19%
176,Udział dzieci w ogóle osób objętych dożywianiem,2014,gmina,Książ Wielki,powiat miechowski,20%
176,Udział dzieci w ogóle osób objętych dożywianiem,2014,gmina,Miechów,powiat miechowski,14%
176,Udział dzieci w ogóle osób objętych dożywianiem,2014,gmina,Racławice,powiat miechowski,28%
176,Udział dzieci w ogóle osób objętych dożywianiem,2014,gmina,Słaboszów,powiat miechowski,20%
176,Udział dzieci w ogóle osób objętych dożywianiem,2014,powiat,powiat myślenicki,powiat myślenicki,22%
176,Udział dzieci w ogóle osób objętych dożywianiem,2014,gmina,Dobczyce,powiat myślenicki,29%
176,Udział dzieci w ogóle osób objętych dożywianiem,2014,gmina,Lubień,powiat myślenicki,22%
176,Udział dzieci w ogóle osób objętych dożywianiem,2014,gmina,Myślenice,powiat myślenicki,19%
176,Udział dzieci w ogóle osób objętych dożywianiem,2014,gmina,Pcim,powiat myślenicki,27%
176,Udział dzieci w ogóle osób objętych dożywianiem,2014,gmina,Raciechowice,powiat myślenicki,17%
176,Udział dzieci w ogóle osób objętych dożywianiem,2014,gmina,Siepraw,powiat myślenicki,28%
176,Udział dzieci w ogóle osób objętych dożywianiem,2014,gmina,Sułkowice,powiat myślenicki,20%
176,Udział dzieci w ogóle osób objętych dożywianiem,2014,gmina,Tokarnia,powiat myślenicki,23%
176,Udział dzieci w ogóle osób objętych dożywianiem,2014,gmina,Wiśniowa,powiat myślenicki,19%
176,Udział dzieci w ogóle osób objętych dożywianiem,2014,powiat,powiat nowosądecki,powiat nowosądecki,19%
176,Udział dzieci w ogóle osób objętych dożywianiem,2014,gmina,Podegrodzie,powiat nowosądecki,19%
176,Udział dzieci w ogóle osób objętych dożywianiem,2014,gmina,Rytro,powiat nowosądecki,17%
176,Udział dzieci w ogóle osób objętych dożywianiem,2014,gmina,Stary Sącz,powiat nowosądecki,20%
176,Udział dzieci w ogóle osób objętych dożywianiem,2014,gmina,Chełmiec,powiat nowosądecki,18%
176,Udział dzieci w ogóle osób objętych dożywianiem,2014,gmina,Gródek nad Dunajcem,powiat nowosądecki,16%
176,Udział dzieci w ogóle osób objętych dożywianiem,2014,gmina,Grybów (miasto),powiat nowosądecki,15%
176,Udział dzieci w ogóle osób objętych dożywianiem,2014,gmina,Grybów (wieś),powiat nowosądecki,20%
176,Udział dzieci w ogóle osób objętych dożywianiem,2014,gmina,Kamionka Wielka,powiat nowosądecki,20%
176,Udział dzieci w ogóle osób objętych dożywianiem,2014,gmina,Korzenna,powiat nowosądecki,18%
176,Udział dzieci w ogóle osób objętych dożywianiem,2014,gmina,Krynica-Zdrój,powiat nowosądecki,23%
176,Udział dzieci w ogóle osób objętych dożywianiem,2014,gmina,Łabowa,powiat nowosądecki,28%
176,Udział dzieci w ogóle osób objętych dożywianiem,2014,gmina,Łącko,powiat nowosądecki,24%
176,Udział dzieci w ogóle osób objętych dożywianiem,2014,gmina,Łososina Dolna,powiat nowosądecki,16%
176,Udział dzieci w ogóle osób objętych dożywianiem,2014,gmina,Muszyna,powiat nowosądecki,14%
176,Udział dzieci w ogóle osób objętych dożywianiem,2014,gmina,Nawojowa,powiat nowosądecki,19%
176,Udział dzieci w ogóle osób objętych dożywianiem,2014,gmina,Piwniczna-Zdrój,powiat nowosądecki,18%
176,Udział dzieci w ogóle osób objętych dożywianiem,2014,powiat,powiat nowotarski,powiat nowotarski,17%
176,Udział dzieci w ogóle osób objętych dożywianiem,2014,gmina,Czarny Dunajec,powiat nowotarski,23%
176,Udział dzieci w ogóle osób objętych dożywianiem,2014,gmina,Czorsztyn,powiat nowotarski,36%
176,Udział dzieci w ogóle osób objętych dożywianiem,2014,gmina,Jabłonka,powiat nowotarski,15%
176,Udział dzieci w ogóle osób objętych dożywianiem,2014,gmina,Krościenko nad Dunajcem,powiat nowotarski,15%
176,Udział dzieci w ogóle osób objętych dożywianiem,2014,gmina,Lipnica Wielka,powiat nowotarski,13%
176,Udział dzieci w ogóle osób objętych dożywianiem,2014,gmina,Łapsze Niżne,powiat nowotarski,10%
176,Udział dzieci w ogóle osób objętych dożywianiem,2014,gmina,Nowy Targ (miasto),powiat nowotarski,7%
176,Udział dzieci w ogóle osób objętych dożywianiem,2014,gmina,Nowy Targ (wieś),powiat nowotarski,21%
176,Udział dzieci w ogóle osób objętych dożywianiem,2014,gmina,Ochotnica Dolna,powiat nowotarski,11%
176,Udział dzieci w ogóle osób objętych dożywianiem,2014,gmina,Raba Wyżna,powiat nowotarski,19%
176,Udział dzieci w ogóle osób objętych dożywianiem,2014,gmina,Rabka-Zdrój,powiat nowotarski,20%
176,Udział dzieci w ogóle osób objętych dożywianiem,2014,gmina,Spytkowice,powiat nowotarski,19%
176,Udział dzieci w ogóle osób objętych dożywianiem,2014,gmina,Szaflary,powiat nowotarski,21%
176,Udział dzieci w ogóle osób objętych dożywianiem,2014,gmina,Szczawnica,powiat nowotarski,22%
176,Udział dzieci w ogóle osób objętych dożywianiem,2014,powiat,powiat olkuski,powiat olkuski,22%
176,Udział dzieci w ogóle osób objętych dożywianiem,2014,gmina,Bolesław,powiat olkuski,18%
176,Udział dzieci w ogóle osób objętych dożywianiem,2014,gmina,Bukowno,powiat olkuski,17%
176,Udział dzieci w ogóle osób objętych dożywianiem,2014,gmina,Klucze,powiat olkuski,23%
176,Udział dzieci w ogóle osób objętych dożywianiem,2014,gmina,Olkusz,powiat olkuski,20%
176,Udział dzieci w ogóle osób objętych dożywianiem,2014,gmina,Trzyciąż,powiat olkuski,24%
176,Udział dzieci w ogóle osób objętych dożywianiem,2014,gmina,Wolbrom,powiat olkuski,31%
176,Udział dzieci w ogóle osób objętych dożywianiem,2014,powiat,powiat oświęcimski,powiat oświęcimski,23%
176,Udział dzieci w ogóle osób objętych dożywianiem,2014,gmina,Brzeszcze,powiat oświęcimski,29%
176,Udział dzieci w ogóle osób objętych dożywianiem,2014,gmina,Chełmek,powiat oświęcimski,44%
176,Udział dzieci w ogóle osób objętych dożywianiem,2014,gmina,Kęty,powiat oświęcimski,29%
176,Udział dzieci w ogóle osób objętych dożywianiem,2014,gmina,Osiek,powiat oświęcimski,26%
176,Udział dzieci w ogóle osób objętych dożywianiem,2014,gmina,Oświęcim (miasto),powiat oświęcimski,19%
176,Udział dzieci w ogóle osób objętych dożywianiem,2014,gmina,Oświęcim (wieś),powiat oświęcimski,21%
176,Udział dzieci w ogóle osób objętych dożywianiem,2014,gmina,Polanka Wielka,powiat oświęcimski,25%
176,Udział dzieci w ogóle osób objętych dożywianiem,2014,gmina,Przeciszów,powiat oświęcimski,30%
176,Udział dzieci w ogóle osób objętych dożywianiem,2014,gmina,Zator,powiat oświęcimski,28%
176,Udział dzieci w ogóle osób objętych dożywianiem,2014,powiat,powiat proszowicki,powiat proszowicki,17%
176,Udział dzieci w ogóle osób objętych dożywianiem,2014,gmina,Koniusza,powiat proszowicki,1%
176,Udział dzieci w ogóle osób objętych dożywianiem,2014,gmina,Koszyce,powiat proszowicki,23%
176,Udział dzieci w ogóle osób objętych dożywianiem,2014,gmina,Nowe Brzesko,powiat proszowicki,20%
176,Udział dzieci w ogóle osób objętych dożywianiem,2014,gmina,Pałecznica,powiat proszowicki,20%
176,Udział dzieci w ogóle osób objętych dożywianiem,2014,gmina,Proszowice,powiat proszowicki,18%
176,Udział dzieci w ogóle osób objętych dożywianiem,2014,gmina,Radziemice,powiat proszowicki,19%
176,Udział dzieci w ogóle osób objętych dożywianiem,2014,powiat,powiat suski,powiat suski,20%
176,Udział dzieci w ogóle osób objętych dożywianiem,2014,gmina,Budzów,powiat suski,19%
176,Udział dzieci w ogóle osób objętych dożywianiem,2014,gmina,Bystra-Sidzina,powiat suski,16%
176,Udział dzieci w ogóle osób objętych dożywianiem,2014,gmina,Jordanów (miasto),powiat suski,16%
176,Udział dzieci w ogóle osób objętych dożywianiem,2014,gmina,Jordanów (wieś),powiat suski,23%
176,Udział dzieci w ogóle osób objętych dożywianiem,2014,gmina,Maków Podhalański,powiat suski,21%
176,Udział dzieci w ogóle osób objętych dożywianiem,2014,gmina,Stryszawa,powiat suski,26%
176,Udział dzieci w ogóle osób objętych dożywianiem,2014,gmina,Sucha Beskidzka,powiat suski,16%
176,Udział dzieci w ogóle osób objętych dożywianiem,2014,gmina,Zawoja,powiat suski,20%
176,Udział dzieci w ogóle osób objętych dożywianiem,2014,gmina,Zembrzyce,powiat suski,21%
176,Udział dzieci w ogóle osób objętych dożywianiem,2014,powiat,powiat tarnowski,powiat tarnowski,22%
176,Udział dzieci w ogóle osób objętych dożywianiem,2014,gmina,Ciężkowice,powiat tarnowski,16%
176,Udział dzieci w ogóle osób objętych dożywianiem,2014,gmina,Gromnik,powiat tarnowski,22%
176,Udział dzieci w ogóle osób objętych dożywianiem,2014,gmina,Lisia Góra,powiat tarnowski,19%
176,Udział dzieci w ogóle osób objętych dożywianiem,2014,gmina,Pleśna,powiat tarnowski,25%
176,Udział dzieci w ogóle osób objętych dożywianiem,2014,gmina,Radłów,powiat tarnowski,20%
176,Udział dzieci w ogóle osób objętych dożywianiem,2014,gmina,Ryglice,powiat tarnowski,20%
176,Udział dzieci w ogóle osób objętych dożywianiem,2014,gmina,Rzepiennik Strzyżewski,powiat tarnowski,26%
176,Udział dzieci w ogóle osób objętych dożywianiem,2014,gmina,Skrzyszów,powiat tarnowski,27%
176,Udział dzieci w ogóle osób objętych dożywianiem,2014,gmina,Szerzyny,powiat tarnowski,10%
176,Udział dzieci w ogóle osób objętych dożywianiem,2014,gmina,Tarnów (wieś),powiat tarnowski,27%
176,Udział dzieci w ogóle osób objętych dożywianiem,2014,gmina,Tuchów,powiat tarnowski,21%
176,Udział dzieci w ogóle osób objętych dożywianiem,2014,gmina,Wierzchosławice,powiat tarnowski,23%
176,Udział dzieci w ogóle osób objętych dożywianiem,2014,gmina,Wietrzychowice,powiat tarnowski,21%
176,Udział dzieci w ogóle osób objętych dożywianiem,2014,gmina,Wojnicz,powiat tarnowski,16%
176,Udział dzieci w ogóle osób objętych dożywianiem,2014,gmina,Zakliczyn,powiat tarnowski,24%
176,Udział dzieci w ogóle osób objętych dożywianiem,2014,gmina,Żabno,powiat tarnowski,30%
176,Udział dzieci w ogóle osób objętych dożywianiem,2014,powiat,powiat tatrzański,powiat tatrzański,18%
176,Udział dzieci w ogóle osób objętych dożywianiem,2014,gmina,Biały Dunajec,powiat tatrzański,19%
176,Udział dzieci w ogóle osób objętych dożywianiem,2014,gmina,Bukowina Tatrzańska,powiat tatrzański,22%
176,Udział dzieci w ogóle osób objętych dożywianiem,2014,gmina,Kościelisko,powiat tatrzański,11%
176,Udział dzieci w ogóle osób objętych dożywianiem,2014,gmina,Poronin,powiat tatrzański,15%
176,Udział dzieci w ogóle osób objętych dożywianiem,2014,gmina,Zakopane,powiat tatrzański,17%
176,Udział dzieci w ogóle osób objętych dożywianiem,2014,powiat,powiat wadowicki,powiat wadowicki,23%
176,Udział dzieci w ogóle osób objętych dożywianiem,2014,gmina,Andrychów,powiat wadowicki,21%
176,Udział dzieci w ogóle osób objętych dożywianiem,2014,gmina,Brzeźnica,powiat wadowicki,24%
176,Udział dzieci w ogóle osób objętych dożywianiem,2014,gmina,Kalwaria Zebrzydowska,powiat wadowicki,24%
176,Udział dzieci w ogóle osób objętych dożywianiem,2014,gmina,Lanckorona,powiat wadowicki,14%
176,Udział dzieci w ogóle osób objętych dożywianiem,2014,gmina,Mucharz,powiat wadowicki,28%
176,Udział dzieci w ogóle osób objętych dożywianiem,2014,gmina,Spytkowice,powiat wadowicki,26%
176,Udział dzieci w ogóle osób objętych dożywianiem,2014,gmina,Stryszów,powiat wadowicki,26%
176,Udział dzieci w ogóle osób objętych dożywianiem,2014,gmina,Tomice,powiat wadowicki,33%
176,Udział dzieci w ogóle osób objętych dożywianiem,2014,gmina,Wadowice,powiat wadowicki,21%
176,Udział dzieci w ogóle osób objętych dożywianiem,2014,gmina,Wieprz,powiat wadowicki,21%
176,Udział dzieci w ogóle osób objętych dożywianiem,2014,powiat,powiat wielicki,powiat wielicki,19%
176,Udział dzieci w ogóle osób objętych dożywianiem,2014,gmina,Biskupice,powiat wielicki,15%
176,Udział dzieci w ogóle osób objętych dożywianiem,2014,gmina,Gdów,powiat wielicki,30%
176,Udział dzieci w ogóle osób objętych dożywianiem,2014,gmina,Kłaj,powiat wielicki,32%
176,Udział dzieci w ogóle osób objętych dożywianiem,2014,gmina,Niepołomice,powiat wielicki,22%
176,Udział dzieci w ogóle osób objętych dożywianiem,2014,gmina,Wieliczka,powiat wielicki,14%
176,Udział dzieci w ogóle osób objętych dożywianiem,2013,powiat,powiat bocheński,powiat bocheński,20%
176,Udział dzieci w ogóle osób objętych dożywianiem,2013,gmina,Bochnia (miasto),powiat bocheński,15%
176,Udział dzieci w ogóle osób objętych dożywianiem,2013,gmina,Bochnia (wieś),powiat bocheński,19%
176,Udział dzieci w ogóle osób objętych dożywianiem,2013,gmina,Drwinia,powiat bocheński,32%
176,Udział dzieci w ogóle osób objętych dożywianiem,2013,gmina,Lipnica Murowana,powiat bocheński,24%
176,Udział dzieci w ogóle osób objętych dożywianiem,2013,gmina,Łapanów,powiat bocheński,20%
176,Udział dzieci w ogóle osób objętych dożywianiem,2013,gmina,Nowy Wiśnicz,powiat bocheński,22%
176,Udział dzieci w ogóle osób objętych dożywianiem,2013,gmina,Rzezawa,powiat bocheński,28%
176,Udział dzieci w ogóle osób objętych dożywianiem,2013,gmina,Trzciana,powiat bocheński,21%
176,Udział dzieci w ogóle osób objętych dożywianiem,2013,gmina,Żegocina,powiat bocheński,23%
176,Udział dzieci w ogóle osób objętych dożywianiem,2013,powiat,powiat brzeski,powiat brzeski,24%
176,Udział dzieci w ogóle osób objętych dożywianiem,2013,gmina,Borzęcin,powiat brzeski,25%
176,Udział dzieci w ogóle osób objętych dożywianiem,2013,gmina,Brzesko,powiat brzeski,32%
176,Udział dzieci w ogóle osób objętych dożywianiem,2013,gmina,Czchów,powiat brzeski,18%
176,Udział dzieci w ogóle osób objętych dożywianiem,2013,gmina,Dębno,powiat brzeski,21%
176,Udział dzieci w ogóle osób objętych dożywianiem,2013,gmina,Gnojnik,powiat brzeski,24%
176,Udział dzieci w ogóle osób objętych dożywianiem,2013,gmina,Iwkowa,powiat brzeski,18%
176,Udział dzieci w ogóle osób objętych dożywianiem,2013,gmina,Szczurowa,powiat brzeski,20%
176,Udział dzieci w ogóle osób objętych dożywianiem,2013,powiat,powiat chrzanowski,powiat chrzanowski,26%
176,Udział dzieci w ogóle osób objętych dożywianiem,2013,gmina,Alwernia,powiat chrzanowski,43%
176,Udział dzieci w ogóle osób objętych dożywianiem,2013,gmina,Babice,powiat chrzanowski,16%
176,Udział dzieci w ogóle osób objętych dożywianiem,2013,gmina,Chrzanów,powiat chrzanowski,23%
176,Udział dzieci w ogóle osób objętych dożywianiem,2013,gmina,Libiąż,powiat chrzanowski,28%
176,Udział dzieci w ogóle osób objętych dożywianiem,2013,gmina,Trzebinia,powiat chrzanowski,31%
176,Udział dzieci w ogóle osób objętych dożywianiem,2013,powiat,powiat dąbrowski,powiat dąbrowski,14%
176,Udział dzieci w ogóle osób objętych dożywianiem,2013,gmina,Bolesław,powiat dąbrowski,23%
176,Udział dzieci w ogóle osób objętych dożywianiem,2013,gmina,Dąbrowa Tarnowska,powiat dąbrowski,14%
176,Udział dzieci w ogóle osób objętych dożywianiem,2013,gmina,Gręboszów,powiat dąbrowski,24%
176,Udział dzieci w ogóle osób objętych dożywianiem,2013,gmina,Mędrzechów,powiat dąbrowski,8%
176,Udział dzieci w ogóle osób objętych dożywianiem,2013,gmina,Olesno,powiat dąbrowski,20%
176,Udział dzieci w ogóle osób objętych dożywianiem,2013,gmina,Radgoszcz,powiat dąbrowski,19%
176,Udział dzieci w ogóle osób objętych dożywianiem,2013,gmina,Szczucin,powiat dąbrowski,5%
176,Udział dzieci w ogóle osób objętych dożywianiem,2013,powiat,powiat gorlicki,powiat gorlicki,24%
176,Udział dzieci w ogóle osób objętych dożywianiem,2013,gmina,Biecz,powiat gorlicki,18%
176,Udział dzieci w ogóle osób objętych dożywianiem,2013,gmina,Bobowa,powiat gorlicki,21%
176,Udział dzieci w ogóle osób objętych dożywianiem,2013,gmina,Gorlice (miasto),powiat gorlicki,23%
176,Udział dzieci w ogóle osób objętych dożywianiem,2013,gmina,Gorlice (wieś),powiat gorlicki,24%
176,Udział dzieci w ogóle osób objętych dożywianiem,2013,gmina,Lipinki,powiat gorlicki,23%
176,Udział dzieci w ogóle osób objętych dożywianiem,2013,gmina,Łużna,powiat gorlicki,31%
176,Udział dzieci w ogóle osób objętych dożywianiem,2013,gmina,Moszczenica,powiat gorlicki,24%
176,Udział dzieci w ogóle osób objętych dożywianiem,2013,gmina,Ropa,powiat gorlicki,22%
176,Udział dzieci w ogóle osób objętych dożywianiem,2013,gmina,Sękowa,powiat gorlicki,32%
176,Udział dzieci w ogóle osób objętych dożywianiem,2013,gmina,Uście Gorlickie,powiat gorlicki,22%
176,Udział dzieci w ogóle osób objętych dożywianiem,2013,powiat,powiat krakowski,powiat krakowski,19%
176,Udział dzieci w ogóle osób objętych dożywianiem,2013,gmina,Czernichów,powiat krakowski,14%
176,Udział dzieci w ogóle osób objętych dożywianiem,2013,gmina,Igołomia-Wawrzeńczyce,powiat krakowski,20%
176,Udział dzieci w ogóle osób objętych dożywianiem,2013,gmina,Iwanowice,powiat krakowski,25%
176,Udział dzieci w ogóle osób objętych dożywianiem,2013,gmina,Jerzmanowice-Przeginia,powiat krakowski,18%
176,Udział dzieci w ogóle osób objętych dożywianiem,2013,gmina,Kocmyrzów-Luborzyca,powiat krakowski,15%
176,Udział dzieci w ogóle osób objętych dożywianiem,2013,gmina,Krzeszowice,powiat krakowski,19%
176,Udział dzieci w ogóle osób objętych dożywianiem,2013,gmina,Liszki,powiat krakowski,34%
176,Udział dzieci w ogóle osób objętych dożywianiem,2013,gmina,Michałowice,powiat krakowski,25%
176,Udział dzieci w ogóle osób objętych dożywianiem,2013,gmina,Mogilany,powiat krakowski,15%
176,Udział dzieci w ogóle osób objętych dożywianiem,2013,gmina,Skała,powiat krakowski,23%
176,Udział dzieci w ogóle osób objętych dożywianiem,2013,gmina,Skawina,powiat krakowski,15%
176,Udział dzieci w ogóle osób objętych dożywianiem,2013,gmina,Słomniki,powiat krakowski,22%
176,Udział dzieci w ogóle osób objętych dożywianiem,2013,gmina,Sułoszowa,powiat krakowski,21%
176,Udział dzieci w ogóle osób objętych dożywianiem,2013,gmina,Świątniki Górne,powiat krakowski,14%
176,Udział dzieci w ogóle osób objętych dożywianiem,2013,gmina,Wielka Wieś,powiat krakowski,25%
176,Udział dzieci w ogóle osób objętych dożywianiem,2013,gmina,Zabierzów,powiat krakowski,20%
176,Udział dzieci w ogóle osób objętych dożywianiem,2013,gmina,Zielonki,powiat krakowski,21%
176,Udział dzieci w ogóle osób objętych dożywianiem,2013,powiat,powiat limanowski,powiat limanowski,19%
176,Udział dzieci w ogóle osób objętych dożywianiem,2013,gmina,Dobra,powiat limanowski,11%
176,Udział dzieci w ogóle osób objętych dożywianiem,2013,gmina,Jodłownik,powiat limanowski,17%
176,Udział dzieci w ogóle osób objętych dożywianiem,2013,gmina,Kamienica,powiat limanowski,21%
176,Udział dzieci w ogóle osób objętych dożywianiem,2013,gmina,Laskowa,powiat limanowski,13%
176,Udział dzieci w ogóle osób objętych dożywianiem,2013,gmina,Limanowa (miasto),powiat limanowski,17%
176,Udział dzieci w ogóle osób objętych dożywianiem,2013,gmina,Limanowa (wieś),powiat limanowski,21%
176,Udział dzieci w ogóle osób objętych dożywianiem,2013,gmina,Łukowica,powiat limanowski,21%
176,Udział dzieci w ogóle osób objętych dożywianiem,2013,gmina,Mszana Dolna (miasto),powiat limanowski,23%
176,Udział dzieci w ogóle osób objętych dożywianiem,2013,gmina,Mszana Dolna (wieś),powiat limanowski,18%
176,Udział dzieci w ogóle osób objętych dożywianiem,2013,gmina,Niedźwiedź,powiat limanowski,15%
176,Udział dzieci w ogóle osób objętych dożywianiem,2013,gmina,Słopnice,powiat limanowski,20%
176,Udział dzieci w ogóle osób objętych dożywianiem,2013,gmina,Tymbark,powiat limanowski,23%
176,Udział dzieci w ogóle osób objętych dożywianiem,2013,powiat,powiat m. Kraków,powiat m. Kraków,14%
176,Udział dzieci w ogóle osób objętych dożywianiem,2013,powiat,powiat m. Nowy Sącz,powiat m. Nowy Sącz,17%
176,Udział dzieci w ogóle osób objętych dożywianiem,2013,powiat,powiat m. Tarnów,powiat m. Tarnów,14%
176,Udział dzieci w ogóle osób objętych dożywianiem,2013,powiat,powiat miechowski,powiat miechowski,18%
176,Udział dzieci w ogóle osób objętych dożywianiem,2013,gmina,Charsznica,powiat miechowski,24%
176,Udział dzieci w ogóle osób objętych dożywianiem,2013,gmina,Gołcza,powiat miechowski,13%
176,Udział dzieci w ogóle osób objętych dożywianiem,2013,gmina,Kozłów,powiat miechowski,25%
176,Udział dzieci w ogóle osób objętych dożywianiem,2013,gmina,Książ Wielki,powiat miechowski,23%
176,Udział dzieci w ogóle osób objętych dożywianiem,2013,gmina,Miechów,powiat miechowski,14%
176,Udział dzieci w ogóle osób objętych dożywianiem,2013,gmina,Racławice,powiat miechowski,25%
176,Udział dzieci w ogóle osób objętych dożywianiem,2013,gmina,Słaboszów,powiat miechowski,20%
176,Udział dzieci w ogóle osób objętych dożywianiem,2013,powiat,powiat myślenicki,powiat myślenicki,21%
176,Udział dzieci w ogóle osób objętych dożywianiem,2013,gmina,Dobczyce,powiat myślenicki,33%
176,Udział dzieci w ogóle osób objętych dożywianiem,2013,gmina,Lubień,powiat myślenicki,21%
176,Udział dzieci w ogóle osób objętych dożywianiem,2013,gmina,Myślenice,powiat myślenicki,17%
176,Udział dzieci w ogóle osób objętych dożywianiem,2013,gmina,Pcim,powiat myślenicki,28%
176,Udział dzieci w ogóle osób objętych dożywianiem,2013,gmina,Raciechowice,powiat myślenicki,16%
176,Udział dzieci w ogóle osób objętych dożywianiem,2013,gmina,Siepraw,powiat myślenicki,29%
176,Udział dzieci w ogóle osób objętych dożywianiem,2013,gmina,Sułkowice,powiat myślenicki,20%
176,Udział dzieci w ogóle osób objętych dożywianiem,2013,gmina,Tokarnia,powiat myślenicki,21%
176,Udział dzieci w ogóle osób objętych dożywianiem,2013,gmina,Wiśniowa,powiat myślenicki,18%
176,Udział dzieci w ogóle osób objętych dożywianiem,2013,powiat,powiat nowosądecki,powiat nowosądecki,17%
176,Udział dzieci w ogóle osób objętych dożywianiem,2013,gmina,Podegrodzie,powiat nowosądecki,18%
176,Udział dzieci w ogóle osób objętych dożywianiem,2013,gmina,Rytro,powiat nowosądecki,23%
176,Udział dzieci w ogóle osób objętych dożywianiem,2013,gmina,Stary Sącz,powiat nowosądecki,21%
176,Udział dzieci w ogóle osób objętych dożywianiem,2013,gmina,Chełmiec,powiat nowosądecki,18%
176,Udział dzieci w ogóle osób objętych dożywianiem,2013,gmina,Gródek nad Dunajcem,powiat nowosądecki,17%
176,Udział dzieci w ogóle osób objętych dożywianiem,2013,gmina,Grybów (miasto),powiat nowosądecki,17%
176,Udział dzieci w ogóle osób objętych dożywianiem,2013,gmina,Grybów (wieś),powiat nowosądecki,10%
176,Udział dzieci w ogóle osób objętych dożywianiem,2013,gmina,Kamionka Wielka,powiat nowosądecki,19%
176,Udział dzieci w ogóle osób objętych dożywianiem,2013,gmina,Korzenna,powiat nowosądecki,17%
176,Udział dzieci w ogóle osób objętych dożywianiem,2013,gmina,Krynica-Zdrój,powiat nowosądecki,28%
176,Udział dzieci w ogóle osób objętych dożywianiem,2013,gmina,Łabowa,powiat nowosądecki,24%
176,Udział dzieci w ogóle osób objętych dożywianiem,2013,gmina,Łącko,powiat nowosądecki,24%
176,Udział dzieci w ogóle osób objętych dożywianiem,2013,gmina,Łososina Dolna,powiat nowosądecki,16%
176,Udział dzieci w ogóle osób objętych dożywianiem,2013,gmina,Muszyna,powiat nowosądecki,12%
176,Udział dzieci w ogóle osób objętych dożywianiem,2013,gmina,Nawojowa,powiat nowosądecki,18%
176,Udział dzieci w ogóle osób objętych dożywianiem,2013,gmina,Piwniczna-Zdrój,powiat nowosądecki,21%
176,Udział dzieci w ogóle osób objętych dożywianiem,2013,powiat,powiat nowotarski,powiat nowotarski,19%
176,Udział dzieci w ogóle osób objętych dożywianiem,2013,gmina,Czarny Dunajec,powiat nowotarski,24%
176,Udział dzieci w ogóle osób objętych dożywianiem,2013,gmina,Czorsztyn,powiat nowotarski,42%
176,Udział dzieci w ogóle osób objętych dożywianiem,2013,gmina,Jabłonka,powiat nowotarski,15%
176,Udział dzieci w ogóle osób objętych dożywianiem,2013,gmina,Krościenko nad Dunajcem,powiat nowotarski,18%
176,Udział dzieci w ogóle osób objętych dożywianiem,2013,gmina,Lipnica Wielka,powiat nowotarski,12%
176,Udział dzieci w ogóle osób objętych dożywianiem,2013,gmina,Łapsze Niżne,powiat nowotarski,13%
176,Udział dzieci w ogóle osób objętych dożywianiem,2013,gmina,Nowy Targ (miasto),powiat nowotarski,20%
176,Udział dzieci w ogóle osób objętych dożywianiem,2013,gmina,Nowy Targ (wieś),powiat nowotarski,20%
176,Udział dzieci w ogóle osób objętych dożywianiem,2013,gmina,Ochotnica Dolna,powiat nowotarski,13%
176,Udział dzieci w ogóle osób objętych dożywianiem,2013,gmina,Raba Wyżna,powiat nowotarski,20%
176,Udział dzieci w ogóle osób objętych dożywianiem,2013,gmina,Rabka-Zdrój,powiat nowotarski,20%
176,Udział dzieci w ogóle osób objętych dożywianiem,2013,gmina,Spytkowice,powiat nowotarski,18%
176,Udział dzieci w ogóle osób objętych dożywianiem,2013,gmina,Szaflary,powiat nowotarski,23%
176,Udział dzieci w ogóle osób objętych dożywianiem,2013,gmina,Szczawnica,powiat nowotarski,23%
176,Udział dzieci w ogóle osób objętych dożywianiem,2013,powiat,powiat olkuski,powiat olkuski,20%
176,Udział dzieci w ogóle osób objętych dożywianiem,2013,gmina,Bolesław,powiat olkuski,20%
176,Udział dzieci w ogóle osób objętych dożywianiem,2013,gmina,Bukowno,powiat olkuski,18%
176,Udział dzieci w ogóle osób objętych dożywianiem,2013,gmina,Klucze,powiat olkuski,25%
176,Udział dzieci w ogóle osób objętych dożywianiem,2013,gmina,Olkusz,powiat olkuski,17%
176,Udział dzieci w ogóle osób objętych dożywianiem,2013,gmina,Trzyciąż,powiat olkuski,14%
176,Udział dzieci w ogóle osób objętych dożywianiem,2013,gmina,Wolbrom,powiat olkuski,24%
176,Udział dzieci w ogóle osób objętych dożywianiem,2013,powiat,powiat oświęcimski,powiat oświęcimski,21%
176,Udział dzieci w ogóle osób objętych dożywianiem,2013,gmina,Brzeszcze,powiat oświęcimski,22%
176,Udział dzieci w ogóle osób objętych dożywianiem,2013,gmina,Chełmek,powiat oświęcimski,29%
176,Udział dzieci w ogóle osób objętych dożywianiem,2013,gmina,Kęty,powiat oświęcimski,30%
176,Udział dzieci w ogóle osób objętych dożywianiem,2013,gmina,Osiek,powiat oświęcimski,23%
176,Udział dzieci w ogóle osób objętych dożywianiem,2013,gmina,Oświęcim (miasto),powiat oświęcimski,19%
176,Udział dzieci w ogóle osób objętych dożywianiem,2013,gmina,Oświęcim (wieś),powiat oświęcimski,20%
176,Udział dzieci w ogóle osób objętych dożywianiem,2013,gmina,Polanka Wielka,powiat oświęcimski,11%
176,Udział dzieci w ogóle osób objętych dożywianiem,2013,gmina,Przeciszów,powiat oświęcimski,16%
176,Udział dzieci w ogóle osób objętych dożywianiem,2013,gmina,Zator,powiat oświęcimski,41%
176,Udział dzieci w ogóle osób objętych dożywianiem,2013,powiat,powiat proszowicki,powiat proszowicki,18%
176,Udział dzieci w ogóle osób objętych dożywianiem,2013,gmina,Koniusza,powiat proszowicki,1%
176,Udział dzieci w ogóle osób objętych dożywianiem,2013,gmina,Koszyce,powiat proszowicki,25%
176,Udział dzieci w ogóle osób objętych dożywianiem,2013,gmina,Nowe Brzesko,powiat proszowicki,30%
176,Udział dzieci w ogóle osób objętych dożywianiem,2013,gmina,Pałecznica,powiat proszowicki,20%
176,Udział dzieci w ogóle osób objętych dożywianiem,2013,gmina,Proszowice,powiat proszowicki,18%
176,Udział dzieci w ogóle osób objętych dożywianiem,2013,gmina,Radziemice,powiat proszowicki,9%
176,Udział dzieci w ogóle osób objętych dożywianiem,2013,powiat,powiat suski,powiat suski,19%
176,Udział dzieci w ogóle osób objętych dożywianiem,2013,gmina,Budzów,powiat suski,20%
176,Udział dzieci w ogóle osób objętych dożywianiem,2013,gmina,Bystra-Sidzina,powiat suski,20%
176,Udział dzieci w ogóle osób objętych dożywianiem,2013,gmina,Jordanów (miasto),powiat suski,16%
176,Udział dzieci w ogóle osób objętych dożywianiem,2013,gmina,Jordanów (wieś),powiat suski,21%
176,Udział dzieci w ogóle osób objętych dożywianiem,2013,gmina,Maków Podhalański,powiat suski,17%
176,Udział dzieci w ogóle osób objętych dożywianiem,2013,gmina,Stryszawa,powiat suski,24%
176,Udział dzieci w ogóle osób objętych dożywianiem,2013,gmina,Sucha Beskidzka,powiat suski,16%
176,Udział dzieci w ogóle osób objętych dożywianiem,2013,gmina,Zawoja,powiat suski,19%
176,Udział dzieci w ogóle osób objętych dożywianiem,2013,gmina,Zembrzyce,powiat suski,15%
176,Udział dzieci w ogóle osób objętych dożywianiem,2013,powiat,powiat tarnowski,powiat tarnowski,21%
176,Udział dzieci w ogóle osób objętych dożywianiem,2013,gmina,Ciężkowice,powiat tarnowski,22%
176,Udział dzieci w ogóle osób objętych dożywianiem,2013,gmina,Gromnik,powiat tarnowski,18%
176,Udział dzieci w ogóle osób objętych dożywianiem,2013,gmina,Lisia Góra,powiat tarnowski,19%
176,Udział dzieci w ogóle osób objętych dożywianiem,2013,gmina,Pleśna,powiat tarnowski,14%
176,Udział dzieci w ogóle osób objętych dożywianiem,2013,gmina,Radłów,powiat tarnowski,20%
176,Udział dzieci w ogóle osób objętych dożywianiem,2013,gmina,Ryglice,powiat tarnowski,21%
176,Udział dzieci w ogóle osób objętych dożywianiem,2013,gmina,Rzepiennik Strzyżewski,powiat tarnowski,23%
176,Udział dzieci w ogóle osób objętych dożywianiem,2013,gmina,Skrzyszów,powiat tarnowski,29%
176,Udział dzieci w ogóle osób objętych dożywianiem,2013,gmina,Szerzyny,powiat tarnowski,17%
176,Udział dzieci w ogóle osób objętych dożywianiem,2013,gmina,Tarnów (wieś),powiat tarnowski,27%
176,Udział dzieci w ogóle osób objętych dożywianiem,2013,gmina,Tuchów,powiat tarnowski,20%
176,Udział dzieci w ogóle osób objętych dożywianiem,2013,gmina,Wierzchosławice,powiat tarnowski,21%
176,Udział dzieci w ogóle osób objętych dożywianiem,2013,gmina,Wietrzychowice,powiat tarnowski,28%
176,Udział dzieci w ogóle osób objętych dożywianiem,2013,gmina,Wojnicz,powiat tarnowski,18%
176,Udział dzieci w ogóle osób objętych dożywianiem,2013,gmina,Zakliczyn,powiat tarnowski,23%
176,Udział dzieci w ogóle osób objętych dożywianiem,2013,gmina,Żabno,powiat tarnowski,17%
176,Udział dzieci w ogóle osób objętych dożywianiem,2013,powiat,powiat tatrzański,powiat tatrzański,19%
176,Udział dzieci w ogóle osób objętych dożywianiem,2013,gmina,Biały Dunajec,powiat tatrzański,16%
176,Udział dzieci w ogóle osób objętych dożywianiem,2013,gmina,Bukowina Tatrzańska,powiat tatrzański,23%
176,Udział dzieci w ogóle osób objętych dożywianiem,2013,gmina,Kościelisko,powiat tatrzański,24%
176,Udział dzieci w ogóle osób objętych dożywianiem,2013,gmina,Poronin,powiat tatrzański,21%
176,Udział dzieci w ogóle osób objętych dożywianiem,2013,gmina,Zakopane,powiat tatrzański,15%
176,Udział dzieci w ogóle osób objętych dożywianiem,2013,powiat,powiat wadowicki,powiat wadowicki,20%
176,Udział dzieci w ogóle osób objętych dożywianiem,2013,gmina,Andrychów,powiat wadowicki,17%
176,Udział dzieci w ogóle osób objętych dożywianiem,2013,gmina,Brzeźnica,powiat wadowicki,21%
176,Udział dzieci w ogóle osób objętych dożywianiem,2013,gmina,Kalwaria Zebrzydowska,powiat wadowicki,20%
176,Udział dzieci w ogóle osób objętych dożywianiem,2013,gmina,Lanckorona,powiat wadowicki,14%
176,Udział dzieci w ogóle osób objętych dożywianiem,2013,gmina,Mucharz,powiat wadowicki,23%
176,Udział dzieci w ogóle osób objętych dożywianiem,2013,gmina,Spytkowice,powiat wadowicki,26%
176,Udział dzieci w ogóle osób objętych dożywianiem,2013,gmina,Stryszów,powiat wadowicki,24%
176,Udział dzieci w ogóle osób objętych dożywianiem,2013,gmina,Tomice,powiat wadowicki,31%
176,Udział dzieci w ogóle osób objętych dożywianiem,2013,gmina,Wadowice,powiat wadowicki,17%
176,Udział dzieci w ogóle osób objętych dożywianiem,2013,gmina,Wieprz,powiat wadowicki,18%
176,Udział dzieci w ogóle osób objętych dożywianiem,2013,powiat,powiat wielicki,powiat wielicki,18%
176,Udział dzieci w ogóle osób objętych dożywianiem,2013,gmina,Biskupice,powiat wielicki,11%
176,Udział dzieci w ogóle osób objętych dożywianiem,2013,gmina,Gdów,powiat wielicki,26%
176,Udział dzieci w ogóle osób objętych dożywianiem,2013,gmina,Kłaj,powiat wielicki,28%
176,Udział dzieci w ogóle osób objętych dożywianiem,2013,gmina,Niepołomice,powiat wielicki,22%
176,Udział dzieci w ogóle osób objętych dożywianiem,2013,gmina,Wieliczka,powiat wielicki,15%
176,Udział dzieci w ogóle osób objętych dożywianiem,2012,powiat,powiat bocheński,powiat bocheński,20%
176,Udział dzieci w ogóle osób objętych dożywianiem,2012,gmina,Bochnia (miasto),powiat bocheński,16%
176,Udział dzieci w ogóle osób objętych dożywianiem,2012,gmina,Bochnia (wieś),powiat bocheński,18%
176,Udział dzieci w ogóle osób objętych dożywianiem,2012,gmina,Drwinia,powiat bocheński,28%
176,Udział dzieci w ogóle osób objętych dożywianiem,2012,gmina,Lipnica Murowana,powiat bocheński,30%
176,Udział dzieci w ogóle osób objętych dożywianiem,2012,gmina,Łapanów,powiat bocheński,15%
176,Udział dzieci w ogóle osób objętych dożywianiem,2012,gmina,Nowy Wiśnicz,powiat bocheński,21%
176,Udział dzieci w ogóle osób objętych dożywianiem,2012,gmina,Rzezawa,powiat bocheński,31%
176,Udział dzieci w ogóle osób objętych dożywianiem,2012,gmina,Trzciana,powiat bocheński,21%
176,Udział dzieci w ogóle osób objętych dożywianiem,2012,gmina,Żegocina,powiat bocheński,21%
176,Udział dzieci w ogóle osób objętych dożywianiem,2012,powiat,powiat brzeski,powiat brzeski,22%
176,Udział dzieci w ogóle osób objętych dożywianiem,2012,gmina,Borzęcin,powiat brzeski,27%
176,Udział dzieci w ogóle osób objętych dożywianiem,2012,gmina,Brzesko,powiat brzeski,29%
176,Udział dzieci w ogóle osób objętych dożywianiem,2012,gmina,Czchów,powiat brzeski,17%
176,Udział dzieci w ogóle osób objętych dożywianiem,2012,gmina,Dębno,powiat brzeski,21%
176,Udział dzieci w ogóle osób objętych dożywianiem,2012,gmina,Gnojnik,powiat brzeski,20%
176,Udział dzieci w ogóle osób objętych dożywianiem,2012,gmina,Iwkowa,powiat brzeski,16%
176,Udział dzieci w ogóle osób objętych dożywianiem,2012,gmina,Szczurowa,powiat brzeski,16%
176,Udział dzieci w ogóle osób objętych dożywianiem,2012,powiat,powiat chrzanowski,powiat chrzanowski,25%
176,Udział dzieci w ogóle osób objętych dożywianiem,2012,gmina,Alwernia,powiat chrzanowski,24%
176,Udział dzieci w ogóle osób objętych dożywianiem,2012,gmina,Babice,powiat chrzanowski,17%
176,Udział dzieci w ogóle osób objętych dożywianiem,2012,gmina,Chrzanów,powiat chrzanowski,25%
176,Udział dzieci w ogóle osób objętych dożywianiem,2012,gmina,Libiąż,powiat chrzanowski,26%
176,Udział dzieci w ogóle osób objętych dożywianiem,2012,gmina,Trzebinia,powiat chrzanowski,29%
176,Udział dzieci w ogóle osób objętych dożywianiem,2012,powiat,powiat dąbrowski,powiat dąbrowski,12%
176,Udział dzieci w ogóle osób objętych dożywianiem,2012,gmina,Bolesław,powiat dąbrowski,26%
176,Udział dzieci w ogóle osób objętych dożywianiem,2012,gmina,Dąbrowa Tarnowska,powiat dąbrowski,13%
176,Udział dzieci w ogóle osób objętych dożywianiem,2012,gmina,Gręboszów,powiat dąbrowski,20%
176,Udział dzieci w ogóle osób objętych dożywianiem,2012,gmina,Mędrzechów,powiat dąbrowski,0%
176,Udział dzieci w ogóle osób objętych dożywianiem,2012,gmina,Olesno,powiat dąbrowski,18%
176,Udział dzieci w ogóle osób objętych dożywianiem,2012,gmina,Radgoszcz,powiat dąbrowski,16%
176,Udział dzieci w ogóle osób objętych dożywianiem,2012,gmina,Szczucin,powiat dąbrowski,3%
176,Udział dzieci w ogóle osób objętych dożywianiem,2012,powiat,powiat gorlicki,powiat gorlicki,21%
176,Udział dzieci w ogóle osób objętych dożywianiem,2012,gmina,Biecz,powiat gorlicki,18%
176,Udział dzieci w ogóle osób objętych dożywianiem,2012,gmina,Bobowa,powiat gorlicki,16%
176,Udział dzieci w ogóle osób objętych dożywianiem,2012,gmina,Gorlice (miasto),powiat gorlicki,25%
176,Udział dzieci w ogóle osób objętych dożywianiem,2012,gmina,Gorlice (wieś),powiat gorlicki,23%
176,Udział dzieci w ogóle osób objętych dożywianiem,2012,gmina,Lipinki,powiat gorlicki,21%
176,Udział dzieci w ogóle osób objętych dożywianiem,2012,gmina,Łużna,powiat gorlicki,27%
176,Udział dzieci w ogóle osób objętych dożywianiem,2012,gmina,Moszczenica,powiat gorlicki,23%
176,Udział dzieci w ogóle osób objętych dożywianiem,2012,gmina,Ropa,powiat gorlicki,14%
176,Udział dzieci w ogóle osób objętych dożywianiem,2012,gmina,Sękowa,powiat gorlicki,21%
176,Udział dzieci w ogóle osób objętych dożywianiem,2012,gmina,Uście Gorlickie,powiat gorlicki,18%
176,Udział dzieci w ogóle osób objętych dożywianiem,2012,powiat,powiat krakowski,powiat krakowski,18%
176,Udział dzieci w ogóle osób objętych dożywianiem,2012,gmina,Czernichów,powiat krakowski,18%
176,Udział dzieci w ogóle osób objętych dożywianiem,2012,gmina,Igołomia-Wawrzeńczyce,powiat krakowski,19%
176,Udział dzieci w ogóle osób objętych dożywianiem,2012,gmina,Iwanowice,powiat krakowski,22%
176,Udział dzieci w ogóle osób objętych dożywianiem,2012,gmina,Jerzmanowice-Przeginia,powiat krakowski,24%
176,Udział dzieci w ogóle osób objętych dożywianiem,2012,gmina,Kocmyrzów-Luborzyca,powiat krakowski,18%
176,Udział dzieci w ogóle osób objętych dożywianiem,2012,gmina,Krzeszowice,powiat krakowski,17%
176,Udział dzieci w ogóle osób objętych dożywianiem,2012,gmina,Liszki,powiat krakowski,29%
176,Udział dzieci w ogóle osób objętych dożywianiem,2012,gmina,Michałowice,powiat krakowski,19%
176,Udział dzieci w ogóle osób objętych dożywianiem,2012,gmina,Mogilany,powiat krakowski,16%
176,Udział dzieci w ogóle osób objętych dożywianiem,2012,gmina,Skała,powiat krakowski,23%
176,Udział dzieci w ogóle osób objętych dożywianiem,2012,gmina,Skawina,powiat krakowski,11%
176,Udział dzieci w ogóle osób objętych dożywianiem,2012,gmina,Słomniki,powiat krakowski,19%
176,Udział dzieci w ogóle osób objętych dożywianiem,2012,gmina,Sułoszowa,powiat krakowski,19%
176,Udział dzieci w ogóle osób objętych dożywianiem,2012,gmina,Świątniki Górne,powiat krakowski,15%
176,Udział dzieci w ogóle osób objętych dożywianiem,2012,gmina,Wielka Wieś,powiat krakowski,25%
176,Udział dzieci w ogóle osób objętych dożywianiem,2012,gmina,Zabierzów,powiat krakowski,18%
176,Udział dzieci w ogóle osób objętych dożywianiem,2012,gmina,Zielonki,powiat krakowski,19%
176,Udział dzieci w ogóle osób objętych dożywianiem,2012,powiat,powiat limanowski,powiat limanowski,19%
176,Udział dzieci w ogóle osób objętych dożywianiem,2012,gmina,Dobra,powiat limanowski,21%
176,Udział dzieci w ogóle osób objętych dożywianiem,2012,gmina,Jodłownik,powiat limanowski,15%
176,Udział dzieci w ogóle osób objętych dożywianiem,2012,gmina,Kamienica,powiat limanowski,19%
176,Udział dzieci w ogóle osób objętych dożywianiem,2012,gmina,Laskowa,powiat limanowski,14%
176,Udział dzieci w ogóle osób objętych dożywianiem,2012,gmina,Limanowa (miasto),powiat limanowski,16%
176,Udział dzieci w ogóle osób objętych dożywianiem,2012,gmina,Limanowa (wieś),powiat limanowski,23%
176,Udział dzieci w ogóle osób objętych dożywianiem,2012,gmina,Łukowica,powiat limanowski,19%
176,Udział dzieci w ogóle osób objętych dożywianiem,2012,gmina,Mszana Dolna (miasto),powiat limanowski,18%
176,Udział dzieci w ogóle osób objętych dożywianiem,2012,gmina,Mszana Dolna (wieś),powiat limanowski,17%
176,Udział dzieci w ogóle osób objętych dożywianiem,2012,gmina,Niedźwiedź,powiat limanowski,17%
176,Udział dzieci w ogóle osób objętych dożywianiem,2012,gmina,Słopnice,powiat limanowski,19%
176,Udział dzieci w ogóle osób objętych dożywianiem,2012,gmina,Tymbark,powiat limanowski,23%
176,Udział dzieci w ogóle osób objętych dożywianiem,2012,powiat,powiat m. Kraków,powiat m. Kraków,14%
176,Udział dzieci w ogóle osób objętych dożywianiem,2012,powiat,powiat m. Nowy Sącz,powiat m. Nowy Sącz,15%
176,Udział dzieci w ogóle osób objętych dożywianiem,2012,powiat,powiat m. Tarnów,powiat m. Tarnów,15%
176,Udział dzieci w ogóle osób objętych dożywianiem,2012,powiat,powiat miechowski,powiat miechowski,17%
176,Udział dzieci w ogóle osób objętych dożywianiem,2012,gmina,Charsznica,powiat miechowski,20%
176,Udział dzieci w ogóle osób objętych dożywianiem,2012,gmina,Gołcza,powiat miechowski,19%
176,Udział dzieci w ogóle osób objętych dożywianiem,2012,gmina,Kozłów,powiat miechowski,16%
176,Udział dzieci w ogóle osób objętych dożywianiem,2012,gmina,Książ Wielki,powiat miechowski,17%
176,Udział dzieci w ogóle osób objętych dożywianiem,2012,gmina,Miechów,powiat miechowski,13%
176,Udział dzieci w ogóle osób objętych dożywianiem,2012,gmina,Racławice,powiat miechowski,20%
176,Udział dzieci w ogóle osób objętych dożywianiem,2012,gmina,Słaboszów,powiat miechowski,26%
176,Udział dzieci w ogóle osób objętych dożywianiem,2012,powiat,powiat myślenicki,powiat myślenicki,19%
176,Udział dzieci w ogóle osób objętych dożywianiem,2012,gmina,Dobczyce,powiat myślenicki,30%
176,Udział dzieci w ogóle osób objętych dożywianiem,2012,gmina,Lubień,powiat myślenicki,15%
176,Udział dzieci w ogóle osób objętych dożywianiem,2012,gmina,Myślenice,powiat myślenicki,17%
176,Udział dzieci w ogóle osób objętych dożywianiem,2012,gmina,Pcim,powiat myślenicki,22%
176,Udział dzieci w ogóle osób objętych dożywianiem,2012,gmina,Raciechowice,powiat myślenicki,20%
176,Udział dzieci w ogóle osób objętych dożywianiem,2012,gmina,Siepraw,powiat myślenicki,28%
176,Udział dzieci w ogóle osób objętych dożywianiem,2012,gmina,Sułkowice,powiat myślenicki,16%
176,Udział dzieci w ogóle osób objętych dożywianiem,2012,gmina,Tokarnia,powiat myślenicki,19%
176,Udział dzieci w ogóle osób objętych dożywianiem,2012,gmina,Wiśniowa,powiat myślenicki,17%
176,Udział dzieci w ogóle osób objętych dożywianiem,2012,powiat,powiat nowosądecki,powiat nowosądecki,16%
176,Udział dzieci w ogóle osób objętych dożywianiem,2012,gmina,Podegrodzie,powiat nowosądecki,15%
176,Udział dzieci w ogóle osób objętych dożywianiem,2012,gmina,Rytro,powiat nowosądecki,19%
176,Udział dzieci w ogóle osób objętych dożywianiem,2012,gmina,Stary Sącz,powiat nowosądecki,22%
176,Udział dzieci w ogóle osób objętych dożywianiem,2012,gmina,Chełmiec,powiat nowosądecki,18%
176,Udział dzieci w ogóle osób objętych dożywianiem,2012,gmina,Gródek nad Dunajcem,powiat nowosądecki,14%
176,Udział dzieci w ogóle osób objętych dożywianiem,2012,gmina,Grybów (miasto),powiat nowosądecki,14%
176,Udział dzieci w ogóle osób objętych dożywianiem,2012,gmina,Grybów (wieś),powiat nowosądecki,12%
176,Udział dzieci w ogóle osób objętych dożywianiem,2012,gmina,Kamionka Wielka,powiat nowosądecki,18%
176,Udział dzieci w ogóle osób objętych dożywianiem,2012,gmina,Korzenna,powiat nowosądecki,14%
176,Udział dzieci w ogóle osób objętych dożywianiem,2012,gmina,Krynica-Zdrój,powiat nowosądecki,27%
176,Udział dzieci w ogóle osób objętych dożywianiem,2012,gmina,Łabowa,powiat nowosądecki,18%
176,Udział dzieci w ogóle osób objętych dożywianiem,2012,gmina,Łącko,powiat nowosądecki,20%
176,Udział dzieci w ogóle osób objętych dożywianiem,2012,gmina,Łososina Dolna,powiat nowosądecki,18%
176,Udział dzieci w ogóle osób objętych dożywianiem,2012,gmina,Muszyna,powiat nowosądecki,13%
176,Udział dzieci w ogóle osób objętych dożywianiem,2012,gmina,Nawojowa,powiat nowosądecki,17%
176,Udział dzieci w ogóle osób objętych dożywianiem,2012,gmina,Piwniczna-Zdrój,powiat nowosądecki,22%
176,Udział dzieci w ogóle osób objętych dożywianiem,2012,powiat,powiat nowotarski,powiat nowotarski,17%
176,Udział dzieci w ogóle osób objętych dożywianiem,2012,gmina,Czarny Dunajec,powiat nowotarski,19%
176,Udział dzieci w ogóle osób objętych dożywianiem,2012,gmina,Czorsztyn,powiat nowotarski,35%
176,Udział dzieci w ogóle osób objętych dożywianiem,2012,gmina,Jabłonka,powiat nowotarski,13%
176,Udział dzieci w ogóle osób objętych dożywianiem,2012,gmina,Krościenko nad Dunajcem,powiat nowotarski,21%
176,Udział dzieci w ogóle osób objętych dożywianiem,2012,gmina,Lipnica Wielka,powiat nowotarski,11%
176,Udział dzieci w ogóle osób objętych dożywianiem,2012,gmina,Łapsze Niżne,powiat nowotarski,12%
176,Udział dzieci w ogóle osób objętych dożywianiem,2012,gmina,Nowy Targ (miasto),powiat nowotarski,17%
176,Udział dzieci w ogóle osób objętych dożywianiem,2012,gmina,Nowy Targ (wieś),powiat nowotarski,19%
176,Udział dzieci w ogóle osób objętych dożywianiem,2012,gmina,Ochotnica Dolna,powiat nowotarski,10%
176,Udział dzieci w ogóle osób objętych dożywianiem,2012,gmina,Raba Wyżna,powiat nowotarski,18%
176,Udział dzieci w ogóle osób objętych dożywianiem,2012,gmina,Rabka-Zdrój,powiat nowotarski,19%
176,Udział dzieci w ogóle osób objętych dożywianiem,2012,gmina,Spytkowice,powiat nowotarski,24%
176,Udział dzieci w ogóle osób objętych dożywianiem,2012,gmina,Szaflary,powiat nowotarski,25%
176,Udział dzieci w ogóle osób objętych dożywianiem,2012,gmina,Szczawnica,powiat nowotarski,19%
176,Udział dzieci w ogóle osób objętych dożywianiem,2012,powiat,powiat olkuski,powiat olkuski,18%
176,Udział dzieci w ogóle osób objętych dożywianiem,2012,gmina,Bolesław,powiat olkuski,17%
176,Udział dzieci w ogóle osób objętych dożywianiem,2012,gmina,Bukowno,powiat olkuski,16%
176,Udział dzieci w ogóle osób objętych dożywianiem,2012,gmina,Klucze,powiat olkuski,20%
176,Udział dzieci w ogóle osób objętych dożywianiem,2012,gmina,Olkusz,powiat olkuski,19%
176,Udział dzieci w ogóle osób objętych dożywianiem,2012,gmina,Trzyciąż,powiat olkuski,5%
176,Udział dzieci w ogóle osób objętych dożywianiem,2012,gmina,Wolbrom,powiat olkuski,19%
176,Udział dzieci w ogóle osób objętych dożywianiem,2012,powiat,powiat oświęcimski,powiat oświęcimski,20%
176,Udział dzieci w ogóle osób objętych dożywianiem,2012,gmina,Brzeszcze,powiat oświęcimski,21%
176,Udział dzieci w ogóle osób objętych dożywianiem,2012,gmina,Chełmek,powiat oświęcimski,28%
176,Udział dzieci w ogóle osób objętych dożywianiem,2012,gmina,Kęty,powiat oświęcimski,25%
176,Udział dzieci w ogóle osób objętych dożywianiem,2012,gmina,Osiek,powiat oświęcimski,19%
176,Udział dzieci w ogóle osób objętych dożywianiem,2012,gmina,Oświęcim (miasto),powiat oświęcimski,18%
176,Udział dzieci w ogóle osób objętych dożywianiem,2012,gmina,Oświęcim (wieś),powiat oświęcimski,15%
176,Udział dzieci w ogóle osób objętych dożywianiem,2012,gmina,Polanka Wielka,powiat oświęcimski,13%
176,Udział dzieci w ogóle osób objętych dożywianiem,2012,gmina,Przeciszów,powiat oświęcimski,25%
176,Udział dzieci w ogóle osób objętych dożywianiem,2012,gmina,Zator,powiat oświęcimski,36%
176,Udział dzieci w ogóle osób objętych dożywianiem,2012,powiat,powiat proszowicki,powiat proszowicki,18%
176,Udział dzieci w ogóle osób objętych dożywianiem,2012,gmina,Koniusza,powiat proszowicki,1%
176,Udział dzieci w ogóle osób objętych dożywianiem,2012,gmina,Koszyce,powiat proszowicki,22%
176,Udział dzieci w ogóle osób objętych dożywianiem,2012,gmina,Nowe Brzesko,powiat proszowicki,29%
176,Udział dzieci w ogóle osób objętych dożywianiem,2012,gmina,Pałecznica,powiat proszowicki,17%
176,Udział dzieci w ogóle osób objętych dożywianiem,2012,gmina,Proszowice,powiat proszowicki,18%
176,Udział dzieci w ogóle osób objętych dożywianiem,2012,gmina,Radziemice,powiat proszowicki,14%
176,Udział dzieci w ogóle osób objętych dożywianiem,2012,powiat,powiat suski,powiat suski,16%
176,Udział dzieci w ogóle osób objętych dożywianiem,2012,gmina,Budzów,powiat suski,20%
176,Udział dzieci w ogóle osób objętych dożywianiem,2012,gmina,Bystra-Sidzina,powiat suski,19%
176,Udział dzieci w ogóle osób objętych dożywianiem,2012,gmina,Jordanów (miasto),powiat suski,14%
176,Udział dzieci w ogóle osób objętych dożywianiem,2012,gmina,Jordanów (wieś),powiat suski,9%
176,Udział dzieci w ogóle osób objętych dożywianiem,2012,gmina,Maków Podhalański,powiat suski,18%
176,Udział dzieci w ogóle osób objętych dożywianiem,2012,gmina,Stryszawa,powiat suski,21%
176,Udział dzieci w ogóle osób objętych dożywianiem,2012,gmina,Sucha Beskidzka,powiat suski,15%
176,Udział dzieci w ogóle osób objętych dożywianiem,2012,gmina,Zawoja,powiat suski,19%
176,Udział dzieci w ogóle osób objętych dożywianiem,2012,gmina,Zembrzyce,powiat suski,16%
176,Udział dzieci w ogóle osób objętych dożywianiem,2012,powiat,powiat tarnowski,powiat tarnowski,20%
176,Udział dzieci w ogóle osób objętych dożywianiem,2012,gmina,Ciężkowice,powiat tarnowski,18%
176,Udział dzieci w ogóle osób objętych dożywianiem,2012,gmina,Gromnik,powiat tarnowski,17%
176,Udział dzieci w ogóle osób objętych dożywianiem,2012,gmina,Lisia Góra,powiat tarnowski,20%
176,Udział dzieci w ogóle osób objętych dożywianiem,2012,gmina,Pleśna,powiat tarnowski,14%
176,Udział dzieci w ogóle osób objętych dożywianiem,2012,gmina,Radłów,powiat tarnowski,19%
176,Udział dzieci w ogóle osób objętych dożywianiem,2012,gmina,Ryglice,powiat tarnowski,19%
176,Udział dzieci w ogóle osób objętych dożywianiem,2012,gmina,Rzepiennik Strzyżewski,powiat tarnowski,22%
176,Udział dzieci w ogóle osób objętych dożywianiem,2012,gmina,Skrzyszów,powiat tarnowski,29%
176,Udział dzieci w ogóle osób objętych dożywianiem,2012,gmina,Szerzyny,powiat tarnowski,12%
176,Udział dzieci w ogóle osób objętych dożywianiem,2012,gmina,Tarnów (wieś),powiat tarnowski,25%
176,Udział dzieci w ogóle osób objętych dożywianiem,2012,gmina,Tuchów,powiat tarnowski,17%
176,Udział dzieci w ogóle osób objętych dożywianiem,2012,gmina,Wierzchosławice,powiat tarnowski,20%
176,Udział dzieci w ogóle osób objętych dożywianiem,2012,gmina,Wietrzychowice,powiat tarnowski,33%
176,Udział dzieci w ogóle osób objętych dożywianiem,2012,gmina,Wojnicz,powiat tarnowski,18%
176,Udział dzieci w ogóle osób objętych dożywianiem,2012,gmina,Zakliczyn,powiat tarnowski,20%
176,Udział dzieci w ogóle osób objętych dożywianiem,2012,gmina,Żabno,powiat tarnowski,17%
176,Udział dzieci w ogóle osób objętych dożywianiem,2012,powiat,powiat tatrzański,powiat tatrzański,20%
176,Udział dzieci w ogóle osób objętych dożywianiem,2012,gmina,Biały Dunajec,powiat tatrzański,18%
176,Udział dzieci w ogóle osób objętych dożywianiem,2012,gmina,Bukowina Tatrzańska,powiat tatrzański,27%
176,Udział dzieci w ogóle osób objętych dożywianiem,2012,gmina,Kościelisko,powiat tatrzański,20%
176,Udział dzieci w ogóle osób objętych dożywianiem,2012,gmina,Poronin,powiat tatrzański,17%
176,Udział dzieci w ogóle osób objętych dożywianiem,2012,gmina,Zakopane,powiat tatrzański,17%
176,Udział dzieci w ogóle osób objętych dożywianiem,2012,powiat,powiat wadowicki,powiat wadowicki,19%
176,Udział dzieci w ogóle osób objętych dożywianiem,2012,gmina,Andrychów,powiat wadowicki,18%
176,Udział dzieci w ogóle osób objętych dożywianiem,2012,gmina,Brzeźnica,powiat wadowicki,21%
176,Udział dzieci w ogóle osób objętych dożywianiem,2012,gmina,Kalwaria Zebrzydowska,powiat wadowicki,18%
176,Udział dzieci w ogóle osób objętych dożywianiem,2012,gmina,Lanckorona,powiat wadowicki,16%
176,Udział dzieci w ogóle osób objętych dożywianiem,2012,gmina,Mucharz,powiat wadowicki,32%
176,Udział dzieci w ogóle osób objętych dożywianiem,2012,gmina,Spytkowice,powiat wadowicki,25%
176,Udział dzieci w ogóle osób objętych dożywianiem,2012,gmina,Stryszów,powiat wadowicki,27%
176,Udział dzieci w ogóle osób objętych dożywianiem,2012,gmina,Tomice,powiat wadowicki,25%
176,Udział dzieci w ogóle osób objętych dożywianiem,2012,gmina,Wadowice,powiat wadowicki,17%
176,Udział dzieci w ogóle osób objętych dożywianiem,2012,gmina,Wieprz,powiat wadowicki,17%
176,Udział dzieci w ogóle osób objętych dożywianiem,2012,powiat,powiat wielicki,powiat wielicki,18%
176,Udział dzieci w ogóle osób objętych dożywianiem,2012,gmina,Biskupice,powiat wielicki,12%
176,Udział dzieci w ogóle osób objętych dożywianiem,2012,gmina,Gdów,powiat wielicki,25%
176,Udział dzieci w ogóle osób objętych dożywianiem,2012,gmina,Kłaj,powiat wielicki,24%
176,Udział dzieci w ogóle osób objętych dożywianiem,2012,gmina,Niepołomice,powiat wielicki,22%
176,Udział dzieci w ogóle osób objętych dożywianiem,2012,gmina,Wieliczka,powiat wielicki,15%
176,Udział dzieci w ogóle osób objętych dożywianiem,2011,powiat,powiat bocheński,powiat bocheński,18%
176,Udział dzieci w ogóle osób objętych dożywianiem,2011,gmina,Bochnia (miasto),powiat bocheński,16%
176,Udział dzieci w ogóle osób objętych dożywianiem,2011,gmina,Bochnia (wieś),powiat bocheński,17%
176,Udział dzieci w ogóle osób objętych dożywianiem,2011,gmina,Drwinia,powiat bocheński,28%
176,Udział dzieci w ogóle osób objętych dożywianiem,2011,gmina,Lipnica Murowana,powiat bocheński,21%
176,Udział dzieci w ogóle osób objętych dożywianiem,2011,gmina,Łapanów,powiat bocheński,12%
176,Udział dzieci w ogóle osób objętych dożywianiem,2011,gmina,Nowy Wiśnicz,powiat bocheński,21%
176,Udział dzieci w ogóle osób objętych dożywianiem,2011,gmina,Rzezawa,powiat bocheński,28%
176,Udział dzieci w ogóle osób objętych dożywianiem,2011,gmina,Trzciana,powiat bocheński,17%
176,Udział dzieci w ogóle osób objętych dożywianiem,2011,gmina,Żegocina,powiat bocheński,17%
176,Udział dzieci w ogóle osób objętych dożywianiem,2011,powiat,powiat brzeski,powiat brzeski,21%
176,Udział dzieci w ogóle osób objętych dożywianiem,2011,gmina,Borzęcin,powiat brzeski,24%
176,Udział dzieci w ogóle osób objętych dożywianiem,2011,gmina,Brzesko,powiat brzeski,28%
176,Udział dzieci w ogóle osób objętych dożywianiem,2011,gmina,Czchów,powiat brzeski,17%
176,Udział dzieci w ogóle osób objętych dożywianiem,2011,gmina,Dębno,powiat brzeski,27%
176,Udział dzieci w ogóle osób objętych dożywianiem,2011,gmina,Gnojnik,powiat brzeski,18%
176,Udział dzieci w ogóle osób objętych dożywianiem,2011,gmina,Iwkowa,powiat brzeski,12%
176,Udział dzieci w ogóle osób objętych dożywianiem,2011,gmina,Szczurowa,powiat brzeski,20%
176,Udział dzieci w ogóle osób objętych dożywianiem,2011,powiat,powiat chrzanowski,powiat chrzanowski,23%
176,Udział dzieci w ogóle osób objętych dożywianiem,2011,gmina,Alwernia,powiat chrzanowski,25%
176,Udział dzieci w ogóle osób objętych dożywianiem,2011,gmina,Babice,powiat chrzanowski,17%
176,Udział dzieci w ogóle osób objętych dożywianiem,2011,gmina,Chrzanów,powiat chrzanowski,23%
176,Udział dzieci w ogóle osób objętych dożywianiem,2011,gmina,Libiąż,powiat chrzanowski,24%
176,Udział dzieci w ogóle osób objętych dożywianiem,2011,gmina,Trzebinia,powiat chrzanowski,26%
176,Udział dzieci w ogóle osób objętych dożywianiem,2011,powiat,powiat dąbrowski,powiat dąbrowski,13%
176,Udział dzieci w ogóle osób objętych dożywianiem,2011,gmina,Bolesław,powiat dąbrowski,22%
176,Udział dzieci w ogóle osób objętych dożywianiem,2011,gmina,Dąbrowa Tarnowska,powiat dąbrowski,15%
176,Udział dzieci w ogóle osób objętych dożywianiem,2011,gmina,Gręboszów,powiat dąbrowski,17%
176,Udział dzieci w ogóle osób objętych dożywianiem,2011,gmina,Mędrzechów,powiat dąbrowski,0%
176,Udział dzieci w ogóle osób objętych dożywianiem,2011,gmina,Olesno,powiat dąbrowski,18%
176,Udział dzieci w ogóle osób objętych dożywianiem,2011,gmina,Radgoszcz,powiat dąbrowski,17%
176,Udział dzieci w ogóle osób objętych dożywianiem,2011,gmina,Szczucin,powiat dąbrowski,2%
176,Udział dzieci w ogóle osób objętych dożywianiem,2011,powiat,powiat gorlicki,powiat gorlicki,20%
176,Udział dzieci w ogóle osób objętych dożywianiem,2011,gmina,Biecz,powiat gorlicki,18%
176,Udział dzieci w ogóle osób objętych dożywianiem,2011,gmina,Bobowa,powiat gorlicki,16%
176,Udział dzieci w ogóle osób objętych dożywianiem,2011,gmina,Gorlice (miasto),powiat gorlicki,24%
176,Udział dzieci w ogóle osób objętych dożywianiem,2011,gmina,Gorlice (wieś),powiat gorlicki,23%
176,Udział dzieci w ogóle osób objętych dożywianiem,2011,gmina,Lipinki,powiat gorlicki,22%
176,Udział dzieci w ogóle osób objętych dożywianiem,2011,gmina,Łużna,powiat gorlicki,27%
176,Udział dzieci w ogóle osób objętych dożywianiem,2011,gmina,Moszczenica,powiat gorlicki,22%
176,Udział dzieci w ogóle osób objętych dożywianiem,2011,gmina,Ropa,powiat gorlicki,5%
176,Udział dzieci w ogóle osób objętych dożywianiem,2011,gmina,Sękowa,powiat gorlicki,19%
176,Udział dzieci w ogóle osób objętych dożywianiem,2011,gmina,Uście Gorlickie,powiat gorlicki,12%
176,Udział dzieci w ogóle osób objętych dożywianiem,2011,powiat,powiat krakowski,powiat krakowski,16%
176,Udział dzieci w ogóle osób objętych dożywianiem,2011,gmina,Czernichów,powiat krakowski,17%
176,Udział dzieci w ogóle osób objętych dożywianiem,2011,gmina,Igołomia-Wawrzeńczyce,powiat krakowski,14%
176,Udział dzieci w ogóle osób objętych dożywianiem,2011,gmina,Iwanowice,powiat krakowski,10%
176,Udział dzieci w ogóle osób objętych dożywianiem,2011,gmina,Jerzmanowice-Przeginia,powiat krakowski,26%
176,Udział dzieci w ogóle osób objętych dożywianiem,2011,gmina,Kocmyrzów-Luborzyca,powiat krakowski,15%
176,Udział dzieci w ogóle osób objętych dożywianiem,2011,gmina,Krzeszowice,powiat krakowski,17%
176,Udział dzieci w ogóle osób objętych dożywianiem,2011,gmina,Liszki,powiat krakowski,27%
176,Udział dzieci w ogóle osób objętych dożywianiem,2011,gmina,Michałowice,powiat krakowski,16%
176,Udział dzieci w ogóle osób objętych dożywianiem,2011,gmina,Mogilany,powiat krakowski,16%
176,Udział dzieci w ogóle osób objętych dożywianiem,2011,gmina,Skała,powiat krakowski,18%
176,Udział dzieci w ogóle osób objętych dożywianiem,2011,gmina,Skawina,powiat krakowski,11%
176,Udział dzieci w ogóle osób objętych dożywianiem,2011,gmina,Słomniki,powiat krakowski,17%
176,Udział dzieci w ogóle osób objętych dożywianiem,2011,gmina,Sułoszowa,powiat krakowski,17%
176,Udział dzieci w ogóle osób objętych dożywianiem,2011,gmina,Świątniki Górne,powiat krakowski,15%
176,Udział dzieci w ogóle osób objętych dożywianiem,2011,gmina,Wielka Wieś,powiat krakowski,22%
176,Udział dzieci w ogóle osób objętych dożywianiem,2011,gmina,Zabierzów,powiat krakowski,20%
176,Udział dzieci w ogóle osób objętych dożywianiem,2011,gmina,Zielonki,powiat krakowski,19%
176,Udział dzieci w ogóle osób objętych dożywianiem,2011,powiat,powiat limanowski,powiat limanowski,17%
176,Udział dzieci w ogóle osób objętych dożywianiem,2011,gmina,Dobra,powiat limanowski,15%
176,Udział dzieci w ogóle osób objętych dożywianiem,2011,gmina,Jodłownik,powiat limanowski,14%
176,Udział dzieci w ogóle osób objętych dożywianiem,2011,gmina,Kamienica,powiat limanowski,15%
176,Udział dzieci w ogóle osób objętych dożywianiem,2011,gmina,Laskowa,powiat limanowski,10%
176,Udział dzieci w ogóle osób objętych dożywianiem,2011,gmina,Limanowa (miasto),powiat limanowski,14%
176,Udział dzieci w ogóle osób objętych dożywianiem,2011,gmina,Limanowa (wieś),powiat limanowski,20%
176,Udział dzieci w ogóle osób objętych dożywianiem,2011,gmina,Łukowica,powiat limanowski,19%
176,Udział dzieci w ogóle osób objętych dożywianiem,2011,gmina,Mszana Dolna (miasto),powiat limanowski,19%
176,Udział dzieci w ogóle osób objętych dożywianiem,2011,gmina,Mszana Dolna (wieś),powiat limanowski,17%
176,Udział dzieci w ogóle osób objętych dożywianiem,2011,gmina,Niedźwiedź,powiat limanowski,15%
176,Udział dzieci w ogóle osób objętych dożywianiem,2011,gmina,Słopnice,powiat limanowski,22%
176,Udział dzieci w ogóle osób objętych dożywianiem,2011,gmina,Tymbark,powiat limanowski,21%
176,Udział dzieci w ogóle osób objętych dożywianiem,2011,powiat,powiat m. Kraków,powiat m. Kraków,14%
176,Udział dzieci w ogóle osób objętych dożywianiem,2011,powiat,powiat m. Nowy Sącz,powiat m. Nowy Sącz,17%
176,Udział dzieci w ogóle osób objętych dożywianiem,2011,powiat,powiat m. Tarnów,powiat m. Tarnów,14%
176,Udział dzieci w ogóle osób objętych dożywianiem,2011,powiat,powiat miechowski,powiat miechowski,16%
176,Udział dzieci w ogóle osób objętych dożywianiem,2011,gmina,Charsznica,powiat miechowski,19%
176,Udział dzieci w ogóle osób objętych dożywianiem,2011,gmina,Gołcza,powiat miechowski,16%
176,Udział dzieci w ogóle osób objętych dożywianiem,2011,gmina,Kozłów,powiat miechowski,10%
176,Udział dzieci w ogóle osób objętych dożywianiem,2011,gmina,Książ Wielki,powiat miechowski,22%
176,Udział dzieci w ogóle osób objętych dożywianiem,2011,gmina,Miechów,powiat miechowski,14%
176,Udział dzieci w ogóle osób objętych dożywianiem,2011,gmina,Racławice,powiat miechowski,19%
176,Udział dzieci w ogóle osób objętych dożywianiem,2011,gmina,Słaboszów,powiat miechowski,19%
176,Udział dzieci w ogóle osób objętych dożywianiem,2011,powiat,powiat myślenicki,powiat myślenicki,17%
176,Udział dzieci w ogóle osób objętych dożywianiem,2011,gmina,Dobczyce,powiat myślenicki,29%
176,Udział dzieci w ogóle osób objętych dożywianiem,2011,gmina,Lubień,powiat myślenicki,13%
176,Udział dzieci w ogóle osób objętych dożywianiem,2011,gmina,Myślenice,powiat myślenicki,16%
176,Udział dzieci w ogóle osób objętych dożywianiem,2011,gmina,Pcim,powiat myślenicki,27%
176,Udział dzieci w ogóle osób objętych dożywianiem,2011,gmina,Raciechowice,powiat myślenicki,10%
176,Udział dzieci w ogóle osób objętych dożywianiem,2011,gmina,Siepraw,powiat myślenicki,23%
176,Udział dzieci w ogóle osób objętych dożywianiem,2011,gmina,Sułkowice,powiat myślenicki,16%
176,Udział dzieci w ogóle osób objętych dożywianiem,2011,gmina,Tokarnia,powiat myślenicki,14%
176,Udział dzieci w ogóle osób objętych dożywianiem,2011,gmina,Wiśniowa,powiat myślenicki,17%
176,Udział dzieci w ogóle osób objętych dożywianiem,2011,powiat,powiat nowosądecki,powiat nowosądecki,16%
176,Udział dzieci w ogóle osób objętych dożywianiem,2011,gmina,Podegrodzie,powiat nowosądecki,11%
176,Udział dzieci w ogóle osób objętych dożywianiem,2011,gmina,Rytro,powiat nowosądecki,18%
176,Udział dzieci w ogóle osób objętych dożywianiem,2011,gmina,Stary Sącz,powiat nowosądecki,16%
176,Udział dzieci w ogóle osób objętych dożywianiem,2011,gmina,Chełmiec,powiat nowosądecki,17%
176,Udział dzieci w ogóle osób objętych dożywianiem,2011,gmina,Gródek nad Dunajcem,powiat nowosądecki,13%
176,Udział dzieci w ogóle osób objętych dożywianiem,2011,gmina,Grybów (miasto),powiat nowosądecki,14%
176,Udział dzieci w ogóle osób objętych dożywianiem,2011,gmina,Grybów (wieś),powiat nowosądecki,15%
176,Udział dzieci w ogóle osób objętych dożywianiem,2011,gmina,Kamionka Wielka,powiat nowosądecki,16%
176,Udział dzieci w ogóle osób objętych dożywianiem,2011,gmina,Korzenna,powiat nowosądecki,14%
176,Udział dzieci w ogóle osób objętych dożywianiem,2011,gmina,Krynica-Zdrój,powiat nowosądecki,22%
176,Udział dzieci w ogóle osób objętych dożywianiem,2011,gmina,Łabowa,powiat nowosądecki,12%
176,Udział dzieci w ogóle osób objętych dożywianiem,2011,gmina,Łącko,powiat nowosądecki,17%
176,Udział dzieci w ogóle osób objętych dożywianiem,2011,gmina,Łososina Dolna,powiat nowosądecki,13%
176,Udział dzieci w ogóle osób objętych dożywianiem,2011,gmina,Muszyna,powiat nowosądecki,15%
176,Udział dzieci w ogóle osób objętych dożywianiem,2011,gmina,Nawojowa,powiat nowosądecki,16%
176,Udział dzieci w ogóle osób objętych dożywianiem,2011,gmina,Piwniczna-Zdrój,powiat nowosądecki,23%
176,Udział dzieci w ogóle osób objętych dożywianiem,2011,powiat,powiat nowotarski,powiat nowotarski,16%
176,Udział dzieci w ogóle osób objętych dożywianiem,2011,gmina,Czarny Dunajec,powiat nowotarski,13%
176,Udział dzieci w ogóle osób objętych dożywianiem,2011,gmina,Czorsztyn,powiat nowotarski,26%
176,Udział dzieci w ogóle osób objętych dożywianiem,2011,gmina,Jabłonka,powiat nowotarski,13%
176,Udział dzieci w ogóle osób objętych dożywianiem,2011,gmina,Krościenko nad Dunajcem,powiat nowotarski,20%
176,Udział dzieci w ogóle osób objętych dożywianiem,2011,gmina,Lipnica Wielka,powiat nowotarski,10%
176,Udział dzieci w ogóle osób objętych dożywianiem,2011,gmina,Łapsze Niżne,powiat nowotarski,12%
176,Udział dzieci w ogóle osób objętych dożywianiem,2011,gmina,Nowy Targ (miasto),powiat nowotarski,18%
176,Udział dzieci w ogóle osób objętych dożywianiem,2011,gmina,Nowy Targ (wieś),powiat nowotarski,18%
176,Udział dzieci w ogóle osób objętych dożywianiem,2011,gmina,Ochotnica Dolna,powiat nowotarski,11%
176,Udział dzieci w ogóle osób objętych dożywianiem,2011,gmina,Raba Wyżna,powiat nowotarski,18%
176,Udział dzieci w ogóle osób objętych dożywianiem,2011,gmina,Rabka-Zdrój,powiat nowotarski,21%
176,Udział dzieci w ogóle osób objętych dożywianiem,2011,gmina,Spytkowice,powiat nowotarski,10%
176,Udział dzieci w ogóle osób objętych dożywianiem,2011,gmina,Szaflary,powiat nowotarski,16%
176,Udział dzieci w ogóle osób objętych dożywianiem,2011,gmina,Szczawnica,powiat nowotarski,11%
176,Udział dzieci w ogóle osób objętych dożywianiem,2011,powiat,powiat olkuski,powiat olkuski,16%
176,Udział dzieci w ogóle osób objętych dożywianiem,2011,gmina,Bolesław,powiat olkuski,15%
176,Udział dzieci w ogóle osób objętych dożywianiem,2011,gmina,Bukowno,powiat olkuski,14%
176,Udział dzieci w ogóle osób objętych dożywianiem,2011,gmina,Klucze,powiat olkuski,20%
176,Udział dzieci w ogóle osób objętych dożywianiem,2011,gmina,Olkusz,powiat olkuski,17%
176,Udział dzieci w ogóle osób objętych dożywianiem,2011,gmina,Trzyciąż,powiat olkuski,12%
176,Udział dzieci w ogóle osób objętych dożywianiem,2011,gmina,Wolbrom,powiat olkuski,10%
176,Udział dzieci w ogóle osób objętych dożywianiem,2011,powiat,powiat oświęcimski,powiat oświęcimski,21%
176,Udział dzieci w ogóle osób objętych dożywianiem,2011,gmina,Brzeszcze,powiat oświęcimski,19%
176,Udział dzieci w ogóle osób objętych dożywianiem,2011,gmina,Chełmek,powiat oświęcimski,24%
176,Udział dzieci w ogóle osób objętych dożywianiem,2011,gmina,Kęty,powiat oświęcimski,26%
176,Udział dzieci w ogóle osób objętych dożywianiem,2011,gmina,Osiek,powiat oświęcimski,20%
176,Udział dzieci w ogóle osób objętych dożywianiem,2011,gmina,Oświęcim (miasto),powiat oświęcimski,21%
176,Udział dzieci w ogóle osób objętych dożywianiem,2011,gmina,Oświęcim (wieś),powiat oświęcimski,14%
176,Udział dzieci w ogóle osób objętych dożywianiem,2011,gmina,Polanka Wielka,powiat oświęcimski,19%
176,Udział dzieci w ogóle osób objętych dożywianiem,2011,gmina,Przeciszów,powiat oświęcimski,16%
176,Udział dzieci w ogóle osób objętych dożywianiem,2011,gmina,Zator,powiat oświęcimski,21%
176,Udział dzieci w ogóle osób objętych dożywianiem,2011,powiat,powiat proszowicki,powiat proszowicki,17%
176,Udział dzieci w ogóle osób objętych dożywianiem,2011,gmina,Koniusza,powiat proszowicki,6%
176,Udział dzieci w ogóle osób objętych dożywianiem,2011,gmina,Koszyce,powiat proszowicki,19%
176,Udział dzieci w ogóle osób objętych dożywianiem,2011,gmina,Nowe Brzesko,powiat proszowicki,28%
176,Udział dzieci w ogóle osób objętych dożywianiem,2011,gmina,Pałecznica,powiat proszowicki,21%
176,Udział dzieci w ogóle osób objętych dożywianiem,2011,gmina,Proszowice,powiat proszowicki,17%
176,Udział dzieci w ogóle osób objętych dożywianiem,2011,gmina,Radziemice,powiat proszowicki,15%
176,Udział dzieci w ogóle osób objętych dożywianiem,2011,powiat,powiat suski,powiat suski,13%
176,Udział dzieci w ogóle osób objętych dożywianiem,2011,gmina,Budzów,powiat suski,20%
176,Udział dzieci w ogóle osób objętych dożywianiem,2011,gmina,Bystra-Sidzina,powiat suski,17%
176,Udział dzieci w ogóle osób objętych dożywianiem,2011,gmina,Jordanów (miasto),powiat suski,17%
176,Udział dzieci w ogóle osób objętych dożywianiem,2011,gmina,Jordanów (wieś),powiat suski,5%
176,Udział dzieci w ogóle osób objętych dożywianiem,2011,gmina,Maków Podhalański,powiat suski,15%
176,Udział dzieci w ogóle osób objętych dożywianiem,2011,gmina,Stryszawa,powiat suski,20%
176,Udział dzieci w ogóle osób objętych dożywianiem,2011,gmina,Sucha Beskidzka,powiat suski,17%
176,Udział dzieci w ogóle osób objętych dożywianiem,2011,gmina,Zawoja,powiat suski,16%
176,Udział dzieci w ogóle osób objętych dożywianiem,2011,gmina,Zembrzyce,powiat suski,17%
176,Udział dzieci w ogóle osób objętych dożywianiem,2011,powiat,powiat tarnowski,powiat tarnowski,17%
176,Udział dzieci w ogóle osób objętych dożywianiem,2011,gmina,Ciężkowice,powiat tarnowski,16%
176,Udział dzieci w ogóle osób objętych dożywianiem,2011,gmina,Gromnik,powiat tarnowski,12%
176,Udział dzieci w ogóle osób objętych dożywianiem,2011,gmina,Lisia Góra,powiat tarnowski,20%
176,Udział dzieci w ogóle osób objętych dożywianiem,2011,gmina,Pleśna,powiat tarnowski,11%
176,Udział dzieci w ogóle osób objętych dożywianiem,2011,gmina,Radłów,powiat tarnowski,17%
176,Udział dzieci w ogóle osób objętych dożywianiem,2011,gmina,Ryglice,powiat tarnowski,7%
176,Udział dzieci w ogóle osób objętych dożywianiem,2011,gmina,Rzepiennik Strzyżewski,powiat tarnowski,21%
176,Udział dzieci w ogóle osób objętych dożywianiem,2011,gmina,Skrzyszów,powiat tarnowski,26%
176,Udział dzieci w ogóle osób objętych dożywianiem,2011,gmina,Szerzyny,powiat tarnowski,11%
176,Udział dzieci w ogóle osób objętych dożywianiem,2011,gmina,Tarnów (wieś),powiat tarnowski,22%
176,Udział dzieci w ogóle osób objętych dożywianiem,2011,gmina,Tuchów,powiat tarnowski,9%
176,Udział dzieci w ogóle osób objętych dożywianiem,2011,gmina,Wierzchosławice,powiat tarnowski,18%
176,Udział dzieci w ogóle osób objętych dożywianiem,2011,gmina,Wietrzychowice,powiat tarnowski,26%
176,Udział dzieci w ogóle osób objętych dożywianiem,2011,gmina,Wojnicz,powiat tarnowski,18%
176,Udział dzieci w ogóle osób objętych dożywianiem,2011,gmina,Zakliczyn,powiat tarnowski,19%
176,Udział dzieci w ogóle osób objętych dożywianiem,2011,gmina,Żabno,powiat tarnowski,14%
176,Udział dzieci w ogóle osób objętych dożywianiem,2011,powiat,powiat tatrzański,powiat tatrzański,18%
176,Udział dzieci w ogóle osób objętych dożywianiem,2011,gmina,Biały Dunajec,powiat tatrzański,16%
176,Udział dzieci w ogóle osób objętych dożywianiem,2011,gmina,Bukowina Tatrzańska,powiat tatrzański,23%
176,Udział dzieci w ogóle osób objętych dożywianiem,2011,gmina,Kościelisko,powiat tatrzański,19%
176,Udział dzieci w ogóle osób objętych dożywianiem,2011,gmina,Poronin,powiat tatrzański,16%
176,Udział dzieci w ogóle osób objętych dożywianiem,2011,gmina,Zakopane,powiat tatrzański,17%
176,Udział dzieci w ogóle osób objętych dożywianiem,2011,powiat,powiat wadowicki,powiat wadowicki,18%
176,Udział dzieci w ogóle osób objętych dożywianiem,2011,gmina,Andrychów,powiat wadowicki,14%
176,Udział dzieci w ogóle osób objętych dożywianiem,2011,gmina,Brzeźnica,powiat wadowicki,21%
176,Udział dzieci w ogóle osób objętych dożywianiem,2011,gmina,Kalwaria Zebrzydowska,powiat wadowicki,15%
176,Udział dzieci w ogóle osób objętych dożywianiem,2011,gmina,Lanckorona,powiat wadowicki,15%
176,Udział dzieci w ogóle osób objętych dożywianiem,2011,gmina,Mucharz,powiat wadowicki,19%
176,Udział dzieci w ogóle osób objętych dożywianiem,2011,gmina,Spytkowice,powiat wadowicki,23%
176,Udział dzieci w ogóle osób objętych dożywianiem,2011,gmina,Stryszów,powiat wadowicki,25%
176,Udział dzieci w ogóle osób objętych dożywianiem,2011,gmina,Tomice,powiat wadowicki,19%
176,Udział dzieci w ogóle osób objętych dożywianiem,2011,gmina,Wadowice,powiat wadowicki,16%
176,Udział dzieci w ogóle osób objętych dożywianiem,2011,gmina,Wieprz,powiat wadowicki,18%
176,Udział dzieci w ogóle osób objętych dożywianiem,2011,powiat,powiat wielicki,powiat wielicki,18%
176,Udział dzieci w ogóle osób objętych dożywianiem,2011,gmina,Biskupice,powiat wielicki,16%
176,Udział dzieci w ogóle osób objętych dożywianiem,2011,gmina,Gdów,powiat wielicki,21%
176,Udział dzieci w ogóle osób objętych dożywianiem,2011,gmina,Kłaj,powiat wielicki,25%
176,Udział dzieci w ogóle osób objętych dożywianiem,2011,gmina,Niepołomice,powiat wielicki,26%
176,Udział dzieci w ogóle osób objętych dożywianiem,2011,gmina,Wieliczka,powiat wielicki,15%
176,Udział dzieci w ogóle osób objętych dożywianiem,2010,powiat,powiat bocheński,powiat bocheński,17%
176,Udział dzieci w ogóle osób objętych dożywianiem,2010,gmina,Bochnia (miasto),powiat bocheński,15%
176,Udział dzieci w ogóle osób objętych dożywianiem,2010,gmina,Bochnia (wieś),powiat bocheński,16%
176,Udział dzieci w ogóle osób objętych dożywianiem,2010,gmina,Drwinia,powiat bocheński,24%
176,Udział dzieci w ogóle osób objętych dożywianiem,2010,gmina,Lipnica Murowana,powiat bocheński,19%
176,Udział dzieci w ogóle osób objętych dożywianiem,2010,gmina,Łapanów,powiat bocheński,11%
176,Udział dzieci w ogóle osób objętych dożywianiem,2010,gmina,Nowy Wiśnicz,powiat bocheński,14%
176,Udział dzieci w ogóle osób objętych dożywianiem,2010,gmina,Rzezawa,powiat bocheński,27%
176,Udział dzieci w ogóle osób objętych dożywianiem,2010,gmina,Trzciana,powiat bocheński,15%
176,Udział dzieci w ogóle osób objętych dożywianiem,2010,gmina,Żegocina,powiat bocheński,14%
176,Udział dzieci w ogóle osób objętych dożywianiem,2010,powiat,powiat brzeski,powiat brzeski,20%
176,Udział dzieci w ogóle osób objętych dożywianiem,2010,gmina,Borzęcin,powiat brzeski,19%
176,Udział dzieci w ogóle osób objętych dożywianiem,2010,gmina,Brzesko,powiat brzeski,23%
176,Udział dzieci w ogóle osób objętych dożywianiem,2010,gmina,Czchów,powiat brzeski,20%
176,Udział dzieci w ogóle osób objętych dożywianiem,2010,gmina,Dębno,powiat brzeski,26%
176,Udział dzieci w ogóle osób objętych dożywianiem,2010,gmina,Gnojnik,powiat brzeski,14%
176,Udział dzieci w ogóle osób objętych dożywianiem,2010,gmina,Iwkowa,powiat brzeski,17%
176,Udział dzieci w ogóle osób objętych dożywianiem,2010,gmina,Szczurowa,powiat brzeski,20%
176,Udział dzieci w ogóle osób objętych dożywianiem,2010,powiat,powiat chrzanowski,powiat chrzanowski,21%
176,Udział dzieci w ogóle osób objętych dożywianiem,2010,gmina,Alwernia,powiat chrzanowski,22%
176,Udział dzieci w ogóle osób objętych dożywianiem,2010,gmina,Babice,powiat chrzanowski,17%
176,Udział dzieci w ogóle osób objętych dożywianiem,2010,gmina,Chrzanów,powiat chrzanowski,20%
176,Udział dzieci w ogóle osób objętych dożywianiem,2010,gmina,Libiąż,powiat chrzanowski,23%
176,Udział dzieci w ogóle osób objętych dożywianiem,2010,gmina,Trzebinia,powiat chrzanowski,22%
176,Udział dzieci w ogóle osób objętych dożywianiem,2010,powiat,powiat dąbrowski,powiat dąbrowski,12%
176,Udział dzieci w ogóle osób objętych dożywianiem,2010,gmina,Bolesław,powiat dąbrowski,36%
176,Udział dzieci w ogóle osób objętych dożywianiem,2010,gmina,Dąbrowa Tarnowska,powiat dąbrowski,11%
176,Udział dzieci w ogóle osób objętych dożywianiem,2010,gmina,Gręboszów,powiat dąbrowski,15%
176,Udział dzieci w ogóle osób objętych dożywianiem,2010,gmina,Mędrzechów,powiat dąbrowski,1%
176,Udział dzieci w ogóle osób objętych dożywianiem,2010,gmina,Olesno,powiat dąbrowski,20%
176,Udział dzieci w ogóle osób objętych dożywianiem,2010,gmina,Radgoszcz,powiat dąbrowski,15%
176,Udział dzieci w ogóle osób objętych dożywianiem,2010,gmina,Szczucin,powiat dąbrowski,4%
176,Udział dzieci w ogóle osób objętych dożywianiem,2010,powiat,powiat gorlicki,powiat gorlicki,19%
176,Udział dzieci w ogóle osób objętych dożywianiem,2010,gmina,Biecz,powiat gorlicki,18%
176,Udział dzieci w ogóle osób objętych dożywianiem,2010,gmina,Bobowa,powiat gorlicki,12%
176,Udział dzieci w ogóle osób objętych dożywianiem,2010,gmina,Gorlice (miasto),powiat gorlicki,22%
176,Udział dzieci w ogóle osób objętych dożywianiem,2010,gmina,Gorlice (wieś),powiat gorlicki,23%
176,Udział dzieci w ogóle osób objętych dożywianiem,2010,gmina,Lipinki,powiat gorlicki,21%
176,Udział dzieci w ogóle osób objętych dożywianiem,2010,gmina,Łużna,powiat gorlicki,34%
176,Udział dzieci w ogóle osób objętych dożywianiem,2010,gmina,Moszczenica,powiat gorlicki,17%
176,Udział dzieci w ogóle osób objętych dożywianiem,2010,gmina,Ropa,powiat gorlicki,6%
176,Udział dzieci w ogóle osób objętych dożywianiem,2010,gmina,Sękowa,powiat gorlicki,14%
176,Udział dzieci w ogóle osób objętych dożywianiem,2010,gmina,Uście Gorlickie,powiat gorlicki,15%
176,Udział dzieci w ogóle osób objętych dożywianiem,2010,powiat,powiat krakowski,powiat krakowski,17%
176,Udział dzieci w ogóle osób objętych dożywianiem,2010,gmina,Czernichów,powiat krakowski,16%
176,Udział dzieci w ogóle osób objętych dożywianiem,2010,gmina,Igołomia-Wawrzeńczyce,powiat krakowski,14%
176,Udział dzieci w ogóle osób objętych dożywianiem,2010,gmina,Iwanowice,powiat krakowski,19%
176,Udział dzieci w ogóle osób objętych dożywianiem,2010,gmina,Jerzmanowice-Przeginia,powiat krakowski,31%
176,Udział dzieci w ogóle osób objętych dożywianiem,2010,gmina,Kocmyrzów-Luborzyca,powiat krakowski,21%
176,Udział dzieci w ogóle osób objętych dożywianiem,2010,gmina,Krzeszowice,powiat krakowski,19%
176,Udział dzieci w ogóle osób objętych dożywianiem,2010,gmina,Liszki,powiat krakowski,16%
176,Udział dzieci w ogóle osób objętych dożywianiem,2010,gmina,Michałowice,powiat krakowski,22%
176,Udział dzieci w ogóle osób objętych dożywianiem,2010,gmina,Mogilany,powiat krakowski,16%
176,Udział dzieci w ogóle osób objętych dożywianiem,2010,gmina,Skała,powiat krakowski,19%
176,Udział dzieci w ogóle osób objętych dożywianiem,2010,gmina,Skawina,powiat krakowski,11%
176,Udział dzieci w ogóle osób objętych dożywianiem,2010,gmina,Słomniki,powiat krakowski,18%
176,Udział dzieci w ogóle osób objętych dożywianiem,2010,gmina,Sułoszowa,powiat krakowski,16%
176,Udział dzieci w ogóle osób objętych dożywianiem,2010,gmina,Świątniki Górne,powiat krakowski,13%
176,Udział dzieci w ogóle osób objętych dożywianiem,2010,gmina,Wielka Wieś,powiat krakowski,18%
176,Udział dzieci w ogóle osób objętych dożywianiem,2010,gmina,Zabierzów,powiat krakowski,21%
176,Udział dzieci w ogóle osób objętych dożywianiem,2010,gmina,Zielonki,powiat krakowski,15%
176,Udział dzieci w ogóle osób objętych dożywianiem,2010,powiat,powiat limanowski,powiat limanowski,14%
176,Udział dzieci w ogóle osób objętych dożywianiem,2010,gmina,Dobra,powiat limanowski,4%
176,Udział dzieci w ogóle osób objętych dożywianiem,2010,gmina,Jodłownik,powiat limanowski,12%
176,Udział dzieci w ogóle osób objętych dożywianiem,2010,gmina,Kamienica,powiat limanowski,11%
176,Udział dzieci w ogóle osób objętych dożywianiem,2010,gmina,Laskowa,powiat limanowski,8%
176,Udział dzieci w ogóle osób objętych dożywianiem,2010,gmina,Limanowa (miasto),powiat limanowski,16%
176,Udział dzieci w ogóle osób objętych dożywianiem,2010,gmina,Limanowa (wieś),powiat limanowski,15%
176,Udział dzieci w ogóle osób objętych dożywianiem,2010,gmina,Łukowica,powiat limanowski,14%
176,Udział dzieci w ogóle osób objętych dożywianiem,2010,gmina,Mszana Dolna (miasto),powiat limanowski,20%
176,Udział dzieci w ogóle osób objętych dożywianiem,2010,gmina,Mszana Dolna (wieś),powiat limanowski,15%
176,Udział dzieci w ogóle osób objętych dożywianiem,2010,gmina,Niedźwiedź,powiat limanowski,13%
176,Udział dzieci w ogóle osób objętych dożywianiem,2010,gmina,Słopnice,powiat limanowski,20%
176,Udział dzieci w ogóle osób objętych dożywianiem,2010,gmina,Tymbark,powiat limanowski,14%
176,Udział dzieci w ogóle osób objętych dożywianiem,2010,powiat,powiat m. Kraków,powiat m. Kraków,14%
176,Udział dzieci w ogóle osób objętych dożywianiem,2010,powiat,powiat m. Nowy Sącz,powiat m. Nowy Sącz,14%
176,Udział dzieci w ogóle osób objętych dożywianiem,2010,powiat,powiat m. Tarnów,powiat m. Tarnów,13%
176,Udział dzieci w ogóle osób objętych dożywianiem,2010,powiat,powiat miechowski,powiat miechowski,15%
176,Udział dzieci w ogóle osób objętych dożywianiem,2010,gmina,Charsznica,powiat miechowski,16%
176,Udział dzieci w ogóle osób objętych dożywianiem,2010,gmina,Gołcza,powiat miechowski,9%
176,Udział dzieci w ogóle osób objętych dożywianiem,2010,gmina,Kozłów,powiat miechowski,9%
176,Udział dzieci w ogóle osób objętych dożywianiem,2010,gmina,Książ Wielki,powiat miechowski,24%
176,Udział dzieci w ogóle osób objętych dożywianiem,2010,gmina,Miechów,powiat miechowski,15%
176,Udział dzieci w ogóle osób objętych dożywianiem,2010,gmina,Racławice,powiat miechowski,13%
176,Udział dzieci w ogóle osób objętych dożywianiem,2010,gmina,Słaboszów,powiat miechowski,11%
176,Udział dzieci w ogóle osób objętych dożywianiem,2010,powiat,powiat myślenicki,powiat myślenicki,17%
176,Udział dzieci w ogóle osób objętych dożywianiem,2010,gmina,Dobczyce,powiat myślenicki,19%
176,Udział dzieci w ogóle osób objętych dożywianiem,2010,gmina,Lubień,powiat myślenicki,12%
176,Udział dzieci w ogóle osób objętych dożywianiem,2010,gmina,Myślenice,powiat myślenicki,19%
176,Udział dzieci w ogóle osób objętych dożywianiem,2010,gmina,Pcim,powiat myślenicki,23%
176,Udział dzieci w ogóle osób objętych dożywianiem,2010,gmina,Raciechowice,powiat myślenicki,10%
176,Udział dzieci w ogóle osób objętych dożywianiem,2010,gmina,Siepraw,powiat myślenicki,18%
176,Udział dzieci w ogóle osób objętych dożywianiem,2010,gmina,Sułkowice,powiat myślenicki,17%
176,Udział dzieci w ogóle osób objętych dożywianiem,2010,gmina,Tokarnia,powiat myślenicki,9%
176,Udział dzieci w ogóle osób objętych dożywianiem,2010,gmina,Wiśniowa,powiat myślenicki,21%
176,Udział dzieci w ogóle osób objętych dożywianiem,2010,powiat,powiat nowosądecki,powiat nowosądecki,15%
176,Udział dzieci w ogóle osób objętych dożywianiem,2010,gmina,Podegrodzie,powiat nowosądecki,12%
176,Udział dzieci w ogóle osób objętych dożywianiem,2010,gmina,Rytro,powiat nowosądecki,20%
176,Udział dzieci w ogóle osób objętych dożywianiem,2010,gmina,Stary Sącz,powiat nowosądecki,16%
176,Udział dzieci w ogóle osób objętych dożywianiem,2010,gmina,Chełmiec,powiat nowosądecki,16%
176,Udział dzieci w ogóle osób objętych dożywianiem,2010,gmina,Gródek nad Dunajcem,powiat nowosądecki,12%
176,Udział dzieci w ogóle osób objętych dożywianiem,2010,gmina,Grybów (miasto),powiat nowosądecki,16%
176,Udział dzieci w ogóle osób objętych dożywianiem,2010,gmina,Grybów (wieś),powiat nowosądecki,13%
176,Udział dzieci w ogóle osób objętych dożywianiem,2010,gmina,Kamionka Wielka,powiat nowosądecki,19%
176,Udział dzieci w ogóle osób objętych dożywianiem,2010,gmina,Korzenna,powiat nowosądecki,16%
176,Udział dzieci w ogóle osób objętych dożywianiem,2010,gmina,Krynica-Zdrój,powiat nowosądecki,23%
176,Udział dzieci w ogóle osób objętych dożywianiem,2010,gmina,Łabowa,powiat nowosądecki,14%
176,Udział dzieci w ogóle osób objętych dożywianiem,2010,gmina,Łącko,powiat nowosądecki,15%
176,Udział dzieci w ogóle osób objętych dożywianiem,2010,gmina,Łososina Dolna,powiat nowosądecki,9%
176,Udział dzieci w ogóle osób objętych dożywianiem,2010,gmina,Muszyna,powiat nowosądecki,14%
176,Udział dzieci w ogóle osób objętych dożywianiem,2010,gmina,Nawojowa,powiat nowosądecki,15%
176,Udział dzieci w ogóle osób objętych dożywianiem,2010,gmina,Piwniczna-Zdrój,powiat nowosądecki,17%
176,Udział dzieci w ogóle osób objętych dożywianiem,2010,powiat,powiat nowotarski,powiat nowotarski,14%
176,Udział dzieci w ogóle osób objętych dożywianiem,2010,gmina,Czarny Dunajec,powiat nowotarski,10%
176,Udział dzieci w ogóle osób objętych dożywianiem,2010,gmina,Czorsztyn,powiat nowotarski,15%
176,Udział dzieci w ogóle osób objętych dożywianiem,2010,gmina,Jabłonka,powiat nowotarski,16%
176,Udział dzieci w ogóle osób objętych dożywianiem,2010,gmina,Krościenko nad Dunajcem,powiat nowotarski,23%
176,Udział dzieci w ogóle osób objętych dożywianiem,2010,gmina,Lipnica Wielka,powiat nowotarski,7%
176,Udział dzieci w ogóle osób objętych dożywianiem,2010,gmina,Łapsze Niżne,powiat nowotarski,12%
176,Udział dzieci w ogóle osób objętych dożywianiem,2010,gmina,Nowy Targ (miasto),powiat nowotarski,14%
176,Udział dzieci w ogóle osób objętych dożywianiem,2010,gmina,Nowy Targ (wieś),powiat nowotarski,15%
176,Udział dzieci w ogóle osób objętych dożywianiem,2010,gmina,Ochotnica Dolna,powiat nowotarski,10%
176,Udział dzieci w ogóle osób objętych dożywianiem,2010,gmina,Raba Wyżna,powiat nowotarski,21%
176,Udział dzieci w ogóle osób objętych dożywianiem,2010,gmina,Rabka-Zdrój,powiat nowotarski,18%
176,Udział dzieci w ogóle osób objętych dożywianiem,2010,gmina,Spytkowice,powiat nowotarski,12%
176,Udział dzieci w ogóle osób objętych dożywianiem,2010,gmina,Szaflary,powiat nowotarski,16%
176,Udział dzieci w ogóle osób objętych dożywianiem,2010,gmina,Szczawnica,powiat nowotarski,5%
176,Udział dzieci w ogóle osób objętych dożywianiem,2010,powiat,powiat olkuski,powiat olkuski,17%
176,Udział dzieci w ogóle osób objętych dożywianiem,2010,gmina,Bolesław,powiat olkuski,13%
176,Udział dzieci w ogóle osób objętych dożywianiem,2010,gmina,Bukowno,powiat olkuski,14%
176,Udział dzieci w ogóle osób objętych dożywianiem,2010,gmina,Klucze,powiat olkuski,19%
176,Udział dzieci w ogóle osób objętych dożywianiem,2010,gmina,Olkusz,powiat olkuski,20%
176,Udział dzieci w ogóle osób objętych dożywianiem,2010,gmina,Trzyciąż,powiat olkuski,13%
176,Udział dzieci w ogóle osób objętych dożywianiem,2010,gmina,Wolbrom,powiat olkuski,11%
176,Udział dzieci w ogóle osób objętych dożywianiem,2010,powiat,powiat oświęcimski,powiat oświęcimski,12%
176,Udział dzieci w ogóle osób objętych dożywianiem,2010,gmina,Brzeszcze,powiat oświęcimski,19%
176,Udział dzieci w ogóle osób objętych dożywianiem,2010,gmina,Chełmek,powiat oświęcimski,17%
176,Udział dzieci w ogóle osób objętych dożywianiem,2010,gmina,Kęty,powiat oświęcimski,25%
176,Udział dzieci w ogóle osób objętych dożywianiem,2010,gmina,Osiek,powiat oświęcimski,19%
176,Udział dzieci w ogóle osób objętych dożywianiem,2010,gmina,Oświęcim (miasto),powiat oświęcimski,8%
176,Udział dzieci w ogóle osób objętych dożywianiem,2010,gmina,Oświęcim (wieś),powiat oświęcimski,14%
176,Udział dzieci w ogóle osób objętych dożywianiem,2010,gmina,Polanka Wielka,powiat oświęcimski,24%
176,Udział dzieci w ogóle osób objętych dożywianiem,2010,gmina,Przeciszów,powiat oświęcimski,13%
176,Udział dzieci w ogóle osób objętych dożywianiem,2010,gmina,Zator,powiat oświęcimski,14%
176,Udział dzieci w ogóle osób objętych dożywianiem,2010,powiat,powiat proszowicki,powiat proszowicki,14%
176,Udział dzieci w ogóle osób objętych dożywianiem,2010,gmina,Koniusza,powiat proszowicki,7%
176,Udział dzieci w ogóle osób objętych dożywianiem,2010,gmina,Koszyce,powiat proszowicki,8%
176,Udział dzieci w ogóle osób objętych dożywianiem,2010,gmina,Nowe Brzesko,powiat proszowicki,21%
176,Udział dzieci w ogóle osób objętych dożywianiem,2010,gmina,Pałecznica,powiat proszowicki,23%
176,Udział dzieci w ogóle osób objętych dożywianiem,2010,gmina,Proszowice,powiat proszowicki,18%
176,Udział dzieci w ogóle osób objętych dożywianiem,2010,gmina,Radziemice,powiat proszowicki,11%
176,Udział dzieci w ogóle osób objętych dożywianiem,2010,powiat,powiat suski,powiat suski,11%
176,Udział dzieci w ogóle osób objętych dożywianiem,2010,gmina,Budzów,powiat suski,18%
176,Udział dzieci w ogóle osób objętych dożywianiem,2010,gmina,Bystra-Sidzina,powiat suski,15%
176,Udział dzieci w ogóle osób objętych dożywianiem,2010,gmina,Jordanów (miasto),powiat suski,17%
176,Udział dzieci w ogóle osób objętych dożywianiem,2010,gmina,Jordanów (wieś),powiat suski,7%
176,Udział dzieci w ogóle osób objętych dożywianiem,2010,gmina,Maków Podhalański,powiat suski,11%
176,Udział dzieci w ogóle osób objętych dożywianiem,2010,gmina,Stryszawa,powiat suski,16%
176,Udział dzieci w ogóle osób objętych dożywianiem,2010,gmina,Sucha Beskidzka,powiat suski,11%
176,Udział dzieci w ogóle osób objętych dożywianiem,2010,gmina,Zawoja,powiat suski,5%
176,Udział dzieci w ogóle osób objętych dożywianiem,2010,gmina,Zembrzyce,powiat suski,16%
176,Udział dzieci w ogóle osób objętych dożywianiem,2010,powiat,powiat tarnowski,powiat tarnowski,15%
176,Udział dzieci w ogóle osób objętych dożywianiem,2010,gmina,Ciężkowice,powiat tarnowski,13%
176,Udział dzieci w ogóle osób objętych dożywianiem,2010,gmina,Gromnik,powiat tarnowski,16%
176,Udział dzieci w ogóle osób objętych dożywianiem,2010,gmina,Lisia Góra,powiat tarnowski,16%
176,Udział dzieci w ogóle osób objętych dożywianiem,2010,gmina,Pleśna,powiat tarnowski,11%
176,Udział dzieci w ogóle osób objętych dożywianiem,2010,gmina,Radłów,powiat tarnowski,17%
176,Udział dzieci w ogóle osób objętych dożywianiem,2010,gmina,Ryglice,powiat tarnowski,6%
176,Udział dzieci w ogóle osób objętych dożywianiem,2010,gmina,Rzepiennik Strzyżewski,powiat tarnowski,21%
176,Udział dzieci w ogóle osób objętych dożywianiem,2010,gmina,Skrzyszów,powiat tarnowski,18%
176,Udział dzieci w ogóle osób objętych dożywianiem,2010,gmina,Szerzyny,powiat tarnowski,14%
176,Udział dzieci w ogóle osób objętych dożywianiem,2010,gmina,Tarnów (wieś),powiat tarnowski,21%
176,Udział dzieci w ogóle osób objętych dożywianiem,2010,gmina,Tuchów,powiat tarnowski,9%
176,Udział dzieci w ogóle osób objętych dożywianiem,2010,gmina,Wierzchosławice,powiat tarnowski,16%
176,Udział dzieci w ogóle osób objętych dożywianiem,2010,gmina,Wietrzychowice,powiat tarnowski,27%
176,Udział dzieci w ogóle osób objętych dożywianiem,2010,gmina,Wojnicz,powiat tarnowski,16%
176,Udział dzieci w ogóle osób objętych dożywianiem,2010,gmina,Zakliczyn,powiat tarnowski,8%
176,Udział dzieci w ogóle osób objętych dożywianiem,2010,gmina,Żabno,powiat tarnowski,14%
176,Udział dzieci w ogóle osób objętych dożywianiem,2010,powiat,powiat tatrzański,powiat tatrzański,18%
176,Udział dzieci w ogóle osób objętych dożywianiem,2010,gmina,Biały Dunajec,powiat tatrzański,17%
176,Udział dzieci w ogóle osób objętych dożywianiem,2010,gmina,Bukowina Tatrzańska,powiat tatrzański,21%
176,Udział dzieci w ogóle osób objętych dożywianiem,2010,gmina,Kościelisko,powiat tatrzański,16%
176,Udział dzieci w ogóle osób objętych dożywianiem,2010,gmina,Poronin,powiat tatrzański,15%
176,Udział dzieci w ogóle osób objętych dożywianiem,2010,gmina,Zakopane,powiat tatrzański,19%
176,Udział dzieci w ogóle osób objętych dożywianiem,2010,powiat,powiat wadowicki,powiat wadowicki,16%
176,Udział dzieci w ogóle osób objętych dożywianiem,2010,gmina,Andrychów,powiat wadowicki,6%
176,Udział dzieci w ogóle osób objętych dożywianiem,2010,gmina,Brzeźnica,powiat wadowicki,20%
176,Udział dzieci w ogóle osób objętych dożywianiem,2010,gmina,Kalwaria Zebrzydowska,powiat wadowicki,11%
176,Udział dzieci w ogóle osób objętych dożywianiem,2010,gmina,Lanckorona,powiat wadowicki,18%
176,Udział dzieci w ogóle osób objętych dożywianiem,2010,gmina,Mucharz,powiat wadowicki,12%
176,Udział dzieci w ogóle osób objętych dożywianiem,2010,gmina,Spytkowice,powiat wadowicki,27%
176,Udział dzieci w ogóle osób objętych dożywianiem,2010,gmina,Stryszów,powiat wadowicki,16%
176,Udział dzieci w ogóle osób objętych dożywianiem,2010,gmina,Tomice,powiat wadowicki,15%
176,Udział dzieci w ogóle osób objętych dożywianiem,2010,gmina,Wadowice,powiat wadowicki,15%
176,Udział dzieci w ogóle osób objętych dożywianiem,2010,gmina,Wieprz,powiat wadowicki,17%
176,Udział dzieci w ogóle osób objętych dożywianiem,2010,powiat,powiat wielicki,powiat wielicki,17%
176,Udział dzieci w ogóle osób objętych dożywianiem,2010,gmina,Biskupice,powiat wielicki,14%
176,Udział dzieci w ogóle osób objętych dożywianiem,2010,gmina,Gdów,powiat wielicki,17%
176,Udział dzieci w ogóle osób objętych dożywianiem,2010,gmina,Kłaj,powiat wielicki,22%
176,Udział dzieci w ogóle osób objętych dożywianiem,2010,gmina,Niepołomice,powiat wielicki,22%
176,Udział dzieci w ogóle osób objętych dożywianiem,2010,gmina,Wieliczka,powiat wielicki,15%
176,Udział dzieci w ogóle osób objętych dożywianiem,2009,powiat,powiat bocheński,powiat bocheński,17%
176,Udział dzieci w ogóle osób objętych dożywianiem,2009,gmina,Bochnia (miasto),powiat bocheński,16%
176,Udział dzieci w ogóle osób objętych dożywianiem,2009,gmina,Bochnia (wieś),powiat bocheński,16%
176,Udział dzieci w ogóle osób objętych dożywianiem,2009,gmina,Drwinia,powiat bocheński,30%
176,Udział dzieci w ogóle osób objętych dożywianiem,2009,gmina,Lipnica Murowana,powiat bocheński,17%
176,Udział dzieci w ogóle osób objętych dożywianiem,2009,gmina,Łapanów,powiat bocheński,13%
176,Udział dzieci w ogóle osób objętych dożywianiem,2009,gmina,Nowy Wiśnicz,powiat bocheński,12%
176,Udział dzieci w ogóle osób objętych dożywianiem,2009,gmina,Rzezawa,powiat bocheński,23%
176,Udział dzieci w ogóle osób objętych dożywianiem,2009,gmina,Trzciana,powiat bocheński,16%
176,Udział dzieci w ogóle osób objętych dożywianiem,2009,gmina,Żegocina,powiat bocheński,12%
176,Udział dzieci w ogóle osób objętych dożywianiem,2009,powiat,powiat brzeski,powiat brzeski,17%
176,Udział dzieci w ogóle osób objętych dożywianiem,2009,gmina,Borzęcin,powiat brzeski,19%
176,Udział dzieci w ogóle osób objętych dożywianiem,2009,gmina,Brzesko,powiat brzeski,21%
176,Udział dzieci w ogóle osób objętych dożywianiem,2009,gmina,Czchów,powiat brzeski,16%
176,Udział dzieci w ogóle osób objętych dożywianiem,2009,gmina,Dębno,powiat brzeski,16%
176,Udział dzieci w ogóle osób objętych dożywianiem,2009,gmina,Gnojnik,powiat brzeski,16%
176,Udział dzieci w ogóle osób objętych dożywianiem,2009,gmina,Iwkowa,powiat brzeski,13%
176,Udział dzieci w ogóle osób objętych dożywianiem,2009,gmina,Szczurowa,powiat brzeski,16%
176,Udział dzieci w ogóle osób objętych dożywianiem,2009,powiat,powiat chrzanowski,powiat chrzanowski,19%
176,Udział dzieci w ogóle osób objętych dożywianiem,2009,gmina,Alwernia,powiat chrzanowski,19%
176,Udział dzieci w ogóle osób objętych dożywianiem,2009,gmina,Babice,powiat chrzanowski,20%
176,Udział dzieci w ogóle osób objętych dożywianiem,2009,gmina,Chrzanów,powiat chrzanowski,18%
176,Udział dzieci w ogóle osób objętych dożywianiem,2009,gmina,Libiąż,powiat chrzanowski,22%
176,Udział dzieci w ogóle osób objętych dożywianiem,2009,gmina,Trzebinia,powiat chrzanowski,20%
176,Udział dzieci w ogóle osób objętych dożywianiem,2009,powiat,powiat dąbrowski,powiat dąbrowski,12%
176,Udział dzieci w ogóle osób objętych dożywianiem,2009,gmina,Bolesław,powiat dąbrowski,17%
176,Udział dzieci w ogóle osób objętych dożywianiem,2009,gmina,Dąbrowa Tarnowska,powiat dąbrowski,14%
176,Udział dzieci w ogóle osób objętych dożywianiem,2009,gmina,Gręboszów,powiat dąbrowski,14%
176,Udział dzieci w ogóle osób objętych dożywianiem,2009,gmina,Mędrzechów,powiat dąbrowski,2%
176,Udział dzieci w ogóle osób objętych dożywianiem,2009,gmina,Olesno,powiat dąbrowski,19%
176,Udział dzieci w ogóle osób objętych dożywianiem,2009,gmina,Radgoszcz,powiat dąbrowski,15%
176,Udział dzieci w ogóle osób objętych dożywianiem,2009,gmina,Szczucin,powiat dąbrowski,3%
176,Udział dzieci w ogóle osób objętych dożywianiem,2009,powiat,powiat gorlicki,powiat gorlicki,17%
176,Udział dzieci w ogóle osób objętych dożywianiem,2009,gmina,Biecz,powiat gorlicki,20%
176,Udział dzieci w ogóle osób objętych dożywianiem,2009,gmina,Bobowa,powiat gorlicki,14%
176,Udział dzieci w ogóle osób objętych dożywianiem,2009,gmina,Gorlice (miasto),powiat gorlicki,20%
176,Udział dzieci w ogóle osób objętych dożywianiem,2009,gmina,Gorlice (wieś),powiat gorlicki,19%
176,Udział dzieci w ogóle osób objętych dożywianiem,2009,gmina,Lipinki,powiat gorlicki,14%
176,Udział dzieci w ogóle osób objętych dożywianiem,2009,gmina,Łużna,powiat gorlicki,22%
176,Udział dzieci w ogóle osób objętych dożywianiem,2009,gmina,Moszczenica,powiat gorlicki,8%
176,Udział dzieci w ogóle osób objętych dożywianiem,2009,gmina,Ropa,powiat gorlicki,4%
176,Udział dzieci w ogóle osób objętych dożywianiem,2009,gmina,Sękowa,powiat gorlicki,22%
176,Udział dzieci w ogóle osób objętych dożywianiem,2009,gmina,Uście Gorlickie,powiat gorlicki,10%
176,Udział dzieci w ogóle osób objętych dożywianiem,2009,powiat,powiat krakowski,powiat krakowski,15%
176,Udział dzieci w ogóle osób objętych dożywianiem,2009,gmina,Czernichów,powiat krakowski,14%
176,Udział dzieci w ogóle osób objętych dożywianiem,2009,gmina,Igołomia-Wawrzeńczyce,powiat krakowski,17%
176,Udział dzieci w ogóle osób objętych dożywianiem,2009,gmina,Iwanowice,powiat krakowski,12%
176,Udział dzieci w ogóle osób objętych dożywianiem,2009,gmina,Jerzmanowice-Przeginia,powiat krakowski,26%
176,Udział dzieci w ogóle osób objętych dożywianiem,2009,gmina,Kocmyrzów-Luborzyca,powiat krakowski,14%
176,Udział dzieci w ogóle osób objętych dożywianiem,2009,gmina,Krzeszowice,powiat krakowski,17%
176,Udział dzieci w ogóle osób objętych dożywianiem,2009,gmina,Liszki,powiat krakowski,15%
176,Udział dzieci w ogóle osób objętych dożywianiem,2009,gmina,Michałowice,powiat krakowski,22%
176,Udział dzieci w ogóle osób objętych dożywianiem,2009,gmina,Mogilany,powiat krakowski,15%
176,Udział dzieci w ogóle osób objętych dożywianiem,2009,gmina,Skała,powiat krakowski,16%
176,Udział dzieci w ogóle osób objętych dożywianiem,2009,gmina,Skawina,powiat krakowski,10%
176,Udział dzieci w ogóle osób objętych dożywianiem,2009,gmina,Słomniki,powiat krakowski,16%
176,Udział dzieci w ogóle osób objętych dożywianiem,2009,gmina,Sułoszowa,powiat krakowski,19%
176,Udział dzieci w ogóle osób objętych dożywianiem,2009,gmina,Świątniki Górne,powiat krakowski,17%
176,Udział dzieci w ogóle osób objętych dożywianiem,2009,gmina,Wielka Wieś,powiat krakowski,15%
176,Udział dzieci w ogóle osób objętych dożywianiem,2009,gmina,Zabierzów,powiat krakowski,21%
176,Udział dzieci w ogóle osób objętych dożywianiem,2009,gmina,Zielonki,powiat krakowski,11%
176,Udział dzieci w ogóle osób objętych dożywianiem,2009,powiat,powiat limanowski,powiat limanowski,13%
176,Udział dzieci w ogóle osób objętych dożywianiem,2009,gmina,Dobra,powiat limanowski,7%
176,Udział dzieci w ogóle osób objętych dożywianiem,2009,gmina,Jodłownik,powiat limanowski,10%
176,Udział dzieci w ogóle osób objętych dożywianiem,2009,gmina,Kamienica,powiat limanowski,11%
176,Udział dzieci w ogóle osób objętych dożywianiem,2009,gmina,Laskowa,powiat limanowski,11%
176,Udział dzieci w ogóle osób objętych dożywianiem,2009,gmina,Limanowa (miasto),powiat limanowski,13%
176,Udział dzieci w ogóle osób objętych dożywianiem,2009,gmina,Limanowa (wieś),powiat limanowski,15%
176,Udział dzieci w ogóle osób objętych dożywianiem,2009,gmina,Łukowica,powiat limanowski,16%
176,Udział dzieci w ogóle osób objętych dożywianiem,2009,gmina,Mszana Dolna (miasto),powiat limanowski,17%
176,Udział dzieci w ogóle osób objętych dożywianiem,2009,gmina,Mszana Dolna (wieś),powiat limanowski,15%
176,Udział dzieci w ogóle osób objętych dożywianiem,2009,gmina,Niedźwiedź,powiat limanowski,11%
176,Udział dzieci w ogóle osób objętych dożywianiem,2009,gmina,Słopnice,powiat limanowski,16%
176,Udział dzieci w ogóle osób objętych dożywianiem,2009,gmina,Tymbark,powiat limanowski,17%
176,Udział dzieci w ogóle osób objętych dożywianiem,2009,powiat,powiat m. Kraków,powiat m. Kraków,13%
176,Udział dzieci w ogóle osób objętych dożywianiem,2009,powiat,powiat m. Nowy Sącz,powiat m. Nowy Sącz,14%
176,Udział dzieci w ogóle osób objętych dożywianiem,2009,powiat,powiat m. Tarnów,powiat m. Tarnów,14%
176,Udział dzieci w ogóle osób objętych dożywianiem,2009,powiat,powiat miechowski,powiat miechowski,14%
176,Udział dzieci w ogóle osób objętych dożywianiem,2009,gmina,Charsznica,powiat miechowski,13%
176,Udział dzieci w ogóle osób objętych dożywianiem,2009,gmina,Gołcza,powiat miechowski,10%
176,Udział dzieci w ogóle osób objętych dożywianiem,2009,gmina,Kozłów,powiat miechowski,12%
176,Udział dzieci w ogóle osób objętych dożywianiem,2009,gmina,Książ Wielki,powiat miechowski,20%
176,Udział dzieci w ogóle osób objętych dożywianiem,2009,gmina,Miechów,powiat miechowski,15%
176,Udział dzieci w ogóle osób objętych dożywianiem,2009,gmina,Racławice,powiat miechowski,15%
176,Udział dzieci w ogóle osób objętych dożywianiem,2009,gmina,Słaboszów,powiat miechowski,12%
176,Udział dzieci w ogóle osób objętych dożywianiem,2009,powiat,powiat myślenicki,powiat myślenicki,17%
176,Udział dzieci w ogóle osób objętych dożywianiem,2009,gmina,Dobczyce,powiat myślenicki,22%
176,Udział dzieci w ogóle osób objętych dożywianiem,2009,gmina,Lubień,powiat myślenicki,15%
176,Udział dzieci w ogóle osób objętych dożywianiem,2009,gmina,Myślenice,powiat myślenicki,22%
176,Udział dzieci w ogóle osób objętych dożywianiem,2009,gmina,Pcim,powiat myślenicki,22%
176,Udział dzieci w ogóle osób objętych dożywianiem,2009,gmina,Raciechowice,powiat myślenicki,9%
176,Udział dzieci w ogóle osób objętych dożywianiem,2009,gmina,Siepraw,powiat myślenicki,15%
176,Udział dzieci w ogóle osób objętych dożywianiem,2009,gmina,Sułkowice,powiat myślenicki,16%
176,Udział dzieci w ogóle osób objętych dożywianiem,2009,gmina,Tokarnia,powiat myślenicki,10%
176,Udział dzieci w ogóle osób objętych dożywianiem,2009,gmina,Wiśniowa,powiat myślenicki,21%
176,Udział dzieci w ogóle osób objętych dożywianiem,2009,powiat,powiat nowosądecki,powiat nowosądecki,14%
176,Udział dzieci w ogóle osób objętych dożywianiem,2009,gmina,Podegrodzie,powiat nowosądecki,9%
176,Udział dzieci w ogóle osób objętych dożywianiem,2009,gmina,Rytro,powiat nowosądecki,14%
176,Udział dzieci w ogóle osób objętych dożywianiem,2009,gmina,Stary Sącz,powiat nowosądecki,13%
176,Udział dzieci w ogóle osób objętych dożywianiem,2009,gmina,Chełmiec,powiat nowosądecki,16%
176,Udział dzieci w ogóle osób objętych dożywianiem,2009,gmina,Gródek nad Dunajcem,powiat nowosądecki,11%
176,Udział dzieci w ogóle osób objętych dożywianiem,2009,gmina,Grybów (miasto),powiat nowosądecki,15%
176,Udział dzieci w ogóle osób objętych dożywianiem,2009,gmina,Grybów (wieś),powiat nowosądecki,13%
176,Udział dzieci w ogóle osób objętych dożywianiem,2009,gmina,Kamionka Wielka,powiat nowosądecki,16%
176,Udział dzieci w ogóle osób objętych dożywianiem,2009,gmina,Korzenna,powiat nowosądecki,14%
176,Udział dzieci w ogóle osób objętych dożywianiem,2009,gmina,Krynica-Zdrój,powiat nowosądecki,12%
176,Udział dzieci w ogóle osób objętych dożywianiem,2009,gmina,Łabowa,powiat nowosądecki,13%
176,Udział dzieci w ogóle osób objętych dożywianiem,2009,gmina,Łącko,powiat nowosądecki,14%
176,Udział dzieci w ogóle osób objętych dożywianiem,2009,gmina,Łososina Dolna,powiat nowosądecki,13%
176,Udział dzieci w ogóle osób objętych dożywianiem,2009,gmina,Muszyna,powiat nowosądecki,12%
176,Udział dzieci w ogóle osób objętych dożywianiem,2009,gmina,Nawojowa,powiat nowosądecki,16%
176,Udział dzieci w ogóle osób objętych dożywianiem,2009,gmina,Piwniczna-Zdrój,powiat nowosądecki,13%
176,Udział dzieci w ogóle osób objętych dożywianiem,2009,powiat,powiat nowotarski,powiat nowotarski,16%
176,Udział dzieci w ogóle osób objętych dożywianiem,2009,gmina,Czarny Dunajec,powiat nowotarski,9%
176,Udział dzieci w ogóle osób objętych dożywianiem,2009,gmina,Czorsztyn,powiat nowotarski,11%
176,Udział dzieci w ogóle osób objętych dożywianiem,2009,gmina,Jabłonka,powiat nowotarski,14%
176,Udział dzieci w ogóle osób objętych dożywianiem,2009,gmina,Krościenko nad Dunajcem,powiat nowotarski,17%
176,Udział dzieci w ogóle osób objętych dożywianiem,2009,gmina,Lipnica Wielka,powiat nowotarski,8%
176,Udział dzieci w ogóle osób objętych dożywianiem,2009,gmina,Łapsze Niżne,powiat nowotarski,24%
176,Udział dzieci w ogóle osób objętych dożywianiem,2009,gmina,Nowy Targ (miasto),powiat nowotarski,14%
176,Udział dzieci w ogóle osób objętych dożywianiem,2009,gmina,Nowy Targ (wieś),powiat nowotarski,6%
176,Udział dzieci w ogóle osób objętych dożywianiem,2009,gmina,Ochotnica Dolna,powiat nowotarski,12%
176,Udział dzieci w ogóle osób objętych dożywianiem,2009,gmina,Raba Wyżna,powiat nowotarski,23%
176,Udział dzieci w ogóle osób objętych dożywianiem,2009,gmina,Rabka-Zdrój,powiat nowotarski,27%
176,Udział dzieci w ogóle osób objętych dożywianiem,2009,gmina,Spytkowice,powiat nowotarski,21%
176,Udział dzieci w ogóle osób objętych dożywianiem,2009,gmina,Szaflary,powiat nowotarski,15%
176,Udział dzieci w ogóle osób objętych dożywianiem,2009,gmina,Szczawnica,powiat nowotarski,11%
176,Udział dzieci w ogóle osób objętych dożywianiem,2009,powiat,powiat olkuski,powiat olkuski,16%
176,Udział dzieci w ogóle osób objętych dożywianiem,2009,gmina,Bolesław,powiat olkuski,13%
176,Udział dzieci w ogóle osób objętych dożywianiem,2009,gmina,Bukowno,powiat olkuski,13%
176,Udział dzieci w ogóle osób objętych dożywianiem,2009,gmina,Klucze,powiat olkuski,17%
176,Udział dzieci w ogóle osób objętych dożywianiem,2009,gmina,Olkusz,powiat olkuski,18%
176,Udział dzieci w ogóle osób objętych dożywianiem,2009,gmina,Trzyciąż,powiat olkuski,13%
176,Udział dzieci w ogóle osób objętych dożywianiem,2009,gmina,Wolbrom,powiat olkuski,12%
176,Udział dzieci w ogóle osób objętych dożywianiem,2009,powiat,powiat oświęcimski,powiat oświęcimski,11%
176,Udział dzieci w ogóle osób objętych dożywianiem,2009,gmina,Brzeszcze,powiat oświęcimski,17%
176,Udział dzieci w ogóle osób objętych dożywianiem,2009,gmina,Chełmek,powiat oświęcimski,20%
176,Udział dzieci w ogóle osób objętych dożywianiem,2009,gmina,Kęty,powiat oświęcimski,17%
176,Udział dzieci w ogóle osób objętych dożywianiem,2009,gmina,Osiek,powiat oświęcimski,20%
176,Udział dzieci w ogóle osób objętych dożywianiem,2009,gmina,Oświęcim (miasto),powiat oświęcimski,6%
176,Udział dzieci w ogóle osób objętych dożywianiem,2009,gmina,Oświęcim (wieś),powiat oświęcimski,13%
176,Udział dzieci w ogóle osób objętych dożywianiem,2009,gmina,Polanka Wielka,powiat oświęcimski,21%
176,Udział dzieci w ogóle osób objętych dożywianiem,2009,gmina,Przeciszów,powiat oświęcimski,14%
176,Udział dzieci w ogóle osób objętych dożywianiem,2009,gmina,Zator,powiat oświęcimski,13%
176,Udział dzieci w ogóle osób objętych dożywianiem,2009,powiat,powiat proszowicki,powiat proszowicki,15%
176,Udział dzieci w ogóle osób objętych dożywianiem,2009,gmina,Koniusza,powiat proszowicki,6%
176,Udział dzieci w ogóle osób objętych dożywianiem,2009,gmina,Koszyce,powiat proszowicki,14%
176,Udział dzieci w ogóle osób objętych dożywianiem,2009,gmina,Nowe Brzesko,powiat proszowicki,24%
176,Udział dzieci w ogóle osób objętych dożywianiem,2009,gmina,Pałecznica,powiat proszowicki,5%
176,Udział dzieci w ogóle osób objętych dożywianiem,2009,gmina,Proszowice,powiat proszowicki,19%
176,Udział dzieci w ogóle osób objętych dożywianiem,2009,gmina,Radziemice,powiat proszowicki,18%
176,Udział dzieci w ogóle osób objętych dożywianiem,2009,powiat,powiat suski,powiat suski,11%
176,Udział dzieci w ogóle osób objętych dożywianiem,2009,gmina,Budzów,powiat suski,16%
176,Udział dzieci w ogóle osób objętych dożywianiem,2009,gmina,Bystra-Sidzina,powiat suski,14%
176,Udział dzieci w ogóle osób objętych dożywianiem,2009,gmina,Jordanów (miasto),powiat suski,15%
176,Udział dzieci w ogóle osób objętych dożywianiem,2009,gmina,Jordanów (wieś),powiat suski,8%
176,Udział dzieci w ogóle osób objętych dożywianiem,2009,gmina,Maków Podhalański,powiat suski,9%
176,Udział dzieci w ogóle osób objętych dożywianiem,2009,gmina,Stryszawa,powiat suski,15%
176,Udział dzieci w ogóle osób objętych dożywianiem,2009,gmina,Sucha Beskidzka,powiat suski,13%
176,Udział dzieci w ogóle osób objętych dożywianiem,2009,gmina,Zawoja,powiat suski,4%
176,Udział dzieci w ogóle osób objętych dożywianiem,2009,gmina,Zembrzyce,powiat suski,10%
176,Udział dzieci w ogóle osób objętych dożywianiem,2009,powiat,powiat tarnowski,powiat tarnowski,14%
176,Udział dzieci w ogóle osób objętych dożywianiem,2009,gmina,Ciężkowice,powiat tarnowski,12%
176,Udział dzieci w ogóle osób objętych dożywianiem,2009,gmina,Gromnik,powiat tarnowski,17%
176,Udział dzieci w ogóle osób objętych dożywianiem,2009,gmina,Lisia Góra,powiat tarnowski,15%
176,Udział dzieci w ogóle osób objętych dożywianiem,2009,gmina,Pleśna,powiat tarnowski,10%
176,Udział dzieci w ogóle osób objętych dożywianiem,2009,gmina,Radłów,powiat tarnowski,15%
176,Udział dzieci w ogóle osób objętych dożywianiem,2009,gmina,Ryglice,powiat tarnowski,8%
176,Udział dzieci w ogóle osób objętych dożywianiem,2009,gmina,Rzepiennik Strzyżewski,powiat tarnowski,21%
176,Udział dzieci w ogóle osób objętych dożywianiem,2009,gmina,Skrzyszów,powiat tarnowski,13%
176,Udział dzieci w ogóle osób objętych dożywianiem,2009,gmina,Szerzyny,powiat tarnowski,10%
176,Udział dzieci w ogóle osób objętych dożywianiem,2009,gmina,Tarnów (wieś),powiat tarnowski,21%
176,Udział dzieci w ogóle osób objętych dożywianiem,2009,gmina,Tuchów,powiat tarnowski,6%
176,Udział dzieci w ogóle osób objętych dożywianiem,2009,gmina,Wierzchosławice,powiat tarnowski,20%
176,Udział dzieci w ogóle osób objętych dożywianiem,2009,gmina,Wietrzychowice,powiat tarnowski,19%
176,Udział dzieci w ogóle osób objętych dożywianiem,2009,gmina,Wojnicz,powiat tarnowski,17%
176,Udział dzieci w ogóle osób objętych dożywianiem,2009,gmina,Zakliczyn,powiat tarnowski,4%
176,Udział dzieci w ogóle osób objętych dożywianiem,2009,gmina,Żabno,powiat tarnowski,15%
176,Udział dzieci w ogóle osób objętych dożywianiem,2009,powiat,powiat tatrzański,powiat tatrzański,16%
176,Udział dzieci w ogóle osób objętych dożywianiem,2009,gmina,Biały Dunajec,powiat tatrzański,16%
176,Udział dzieci w ogóle osób objętych dożywianiem,2009,gmina,Bukowina Tatrzańska,powiat tatrzański,13%
176,Udział dzieci w ogóle osób objętych dożywianiem,2009,gmina,Kościelisko,powiat tatrzański,10%
176,Udział dzieci w ogóle osób objętych dożywianiem,2009,gmina,Poronin,powiat tatrzański,1%
176,Udział dzieci w ogóle osób objętych dożywianiem,2009,gmina,Zakopane,powiat tatrzański,28%
176,Udział dzieci w ogóle osób objętych dożywianiem,2009,powiat,powiat wadowicki,powiat wadowicki,16%
176,Udział dzieci w ogóle osób objętych dożywianiem,2009,gmina,Andrychów,powiat wadowicki,9%
176,Udział dzieci w ogóle osób objętych dożywianiem,2009,gmina,Brzeźnica,powiat wadowicki,22%
176,Udział dzieci w ogóle osób objętych dożywianiem,2009,gmina,Kalwaria Zebrzydowska,powiat wadowicki,11%
176,Udział dzieci w ogóle osób objętych dożywianiem,2009,gmina,Lanckorona,powiat wadowicki,18%
176,Udział dzieci w ogóle osób objętych dożywianiem,2009,gmina,Mucharz,powiat wadowicki,13%
176,Udział dzieci w ogóle osób objętych dożywianiem,2009,gmina,Spytkowice,powiat wadowicki,28%
176,Udział dzieci w ogóle osób objętych dożywianiem,2009,gmina,Stryszów,powiat wadowicki,20%
176,Udział dzieci w ogóle osób objętych dożywianiem,2009,gmina,Tomice,powiat wadowicki,17%
176,Udział dzieci w ogóle osób objętych dożywianiem,2009,gmina,Wadowice,powiat wadowicki,14%
176,Udział dzieci w ogóle osób objętych dożywianiem,2009,gmina,Wieprz,powiat wadowicki,14%
176,Udział dzieci w ogóle osób objętych dożywianiem,2009,powiat,powiat wielicki,powiat wielicki,16%
176,Udział dzieci w ogóle osób objętych dożywianiem,2009,gmina,Biskupice,powiat wielicki,17%
176,Udział dzieci w ogóle osób objętych dożywianiem,2009,gmina,Gdów,powiat wielicki,16%
176,Udział dzieci w ogóle osób objętych dożywianiem,2009,gmina,Kłaj,powiat wielicki,18%
176,Udział dzieci w ogóle osób objętych dożywianiem,2009,gmina,Niepołomice,powiat wielicki,14%
176,Udział dzieci w ogóle osób objętych dożywianiem,2009,gmina,Wieliczka,powiat wielicki,15%
176,Udział dzieci w ogóle osób objętych dożywianiem,2008,powiat,powiat bocheński,powiat bocheński,15%
176,Udział dzieci w ogóle osób objętych dożywianiem,2008,gmina,Bochnia (miasto),powiat bocheński,14%
176,Udział dzieci w ogóle osób objętych dożywianiem,2008,gmina,Bochnia (wieś),powiat bocheński,15%
176,Udział dzieci w ogóle osób objętych dożywianiem,2008,gmina,Drwinia,powiat bocheński,24%
176,Udział dzieci w ogóle osób objętych dożywianiem,2008,gmina,Lipnica Murowana,powiat bocheński,17%
176,Udział dzieci w ogóle osób objętych dożywianiem,2008,gmina,Łapanów,powiat bocheński,6%
176,Udział dzieci w ogóle osób objętych dożywianiem,2008,gmina,Nowy Wiśnicz,powiat bocheński,12%
176,Udział dzieci w ogóle osób objętych dożywianiem,2008,gmina,Rzezawa,powiat bocheński,22%
176,Udział dzieci w ogóle osób objętych dożywianiem,2008,gmina,Trzciana,powiat bocheński,13%
176,Udział dzieci w ogóle osób objętych dożywianiem,2008,gmina,Żegocina,powiat bocheński,11%
176,Udział dzieci w ogóle osób objętych dożywianiem,2008,powiat,powiat brzeski,powiat brzeski,15%
176,Udział dzieci w ogóle osób objętych dożywianiem,2008,gmina,Borzęcin,powiat brzeski,15%
176,Udział dzieci w ogóle osób objętych dożywianiem,2008,gmina,Brzesko,powiat brzeski,18%
176,Udział dzieci w ogóle osób objętych dożywianiem,2008,gmina,Czchów,powiat brzeski,12%
176,Udział dzieci w ogóle osób objętych dożywianiem,2008,gmina,Dębno,powiat brzeski,15%
176,Udział dzieci w ogóle osób objętych dożywianiem,2008,gmina,Gnojnik,powiat brzeski,12%
176,Udział dzieci w ogóle osób objętych dożywianiem,2008,gmina,Iwkowa,powiat brzeski,12%
176,Udział dzieci w ogóle osób objętych dożywianiem,2008,gmina,Szczurowa,powiat brzeski,18%
176,Udział dzieci w ogóle osób objętych dożywianiem,2008,powiat,powiat chrzanowski,powiat chrzanowski,19%
176,Udział dzieci w ogóle osób objętych dożywianiem,2008,gmina,Alwernia,powiat chrzanowski,17%
176,Udział dzieci w ogóle osób objętych dożywianiem,2008,gmina,Babice,powiat chrzanowski,19%
176,Udział dzieci w ogóle osób objętych dożywianiem,2008,gmina,Chrzanów,powiat chrzanowski,20%
176,Udział dzieci w ogóle osób objętych dożywianiem,2008,gmina,Libiąż,powiat chrzanowski,15%
176,Udział dzieci w ogóle osób objętych dożywianiem,2008,gmina,Trzebinia,powiat chrzanowski,19%
176,Udział dzieci w ogóle osób objętych dożywianiem,2008,powiat,powiat dąbrowski,powiat dąbrowski,9%
176,Udział dzieci w ogóle osób objętych dożywianiem,2008,gmina,Bolesław,powiat dąbrowski,18%
176,Udział dzieci w ogóle osób objętych dożywianiem,2008,gmina,Dąbrowa Tarnowska,powiat dąbrowski,11%
176,Udział dzieci w ogóle osób objętych dożywianiem,2008,gmina,Gręboszów,powiat dąbrowski,15%
176,Udział dzieci w ogóle osób objętych dożywianiem,2008,gmina,Mędrzechów,powiat dąbrowski,0%
176,Udział dzieci w ogóle osób objętych dożywianiem,2008,gmina,Olesno,powiat dąbrowski,19%
176,Udział dzieci w ogóle osób objętych dożywianiem,2008,gmina,Radgoszcz,powiat dąbrowski,10%
176,Udział dzieci w ogóle osób objętych dożywianiem,2008,gmina,Szczucin,powiat dąbrowski,2%
176,Udział dzieci w ogóle osób objętych dożywianiem,2008,powiat,powiat gorlicki,powiat gorlicki,14%
176,Udział dzieci w ogóle osób objętych dożywianiem,2008,gmina,Biecz,powiat gorlicki,18%
176,Udział dzieci w ogóle osób objętych dożywianiem,2008,gmina,Bobowa,powiat gorlicki,14%
176,Udział dzieci w ogóle osób objętych dożywianiem,2008,gmina,Gorlice (miasto),powiat gorlicki,10%
176,Udział dzieci w ogóle osób objętych dożywianiem,2008,gmina,Gorlice (wieś),powiat gorlicki,16%
176,Udział dzieci w ogóle osób objętych dożywianiem,2008,gmina,Lipinki,powiat gorlicki,6%
176,Udział dzieci w ogóle osób objętych dożywianiem,2008,gmina,Łużna,powiat gorlicki,20%
176,Udział dzieci w ogóle osób objętych dożywianiem,2008,gmina,Moszczenica,powiat gorlicki,3%
176,Udział dzieci w ogóle osób objętych dożywianiem,2008,gmina,Ropa,powiat gorlicki,13%
176,Udział dzieci w ogóle osób objętych dożywianiem,2008,gmina,Sękowa,powiat gorlicki,22%
176,Udział dzieci w ogóle osób objętych dożywianiem,2008,gmina,Uście Gorlickie,powiat gorlicki,11%
176,Udział dzieci w ogóle osób objętych dożywianiem,2008,powiat,powiat krakowski,powiat krakowski,14%
176,Udział dzieci w ogóle osób objętych dożywianiem,2008,gmina,Czernichów,powiat krakowski,15%
176,Udział dzieci w ogóle osób objętych dożywianiem,2008,gmina,Igołomia-Wawrzeńczyce,powiat krakowski,10%
176,Udział dzieci w ogóle osób objętych dożywianiem,2008,gmina,Iwanowice,powiat krakowski,12%
176,Udział dzieci w ogóle osób objętych dożywianiem,2008,gmina,Jerzmanowice-Przeginia,powiat krakowski,23%
176,Udział dzieci w ogóle osób objętych dożywianiem,2008,gmina,Kocmyrzów-Luborzyca,powiat krakowski,13%
176,Udział dzieci w ogóle osób objętych dożywianiem,2008,gmina,Krzeszowice,powiat krakowski,14%
176,Udział dzieci w ogóle osób objętych dożywianiem,2008,gmina,Liszki,powiat krakowski,12%
176,Udział dzieci w ogóle osób objętych dożywianiem,2008,gmina,Michałowice,powiat krakowski,13%
176,Udział dzieci w ogóle osób objętych dożywianiem,2008,gmina,Mogilany,powiat krakowski,14%
176,Udział dzieci w ogóle osób objętych dożywianiem,2008,gmina,Skała,powiat krakowski,17%
176,Udział dzieci w ogóle osób objętych dożywianiem,2008,gmina,Skawina,powiat krakowski,9%
176,Udział dzieci w ogóle osób objętych dożywianiem,2008,gmina,Słomniki,powiat krakowski,16%
176,Udział dzieci w ogóle osób objętych dożywianiem,2008,gmina,Sułoszowa,powiat krakowski,12%
176,Udział dzieci w ogóle osób objętych dożywianiem,2008,gmina,Świątniki Górne,powiat krakowski,15%
176,Udział dzieci w ogóle osób objętych dożywianiem,2008,gmina,Wielka Wieś,powiat krakowski,15%
176,Udział dzieci w ogóle osób objętych dożywianiem,2008,gmina,Zabierzów,powiat krakowski,18%
176,Udział dzieci w ogóle osób objętych dożywianiem,2008,gmina,Zielonki,powiat krakowski,11%
176,Udział dzieci w ogóle osób objętych dożywianiem,2008,powiat,powiat limanowski,powiat limanowski,12%
176,Udział dzieci w ogóle osób objętych dożywianiem,2008,gmina,Dobra,powiat limanowski,6%
176,Udział dzieci w ogóle osób objętych dożywianiem,2008,gmina,Jodłownik,powiat limanowski,7%
176,Udział dzieci w ogóle osób objętych dożywianiem,2008,gmina,Kamienica,powiat limanowski,10%
176,Udział dzieci w ogóle osób objętych dożywianiem,2008,gmina,Laskowa,powiat limanowski,8%
176,Udział dzieci w ogóle osób objętych dożywianiem,2008,gmina,Limanowa (miasto),powiat limanowski,12%
176,Udział dzieci w ogóle osób objętych dożywianiem,2008,gmina,Limanowa (wieś),powiat limanowski,15%
176,Udział dzieci w ogóle osób objętych dożywianiem,2008,gmina,Łukowica,powiat limanowski,10%
176,Udział dzieci w ogóle osób objętych dożywianiem,2008,gmina,Mszana Dolna (miasto),powiat limanowski,12%
176,Udział dzieci w ogóle osób objętych dożywianiem,2008,gmina,Mszana Dolna (wieś),powiat limanowski,21%
176,Udział dzieci w ogóle osób objętych dożywianiem,2008,gmina,Niedźwiedź,powiat limanowski,14%
176,Udział dzieci w ogóle osób objętych dożywianiem,2008,gmina,Słopnice,powiat limanowski,18%
176,Udział dzieci w ogóle osób objętych dożywianiem,2008,gmina,Tymbark,powiat limanowski,14%
176,Udział dzieci w ogóle osób objętych dożywianiem,2008,powiat,powiat m. Kraków,powiat m. Kraków,13%
176,Udział dzieci w ogóle osób objętych dożywianiem,2008,powiat,powiat m. Nowy Sącz,powiat m. Nowy Sącz,13%
176,Udział dzieci w ogóle osób objętych dożywianiem,2008,powiat,powiat m. Tarnów,powiat m. Tarnów,14%
176,Udział dzieci w ogóle osób objętych dożywianiem,2008,powiat,powiat miechowski,powiat miechowski,15%
176,Udział dzieci w ogóle osób objętych dożywianiem,2008,gmina,Charsznica,powiat miechowski,13%
176,Udział dzieci w ogóle osób objętych dożywianiem,2008,gmina,Gołcza,powiat miechowski,15%
176,Udział dzieci w ogóle osób objętych dożywianiem,2008,gmina,Kozłów,powiat miechowski,11%
176,Udział dzieci w ogóle osób objętych dożywianiem,2008,gmina,Książ Wielki,powiat miechowski,17%
176,Udział dzieci w ogóle osób objętych dożywianiem,2008,gmina,Miechów,powiat miechowski,16%
176,Udział dzieci w ogóle osób objętych dożywianiem,2008,gmina,Racławice,powiat miechowski,19%
176,Udział dzieci w ogóle osób objętych dożywianiem,2008,gmina,Słaboszów,powiat miechowski,13%
176,Udział dzieci w ogóle osób objętych dożywianiem,2008,powiat,powiat myślenicki,powiat myślenicki,16%
176,Udział dzieci w ogóle osób objętych dożywianiem,2008,gmina,Dobczyce,powiat myślenicki,20%
176,Udział dzieci w ogóle osób objętych dożywianiem,2008,gmina,Lubień,powiat myślenicki,10%
176,Udział dzieci w ogóle osób objętych dożywianiem,2008,gmina,Myślenice,powiat myślenicki,19%
176,Udział dzieci w ogóle osób objętych dożywianiem,2008,gmina,Pcim,powiat myślenicki,15%
176,Udział dzieci w ogóle osób objętych dożywianiem,2008,gmina,Raciechowice,powiat myślenicki,16%
176,Udział dzieci w ogóle osób objętych dożywianiem,2008,gmina,Siepraw,powiat myślenicki,11%
176,Udział dzieci w ogóle osób objętych dożywianiem,2008,gmina,Sułkowice,powiat myślenicki,15%
176,Udział dzieci w ogóle osób objętych dożywianiem,2008,gmina,Tokarnia,powiat myślenicki,12%
176,Udział dzieci w ogóle osób objętych dożywianiem,2008,gmina,Wiśniowa,powiat myślenicki,21%
176,Udział dzieci w ogóle osób objętych dożywianiem,2008,powiat,powiat nowosądecki,powiat nowosądecki,14%
176,Udział dzieci w ogóle osób objętych dożywianiem,2008,gmina,Podegrodzie,powiat nowosądecki,11%
176,Udział dzieci w ogóle osób objętych dożywianiem,2008,gmina,Rytro,powiat nowosądecki,12%
176,Udział dzieci w ogóle osób objętych dożywianiem,2008,gmina,Stary Sącz,powiat nowosądecki,15%
176,Udział dzieci w ogóle osób objętych dożywianiem,2008,gmina,Chełmiec,powiat nowosądecki,14%
176,Udział dzieci w ogóle osób objętych dożywianiem,2008,gmina,Gródek nad Dunajcem,powiat nowosądecki,12%
176,Udział dzieci w ogóle osób objętych dożywianiem,2008,gmina,Grybów (miasto),powiat nowosądecki,24%
176,Udział dzieci w ogóle osób objętych dożywianiem,2008,gmina,Grybów (wieś),powiat nowosądecki,17%
176,Udział dzieci w ogóle osób objętych dożywianiem,2008,gmina,Kamionka Wielka,powiat nowosądecki,16%
176,Udział dzieci w ogóle osób objętych dożywianiem,2008,gmina,Korzenna,powiat nowosądecki,13%
176,Udział dzieci w ogóle osób objętych dożywianiem,2008,gmina,Krynica-Zdrój,powiat nowosądecki,6%
176,Udział dzieci w ogóle osób objętych dożywianiem,2008,gmina,Łabowa,powiat nowosądecki,12%
176,Udział dzieci w ogóle osób objętych dożywianiem,2008,gmina,Łącko,powiat nowosądecki,12%
176,Udział dzieci w ogóle osób objętych dożywianiem,2008,gmina,Łososina Dolna,powiat nowosądecki,9%
176,Udział dzieci w ogóle osób objętych dożywianiem,2008,gmina,Muszyna,powiat nowosądecki,13%
176,Udział dzieci w ogóle osób objętych dożywianiem,2008,gmina,Nawojowa,powiat nowosądecki,15%
176,Udział dzieci w ogóle osób objętych dożywianiem,2008,gmina,Piwniczna-Zdrój,powiat nowosądecki,13%
176,Udział dzieci w ogóle osób objętych dożywianiem,2008,powiat,powiat nowotarski,powiat nowotarski,14%
176,Udział dzieci w ogóle osób objętych dożywianiem,2008,gmina,Czarny Dunajec,powiat nowotarski,8%
176,Udział dzieci w ogóle osób objętych dożywianiem,2008,gmina,Czorsztyn,powiat nowotarski,14%
176,Udział dzieci w ogóle osób objętych dożywianiem,2008,gmina,Jabłonka,powiat nowotarski,11%
176,Udział dzieci w ogóle osób objętych dożywianiem,2008,gmina,Krościenko nad Dunajcem,powiat nowotarski,5%
176,Udział dzieci w ogóle osób objętych dożywianiem,2008,gmina,Lipnica Wielka,powiat nowotarski,6%
176,Udział dzieci w ogóle osób objętych dożywianiem,2008,gmina,Łapsze Niżne,powiat nowotarski,24%
176,Udział dzieci w ogóle osób objętych dożywianiem,2008,gmina,Nowy Targ (miasto),powiat nowotarski,14%
176,Udział dzieci w ogóle osób objętych dożywianiem,2008,gmina,Nowy Targ (wieś),powiat nowotarski,10%
176,Udział dzieci w ogóle osób objętych dożywianiem,2008,gmina,Ochotnica Dolna,powiat nowotarski,16%
176,Udział dzieci w ogóle osób objętych dożywianiem,2008,gmina,Raba Wyżna,powiat nowotarski,19%
176,Udział dzieci w ogóle osób objętych dożywianiem,2008,gmina,Rabka-Zdrój,powiat nowotarski,25%
176,Udział dzieci w ogóle osób objętych dożywianiem,2008,gmina,Spytkowice,powiat nowotarski,14%
176,Udział dzieci w ogóle osób objętych dożywianiem,2008,gmina,Szaflary,powiat nowotarski,13%
176,Udział dzieci w ogóle osób objętych dożywianiem,2008,gmina,Szczawnica,powiat nowotarski,8%
176,Udział dzieci w ogóle osób objętych dożywianiem,2008,powiat,powiat olkuski,powiat olkuski,14%
176,Udział dzieci w ogóle osób objętych dożywianiem,2008,gmina,Bolesław,powiat olkuski,12%
176,Udział dzieci w ogóle osób objętych dożywianiem,2008,gmina,Bukowno,powiat olkuski,3%
176,Udział dzieci w ogóle osób objętych dożywianiem,2008,gmina,Klucze,powiat olkuski,16%
176,Udział dzieci w ogóle osób objętych dożywianiem,2008,gmina,Olkusz,powiat olkuski,16%
176,Udział dzieci w ogóle osób objętych dożywianiem,2008,gmina,Trzyciąż,powiat olkuski,17%
176,Udział dzieci w ogóle osób objętych dożywianiem,2008,gmina,Wolbrom,powiat olkuski,13%
176,Udział dzieci w ogóle osób objętych dożywianiem,2008,powiat,powiat oświęcimski,powiat oświęcimski,15%
176,Udział dzieci w ogóle osób objętych dożywianiem,2008,gmina,Brzeszcze,powiat oświęcimski,16%
176,Udział dzieci w ogóle osób objętych dożywianiem,2008,gmina,Chełmek,powiat oświęcimski,21%
176,Udział dzieci w ogóle osób objętych dożywianiem,2008,gmina,Kęty,powiat oświęcimski,15%
176,Udział dzieci w ogóle osób objętych dożywianiem,2008,gmina,Osiek,powiat oświęcimski,22%
176,Udział dzieci w ogóle osób objętych dożywianiem,2008,gmina,Oświęcim (miasto),powiat oświęcimski,13%
176,Udział dzieci w ogóle osób objętych dożywianiem,2008,gmina,Oświęcim (wieś),powiat oświęcimski,15%
176,Udział dzieci w ogóle osób objętych dożywianiem,2008,gmina,Polanka Wielka,powiat oświęcimski,26%
176,Udział dzieci w ogóle osób objętych dożywianiem,2008,gmina,Przeciszów,powiat oświęcimski,14%
176,Udział dzieci w ogóle osób objętych dożywianiem,2008,gmina,Zator,powiat oświęcimski,11%
176,Udział dzieci w ogóle osób objętych dożywianiem,2008,powiat,powiat proszowicki,powiat proszowicki,12%
176,Udział dzieci w ogóle osób objętych dożywianiem,2008,gmina,Koniusza,powiat proszowicki,0%
176,Udział dzieci w ogóle osób objętych dożywianiem,2008,gmina,Koszyce,powiat proszowicki,11%
176,Udział dzieci w ogóle osób objętych dożywianiem,2008,gmina,Nowe Brzesko,powiat proszowicki,16%
176,Udział dzieci w ogóle osób objętych dożywianiem,2008,gmina,Pałecznica,powiat proszowicki,0%
176,Udział dzieci w ogóle osób objętych dożywianiem,2008,gmina,Proszowice,powiat proszowicki,20%
176,Udział dzieci w ogóle osób objętych dożywianiem,2008,gmina,Radziemice,powiat proszowicki,15%
176,Udział dzieci w ogóle osób objętych dożywianiem,2008,powiat,powiat suski,powiat suski,11%
176,Udział dzieci w ogóle osób objętych dożywianiem,2008,gmina,Budzów,powiat suski,11%
176,Udział dzieci w ogóle osób objętych dożywianiem,2008,gmina,Bystra-Sidzina,powiat suski,12%
176,Udział dzieci w ogóle osób objętych dożywianiem,2008,gmina,Jordanów (miasto),powiat suski,15%
176,Udział dzieci w ogóle osób objętych dożywianiem,2008,gmina,Jordanów (wieś),powiat suski,11%
176,Udział dzieci w ogóle osób objętych dożywianiem,2008,gmina,Maków Podhalański,powiat suski,12%
176,Udział dzieci w ogóle osób objętych dożywianiem,2008,gmina,Stryszawa,powiat suski,14%
176,Udział dzieci w ogóle osób objętych dożywianiem,2008,gmina,Sucha Beskidzka,powiat suski,18%
176,Udział dzieci w ogóle osób objętych dożywianiem,2008,gmina,Zawoja,powiat suski,5%
176,Udział dzieci w ogóle osób objętych dożywianiem,2008,gmina,Zembrzyce,powiat suski,4%
176,Udział dzieci w ogóle osób objętych dożywianiem,2008,powiat,powiat tarnowski,powiat tarnowski,13%
176,Udział dzieci w ogóle osób objętych dożywianiem,2008,gmina,Ciężkowice,powiat tarnowski,11%
176,Udział dzieci w ogóle osób objętych dożywianiem,2008,gmina,Gromnik,powiat tarnowski,12%
176,Udział dzieci w ogóle osób objętych dożywianiem,2008,gmina,Lisia Góra,powiat tarnowski,18%
176,Udział dzieci w ogóle osób objętych dożywianiem,2008,gmina,Pleśna,powiat tarnowski,12%
176,Udział dzieci w ogóle osób objętych dożywianiem,2008,gmina,Radłów,powiat tarnowski,18%
176,Udział dzieci w ogóle osób objętych dożywianiem,2008,gmina,Ryglice,powiat tarnowski,7%
176,Udział dzieci w ogóle osób objętych dożywianiem,2008,gmina,Rzepiennik Strzyżewski,powiat tarnowski,22%
176,Udział dzieci w ogóle osób objętych dożywianiem,2008,gmina,Skrzyszów,powiat tarnowski,13%
176,Udział dzieci w ogóle osób objętych dożywianiem,2008,gmina,Szerzyny,powiat tarnowski,11%
176,Udział dzieci w ogóle osób objętych dożywianiem,2008,gmina,Tarnów (wieś),powiat tarnowski,17%
176,Udział dzieci w ogóle osób objętych dożywianiem,2008,gmina,Tuchów,powiat tarnowski,7%
176,Udział dzieci w ogóle osób objętych dożywianiem,2008,gmina,Wierzchosławice,powiat tarnowski,16%
176,Udział dzieci w ogóle osób objętych dożywianiem,2008,gmina,Wietrzychowice,powiat tarnowski,19%
176,Udział dzieci w ogóle osób objętych dożywianiem,2008,gmina,Wojnicz,powiat tarnowski,15%
176,Udział dzieci w ogóle osób objętych dożywianiem,2008,gmina,Zakliczyn,powiat tarnowski,2%
176,Udział dzieci w ogóle osób objętych dożywianiem,2008,gmina,Żabno,powiat tarnowski,12%
176,Udział dzieci w ogóle osób objętych dożywianiem,2008,powiat,powiat tatrzański,powiat tatrzański,17%
176,Udział dzieci w ogóle osób objętych dożywianiem,2008,gmina,Biały Dunajec,powiat tatrzański,15%
176,Udział dzieci w ogóle osób objętych dożywianiem,2008,gmina,Bukowina Tatrzańska,powiat tatrzański,19%
176,Udział dzieci w ogóle osób objętych dożywianiem,2008,gmina,Kościelisko,powiat tatrzański,9%
176,Udział dzieci w ogóle osób objętych dożywianiem,2008,gmina,Poronin,powiat tatrzański,1%
176,Udział dzieci w ogóle osób objętych dożywianiem,2008,gmina,Zakopane,powiat tatrzański,29%
176,Udział dzieci w ogóle osób objętych dożywianiem,2008,powiat,powiat wadowicki,powiat wadowicki,14%
176,Udział dzieci w ogóle osób objętych dożywianiem,2008,gmina,Andrychów,powiat wadowicki,8%
176,Udział dzieci w ogóle osób objętych dożywianiem,2008,gmina,Brzeźnica,powiat wadowicki,19%
176,Udział dzieci w ogóle osób objętych dożywianiem,2008,gmina,Kalwaria Zebrzydowska,powiat wadowicki,9%
176,Udział dzieci w ogóle osób objętych dożywianiem,2008,gmina,Lanckorona,powiat wadowicki,17%
176,Udział dzieci w ogóle osób objętych dożywianiem,2008,gmina,Mucharz,powiat wadowicki,10%
176,Udział dzieci w ogóle osób objętych dożywianiem,2008,gmina,Spytkowice,powiat wadowicki,29%
176,Udział dzieci w ogóle osób objętych dożywianiem,2008,gmina,Stryszów,powiat wadowicki,15%
176,Udział dzieci w ogóle osób objętych dożywianiem,2008,gmina,Tomice,powiat wadowicki,14%
176,Udział dzieci w ogóle osób objętych dożywianiem,2008,gmina,Wadowice,powiat wadowicki,13%
176,Udział dzieci w ogóle osób objętych dożywianiem,2008,gmina,Wieprz,powiat wadowicki,16%
176,Udział dzieci w ogóle osób objętych dożywianiem,2008,powiat,powiat wielicki,powiat wielicki,16%
176,Udział dzieci w ogóle osób objętych dożywianiem,2008,gmina,Biskupice,powiat wielicki,17%
176,Udział dzieci w ogóle osób objętych dożywianiem,2008,gmina,Gdów,powiat wielicki,19%
176,Udział dzieci w ogóle osób objętych dożywianiem,2008,gmina,Kłaj,powiat wielicki,9%
176,Udział dzieci w ogóle osób objętych dożywianiem,2008,gmina,Niepołomice,powiat wielicki,15%
176,Udział dzieci w ogóle osób objętych dożywianiem,2008,gmina,Wieliczka,powiat wielicki,17%
176,Udział dzieci w ogóle osób objętych dożywianiem,2007,powiat,powiat bocheński,powiat bocheński,14%
176,Udział dzieci w ogóle osób objętych dożywianiem,2007,gmina,Bochnia (miasto),powiat bocheński,15%
176,Udział dzieci w ogóle osób objętych dożywianiem,2007,gmina,Bochnia (wieś),powiat bocheński,14%
176,Udział dzieci w ogóle osób objętych dożywianiem,2007,gmina,Drwinia,powiat bocheński,13%
176,Udział dzieci w ogóle osób objętych dożywianiem,2007,gmina,Lipnica Murowana,powiat bocheński,13%
176,Udział dzieci w ogóle osób objętych dożywianiem,2007,gmina,Łapanów,powiat bocheński,9%
176,Udział dzieci w ogóle osób objętych dożywianiem,2007,gmina,Nowy Wiśnicz,powiat bocheński,10%
176,Udział dzieci w ogóle osób objętych dożywianiem,2007,gmina,Rzezawa,powiat bocheński,18%
176,Udział dzieci w ogóle osób objętych dożywianiem,2007,gmina,Trzciana,powiat bocheński,14%
176,Udział dzieci w ogóle osób objętych dożywianiem,2007,gmina,Żegocina,powiat bocheński,12%
176,Udział dzieci w ogóle osób objętych dożywianiem,2007,powiat,powiat brzeski,powiat brzeski,15%
176,Udział dzieci w ogóle osób objętych dożywianiem,2007,gmina,Borzęcin,powiat brzeski,21%
176,Udział dzieci w ogóle osób objętych dożywianiem,2007,gmina,Brzesko,powiat brzeski,15%
176,Udział dzieci w ogóle osób objętych dożywianiem,2007,gmina,Czchów,powiat brzeski,13%
176,Udział dzieci w ogóle osób objętych dożywianiem,2007,gmina,Dębno,powiat brzeski,19%
176,Udział dzieci w ogóle osób objętych dożywianiem,2007,gmina,Gnojnik,powiat brzeski,13%
176,Udział dzieci w ogóle osób objętych dożywianiem,2007,gmina,Iwkowa,powiat brzeski,14%
176,Udział dzieci w ogóle osób objętych dożywianiem,2007,gmina,Szczurowa,powiat brzeski,14%
176,Udział dzieci w ogóle osób objętych dożywianiem,2007,powiat,powiat chrzanowski,powiat chrzanowski,18%
176,Udział dzieci w ogóle osób objętych dożywianiem,2007,gmina,Alwernia,powiat chrzanowski,15%
176,Udział dzieci w ogóle osób objętych dożywianiem,2007,gmina,Babice,powiat chrzanowski,21%
176,Udział dzieci w ogóle osób objętych dożywianiem,2007,gmina,Chrzanów,powiat chrzanowski,19%
176,Udział dzieci w ogóle osób objętych dożywianiem,2007,gmina,Libiąż,powiat chrzanowski,16%
176,Udział dzieci w ogóle osób objętych dożywianiem,2007,gmina,Trzebinia,powiat chrzanowski,18%
176,Udział dzieci w ogóle osób objętych dożywianiem,2007,powiat,powiat dąbrowski,powiat dąbrowski,11%
176,Udział dzieci w ogóle osób objętych dożywianiem,2007,gmina,Bolesław,powiat dąbrowski,9%
176,Udział dzieci w ogóle osób objętych dożywianiem,2007,gmina,Dąbrowa Tarnowska,powiat dąbrowski,12%
176,Udział dzieci w ogóle osób objętych dożywianiem,2007,gmina,Gręboszów,powiat dąbrowski,12%
176,Udział dzieci w ogóle osób objętych dożywianiem,2007,gmina,Mędrzechów,powiat dąbrowski,0%
176,Udział dzieci w ogóle osób objętych dożywianiem,2007,gmina,Olesno,powiat dąbrowski,18%
176,Udział dzieci w ogóle osób objętych dożywianiem,2007,gmina,Radgoszcz,powiat dąbrowski,14%
176,Udział dzieci w ogóle osób objętych dożywianiem,2007,gmina,Szczucin,powiat dąbrowski,2%
176,Udział dzieci w ogóle osób objętych dożywianiem,2007,powiat,powiat gorlicki,powiat gorlicki,14%
176,Udział dzieci w ogóle osób objętych dożywianiem,2007,gmina,Biecz,powiat gorlicki,16%
176,Udział dzieci w ogóle osób objętych dożywianiem,2007,gmina,Bobowa,powiat gorlicki,14%
176,Udział dzieci w ogóle osób objętych dożywianiem,2007,gmina,Gorlice (miasto),powiat gorlicki,9%
176,Udział dzieci w ogóle osób objętych dożywianiem,2007,gmina,Gorlice (wieś),powiat gorlicki,18%
176,Udział dzieci w ogóle osób objętych dożywianiem,2007,gmina,Lipinki,powiat gorlicki,9%
176,Udział dzieci w ogóle osób objętych dożywianiem,2007,gmina,Łużna,powiat gorlicki,18%
176,Udział dzieci w ogóle osób objętych dożywianiem,2007,gmina,Moszczenica,powiat gorlicki,0%
176,Udział dzieci w ogóle osób objętych dożywianiem,2007,gmina,Ropa,powiat gorlicki,16%
176,Udział dzieci w ogóle osób objętych dożywianiem,2007,gmina,Sękowa,powiat gorlicki,17%
176,Udział dzieci w ogóle osób objętych dożywianiem,2007,gmina,Uście Gorlickie,powiat gorlicki,13%
176,Udział dzieci w ogóle osób objętych dożywianiem,2007,powiat,powiat krakowski,powiat krakowski,12%
176,Udział dzieci w ogóle osób objętych dożywianiem,2007,gmina,Czernichów,powiat krakowski,14%
176,Udział dzieci w ogóle osób objętych dożywianiem,2007,gmina,Igołomia-Wawrzeńczyce,powiat krakowski,8%
176,Udział dzieci w ogóle osób objętych dożywianiem,2007,gmina,Iwanowice,powiat krakowski,15%
176,Udział dzieci w ogóle osób objętych dożywianiem,2007,gmina,Jerzmanowice-Przeginia,powiat krakowski,10%
176,Udział dzieci w ogóle osób objętych dożywianiem,2007,gmina,Kocmyrzów-Luborzyca,powiat krakowski,15%
176,Udział dzieci w ogóle osób objętych dożywianiem,2007,gmina,Krzeszowice,powiat krakowski,11%
176,Udział dzieci w ogóle osób objętych dożywianiem,2007,gmina,Liszki,powiat krakowski,15%
176,Udział dzieci w ogóle osób objętych dożywianiem,2007,gmina,Michałowice,powiat krakowski,12%
176,Udział dzieci w ogóle osób objętych dożywianiem,2007,gmina,Mogilany,powiat krakowski,15%
176,Udział dzieci w ogóle osób objętych dożywianiem,2007,gmina,Skała,powiat krakowski,13%
176,Udział dzieci w ogóle osób objętych dożywianiem,2007,gmina,Skawina,powiat krakowski,7%
176,Udział dzieci w ogóle osób objętych dożywianiem,2007,gmina,Słomniki,powiat krakowski,13%
176,Udział dzieci w ogóle osób objętych dożywianiem,2007,gmina,Sułoszowa,powiat krakowski,10%
176,Udział dzieci w ogóle osób objętych dożywianiem,2007,gmina,Świątniki Górne,powiat krakowski,13%
176,Udział dzieci w ogóle osób objętych dożywianiem,2007,gmina,Wielka Wieś,powiat krakowski,17%
176,Udział dzieci w ogóle osób objętych dożywianiem,2007,gmina,Zabierzów,powiat krakowski,15%
176,Udział dzieci w ogóle osób objętych dożywianiem,2007,gmina,Zielonki,powiat krakowski,11%
176,Udział dzieci w ogóle osób objętych dożywianiem,2007,powiat,powiat limanowski,powiat limanowski,12%
176,Udział dzieci w ogóle osób objętych dożywianiem,2007,gmina,Dobra,powiat limanowski,2%
176,Udział dzieci w ogóle osób objętych dożywianiem,2007,gmina,Jodłownik,powiat limanowski,8%
176,Udział dzieci w ogóle osób objętych dożywianiem,2007,gmina,Kamienica,powiat limanowski,9%
176,Udział dzieci w ogóle osób objętych dożywianiem,2007,gmina,Laskowa,powiat limanowski,9%
176,Udział dzieci w ogóle osób objętych dożywianiem,2007,gmina,Limanowa (miasto),powiat limanowski,10%
176,Udział dzieci w ogóle osób objętych dożywianiem,2007,gmina,Limanowa (wieś),powiat limanowski,15%
176,Udział dzieci w ogóle osób objętych dożywianiem,2007,gmina,Łukowica,powiat limanowski,7%
176,Udział dzieci w ogóle osób objętych dożywianiem,2007,gmina,Mszana Dolna (miasto),powiat limanowski,11%
176,Udział dzieci w ogóle osób objętych dożywianiem,2007,gmina,Mszana Dolna (wieś),powiat limanowski,14%
176,Udział dzieci w ogóle osób objętych dożywianiem,2007,gmina,Niedźwiedź,powiat limanowski,15%
176,Udział dzieci w ogóle osób objętych dożywianiem,2007,gmina,Słopnice,powiat limanowski,21%
176,Udział dzieci w ogóle osób objętych dożywianiem,2007,gmina,Tymbark,powiat limanowski,16%
176,Udział dzieci w ogóle osób objętych dożywianiem,2007,powiat,powiat m. Kraków,powiat m. Kraków,13%
176,Udział dzieci w ogóle osób objętych dożywianiem,2007,powiat,powiat m. Nowy Sącz,powiat m. Nowy Sącz,13%
176,Udział dzieci w ogóle osób objętych dożywianiem,2007,powiat,powiat m. Tarnów,powiat m. Tarnów,14%
176,Udział dzieci w ogóle osób objętych dożywianiem,2007,powiat,powiat miechowski,powiat miechowski,12%
176,Udział dzieci w ogóle osób objętych dożywianiem,2007,gmina,Charsznica,powiat miechowski,13%
176,Udział dzieci w ogóle osób objętych dożywianiem,2007,gmina,Gołcza,powiat miechowski,18%
176,Udział dzieci w ogóle osób objętych dożywianiem,2007,gmina,Kozłów,powiat miechowski,13%
176,Udział dzieci w ogóle osób objętych dożywianiem,2007,gmina,Książ Wielki,powiat miechowski,9%
176,Udział dzieci w ogóle osób objętych dożywianiem,2007,gmina,Miechów,powiat miechowski,11%
176,Udział dzieci w ogóle osób objętych dożywianiem,2007,gmina,Racławice,powiat miechowski,9%
176,Udział dzieci w ogóle osób objętych dożywianiem,2007,gmina,Słaboszów,powiat miechowski,15%
176,Udział dzieci w ogóle osób objętych dożywianiem,2007,powiat,powiat myślenicki,powiat myślenicki,14%
176,Udział dzieci w ogóle osób objętych dożywianiem,2007,gmina,Dobczyce,powiat myślenicki,18%
176,Udział dzieci w ogóle osób objętych dożywianiem,2007,gmina,Lubień,powiat myślenicki,13%
176,Udział dzieci w ogóle osób objętych dożywianiem,2007,gmina,Myślenice,powiat myślenicki,21%
176,Udział dzieci w ogóle osób objętych dożywianiem,2007,gmina,Pcim,powiat myślenicki,14%
176,Udział dzieci w ogóle osób objętych dożywianiem,2007,gmina,Raciechowice,powiat myślenicki,7%
176,Udział dzieci w ogóle osób objętych dożywianiem,2007,gmina,Siepraw,powiat myślenicki,3%
176,Udział dzieci w ogóle osób objętych dożywianiem,2007,gmina,Sułkowice,powiat myślenicki,15%
176,Udział dzieci w ogóle osób objętych dożywianiem,2007,gmina,Tokarnia,powiat myślenicki,12%
176,Udział dzieci w ogóle osób objętych dożywianiem,2007,gmina,Wiśniowa,powiat myślenicki,17%
176,Udział dzieci w ogóle osób objętych dożywianiem,2007,powiat,powiat nowosądecki,powiat nowosądecki,14%
176,Udział dzieci w ogóle osób objętych dożywianiem,2007,gmina,Podegrodzie,powiat nowosądecki,13%
176,Udział dzieci w ogóle osób objętych dożywianiem,2007,gmina,Rytro,powiat nowosądecki,17%
176,Udział dzieci w ogóle osób objętych dożywianiem,2007,gmina,Stary Sącz,powiat nowosądecki,15%
176,Udział dzieci w ogóle osób objętych dożywianiem,2007,gmina,Chełmiec,powiat nowosądecki,13%
176,Udział dzieci w ogóle osób objętych dożywianiem,2007,gmina,Gródek nad Dunajcem,powiat nowosądecki,10%
176,Udział dzieci w ogóle osób objętych dożywianiem,2007,gmina,Grybów (miasto),powiat nowosądecki,21%
176,Udział dzieci w ogóle osób objętych dożywianiem,2007,gmina,Grybów (wieś),powiat nowosądecki,15%
176,Udział dzieci w ogóle osób objętych dożywianiem,2007,gmina,Kamionka Wielka,powiat nowosądecki,12%
176,Udział dzieci w ogóle osób objętych dożywianiem,2007,gmina,Korzenna,powiat nowosądecki,15%
176,Udział dzieci w ogóle osób objętych dożywianiem,2007,gmina,Krynica-Zdrój,powiat nowosądecki,5%
176,Udział dzieci w ogóle osób objętych dożywianiem,2007,gmina,Łabowa,powiat nowosądecki,4%
176,Udział dzieci w ogóle osób objętych dożywianiem,2007,gmina,Łącko,powiat nowosądecki,14%
176,Udział dzieci w ogóle osób objętych dożywianiem,2007,gmina,Łososina Dolna,powiat nowosądecki,11%
176,Udział dzieci w ogóle osób objętych dożywianiem,2007,gmina,Muszyna,powiat nowosądecki,13%
176,Udział dzieci w ogóle osób objętych dożywianiem,2007,gmina,Nawojowa,powiat nowosądecki,15%
176,Udział dzieci w ogóle osób objętych dożywianiem,2007,gmina,Piwniczna-Zdrój,powiat nowosądecki,14%
176,Udział dzieci w ogóle osób objętych dożywianiem,2007,powiat,powiat nowotarski,powiat nowotarski,10%
176,Udział dzieci w ogóle osób objętych dożywianiem,2007,gmina,Czarny Dunajec,powiat nowotarski,4%
176,Udział dzieci w ogóle osób objętych dożywianiem,2007,gmina,Czorsztyn,powiat nowotarski,9%
176,Udział dzieci w ogóle osób objętych dożywianiem,2007,gmina,Jabłonka,powiat nowotarski,8%
176,Udział dzieci w ogóle osób objętych dożywianiem,2007,gmina,Krościenko nad Dunajcem,powiat nowotarski,8%
176,Udział dzieci w ogóle osób objętych dożywianiem,2007,gmina,Lipnica Wielka,powiat nowotarski,5%
176,Udział dzieci w ogóle osób objętych dożywianiem,2007,gmina,Łapsze Niżne,powiat nowotarski,24%
176,Udział dzieci w ogóle osób objętych dożywianiem,2007,gmina,Nowy Targ (miasto),powiat nowotarski,10%
176,Udział dzieci w ogóle osób objętych dożywianiem,2007,gmina,Nowy Targ (wieś),powiat nowotarski,1%
176,Udział dzieci w ogóle osób objętych dożywianiem,2007,gmina,Ochotnica Dolna,powiat nowotarski,11%
176,Udział dzieci w ogóle osób objętych dożywianiem,2007,gmina,Raba Wyżna,powiat nowotarski,9%
176,Udział dzieci w ogóle osób objętych dożywianiem,2007,gmina,Rabka-Zdrój,powiat nowotarski,18%
176,Udział dzieci w ogóle osób objętych dożywianiem,2007,gmina,Spytkowice,powiat nowotarski,9%
176,Udział dzieci w ogóle osób objętych dożywianiem,2007,gmina,Szaflary,powiat nowotarski,10%
176,Udział dzieci w ogóle osób objętych dożywianiem,2007,gmina,Szczawnica,powiat nowotarski,9%
176,Udział dzieci w ogóle osób objętych dożywianiem,2007,powiat,powiat olkuski,powiat olkuski,14%
176,Udział dzieci w ogóle osób objętych dożywianiem,2007,gmina,Bolesław,powiat olkuski,14%
176,Udział dzieci w ogóle osób objętych dożywianiem,2007,gmina,Bukowno,powiat olkuski,8%
176,Udział dzieci w ogóle osób objętych dożywianiem,2007,gmina,Klucze,powiat olkuski,14%
176,Udział dzieci w ogóle osób objętych dożywianiem,2007,gmina,Olkusz,powiat olkuski,15%
176,Udział dzieci w ogóle osób objętych dożywianiem,2007,gmina,Trzyciąż,powiat olkuski,14%
176,Udział dzieci w ogóle osób objętych dożywianiem,2007,gmina,Wolbrom,powiat olkuski,11%
176,Udział dzieci w ogóle osób objętych dożywianiem,2007,powiat,powiat oświęcimski,powiat oświęcimski,17%
176,Udział dzieci w ogóle osób objętych dożywianiem,2007,gmina,Brzeszcze,powiat oświęcimski,16%
176,Udział dzieci w ogóle osób objętych dożywianiem,2007,gmina,Chełmek,powiat oświęcimski,16%
176,Udział dzieci w ogóle osób objętych dożywianiem,2007,gmina,Kęty,powiat oświęcimski,17%
176,Udział dzieci w ogóle osób objętych dożywianiem,2007,gmina,Osiek,powiat oświęcimski,8%
176,Udział dzieci w ogóle osób objętych dożywianiem,2007,gmina,Oświęcim (miasto),powiat oświęcimski,18%
176,Udział dzieci w ogóle osób objętych dożywianiem,2007,gmina,Oświęcim (wieś),powiat oświęcimski,20%
176,Udział dzieci w ogóle osób objętych dożywianiem,2007,gmina,Polanka Wielka,powiat oświęcimski,20%
176,Udział dzieci w ogóle osób objętych dożywianiem,2007,gmina,Przeciszów,powiat oświęcimski,14%
176,Udział dzieci w ogóle osób objętych dożywianiem,2007,gmina,Zator,powiat oświęcimski,12%
176,Udział dzieci w ogóle osób objętych dożywianiem,2007,powiat,powiat proszowicki,powiat proszowicki,13%
176,Udział dzieci w ogóle osób objętych dożywianiem,2007,gmina,Koniusza,powiat proszowicki,0%
176,Udział dzieci w ogóle osób objętych dożywianiem,2007,gmina,Koszyce,powiat proszowicki,12%
176,Udział dzieci w ogóle osób objętych dożywianiem,2007,gmina,Nowe Brzesko,powiat proszowicki,11%
176,Udział dzieci w ogóle osób objętych dożywianiem,2007,gmina,Pałecznica,powiat proszowicki,5%
176,Udział dzieci w ogóle osób objętych dożywianiem,2007,gmina,Proszowice,powiat proszowicki,21%
176,Udział dzieci w ogóle osób objętych dożywianiem,2007,gmina,Radziemice,powiat proszowicki,12%
176,Udział dzieci w ogóle osób objętych dożywianiem,2007,powiat,powiat suski,powiat suski,8%
176,Udział dzieci w ogóle osób objętych dożywianiem,2007,gmina,Budzów,powiat suski,10%
176,Udział dzieci w ogóle osób objętych dożywianiem,2007,gmina,Bystra-Sidzina,powiat suski,11%
176,Udział dzieci w ogóle osób objętych dożywianiem,2007,gmina,Jordanów (miasto),powiat suski,13%
176,Udział dzieci w ogóle osób objętych dożywianiem,2007,gmina,Jordanów (wieś),powiat suski,5%
176,Udział dzieci w ogóle osób objętych dożywianiem,2007,gmina,Maków Podhalański,powiat suski,13%
176,Udział dzieci w ogóle osób objętych dożywianiem,2007,gmina,Stryszawa,powiat suski,7%
176,Udział dzieci w ogóle osób objętych dożywianiem,2007,gmina,Sucha Beskidzka,powiat suski,11%
176,Udział dzieci w ogóle osób objętych dożywianiem,2007,gmina,Zawoja,powiat suski,7%
176,Udział dzieci w ogóle osób objętych dożywianiem,2007,gmina,Zembrzyce,powiat suski,4%
176,Udział dzieci w ogóle osób objętych dożywianiem,2007,powiat,powiat tarnowski,powiat tarnowski,13%
176,Udział dzieci w ogóle osób objętych dożywianiem,2007,gmina,Ciężkowice,powiat tarnowski,11%
176,Udział dzieci w ogóle osób objętych dożywianiem,2007,gmina,Gromnik,powiat tarnowski,13%
176,Udział dzieci w ogóle osób objętych dożywianiem,2007,gmina,Lisia Góra,powiat tarnowski,15%
176,Udział dzieci w ogóle osób objętych dożywianiem,2007,gmina,Pleśna,powiat tarnowski,12%
176,Udział dzieci w ogóle osób objętych dożywianiem,2007,gmina,Radłów,powiat tarnowski,15%
176,Udział dzieci w ogóle osób objętych dożywianiem,2007,gmina,Ryglice,powiat tarnowski,4%
176,Udział dzieci w ogóle osób objętych dożywianiem,2007,gmina,Rzepiennik Strzyżewski,powiat tarnowski,22%
176,Udział dzieci w ogóle osób objętych dożywianiem,2007,gmina,Skrzyszów,powiat tarnowski,19%
176,Udział dzieci w ogóle osób objętych dożywianiem,2007,gmina,Szerzyny,powiat tarnowski,8%
176,Udział dzieci w ogóle osób objętych dożywianiem,2007,gmina,Tarnów (wieś),powiat tarnowski,13%
176,Udział dzieci w ogóle osób objętych dożywianiem,2007,gmina,Tuchów,powiat tarnowski,6%
176,Udział dzieci w ogóle osób objętych dożywianiem,2007,gmina,Wierzchosławice,powiat tarnowski,7%
176,Udział dzieci w ogóle osób objętych dożywianiem,2007,gmina,Wietrzychowice,powiat tarnowski,20%
176,Udział dzieci w ogóle osób objętych dożywianiem,2007,gmina,Wojnicz,powiat tarnowski,18%
176,Udział dzieci w ogóle osób objętych dożywianiem,2007,gmina,Zakliczyn,powiat tarnowski,12%
176,Udział dzieci w ogóle osób objętych dożywianiem,2007,gmina,Żabno,powiat tarnowski,14%
176,Udział dzieci w ogóle osób objętych dożywianiem,2007,powiat,powiat tatrzański,powiat tatrzański,15%
176,Udział dzieci w ogóle osób objętych dożywianiem,2007,gmina,Biały Dunajec,powiat tatrzański,12%
176,Udział dzieci w ogóle osób objętych dożywianiem,2007,gmina,Bukowina Tatrzańska,powiat tatrzański,17%
176,Udział dzieci w ogóle osób objętych dożywianiem,2007,gmina,Kościelisko,powiat tatrzański,10%
176,Udział dzieci w ogóle osób objętych dożywianiem,2007,gmina,Poronin,powiat tatrzański,1%
176,Udział dzieci w ogóle osób objętych dożywianiem,2007,gmina,Zakopane,powiat tatrzański,19%
176,Udział dzieci w ogóle osób objętych dożywianiem,2007,powiat,powiat wadowicki,powiat wadowicki,10%
176,Udział dzieci w ogóle osób objętych dożywianiem,2007,gmina,Andrychów,powiat wadowicki,0%
176,Udział dzieci w ogóle osób objętych dożywianiem,2007,gmina,Brzeźnica,powiat wadowicki,11%
176,Udział dzieci w ogóle osób objętych dożywianiem,2007,gmina,Kalwaria Zebrzydowska,powiat wadowicki,11%
176,Udział dzieci w ogóle osób objętych dożywianiem,2007,gmina,Lanckorona,powiat wadowicki,16%
176,Udział dzieci w ogóle osób objętych dożywianiem,2007,gmina,Mucharz,powiat wadowicki,13%
176,Udział dzieci w ogóle osób objętych dożywianiem,2007,gmina,Spytkowice,powiat wadowicki,19%
176,Udział dzieci w ogóle osób objętych dożywianiem,2007,gmina,Stryszów,powiat wadowicki,15%
176,Udział dzieci w ogóle osób objętych dożywianiem,2007,gmina,Tomice,powiat wadowicki,17%
176,Udział dzieci w ogóle osób objętych dożywianiem,2007,gmina,Wadowice,powiat wadowicki,13%
176,Udział dzieci w ogóle osób objętych dożywianiem,2007,gmina,Wieprz,powiat wadowicki,9%
176,Udział dzieci w ogóle osób objętych dożywianiem,2007,powiat,powiat wielicki,powiat wielicki,13%
176,Udział dzieci w ogóle osób objętych dożywianiem,2007,gmina,Biskupice,powiat wielicki,16%
176,Udział dzieci w ogóle osób objętych dożywianiem,2007,gmina,Gdów,powiat wielicki,17%
176,Udział dzieci w ogóle osób objętych dożywianiem,2007,gmina,Kłaj,powiat wielicki,11%
176,Udział dzieci w ogóle osób objętych dożywianiem,2007,gmina,Niepołomice,powiat wielicki,13%
176,Udział dzieci w ogóle osób objętych dożywianiem,2007,gmina,Wieliczka,powiat wielicki,12%
