indicator_id,indicator,year,level,area,powiat,value
177,Udział uczniów w ogóle osób objętych dożywianiem,2024,powiat,powiat bocheński,powiat bocheński,34%
177,Udział uczniów w ogóle osób objętych dożywianiem,2024,gmina,Bochnia (miasto),powiat bocheński,31%
177,Udział uczniów w ogóle osób objętych dożywianiem,2024,gmina,Bochnia (wieś),powiat bocheński,27%
177,Udział uczniów w ogóle osób objętych dożywianiem,2024,gmina,Drwinia,powiat bocheński,32%
177,Udział uczniów w ogóle osób objętych dożywianiem,2024,gmina,Lipnica Murowana,powiat bocheński,37%
177,Udział uczniów w ogóle osób objętych dożywianiem,2024,gmina,Łapanów,powiat bocheński,31%
177,Udział uczniów w ogóle osób objętych dożywianiem,2024,gmina,Nowy Wiśnicz,powiat bocheński,59%
177,Udział uczniów w ogóle osób objętych dożywianiem,2024,gmina,Rzezawa,powiat bocheński,22%
177,Udział uczniów w ogóle osób objętych dożywianiem,2024,gmina,Trzciana,powiat bocheński,40%
177,Udział uczniów w ogóle osób objętych dożywianiem,2024,gmina,Żegocina,powiat bocheński,82%
177,Udział uczniów w ogóle osób objętych dożywianiem,2024,powiat,powiat brzeski,powiat brzeski,44%
177,Udział uczniów w ogóle osób objętych dożywianiem,2024,gmina,Borzęcin,powiat brzeski,18%
177,Udział uczniów w ogóle osób objętych dożywianiem,2024,gmina,Brzesko,powiat brzeski,67%
177,Udział uczniów w ogóle osób objętych dożywianiem,2024,gmina,Czchów,powiat brzeski,39%
177,Udział uczniów w ogóle osób objętych dożywianiem,2024,gmina,Dębno,powiat brzeski,30%
177,Udział uczniów w ogóle osób objętych dożywianiem,2024,gmina,Gnojnik,powiat brzeski,33%
177,Udział uczniów w ogóle osób objętych dożywianiem,2024,gmina,Iwkowa,powiat brzeski,64%
177,Udział uczniów w ogóle osób objętych dożywianiem,2024,gmina,Szczurowa,powiat brzeski,80%
177,Udział uczniów w ogóle osób objętych dożywianiem,2024,powiat,powiat chrzanowski,powiat chrzanowski,22%
177,Udział uczniów w ogóle osób objętych dożywianiem,2024,gmina,Alwernia,powiat chrzanowski,22%
177,Udział uczniów w ogóle osób objętych dożywianiem,2024,gmina,Babice,powiat chrzanowski,10%
177,Udział uczniów w ogóle osób objętych dożywianiem,2024,gmina,Chrzanów,powiat chrzanowski,20%
177,Udział uczniów w ogóle osób objętych dożywianiem,2024,gmina,Libiąż,powiat chrzanowski,17%
177,Udział uczniów w ogóle osób objętych dożywianiem,2024,gmina,Trzebinia,powiat chrzanowski,28%
177,Udział uczniów w ogóle osób objętych dożywianiem,2024,powiat,powiat dąbrowski,powiat dąbrowski,42%
177,Udział uczniów w ogóle osób objętych dożywianiem,2024,gmina,Bolesław,powiat dąbrowski,46%
177,Udział uczniów w ogóle osób objętych dożywianiem,2024,gmina,Dąbrowa Tarnowska,powiat dąbrowski,26%
177,Udział uczniów w ogóle osób objętych dożywianiem,2024,gmina,Gręboszów,powiat dąbrowski,38%
177,Udział uczniów w ogóle osób objętych dożywianiem,2024,gmina,Mędrzechów,powiat dąbrowski,61%
177,Udział uczniów w ogóle osób objętych dożywianiem,2024,gmina,Olesno,powiat dąbrowski,39%
177,Udział uczniów w ogóle osób objętych dożywianiem,2024,gmina,Radgoszcz,powiat dąbrowski,63%
177,Udział uczniów w ogóle osób objętych dożywianiem,2024,gmina,Szczucin,powiat dąbrowski,48%
177,Udział uczniów w ogóle osób objętych dożywianiem,2024,powiat,powiat gorlicki,powiat gorlicki,41%
177,Udział uczniów w ogóle osób objętych dożywianiem,2024,gmina,Biecz,powiat gorlicki,36%
177,Udział uczniów w ogóle osób objętych dożywianiem,2024,gmina,Bobowa,powiat gorlicki,37%
177,Udział uczniów w ogóle osób objętych dożywianiem,2024,gmina,Gorlice (miasto),powiat gorlicki,45%
177,Udział uczniów w ogóle osób objętych dożywianiem,2024,gmina,Gorlice (wieś),powiat gorlicki,32%
177,Udział uczniów w ogóle osób objętych dożywianiem,2024,gmina,Lipinki,powiat gorlicki,40%
177,Udział uczniów w ogóle osób objętych dożywianiem,2024,gmina,Łużna,powiat gorlicki,52%
177,Udział uczniów w ogóle osób objętych dożywianiem,2024,gmina,Moszczenica,powiat gorlicki,67%
177,Udział uczniów w ogóle osób objętych dożywianiem,2024,gmina,Ropa,powiat gorlicki,51%
177,Udział uczniów w ogóle osób objętych dożywianiem,2024,gmina,Sękowa,powiat gorlicki,40%
177,Udział uczniów w ogóle osób objętych dożywianiem,2024,gmina,Uście Gorlickie,powiat gorlicki,63%
177,Udział uczniów w ogóle osób objętych dożywianiem,2024,powiat,powiat krakowski,powiat krakowski,28%
177,Udział uczniów w ogóle osób objętych dożywianiem,2024,gmina,Czernichów,powiat krakowski,13%
177,Udział uczniów w ogóle osób objętych dożywianiem,2024,gmina,Igołomia-Wawrzeńczyce,powiat krakowski,82%
177,Udział uczniów w ogóle osób objętych dożywianiem,2024,gmina,Iwanowice,powiat krakowski,57%
177,Udział uczniów w ogóle osób objętych dożywianiem,2024,gmina,Jerzmanowice-Przeginia,powiat krakowski,31%
177,Udział uczniów w ogóle osób objętych dożywianiem,2024,gmina,Kocmyrzów-Luborzyca,powiat krakowski,45%
177,Udział uczniów w ogóle osób objętych dożywianiem,2024,gmina,Krzeszowice,powiat krakowski,18%
177,Udział uczniów w ogóle osób objętych dożywianiem,2024,gmina,Liszki,powiat krakowski,50%
177,Udział uczniów w ogóle osób objętych dożywianiem,2024,gmina,Michałowice,powiat krakowski,28%
177,Udział uczniów w ogóle osób objętych dożywianiem,2024,gmina,Mogilany,powiat krakowski,7%
177,Udział uczniów w ogóle osób objętych dożywianiem,2024,gmina,Skała,powiat krakowski,24%
177,Udział uczniów w ogóle osób objętych dożywianiem,2024,gmina,Skawina,powiat krakowski,29%
177,Udział uczniów w ogóle osób objętych dożywianiem,2024,gmina,Słomniki,powiat krakowski,27%
177,Udział uczniów w ogóle osób objętych dożywianiem,2024,gmina,Sułoszowa,powiat krakowski,55%
177,Udział uczniów w ogóle osób objętych dożywianiem,2024,gmina,Świątniki Górne,powiat krakowski,26%
177,Udział uczniów w ogóle osób objętych dożywianiem,2024,gmina,Wielka Wieś,powiat krakowski,27%
177,Udział uczniów w ogóle osób objętych dożywianiem,2024,gmina,Zabierzów,powiat krakowski,24%
177,Udział uczniów w ogóle osób objętych dożywianiem,2024,gmina,Zielonki,powiat krakowski,29%
177,Udział uczniów w ogóle osób objętych dożywianiem,2024,powiat,powiat limanowski,powiat limanowski,53%
177,Udział uczniów w ogóle osób objętych dożywianiem,2024,gmina,Dobra,powiat limanowski,59%
177,Udział uczniów w ogóle osób objętych dożywianiem,2024,gmina,Jodłownik,powiat limanowski,71%
177,Udział uczniów w ogóle osób objętych dożywianiem,2024,gmina,Kamienica,powiat limanowski,64%
177,Udział uczniów w ogóle osób objętych dożywianiem,2024,gmina,Laskowa,powiat limanowski,53%
177,Udział uczniów w ogóle osób objętych dożywianiem,2024,gmina,Limanowa (miasto),powiat limanowski,34%
177,Udział uczniów w ogóle osób objętych dożywianiem,2024,gmina,Limanowa (wieś),powiat limanowski,52%
177,Udział uczniów w ogóle osób objętych dożywianiem,2024,gmina,Łukowica,powiat limanowski,62%
177,Udział uczniów w ogóle osób objętych dożywianiem,2024,gmina,Mszana Dolna (miasto),powiat limanowski,48%
177,Udział uczniów w ogóle osób objętych dożywianiem,2024,gmina,Mszana Dolna (wieś),powiat limanowski,61%
177,Udział uczniów w ogóle osób objętych dożywianiem,2024,gmina,Niedźwiedź,powiat limanowski,42%
177,Udział uczniów w ogóle osób objętych dożywianiem,2024,gmina,Słopnice,powiat limanowski,46%
177,Udział uczniów w ogóle osób objętych dożywianiem,2024,gmina,Tymbark,powiat limanowski,58%
177,Udział uczniów w ogóle osób objętych dożywianiem,2024,powiat,powiat m. Kraków,powiat m. Kraków,20%
177,Udział uczniów w ogóle osób objętych dożywianiem,2024,powiat,powiat m. Nowy Sącz,powiat m. Nowy Sącz,23%
177,Udział uczniów w ogóle osób objętych dożywianiem,2024,powiat,powiat m. Tarnów,powiat m. Tarnów,23%
177,Udział uczniów w ogóle osób objętych dożywianiem,2024,powiat,powiat miechowski,powiat miechowski,38%
177,Udział uczniów w ogóle osób objętych dożywianiem,2024,gmina,Charsznica,powiat miechowski,53%
177,Udział uczniów w ogóle osób objętych dożywianiem,2024,gmina,Gołcza,powiat miechowski,31%
177,Udział uczniów w ogóle osób objętych dożywianiem,2024,gmina,Kozłów,powiat miechowski,30%
177,Udział uczniów w ogóle osób objętych dożywianiem,2024,gmina,Książ Wielki,powiat miechowski,52%
177,Udział uczniów w ogóle osób objętych dożywianiem,2024,gmina,Miechów,powiat miechowski,30%
177,Udział uczniów w ogóle osób objętych dożywianiem,2024,gmina,Racławice,powiat miechowski,57%
177,Udział uczniów w ogóle osób objętych dożywianiem,2024,gmina,Słaboszów,powiat miechowski,41%
177,Udział uczniów w ogóle osób objętych dożywianiem,2024,powiat,powiat myślenicki,powiat myślenicki,36%
177,Udział uczniów w ogóle osób objętych dożywianiem,2024,gmina,Dobczyce,powiat myślenicki,47%
177,Udział uczniów w ogóle osób objętych dożywianiem,2024,gmina,Lubień,powiat myślenicki,30%
177,Udział uczniów w ogóle osób objętych dożywianiem,2024,gmina,Myślenice,powiat myślenicki,21%
177,Udział uczniów w ogóle osób objętych dożywianiem,2024,gmina,Pcim,powiat myślenicki,46%
177,Udział uczniów w ogóle osób objętych dożywianiem,2024,gmina,Raciechowice,powiat myślenicki,41%
177,Udział uczniów w ogóle osób objętych dożywianiem,2024,gmina,Siepraw,powiat myślenicki,31%
177,Udział uczniów w ogóle osób objętych dożywianiem,2024,gmina,Sułkowice,powiat myślenicki,43%
177,Udział uczniów w ogóle osób objętych dożywianiem,2024,gmina,Tokarnia,powiat myślenicki,49%
177,Udział uczniów w ogóle osób objętych dożywianiem,2024,gmina,Wiśniowa,powiat myślenicki,35%
177,Udział uczniów w ogóle osób objętych dożywianiem,2024,powiat,powiat nowosądecki,powiat nowosądecki,45%
177,Udział uczniów w ogóle osób objętych dożywianiem,2024,gmina,Podegrodzie,powiat nowosądecki,73%
177,Udział uczniów w ogóle osób objętych dożywianiem,2024,gmina,Rytro,powiat nowosądecki,52%
177,Udział uczniów w ogóle osób objętych dożywianiem,2024,gmina,Stary Sącz,powiat nowosądecki,46%
177,Udział uczniów w ogóle osób objętych dożywianiem,2024,gmina,Chełmiec,powiat nowosądecki,38%
177,Udział uczniów w ogóle osób objętych dożywianiem,2024,gmina,Gródek nad Dunajcem,powiat nowosądecki,68%
177,Udział uczniów w ogóle osób objętych dożywianiem,2024,gmina,Grybów (miasto),powiat nowosądecki,29%
177,Udział uczniów w ogóle osób objętych dożywianiem,2024,gmina,Grybów (wieś),powiat nowosądecki,44%
177,Udział uczniów w ogóle osób objętych dożywianiem,2024,gmina,Kamionka Wielka,powiat nowosądecki,39%
177,Udział uczniów w ogóle osób objętych dożywianiem,2024,gmina,Korzenna,powiat nowosądecki,52%
177,Udział uczniów w ogóle osób objętych dożywianiem,2024,gmina,Krynica-Zdrój,powiat nowosądecki,45%
177,Udział uczniów w ogóle osób objętych dożywianiem,2024,gmina,Łabowa,powiat nowosądecki,19%
177,Udział uczniów w ogóle osób objętych dożywianiem,2024,gmina,Łącko,powiat nowosądecki,11%
177,Udział uczniów w ogóle osób objętych dożywianiem,2024,gmina,Łososina Dolna,powiat nowosądecki,82%
177,Udział uczniów w ogóle osób objętych dożywianiem,2024,gmina,Muszyna,powiat nowosądecki,47%
177,Udział uczniów w ogóle osób objętych dożywianiem,2024,gmina,Nawojowa,powiat nowosądecki,52%
177,Udział uczniów w ogóle osób objętych dożywianiem,2024,gmina,Piwniczna-Zdrój,powiat nowosądecki,42%
177,Udział uczniów w ogóle osób objętych dożywianiem,2024,powiat,powiat nowotarski,powiat nowotarski,42%
177,Udział uczniów w ogóle osób objętych dożywianiem,2024,gmina,Czarny Dunajec,powiat nowotarski,48%
177,Udział uczniów w ogóle osób objętych dożywianiem,2024,gmina,Czorsztyn,powiat nowotarski,53%
177,Udział uczniów w ogóle osób objętych dożywianiem,2024,gmina,Jabłonka,powiat nowotarski,35%
177,Udział uczniów w ogóle osób objętych dożywianiem,2024,gmina,Krościenko nad Dunajcem,powiat nowotarski,49%
177,Udział uczniów w ogóle osób objętych dożywianiem,2024,gmina,Lipnica Wielka,powiat nowotarski,69%
177,Udział uczniów w ogóle osób objętych dożywianiem,2024,gmina,Łapsze Niżne,powiat nowotarski,33%
177,Udział uczniów w ogóle osób objętych dożywianiem,2024,gmina,Nowy Targ (miasto),powiat nowotarski,32%
177,Udział uczniów w ogóle osób objętych dożywianiem,2024,gmina,Nowy Targ (wieś),powiat nowotarski,60%
177,Udział uczniów w ogóle osób objętych dożywianiem,2024,gmina,Ochotnica Dolna,powiat nowotarski,40%
177,Udział uczniów w ogóle osób objętych dożywianiem,2024,gmina,Raba Wyżna,powiat nowotarski,36%
177,Udział uczniów w ogóle osób objętych dożywianiem,2024,gmina,Rabka-Zdrój,powiat nowotarski,46%
177,Udział uczniów w ogóle osób objętych dożywianiem,2024,gmina,Spytkowice,powiat nowotarski,22%
177,Udział uczniów w ogóle osób objętych dożywianiem,2024,gmina,Szaflary,powiat nowotarski,41%
177,Udział uczniów w ogóle osób objętych dożywianiem,2024,gmina,Szczawnica,powiat nowotarski,59%
177,Udział uczniów w ogóle osób objętych dożywianiem,2024,powiat,powiat olkuski,powiat olkuski,25%
177,Udział uczniów w ogóle osób objętych dożywianiem,2024,gmina,Bolesław,powiat olkuski,25%
177,Udział uczniów w ogóle osób objętych dożywianiem,2024,gmina,Bukowno,powiat olkuski,27%
177,Udział uczniów w ogóle osób objętych dożywianiem,2024,gmina,Klucze,powiat olkuski,25%
177,Udział uczniów w ogóle osób objętych dożywianiem,2024,gmina,Olkusz,powiat olkuski,24%
177,Udział uczniów w ogóle osób objętych dożywianiem,2024,gmina,Trzyciąż,powiat olkuski,56%
177,Udział uczniów w ogóle osób objętych dożywianiem,2024,gmina,Wolbrom,powiat olkuski,23%
177,Udział uczniów w ogóle osób objętych dożywianiem,2024,powiat,powiat oświęcimski,powiat oświęcimski,20%
177,Udział uczniów w ogóle osób objętych dożywianiem,2024,gmina,Brzeszcze,powiat oświęcimski,16%
177,Udział uczniów w ogóle osób objętych dożywianiem,2024,gmina,Chełmek,powiat oświęcimski,12%
177,Udział uczniów w ogóle osób objętych dożywianiem,2024,gmina,Kęty,powiat oświęcimski,24%
177,Udział uczniów w ogóle osób objętych dożywianiem,2024,gmina,Osiek,powiat oświęcimski,18%
177,Udział uczniów w ogóle osób objętych dożywianiem,2024,gmina,Oświęcim (miasto),powiat oświęcimski,18%
177,Udział uczniów w ogóle osób objętych dożywianiem,2024,gmina,Oświęcim (wieś),powiat oświęcimski,21%
177,Udział uczniów w ogóle osób objętych dożywianiem,2024,gmina,Polanka Wielka,powiat oświęcimski,38%
177,Udział uczniów w ogóle osób objętych dożywianiem,2024,gmina,Przeciszów,powiat oświęcimski,27%
177,Udział uczniów w ogóle osób objętych dożywianiem,2024,gmina,Zator,powiat oświęcimski,21%
177,Udział uczniów w ogóle osób objętych dożywianiem,2024,powiat,powiat proszowicki,powiat proszowicki,45%
177,Udział uczniów w ogóle osób objętych dożywianiem,2024,gmina,Koniusza,powiat proszowicki,100%
177,Udział uczniów w ogóle osób objętych dożywianiem,2024,gmina,Koszyce,powiat proszowicki,51%
177,Udział uczniów w ogóle osób objętych dożywianiem,2024,gmina,Nowe Brzesko,powiat proszowicki,35%
177,Udział uczniów w ogóle osób objętych dożywianiem,2024,gmina,Pałecznica,powiat proszowicki,42%
177,Udział uczniów w ogóle osób objętych dożywianiem,2024,gmina,Proszowice,powiat proszowicki,30%
177,Udział uczniów w ogóle osób objętych dożywianiem,2024,gmina,Radziemice,powiat proszowicki,71%
177,Udział uczniów w ogóle osób objętych dożywianiem,2024,powiat,powiat suski,powiat suski,36%
177,Udział uczniów w ogóle osób objętych dożywianiem,2024,gmina,Budzów,powiat suski,44%
177,Udział uczniów w ogóle osób objętych dożywianiem,2024,gmina,Bystra-Sidzina,powiat suski,54%
177,Udział uczniów w ogóle osób objętych dożywianiem,2024,gmina,Jordanów (miasto),powiat suski,29%
177,Udział uczniów w ogóle osób objętych dożywianiem,2024,gmina,Jordanów (wieś),powiat suski,41%
177,Udział uczniów w ogóle osób objętych dożywianiem,2024,gmina,Maków Podhalański,powiat suski,42%
177,Udział uczniów w ogóle osób objętych dożywianiem,2024,gmina,Stryszawa,powiat suski,32%
177,Udział uczniów w ogóle osób objętych dożywianiem,2024,gmina,Sucha Beskidzka,powiat suski,33%
177,Udział uczniów w ogóle osób objętych dożywianiem,2024,gmina,Zawoja,powiat suski,31%
177,Udział uczniów w ogóle osób objętych dożywianiem,2024,gmina,Zembrzyce,powiat suski,20%
177,Udział uczniów w ogóle osób objętych dożywianiem,2024,powiat,powiat tarnowski,powiat tarnowski,39%
177,Udział uczniów w ogóle osób objętych dożywianiem,2024,gmina,Ciężkowice,powiat tarnowski,70%
177,Udział uczniów w ogóle osób objętych dożywianiem,2024,gmina,Gromnik,powiat tarnowski,66%
177,Udział uczniów w ogóle osób objętych dożywianiem,2024,gmina,Lisia Góra,powiat tarnowski,50%
177,Udział uczniów w ogóle osób objętych dożywianiem,2024,gmina,Pleśna,powiat tarnowski,62%
177,Udział uczniów w ogóle osób objętych dożywianiem,2024,gmina,Radłów,powiat tarnowski,37%
177,Udział uczniów w ogóle osób objętych dożywianiem,2024,gmina,Ryglice,powiat tarnowski,55%
177,Udział uczniów w ogóle osób objętych dożywianiem,2024,gmina,Rzepiennik Strzyżewski,powiat tarnowski,64%
177,Udział uczniów w ogóle osób objętych dożywianiem,2024,gmina,Skrzyszów,powiat tarnowski,24%
177,Udział uczniów w ogóle osób objętych dożywianiem,2024,gmina,Szerzyny,powiat tarnowski,36%
177,Udział uczniów w ogóle osób objętych dożywianiem,2024,gmina,Tarnów (wieś),powiat tarnowski,27%
177,Udział uczniów w ogóle osób objętych dożywianiem,2024,gmina,Tuchów,powiat tarnowski,30%
177,Udział uczniów w ogóle osób objętych dożywianiem,2024,gmina,Wierzchosławice,powiat tarnowski,34%
177,Udział uczniów w ogóle osób objętych dożywianiem,2024,gmina,Wietrzychowice,powiat tarnowski,39%
177,Udział uczniów w ogóle osób objętych dożywianiem,2024,gmina,Wojnicz,powiat tarnowski,22%
177,Udział uczniów w ogóle osób objętych dożywianiem,2024,gmina,Zakliczyn,powiat tarnowski,37%
177,Udział uczniów w ogóle osób objętych dożywianiem,2024,gmina,Żabno,powiat tarnowski,29%
177,Udział uczniów w ogóle osób objętych dożywianiem,2024,powiat,powiat tatrzański,powiat tatrzański,31%
177,Udział uczniów w ogóle osób objętych dożywianiem,2024,gmina,Biały Dunajec,powiat tatrzański,48%
177,Udział uczniów w ogóle osób objętych dożywianiem,2024,gmina,Bukowina Tatrzańska,powiat tatrzański,32%
177,Udział uczniów w ogóle osób objętych dożywianiem,2024,gmina,Kościelisko,powiat tatrzański,26%
177,Udział uczniów w ogóle osób objętych dożywianiem,2024,gmina,Poronin,powiat tatrzański,35%
177,Udział uczniów w ogóle osób objętych dożywianiem,2024,gmina,Zakopane,powiat tatrzański,23%
177,Udział uczniów w ogóle osób objętych dożywianiem,2024,powiat,powiat wadowicki,powiat wadowicki,32%
177,Udział uczniów w ogóle osób objętych dożywianiem,2024,gmina,Andrychów,powiat wadowicki,26%
177,Udział uczniów w ogóle osób objętych dożywianiem,2024,gmina,Brzeźnica,powiat wadowicki,53%
177,Udział uczniów w ogóle osób objętych dożywianiem,2024,gmina,Kalwaria Zebrzydowska,powiat wadowicki,47%
177,Udział uczniów w ogóle osób objętych dożywianiem,2024,gmina,Lanckorona,powiat wadowicki,18%
177,Udział uczniów w ogóle osób objętych dożywianiem,2024,gmina,Mucharz,powiat wadowicki,22%
177,Udział uczniów w ogóle osób objętych dożywianiem,2024,gmina,Spytkowice,powiat wadowicki,30%
177,Udział uczniów w ogóle osób objętych dożywianiem,2024,gmina,Stryszów,powiat wadowicki,34%
177,Udział uczniów w ogóle osób objętych dożywianiem,2024,gmina,Tomice,powiat wadowicki,36%
177,Udział uczniów w ogóle osób objętych dożywianiem,2024,gmina,Wadowice,powiat wadowicki,26%
177,Udział uczniów w ogóle osób objętych dożywianiem,2024,gmina,Wieprz,powiat wadowicki,32%
177,Udział uczniów w ogóle osób objętych dożywianiem,2024,powiat,powiat wielicki,powiat wielicki,23%
177,Udział uczniów w ogóle osób objętych dożywianiem,2024,gmina,Biskupice,powiat wielicki,22%
177,Udział uczniów w ogóle osób objętych dożywianiem,2024,gmina,Gdów,powiat wielicki,29%
177,Udział uczniów w ogóle osób objętych dożywianiem,2024,gmina,Kłaj,powiat wielicki,29%
177,Udział uczniów w ogóle osób objętych dożywianiem,2024,gmina,Niepołomice,powiat wielicki,30%
177,Udział uczniów w ogóle osób objętych dożywianiem,2024,gmina,Wieliczka,powiat wielicki,19%
177,Udział uczniów w ogóle osób objętych dożywianiem,2023,powiat,powiat bocheński,powiat bocheński,32%
177,Udział uczniów w ogóle osób objętych dożywianiem,2023,gmina,Bochnia (miasto),powiat bocheński,29%
177,Udział uczniów w ogóle osób objętych dożywianiem,2023,gmina,Bochnia (wieś),powiat bocheński,28%
177,Udział uczniów w ogóle osób objętych dożywianiem,2023,gmina,Drwinia,powiat bocheński,26%
177,Udział uczniów w ogóle osób objętych dożywianiem,2023,gmina,Lipnica Murowana,powiat bocheński,43%
177,Udział uczniów w ogóle osób objętych dożywianiem,2023,gmina,Łapanów,powiat bocheński,37%
177,Udział uczniów w ogóle osób objętych dożywianiem,2023,gmina,Nowy Wiśnicz,powiat bocheński,54%
177,Udział uczniów w ogóle osób objętych dożywianiem,2023,gmina,Rzezawa,powiat bocheński,20%
177,Udział uczniów w ogóle osób objętych dożywianiem,2023,gmina,Trzciana,powiat bocheński,36%
177,Udział uczniów w ogóle osób objętych dożywianiem,2023,gmina,Żegocina,powiat bocheński,46%
177,Udział uczniów w ogóle osób objętych dożywianiem,2023,powiat,powiat brzeski,powiat brzeski,43%
177,Udział uczniów w ogóle osób objętych dożywianiem,2023,gmina,Borzęcin,powiat brzeski,19%
177,Udział uczniów w ogóle osób objętych dożywianiem,2023,gmina,Brzesko,powiat brzeski,69%
177,Udział uczniów w ogóle osób objętych dożywianiem,2023,gmina,Czchów,powiat brzeski,36%
177,Udział uczniów w ogóle osób objętych dożywianiem,2023,gmina,Dębno,powiat brzeski,27%
177,Udział uczniów w ogóle osób objętych dożywianiem,2023,gmina,Gnojnik,powiat brzeski,37%
177,Udział uczniów w ogóle osób objętych dożywianiem,2023,gmina,Iwkowa,powiat brzeski,56%
177,Udział uczniów w ogóle osób objętych dożywianiem,2023,gmina,Szczurowa,powiat brzeski,67%
177,Udział uczniów w ogóle osób objętych dożywianiem,2023,powiat,powiat chrzanowski,powiat chrzanowski,22%
177,Udział uczniów w ogóle osób objętych dożywianiem,2023,gmina,Alwernia,powiat chrzanowski,21%
177,Udział uczniów w ogóle osób objętych dożywianiem,2023,gmina,Babice,powiat chrzanowski,13%
177,Udział uczniów w ogóle osób objętych dożywianiem,2023,gmina,Chrzanów,powiat chrzanowski,19%
177,Udział uczniów w ogóle osób objętych dożywianiem,2023,gmina,Libiąż,powiat chrzanowski,16%
177,Udział uczniów w ogóle osób objętych dożywianiem,2023,gmina,Trzebinia,powiat chrzanowski,29%
177,Udział uczniów w ogóle osób objętych dożywianiem,2023,powiat,powiat dąbrowski,powiat dąbrowski,38%
177,Udział uczniów w ogóle osób objętych dożywianiem,2023,gmina,Bolesław,powiat dąbrowski,33%
177,Udział uczniów w ogóle osób objętych dożywianiem,2023,gmina,Dąbrowa Tarnowska,powiat dąbrowski,28%
177,Udział uczniów w ogóle osób objętych dożywianiem,2023,gmina,Gręboszów,powiat dąbrowski,39%
177,Udział uczniów w ogóle osób objętych dożywianiem,2023,gmina,Mędrzechów,powiat dąbrowski,54%
177,Udział uczniów w ogóle osób objętych dożywianiem,2023,gmina,Olesno,powiat dąbrowski,37%
177,Udział uczniów w ogóle osób objętych dożywianiem,2023,gmina,Radgoszcz,powiat dąbrowski,54%
177,Udział uczniów w ogóle osób objętych dożywianiem,2023,gmina,Szczucin,powiat dąbrowski,42%
177,Udział uczniów w ogóle osób objętych dożywianiem,2023,powiat,powiat gorlicki,powiat gorlicki,42%
177,Udział uczniów w ogóle osób objętych dożywianiem,2023,gmina,Biecz,powiat gorlicki,37%
177,Udział uczniów w ogóle osób objętych dożywianiem,2023,gmina,Bobowa,powiat gorlicki,37%
177,Udział uczniów w ogóle osób objętych dożywianiem,2023,gmina,Gorlice (miasto),powiat gorlicki,44%
177,Udział uczniów w ogóle osób objętych dożywianiem,2023,gmina,Gorlice (wieś),powiat gorlicki,33%
177,Udział uczniów w ogóle osób objętych dożywianiem,2023,gmina,Lipinki,powiat gorlicki,39%
177,Udział uczniów w ogóle osób objętych dożywianiem,2023,gmina,Łużna,powiat gorlicki,62%
177,Udział uczniów w ogóle osób objętych dożywianiem,2023,gmina,Moszczenica,powiat gorlicki,70%
177,Udział uczniów w ogóle osób objętych dożywianiem,2023,gmina,Ropa,powiat gorlicki,51%
177,Udział uczniów w ogóle osób objętych dożywianiem,2023,gmina,Sękowa,powiat gorlicki,46%
177,Udział uczniów w ogóle osób objętych dożywianiem,2023,gmina,Uście Gorlickie,powiat gorlicki,64%
177,Udział uczniów w ogóle osób objętych dożywianiem,2023,powiat,powiat krakowski,powiat krakowski,29%
177,Udział uczniów w ogóle osób objętych dożywianiem,2023,gmina,Czernichów,powiat krakowski,12%
177,Udział uczniów w ogóle osób objętych dożywianiem,2023,gmina,Igołomia-Wawrzeńczyce,powiat krakowski,81%
177,Udział uczniów w ogóle osób objętych dożywianiem,2023,gmina,Iwanowice,powiat krakowski,44%
177,Udział uczniów w ogóle osób objętych dożywianiem,2023,gmina,Jerzmanowice-Przeginia,powiat krakowski,37%
177,Udział uczniów w ogóle osób objętych dożywianiem,2023,gmina,Kocmyrzów-Luborzyca,powiat krakowski,39%
177,Udział uczniów w ogóle osób objętych dożywianiem,2023,gmina,Krzeszowice,powiat krakowski,22%
177,Udział uczniów w ogóle osób objętych dożywianiem,2023,gmina,Liszki,powiat krakowski,67%
177,Udział uczniów w ogóle osób objętych dożywianiem,2023,gmina,Michałowice,powiat krakowski,25%
177,Udział uczniów w ogóle osób objętych dożywianiem,2023,gmina,Mogilany,powiat krakowski,20%
177,Udział uczniów w ogóle osób objętych dożywianiem,2023,gmina,Skała,powiat krakowski,28%
177,Udział uczniów w ogóle osób objętych dożywianiem,2023,gmina,Skawina,powiat krakowski,29%
177,Udział uczniów w ogóle osób objętych dożywianiem,2023,gmina,Słomniki,powiat krakowski,26%
177,Udział uczniów w ogóle osób objętych dożywianiem,2023,gmina,Sułoszowa,powiat krakowski,97%
177,Udział uczniów w ogóle osób objętych dożywianiem,2023,gmina,Świątniki Górne,powiat krakowski,26%
177,Udział uczniów w ogóle osób objętych dożywianiem,2023,gmina,Wielka Wieś,powiat krakowski,23%
177,Udział uczniów w ogóle osób objętych dożywianiem,2023,gmina,Zabierzów,powiat krakowski,25%
177,Udział uczniów w ogóle osób objętych dożywianiem,2023,gmina,Zielonki,powiat krakowski,27%
177,Udział uczniów w ogóle osób objętych dożywianiem,2023,powiat,powiat limanowski,powiat limanowski,51%
177,Udział uczniów w ogóle osób objętych dożywianiem,2023,gmina,Dobra,powiat limanowski,49%
177,Udział uczniów w ogóle osób objętych dożywianiem,2023,gmina,Jodłownik,powiat limanowski,64%
177,Udział uczniów w ogóle osób objętych dożywianiem,2023,gmina,Kamienica,powiat limanowski,67%
177,Udział uczniów w ogóle osób objętych dożywianiem,2023,gmina,Laskowa,powiat limanowski,60%
177,Udział uczniów w ogóle osób objętych dożywianiem,2023,gmina,Limanowa (miasto),powiat limanowski,32%
177,Udział uczniów w ogóle osób objętych dożywianiem,2023,gmina,Limanowa (wieś),powiat limanowski,52%
177,Udział uczniów w ogóle osób objętych dożywianiem,2023,gmina,Łukowica,powiat limanowski,57%
177,Udział uczniów w ogóle osób objętych dożywianiem,2023,gmina,Mszana Dolna (miasto),powiat limanowski,44%
177,Udział uczniów w ogóle osób objętych dożywianiem,2023,gmina,Mszana Dolna (wieś),powiat limanowski,54%
177,Udział uczniów w ogóle osób objętych dożywianiem,2023,gmina,Niedźwiedź,powiat limanowski,40%
177,Udział uczniów w ogóle osób objętych dożywianiem,2023,gmina,Słopnice,powiat limanowski,57%
177,Udział uczniów w ogóle osób objętych dożywianiem,2023,gmina,Tymbark,powiat limanowski,66%
177,Udział uczniów w ogóle osób objętych dożywianiem,2023,powiat,powiat m. Kraków,powiat m. Kraków,19%
177,Udział uczniów w ogóle osób objętych dożywianiem,2023,powiat,powiat m. Nowy Sącz,powiat m. Nowy Sącz,28%
177,Udział uczniów w ogóle osób objętych dożywianiem,2023,powiat,powiat m. Tarnów,powiat m. Tarnów,24%
177,Udział uczniów w ogóle osób objętych dożywianiem,2023,powiat,powiat miechowski,powiat miechowski,39%
177,Udział uczniów w ogóle osób objętych dożywianiem,2023,gmina,Charsznica,powiat miechowski,55%
177,Udział uczniów w ogóle osób objętych dożywianiem,2023,gmina,Gołcza,powiat miechowski,33%
177,Udział uczniów w ogóle osób objętych dożywianiem,2023,gmina,Kozłów,powiat miechowski,29%
177,Udział uczniów w ogóle osób objętych dożywianiem,2023,gmina,Książ Wielki,powiat miechowski,45%
177,Udział uczniów w ogóle osób objętych dożywianiem,2023,gmina,Miechów,powiat miechowski,33%
177,Udział uczniów w ogóle osób objętych dożywianiem,2023,gmina,Racławice,powiat miechowski,58%
177,Udział uczniów w ogóle osób objętych dożywianiem,2023,gmina,Słaboszów,powiat miechowski,51%
177,Udział uczniów w ogóle osób objętych dożywianiem,2023,powiat,powiat myślenicki,powiat myślenicki,41%
177,Udział uczniów w ogóle osób objętych dożywianiem,2023,gmina,Dobczyce,powiat myślenicki,42%
177,Udział uczniów w ogóle osób objętych dożywianiem,2023,gmina,Lubień,powiat myślenicki,33%
177,Udział uczniów w ogóle osób objętych dożywianiem,2023,gmina,Myślenice,powiat myślenicki,37%
177,Udział uczniów w ogóle osób objętych dożywianiem,2023,gmina,Pcim,powiat myślenicki,49%
177,Udział uczniów w ogóle osób objętych dożywianiem,2023,gmina,Raciechowice,powiat myślenicki,44%
177,Udział uczniów w ogóle osób objętych dożywianiem,2023,gmina,Siepraw,powiat myślenicki,32%
177,Udział uczniów w ogóle osób objętych dożywianiem,2023,gmina,Sułkowice,powiat myślenicki,48%
177,Udział uczniów w ogóle osób objętych dożywianiem,2023,gmina,Tokarnia,powiat myślenicki,53%
177,Udział uczniów w ogóle osób objętych dożywianiem,2023,gmina,Wiśniowa,powiat myślenicki,41%
177,Udział uczniów w ogóle osób objętych dożywianiem,2023,powiat,powiat nowosądecki,powiat nowosądecki,56%
177,Udział uczniów w ogóle osób objętych dożywianiem,2023,gmina,Podegrodzie,powiat nowosądecki,39%
177,Udział uczniów w ogóle osób objętych dożywianiem,2023,gmina,Rytro,powiat nowosądecki,67%
177,Udział uczniów w ogóle osób objętych dożywianiem,2023,gmina,Stary Sącz,powiat nowosądecki,30%
177,Udział uczniów w ogóle osób objętych dożywianiem,2023,gmina,Chełmiec,powiat nowosądecki,54%
177,Udział uczniów w ogóle osób objętych dożywianiem,2023,gmina,Gródek nad Dunajcem,powiat nowosądecki,39%
177,Udział uczniów w ogóle osób objętych dożywianiem,2023,gmina,Grybów (miasto),powiat nowosądecki,94%
177,Udział uczniów w ogóle osób objętych dożywianiem,2023,gmina,Grybów (wieś),powiat nowosądecki,52%
177,Udział uczniów w ogóle osób objętych dożywianiem,2023,gmina,Kamionka Wielka,powiat nowosądecki,54%
177,Udział uczniów w ogóle osób objętych dożywianiem,2023,gmina,Korzenna,powiat nowosądecki,32%
177,Udział uczniów w ogóle osób objętych dożywianiem,2023,gmina,Krynica-Zdrój,powiat nowosądecki,84%
177,Udział uczniów w ogóle osób objętych dożywianiem,2023,gmina,Łabowa,powiat nowosądecki,46%
177,Udział uczniów w ogóle osób objętych dożywianiem,2023,gmina,Łącko,powiat nowosądecki,49%
177,Udział uczniów w ogóle osób objętych dożywianiem,2023,gmina,Łososina Dolna,powiat nowosądecki,42%
177,Udział uczniów w ogóle osób objętych dożywianiem,2023,gmina,Muszyna,powiat nowosądecki,74%
177,Udział uczniów w ogóle osób objętych dożywianiem,2023,gmina,Nawojowa,powiat nowosądecki,57%
177,Udział uczniów w ogóle osób objętych dożywianiem,2023,gmina,Piwniczna-Zdrój,powiat nowosądecki,43%
177,Udział uczniów w ogóle osób objętych dożywianiem,2023,powiat,powiat nowotarski,powiat nowotarski,41%
177,Udział uczniów w ogóle osób objętych dożywianiem,2023,gmina,Czarny Dunajec,powiat nowotarski,47%
177,Udział uczniów w ogóle osób objętych dożywianiem,2023,gmina,Czorsztyn,powiat nowotarski,40%
177,Udział uczniów w ogóle osób objętych dożywianiem,2023,gmina,Jabłonka,powiat nowotarski,36%
177,Udział uczniów w ogóle osób objętych dożywianiem,2023,gmina,Krościenko nad Dunajcem,powiat nowotarski,47%
177,Udział uczniów w ogóle osób objętych dożywianiem,2023,gmina,Lipnica Wielka,powiat nowotarski,68%
177,Udział uczniów w ogóle osób objętych dożywianiem,2023,gmina,Łapsze Niżne,powiat nowotarski,45%
177,Udział uczniów w ogóle osób objętych dożywianiem,2023,gmina,Nowy Targ (miasto),powiat nowotarski,30%
177,Udział uczniów w ogóle osób objętych dożywianiem,2023,gmina,Nowy Targ (wieś),powiat nowotarski,47%
177,Udział uczniów w ogóle osób objętych dożywianiem,2023,gmina,Ochotnica Dolna,powiat nowotarski,42%
177,Udział uczniów w ogóle osób objętych dożywianiem,2023,gmina,Raba Wyżna,powiat nowotarski,36%
177,Udział uczniów w ogóle osób objętych dożywianiem,2023,gmina,Rabka-Zdrój,powiat nowotarski,41%
177,Udział uczniów w ogóle osób objętych dożywianiem,2023,gmina,Spytkowice,powiat nowotarski,29%
177,Udział uczniów w ogóle osób objętych dożywianiem,2023,gmina,Szaflary,powiat nowotarski,49%
177,Udział uczniów w ogóle osób objętych dożywianiem,2023,gmina,Szczawnica,powiat nowotarski,47%
177,Udział uczniów w ogóle osób objętych dożywianiem,2023,powiat,powiat olkuski,powiat olkuski,26%
177,Udział uczniów w ogóle osób objętych dożywianiem,2023,gmina,Bolesław,powiat olkuski,31%
177,Udział uczniów w ogóle osób objętych dożywianiem,2023,gmina,Bukowno,powiat olkuski,27%
177,Udział uczniów w ogóle osób objętych dożywianiem,2023,gmina,Klucze,powiat olkuski,29%
177,Udział uczniów w ogóle osób objętych dożywianiem,2023,gmina,Olkusz,powiat olkuski,26%
177,Udział uczniów w ogóle osób objętych dożywianiem,2023,gmina,Trzyciąż,powiat olkuski,73%
177,Udział uczniów w ogóle osób objętych dożywianiem,2023,gmina,Wolbrom,powiat olkuski,20%
177,Udział uczniów w ogóle osób objętych dożywianiem,2023,powiat,powiat oświęcimski,powiat oświęcimski,22%
177,Udział uczniów w ogóle osób objętych dożywianiem,2023,gmina,Brzeszcze,powiat oświęcimski,26%
177,Udział uczniów w ogóle osób objętych dożywianiem,2023,gmina,Chełmek,powiat oświęcimski,17%
177,Udział uczniów w ogóle osób objętych dożywianiem,2023,gmina,Kęty,powiat oświęcimski,25%
177,Udział uczniów w ogóle osób objętych dożywianiem,2023,gmina,Osiek,powiat oświęcimski,21%
177,Udział uczniów w ogóle osób objętych dożywianiem,2023,gmina,Oświęcim (miasto),powiat oświęcimski,19%
177,Udział uczniów w ogóle osób objętych dożywianiem,2023,gmina,Oświęcim (wieś),powiat oświęcimski,21%
177,Udział uczniów w ogóle osób objętych dożywianiem,2023,gmina,Polanka Wielka,powiat oświęcimski,41%
177,Udział uczniów w ogóle osób objętych dożywianiem,2023,gmina,Przeciszów,powiat oświęcimski,26%
177,Udział uczniów w ogóle osób objętych dożywianiem,2023,gmina,Zator,powiat oświęcimski,18%
177,Udział uczniów w ogóle osób objętych dożywianiem,2023,powiat,powiat proszowicki,powiat proszowicki,46%
177,Udział uczniów w ogóle osób objętych dożywianiem,2023,gmina,Koniusza,powiat proszowicki,100%
177,Udział uczniów w ogóle osób objętych dożywianiem,2023,gmina,Koszyce,powiat proszowicki,51%
177,Udział uczniów w ogóle osób objętych dożywianiem,2023,gmina,Nowe Brzesko,powiat proszowicki,34%
177,Udział uczniów w ogóle osób objętych dożywianiem,2023,gmina,Pałecznica,powiat proszowicki,47%
177,Udział uczniów w ogóle osób objętych dożywianiem,2023,gmina,Proszowice,powiat proszowicki,25%
177,Udział uczniów w ogóle osób objętych dożywianiem,2023,gmina,Radziemice,powiat proszowicki,64%
177,Udział uczniów w ogóle osób objętych dożywianiem,2023,powiat,powiat suski,powiat suski,36%
177,Udział uczniów w ogóle osób objętych dożywianiem,2023,gmina,Budzów,powiat suski,47%
177,Udział uczniów w ogóle osób objętych dożywianiem,2023,gmina,Bystra-Sidzina,powiat suski,56%
177,Udział uczniów w ogóle osób objętych dożywianiem,2023,gmina,Jordanów (miasto),powiat suski,25%
177,Udział uczniów w ogóle osób objętych dożywianiem,2023,gmina,Jordanów (wieś),powiat suski,40%
177,Udział uczniów w ogóle osób objętych dożywianiem,2023,gmina,Maków Podhalański,powiat suski,36%
177,Udział uczniów w ogóle osób objętych dożywianiem,2023,gmina,Stryszawa,powiat suski,31%
177,Udział uczniów w ogóle osób objętych dożywianiem,2023,gmina,Sucha Beskidzka,powiat suski,32%
177,Udział uczniów w ogóle osób objętych dożywianiem,2023,gmina,Zawoja,powiat suski,35%
177,Udział uczniów w ogóle osób objętych dożywianiem,2023,gmina,Zembrzyce,powiat suski,21%
177,Udział uczniów w ogóle osób objętych dożywianiem,2023,powiat,powiat tarnowski,powiat tarnowski,38%
177,Udział uczniów w ogóle osób objętych dożywianiem,2023,gmina,Ciężkowice,powiat tarnowski,57%
177,Udział uczniów w ogóle osób objętych dożywianiem,2023,gmina,Gromnik,powiat tarnowski,62%
177,Udział uczniów w ogóle osób objętych dożywianiem,2023,gmina,Lisia Góra,powiat tarnowski,48%
177,Udział uczniów w ogóle osób objętych dożywianiem,2023,gmina,Pleśna,powiat tarnowski,59%
177,Udział uczniów w ogóle osób objętych dożywianiem,2023,gmina,Radłów,powiat tarnowski,35%
177,Udział uczniów w ogóle osób objętych dożywianiem,2023,gmina,Ryglice,powiat tarnowski,52%
177,Udział uczniów w ogóle osób objętych dożywianiem,2023,gmina,Rzepiennik Strzyżewski,powiat tarnowski,65%
177,Udział uczniów w ogóle osób objętych dożywianiem,2023,gmina,Skrzyszów,powiat tarnowski,24%
177,Udział uczniów w ogóle osób objętych dożywianiem,2023,gmina,Szerzyny,powiat tarnowski,41%
177,Udział uczniów w ogóle osób objętych dożywianiem,2023,gmina,Tarnów (wieś),powiat tarnowski,31%
177,Udział uczniów w ogóle osób objętych dożywianiem,2023,gmina,Tuchów,powiat tarnowski,31%
177,Udział uczniów w ogóle osób objętych dożywianiem,2023,gmina,Wierzchosławice,powiat tarnowski,30%
177,Udział uczniów w ogóle osób objętych dożywianiem,2023,gmina,Wietrzychowice,powiat tarnowski,35%
177,Udział uczniów w ogóle osób objętych dożywianiem,2023,gmina,Wojnicz,powiat tarnowski,24%
177,Udział uczniów w ogóle osób objętych dożywianiem,2023,gmina,Zakliczyn,powiat tarnowski,32%
177,Udział uczniów w ogóle osób objętych dożywianiem,2023,gmina,Żabno,powiat tarnowski,30%
177,Udział uczniów w ogóle osób objętych dożywianiem,2023,powiat,powiat tatrzański,powiat tatrzański,33%
177,Udział uczniów w ogóle osób objętych dożywianiem,2023,gmina,Biały Dunajec,powiat tatrzański,58%
177,Udział uczniów w ogóle osób objętych dożywianiem,2023,gmina,Bukowina Tatrzańska,powiat tatrzański,35%
177,Udział uczniów w ogóle osób objętych dożywianiem,2023,gmina,Kościelisko,powiat tatrzański,38%
177,Udział uczniów w ogóle osób objętych dożywianiem,2023,gmina,Poronin,powiat tatrzański,34%
177,Udział uczniów w ogóle osób objętych dożywianiem,2023,gmina,Zakopane,powiat tatrzański,24%
177,Udział uczniów w ogóle osób objętych dożywianiem,2023,powiat,powiat wadowicki,powiat wadowicki,31%
177,Udział uczniów w ogóle osób objętych dożywianiem,2023,gmina,Andrychów,powiat wadowicki,26%
177,Udział uczniów w ogóle osób objętych dożywianiem,2023,gmina,Brzeźnica,powiat wadowicki,45%
177,Udział uczniów w ogóle osób objętych dożywianiem,2023,gmina,Kalwaria Zebrzydowska,powiat wadowicki,46%
177,Udział uczniów w ogóle osób objętych dożywianiem,2023,gmina,Lanckorona,powiat wadowicki,16%
177,Udział uczniów w ogóle osób objętych dożywianiem,2023,gmina,Mucharz,powiat wadowicki,25%
177,Udział uczniów w ogóle osób objętych dożywianiem,2023,gmina,Spytkowice,powiat wadowicki,33%
177,Udział uczniów w ogóle osób objętych dożywianiem,2023,gmina,Stryszów,powiat wadowicki,33%
177,Udział uczniów w ogóle osób objętych dożywianiem,2023,gmina,Tomice,powiat wadowicki,31%
177,Udział uczniów w ogóle osób objętych dożywianiem,2023,gmina,Wadowice,powiat wadowicki,31%
177,Udział uczniów w ogóle osób objętych dożywianiem,2023,gmina,Wieprz,powiat wadowicki,29%
177,Udział uczniów w ogóle osób objętych dożywianiem,2023,powiat,powiat wielicki,powiat wielicki,24%
177,Udział uczniów w ogóle osób objętych dożywianiem,2023,gmina,Biskupice,powiat wielicki,32%
177,Udział uczniów w ogóle osób objętych dożywianiem,2023,gmina,Gdów,powiat wielicki,30%
177,Udział uczniów w ogóle osób objętych dożywianiem,2023,gmina,Kłaj,powiat wielicki,33%
177,Udział uczniów w ogóle osób objętych dożywianiem,2023,gmina,Niepołomice,powiat wielicki,30%
177,Udział uczniów w ogóle osób objętych dożywianiem,2023,gmina,Wieliczka,powiat wielicki,18%
177,Udział uczniów w ogóle osób objętych dożywianiem,2022,powiat,powiat bocheński,powiat bocheński,32%
177,Udział uczniów w ogóle osób objętych dożywianiem,2022,gmina,Bochnia (miasto),powiat bocheński,28%
177,Udział uczniów w ogóle osób objętych dożywianiem,2022,gmina,Bochnia (wieś),powiat bocheński,33%
177,Udział uczniów w ogóle osób objętych dożywianiem,2022,gmina,Drwinia,powiat bocheński,32%
177,Udział uczniów w ogóle osób objętych dożywianiem,2022,gmina,Lipnica Murowana,powiat bocheński,38%
177,Udział uczniów w ogóle osób objętych dożywianiem,2022,gmina,Łapanów,powiat bocheński,36%
177,Udział uczniów w ogóle osób objętych dożywianiem,2022,gmina,Nowy Wiśnicz,powiat bocheński,53%
177,Udział uczniów w ogóle osób objętych dożywianiem,2022,gmina,Rzezawa,powiat bocheński,21%
177,Udział uczniów w ogóle osób objętych dożywianiem,2022,gmina,Trzciana,powiat bocheński,36%
177,Udział uczniów w ogóle osób objętych dożywianiem,2022,gmina,Żegocina,powiat bocheński,48%
177,Udział uczniów w ogóle osób objętych dożywianiem,2022,powiat,powiat brzeski,powiat brzeski,41%
177,Udział uczniów w ogóle osób objętych dożywianiem,2022,gmina,Borzęcin,powiat brzeski,22%
177,Udział uczniów w ogóle osób objętych dożywianiem,2022,gmina,Brzesko,powiat brzeski,59%
177,Udział uczniów w ogóle osób objętych dożywianiem,2022,gmina,Czchów,powiat brzeski,31%
177,Udział uczniów w ogóle osób objętych dożywianiem,2022,gmina,Dębno,powiat brzeski,29%
177,Udział uczniów w ogóle osób objętych dożywianiem,2022,gmina,Gnojnik,powiat brzeski,38%
177,Udział uczniów w ogóle osób objętych dożywianiem,2022,gmina,Iwkowa,powiat brzeski,49%
177,Udział uczniów w ogóle osób objętych dożywianiem,2022,gmina,Szczurowa,powiat brzeski,65%
177,Udział uczniów w ogóle osób objętych dożywianiem,2022,powiat,powiat chrzanowski,powiat chrzanowski,21%
177,Udział uczniów w ogóle osób objętych dożywianiem,2022,gmina,Alwernia,powiat chrzanowski,19%
177,Udział uczniów w ogóle osób objętych dożywianiem,2022,gmina,Babice,powiat chrzanowski,8%
177,Udział uczniów w ogóle osób objętych dożywianiem,2022,gmina,Chrzanów,powiat chrzanowski,19%
177,Udział uczniów w ogóle osób objętych dożywianiem,2022,gmina,Libiąż,powiat chrzanowski,15%
177,Udział uczniów w ogóle osób objętych dożywianiem,2022,gmina,Trzebinia,powiat chrzanowski,27%
177,Udział uczniów w ogóle osób objętych dożywianiem,2022,powiat,powiat dąbrowski,powiat dąbrowski,37%
177,Udział uczniów w ogóle osób objętych dożywianiem,2022,gmina,Bolesław,powiat dąbrowski,34%
177,Udział uczniów w ogóle osób objętych dożywianiem,2022,gmina,Dąbrowa Tarnowska,powiat dąbrowski,30%
177,Udział uczniów w ogóle osób objętych dożywianiem,2022,gmina,Gręboszów,powiat dąbrowski,37%
177,Udział uczniów w ogóle osób objętych dożywianiem,2022,gmina,Mędrzechów,powiat dąbrowski,67%
177,Udział uczniów w ogóle osób objętych dożywianiem,2022,gmina,Olesno,powiat dąbrowski,34%
177,Udział uczniów w ogóle osób objętych dożywianiem,2022,gmina,Radgoszcz,powiat dąbrowski,46%
177,Udział uczniów w ogóle osób objętych dożywianiem,2022,gmina,Szczucin,powiat dąbrowski,42%
177,Udział uczniów w ogóle osób objętych dożywianiem,2022,powiat,powiat gorlicki,powiat gorlicki,44%
177,Udział uczniów w ogóle osób objętych dożywianiem,2022,gmina,Biecz,powiat gorlicki,39%
177,Udział uczniów w ogóle osób objętych dożywianiem,2022,gmina,Bobowa,powiat gorlicki,47%
177,Udział uczniów w ogóle osób objętych dożywianiem,2022,gmina,Gorlice (miasto),powiat gorlicki,44%
177,Udział uczniów w ogóle osób objętych dożywianiem,2022,gmina,Gorlice (wieś),powiat gorlicki,33%
177,Udział uczniów w ogóle osób objętych dożywianiem,2022,gmina,Lipinki,powiat gorlicki,45%
177,Udział uczniów w ogóle osób objętych dożywianiem,2022,gmina,Łużna,powiat gorlicki,54%
177,Udział uczniów w ogóle osób objętych dożywianiem,2022,gmina,Moszczenica,powiat gorlicki,62%
177,Udział uczniów w ogóle osób objętych dożywianiem,2022,gmina,Ropa,powiat gorlicki,39%
177,Udział uczniów w ogóle osób objętych dożywianiem,2022,gmina,Sękowa,powiat gorlicki,38%
177,Udział uczniów w ogóle osób objętych dożywianiem,2022,gmina,Uście Gorlickie,powiat gorlicki,64%
177,Udział uczniów w ogóle osób objętych dożywianiem,2022,powiat,powiat krakowski,powiat krakowski,29%
177,Udział uczniów w ogóle osób objętych dożywianiem,2022,gmina,Czernichów,powiat krakowski,14%
177,Udział uczniów w ogóle osób objętych dożywianiem,2022,gmina,Igołomia-Wawrzeńczyce,powiat krakowski,82%
177,Udział uczniów w ogóle osób objętych dożywianiem,2022,gmina,Iwanowice,powiat krakowski,41%
177,Udział uczniów w ogóle osób objętych dożywianiem,2022,gmina,Jerzmanowice-Przeginia,powiat krakowski,35%
177,Udział uczniów w ogóle osób objętych dożywianiem,2022,gmina,Kocmyrzów-Luborzyca,powiat krakowski,50%
177,Udział uczniów w ogóle osób objętych dożywianiem,2022,gmina,Krzeszowice,powiat krakowski,16%
177,Udział uczniów w ogóle osób objętych dożywianiem,2022,gmina,Liszki,powiat krakowski,59%
177,Udział uczniów w ogóle osób objętych dożywianiem,2022,gmina,Michałowice,powiat krakowski,31%
177,Udział uczniów w ogóle osób objętych dożywianiem,2022,gmina,Mogilany,powiat krakowski,23%
177,Udział uczniów w ogóle osób objętych dożywianiem,2022,gmina,Skała,powiat krakowski,27%
177,Udział uczniów w ogóle osób objętych dożywianiem,2022,gmina,Skawina,powiat krakowski,28%
177,Udział uczniów w ogóle osób objętych dożywianiem,2022,gmina,Słomniki,powiat krakowski,28%
177,Udział uczniów w ogóle osób objętych dożywianiem,2022,gmina,Sułoszowa,powiat krakowski,46%
177,Udział uczniów w ogóle osób objętych dożywianiem,2022,gmina,Świątniki Górne,powiat krakowski,27%
177,Udział uczniów w ogóle osób objętych dożywianiem,2022,gmina,Wielka Wieś,powiat krakowski,24%
177,Udział uczniów w ogóle osób objętych dożywianiem,2022,gmina,Zabierzów,powiat krakowski,26%
177,Udział uczniów w ogóle osób objętych dożywianiem,2022,gmina,Zielonki,powiat krakowski,27%
177,Udział uczniów w ogóle osób objętych dożywianiem,2022,powiat,powiat limanowski,powiat limanowski,50%
177,Udział uczniów w ogóle osób objętych dożywianiem,2022,gmina,Dobra,powiat limanowski,47%
177,Udział uczniów w ogóle osób objętych dożywianiem,2022,gmina,Jodłownik,powiat limanowski,62%
177,Udział uczniów w ogóle osób objętych dożywianiem,2022,gmina,Kamienica,powiat limanowski,69%
177,Udział uczniów w ogóle osób objętych dożywianiem,2022,gmina,Laskowa,powiat limanowski,56%
177,Udział uczniów w ogóle osób objętych dożywianiem,2022,gmina,Limanowa (miasto),powiat limanowski,30%
177,Udział uczniów w ogóle osób objętych dożywianiem,2022,gmina,Limanowa (wieś),powiat limanowski,48%
177,Udział uczniów w ogóle osób objętych dożywianiem,2022,gmina,Łukowica,powiat limanowski,62%
177,Udział uczniów w ogóle osób objętych dożywianiem,2022,gmina,Mszana Dolna (miasto),powiat limanowski,40%
177,Udział uczniów w ogóle osób objętych dożywianiem,2022,gmina,Mszana Dolna (wieś),powiat limanowski,57%
177,Udział uczniów w ogóle osób objętych dożywianiem,2022,gmina,Niedźwiedź,powiat limanowski,37%
177,Udział uczniów w ogóle osób objętych dożywianiem,2022,gmina,Słopnice,powiat limanowski,53%
177,Udział uczniów w ogóle osób objętych dożywianiem,2022,gmina,Tymbark,powiat limanowski,71%
177,Udział uczniów w ogóle osób objętych dożywianiem,2022,powiat,powiat m. Kraków,powiat m. Kraków,19%
177,Udział uczniów w ogóle osób objętych dożywianiem,2022,powiat,powiat m. Nowy Sącz,powiat m. Nowy Sącz,31%
177,Udział uczniów w ogóle osób objętych dożywianiem,2022,powiat,powiat m. Tarnów,powiat m. Tarnów,23%
177,Udział uczniów w ogóle osób objętych dożywianiem,2022,powiat,powiat miechowski,powiat miechowski,40%
177,Udział uczniów w ogóle osób objętych dożywianiem,2022,gmina,Charsznica,powiat miechowski,35%
177,Udział uczniów w ogóle osób objętych dożywianiem,2022,gmina,Gołcza,powiat miechowski,33%
177,Udział uczniów w ogóle osób objętych dożywianiem,2022,gmina,Kozłów,powiat miechowski,72%
177,Udział uczniów w ogóle osób objętych dożywianiem,2022,gmina,Książ Wielki,powiat miechowski,39%
177,Udział uczniów w ogóle osób objętych dożywianiem,2022,gmina,Miechów,powiat miechowski,27%
177,Udział uczniów w ogóle osób objętych dożywianiem,2022,gmina,Racławice,powiat miechowski,87%
177,Udział uczniów w ogóle osób objętych dożywianiem,2022,gmina,Słaboszów,powiat miechowski,38%
177,Udział uczniów w ogóle osób objętych dożywianiem,2022,powiat,powiat myślenicki,powiat myślenicki,37%
177,Udział uczniów w ogóle osób objętych dożywianiem,2022,gmina,Dobczyce,powiat myślenicki,43%
177,Udział uczniów w ogóle osób objętych dożywianiem,2022,gmina,Lubień,powiat myślenicki,39%
177,Udział uczniów w ogóle osób objętych dożywianiem,2022,gmina,Myślenice,powiat myślenicki,23%
177,Udział uczniów w ogóle osób objętych dożywianiem,2022,gmina,Pcim,powiat myślenicki,51%
177,Udział uczniów w ogóle osób objętych dożywianiem,2022,gmina,Raciechowice,powiat myślenicki,39%
177,Udział uczniów w ogóle osób objętych dożywianiem,2022,gmina,Siepraw,powiat myślenicki,37%
177,Udział uczniów w ogóle osób objętych dożywianiem,2022,gmina,Sułkowice,powiat myślenicki,38%
177,Udział uczniów w ogóle osób objętych dożywianiem,2022,gmina,Tokarnia,powiat myślenicki,52%
177,Udział uczniów w ogóle osób objętych dożywianiem,2022,gmina,Wiśniowa,powiat myślenicki,37%
177,Udział uczniów w ogóle osób objętych dożywianiem,2022,powiat,powiat nowosądecki,powiat nowosądecki,50%
177,Udział uczniów w ogóle osób objętych dożywianiem,2022,gmina,Podegrodzie,powiat nowosądecki,74%
177,Udział uczniów w ogóle osób objętych dożywianiem,2022,gmina,Rytro,powiat nowosądecki,54%
177,Udział uczniów w ogóle osób objętych dożywianiem,2022,gmina,Stary Sącz,powiat nowosądecki,47%
177,Udział uczniów w ogóle osób objętych dożywianiem,2022,gmina,Chełmiec,powiat nowosądecki,42%
177,Udział uczniów w ogóle osób objętych dożywianiem,2022,gmina,Gródek nad Dunajcem,powiat nowosądecki,72%
177,Udział uczniów w ogóle osób objętych dożywianiem,2022,gmina,Grybów (miasto),powiat nowosądecki,29%
177,Udział uczniów w ogóle osób objętych dożywianiem,2022,gmina,Grybów (wieś),powiat nowosądecki,63%
177,Udział uczniów w ogóle osób objętych dożywianiem,2022,gmina,Kamionka Wielka,powiat nowosądecki,38%
177,Udział uczniów w ogóle osób objętych dożywianiem,2022,gmina,Korzenna,powiat nowosądecki,52%
177,Udział uczniów w ogóle osób objętych dożywianiem,2022,gmina,Krynica-Zdrój,powiat nowosądecki,54%
177,Udział uczniów w ogóle osób objętych dożywianiem,2022,gmina,Łabowa,powiat nowosądecki,45%
177,Udział uczniów w ogóle osób objętych dożywianiem,2022,gmina,Łącko,powiat nowosądecki,18%
177,Udział uczniów w ogóle osób objętych dożywianiem,2022,gmina,Łososina Dolna,powiat nowosądecki,89%
177,Udział uczniów w ogóle osób objętych dożywianiem,2022,gmina,Muszyna,powiat nowosądecki,42%
177,Udział uczniów w ogóle osób objętych dożywianiem,2022,gmina,Nawojowa,powiat nowosądecki,46%
177,Udział uczniów w ogóle osób objętych dożywianiem,2022,gmina,Piwniczna-Zdrój,powiat nowosądecki,46%
177,Udział uczniów w ogóle osób objętych dożywianiem,2022,powiat,powiat nowotarski,powiat nowotarski,40%
177,Udział uczniów w ogóle osób objętych dożywianiem,2022,gmina,Czarny Dunajec,powiat nowotarski,48%
177,Udział uczniów w ogóle osób objętych dożywianiem,2022,gmina,Czorsztyn,powiat nowotarski,25%
177,Udział uczniów w ogóle osób objętych dożywianiem,2022,gmina,Jabłonka,powiat nowotarski,40%
177,Udział uczniów w ogóle osób objętych dożywianiem,2022,gmina,Krościenko nad Dunajcem,powiat nowotarski,46%
177,Udział uczniów w ogóle osób objętych dożywianiem,2022,gmina,Lipnica Wielka,powiat nowotarski,75%
177,Udział uczniów w ogóle osób objętych dożywianiem,2022,gmina,Łapsze Niżne,powiat nowotarski,25%
177,Udział uczniów w ogóle osób objętych dożywianiem,2022,gmina,Nowy Targ (miasto),powiat nowotarski,30%
177,Udział uczniów w ogóle osób objętych dożywianiem,2022,gmina,Nowy Targ (wieś),powiat nowotarski,45%
177,Udział uczniów w ogóle osób objętych dożywianiem,2022,gmina,Ochotnica Dolna,powiat nowotarski,42%
177,Udział uczniów w ogóle osób objętych dożywianiem,2022,gmina,Raba Wyżna,powiat nowotarski,35%
177,Udział uczniów w ogóle osób objętych dożywianiem,2022,gmina,Rabka-Zdrój,powiat nowotarski,34%
177,Udział uczniów w ogóle osób objętych dożywianiem,2022,gmina,Spytkowice,powiat nowotarski,27%
177,Udział uczniów w ogóle osób objętych dożywianiem,2022,gmina,Szaflary,powiat nowotarski,47%
177,Udział uczniów w ogóle osób objętych dożywianiem,2022,gmina,Szczawnica,powiat nowotarski,53%
177,Udział uczniów w ogóle osób objętych dożywianiem,2022,powiat,powiat olkuski,powiat olkuski,27%
177,Udział uczniów w ogóle osób objętych dożywianiem,2022,gmina,Bolesław,powiat olkuski,25%
177,Udział uczniów w ogóle osób objętych dożywianiem,2022,gmina,Bukowno,powiat olkuski,28%
177,Udział uczniów w ogóle osób objętych dożywianiem,2022,gmina,Klucze,powiat olkuski,30%
177,Udział uczniów w ogóle osób objętych dożywianiem,2022,gmina,Olkusz,powiat olkuski,27%
177,Udział uczniów w ogóle osób objętych dożywianiem,2022,gmina,Trzyciąż,powiat olkuski,76%
177,Udział uczniów w ogóle osób objętych dożywianiem,2022,gmina,Wolbrom,powiat olkuski,22%
177,Udział uczniów w ogóle osób objętych dożywianiem,2022,powiat,powiat oświęcimski,powiat oświęcimski,21%
177,Udział uczniów w ogóle osób objętych dożywianiem,2022,gmina,Brzeszcze,powiat oświęcimski,25%
177,Udział uczniów w ogóle osób objętych dożywianiem,2022,gmina,Chełmek,powiat oświęcimski,23%
177,Udział uczniów w ogóle osób objętych dożywianiem,2022,gmina,Kęty,powiat oświęcimski,23%
177,Udział uczniów w ogóle osób objętych dożywianiem,2022,gmina,Osiek,powiat oświęcimski,23%
177,Udział uczniów w ogóle osób objętych dożywianiem,2022,gmina,Oświęcim (miasto),powiat oświęcimski,18%
177,Udział uczniów w ogóle osób objętych dożywianiem,2022,gmina,Oświęcim (wieś),powiat oświęcimski,24%
177,Udział uczniów w ogóle osób objętych dożywianiem,2022,gmina,Polanka Wielka,powiat oświęcimski,41%
177,Udział uczniów w ogóle osób objętych dożywianiem,2022,gmina,Przeciszów,powiat oświęcimski,22%
177,Udział uczniów w ogóle osób objętych dożywianiem,2022,gmina,Zator,powiat oświęcimski,15%
177,Udział uczniów w ogóle osób objętych dożywianiem,2022,powiat,powiat proszowicki,powiat proszowicki,41%
177,Udział uczniów w ogóle osób objętych dożywianiem,2022,gmina,Koniusza,powiat proszowicki,100%
177,Udział uczniów w ogóle osób objętych dożywianiem,2022,gmina,Koszyce,powiat proszowicki,32%
177,Udział uczniów w ogóle osób objętych dożywianiem,2022,gmina,Nowe Brzesko,powiat proszowicki,34%
177,Udział uczniów w ogóle osób objętych dożywianiem,2022,gmina,Pałecznica,powiat proszowicki,52%
177,Udział uczniów w ogóle osób objętych dożywianiem,2022,gmina,Proszowice,powiat proszowicki,22%
177,Udział uczniów w ogóle osób objętych dożywianiem,2022,gmina,Radziemice,powiat proszowicki,59%
177,Udział uczniów w ogóle osób objętych dożywianiem,2022,powiat,powiat suski,powiat suski,36%
177,Udział uczniów w ogóle osób objętych dożywianiem,2022,gmina,Budzów,powiat suski,51%
177,Udział uczniów w ogóle osób objętych dożywianiem,2022,gmina,Bystra-Sidzina,powiat suski,53%
177,Udział uczniów w ogóle osób objętych dożywianiem,2022,gmina,Jordanów (miasto),powiat suski,25%
177,Udział uczniów w ogóle osób objętych dożywianiem,2022,gmina,Jordanów (wieś),powiat suski,41%
177,Udział uczniów w ogóle osób objętych dożywianiem,2022,gmina,Maków Podhalański,powiat suski,36%
177,Udział uczniów w ogóle osób objętych dożywianiem,2022,gmina,Stryszawa,powiat suski,34%
177,Udział uczniów w ogóle osób objętych dożywianiem,2022,gmina,Sucha Beskidzka,powiat suski,27%
177,Udział uczniów w ogóle osób objętych dożywianiem,2022,gmina,Zawoja,powiat suski,37%
177,Udział uczniów w ogóle osób objętych dożywianiem,2022,gmina,Zembrzyce,powiat suski,28%
177,Udział uczniów w ogóle osób objętych dożywianiem,2022,powiat,powiat tarnowski,powiat tarnowski,38%
177,Udział uczniów w ogóle osób objętych dożywianiem,2022,gmina,Ciężkowice,powiat tarnowski,60%
177,Udział uczniów w ogóle osób objętych dożywianiem,2022,gmina,Gromnik,powiat tarnowski,60%
177,Udział uczniów w ogóle osób objętych dożywianiem,2022,gmina,Lisia Góra,powiat tarnowski,50%
177,Udział uczniów w ogóle osób objętych dożywianiem,2022,gmina,Pleśna,powiat tarnowski,47%
177,Udział uczniów w ogóle osób objętych dożywianiem,2022,gmina,Radłów,powiat tarnowski,37%
177,Udział uczniów w ogóle osób objętych dożywianiem,2022,gmina,Ryglice,powiat tarnowski,46%
177,Udział uczniów w ogóle osób objętych dożywianiem,2022,gmina,Rzepiennik Strzyżewski,powiat tarnowski,69%
177,Udział uczniów w ogóle osób objętych dożywianiem,2022,gmina,Skrzyszów,powiat tarnowski,20%
177,Udział uczniów w ogóle osób objętych dożywianiem,2022,gmina,Szerzyny,powiat tarnowski,38%
177,Udział uczniów w ogóle osób objętych dożywianiem,2022,gmina,Tarnów (wieś),powiat tarnowski,28%
177,Udział uczniów w ogóle osób objętych dożywianiem,2022,gmina,Tuchów,powiat tarnowski,27%
177,Udział uczniów w ogóle osób objętych dożywianiem,2022,gmina,Wierzchosławice,powiat tarnowski,30%
177,Udział uczniów w ogóle osób objętych dożywianiem,2022,gmina,Wietrzychowice,powiat tarnowski,30%
177,Udział uczniów w ogóle osób objętych dożywianiem,2022,gmina,Wojnicz,powiat tarnowski,25%
177,Udział uczniów w ogóle osób objętych dożywianiem,2022,gmina,Zakliczyn,powiat tarnowski,32%
177,Udział uczniów w ogóle osób objętych dożywianiem,2022,gmina,Żabno,powiat tarnowski,30%
177,Udział uczniów w ogóle osób objętych dożywianiem,2022,powiat,powiat tatrzański,powiat tatrzański,31%
177,Udział uczniów w ogóle osób objętych dożywianiem,2022,gmina,Biały Dunajec,powiat tatrzański,54%
177,Udział uczniów w ogóle osób objętych dożywianiem,2022,gmina,Bukowina Tatrzańska,powiat tatrzański,34%
177,Udział uczniów w ogóle osób objętych dożywianiem,2022,gmina,Kościelisko,powiat tatrzański,35%
177,Udział uczniów w ogóle osób objętych dożywianiem,2022,gmina,Poronin,powiat tatrzański,34%
177,Udział uczniów w ogóle osób objętych dożywianiem,2022,gmina,Zakopane,powiat tatrzański,21%
177,Udział uczniów w ogóle osób objętych dożywianiem,2022,powiat,powiat wadowicki,powiat wadowicki,32%
177,Udział uczniów w ogóle osób objętych dożywianiem,2022,gmina,Andrychów,powiat wadowicki,27%
177,Udział uczniów w ogóle osób objętych dożywianiem,2022,gmina,Brzeźnica,powiat wadowicki,50%
177,Udział uczniów w ogóle osób objętych dożywianiem,2022,gmina,Kalwaria Zebrzydowska,powiat wadowicki,39%
177,Udział uczniów w ogóle osób objętych dożywianiem,2022,gmina,Lanckorona,powiat wadowicki,15%
177,Udział uczniów w ogóle osób objętych dożywianiem,2022,gmina,Mucharz,powiat wadowicki,28%
177,Udział uczniów w ogóle osób objętych dożywianiem,2022,gmina,Spytkowice,powiat wadowicki,34%
177,Udział uczniów w ogóle osób objętych dożywianiem,2022,gmina,Stryszów,powiat wadowicki,28%
177,Udział uczniów w ogóle osób objętych dożywianiem,2022,gmina,Tomice,powiat wadowicki,29%
177,Udział uczniów w ogóle osób objętych dożywianiem,2022,gmina,Wadowice,powiat wadowicki,34%
177,Udział uczniów w ogóle osób objętych dożywianiem,2022,gmina,Wieprz,powiat wadowicki,31%
177,Udział uczniów w ogóle osób objętych dożywianiem,2022,powiat,powiat wielicki,powiat wielicki,23%
177,Udział uczniów w ogóle osób objętych dożywianiem,2022,gmina,Biskupice,powiat wielicki,22%
177,Udział uczniów w ogóle osób objętych dożywianiem,2022,gmina,Gdów,powiat wielicki,37%
177,Udział uczniów w ogóle osób objętych dożywianiem,2022,gmina,Kłaj,powiat wielicki,28%
177,Udział uczniów w ogóle osób objętych dożywianiem,2022,gmina,Niepołomice,powiat wielicki,27%
177,Udział uczniów w ogóle osób objętych dożywianiem,2022,gmina,Wieliczka,powiat wielicki,19%
177,Udział uczniów w ogóle osób objętych dożywianiem,2021,powiat,powiat bocheński,powiat bocheński,32%
177,Udział uczniów w ogóle osób objętych dożywianiem,2021,gmina,Bochnia (miasto),powiat bocheński,26%
177,Udział uczniów w ogóle osób objętych dożywianiem,2021,gmina,Bochnia (wieś),powiat bocheński,31%
177,Udział uczniów w ogóle osób objętych dożywianiem,2021,gmina,Drwinia,powiat bocheński,27%
177,Udział uczniów w ogóle osób objętych dożywianiem,2021,gmina,Lipnica Murowana,powiat bocheński,32%
177,Udział uczniów w ogóle osób objętych dożywianiem,2021,gmina,Łapanów,powiat bocheński,39%
177,Udział uczniów w ogóle osób objętych dożywianiem,2021,gmina,Nowy Wiśnicz,powiat bocheński,43%
177,Udział uczniów w ogóle osób objętych dożywianiem,2021,gmina,Rzezawa,powiat bocheński,23%
177,Udział uczniów w ogóle osób objętych dożywianiem,2021,gmina,Trzciana,powiat bocheński,48%
177,Udział uczniów w ogóle osób objętych dożywianiem,2021,gmina,Żegocina,powiat bocheński,46%
177,Udział uczniów w ogóle osób objętych dożywianiem,2021,powiat,powiat brzeski,powiat brzeski,38%
177,Udział uczniów w ogóle osób objętych dożywianiem,2021,gmina,Borzęcin,powiat brzeski,26%
177,Udział uczniów w ogóle osób objętych dożywianiem,2021,gmina,Brzesko,powiat brzeski,55%
177,Udział uczniów w ogóle osób objętych dożywianiem,2021,gmina,Czchów,powiat brzeski,33%
177,Udział uczniów w ogóle osób objętych dożywianiem,2021,gmina,Dębno,powiat brzeski,24%
177,Udział uczniów w ogóle osób objętych dożywianiem,2021,gmina,Gnojnik,powiat brzeski,35%
177,Udział uczniów w ogóle osób objętych dożywianiem,2021,gmina,Iwkowa,powiat brzeski,37%
177,Udział uczniów w ogóle osób objętych dożywianiem,2021,gmina,Szczurowa,powiat brzeski,63%
177,Udział uczniów w ogóle osób objętych dożywianiem,2021,powiat,powiat chrzanowski,powiat chrzanowski,21%
177,Udział uczniów w ogóle osób objętych dożywianiem,2021,gmina,Alwernia,powiat chrzanowski,21%
177,Udział uczniów w ogóle osób objętych dożywianiem,2021,gmina,Babice,powiat chrzanowski,11%
177,Udział uczniów w ogóle osób objętych dożywianiem,2021,gmina,Chrzanów,powiat chrzanowski,20%
177,Udział uczniów w ogóle osób objętych dożywianiem,2021,gmina,Libiąż,powiat chrzanowski,16%
177,Udział uczniów w ogóle osób objętych dożywianiem,2021,gmina,Trzebinia,powiat chrzanowski,27%
177,Udział uczniów w ogóle osób objętych dożywianiem,2021,powiat,powiat dąbrowski,powiat dąbrowski,37%
177,Udział uczniów w ogóle osób objętych dożywianiem,2021,gmina,Bolesław,powiat dąbrowski,38%
177,Udział uczniów w ogóle osób objętych dożywianiem,2021,gmina,Dąbrowa Tarnowska,powiat dąbrowski,31%
177,Udział uczniów w ogóle osób objętych dożywianiem,2021,gmina,Gręboszów,powiat dąbrowski,40%
177,Udział uczniów w ogóle osób objętych dożywianiem,2021,gmina,Mędrzechów,powiat dąbrowski,37%
177,Udział uczniów w ogóle osób objętych dożywianiem,2021,gmina,Olesno,powiat dąbrowski,32%
177,Udział uczniów w ogóle osób objętych dożywianiem,2021,gmina,Radgoszcz,powiat dąbrowski,64%
177,Udział uczniów w ogóle osób objętych dożywianiem,2021,gmina,Szczucin,powiat dąbrowski,37%
177,Udział uczniów w ogóle osób objętych dożywianiem,2021,powiat,powiat gorlicki,powiat gorlicki,41%
177,Udział uczniów w ogóle osób objętych dożywianiem,2021,gmina,Biecz,powiat gorlicki,37%
177,Udział uczniów w ogóle osób objętych dożywianiem,2021,gmina,Bobowa,powiat gorlicki,47%
177,Udział uczniów w ogóle osób objętych dożywianiem,2021,gmina,Gorlice (miasto),powiat gorlicki,41%
177,Udział uczniów w ogóle osób objętych dożywianiem,2021,gmina,Gorlice (wieś),powiat gorlicki,32%
177,Udział uczniów w ogóle osób objętych dożywianiem,2021,gmina,Lipinki,powiat gorlicki,38%
177,Udział uczniów w ogóle osób objętych dożywianiem,2021,gmina,Łużna,powiat gorlicki,56%
177,Udział uczniów w ogóle osób objętych dożywianiem,2021,gmina,Moszczenica,powiat gorlicki,38%
177,Udział uczniów w ogóle osób objętych dożywianiem,2021,gmina,Ropa,powiat gorlicki,41%
177,Udział uczniów w ogóle osób objętych dożywianiem,2021,gmina,Sękowa,powiat gorlicki,36%
177,Udział uczniów w ogóle osób objętych dożywianiem,2021,gmina,Uście Gorlickie,powiat gorlicki,53%
177,Udział uczniów w ogóle osób objętych dożywianiem,2021,powiat,powiat krakowski,powiat krakowski,28%
177,Udział uczniów w ogóle osób objętych dożywianiem,2021,gmina,Czernichów,powiat krakowski,16%
177,Udział uczniów w ogóle osób objętych dożywianiem,2021,gmina,Igołomia-Wawrzeńczyce,powiat krakowski,83%
177,Udział uczniów w ogóle osób objętych dożywianiem,2021,gmina,Iwanowice,powiat krakowski,31%
177,Udział uczniów w ogóle osób objętych dożywianiem,2021,gmina,Jerzmanowice-Przeginia,powiat krakowski,36%
177,Udział uczniów w ogóle osób objętych dożywianiem,2021,gmina,Kocmyrzów-Luborzyca,powiat krakowski,36%
177,Udział uczniów w ogóle osób objętych dożywianiem,2021,gmina,Krzeszowice,powiat krakowski,16%
177,Udział uczniów w ogóle osób objętych dożywianiem,2021,gmina,Liszki,powiat krakowski,58%
177,Udział uczniów w ogóle osób objętych dożywianiem,2021,gmina,Michałowice,powiat krakowski,31%
177,Udział uczniów w ogóle osób objętych dożywianiem,2021,gmina,Mogilany,powiat krakowski,19%
177,Udział uczniów w ogóle osób objętych dożywianiem,2021,gmina,Skała,powiat krakowski,23%
177,Udział uczniów w ogóle osób objętych dożywianiem,2021,gmina,Skawina,powiat krakowski,29%
177,Udział uczniów w ogóle osób objętych dożywianiem,2021,gmina,Słomniki,powiat krakowski,26%
177,Udział uczniów w ogóle osób objętych dożywianiem,2021,gmina,Sułoszowa,powiat krakowski,52%
177,Udział uczniów w ogóle osób objętych dożywianiem,2021,gmina,Świątniki Górne,powiat krakowski,22%
177,Udział uczniów w ogóle osób objętych dożywianiem,2021,gmina,Wielka Wieś,powiat krakowski,24%
177,Udział uczniów w ogóle osób objętych dożywianiem,2021,gmina,Zabierzów,powiat krakowski,24%
177,Udział uczniów w ogóle osób objętych dożywianiem,2021,gmina,Zielonki,powiat krakowski,28%
177,Udział uczniów w ogóle osób objętych dożywianiem,2021,powiat,powiat limanowski,powiat limanowski,48%
177,Udział uczniów w ogóle osób objętych dożywianiem,2021,gmina,Dobra,powiat limanowski,51%
177,Udział uczniów w ogóle osób objętych dożywianiem,2021,gmina,Jodłownik,powiat limanowski,56%
177,Udział uczniów w ogóle osób objętych dożywianiem,2021,gmina,Kamienica,powiat limanowski,64%
177,Udział uczniów w ogóle osób objętych dożywianiem,2021,gmina,Laskowa,powiat limanowski,53%
177,Udział uczniów w ogóle osób objętych dożywianiem,2021,gmina,Limanowa (miasto),powiat limanowski,29%
177,Udział uczniów w ogóle osób objętych dożywianiem,2021,gmina,Limanowa (wieś),powiat limanowski,50%
177,Udział uczniów w ogóle osób objętych dożywianiem,2021,gmina,Łukowica,powiat limanowski,42%
177,Udział uczniów w ogóle osób objętych dożywianiem,2021,gmina,Mszana Dolna (miasto),powiat limanowski,40%
177,Udział uczniów w ogóle osób objętych dożywianiem,2021,gmina,Mszana Dolna (wieś),powiat limanowski,53%
177,Udział uczniów w ogóle osób objętych dożywianiem,2021,gmina,Niedźwiedź,powiat limanowski,38%
177,Udział uczniów w ogóle osób objętych dożywianiem,2021,gmina,Słopnice,powiat limanowski,46%
177,Udział uczniów w ogóle osób objętych dożywianiem,2021,gmina,Tymbark,powiat limanowski,62%
177,Udział uczniów w ogóle osób objętych dożywianiem,2021,powiat,powiat m. Kraków,powiat m. Kraków,19%
177,Udział uczniów w ogóle osób objętych dożywianiem,2021,powiat,powiat m. Nowy Sącz,powiat m. Nowy Sącz,34%
177,Udział uczniów w ogóle osób objętych dożywianiem,2021,powiat,powiat m. Tarnów,powiat m. Tarnów,21%
177,Udział uczniów w ogóle osób objętych dożywianiem,2021,powiat,powiat miechowski,powiat miechowski,33%
177,Udział uczniów w ogóle osób objętych dożywianiem,2021,gmina,Charsznica,powiat miechowski,30%
177,Udział uczniów w ogóle osób objętych dożywianiem,2021,gmina,Gołcza,powiat miechowski,32%
177,Udział uczniów w ogóle osób objętych dożywianiem,2021,gmina,Kozłów,powiat miechowski,29%
177,Udział uczniów w ogóle osób objętych dożywianiem,2021,gmina,Książ Wielki,powiat miechowski,39%
177,Udział uczniów w ogóle osób objętych dożywianiem,2021,gmina,Miechów,powiat miechowski,23%
177,Udział uczniów w ogóle osób objętych dożywianiem,2021,gmina,Racławice,powiat miechowski,86%
177,Udział uczniów w ogóle osób objętych dożywianiem,2021,gmina,Słaboszów,powiat miechowski,35%
177,Udział uczniów w ogóle osób objętych dożywianiem,2021,powiat,powiat myślenicki,powiat myślenicki,35%
177,Udział uczniów w ogóle osób objętych dożywianiem,2021,gmina,Dobczyce,powiat myślenicki,39%
177,Udział uczniów w ogóle osób objętych dożywianiem,2021,gmina,Lubień,powiat myślenicki,36%
177,Udział uczniów w ogóle osób objętych dożywianiem,2021,gmina,Myślenice,powiat myślenicki,22%
177,Udział uczniów w ogóle osób objętych dożywianiem,2021,gmina,Pcim,powiat myślenicki,52%
177,Udział uczniów w ogóle osób objętych dożywianiem,2021,gmina,Raciechowice,powiat myślenicki,33%
177,Udział uczniów w ogóle osób objętych dożywianiem,2021,gmina,Siepraw,powiat myślenicki,48%
177,Udział uczniów w ogóle osób objętych dożywianiem,2021,gmina,Sułkowice,powiat myślenicki,34%
177,Udział uczniów w ogóle osób objętych dożywianiem,2021,gmina,Tokarnia,powiat myślenicki,49%
177,Udział uczniów w ogóle osób objętych dożywianiem,2021,gmina,Wiśniowa,powiat myślenicki,39%
177,Udział uczniów w ogóle osób objętych dożywianiem,2021,powiat,powiat nowosądecki,powiat nowosądecki,47%
177,Udział uczniów w ogóle osób objętych dożywianiem,2021,gmina,Podegrodzie,powiat nowosądecki,80%
177,Udział uczniów w ogóle osób objętych dożywianiem,2021,gmina,Rytro,powiat nowosądecki,42%
177,Udział uczniów w ogóle osób objętych dożywianiem,2021,gmina,Stary Sącz,powiat nowosądecki,35%
177,Udział uczniów w ogóle osób objętych dożywianiem,2021,gmina,Chełmiec,powiat nowosądecki,40%
177,Udział uczniów w ogóle osób objętych dożywianiem,2021,gmina,Gródek nad Dunajcem,powiat nowosądecki,51%
177,Udział uczniów w ogóle osób objętych dożywianiem,2021,gmina,Grybów (miasto),powiat nowosądecki,26%
177,Udział uczniów w ogóle osób objętych dożywianiem,2021,gmina,Grybów (wieś),powiat nowosądecki,63%
177,Udział uczniów w ogóle osób objętych dożywianiem,2021,gmina,Kamionka Wielka,powiat nowosądecki,40%
177,Udział uczniów w ogóle osób objętych dożywianiem,2021,gmina,Korzenna,powiat nowosądecki,49%
177,Udział uczniów w ogóle osób objętych dożywianiem,2021,gmina,Krynica-Zdrój,powiat nowosądecki,38%
177,Udział uczniów w ogóle osób objętych dożywianiem,2021,gmina,Łabowa,powiat nowosądecki,41%
177,Udział uczniów w ogóle osób objętych dożywianiem,2021,gmina,Łącko,powiat nowosądecki,32%
177,Udział uczniów w ogóle osób objętych dożywianiem,2021,gmina,Łososina Dolna,powiat nowosądecki,79%
177,Udział uczniów w ogóle osób objętych dożywianiem,2021,gmina,Muszyna,powiat nowosądecki,40%
177,Udział uczniów w ogóle osób objętych dożywianiem,2021,gmina,Nawojowa,powiat nowosądecki,44%
177,Udział uczniów w ogóle osób objętych dożywianiem,2021,gmina,Piwniczna-Zdrój,powiat nowosądecki,37%
177,Udział uczniów w ogóle osób objętych dożywianiem,2021,powiat,powiat nowotarski,powiat nowotarski,37%
177,Udział uczniów w ogóle osób objętych dożywianiem,2021,gmina,Czarny Dunajec,powiat nowotarski,46%
177,Udział uczniów w ogóle osób objętych dożywianiem,2021,gmina,Czorsztyn,powiat nowotarski,24%
177,Udział uczniów w ogóle osób objętych dożywianiem,2021,gmina,Jabłonka,powiat nowotarski,34%
177,Udział uczniów w ogóle osób objętych dożywianiem,2021,gmina,Krościenko nad Dunajcem,powiat nowotarski,46%
177,Udział uczniów w ogóle osób objętych dożywianiem,2021,gmina,Lipnica Wielka,powiat nowotarski,53%
177,Udział uczniów w ogóle osób objętych dożywianiem,2021,gmina,Łapsze Niżne,powiat nowotarski,27%
177,Udział uczniów w ogóle osób objętych dożywianiem,2021,gmina,Nowy Targ (miasto),powiat nowotarski,30%
177,Udział uczniów w ogóle osób objętych dożywianiem,2021,gmina,Nowy Targ (wieś),powiat nowotarski,41%
177,Udział uczniów w ogóle osób objętych dożywianiem,2021,gmina,Ochotnica Dolna,powiat nowotarski,31%
177,Udział uczniów w ogóle osób objętych dożywianiem,2021,gmina,Raba Wyżna,powiat nowotarski,35%
177,Udział uczniów w ogóle osób objętych dożywianiem,2021,gmina,Rabka-Zdrój,powiat nowotarski,37%
177,Udział uczniów w ogóle osób objętych dożywianiem,2021,gmina,Spytkowice,powiat nowotarski,32%
177,Udział uczniów w ogóle osób objętych dożywianiem,2021,gmina,Szaflary,powiat nowotarski,45%
177,Udział uczniów w ogóle osób objętych dożywianiem,2021,gmina,Szczawnica,powiat nowotarski,42%
177,Udział uczniów w ogóle osób objętych dożywianiem,2021,powiat,powiat olkuski,powiat olkuski,25%
177,Udział uczniów w ogóle osób objętych dożywianiem,2021,gmina,Bolesław,powiat olkuski,31%
177,Udział uczniów w ogóle osób objętych dożywianiem,2021,gmina,Bukowno,powiat olkuski,22%
177,Udział uczniów w ogóle osób objętych dożywianiem,2021,gmina,Klucze,powiat olkuski,27%
177,Udział uczniów w ogóle osób objętych dożywianiem,2021,gmina,Olkusz,powiat olkuski,20%
177,Udział uczniów w ogóle osób objętych dożywianiem,2021,gmina,Trzyciąż,powiat olkuski,40%
177,Udział uczniów w ogóle osób objętych dożywianiem,2021,gmina,Wolbrom,powiat olkuski,30%
177,Udział uczniów w ogóle osób objętych dożywianiem,2021,powiat,powiat oświęcimski,powiat oświęcimski,21%
177,Udział uczniów w ogóle osób objętych dożywianiem,2021,gmina,Brzeszcze,powiat oświęcimski,27%
177,Udział uczniów w ogóle osób objętych dożywianiem,2021,gmina,Chełmek,powiat oświęcimski,25%
177,Udział uczniów w ogóle osób objętych dożywianiem,2021,gmina,Kęty,powiat oświęcimski,27%
177,Udział uczniów w ogóle osób objętych dożywianiem,2021,gmina,Osiek,powiat oświęcimski,24%
177,Udział uczniów w ogóle osób objętych dożywianiem,2021,gmina,Oświęcim (miasto),powiat oświęcimski,18%
177,Udział uczniów w ogóle osób objętych dożywianiem,2021,gmina,Oświęcim (wieś),powiat oświęcimski,18%
177,Udział uczniów w ogóle osób objętych dożywianiem,2021,gmina,Polanka Wielka,powiat oświęcimski,32%
177,Udział uczniów w ogóle osób objętych dożywianiem,2021,gmina,Przeciszów,powiat oświęcimski,28%
177,Udział uczniów w ogóle osób objętych dożywianiem,2021,gmina,Zator,powiat oświęcimski,16%
177,Udział uczniów w ogóle osób objętych dożywianiem,2021,powiat,powiat proszowicki,powiat proszowicki,33%
177,Udział uczniów w ogóle osób objętych dożywianiem,2021,gmina,Koniusza,powiat proszowicki,57%
177,Udział uczniów w ogóle osób objętych dożywianiem,2021,gmina,Koszyce,powiat proszowicki,31%
177,Udział uczniów w ogóle osób objętych dożywianiem,2021,gmina,Nowe Brzesko,powiat proszowicki,32%
177,Udział uczniów w ogóle osób objętych dożywianiem,2021,gmina,Pałecznica,powiat proszowicki,50%
177,Udział uczniów w ogóle osób objętych dożywianiem,2021,gmina,Proszowice,powiat proszowicki,21%
177,Udział uczniów w ogóle osób objętych dożywianiem,2021,gmina,Radziemice,powiat proszowicki,40%
177,Udział uczniów w ogóle osób objętych dożywianiem,2021,powiat,powiat suski,powiat suski,37%
177,Udział uczniów w ogóle osób objętych dożywianiem,2021,gmina,Budzów,powiat suski,57%
177,Udział uczniów w ogóle osób objętych dożywianiem,2021,gmina,Bystra-Sidzina,powiat suski,59%
177,Udział uczniów w ogóle osób objętych dożywianiem,2021,gmina,Jordanów (miasto),powiat suski,25%
177,Udział uczniów w ogóle osób objętych dożywianiem,2021,gmina,Jordanów (wieś),powiat suski,45%
177,Udział uczniów w ogóle osób objętych dożywianiem,2021,gmina,Maków Podhalański,powiat suski,40%
177,Udział uczniów w ogóle osób objętych dożywianiem,2021,gmina,Stryszawa,powiat suski,28%
177,Udział uczniów w ogóle osób objętych dożywianiem,2021,gmina,Sucha Beskidzka,powiat suski,22%
177,Udział uczniów w ogóle osób objętych dożywianiem,2021,gmina,Zawoja,powiat suski,35%
177,Udział uczniów w ogóle osób objętych dożywianiem,2021,gmina,Zembrzyce,powiat suski,32%
177,Udział uczniów w ogóle osób objętych dożywianiem,2021,powiat,powiat tarnowski,powiat tarnowski,37%
177,Udział uczniów w ogóle osób objętych dożywianiem,2021,gmina,Ciężkowice,powiat tarnowski,42%
177,Udział uczniów w ogóle osób objętych dożywianiem,2021,gmina,Gromnik,powiat tarnowski,53%
177,Udział uczniów w ogóle osób objętych dożywianiem,2021,gmina,Lisia Góra,powiat tarnowski,40%
177,Udział uczniów w ogóle osób objętych dożywianiem,2021,gmina,Pleśna,powiat tarnowski,40%
177,Udział uczniów w ogóle osób objętych dożywianiem,2021,gmina,Radłów,powiat tarnowski,29%
177,Udział uczniów w ogóle osób objętych dożywianiem,2021,gmina,Ryglice,powiat tarnowski,40%
177,Udział uczniów w ogóle osób objętych dożywianiem,2021,gmina,Rzepiennik Strzyżewski,powiat tarnowski,72%
177,Udział uczniów w ogóle osób objętych dożywianiem,2021,gmina,Skrzyszów,powiat tarnowski,24%
177,Udział uczniów w ogóle osób objętych dożywianiem,2021,gmina,Szerzyny,powiat tarnowski,43%
177,Udział uczniów w ogóle osób objętych dożywianiem,2021,gmina,Tarnów (wieś),powiat tarnowski,29%
177,Udział uczniów w ogóle osób objętych dożywianiem,2021,gmina,Tuchów,powiat tarnowski,33%
177,Udział uczniów w ogóle osób objętych dożywianiem,2021,gmina,Wierzchosławice,powiat tarnowski,29%
177,Udział uczniów w ogóle osób objętych dożywianiem,2021,gmina,Wietrzychowice,powiat tarnowski,29%
177,Udział uczniów w ogóle osób objętych dożywianiem,2021,gmina,Wojnicz,powiat tarnowski,22%
177,Udział uczniów w ogóle osób objętych dożywianiem,2021,gmina,Zakliczyn,powiat tarnowski,45%
177,Udział uczniów w ogóle osób objętych dożywianiem,2021,gmina,Żabno,powiat tarnowski,31%
177,Udział uczniów w ogóle osób objętych dożywianiem,2021,powiat,powiat tatrzański,powiat tatrzański,30%
177,Udział uczniów w ogóle osób objętych dożywianiem,2021,gmina,Biały Dunajec,powiat tatrzański,65%
177,Udział uczniów w ogóle osób objętych dożywianiem,2021,gmina,Bukowina Tatrzańska,powiat tatrzański,28%
177,Udział uczniów w ogóle osób objętych dożywianiem,2021,gmina,Kościelisko,powiat tatrzański,39%
177,Udział uczniów w ogóle osób objętych dożywianiem,2021,gmina,Poronin,powiat tatrzański,37%
177,Udział uczniów w ogóle osób objętych dożywianiem,2021,gmina,Zakopane,powiat tatrzański,17%
177,Udział uczniów w ogóle osób objętych dożywianiem,2021,powiat,powiat wadowicki,powiat wadowicki,33%
177,Udział uczniów w ogóle osób objętych dożywianiem,2021,gmina,Andrychów,powiat wadowicki,27%
177,Udział uczniów w ogóle osób objętych dożywianiem,2021,gmina,Brzeźnica,powiat wadowicki,46%
177,Udział uczniów w ogóle osób objętych dożywianiem,2021,gmina,Kalwaria Zebrzydowska,powiat wadowicki,39%
177,Udział uczniów w ogóle osób objętych dożywianiem,2021,gmina,Lanckorona,powiat wadowicki,29%
177,Udział uczniów w ogóle osób objętych dożywianiem,2021,gmina,Mucharz,powiat wadowicki,32%
177,Udział uczniów w ogóle osób objętych dożywianiem,2021,gmina,Spytkowice,powiat wadowicki,36%
177,Udział uczniów w ogóle osób objętych dożywianiem,2021,gmina,Stryszów,powiat wadowicki,30%
177,Udział uczniów w ogóle osób objętych dożywianiem,2021,gmina,Tomice,powiat wadowicki,33%
177,Udział uczniów w ogóle osób objętych dożywianiem,2021,gmina,Wadowice,powiat wadowicki,34%
177,Udział uczniów w ogóle osób objętych dożywianiem,2021,gmina,Wieprz,powiat wadowicki,30%
177,Udział uczniów w ogóle osób objętych dożywianiem,2021,powiat,powiat wielicki,powiat wielicki,26%
177,Udział uczniów w ogóle osób objętych dożywianiem,2021,gmina,Biskupice,powiat wielicki,32%
177,Udział uczniów w ogóle osób objętych dożywianiem,2021,gmina,Gdów,powiat wielicki,43%
177,Udział uczniów w ogóle osób objętych dożywianiem,2021,gmina,Kłaj,powiat wielicki,31%
177,Udział uczniów w ogóle osób objętych dożywianiem,2021,gmina,Niepołomice,powiat wielicki,28%
177,Udział uczniów w ogóle osób objętych dożywianiem,2021,gmina,Wieliczka,powiat wielicki,21%
177,Udział uczniów w ogóle osób objętych dożywianiem,2020,powiat,powiat bocheński,powiat bocheński,34%
177,Udział uczniów w ogóle osób objętych dożywianiem,2020,gmina,Bochnia (miasto),powiat bocheński,27%
177,Udział uczniów w ogóle osób objętych dożywianiem,2020,gmina,Bochnia (wieś),powiat bocheński,31%
177,Udział uczniów w ogóle osób objętych dożywianiem,2020,gmina,Drwinia,powiat bocheński,30%
177,Udział uczniów w ogóle osób objętych dożywianiem,2020,gmina,Lipnica Murowana,powiat bocheński,35%
177,Udział uczniów w ogóle osób objętych dożywianiem,2020,gmina,Łapanów,powiat bocheński,67%
177,Udział uczniów w ogóle osób objętych dożywianiem,2020,gmina,Nowy Wiśnicz,powiat bocheński,41%
177,Udział uczniów w ogóle osób objętych dożywianiem,2020,gmina,Rzezawa,powiat bocheński,26%
177,Udział uczniów w ogóle osób objętych dożywianiem,2020,gmina,Trzciana,powiat bocheński,50%
177,Udział uczniów w ogóle osób objętych dożywianiem,2020,gmina,Żegocina,powiat bocheński,41%
177,Udział uczniów w ogóle osób objętych dożywianiem,2020,powiat,powiat brzeski,powiat brzeski,43%
177,Udział uczniów w ogóle osób objętych dożywianiem,2020,gmina,Borzęcin,powiat brzeski,41%
177,Udział uczniów w ogóle osób objętych dożywianiem,2020,gmina,Brzesko,powiat brzeski,48%
177,Udział uczniów w ogóle osób objętych dożywianiem,2020,gmina,Czchów,powiat brzeski,51%
177,Udział uczniów w ogóle osób objętych dożywianiem,2020,gmina,Dębno,powiat brzeski,25%
177,Udział uczniów w ogóle osób objętych dożywianiem,2020,gmina,Gnojnik,powiat brzeski,33%
177,Udział uczniów w ogóle osób objętych dożywianiem,2020,gmina,Iwkowa,powiat brzeski,46%
177,Udział uczniów w ogóle osób objętych dożywianiem,2020,gmina,Szczurowa,powiat brzeski,66%
177,Udział uczniów w ogóle osób objętych dożywianiem,2020,powiat,powiat chrzanowski,powiat chrzanowski,23%
177,Udział uczniów w ogóle osób objętych dożywianiem,2020,gmina,Alwernia,powiat chrzanowski,22%
177,Udział uczniów w ogóle osób objętych dożywianiem,2020,gmina,Babice,powiat chrzanowski,15%
177,Udział uczniów w ogóle osób objętych dożywianiem,2020,gmina,Chrzanów,powiat chrzanowski,21%
177,Udział uczniów w ogóle osób objętych dożywianiem,2020,gmina,Libiąż,powiat chrzanowski,18%
177,Udział uczniów w ogóle osób objętych dożywianiem,2020,gmina,Trzebinia,powiat chrzanowski,30%
177,Udział uczniów w ogóle osób objętych dożywianiem,2020,powiat,powiat dąbrowski,powiat dąbrowski,41%
177,Udział uczniów w ogóle osób objętych dożywianiem,2020,gmina,Bolesław,powiat dąbrowski,49%
177,Udział uczniów w ogóle osób objętych dożywianiem,2020,gmina,Dąbrowa Tarnowska,powiat dąbrowski,32%
177,Udział uczniów w ogóle osób objętych dożywianiem,2020,gmina,Gręboszów,powiat dąbrowski,38%
177,Udział uczniów w ogóle osób objętych dożywianiem,2020,gmina,Mędrzechów,powiat dąbrowski,63%
177,Udział uczniów w ogóle osób objętych dożywianiem,2020,gmina,Olesno,powiat dąbrowski,37%
177,Udział uczniów w ogóle osób objętych dożywianiem,2020,gmina,Radgoszcz,powiat dąbrowski,51%
177,Udział uczniów w ogóle osób objętych dożywianiem,2020,gmina,Szczucin,powiat dąbrowski,52%
177,Udział uczniów w ogóle osób objętych dożywianiem,2020,powiat,powiat gorlicki,powiat gorlicki,49%
177,Udział uczniów w ogóle osób objętych dożywianiem,2020,gmina,Biecz,powiat gorlicki,47%
177,Udział uczniów w ogóle osób objętych dożywianiem,2020,gmina,Bobowa,powiat gorlicki,74%
177,Udział uczniów w ogóle osób objętych dożywianiem,2020,gmina,Gorlice (miasto),powiat gorlicki,49%
177,Udział uczniów w ogóle osób objętych dożywianiem,2020,gmina,Gorlice (wieś),powiat gorlicki,45%
177,Udział uczniów w ogóle osób objętych dożywianiem,2020,gmina,Lipinki,powiat gorlicki,37%
177,Udział uczniów w ogóle osób objętych dożywianiem,2020,gmina,Łużna,powiat gorlicki,45%
177,Udział uczniów w ogóle osób objętych dożywianiem,2020,gmina,Moszczenica,powiat gorlicki,28%
177,Udział uczniów w ogóle osób objętych dożywianiem,2020,gmina,Ropa,powiat gorlicki,62%
177,Udział uczniów w ogóle osób objętych dożywianiem,2020,gmina,Sękowa,powiat gorlicki,38%
177,Udział uczniów w ogóle osób objętych dożywianiem,2020,gmina,Uście Gorlickie,powiat gorlicki,53%
177,Udział uczniów w ogóle osób objętych dożywianiem,2020,powiat,powiat krakowski,powiat krakowski,31%
177,Udział uczniów w ogóle osób objętych dożywianiem,2020,gmina,Czernichów,powiat krakowski,20%
177,Udział uczniów w ogóle osób objętych dożywianiem,2020,gmina,Igołomia-Wawrzeńczyce,powiat krakowski,79%
177,Udział uczniów w ogóle osób objętych dożywianiem,2020,gmina,Iwanowice,powiat krakowski,36%
177,Udział uczniów w ogóle osób objętych dożywianiem,2020,gmina,Jerzmanowice-Przeginia,powiat krakowski,40%
177,Udział uczniów w ogóle osób objętych dożywianiem,2020,gmina,Kocmyrzów-Luborzyca,powiat krakowski,34%
177,Udział uczniów w ogóle osób objętych dożywianiem,2020,gmina,Krzeszowice,powiat krakowski,25%
177,Udział uczniów w ogóle osób objętych dożywianiem,2020,gmina,Liszki,powiat krakowski,67%
177,Udział uczniów w ogóle osób objętych dożywianiem,2020,gmina,Michałowice,powiat krakowski,31%
177,Udział uczniów w ogóle osób objętych dożywianiem,2020,gmina,Mogilany,powiat krakowski,23%
177,Udział uczniów w ogóle osób objętych dożywianiem,2020,gmina,Skała,powiat krakowski,26%
177,Udział uczniów w ogóle osób objętych dożywianiem,2020,gmina,Skawina,powiat krakowski,32%
177,Udział uczniów w ogóle osób objętych dożywianiem,2020,gmina,Słomniki,powiat krakowski,25%
177,Udział uczniów w ogóle osób objętych dożywianiem,2020,gmina,Sułoszowa,powiat krakowski,53%
177,Udział uczniów w ogóle osób objętych dożywianiem,2020,gmina,Świątniki Górne,powiat krakowski,23%
177,Udział uczniów w ogóle osób objętych dożywianiem,2020,gmina,Wielka Wieś,powiat krakowski,24%
177,Udział uczniów w ogóle osób objętych dożywianiem,2020,gmina,Zabierzów,powiat krakowski,25%
177,Udział uczniów w ogóle osób objętych dożywianiem,2020,gmina,Zielonki,powiat krakowski,25%
177,Udział uczniów w ogóle osób objętych dożywianiem,2020,powiat,powiat limanowski,powiat limanowski,47%
177,Udział uczniów w ogóle osób objętych dożywianiem,2020,gmina,Dobra,powiat limanowski,47%
177,Udział uczniów w ogóle osób objętych dożywianiem,2020,gmina,Jodłownik,powiat limanowski,57%
177,Udział uczniów w ogóle osób objętych dożywianiem,2020,gmina,Kamienica,powiat limanowski,56%
177,Udział uczniów w ogóle osób objętych dożywianiem,2020,gmina,Laskowa,powiat limanowski,58%
177,Udział uczniów w ogóle osób objętych dożywianiem,2020,gmina,Limanowa (miasto),powiat limanowski,30%
177,Udział uczniów w ogóle osób objętych dożywianiem,2020,gmina,Limanowa (wieś),powiat limanowski,54%
177,Udział uczniów w ogóle osób objętych dożywianiem,2020,gmina,Łukowica,powiat limanowski,42%
177,Udział uczniów w ogóle osób objętych dożywianiem,2020,gmina,Mszana Dolna (miasto),powiat limanowski,41%
177,Udział uczniów w ogóle osób objętych dożywianiem,2020,gmina,Mszana Dolna (wieś),powiat limanowski,51%
177,Udział uczniów w ogóle osób objętych dożywianiem,2020,gmina,Niedźwiedź,powiat limanowski,42%
177,Udział uczniów w ogóle osób objętych dożywianiem,2020,gmina,Słopnice,powiat limanowski,43%
177,Udział uczniów w ogóle osób objętych dożywianiem,2020,gmina,Tymbark,powiat limanowski,64%
177,Udział uczniów w ogóle osób objętych dożywianiem,2020,powiat,powiat m. Kraków,powiat m. Kraków,19%
177,Udział uczniów w ogóle osób objętych dożywianiem,2020,powiat,powiat m. Nowy Sącz,powiat m. Nowy Sącz,42%
177,Udział uczniów w ogóle osób objętych dożywianiem,2020,powiat,powiat m. Tarnów,powiat m. Tarnów,22%
177,Udział uczniów w ogóle osób objętych dożywianiem,2020,powiat,powiat miechowski,powiat miechowski,34%
177,Udział uczniów w ogóle osób objętych dożywianiem,2020,gmina,Charsznica,powiat miechowski,33%
177,Udział uczniów w ogóle osób objętych dożywianiem,2020,gmina,Gołcza,powiat miechowski,32%
177,Udział uczniów w ogóle osób objętych dożywianiem,2020,gmina,Kozłów,powiat miechowski,35%
177,Udział uczniów w ogóle osób objętych dożywianiem,2020,gmina,Książ Wielki,powiat miechowski,36%
177,Udział uczniów w ogóle osób objętych dożywianiem,2020,gmina,Miechów,powiat miechowski,25%
177,Udział uczniów w ogóle osób objętych dożywianiem,2020,gmina,Racławice,powiat miechowski,92%
177,Udział uczniów w ogóle osób objętych dożywianiem,2020,gmina,Słaboszów,powiat miechowski,37%
177,Udział uczniów w ogóle osób objętych dożywianiem,2020,powiat,powiat myślenicki,powiat myślenicki,40%
177,Udział uczniów w ogóle osób objętych dożywianiem,2020,gmina,Dobczyce,powiat myślenicki,44%
177,Udział uczniów w ogóle osób objętych dożywianiem,2020,gmina,Lubień,powiat myślenicki,40%
177,Udział uczniów w ogóle osób objętych dożywianiem,2020,gmina,Myślenice,powiat myślenicki,27%
177,Udział uczniów w ogóle osób objętych dożywianiem,2020,gmina,Pcim,powiat myślenicki,51%
177,Udział uczniów w ogóle osób objętych dożywianiem,2020,gmina,Raciechowice,powiat myślenicki,51%
177,Udział uczniów w ogóle osób objętych dożywianiem,2020,gmina,Siepraw,powiat myślenicki,56%
177,Udział uczniów w ogóle osób objętych dożywianiem,2020,gmina,Sułkowice,powiat myślenicki,31%
177,Udział uczniów w ogóle osób objętych dożywianiem,2020,gmina,Tokarnia,powiat myślenicki,54%
177,Udział uczniów w ogóle osób objętych dożywianiem,2020,gmina,Wiśniowa,powiat myślenicki,41%
177,Udział uczniów w ogóle osób objętych dożywianiem,2020,powiat,powiat nowosądecki,powiat nowosądecki,49%
177,Udział uczniów w ogóle osób objętych dożywianiem,2020,gmina,Podegrodzie,powiat nowosądecki,84%
177,Udział uczniów w ogóle osób objętych dożywianiem,2020,gmina,Rytro,powiat nowosądecki,43%
177,Udział uczniów w ogóle osób objętych dożywianiem,2020,gmina,Stary Sącz,powiat nowosądecki,37%
177,Udział uczniów w ogóle osób objętych dożywianiem,2020,gmina,Chełmiec,powiat nowosądecki,35%
177,Udział uczniów w ogóle osób objętych dożywianiem,2020,gmina,Gródek nad Dunajcem,powiat nowosądecki,47%
177,Udział uczniów w ogóle osób objętych dożywianiem,2020,gmina,Grybów (miasto),powiat nowosądecki,37%
177,Udział uczniów w ogóle osób objętych dożywianiem,2020,gmina,Grybów (wieś),powiat nowosądecki,81%
177,Udział uczniów w ogóle osób objętych dożywianiem,2020,gmina,Kamionka Wielka,powiat nowosądecki,44%
177,Udział uczniów w ogóle osób objętych dożywianiem,2020,gmina,Korzenna,powiat nowosądecki,45%
177,Udział uczniów w ogóle osób objętych dożywianiem,2020,gmina,Krynica-Zdrój,powiat nowosądecki,36%
177,Udział uczniów w ogóle osób objętych dożywianiem,2020,gmina,Łabowa,powiat nowosądecki,41%
177,Udział uczniów w ogóle osób objętych dożywianiem,2020,gmina,Łącko,powiat nowosądecki,37%
177,Udział uczniów w ogóle osób objętych dożywianiem,2020,gmina,Łososina Dolna,powiat nowosądecki,98%
177,Udział uczniów w ogóle osób objętych dożywianiem,2020,gmina,Muszyna,powiat nowosądecki,41%
177,Udział uczniów w ogóle osób objętych dożywianiem,2020,gmina,Nawojowa,powiat nowosądecki,41%
177,Udział uczniów w ogóle osób objętych dożywianiem,2020,gmina,Piwniczna-Zdrój,powiat nowosądecki,33%
177,Udział uczniów w ogóle osób objętych dożywianiem,2020,powiat,powiat nowotarski,powiat nowotarski,38%
177,Udział uczniów w ogóle osób objętych dożywianiem,2020,gmina,Czarny Dunajec,powiat nowotarski,41%
177,Udział uczniów w ogóle osób objętych dożywianiem,2020,gmina,Czorsztyn,powiat nowotarski,19%
177,Udział uczniów w ogóle osób objętych dożywianiem,2020,gmina,Jabłonka,powiat nowotarski,37%
177,Udział uczniów w ogóle osób objętych dożywianiem,2020,gmina,Krościenko nad Dunajcem,powiat nowotarski,44%
177,Udział uczniów w ogóle osób objętych dożywianiem,2020,gmina,Lipnica Wielka,powiat nowotarski,44%
177,Udział uczniów w ogóle osób objętych dożywianiem,2020,gmina,Łapsze Niżne,powiat nowotarski,64%
177,Udział uczniów w ogóle osób objętych dożywianiem,2020,gmina,Nowy Targ (miasto),powiat nowotarski,33%
177,Udział uczniów w ogóle osób objętych dożywianiem,2020,gmina,Nowy Targ (wieś),powiat nowotarski,37%
177,Udział uczniów w ogóle osób objętych dożywianiem,2020,gmina,Ochotnica Dolna,powiat nowotarski,33%
177,Udział uczniów w ogóle osób objętych dożywianiem,2020,gmina,Raba Wyżna,powiat nowotarski,33%
177,Udział uczniów w ogóle osób objętych dożywianiem,2020,gmina,Rabka-Zdrój,powiat nowotarski,42%
177,Udział uczniów w ogóle osób objętych dożywianiem,2020,gmina,Spytkowice,powiat nowotarski,32%
177,Udział uczniów w ogóle osób objętych dożywianiem,2020,gmina,Szaflary,powiat nowotarski,44%
177,Udział uczniów w ogóle osób objętych dożywianiem,2020,gmina,Szczawnica,powiat nowotarski,56%
177,Udział uczniów w ogóle osób objętych dożywianiem,2020,powiat,powiat olkuski,powiat olkuski,28%
177,Udział uczniów w ogóle osób objętych dożywianiem,2020,gmina,Bolesław,powiat olkuski,30%
177,Udział uczniów w ogóle osób objętych dożywianiem,2020,gmina,Bukowno,powiat olkuski,22%
177,Udział uczniów w ogóle osób objętych dożywianiem,2020,gmina,Klucze,powiat olkuski,30%
177,Udział uczniów w ogóle osób objętych dożywianiem,2020,gmina,Olkusz,powiat olkuski,22%
177,Udział uczniów w ogóle osób objętych dożywianiem,2020,gmina,Trzyciąż,powiat olkuski,37%
177,Udział uczniów w ogóle osób objętych dożywianiem,2020,gmina,Wolbrom,powiat olkuski,37%
177,Udział uczniów w ogóle osób objętych dożywianiem,2020,powiat,powiat oświęcimski,powiat oświęcimski,24%
177,Udział uczniów w ogóle osób objętych dożywianiem,2020,gmina,Brzeszcze,powiat oświęcimski,25%
177,Udział uczniów w ogóle osób objętych dożywianiem,2020,gmina,Chełmek,powiat oświęcimski,31%
177,Udział uczniów w ogóle osób objętych dożywianiem,2020,gmina,Kęty,powiat oświęcimski,54%
177,Udział uczniów w ogóle osób objętych dożywianiem,2020,gmina,Osiek,powiat oświęcimski,33%
177,Udział uczniów w ogóle osób objętych dożywianiem,2020,gmina,Oświęcim (miasto),powiat oświęcimski,18%
177,Udział uczniów w ogóle osób objętych dożywianiem,2020,gmina,Oświęcim (wieś),powiat oświęcimski,22%
177,Udział uczniów w ogóle osób objętych dożywianiem,2020,gmina,Polanka Wielka,powiat oświęcimski,37%
177,Udział uczniów w ogóle osób objętych dożywianiem,2020,gmina,Przeciszów,powiat oświęcimski,28%
177,Udział uczniów w ogóle osób objętych dożywianiem,2020,gmina,Zator,powiat oświęcimski,16%
177,Udział uczniów w ogóle osób objętych dożywianiem,2020,powiat,powiat proszowicki,powiat proszowicki,36%
177,Udział uczniów w ogóle osób objętych dożywianiem,2020,gmina,Koniusza,powiat proszowicki,35%
177,Udział uczniów w ogóle osób objętych dożywianiem,2020,gmina,Koszyce,powiat proszowicki,34%
177,Udział uczniów w ogóle osób objętych dożywianiem,2020,gmina,Nowe Brzesko,powiat proszowicki,42%
177,Udział uczniów w ogóle osób objętych dożywianiem,2020,gmina,Pałecznica,powiat proszowicki,46%
177,Udział uczniów w ogóle osób objętych dożywianiem,2020,gmina,Proszowice,powiat proszowicki,32%
177,Udział uczniów w ogóle osób objętych dożywianiem,2020,gmina,Radziemice,powiat proszowicki,32%
177,Udział uczniów w ogóle osób objętych dożywianiem,2020,powiat,powiat suski,powiat suski,38%
177,Udział uczniów w ogóle osób objętych dożywianiem,2020,gmina,Budzów,powiat suski,40%
177,Udział uczniów w ogóle osób objętych dożywianiem,2020,gmina,Bystra-Sidzina,powiat suski,42%
177,Udział uczniów w ogóle osób objętych dożywianiem,2020,gmina,Jordanów (miasto),powiat suski,28%
177,Udział uczniów w ogóle osób objętych dożywianiem,2020,gmina,Jordanów (wieś),powiat suski,53%
177,Udział uczniów w ogóle osób objętych dożywianiem,2020,gmina,Maków Podhalański,powiat suski,39%
177,Udział uczniów w ogóle osób objętych dożywianiem,2020,gmina,Stryszawa,powiat suski,35%
177,Udział uczniów w ogóle osób objętych dożywianiem,2020,gmina,Sucha Beskidzka,powiat suski,23%
177,Udział uczniów w ogóle osób objętych dożywianiem,2020,gmina,Zawoja,powiat suski,37%
177,Udział uczniów w ogóle osób objętych dożywianiem,2020,gmina,Zembrzyce,powiat suski,31%
177,Udział uczniów w ogóle osób objętych dożywianiem,2020,powiat,powiat tarnowski,powiat tarnowski,42%
177,Udział uczniów w ogóle osób objętych dożywianiem,2020,gmina,Ciężkowice,powiat tarnowski,45%
177,Udział uczniów w ogóle osób objętych dożywianiem,2020,gmina,Gromnik,powiat tarnowski,91%
177,Udział uczniów w ogóle osób objętych dożywianiem,2020,gmina,Lisia Góra,powiat tarnowski,43%
177,Udział uczniów w ogóle osób objętych dożywianiem,2020,gmina,Pleśna,powiat tarnowski,85%
177,Udział uczniów w ogóle osób objętych dożywianiem,2020,gmina,Radłów,powiat tarnowski,26%
177,Udział uczniów w ogóle osób objętych dożywianiem,2020,gmina,Ryglice,powiat tarnowski,42%
177,Udział uczniów w ogóle osób objętych dożywianiem,2020,gmina,Rzepiennik Strzyżewski,powiat tarnowski,77%
177,Udział uczniów w ogóle osób objętych dożywianiem,2020,gmina,Skrzyszów,powiat tarnowski,28%
177,Udział uczniów w ogóle osób objętych dożywianiem,2020,gmina,Szerzyny,powiat tarnowski,39%
177,Udział uczniów w ogóle osób objętych dożywianiem,2020,gmina,Tarnów (wieś),powiat tarnowski,31%
177,Udział uczniów w ogóle osób objętych dożywianiem,2020,gmina,Tuchów,powiat tarnowski,34%
177,Udział uczniów w ogóle osób objętych dożywianiem,2020,gmina,Wierzchosławice,powiat tarnowski,29%
177,Udział uczniów w ogóle osób objętych dożywianiem,2020,gmina,Wietrzychowice,powiat tarnowski,30%
177,Udział uczniów w ogóle osób objętych dożywianiem,2020,gmina,Wojnicz,powiat tarnowski,25%
177,Udział uczniów w ogóle osób objętych dożywianiem,2020,gmina,Zakliczyn,powiat tarnowski,53%
177,Udział uczniów w ogóle osób objętych dożywianiem,2020,gmina,Żabno,powiat tarnowski,30%
177,Udział uczniów w ogóle osób objętych dożywianiem,2020,powiat,powiat tatrzański,powiat tatrzański,30%
177,Udział uczniów w ogóle osób objętych dożywianiem,2020,gmina,Biały Dunajec,powiat tatrzański,43%
177,Udział uczniów w ogóle osób objętych dożywianiem,2020,gmina,Bukowina Tatrzańska,powiat tatrzański,28%
177,Udział uczniów w ogóle osób objętych dożywianiem,2020,gmina,Kościelisko,powiat tatrzański,45%
177,Udział uczniów w ogóle osób objętych dożywianiem,2020,gmina,Poronin,powiat tatrzański,35%
177,Udział uczniów w ogóle osób objętych dożywianiem,2020,gmina,Zakopane,powiat tatrzański,21%
177,Udział uczniów w ogóle osób objętych dożywianiem,2020,powiat,powiat wadowicki,powiat wadowicki,35%
177,Udział uczniów w ogóle osób objętych dożywianiem,2020,gmina,Andrychów,powiat wadowicki,32%
177,Udział uczniów w ogóle osób objętych dożywianiem,2020,gmina,Brzeźnica,powiat wadowicki,40%
177,Udział uczniów w ogóle osób objętych dożywianiem,2020,gmina,Kalwaria Zebrzydowska,powiat wadowicki,46%
177,Udział uczniów w ogóle osób objętych dożywianiem,2020,gmina,Lanckorona,powiat wadowicki,24%
177,Udział uczniów w ogóle osób objętych dożywianiem,2020,gmina,Mucharz,powiat wadowicki,33%
177,Udział uczniów w ogóle osób objętych dożywianiem,2020,gmina,Spytkowice,powiat wadowicki,41%
177,Udział uczniów w ogóle osób objętych dożywianiem,2020,gmina,Stryszów,powiat wadowicki,30%
177,Udział uczniów w ogóle osób objętych dożywianiem,2020,gmina,Tomice,powiat wadowicki,36%
177,Udział uczniów w ogóle osób objętych dożywianiem,2020,gmina,Wadowice,powiat wadowicki,37%
177,Udział uczniów w ogóle osób objętych dożywianiem,2020,gmina,Wieprz,powiat wadowicki,28%
177,Udział uczniów w ogóle osób objętych dożywianiem,2020,powiat,powiat wielicki,powiat wielicki,28%
177,Udział uczniów w ogóle osób objętych dożywianiem,2020,gmina,Biskupice,powiat wielicki,47%
177,Udział uczniów w ogóle osób objętych dożywianiem,2020,gmina,Gdów,powiat wielicki,49%
177,Udział uczniów w ogóle osób objętych dożywianiem,2020,gmina,Kłaj,powiat wielicki,26%
177,Udział uczniów w ogóle osób objętych dożywianiem,2020,gmina,Niepołomice,powiat wielicki,30%
177,Udział uczniów w ogóle osób objętych dożywianiem,2020,gmina,Wieliczka,powiat wielicki,22%
177,Udział uczniów w ogóle osób objętych dożywianiem,2019,powiat,powiat bocheński,powiat bocheński,36%
177,Udział uczniów w ogóle osób objętych dożywianiem,2019,gmina,Bochnia (miasto),powiat bocheński,28%
177,Udział uczniów w ogóle osób objętych dożywianiem,2019,gmina,Bochnia (wieś),powiat bocheński,33%
177,Udział uczniów w ogóle osób objętych dożywianiem,2019,gmina,Drwinia,powiat bocheński,33%
177,Udział uczniów w ogóle osób objętych dożywianiem,2019,gmina,Lipnica Murowana,powiat bocheński,36%
177,Udział uczniów w ogóle osób objętych dożywianiem,2019,gmina,Łapanów,powiat bocheński,55%
177,Udział uczniów w ogóle osób objętych dożywianiem,2019,gmina,Nowy Wiśnicz,powiat bocheński,66%
177,Udział uczniów w ogóle osób objętych dożywianiem,2019,gmina,Rzezawa,powiat bocheński,25%
177,Udział uczniów w ogóle osób objętych dożywianiem,2019,gmina,Trzciana,powiat bocheński,55%
177,Udział uczniów w ogóle osób objętych dożywianiem,2019,gmina,Żegocina,powiat bocheński,55%
177,Udział uczniów w ogóle osób objętych dożywianiem,2019,powiat,powiat brzeski,powiat brzeski,54%
177,Udział uczniów w ogóle osób objętych dożywianiem,2019,gmina,Borzęcin,powiat brzeski,31%
177,Udział uczniów w ogóle osób objętych dożywianiem,2019,gmina,Brzesko,powiat brzeski,74%
177,Udział uczniów w ogóle osób objętych dożywianiem,2019,gmina,Czchów,powiat brzeski,49%
177,Udział uczniów w ogóle osób objętych dożywianiem,2019,gmina,Dębno,powiat brzeski,28%
177,Udział uczniów w ogóle osób objętych dożywianiem,2019,gmina,Gnojnik,powiat brzeski,75%
177,Udział uczniów w ogóle osób objętych dożywianiem,2019,gmina,Iwkowa,powiat brzeski,55%
177,Udział uczniów w ogóle osób objętych dożywianiem,2019,gmina,Szczurowa,powiat brzeski,62%
177,Udział uczniów w ogóle osób objętych dożywianiem,2019,powiat,powiat chrzanowski,powiat chrzanowski,26%
177,Udział uczniów w ogóle osób objętych dożywianiem,2019,gmina,Alwernia,powiat chrzanowski,23%
177,Udział uczniów w ogóle osób objętych dożywianiem,2019,gmina,Babice,powiat chrzanowski,20%
177,Udział uczniów w ogóle osób objętych dożywianiem,2019,gmina,Chrzanów,powiat chrzanowski,24%
177,Udział uczniów w ogóle osób objętych dożywianiem,2019,gmina,Libiąż,powiat chrzanowski,21%
177,Udział uczniów w ogóle osób objętych dożywianiem,2019,gmina,Trzebinia,powiat chrzanowski,34%
177,Udział uczniów w ogóle osób objętych dożywianiem,2019,powiat,powiat dąbrowski,powiat dąbrowski,44%
177,Udział uczniów w ogóle osób objętych dożywianiem,2019,gmina,Bolesław,powiat dąbrowski,50%
177,Udział uczniów w ogóle osób objętych dożywianiem,2019,gmina,Dąbrowa Tarnowska,powiat dąbrowski,35%
177,Udział uczniów w ogóle osób objętych dożywianiem,2019,gmina,Gręboszów,powiat dąbrowski,39%
177,Udział uczniów w ogóle osób objętych dożywianiem,2019,gmina,Mędrzechów,powiat dąbrowski,66%
177,Udział uczniów w ogóle osób objętych dożywianiem,2019,gmina,Olesno,powiat dąbrowski,33%
177,Udział uczniów w ogóle osób objętych dożywianiem,2019,gmina,Radgoszcz,powiat dąbrowski,51%
177,Udział uczniów w ogóle osób objętych dożywianiem,2019,gmina,Szczucin,powiat dąbrowski,59%
177,Udział uczniów w ogóle osób objętych dożywianiem,2019,powiat,powiat gorlicki,powiat gorlicki,55%
177,Udział uczniów w ogóle osób objętych dożywianiem,2019,gmina,Biecz,powiat gorlicki,51%
177,Udział uczniów w ogóle osób objętych dożywianiem,2019,gmina,Bobowa,powiat gorlicki,69%
177,Udział uczniów w ogóle osób objętych dożywianiem,2019,gmina,Gorlice (miasto),powiat gorlicki,52%
177,Udział uczniów w ogóle osób objętych dożywianiem,2019,gmina,Gorlice (wieś),powiat gorlicki,47%
177,Udział uczniów w ogóle osób objętych dożywianiem,2019,gmina,Lipinki,powiat gorlicki,48%
177,Udział uczniów w ogóle osób objętych dożywianiem,2019,gmina,Łużna,powiat gorlicki,62%
177,Udział uczniów w ogóle osób objętych dożywianiem,2019,gmina,Moszczenica,powiat gorlicki,77%
177,Udział uczniów w ogóle osób objętych dożywianiem,2019,gmina,Ropa,powiat gorlicki,52%
177,Udział uczniów w ogóle osób objętych dożywianiem,2019,gmina,Sękowa,powiat gorlicki,47%
177,Udział uczniów w ogóle osób objętych dożywianiem,2019,gmina,Uście Gorlickie,powiat gorlicki,63%
177,Udział uczniów w ogóle osób objętych dożywianiem,2019,powiat,powiat krakowski,powiat krakowski,36%
177,Udział uczniów w ogóle osób objętych dożywianiem,2019,gmina,Czernichów,powiat krakowski,21%
177,Udział uczniów w ogóle osób objętych dożywianiem,2019,gmina,Igołomia-Wawrzeńczyce,powiat krakowski,84%
177,Udział uczniów w ogóle osób objętych dożywianiem,2019,gmina,Iwanowice,powiat krakowski,57%
177,Udział uczniów w ogóle osób objętych dożywianiem,2019,gmina,Jerzmanowice-Przeginia,powiat krakowski,66%
177,Udział uczniów w ogóle osób objętych dożywianiem,2019,gmina,Kocmyrzów-Luborzyca,powiat krakowski,50%
177,Udział uczniów w ogóle osób objętych dożywianiem,2019,gmina,Krzeszowice,powiat krakowski,32%
177,Udział uczniów w ogóle osób objętych dożywianiem,2019,gmina,Liszki,powiat krakowski,64%
177,Udział uczniów w ogóle osób objętych dożywianiem,2019,gmina,Michałowice,powiat krakowski,32%
177,Udział uczniów w ogóle osób objętych dożywianiem,2019,gmina,Mogilany,powiat krakowski,24%
177,Udział uczniów w ogóle osób objętych dożywianiem,2019,gmina,Skała,powiat krakowski,30%
177,Udział uczniów w ogóle osób objętych dożywianiem,2019,gmina,Skawina,powiat krakowski,46%
177,Udział uczniów w ogóle osób objętych dożywianiem,2019,gmina,Słomniki,powiat krakowski,38%
177,Udział uczniów w ogóle osób objętych dożywianiem,2019,gmina,Sułoszowa,powiat krakowski,52%
177,Udział uczniów w ogóle osób objętych dożywianiem,2019,gmina,Świątniki Górne,powiat krakowski,22%
177,Udział uczniów w ogóle osób objętych dożywianiem,2019,gmina,Wielka Wieś,powiat krakowski,29%
177,Udział uczniów w ogóle osób objętych dożywianiem,2019,gmina,Zabierzów,powiat krakowski,23%
177,Udział uczniów w ogóle osób objętych dożywianiem,2019,gmina,Zielonki,powiat krakowski,31%
177,Udział uczniów w ogóle osób objętych dożywianiem,2019,powiat,powiat limanowski,powiat limanowski,57%
177,Udział uczniów w ogóle osób objętych dożywianiem,2019,gmina,Dobra,powiat limanowski,59%
177,Udział uczniów w ogóle osób objętych dożywianiem,2019,gmina,Jodłownik,powiat limanowski,69%
177,Udział uczniów w ogóle osób objętych dożywianiem,2019,gmina,Kamienica,powiat limanowski,66%
177,Udział uczniów w ogóle osób objętych dożywianiem,2019,gmina,Laskowa,powiat limanowski,67%
177,Udział uczniów w ogóle osób objętych dożywianiem,2019,gmina,Limanowa (miasto),powiat limanowski,32%
177,Udział uczniów w ogóle osób objętych dożywianiem,2019,gmina,Limanowa (wieś),powiat limanowski,55%
177,Udział uczniów w ogóle osób objętych dożywianiem,2019,gmina,Łukowica,powiat limanowski,66%
177,Udział uczniów w ogóle osób objętych dożywianiem,2019,gmina,Mszana Dolna (miasto),powiat limanowski,47%
177,Udział uczniów w ogóle osób objętych dożywianiem,2019,gmina,Mszana Dolna (wieś),powiat limanowski,63%
177,Udział uczniów w ogóle osób objętych dożywianiem,2019,gmina,Niedźwiedź,powiat limanowski,52%
177,Udział uczniów w ogóle osób objętych dożywianiem,2019,gmina,Słopnice,powiat limanowski,56%
177,Udział uczniów w ogóle osób objętych dożywianiem,2019,gmina,Tymbark,powiat limanowski,55%
177,Udział uczniów w ogóle osób objętych dożywianiem,2019,powiat,powiat m. Kraków,powiat m. Kraków,20%
177,Udział uczniów w ogóle osób objętych dożywianiem,2019,powiat,powiat m. Nowy Sącz,powiat m. Nowy Sącz,44%
177,Udział uczniów w ogóle osób objętych dożywianiem,2019,powiat,powiat m. Tarnów,powiat m. Tarnów,23%
177,Udział uczniów w ogóle osób objętych dożywianiem,2019,powiat,powiat miechowski,powiat miechowski,41%
177,Udział uczniów w ogóle osób objętych dożywianiem,2019,gmina,Charsznica,powiat miechowski,42%
177,Udział uczniów w ogóle osób objętych dożywianiem,2019,gmina,Gołcza,powiat miechowski,48%
177,Udział uczniów w ogóle osób objętych dożywianiem,2019,gmina,Kozłów,powiat miechowski,45%
177,Udział uczniów w ogóle osób objętych dożywianiem,2019,gmina,Książ Wielki,powiat miechowski,41%
177,Udział uczniów w ogóle osób objętych dożywianiem,2019,gmina,Miechów,powiat miechowski,35%
177,Udział uczniów w ogóle osób objętych dożywianiem,2019,gmina,Racławice,powiat miechowski,57%
177,Udział uczniów w ogóle osób objętych dożywianiem,2019,gmina,Słaboszów,powiat miechowski,50%
177,Udział uczniów w ogóle osób objętych dożywianiem,2019,powiat,powiat myślenicki,powiat myślenicki,50%
177,Udział uczniów w ogóle osób objętych dożywianiem,2019,gmina,Dobczyce,powiat myślenicki,50%
177,Udział uczniów w ogóle osób objętych dożywianiem,2019,gmina,Lubień,powiat myślenicki,49%
177,Udział uczniów w ogóle osób objętych dożywianiem,2019,gmina,Myślenice,powiat myślenicki,46%
177,Udział uczniów w ogóle osób objętych dożywianiem,2019,gmina,Pcim,powiat myślenicki,48%
177,Udział uczniów w ogóle osób objętych dożywianiem,2019,gmina,Raciechowice,powiat myślenicki,47%
177,Udział uczniów w ogóle osób objętych dożywianiem,2019,gmina,Siepraw,powiat myślenicki,66%
177,Udział uczniów w ogóle osób objętych dożywianiem,2019,gmina,Sułkowice,powiat myślenicki,48%
177,Udział uczniów w ogóle osób objętych dożywianiem,2019,gmina,Tokarnia,powiat myślenicki,75%
177,Udział uczniów w ogóle osób objętych dożywianiem,2019,gmina,Wiśniowa,powiat myślenicki,41%
177,Udział uczniów w ogóle osób objętych dożywianiem,2019,powiat,powiat nowosądecki,powiat nowosądecki,59%
177,Udział uczniów w ogóle osób objętych dożywianiem,2019,gmina,Podegrodzie,powiat nowosądecki,89%
177,Udział uczniów w ogóle osób objętych dożywianiem,2019,gmina,Rytro,powiat nowosądecki,51%
177,Udział uczniów w ogóle osób objętych dożywianiem,2019,gmina,Stary Sącz,powiat nowosądecki,56%
177,Udział uczniów w ogóle osób objętych dożywianiem,2019,gmina,Chełmiec,powiat nowosądecki,45%
177,Udział uczniów w ogóle osób objętych dożywianiem,2019,gmina,Gródek nad Dunajcem,powiat nowosądecki,82%
177,Udział uczniów w ogóle osób objętych dożywianiem,2019,gmina,Grybów (miasto),powiat nowosądecki,40%
177,Udział uczniów w ogóle osób objętych dożywianiem,2019,gmina,Grybów (wieś),powiat nowosądecki,86%
177,Udział uczniów w ogóle osób objętych dożywianiem,2019,gmina,Kamionka Wielka,powiat nowosądecki,51%
177,Udział uczniów w ogóle osób objętych dożywianiem,2019,gmina,Korzenna,powiat nowosądecki,62%
177,Udział uczniów w ogóle osób objętych dożywianiem,2019,gmina,Krynica-Zdrój,powiat nowosądecki,59%
177,Udział uczniów w ogóle osób objętych dożywianiem,2019,gmina,Łabowa,powiat nowosądecki,48%
177,Udział uczniów w ogóle osób objętych dożywianiem,2019,gmina,Łącko,powiat nowosądecki,21%
177,Udział uczniów w ogóle osób objętych dożywianiem,2019,gmina,Łososina Dolna,powiat nowosądecki,99%
177,Udział uczniów w ogóle osób objętych dożywianiem,2019,gmina,Muszyna,powiat nowosądecki,61%
177,Udział uczniów w ogóle osób objętych dożywianiem,2019,gmina,Nawojowa,powiat nowosądecki,48%
177,Udział uczniów w ogóle osób objętych dożywianiem,2019,gmina,Piwniczna-Zdrój,powiat nowosądecki,55%
177,Udział uczniów w ogóle osób objętych dożywianiem,2019,powiat,powiat nowotarski,powiat nowotarski,45%
177,Udział uczniów w ogóle osób objętych dożywianiem,2019,gmina,Czarny Dunajec,powiat nowotarski,58%
177,Udział uczniów w ogóle osób objętych dożywianiem,2019,gmina,Czorsztyn,powiat nowotarski,24%
177,Udział uczniów w ogóle osób objętych dożywianiem,2019,gmina,Jabłonka,powiat nowotarski,40%
177,Udział uczniów w ogóle osób objętych dożywianiem,2019,gmina,Krościenko nad Dunajcem,powiat nowotarski,52%
177,Udział uczniów w ogóle osób objętych dożywianiem,2019,gmina,Lipnica Wielka,powiat nowotarski,51%
177,Udział uczniów w ogóle osób objętych dożywianiem,2019,gmina,Łapsze Niżne,powiat nowotarski,59%
177,Udział uczniów w ogóle osób objętych dożywianiem,2019,gmina,Nowy Targ (miasto),powiat nowotarski,35%
177,Udział uczniów w ogóle osób objętych dożywianiem,2019,gmina,Nowy Targ (wieś),powiat nowotarski,46%
177,Udział uczniów w ogóle osób objętych dożywianiem,2019,gmina,Ochotnica Dolna,powiat nowotarski,46%
177,Udział uczniów w ogóle osób objętych dożywianiem,2019,gmina,Raba Wyżna,powiat nowotarski,39%
177,Udział uczniów w ogóle osób objętych dożywianiem,2019,gmina,Rabka-Zdrój,powiat nowotarski,41%
177,Udział uczniów w ogóle osób objętych dożywianiem,2019,gmina,Spytkowice,powiat nowotarski,41%
177,Udział uczniów w ogóle osób objętych dożywianiem,2019,gmina,Szaflary,powiat nowotarski,55%
177,Udział uczniów w ogóle osób objętych dożywianiem,2019,gmina,Szczawnica,powiat nowotarski,59%
177,Udział uczniów w ogóle osób objętych dożywianiem,2019,powiat,powiat olkuski,powiat olkuski,42%
177,Udział uczniów w ogóle osób objętych dożywianiem,2019,gmina,Bolesław,powiat olkuski,39%
177,Udział uczniów w ogóle osób objętych dożywianiem,2019,gmina,Bukowno,powiat olkuski,23%
177,Udział uczniów w ogóle osób objętych dożywianiem,2019,gmina,Klucze,powiat olkuski,46%
177,Udział uczniów w ogóle osób objętych dożywianiem,2019,gmina,Olkusz,powiat olkuski,24%
177,Udział uczniów w ogóle osób objętych dożywianiem,2019,gmina,Trzyciąż,powiat olkuski,70%
177,Udział uczniów w ogóle osób objętych dożywianiem,2019,gmina,Wolbrom,powiat olkuski,89%
177,Udział uczniów w ogóle osób objętych dożywianiem,2019,powiat,powiat oświęcimski,powiat oświęcimski,26%
177,Udział uczniów w ogóle osób objętych dożywianiem,2019,gmina,Brzeszcze,powiat oświęcimski,25%
177,Udział uczniów w ogóle osób objętych dożywianiem,2019,gmina,Chełmek,powiat oświęcimski,24%
177,Udział uczniów w ogóle osób objętych dożywianiem,2019,gmina,Kęty,powiat oświęcimski,61%
177,Udział uczniów w ogóle osób objętych dożywianiem,2019,gmina,Osiek,powiat oświęcimski,40%
177,Udział uczniów w ogóle osób objętych dożywianiem,2019,gmina,Oświęcim (miasto),powiat oświęcimski,17%
177,Udział uczniów w ogóle osób objętych dożywianiem,2019,gmina,Oświęcim (wieś),powiat oświęcimski,25%
177,Udział uczniów w ogóle osób objętych dożywianiem,2019,gmina,Polanka Wielka,powiat oświęcimski,32%
177,Udział uczniów w ogóle osób objętych dożywianiem,2019,gmina,Przeciszów,powiat oświęcimski,38%
177,Udział uczniów w ogóle osób objętych dożywianiem,2019,gmina,Zator,powiat oświęcimski,19%
177,Udział uczniów w ogóle osób objętych dożywianiem,2019,powiat,powiat proszowicki,powiat proszowicki,57%
177,Udział uczniów w ogóle osób objętych dożywianiem,2019,gmina,Koniusza,powiat proszowicki,100%
177,Udział uczniów w ogóle osób objętych dożywianiem,2019,gmina,Koszyce,powiat proszowicki,70%
177,Udział uczniów w ogóle osób objętych dożywianiem,2019,gmina,Nowe Brzesko,powiat proszowicki,58%
177,Udział uczniów w ogóle osób objętych dożywianiem,2019,gmina,Pałecznica,powiat proszowicki,65%
177,Udział uczniów w ogóle osób objętych dożywianiem,2019,gmina,Proszowice,powiat proszowicki,35%
177,Udział uczniów w ogóle osób objętych dożywianiem,2019,gmina,Radziemice,powiat proszowicki,63%
177,Udział uczniów w ogóle osób objętych dożywianiem,2019,powiat,powiat suski,powiat suski,50%
177,Udział uczniów w ogóle osób objętych dożywianiem,2019,gmina,Budzów,powiat suski,53%
177,Udział uczniów w ogóle osób objętych dożywianiem,2019,gmina,Bystra-Sidzina,powiat suski,70%
177,Udział uczniów w ogóle osób objętych dożywianiem,2019,gmina,Jordanów (miasto),powiat suski,30%
177,Udział uczniów w ogóle osób objętych dożywianiem,2019,gmina,Jordanów (wieś),powiat suski,58%
177,Udział uczniów w ogóle osób objętych dożywianiem,2019,gmina,Maków Podhalański,powiat suski,51%
177,Udział uczniów w ogóle osób objętych dożywianiem,2019,gmina,Stryszawa,powiat suski,50%
177,Udział uczniów w ogóle osób objętych dożywianiem,2019,gmina,Sucha Beskidzka,powiat suski,31%
177,Udział uczniów w ogóle osób objętych dożywianiem,2019,gmina,Zawoja,powiat suski,54%
177,Udział uczniów w ogóle osób objętych dożywianiem,2019,gmina,Zembrzyce,powiat suski,38%
177,Udział uczniów w ogóle osób objętych dożywianiem,2019,powiat,powiat tarnowski,powiat tarnowski,49%
177,Udział uczniów w ogóle osób objętych dożywianiem,2019,gmina,Ciężkowice,powiat tarnowski,61%
177,Udział uczniów w ogóle osób objętych dożywianiem,2019,gmina,Gromnik,powiat tarnowski,87%
177,Udział uczniów w ogóle osób objętych dożywianiem,2019,gmina,Lisia Góra,powiat tarnowski,57%
177,Udział uczniów w ogóle osób objętych dożywianiem,2019,gmina,Pleśna,powiat tarnowski,74%
177,Udział uczniów w ogóle osób objętych dożywianiem,2019,gmina,Radłów,powiat tarnowski,32%
177,Udział uczniów w ogóle osób objętych dożywianiem,2019,gmina,Ryglice,powiat tarnowski,70%
177,Udział uczniów w ogóle osób objętych dożywianiem,2019,gmina,Rzepiennik Strzyżewski,powiat tarnowski,78%
177,Udział uczniów w ogóle osób objętych dożywianiem,2019,gmina,Skrzyszów,powiat tarnowski,27%
177,Udział uczniów w ogóle osób objętych dożywianiem,2019,gmina,Szerzyny,powiat tarnowski,49%
177,Udział uczniów w ogóle osób objętych dożywianiem,2019,gmina,Tarnów (wieś),powiat tarnowski,43%
177,Udział uczniów w ogóle osób objętych dożywianiem,2019,gmina,Tuchów,powiat tarnowski,43%
177,Udział uczniów w ogóle osób objętych dożywianiem,2019,gmina,Wierzchosławice,powiat tarnowski,32%
177,Udział uczniów w ogóle osób objętych dożywianiem,2019,gmina,Wietrzychowice,powiat tarnowski,41%
177,Udział uczniów w ogóle osób objętych dożywianiem,2019,gmina,Wojnicz,powiat tarnowski,30%
177,Udział uczniów w ogóle osób objętych dożywianiem,2019,gmina,Zakliczyn,powiat tarnowski,49%
177,Udział uczniów w ogóle osób objętych dożywianiem,2019,gmina,Żabno,powiat tarnowski,32%
177,Udział uczniów w ogóle osób objętych dożywianiem,2019,powiat,powiat tatrzański,powiat tatrzański,37%
177,Udział uczniów w ogóle osób objętych dożywianiem,2019,gmina,Biały Dunajec,powiat tatrzański,69%
177,Udział uczniów w ogóle osób objętych dożywianiem,2019,gmina,Bukowina Tatrzańska,powiat tatrzański,36%
177,Udział uczniów w ogóle osób objętych dożywianiem,2019,gmina,Kościelisko,powiat tatrzański,58%
177,Udział uczniów w ogóle osób objętych dożywianiem,2019,gmina,Poronin,powiat tatrzański,34%
177,Udział uczniów w ogóle osób objętych dożywianiem,2019,gmina,Zakopane,powiat tatrzański,25%
177,Udział uczniów w ogóle osób objętych dożywianiem,2019,powiat,powiat wadowicki,powiat wadowicki,43%
177,Udział uczniów w ogóle osób objętych dożywianiem,2019,gmina,Andrychów,powiat wadowicki,40%
177,Udział uczniów w ogóle osób objętych dożywianiem,2019,gmina,Brzeźnica,powiat wadowicki,57%
177,Udział uczniów w ogóle osób objętych dożywianiem,2019,gmina,Kalwaria Zebrzydowska,powiat wadowicki,62%
177,Udział uczniów w ogóle osób objętych dożywianiem,2019,gmina,Lanckorona,powiat wadowicki,30%
177,Udział uczniów w ogóle osób objętych dożywianiem,2019,gmina,Mucharz,powiat wadowicki,36%
177,Udział uczniów w ogóle osób objętych dożywianiem,2019,gmina,Spytkowice,powiat wadowicki,56%
177,Udział uczniów w ogóle osób objętych dożywianiem,2019,gmina,Stryszów,powiat wadowicki,39%
177,Udział uczniów w ogóle osób objętych dożywianiem,2019,gmina,Tomice,powiat wadowicki,40%
177,Udział uczniów w ogóle osób objętych dożywianiem,2019,gmina,Wadowice,powiat wadowicki,53%
177,Udział uczniów w ogóle osób objętych dożywianiem,2019,gmina,Wieprz,powiat wadowicki,30%
177,Udział uczniów w ogóle osób objętych dożywianiem,2019,powiat,powiat wielicki,powiat wielicki,30%
177,Udział uczniów w ogóle osób objętych dożywianiem,2019,gmina,Biskupice,powiat wielicki,31%
177,Udział uczniów w ogóle osób objętych dożywianiem,2019,gmina,Gdów,powiat wielicki,47%
177,Udział uczniów w ogóle osób objętych dożywianiem,2019,gmina,Kłaj,powiat wielicki,33%
177,Udział uczniów w ogóle osób objętych dożywianiem,2019,gmina,Niepołomice,powiat wielicki,39%
177,Udział uczniów w ogóle osób objętych dożywianiem,2019,gmina,Wieliczka,powiat wielicki,24%
177,Udział uczniów w ogóle osób objętych dożywianiem,2018,powiat,powiat bocheński,powiat bocheński,37%
177,Udział uczniów w ogóle osób objętych dożywianiem,2018,gmina,Bochnia (miasto),powiat bocheński,32%
177,Udział uczniów w ogóle osób objętych dożywianiem,2018,gmina,Bochnia (wieś),powiat bocheński,26%
177,Udział uczniów w ogóle osób objętych dożywianiem,2018,gmina,Drwinia,powiat bocheński,44%
177,Udział uczniów w ogóle osób objętych dożywianiem,2018,gmina,Lipnica Murowana,powiat bocheński,39%
177,Udział uczniów w ogóle osób objętych dożywianiem,2018,gmina,Łapanów,powiat bocheński,53%
177,Udział uczniów w ogóle osób objętych dożywianiem,2018,gmina,Nowy Wiśnicz,powiat bocheński,71%
177,Udział uczniów w ogóle osób objętych dożywianiem,2018,gmina,Rzezawa,powiat bocheński,25%
177,Udział uczniów w ogóle osób objętych dożywianiem,2018,gmina,Trzciana,powiat bocheński,53%
177,Udział uczniów w ogóle osób objętych dożywianiem,2018,gmina,Żegocina,powiat bocheński,55%
177,Udział uczniów w ogóle osób objętych dożywianiem,2018,powiat,powiat brzeski,powiat brzeski,62%
177,Udział uczniów w ogóle osób objętych dożywianiem,2018,gmina,Borzęcin,powiat brzeski,57%
177,Udział uczniów w ogóle osób objętych dożywianiem,2018,gmina,Brzesko,powiat brzeski,75%
177,Udział uczniów w ogóle osób objętych dożywianiem,2018,gmina,Czchów,powiat brzeski,45%
177,Udział uczniów w ogóle osób objętych dożywianiem,2018,gmina,Dębno,powiat brzeski,31%
177,Udział uczniów w ogóle osób objętych dożywianiem,2018,gmina,Gnojnik,powiat brzeski,73%
177,Udział uczniów w ogóle osób objętych dożywianiem,2018,gmina,Iwkowa,powiat brzeski,60%
177,Udział uczniów w ogóle osób objętych dożywianiem,2018,gmina,Szczurowa,powiat brzeski,76%
177,Udział uczniów w ogóle osób objętych dożywianiem,2018,powiat,powiat chrzanowski,powiat chrzanowski,25%
177,Udział uczniów w ogóle osób objętych dożywianiem,2018,gmina,Alwernia,powiat chrzanowski,22%
177,Udział uczniów w ogóle osób objętych dożywianiem,2018,gmina,Babice,powiat chrzanowski,20%
177,Udział uczniów w ogóle osób objętych dożywianiem,2018,gmina,Chrzanów,powiat chrzanowski,22%
177,Udział uczniów w ogóle osób objętych dożywianiem,2018,gmina,Libiąż,powiat chrzanowski,23%
177,Udział uczniów w ogóle osób objętych dożywianiem,2018,gmina,Trzebinia,powiat chrzanowski,37%
177,Udział uczniów w ogóle osób objętych dożywianiem,2018,powiat,powiat dąbrowski,powiat dąbrowski,48%
177,Udział uczniów w ogóle osób objętych dożywianiem,2018,gmina,Bolesław,powiat dąbrowski,61%
177,Udział uczniów w ogóle osób objętych dożywianiem,2018,gmina,Dąbrowa Tarnowska,powiat dąbrowski,40%
177,Udział uczniów w ogóle osób objętych dożywianiem,2018,gmina,Gręboszów,powiat dąbrowski,52%
177,Udział uczniów w ogóle osób objętych dożywianiem,2018,gmina,Mędrzechów,powiat dąbrowski,68%
177,Udział uczniów w ogóle osób objętych dożywianiem,2018,gmina,Olesno,powiat dąbrowski,31%
177,Udział uczniów w ogóle osób objętych dożywianiem,2018,gmina,Radgoszcz,powiat dąbrowski,63%
177,Udział uczniów w ogóle osób objętych dożywianiem,2018,gmina,Szczucin,powiat dąbrowski,58%
177,Udział uczniów w ogóle osób objętych dożywianiem,2018,powiat,powiat gorlicki,powiat gorlicki,64%
177,Udział uczniów w ogóle osób objętych dożywianiem,2018,gmina,Biecz,powiat gorlicki,57%
177,Udział uczniów w ogóle osób objętych dożywianiem,2018,gmina,Bobowa,powiat gorlicki,81%
177,Udział uczniów w ogóle osób objętych dożywianiem,2018,gmina,Gorlice (miasto),powiat gorlicki,56%
177,Udział uczniów w ogóle osób objętych dożywianiem,2018,gmina,Gorlice (wieś),powiat gorlicki,55%
177,Udział uczniów w ogóle osób objętych dożywianiem,2018,gmina,Lipinki,powiat gorlicki,75%
177,Udział uczniów w ogóle osób objętych dożywianiem,2018,gmina,Łużna,powiat gorlicki,62%
177,Udział uczniów w ogóle osób objętych dożywianiem,2018,gmina,Moszczenica,powiat gorlicki,79%
177,Udział uczniów w ogóle osób objętych dożywianiem,2018,gmina,Ropa,powiat gorlicki,63%
177,Udział uczniów w ogóle osób objętych dożywianiem,2018,gmina,Sękowa,powiat gorlicki,54%
177,Udział uczniów w ogóle osób objętych dożywianiem,2018,gmina,Uście Gorlickie,powiat gorlicki,66%
177,Udział uczniów w ogóle osób objętych dożywianiem,2018,powiat,powiat krakowski,powiat krakowski,38%
177,Udział uczniów w ogóle osób objętych dożywianiem,2018,gmina,Czernichów,powiat krakowski,26%
177,Udział uczniów w ogóle osób objętych dożywianiem,2018,gmina,Igołomia-Wawrzeńczyce,powiat krakowski,83%
177,Udział uczniów w ogóle osób objętych dożywianiem,2018,gmina,Iwanowice,powiat krakowski,72%
177,Udział uczniów w ogóle osób objętych dożywianiem,2018,gmina,Jerzmanowice-Przeginia,powiat krakowski,68%
177,Udział uczniów w ogóle osób objętych dożywianiem,2018,gmina,Kocmyrzów-Luborzyca,powiat krakowski,44%
177,Udział uczniów w ogóle osób objętych dożywianiem,2018,gmina,Krzeszowice,powiat krakowski,33%
177,Udział uczniów w ogóle osób objętych dożywianiem,2018,gmina,Liszki,powiat krakowski,69%
177,Udział uczniów w ogóle osób objętych dożywianiem,2018,gmina,Michałowice,powiat krakowski,32%
177,Udział uczniów w ogóle osób objętych dożywianiem,2018,gmina,Mogilany,powiat krakowski,24%
177,Udział uczniów w ogóle osób objętych dożywianiem,2018,gmina,Skała,powiat krakowski,34%
177,Udział uczniów w ogóle osób objętych dożywianiem,2018,gmina,Skawina,powiat krakowski,49%
177,Udział uczniów w ogóle osób objętych dożywianiem,2018,gmina,Słomniki,powiat krakowski,36%
177,Udział uczniów w ogóle osób objętych dożywianiem,2018,gmina,Sułoszowa,powiat krakowski,51%
177,Udział uczniów w ogóle osób objętych dożywianiem,2018,gmina,Świątniki Górne,powiat krakowski,23%
177,Udział uczniów w ogóle osób objętych dożywianiem,2018,gmina,Wielka Wieś,powiat krakowski,30%
177,Udział uczniów w ogóle osób objętych dożywianiem,2018,gmina,Zabierzów,powiat krakowski,24%
177,Udział uczniów w ogóle osób objętych dożywianiem,2018,gmina,Zielonki,powiat krakowski,38%
177,Udział uczniów w ogóle osób objętych dożywianiem,2018,powiat,powiat limanowski,powiat limanowski,60%
177,Udział uczniów w ogóle osób objętych dożywianiem,2018,gmina,Dobra,powiat limanowski,64%
177,Udział uczniów w ogóle osób objętych dożywianiem,2018,gmina,Jodłownik,powiat limanowski,71%
177,Udział uczniów w ogóle osób objętych dożywianiem,2018,gmina,Kamienica,powiat limanowski,68%
177,Udział uczniów w ogóle osób objętych dożywianiem,2018,gmina,Laskowa,powiat limanowski,74%
177,Udział uczniów w ogóle osób objętych dożywianiem,2018,gmina,Limanowa (miasto),powiat limanowski,57%
177,Udział uczniów w ogóle osób objętych dożywianiem,2018,gmina,Limanowa (wieś),powiat limanowski,32%
177,Udział uczniów w ogóle osób objętych dożywianiem,2018,gmina,Łukowica,powiat limanowski,68%
177,Udział uczniów w ogóle osób objętych dożywianiem,2018,gmina,Mszana Dolna (miasto),powiat limanowski,66%
177,Udział uczniów w ogóle osób objętych dożywianiem,2018,gmina,Mszana Dolna (wieś),powiat limanowski,57%
177,Udział uczniów w ogóle osób objętych dożywianiem,2018,gmina,Niedźwiedź,powiat limanowski,56%
177,Udział uczniów w ogóle osób objętych dożywianiem,2018,gmina,Słopnice,powiat limanowski,64%
177,Udział uczniów w ogóle osób objętych dożywianiem,2018,gmina,Tymbark,powiat limanowski,63%
177,Udział uczniów w ogóle osób objętych dożywianiem,2018,powiat,powiat m. Kraków,powiat m. Kraków,21%
177,Udział uczniów w ogóle osób objętych dożywianiem,2018,powiat,powiat m. Nowy Sącz,powiat m. Nowy Sącz,44%
177,Udział uczniów w ogóle osób objętych dożywianiem,2018,powiat,powiat m. Tarnów,powiat m. Tarnów,23%
177,Udział uczniów w ogóle osób objętych dożywianiem,2018,powiat,powiat miechowski,powiat miechowski,43%
177,Udział uczniów w ogóle osób objętych dożywianiem,2018,gmina,Charsznica,powiat miechowski,44%
177,Udział uczniów w ogóle osób objętych dożywianiem,2018,gmina,Gołcza,powiat miechowski,44%
177,Udział uczniów w ogóle osób objętych dożywianiem,2018,gmina,Kozłów,powiat miechowski,56%
177,Udział uczniów w ogóle osób objętych dożywianiem,2018,gmina,Książ Wielki,powiat miechowski,51%
177,Udział uczniów w ogóle osób objętych dożywianiem,2018,gmina,Miechów,powiat miechowski,35%
177,Udział uczniów w ogóle osób objętych dożywianiem,2018,gmina,Racławice,powiat miechowski,59%
177,Udział uczniów w ogóle osób objętych dożywianiem,2018,gmina,Słaboszów,powiat miechowski,53%
177,Udział uczniów w ogóle osób objętych dożywianiem,2018,powiat,powiat myślenicki,powiat myślenicki,49%
177,Udział uczniów w ogóle osób objętych dożywianiem,2018,gmina,Dobczyce,powiat myślenicki,52%
177,Udział uczniów w ogóle osób objętych dożywianiem,2018,gmina,Lubień,powiat myślenicki,53%
177,Udział uczniów w ogóle osób objętych dożywianiem,2018,gmina,Myślenice,powiat myślenicki,38%
177,Udział uczniów w ogóle osób objętych dożywianiem,2018,gmina,Pcim,powiat myślenicki,57%
177,Udział uczniów w ogóle osób objętych dożywianiem,2018,gmina,Raciechowice,powiat myślenicki,47%
177,Udział uczniów w ogóle osób objętych dożywianiem,2018,gmina,Siepraw,powiat myślenicki,63%
177,Udział uczniów w ogóle osób objętych dożywianiem,2018,gmina,Sułkowice,powiat myślenicki,46%
177,Udział uczniów w ogóle osób objętych dożywianiem,2018,gmina,Tokarnia,powiat myślenicki,74%
177,Udział uczniów w ogóle osób objętych dożywianiem,2018,gmina,Wiśniowa,powiat myślenicki,40%
177,Udział uczniów w ogóle osób objętych dożywianiem,2018,powiat,powiat nowosądecki,powiat nowosądecki,60%
177,Udział uczniów w ogóle osób objętych dożywianiem,2018,gmina,Podegrodzie,powiat nowosądecki,59%
177,Udział uczniów w ogóle osób objętych dożywianiem,2018,gmina,Rytro,powiat nowosądecki,71%
177,Udział uczniów w ogóle osób objętych dożywianiem,2018,gmina,Stary Sącz,powiat nowosądecki,54%
177,Udział uczniów w ogóle osób objętych dożywianiem,2018,gmina,Chełmiec,powiat nowosądecki,46%
177,Udział uczniów w ogóle osób objętych dożywianiem,2018,gmina,Gródek nad Dunajcem,powiat nowosądecki,82%
177,Udział uczniów w ogóle osób objętych dożywianiem,2018,gmina,Grybów (miasto),powiat nowosądecki,83%
177,Udział uczniów w ogóle osób objętych dożywianiem,2018,gmina,Grybów (wieś),powiat nowosądecki,35%
177,Udział uczniów w ogóle osób objętych dożywianiem,2018,gmina,Kamionka Wielka,powiat nowosądecki,58%
177,Udział uczniów w ogóle osób objętych dożywianiem,2018,gmina,Korzenna,powiat nowosądecki,69%
177,Udział uczniów w ogóle osób objętych dożywianiem,2018,gmina,Krynica-Zdrój,powiat nowosądecki,57%
177,Udział uczniów w ogóle osób objętych dożywianiem,2018,gmina,Łabowa,powiat nowosądecki,45%
177,Udział uczniów w ogóle osób objętych dożywianiem,2018,gmina,Łącko,powiat nowosądecki,25%
177,Udział uczniów w ogóle osób objętych dożywianiem,2018,gmina,Łososina Dolna,powiat nowosądecki,98%
177,Udział uczniów w ogóle osób objętych dożywianiem,2018,gmina,Muszyna,powiat nowosądecki,55%
177,Udział uczniów w ogóle osób objętych dożywianiem,2018,gmina,Nawojowa,powiat nowosądecki,52%
177,Udział uczniów w ogóle osób objętych dożywianiem,2018,gmina,Piwniczna-Zdrój,powiat nowosądecki,53%
177,Udział uczniów w ogóle osób objętych dożywianiem,2018,powiat,powiat nowotarski,powiat nowotarski,50%
177,Udział uczniów w ogóle osób objętych dożywianiem,2018,gmina,Czarny Dunajec,powiat nowotarski,63%
177,Udział uczniów w ogóle osób objętych dożywianiem,2018,gmina,Czorsztyn,powiat nowotarski,22%
177,Udział uczniów w ogóle osób objętych dożywianiem,2018,gmina,Jabłonka,powiat nowotarski,43%
177,Udział uczniów w ogóle osób objętych dożywianiem,2018,gmina,Krościenko nad Dunajcem,powiat nowotarski,63%
177,Udział uczniów w ogóle osób objętych dożywianiem,2018,gmina,Lipnica Wielka,powiat nowotarski,68%
177,Udział uczniów w ogóle osób objętych dożywianiem,2018,gmina,Łapsze Niżne,powiat nowotarski,76%
177,Udział uczniów w ogóle osób objętych dożywianiem,2018,gmina,Nowy Targ (miasto),powiat nowotarski,49%
177,Udział uczniów w ogóle osób objętych dożywianiem,2018,gmina,Nowy Targ (wieś),powiat nowotarski,33%
177,Udział uczniów w ogóle osób objętych dożywianiem,2018,gmina,Ochotnica Dolna,powiat nowotarski,53%
177,Udział uczniów w ogóle osób objętych dożywianiem,2018,gmina,Raba Wyżna,powiat nowotarski,48%
177,Udział uczniów w ogóle osób objętych dożywianiem,2018,gmina,Rabka-Zdrój,powiat nowotarski,46%
177,Udział uczniów w ogóle osób objętych dożywianiem,2018,gmina,Spytkowice,powiat nowotarski,77%
177,Udział uczniów w ogóle osób objętych dożywianiem,2018,gmina,Szaflary,powiat nowotarski,56%
177,Udział uczniów w ogóle osób objętych dożywianiem,2018,gmina,Szczawnica,powiat nowotarski,63%
177,Udział uczniów w ogóle osób objętych dożywianiem,2018,powiat,powiat olkuski,powiat olkuski,37%
177,Udział uczniów w ogóle osób objętych dożywianiem,2018,gmina,Bolesław,powiat olkuski,44%
177,Udział uczniów w ogóle osób objętych dożywianiem,2018,gmina,Bukowno,powiat olkuski,25%
177,Udział uczniów w ogóle osób objętych dożywianiem,2018,gmina,Klucze,powiat olkuski,51%
177,Udział uczniów w ogóle osób objętych dożywianiem,2018,gmina,Olkusz,powiat olkuski,23%
177,Udział uczniów w ogóle osób objętych dożywianiem,2018,gmina,Trzyciąż,powiat olkuski,58%
177,Udział uczniów w ogóle osób objętych dożywianiem,2018,gmina,Wolbrom,powiat olkuski,81%
177,Udział uczniów w ogóle osób objętych dożywianiem,2018,powiat,powiat oświęcimski,powiat oświęcimski,27%
177,Udział uczniów w ogóle osób objętych dożywianiem,2018,gmina,Brzeszcze,powiat oświęcimski,29%
177,Udział uczniów w ogóle osób objętych dożywianiem,2018,gmina,Chełmek,powiat oświęcimski,33%
177,Udział uczniów w ogóle osób objętych dożywianiem,2018,gmina,Kęty,powiat oświęcimski,61%
177,Udział uczniów w ogóle osób objętych dożywianiem,2018,gmina,Osiek,powiat oświęcimski,32%
177,Udział uczniów w ogóle osób objętych dożywianiem,2018,gmina,Oświęcim (miasto),powiat oświęcimski,29%
177,Udział uczniów w ogóle osób objętych dożywianiem,2018,gmina,Oświęcim (wieś),powiat oświęcimski,19%
177,Udział uczniów w ogóle osób objętych dożywianiem,2018,gmina,Polanka Wielka,powiat oświęcimski,29%
177,Udział uczniów w ogóle osób objętych dożywianiem,2018,gmina,Przeciszów,powiat oświęcimski,41%
177,Udział uczniów w ogóle osób objętych dożywianiem,2018,gmina,Zator,powiat oświęcimski,22%
177,Udział uczniów w ogóle osób objętych dożywianiem,2018,powiat,powiat proszowicki,powiat proszowicki,50%
177,Udział uczniów w ogóle osób objętych dożywianiem,2018,gmina,Koniusza,powiat proszowicki,100%
177,Udział uczniów w ogóle osób objętych dożywianiem,2018,gmina,Koszyce,powiat proszowicki,54%
177,Udział uczniów w ogóle osób objętych dożywianiem,2018,gmina,Nowe Brzesko,powiat proszowicki,61%
177,Udział uczniów w ogóle osób objętych dożywianiem,2018,gmina,Pałecznica,powiat proszowicki,68%
177,Udział uczniów w ogóle osób objętych dożywianiem,2018,gmina,Proszowice,powiat proszowicki,30%
177,Udział uczniów w ogóle osób objętych dożywianiem,2018,gmina,Radziemice,powiat proszowicki,70%
177,Udział uczniów w ogóle osób objętych dożywianiem,2018,powiat,powiat suski,powiat suski,51%
177,Udział uczniów w ogóle osób objętych dożywianiem,2018,gmina,Budzów,powiat suski,57%
177,Udział uczniów w ogóle osób objętych dożywianiem,2018,gmina,Bystra-Sidzina,powiat suski,74%
177,Udział uczniów w ogóle osób objętych dożywianiem,2018,gmina,Jordanów (miasto),powiat suski,51%
177,Udział uczniów w ogóle osób objętych dożywianiem,2018,gmina,Jordanów (wieś),powiat suski,27%
177,Udział uczniów w ogóle osób objętych dożywianiem,2018,gmina,Maków Podhalański,powiat suski,65%
177,Udział uczniów w ogóle osób objętych dożywianiem,2018,gmina,Stryszawa,powiat suski,50%
177,Udział uczniów w ogóle osób objętych dożywianiem,2018,gmina,Sucha Beskidzka,powiat suski,31%
177,Udział uczniów w ogóle osób objętych dożywianiem,2018,gmina,Zawoja,powiat suski,49%
177,Udział uczniów w ogóle osób objętych dożywianiem,2018,gmina,Zembrzyce,powiat suski,39%
177,Udział uczniów w ogóle osób objętych dożywianiem,2018,powiat,powiat tarnowski,powiat tarnowski,53%
177,Udział uczniów w ogóle osób objętych dożywianiem,2018,gmina,Ciężkowice,powiat tarnowski,81%
177,Udział uczniów w ogóle osób objętych dożywianiem,2018,gmina,Gromnik,powiat tarnowski,87%
177,Udział uczniów w ogóle osób objętych dożywianiem,2018,gmina,Lisia Góra,powiat tarnowski,56%
177,Udział uczniów w ogóle osób objętych dożywianiem,2018,gmina,Pleśna,powiat tarnowski,80%
177,Udział uczniów w ogóle osób objętych dożywianiem,2018,gmina,Radłów,powiat tarnowski,33%
177,Udział uczniów w ogóle osób objętych dożywianiem,2018,gmina,Ryglice,powiat tarnowski,75%
177,Udział uczniów w ogóle osób objętych dożywianiem,2018,gmina,Rzepiennik Strzyżewski,powiat tarnowski,82%
177,Udział uczniów w ogóle osób objętych dożywianiem,2018,gmina,Skrzyszów,powiat tarnowski,31%
177,Udział uczniów w ogóle osób objętych dożywianiem,2018,gmina,Szerzyny,powiat tarnowski,52%
177,Udział uczniów w ogóle osób objętych dożywianiem,2018,gmina,Tarnów (wieś),powiat tarnowski,46%
177,Udział uczniów w ogóle osób objętych dożywianiem,2018,gmina,Tuchów,powiat tarnowski,87%
177,Udział uczniów w ogóle osób objętych dożywianiem,2018,gmina,Wierzchosławice,powiat tarnowski,36%
177,Udział uczniów w ogóle osób objętych dożywianiem,2018,gmina,Wietrzychowice,powiat tarnowski,47%
177,Udział uczniów w ogóle osób objętych dożywianiem,2018,gmina,Wojnicz,powiat tarnowski,29%
177,Udział uczniów w ogóle osób objętych dożywianiem,2018,gmina,Zakliczyn,powiat tarnowski,51%
177,Udział uczniów w ogóle osób objętych dożywianiem,2018,gmina,Żabno,powiat tarnowski,32%
177,Udział uczniów w ogóle osób objętych dożywianiem,2018,powiat,powiat tatrzański,powiat tatrzański,39%
177,Udział uczniów w ogóle osób objętych dożywianiem,2018,gmina,Biały Dunajec,powiat tatrzański,71%
177,Udział uczniów w ogóle osób objętych dożywianiem,2018,gmina,Bukowina Tatrzańska,powiat tatrzański,34%
177,Udział uczniów w ogóle osób objętych dożywianiem,2018,gmina,Kościelisko,powiat tatrzański,55%
177,Udział uczniów w ogóle osób objętych dożywianiem,2018,gmina,Poronin,powiat tatrzański,37%
177,Udział uczniów w ogóle osób objętych dożywianiem,2018,gmina,Zakopane,powiat tatrzański,28%
177,Udział uczniów w ogóle osób objętych dożywianiem,2018,powiat,powiat wadowicki,powiat wadowicki,47%
177,Udział uczniów w ogóle osób objętych dożywianiem,2018,gmina,Andrychów,powiat wadowicki,40%
177,Udział uczniów w ogóle osób objętych dożywianiem,2018,gmina,Brzeźnica,powiat wadowicki,53%
177,Udział uczniów w ogóle osób objętych dożywianiem,2018,gmina,Kalwaria Zebrzydowska,powiat wadowicki,67%
177,Udział uczniów w ogóle osób objętych dożywianiem,2018,gmina,Lanckorona,powiat wadowicki,46%
177,Udział uczniów w ogóle osób objętych dożywianiem,2018,gmina,Mucharz,powiat wadowicki,43%
177,Udział uczniów w ogóle osób objętych dożywianiem,2018,gmina,Spytkowice,powiat wadowicki,63%
177,Udział uczniów w ogóle osób objętych dożywianiem,2018,gmina,Stryszów,powiat wadowicki,40%
177,Udział uczniów w ogóle osób objętych dożywianiem,2018,gmina,Tomice,powiat wadowicki,45%
177,Udział uczniów w ogóle osób objętych dożywianiem,2018,gmina,Wadowice,powiat wadowicki,57%
177,Udział uczniów w ogóle osób objętych dożywianiem,2018,gmina,Wieprz,powiat wadowicki,34%
177,Udział uczniów w ogóle osób objętych dożywianiem,2018,powiat,powiat wielicki,powiat wielicki,33%
177,Udział uczniów w ogóle osób objętych dożywianiem,2018,gmina,Biskupice,powiat wielicki,49%
177,Udział uczniów w ogóle osób objętych dożywianiem,2018,gmina,Gdów,powiat wielicki,57%
177,Udział uczniów w ogóle osób objętych dożywianiem,2018,gmina,Kłaj,powiat wielicki,32%
177,Udział uczniów w ogóle osób objętych dożywianiem,2018,gmina,Niepołomice,powiat wielicki,39%
177,Udział uczniów w ogóle osób objętych dożywianiem,2018,gmina,Wieliczka,powiat wielicki,24%
177,Udział uczniów w ogóle osób objętych dożywianiem,2017,powiat,powiat bocheński,powiat bocheński,39%
177,Udział uczniów w ogóle osób objętych dożywianiem,2017,gmina,Bochnia (miasto),powiat bocheński,33%
177,Udział uczniów w ogóle osób objętych dożywianiem,2017,gmina,Bochnia (wieś),powiat bocheński,30%
177,Udział uczniów w ogóle osób objętych dożywianiem,2017,gmina,Drwinia,powiat bocheński,47%
177,Udział uczniów w ogóle osób objętych dożywianiem,2017,gmina,Lipnica Murowana,powiat bocheński,46%
177,Udział uczniów w ogóle osób objętych dożywianiem,2017,gmina,Łapanów,powiat bocheński,51%
177,Udział uczniów w ogóle osób objętych dożywianiem,2017,gmina,Nowy Wiśnicz,powiat bocheński,73%
177,Udział uczniów w ogóle osób objętych dożywianiem,2017,gmina,Rzezawa,powiat bocheński,28%
177,Udział uczniów w ogóle osób objętych dożywianiem,2017,gmina,Trzciana,powiat bocheński,55%
177,Udział uczniów w ogóle osób objętych dożywianiem,2017,gmina,Żegocina,powiat bocheński,59%
177,Udział uczniów w ogóle osób objętych dożywianiem,2017,powiat,powiat brzeski,powiat brzeski,58%
177,Udział uczniów w ogóle osób objętych dożywianiem,2017,gmina,Borzęcin,powiat brzeski,49%
177,Udział uczniów w ogóle osób objętych dożywianiem,2017,gmina,Brzesko,powiat brzeski,74%
177,Udział uczniów w ogóle osób objętych dożywianiem,2017,gmina,Czchów,powiat brzeski,39%
177,Udział uczniów w ogóle osób objętych dożywianiem,2017,gmina,Dębno,powiat brzeski,32%
177,Udział uczniów w ogóle osób objętych dożywianiem,2017,gmina,Gnojnik,powiat brzeski,74%
177,Udział uczniów w ogóle osób objętych dożywianiem,2017,gmina,Iwkowa,powiat brzeski,54%
177,Udział uczniów w ogóle osób objętych dożywianiem,2017,gmina,Szczurowa,powiat brzeski,77%
177,Udział uczniów w ogóle osób objętych dożywianiem,2017,powiat,powiat chrzanowski,powiat chrzanowski,29%
177,Udział uczniów w ogóle osób objętych dożywianiem,2017,gmina,Alwernia,powiat chrzanowski,27%
177,Udział uczniów w ogóle osób objętych dożywianiem,2017,gmina,Babice,powiat chrzanowski,19%
177,Udział uczniów w ogóle osób objętych dożywianiem,2017,gmina,Chrzanów,powiat chrzanowski,27%
177,Udział uczniów w ogóle osób objętych dożywianiem,2017,gmina,Libiąż,powiat chrzanowski,27%
177,Udział uczniów w ogóle osób objętych dożywianiem,2017,gmina,Trzebinia,powiat chrzanowski,42%
177,Udział uczniów w ogóle osób objętych dożywianiem,2017,powiat,powiat dąbrowski,powiat dąbrowski,52%
177,Udział uczniów w ogóle osób objętych dożywianiem,2017,gmina,Bolesław,powiat dąbrowski,68%
177,Udział uczniów w ogóle osób objętych dożywianiem,2017,gmina,Dąbrowa Tarnowska,powiat dąbrowski,44%
177,Udział uczniów w ogóle osób objętych dożywianiem,2017,gmina,Gręboszów,powiat dąbrowski,59%
177,Udział uczniów w ogóle osób objętych dożywianiem,2017,gmina,Mędrzechów,powiat dąbrowski,71%
177,Udział uczniów w ogóle osób objętych dożywianiem,2017,gmina,Olesno,powiat dąbrowski,37%
177,Udział uczniów w ogóle osób objętych dożywianiem,2017,gmina,Radgoszcz,powiat dąbrowski,67%
177,Udział uczniów w ogóle osób objętych dożywianiem,2017,gmina,Szczucin,powiat dąbrowski,58%
177,Udział uczniów w ogóle osób objętych dożywianiem,2017,powiat,powiat gorlicki,powiat gorlicki,66%
177,Udział uczniów w ogóle osób objętych dożywianiem,2017,gmina,Biecz,powiat gorlicki,59%
177,Udział uczniów w ogóle osób objętych dożywianiem,2017,gmina,Bobowa,powiat gorlicki,89%
177,Udział uczniów w ogóle osób objętych dożywianiem,2017,gmina,Gorlice (miasto),powiat gorlicki,56%
177,Udział uczniów w ogóle osób objętych dożywianiem,2017,gmina,Gorlice (wieś),powiat gorlicki,54%
177,Udział uczniów w ogóle osób objętych dożywianiem,2017,gmina,Lipinki,powiat gorlicki,68%
177,Udział uczniów w ogóle osób objętych dożywianiem,2017,gmina,Łużna,powiat gorlicki,61%
177,Udział uczniów w ogóle osób objętych dożywianiem,2017,gmina,Moszczenica,powiat gorlicki,82%
177,Udział uczniów w ogóle osób objętych dożywianiem,2017,gmina,Ropa,powiat gorlicki,82%
177,Udział uczniów w ogóle osób objętych dożywianiem,2017,gmina,Sękowa,powiat gorlicki,61%
177,Udział uczniów w ogóle osób objętych dożywianiem,2017,gmina,Uście Gorlickie,powiat gorlicki,64%
177,Udział uczniów w ogóle osób objętych dożywianiem,2017,powiat,powiat krakowski,powiat krakowski,42%
177,Udział uczniów w ogóle osób objętych dożywianiem,2017,gmina,Czernichów,powiat krakowski,27%
177,Udział uczniów w ogóle osób objętych dożywianiem,2017,gmina,Igołomia-Wawrzeńczyce,powiat krakowski,82%
177,Udział uczniów w ogóle osób objętych dożywianiem,2017,gmina,Iwanowice,powiat krakowski,66%
177,Udział uczniów w ogóle osób objętych dożywianiem,2017,gmina,Jerzmanowice-Przeginia,powiat krakowski,74%
177,Udział uczniów w ogóle osób objętych dożywianiem,2017,gmina,Kocmyrzów-Luborzyca,powiat krakowski,47%
177,Udział uczniów w ogóle osób objętych dożywianiem,2017,gmina,Krzeszowice,powiat krakowski,27%
177,Udział uczniów w ogóle osób objętych dożywianiem,2017,gmina,Liszki,powiat krakowski,64%
177,Udział uczniów w ogóle osób objętych dożywianiem,2017,gmina,Michałowice,powiat krakowski,37%
177,Udział uczniów w ogóle osób objętych dożywianiem,2017,gmina,Mogilany,powiat krakowski,28%
177,Udział uczniów w ogóle osób objętych dożywianiem,2017,gmina,Skała,powiat krakowski,45%
177,Udział uczniów w ogóle osób objętych dożywianiem,2017,gmina,Skawina,powiat krakowski,61%
177,Udział uczniów w ogóle osób objętych dożywianiem,2017,gmina,Słomniki,powiat krakowski,37%
177,Udział uczniów w ogóle osób objętych dożywianiem,2017,gmina,Sułoszowa,powiat krakowski,63%
177,Udział uczniów w ogóle osób objętych dożywianiem,2017,gmina,Świątniki Górne,powiat krakowski,24%
177,Udział uczniów w ogóle osób objętych dożywianiem,2017,gmina,Wielka Wieś,powiat krakowski,32%
177,Udział uczniów w ogóle osób objętych dożywianiem,2017,gmina,Zabierzów,powiat krakowski,36%
177,Udział uczniów w ogóle osób objętych dożywianiem,2017,gmina,Zielonki,powiat krakowski,35%
177,Udział uczniów w ogóle osób objętych dożywianiem,2017,powiat,powiat limanowski,powiat limanowski,64%
177,Udział uczniów w ogóle osób objętych dożywianiem,2017,gmina,Dobra,powiat limanowski,69%
177,Udział uczniów w ogóle osób objętych dożywianiem,2017,gmina,Jodłownik,powiat limanowski,73%
177,Udział uczniów w ogóle osób objętych dożywianiem,2017,gmina,Kamienica,powiat limanowski,72%
177,Udział uczniów w ogóle osób objętych dożywianiem,2017,gmina,Laskowa,powiat limanowski,74%
177,Udział uczniów w ogóle osób objętych dożywianiem,2017,gmina,Limanowa (miasto),powiat limanowski,34%
177,Udział uczniów w ogóle osób objętych dożywianiem,2017,gmina,Limanowa (wieś),powiat limanowski,62%
177,Udział uczniów w ogóle osób objętych dożywianiem,2017,gmina,Łukowica,powiat limanowski,76%
177,Udział uczniów w ogóle osób objętych dożywianiem,2017,gmina,Mszana Dolna (miasto),powiat limanowski,59%
177,Udział uczniów w ogóle osób objętych dożywianiem,2017,gmina,Mszana Dolna (wieś),powiat limanowski,71%
177,Udział uczniów w ogóle osób objętych dożywianiem,2017,gmina,Niedźwiedź,powiat limanowski,59%
177,Udział uczniów w ogóle osób objętych dożywianiem,2017,gmina,Słopnice,powiat limanowski,69%
177,Udział uczniów w ogóle osób objętych dożywianiem,2017,gmina,Tymbark,powiat limanowski,64%
177,Udział uczniów w ogóle osób objętych dożywianiem,2017,powiat,powiat m. Kraków,powiat m. Kraków,21%
177,Udział uczniów w ogóle osób objętych dożywianiem,2017,powiat,powiat m. Nowy Sącz,powiat m. Nowy Sącz,45%
177,Udział uczniów w ogóle osób objętych dożywianiem,2017,powiat,powiat m. Tarnów,powiat m. Tarnów,23%
177,Udział uczniów w ogóle osób objętych dożywianiem,2017,powiat,powiat miechowski,powiat miechowski,42%
177,Udział uczniów w ogóle osób objętych dożywianiem,2017,gmina,Charsznica,powiat miechowski,43%
177,Udział uczniów w ogóle osób objętych dożywianiem,2017,gmina,Gołcza,powiat miechowski,50%
177,Udział uczniów w ogóle osób objętych dożywianiem,2017,gmina,Kozłów,powiat miechowski,52%
177,Udział uczniów w ogóle osób objętych dożywianiem,2017,gmina,Książ Wielki,powiat miechowski,50%
177,Udział uczniów w ogóle osób objętych dożywianiem,2017,gmina,Miechów,powiat miechowski,32%
177,Udział uczniów w ogóle osób objętych dożywianiem,2017,gmina,Racławice,powiat miechowski,57%
177,Udział uczniów w ogóle osób objętych dożywianiem,2017,gmina,Słaboszów,powiat miechowski,60%
177,Udział uczniów w ogóle osób objętych dożywianiem,2017,powiat,powiat myślenicki,powiat myślenicki,52%
177,Udział uczniów w ogóle osób objętych dożywianiem,2017,gmina,Dobczyce,powiat myślenicki,54%
177,Udział uczniów w ogóle osób objętych dożywianiem,2017,gmina,Lubień,powiat myślenicki,58%
177,Udział uczniów w ogóle osób objętych dożywianiem,2017,gmina,Myślenice,powiat myślenicki,43%
177,Udział uczniów w ogóle osób objętych dożywianiem,2017,gmina,Pcim,powiat myślenicki,59%
177,Udział uczniów w ogóle osób objętych dożywianiem,2017,gmina,Raciechowice,powiat myślenicki,41%
177,Udział uczniów w ogóle osób objętych dożywianiem,2017,gmina,Siepraw,powiat myślenicki,72%
177,Udział uczniów w ogóle osób objętych dożywianiem,2017,gmina,Sułkowice,powiat myślenicki,53%
177,Udział uczniów w ogóle osób objętych dożywianiem,2017,gmina,Tokarnia,powiat myślenicki,79%
177,Udział uczniów w ogóle osób objętych dożywianiem,2017,gmina,Wiśniowa,powiat myślenicki,42%
177,Udział uczniów w ogóle osób objętych dożywianiem,2017,powiat,powiat nowosądecki,powiat nowosądecki,60%
177,Udział uczniów w ogóle osób objętych dożywianiem,2017,gmina,Podegrodzie,powiat nowosądecki,57%
177,Udział uczniów w ogóle osób objętych dożywianiem,2017,gmina,Rytro,powiat nowosądecki,63%
177,Udział uczniów w ogóle osób objętych dożywianiem,2017,gmina,Stary Sącz,powiat nowosądecki,55%
177,Udział uczniów w ogóle osób objętych dożywianiem,2017,gmina,Chełmiec,powiat nowosądecki,45%
177,Udział uczniów w ogóle osób objętych dożywianiem,2017,gmina,Gródek nad Dunajcem,powiat nowosądecki,76%
177,Udział uczniów w ogóle osób objętych dożywianiem,2017,gmina,Grybów (miasto),powiat nowosądecki,35%
177,Udział uczniów w ogóle osób objętych dożywianiem,2017,gmina,Grybów (wieś),powiat nowosądecki,81%
177,Udział uczniów w ogóle osób objętych dożywianiem,2017,gmina,Kamionka Wielka,powiat nowosądecki,61%
177,Udział uczniów w ogóle osób objętych dożywianiem,2017,gmina,Korzenna,powiat nowosądecki,68%
177,Udział uczniów w ogóle osób objętych dożywianiem,2017,gmina,Krynica-Zdrój,powiat nowosądecki,59%
177,Udział uczniów w ogóle osób objętych dożywianiem,2017,gmina,Łabowa,powiat nowosądecki,70%
177,Udział uczniów w ogóle osób objętych dożywianiem,2017,gmina,Łącko,powiat nowosądecki,34%
177,Udział uczniów w ogóle osób objętych dożywianiem,2017,gmina,Łososina Dolna,powiat nowosądecki,98%
177,Udział uczniów w ogóle osób objętych dożywianiem,2017,gmina,Muszyna,powiat nowosądecki,49%
177,Udział uczniów w ogóle osób objętych dożywianiem,2017,gmina,Nawojowa,powiat nowosądecki,53%
177,Udział uczniów w ogóle osób objętych dożywianiem,2017,gmina,Piwniczna-Zdrój,powiat nowosądecki,57%
177,Udział uczniów w ogóle osób objętych dożywianiem,2017,powiat,powiat nowotarski,powiat nowotarski,55%
177,Udział uczniów w ogóle osób objętych dożywianiem,2017,gmina,Czarny Dunajec,powiat nowotarski,62%
177,Udział uczniów w ogóle osób objętych dożywianiem,2017,gmina,Czorsztyn,powiat nowotarski,29%
177,Udział uczniów w ogóle osób objętych dożywianiem,2017,gmina,Jabłonka,powiat nowotarski,48%
177,Udział uczniów w ogóle osób objętych dożywianiem,2017,gmina,Krościenko nad Dunajcem,powiat nowotarski,72%
177,Udział uczniów w ogóle osób objętych dożywianiem,2017,gmina,Lipnica Wielka,powiat nowotarski,81%
177,Udział uczniów w ogóle osób objętych dożywianiem,2017,gmina,Łapsze Niżne,powiat nowotarski,86%
177,Udział uczniów w ogóle osób objętych dożywianiem,2017,gmina,Nowy Targ (miasto),powiat nowotarski,46%
177,Udział uczniów w ogóle osób objętych dożywianiem,2017,gmina,Nowy Targ (wieś),powiat nowotarski,51%
177,Udział uczniów w ogóle osób objętych dożywianiem,2017,gmina,Ochotnica Dolna,powiat nowotarski,41%
177,Udział uczniów w ogóle osób objętych dożywianiem,2017,gmina,Raba Wyżna,powiat nowotarski,52%
177,Udział uczniów w ogóle osób objętych dożywianiem,2017,gmina,Rabka-Zdrój,powiat nowotarski,58%
177,Udział uczniów w ogóle osób objętych dożywianiem,2017,gmina,Spytkowice,powiat nowotarski,86%
177,Udział uczniów w ogóle osób objętych dożywianiem,2017,gmina,Szaflary,powiat nowotarski,60%
177,Udział uczniów w ogóle osób objętych dożywianiem,2017,gmina,Szczawnica,powiat nowotarski,69%
177,Udział uczniów w ogóle osób objętych dożywianiem,2017,powiat,powiat olkuski,powiat olkuski,38%
177,Udział uczniów w ogóle osób objętych dożywianiem,2017,gmina,Bolesław,powiat olkuski,45%
177,Udział uczniów w ogóle osób objętych dożywianiem,2017,gmina,Bukowno,powiat olkuski,27%
177,Udział uczniów w ogóle osób objętych dożywianiem,2017,gmina,Klucze,powiat olkuski,47%
177,Udział uczniów w ogóle osób objętych dożywianiem,2017,gmina,Olkusz,powiat olkuski,27%
177,Udział uczniów w ogóle osób objętych dożywianiem,2017,gmina,Trzyciąż,powiat olkuski,75%
177,Udział uczniów w ogóle osób objętych dożywianiem,2017,gmina,Wolbrom,powiat olkuski,68%
177,Udział uczniów w ogóle osób objętych dożywianiem,2017,powiat,powiat oświęcimski,powiat oświęcimski,27%
177,Udział uczniów w ogóle osób objętych dożywianiem,2017,gmina,Brzeszcze,powiat oświęcimski,37%
177,Udział uczniów w ogóle osób objętych dożywianiem,2017,gmina,Chełmek,powiat oświęcimski,69%
177,Udział uczniów w ogóle osób objętych dożywianiem,2017,gmina,Kęty,powiat oświęcimski,61%
177,Udział uczniów w ogóle osób objętych dożywianiem,2017,gmina,Osiek,powiat oświęcimski,24%
177,Udział uczniów w ogóle osób objętych dożywianiem,2017,gmina,Oświęcim (miasto),powiat oświęcimski,18%
177,Udział uczniów w ogóle osób objętych dożywianiem,2017,gmina,Oświęcim (wieś),powiat oświęcimski,26%
177,Udział uczniów w ogóle osób objętych dożywianiem,2017,gmina,Polanka Wielka,powiat oświęcimski,33%
177,Udział uczniów w ogóle osób objętych dożywianiem,2017,gmina,Przeciszów,powiat oświęcimski,38%
177,Udział uczniów w ogóle osób objętych dożywianiem,2017,gmina,Zator,powiat oświęcimski,26%
177,Udział uczniów w ogóle osób objętych dożywianiem,2017,powiat,powiat proszowicki,powiat proszowicki,50%
177,Udział uczniów w ogóle osób objętych dożywianiem,2017,gmina,Koniusza,powiat proszowicki,100%
177,Udział uczniów w ogóle osób objętych dożywianiem,2017,gmina,Koszyce,powiat proszowicki,54%
177,Udział uczniów w ogóle osób objętych dożywianiem,2017,gmina,Nowe Brzesko,powiat proszowicki,70%
177,Udział uczniów w ogóle osób objętych dożywianiem,2017,gmina,Pałecznica,powiat proszowicki,58%
177,Udział uczniów w ogóle osób objętych dożywianiem,2017,gmina,Proszowice,powiat proszowicki,30%
177,Udział uczniów w ogóle osób objętych dożywianiem,2017,gmina,Radziemice,powiat proszowicki,79%
177,Udział uczniów w ogóle osób objętych dożywianiem,2017,powiat,powiat suski,powiat suski,58%
177,Udział uczniów w ogóle osób objętych dożywianiem,2017,gmina,Budzów,powiat suski,67%
177,Udział uczniów w ogóle osób objętych dożywianiem,2017,gmina,Bystra-Sidzina,powiat suski,68%
177,Udział uczniów w ogóle osób objętych dożywianiem,2017,gmina,Jordanów (miasto),powiat suski,28%
177,Udział uczniów w ogóle osób objętych dożywianiem,2017,gmina,Jordanów (wieś),powiat suski,65%
177,Udział uczniów w ogóle osób objętych dożywianiem,2017,gmina,Maków Podhalański,powiat suski,75%
177,Udział uczniów w ogóle osób objętych dożywianiem,2017,gmina,Stryszawa,powiat suski,48%
177,Udział uczniów w ogóle osób objętych dożywianiem,2017,gmina,Sucha Beskidzka,powiat suski,33%
177,Udział uczniów w ogóle osób objętych dożywianiem,2017,gmina,Zawoja,powiat suski,61%
177,Udział uczniów w ogóle osób objętych dożywianiem,2017,gmina,Zembrzyce,powiat suski,60%
177,Udział uczniów w ogóle osób objętych dożywianiem,2017,powiat,powiat tarnowski,powiat tarnowski,55%
177,Udział uczniów w ogóle osób objętych dożywianiem,2017,gmina,Ciężkowice,powiat tarnowski,84%
177,Udział uczniów w ogóle osób objętych dożywianiem,2017,gmina,Gromnik,powiat tarnowski,84%
177,Udział uczniów w ogóle osób objętych dożywianiem,2017,gmina,Lisia Góra,powiat tarnowski,57%
177,Udział uczniów w ogóle osób objętych dożywianiem,2017,gmina,Pleśna,powiat tarnowski,78%
177,Udział uczniów w ogóle osób objętych dożywianiem,2017,gmina,Radłów,powiat tarnowski,35%
177,Udział uczniów w ogóle osób objętych dożywianiem,2017,gmina,Ryglice,powiat tarnowski,78%
177,Udział uczniów w ogóle osób objętych dożywianiem,2017,gmina,Rzepiennik Strzyżewski,powiat tarnowski,79%
177,Udział uczniów w ogóle osób objętych dożywianiem,2017,gmina,Skrzyszów,powiat tarnowski,44%
177,Udział uczniów w ogóle osób objętych dożywianiem,2017,gmina,Szerzyny,powiat tarnowski,43%
177,Udział uczniów w ogóle osób objętych dożywianiem,2017,gmina,Tarnów (wieś),powiat tarnowski,43%
177,Udział uczniów w ogóle osób objętych dożywianiem,2017,gmina,Tuchów,powiat tarnowski,89%
177,Udział uczniów w ogóle osób objętych dożywianiem,2017,gmina,Wierzchosławice,powiat tarnowski,38%
177,Udział uczniów w ogóle osób objętych dożywianiem,2017,gmina,Wietrzychowice,powiat tarnowski,54%
177,Udział uczniów w ogóle osób objętych dożywianiem,2017,gmina,Wojnicz,powiat tarnowski,34%
177,Udział uczniów w ogóle osób objętych dożywianiem,2017,gmina,Zakliczyn,powiat tarnowski,57%
177,Udział uczniów w ogóle osób objętych dożywianiem,2017,gmina,Żabno,powiat tarnowski,37%
177,Udział uczniów w ogóle osób objętych dożywianiem,2017,powiat,powiat tatrzański,powiat tatrzański,40%
177,Udział uczniów w ogóle osób objętych dożywianiem,2017,gmina,Biały Dunajec,powiat tatrzański,71%
177,Udział uczniów w ogóle osób objętych dożywianiem,2017,gmina,Bukowina Tatrzańska,powiat tatrzański,31%
177,Udział uczniów w ogóle osób objętych dożywianiem,2017,gmina,Kościelisko,powiat tatrzański,60%
177,Udział uczniów w ogóle osób objętych dożywianiem,2017,gmina,Poronin,powiat tatrzański,38%
177,Udział uczniów w ogóle osób objętych dożywianiem,2017,gmina,Zakopane,powiat tatrzański,32%
177,Udział uczniów w ogóle osób objętych dożywianiem,2017,powiat,powiat wadowicki,powiat wadowicki,50%
177,Udział uczniów w ogóle osób objętych dożywianiem,2017,gmina,Andrychów,powiat wadowicki,55%
177,Udział uczniów w ogóle osób objętych dożywianiem,2017,gmina,Brzeźnica,powiat wadowicki,48%
177,Udział uczniów w ogóle osób objętych dożywianiem,2017,gmina,Kalwaria Zebrzydowska,powiat wadowicki,68%
177,Udział uczniów w ogóle osób objętych dożywianiem,2017,gmina,Lanckorona,powiat wadowicki,46%
177,Udział uczniów w ogóle osób objętych dożywianiem,2017,gmina,Mucharz,powiat wadowicki,37%
177,Udział uczniów w ogóle osób objętych dożywianiem,2017,gmina,Spytkowice,powiat wadowicki,48%
177,Udział uczniów w ogóle osób objętych dożywianiem,2017,gmina,Stryszów,powiat wadowicki,47%
177,Udział uczniów w ogóle osób objętych dożywianiem,2017,gmina,Tomice,powiat wadowicki,42%
177,Udział uczniów w ogóle osób objętych dożywianiem,2017,gmina,Wadowice,powiat wadowicki,55%
177,Udział uczniów w ogóle osób objętych dożywianiem,2017,gmina,Wieprz,powiat wadowicki,46%
177,Udział uczniów w ogóle osób objętych dożywianiem,2017,powiat,powiat wielicki,powiat wielicki,34%
177,Udział uczniów w ogóle osób objętych dożywianiem,2017,gmina,Biskupice,powiat wielicki,48%
177,Udział uczniów w ogóle osób objętych dożywianiem,2017,gmina,Gdów,powiat wielicki,66%
177,Udział uczniów w ogóle osób objętych dożywianiem,2017,gmina,Kłaj,powiat wielicki,32%
177,Udział uczniów w ogóle osób objętych dożywianiem,2017,gmina,Niepołomice,powiat wielicki,41%
177,Udział uczniów w ogóle osób objętych dożywianiem,2017,gmina,Wieliczka,powiat wielicki,25%
177,Udział uczniów w ogóle osób objętych dożywianiem,2016,powiat,powiat bocheński,powiat bocheński,46%
177,Udział uczniów w ogóle osób objętych dożywianiem,2016,gmina,Bochnia (miasto),powiat bocheński,35%
177,Udział uczniów w ogóle osób objętych dożywianiem,2016,gmina,Bochnia (wieś),powiat bocheński,35%
177,Udział uczniów w ogóle osób objętych dożywianiem,2016,gmina,Drwinia,powiat bocheński,52%
177,Udział uczniów w ogóle osób objętych dożywianiem,2016,gmina,Lipnica Murowana,powiat bocheński,49%
177,Udział uczniów w ogóle osób objętych dożywianiem,2016,gmina,Łapanów,powiat bocheński,67%
177,Udział uczniów w ogóle osób objętych dożywianiem,2016,gmina,Nowy Wiśnicz,powiat bocheński,87%
177,Udział uczniów w ogóle osób objętych dożywianiem,2016,gmina,Rzezawa,powiat bocheński,45%
177,Udział uczniów w ogóle osób objętych dożywianiem,2016,gmina,Trzciana,powiat bocheński,61%
177,Udział uczniów w ogóle osób objętych dożywianiem,2016,gmina,Żegocina,powiat bocheński,72%
177,Udział uczniów w ogóle osób objętych dożywianiem,2016,powiat,powiat brzeski,powiat brzeski,65%
177,Udział uczniów w ogóle osób objętych dożywianiem,2016,gmina,Borzęcin,powiat brzeski,67%
177,Udział uczniów w ogóle osób objętych dożywianiem,2016,gmina,Brzesko,powiat brzeski,78%
177,Udział uczniów w ogóle osób objętych dożywianiem,2016,gmina,Czchów,powiat brzeski,47%
177,Udział uczniów w ogóle osób objętych dożywianiem,2016,gmina,Dębno,powiat brzeski,37%
177,Udział uczniów w ogóle osób objętych dożywianiem,2016,gmina,Gnojnik,powiat brzeski,77%
177,Udział uczniów w ogóle osób objętych dożywianiem,2016,gmina,Iwkowa,powiat brzeski,59%
177,Udział uczniów w ogóle osób objętych dożywianiem,2016,gmina,Szczurowa,powiat brzeski,80%
177,Udział uczniów w ogóle osób objętych dożywianiem,2016,powiat,powiat chrzanowski,powiat chrzanowski,36%
177,Udział uczniów w ogóle osób objętych dożywianiem,2016,gmina,Alwernia,powiat chrzanowski,38%
177,Udział uczniów w ogóle osób objętych dożywianiem,2016,gmina,Babice,powiat chrzanowski,22%
177,Udział uczniów w ogóle osób objętych dożywianiem,2016,gmina,Chrzanów,powiat chrzanowski,36%
177,Udział uczniów w ogóle osób objętych dożywianiem,2016,gmina,Libiąż,powiat chrzanowski,28%
177,Udział uczniów w ogóle osób objętych dożywianiem,2016,gmina,Trzebinia,powiat chrzanowski,49%
177,Udział uczniów w ogóle osób objętych dożywianiem,2016,powiat,powiat dąbrowski,powiat dąbrowski,57%
177,Udział uczniów w ogóle osób objętych dożywianiem,2016,gmina,Bolesław,powiat dąbrowski,65%
177,Udział uczniów w ogóle osób objętych dożywianiem,2016,gmina,Dąbrowa Tarnowska,powiat dąbrowski,47%
177,Udział uczniów w ogóle osób objętych dożywianiem,2016,gmina,Gręboszów,powiat dąbrowski,65%
177,Udział uczniów w ogóle osób objętych dożywianiem,2016,gmina,Mędrzechów,powiat dąbrowski,70%
177,Udział uczniów w ogóle osób objętych dożywianiem,2016,gmina,Olesno,powiat dąbrowski,56%
177,Udział uczniów w ogóle osób objętych dożywianiem,2016,gmina,Radgoszcz,powiat dąbrowski,71%
177,Udział uczniów w ogóle osób objętych dożywianiem,2016,gmina,Szczucin,powiat dąbrowski,62%
177,Udział uczniów w ogóle osób objętych dożywianiem,2016,powiat,powiat gorlicki,powiat gorlicki,69%
177,Udział uczniów w ogóle osób objętych dożywianiem,2016,gmina,Biecz,powiat gorlicki,71%
177,Udział uczniów w ogóle osób objętych dożywianiem,2016,gmina,Bobowa,powiat gorlicki,89%
177,Udział uczniów w ogóle osób objętych dożywianiem,2016,gmina,Gorlice (miasto),powiat gorlicki,58%
177,Udział uczniów w ogóle osób objętych dożywianiem,2016,gmina,Gorlice (wieś),powiat gorlicki,56%
177,Udział uczniów w ogóle osób objętych dożywianiem,2016,gmina,Lipinki,powiat gorlicki,67%
177,Udział uczniów w ogóle osób objętych dożywianiem,2016,gmina,Łużna,powiat gorlicki,63%
177,Udział uczniów w ogóle osób objętych dożywianiem,2016,gmina,Moszczenica,powiat gorlicki,88%
177,Udział uczniów w ogóle osób objętych dożywianiem,2016,gmina,Ropa,powiat gorlicki,88%
177,Udział uczniów w ogóle osób objętych dożywianiem,2016,gmina,Sękowa,powiat gorlicki,71%
177,Udział uczniów w ogóle osób objętych dożywianiem,2016,gmina,Uście Gorlickie,powiat gorlicki,67%
177,Udział uczniów w ogóle osób objętych dożywianiem,2016,powiat,powiat krakowski,powiat krakowski,45%
177,Udział uczniów w ogóle osób objętych dożywianiem,2016,gmina,Czernichów,powiat krakowski,33%
177,Udział uczniów w ogóle osób objętych dożywianiem,2016,gmina,Igołomia-Wawrzeńczyce,powiat krakowski,79%
177,Udział uczniów w ogóle osób objętych dożywianiem,2016,gmina,Iwanowice,powiat krakowski,76%
177,Udział uczniów w ogóle osób objętych dożywianiem,2016,gmina,Jerzmanowice-Przeginia,powiat krakowski,67%
177,Udział uczniów w ogóle osób objętych dożywianiem,2016,gmina,Kocmyrzów-Luborzyca,powiat krakowski,51%
177,Udział uczniów w ogóle osób objętych dożywianiem,2016,gmina,Krzeszowice,powiat krakowski,38%
177,Udział uczniów w ogóle osób objętych dożywianiem,2016,gmina,Liszki,powiat krakowski,67%
177,Udział uczniów w ogóle osób objętych dożywianiem,2016,gmina,Michałowice,powiat krakowski,62%
177,Udział uczniów w ogóle osób objętych dożywianiem,2016,gmina,Mogilany,powiat krakowski,29%
177,Udział uczniów w ogóle osób objętych dożywianiem,2016,gmina,Skała,powiat krakowski,43%
177,Udział uczniów w ogóle osób objętych dożywianiem,2016,gmina,Skawina,powiat krakowski,64%
177,Udział uczniów w ogóle osób objętych dożywianiem,2016,gmina,Słomniki,powiat krakowski,38%
177,Udział uczniów w ogóle osób objętych dożywianiem,2016,gmina,Sułoszowa,powiat krakowski,71%
177,Udział uczniów w ogóle osób objętych dożywianiem,2016,gmina,Świątniki Górne,powiat krakowski,24%
177,Udział uczniów w ogóle osób objętych dożywianiem,2016,gmina,Wielka Wieś,powiat krakowski,31%
177,Udział uczniów w ogóle osób objętych dożywianiem,2016,gmina,Zabierzów,powiat krakowski,36%
177,Udział uczniów w ogóle osób objętych dożywianiem,2016,gmina,Zielonki,powiat krakowski,41%
177,Udział uczniów w ogóle osób objętych dożywianiem,2016,powiat,powiat limanowski,powiat limanowski,66%
177,Udział uczniów w ogóle osób objętych dożywianiem,2016,gmina,Dobra,powiat limanowski,73%
177,Udział uczniów w ogóle osób objętych dożywianiem,2016,gmina,Jodłownik,powiat limanowski,81%
177,Udział uczniów w ogóle osób objętych dożywianiem,2016,gmina,Kamienica,powiat limanowski,70%
177,Udział uczniów w ogóle osób objętych dożywianiem,2016,gmina,Laskowa,powiat limanowski,74%
177,Udział uczniów w ogóle osób objętych dożywianiem,2016,gmina,Limanowa (miasto),powiat limanowski,34%
177,Udział uczniów w ogóle osób objętych dożywianiem,2016,gmina,Limanowa (wieś),powiat limanowski,72%
177,Udział uczniów w ogóle osób objętych dożywianiem,2016,gmina,Łukowica,powiat limanowski,66%
177,Udział uczniów w ogóle osób objętych dożywianiem,2016,gmina,Mszana Dolna (miasto),powiat limanowski,58%
177,Udział uczniów w ogóle osób objętych dożywianiem,2016,gmina,Mszana Dolna (wieś),powiat limanowski,66%
177,Udział uczniów w ogóle osób objętych dożywianiem,2016,gmina,Niedźwiedź,powiat limanowski,59%
177,Udział uczniów w ogóle osób objętych dożywianiem,2016,gmina,Słopnice,powiat limanowski,77%
177,Udział uczniów w ogóle osób objętych dożywianiem,2016,gmina,Tymbark,powiat limanowski,66%
177,Udział uczniów w ogóle osób objętych dożywianiem,2016,powiat,powiat m. Kraków,powiat m. Kraków,22%
177,Udział uczniów w ogóle osób objętych dożywianiem,2016,powiat,powiat m. Nowy Sącz,powiat m. Nowy Sącz,47%
177,Udział uczniów w ogóle osób objętych dożywianiem,2016,powiat,powiat m. Tarnów,powiat m. Tarnów,24%
177,Udział uczniów w ogóle osób objętych dożywianiem,2016,powiat,powiat miechowski,powiat miechowski,46%
177,Udział uczniów w ogóle osób objętych dożywianiem,2016,gmina,Charsznica,powiat miechowski,62%
177,Udział uczniów w ogóle osób objętych dożywianiem,2016,gmina,Gołcza,powiat miechowski,46%
177,Udział uczniów w ogóle osób objętych dożywianiem,2016,gmina,Kozłów,powiat miechowski,44%
177,Udział uczniów w ogóle osób objętych dożywianiem,2016,gmina,Książ Wielki,powiat miechowski,56%
177,Udział uczniów w ogóle osób objętych dożywianiem,2016,gmina,Miechów,powiat miechowski,34%
177,Udział uczniów w ogóle osób objętych dożywianiem,2016,gmina,Racławice,powiat miechowski,70%
177,Udział uczniów w ogóle osób objętych dożywianiem,2016,gmina,Słaboszów,powiat miechowski,67%
177,Udział uczniów w ogóle osób objętych dożywianiem,2016,powiat,powiat myślenicki,powiat myślenicki,58%
177,Udział uczniów w ogóle osób objętych dożywianiem,2016,gmina,Dobczyce,powiat myślenicki,53%
177,Udział uczniów w ogóle osób objętych dożywianiem,2016,gmina,Lubień,powiat myślenicki,81%
177,Udział uczniów w ogóle osób objętych dożywianiem,2016,gmina,Myślenice,powiat myślenicki,59%
177,Udział uczniów w ogóle osób objętych dożywianiem,2016,gmina,Pcim,powiat myślenicki,66%
177,Udział uczniów w ogóle osób objętych dożywianiem,2016,gmina,Raciechowice,powiat myślenicki,45%
177,Udział uczniów w ogóle osób objętych dożywianiem,2016,gmina,Siepraw,powiat myślenicki,73%
177,Udział uczniów w ogóle osób objętych dożywianiem,2016,gmina,Sułkowice,powiat myślenicki,57%
177,Udział uczniów w ogóle osób objętych dożywianiem,2016,gmina,Tokarnia,powiat myślenicki,87%
177,Udział uczniów w ogóle osób objętych dożywianiem,2016,gmina,Wiśniowa,powiat myślenicki,43%
177,Udział uczniów w ogóle osób objętych dożywianiem,2016,powiat,powiat nowosądecki,powiat nowosądecki,63%
177,Udział uczniów w ogóle osób objętych dożywianiem,2016,gmina,Podegrodzie,powiat nowosądecki,60%
177,Udział uczniów w ogóle osób objętych dożywianiem,2016,gmina,Rytro,powiat nowosądecki,58%
177,Udział uczniów w ogóle osób objętych dożywianiem,2016,gmina,Stary Sącz,powiat nowosądecki,54%
177,Udział uczniów w ogóle osób objętych dożywianiem,2016,gmina,Chełmiec,powiat nowosądecki,44%
177,Udział uczniów w ogóle osób objętych dożywianiem,2016,gmina,Gródek nad Dunajcem,powiat nowosądecki,75%
177,Udział uczniów w ogóle osób objętych dożywianiem,2016,gmina,Grybów (miasto),powiat nowosądecki,42%
177,Udział uczniów w ogóle osób objętych dożywianiem,2016,gmina,Grybów (wieś),powiat nowosądecki,85%
177,Udział uczniów w ogóle osób objętych dożywianiem,2016,gmina,Kamionka Wielka,powiat nowosądecki,61%
177,Udział uczniów w ogóle osób objętych dożywianiem,2016,gmina,Korzenna,powiat nowosądecki,68%
177,Udział uczniów w ogóle osób objętych dożywianiem,2016,gmina,Krynica-Zdrój,powiat nowosądecki,62%
177,Udział uczniów w ogóle osób objętych dożywianiem,2016,gmina,Łabowa,powiat nowosądecki,67%
177,Udział uczniów w ogóle osób objętych dożywianiem,2016,gmina,Łącko,powiat nowosądecki,49%
177,Udział uczniów w ogóle osób objętych dożywianiem,2016,gmina,Łososina Dolna,powiat nowosądecki,95%
177,Udział uczniów w ogóle osób objętych dożywianiem,2016,gmina,Muszyna,powiat nowosądecki,53%
177,Udział uczniów w ogóle osób objętych dożywianiem,2016,gmina,Nawojowa,powiat nowosądecki,62%
177,Udział uczniów w ogóle osób objętych dożywianiem,2016,gmina,Piwniczna-Zdrój,powiat nowosądecki,60%
177,Udział uczniów w ogóle osób objętych dożywianiem,2016,powiat,powiat nowotarski,powiat nowotarski,60%
177,Udział uczniów w ogóle osób objętych dożywianiem,2016,gmina,Czarny Dunajec,powiat nowotarski,63%
177,Udział uczniów w ogóle osób objętych dożywianiem,2016,gmina,Czorsztyn,powiat nowotarski,44%
177,Udział uczniów w ogóle osób objętych dożywianiem,2016,gmina,Jabłonka,powiat nowotarski,52%
177,Udział uczniów w ogóle osób objętych dożywianiem,2016,gmina,Krościenko nad Dunajcem,powiat nowotarski,75%
177,Udział uczniów w ogóle osób objętych dożywianiem,2016,gmina,Lipnica Wielka,powiat nowotarski,90%
177,Udział uczniów w ogóle osób objętych dożywianiem,2016,gmina,Łapsze Niżne,powiat nowotarski,94%
177,Udział uczniów w ogóle osób objętych dożywianiem,2016,gmina,Nowy Targ (miasto),powiat nowotarski,50%
177,Udział uczniów w ogóle osób objętych dożywianiem,2016,gmina,Nowy Targ (wieś),powiat nowotarski,54%
177,Udział uczniów w ogóle osób objętych dożywianiem,2016,gmina,Ochotnica Dolna,powiat nowotarski,47%
177,Udział uczniów w ogóle osób objętych dożywianiem,2016,gmina,Raba Wyżna,powiat nowotarski,54%
177,Udział uczniów w ogóle osób objętych dożywianiem,2016,gmina,Rabka-Zdrój,powiat nowotarski,60%
177,Udział uczniów w ogóle osób objętych dożywianiem,2016,gmina,Spytkowice,powiat nowotarski,82%
177,Udział uczniów w ogóle osób objętych dożywianiem,2016,gmina,Szaflary,powiat nowotarski,70%
177,Udział uczniów w ogóle osób objętych dożywianiem,2016,gmina,Szczawnica,powiat nowotarski,66%
177,Udział uczniów w ogóle osób objętych dożywianiem,2016,powiat,powiat olkuski,powiat olkuski,38%
177,Udział uczniów w ogóle osób objętych dożywianiem,2016,gmina,Bolesław,powiat olkuski,43%
177,Udział uczniów w ogóle osób objętych dożywianiem,2016,gmina,Bukowno,powiat olkuski,23%
177,Udział uczniów w ogóle osób objętych dożywianiem,2016,gmina,Klucze,powiat olkuski,46%
177,Udział uczniów w ogóle osób objętych dożywianiem,2016,gmina,Olkusz,powiat olkuski,27%
177,Udział uczniów w ogóle osób objętych dożywianiem,2016,gmina,Trzyciąż,powiat olkuski,65%
177,Udział uczniów w ogóle osób objętych dożywianiem,2016,gmina,Wolbrom,powiat olkuski,76%
177,Udział uczniów w ogóle osób objętych dożywianiem,2016,powiat,powiat oświęcimski,powiat oświęcimski,34%
177,Udział uczniów w ogóle osób objętych dożywianiem,2016,gmina,Brzeszcze,powiat oświęcimski,41%
177,Udział uczniów w ogóle osób objętych dożywianiem,2016,gmina,Chełmek,powiat oświęcimski,66%
177,Udział uczniów w ogóle osób objętych dożywianiem,2016,gmina,Kęty,powiat oświęcimski,67%
177,Udział uczniów w ogóle osób objętych dożywianiem,2016,gmina,Osiek,powiat oświęcimski,66%
177,Udział uczniów w ogóle osób objętych dożywianiem,2016,gmina,Oświęcim (miasto),powiat oświęcimski,22%
177,Udział uczniów w ogóle osób objętych dożywianiem,2016,gmina,Oświęcim (wieś),powiat oświęcimski,41%
177,Udział uczniów w ogóle osób objętych dożywianiem,2016,gmina,Polanka Wielka,powiat oświęcimski,36%
177,Udział uczniów w ogóle osób objętych dożywianiem,2016,gmina,Przeciszów,powiat oświęcimski,53%
177,Udział uczniów w ogóle osób objętych dożywianiem,2016,gmina,Zator,powiat oświęcimski,42%
177,Udział uczniów w ogóle osób objętych dożywianiem,2016,powiat,powiat proszowicki,powiat proszowicki,53%
177,Udział uczniów w ogóle osób objętych dożywianiem,2016,gmina,Koniusza,powiat proszowicki,100%
177,Udział uczniów w ogóle osób objętych dożywianiem,2016,gmina,Koszyce,powiat proszowicki,55%
177,Udział uczniów w ogóle osób objętych dożywianiem,2016,gmina,Nowe Brzesko,powiat proszowicki,73%
177,Udział uczniów w ogóle osób objętych dożywianiem,2016,gmina,Pałecznica,powiat proszowicki,77%
177,Udział uczniów w ogóle osób objętych dożywianiem,2016,gmina,Proszowice,powiat proszowicki,32%
177,Udział uczniów w ogóle osób objętych dożywianiem,2016,gmina,Radziemice,powiat proszowicki,73%
177,Udział uczniów w ogóle osób objętych dożywianiem,2016,powiat,powiat suski,powiat suski,63%
177,Udział uczniów w ogóle osób objętych dożywianiem,2016,gmina,Budzów,powiat suski,77%
177,Udział uczniów w ogóle osób objętych dożywianiem,2016,gmina,Bystra-Sidzina,powiat suski,73%
177,Udział uczniów w ogóle osób objętych dożywianiem,2016,gmina,Jordanów (miasto),powiat suski,35%
177,Udział uczniów w ogóle osób objętych dożywianiem,2016,gmina,Jordanów (wieś),powiat suski,66%
177,Udział uczniów w ogóle osób objętych dożywianiem,2016,gmina,Maków Podhalański,powiat suski,77%
177,Udział uczniów w ogóle osób objętych dożywianiem,2016,gmina,Stryszawa,powiat suski,58%
177,Udział uczniów w ogóle osób objętych dożywianiem,2016,gmina,Sucha Beskidzka,powiat suski,42%
177,Udział uczniów w ogóle osób objętych dożywianiem,2016,gmina,Zawoja,powiat suski,60%
177,Udział uczniów w ogóle osób objętych dożywianiem,2016,gmina,Zembrzyce,powiat suski,58%
177,Udział uczniów w ogóle osób objętych dożywianiem,2016,powiat,powiat tarnowski,powiat tarnowski,56%
177,Udział uczniów w ogóle osób objętych dożywianiem,2016,gmina,Ciężkowice,powiat tarnowski,74%
177,Udział uczniów w ogóle osób objętych dożywianiem,2016,gmina,Gromnik,powiat tarnowski,86%
177,Udział uczniów w ogóle osób objętych dożywianiem,2016,gmina,Lisia Góra,powiat tarnowski,50%
177,Udział uczniów w ogóle osób objętych dożywianiem,2016,gmina,Pleśna,powiat tarnowski,79%
177,Udział uczniów w ogóle osób objętych dożywianiem,2016,gmina,Radłów,powiat tarnowski,44%
177,Udział uczniów w ogóle osób objętych dożywianiem,2016,gmina,Ryglice,powiat tarnowski,92%
177,Udział uczniów w ogóle osób objętych dożywianiem,2016,gmina,Rzepiennik Strzyżewski,powiat tarnowski,65%
177,Udział uczniów w ogóle osób objętych dożywianiem,2016,gmina,Skrzyszów,powiat tarnowski,50%
177,Udział uczniów w ogóle osób objętych dożywianiem,2016,gmina,Szerzyny,powiat tarnowski,58%
177,Udział uczniów w ogóle osób objętych dożywianiem,2016,gmina,Tarnów (wieś),powiat tarnowski,43%
177,Udział uczniów w ogóle osób objętych dożywianiem,2016,gmina,Tuchów,powiat tarnowski,90%
177,Udział uczniów w ogóle osób objętych dożywianiem,2016,gmina,Wierzchosławice,powiat tarnowski,39%
177,Udział uczniów w ogóle osób objętych dożywianiem,2016,gmina,Wietrzychowice,powiat tarnowski,62%
177,Udział uczniów w ogóle osób objętych dożywianiem,2016,gmina,Wojnicz,powiat tarnowski,29%
177,Udział uczniów w ogóle osób objętych dożywianiem,2016,gmina,Zakliczyn,powiat tarnowski,62%
177,Udział uczniów w ogóle osób objętych dożywianiem,2016,gmina,Żabno,powiat tarnowski,43%
177,Udział uczniów w ogóle osób objętych dożywianiem,2016,powiat,powiat tatrzański,powiat tatrzański,45%
177,Udział uczniów w ogóle osób objętych dożywianiem,2016,gmina,Biały Dunajec,powiat tatrzański,83%
177,Udział uczniów w ogóle osób objętych dożywianiem,2016,gmina,Bukowina Tatrzańska,powiat tatrzański,33%
177,Udział uczniów w ogóle osób objętych dożywianiem,2016,gmina,Kościelisko,powiat tatrzański,78%
177,Udział uczniów w ogóle osób objętych dożywianiem,2016,gmina,Poronin,powiat tatrzański,39%
177,Udział uczniów w ogóle osób objętych dożywianiem,2016,gmina,Zakopane,powiat tatrzański,35%
177,Udział uczniów w ogóle osób objętych dożywianiem,2016,powiat,powiat wadowicki,powiat wadowicki,52%
177,Udział uczniów w ogóle osób objętych dożywianiem,2016,gmina,Andrychów,powiat wadowicki,50%
177,Udział uczniów w ogóle osób objętych dożywianiem,2016,gmina,Brzeźnica,powiat wadowicki,55%
177,Udział uczniów w ogóle osób objętych dożywianiem,2016,gmina,Kalwaria Zebrzydowska,powiat wadowicki,67%
177,Udział uczniów w ogóle osób objętych dożywianiem,2016,gmina,Lanckorona,powiat wadowicki,47%
177,Udział uczniów w ogóle osób objętych dożywianiem,2016,gmina,Mucharz,powiat wadowicki,43%
177,Udział uczniów w ogóle osób objętych dożywianiem,2016,gmina,Spytkowice,powiat wadowicki,57%
177,Udział uczniów w ogóle osób objętych dożywianiem,2016,gmina,Stryszów,powiat wadowicki,46%
177,Udział uczniów w ogóle osób objętych dożywianiem,2016,gmina,Tomice,powiat wadowicki,49%
177,Udział uczniów w ogóle osób objętych dożywianiem,2016,gmina,Wadowice,powiat wadowicki,61%
177,Udział uczniów w ogóle osób objętych dożywianiem,2016,gmina,Wieprz,powiat wadowicki,41%
177,Udział uczniów w ogóle osób objętych dożywianiem,2016,powiat,powiat wielicki,powiat wielicki,35%
177,Udział uczniów w ogóle osób objętych dożywianiem,2016,gmina,Biskupice,powiat wielicki,46%
177,Udział uczniów w ogóle osób objętych dożywianiem,2016,gmina,Gdów,powiat wielicki,70%
177,Udział uczniów w ogóle osób objętych dożywianiem,2016,gmina,Kłaj,powiat wielicki,30%
177,Udział uczniów w ogóle osób objętych dożywianiem,2016,gmina,Niepołomice,powiat wielicki,44%
177,Udział uczniów w ogóle osób objętych dożywianiem,2016,gmina,Wieliczka,powiat wielicki,27%
177,Udział uczniów w ogóle osób objętych dożywianiem,2015,powiat,powiat bocheński,powiat bocheński,51%
177,Udział uczniów w ogóle osób objętych dożywianiem,2015,gmina,Bochnia (miasto),powiat bocheński,35%
177,Udział uczniów w ogóle osób objętych dożywianiem,2015,gmina,Bochnia (wieś),powiat bocheński,46%
177,Udział uczniów w ogóle osób objętych dożywianiem,2015,gmina,Drwinia,powiat bocheński,54%
177,Udział uczniów w ogóle osób objętych dożywianiem,2015,gmina,Lipnica Murowana,powiat bocheński,47%
177,Udział uczniów w ogóle osób objętych dożywianiem,2015,gmina,Łapanów,powiat bocheński,71%
177,Udział uczniów w ogóle osób objętych dożywianiem,2015,gmina,Nowy Wiśnicz,powiat bocheński,85%
177,Udział uczniów w ogóle osób objętych dożywianiem,2015,gmina,Rzezawa,powiat bocheński,47%
177,Udział uczniów w ogóle osób objętych dożywianiem,2015,gmina,Trzciana,powiat bocheński,62%
177,Udział uczniów w ogóle osób objętych dożywianiem,2015,gmina,Żegocina,powiat bocheński,78%
177,Udział uczniów w ogóle osób objętych dożywianiem,2015,powiat,powiat brzeski,powiat brzeski,69%
177,Udział uczniów w ogóle osób objętych dożywianiem,2015,gmina,Borzęcin,powiat brzeski,90%
177,Udział uczniów w ogóle osób objętych dożywianiem,2015,gmina,Brzesko,powiat brzeski,78%
177,Udział uczniów w ogóle osób objętych dożywianiem,2015,gmina,Czchów,powiat brzeski,32%
177,Udział uczniów w ogóle osób objętych dożywianiem,2015,gmina,Dębno,powiat brzeski,68%
177,Udział uczniów w ogóle osób objętych dożywianiem,2015,gmina,Gnojnik,powiat brzeski,78%
177,Udział uczniów w ogóle osób objętych dożywianiem,2015,gmina,Iwkowa,powiat brzeski,61%
177,Udział uczniów w ogóle osób objętych dożywianiem,2015,gmina,Szczurowa,powiat brzeski,90%
177,Udział uczniów w ogóle osób objętych dożywianiem,2015,powiat,powiat chrzanowski,powiat chrzanowski,39%
177,Udział uczniów w ogóle osób objętych dożywianiem,2015,gmina,Alwernia,powiat chrzanowski,46%
177,Udział uczniów w ogóle osób objętych dożywianiem,2015,gmina,Babice,powiat chrzanowski,25%
177,Udział uczniów w ogóle osób objętych dożywianiem,2015,gmina,Chrzanów,powiat chrzanowski,39%
177,Udział uczniów w ogóle osób objętych dożywianiem,2015,gmina,Libiąż,powiat chrzanowski,31%
177,Udział uczniów w ogóle osób objętych dożywianiem,2015,gmina,Trzebinia,powiat chrzanowski,51%
177,Udział uczniów w ogóle osób objętych dożywianiem,2015,powiat,powiat dąbrowski,powiat dąbrowski,58%
177,Udział uczniów w ogóle osób objętych dożywianiem,2015,gmina,Bolesław,powiat dąbrowski,68%
177,Udział uczniów w ogóle osób objętych dożywianiem,2015,gmina,Dąbrowa Tarnowska,powiat dąbrowski,52%
177,Udział uczniów w ogóle osób objętych dożywianiem,2015,gmina,Gręboszów,powiat dąbrowski,74%
177,Udział uczniów w ogóle osób objętych dożywianiem,2015,gmina,Mędrzechów,powiat dąbrowski,67%
177,Udział uczniów w ogóle osób objętych dożywianiem,2015,gmina,Olesno,powiat dąbrowski,66%
177,Udział uczniów w ogóle osób objętych dożywianiem,2015,gmina,Radgoszcz,powiat dąbrowski,60%
177,Udział uczniów w ogóle osób objętych dożywianiem,2015,gmina,Szczucin,powiat dąbrowski,58%
177,Udział uczniów w ogóle osób objętych dożywianiem,2015,powiat,powiat gorlicki,powiat gorlicki,65%
177,Udział uczniów w ogóle osób objętych dożywianiem,2015,gmina,Biecz,powiat gorlicki,60%
177,Udział uczniów w ogóle osób objętych dożywianiem,2015,gmina,Bobowa,powiat gorlicki,71%
177,Udział uczniów w ogóle osób objętych dożywianiem,2015,gmina,Gorlice (miasto),powiat gorlicki,62%
177,Udział uczniów w ogóle osób objętych dożywianiem,2015,gmina,Gorlice (wieś),powiat gorlicki,55%
177,Udział uczniów w ogóle osób objętych dożywianiem,2015,gmina,Lipinki,powiat gorlicki,77%
177,Udział uczniów w ogóle osób objętych dożywianiem,2015,gmina,Łużna,powiat gorlicki,58%
177,Udział uczniów w ogóle osób objętych dożywianiem,2015,gmina,Moszczenica,powiat gorlicki,85%
177,Udział uczniów w ogóle osób objętych dożywianiem,2015,gmina,Ropa,powiat gorlicki,82%
177,Udział uczniów w ogóle osób objętych dożywianiem,2015,gmina,Sękowa,powiat gorlicki,71%
177,Udział uczniów w ogóle osób objętych dożywianiem,2015,gmina,Uście Gorlickie,powiat gorlicki,72%
177,Udział uczniów w ogóle osób objętych dożywianiem,2015,powiat,powiat krakowski,powiat krakowski,42%
177,Udział uczniów w ogóle osób objętych dożywianiem,2015,gmina,Czernichów,powiat krakowski,35%
177,Udział uczniów w ogóle osób objętych dożywianiem,2015,gmina,Igołomia-Wawrzeńczyce,powiat krakowski,0%
177,Udział uczniów w ogóle osób objętych dożywianiem,2015,gmina,Iwanowice,powiat krakowski,62%
177,Udział uczniów w ogóle osób objętych dożywianiem,2015,gmina,Jerzmanowice-Przeginia,powiat krakowski,72%
177,Udział uczniów w ogóle osób objętych dożywianiem,2015,gmina,Kocmyrzów-Luborzyca,powiat krakowski,63%
177,Udział uczniów w ogóle osób objętych dożywianiem,2015,gmina,Krzeszowice,powiat krakowski,43%
177,Udział uczniów w ogóle osób objętych dożywianiem,2015,gmina,Liszki,powiat krakowski,65%
177,Udział uczniów w ogóle osób objętych dożywianiem,2015,gmina,Michałowice,powiat krakowski,43%
177,Udział uczniów w ogóle osób objętych dożywianiem,2015,gmina,Mogilany,powiat krakowski,33%
177,Udział uczniów w ogóle osób objętych dożywianiem,2015,gmina,Skała,powiat krakowski,40%
177,Udział uczniów w ogóle osób objętych dożywianiem,2015,gmina,Skawina,powiat krakowski,66%
177,Udział uczniów w ogóle osób objętych dożywianiem,2015,gmina,Słomniki,powiat krakowski,34%
177,Udział uczniów w ogóle osób objętych dożywianiem,2015,gmina,Sułoszowa,powiat krakowski,90%
177,Udział uczniów w ogóle osób objętych dożywianiem,2015,gmina,Świątniki Górne,powiat krakowski,28%
177,Udział uczniów w ogóle osób objętych dożywianiem,2015,gmina,Wielka Wieś,powiat krakowski,39%
177,Udział uczniów w ogóle osób objętych dożywianiem,2015,gmina,Zabierzów,powiat krakowski,33%
177,Udział uczniów w ogóle osób objętych dożywianiem,2015,gmina,Zielonki,powiat krakowski,42%
177,Udział uczniów w ogóle osób objętych dożywianiem,2015,powiat,powiat limanowski,powiat limanowski,69%
177,Udział uczniów w ogóle osób objętych dożywianiem,2015,gmina,Dobra,powiat limanowski,68%
177,Udział uczniów w ogóle osób objętych dożywianiem,2015,gmina,Jodłownik,powiat limanowski,81%
177,Udział uczniów w ogóle osób objętych dożywianiem,2015,gmina,Kamienica,powiat limanowski,69%
177,Udział uczniów w ogóle osób objętych dożywianiem,2015,gmina,Laskowa,powiat limanowski,79%
177,Udział uczniów w ogóle osób objętych dożywianiem,2015,gmina,Limanowa (miasto),powiat limanowski,37%
177,Udział uczniów w ogóle osób objętych dożywianiem,2015,gmina,Limanowa (wieś),powiat limanowski,73%
177,Udział uczniów w ogóle osób objętych dożywianiem,2015,gmina,Łukowica,powiat limanowski,70%
177,Udział uczniów w ogóle osób objętych dożywianiem,2015,gmina,Mszana Dolna (miasto),powiat limanowski,60%
177,Udział uczniów w ogóle osób objętych dożywianiem,2015,gmina,Mszana Dolna (wieś),powiat limanowski,77%
177,Udział uczniów w ogóle osób objętych dożywianiem,2015,gmina,Niedźwiedź,powiat limanowski,64%
177,Udział uczniów w ogóle osób objętych dożywianiem,2015,gmina,Słopnice,powiat limanowski,81%
177,Udział uczniów w ogóle osób objętych dożywianiem,2015,gmina,Tymbark,powiat limanowski,65%
177,Udział uczniów w ogóle osób objętych dożywianiem,2015,powiat,powiat m. Kraków,powiat m. Kraków,22%
177,Udział uczniów w ogóle osób objętych dożywianiem,2015,powiat,powiat m. Nowy Sącz,powiat m. Nowy Sącz,46%
177,Udział uczniów w ogóle osób objętych dożywianiem,2015,powiat,powiat m. Tarnów,powiat m. Tarnów,24%
177,Udział uczniów w ogóle osób objętych dożywianiem,2015,powiat,powiat miechowski,powiat miechowski,48%
177,Udział uczniów w ogóle osób objętych dożywianiem,2015,gmina,Charsznica,powiat miechowski,59%
177,Udział uczniów w ogóle osób objętych dożywianiem,2015,gmina,Gołcza,powiat miechowski,46%
177,Udział uczniów w ogóle osób objętych dożywianiem,2015,gmina,Kozłów,powiat miechowski,59%
177,Udział uczniów w ogóle osób objętych dożywianiem,2015,gmina,Książ Wielki,powiat miechowski,61%
177,Udział uczniów w ogóle osób objętych dożywianiem,2015,gmina,Miechów,powiat miechowski,38%
177,Udział uczniów w ogóle osób objętych dożywianiem,2015,gmina,Racławice,powiat miechowski,65%
177,Udział uczniów w ogóle osób objętych dożywianiem,2015,gmina,Słaboszów,powiat miechowski,46%
177,Udział uczniów w ogóle osób objętych dożywianiem,2015,powiat,powiat myślenicki,powiat myślenicki,61%
177,Udział uczniów w ogóle osób objętych dożywianiem,2015,gmina,Dobczyce,powiat myślenicki,52%
177,Udział uczniów w ogóle osób objętych dożywianiem,2015,gmina,Lubień,powiat myślenicki,80%
177,Udział uczniów w ogóle osób objętych dożywianiem,2015,gmina,Myślenice,powiat myślenicki,65%
177,Udział uczniów w ogóle osób objętych dożywianiem,2015,gmina,Pcim,powiat myślenicki,67%
177,Udział uczniów w ogóle osób objętych dożywianiem,2015,gmina,Raciechowice,powiat myślenicki,50%
177,Udział uczniów w ogóle osób objętych dożywianiem,2015,gmina,Siepraw,powiat myślenicki,57%
177,Udział uczniów w ogóle osób objętych dożywianiem,2015,gmina,Sułkowice,powiat myślenicki,59%
177,Udział uczniów w ogóle osób objętych dożywianiem,2015,gmina,Tokarnia,powiat myślenicki,89%
177,Udział uczniów w ogóle osób objętych dożywianiem,2015,gmina,Wiśniowa,powiat myślenicki,51%
177,Udział uczniów w ogóle osób objętych dożywianiem,2015,powiat,powiat nowosądecki,powiat nowosądecki,62%
177,Udział uczniów w ogóle osób objętych dożywianiem,2015,gmina,Podegrodzie,powiat nowosądecki,56%
177,Udział uczniów w ogóle osób objętych dożywianiem,2015,gmina,Rytro,powiat nowosądecki,53%
177,Udział uczniów w ogóle osób objętych dożywianiem,2015,gmina,Stary Sącz,powiat nowosądecki,54%
177,Udział uczniów w ogóle osób objętych dożywianiem,2015,gmina,Chełmiec,powiat nowosądecki,44%
177,Udział uczniów w ogóle osób objętych dożywianiem,2015,gmina,Gródek nad Dunajcem,powiat nowosądecki,88%
177,Udział uczniów w ogóle osób objętych dożywianiem,2015,gmina,Grybów (miasto),powiat nowosądecki,39%
177,Udział uczniów w ogóle osób objętych dożywianiem,2015,gmina,Grybów (wieś),powiat nowosądecki,85%
177,Udział uczniów w ogóle osób objętych dożywianiem,2015,gmina,Kamionka Wielka,powiat nowosądecki,64%
177,Udział uczniów w ogóle osób objętych dożywianiem,2015,gmina,Korzenna,powiat nowosądecki,66%
177,Udział uczniów w ogóle osób objętych dożywianiem,2015,gmina,Krynica-Zdrój,powiat nowosądecki,69%
177,Udział uczniów w ogóle osób objętych dożywianiem,2015,gmina,Łabowa,powiat nowosądecki,71%
177,Udział uczniów w ogóle osób objętych dożywianiem,2015,gmina,Łącko,powiat nowosądecki,55%
177,Udział uczniów w ogóle osób objętych dożywianiem,2015,gmina,Łososina Dolna,powiat nowosądecki,91%
177,Udział uczniów w ogóle osób objętych dożywianiem,2015,gmina,Muszyna,powiat nowosądecki,44%
177,Udział uczniów w ogóle osób objętych dożywianiem,2015,gmina,Nawojowa,powiat nowosądecki,56%
177,Udział uczniów w ogóle osób objętych dożywianiem,2015,gmina,Piwniczna-Zdrój,powiat nowosądecki,60%
177,Udział uczniów w ogóle osób objętych dożywianiem,2015,powiat,powiat nowotarski,powiat nowotarski,62%
177,Udział uczniów w ogóle osób objętych dożywianiem,2015,gmina,Czarny Dunajec,powiat nowotarski,68%
177,Udział uczniów w ogóle osób objętych dożywianiem,2015,gmina,Czorsztyn,powiat nowotarski,54%
177,Udział uczniów w ogóle osób objętych dożywianiem,2015,gmina,Jabłonka,powiat nowotarski,54%
177,Udział uczniów w ogóle osób objętych dożywianiem,2015,gmina,Krościenko nad Dunajcem,powiat nowotarski,76%
177,Udział uczniów w ogóle osób objętych dożywianiem,2015,gmina,Lipnica Wielka,powiat nowotarski,98%
177,Udział uczniów w ogóle osób objętych dożywianiem,2015,gmina,Łapsze Niżne,powiat nowotarski,90%
177,Udział uczniów w ogóle osób objętych dożywianiem,2015,gmina,Nowy Targ (miasto),powiat nowotarski,52%
177,Udział uczniów w ogóle osób objętych dożywianiem,2015,gmina,Nowy Targ (wieś),powiat nowotarski,56%
177,Udział uczniów w ogóle osób objętych dożywianiem,2015,gmina,Ochotnica Dolna,powiat nowotarski,49%
177,Udział uczniów w ogóle osób objętych dożywianiem,2015,gmina,Raba Wyżna,powiat nowotarski,51%
177,Udział uczniów w ogóle osób objętych dożywianiem,2015,gmina,Rabka-Zdrój,powiat nowotarski,61%
177,Udział uczniów w ogóle osób objętych dożywianiem,2015,gmina,Spytkowice,powiat nowotarski,86%
177,Udział uczniów w ogóle osób objętych dożywianiem,2015,gmina,Szaflary,powiat nowotarski,82%
177,Udział uczniów w ogóle osób objętych dożywianiem,2015,gmina,Szczawnica,powiat nowotarski,63%
177,Udział uczniów w ogóle osób objętych dożywianiem,2015,powiat,powiat olkuski,powiat olkuski,42%
177,Udział uczniów w ogóle osób objętych dożywianiem,2015,gmina,Bolesław,powiat olkuski,55%
177,Udział uczniów w ogóle osób objętych dożywianiem,2015,gmina,Bukowno,powiat olkuski,23%
177,Udział uczniów w ogóle osób objętych dożywianiem,2015,gmina,Klucze,powiat olkuski,49%
177,Udział uczniów w ogóle osób objętych dożywianiem,2015,gmina,Olkusz,powiat olkuski,33%
177,Udział uczniów w ogóle osób objętych dożywianiem,2015,gmina,Trzyciąż,powiat olkuski,60%
177,Udział uczniów w ogóle osób objętych dożywianiem,2015,gmina,Wolbrom,powiat olkuski,67%
177,Udział uczniów w ogóle osób objętych dożywianiem,2015,powiat,powiat oświęcimski,powiat oświęcimski,37%
177,Udział uczniów w ogóle osób objętych dożywianiem,2015,gmina,Brzeszcze,powiat oświęcimski,46%
177,Udział uczniów w ogóle osób objętych dożywianiem,2015,gmina,Chełmek,powiat oświęcimski,59%
177,Udział uczniów w ogóle osób objętych dożywianiem,2015,gmina,Kęty,powiat oświęcimski,70%
177,Udział uczniów w ogóle osób objętych dożywianiem,2015,gmina,Osiek,powiat oświęcimski,51%
177,Udział uczniów w ogóle osób objętych dożywianiem,2015,gmina,Oświęcim (miasto),powiat oświęcimski,24%
177,Udział uczniów w ogóle osób objętych dożywianiem,2015,gmina,Oświęcim (wieś),powiat oświęcimski,49%
177,Udział uczniów w ogóle osób objętych dożywianiem,2015,gmina,Polanka Wielka,powiat oświęcimski,45%
177,Udział uczniów w ogóle osób objętych dożywianiem,2015,gmina,Przeciszów,powiat oświęcimski,55%
177,Udział uczniów w ogóle osób objętych dożywianiem,2015,gmina,Zator,powiat oświęcimski,37%
177,Udział uczniów w ogóle osób objętych dożywianiem,2015,powiat,powiat proszowicki,powiat proszowicki,54%
177,Udział uczniów w ogóle osób objętych dożywianiem,2015,gmina,Koniusza,powiat proszowicki,100%
177,Udział uczniów w ogóle osób objętych dożywianiem,2015,gmina,Koszyce,powiat proszowicki,56%
177,Udział uczniów w ogóle osób objętych dożywianiem,2015,gmina,Nowe Brzesko,powiat proszowicki,76%
177,Udział uczniów w ogóle osób objętych dożywianiem,2015,gmina,Pałecznica,powiat proszowicki,80%
177,Udział uczniów w ogóle osób objętych dożywianiem,2015,gmina,Proszowice,powiat proszowicki,32%
177,Udział uczniów w ogóle osób objętych dożywianiem,2015,gmina,Radziemice,powiat proszowicki,75%
177,Udział uczniów w ogóle osób objętych dożywianiem,2015,powiat,powiat suski,powiat suski,65%
177,Udział uczniów w ogóle osób objętych dożywianiem,2015,gmina,Budzów,powiat suski,92%
177,Udział uczniów w ogóle osób objętych dożywianiem,2015,gmina,Bystra-Sidzina,powiat suski,82%
177,Udział uczniów w ogóle osób objętych dożywianiem,2015,gmina,Jordanów (miasto),powiat suski,42%
177,Udział uczniów w ogóle osób objętych dożywianiem,2015,gmina,Jordanów (wieś),powiat suski,64%
177,Udział uczniów w ogóle osób objętych dożywianiem,2015,gmina,Maków Podhalański,powiat suski,64%
177,Udział uczniów w ogóle osób objętych dożywianiem,2015,gmina,Stryszawa,powiat suski,69%
177,Udział uczniów w ogóle osób objętych dożywianiem,2015,gmina,Sucha Beskidzka,powiat suski,43%
177,Udział uczniów w ogóle osób objętych dożywianiem,2015,gmina,Zawoja,powiat suski,73%
177,Udział uczniów w ogóle osób objętych dożywianiem,2015,gmina,Zembrzyce,powiat suski,68%
177,Udział uczniów w ogóle osób objętych dożywianiem,2015,powiat,powiat tarnowski,powiat tarnowski,60%
177,Udział uczniów w ogóle osób objętych dożywianiem,2015,gmina,Ciężkowice,powiat tarnowski,65%
177,Udział uczniów w ogóle osób objętych dożywianiem,2015,gmina,Gromnik,powiat tarnowski,82%
177,Udział uczniów w ogóle osób objętych dożywianiem,2015,gmina,Lisia Góra,powiat tarnowski,67%
177,Udział uczniów w ogóle osób objętych dożywianiem,2015,gmina,Pleśna,powiat tarnowski,78%
177,Udział uczniów w ogóle osób objętych dożywianiem,2015,gmina,Radłów,powiat tarnowski,44%
177,Udział uczniów w ogóle osób objętych dożywianiem,2015,gmina,Ryglice,powiat tarnowski,90%
177,Udział uczniów w ogóle osób objętych dożywianiem,2015,gmina,Rzepiennik Strzyżewski,powiat tarnowski,81%
177,Udział uczniów w ogóle osób objętych dożywianiem,2015,gmina,Skrzyszów,powiat tarnowski,53%
177,Udział uczniów w ogóle osób objętych dożywianiem,2015,gmina,Szerzyny,powiat tarnowski,46%
177,Udział uczniów w ogóle osób objętych dożywianiem,2015,gmina,Tarnów (wieś),powiat tarnowski,54%
177,Udział uczniów w ogóle osób objętych dożywianiem,2015,gmina,Tuchów,powiat tarnowski,86%
177,Udział uczniów w ogóle osób objętych dożywianiem,2015,gmina,Wierzchosławice,powiat tarnowski,45%
177,Udział uczniów w ogóle osób objętych dożywianiem,2015,gmina,Wietrzychowice,powiat tarnowski,70%
177,Udział uczniów w ogóle osób objętych dożywianiem,2015,gmina,Wojnicz,powiat tarnowski,35%
177,Udział uczniów w ogóle osób objętych dożywianiem,2015,gmina,Zakliczyn,powiat tarnowski,57%
177,Udział uczniów w ogóle osób objętych dożywianiem,2015,gmina,Żabno,powiat tarnowski,44%
177,Udział uczniów w ogóle osób objętych dożywianiem,2015,powiat,powiat tatrzański,powiat tatrzański,46%
177,Udział uczniów w ogóle osób objętych dożywianiem,2015,gmina,Biały Dunajec,powiat tatrzański,82%
177,Udział uczniów w ogóle osób objętych dożywianiem,2015,gmina,Bukowina Tatrzańska,powiat tatrzański,35%
177,Udział uczniów w ogóle osób objętych dożywianiem,2015,gmina,Kościelisko,powiat tatrzański,72%
177,Udział uczniów w ogóle osób objętych dożywianiem,2015,gmina,Poronin,powiat tatrzański,40%
177,Udział uczniów w ogóle osób objętych dożywianiem,2015,gmina,Zakopane,powiat tatrzański,37%
177,Udział uczniów w ogóle osób objętych dożywianiem,2015,powiat,powiat wadowicki,powiat wadowicki,56%
177,Udział uczniów w ogóle osób objętych dożywianiem,2015,gmina,Andrychów,powiat wadowicki,62%
177,Udział uczniów w ogóle osób objętych dożywianiem,2015,gmina,Brzeźnica,powiat wadowicki,58%
177,Udział uczniów w ogóle osób objętych dożywianiem,2015,gmina,Kalwaria Zebrzydowska,powiat wadowicki,61%
177,Udział uczniów w ogóle osób objętych dożywianiem,2015,gmina,Lanckorona,powiat wadowicki,55%
177,Udział uczniów w ogóle osób objętych dożywianiem,2015,gmina,Mucharz,powiat wadowicki,56%
177,Udział uczniów w ogóle osób objętych dożywianiem,2015,gmina,Spytkowice,powiat wadowicki,59%
177,Udział uczniów w ogóle osób objętych dożywianiem,2015,gmina,Stryszów,powiat wadowicki,48%
177,Udział uczniów w ogóle osób objętych dożywianiem,2015,gmina,Tomice,powiat wadowicki,75%
177,Udział uczniów w ogóle osób objętych dożywianiem,2015,gmina,Wadowice,powiat wadowicki,57%
177,Udział uczniów w ogóle osób objętych dożywianiem,2015,gmina,Wieprz,powiat wadowicki,40%
177,Udział uczniów w ogóle osób objętych dożywianiem,2015,powiat,powiat wielicki,powiat wielicki,39%
177,Udział uczniów w ogóle osób objętych dożywianiem,2015,gmina,Biskupice,powiat wielicki,67%
177,Udział uczniów w ogóle osób objętych dożywianiem,2015,gmina,Gdów,powiat wielicki,78%
177,Udział uczniów w ogóle osób objętych dożywianiem,2015,gmina,Kłaj,powiat wielicki,35%
177,Udział uczniów w ogóle osób objętych dożywianiem,2015,gmina,Niepołomice,powiat wielicki,45%
177,Udział uczniów w ogóle osób objętych dożywianiem,2015,gmina,Wieliczka,powiat wielicki,28%
177,Udział uczniów w ogóle osób objętych dożywianiem,2014,powiat,powiat bocheński,powiat bocheński,52%
177,Udział uczniów w ogóle osób objętych dożywianiem,2014,gmina,Bochnia (miasto),powiat bocheński,37%
177,Udział uczniów w ogóle osób objętych dożywianiem,2014,gmina,Bochnia (wieś),powiat bocheński,45%
177,Udział uczniów w ogóle osób objętych dożywianiem,2014,gmina,Drwinia,powiat bocheński,57%
177,Udział uczniów w ogóle osób objętych dożywianiem,2014,gmina,Lipnica Murowana,powiat bocheński,51%
177,Udział uczniów w ogóle osób objętych dożywianiem,2014,gmina,Łapanów,powiat bocheński,70%
177,Udział uczniów w ogóle osób objętych dożywianiem,2014,gmina,Nowy Wiśnicz,powiat bocheński,81%
177,Udział uczniów w ogóle osób objętych dożywianiem,2014,gmina,Rzezawa,powiat bocheński,49%
177,Udział uczniów w ogóle osób objętych dożywianiem,2014,gmina,Trzciana,powiat bocheński,64%
177,Udział uczniów w ogóle osób objętych dożywianiem,2014,gmina,Żegocina,powiat bocheński,84%
177,Udział uczniów w ogóle osób objętych dożywianiem,2014,powiat,powiat brzeski,powiat brzeski,70%
177,Udział uczniów w ogóle osób objętych dożywianiem,2014,gmina,Borzęcin,powiat brzeski,88%
177,Udział uczniów w ogóle osób objętych dożywianiem,2014,gmina,Brzesko,powiat brzeski,73%
177,Udział uczniów w ogóle osób objętych dożywianiem,2014,gmina,Czchów,powiat brzeski,37%
177,Udział uczniów w ogóle osób objętych dożywianiem,2014,gmina,Dębno,powiat brzeski,70%
177,Udział uczniów w ogóle osób objętych dożywianiem,2014,gmina,Gnojnik,powiat brzeski,73%
177,Udział uczniów w ogóle osób objętych dożywianiem,2014,gmina,Iwkowa,powiat brzeski,65%
177,Udział uczniów w ogóle osób objętych dożywianiem,2014,gmina,Szczurowa,powiat brzeski,94%
177,Udział uczniów w ogóle osób objętych dożywianiem,2014,powiat,powiat chrzanowski,powiat chrzanowski,37%
177,Udział uczniów w ogóle osób objętych dożywianiem,2014,gmina,Alwernia,powiat chrzanowski,35%
177,Udział uczniów w ogóle osób objętych dożywianiem,2014,gmina,Babice,powiat chrzanowski,24%
177,Udział uczniów w ogóle osób objętych dożywianiem,2014,gmina,Chrzanów,powiat chrzanowski,38%
177,Udział uczniów w ogóle osób objętych dożywianiem,2014,gmina,Libiąż,powiat chrzanowski,32%
177,Udział uczniów w ogóle osób objętych dożywianiem,2014,gmina,Trzebinia,powiat chrzanowski,45%
177,Udział uczniów w ogóle osób objętych dożywianiem,2014,powiat,powiat dąbrowski,powiat dąbrowski,60%
177,Udział uczniów w ogóle osób objętych dożywianiem,2014,gmina,Bolesław,powiat dąbrowski,77%
177,Udział uczniów w ogóle osób objętych dożywianiem,2014,gmina,Dąbrowa Tarnowska,powiat dąbrowski,50%
177,Udział uczniów w ogóle osób objętych dożywianiem,2014,gmina,Gręboszów,powiat dąbrowski,64%
177,Udział uczniów w ogóle osób objętych dożywianiem,2014,gmina,Mędrzechów,powiat dąbrowski,73%
177,Udział uczniów w ogóle osób objętych dożywianiem,2014,gmina,Olesno,powiat dąbrowski,65%
177,Udział uczniów w ogóle osób objętych dożywianiem,2014,gmina,Radgoszcz,powiat dąbrowski,63%
177,Udział uczniów w ogóle osób objętych dożywianiem,2014,gmina,Szczucin,powiat dąbrowski,65%
177,Udział uczniów w ogóle osób objętych dożywianiem,2014,powiat,powiat gorlicki,powiat gorlicki,63%
177,Udział uczniów w ogóle osób objętych dożywianiem,2014,gmina,Biecz,powiat gorlicki,55%
177,Udział uczniów w ogóle osób objętych dożywianiem,2014,gmina,Bobowa,powiat gorlicki,69%
177,Udział uczniów w ogóle osób objętych dożywianiem,2014,gmina,Gorlice (miasto),powiat gorlicki,58%
177,Udział uczniów w ogóle osób objętych dożywianiem,2014,gmina,Gorlice (wieś),powiat gorlicki,57%
177,Udział uczniów w ogóle osób objętych dożywianiem,2014,gmina,Lipinki,powiat gorlicki,83%
177,Udział uczniów w ogóle osób objętych dożywianiem,2014,gmina,Łużna,powiat gorlicki,62%
177,Udział uczniów w ogóle osób objętych dożywianiem,2014,gmina,Moszczenica,powiat gorlicki,85%
177,Udział uczniów w ogóle osób objętych dożywianiem,2014,gmina,Ropa,powiat gorlicki,78%
177,Udział uczniów w ogóle osób objętych dożywianiem,2014,gmina,Sękowa,powiat gorlicki,61%
177,Udział uczniów w ogóle osób objętych dożywianiem,2014,gmina,Uście Gorlickie,powiat gorlicki,67%
177,Udział uczniów w ogóle osób objętych dożywianiem,2014,powiat,powiat krakowski,powiat krakowski,45%
177,Udział uczniów w ogóle osób objętych dożywianiem,2014,gmina,Czernichów,powiat krakowski,39%
177,Udział uczniów w ogóle osób objętych dożywianiem,2014,gmina,Igołomia-Wawrzeńczyce,powiat krakowski,82%
177,Udział uczniów w ogóle osób objętych dożywianiem,2014,gmina,Iwanowice,powiat krakowski,77%
177,Udział uczniów w ogóle osób objętych dożywianiem,2014,gmina,Jerzmanowice-Przeginia,powiat krakowski,83%
177,Udział uczniów w ogóle osób objętych dożywianiem,2014,gmina,Kocmyrzów-Luborzyca,powiat krakowski,52%
177,Udział uczniów w ogóle osób objętych dożywianiem,2014,gmina,Krzeszowice,powiat krakowski,34%
177,Udział uczniów w ogóle osób objętych dożywianiem,2014,gmina,Liszki,powiat krakowski,78%
177,Udział uczniów w ogóle osób objętych dożywianiem,2014,gmina,Michałowice,powiat krakowski,48%
177,Udział uczniów w ogóle osób objętych dożywianiem,2014,gmina,Mogilany,powiat krakowski,27%
177,Udział uczniów w ogóle osób objętych dożywianiem,2014,gmina,Skała,powiat krakowski,36%
177,Udział uczniów w ogóle osób objętych dożywianiem,2014,gmina,Skawina,powiat krakowski,64%
177,Udział uczniów w ogóle osób objętych dożywianiem,2014,gmina,Słomniki,powiat krakowski,31%
177,Udział uczniów w ogóle osób objętych dożywianiem,2014,gmina,Sułoszowa,powiat krakowski,84%
177,Udział uczniów w ogóle osób objętych dożywianiem,2014,gmina,Świątniki Górne,powiat krakowski,29%
177,Udział uczniów w ogóle osób objętych dożywianiem,2014,gmina,Wielka Wieś,powiat krakowski,46%
177,Udział uczniów w ogóle osób objętych dożywianiem,2014,gmina,Zabierzów,powiat krakowski,32%
177,Udział uczniów w ogóle osób objętych dożywianiem,2014,gmina,Zielonki,powiat krakowski,46%
177,Udział uczniów w ogóle osób objętych dożywianiem,2014,powiat,powiat limanowski,powiat limanowski,67%
177,Udział uczniów w ogóle osób objętych dożywianiem,2014,gmina,Dobra,powiat limanowski,72%
177,Udział uczniów w ogóle osób objętych dożywianiem,2014,gmina,Jodłownik,powiat limanowski,78%
177,Udział uczniów w ogóle osób objętych dożywianiem,2014,gmina,Kamienica,powiat limanowski,64%
177,Udział uczniów w ogóle osób objętych dożywianiem,2014,gmina,Laskowa,powiat limanowski,87%
177,Udział uczniów w ogóle osób objętych dożywianiem,2014,gmina,Limanowa (miasto),powiat limanowski,35%
177,Udział uczniów w ogóle osób objętych dożywianiem,2014,gmina,Limanowa (wieś),powiat limanowski,66%
177,Udział uczniów w ogóle osób objętych dożywianiem,2014,gmina,Łukowica,powiat limanowski,82%
177,Udział uczniów w ogóle osób objętych dożywianiem,2014,gmina,Mszana Dolna (miasto),powiat limanowski,56%
177,Udział uczniów w ogóle osób objętych dożywianiem,2014,gmina,Mszana Dolna (wieś),powiat limanowski,69%
177,Udział uczniów w ogóle osób objętych dożywianiem,2014,gmina,Niedźwiedź,powiat limanowski,60%
177,Udział uczniów w ogóle osób objętych dożywianiem,2014,gmina,Słopnice,powiat limanowski,78%
177,Udział uczniów w ogóle osób objętych dożywianiem,2014,gmina,Tymbark,powiat limanowski,66%
177,Udział uczniów w ogóle osób objętych dożywianiem,2014,powiat,powiat m. Kraków,powiat m. Kraków,22%
177,Udział uczniów w ogóle osób objętych dożywianiem,2014,powiat,powiat m. Nowy Sącz,powiat m. Nowy Sącz,48%
177,Udział uczniów w ogóle osób objętych dożywianiem,2014,powiat,powiat m. Tarnów,powiat m. Tarnów,23%
177,Udział uczniów w ogóle osób objętych dożywianiem,2014,powiat,powiat miechowski,powiat miechowski,47%
177,Udział uczniów w ogóle osób objętych dożywianiem,2014,gmina,Charsznica,powiat miechowski,60%
177,Udział uczniów w ogóle osób objętych dożywianiem,2014,gmina,Gołcza,powiat miechowski,44%
177,Udział uczniów w ogóle osób objętych dożywianiem,2014,gmina,Kozłów,powiat miechowski,48%
177,Udział uczniów w ogóle osób objętych dożywianiem,2014,gmina,Książ Wielki,powiat miechowski,62%
177,Udział uczniów w ogóle osób objętych dożywianiem,2014,gmina,Miechów,powiat miechowski,35%
177,Udział uczniów w ogóle osób objętych dożywianiem,2014,gmina,Racławice,powiat miechowski,50%
177,Udział uczniów w ogóle osób objętych dożywianiem,2014,gmina,Słaboszów,powiat miechowski,58%
177,Udział uczniów w ogóle osób objętych dożywianiem,2014,powiat,powiat myślenicki,powiat myślenicki,55%
177,Udział uczniów w ogóle osób objętych dożywianiem,2014,gmina,Dobczyce,powiat myślenicki,54%
177,Udział uczniów w ogóle osób objętych dożywianiem,2014,gmina,Lubień,powiat myślenicki,83%
177,Udział uczniów w ogóle osób objętych dożywianiem,2014,gmina,Myślenice,powiat myślenicki,42%
177,Udział uczniów w ogóle osób objętych dożywianiem,2014,gmina,Pcim,powiat myślenicki,59%
177,Udział uczniów w ogóle osób objętych dożywianiem,2014,gmina,Raciechowice,powiat myślenicki,51%
177,Udział uczniów w ogóle osób objętych dożywianiem,2014,gmina,Siepraw,powiat myślenicki,60%
177,Udział uczniów w ogóle osób objętych dożywianiem,2014,gmina,Sułkowice,powiat myślenicki,51%
177,Udział uczniów w ogóle osób objętych dożywianiem,2014,gmina,Tokarnia,powiat myślenicki,82%
177,Udział uczniów w ogóle osób objętych dożywianiem,2014,gmina,Wiśniowa,powiat myślenicki,57%
177,Udział uczniów w ogóle osób objętych dożywianiem,2014,powiat,powiat nowosądecki,powiat nowosądecki,60%
177,Udział uczniów w ogóle osób objętych dożywianiem,2014,gmina,Podegrodzie,powiat nowosądecki,54%
177,Udział uczniów w ogóle osób objętych dożywianiem,2014,gmina,Rytro,powiat nowosądecki,60%
177,Udział uczniów w ogóle osób objętych dożywianiem,2014,gmina,Stary Sącz,powiat nowosądecki,53%
177,Udział uczniów w ogóle osób objętych dożywianiem,2014,gmina,Chełmiec,powiat nowosądecki,44%
177,Udział uczniów w ogóle osób objętych dożywianiem,2014,gmina,Gródek nad Dunajcem,powiat nowosądecki,71%
177,Udział uczniów w ogóle osób objętych dożywianiem,2014,gmina,Grybów (miasto),powiat nowosądecki,40%
177,Udział uczniów w ogóle osób objętych dożywianiem,2014,gmina,Grybów (wieś),powiat nowosądecki,88%
177,Udział uczniów w ogóle osób objętych dożywianiem,2014,gmina,Kamionka Wielka,powiat nowosądecki,60%
177,Udział uczniów w ogóle osób objętych dożywianiem,2014,gmina,Korzenna,powiat nowosądecki,59%
177,Udział uczniów w ogóle osób objętych dożywianiem,2014,gmina,Krynica-Zdrój,powiat nowosądecki,72%
177,Udział uczniów w ogóle osób objętych dożywianiem,2014,gmina,Łabowa,powiat nowosądecki,72%
177,Udział uczniów w ogóle osób objętych dożywianiem,2014,gmina,Łącko,powiat nowosądecki,55%
177,Udział uczniów w ogóle osób objętych dożywianiem,2014,gmina,Łososina Dolna,powiat nowosądecki,84%
177,Udział uczniów w ogóle osób objętych dożywianiem,2014,gmina,Muszyna,powiat nowosądecki,50%
177,Udział uczniów w ogóle osób objętych dożywianiem,2014,gmina,Nawojowa,powiat nowosądecki,63%
177,Udział uczniów w ogóle osób objętych dożywianiem,2014,gmina,Piwniczna-Zdrój,powiat nowosądecki,46%
177,Udział uczniów w ogóle osób objętych dożywianiem,2014,powiat,powiat nowotarski,powiat nowotarski,54%
177,Udział uczniów w ogóle osób objętych dożywianiem,2014,gmina,Czarny Dunajec,powiat nowotarski,66%
177,Udział uczniów w ogóle osób objętych dożywianiem,2014,gmina,Czorsztyn,powiat nowotarski,53%
177,Udział uczniów w ogóle osób objętych dożywianiem,2014,gmina,Jabłonka,powiat nowotarski,46%
177,Udział uczniów w ogóle osób objętych dożywianiem,2014,gmina,Krościenko nad Dunajcem,powiat nowotarski,63%
177,Udział uczniów w ogóle osób objętych dożywianiem,2014,gmina,Lipnica Wielka,powiat nowotarski,69%
177,Udział uczniów w ogóle osób objętych dożywianiem,2014,gmina,Łapsze Niżne,powiat nowotarski,90%
177,Udział uczniów w ogóle osób objętych dożywianiem,2014,gmina,Nowy Targ (miasto),powiat nowotarski,36%
177,Udział uczniów w ogóle osób objętych dożywianiem,2014,gmina,Nowy Targ (wieś),powiat nowotarski,54%
177,Udział uczniów w ogóle osób objętych dożywianiem,2014,gmina,Ochotnica Dolna,powiat nowotarski,45%
177,Udział uczniów w ogóle osób objętych dożywianiem,2014,gmina,Raba Wyżna,powiat nowotarski,49%
177,Udział uczniów w ogóle osób objętych dożywianiem,2014,gmina,Rabka-Zdrój,powiat nowotarski,67%
177,Udział uczniów w ogóle osób objętych dożywianiem,2014,gmina,Spytkowice,powiat nowotarski,81%
177,Udział uczniów w ogóle osób objętych dożywianiem,2014,gmina,Szaflary,powiat nowotarski,59%
177,Udział uczniów w ogóle osób objętych dożywianiem,2014,gmina,Szczawnica,powiat nowotarski,48%
177,Udział uczniów w ogóle osób objętych dożywianiem,2014,powiat,powiat olkuski,powiat olkuski,39%
177,Udział uczniów w ogóle osób objętych dożywianiem,2014,gmina,Bolesław,powiat olkuski,52%
177,Udział uczniów w ogóle osób objętych dożywianiem,2014,gmina,Bukowno,powiat olkuski,24%
177,Udział uczniów w ogóle osób objętych dożywianiem,2014,gmina,Klucze,powiat olkuski,50%
177,Udział uczniów w ogóle osób objętych dożywianiem,2014,gmina,Olkusz,powiat olkuski,22%
177,Udział uczniów w ogóle osób objętych dożywianiem,2014,gmina,Trzyciąż,powiat olkuski,64%
177,Udział uczniów w ogóle osób objętych dożywianiem,2014,gmina,Wolbrom,powiat olkuski,69%
177,Udział uczniów w ogóle osób objętych dożywianiem,2014,powiat,powiat oświęcimski,powiat oświęcimski,37%
177,Udział uczniów w ogóle osób objętych dożywianiem,2014,gmina,Brzeszcze,powiat oświęcimski,47%
177,Udział uczniów w ogóle osób objętych dożywianiem,2014,gmina,Chełmek,powiat oświęcimski,56%
177,Udział uczniów w ogóle osób objętych dożywianiem,2014,gmina,Kęty,powiat oświęcimski,69%
177,Udział uczniów w ogóle osób objętych dożywianiem,2014,gmina,Osiek,powiat oświęcimski,31%
177,Udział uczniów w ogóle osób objętych dożywianiem,2014,gmina,Oświęcim (miasto),powiat oświęcimski,25%
177,Udział uczniów w ogóle osób objętych dożywianiem,2014,gmina,Oświęcim (wieś),powiat oświęcimski,49%
177,Udział uczniów w ogóle osób objętych dożywianiem,2014,gmina,Polanka Wielka,powiat oświęcimski,49%
177,Udział uczniów w ogóle osób objętych dożywianiem,2014,gmina,Przeciszów,powiat oświęcimski,45%
177,Udział uczniów w ogóle osób objętych dożywianiem,2014,gmina,Zator,powiat oświęcimski,50%
177,Udział uczniów w ogóle osób objętych dożywianiem,2014,powiat,powiat proszowicki,powiat proszowicki,53%
177,Udział uczniów w ogóle osób objętych dożywianiem,2014,gmina,Koniusza,powiat proszowicki,99%
177,Udział uczniów w ogóle osób objętych dożywianiem,2014,gmina,Koszyce,powiat proszowicki,51%
177,Udział uczniów w ogóle osób objętych dożywianiem,2014,gmina,Nowe Brzesko,powiat proszowicki,72%
177,Udział uczniów w ogóle osób objętych dożywianiem,2014,gmina,Pałecznica,powiat proszowicki,90%
177,Udział uczniów w ogóle osób objętych dożywianiem,2014,gmina,Proszowice,powiat proszowicki,30%
177,Udział uczniów w ogóle osób objętych dożywianiem,2014,gmina,Radziemice,powiat proszowicki,81%
177,Udział uczniów w ogóle osób objętych dożywianiem,2014,powiat,powiat suski,powiat suski,65%
177,Udział uczniów w ogóle osób objętych dożywianiem,2014,gmina,Budzów,powiat suski,81%
177,Udział uczniów w ogóle osób objętych dożywianiem,2014,gmina,Bystra-Sidzina,powiat suski,75%
177,Udział uczniów w ogóle osób objętych dożywianiem,2014,gmina,Jordanów (miasto),powiat suski,41%
177,Udział uczniów w ogóle osób objętych dożywianiem,2014,gmina,Jordanów (wieś),powiat suski,67%
177,Udział uczniów w ogóle osób objętych dożywianiem,2014,gmina,Maków Podhalański,powiat suski,69%
177,Udział uczniów w ogóle osób objętych dożywianiem,2014,gmina,Stryszawa,powiat suski,62%
177,Udział uczniów w ogóle osób objętych dożywianiem,2014,gmina,Sucha Beskidzka,powiat suski,43%
177,Udział uczniów w ogóle osób objętych dożywianiem,2014,gmina,Zawoja,powiat suski,80%
177,Udział uczniów w ogóle osób objętych dożywianiem,2014,gmina,Zembrzyce,powiat suski,60%
177,Udział uczniów w ogóle osób objętych dożywianiem,2014,powiat,powiat tarnowski,powiat tarnowski,63%
177,Udział uczniów w ogóle osób objętych dożywianiem,2014,gmina,Ciężkowice,powiat tarnowski,74%
177,Udział uczniów w ogóle osób objętych dożywianiem,2014,gmina,Gromnik,powiat tarnowski,83%
177,Udział uczniów w ogóle osób objętych dożywianiem,2014,gmina,Lisia Góra,powiat tarnowski,66%
177,Udział uczniów w ogóle osób objętych dożywianiem,2014,gmina,Pleśna,powiat tarnowski,74%
177,Udział uczniów w ogóle osób objętych dożywianiem,2014,gmina,Radłów,powiat tarnowski,47%
177,Udział uczniów w ogóle osób objętych dożywianiem,2014,gmina,Ryglice,powiat tarnowski,84%
177,Udział uczniów w ogóle osób objętych dożywianiem,2014,gmina,Rzepiennik Strzyżewski,powiat tarnowski,79%
177,Udział uczniów w ogóle osób objętych dożywianiem,2014,gmina,Skrzyszów,powiat tarnowski,57%
177,Udział uczniów w ogóle osób objętych dożywianiem,2014,gmina,Szerzyny,powiat tarnowski,59%
177,Udział uczniów w ogóle osób objętych dożywianiem,2014,gmina,Tarnów (wieś),powiat tarnowski,55%
177,Udział uczniów w ogóle osób objętych dożywianiem,2014,gmina,Tuchów,powiat tarnowski,83%
177,Udział uczniów w ogóle osób objętych dożywianiem,2014,gmina,Wierzchosławice,powiat tarnowski,58%
177,Udział uczniów w ogóle osób objętych dożywianiem,2014,gmina,Wietrzychowice,powiat tarnowski,66%
177,Udział uczniów w ogóle osób objętych dożywianiem,2014,gmina,Wojnicz,powiat tarnowski,33%
177,Udział uczniów w ogóle osób objętych dożywianiem,2014,gmina,Zakliczyn,powiat tarnowski,55%
177,Udział uczniów w ogóle osób objętych dożywianiem,2014,gmina,Żabno,powiat tarnowski,63%
177,Udział uczniów w ogóle osób objętych dożywianiem,2014,powiat,powiat tatrzański,powiat tatrzański,47%
177,Udział uczniów w ogóle osób objętych dożywianiem,2014,gmina,Biały Dunajec,powiat tatrzański,81%
177,Udział uczniów w ogóle osób objętych dożywianiem,2014,gmina,Bukowina Tatrzańska,powiat tatrzański,33%
177,Udział uczniów w ogóle osób objętych dożywianiem,2014,gmina,Kościelisko,powiat tatrzański,85%
177,Udział uczniów w ogóle osób objętych dożywianiem,2014,gmina,Poronin,powiat tatrzański,39%
177,Udział uczniów w ogóle osób objętych dożywianiem,2014,gmina,Zakopane,powiat tatrzański,38%
177,Udział uczniów w ogóle osób objętych dożywianiem,2014,powiat,powiat wadowicki,powiat wadowicki,55%
177,Udział uczniów w ogóle osób objętych dożywianiem,2014,gmina,Andrychów,powiat wadowicki,78%
177,Udział uczniów w ogóle osób objętych dożywianiem,2014,gmina,Brzeźnica,powiat wadowicki,59%
177,Udział uczniów w ogóle osób objętych dożywianiem,2014,gmina,Kalwaria Zebrzydowska,powiat wadowicki,60%
177,Udział uczniów w ogóle osób objętych dożywianiem,2014,gmina,Lanckorona,powiat wadowicki,43%
177,Udział uczniów w ogóle osób objętych dożywianiem,2014,gmina,Mucharz,powiat wadowicki,56%
177,Udział uczniów w ogóle osób objętych dożywianiem,2014,gmina,Spytkowice,powiat wadowicki,52%
177,Udział uczniów w ogóle osób objętych dożywianiem,2014,gmina,Stryszów,powiat wadowicki,51%
177,Udział uczniów w ogóle osób objętych dożywianiem,2014,gmina,Tomice,powiat wadowicki,67%
177,Udział uczniów w ogóle osób objętych dożywianiem,2014,gmina,Wadowice,powiat wadowicki,50%
177,Udział uczniów w ogóle osób objętych dożywianiem,2014,gmina,Wieprz,powiat wadowicki,41%
177,Udział uczniów w ogóle osób objętych dożywianiem,2014,powiat,powiat wielicki,powiat wielicki,37%
177,Udział uczniów w ogóle osób objętych dożywianiem,2014,gmina,Biskupice,powiat wielicki,48%
177,Udział uczniów w ogóle osób objętych dożywianiem,2014,gmina,Gdów,powiat wielicki,68%
177,Udział uczniów w ogóle osób objętych dożywianiem,2014,gmina,Kłaj,powiat wielicki,37%
177,Udział uczniów w ogóle osób objętych dożywianiem,2014,gmina,Niepołomice,powiat wielicki,41%
177,Udział uczniów w ogóle osób objętych dożywianiem,2014,gmina,Wieliczka,powiat wielicki,29%
177,Udział uczniów w ogóle osób objętych dożywianiem,2013,powiat,powiat bocheński,powiat bocheński,49%
177,Udział uczniów w ogóle osób objętych dożywianiem,2013,gmina,Bochnia (miasto),powiat bocheński,34%
177,Udział uczniów w ogóle osób objętych dożywianiem,2013,gmina,Bochnia (wieś),powiat bocheński,44%
177,Udział uczniów w ogóle osób objętych dożywianiem,2013,gmina,Drwinia,powiat bocheński,59%
177,Udział uczniów w ogóle osób objętych dożywianiem,2013,gmina,Lipnica Murowana,powiat bocheński,52%
177,Udział uczniów w ogóle osób objętych dożywianiem,2013,gmina,Łapanów,powiat bocheński,65%
177,Udział uczniów w ogóle osób objętych dożywianiem,2013,gmina,Nowy Wiśnicz,powiat bocheński,83%
177,Udział uczniów w ogóle osób objętych dożywianiem,2013,gmina,Rzezawa,powiat bocheński,45%
177,Udział uczniów w ogóle osób objętych dożywianiem,2013,gmina,Trzciana,powiat bocheński,58%
177,Udział uczniów w ogóle osób objętych dożywianiem,2013,gmina,Żegocina,powiat bocheński,69%
177,Udział uczniów w ogóle osób objętych dożywianiem,2013,powiat,powiat brzeski,powiat brzeski,61%
177,Udział uczniów w ogóle osób objętych dożywianiem,2013,gmina,Borzęcin,powiat brzeski,48%
177,Udział uczniów w ogóle osób objętych dożywianiem,2013,gmina,Brzesko,powiat brzeski,72%
177,Udział uczniów w ogóle osób objętych dożywianiem,2013,gmina,Czchów,powiat brzeski,36%
177,Udział uczniów w ogóle osób objętych dożywianiem,2013,gmina,Dębno,powiat brzeski,39%
177,Udział uczniów w ogóle osób objętych dożywianiem,2013,gmina,Gnojnik,powiat brzeski,76%
177,Udział uczniów w ogóle osób objętych dożywianiem,2013,gmina,Iwkowa,powiat brzeski,86%
177,Udział uczniów w ogóle osób objętych dożywianiem,2013,gmina,Szczurowa,powiat brzeski,86%
177,Udział uczniów w ogóle osób objętych dożywianiem,2013,powiat,powiat chrzanowski,powiat chrzanowski,38%
177,Udział uczniów w ogóle osób objętych dożywianiem,2013,gmina,Alwernia,powiat chrzanowski,44%
177,Udział uczniów w ogóle osób objętych dożywianiem,2013,gmina,Babice,powiat chrzanowski,26%
177,Udział uczniów w ogóle osób objętych dożywianiem,2013,gmina,Chrzanów,powiat chrzanowski,40%
177,Udział uczniów w ogóle osób objętych dożywianiem,2013,gmina,Libiąż,powiat chrzanowski,30%
177,Udział uczniów w ogóle osób objętych dożywianiem,2013,gmina,Trzebinia,powiat chrzanowski,43%
177,Udział uczniów w ogóle osób objętych dożywianiem,2013,powiat,powiat dąbrowski,powiat dąbrowski,60%
177,Udział uczniów w ogóle osób objętych dożywianiem,2013,gmina,Bolesław,powiat dąbrowski,77%
177,Udział uczniów w ogóle osób objętych dożywianiem,2013,gmina,Dąbrowa Tarnowska,powiat dąbrowski,46%
177,Udział uczniów w ogóle osób objętych dożywianiem,2013,gmina,Gręboszów,powiat dąbrowski,61%
177,Udział uczniów w ogóle osób objętych dożywianiem,2013,gmina,Mędrzechów,powiat dąbrowski,92%
177,Udział uczniów w ogóle osób objętych dożywianiem,2013,gmina,Olesno,powiat dąbrowski,64%
177,Udział uczniów w ogóle osób objętych dożywianiem,2013,gmina,Radgoszcz,powiat dąbrowski,57%
177,Udział uczniów w ogóle osób objętych dożywianiem,2013,gmina,Szczucin,powiat dąbrowski,78%
177,Udział uczniów w ogóle osób objętych dożywianiem,2013,powiat,powiat gorlicki,powiat gorlicki,67%
177,Udział uczniów w ogóle osób objętych dożywianiem,2013,gmina,Biecz,powiat gorlicki,74%
177,Udział uczniów w ogóle osób objętych dożywianiem,2013,gmina,Bobowa,powiat gorlicki,75%
177,Udział uczniów w ogóle osób objętych dożywianiem,2013,gmina,Gorlice (miasto),powiat gorlicki,57%
177,Udział uczniów w ogóle osób objętych dożywianiem,2013,gmina,Gorlice (wieś),powiat gorlicki,52%
177,Udział uczniów w ogóle osób objętych dożywianiem,2013,gmina,Lipinki,powiat gorlicki,77%
177,Udział uczniów w ogóle osób objętych dożywianiem,2013,gmina,Łużna,powiat gorlicki,62%
177,Udział uczniów w ogóle osób objętych dożywianiem,2013,gmina,Moszczenica,powiat gorlicki,81%
177,Udział uczniów w ogóle osób objętych dożywianiem,2013,gmina,Ropa,powiat gorlicki,77%
177,Udział uczniów w ogóle osób objętych dożywianiem,2013,gmina,Sękowa,powiat gorlicki,70%
177,Udział uczniów w ogóle osób objętych dożywianiem,2013,gmina,Uście Gorlickie,powiat gorlicki,82%
177,Udział uczniów w ogóle osób objętych dożywianiem,2013,powiat,powiat krakowski,powiat krakowski,41%
177,Udział uczniów w ogóle osób objętych dożywianiem,2013,gmina,Czernichów,powiat krakowski,37%
177,Udział uczniów w ogóle osób objętych dożywianiem,2013,gmina,Igołomia-Wawrzeńczyce,powiat krakowski,80%
177,Udział uczniów w ogóle osób objętych dożywianiem,2013,gmina,Iwanowice,powiat krakowski,75%
177,Udział uczniów w ogóle osób objętych dożywianiem,2013,gmina,Jerzmanowice-Przeginia,powiat krakowski,66%
177,Udział uczniów w ogóle osób objętych dożywianiem,2013,gmina,Kocmyrzów-Luborzyca,powiat krakowski,49%
177,Udział uczniów w ogóle osób objętych dożywianiem,2013,gmina,Krzeszowice,powiat krakowski,29%
177,Udział uczniów w ogóle osób objętych dożywianiem,2013,gmina,Liszki,powiat krakowski,66%
177,Udział uczniów w ogóle osób objętych dożywianiem,2013,gmina,Michałowice,powiat krakowski,57%
177,Udział uczniów w ogóle osób objętych dożywianiem,2013,gmina,Mogilany,powiat krakowski,30%
177,Udział uczniów w ogóle osób objętych dożywianiem,2013,gmina,Skała,powiat krakowski,39%
177,Udział uczniów w ogóle osób objętych dożywianiem,2013,gmina,Skawina,powiat krakowski,48%
177,Udział uczniów w ogóle osób objętych dożywianiem,2013,gmina,Słomniki,powiat krakowski,31%
177,Udział uczniów w ogóle osób objętych dożywianiem,2013,gmina,Sułoszowa,powiat krakowski,77%
177,Udział uczniów w ogóle osób objętych dożywianiem,2013,gmina,Świątniki Górne,powiat krakowski,30%
177,Udział uczniów w ogóle osób objętych dożywianiem,2013,gmina,Wielka Wieś,powiat krakowski,27%
177,Udział uczniów w ogóle osób objętych dożywianiem,2013,gmina,Zabierzów,powiat krakowski,31%
177,Udział uczniów w ogóle osób objętych dożywianiem,2013,gmina,Zielonki,powiat krakowski,40%
177,Udział uczniów w ogóle osób objętych dożywianiem,2013,powiat,powiat limanowski,powiat limanowski,68%
177,Udział uczniów w ogóle osób objętych dożywianiem,2013,gmina,Dobra,powiat limanowski,86%
177,Udział uczniów w ogóle osób objętych dożywianiem,2013,gmina,Jodłownik,powiat limanowski,84%
177,Udział uczniów w ogóle osób objętych dożywianiem,2013,gmina,Kamienica,powiat limanowski,66%
177,Udział uczniów w ogóle osób objętych dożywianiem,2013,gmina,Laskowa,powiat limanowski,95%
177,Udział uczniów w ogóle osób objętych dożywianiem,2013,gmina,Limanowa (miasto),powiat limanowski,36%
177,Udział uczniów w ogóle osób objętych dożywianiem,2013,gmina,Limanowa (wieś),powiat limanowski,62%
177,Udział uczniów w ogóle osób objętych dożywianiem,2013,gmina,Łukowica,powiat limanowski,81%
177,Udział uczniów w ogóle osób objętych dożywianiem,2013,gmina,Mszana Dolna (miasto),powiat limanowski,57%
177,Udział uczniów w ogóle osób objętych dożywianiem,2013,gmina,Mszana Dolna (wieś),powiat limanowski,75%
177,Udział uczniów w ogóle osób objętych dożywianiem,2013,gmina,Niedźwiedź,powiat limanowski,57%
177,Udział uczniów w ogóle osób objętych dożywianiem,2013,gmina,Słopnice,powiat limanowski,70%
177,Udział uczniów w ogóle osób objętych dożywianiem,2013,gmina,Tymbark,powiat limanowski,68%
177,Udział uczniów w ogóle osób objętych dożywianiem,2013,powiat,powiat m. Kraków,powiat m. Kraków,21%
177,Udział uczniów w ogóle osób objętych dożywianiem,2013,powiat,powiat m. Nowy Sącz,powiat m. Nowy Sącz,46%
177,Udział uczniów w ogóle osób objętych dożywianiem,2013,powiat,powiat m. Tarnów,powiat m. Tarnów,24%
177,Udział uczniów w ogóle osób objętych dożywianiem,2013,powiat,powiat miechowski,powiat miechowski,47%
177,Udział uczniów w ogóle osób objętych dożywianiem,2013,gmina,Charsznica,powiat miechowski,50%
177,Udział uczniów w ogóle osób objętych dożywianiem,2013,gmina,Gołcza,powiat miechowski,51%
177,Udział uczniów w ogóle osób objętych dożywianiem,2013,gmina,Kozłów,powiat miechowski,83%
177,Udział uczniów w ogóle osób objętych dożywianiem,2013,gmina,Książ Wielki,powiat miechowski,53%
177,Udział uczniów w ogóle osób objętych dożywianiem,2013,gmina,Miechów,powiat miechowski,34%
177,Udział uczniów w ogóle osób objętych dożywianiem,2013,gmina,Racławice,powiat miechowski,54%
177,Udział uczniów w ogóle osób objętych dożywianiem,2013,gmina,Słaboszów,powiat miechowski,57%
177,Udział uczniów w ogóle osób objętych dożywianiem,2013,powiat,powiat myślenicki,powiat myślenicki,52%
177,Udział uczniów w ogóle osób objętych dożywianiem,2013,gmina,Dobczyce,powiat myślenicki,55%
177,Udział uczniów w ogóle osób objętych dożywianiem,2013,gmina,Lubień,powiat myślenicki,77%
177,Udział uczniów w ogóle osób objętych dożywianiem,2013,gmina,Myślenice,powiat myślenicki,42%
177,Udział uczniów w ogóle osób objętych dożywianiem,2013,gmina,Pcim,powiat myślenicki,61%
177,Udział uczniów w ogóle osób objętych dożywianiem,2013,gmina,Raciechowice,powiat myślenicki,49%
177,Udział uczniów w ogóle osób objętych dożywianiem,2013,gmina,Siepraw,powiat myślenicki,64%
177,Udział uczniów w ogóle osób objętych dożywianiem,2013,gmina,Sułkowice,powiat myślenicki,38%
177,Udział uczniów w ogóle osób objętych dożywianiem,2013,gmina,Tokarnia,powiat myślenicki,77%
177,Udział uczniów w ogóle osób objętych dożywianiem,2013,gmina,Wiśniowa,powiat myślenicki,59%
177,Udział uczniów w ogóle osób objętych dożywianiem,2013,powiat,powiat nowosądecki,powiat nowosądecki,56%
177,Udział uczniów w ogóle osób objętych dożywianiem,2013,gmina,Podegrodzie,powiat nowosądecki,59%
177,Udział uczniów w ogóle osób objętych dożywianiem,2013,gmina,Rytro,powiat nowosądecki,51%
177,Udział uczniów w ogóle osób objętych dożywianiem,2013,gmina,Stary Sącz,powiat nowosądecki,57%
177,Udział uczniów w ogóle osób objętych dożywianiem,2013,gmina,Chełmiec,powiat nowosądecki,41%
177,Udział uczniów w ogóle osób objętych dożywianiem,2013,gmina,Gródek nad Dunajcem,powiat nowosądecki,64%
177,Udział uczniów w ogóle osób objętych dożywianiem,2013,gmina,Grybów (miasto),powiat nowosądecki,36%
177,Udział uczniów w ogóle osób objętych dożywianiem,2013,gmina,Grybów (wieś),powiat nowosądecki,57%
177,Udział uczniów w ogóle osób objętych dożywianiem,2013,gmina,Kamionka Wielka,powiat nowosądecki,60%
177,Udział uczniów w ogóle osób objętych dożywianiem,2013,gmina,Korzenna,powiat nowosądecki,58%
177,Udział uczniów w ogóle osób objętych dożywianiem,2013,gmina,Krynica-Zdrój,powiat nowosądecki,68%
177,Udział uczniów w ogóle osób objętych dożywianiem,2013,gmina,Łabowa,powiat nowosądecki,76%
177,Udział uczniów w ogóle osób objętych dożywianiem,2013,gmina,Łącko,powiat nowosądecki,60%
177,Udział uczniów w ogóle osób objętych dożywianiem,2013,gmina,Łososina Dolna,powiat nowosądecki,84%
177,Udział uczniów w ogóle osób objętych dożywianiem,2013,gmina,Muszyna,powiat nowosądecki,48%
177,Udział uczniów w ogóle osób objętych dożywianiem,2013,gmina,Nawojowa,powiat nowosądecki,61%
177,Udział uczniów w ogóle osób objętych dożywianiem,2013,gmina,Piwniczna-Zdrój,powiat nowosądecki,67%
177,Udział uczniów w ogóle osób objętych dożywianiem,2013,powiat,powiat nowotarski,powiat nowotarski,52%
177,Udział uczniów w ogóle osób objętych dożywianiem,2013,gmina,Czarny Dunajec,powiat nowotarski,65%
177,Udział uczniów w ogóle osób objętych dożywianiem,2013,gmina,Czorsztyn,powiat nowotarski,50%
177,Udział uczniów w ogóle osób objętych dożywianiem,2013,gmina,Jabłonka,powiat nowotarski,58%
177,Udział uczniów w ogóle osób objętych dożywianiem,2013,gmina,Krościenko nad Dunajcem,powiat nowotarski,57%
177,Udział uczniów w ogóle osób objętych dożywianiem,2013,gmina,Lipnica Wielka,powiat nowotarski,70%
177,Udział uczniów w ogóle osób objętych dożywianiem,2013,gmina,Łapsze Niżne,powiat nowotarski,87%
177,Udział uczniów w ogóle osób objętych dożywianiem,2013,gmina,Nowy Targ (miasto),powiat nowotarski,32%
177,Udział uczniów w ogóle osób objętych dożywianiem,2013,gmina,Nowy Targ (wieś),powiat nowotarski,59%
177,Udział uczniów w ogóle osób objętych dożywianiem,2013,gmina,Ochotnica Dolna,powiat nowotarski,43%
177,Udział uczniów w ogóle osób objętych dożywianiem,2013,gmina,Raba Wyżna,powiat nowotarski,54%
177,Udział uczniów w ogóle osób objętych dożywianiem,2013,gmina,Rabka-Zdrój,powiat nowotarski,40%
177,Udział uczniów w ogóle osób objętych dożywianiem,2013,gmina,Spytkowice,powiat nowotarski,78%
177,Udział uczniów w ogóle osób objętych dożywianiem,2013,gmina,Szaflary,powiat nowotarski,74%
177,Udział uczniów w ogóle osób objętych dożywianiem,2013,gmina,Szczawnica,powiat nowotarski,46%
177,Udział uczniów w ogóle osób objętych dożywianiem,2013,powiat,powiat olkuski,powiat olkuski,41%
177,Udział uczniów w ogóle osób objętych dożywianiem,2013,gmina,Bolesław,powiat olkuski,67%
177,Udział uczniów w ogóle osób objętych dożywianiem,2013,gmina,Bukowno,powiat olkuski,22%
177,Udział uczniów w ogóle osób objętych dożywianiem,2013,gmina,Klucze,powiat olkuski,46%
177,Udział uczniów w ogóle osób objętych dożywianiem,2013,gmina,Olkusz,powiat olkuski,26%
177,Udział uczniów w ogóle osób objętych dożywianiem,2013,gmina,Trzyciąż,powiat olkuski,71%
177,Udział uczniów w ogóle osób objętych dożywianiem,2013,gmina,Wolbrom,powiat olkuski,76%
177,Udział uczniów w ogóle osób objętych dożywianiem,2013,powiat,powiat oświęcimski,powiat oświęcimski,35%
177,Udział uczniów w ogóle osób objętych dożywianiem,2013,gmina,Brzeszcze,powiat oświęcimski,35%
177,Udział uczniów w ogóle osób objętych dożywianiem,2013,gmina,Chełmek,powiat oświęcimski,71%
177,Udział uczniów w ogóle osób objętych dożywianiem,2013,gmina,Kęty,powiat oświęcimski,63%
177,Udział uczniów w ogóle osób objętych dożywianiem,2013,gmina,Osiek,powiat oświęcimski,51%
177,Udział uczniów w ogóle osób objętych dożywianiem,2013,gmina,Oświęcim (miasto),powiat oświęcimski,25%
177,Udział uczniów w ogóle osób objętych dożywianiem,2013,gmina,Oświęcim (wieś),powiat oświęcimski,45%
177,Udział uczniów w ogóle osób objętych dożywianiem,2013,gmina,Polanka Wielka,powiat oświęcimski,29%
177,Udział uczniów w ogóle osób objętych dożywianiem,2013,gmina,Przeciszów,powiat oświęcimski,54%
177,Udział uczniów w ogóle osób objętych dożywianiem,2013,gmina,Zator,powiat oświęcimski,54%
177,Udział uczniów w ogóle osób objętych dożywianiem,2013,powiat,powiat proszowicki,powiat proszowicki,52%
177,Udział uczniów w ogóle osób objętych dożywianiem,2013,gmina,Koniusza,powiat proszowicki,99%
177,Udział uczniów w ogóle osób objętych dożywianiem,2013,gmina,Koszyce,powiat proszowicki,65%
177,Udział uczniów w ogóle osób objętych dożywianiem,2013,gmina,Nowe Brzesko,powiat proszowicki,54%
177,Udział uczniów w ogóle osób objętych dożywianiem,2013,gmina,Pałecznica,powiat proszowicki,78%
177,Udział uczniów w ogóle osób objętych dożywianiem,2013,gmina,Proszowice,powiat proszowicki,29%
177,Udział uczniów w ogóle osób objętych dożywianiem,2013,gmina,Radziemice,powiat proszowicki,91%
177,Udział uczniów w ogóle osób objętych dożywianiem,2013,powiat,powiat suski,powiat suski,61%
177,Udział uczniów w ogóle osób objętych dożywianiem,2013,gmina,Budzów,powiat suski,80%
177,Udział uczniów w ogóle osób objętych dożywianiem,2013,gmina,Bystra-Sidzina,powiat suski,80%
177,Udział uczniów w ogóle osób objętych dożywianiem,2013,gmina,Jordanów (miasto),powiat suski,39%
177,Udział uczniów w ogóle osób objętych dożywianiem,2013,gmina,Jordanów (wieś),powiat suski,61%
177,Udział uczniów w ogóle osób objętych dożywianiem,2013,gmina,Maków Podhalański,powiat suski,62%
177,Udział uczniów w ogóle osób objętych dożywianiem,2013,gmina,Stryszawa,powiat suski,60%
177,Udział uczniów w ogóle osób objętych dożywianiem,2013,gmina,Sucha Beskidzka,powiat suski,39%
177,Udział uczniów w ogóle osób objętych dożywianiem,2013,gmina,Zawoja,powiat suski,68%
177,Udział uczniów w ogóle osób objętych dożywianiem,2013,gmina,Zembrzyce,powiat suski,56%
177,Udział uczniów w ogóle osób objętych dożywianiem,2013,powiat,powiat tarnowski,powiat tarnowski,58%
177,Udział uczniów w ogóle osób objętych dożywianiem,2013,gmina,Ciężkowice,powiat tarnowski,72%
177,Udział uczniów w ogóle osób objętych dożywianiem,2013,gmina,Gromnik,powiat tarnowski,88%
177,Udział uczniów w ogóle osób objętych dożywianiem,2013,gmina,Lisia Góra,powiat tarnowski,64%
177,Udział uczniów w ogóle osób objętych dożywianiem,2013,gmina,Pleśna,powiat tarnowski,86%
177,Udział uczniów w ogóle osób objętych dożywianiem,2013,gmina,Radłów,powiat tarnowski,41%
177,Udział uczniów w ogóle osób objętych dożywianiem,2013,gmina,Ryglice,powiat tarnowski,83%
177,Udział uczniów w ogóle osób objętych dożywianiem,2013,gmina,Rzepiennik Strzyżewski,powiat tarnowski,81%
177,Udział uczniów w ogóle osób objętych dożywianiem,2013,gmina,Skrzyszów,powiat tarnowski,57%
177,Udział uczniów w ogóle osób objętych dożywianiem,2013,gmina,Szerzyny,powiat tarnowski,51%
177,Udział uczniów w ogóle osób objętych dożywianiem,2013,gmina,Tarnów (wieś),powiat tarnowski,51%
177,Udział uczniów w ogóle osób objętych dożywianiem,2013,gmina,Tuchów,powiat tarnowski,84%
177,Udział uczniów w ogóle osób objętych dożywianiem,2013,gmina,Wierzchosławice,powiat tarnowski,41%
177,Udział uczniów w ogóle osób objętych dożywianiem,2013,gmina,Wietrzychowice,powiat tarnowski,62%
177,Udział uczniów w ogóle osób objętych dożywianiem,2013,gmina,Wojnicz,powiat tarnowski,36%
177,Udział uczniów w ogóle osób objętych dożywianiem,2013,gmina,Zakliczyn,powiat tarnowski,55%
177,Udział uczniów w ogóle osób objętych dożywianiem,2013,gmina,Żabno,powiat tarnowski,35%
177,Udział uczniów w ogóle osób objętych dożywianiem,2013,powiat,powiat tatrzański,powiat tatrzański,49%
177,Udział uczniów w ogóle osób objętych dożywianiem,2013,gmina,Biały Dunajec,powiat tatrzański,84%
177,Udział uczniów w ogóle osób objętych dożywianiem,2013,gmina,Bukowina Tatrzańska,powiat tatrzański,36%
177,Udział uczniów w ogóle osób objętych dożywianiem,2013,gmina,Kościelisko,powiat tatrzański,69%
177,Udział uczniów w ogóle osób objętych dożywianiem,2013,gmina,Poronin,powiat tatrzański,55%
177,Udział uczniów w ogóle osób objętych dożywianiem,2013,gmina,Zakopane,powiat tatrzański,35%
177,Udział uczniów w ogóle osób objętych dożywianiem,2013,powiat,powiat wadowicki,powiat wadowicki,53%
177,Udział uczniów w ogóle osób objętych dożywianiem,2013,gmina,Andrychów,powiat wadowicki,83%
177,Udział uczniów w ogóle osób objętych dożywianiem,2013,gmina,Brzeźnica,powiat wadowicki,56%
177,Udział uczniów w ogóle osób objętych dożywianiem,2013,gmina,Kalwaria Zebrzydowska,powiat wadowicki,66%
177,Udział uczniów w ogóle osób objętych dożywianiem,2013,gmina,Lanckorona,powiat wadowicki,39%
177,Udział uczniów w ogóle osób objętych dożywianiem,2013,gmina,Mucharz,powiat wadowicki,44%
177,Udział uczniów w ogóle osób objętych dożywianiem,2013,gmina,Spytkowice,powiat wadowicki,53%
177,Udział uczniów w ogóle osób objętych dożywianiem,2013,gmina,Stryszów,powiat wadowicki,50%
177,Udział uczniów w ogóle osób objętych dożywianiem,2013,gmina,Tomice,powiat wadowicki,74%
177,Udział uczniów w ogóle osób objętych dożywianiem,2013,gmina,Wadowice,powiat wadowicki,43%
177,Udział uczniów w ogóle osób objętych dożywianiem,2013,gmina,Wieprz,powiat wadowicki,39%
177,Udział uczniów w ogóle osób objętych dożywianiem,2013,powiat,powiat wielicki,powiat wielicki,36%
177,Udział uczniów w ogóle osób objętych dożywianiem,2013,gmina,Biskupice,powiat wielicki,57%
177,Udział uczniów w ogóle osób objętych dożywianiem,2013,gmina,Gdów,powiat wielicki,63%
177,Udział uczniów w ogóle osób objętych dożywianiem,2013,gmina,Kłaj,powiat wielicki,31%
177,Udział uczniów w ogóle osób objętych dożywianiem,2013,gmina,Niepołomice,powiat wielicki,40%
177,Udział uczniów w ogóle osób objętych dożywianiem,2013,gmina,Wieliczka,powiat wielicki,27%
177,Udział uczniów w ogóle osób objętych dożywianiem,2012,powiat,powiat bocheński,powiat bocheński,51%
177,Udział uczniów w ogóle osób objętych dożywianiem,2012,gmina,Bochnia (miasto),powiat bocheński,37%
177,Udział uczniów w ogóle osób objętych dożywianiem,2012,gmina,Bochnia (wieś),powiat bocheński,43%
177,Udział uczniów w ogóle osób objętych dożywianiem,2012,gmina,Drwinia,powiat bocheński,62%
177,Udział uczniów w ogóle osób objętych dożywianiem,2012,gmina,Lipnica Murowana,powiat bocheński,54%
177,Udział uczniów w ogóle osób objętych dożywianiem,2012,gmina,Łapanów,powiat bocheński,76%
177,Udział uczniów w ogóle osób objętych dożywianiem,2012,gmina,Nowy Wiśnicz,powiat bocheński,85%
177,Udział uczniów w ogóle osób objętych dożywianiem,2012,gmina,Rzezawa,powiat bocheński,41%
177,Udział uczniów w ogóle osób objętych dożywianiem,2012,gmina,Trzciana,powiat bocheński,59%
177,Udział uczniów w ogóle osób objętych dożywianiem,2012,gmina,Żegocina,powiat bocheński,66%
177,Udział uczniów w ogóle osób objętych dożywianiem,2012,powiat,powiat brzeski,powiat brzeski,63%
177,Udział uczniów w ogóle osób objętych dożywianiem,2012,gmina,Borzęcin,powiat brzeski,50%
177,Udział uczniów w ogóle osób objętych dożywianiem,2012,gmina,Brzesko,powiat brzeski,75%
177,Udział uczniów w ogóle osób objętych dożywianiem,2012,gmina,Czchów,powiat brzeski,36%
177,Udział uczniów w ogóle osób objętych dożywianiem,2012,gmina,Dębno,powiat brzeski,41%
177,Udział uczniów w ogóle osób objętych dożywianiem,2012,gmina,Gnojnik,powiat brzeski,80%
177,Udział uczniów w ogóle osób objętych dożywianiem,2012,gmina,Iwkowa,powiat brzeski,84%
177,Udział uczniów w ogóle osób objętych dożywianiem,2012,gmina,Szczurowa,powiat brzeski,93%
177,Udział uczniów w ogóle osób objętych dożywianiem,2012,powiat,powiat chrzanowski,powiat chrzanowski,39%
177,Udział uczniów w ogóle osób objętych dożywianiem,2012,gmina,Alwernia,powiat chrzanowski,39%
177,Udział uczniów w ogóle osób objętych dożywianiem,2012,gmina,Babice,powiat chrzanowski,28%
177,Udział uczniów w ogóle osób objętych dożywianiem,2012,gmina,Chrzanów,powiat chrzanowski,41%
177,Udział uczniów w ogóle osób objętych dożywianiem,2012,gmina,Libiąż,powiat chrzanowski,43%
177,Udział uczniów w ogóle osób objętych dożywianiem,2012,gmina,Trzebinia,powiat chrzanowski,39%
177,Udział uczniów w ogóle osób objętych dożywianiem,2012,powiat,powiat dąbrowski,powiat dąbrowski,61%
177,Udział uczniów w ogóle osób objętych dożywianiem,2012,gmina,Bolesław,powiat dąbrowski,74%
177,Udział uczniów w ogóle osób objętych dożywianiem,2012,gmina,Dąbrowa Tarnowska,powiat dąbrowski,45%
177,Udział uczniów w ogóle osób objętych dożywianiem,2012,gmina,Gręboszów,powiat dąbrowski,62%
177,Udział uczniów w ogóle osób objętych dożywianiem,2012,gmina,Mędrzechów,powiat dąbrowski,100%
177,Udział uczniów w ogóle osób objętych dożywianiem,2012,gmina,Olesno,powiat dąbrowski,61%
177,Udział uczniów w ogóle osób objętych dożywianiem,2012,gmina,Radgoszcz,powiat dąbrowski,62%
177,Udział uczniów w ogóle osób objętych dożywianiem,2012,gmina,Szczucin,powiat dąbrowski,84%
177,Udział uczniów w ogóle osób objętych dożywianiem,2012,powiat,powiat gorlicki,powiat gorlicki,66%
177,Udział uczniów w ogóle osób objętych dożywianiem,2012,gmina,Biecz,powiat gorlicki,56%
177,Udział uczniów w ogóle osób objętych dożywianiem,2012,gmina,Bobowa,powiat gorlicki,81%
177,Udział uczniów w ogóle osób objętych dożywianiem,2012,gmina,Gorlice (miasto),powiat gorlicki,55%
177,Udział uczniów w ogóle osób objętych dożywianiem,2012,gmina,Gorlice (wieś),powiat gorlicki,53%
177,Udział uczniów w ogóle osób objętych dożywianiem,2012,gmina,Lipinki,powiat gorlicki,79%
177,Udział uczniów w ogóle osób objętych dożywianiem,2012,gmina,Łużna,powiat gorlicki,62%
177,Udział uczniów w ogóle osób objętych dożywianiem,2012,gmina,Moszczenica,powiat gorlicki,80%
177,Udział uczniów w ogóle osób objętych dożywianiem,2012,gmina,Ropa,powiat gorlicki,84%
177,Udział uczniów w ogóle osób objętych dożywianiem,2012,gmina,Sękowa,powiat gorlicki,73%
177,Udział uczniów w ogóle osób objętych dożywianiem,2012,gmina,Uście Gorlickie,powiat gorlicki,86%
177,Udział uczniów w ogóle osób objętych dożywianiem,2012,powiat,powiat krakowski,powiat krakowski,41%
177,Udział uczniów w ogóle osób objętych dożywianiem,2012,gmina,Czernichów,powiat krakowski,38%
177,Udział uczniów w ogóle osób objętych dożywianiem,2012,gmina,Igołomia-Wawrzeńczyce,powiat krakowski,81%
177,Udział uczniów w ogóle osób objętych dożywianiem,2012,gmina,Iwanowice,powiat krakowski,78%
177,Udział uczniów w ogóle osób objętych dożywianiem,2012,gmina,Jerzmanowice-Przeginia,powiat krakowski,71%
177,Udział uczniów w ogóle osób objętych dożywianiem,2012,gmina,Kocmyrzów-Luborzyca,powiat krakowski,48%
177,Udział uczniów w ogóle osób objętych dożywianiem,2012,gmina,Krzeszowice,powiat krakowski,31%
177,Udział uczniów w ogóle osób objętych dożywianiem,2012,gmina,Liszki,powiat krakowski,71%
177,Udział uczniów w ogóle osób objętych dożywianiem,2012,gmina,Michałowice,powiat krakowski,39%
177,Udział uczniów w ogóle osób objętych dożywianiem,2012,gmina,Mogilany,powiat krakowski,28%
177,Udział uczniów w ogóle osób objętych dożywianiem,2012,gmina,Skała,powiat krakowski,36%
177,Udział uczniów w ogóle osób objętych dożywianiem,2012,gmina,Skawina,powiat krakowski,47%
177,Udział uczniów w ogóle osób objętych dożywianiem,2012,gmina,Słomniki,powiat krakowski,33%
177,Udział uczniów w ogóle osób objętych dożywianiem,2012,gmina,Sułoszowa,powiat krakowski,73%
177,Udział uczniów w ogóle osób objętych dożywianiem,2012,gmina,Świątniki Górne,powiat krakowski,30%
177,Udział uczniów w ogóle osób objętych dożywianiem,2012,gmina,Wielka Wieś,powiat krakowski,32%
177,Udział uczniów w ogóle osób objętych dożywianiem,2012,gmina,Zabierzów,powiat krakowski,35%
177,Udział uczniów w ogóle osób objętych dożywianiem,2012,gmina,Zielonki,powiat krakowski,38%
177,Udział uczniów w ogóle osób objętych dożywianiem,2012,powiat,powiat limanowski,powiat limanowski,69%
177,Udział uczniów w ogóle osób objętych dożywianiem,2012,gmina,Dobra,powiat limanowski,79%
177,Udział uczniów w ogóle osób objętych dożywianiem,2012,gmina,Jodłownik,powiat limanowski,78%
177,Udział uczniów w ogóle osób objętych dożywianiem,2012,gmina,Kamienica,powiat limanowski,76%
177,Udział uczniów w ogóle osób objętych dożywianiem,2012,gmina,Laskowa,powiat limanowski,90%
177,Udział uczniów w ogóle osób objętych dożywianiem,2012,gmina,Limanowa (miasto),powiat limanowski,41%
177,Udział uczniów w ogóle osób objętych dożywianiem,2012,gmina,Limanowa (wieś),powiat limanowski,66%
177,Udział uczniów w ogóle osób objętych dożywianiem,2012,gmina,Łukowica,powiat limanowski,75%
177,Udział uczniów w ogóle osób objętych dożywianiem,2012,gmina,Mszana Dolna (miasto),powiat limanowski,64%
177,Udział uczniów w ogóle osób objętych dożywianiem,2012,gmina,Mszana Dolna (wieś),powiat limanowski,74%
177,Udział uczniów w ogóle osób objętych dożywianiem,2012,gmina,Niedźwiedź,powiat limanowski,61%
177,Udział uczniów w ogóle osób objętych dożywianiem,2012,gmina,Słopnice,powiat limanowski,69%
177,Udział uczniów w ogóle osób objętych dożywianiem,2012,gmina,Tymbark,powiat limanowski,76%
177,Udział uczniów w ogóle osób objętych dożywianiem,2012,powiat,powiat m. Kraków,powiat m. Kraków,23%
177,Udział uczniów w ogóle osób objętych dożywianiem,2012,powiat,powiat m. Nowy Sącz,powiat m. Nowy Sącz,45%
177,Udział uczniów w ogóle osób objętych dożywianiem,2012,powiat,powiat m. Tarnów,powiat m. Tarnów,31%
177,Udział uczniów w ogóle osób objętych dożywianiem,2012,powiat,powiat miechowski,powiat miechowski,44%
177,Udział uczniów w ogóle osób objętych dożywianiem,2012,gmina,Charsznica,powiat miechowski,47%
177,Udział uczniów w ogóle osób objętych dożywianiem,2012,gmina,Gołcza,powiat miechowski,51%
177,Udział uczniów w ogóle osób objętych dożywianiem,2012,gmina,Kozłów,powiat miechowski,60%
177,Udział uczniów w ogóle osób objętych dożywianiem,2012,gmina,Książ Wielki,powiat miechowski,49%
177,Udział uczniów w ogóle osób objętych dożywianiem,2012,gmina,Miechów,powiat miechowski,32%
177,Udział uczniów w ogóle osób objętych dożywianiem,2012,gmina,Racławice,powiat miechowski,69%
177,Udział uczniów w ogóle osób objętych dożywianiem,2012,gmina,Słaboszów,powiat miechowski,50%
177,Udział uczniów w ogóle osób objętych dożywianiem,2012,powiat,powiat myślenicki,powiat myślenicki,52%
177,Udział uczniów w ogóle osób objętych dożywianiem,2012,gmina,Dobczyce,powiat myślenicki,53%
177,Udział uczniów w ogóle osób objętych dożywianiem,2012,gmina,Lubień,powiat myślenicki,82%
177,Udział uczniów w ogóle osób objętych dożywianiem,2012,gmina,Myślenice,powiat myślenicki,42%
177,Udział uczniów w ogóle osób objętych dożywianiem,2012,gmina,Pcim,powiat myślenicki,71%
177,Udział uczniów w ogóle osób objętych dożywianiem,2012,gmina,Raciechowice,powiat myślenicki,48%
177,Udział uczniów w ogóle osób objętych dożywianiem,2012,gmina,Siepraw,powiat myślenicki,70%
177,Udział uczniów w ogóle osób objętych dożywianiem,2012,gmina,Sułkowice,powiat myślenicki,34%
177,Udział uczniów w ogóle osób objętych dożywianiem,2012,gmina,Tokarnia,powiat myślenicki,76%
177,Udział uczniów w ogóle osób objętych dożywianiem,2012,gmina,Wiśniowa,powiat myślenicki,60%
177,Udział uczniów w ogóle osób objętych dożywianiem,2012,powiat,powiat nowosądecki,powiat nowosądecki,58%
177,Udział uczniów w ogóle osób objętych dożywianiem,2012,gmina,Podegrodzie,powiat nowosądecki,64%
177,Udział uczniów w ogóle osób objętych dożywianiem,2012,gmina,Rytro,powiat nowosądecki,60%
177,Udział uczniów w ogóle osób objętych dożywianiem,2012,gmina,Stary Sącz,powiat nowosądecki,56%
177,Udział uczniów w ogóle osób objętych dożywianiem,2012,gmina,Chełmiec,powiat nowosądecki,49%
177,Udział uczniów w ogóle osób objętych dożywianiem,2012,gmina,Gródek nad Dunajcem,powiat nowosądecki,80%
177,Udział uczniów w ogóle osób objętych dożywianiem,2012,gmina,Grybów (miasto),powiat nowosądecki,41%
177,Udział uczniów w ogóle osób objętych dożywianiem,2012,gmina,Grybów (wieś),powiat nowosądecki,55%
177,Udział uczniów w ogóle osób objętych dożywianiem,2012,gmina,Kamionka Wielka,powiat nowosądecki,60%
177,Udział uczniów w ogóle osób objętych dożywianiem,2012,gmina,Korzenna,powiat nowosądecki,57%
177,Udział uczniów w ogóle osób objętych dożywianiem,2012,gmina,Krynica-Zdrój,powiat nowosądecki,64%
177,Udział uczniów w ogóle osób objętych dożywianiem,2012,gmina,Łabowa,powiat nowosądecki,82%
177,Udział uczniów w ogóle osób objętych dożywianiem,2012,gmina,Łącko,powiat nowosądecki,63%
177,Udział uczniów w ogóle osób objętych dożywianiem,2012,gmina,Łososina Dolna,powiat nowosądecki,82%
177,Udział uczniów w ogóle osób objętych dożywianiem,2012,gmina,Muszyna,powiat nowosądecki,52%
177,Udział uczniów w ogóle osób objętych dożywianiem,2012,gmina,Nawojowa,powiat nowosądecki,61%
177,Udział uczniów w ogóle osób objętych dożywianiem,2012,gmina,Piwniczna-Zdrój,powiat nowosądecki,66%
177,Udział uczniów w ogóle osób objętych dożywianiem,2012,powiat,powiat nowotarski,powiat nowotarski,52%
177,Udział uczniów w ogóle osób objętych dożywianiem,2012,gmina,Czarny Dunajec,powiat nowotarski,64%
177,Udział uczniów w ogóle osób objętych dożywianiem,2012,gmina,Czorsztyn,powiat nowotarski,57%
177,Udział uczniów w ogóle osób objętych dożywianiem,2012,gmina,Jabłonka,powiat nowotarski,58%
177,Udział uczniów w ogóle osób objętych dożywianiem,2012,gmina,Krościenko nad Dunajcem,powiat nowotarski,59%
177,Udział uczniów w ogóle osób objętych dożywianiem,2012,gmina,Lipnica Wielka,powiat nowotarski,72%
177,Udział uczniów w ogóle osób objętych dożywianiem,2012,gmina,Łapsze Niżne,powiat nowotarski,88%
177,Udział uczniów w ogóle osób objętych dożywianiem,2012,gmina,Nowy Targ (miasto),powiat nowotarski,36%
177,Udział uczniów w ogóle osób objętych dożywianiem,2012,gmina,Nowy Targ (wieś),powiat nowotarski,59%
177,Udział uczniów w ogóle osób objętych dożywianiem,2012,gmina,Ochotnica Dolna,powiat nowotarski,36%
177,Udział uczniów w ogóle osób objętych dożywianiem,2012,gmina,Raba Wyżna,powiat nowotarski,44%
177,Udział uczniów w ogóle osób objętych dożywianiem,2012,gmina,Rabka-Zdrój,powiat nowotarski,45%
177,Udział uczniów w ogóle osób objętych dożywianiem,2012,gmina,Spytkowice,powiat nowotarski,68%
177,Udział uczniów w ogóle osób objętych dożywianiem,2012,gmina,Szaflary,powiat nowotarski,83%
177,Udział uczniów w ogóle osób objętych dożywianiem,2012,gmina,Szczawnica,powiat nowotarski,42%
177,Udział uczniów w ogóle osób objętych dożywianiem,2012,powiat,powiat olkuski,powiat olkuski,39%
177,Udział uczniów w ogóle osób objętych dożywianiem,2012,gmina,Bolesław,powiat olkuski,40%
177,Udział uczniów w ogóle osób objętych dożywianiem,2012,gmina,Bukowno,powiat olkuski,25%
177,Udział uczniów w ogóle osób objętych dożywianiem,2012,gmina,Klucze,powiat olkuski,34%
177,Udział uczniów w ogóle osób objętych dożywianiem,2012,gmina,Olkusz,powiat olkuski,31%
177,Udział uczniów w ogóle osób objętych dożywianiem,2012,gmina,Trzyciąż,powiat olkuski,85%
177,Udział uczniów w ogóle osób objętych dożywianiem,2012,gmina,Wolbrom,powiat olkuski,81%
177,Udział uczniów w ogóle osób objętych dożywianiem,2012,powiat,powiat oświęcimski,powiat oświęcimski,34%
177,Udział uczniów w ogóle osób objętych dożywianiem,2012,gmina,Brzeszcze,powiat oświęcimski,33%
177,Udział uczniów w ogóle osób objętych dożywianiem,2012,gmina,Chełmek,powiat oświęcimski,73%
177,Udział uczniów w ogóle osób objętych dożywianiem,2012,gmina,Kęty,powiat oświęcimski,65%
177,Udział uczniów w ogóle osób objętych dożywianiem,2012,gmina,Osiek,powiat oświęcimski,43%
177,Udział uczniów w ogóle osób objętych dożywianiem,2012,gmina,Oświęcim (miasto),powiat oświęcimski,23%
177,Udział uczniów w ogóle osób objętych dożywianiem,2012,gmina,Oświęcim (wieś),powiat oświęcimski,44%
177,Udział uczniów w ogóle osób objętych dożywianiem,2012,gmina,Polanka Wielka,powiat oświęcimski,31%
177,Udział uczniów w ogóle osób objętych dożywianiem,2012,gmina,Przeciszów,powiat oświęcimski,57%
177,Udział uczniów w ogóle osób objętych dożywianiem,2012,gmina,Zator,powiat oświęcimski,64%
177,Udział uczniów w ogóle osób objętych dożywianiem,2012,powiat,powiat proszowicki,powiat proszowicki,56%
177,Udział uczniów w ogóle osób objętych dożywianiem,2012,gmina,Koniusza,powiat proszowicki,99%
177,Udział uczniów w ogóle osób objętych dożywianiem,2012,gmina,Koszyce,powiat proszowicki,64%
177,Udział uczniów w ogóle osób objętych dożywianiem,2012,gmina,Nowe Brzesko,powiat proszowicki,57%
177,Udział uczniów w ogóle osób objętych dożywianiem,2012,gmina,Pałecznica,powiat proszowicki,81%
177,Udział uczniów w ogóle osób objętych dożywianiem,2012,gmina,Proszowice,powiat proszowicki,33%
177,Udział uczniów w ogóle osób objętych dożywianiem,2012,gmina,Radziemice,powiat proszowicki,86%
177,Udział uczniów w ogóle osób objętych dożywianiem,2012,powiat,powiat suski,powiat suski,59%
177,Udział uczniów w ogóle osób objętych dożywianiem,2012,gmina,Budzów,powiat suski,80%
177,Udział uczniów w ogóle osób objętych dożywianiem,2012,gmina,Bystra-Sidzina,powiat suski,80%
177,Udział uczniów w ogóle osób objętych dożywianiem,2012,gmina,Jordanów (miasto),powiat suski,40%
177,Udział uczniów w ogóle osób objętych dożywianiem,2012,gmina,Jordanów (wieś),powiat suski,53%
177,Udział uczniów w ogóle osób objętych dożywianiem,2012,gmina,Maków Podhalański,powiat suski,67%
177,Udział uczniów w ogóle osób objętych dożywianiem,2012,gmina,Stryszawa,powiat suski,55%
177,Udział uczniów w ogóle osób objętych dożywianiem,2012,gmina,Sucha Beskidzka,powiat suski,45%
177,Udział uczniów w ogóle osób objętych dożywianiem,2012,gmina,Zawoja,powiat suski,73%
177,Udział uczniów w ogóle osób objętych dożywianiem,2012,gmina,Zembrzyce,powiat suski,48%
177,Udział uczniów w ogóle osób objętych dożywianiem,2012,powiat,powiat tarnowski,powiat tarnowski,60%
177,Udział uczniów w ogóle osób objętych dożywianiem,2012,gmina,Ciężkowice,powiat tarnowski,74%
177,Udział uczniów w ogóle osób objętych dożywianiem,2012,gmina,Gromnik,powiat tarnowski,89%
177,Udział uczniów w ogóle osób objętych dożywianiem,2012,gmina,Lisia Góra,powiat tarnowski,65%
177,Udział uczniów w ogóle osób objętych dożywianiem,2012,gmina,Pleśna,powiat tarnowski,86%
177,Udział uczniów w ogóle osób objętych dożywianiem,2012,gmina,Radłów,powiat tarnowski,42%
177,Udział uczniów w ogóle osób objętych dożywianiem,2012,gmina,Ryglice,powiat tarnowski,90%
177,Udział uczniów w ogóle osób objętych dożywianiem,2012,gmina,Rzepiennik Strzyżewski,powiat tarnowski,81%
177,Udział uczniów w ogóle osób objętych dożywianiem,2012,gmina,Skrzyszów,powiat tarnowski,51%
177,Udział uczniów w ogóle osób objętych dożywianiem,2012,gmina,Szerzyny,powiat tarnowski,59%
177,Udział uczniów w ogóle osób objętych dożywianiem,2012,gmina,Tarnów (wieś),powiat tarnowski,52%
177,Udział uczniów w ogóle osób objętych dożywianiem,2012,gmina,Tuchów,powiat tarnowski,83%
177,Udział uczniów w ogóle osób objętych dożywianiem,2012,gmina,Wierzchosławice,powiat tarnowski,39%
177,Udział uczniów w ogóle osób objętych dożywianiem,2012,gmina,Wietrzychowice,powiat tarnowski,65%
177,Udział uczniów w ogóle osób objętych dożywianiem,2012,gmina,Wojnicz,powiat tarnowski,37%
177,Udział uczniów w ogóle osób objętych dożywianiem,2012,gmina,Zakliczyn,powiat tarnowski,66%
177,Udział uczniów w ogóle osób objętych dożywianiem,2012,gmina,Żabno,powiat tarnowski,39%
177,Udział uczniów w ogóle osób objętych dożywianiem,2012,powiat,powiat tatrzański,powiat tatrzański,47%
177,Udział uczniów w ogóle osób objętych dożywianiem,2012,gmina,Biały Dunajec,powiat tatrzański,86%
177,Udział uczniów w ogóle osób objętych dożywianiem,2012,gmina,Bukowina Tatrzańska,powiat tatrzański,33%
177,Udział uczniów w ogóle osób objętych dożywianiem,2012,gmina,Kościelisko,powiat tatrzański,68%
177,Udział uczniów w ogóle osób objętych dożywianiem,2012,gmina,Poronin,powiat tatrzański,48%
177,Udział uczniów w ogóle osób objętych dożywianiem,2012,gmina,Zakopane,powiat tatrzański,37%
177,Udział uczniów w ogóle osób objętych dożywianiem,2012,powiat,powiat wadowicki,powiat wadowicki,52%
177,Udział uczniów w ogóle osób objętych dożywianiem,2012,gmina,Andrychów,powiat wadowicki,84%
177,Udział uczniów w ogóle osób objętych dożywianiem,2012,gmina,Brzeźnica,powiat wadowicki,50%
177,Udział uczniów w ogóle osób objętych dożywianiem,2012,gmina,Kalwaria Zebrzydowska,powiat wadowicki,68%
177,Udział uczniów w ogóle osób objętych dożywianiem,2012,gmina,Lanckorona,powiat wadowicki,36%
177,Udział uczniów w ogóle osób objętych dożywianiem,2012,gmina,Mucharz,powiat wadowicki,76%
177,Udział uczniów w ogóle osób objętych dożywianiem,2012,gmina,Spytkowice,powiat wadowicki,51%
177,Udział uczniów w ogóle osób objętych dożywianiem,2012,gmina,Stryszów,powiat wadowicki,56%
177,Udział uczniów w ogóle osób objętych dożywianiem,2012,gmina,Tomice,powiat wadowicki,76%
177,Udział uczniów w ogóle osób objętych dożywianiem,2012,gmina,Wadowice,powiat wadowicki,41%
177,Udział uczniów w ogóle osób objętych dożywianiem,2012,gmina,Wieprz,powiat wadowicki,38%
177,Udział uczniów w ogóle osób objętych dożywianiem,2012,powiat,powiat wielicki,powiat wielicki,37%
177,Udział uczniów w ogóle osób objętych dożywianiem,2012,gmina,Biskupice,powiat wielicki,59%
177,Udział uczniów w ogóle osób objętych dożywianiem,2012,gmina,Gdów,powiat wielicki,66%
177,Udział uczniów w ogóle osób objętych dożywianiem,2012,gmina,Kłaj,powiat wielicki,40%
177,Udział uczniów w ogóle osób objętych dożywianiem,2012,gmina,Niepołomice,powiat wielicki,45%
177,Udział uczniów w ogóle osób objętych dożywianiem,2012,gmina,Wieliczka,powiat wielicki,26%
177,Udział uczniów w ogóle osób objętych dożywianiem,2011,powiat,powiat bocheński,powiat bocheński,54%
177,Udział uczniów w ogóle osób objętych dożywianiem,2011,gmina,Bochnia (miasto),powiat bocheński,36%
177,Udział uczniów w ogóle osób objętych dożywianiem,2011,gmina,Bochnia (wieś),powiat bocheński,45%
177,Udział uczniów w ogóle osób objętych dożywianiem,2011,gmina,Drwinia,powiat bocheński,63%
177,Udział uczniów w ogóle osób objętych dożywianiem,2011,gmina,Lipnica Murowana,powiat bocheński,59%
177,Udział uczniów w ogóle osób objętych dożywianiem,2011,gmina,Łapanów,powiat bocheński,80%
177,Udział uczniów w ogóle osób objętych dożywianiem,2011,gmina,Nowy Wiśnicz,powiat bocheński,76%
177,Udział uczniów w ogóle osób objętych dożywianiem,2011,gmina,Rzezawa,powiat bocheński,45%
177,Udział uczniów w ogóle osób objętych dożywianiem,2011,gmina,Trzciana,powiat bocheński,72%
177,Udział uczniów w ogóle osób objętych dożywianiem,2011,gmina,Żegocina,powiat bocheński,83%
177,Udział uczniów w ogóle osób objętych dożywianiem,2011,powiat,powiat brzeski,powiat brzeski,66%
177,Udział uczniów w ogóle osób objętych dożywianiem,2011,gmina,Borzęcin,powiat brzeski,46%
177,Udział uczniów w ogóle osób objętych dożywianiem,2011,gmina,Brzesko,powiat brzeski,77%
177,Udział uczniów w ogóle osób objętych dożywianiem,2011,gmina,Czchów,powiat brzeski,39%
177,Udział uczniów w ogóle osób objętych dożywianiem,2011,gmina,Dębno,powiat brzeski,55%
177,Udział uczniów w ogóle osób objętych dożywianiem,2011,gmina,Gnojnik,powiat brzeski,82%
177,Udział uczniów w ogóle osób objętych dożywianiem,2011,gmina,Iwkowa,powiat brzeski,84%
177,Udział uczniów w ogóle osób objętych dożywianiem,2011,gmina,Szczurowa,powiat brzeski,85%
177,Udział uczniów w ogóle osób objętych dożywianiem,2011,powiat,powiat chrzanowski,powiat chrzanowski,37%
177,Udział uczniów w ogóle osób objętych dożywianiem,2011,gmina,Alwernia,powiat chrzanowski,39%
177,Udział uczniów w ogóle osób objętych dożywianiem,2011,gmina,Babice,powiat chrzanowski,26%
177,Udział uczniów w ogóle osób objętych dożywianiem,2011,gmina,Chrzanów,powiat chrzanowski,39%
177,Udział uczniów w ogóle osób objętych dożywianiem,2011,gmina,Libiąż,powiat chrzanowski,33%
177,Udział uczniów w ogóle osób objętych dożywianiem,2011,gmina,Trzebinia,powiat chrzanowski,40%
177,Udział uczniów w ogóle osób objętych dożywianiem,2011,powiat,powiat dąbrowski,powiat dąbrowski,65%
177,Udział uczniów w ogóle osób objętych dożywianiem,2011,gmina,Bolesław,powiat dąbrowski,78%
177,Udział uczniów w ogóle osób objętych dożywianiem,2011,gmina,Dąbrowa Tarnowska,powiat dąbrowski,49%
177,Udział uczniów w ogóle osób objętych dożywianiem,2011,gmina,Gręboszów,powiat dąbrowski,68%
177,Udział uczniów w ogóle osób objętych dożywianiem,2011,gmina,Mędrzechów,powiat dąbrowski,100%
177,Udział uczniów w ogóle osób objętych dożywianiem,2011,gmina,Olesno,powiat dąbrowski,64%
177,Udział uczniów w ogóle osób objętych dożywianiem,2011,gmina,Radgoszcz,powiat dąbrowski,68%
177,Udział uczniów w ogóle osób objętych dożywianiem,2011,gmina,Szczucin,powiat dąbrowski,82%
177,Udział uczniów w ogóle osób objętych dożywianiem,2011,powiat,powiat gorlicki,powiat gorlicki,67%
177,Udział uczniów w ogóle osób objętych dożywianiem,2011,gmina,Biecz,powiat gorlicki,56%
177,Udział uczniów w ogóle osób objętych dożywianiem,2011,gmina,Bobowa,powiat gorlicki,81%
177,Udział uczniów w ogóle osób objętych dożywianiem,2011,gmina,Gorlice (miasto),powiat gorlicki,57%
177,Udział uczniów w ogóle osób objętych dożywianiem,2011,gmina,Gorlice (wieś),powiat gorlicki,53%
177,Udział uczniów w ogóle osób objętych dożywianiem,2011,gmina,Lipinki,powiat gorlicki,67%
177,Udział uczniów w ogóle osób objętych dożywianiem,2011,gmina,Łużna,powiat gorlicki,69%
177,Udział uczniów w ogóle osób objętych dożywianiem,2011,gmina,Moszczenica,powiat gorlicki,84%
177,Udział uczniów w ogóle osób objętych dożywianiem,2011,gmina,Ropa,powiat gorlicki,85%
177,Udział uczniów w ogóle osób objętych dożywianiem,2011,gmina,Sękowa,powiat gorlicki,71%
177,Udział uczniów w ogóle osób objętych dożywianiem,2011,gmina,Uście Gorlickie,powiat gorlicki,91%
177,Udział uczniów w ogóle osób objętych dożywianiem,2011,powiat,powiat krakowski,powiat krakowski,45%
177,Udział uczniów w ogóle osób objętych dożywianiem,2011,gmina,Czernichów,powiat krakowski,40%
177,Udział uczniów w ogóle osób objętych dożywianiem,2011,gmina,Igołomia-Wawrzeńczyce,powiat krakowski,86%
177,Udział uczniów w ogóle osób objętych dożywianiem,2011,gmina,Iwanowice,powiat krakowski,79%
177,Udział uczniów w ogóle osób objętych dożywianiem,2011,gmina,Jerzmanowice-Przeginia,powiat krakowski,75%
177,Udział uczniów w ogóle osób objętych dożywianiem,2011,gmina,Kocmyrzów-Luborzyca,powiat krakowski,50%
177,Udział uczniów w ogóle osób objętych dożywianiem,2011,gmina,Krzeszowice,powiat krakowski,37%
177,Udział uczniów w ogóle osób objętych dożywianiem,2011,gmina,Liszki,powiat krakowski,73%
177,Udział uczniów w ogóle osób objętych dożywianiem,2011,gmina,Michałowice,powiat krakowski,43%
177,Udział uczniów w ogóle osób objętych dożywianiem,2011,gmina,Mogilany,powiat krakowski,29%
177,Udział uczniów w ogóle osób objętych dożywianiem,2011,gmina,Skała,powiat krakowski,51%
177,Udział uczniów w ogóle osób objętych dożywianiem,2011,gmina,Skawina,powiat krakowski,48%
177,Udział uczniów w ogóle osób objętych dożywianiem,2011,gmina,Słomniki,powiat krakowski,42%
177,Udział uczniów w ogóle osób objętych dożywianiem,2011,gmina,Sułoszowa,powiat krakowski,84%
177,Udział uczniów w ogóle osób objętych dożywianiem,2011,gmina,Świątniki Górne,powiat krakowski,29%
177,Udział uczniów w ogóle osób objętych dożywianiem,2011,gmina,Wielka Wieś,powiat krakowski,30%
177,Udział uczniów w ogóle osób objętych dożywianiem,2011,gmina,Zabierzów,powiat krakowski,34%
177,Udział uczniów w ogóle osób objętych dożywianiem,2011,gmina,Zielonki,powiat krakowski,48%
177,Udział uczniów w ogóle osób objętych dożywianiem,2011,powiat,powiat limanowski,powiat limanowski,72%
177,Udział uczniów w ogóle osób objętych dożywianiem,2011,gmina,Dobra,powiat limanowski,85%
177,Udział uczniów w ogóle osób objętych dożywianiem,2011,gmina,Jodłownik,powiat limanowski,82%
177,Udział uczniów w ogóle osób objętych dożywianiem,2011,gmina,Kamienica,powiat limanowski,74%
177,Udział uczniów w ogóle osób objętych dożywianiem,2011,gmina,Laskowa,powiat limanowski,94%
177,Udział uczniów w ogóle osób objętych dożywianiem,2011,gmina,Limanowa (miasto),powiat limanowski,41%
177,Udział uczniów w ogóle osób objętych dożywianiem,2011,gmina,Limanowa (wieś),powiat limanowski,65%
177,Udział uczniów w ogóle osób objętych dożywianiem,2011,gmina,Łukowica,powiat limanowski,79%
177,Udział uczniów w ogóle osób objętych dożywianiem,2011,gmina,Mszana Dolna (miasto),powiat limanowski,59%
177,Udział uczniów w ogóle osób objętych dożywianiem,2011,gmina,Mszana Dolna (wieś),powiat limanowski,84%
177,Udział uczniów w ogóle osób objętych dożywianiem,2011,gmina,Niedźwiedź,powiat limanowski,62%
177,Udział uczniów w ogóle osób objętych dożywianiem,2011,gmina,Słopnice,powiat limanowski,81%
177,Udział uczniów w ogóle osób objętych dożywianiem,2011,gmina,Tymbark,powiat limanowski,80%
177,Udział uczniów w ogóle osób objętych dożywianiem,2011,powiat,powiat m. Kraków,powiat m. Kraków,24%
177,Udział uczniów w ogóle osób objętych dożywianiem,2011,powiat,powiat m. Nowy Sącz,powiat m. Nowy Sącz,49%
177,Udział uczniów w ogóle osób objętych dożywianiem,2011,powiat,powiat m. Tarnów,powiat m. Tarnów,25%
177,Udział uczniów w ogóle osób objętych dożywianiem,2011,powiat,powiat miechowski,powiat miechowski,44%
177,Udział uczniów w ogóle osób objętych dożywianiem,2011,gmina,Charsznica,powiat miechowski,53%
177,Udział uczniów w ogóle osób objętych dożywianiem,2011,gmina,Gołcza,powiat miechowski,53%
177,Udział uczniów w ogóle osób objętych dożywianiem,2011,gmina,Kozłów,powiat miechowski,49%
177,Udział uczniów w ogóle osób objętych dożywianiem,2011,gmina,Książ Wielki,powiat miechowski,50%
177,Udział uczniów w ogóle osób objętych dożywianiem,2011,gmina,Miechów,powiat miechowski,30%
177,Udział uczniów w ogóle osób objętych dożywianiem,2011,gmina,Racławice,powiat miechowski,64%
177,Udział uczniów w ogóle osób objętych dożywianiem,2011,gmina,Słaboszów,powiat miechowski,62%
177,Udział uczniów w ogóle osób objętych dożywianiem,2011,powiat,powiat myślenicki,powiat myślenicki,55%
177,Udział uczniów w ogóle osób objętych dożywianiem,2011,gmina,Dobczyce,powiat myślenicki,56%
177,Udział uczniów w ogóle osób objętych dożywianiem,2011,gmina,Lubień,powiat myślenicki,86%
177,Udział uczniów w ogóle osób objętych dożywianiem,2011,gmina,Myślenice,powiat myślenicki,42%
177,Udział uczniów w ogóle osób objętych dożywianiem,2011,gmina,Pcim,powiat myślenicki,72%
177,Udział uczniów w ogóle osób objętych dożywianiem,2011,gmina,Raciechowice,powiat myślenicki,63%
177,Udział uczniów w ogóle osób objętych dożywianiem,2011,gmina,Siepraw,powiat myślenicki,73%
177,Udział uczniów w ogóle osób objętych dożywianiem,2011,gmina,Sułkowice,powiat myślenicki,37%
177,Udział uczniów w ogóle osób objętych dożywianiem,2011,gmina,Tokarnia,powiat myślenicki,81%
177,Udział uczniów w ogóle osób objętych dożywianiem,2011,gmina,Wiśniowa,powiat myślenicki,62%
177,Udział uczniów w ogóle osób objętych dożywianiem,2011,powiat,powiat nowosądecki,powiat nowosądecki,60%
177,Udział uczniów w ogóle osób objętych dożywianiem,2011,gmina,Podegrodzie,powiat nowosądecki,78%
177,Udział uczniów w ogóle osób objętych dożywianiem,2011,gmina,Rytro,powiat nowosądecki,63%
177,Udział uczniów w ogóle osób objętych dożywianiem,2011,gmina,Stary Sącz,powiat nowosądecki,61%
177,Udział uczniów w ogóle osób objętych dożywianiem,2011,gmina,Chełmiec,powiat nowosądecki,61%
177,Udział uczniów w ogóle osób objętych dożywianiem,2011,gmina,Gródek nad Dunajcem,powiat nowosądecki,85%
177,Udział uczniów w ogóle osób objętych dożywianiem,2011,gmina,Grybów (miasto),powiat nowosądecki,40%
177,Udział uczniów w ogóle osób objętych dożywianiem,2011,gmina,Grybów (wieś),powiat nowosądecki,51%
177,Udział uczniów w ogóle osób objętych dożywianiem,2011,gmina,Kamionka Wielka,powiat nowosądecki,65%
177,Udział uczniów w ogóle osób objętych dożywianiem,2011,gmina,Korzenna,powiat nowosądecki,59%
177,Udział uczniów w ogóle osób objętych dożywianiem,2011,gmina,Krynica-Zdrój,powiat nowosądecki,51%
177,Udział uczniów w ogóle osób objętych dożywianiem,2011,gmina,Łabowa,powiat nowosądecki,87%
177,Udział uczniów w ogóle osób objętych dożywianiem,2011,gmina,Łącko,powiat nowosądecki,70%
177,Udział uczniów w ogóle osób objętych dożywianiem,2011,gmina,Łososina Dolna,powiat nowosądecki,87%
177,Udział uczniów w ogóle osób objętych dożywianiem,2011,gmina,Muszyna,powiat nowosądecki,52%
177,Udział uczniów w ogóle osób objętych dożywianiem,2011,gmina,Nawojowa,powiat nowosądecki,59%
177,Udział uczniów w ogóle osób objętych dożywianiem,2011,gmina,Piwniczna-Zdrój,powiat nowosądecki,64%
177,Udział uczniów w ogóle osób objętych dożywianiem,2011,powiat,powiat nowotarski,powiat nowotarski,56%
177,Udział uczniów w ogóle osób objętych dożywianiem,2011,gmina,Czarny Dunajec,powiat nowotarski,76%
177,Udział uczniów w ogóle osób objętych dożywianiem,2011,gmina,Czorsztyn,powiat nowotarski,60%
177,Udział uczniów w ogóle osób objętych dożywianiem,2011,gmina,Jabłonka,powiat nowotarski,63%
177,Udział uczniów w ogóle osób objętych dożywianiem,2011,gmina,Krościenko nad Dunajcem,powiat nowotarski,68%
177,Udział uczniów w ogóle osób objętych dożywianiem,2011,gmina,Lipnica Wielka,powiat nowotarski,71%
177,Udział uczniów w ogóle osób objętych dożywianiem,2011,gmina,Łapsze Niżne,powiat nowotarski,88%
177,Udział uczniów w ogóle osób objętych dożywianiem,2011,gmina,Nowy Targ (miasto),powiat nowotarski,36%
177,Udział uczniów w ogóle osób objętych dożywianiem,2011,gmina,Nowy Targ (wieś),powiat nowotarski,61%
177,Udział uczniów w ogóle osób objętych dożywianiem,2011,gmina,Ochotnica Dolna,powiat nowotarski,37%
177,Udział uczniów w ogóle osób objętych dożywianiem,2011,gmina,Raba Wyżna,powiat nowotarski,55%
177,Udział uczniów w ogóle osób objętych dożywianiem,2011,gmina,Rabka-Zdrój,powiat nowotarski,45%
177,Udział uczniów w ogóle osób objętych dożywianiem,2011,gmina,Spytkowice,powiat nowotarski,66%
177,Udział uczniów w ogóle osób objętych dożywianiem,2011,gmina,Szaflary,powiat nowotarski,80%
177,Udział uczniów w ogóle osób objętych dożywianiem,2011,gmina,Szczawnica,powiat nowotarski,59%
177,Udział uczniów w ogóle osób objętych dożywianiem,2011,powiat,powiat olkuski,powiat olkuski,38%
177,Udział uczniów w ogóle osób objętych dożywianiem,2011,gmina,Bolesław,powiat olkuski,31%
177,Udział uczniów w ogóle osób objętych dożywianiem,2011,gmina,Bukowno,powiat olkuski,23%
177,Udział uczniów w ogóle osób objętych dożywianiem,2011,gmina,Klucze,powiat olkuski,32%
177,Udział uczniów w ogóle osób objętych dożywianiem,2011,gmina,Olkusz,powiat olkuski,28%
177,Udział uczniów w ogóle osób objętych dożywianiem,2011,gmina,Trzyciąż,powiat olkuski,40%
177,Udział uczniów w ogóle osób objętych dożywianiem,2011,gmina,Wolbrom,powiat olkuski,90%
177,Udział uczniów w ogóle osób objętych dożywianiem,2011,powiat,powiat oświęcimski,powiat oświęcimski,36%
177,Udział uczniów w ogóle osób objętych dożywianiem,2011,gmina,Brzeszcze,powiat oświęcimski,34%
177,Udział uczniów w ogóle osób objętych dożywianiem,2011,gmina,Chełmek,powiat oświęcimski,79%
177,Udział uczniów w ogóle osób objętych dożywianiem,2011,gmina,Kęty,powiat oświęcimski,56%
177,Udział uczniów w ogóle osób objętych dożywianiem,2011,gmina,Osiek,powiat oświęcimski,43%
177,Udział uczniów w ogóle osób objętych dożywianiem,2011,gmina,Oświęcim (miasto),powiat oświęcimski,23%
177,Udział uczniów w ogóle osób objętych dożywianiem,2011,gmina,Oświęcim (wieś),powiat oświęcimski,45%
177,Udział uczniów w ogóle osób objętych dożywianiem,2011,gmina,Polanka Wielka,powiat oświęcimski,50%
177,Udział uczniów w ogóle osób objętych dożywianiem,2011,gmina,Przeciszów,powiat oświęcimski,60%
177,Udział uczniów w ogóle osób objętych dożywianiem,2011,gmina,Zator,powiat oświęcimski,78%
177,Udział uczniów w ogóle osób objętych dożywianiem,2011,powiat,powiat proszowicki,powiat proszowicki,56%
177,Udział uczniów w ogóle osób objętych dożywianiem,2011,gmina,Koniusza,powiat proszowicki,79%
177,Udział uczniów w ogóle osób objętych dożywianiem,2011,gmina,Koszyce,powiat proszowicki,81%
177,Udział uczniów w ogóle osób objętych dożywianiem,2011,gmina,Nowe Brzesko,powiat proszowicki,65%
177,Udział uczniów w ogóle osób objętych dożywianiem,2011,gmina,Pałecznica,powiat proszowicki,72%
177,Udział uczniów w ogóle osób objętych dożywianiem,2011,gmina,Proszowice,powiat proszowicki,31%
177,Udział uczniów w ogóle osób objętych dożywianiem,2011,gmina,Radziemice,powiat proszowicki,62%
177,Udział uczniów w ogóle osób objętych dożywianiem,2011,powiat,powiat suski,powiat suski,58%
177,Udział uczniów w ogóle osób objętych dożywianiem,2011,gmina,Budzów,powiat suski,78%
177,Udział uczniów w ogóle osób objętych dożywianiem,2011,gmina,Bystra-Sidzina,powiat suski,78%
177,Udział uczniów w ogóle osób objętych dożywianiem,2011,gmina,Jordanów (miasto),powiat suski,35%
177,Udział uczniów w ogóle osób objętych dożywianiem,2011,gmina,Jordanów (wieś),powiat suski,53%
177,Udział uczniów w ogóle osób objętych dożywianiem,2011,gmina,Maków Podhalański,powiat suski,68%
177,Udział uczniów w ogóle osób objętych dożywianiem,2011,gmina,Stryszawa,powiat suski,56%
177,Udział uczniów w ogóle osób objętych dożywianiem,2011,gmina,Sucha Beskidzka,powiat suski,43%
177,Udział uczniów w ogóle osób objętych dożywianiem,2011,gmina,Zawoja,powiat suski,70%
177,Udział uczniów w ogóle osób objętych dożywianiem,2011,gmina,Zembrzyce,powiat suski,52%
177,Udział uczniów w ogóle osób objętych dożywianiem,2011,powiat,powiat tarnowski,powiat tarnowski,61%
177,Udział uczniów w ogóle osób objętych dożywianiem,2011,gmina,Ciężkowice,powiat tarnowski,58%
177,Udział uczniów w ogóle osób objętych dożywianiem,2011,gmina,Gromnik,powiat tarnowski,92%
177,Udział uczniów w ogóle osób objętych dożywianiem,2011,gmina,Lisia Góra,powiat tarnowski,62%
177,Udział uczniów w ogóle osób objętych dożywianiem,2011,gmina,Pleśna,powiat tarnowski,89%
177,Udział uczniów w ogóle osób objętych dożywianiem,2011,gmina,Radłów,powiat tarnowski,44%
177,Udział uczniów w ogóle osób objętych dożywianiem,2011,gmina,Ryglice,powiat tarnowski,93%
177,Udział uczniów w ogóle osób objętych dożywianiem,2011,gmina,Rzepiennik Strzyżewski,powiat tarnowski,83%
177,Udział uczniów w ogóle osób objętych dożywianiem,2011,gmina,Skrzyszów,powiat tarnowski,73%
177,Udział uczniów w ogóle osób objętych dożywianiem,2011,gmina,Szerzyny,powiat tarnowski,40%
177,Udział uczniów w ogóle osób objętych dożywianiem,2011,gmina,Tarnów (wieś),powiat tarnowski,57%
177,Udział uczniów w ogóle osób objętych dożywianiem,2011,gmina,Tuchów,powiat tarnowski,91%
177,Udział uczniów w ogóle osób objętych dożywianiem,2011,gmina,Wierzchosławice,powiat tarnowski,42%
177,Udział uczniów w ogóle osób objętych dożywianiem,2011,gmina,Wietrzychowice,powiat tarnowski,59%
177,Udział uczniów w ogóle osób objętych dożywianiem,2011,gmina,Wojnicz,powiat tarnowski,37%
177,Udział uczniów w ogóle osób objętych dożywianiem,2011,gmina,Zakliczyn,powiat tarnowski,66%
177,Udział uczniów w ogóle osób objętych dożywianiem,2011,gmina,Żabno,powiat tarnowski,44%
177,Udział uczniów w ogóle osób objętych dożywianiem,2011,powiat,powiat tatrzański,powiat tatrzański,44%
177,Udział uczniów w ogóle osób objętych dożywianiem,2011,gmina,Biały Dunajec,powiat tatrzański,84%
177,Udział uczniów w ogóle osób objętych dożywianiem,2011,gmina,Bukowina Tatrzańska,powiat tatrzański,29%
177,Udział uczniów w ogóle osób objętych dożywianiem,2011,gmina,Kościelisko,powiat tatrzański,64%
177,Udział uczniów w ogóle osób objętych dożywianiem,2011,gmina,Poronin,powiat tatrzański,45%
177,Udział uczniów w ogóle osób objętych dożywianiem,2011,gmina,Zakopane,powiat tatrzański,33%
177,Udział uczniów w ogóle osób objętych dożywianiem,2011,powiat,powiat wadowicki,powiat wadowicki,51%
177,Udział uczniów w ogóle osób objętych dożywianiem,2011,gmina,Andrychów,powiat wadowicki,88%
177,Udział uczniów w ogóle osób objętych dożywianiem,2011,gmina,Brzeźnica,powiat wadowicki,51%
177,Udział uczniów w ogóle osób objętych dożywianiem,2011,gmina,Kalwaria Zebrzydowska,powiat wadowicki,65%
177,Udział uczniów w ogóle osób objętych dożywianiem,2011,gmina,Lanckorona,powiat wadowicki,28%
177,Udział uczniów w ogóle osób objętych dożywianiem,2011,gmina,Mucharz,powiat wadowicki,38%
177,Udział uczniów w ogóle osób objętych dożywianiem,2011,gmina,Spytkowice,powiat wadowicki,46%
177,Udział uczniów w ogóle osób objętych dożywianiem,2011,gmina,Stryszów,powiat wadowicki,58%
177,Udział uczniów w ogóle osób objętych dożywianiem,2011,gmina,Tomice,powiat wadowicki,83%
177,Udział uczniów w ogóle osób objętych dożywianiem,2011,gmina,Wadowice,powiat wadowicki,44%
177,Udział uczniów w ogóle osób objętych dożywianiem,2011,gmina,Wieprz,powiat wadowicki,36%
177,Udział uczniów w ogóle osób objętych dożywianiem,2011,powiat,powiat wielicki,powiat wielicki,41%
177,Udział uczniów w ogóle osób objętych dożywianiem,2011,gmina,Biskupice,powiat wielicki,60%
177,Udział uczniów w ogóle osób objętych dożywianiem,2011,gmina,Gdów,powiat wielicki,74%
177,Udział uczniów w ogóle osób objętych dożywianiem,2011,gmina,Kłaj,powiat wielicki,42%
177,Udział uczniów w ogóle osób objętych dożywianiem,2011,gmina,Niepołomice,powiat wielicki,53%
177,Udział uczniów w ogóle osób objętych dożywianiem,2011,gmina,Wieliczka,powiat wielicki,29%
177,Udział uczniów w ogóle osób objętych dożywianiem,2010,powiat,powiat bocheński,powiat bocheński,55%
177,Udział uczniów w ogóle osób objętych dożywianiem,2010,gmina,Bochnia (miasto),powiat bocheński,34%
177,Udział uczniów w ogóle osób objętych dożywianiem,2010,gmina,Bochnia (wieś),powiat bocheński,55%
177,Udział uczniów w ogóle osób objętych dożywianiem,2010,gmina,Drwinia,powiat bocheński,52%
177,Udział uczniów w ogóle osób objętych dożywianiem,2010,gmina,Lipnica Murowana,powiat bocheński,67%
177,Udział uczniów w ogóle osób objętych dożywianiem,2010,gmina,Łapanów,powiat bocheński,82%
177,Udział uczniów w ogóle osób objętych dożywianiem,2010,gmina,Nowy Wiśnicz,powiat bocheński,87%
177,Udział uczniów w ogóle osób objętych dożywianiem,2010,gmina,Rzezawa,powiat bocheński,42%
177,Udział uczniów w ogóle osób objętych dożywianiem,2010,gmina,Trzciana,powiat bocheński,73%
177,Udział uczniów w ogóle osób objętych dożywianiem,2010,gmina,Żegocina,powiat bocheński,83%
177,Udział uczniów w ogóle osób objętych dożywianiem,2010,powiat,powiat brzeski,powiat brzeski,67%
177,Udział uczniów w ogóle osób objętych dożywianiem,2010,gmina,Borzęcin,powiat brzeski,45%
177,Udział uczniów w ogóle osób objętych dożywianiem,2010,gmina,Brzesko,powiat brzeski,80%
177,Udział uczniów w ogóle osób objętych dożywianiem,2010,gmina,Czchów,powiat brzeski,35%
177,Udział uczniów w ogóle osób objętych dożywianiem,2010,gmina,Dębno,powiat brzeski,71%
177,Udział uczniów w ogóle osób objętych dożywianiem,2010,gmina,Gnojnik,powiat brzeski,86%
177,Udział uczniów w ogóle osób objętych dożywianiem,2010,gmina,Iwkowa,powiat brzeski,74%
177,Udział uczniów w ogóle osób objętych dożywianiem,2010,gmina,Szczurowa,powiat brzeski,84%
177,Udział uczniów w ogóle osób objętych dożywianiem,2010,powiat,powiat chrzanowski,powiat chrzanowski,38%
177,Udział uczniów w ogóle osób objętych dożywianiem,2010,gmina,Alwernia,powiat chrzanowski,44%
177,Udział uczniów w ogóle osób objętych dożywianiem,2010,gmina,Babice,powiat chrzanowski,24%
177,Udział uczniów w ogóle osób objętych dożywianiem,2010,gmina,Chrzanów,powiat chrzanowski,41%
177,Udział uczniów w ogóle osób objętych dożywianiem,2010,gmina,Libiąż,powiat chrzanowski,38%
177,Udział uczniów w ogóle osób objętych dożywianiem,2010,gmina,Trzebinia,powiat chrzanowski,37%
177,Udział uczniów w ogóle osób objętych dożywianiem,2010,powiat,powiat dąbrowski,powiat dąbrowski,62%
177,Udział uczniów w ogóle osób objętych dożywianiem,2010,gmina,Bolesław,powiat dąbrowski,64%
177,Udział uczniów w ogóle osób objętych dożywianiem,2010,gmina,Dąbrowa Tarnowska,powiat dąbrowski,45%
177,Udział uczniów w ogóle osób objętych dożywianiem,2010,gmina,Gręboszów,powiat dąbrowski,62%
177,Udział uczniów w ogóle osób objętych dożywianiem,2010,gmina,Mędrzechów,powiat dąbrowski,87%
177,Udział uczniów w ogóle osób objętych dożywianiem,2010,gmina,Olesno,powiat dąbrowski,63%
177,Udział uczniów w ogóle osób objętych dożywianiem,2010,gmina,Radgoszcz,powiat dąbrowski,72%
177,Udział uczniów w ogóle osób objętych dożywianiem,2010,gmina,Szczucin,powiat dąbrowski,75%
177,Udział uczniów w ogóle osób objętych dożywianiem,2010,powiat,powiat gorlicki,powiat gorlicki,100%
177,Udział uczniów w ogóle osób objętych dożywianiem,2010,gmina,Biecz,powiat gorlicki,50%
177,Udział uczniów w ogóle osób objętych dożywianiem,2010,gmina,Bobowa,powiat gorlicki,85%
177,Udział uczniów w ogóle osób objętych dożywianiem,2010,gmina,Gorlice (miasto),powiat gorlicki,54%
177,Udział uczniów w ogóle osób objętych dożywianiem,2010,gmina,Gorlice (wieś),powiat gorlicki,58%
177,Udział uczniów w ogóle osób objętych dożywianiem,2010,gmina,Lipinki,powiat gorlicki,60%
177,Udział uczniów w ogóle osób objętych dożywianiem,2010,gmina,Łużna,powiat gorlicki,72%
177,Udział uczniów w ogóle osób objętych dożywianiem,2010,gmina,Moszczenica,powiat gorlicki,853%
177,Udział uczniów w ogóle osób objętych dożywianiem,2010,gmina,Ropa,powiat gorlicki,93%
177,Udział uczniów w ogóle osób objętych dożywianiem,2010,gmina,Sękowa,powiat gorlicki,69%
177,Udział uczniów w ogóle osób objętych dożywianiem,2010,gmina,Uście Gorlickie,powiat gorlicki,73%
177,Udział uczniów w ogóle osób objętych dożywianiem,2010,powiat,powiat krakowski,powiat krakowski,45%
177,Udział uczniów w ogóle osób objętych dożywianiem,2010,gmina,Czernichów,powiat krakowski,45%
177,Udział uczniów w ogóle osób objętych dożywianiem,2010,gmina,Igołomia-Wawrzeńczyce,powiat krakowski,91%
177,Udział uczniów w ogóle osób objętych dożywianiem,2010,gmina,Iwanowice,powiat krakowski,70%
177,Udział uczniów w ogóle osób objętych dożywianiem,2010,gmina,Jerzmanowice-Przeginia,powiat krakowski,61%
177,Udział uczniów w ogóle osób objętych dożywianiem,2010,gmina,Kocmyrzów-Luborzyca,powiat krakowski,40%
177,Udział uczniów w ogóle osób objętych dożywianiem,2010,gmina,Krzeszowice,powiat krakowski,35%
177,Udział uczniów w ogóle osób objętych dożywianiem,2010,gmina,Liszki,powiat krakowski,29%
177,Udział uczniów w ogóle osób objętych dożywianiem,2010,gmina,Michałowice,powiat krakowski,84%
177,Udział uczniów w ogóle osób objętych dożywianiem,2010,gmina,Mogilany,powiat krakowski,31%
177,Udział uczniów w ogóle osób objętych dożywianiem,2010,gmina,Skała,powiat krakowski,36%
177,Udział uczniów w ogóle osób objętych dożywianiem,2010,gmina,Skawina,powiat krakowski,51%
177,Udział uczniów w ogóle osób objętych dożywianiem,2010,gmina,Słomniki,powiat krakowski,41%
177,Udział uczniów w ogóle osób objętych dożywianiem,2010,gmina,Sułoszowa,powiat krakowski,80%
177,Udział uczniów w ogóle osób objętych dożywianiem,2010,gmina,Świątniki Górne,powiat krakowski,37%
177,Udział uczniów w ogóle osób objętych dożywianiem,2010,gmina,Wielka Wieś,powiat krakowski,35%
177,Udział uczniów w ogóle osób objętych dożywianiem,2010,gmina,Zabierzów,powiat krakowski,37%
177,Udział uczniów w ogóle osób objętych dożywianiem,2010,gmina,Zielonki,powiat krakowski,53%
177,Udział uczniów w ogóle osób objętych dożywianiem,2010,powiat,powiat limanowski,powiat limanowski,71%
177,Udział uczniów w ogóle osób objętych dożywianiem,2010,gmina,Dobra,powiat limanowski,90%
177,Udział uczniów w ogóle osób objętych dożywianiem,2010,gmina,Jodłownik,powiat limanowski,73%
177,Udział uczniów w ogóle osób objętych dożywianiem,2010,gmina,Kamienica,powiat limanowski,76%
177,Udział uczniów w ogóle osób objętych dożywianiem,2010,gmina,Laskowa,powiat limanowski,94%
177,Udział uczniów w ogóle osób objętych dożywianiem,2010,gmina,Limanowa (miasto),powiat limanowski,35%
177,Udział uczniów w ogóle osób objętych dożywianiem,2010,gmina,Limanowa (wieś),powiat limanowski,68%
177,Udział uczniów w ogóle osób objętych dożywianiem,2010,gmina,Łukowica,powiat limanowski,81%
177,Udział uczniów w ogóle osób objętych dożywianiem,2010,gmina,Mszana Dolna (miasto),powiat limanowski,57%
177,Udział uczniów w ogóle osób objętych dożywianiem,2010,gmina,Mszana Dolna (wieś),powiat limanowski,84%
177,Udział uczniów w ogóle osób objętych dożywianiem,2010,gmina,Niedźwiedź,powiat limanowski,56%
177,Udział uczniów w ogóle osób objętych dożywianiem,2010,gmina,Słopnice,powiat limanowski,87%
177,Udział uczniów w ogóle osób objętych dożywianiem,2010,gmina,Tymbark,powiat limanowski,61%
177,Udział uczniów w ogóle osób objętych dożywianiem,2010,powiat,powiat m. Kraków,powiat m. Kraków,23%
177,Udział uczniów w ogóle osób objętych dożywianiem,2010,powiat,powiat m. Nowy Sącz,powiat m. Nowy Sącz,48%
177,Udział uczniów w ogóle osób objętych dożywianiem,2010,powiat,powiat m. Tarnów,powiat m. Tarnów,27%
177,Udział uczniów w ogóle osób objętych dożywianiem,2010,powiat,powiat miechowski,powiat miechowski,47%
177,Udział uczniów w ogóle osób objętych dożywianiem,2010,gmina,Charsznica,powiat miechowski,50%
177,Udział uczniów w ogóle osób objętych dożywianiem,2010,gmina,Gołcza,powiat miechowski,68%
177,Udział uczniów w ogóle osób objętych dożywianiem,2010,gmina,Kozłów,powiat miechowski,48%
177,Udział uczniów w ogóle osób objętych dożywianiem,2010,gmina,Książ Wielki,powiat miechowski,43%
177,Udział uczniów w ogóle osób objętych dożywianiem,2010,gmina,Miechów,powiat miechowski,35%
177,Udział uczniów w ogóle osób objętych dożywianiem,2010,gmina,Racławice,powiat miechowski,68%
177,Udział uczniów w ogóle osób objętych dożywianiem,2010,gmina,Słaboszów,powiat miechowski,68%
177,Udział uczniów w ogóle osób objętych dożywianiem,2010,powiat,powiat myślenicki,powiat myślenicki,58%
177,Udział uczniów w ogóle osób objętych dożywianiem,2010,gmina,Dobczyce,powiat myślenicki,58%
177,Udział uczniów w ogóle osób objętych dożywianiem,2010,gmina,Lubień,powiat myślenicki,90%
177,Udział uczniów w ogóle osób objętych dożywianiem,2010,gmina,Myślenice,powiat myślenicki,45%
177,Udział uczniów w ogóle osób objętych dożywianiem,2010,gmina,Pcim,powiat myślenicki,72%
177,Udział uczniów w ogóle osób objętych dożywianiem,2010,gmina,Raciechowice,powiat myślenicki,62%
177,Udział uczniów w ogóle osób objętych dożywianiem,2010,gmina,Siepraw,powiat myślenicki,81%
177,Udział uczniów w ogóle osób objętych dożywianiem,2010,gmina,Sułkowice,powiat myślenicki,38%
177,Udział uczniów w ogóle osób objętych dożywianiem,2010,gmina,Tokarnia,powiat myślenicki,89%
177,Udział uczniów w ogóle osób objętych dożywianiem,2010,gmina,Wiśniowa,powiat myślenicki,62%
177,Udział uczniów w ogóle osób objętych dożywianiem,2010,powiat,powiat nowosądecki,powiat nowosądecki,59%
177,Udział uczniów w ogóle osób objętych dożywianiem,2010,gmina,Podegrodzie,powiat nowosądecki,82%
177,Udział uczniów w ogóle osób objętych dożywianiem,2010,gmina,Rytro,powiat nowosądecki,73%
177,Udział uczniów w ogóle osób objętych dożywianiem,2010,gmina,Stary Sącz,powiat nowosądecki,64%
177,Udział uczniów w ogóle osób objętych dożywianiem,2010,gmina,Chełmiec,powiat nowosądecki,57%
177,Udział uczniów w ogóle osób objętych dożywianiem,2010,gmina,Gródek nad Dunajcem,powiat nowosądecki,83%
177,Udział uczniów w ogóle osób objętych dożywianiem,2010,gmina,Grybów (miasto),powiat nowosądecki,43%
177,Udział uczniów w ogóle osób objętych dożywianiem,2010,gmina,Grybów (wieś),powiat nowosądecki,52%
177,Udział uczniów w ogóle osób objętych dożywianiem,2010,gmina,Kamionka Wielka,powiat nowosądecki,65%
177,Udział uczniów w ogóle osób objętych dożywianiem,2010,gmina,Korzenna,powiat nowosądecki,55%
177,Udział uczniów w ogóle osób objętych dożywianiem,2010,gmina,Krynica-Zdrój,powiat nowosądecki,46%
177,Udział uczniów w ogóle osób objętych dożywianiem,2010,gmina,Łabowa,powiat nowosądecki,86%
177,Udział uczniów w ogóle osób objętych dożywianiem,2010,gmina,Łącko,powiat nowosądecki,64%
177,Udział uczniów w ogóle osób objętych dożywianiem,2010,gmina,Łososina Dolna,powiat nowosądecki,91%
177,Udział uczniów w ogóle osób objętych dożywianiem,2010,gmina,Muszyna,powiat nowosądecki,56%
177,Udział uczniów w ogóle osób objętych dożywianiem,2010,gmina,Nawojowa,powiat nowosądecki,63%
177,Udział uczniów w ogóle osób objętych dożywianiem,2010,gmina,Piwniczna-Zdrój,powiat nowosądecki,58%
177,Udział uczniów w ogóle osób objętych dożywianiem,2010,powiat,powiat nowotarski,powiat nowotarski,57%
177,Udział uczniów w ogóle osób objętych dożywianiem,2010,gmina,Czarny Dunajec,powiat nowotarski,70%
177,Udział uczniów w ogóle osób objętych dożywianiem,2010,gmina,Czorsztyn,powiat nowotarski,78%
177,Udział uczniów w ogóle osób objętych dożywianiem,2010,gmina,Jabłonka,powiat nowotarski,68%
177,Udział uczniów w ogóle osób objętych dożywianiem,2010,gmina,Krościenko nad Dunajcem,powiat nowotarski,70%
177,Udział uczniów w ogóle osób objętych dożywianiem,2010,gmina,Lipnica Wielka,powiat nowotarski,80%
177,Udział uczniów w ogóle osób objętych dożywianiem,2010,gmina,Łapsze Niżne,powiat nowotarski,88%
177,Udział uczniów w ogóle osób objętych dożywianiem,2010,gmina,Nowy Targ (miasto),powiat nowotarski,35%
177,Udział uczniów w ogóle osób objętych dożywianiem,2010,gmina,Nowy Targ (wieś),powiat nowotarski,60%
177,Udział uczniów w ogóle osób objętych dożywianiem,2010,gmina,Ochotnica Dolna,powiat nowotarski,36%
177,Udział uczniów w ogóle osób objętych dożywianiem,2010,gmina,Raba Wyżna,powiat nowotarski,51%
177,Udział uczniów w ogóle osób objętych dożywianiem,2010,gmina,Rabka-Zdrój,powiat nowotarski,47%
177,Udział uczniów w ogóle osób objętych dożywianiem,2010,gmina,Spytkowice,powiat nowotarski,65%
177,Udział uczniów w ogóle osób objętych dożywianiem,2010,gmina,Szaflary,powiat nowotarski,78%
177,Udział uczniów w ogóle osób objętych dożywianiem,2010,gmina,Szczawnica,powiat nowotarski,67%
177,Udział uczniów w ogóle osób objętych dożywianiem,2010,powiat,powiat olkuski,powiat olkuski,37%
177,Udział uczniów w ogóle osób objętych dożywianiem,2010,gmina,Bolesław,powiat olkuski,25%
177,Udział uczniów w ogóle osób objętych dożywianiem,2010,gmina,Bukowno,powiat olkuski,23%
177,Udział uczniów w ogóle osób objętych dożywianiem,2010,gmina,Klucze,powiat olkuski,36%
177,Udział uczniów w ogóle osób objętych dożywianiem,2010,gmina,Olkusz,powiat olkuski,27%
177,Udział uczniów w ogóle osób objętych dożywianiem,2010,gmina,Trzyciąż,powiat olkuski,43%
177,Udział uczniów w ogóle osób objętych dożywianiem,2010,gmina,Wolbrom,powiat olkuski,89%
177,Udział uczniów w ogóle osób objętych dożywianiem,2010,powiat,powiat oświęcimski,powiat oświęcimski,34%
177,Udział uczniów w ogóle osób objętych dożywianiem,2010,gmina,Brzeszcze,powiat oświęcimski,33%
177,Udział uczniów w ogóle osób objętych dożywianiem,2010,gmina,Chełmek,powiat oświęcimski,84%
177,Udział uczniów w ogóle osób objętych dożywianiem,2010,gmina,Kęty,powiat oświęcimski,66%
177,Udział uczniów w ogóle osób objętych dożywianiem,2010,gmina,Osiek,powiat oświęcimski,49%
177,Udział uczniów w ogóle osób objętych dożywianiem,2010,gmina,Oświęcim (miasto),powiat oświęcimski,22%
177,Udział uczniów w ogóle osób objętych dożywianiem,2010,gmina,Oświęcim (wieś),powiat oświęcimski,43%
177,Udział uczniów w ogóle osób objętych dożywianiem,2010,gmina,Polanka Wielka,powiat oświęcimski,53%
177,Udział uczniów w ogóle osób objętych dożywianiem,2010,gmina,Przeciszów,powiat oświęcimski,61%
177,Udział uczniów w ogóle osób objętych dożywianiem,2010,gmina,Zator,powiat oświęcimski,78%
177,Udział uczniów w ogóle osób objętych dożywianiem,2010,powiat,powiat proszowicki,powiat proszowicki,57%
177,Udział uczniów w ogóle osób objętych dożywianiem,2010,gmina,Koniusza,powiat proszowicki,80%
177,Udział uczniów w ogóle osób objętych dożywianiem,2010,gmina,Koszyce,powiat proszowicki,83%
177,Udział uczniów w ogóle osób objętych dożywianiem,2010,gmina,Nowe Brzesko,powiat proszowicki,77%
177,Udział uczniów w ogóle osób objętych dożywianiem,2010,gmina,Pałecznica,powiat proszowicki,75%
177,Udział uczniów w ogóle osób objętych dożywianiem,2010,gmina,Proszowice,powiat proszowicki,32%
177,Udział uczniów w ogóle osób objętych dożywianiem,2010,gmina,Radziemice,powiat proszowicki,45%
177,Udział uczniów w ogóle osób objętych dożywianiem,2010,powiat,powiat suski,powiat suski,60%
177,Udział uczniów w ogóle osób objętych dożywianiem,2010,gmina,Budzów,powiat suski,71%
177,Udział uczniów w ogóle osób objętych dożywianiem,2010,gmina,Bystra-Sidzina,powiat suski,82%
177,Udział uczniów w ogóle osób objętych dożywianiem,2010,gmina,Jordanów (miasto),powiat suski,34%
177,Udział uczniów w ogóle osób objętych dożywianiem,2010,gmina,Jordanów (wieś),powiat suski,47%
177,Udział uczniów w ogóle osób objętych dożywianiem,2010,gmina,Maków Podhalański,powiat suski,69%
177,Udział uczniów w ogóle osób objętych dożywianiem,2010,gmina,Stryszawa,powiat suski,65%
177,Udział uczniów w ogóle osób objętych dożywianiem,2010,gmina,Sucha Beskidzka,powiat suski,56%
177,Udział uczniów w ogóle osób objętych dożywianiem,2010,gmina,Zawoja,powiat suski,86%
177,Udział uczniów w ogóle osób objętych dożywianiem,2010,gmina,Zembrzyce,powiat suski,64%
177,Udział uczniów w ogóle osób objętych dożywianiem,2010,powiat,powiat tarnowski,powiat tarnowski,66%
177,Udział uczniów w ogóle osób objętych dożywianiem,2010,gmina,Ciężkowice,powiat tarnowski,71%
177,Udział uczniów w ogóle osób objętych dożywianiem,2010,gmina,Gromnik,powiat tarnowski,86%
177,Udział uczniów w ogóle osób objętych dożywianiem,2010,gmina,Lisia Góra,powiat tarnowski,75%
177,Udział uczniów w ogóle osób objętych dożywianiem,2010,gmina,Pleśna,powiat tarnowski,89%
177,Udział uczniów w ogóle osób objętych dożywianiem,2010,gmina,Radłów,powiat tarnowski,48%
177,Udział uczniów w ogóle osób objętych dożywianiem,2010,gmina,Ryglice,powiat tarnowski,94%
177,Udział uczniów w ogóle osób objętych dożywianiem,2010,gmina,Rzepiennik Strzyżewski,powiat tarnowski,79%
177,Udział uczniów w ogóle osób objętych dożywianiem,2010,gmina,Skrzyszów,powiat tarnowski,70%
177,Udział uczniów w ogóle osób objętych dożywianiem,2010,gmina,Szerzyny,powiat tarnowski,44%
177,Udział uczniów w ogóle osób objętych dożywianiem,2010,gmina,Tarnów (wieś),powiat tarnowski,54%
177,Udział uczniów w ogóle osób objętych dożywianiem,2010,gmina,Tuchów,powiat tarnowski,91%
177,Udział uczniów w ogóle osób objętych dożywianiem,2010,gmina,Wierzchosławice,powiat tarnowski,54%
177,Udział uczniów w ogóle osób objętych dożywianiem,2010,gmina,Wietrzychowice,powiat tarnowski,60%
177,Udział uczniów w ogóle osób objętych dożywianiem,2010,gmina,Wojnicz,powiat tarnowski,44%
177,Udział uczniów w ogóle osób objętych dożywianiem,2010,gmina,Zakliczyn,powiat tarnowski,80%
177,Udział uczniów w ogóle osób objętych dożywianiem,2010,gmina,Żabno,powiat tarnowski,42%
177,Udział uczniów w ogóle osób objętych dożywianiem,2010,powiat,powiat tatrzański,powiat tatrzański,47%
177,Udział uczniów w ogóle osób objętych dożywianiem,2010,gmina,Biały Dunajec,powiat tatrzański,90%
177,Udział uczniów w ogóle osób objętych dożywianiem,2010,gmina,Bukowina Tatrzańska,powiat tatrzański,32%
177,Udział uczniów w ogóle osób objętych dożywianiem,2010,gmina,Kościelisko,powiat tatrzański,68%
177,Udział uczniów w ogóle osób objętych dożywianiem,2010,gmina,Poronin,powiat tatrzański,50%
177,Udział uczniów w ogóle osób objętych dożywianiem,2010,gmina,Zakopane,powiat tatrzański,34%
177,Udział uczniów w ogóle osób objętych dożywianiem,2010,powiat,powiat wadowicki,powiat wadowicki,56%
177,Udział uczniów w ogóle osób objętych dożywianiem,2010,gmina,Andrychów,powiat wadowicki,95%
177,Udział uczniów w ogóle osób objętych dożywianiem,2010,gmina,Brzeźnica,powiat wadowicki,54%
177,Udział uczniów w ogóle osób objętych dożywianiem,2010,gmina,Kalwaria Zebrzydowska,powiat wadowicki,78%
177,Udział uczniów w ogóle osób objętych dożywianiem,2010,gmina,Lanckorona,powiat wadowicki,45%
177,Udział uczniów w ogóle osób objętych dożywianiem,2010,gmina,Mucharz,powiat wadowicki,52%
177,Udział uczniów w ogóle osób objętych dożywianiem,2010,gmina,Spytkowice,powiat wadowicki,55%
177,Udział uczniów w ogóle osób objętych dożywianiem,2010,gmina,Stryszów,powiat wadowicki,56%
177,Udział uczniów w ogóle osób objętych dożywianiem,2010,gmina,Tomice,powiat wadowicki,84%
177,Udział uczniów w ogóle osób objętych dożywianiem,2010,gmina,Wadowice,powiat wadowicki,46%
177,Udział uczniów w ogóle osób objętych dożywianiem,2010,gmina,Wieprz,powiat wadowicki,41%
177,Udział uczniów w ogóle osób objętych dożywianiem,2010,powiat,powiat wielicki,powiat wielicki,43%
177,Udział uczniów w ogóle osób objętych dożywianiem,2010,gmina,Biskupice,powiat wielicki,64%
177,Udział uczniów w ogóle osób objętych dożywianiem,2010,gmina,Gdów,powiat wielicki,72%
177,Udział uczniów w ogóle osób objętych dożywianiem,2010,gmina,Kłaj,powiat wielicki,42%
177,Udział uczniów w ogóle osób objętych dożywianiem,2010,gmina,Niepołomice,powiat wielicki,52%
177,Udział uczniów w ogóle osób objętych dożywianiem,2010,gmina,Wieliczka,powiat wielicki,32%
177,Udział uczniów w ogóle osób objętych dożywianiem,2009,powiat,powiat bocheński,powiat bocheński,52%
177,Udział uczniów w ogóle osób objętych dożywianiem,2009,gmina,Bochnia (miasto),powiat bocheński,35%
177,Udział uczniów w ogóle osób objętych dożywianiem,2009,gmina,Bochnia (wieś),powiat bocheński,46%
177,Udział uczniów w ogóle osób objętych dożywianiem,2009,gmina,Drwinia,powiat bocheński,51%
177,Udział uczniów w ogóle osób objętych dożywianiem,2009,gmina,Lipnica Murowana,powiat bocheński,70%
177,Udział uczniów w ogóle osób objętych dożywianiem,2009,gmina,Łapanów,powiat bocheński,81%
177,Udział uczniów w ogóle osób objętych dożywianiem,2009,gmina,Nowy Wiśnicz,powiat bocheński,82%
177,Udział uczniów w ogóle osób objętych dożywianiem,2009,gmina,Rzezawa,powiat bocheński,40%
177,Udział uczniów w ogóle osób objętych dożywianiem,2009,gmina,Trzciana,powiat bocheński,61%
177,Udział uczniów w ogóle osób objętych dożywianiem,2009,gmina,Żegocina,powiat bocheński,70%
177,Udział uczniów w ogóle osób objętych dożywianiem,2009,powiat,powiat brzeski,powiat brzeski,62%
177,Udział uczniów w ogóle osób objętych dożywianiem,2009,gmina,Borzęcin,powiat brzeski,49%
177,Udział uczniów w ogóle osób objętych dożywianiem,2009,gmina,Brzesko,powiat brzeski,83%
177,Udział uczniów w ogóle osób objętych dożywianiem,2009,gmina,Czchów,powiat brzeski,30%
177,Udział uczniów w ogóle osób objętych dożywianiem,2009,gmina,Dębno,powiat brzeski,60%
177,Udział uczniów w ogóle osób objętych dożywianiem,2009,gmina,Gnojnik,powiat brzeski,84%
177,Udział uczniów w ogóle osób objętych dożywianiem,2009,gmina,Iwkowa,powiat brzeski,66%
177,Udział uczniów w ogóle osób objętych dożywianiem,2009,gmina,Szczurowa,powiat brzeski,75%
177,Udział uczniów w ogóle osób objętych dożywianiem,2009,powiat,powiat chrzanowski,powiat chrzanowski,42%
177,Udział uczniów w ogóle osób objętych dożywianiem,2009,gmina,Alwernia,powiat chrzanowski,45%
177,Udział uczniów w ogóle osób objętych dożywianiem,2009,gmina,Babice,powiat chrzanowski,27%
177,Udział uczniów w ogóle osób objętych dożywianiem,2009,gmina,Chrzanów,powiat chrzanowski,45%
177,Udział uczniów w ogóle osób objętych dożywianiem,2009,gmina,Libiąż,powiat chrzanowski,55%
177,Udział uczniów w ogóle osób objętych dożywianiem,2009,gmina,Trzebinia,powiat chrzanowski,38%
177,Udział uczniów w ogóle osób objętych dożywianiem,2009,powiat,powiat dąbrowski,powiat dąbrowski,65%
177,Udział uczniów w ogóle osób objętych dożywianiem,2009,gmina,Bolesław,powiat dąbrowski,39%
177,Udział uczniów w ogóle osób objętych dożywianiem,2009,gmina,Dąbrowa Tarnowska,powiat dąbrowski,56%
177,Udział uczniów w ogóle osób objętych dożywianiem,2009,gmina,Gręboszów,powiat dąbrowski,71%
177,Udział uczniów w ogóle osób objętych dożywianiem,2009,gmina,Mędrzechów,powiat dąbrowski,91%
177,Udział uczniów w ogóle osób objętych dożywianiem,2009,gmina,Olesno,powiat dąbrowski,66%
177,Udział uczniów w ogóle osób objętych dożywianiem,2009,gmina,Radgoszcz,powiat dąbrowski,68%
177,Udział uczniów w ogóle osób objętych dożywianiem,2009,gmina,Szczucin,powiat dąbrowski,79%
177,Udział uczniów w ogóle osób objętych dożywianiem,2009,powiat,powiat gorlicki,powiat gorlicki,66%
177,Udział uczniów w ogóle osób objętych dożywianiem,2009,gmina,Biecz,powiat gorlicki,58%
177,Udział uczniów w ogóle osób objętych dożywianiem,2009,gmina,Bobowa,powiat gorlicki,80%
177,Udział uczniów w ogóle osób objętych dożywianiem,2009,gmina,Gorlice (miasto),powiat gorlicki,57%
177,Udział uczniów w ogóle osób objętych dożywianiem,2009,gmina,Gorlice (wieś),powiat gorlicki,60%
177,Udział uczniów w ogóle osób objętych dożywianiem,2009,gmina,Lipinki,powiat gorlicki,43%
177,Udział uczniów w ogóle osób objętych dożywianiem,2009,gmina,Łużna,powiat gorlicki,74%
177,Udział uczniów w ogóle osób objętych dożywianiem,2009,gmina,Moszczenica,powiat gorlicki,93%
177,Udział uczniów w ogóle osób objętych dożywianiem,2009,gmina,Ropa,powiat gorlicki,92%
177,Udział uczniów w ogóle osób objętych dożywianiem,2009,gmina,Sękowa,powiat gorlicki,64%
177,Udział uczniów w ogóle osób objętych dożywianiem,2009,gmina,Uście Gorlickie,powiat gorlicki,79%
177,Udział uczniów w ogóle osób objętych dożywianiem,2009,powiat,powiat krakowski,powiat krakowski,45%
177,Udział uczniów w ogóle osób objętych dożywianiem,2009,gmina,Czernichów,powiat krakowski,47%
177,Udział uczniów w ogóle osób objętych dożywianiem,2009,gmina,Igołomia-Wawrzeńczyce,powiat krakowski,97%
177,Udział uczniów w ogóle osób objętych dożywianiem,2009,gmina,Iwanowice,powiat krakowski,47%
177,Udział uczniów w ogóle osób objętych dożywianiem,2009,gmina,Jerzmanowice-Przeginia,powiat krakowski,59%
177,Udział uczniów w ogóle osób objętych dożywianiem,2009,gmina,Kocmyrzów-Luborzyca,powiat krakowski,52%
177,Udział uczniów w ogóle osób objętych dożywianiem,2009,gmina,Krzeszowice,powiat krakowski,41%
177,Udział uczniów w ogóle osób objętych dożywianiem,2009,gmina,Liszki,powiat krakowski,32%
177,Udział uczniów w ogóle osób objętych dożywianiem,2009,gmina,Michałowice,powiat krakowski,55%
177,Udział uczniów w ogóle osób objętych dożywianiem,2009,gmina,Mogilany,powiat krakowski,33%
177,Udział uczniów w ogóle osób objętych dożywianiem,2009,gmina,Skała,powiat krakowski,37%
177,Udział uczniów w ogóle osób objętych dożywianiem,2009,gmina,Skawina,powiat krakowski,51%
177,Udział uczniów w ogóle osób objętych dożywianiem,2009,gmina,Słomniki,powiat krakowski,41%
177,Udział uczniów w ogóle osób objętych dożywianiem,2009,gmina,Sułoszowa,powiat krakowski,68%
177,Udział uczniów w ogóle osób objętych dożywianiem,2009,gmina,Świątniki Górne,powiat krakowski,32%
177,Udział uczniów w ogóle osób objętych dożywianiem,2009,gmina,Wielka Wieś,powiat krakowski,36%
177,Udział uczniów w ogóle osób objętych dożywianiem,2009,gmina,Zabierzów,powiat krakowski,40%
177,Udział uczniów w ogóle osób objętych dożywianiem,2009,gmina,Zielonki,powiat krakowski,44%
177,Udział uczniów w ogóle osób objętych dożywianiem,2009,powiat,powiat limanowski,powiat limanowski,72%
177,Udział uczniów w ogóle osób objętych dożywianiem,2009,gmina,Dobra,powiat limanowski,93%
177,Udział uczniów w ogóle osób objętych dożywianiem,2009,gmina,Jodłownik,powiat limanowski,81%
177,Udział uczniów w ogóle osób objętych dożywianiem,2009,gmina,Kamienica,powiat limanowski,75%
177,Udział uczniów w ogóle osób objętych dożywianiem,2009,gmina,Laskowa,powiat limanowski,93%
177,Udział uczniów w ogóle osób objętych dożywianiem,2009,gmina,Limanowa (miasto),powiat limanowski,38%
177,Udział uczniów w ogóle osób objętych dożywianiem,2009,gmina,Limanowa (wieś),powiat limanowski,77%
177,Udział uczniów w ogóle osób objętych dożywianiem,2009,gmina,Łukowica,powiat limanowski,80%
177,Udział uczniów w ogóle osób objętych dożywianiem,2009,gmina,Mszana Dolna (miasto),powiat limanowski,57%
177,Udział uczniów w ogóle osób objętych dożywianiem,2009,gmina,Mszana Dolna (wieś),powiat limanowski,80%
177,Udział uczniów w ogóle osób objętych dożywianiem,2009,gmina,Niedźwiedź,powiat limanowski,50%
177,Udział uczniów w ogóle osób objętych dożywianiem,2009,gmina,Słopnice,powiat limanowski,87%
177,Udział uczniów w ogóle osób objętych dożywianiem,2009,gmina,Tymbark,powiat limanowski,57%
177,Udział uczniów w ogóle osób objętych dożywianiem,2009,powiat,powiat m. Kraków,powiat m. Kraków,24%
177,Udział uczniów w ogóle osób objętych dożywianiem,2009,powiat,powiat m. Nowy Sącz,powiat m. Nowy Sącz,46%
177,Udział uczniów w ogóle osób objętych dożywianiem,2009,powiat,powiat m. Tarnów,powiat m. Tarnów,28%
177,Udział uczniów w ogóle osób objętych dożywianiem,2009,powiat,powiat miechowski,powiat miechowski,51%
177,Udział uczniów w ogóle osób objętych dożywianiem,2009,gmina,Charsznica,powiat miechowski,50%
177,Udział uczniów w ogóle osób objętych dożywianiem,2009,gmina,Gołcza,powiat miechowski,77%
177,Udział uczniów w ogóle osób objętych dożywianiem,2009,gmina,Kozłów,powiat miechowski,54%
177,Udział uczniów w ogóle osób objętych dożywianiem,2009,gmina,Książ Wielki,powiat miechowski,60%
177,Udział uczniów w ogóle osób objętych dożywianiem,2009,gmina,Miechów,powiat miechowski,40%
177,Udział uczniów w ogóle osób objętych dożywianiem,2009,gmina,Racławice,powiat miechowski,53%
177,Udział uczniów w ogóle osób objętych dożywianiem,2009,gmina,Słaboszów,powiat miechowski,57%
177,Udział uczniów w ogóle osób objętych dożywianiem,2009,powiat,powiat myślenicki,powiat myślenicki,64%
177,Udział uczniów w ogóle osób objętych dożywianiem,2009,gmina,Dobczyce,powiat myślenicki,71%
177,Udział uczniów w ogóle osób objętych dożywianiem,2009,gmina,Lubień,powiat myślenicki,77%
177,Udział uczniów w ogóle osób objętych dożywianiem,2009,gmina,Myślenice,powiat myślenicki,56%
177,Udział uczniów w ogóle osób objętych dożywianiem,2009,gmina,Pcim,powiat myślenicki,79%
177,Udział uczniów w ogóle osób objętych dożywianiem,2009,gmina,Raciechowice,powiat myślenicki,73%
177,Udział uczniów w ogóle osób objętych dożywianiem,2009,gmina,Siepraw,powiat myślenicki,62%
177,Udział uczniów w ogóle osób objętych dożywianiem,2009,gmina,Sułkowice,powiat myślenicki,42%
177,Udział uczniów w ogóle osób objętych dożywianiem,2009,gmina,Tokarnia,powiat myślenicki,88%
177,Udział uczniów w ogóle osób objętych dożywianiem,2009,gmina,Wiśniowa,powiat myślenicki,61%
177,Udział uczniów w ogóle osób objętych dożywianiem,2009,powiat,powiat nowosądecki,powiat nowosądecki,61%
177,Udział uczniów w ogóle osób objętych dożywianiem,2009,gmina,Podegrodzie,powiat nowosądecki,82%
177,Udział uczniów w ogóle osób objętych dożywianiem,2009,gmina,Rytro,powiat nowosądecki,75%
177,Udział uczniów w ogóle osób objętych dożywianiem,2009,gmina,Stary Sącz,powiat nowosądecki,58%
177,Udział uczniów w ogóle osób objętych dożywianiem,2009,gmina,Chełmiec,powiat nowosądecki,64%
177,Udział uczniów w ogóle osób objętych dożywianiem,2009,gmina,Gródek nad Dunajcem,powiat nowosądecki,77%
177,Udział uczniów w ogóle osób objętych dożywianiem,2009,gmina,Grybów (miasto),powiat nowosądecki,40%
177,Udział uczniów w ogóle osób objętych dożywianiem,2009,gmina,Grybów (wieś),powiat nowosądecki,55%
177,Udział uczniów w ogóle osób objętych dożywianiem,2009,gmina,Kamionka Wielka,powiat nowosądecki,68%
177,Udział uczniów w ogóle osób objętych dożywianiem,2009,gmina,Korzenna,powiat nowosądecki,58%
177,Udział uczniów w ogóle osób objętych dożywianiem,2009,gmina,Krynica-Zdrój,powiat nowosądecki,59%
177,Udział uczniów w ogóle osób objętych dożywianiem,2009,gmina,Łabowa,powiat nowosądecki,72%
177,Udział uczniów w ogóle osób objętych dożywianiem,2009,gmina,Łącko,powiat nowosądecki,60%
177,Udział uczniów w ogóle osób objętych dożywianiem,2009,gmina,Łososina Dolna,powiat nowosądecki,87%
177,Udział uczniów w ogóle osób objętych dożywianiem,2009,gmina,Muszyna,powiat nowosądecki,58%
177,Udział uczniów w ogóle osób objętych dożywianiem,2009,gmina,Nawojowa,powiat nowosądecki,70%
177,Udział uczniów w ogóle osób objętych dożywianiem,2009,gmina,Piwniczna-Zdrój,powiat nowosądecki,58%
177,Udział uczniów w ogóle osób objętych dożywianiem,2009,powiat,powiat nowotarski,powiat nowotarski,56%
177,Udział uczniów w ogóle osób objętych dożywianiem,2009,gmina,Czarny Dunajec,powiat nowotarski,76%
177,Udział uczniów w ogóle osób objętych dożywianiem,2009,gmina,Czorsztyn,powiat nowotarski,61%
177,Udział uczniów w ogóle osób objętych dożywianiem,2009,gmina,Jabłonka,powiat nowotarski,72%
177,Udział uczniów w ogóle osób objętych dożywianiem,2009,gmina,Krościenko nad Dunajcem,powiat nowotarski,54%
177,Udział uczniów w ogóle osób objętych dożywianiem,2009,gmina,Lipnica Wielka,powiat nowotarski,70%
177,Udział uczniów w ogóle osób objętych dożywianiem,2009,gmina,Łapsze Niżne,powiat nowotarski,76%
177,Udział uczniów w ogóle osób objętych dożywianiem,2009,gmina,Nowy Targ (miasto),powiat nowotarski,33%
177,Udział uczniów w ogóle osób objętych dożywianiem,2009,gmina,Nowy Targ (wieś),powiat nowotarski,82%
177,Udział uczniów w ogóle osób objętych dożywianiem,2009,gmina,Ochotnica Dolna,powiat nowotarski,32%
177,Udział uczniów w ogóle osób objętych dożywianiem,2009,gmina,Raba Wyżna,powiat nowotarski,41%
177,Udział uczniów w ogóle osób objętych dożywianiem,2009,gmina,Rabka-Zdrój,powiat nowotarski,58%
177,Udział uczniów w ogóle osób objętych dożywianiem,2009,gmina,Spytkowice,powiat nowotarski,56%
177,Udział uczniów w ogóle osób objętych dożywianiem,2009,gmina,Szaflary,powiat nowotarski,87%
177,Udział uczniów w ogóle osób objętych dożywianiem,2009,gmina,Szczawnica,powiat nowotarski,67%
177,Udział uczniów w ogóle osób objętych dożywianiem,2009,powiat,powiat olkuski,powiat olkuski,35%
177,Udział uczniów w ogóle osób objętych dożywianiem,2009,gmina,Bolesław,powiat olkuski,30%
177,Udział uczniów w ogóle osób objętych dożywianiem,2009,gmina,Bukowno,powiat olkuski,22%
177,Udział uczniów w ogóle osób objętych dożywianiem,2009,gmina,Klucze,powiat olkuski,29%
177,Udział uczniów w ogóle osób objętych dożywianiem,2009,gmina,Olkusz,powiat olkuski,28%
177,Udział uczniów w ogóle osób objętych dożywianiem,2009,gmina,Trzyciąż,powiat olkuski,40%
177,Udział uczniów w ogóle osób objętych dożywianiem,2009,gmina,Wolbrom,powiat olkuski,83%
177,Udział uczniów w ogóle osób objętych dożywianiem,2009,powiat,powiat oświęcimski,powiat oświęcimski,34%
177,Udział uczniów w ogóle osób objętych dożywianiem,2009,gmina,Brzeszcze,powiat oświęcimski,31%
177,Udział uczniów w ogóle osób objętych dożywianiem,2009,gmina,Chełmek,powiat oświęcimski,47%
177,Udział uczniów w ogóle osób objętych dożywianiem,2009,gmina,Kęty,powiat oświęcimski,70%
177,Udział uczniów w ogóle osób objętych dożywianiem,2009,gmina,Osiek,powiat oświęcimski,70%
177,Udział uczniów w ogóle osób objętych dożywianiem,2009,gmina,Oświęcim (miasto),powiat oświęcimski,18%
177,Udział uczniów w ogóle osób objętych dożywianiem,2009,gmina,Oświęcim (wieś),powiat oświęcimski,49%
177,Udział uczniów w ogóle osób objętych dożywianiem,2009,gmina,Polanka Wielka,powiat oświęcimski,56%
177,Udział uczniów w ogóle osób objętych dożywianiem,2009,gmina,Przeciszów,powiat oświęcimski,53%
177,Udział uczniów w ogóle osób objętych dożywianiem,2009,gmina,Zator,powiat oświęcimski,48%
177,Udział uczniów w ogóle osób objętych dożywianiem,2009,powiat,powiat proszowicki,powiat proszowicki,57%
177,Udział uczniów w ogóle osób objętych dożywianiem,2009,gmina,Koniusza,powiat proszowicki,81%
177,Udział uczniów w ogóle osób objętych dożywianiem,2009,gmina,Koszyce,powiat proszowicki,64%
177,Udział uczniów w ogóle osób objętych dożywianiem,2009,gmina,Nowe Brzesko,powiat proszowicki,80%
177,Udział uczniów w ogóle osób objętych dożywianiem,2009,gmina,Pałecznica,powiat proszowicki,85%
177,Udział uczniów w ogóle osób objętych dożywianiem,2009,gmina,Proszowice,powiat proszowicki,36%
177,Udział uczniów w ogóle osób objętych dożywianiem,2009,gmina,Radziemice,powiat proszowicki,48%
177,Udział uczniów w ogóle osób objętych dożywianiem,2009,powiat,powiat suski,powiat suski,68%
177,Udział uczniów w ogóle osób objętych dożywianiem,2009,gmina,Budzów,powiat suski,75%
177,Udział uczniów w ogóle osób objętych dożywianiem,2009,gmina,Bystra-Sidzina,powiat suski,75%
177,Udział uczniów w ogóle osób objętych dożywianiem,2009,gmina,Jordanów (miasto),powiat suski,35%
177,Udział uczniów w ogóle osób objętych dożywianiem,2009,gmina,Jordanów (wieś),powiat suski,62%
177,Udział uczniów w ogóle osób objętych dożywianiem,2009,gmina,Maków Podhalański,powiat suski,71%
177,Udział uczniów w ogóle osób objętych dożywianiem,2009,gmina,Stryszawa,powiat suski,70%
177,Udział uczniów w ogóle osób objętych dożywianiem,2009,gmina,Sucha Beskidzka,powiat suski,54%
177,Udział uczniów w ogóle osób objętych dożywianiem,2009,gmina,Zawoja,powiat suski,84%
177,Udział uczniów w ogóle osób objętych dożywianiem,2009,gmina,Zembrzyce,powiat suski,82%
177,Udział uczniów w ogóle osób objętych dożywianiem,2009,powiat,powiat tarnowski,powiat tarnowski,65%
177,Udział uczniów w ogóle osób objętych dożywianiem,2009,gmina,Ciężkowice,powiat tarnowski,70%
177,Udział uczniów w ogóle osób objętych dożywianiem,2009,gmina,Gromnik,powiat tarnowski,84%
177,Udział uczniów w ogóle osób objętych dożywianiem,2009,gmina,Lisia Góra,powiat tarnowski,72%
177,Udział uczniów w ogóle osób objętych dożywianiem,2009,gmina,Pleśna,powiat tarnowski,62%
177,Udział uczniów w ogóle osób objętych dożywianiem,2009,gmina,Radłów,powiat tarnowski,49%
177,Udział uczniów w ogóle osób objętych dożywianiem,2009,gmina,Ryglice,powiat tarnowski,89%
177,Udział uczniów w ogóle osób objętych dożywianiem,2009,gmina,Rzepiennik Strzyżewski,powiat tarnowski,79%
177,Udział uczniów w ogóle osób objętych dożywianiem,2009,gmina,Skrzyszów,powiat tarnowski,72%
177,Udział uczniów w ogóle osób objętych dożywianiem,2009,gmina,Szerzyny,powiat tarnowski,56%
177,Udział uczniów w ogóle osób objętych dożywianiem,2009,gmina,Tarnów (wieś),powiat tarnowski,59%
177,Udział uczniów w ogóle osób objętych dożywianiem,2009,gmina,Tuchów,powiat tarnowski,94%
177,Udział uczniów w ogóle osób objętych dożywianiem,2009,gmina,Wierzchosławice,powiat tarnowski,49%
177,Udział uczniów w ogóle osób objętych dożywianiem,2009,gmina,Wietrzychowice,powiat tarnowski,75%
177,Udział uczniów w ogóle osób objętych dożywianiem,2009,gmina,Wojnicz,powiat tarnowski,45%
177,Udział uczniów w ogóle osób objętych dożywianiem,2009,gmina,Zakliczyn,powiat tarnowski,83%
177,Udział uczniów w ogóle osób objętych dożywianiem,2009,gmina,Żabno,powiat tarnowski,37%
177,Udział uczniów w ogóle osób objętych dożywianiem,2009,powiat,powiat tatrzański,powiat tatrzański,46%
177,Udział uczniów w ogóle osób objętych dożywianiem,2009,gmina,Biały Dunajec,powiat tatrzański,84%
177,Udział uczniów w ogóle osób objętych dożywianiem,2009,gmina,Bukowina Tatrzańska,powiat tatrzański,36%
177,Udział uczniów w ogóle osób objętych dożywianiem,2009,gmina,Kościelisko,powiat tatrzański,76%
177,Udział uczniów w ogóle osób objętych dożywianiem,2009,gmina,Poronin,powiat tatrzański,40%
177,Udział uczniów w ogóle osób objętych dożywianiem,2009,gmina,Zakopane,powiat tatrzański,32%
177,Udział uczniów w ogóle osób objętych dożywianiem,2009,powiat,powiat wadowicki,powiat wadowicki,56%
177,Udział uczniów w ogóle osób objętych dożywianiem,2009,gmina,Andrychów,powiat wadowicki,62%
177,Udział uczniów w ogóle osób objętych dożywianiem,2009,gmina,Brzeźnica,powiat wadowicki,64%
177,Udział uczniów w ogóle osób objętych dożywianiem,2009,gmina,Kalwaria Zebrzydowska,powiat wadowicki,81%
177,Udział uczniów w ogóle osób objętych dożywianiem,2009,gmina,Lanckorona,powiat wadowicki,37%
177,Udział uczniów w ogóle osób objętych dożywianiem,2009,gmina,Mucharz,powiat wadowicki,60%
177,Udział uczniów w ogóle osób objętych dożywianiem,2009,gmina,Spytkowice,powiat wadowicki,70%
177,Udział uczniów w ogóle osób objętych dożywianiem,2009,gmina,Stryszów,powiat wadowicki,42%
177,Udział uczniów w ogóle osób objętych dożywianiem,2009,gmina,Tomice,powiat wadowicki,86%
177,Udział uczniów w ogóle osób objętych dożywianiem,2009,gmina,Wadowice,powiat wadowicki,47%
177,Udział uczniów w ogóle osób objętych dożywianiem,2009,gmina,Wieprz,powiat wadowicki,46%
177,Udział uczniów w ogóle osób objętych dożywianiem,2009,powiat,powiat wielicki,powiat wielicki,39%
177,Udział uczniów w ogóle osób objętych dożywianiem,2009,gmina,Biskupice,powiat wielicki,82%
177,Udział uczniów w ogóle osób objętych dożywianiem,2009,gmina,Gdów,powiat wielicki,68%
177,Udział uczniów w ogóle osób objętych dożywianiem,2009,gmina,Kłaj,powiat wielicki,48%
177,Udział uczniów w ogóle osób objętych dożywianiem,2009,gmina,Niepołomice,powiat wielicki,39%
177,Udział uczniów w ogóle osób objętych dożywianiem,2009,gmina,Wieliczka,powiat wielicki,30%
177,Udział uczniów w ogóle osób objętych dożywianiem,2008,powiat,powiat bocheński,powiat bocheński,55%
177,Udział uczniów w ogóle osób objętych dożywianiem,2008,gmina,Bochnia (miasto),powiat bocheński,37%
177,Udział uczniów w ogóle osób objętych dożywianiem,2008,gmina,Bochnia (wieś),powiat bocheński,52%
177,Udział uczniów w ogóle osób objętych dożywianiem,2008,gmina,Drwinia,powiat bocheński,56%
177,Udział uczniów w ogóle osób objętych dożywianiem,2008,gmina,Lipnica Murowana,powiat bocheński,68%
177,Udział uczniów w ogóle osób objętych dożywianiem,2008,gmina,Łapanów,powiat bocheński,92%
177,Udział uczniów w ogóle osób objętych dożywianiem,2008,gmina,Nowy Wiśnicz,powiat bocheński,63%
177,Udział uczniów w ogóle osób objętych dożywianiem,2008,gmina,Rzezawa,powiat bocheński,39%
177,Udział uczniów w ogóle osób objętych dożywianiem,2008,gmina,Trzciana,powiat bocheński,70%
177,Udział uczniów w ogóle osób objętych dożywianiem,2008,gmina,Żegocina,powiat bocheński,56%
177,Udział uczniów w ogóle osób objętych dożywianiem,2008,powiat,powiat brzeski,powiat brzeski,69%
177,Udział uczniów w ogóle osób objętych dożywianiem,2008,gmina,Borzęcin,powiat brzeski,62%
177,Udział uczniów w ogóle osób objętych dożywianiem,2008,gmina,Brzesko,powiat brzeski,86%
177,Udział uczniów w ogóle osób objętych dożywianiem,2008,gmina,Czchów,powiat brzeski,38%
177,Udział uczniów w ogóle osób objętych dożywianiem,2008,gmina,Dębno,powiat brzeski,70%
177,Udział uczniów w ogóle osób objętych dożywianiem,2008,gmina,Gnojnik,powiat brzeski,88%
177,Udział uczniów w ogóle osób objętych dożywianiem,2008,gmina,Iwkowa,powiat brzeski,66%
177,Udział uczniów w ogóle osób objętych dożywianiem,2008,gmina,Szczurowa,powiat brzeski,72%
177,Udział uczniów w ogóle osób objętych dożywianiem,2008,powiat,powiat chrzanowski,powiat chrzanowski,40%
177,Udział uczniów w ogóle osób objętych dożywianiem,2008,gmina,Alwernia,powiat chrzanowski,46%
177,Udział uczniów w ogóle osób objętych dożywianiem,2008,gmina,Babice,powiat chrzanowski,35%
177,Udział uczniów w ogóle osób objętych dożywianiem,2008,gmina,Chrzanów,powiat chrzanowski,42%
177,Udział uczniów w ogóle osób objętych dożywianiem,2008,gmina,Libiąż,powiat chrzanowski,36%
177,Udział uczniów w ogóle osób objętych dożywianiem,2008,gmina,Trzebinia,powiat chrzanowski,38%
177,Udział uczniów w ogóle osób objętych dożywianiem,2008,powiat,powiat dąbrowski,powiat dąbrowski,62%
177,Udział uczniów w ogóle osób objętych dożywianiem,2008,gmina,Bolesław,powiat dąbrowski,47%
177,Udział uczniów w ogóle osób objętych dożywianiem,2008,gmina,Dąbrowa Tarnowska,powiat dąbrowski,56%
177,Udział uczniów w ogóle osób objętych dożywianiem,2008,gmina,Gręboszów,powiat dąbrowski,74%
177,Udział uczniów w ogóle osób objętych dożywianiem,2008,gmina,Mędrzechów,powiat dąbrowski,88%
177,Udział uczniów w ogóle osób objętych dożywianiem,2008,gmina,Olesno,powiat dąbrowski,63%
177,Udział uczniów w ogóle osób objętych dożywianiem,2008,gmina,Radgoszcz,powiat dąbrowski,52%
177,Udział uczniów w ogóle osób objętych dożywianiem,2008,gmina,Szczucin,powiat dąbrowski,80%
177,Udział uczniów w ogóle osób objętych dożywianiem,2008,powiat,powiat gorlicki,powiat gorlicki,63%
177,Udział uczniów w ogóle osób objętych dożywianiem,2008,gmina,Biecz,powiat gorlicki,45%
177,Udział uczniów w ogóle osób objętych dożywianiem,2008,gmina,Bobowa,powiat gorlicki,84%
177,Udział uczniów w ogóle osób objętych dożywianiem,2008,gmina,Gorlice (miasto),powiat gorlicki,69%
177,Udział uczniów w ogóle osób objętych dożywianiem,2008,gmina,Gorlice (wieś),powiat gorlicki,54%
177,Udział uczniów w ogóle osób objętych dożywianiem,2008,gmina,Lipinki,powiat gorlicki,45%
177,Udział uczniów w ogóle osób objętych dożywianiem,2008,gmina,Łużna,powiat gorlicki,76%
177,Udział uczniów w ogóle osób objętych dożywianiem,2008,gmina,Moszczenica,powiat gorlicki,97%
177,Udział uczniów w ogóle osób objętych dożywianiem,2008,gmina,Ropa,powiat gorlicki,79%
177,Udział uczniów w ogóle osób objętych dożywianiem,2008,gmina,Sękowa,powiat gorlicki,58%
177,Udział uczniów w ogóle osób objętych dożywianiem,2008,gmina,Uście Gorlickie,powiat gorlicki,66%
177,Udział uczniów w ogóle osób objętych dożywianiem,2008,powiat,powiat krakowski,powiat krakowski,44%
177,Udział uczniów w ogóle osób objętych dożywianiem,2008,gmina,Czernichów,powiat krakowski,48%
177,Udział uczniów w ogóle osób objętych dożywianiem,2008,gmina,Igołomia-Wawrzeńczyce,powiat krakowski,84%
177,Udział uczniów w ogóle osób objętych dożywianiem,2008,gmina,Iwanowice,powiat krakowski,53%
177,Udział uczniów w ogóle osób objętych dożywianiem,2008,gmina,Jerzmanowice-Przeginia,powiat krakowski,54%
177,Udział uczniów w ogóle osób objętych dożywianiem,2008,gmina,Kocmyrzów-Luborzyca,powiat krakowski,48%
177,Udział uczniów w ogóle osób objętych dożywianiem,2008,gmina,Krzeszowice,powiat krakowski,39%
177,Udział uczniów w ogóle osób objętych dożywianiem,2008,gmina,Liszki,powiat krakowski,38%
177,Udział uczniów w ogóle osób objętych dożywianiem,2008,gmina,Michałowice,powiat krakowski,46%
177,Udział uczniów w ogóle osób objętych dożywianiem,2008,gmina,Mogilany,powiat krakowski,39%
177,Udział uczniów w ogóle osób objętych dożywianiem,2008,gmina,Skała,powiat krakowski,39%
177,Udział uczniów w ogóle osób objętych dożywianiem,2008,gmina,Skawina,powiat krakowski,47%
177,Udział uczniów w ogóle osób objętych dożywianiem,2008,gmina,Słomniki,powiat krakowski,32%
177,Udział uczniów w ogóle osób objętych dożywianiem,2008,gmina,Sułoszowa,powiat krakowski,76%
177,Udział uczniów w ogóle osób objętych dożywianiem,2008,gmina,Świątniki Górne,powiat krakowski,28%
177,Udział uczniów w ogóle osób objętych dożywianiem,2008,gmina,Wielka Wieś,powiat krakowski,35%
177,Udział uczniów w ogóle osób objętych dożywianiem,2008,gmina,Zabierzów,powiat krakowski,43%
177,Udział uczniów w ogóle osób objętych dożywianiem,2008,gmina,Zielonki,powiat krakowski,43%
177,Udział uczniów w ogóle osób objętych dożywianiem,2008,powiat,powiat limanowski,powiat limanowski,74%
177,Udział uczniów w ogóle osób objętych dożywianiem,2008,gmina,Dobra,powiat limanowski,94%
177,Udział uczniów w ogóle osób objętych dożywianiem,2008,gmina,Jodłownik,powiat limanowski,75%
177,Udział uczniów w ogóle osób objętych dożywianiem,2008,gmina,Kamienica,powiat limanowski,81%
177,Udział uczniów w ogóle osób objętych dożywianiem,2008,gmina,Laskowa,powiat limanowski,90%
177,Udział uczniów w ogóle osób objętych dożywianiem,2008,gmina,Limanowa (miasto),powiat limanowski,40%
177,Udział uczniów w ogóle osób objętych dożywianiem,2008,gmina,Limanowa (wieś),powiat limanowski,80%
177,Udział uczniów w ogóle osób objętych dożywianiem,2008,gmina,Łukowica,powiat limanowski,77%
177,Udział uczniów w ogóle osób objętych dożywianiem,2008,gmina,Mszana Dolna (miasto),powiat limanowski,57%
177,Udział uczniów w ogóle osób objętych dożywianiem,2008,gmina,Mszana Dolna (wieś),powiat limanowski,83%
177,Udział uczniów w ogóle osób objętych dożywianiem,2008,gmina,Niedźwiedź,powiat limanowski,65%
177,Udział uczniów w ogóle osób objętych dożywianiem,2008,gmina,Słopnice,powiat limanowski,89%
177,Udział uczniów w ogóle osób objętych dożywianiem,2008,gmina,Tymbark,powiat limanowski,58%
177,Udział uczniów w ogóle osób objętych dożywianiem,2008,powiat,powiat m. Kraków,powiat m. Kraków,25%
177,Udział uczniów w ogóle osób objętych dożywianiem,2008,powiat,powiat m. Nowy Sącz,powiat m. Nowy Sącz,43%
177,Udział uczniów w ogóle osób objętych dożywianiem,2008,powiat,powiat m. Tarnów,powiat m. Tarnów,32%
177,Udział uczniów w ogóle osób objętych dożywianiem,2008,powiat,powiat miechowski,powiat miechowski,50%
177,Udział uczniów w ogóle osób objętych dożywianiem,2008,gmina,Charsznica,powiat miechowski,46%
177,Udział uczniów w ogóle osób objętych dożywianiem,2008,gmina,Gołcza,powiat miechowski,63%
177,Udział uczniów w ogóle osób objętych dożywianiem,2008,gmina,Kozłów,powiat miechowski,64%
177,Udział uczniów w ogóle osób objętych dożywianiem,2008,gmina,Książ Wielki,powiat miechowski,59%
177,Udział uczniów w ogóle osób objętych dożywianiem,2008,gmina,Miechów,powiat miechowski,41%
177,Udział uczniów w ogóle osób objętych dożywianiem,2008,gmina,Racławice,powiat miechowski,49%
177,Udział uczniów w ogóle osób objętych dożywianiem,2008,gmina,Słaboszów,powiat miechowski,59%
177,Udział uczniów w ogóle osób objętych dożywianiem,2008,powiat,powiat myślenicki,powiat myślenicki,63%
177,Udział uczniów w ogóle osób objętych dożywianiem,2008,gmina,Dobczyce,powiat myślenicki,74%
177,Udział uczniów w ogóle osób objętych dożywianiem,2008,gmina,Lubień,powiat myślenicki,75%
177,Udział uczniów w ogóle osób objętych dożywianiem,2008,gmina,Myślenice,powiat myślenicki,59%
177,Udział uczniów w ogóle osób objętych dożywianiem,2008,gmina,Pcim,powiat myślenicki,56%
177,Udział uczniów w ogóle osób objętych dożywianiem,2008,gmina,Raciechowice,powiat myślenicki,57%
177,Udział uczniów w ogóle osób objętych dożywianiem,2008,gmina,Siepraw,powiat myślenicki,62%
177,Udział uczniów w ogóle osób objętych dożywianiem,2008,gmina,Sułkowice,powiat myślenicki,48%
177,Udział uczniów w ogóle osób objętych dożywianiem,2008,gmina,Tokarnia,powiat myślenicki,87%
177,Udział uczniów w ogóle osób objętych dożywianiem,2008,gmina,Wiśniowa,powiat myślenicki,63%
177,Udział uczniów w ogóle osób objętych dożywianiem,2008,powiat,powiat nowosądecki,powiat nowosądecki,63%
177,Udział uczniów w ogóle osób objętych dożywianiem,2008,gmina,Podegrodzie,powiat nowosądecki,86%
177,Udział uczniów w ogóle osób objętych dożywianiem,2008,gmina,Rytro,powiat nowosądecki,79%
177,Udział uczniów w ogóle osób objętych dożywianiem,2008,gmina,Stary Sącz,powiat nowosądecki,53%
177,Udział uczniów w ogóle osób objętych dożywianiem,2008,gmina,Chełmiec,powiat nowosądecki,58%
177,Udział uczniów w ogóle osób objętych dożywianiem,2008,gmina,Gródek nad Dunajcem,powiat nowosądecki,80%
177,Udział uczniów w ogóle osób objętych dożywianiem,2008,gmina,Grybów (miasto),powiat nowosądecki,40%
177,Udział uczniów w ogóle osób objętych dożywianiem,2008,gmina,Grybów (wieś),powiat nowosądecki,58%
177,Udział uczniów w ogóle osób objętych dożywianiem,2008,gmina,Kamionka Wielka,powiat nowosądecki,70%
177,Udział uczniów w ogóle osób objętych dożywianiem,2008,gmina,Korzenna,powiat nowosądecki,55%
177,Udział uczniów w ogóle osób objętych dożywianiem,2008,gmina,Krynica-Zdrój,powiat nowosądecki,65%
177,Udział uczniów w ogóle osób objętych dożywianiem,2008,gmina,Łabowa,powiat nowosądecki,72%
177,Udział uczniów w ogóle osób objętych dożywianiem,2008,gmina,Łącko,powiat nowosądecki,68%
177,Udział uczniów w ogóle osób objętych dożywianiem,2008,gmina,Łososina Dolna,powiat nowosądecki,91%
177,Udział uczniów w ogóle osób objętych dożywianiem,2008,gmina,Muszyna,powiat nowosądecki,55%
177,Udział uczniów w ogóle osób objętych dożywianiem,2008,gmina,Nawojowa,powiat nowosądecki,72%
177,Udział uczniów w ogóle osób objętych dożywianiem,2008,gmina,Piwniczna-Zdrój,powiat nowosądecki,66%
177,Udział uczniów w ogóle osób objętych dożywianiem,2008,powiat,powiat nowotarski,powiat nowotarski,61%
177,Udział uczniów w ogóle osób objętych dożywianiem,2008,gmina,Czarny Dunajec,powiat nowotarski,95%
177,Udział uczniów w ogóle osób objętych dożywianiem,2008,gmina,Czorsztyn,powiat nowotarski,58%
177,Udział uczniów w ogóle osób objętych dożywianiem,2008,gmina,Jabłonka,powiat nowotarski,75%
177,Udział uczniów w ogóle osób objętych dożywianiem,2008,gmina,Krościenko nad Dunajcem,powiat nowotarski,76%
177,Udział uczniów w ogóle osób objętych dożywianiem,2008,gmina,Lipnica Wielka,powiat nowotarski,71%
177,Udział uczniów w ogóle osób objętych dożywianiem,2008,gmina,Łapsze Niżne,powiat nowotarski,67%
177,Udział uczniów w ogóle osób objętych dożywianiem,2008,gmina,Nowy Targ (miasto),powiat nowotarski,38%
177,Udział uczniów w ogóle osób objętych dożywianiem,2008,gmina,Nowy Targ (wieś),powiat nowotarski,68%
177,Udział uczniów w ogóle osób objętych dożywianiem,2008,gmina,Ochotnica Dolna,powiat nowotarski,50%
177,Udział uczniów w ogóle osób objętych dożywianiem,2008,gmina,Raba Wyżna,powiat nowotarski,41%
177,Udział uczniów w ogóle osób objętych dożywianiem,2008,gmina,Rabka-Zdrój,powiat nowotarski,63%
177,Udział uczniów w ogóle osób objętych dożywianiem,2008,gmina,Spytkowice,powiat nowotarski,41%
177,Udział uczniów w ogóle osób objętych dożywianiem,2008,gmina,Szaflary,powiat nowotarski,92%
177,Udział uczniów w ogóle osób objętych dożywianiem,2008,gmina,Szczawnica,powiat nowotarski,68%
177,Udział uczniów w ogóle osób objętych dożywianiem,2008,powiat,powiat olkuski,powiat olkuski,36%
177,Udział uczniów w ogóle osób objętych dożywianiem,2008,gmina,Bolesław,powiat olkuski,41%
177,Udział uczniów w ogóle osób objętych dożywianiem,2008,gmina,Bukowno,powiat olkuski,21%
177,Udział uczniów w ogóle osób objętych dożywianiem,2008,gmina,Klucze,powiat olkuski,30%
177,Udział uczniów w ogóle osób objętych dożywianiem,2008,gmina,Olkusz,powiat olkuski,30%
177,Udział uczniów w ogóle osób objętych dożywianiem,2008,gmina,Trzyciąż,powiat olkuski,34%
177,Udział uczniów w ogóle osób objętych dożywianiem,2008,gmina,Wolbrom,powiat olkuski,76%
177,Udział uczniów w ogóle osób objętych dożywianiem,2008,powiat,powiat oświęcimski,powiat oświęcimski,39%
177,Udział uczniów w ogóle osób objętych dożywianiem,2008,gmina,Brzeszcze,powiat oświęcimski,32%
177,Udział uczniów w ogóle osób objętych dożywianiem,2008,gmina,Chełmek,powiat oświęcimski,46%
177,Udział uczniów w ogóle osób objętych dożywianiem,2008,gmina,Kęty,powiat oświęcimski,65%
177,Udział uczniów w ogóle osób objętych dożywianiem,2008,gmina,Osiek,powiat oświęcimski,72%
177,Udział uczniów w ogóle osób objętych dożywianiem,2008,gmina,Oświęcim (miasto),powiat oświęcimski,30%
177,Udział uczniów w ogóle osób objętych dożywianiem,2008,gmina,Oświęcim (wieś),powiat oświęcimski,51%
177,Udział uczniów w ogóle osób objętych dożywianiem,2008,gmina,Polanka Wielka,powiat oświęcimski,42%
177,Udział uczniów w ogóle osób objętych dożywianiem,2008,gmina,Przeciszów,powiat oświęcimski,47%
177,Udział uczniów w ogóle osób objętych dożywianiem,2008,gmina,Zator,powiat oświęcimski,44%
177,Udział uczniów w ogóle osób objętych dożywianiem,2008,powiat,powiat proszowicki,powiat proszowicki,64%
177,Udział uczniów w ogóle osób objętych dożywianiem,2008,gmina,Koniusza,powiat proszowicki,100%
177,Udział uczniów w ogóle osób objętych dożywianiem,2008,gmina,Koszyce,powiat proszowicki,50%
177,Udział uczniów w ogóle osób objętych dożywianiem,2008,gmina,Nowe Brzesko,powiat proszowicki,67%
177,Udział uczniów w ogóle osób objętych dożywianiem,2008,gmina,Pałecznica,powiat proszowicki,87%
177,Udział uczniów w ogóle osób objętych dożywianiem,2008,gmina,Proszowice,powiat proszowicki,45%
177,Udział uczniów w ogóle osób objętych dożywianiem,2008,gmina,Radziemice,powiat proszowicki,37%
177,Udział uczniów w ogóle osób objętych dożywianiem,2008,powiat,powiat suski,powiat suski,58%
177,Udział uczniów w ogóle osób objętych dożywianiem,2008,gmina,Budzów,powiat suski,78%
177,Udział uczniów w ogóle osób objętych dożywianiem,2008,gmina,Bystra-Sidzina,powiat suski,71%
177,Udział uczniów w ogóle osób objętych dożywianiem,2008,gmina,Jordanów (miasto),powiat suski,40%
177,Udział uczniów w ogóle osób objętych dożywianiem,2008,gmina,Jordanów (wieś),powiat suski,46%
177,Udział uczniów w ogóle osób objętych dożywianiem,2008,gmina,Maków Podhalański,powiat suski,67%
177,Udział uczniów w ogóle osób objętych dożywianiem,2008,gmina,Stryszawa,powiat suski,60%
177,Udział uczniów w ogóle osób objętych dożywianiem,2008,gmina,Sucha Beskidzka,powiat suski,50%
177,Udział uczniów w ogóle osób objętych dożywianiem,2008,gmina,Zawoja,powiat suski,81%
177,Udział uczniów w ogóle osób objętych dożywianiem,2008,gmina,Zembrzyce,powiat suski,57%
177,Udział uczniów w ogóle osób objętych dożywianiem,2008,powiat,powiat tarnowski,powiat tarnowski,64%
177,Udział uczniów w ogóle osób objętych dożywianiem,2008,gmina,Ciężkowice,powiat tarnowski,62%
177,Udział uczniów w ogóle osób objętych dożywianiem,2008,gmina,Gromnik,powiat tarnowski,80%
177,Udział uczniów w ogóle osób objętych dożywianiem,2008,gmina,Lisia Góra,powiat tarnowski,62%
177,Udział uczniów w ogóle osób objętych dożywianiem,2008,gmina,Pleśna,powiat tarnowski,66%
177,Udział uczniów w ogóle osób objętych dożywianiem,2008,gmina,Radłów,powiat tarnowski,51%
177,Udział uczniów w ogóle osób objętych dożywianiem,2008,gmina,Ryglice,powiat tarnowski,73%
177,Udział uczniów w ogóle osób objętych dożywianiem,2008,gmina,Rzepiennik Strzyżewski,powiat tarnowski,87%
177,Udział uczniów w ogóle osób objętych dożywianiem,2008,gmina,Skrzyszów,powiat tarnowski,57%
177,Udział uczniów w ogóle osób objętych dożywianiem,2008,gmina,Szerzyny,powiat tarnowski,53%
177,Udział uczniów w ogóle osób objętych dożywianiem,2008,gmina,Tarnów (wieś),powiat tarnowski,54%
177,Udział uczniów w ogóle osób objętych dożywianiem,2008,gmina,Tuchów,powiat tarnowski,93%
177,Udział uczniów w ogóle osób objętych dożywianiem,2008,gmina,Wierzchosławice,powiat tarnowski,47%
177,Udział uczniów w ogóle osób objętych dożywianiem,2008,gmina,Wietrzychowice,powiat tarnowski,65%
177,Udział uczniów w ogóle osób objętych dożywianiem,2008,gmina,Wojnicz,powiat tarnowski,57%
177,Udział uczniów w ogóle osób objętych dożywianiem,2008,gmina,Zakliczyn,powiat tarnowski,98%
177,Udział uczniów w ogóle osób objętych dożywianiem,2008,gmina,Żabno,powiat tarnowski,52%
177,Udział uczniów w ogóle osób objętych dożywianiem,2008,powiat,powiat tatrzański,powiat tatrzański,47%
177,Udział uczniów w ogóle osób objętych dożywianiem,2008,gmina,Biały Dunajec,powiat tatrzański,92%
177,Udział uczniów w ogóle osób objętych dożywianiem,2008,gmina,Bukowina Tatrzańska,powiat tatrzański,39%
177,Udział uczniów w ogóle osób objętych dożywianiem,2008,gmina,Kościelisko,powiat tatrzański,67%
177,Udział uczniów w ogóle osób objętych dożywianiem,2008,gmina,Poronin,powiat tatrzański,31%
177,Udział uczniów w ogóle osób objętych dożywianiem,2008,gmina,Zakopane,powiat tatrzański,37%
177,Udział uczniów w ogóle osób objętych dożywianiem,2008,powiat,powiat wadowicki,powiat wadowicki,57%
177,Udział uczniów w ogóle osób objętych dożywianiem,2008,gmina,Andrychów,powiat wadowicki,52%
177,Udział uczniów w ogóle osób objętych dożywianiem,2008,gmina,Brzeźnica,powiat wadowicki,70%
177,Udział uczniów w ogóle osób objętych dożywianiem,2008,gmina,Kalwaria Zebrzydowska,powiat wadowicki,73%
177,Udział uczniów w ogóle osób objętych dożywianiem,2008,gmina,Lanckorona,powiat wadowicki,36%
177,Udział uczniów w ogóle osób objętych dożywianiem,2008,gmina,Mucharz,powiat wadowicki,61%
177,Udział uczniów w ogóle osób objętych dożywianiem,2008,gmina,Spytkowice,powiat wadowicki,81%
177,Udział uczniów w ogóle osób objętych dożywianiem,2008,gmina,Stryszów,powiat wadowicki,48%
177,Udział uczniów w ogóle osób objętych dożywianiem,2008,gmina,Tomice,powiat wadowicki,87%
177,Udział uczniów w ogóle osób objętych dożywianiem,2008,gmina,Wadowice,powiat wadowicki,44%
177,Udział uczniów w ogóle osób objętych dożywianiem,2008,gmina,Wieprz,powiat wadowicki,55%
177,Udział uczniów w ogóle osób objętych dożywianiem,2008,powiat,powiat wielicki,powiat wielicki,40%
177,Udział uczniów w ogóle osób objętych dożywianiem,2008,gmina,Biskupice,powiat wielicki,80%
177,Udział uczniów w ogóle osób objętych dożywianiem,2008,gmina,Gdów,powiat wielicki,80%
177,Udział uczniów w ogóle osób objętych dożywianiem,2008,gmina,Kłaj,powiat wielicki,53%
177,Udział uczniów w ogóle osób objętych dożywianiem,2008,gmina,Niepołomice,powiat wielicki,35%
177,Udział uczniów w ogóle osób objętych dożywianiem,2008,gmina,Wieliczka,powiat wielicki,29%
177,Udział uczniów w ogóle osób objętych dożywianiem,2007,powiat,powiat bocheński,powiat bocheński,60%
177,Udział uczniów w ogóle osób objętych dożywianiem,2007,gmina,Bochnia (miasto),powiat bocheński,43%
177,Udział uczniów w ogóle osób objętych dożywianiem,2007,gmina,Bochnia (wieś),powiat bocheński,60%
177,Udział uczniów w ogóle osób objętych dożywianiem,2007,gmina,Drwinia,powiat bocheński,70%
177,Udział uczniów w ogóle osób objętych dożywianiem,2007,gmina,Lipnica Murowana,powiat bocheński,59%
177,Udział uczniów w ogóle osób objętych dożywianiem,2007,gmina,Łapanów,powiat bocheński,89%
177,Udział uczniów w ogóle osób objętych dożywianiem,2007,gmina,Nowy Wiśnicz,powiat bocheński,79%
177,Udział uczniów w ogóle osób objętych dożywianiem,2007,gmina,Rzezawa,powiat bocheński,43%
177,Udział uczniów w ogóle osób objętych dożywianiem,2007,gmina,Trzciana,powiat bocheński,71%
177,Udział uczniów w ogóle osób objętych dożywianiem,2007,gmina,Żegocina,powiat bocheński,61%
177,Udział uczniów w ogóle osób objętych dożywianiem,2007,powiat,powiat brzeski,powiat brzeski,69%
177,Udział uczniów w ogóle osób objętych dożywianiem,2007,gmina,Borzęcin,powiat brzeski,42%
177,Udział uczniów w ogóle osób objętych dożywianiem,2007,gmina,Brzesko,powiat brzeski,88%
177,Udział uczniów w ogóle osób objętych dożywianiem,2007,gmina,Czchów,powiat brzeski,44%
177,Udział uczniów w ogóle osób objętych dożywianiem,2007,gmina,Dębno,powiat brzeski,88%
177,Udział uczniów w ogóle osób objętych dożywianiem,2007,gmina,Gnojnik,powiat brzeski,87%
177,Udział uczniów w ogóle osób objętych dożywianiem,2007,gmina,Iwkowa,powiat brzeski,62%
177,Udział uczniów w ogóle osób objętych dożywianiem,2007,gmina,Szczurowa,powiat brzeski,72%
177,Udział uczniów w ogóle osób objętych dożywianiem,2007,powiat,powiat chrzanowski,powiat chrzanowski,46%
177,Udział uczniów w ogóle osób objętych dożywianiem,2007,gmina,Alwernia,powiat chrzanowski,51%
177,Udział uczniów w ogóle osób objętych dożywianiem,2007,gmina,Babice,powiat chrzanowski,39%
177,Udział uczniów w ogóle osób objętych dożywianiem,2007,gmina,Chrzanów,powiat chrzanowski,46%
177,Udział uczniów w ogóle osób objętych dożywianiem,2007,gmina,Libiąż,powiat chrzanowski,44%
177,Udział uczniów w ogóle osób objętych dożywianiem,2007,gmina,Trzebinia,powiat chrzanowski,45%
177,Udział uczniów w ogóle osób objętych dożywianiem,2007,powiat,powiat dąbrowski,powiat dąbrowski,63%
177,Udział uczniów w ogóle osób objętych dożywianiem,2007,gmina,Bolesław,powiat dąbrowski,62%
177,Udział uczniów w ogóle osób objętych dożywianiem,2007,gmina,Dąbrowa Tarnowska,powiat dąbrowski,59%
177,Udział uczniów w ogóle osób objętych dożywianiem,2007,gmina,Gręboszów,powiat dąbrowski,74%
177,Udział uczniów w ogóle osób objętych dożywianiem,2007,gmina,Mędrzechów,powiat dąbrowski,94%
177,Udział uczniów w ogóle osób objętych dożywianiem,2007,gmina,Olesno,powiat dąbrowski,62%
177,Udział uczniów w ogóle osób objętych dożywianiem,2007,gmina,Radgoszcz,powiat dąbrowski,51%
177,Udział uczniów w ogóle osób objętych dożywianiem,2007,gmina,Szczucin,powiat dąbrowski,80%
177,Udział uczniów w ogóle osób objętych dożywianiem,2007,powiat,powiat gorlicki,powiat gorlicki,66%
177,Udział uczniów w ogóle osób objętych dożywianiem,2007,gmina,Biecz,powiat gorlicki,54%
177,Udział uczniów w ogóle osób objętych dożywianiem,2007,gmina,Bobowa,powiat gorlicki,78%
177,Udział uczniów w ogóle osób objętych dożywianiem,2007,gmina,Gorlice (miasto),powiat gorlicki,72%
177,Udział uczniów w ogóle osób objętych dożywianiem,2007,gmina,Gorlice (wieś),powiat gorlicki,51%
177,Udział uczniów w ogóle osób objętych dożywianiem,2007,gmina,Lipinki,powiat gorlicki,54%
177,Udział uczniów w ogóle osób objętych dożywianiem,2007,gmina,Łużna,powiat gorlicki,83%
177,Udział uczniów w ogóle osób objętych dożywianiem,2007,gmina,Moszczenica,powiat gorlicki,100%
177,Udział uczniów w ogóle osób objętych dożywianiem,2007,gmina,Ropa,powiat gorlicki,83%
177,Udział uczniów w ogóle osób objętych dożywianiem,2007,gmina,Sękowa,powiat gorlicki,57%
177,Udział uczniów w ogóle osób objętych dożywianiem,2007,gmina,Uście Gorlickie,powiat gorlicki,71%
177,Udział uczniów w ogóle osób objętych dożywianiem,2007,powiat,powiat krakowski,powiat krakowski,47%
177,Udział uczniów w ogóle osób objętych dożywianiem,2007,gmina,Czernichów,powiat krakowski,51%
177,Udział uczniów w ogóle osób objętych dożywianiem,2007,gmina,Igołomia-Wawrzeńczyce,powiat krakowski,91%
177,Udział uczniów w ogóle osób objętych dożywianiem,2007,gmina,Iwanowice,powiat krakowski,64%
177,Udział uczniów w ogóle osób objętych dożywianiem,2007,gmina,Jerzmanowice-Przeginia,powiat krakowski,69%
177,Udział uczniów w ogóle osób objętych dożywianiem,2007,gmina,Kocmyrzów-Luborzyca,powiat krakowski,70%
177,Udział uczniów w ogóle osób objętych dożywianiem,2007,gmina,Krzeszowice,powiat krakowski,41%
177,Udział uczniów w ogóle osób objętych dożywianiem,2007,gmina,Liszki,powiat krakowski,36%
177,Udział uczniów w ogóle osób objętych dożywianiem,2007,gmina,Michałowice,powiat krakowski,49%
177,Udział uczniów w ogóle osób objętych dożywianiem,2007,gmina,Mogilany,powiat krakowski,38%
177,Udział uczniów w ogóle osób objętych dożywianiem,2007,gmina,Skała,powiat krakowski,43%
177,Udział uczniów w ogóle osób objętych dożywianiem,2007,gmina,Skawina,powiat krakowski,50%
177,Udział uczniów w ogóle osób objętych dożywianiem,2007,gmina,Słomniki,powiat krakowski,39%
177,Udział uczniów w ogóle osób objętych dożywianiem,2007,gmina,Sułoszowa,powiat krakowski,80%
177,Udział uczniów w ogóle osób objętych dożywianiem,2007,gmina,Świątniki Górne,powiat krakowski,35%
177,Udział uczniów w ogóle osób objętych dożywianiem,2007,gmina,Wielka Wieś,powiat krakowski,30%
177,Udział uczniów w ogóle osób objętych dożywianiem,2007,gmina,Zabierzów,powiat krakowski,45%
177,Udział uczniów w ogóle osób objętych dożywianiem,2007,gmina,Zielonki,powiat krakowski,41%
177,Udział uczniów w ogóle osób objętych dożywianiem,2007,powiat,powiat limanowski,powiat limanowski,79%
177,Udział uczniów w ogóle osób objętych dożywianiem,2007,gmina,Dobra,powiat limanowski,91%
177,Udział uczniów w ogóle osób objętych dożywianiem,2007,gmina,Jodłownik,powiat limanowski,84%
177,Udział uczniów w ogóle osób objętych dożywianiem,2007,gmina,Kamienica,powiat limanowski,89%
177,Udział uczniów w ogóle osób objętych dożywianiem,2007,gmina,Laskowa,powiat limanowski,96%
177,Udział uczniów w ogóle osób objętych dożywianiem,2007,gmina,Limanowa (miasto),powiat limanowski,38%
177,Udział uczniów w ogóle osób objętych dożywianiem,2007,gmina,Limanowa (wieś),powiat limanowski,82%
177,Udział uczniów w ogóle osób objętych dożywianiem,2007,gmina,Łukowica,powiat limanowski,92%
177,Udział uczniów w ogóle osób objętych dożywianiem,2007,gmina,Mszana Dolna (miasto),powiat limanowski,51%
177,Udział uczniów w ogóle osób objętych dożywianiem,2007,gmina,Mszana Dolna (wieś),powiat limanowski,85%
177,Udział uczniów w ogóle osób objętych dożywianiem,2007,gmina,Niedźwiedź,powiat limanowski,85%
177,Udział uczniów w ogóle osób objętych dożywianiem,2007,gmina,Słopnice,powiat limanowski,85%
177,Udział uczniów w ogóle osób objętych dożywianiem,2007,gmina,Tymbark,powiat limanowski,84%
177,Udział uczniów w ogóle osób objętych dożywianiem,2007,powiat,powiat m. Kraków,powiat m. Kraków,26%
177,Udział uczniów w ogóle osób objętych dożywianiem,2007,powiat,powiat m. Nowy Sącz,powiat m. Nowy Sącz,42%
177,Udział uczniów w ogóle osób objętych dożywianiem,2007,powiat,powiat m. Tarnów,powiat m. Tarnów,32%
177,Udział uczniów w ogóle osób objętych dożywianiem,2007,powiat,powiat miechowski,powiat miechowski,56%
177,Udział uczniów w ogóle osób objętych dożywianiem,2007,gmina,Charsznica,powiat miechowski,47%
177,Udział uczniów w ogóle osób objętych dożywianiem,2007,gmina,Gołcza,powiat miechowski,66%
177,Udział uczniów w ogóle osób objętych dożywianiem,2007,gmina,Kozłów,powiat miechowski,70%
177,Udział uczniów w ogóle osób objętych dożywianiem,2007,gmina,Książ Wielki,powiat miechowski,71%
177,Udział uczniów w ogóle osób objętych dożywianiem,2007,gmina,Miechów,powiat miechowski,49%
177,Udział uczniów w ogóle osób objętych dożywianiem,2007,gmina,Racławice,powiat miechowski,84%
177,Udział uczniów w ogóle osób objętych dożywianiem,2007,gmina,Słaboszów,powiat miechowski,49%
177,Udział uczniów w ogóle osób objętych dożywianiem,2007,powiat,powiat myślenicki,powiat myślenicki,65%
177,Udział uczniów w ogóle osób objętych dożywianiem,2007,gmina,Dobczyce,powiat myślenicki,71%
177,Udział uczniów w ogóle osób objętych dożywianiem,2007,gmina,Lubień,powiat myślenicki,75%
177,Udział uczniów w ogóle osób objętych dożywianiem,2007,gmina,Myślenice,powiat myślenicki,57%
177,Udział uczniów w ogóle osób objętych dożywianiem,2007,gmina,Pcim,powiat myślenicki,73%
177,Udział uczniów w ogóle osób objętych dożywianiem,2007,gmina,Raciechowice,powiat myślenicki,59%
177,Udział uczniów w ogóle osób objętych dożywianiem,2007,gmina,Siepraw,powiat myślenicki,73%
177,Udział uczniów w ogóle osób objętych dożywianiem,2007,gmina,Sułkowice,powiat myślenicki,49%
177,Udział uczniów w ogóle osób objętych dożywianiem,2007,gmina,Tokarnia,powiat myślenicki,87%
177,Udział uczniów w ogóle osób objętych dożywianiem,2007,gmina,Wiśniowa,powiat myślenicki,71%
177,Udział uczniów w ogóle osób objętych dożywianiem,2007,powiat,powiat nowosądecki,powiat nowosądecki,61%
177,Udział uczniów w ogóle osób objętych dożywianiem,2007,gmina,Podegrodzie,powiat nowosądecki,86%
177,Udział uczniów w ogóle osób objętych dożywianiem,2007,gmina,Rytro,powiat nowosądecki,83%
177,Udział uczniów w ogóle osób objętych dożywianiem,2007,gmina,Stary Sącz,powiat nowosądecki,56%
177,Udział uczniów w ogóle osób objętych dożywianiem,2007,gmina,Chełmiec,powiat nowosądecki,61%
177,Udział uczniów w ogóle osób objętych dożywianiem,2007,gmina,Gródek nad Dunajcem,powiat nowosądecki,86%
177,Udział uczniów w ogóle osób objętych dożywianiem,2007,gmina,Grybów (miasto),powiat nowosądecki,39%
177,Udział uczniów w ogóle osób objętych dożywianiem,2007,gmina,Grybów (wieś),powiat nowosądecki,58%
177,Udział uczniów w ogóle osób objętych dożywianiem,2007,gmina,Kamionka Wielka,powiat nowosądecki,81%
177,Udział uczniów w ogóle osób objętych dożywianiem,2007,gmina,Korzenna,powiat nowosądecki,57%
177,Udział uczniów w ogóle osób objętych dożywianiem,2007,gmina,Krynica-Zdrój,powiat nowosądecki,47%
177,Udział uczniów w ogóle osób objętych dożywianiem,2007,gmina,Łabowa,powiat nowosądecki,49%
177,Udział uczniów w ogóle osób objętych dożywianiem,2007,gmina,Łącko,powiat nowosądecki,64%
177,Udział uczniów w ogóle osób objętych dożywianiem,2007,gmina,Łososina Dolna,powiat nowosądecki,89%
177,Udział uczniów w ogóle osób objętych dożywianiem,2007,gmina,Muszyna,powiat nowosądecki,47%
177,Udział uczniów w ogóle osób objętych dożywianiem,2007,gmina,Nawojowa,powiat nowosądecki,81%
177,Udział uczniów w ogóle osób objętych dożywianiem,2007,gmina,Piwniczna-Zdrój,powiat nowosądecki,54%
177,Udział uczniów w ogóle osób objętych dożywianiem,2007,powiat,powiat nowotarski,powiat nowotarski,69%
177,Udział uczniów w ogóle osób objętych dożywianiem,2007,gmina,Czarny Dunajec,powiat nowotarski,96%
177,Udział uczniów w ogóle osób objętych dożywianiem,2007,gmina,Czorsztyn,powiat nowotarski,65%
177,Udział uczniów w ogóle osób objętych dożywianiem,2007,gmina,Jabłonka,powiat nowotarski,89%
177,Udział uczniów w ogóle osób objętych dożywianiem,2007,gmina,Krościenko nad Dunajcem,powiat nowotarski,70%
177,Udział uczniów w ogóle osób objętych dożywianiem,2007,gmina,Lipnica Wielka,powiat nowotarski,63%
177,Udział uczniów w ogóle osób objętych dożywianiem,2007,gmina,Łapsze Niżne,powiat nowotarski,72%
177,Udział uczniów w ogóle osób objętych dożywianiem,2007,gmina,Nowy Targ (miasto),powiat nowotarski,50%
177,Udział uczniów w ogóle osób objętych dożywianiem,2007,gmina,Nowy Targ (wieś),powiat nowotarski,95%
177,Udział uczniów w ogóle osób objętych dożywianiem,2007,gmina,Ochotnica Dolna,powiat nowotarski,81%
177,Udział uczniów w ogóle osób objętych dożywianiem,2007,gmina,Raba Wyżna,powiat nowotarski,64%
177,Udział uczniów w ogóle osób objętych dożywianiem,2007,gmina,Rabka-Zdrój,powiat nowotarski,59%
177,Udział uczniów w ogóle osób objętych dożywianiem,2007,gmina,Spytkowice,powiat nowotarski,59%
177,Udział uczniów w ogóle osób objętych dożywianiem,2007,gmina,Szaflary,powiat nowotarski,65%
177,Udział uczniów w ogóle osób objętych dożywianiem,2007,gmina,Szczawnica,powiat nowotarski,78%
177,Udział uczniów w ogóle osób objętych dożywianiem,2007,powiat,powiat olkuski,powiat olkuski,38%
177,Udział uczniów w ogóle osób objętych dożywianiem,2007,gmina,Bolesław,powiat olkuski,38%
177,Udział uczniów w ogóle osób objętych dożywianiem,2007,gmina,Bukowno,powiat olkuski,40%
177,Udział uczniów w ogóle osób objętych dożywianiem,2007,gmina,Klucze,powiat olkuski,29%
177,Udział uczniów w ogóle osób objętych dożywianiem,2007,gmina,Olkusz,powiat olkuski,35%
177,Udział uczniów w ogóle osób objętych dożywianiem,2007,gmina,Trzyciąż,powiat olkuski,63%
177,Udział uczniów w ogóle osób objętych dożywianiem,2007,gmina,Wolbrom,powiat olkuski,73%
177,Udział uczniów w ogóle osób objętych dożywianiem,2007,powiat,powiat oświęcimski,powiat oświęcimski,37%
177,Udział uczniów w ogóle osób objętych dożywianiem,2007,gmina,Brzeszcze,powiat oświęcimski,31%
177,Udział uczniów w ogóle osób objętych dożywianiem,2007,gmina,Chełmek,powiat oświęcimski,44%
177,Udział uczniów w ogóle osób objętych dożywianiem,2007,gmina,Kęty,powiat oświęcimski,69%
177,Udział uczniów w ogóle osób objętych dożywianiem,2007,gmina,Osiek,powiat oświęcimski,74%
177,Udział uczniów w ogóle osób objętych dożywianiem,2007,gmina,Oświęcim (miasto),powiat oświęcimski,27%
177,Udział uczniów w ogóle osób objętych dożywianiem,2007,gmina,Oświęcim (wieś),powiat oświęcimski,58%
177,Udział uczniów w ogóle osób objętych dożywianiem,2007,gmina,Polanka Wielka,powiat oświęcimski,55%
177,Udział uczniów w ogóle osób objętych dożywianiem,2007,gmina,Przeciszów,powiat oświęcimski,59%
177,Udział uczniów w ogóle osób objętych dożywianiem,2007,gmina,Zator,powiat oświęcimski,50%
177,Udział uczniów w ogóle osób objętych dożywianiem,2007,powiat,powiat proszowicki,powiat proszowicki,67%
177,Udział uczniów w ogóle osób objętych dożywianiem,2007,gmina,Koniusza,powiat proszowicki,100%
177,Udział uczniów w ogóle osób objętych dożywianiem,2007,gmina,Koszyce,powiat proszowicki,82%
177,Udział uczniów w ogóle osób objętych dożywianiem,2007,gmina,Nowe Brzesko,powiat proszowicki,84%
177,Udział uczniów w ogóle osób objętych dożywianiem,2007,gmina,Pałecznica,powiat proszowicki,82%
177,Udział uczniów w ogóle osób objętych dożywianiem,2007,gmina,Proszowice,powiat proszowicki,42%
177,Udział uczniów w ogóle osób objętych dożywianiem,2007,gmina,Radziemice,powiat proszowicki,47%
177,Udział uczniów w ogóle osób objętych dożywianiem,2007,powiat,powiat suski,powiat suski,59%
177,Udział uczniów w ogóle osób objętych dożywianiem,2007,gmina,Budzów,powiat suski,86%
177,Udział uczniów w ogóle osób objętych dożywianiem,2007,gmina,Bystra-Sidzina,powiat suski,77%
177,Udział uczniów w ogóle osób objętych dożywianiem,2007,gmina,Jordanów (miasto),powiat suski,44%
177,Udział uczniów w ogóle osób objętych dożywianiem,2007,gmina,Jordanów (wieś),powiat suski,41%
177,Udział uczniów w ogóle osób objętych dożywianiem,2007,gmina,Maków Podhalański,powiat suski,63%
177,Udział uczniów w ogóle osób objętych dożywianiem,2007,gmina,Stryszawa,powiat suski,74%
177,Udział uczniów w ogóle osób objętych dożywianiem,2007,gmina,Sucha Beskidzka,powiat suski,71%
177,Udział uczniów w ogóle osób objętych dożywianiem,2007,gmina,Zawoja,powiat suski,83%
177,Udział uczniów w ogóle osób objętych dożywianiem,2007,gmina,Zembrzyce,powiat suski,37%
177,Udział uczniów w ogóle osób objętych dożywianiem,2007,powiat,powiat tarnowski,powiat tarnowski,68%
177,Udział uczniów w ogóle osób objętych dożywianiem,2007,gmina,Ciężkowice,powiat tarnowski,69%
177,Udział uczniów w ogóle osób objętych dożywianiem,2007,gmina,Gromnik,powiat tarnowski,58%
177,Udział uczniów w ogóle osób objętych dożywianiem,2007,gmina,Lisia Góra,powiat tarnowski,72%
177,Udział uczniów w ogóle osób objętych dożywianiem,2007,gmina,Pleśna,powiat tarnowski,71%
177,Udział uczniów w ogóle osób objętych dożywianiem,2007,gmina,Radłów,powiat tarnowski,57%
177,Udział uczniów w ogóle osób objętych dożywianiem,2007,gmina,Ryglice,powiat tarnowski,70%
177,Udział uczniów w ogóle osób objętych dożywianiem,2007,gmina,Rzepiennik Strzyżewski,powiat tarnowski,80%
177,Udział uczniów w ogóle osób objętych dożywianiem,2007,gmina,Skrzyszów,powiat tarnowski,62%
177,Udział uczniów w ogóle osób objętych dożywianiem,2007,gmina,Szerzyny,powiat tarnowski,55%
177,Udział uczniów w ogóle osób objętych dożywianiem,2007,gmina,Tarnów (wieś),powiat tarnowski,83%
177,Udział uczniów w ogóle osób objętych dożywianiem,2007,gmina,Tuchów,powiat tarnowski,94%
177,Udział uczniów w ogóle osób objętych dożywianiem,2007,gmina,Wierzchosławice,powiat tarnowski,52%
177,Udział uczniów w ogóle osób objętych dożywianiem,2007,gmina,Wietrzychowice,powiat tarnowski,73%
177,Udział uczniów w ogóle osób objętych dożywianiem,2007,gmina,Wojnicz,powiat tarnowski,64%
177,Udział uczniów w ogóle osób objętych dożywianiem,2007,gmina,Zakliczyn,powiat tarnowski,92%
177,Udział uczniów w ogóle osób objętych dożywianiem,2007,gmina,Żabno,powiat tarnowski,46%
177,Udział uczniów w ogóle osób objętych dożywianiem,2007,powiat,powiat tatrzański,powiat tatrzański,53%
177,Udział uczniów w ogóle osób objętych dożywianiem,2007,gmina,Biały Dunajec,powiat tatrzański,89%
177,Udział uczniów w ogóle osób objętych dożywianiem,2007,gmina,Bukowina Tatrzańska,powiat tatrzański,40%
177,Udział uczniów w ogóle osób objętych dożywianiem,2007,gmina,Kościelisko,powiat tatrzański,76%
177,Udział uczniów w ogóle osób objętych dożywianiem,2007,gmina,Poronin,powiat tatrzański,51%
177,Udział uczniów w ogóle osób objętych dożywianiem,2007,gmina,Zakopane,powiat tatrzański,42%
177,Udział uczniów w ogóle osób objętych dożywianiem,2007,powiat,powiat wadowicki,powiat wadowicki,57%
177,Udział uczniów w ogóle osób objętych dożywianiem,2007,gmina,Andrychów,powiat wadowicki,34%
177,Udział uczniów w ogóle osób objętych dożywianiem,2007,gmina,Brzeźnica,powiat wadowicki,71%
177,Udział uczniów w ogóle osób objętych dożywianiem,2007,gmina,Kalwaria Zebrzydowska,powiat wadowicki,91%
177,Udział uczniów w ogóle osób objętych dożywianiem,2007,gmina,Lanckorona,powiat wadowicki,49%
177,Udział uczniów w ogóle osób objętych dożywianiem,2007,gmina,Mucharz,powiat wadowicki,79%
177,Udział uczniów w ogóle osób objętych dożywianiem,2007,gmina,Spytkowice,powiat wadowicki,74%
177,Udział uczniów w ogóle osób objętych dożywianiem,2007,gmina,Stryszów,powiat wadowicki,66%
177,Udział uczniów w ogóle osób objętych dożywianiem,2007,gmina,Tomice,powiat wadowicki,88%
177,Udział uczniów w ogóle osób objętych dożywianiem,2007,gmina,Wadowice,powiat wadowicki,49%
177,Udział uczniów w ogóle osób objętych dożywianiem,2007,gmina,Wieprz,powiat wadowicki,58%
177,Udział uczniów w ogóle osób objętych dożywianiem,2007,powiat,powiat wielicki,powiat wielicki,34%
177,Udział uczniów w ogóle osób objętych dożywianiem,2007,gmina,Biskupice,powiat wielicki,83%
177,Udział uczniów w ogóle osób objętych dożywianiem,2007,gmina,Gdów,powiat wielicki,79%
177,Udział uczniów w ogóle osób objętych dożywianiem,2007,gmina,Kłaj,powiat wielicki,62%
177,Udział uczniów w ogóle osób objętych dożywianiem,2007,gmina,Niepołomice,powiat wielicki,46%
177,Udział uczniów w ogóle osób objętych dożywianiem,2007,gmina,Wieliczka,powiat wielicki,18%
