indicator_id,indicator,year,level,area,powiat,value
20,Wskaźnik dostępności bibliotek,2024,powiat,powiat bocheński,powiat bocheński,2891
20,Wskaźnik dostępności bibliotek,2024,gmina,Bochnia (miasto),powiat bocheński,4048
20,Wskaźnik dostępności bibliotek,2024,gmina,Bochnia (wieś),powiat bocheński,2608
20,Wskaźnik dostępności bibliotek,2024,gmina,Drwinia,powiat bocheński,2118
20,Wskaźnik dostępności bibliotek,2024,gmina,Lipnica Murowana,powiat bocheński,2757
20,Wskaźnik dostępności bibliotek,2024,gmina,Łapanów,powiat bocheński,2163
20,Wskaźnik dostępności bibliotek,2024,gmina,Nowy Wiśnicz,powiat bocheński,4829
20,Wskaźnik dostępności bibliotek,2024,gmina,Rzezawa,powiat bocheński,2886
20,Wskaźnik dostępności bibliotek,2024,gmina,Trzciana,powiat bocheński,1426
20,Wskaźnik dostępności bibliotek,2024,gmina,Żegocina,powiat bocheński,2763
20,Wskaźnik dostępności bibliotek,2024,powiat,powiat brzeski,powiat brzeski,3262
20,Wskaźnik dostępności bibliotek,2024,gmina,Borzęcin,powiat brzeski,2696
20,Wskaźnik dostępności bibliotek,2024,gmina,Brzesko,powiat brzeski,5881
20,Wskaźnik dostępności bibliotek,2024,gmina,Czchów,powiat brzeski,3222
20,Wskaźnik dostępności bibliotek,2024,gmina,Dębno,powiat brzeski,2896
20,Wskaźnik dostępności bibliotek,2024,gmina,Gnojnik,powiat brzeski,2701
20,Wskaźnik dostępności bibliotek,2024,gmina,Iwkowa,powiat brzeski,3325
20,Wskaźnik dostępności bibliotek,2024,gmina,Szczurowa,powiat brzeski,1511
20,Wskaźnik dostępności bibliotek,2024,powiat,powiat chrzanowski,powiat chrzanowski,3271
20,Wskaźnik dostępności bibliotek,2024,gmina,Alwernia,powiat chrzanowski,2051
20,Wskaźnik dostępności bibliotek,2024,gmina,Babice,powiat chrzanowski,1797
20,Wskaźnik dostępności bibliotek,2024,gmina,Chrzanów,powiat chrzanowski,5437
20,Wskaźnik dostępności bibliotek,2024,gmina,Libiąż,powiat chrzanowski,5227
20,Wskaźnik dostępności bibliotek,2024,gmina,Trzebinia,powiat chrzanowski,2466
20,Wskaźnik dostępności bibliotek,2024,powiat,powiat dąbrowski,powiat dąbrowski,3181
20,Wskaźnik dostępności bibliotek,2024,gmina,Bolesław,powiat dąbrowski,2628
20,Wskaźnik dostępności bibliotek,2024,gmina,Dąbrowa Tarnowska,powiat dąbrowski,4174
20,Wskaźnik dostępności bibliotek,2024,gmina,Gręboszów,powiat dąbrowski,3138
20,Wskaźnik dostępności bibliotek,2024,gmina,Mędrzechów,powiat dąbrowski,1625
20,Wskaźnik dostępności bibliotek,2024,gmina,Olesno,powiat dąbrowski,2539
20,Wskaźnik dostępności bibliotek,2024,gmina,Radgoszcz,powiat dąbrowski,7388
20,Wskaźnik dostępności bibliotek,2024,gmina,Szczucin,powiat dąbrowski,2473
20,Wskaźnik dostępności bibliotek,2024,powiat,powiat gorlicki,powiat gorlicki,3269
20,Wskaźnik dostępności bibliotek,2024,gmina,Biecz,powiat gorlicki,3193
20,Wskaźnik dostępności bibliotek,2024,gmina,Bobowa,powiat gorlicki,3198
20,Wskaźnik dostępności bibliotek,2024,gmina,Gorlice (miasto),powiat gorlicki,6292
20,Wskaźnik dostępności bibliotek,2024,gmina,Gorlice (wieś),powiat gorlicki,4226
20,Wskaźnik dostępności bibliotek,2024,gmina,Lipinki,powiat gorlicki,2218
20,Wskaźnik dostępności bibliotek,2024,gmina,Łużna,powiat gorlicki,2063
20,Wskaźnik dostępności bibliotek,2024,gmina,Moszczenica,powiat gorlicki,2461
20,Wskaźnik dostępności bibliotek,2024,gmina,Ropa,powiat gorlicki,2753
20,Wskaźnik dostępności bibliotek,2024,gmina,Sękowa,powiat gorlicki,4898
20,Wskaźnik dostępności bibliotek,2024,gmina,Uście Gorlickie,powiat gorlicki,1684
20,Wskaźnik dostępności bibliotek,2024,powiat,powiat krakowski,powiat krakowski,4112
20,Wskaźnik dostępności bibliotek,2024,gmina,Czernichów,powiat krakowski,3088
20,Wskaźnik dostępności bibliotek,2024,gmina,Igołomia-Wawrzeńczyce,powiat krakowski,3926
20,Wskaźnik dostępności bibliotek,2024,gmina,Iwanowice,powiat krakowski,3280
20,Wskaźnik dostępności bibliotek,2024,gmina,Jerzmanowice-Przeginia,powiat krakowski,2786
20,Wskaźnik dostępności bibliotek,2024,gmina,Kocmyrzów-Luborzyca,powiat krakowski,6213
20,Wskaźnik dostępności bibliotek,2024,gmina,Krzeszowice,powiat krakowski,3537
20,Wskaźnik dostępności bibliotek,2024,gmina,Liszki,powiat krakowski,6251
20,Wskaźnik dostępności bibliotek,2024,gmina,Michałowice,powiat krakowski,4516
20,Wskaźnik dostępności bibliotek,2024,gmina,Mogilany,powiat krakowski,8267
20,Wskaźnik dostępności bibliotek,2024,gmina,Skała,powiat krakowski,3646
20,Wskaźnik dostępności bibliotek,2024,gmina,Skawina,powiat krakowski,2316
20,Wskaźnik dostępności bibliotek,2024,gmina,Słomniki,powiat krakowski,3414
20,Wskaźnik dostępności bibliotek,2024,gmina,Sułoszowa,powiat krakowski,2818
20,Wskaźnik dostępności bibliotek,2024,gmina,Świątniki Górne,powiat krakowski,5604
20,Wskaźnik dostępności bibliotek,2024,gmina,Wielka Wieś,powiat krakowski,8671
20,Wskaźnik dostępności bibliotek,2024,gmina,Zabierzów,powiat krakowski,7459
20,Wskaźnik dostępności bibliotek,2024,gmina,Zielonki,powiat krakowski,7020
20,Wskaźnik dostępności bibliotek,2024,powiat,powiat limanowski,powiat limanowski,3557
20,Wskaźnik dostępności bibliotek,2024,gmina,Dobra,powiat limanowski,3369
20,Wskaźnik dostępności bibliotek,2024,gmina,Jodłownik,powiat limanowski,1754
20,Wskaźnik dostępności bibliotek,2024,gmina,Kamienica,powiat limanowski,2601
20,Wskaźnik dostępności bibliotek,2024,gmina,Laskowa,powiat limanowski,4074
20,Wskaźnik dostępności bibliotek,2024,gmina,Limanowa (miasto),powiat limanowski,14365
20,Wskaźnik dostępności bibliotek,2024,gmina,Limanowa (wieś),powiat limanowski,3266
20,Wskaźnik dostępności bibliotek,2024,gmina,Łukowica,powiat limanowski,3398
20,Wskaźnik dostępności bibliotek,2024,gmina,Mszana Dolna (miasto),powiat limanowski,7807
20,Wskaźnik dostępności bibliotek,2024,gmina,Mszana Dolna (wieś),powiat limanowski,2207
20,Wskaźnik dostępności bibliotek,2024,gmina,Niedźwiedź,powiat limanowski,7326
20,Wskaźnik dostępności bibliotek,2024,gmina,Słopnice,powiat limanowski,7032
20,Wskaźnik dostępności bibliotek,2024,gmina,Tymbark,powiat limanowski,6289
20,Wskaźnik dostępności bibliotek,2024,powiat,powiat m. Kraków,powiat m. Kraków,12449
20,Wskaźnik dostępności bibliotek,2024,powiat,powiat m. Nowy Sącz,powiat m. Nowy Sącz,9978
20,Wskaźnik dostępności bibliotek,2024,powiat,powiat m. Tarnów,powiat m. Tarnów,7856
20,Wskaźnik dostępności bibliotek,2024,powiat,powiat miechowski,powiat miechowski,4210
20,Wskaźnik dostępności bibliotek,2024,gmina,Charsznica,powiat miechowski,7001
20,Wskaźnik dostępności bibliotek,2024,gmina,Gołcza,powiat miechowski,2940
20,Wskaźnik dostępności bibliotek,2024,gmina,Kozłów,powiat miechowski,4385
20,Wskaźnik dostępności bibliotek,2024,gmina,Książ Wielki,powiat miechowski,4792
20,Wskaźnik dostępności bibliotek,2024,gmina,Miechów,powiat miechowski,4641
20,Wskaźnik dostępności bibliotek,2024,gmina,Racławice,powiat miechowski,2401
20,Wskaźnik dostępności bibliotek,2024,gmina,Słaboszów,powiat miechowski,3283
20,Wskaźnik dostępności bibliotek,2024,powiat,powiat myślenicki,powiat myślenicki,5908
20,Wskaźnik dostępności bibliotek,2024,gmina,Dobczyce,powiat myślenicki,7778
20,Wskaźnik dostępności bibliotek,2024,gmina,Lubień,powiat myślenicki,2527
20,Wskaźnik dostępności bibliotek,2024,gmina,Myślenice,powiat myślenicki,9111
20,Wskaźnik dostępności bibliotek,2024,gmina,Pcim,powiat myślenicki,5534
20,Wskaźnik dostępności bibliotek,2024,gmina,Raciechowice,powiat myślenicki,6437
20,Wskaźnik dostępności bibliotek,2024,gmina,Siepraw,powiat myślenicki,9714
20,Wskaźnik dostępności bibliotek,2024,gmina,Sułkowice,powiat myślenicki,3805
20,Wskaźnik dostępności bibliotek,2024,gmina,Tokarnia,powiat myślenicki,8784
20,Wskaźnik dostępności bibliotek,2024,gmina,Wiśniowa,powiat myślenicki,3770
20,Wskaźnik dostępności bibliotek,2024,powiat,powiat nowosądecki,powiat nowosądecki,3907
20,Wskaźnik dostępności bibliotek,2024,gmina,Podegrodzie,powiat nowosądecki,3410
20,Wskaźnik dostępności bibliotek,2024,gmina,Rytro,powiat nowosądecki,3635
20,Wskaźnik dostępności bibliotek,2024,gmina,Stary Sącz,powiat nowosądecki,4693
20,Wskaźnik dostępności bibliotek,2024,gmina,Chełmiec,powiat nowosądecki,29880
20,Wskaźnik dostępności bibliotek,2024,gmina,Gródek nad Dunajcem,powiat nowosądecki,4429
20,Wskaźnik dostępności bibliotek,2024,gmina,Grybów (miasto),powiat nowosądecki,5918
20,Wskaźnik dostępności bibliotek,2024,gmina,Grybów (wieś),powiat nowosądecki,2535
20,Wskaźnik dostępności bibliotek,2024,gmina,Kamionka Wielka,powiat nowosądecki,3496
20,Wskaźnik dostępności bibliotek,2024,gmina,Korzenna,powiat nowosądecki,2062
20,Wskaźnik dostępności bibliotek,2024,gmina,Krynica-Zdrój,powiat nowosądecki,3089
20,Wskaźnik dostępności bibliotek,2024,gmina,Łabowa,powiat nowosądecki,3030
20,Wskaźnik dostępności bibliotek,2024,gmina,Łącko,powiat nowosądecki,4181
20,Wskaźnik dostępności bibliotek,2024,gmina,Łososina Dolna,powiat nowosądecki,5594
20,Wskaźnik dostępności bibliotek,2024,gmina,Muszyna,powiat nowosądecki,3700
20,Wskaźnik dostępności bibliotek,2024,gmina,Nawojowa,powiat nowosądecki,2956
20,Wskaźnik dostępności bibliotek,2024,gmina,Piwniczna-Zdrój,powiat nowosądecki,4913
20,Wskaźnik dostępności bibliotek,2024,powiat,powiat nowotarski,powiat nowotarski,3393
20,Wskaźnik dostępności bibliotek,2024,gmina,Czarny Dunajec,powiat nowotarski,2458
20,Wskaźnik dostępności bibliotek,2024,gmina,Czorsztyn,powiat nowotarski,1265
20,Wskaźnik dostępności bibliotek,2024,gmina,Jabłonka,powiat nowotarski,3202
20,Wskaźnik dostępności bibliotek,2024,gmina,Krościenko nad Dunajcem,powiat nowotarski,3301
20,Wskaźnik dostępności bibliotek,2024,gmina,Lipnica Wielka,powiat nowotarski,6061
20,Wskaźnik dostępności bibliotek,2024,gmina,Łapsze Niżne,powiat nowotarski,1853
20,Wskaźnik dostępności bibliotek,2024,gmina,Nowy Targ (miasto),powiat nowotarski,11013
20,Wskaźnik dostępności bibliotek,2024,gmina,Nowy Targ (wieś),powiat nowotarski,1850
20,Wskaźnik dostępności bibliotek,2024,gmina,Ochotnica Dolna,powiat nowotarski,2835
20,Wskaźnik dostępności bibliotek,2024,gmina,Raba Wyżna,powiat nowotarski,4813
20,Wskaźnik dostępności bibliotek,2024,gmina,Rabka-Zdrój,powiat nowotarski,16452
20,Wskaźnik dostępności bibliotek,2024,gmina,Spytkowice,powiat nowotarski,4703
20,Wskaźnik dostępności bibliotek,2024,gmina,Szaflary,powiat nowotarski,5655
20,Wskaźnik dostępności bibliotek,2024,gmina,Szczawnica,powiat nowotarski,6632
20,Wskaźnik dostępności bibliotek,2024,powiat,powiat olkuski,powiat olkuski,4375
20,Wskaźnik dostępności bibliotek,2024,gmina,Bolesław,powiat olkuski,1498
20,Wskaźnik dostępności bibliotek,2024,gmina,Bukowno,powiat olkuski,2322
20,Wskaźnik dostępności bibliotek,2024,gmina,Klucze,powiat olkuski,7181
20,Wskaźnik dostępności bibliotek,2024,gmina,Olkusz,powiat olkuski,5651
20,Wskaźnik dostępności bibliotek,2024,gmina,Trzyciąż,powiat olkuski,3453
20,Wskaźnik dostępności bibliotek,2024,gmina,Wolbrom,powiat olkuski,7250
20,Wskaźnik dostępności bibliotek,2024,powiat,powiat oświęcimski,powiat oświęcimski,5092
20,Wskaźnik dostępności bibliotek,2024,gmina,Brzeszcze,powiat oświęcimski,4052
20,Wskaźnik dostępności bibliotek,2024,gmina,Chełmek,powiat oświęcimski,4071
20,Wskaźnik dostępności bibliotek,2024,gmina,Kęty,powiat oświęcimski,6629
20,Wskaźnik dostępności bibliotek,2024,gmina,Osiek,powiat oświęcimski,4054
20,Wskaźnik dostępności bibliotek,2024,gmina,Oświęcim (miasto),powiat oświęcimski,35313
20,Wskaźnik dostępności bibliotek,2024,gmina,Oświęcim (wieś),powiat oświęcimski,3163
20,Wskaźnik dostępności bibliotek,2024,gmina,Polanka Wielka,powiat oświęcimski,4306
20,Wskaźnik dostępności bibliotek,2024,gmina,Przeciszów,powiat oświęcimski,3155
20,Wskaźnik dostępności bibliotek,2024,gmina,Zator,powiat oświęcimski,2262
20,Wskaźnik dostępności bibliotek,2024,powiat,powiat proszowicki,powiat proszowicki,3812
20,Wskaźnik dostępności bibliotek,2024,gmina,Koniusza,powiat proszowicki,4557
20,Wskaźnik dostępności bibliotek,2024,gmina,Koszyce,powiat proszowicki,5204
20,Wskaźnik dostępności bibliotek,2024,gmina,Nowe Brzesko,powiat proszowicki,5620
20,Wskaźnik dostępności bibliotek,2024,gmina,Pałecznica,powiat proszowicki,3449
20,Wskaźnik dostępności bibliotek,2024,gmina,Proszowice,powiat proszowicki,3845
20,Wskaźnik dostępności bibliotek,2024,gmina,Radziemice,powiat proszowicki,1581
20,Wskaźnik dostępności bibliotek,2024,powiat,powiat suski,powiat suski,2948
20,Wskaźnik dostępności bibliotek,2024,gmina,Budzów,powiat suski,1465
20,Wskaźnik dostępności bibliotek,2024,gmina,Bystra-Sidzina,powiat suski,3413
20,Wskaźnik dostępności bibliotek,2024,gmina,Jordanów (miasto),powiat suski,5396
20,Wskaźnik dostępności bibliotek,2024,gmina,Jordanów (wieś),powiat suski,2230
20,Wskaźnik dostępności bibliotek,2024,gmina,Maków Podhalański,powiat suski,2610
20,Wskaźnik dostępności bibliotek,2024,gmina,Stryszawa,powiat suski,11866
20,Wskaźnik dostępności bibliotek,2024,gmina,Sucha Beskidzka,powiat suski,4364
20,Wskaźnik dostępności bibliotek,2024,gmina,Zawoja,powiat suski,2918
20,Wskaźnik dostępności bibliotek,2024,gmina,Zembrzyce,powiat suski,2689
20,Wskaźnik dostępności bibliotek,2024,powiat,powiat tarnowski,powiat tarnowski,3179
20,Wskaźnik dostępności bibliotek,2024,gmina,Ciężkowice,powiat tarnowski,3663
20,Wskaźnik dostępności bibliotek,2024,gmina,Gromnik,powiat tarnowski,2187
20,Wskaźnik dostępności bibliotek,2024,gmina,Lisia Góra,powiat tarnowski,3921
20,Wskaźnik dostępności bibliotek,2024,gmina,Pleśna,powiat tarnowski,2342
20,Wskaźnik dostępności bibliotek,2024,gmina,Radłów,powiat tarnowski,2342
20,Wskaźnik dostępności bibliotek,2024,gmina,Ryglice,powiat tarnowski,3711
20,Wskaźnik dostępności bibliotek,2024,gmina,Rzepiennik Strzyżewski,powiat tarnowski,1626
20,Wskaźnik dostępności bibliotek,2024,gmina,Skrzyszów,powiat tarnowski,3547
20,Wskaźnik dostępności bibliotek,2024,gmina,Szerzyny,powiat tarnowski,1494
20,Wskaźnik dostępności bibliotek,2024,gmina,Tarnów (wieś),powiat tarnowski,13248
20,Wskaźnik dostępności bibliotek,2024,gmina,Tuchów,powiat tarnowski,5649
20,Wskaźnik dostępności bibliotek,2024,gmina,Wierzchosławice,powiat tarnowski,2092
20,Wskaźnik dostępności bibliotek,2024,gmina,Wietrzychowice,powiat tarnowski,1848
20,Wskaźnik dostępności bibliotek,2024,gmina,Wojnicz,powiat tarnowski,3264
20,Wskaźnik dostępności bibliotek,2024,gmina,Zakliczyn,powiat tarnowski,3084
20,Wskaźnik dostępności bibliotek,2024,gmina,Żabno,powiat tarnowski,3055
20,Wskaźnik dostępności bibliotek,2024,powiat,powiat tatrzański,powiat tatrzański,3492
20,Wskaźnik dostępności bibliotek,2024,gmina,Biały Dunajec,powiat tatrzański,3404
20,Wskaźnik dostępności bibliotek,2024,gmina,Bukowina Tatrzańska,powiat tatrzański,2709
20,Wskaźnik dostępności bibliotek,2024,gmina,Kościelisko,powiat tatrzański,3041
20,Wskaźnik dostępności bibliotek,2024,gmina,Poronin,powiat tatrzański,2953
20,Wskaźnik dostępności bibliotek,2024,gmina,Zakopane,powiat tatrzański,5012
20,Wskaźnik dostępności bibliotek,2024,powiat,powiat wadowicki,powiat wadowicki,3653
20,Wskaźnik dostępności bibliotek,2024,gmina,Andrychów,powiat wadowicki,5962
20,Wskaźnik dostępności bibliotek,2024,gmina,Brzeźnica,powiat wadowicki,1813
20,Wskaźnik dostępności bibliotek,2024,gmina,Kalwaria Zebrzydowska,powiat wadowicki,3964
20,Wskaźnik dostępności bibliotek,2024,gmina,Lanckorona,powiat wadowicki,1563
20,Wskaźnik dostępności bibliotek,2024,gmina,Mucharz,powiat wadowicki,1046
20,Wskaźnik dostępności bibliotek,2024,gmina,Spytkowice,powiat wadowicki,3351
20,Wskaźnik dostępności bibliotek,2024,gmina,Stryszów,powiat wadowicki,2255
20,Wskaźnik dostępności bibliotek,2024,gmina,Tomice,powiat wadowicki,2773
20,Wskaźnik dostępności bibliotek,2024,gmina,Wadowice,powiat wadowicki,9066
20,Wskaźnik dostępności bibliotek,2024,gmina,Wieprz,powiat wadowicki,3209
20,Wskaźnik dostępności bibliotek,2024,powiat,powiat wielicki,powiat wielicki,7264
20,Wskaźnik dostępności bibliotek,2024,gmina,Biskupice,powiat wielicki,11929
20,Wskaźnik dostępności bibliotek,2024,gmina,Gdów,powiat wielicki,9349
20,Wskaźnik dostępności bibliotek,2024,gmina,Kłaj,powiat wielicki,3752
20,Wskaźnik dostępności bibliotek,2024,gmina,Niepołomice,powiat wielicki,6720
20,Wskaźnik dostępności bibliotek,2024,gmina,Wieliczka,powiat wielicki,7755
20,Wskaźnik dostępności bibliotek,2023,powiat,powiat bocheński,powiat bocheński,2890
20,Wskaźnik dostępności bibliotek,2023,gmina,Bochnia (miasto),powiat bocheński,4063
20,Wskaźnik dostępności bibliotek,2023,gmina,Bochnia (wieś),powiat bocheński,2603
20,Wskaźnik dostępności bibliotek,2023,gmina,Drwinia,powiat bocheński,2143
20,Wskaźnik dostępności bibliotek,2023,gmina,Lipnica Murowana,powiat bocheński,2764
20,Wskaźnik dostępności bibliotek,2023,gmina,Łapanów,powiat bocheński,2153
20,Wskaźnik dostępności bibliotek,2023,gmina,Nowy Wiśnicz,powiat bocheński,4806
20,Wskaźnik dostępności bibliotek,2023,gmina,Rzezawa,powiat bocheński,2862
20,Wskaźnik dostępności bibliotek,2023,gmina,Trzciana,powiat bocheński,1429
20,Wskaźnik dostępności bibliotek,2023,gmina,Żegocina,powiat bocheński,2765
20,Wskaźnik dostępności bibliotek,2023,powiat,powiat brzeski,powiat brzeski,3274
20,Wskaźnik dostępności bibliotek,2023,gmina,Borzęcin,powiat brzeski,2703
20,Wskaźnik dostępności bibliotek,2023,gmina,Brzesko,powiat brzeski,5913
20,Wskaźnik dostępności bibliotek,2023,gmina,Czchów,powiat brzeski,3240
20,Wskaźnik dostępności bibliotek,2023,gmina,Dębno,powiat brzeski,2900
20,Wskaźnik dostępności bibliotek,2023,gmina,Gnojnik,powiat brzeski,2704
20,Wskaźnik dostępności bibliotek,2023,gmina,Iwkowa,powiat brzeski,3312
20,Wskaźnik dostępności bibliotek,2023,gmina,Szczurowa,powiat brzeski,1521
20,Wskaźnik dostępności bibliotek,2023,powiat,powiat chrzanowski,powiat chrzanowski,3297
20,Wskaźnik dostępności bibliotek,2023,gmina,Alwernia,powiat chrzanowski,2059
20,Wskaźnik dostępności bibliotek,2023,gmina,Babice,powiat chrzanowski,1797
20,Wskaźnik dostępności bibliotek,2023,gmina,Chrzanów,powiat chrzanowski,5493
20,Wskaźnik dostępności bibliotek,2023,gmina,Libiąż,powiat chrzanowski,5271
20,Wskaźnik dostępności bibliotek,2023,gmina,Trzebinia,powiat chrzanowski,2486
20,Wskaźnik dostępności bibliotek,2023,powiat,powiat dąbrowski,powiat dąbrowski,3197
20,Wskaźnik dostępności bibliotek,2023,gmina,Bolesław,powiat dąbrowski,2628
20,Wskaźnik dostępności bibliotek,2023,gmina,Dąbrowa Tarnowska,powiat dąbrowski,4185
20,Wskaźnik dostępności bibliotek,2023,gmina,Gręboszów,powiat dąbrowski,3162
20,Wskaźnik dostępności bibliotek,2023,gmina,Mędrzechów,powiat dąbrowski,1643
20,Wskaźnik dostępności bibliotek,2023,gmina,Olesno,powiat dąbrowski,2545
20,Wskaźnik dostępności bibliotek,2023,gmina,Radgoszcz,powiat dąbrowski,7465
20,Wskaźnik dostępności bibliotek,2023,gmina,Szczucin,powiat dąbrowski,2490
20,Wskaźnik dostępności bibliotek,2023,powiat,powiat gorlicki,powiat gorlicki,3291
20,Wskaźnik dostępności bibliotek,2023,gmina,Biecz,powiat gorlicki,3220
20,Wskaźnik dostępności bibliotek,2023,gmina,Bobowa,powiat gorlicki,3204
20,Wskaźnik dostępności bibliotek,2023,gmina,Gorlice (miasto),powiat gorlicki,6381
20,Wskaźnik dostępności bibliotek,2023,gmina,Gorlice (wieś),powiat gorlicki,4237
20,Wskaźnik dostępności bibliotek,2023,gmina,Lipinki,powiat gorlicki,2228
20,Wskaźnik dostępności bibliotek,2023,gmina,Łużna,powiat gorlicki,2085
20,Wskaźnik dostępności bibliotek,2023,gmina,Moszczenica,powiat gorlicki,2452
20,Wskaźnik dostępności bibliotek,2023,gmina,Ropa,powiat gorlicki,2746
20,Wskaźnik dostępności bibliotek,2023,gmina,Sękowa,powiat gorlicki,4938
20,Wskaźnik dostępności bibliotek,2023,gmina,Uście Gorlickie,powiat gorlicki,1696
20,Wskaźnik dostępności bibliotek,2023,powiat,powiat krakowski,powiat krakowski,4031
20,Wskaźnik dostępności bibliotek,2023,gmina,Czernichów,powiat krakowski,3087
20,Wskaźnik dostępności bibliotek,2023,gmina,Igołomia-Wawrzeńczyce,powiat krakowski,2613
20,Wskaźnik dostępności bibliotek,2023,gmina,Iwanowice,powiat krakowski,3274
20,Wskaźnik dostępności bibliotek,2023,gmina,Jerzmanowice-Przeginia,powiat krakowski,2797
20,Wskaźnik dostępności bibliotek,2023,gmina,Kocmyrzów-Luborzyca,powiat krakowski,6081
20,Wskaźnik dostępności bibliotek,2023,gmina,Krzeszowice,powiat krakowski,3541
20,Wskaźnik dostępności bibliotek,2023,gmina,Liszki,powiat krakowski,6197
20,Wskaźnik dostępności bibliotek,2023,gmina,Michałowice,powiat krakowski,4460
20,Wskaźnik dostępności bibliotek,2023,gmina,Mogilany,powiat krakowski,8143
20,Wskaźnik dostępności bibliotek,2023,gmina,Skała,powiat krakowski,3651
20,Wskaźnik dostępności bibliotek,2023,gmina,Skawina,powiat krakowski,2316
20,Wskaźnik dostępności bibliotek,2023,gmina,Słomniki,powiat krakowski,3419
20,Wskaźnik dostępności bibliotek,2023,gmina,Sułoszowa,powiat krakowski,2836
20,Wskaźnik dostępności bibliotek,2023,gmina,Świątniki Górne,powiat krakowski,5562
20,Wskaźnik dostępności bibliotek,2023,gmina,Wielka Wieś,powiat krakowski,8458
20,Wskaźnik dostępności bibliotek,2023,gmina,Zabierzów,powiat krakowski,7401
20,Wskaźnik dostępności bibliotek,2023,gmina,Zielonki,powiat krakowski,6938
20,Wskaźnik dostępności bibliotek,2023,powiat,powiat limanowski,powiat limanowski,3558
20,Wskaźnik dostępności bibliotek,2023,gmina,Dobra,powiat limanowski,3368
20,Wskaźnik dostępności bibliotek,2023,gmina,Jodłownik,powiat limanowski,1754
20,Wskaźnik dostępności bibliotek,2023,gmina,Kamienica,powiat limanowski,2598
20,Wskaźnik dostępności bibliotek,2023,gmina,Laskowa,powiat limanowski,4090
20,Wskaźnik dostępności bibliotek,2023,gmina,Limanowa (miasto),powiat limanowski,14430
20,Wskaźnik dostępności bibliotek,2023,gmina,Limanowa (wieś),powiat limanowski,3257
20,Wskaźnik dostępności bibliotek,2023,gmina,Łukowica,powiat limanowski,3390
20,Wskaźnik dostępności bibliotek,2023,gmina,Mszana Dolna (miasto),powiat limanowski,7826
20,Wskaźnik dostępności bibliotek,2023,gmina,Mszana Dolna (wieś),powiat limanowski,2205
20,Wskaźnik dostępności bibliotek,2023,gmina,Niedźwiedź,powiat limanowski,7307
20,Wskaźnik dostępności bibliotek,2023,gmina,Słopnice,powiat limanowski,7010
20,Wskaźnik dostępności bibliotek,2023,gmina,Tymbark,powiat limanowski,6373
20,Wskaźnik dostępności bibliotek,2023,powiat,powiat m. Kraków,powiat m. Kraków,11355
20,Wskaźnik dostępności bibliotek,2023,powiat,powiat m. Nowy Sącz,powiat m. Nowy Sącz,10045
20,Wskaźnik dostępności bibliotek,2023,powiat,powiat m. Tarnów,powiat m. Tarnów,7933
20,Wskaźnik dostępności bibliotek,2023,powiat,powiat miechowski,powiat miechowski,4242
20,Wskaźnik dostępności bibliotek,2023,gmina,Charsznica,powiat miechowski,7081
20,Wskaźnik dostępności bibliotek,2023,gmina,Gołcza,powiat miechowski,2959
20,Wskaźnik dostępności bibliotek,2023,gmina,Kozłów,powiat miechowski,4422
20,Wskaźnik dostępności bibliotek,2023,gmina,Książ Wielki,powiat miechowski,4827
20,Wskaźnik dostępności bibliotek,2023,gmina,Miechów,powiat miechowski,4672
20,Wskaźnik dostępności bibliotek,2023,gmina,Racławice,powiat miechowski,2422
20,Wskaźnik dostępności bibliotek,2023,gmina,Słaboszów,powiat miechowski,3311
20,Wskaźnik dostępności bibliotek,2023,powiat,powiat myślenicki,powiat myślenicki,6183
20,Wskaźnik dostępności bibliotek,2023,gmina,Dobczyce,powiat myślenicki,15530
20,Wskaźnik dostępności bibliotek,2023,gmina,Lubień,powiat myślenicki,2524
20,Wskaźnik dostępności bibliotek,2023,gmina,Myślenice,powiat myślenicki,9108
20,Wskaźnik dostępności bibliotek,2023,gmina,Pcim,powiat myślenicki,5547
20,Wskaźnik dostępności bibliotek,2023,gmina,Raciechowice,powiat myślenicki,6429
20,Wskaźnik dostępności bibliotek,2023,gmina,Siepraw,powiat myślenicki,9638
20,Wskaźnik dostępności bibliotek,2023,gmina,Sułkowice,powiat myślenicki,3798
20,Wskaźnik dostępności bibliotek,2023,gmina,Tokarnia,powiat myślenicki,8799
20,Wskaźnik dostępności bibliotek,2023,gmina,Wiśniowa,powiat myślenicki,3764
20,Wskaźnik dostępności bibliotek,2023,powiat,powiat nowosądecki,powiat nowosądecki,3910
20,Wskaźnik dostępności bibliotek,2023,gmina,Podegrodzie,powiat nowosądecki,3396
20,Wskaźnik dostępności bibliotek,2023,gmina,Rytro,powiat nowosądecki,3667
20,Wskaźnik dostępności bibliotek,2023,gmina,Stary Sącz,powiat nowosądecki,4707
20,Wskaźnik dostępności bibliotek,2023,gmina,Chełmiec,powiat nowosądecki,29725
20,Wskaźnik dostępności bibliotek,2023,gmina,Gródek nad Dunajcem,powiat nowosądecki,4462
20,Wskaźnik dostępności bibliotek,2023,gmina,Grybów (miasto),powiat nowosądecki,5947
20,Wskaźnik dostępności bibliotek,2023,gmina,Grybów (wieś),powiat nowosądecki,2534
20,Wskaźnik dostępności bibliotek,2023,gmina,Kamionka Wielka,powiat nowosądecki,3494
20,Wskaźnik dostępności bibliotek,2023,gmina,Korzenna,powiat nowosądecki,2062
20,Wskaźnik dostępności bibliotek,2023,gmina,Krynica-Zdrój,powiat nowosądecki,3123
20,Wskaźnik dostępności bibliotek,2023,gmina,Łabowa,powiat nowosądecki,3010
20,Wskaźnik dostępności bibliotek,2023,gmina,Łącko,powiat nowosądecki,4167
20,Wskaźnik dostępności bibliotek,2023,gmina,Łososina Dolna,powiat nowosądecki,5606
20,Wskaźnik dostępności bibliotek,2023,gmina,Muszyna,powiat nowosądecki,3695
20,Wskaźnik dostępności bibliotek,2023,gmina,Nawojowa,powiat nowosądecki,2954
20,Wskaźnik dostępności bibliotek,2023,gmina,Piwniczna-Zdrój,powiat nowosądecki,4971
20,Wskaźnik dostępności bibliotek,2023,powiat,powiat nowotarski,powiat nowotarski,3395
20,Wskaźnik dostępności bibliotek,2023,gmina,Czarny Dunajec,powiat nowotarski,2464
20,Wskaźnik dostępności bibliotek,2023,gmina,Czorsztyn,powiat nowotarski,1267
20,Wskaźnik dostępności bibliotek,2023,gmina,Jabłonka,powiat nowotarski,3192
20,Wskaźnik dostępności bibliotek,2023,gmina,Krościenko nad Dunajcem,powiat nowotarski,3320
20,Wskaźnik dostępności bibliotek,2023,gmina,Lipnica Wielka,powiat nowotarski,6053
20,Wskaźnik dostępności bibliotek,2023,gmina,Łapsze Niżne,powiat nowotarski,1850
20,Wskaźnik dostępności bibliotek,2023,gmina,Nowy Targ (miasto),powiat nowotarski,11022
20,Wskaźnik dostępności bibliotek,2023,gmina,Nowy Targ (wieś),powiat nowotarski,1851
20,Wskaźnik dostępności bibliotek,2023,gmina,Ochotnica Dolna,powiat nowotarski,2830
20,Wskaźnik dostępności bibliotek,2023,gmina,Raba Wyżna,powiat nowotarski,4816
20,Wskaźnik dostępności bibliotek,2023,gmina,Rabka-Zdrój,powiat nowotarski,16546
20,Wskaźnik dostępności bibliotek,2023,gmina,Spytkowice,powiat nowotarski,4705
20,Wskaźnik dostępności bibliotek,2023,gmina,Szaflary,powiat nowotarski,5636
20,Wskaźnik dostępności bibliotek,2023,gmina,Szczawnica,powiat nowotarski,6646
20,Wskaźnik dostępności bibliotek,2023,powiat,powiat olkuski,powiat olkuski,4413
20,Wskaźnik dostępności bibliotek,2023,gmina,Bolesław,powiat olkuski,1513
20,Wskaźnik dostępności bibliotek,2023,gmina,Bukowno,powiat olkuski,2367
20,Wskaźnik dostępności bibliotek,2023,gmina,Klucze,powiat olkuski,7220
20,Wskaźnik dostępności bibliotek,2023,gmina,Olkusz,powiat olkuski,5704
20,Wskaźnik dostępności bibliotek,2023,gmina,Trzyciąż,powiat olkuski,3457
20,Wskaźnik dostępności bibliotek,2023,gmina,Wolbrom,powiat olkuski,7295
20,Wskaźnik dostępności bibliotek,2023,powiat,powiat oświęcimski,powiat oświęcimski,5118
20,Wskaźnik dostępności bibliotek,2023,gmina,Brzeszcze,powiat oświęcimski,4073
20,Wskaźnik dostępności bibliotek,2023,gmina,Chełmek,powiat oświęcimski,4102
20,Wskaźnik dostępności bibliotek,2023,gmina,Kęty,powiat oświęcimski,6653
20,Wskaźnik dostępności bibliotek,2023,gmina,Osiek,powiat oświęcimski,4065
20,Wskaźnik dostępności bibliotek,2023,gmina,Oświęcim (miasto),powiat oświęcimski,35577
20,Wskaźnik dostępności bibliotek,2023,gmina,Oświęcim (wieś),powiat oświęcimski,3165
20,Wskaźnik dostępności bibliotek,2023,gmina,Polanka Wielka,powiat oświęcimski,4310
20,Wskaźnik dostępności bibliotek,2023,gmina,Przeciszów,powiat oświęcimski,3178
20,Wskaźnik dostępności bibliotek,2023,gmina,Zator,powiat oświęcimski,2280
20,Wskaźnik dostępności bibliotek,2023,powiat,powiat proszowicki,powiat proszowicki,3819
20,Wskaźnik dostępności bibliotek,2023,gmina,Koniusza,powiat proszowicki,4543
20,Wskaźnik dostępności bibliotek,2023,gmina,Koszyce,powiat proszowicki,5224
20,Wskaźnik dostępności bibliotek,2023,gmina,Nowe Brzesko,powiat proszowicki,5610
20,Wskaźnik dostępności bibliotek,2023,gmina,Pałecznica,powiat proszowicki,3446
20,Wskaźnik dostępności bibliotek,2023,gmina,Proszowice,powiat proszowicki,3868
20,Wskaźnik dostępności bibliotek,2023,gmina,Radziemice,powiat proszowicki,1585
20,Wskaźnik dostępności bibliotek,2023,powiat,powiat suski,powiat suski,2960
20,Wskaźnik dostępności bibliotek,2023,gmina,Budzów,powiat suski,1472
20,Wskaźnik dostępności bibliotek,2023,gmina,Bystra-Sidzina,powiat suski,3399
20,Wskaźnik dostępności bibliotek,2023,gmina,Jordanów (miasto),powiat suski,5403
20,Wskaźnik dostępności bibliotek,2023,gmina,Jordanów (wieś),powiat suski,2238
20,Wskaźnik dostępności bibliotek,2023,gmina,Maków Podhalański,powiat suski,2624
20,Wskaźnik dostępności bibliotek,2023,gmina,Stryszawa,powiat suski,11886
20,Wskaźnik dostępności bibliotek,2023,gmina,Sucha Beskidzka,powiat suski,4434
20,Wskaźnik dostępności bibliotek,2023,gmina,Zawoja,powiat suski,2925
20,Wskaźnik dostępności bibliotek,2023,gmina,Zembrzyce,powiat suski,2695
20,Wskaźnik dostępności bibliotek,2023,powiat,powiat tarnowski,powiat tarnowski,3183
20,Wskaźnik dostępności bibliotek,2023,gmina,Ciężkowice,powiat tarnowski,3662
20,Wskaźnik dostępności bibliotek,2023,gmina,Gromnik,powiat tarnowski,2187
20,Wskaźnik dostępności bibliotek,2023,gmina,Lisia Góra,powiat tarnowski,3905
20,Wskaźnik dostępności bibliotek,2023,gmina,Pleśna,powiat tarnowski,2348
20,Wskaźnik dostępności bibliotek,2023,gmina,Radłów,powiat tarnowski,2347
20,Wskaźnik dostępności bibliotek,2023,gmina,Ryglice,powiat tarnowski,3735
20,Wskaźnik dostępności bibliotek,2023,gmina,Rzepiennik Strzyżewski,powiat tarnowski,1627
20,Wskaźnik dostępności bibliotek,2023,gmina,Skrzyszów,powiat tarnowski,3542
20,Wskaźnik dostępności bibliotek,2023,gmina,Szerzyny,powiat tarnowski,1500
20,Wskaźnik dostępności bibliotek,2023,gmina,Tarnów (wieś),powiat tarnowski,13209
20,Wskaźnik dostępności bibliotek,2023,gmina,Tuchów,powiat tarnowski,5662
20,Wskaźnik dostępności bibliotek,2023,gmina,Wierzchosławice,powiat tarnowski,2105
20,Wskaźnik dostępności bibliotek,2023,gmina,Wietrzychowice,powiat tarnowski,1862
20,Wskaźnik dostępności bibliotek,2023,gmina,Wojnicz,powiat tarnowski,3268
20,Wskaźnik dostępności bibliotek,2023,gmina,Zakliczyn,powiat tarnowski,3089
20,Wskaźnik dostępności bibliotek,2023,gmina,Żabno,powiat tarnowski,3066
20,Wskaźnik dostępności bibliotek,2023,powiat,powiat tatrzański,powiat tatrzański,3499
20,Wskaźnik dostępności bibliotek,2023,gmina,Biały Dunajec,powiat tatrzański,3416
20,Wskaźnik dostępności bibliotek,2023,gmina,Bukowina Tatrzańska,powiat tatrzański,2713
20,Wskaźnik dostępności bibliotek,2023,gmina,Kościelisko,powiat tatrzański,3025
20,Wskaźnik dostępności bibliotek,2023,gmina,Poronin,powiat tatrzański,2950
20,Wskaźnik dostępności bibliotek,2023,gmina,Zakopane,powiat tatrzański,5041
20,Wskaźnik dostępności bibliotek,2023,powiat,powiat wadowicki,powiat wadowicki,3662
20,Wskaźnik dostępności bibliotek,2023,gmina,Andrychów,powiat wadowicki,5992
20,Wskaźnik dostępności bibliotek,2023,gmina,Brzeźnica,powiat wadowicki,1806
20,Wskaźnik dostępności bibliotek,2023,gmina,Kalwaria Zebrzydowska,powiat wadowicki,3978
20,Wskaźnik dostępności bibliotek,2023,gmina,Lanckorona,powiat wadowicki,1567
20,Wskaźnik dostępności bibliotek,2023,gmina,Mucharz,powiat wadowicki,1044
20,Wskaźnik dostępności bibliotek,2023,gmina,Spytkowice,powiat wadowicki,3366
20,Wskaźnik dostępności bibliotek,2023,gmina,Stryszów,powiat wadowicki,2262
20,Wskaźnik dostępności bibliotek,2023,gmina,Tomice,powiat wadowicki,2747
20,Wskaźnik dostępności bibliotek,2023,gmina,Wadowice,powiat wadowicki,9119
20,Wskaźnik dostępności bibliotek,2023,gmina,Wieprz,powiat wadowicki,3191
20,Wskaźnik dostępności bibliotek,2023,powiat,powiat wielicki,powiat wielicki,7181
20,Wskaźnik dostępności bibliotek,2023,gmina,Biskupice,powiat wielicki,11735
20,Wskaźnik dostępności bibliotek,2023,gmina,Gdów,powiat wielicki,9321
20,Wskaźnik dostępności bibliotek,2023,gmina,Kłaj,powiat wielicki,3725
20,Wskaźnik dostępności bibliotek,2023,gmina,Niepołomice,powiat wielicki,6635
20,Wskaźnik dostępności bibliotek,2023,gmina,Wieliczka,powiat wielicki,7656
20,Wskaźnik dostępności bibliotek,2022,powiat,powiat bocheński,powiat bocheński,2969
20,Wskaźnik dostępności bibliotek,2022,gmina,Bochnia (miasto),powiat bocheński,4099
20,Wskaźnik dostępności bibliotek,2022,gmina,Bochnia (wieś),powiat bocheński,2942
20,Wskaźnik dostępności bibliotek,2022,gmina,Drwinia,powiat bocheński,2155
20,Wskaźnik dostępności bibliotek,2022,gmina,Lipnica Murowana,powiat bocheński,2776
20,Wskaźnik dostępności bibliotek,2022,gmina,Łapanów,powiat bocheński,2143
20,Wskaźnik dostępności bibliotek,2022,gmina,Nowy Wiśnicz,powiat bocheński,4802
20,Wskaźnik dostępności bibliotek,2022,gmina,Rzezawa,powiat bocheński,2847
20,Wskaźnik dostępności bibliotek,2022,gmina,Trzciana,powiat bocheński,1420
20,Wskaźnik dostępności bibliotek,2022,gmina,Żegocina,powiat bocheński,2765
20,Wskaźnik dostępności bibliotek,2022,powiat,powiat brzeski,powiat brzeski,3279
20,Wskaźnik dostępności bibliotek,2022,gmina,Borzęcin,powiat brzeski,2710
20,Wskaźnik dostępności bibliotek,2022,gmina,Brzesko,powiat brzeski,5929
20,Wskaźnik dostępności bibliotek,2022,gmina,Czchów,powiat brzeski,3249
20,Wskaźnik dostępności bibliotek,2022,gmina,Dębno,powiat brzeski,2898
20,Wskaźnik dostępności bibliotek,2022,gmina,Gnojnik,powiat brzeski,2702
20,Wskaźnik dostępności bibliotek,2022,gmina,Iwkowa,powiat brzeski,3300
20,Wskaźnik dostępności bibliotek,2022,gmina,Szczurowa,powiat brzeski,1530
20,Wskaźnik dostępności bibliotek,2022,powiat,powiat chrzanowski,powiat chrzanowski,3326
20,Wskaźnik dostępności bibliotek,2022,gmina,Alwernia,powiat chrzanowski,2060
20,Wskaźnik dostępności bibliotek,2022,gmina,Babice,powiat chrzanowski,1804
20,Wskaźnik dostępności bibliotek,2022,gmina,Chrzanów,powiat chrzanowski,5555
20,Wskaźnik dostępności bibliotek,2022,gmina,Libiąż,powiat chrzanowski,5325
20,Wskaźnik dostępności bibliotek,2022,gmina,Trzebinia,powiat chrzanowski,2507
20,Wskaźnik dostępności bibliotek,2022,powiat,powiat dąbrowski,powiat dąbrowski,3212
20,Wskaźnik dostępności bibliotek,2022,gmina,Bolesław,powiat dąbrowski,2659
20,Wskaźnik dostępności bibliotek,2022,gmina,Dąbrowa Tarnowska,powiat dąbrowski,4185
20,Wskaźnik dostępności bibliotek,2022,gmina,Gręboszów,powiat dąbrowski,3208
20,Wskaźnik dostępności bibliotek,2022,gmina,Mędrzechów,powiat dąbrowski,1668
20,Wskaźnik dostępności bibliotek,2022,gmina,Olesno,powiat dąbrowski,2560
20,Wskaźnik dostępności bibliotek,2022,gmina,Radgoszcz,powiat dąbrowski,7473
20,Wskaźnik dostępności bibliotek,2022,gmina,Szczucin,powiat dąbrowski,2506
20,Wskaźnik dostępności bibliotek,2022,powiat,powiat gorlicki,powiat gorlicki,3306
20,Wskaźnik dostępności bibliotek,2022,gmina,Biecz,powiat gorlicki,3240
20,Wskaźnik dostępności bibliotek,2022,gmina,Bobowa,powiat gorlicki,3191
20,Wskaźnik dostępności bibliotek,2022,gmina,Gorlice (miasto),powiat gorlicki,6455
20,Wskaźnik dostępności bibliotek,2022,gmina,Gorlice (wieś),powiat gorlicki,4246
20,Wskaźnik dostępności bibliotek,2022,gmina,Lipinki,powiat gorlicki,2238
20,Wskaźnik dostępności bibliotek,2022,gmina,Łużna,powiat gorlicki,2091
20,Wskaźnik dostępności bibliotek,2022,gmina,Moszczenica,powiat gorlicki,2449
20,Wskaźnik dostępności bibliotek,2022,gmina,Ropa,powiat gorlicki,2757
20,Wskaźnik dostępności bibliotek,2022,gmina,Sękowa,powiat gorlicki,4910
20,Wskaźnik dostępności bibliotek,2022,gmina,Uście Gorlickie,powiat gorlicki,1703
20,Wskaźnik dostępności bibliotek,2022,powiat,powiat krakowski,powiat krakowski,4004
20,Wskaźnik dostępności bibliotek,2022,gmina,Czernichów,powiat krakowski,3074
20,Wskaźnik dostępności bibliotek,2022,gmina,Igołomia-Wawrzeńczyce,powiat krakowski,2624
20,Wskaźnik dostępności bibliotek,2022,gmina,Iwanowice,powiat krakowski,3260
20,Wskaźnik dostępności bibliotek,2022,gmina,Jerzmanowice-Przeginia,powiat krakowski,2799
20,Wskaźnik dostępności bibliotek,2022,gmina,Kocmyrzów-Luborzyca,powiat krakowski,5987
20,Wskaźnik dostępności bibliotek,2022,gmina,Krzeszowice,powiat krakowski,3545
20,Wskaźnik dostępności bibliotek,2022,gmina,Liszki,powiat krakowski,6139
20,Wskaźnik dostępności bibliotek,2022,gmina,Michałowice,powiat krakowski,4391
20,Wskaźnik dostępności bibliotek,2022,gmina,Mogilany,powiat krakowski,8096
20,Wskaźnik dostępności bibliotek,2022,gmina,Skała,powiat krakowski,3647
20,Wskaźnik dostępności bibliotek,2022,gmina,Skawina,powiat krakowski,2317
20,Wskaźnik dostępności bibliotek,2022,gmina,Słomniki,powiat krakowski,3446
20,Wskaźnik dostępności bibliotek,2022,gmina,Sułoszowa,powiat krakowski,2851
20,Wskaźnik dostępności bibliotek,2022,gmina,Świątniki Górne,powiat krakowski,5549
20,Wskaźnik dostępności bibliotek,2022,gmina,Wielka Wieś,powiat krakowski,8223
20,Wskaźnik dostępności bibliotek,2022,gmina,Zabierzów,powiat krakowski,7317
20,Wskaźnik dostępności bibliotek,2022,gmina,Zielonki,powiat krakowski,6790
20,Wskaźnik dostępności bibliotek,2022,powiat,powiat limanowski,powiat limanowski,3555
20,Wskaźnik dostępności bibliotek,2022,gmina,Dobra,powiat limanowski,3370
20,Wskaźnik dostępności bibliotek,2022,gmina,Jodłownik,powiat limanowski,1752
20,Wskaźnik dostępności bibliotek,2022,gmina,Kamienica,powiat limanowski,2607
20,Wskaźnik dostępności bibliotek,2022,gmina,Laskowa,powiat limanowski,4093
20,Wskaźnik dostępności bibliotek,2022,gmina,Limanowa (miasto),powiat limanowski,14514
20,Wskaźnik dostępności bibliotek,2022,gmina,Limanowa (wieś),powiat limanowski,3239
20,Wskaźnik dostępności bibliotek,2022,gmina,Łukowica,powiat limanowski,3383
20,Wskaźnik dostępności bibliotek,2022,gmina,Mszana Dolna (miasto),powiat limanowski,7817
20,Wskaźnik dostępności bibliotek,2022,gmina,Mszana Dolna (wieś),powiat limanowski,2205
20,Wskaźnik dostępności bibliotek,2022,gmina,Niedźwiedź,powiat limanowski,7333
20,Wskaźnik dostępności bibliotek,2022,gmina,Słopnice,powiat limanowski,6914
20,Wskaźnik dostępności bibliotek,2022,gmina,Tymbark,powiat limanowski,6395
20,Wskaźnik dostępności bibliotek,2022,powiat,powiat m. Kraków,powiat m. Kraków,11314
20,Wskaźnik dostępności bibliotek,2022,powiat,powiat m. Nowy Sącz,powiat m. Nowy Sącz,10073
20,Wskaźnik dostępności bibliotek,2022,powiat,powiat m. Tarnów,powiat m. Tarnów,7997
20,Wskaźnik dostępności bibliotek,2022,powiat,powiat miechowski,powiat miechowski,4273
20,Wskaźnik dostępności bibliotek,2022,gmina,Charsznica,powiat miechowski,7128
20,Wskaźnik dostępności bibliotek,2022,gmina,Gołcza,powiat miechowski,2989
20,Wskaźnik dostępności bibliotek,2022,gmina,Kozłów,powiat miechowski,4440
20,Wskaźnik dostępności bibliotek,2022,gmina,Książ Wielki,powiat miechowski,4879
20,Wskaźnik dostępności bibliotek,2022,gmina,Miechów,powiat miechowski,4701
20,Wskaźnik dostępności bibliotek,2022,gmina,Racławice,powiat miechowski,2427
20,Wskaźnik dostępności bibliotek,2022,gmina,Słaboszów,powiat miechowski,3345
20,Wskaźnik dostępności bibliotek,2022,powiat,powiat myślenicki,powiat myślenicki,6168
20,Wskaźnik dostępności bibliotek,2022,gmina,Dobczyce,powiat myślenicki,15509
20,Wskaźnik dostępności bibliotek,2022,gmina,Lubień,powiat myślenicki,2518
20,Wskaźnik dostępności bibliotek,2022,gmina,Myślenice,powiat myślenicki,9081
20,Wskaźnik dostępności bibliotek,2022,gmina,Pcim,powiat myślenicki,5562
20,Wskaźnik dostępności bibliotek,2022,gmina,Raciechowice,powiat myślenicki,6409
20,Wskaźnik dostępności bibliotek,2022,gmina,Siepraw,powiat myślenicki,9557
20,Wskaźnik dostępności bibliotek,2022,gmina,Sułkowice,powiat myślenicki,3790
20,Wskaźnik dostępności bibliotek,2022,gmina,Tokarnia,powiat myślenicki,8789
20,Wskaźnik dostępności bibliotek,2022,gmina,Wiśniowa,powiat myślenicki,3757
20,Wskaźnik dostępności bibliotek,2022,powiat,powiat nowosądecki,powiat nowosądecki,3908
20,Wskaźnik dostępności bibliotek,2022,gmina,Podegrodzie,powiat nowosądecki,3384
20,Wskaźnik dostępności bibliotek,2022,gmina,Rytro,powiat nowosądecki,3670
20,Wskaźnik dostępności bibliotek,2022,gmina,Stary Sącz,powiat nowosądecki,4710
20,Wskaźnik dostępności bibliotek,2022,gmina,Chełmiec,powiat nowosądecki,29572
20,Wskaźnik dostępności bibliotek,2022,gmina,Gródek nad Dunajcem,powiat nowosądecki,4468
20,Wskaźnik dostępności bibliotek,2022,gmina,Grybów (miasto),powiat nowosądecki,5953
20,Wskaźnik dostępności bibliotek,2022,gmina,Grybów (wieś),powiat nowosądecki,2535
20,Wskaźnik dostępności bibliotek,2022,gmina,Kamionka Wielka,powiat nowosądecki,3480
20,Wskaźnik dostępności bibliotek,2022,gmina,Korzenna,powiat nowosądecki,2052
20,Wskaźnik dostępności bibliotek,2022,gmina,Krynica-Zdrój,powiat nowosądecki,3152
20,Wskaźnik dostępności bibliotek,2022,gmina,Łabowa,powiat nowosądecki,2980
20,Wskaźnik dostępności bibliotek,2022,gmina,Łącko,powiat nowosądecki,4163
20,Wskaźnik dostępności bibliotek,2022,gmina,Łososina Dolna,powiat nowosądecki,5582
20,Wskaźnik dostępności bibliotek,2022,gmina,Muszyna,powiat nowosądecki,3716
20,Wskaźnik dostępności bibliotek,2022,gmina,Nawojowa,powiat nowosądecki,2948
20,Wskaźnik dostępności bibliotek,2022,gmina,Piwniczna-Zdrój,powiat nowosądecki,5016
20,Wskaźnik dostępności bibliotek,2022,powiat,powiat nowotarski,powiat nowotarski,3395
20,Wskaźnik dostępności bibliotek,2022,gmina,Czarny Dunajec,powiat nowotarski,2457
20,Wskaźnik dostępności bibliotek,2022,gmina,Czorsztyn,powiat nowotarski,1265
20,Wskaźnik dostępności bibliotek,2022,gmina,Jabłonka,powiat nowotarski,3182
20,Wskaźnik dostępności bibliotek,2022,gmina,Krościenko nad Dunajcem,powiat nowotarski,3335
20,Wskaźnik dostępności bibliotek,2022,gmina,Lipnica Wielka,powiat nowotarski,6058
20,Wskaźnik dostępności bibliotek,2022,gmina,Łapsze Niżne,powiat nowotarski,1851
20,Wskaźnik dostępności bibliotek,2022,gmina,Nowy Targ (miasto),powiat nowotarski,11034
20,Wskaźnik dostępności bibliotek,2022,gmina,Nowy Targ (wieś),powiat nowotarski,1848
20,Wskaźnik dostępności bibliotek,2022,gmina,Ochotnica Dolna,powiat nowotarski,2811
20,Wskaźnik dostępności bibliotek,2022,gmina,Raba Wyżna,powiat nowotarski,4816
20,Wskaźnik dostępności bibliotek,2022,gmina,Rabka-Zdrój,powiat nowotarski,16672
20,Wskaźnik dostępności bibliotek,2022,gmina,Spytkowice,powiat nowotarski,4692
20,Wskaźnik dostępności bibliotek,2022,gmina,Szaflary,powiat nowotarski,5627
20,Wskaźnik dostępności bibliotek,2022,gmina,Szczawnica,powiat nowotarski,6732
20,Wskaźnik dostępności bibliotek,2022,powiat,powiat olkuski,powiat olkuski,4452
20,Wskaźnik dostępności bibliotek,2022,gmina,Bolesław,powiat olkuski,1517
20,Wskaźnik dostępności bibliotek,2022,gmina,Bukowno,powiat olkuski,2401
20,Wskaźnik dostępności bibliotek,2022,gmina,Klucze,powiat olkuski,7292
20,Wskaźnik dostępności bibliotek,2022,gmina,Olkusz,powiat olkuski,5760
20,Wskaźnik dostępności bibliotek,2022,gmina,Trzyciąż,powiat olkuski,3471
20,Wskaźnik dostępności bibliotek,2022,gmina,Wolbrom,powiat olkuski,7350
20,Wskaźnik dostępności bibliotek,2022,powiat,powiat oświęcimski,powiat oświęcimski,4977
20,Wskaźnik dostępności bibliotek,2022,gmina,Brzeszcze,powiat oświęcimski,3424
20,Wskaźnik dostępności bibliotek,2022,gmina,Chełmek,powiat oświęcimski,4129
20,Wskaźnik dostępności bibliotek,2022,gmina,Kęty,powiat oświęcimski,6678
20,Wskaźnik dostępności bibliotek,2022,gmina,Osiek,powiat oświęcimski,4078
20,Wskaźnik dostępności bibliotek,2022,gmina,Oświęcim (miasto),powiat oświęcimski,36048
20,Wskaźnik dostępności bibliotek,2022,gmina,Oświęcim (wieś),powiat oświęcimski,3155
20,Wskaźnik dostępności bibliotek,2022,gmina,Polanka Wielka,powiat oświęcimski,4311
20,Wskaźnik dostępności bibliotek,2022,gmina,Przeciszów,powiat oświęcimski,3207
20,Wskaźnik dostępności bibliotek,2022,gmina,Zator,powiat oświęcimski,2281
20,Wskaźnik dostępności bibliotek,2022,powiat,powiat proszowicki,powiat proszowicki,3843
20,Wskaźnik dostępności bibliotek,2022,gmina,Koniusza,powiat proszowicki,4532
20,Wskaźnik dostępności bibliotek,2022,gmina,Koszyce,powiat proszowicki,5269
20,Wskaźnik dostępności bibliotek,2022,gmina,Nowe Brzesko,powiat proszowicki,5652
20,Wskaźnik dostępności bibliotek,2022,gmina,Pałecznica,powiat proszowicki,3485
20,Wskaźnik dostępności bibliotek,2022,gmina,Proszowice,powiat proszowicki,3897
20,Wskaźnik dostępności bibliotek,2022,gmina,Radziemice,powiat proszowicki,1606
20,Wskaźnik dostępności bibliotek,2022,powiat,powiat suski,powiat suski,2969
20,Wskaźnik dostępności bibliotek,2022,gmina,Budzów,powiat suski,1474
20,Wskaźnik dostępności bibliotek,2022,gmina,Bystra-Sidzina,powiat suski,3398
20,Wskaźnik dostępności bibliotek,2022,gmina,Jordanów (miasto),powiat suski,5420
20,Wskaźnik dostępności bibliotek,2022,gmina,Jordanów (wieś),powiat suski,2236
20,Wskaźnik dostępności bibliotek,2022,gmina,Maków Podhalański,powiat suski,2634
20,Wskaźnik dostępności bibliotek,2022,gmina,Stryszawa,powiat suski,11906
20,Wskaźnik dostępności bibliotek,2022,gmina,Sucha Beskidzka,powiat suski,4464
20,Wskaźnik dostępności bibliotek,2022,gmina,Zawoja,powiat suski,2946
20,Wskaźnik dostępności bibliotek,2022,gmina,Zembrzyce,powiat suski,2708
20,Wskaźnik dostępności bibliotek,2022,powiat,powiat tarnowski,powiat tarnowski,3189
20,Wskaźnik dostępności bibliotek,2022,gmina,Ciężkowice,powiat tarnowski,3676
20,Wskaźnik dostępności bibliotek,2022,gmina,Gromnik,powiat tarnowski,2181
20,Wskaźnik dostępności bibliotek,2022,gmina,Lisia Góra,powiat tarnowski,3884
20,Wskaźnik dostępności bibliotek,2022,gmina,Pleśna,powiat tarnowski,2354
20,Wskaźnik dostępności bibliotek,2022,gmina,Radłów,powiat tarnowski,2352
20,Wskaźnik dostępności bibliotek,2022,gmina,Ryglice,powiat tarnowski,3752
20,Wskaźnik dostępności bibliotek,2022,gmina,Rzepiennik Strzyżewski,powiat tarnowski,1643
20,Wskaźnik dostępności bibliotek,2022,gmina,Skrzyszów,powiat tarnowski,3539
20,Wskaźnik dostępności bibliotek,2022,gmina,Szerzyny,powiat tarnowski,1505
20,Wskaźnik dostępności bibliotek,2022,gmina,Tarnów (wieś),powiat tarnowski,13180
20,Wskaźnik dostępności bibliotek,2022,gmina,Tuchów,powiat tarnowski,5688
20,Wskaźnik dostępności bibliotek,2022,gmina,Wierzchosławice,powiat tarnowski,2116
20,Wskaźnik dostępności bibliotek,2022,gmina,Wietrzychowice,powiat tarnowski,1880
20,Wskaźnik dostępności bibliotek,2022,gmina,Wojnicz,powiat tarnowski,3276
20,Wskaźnik dostępności bibliotek,2022,gmina,Zakliczyn,powiat tarnowski,3092
20,Wskaźnik dostępności bibliotek,2022,gmina,Żabno,powiat tarnowski,3084
20,Wskaźnik dostępności bibliotek,2022,powiat,powiat tatrzański,powiat tatrzański,3698
20,Wskaźnik dostępności bibliotek,2022,gmina,Biały Dunajec,powiat tatrzański,3415
20,Wskaźnik dostępności bibliotek,2022,gmina,Bukowina Tatrzańska,powiat tatrzański,2701
20,Wskaźnik dostępności bibliotek,2022,gmina,Kościelisko,powiat tatrzański,3021
20,Wskaźnik dostępności bibliotek,2022,gmina,Poronin,powiat tatrzański,2945
20,Wskaźnik dostępności bibliotek,2022,gmina,Zakopane,powiat tatrzański,6347
20,Wskaźnik dostępności bibliotek,2022,powiat,powiat wadowicki,powiat wadowicki,3671
20,Wskaźnik dostępności bibliotek,2022,gmina,Andrychów,powiat wadowicki,6026
20,Wskaźnik dostępności bibliotek,2022,gmina,Brzeźnica,powiat wadowicki,1794
20,Wskaźnik dostępności bibliotek,2022,gmina,Kalwaria Zebrzydowska,powiat wadowicki,3986
20,Wskaźnik dostępności bibliotek,2022,gmina,Lanckorona,powiat wadowicki,1562
20,Wskaźnik dostępności bibliotek,2022,gmina,Mucharz,powiat wadowicki,1038
20,Wskaźnik dostępności bibliotek,2022,gmina,Spytkowice,powiat wadowicki,3374
20,Wskaźnik dostępności bibliotek,2022,gmina,Stryszów,powiat wadowicki,2267
20,Wskaźnik dostępności bibliotek,2022,gmina,Tomice,powiat wadowicki,2736
20,Wskaźnik dostępności bibliotek,2022,gmina,Wadowice,powiat wadowicki,9185
20,Wskaźnik dostępności bibliotek,2022,gmina,Wieprz,powiat wadowicki,3178
20,Wskaźnik dostępności bibliotek,2022,powiat,powiat wielicki,powiat wielicki,7102
20,Wskaźnik dostępności bibliotek,2022,gmina,Biskupice,powiat wielicki,11557
20,Wskaźnik dostępności bibliotek,2022,gmina,Gdów,powiat wielicki,9287
20,Wskaźnik dostępności bibliotek,2022,gmina,Kłaj,powiat wielicki,3701
20,Wskaźnik dostępności bibliotek,2022,gmina,Niepołomice,powiat wielicki,6556
20,Wskaźnik dostępności bibliotek,2022,gmina,Wieliczka,powiat wielicki,7559
20,Wskaźnik dostępności bibliotek,2021,powiat,powiat bocheński,powiat bocheński,2967
20,Wskaźnik dostępności bibliotek,2021,gmina,Bochnia (miasto),powiat bocheński,4188
20,Wskaźnik dostępności bibliotek,2021,gmina,Bochnia (wieś),powiat bocheński,2877
20,Wskaźnik dostępności bibliotek,2021,gmina,Drwinia,powiat bocheński,2163
20,Wskaźnik dostępności bibliotek,2021,gmina,Lipnica Murowana,powiat bocheński,2820
20,Wskaźnik dostępności bibliotek,2021,gmina,Łapanów,powiat bocheński,2061
20,Wskaźnik dostępności bibliotek,2021,gmina,Nowy Wiśnicz,powiat bocheński,4755
20,Wskaźnik dostępności bibliotek,2021,gmina,Rzezawa,powiat bocheński,2862
20,Wskaźnik dostępności bibliotek,2021,gmina,Trzciana,powiat bocheński,1414
20,Wskaźnik dostępności bibliotek,2021,gmina,Żegocina,powiat bocheński,2803
20,Wskaźnik dostępności bibliotek,2021,powiat,powiat brzeski,powiat brzeski,3312
20,Wskaźnik dostępności bibliotek,2021,gmina,Borzęcin,powiat brzeski,2751
20,Wskaźnik dostępności bibliotek,2021,gmina,Brzesko,powiat brzeski,6020
20,Wskaźnik dostępności bibliotek,2021,gmina,Czchów,powiat brzeski,3247
20,Wskaźnik dostępności bibliotek,2021,gmina,Dębno,powiat brzeski,2951
20,Wskaźnik dostępności bibliotek,2021,gmina,Gnojnik,powiat brzeski,2668
20,Wskaźnik dostępności bibliotek,2021,gmina,Iwkowa,powiat brzeski,3270
20,Wskaźnik dostępności bibliotek,2021,gmina,Szczurowa,powiat brzeski,1553
20,Wskaźnik dostępności bibliotek,2021,powiat,powiat chrzanowski,powiat chrzanowski,3405
20,Wskaźnik dostępności bibliotek,2021,gmina,Alwernia,powiat chrzanowski,2065
20,Wskaźnik dostępności bibliotek,2021,gmina,Babice,powiat chrzanowski,1810
20,Wskaźnik dostępności bibliotek,2021,gmina,Chrzanów,powiat chrzanowski,5725
20,Wskaźnik dostępności bibliotek,2021,gmina,Libiąż,powiat chrzanowski,5498
20,Wskaźnik dostępności bibliotek,2021,gmina,Trzebinia,powiat chrzanowski,2566
20,Wskaźnik dostępności bibliotek,2021,powiat,powiat dąbrowski,powiat dąbrowski,3259
20,Wskaźnik dostępności bibliotek,2021,gmina,Bolesław,powiat dąbrowski,2549
20,Wskaźnik dostępności bibliotek,2021,gmina,Dąbrowa Tarnowska,powiat dąbrowski,4232
20,Wskaźnik dostępności bibliotek,2021,gmina,Gręboszów,powiat dąbrowski,3265
20,Wskaźnik dostępności bibliotek,2021,gmina,Mędrzechów,powiat dąbrowski,1699
20,Wskaźnik dostępności bibliotek,2021,gmina,Olesno,powiat dąbrowski,2627
20,Wskaźnik dostępności bibliotek,2021,gmina,Radgoszcz,powiat dąbrowski,7427
20,Wskaźnik dostępności bibliotek,2021,gmina,Szczucin,powiat dąbrowski,2597
20,Wskaźnik dostępności bibliotek,2021,powiat,powiat gorlicki,powiat gorlicki,3370
20,Wskaźnik dostępności bibliotek,2021,gmina,Biecz,powiat gorlicki,3317
20,Wskaźnik dostępności bibliotek,2021,gmina,Bobowa,powiat gorlicki,3263
20,Wskaźnik dostępności bibliotek,2021,gmina,Gorlice (miasto),powiat gorlicki,6636
20,Wskaźnik dostępności bibliotek,2021,gmina,Gorlice (wieś),powiat gorlicki,3447
20,Wskaźnik dostępności bibliotek,2021,gmina,Lipinki,powiat gorlicki,2261
20,Wskaźnik dostępności bibliotek,2021,gmina,Łużna,powiat gorlicki,2840
20,Wskaźnik dostępności bibliotek,2021,gmina,Moszczenica,powiat gorlicki,2500
20,Wskaźnik dostępności bibliotek,2021,gmina,Ropa,powiat gorlicki,2769
20,Wskaźnik dostępności bibliotek,2021,gmina,Sękowa,powiat gorlicki,4938
20,Wskaźnik dostępności bibliotek,2021,gmina,Uście Gorlickie,powiat gorlicki,1725
20,Wskaźnik dostępności bibliotek,2021,powiat,powiat krakowski,powiat krakowski,3784
20,Wskaźnik dostępności bibliotek,2021,gmina,Czernichów,powiat krakowski,2964
20,Wskaźnik dostępności bibliotek,2021,gmina,Igołomia-Wawrzeńczyce,powiat krakowski,2562
20,Wskaźnik dostępności bibliotek,2021,gmina,Iwanowice,powiat krakowski,3088
20,Wskaźnik dostępności bibliotek,2021,gmina,Jerzmanowice-Przeginia,powiat krakowski,2731
20,Wskaźnik dostępności bibliotek,2021,gmina,Kocmyrzów-Luborzyca,powiat krakowski,5411
20,Wskaźnik dostępności bibliotek,2021,gmina,Krzeszowice,powiat krakowski,3552
20,Wskaźnik dostępności bibliotek,2021,gmina,Liszki,powiat krakowski,5866
20,Wskaźnik dostępności bibliotek,2021,gmina,Michałowice,powiat krakowski,3714
20,Wskaźnik dostępności bibliotek,2021,gmina,Mogilany,powiat krakowski,7330
20,Wskaźnik dostępności bibliotek,2021,gmina,Skała,powiat krakowski,3535
20,Wskaźnik dostępności bibliotek,2021,gmina,Skawina,powiat krakowski,2305
20,Wskaźnik dostępności bibliotek,2021,gmina,Słomniki,powiat krakowski,3378
20,Wskaźnik dostępności bibliotek,2021,gmina,Sułoszowa,powiat krakowski,2875
20,Wskaźnik dostępności bibliotek,2021,gmina,Świątniki Górne,powiat krakowski,5203
20,Wskaźnik dostępności bibliotek,2021,gmina,Wielka Wieś,powiat krakowski,6845
20,Wskaźnik dostępności bibliotek,2021,gmina,Zabierzów,powiat krakowski,6858
20,Wskaźnik dostępności bibliotek,2021,gmina,Zielonki,powiat krakowski,6084
20,Wskaźnik dostępności bibliotek,2021,powiat,powiat limanowski,powiat limanowski,3575
20,Wskaźnik dostępności bibliotek,2021,gmina,Dobra,powiat limanowski,3346
20,Wskaźnik dostępności bibliotek,2021,gmina,Jodłownik,powiat limanowski,1751
20,Wskaźnik dostępności bibliotek,2021,gmina,Kamienica,powiat limanowski,2629
20,Wskaźnik dostępności bibliotek,2021,gmina,Laskowa,powiat limanowski,4101
20,Wskaźnik dostępności bibliotek,2021,gmina,Limanowa (miasto),powiat limanowski,15012
20,Wskaźnik dostępności bibliotek,2021,gmina,Limanowa (wieś),powiat limanowski,3238
20,Wskaźnik dostępności bibliotek,2021,gmina,Łukowica,powiat limanowski,3405
20,Wskaźnik dostępności bibliotek,2021,gmina,Mszana Dolna (miasto),powiat limanowski,7875
20,Wskaźnik dostępności bibliotek,2021,gmina,Mszana Dolna (wieś),powiat limanowski,2197
20,Wskaźnik dostępności bibliotek,2021,gmina,Niedźwiedź,powiat limanowski,7366
20,Wskaźnik dostępności bibliotek,2021,gmina,Słopnice,powiat limanowski,6851
20,Wskaźnik dostępności bibliotek,2021,gmina,Tymbark,powiat limanowski,6602
20,Wskaźnik dostępności bibliotek,2021,powiat,powiat m. Kraków,powiat m. Kraków,11016
20,Wskaźnik dostępności bibliotek,2021,powiat,powiat m. Nowy Sącz,powiat m. Nowy Sącz,10390
20,Wskaźnik dostępności bibliotek,2021,powiat,powiat m. Tarnów,powiat m. Tarnów,7566
20,Wskaźnik dostępności bibliotek,2021,powiat,powiat miechowski,powiat miechowski,4368
20,Wskaźnik dostępności bibliotek,2021,gmina,Charsznica,powiat miechowski,7304
20,Wskaźnik dostępności bibliotek,2021,gmina,Gołcza,powiat miechowski,3021
20,Wskaźnik dostępności bibliotek,2021,gmina,Kozłów,powiat miechowski,4531
20,Wskaźnik dostępności bibliotek,2021,gmina,Książ Wielki,powiat miechowski,4997
20,Wskaźnik dostępności bibliotek,2021,gmina,Miechów,powiat miechowski,4814
20,Wskaźnik dostępności bibliotek,2021,gmina,Racławice,powiat miechowski,2471
20,Wskaźnik dostępności bibliotek,2021,gmina,Słaboszów,powiat miechowski,3445
20,Wskaźnik dostępności bibliotek,2021,powiat,powiat myślenicki,powiat myślenicki,6107
20,Wskaźnik dostępności bibliotek,2021,gmina,Dobczyce,powiat myślenicki,15359
20,Wskaźnik dostępności bibliotek,2021,gmina,Lubień,powiat myślenicki,2523
20,Wskaźnik dostępności bibliotek,2021,gmina,Myślenice,powiat myślenicki,8934
20,Wskaźnik dostępności bibliotek,2021,gmina,Pcim,powiat myślenicki,5551
20,Wskaźnik dostępności bibliotek,2021,gmina,Raciechowice,powiat myślenicki,6457
20,Wskaźnik dostępności bibliotek,2021,gmina,Siepraw,powiat myślenicki,9183
20,Wskaźnik dostępności bibliotek,2021,gmina,Sułkowice,powiat myślenicki,3788
20,Wskaźnik dostępności bibliotek,2021,gmina,Tokarnia,powiat myślenicki,8816
20,Wskaźnik dostępności bibliotek,2021,gmina,Wiśniowa,powiat myślenicki,3706
20,Wskaźnik dostępności bibliotek,2021,powiat,powiat nowosądecki,powiat nowosądecki,3948
20,Wskaźnik dostępności bibliotek,2021,gmina,Podegrodzie,powiat nowosądecki,3366
20,Wskaźnik dostępności bibliotek,2021,gmina,Rytro,powiat nowosądecki,3737
20,Wskaźnik dostępności bibliotek,2021,gmina,Stary Sącz,powiat nowosądecki,4759
20,Wskaźnik dostępności bibliotek,2021,gmina,Chełmiec,powiat nowosądecki,29157
20,Wskaźnik dostępności bibliotek,2021,gmina,Gródek nad Dunajcem,powiat nowosądecki,4600
20,Wskaźnik dostępności bibliotek,2021,gmina,Grybów (miasto),powiat nowosądecki,5937
20,Wskaźnik dostępności bibliotek,2021,gmina,Grybów (wieś),powiat nowosądecki,2566
20,Wskaźnik dostępności bibliotek,2021,gmina,Kamionka Wielka,powiat nowosądecki,3500
20,Wskaźnik dostępności bibliotek,2021,gmina,Korzenna,powiat nowosądecki,2078
20,Wskaźnik dostępności bibliotek,2021,gmina,Krynica-Zdrój,powiat nowosądecki,3287
20,Wskaźnik dostępności bibliotek,2021,gmina,Łabowa,powiat nowosądecki,3055
20,Wskaźnik dostępności bibliotek,2021,gmina,Łącko,powiat nowosądecki,4157
20,Wskaźnik dostępności bibliotek,2021,gmina,Łososina Dolna,powiat nowosądecki,5595
20,Wskaźnik dostępności bibliotek,2021,gmina,Muszyna,powiat nowosądecki,3823
20,Wskaźnik dostępności bibliotek,2021,gmina,Nawojowa,powiat nowosądecki,2931
20,Wskaźnik dostępności bibliotek,2021,gmina,Piwniczna-Zdrój,powiat nowosądecki,5251
20,Wskaźnik dostępności bibliotek,2021,powiat,powiat nowotarski,powiat nowotarski,3415
20,Wskaźnik dostępności bibliotek,2021,gmina,Czarny Dunajec,powiat nowotarski,2506
20,Wskaźnik dostępności bibliotek,2021,gmina,Czorsztyn,powiat nowotarski,1275
20,Wskaźnik dostępności bibliotek,2021,gmina,Jabłonka,powiat nowotarski,3131
20,Wskaźnik dostępności bibliotek,2021,gmina,Krościenko nad Dunajcem,powiat nowotarski,3357
20,Wskaźnik dostępności bibliotek,2021,gmina,Lipnica Wielka,powiat nowotarski,5958
20,Wskaźnik dostępności bibliotek,2021,gmina,Łapsze Niżne,powiat nowotarski,1869
20,Wskaźnik dostępności bibliotek,2021,gmina,Nowy Targ (miasto),powiat nowotarski,11030
20,Wskaźnik dostępności bibliotek,2021,gmina,Nowy Targ (wieś),powiat nowotarski,1855
20,Wskaźnik dostępności bibliotek,2021,gmina,Ochotnica Dolna,powiat nowotarski,2823
20,Wskaźnik dostępności bibliotek,2021,gmina,Raba Wyżna,powiat nowotarski,4909
20,Wskaźnik dostępności bibliotek,2021,gmina,Rabka-Zdrój,powiat nowotarski,16927
20,Wskaźnik dostępności bibliotek,2021,gmina,Spytkowice,powiat nowotarski,4658
20,Wskaźnik dostępności bibliotek,2021,gmina,Szaflary,powiat nowotarski,5598
20,Wskaźnik dostępności bibliotek,2021,gmina,Szczawnica,powiat nowotarski,7040
20,Wskaźnik dostępności bibliotek,2021,powiat,powiat olkuski,powiat olkuski,4376
20,Wskaźnik dostępności bibliotek,2021,gmina,Bolesław,powiat olkuski,1540
20,Wskaźnik dostępności bibliotek,2021,gmina,Bukowno,powiat olkuski,2469
20,Wskaźnik dostępności bibliotek,2021,gmina,Klucze,powiat olkuski,4910
20,Wskaźnik dostępności bibliotek,2021,gmina,Olkusz,powiat olkuski,5963
20,Wskaźnik dostępności bibliotek,2021,gmina,Trzyciąż,powiat olkuski,3498
20,Wskaźnik dostępności bibliotek,2021,gmina,Wolbrom,powiat olkuski,7466
20,Wskaźnik dostępności bibliotek,2021,powiat,powiat oświęcimski,powiat oświęcimski,5052
20,Wskaźnik dostępności bibliotek,2021,gmina,Brzeszcze,powiat oświęcimski,3487
20,Wskaźnik dostępności bibliotek,2021,gmina,Chełmek,powiat oświęcimski,4238
20,Wskaźnik dostępności bibliotek,2021,gmina,Kęty,powiat oświęcimski,6774
20,Wskaźnik dostępności bibliotek,2021,gmina,Osiek,powiat oświęcimski,4126
20,Wskaźnik dostępności bibliotek,2021,gmina,Oświęcim (miasto),powiat oświęcimski,37031
20,Wskaźnik dostępności bibliotek,2021,gmina,Oświęcim (wieś),powiat oświęcimski,3102
20,Wskaźnik dostępności bibliotek,2021,gmina,Polanka Wielka,powiat oświęcimski,4311
20,Wskaźnik dostępności bibliotek,2021,gmina,Przeciszów,powiat oświęcimski,3332
20,Wskaźnik dostępności bibliotek,2021,gmina,Zator,powiat oświęcimski,2298
20,Wskaźnik dostępności bibliotek,2021,powiat,powiat proszowicki,powiat proszowicki,3892
20,Wskaźnik dostępności bibliotek,2021,gmina,Koniusza,powiat proszowicki,4511
20,Wskaźnik dostępności bibliotek,2021,gmina,Koszyce,powiat proszowicki,5327
20,Wskaźnik dostępności bibliotek,2021,gmina,Nowe Brzesko,powiat proszowicki,5660
20,Wskaźnik dostępności bibliotek,2021,gmina,Pałecznica,powiat proszowicki,3535
20,Wskaźnik dostępności bibliotek,2021,gmina,Proszowice,powiat proszowicki,3992
20,Wskaźnik dostępności bibliotek,2021,gmina,Radziemice,powiat proszowicki,1652
20,Wskaźnik dostępności bibliotek,2021,powiat,powiat suski,powiat suski,2784
20,Wskaźnik dostępności bibliotek,2021,gmina,Budzów,powiat suski,1482
20,Wskaźnik dostępności bibliotek,2021,gmina,Bystra-Sidzina,powiat suski,3443
20,Wskaźnik dostępności bibliotek,2021,gmina,Jordanów (miasto),powiat suski,5231
20,Wskaźnik dostępności bibliotek,2021,gmina,Jordanów (wieś),powiat suski,2254
20,Wskaźnik dostępności bibliotek,2021,gmina,Maków Podhalański,powiat suski,2640
20,Wskaźnik dostępności bibliotek,2021,gmina,Stryszawa,powiat suski,11874
20,Wskaźnik dostępności bibliotek,2021,gmina,Sucha Beskidzka,powiat suski,4484
20,Wskaźnik dostępności bibliotek,2021,gmina,Zawoja,powiat suski,2999
20,Wskaźnik dostępności bibliotek,2021,gmina,Zembrzyce,powiat suski,1394
20,Wskaźnik dostępności bibliotek,2021,powiat,powiat tarnowski,powiat tarnowski,3237
20,Wskaźnik dostępności bibliotek,2021,gmina,Ciężkowice,powiat tarnowski,3725
20,Wskaźnik dostępności bibliotek,2021,gmina,Gromnik,powiat tarnowski,2225
20,Wskaźnik dostępności bibliotek,2021,gmina,Lisia Góra,powiat tarnowski,3864
20,Wskaźnik dostępności bibliotek,2021,gmina,Pleśna,powiat tarnowski,2372
20,Wskaźnik dostępności bibliotek,2021,gmina,Radłów,powiat tarnowski,2391
20,Wskaźnik dostępności bibliotek,2021,gmina,Ryglice,powiat tarnowski,3863
20,Wskaźnik dostępności bibliotek,2021,gmina,Rzepiennik Strzyżewski,powiat tarnowski,1685
20,Wskaźnik dostępności bibliotek,2021,gmina,Skrzyszów,powiat tarnowski,3590
20,Wskaźnik dostępności bibliotek,2021,gmina,Szerzyny,powiat tarnowski,1562
20,Wskaźnik dostępności bibliotek,2021,gmina,Tarnów (wieś),powiat tarnowski,13203
20,Wskaźnik dostępności bibliotek,2021,gmina,Tuchów,powiat tarnowski,5872
20,Wskaźnik dostępności bibliotek,2021,gmina,Wierzchosławice,powiat tarnowski,2149
20,Wskaźnik dostępności bibliotek,2021,gmina,Wietrzychowice,powiat tarnowski,1954
20,Wskaźnik dostępności bibliotek,2021,gmina,Wojnicz,powiat tarnowski,3311
20,Wskaźnik dostępności bibliotek,2021,gmina,Zakliczyn,powiat tarnowski,3140
20,Wskaźnik dostępności bibliotek,2021,gmina,Żabno,powiat tarnowski,3131
20,Wskaźnik dostępności bibliotek,2021,powiat,powiat tatrzański,powiat tatrzański,3762
20,Wskaźnik dostępności bibliotek,2021,gmina,Biały Dunajec,powiat tatrzański,3546
20,Wskaźnik dostępności bibliotek,2021,gmina,Bukowina Tatrzańska,powiat tatrzański,2700
20,Wskaźnik dostępności bibliotek,2021,gmina,Kościelisko,powiat tatrzański,2960
20,Wskaźnik dostępności bibliotek,2021,gmina,Poronin,powiat tatrzański,2926
20,Wskaźnik dostępności bibliotek,2021,gmina,Zakopane,powiat tatrzański,6635
20,Wskaźnik dostępności bibliotek,2021,powiat,powiat wadowicki,powiat wadowicki,3700
20,Wskaźnik dostępności bibliotek,2021,gmina,Andrychów,powiat wadowicki,6149
20,Wskaźnik dostępności bibliotek,2021,gmina,Brzeźnica,powiat wadowicki,1759
20,Wskaźnik dostępności bibliotek,2021,gmina,Kalwaria Zebrzydowska,powiat wadowicki,3994
20,Wskaźnik dostępności bibliotek,2021,gmina,Lanckorona,powiat wadowicki,1553
20,Wskaźnik dostępności bibliotek,2021,gmina,Mucharz,powiat wadowicki,1033
20,Wskaźnik dostępności bibliotek,2021,gmina,Spytkowice,powiat wadowicki,3413
20,Wskaźnik dostępności bibliotek,2021,gmina,Stryszów,powiat wadowicki,2281
20,Wskaźnik dostępności bibliotek,2021,gmina,Tomice,powiat wadowicki,2747
20,Wskaźnik dostępności bibliotek,2021,gmina,Wadowice,powiat wadowicki,9330
20,Wskaźnik dostępności bibliotek,2021,gmina,Wieprz,powiat wadowicki,3141
20,Wskaźnik dostępności bibliotek,2021,powiat,powiat wielicki,powiat wielicki,6618
20,Wskaźnik dostępności bibliotek,2021,gmina,Biskupice,powiat wielicki,10664
20,Wskaźnik dostępności bibliotek,2021,gmina,Gdów,powiat wielicki,9189
20,Wskaźnik dostępności bibliotek,2021,gmina,Kłaj,powiat wielicki,3637
20,Wskaźnik dostępności bibliotek,2021,gmina,Niepołomice,powiat wielicki,6050
20,Wskaźnik dostępności bibliotek,2021,gmina,Wieliczka,powiat wielicki,6907
20,Wskaźnik dostępności bibliotek,2020,powiat,powiat bocheński,powiat bocheński,2814
20,Wskaźnik dostępności bibliotek,2020,gmina,Bochnia (miasto),powiat bocheński,4222
20,Wskaźnik dostępności bibliotek,2020,gmina,Bochnia (wieś),powiat bocheński,2239
20,Wskaźnik dostępności bibliotek,2020,gmina,Drwinia,powiat bocheński,2165
20,Wskaźnik dostępności bibliotek,2020,gmina,Lipnica Murowana,powiat bocheński,2821
20,Wskaźnik dostępności bibliotek,2020,gmina,Łapanów,powiat bocheński,2049
20,Wskaźnik dostępności bibliotek,2020,gmina,Nowy Wiśnicz,powiat bocheński,4750
20,Wskaźnik dostępności bibliotek,2020,gmina,Rzezawa,powiat bocheński,2858
20,Wskaźnik dostępności bibliotek,2020,gmina,Trzciana,powiat bocheński,1412
20,Wskaźnik dostępności bibliotek,2020,gmina,Żegocina,powiat bocheński,2791
20,Wskaźnik dostępności bibliotek,2020,powiat,powiat brzeski,powiat brzeski,3323
20,Wskaźnik dostępności bibliotek,2020,gmina,Borzęcin,powiat brzeski,2756
20,Wskaźnik dostępności bibliotek,2020,gmina,Brzesko,powiat brzeski,6044
20,Wskaźnik dostępności bibliotek,2020,gmina,Czchów,powiat brzeski,3271
20,Wskaźnik dostępności bibliotek,2020,gmina,Dębno,powiat brzeski,2950
20,Wskaźnik dostępności bibliotek,2020,gmina,Gnojnik,powiat brzeski,2673
20,Wskaźnik dostępności bibliotek,2020,gmina,Iwkowa,powiat brzeski,3256
20,Wskaźnik dostępności bibliotek,2020,gmina,Szczurowa,powiat brzeski,1568
20,Wskaźnik dostępności bibliotek,2020,powiat,powiat chrzanowski,powiat chrzanowski,3435
20,Wskaźnik dostępności bibliotek,2020,gmina,Alwernia,powiat chrzanowski,2082
20,Wskaźnik dostępności bibliotek,2020,gmina,Babice,powiat chrzanowski,1817
20,Wskaźnik dostępności bibliotek,2020,gmina,Chrzanów,powiat chrzanowski,5790
20,Wskaźnik dostępności bibliotek,2020,gmina,Libiąż,powiat chrzanowski,5534
20,Wskaźnik dostępności bibliotek,2020,gmina,Trzebinia,powiat chrzanowski,2587
20,Wskaźnik dostępności bibliotek,2020,powiat,powiat dąbrowski,powiat dąbrowski,3104
20,Wskaźnik dostępności bibliotek,2020,gmina,Bolesław,powiat dąbrowski,2586
20,Wskaźnik dostępności bibliotek,2020,gmina,Dąbrowa Tarnowska,powiat dąbrowski,4237
20,Wskaźnik dostępności bibliotek,2020,gmina,Gręboszów,powiat dąbrowski,3316
20,Wskaźnik dostępności bibliotek,2020,gmina,Mędrzechów,powiat dąbrowski,1702
20,Wskaźnik dostępności bibliotek,2020,gmina,Olesno,powiat dąbrowski,2643
20,Wskaźnik dostępności bibliotek,2020,gmina,Radgoszcz,powiat dąbrowski,7453
20,Wskaźnik dostępności bibliotek,2020,gmina,Szczucin,powiat dąbrowski,2184
20,Wskaźnik dostępności bibliotek,2020,powiat,powiat gorlicki,powiat gorlicki,3390
20,Wskaźnik dostępności bibliotek,2020,gmina,Biecz,powiat gorlicki,3348
20,Wskaźnik dostępności bibliotek,2020,gmina,Bobowa,powiat gorlicki,3268
20,Wskaźnik dostępności bibliotek,2020,gmina,Gorlice (miasto),powiat gorlicki,6743
20,Wskaźnik dostępności bibliotek,2020,gmina,Gorlice (wieś),powiat gorlicki,3454
20,Wskaźnik dostępności bibliotek,2020,gmina,Lipinki,powiat gorlicki,2267
20,Wskaźnik dostępności bibliotek,2020,gmina,Łużna,powiat gorlicki,2839
20,Wskaźnik dostępności bibliotek,2020,gmina,Moszczenica,powiat gorlicki,2513
20,Wskaźnik dostępności bibliotek,2020,gmina,Ropa,powiat gorlicki,2768
20,Wskaźnik dostępności bibliotek,2020,gmina,Sękowa,powiat gorlicki,4937
20,Wskaźnik dostępności bibliotek,2020,gmina,Uście Gorlickie,powiat gorlicki,1720
20,Wskaźnik dostępności bibliotek,2020,powiat,powiat krakowski,powiat krakowski,3753
20,Wskaźnik dostępności bibliotek,2020,gmina,Czernichów,powiat krakowski,2941
20,Wskaźnik dostępności bibliotek,2020,gmina,Igołomia-Wawrzeńczyce,powiat krakowski,2576
20,Wskaźnik dostępności bibliotek,2020,gmina,Iwanowice,powiat krakowski,3072
20,Wskaźnik dostępności bibliotek,2020,gmina,Jerzmanowice-Przeginia,powiat krakowski,2739
20,Wskaźnik dostępności bibliotek,2020,gmina,Kocmyrzów-Luborzyca,powiat krakowski,5340
20,Wskaźnik dostępności bibliotek,2020,gmina,Krzeszowice,powiat krakowski,3567
20,Wskaźnik dostępności bibliotek,2020,gmina,Liszki,powiat krakowski,5832
20,Wskaźnik dostępności bibliotek,2020,gmina,Michałowice,powiat krakowski,3636
20,Wskaźnik dostępności bibliotek,2020,gmina,Mogilany,powiat krakowski,7212
20,Wskaźnik dostępności bibliotek,2020,gmina,Skała,powiat krakowski,3518
20,Wskaźnik dostępności bibliotek,2020,gmina,Skawina,powiat krakowski,2303
20,Wskaźnik dostępności bibliotek,2020,gmina,Słomniki,powiat krakowski,3389
20,Wskaźnik dostępności bibliotek,2020,gmina,Sułoszowa,powiat krakowski,2904
20,Wskaźnik dostępności bibliotek,2020,gmina,Świątniki Górne,powiat krakowski,5151
20,Wskaźnik dostępności bibliotek,2020,gmina,Wielka Wieś,powiat krakowski,6581
20,Wskaźnik dostępności bibliotek,2020,gmina,Zabierzów,powiat krakowski,6766
20,Wskaźnik dostępności bibliotek,2020,gmina,Zielonki,powiat krakowski,5923
20,Wskaźnik dostępności bibliotek,2020,powiat,powiat limanowski,powiat limanowski,3671
20,Wskaźnik dostępności bibliotek,2020,gmina,Dobra,powiat limanowski,3346
20,Wskaźnik dostępności bibliotek,2020,gmina,Jodłownik,powiat limanowski,1743
20,Wskaźnik dostępności bibliotek,2020,gmina,Kamienica,powiat limanowski,2628
20,Wskaźnik dostępności bibliotek,2020,gmina,Laskowa,powiat limanowski,4098
20,Wskaźnik dostępności bibliotek,2020,gmina,Limanowa (miasto),powiat limanowski,15067
20,Wskaźnik dostępności bibliotek,2020,gmina,Limanowa (wieś),powiat limanowski,3225
20,Wskaźnik dostępności bibliotek,2020,gmina,Łukowica,powiat limanowski,5067
20,Wskaźnik dostępności bibliotek,2020,gmina,Mszana Dolna (miasto),powiat limanowski,7899
20,Wskaźnik dostępności bibliotek,2020,gmina,Mszana Dolna (wieś),powiat limanowski,2202
20,Wskaźnik dostępności bibliotek,2020,gmina,Niedźwiedź,powiat limanowski,7379
20,Wskaźnik dostępności bibliotek,2020,gmina,Słopnice,powiat limanowski,6815
20,Wskaźnik dostępności bibliotek,2020,gmina,Tymbark,powiat limanowski,6608
20,Wskaźnik dostępności bibliotek,2020,powiat,powiat m. Kraków,powiat m. Kraków,10985
20,Wskaźnik dostępności bibliotek,2020,powiat,powiat m. Nowy Sącz,powiat m. Nowy Sącz,10445
20,Wskaźnik dostępności bibliotek,2020,powiat,powiat m. Tarnów,powiat m. Tarnów,7678
20,Wskaźnik dostępności bibliotek,2020,powiat,powiat miechowski,powiat miechowski,4039
20,Wskaźnik dostępności bibliotek,2020,gmina,Charsznica,powiat miechowski,7377
20,Wskaźnik dostępności bibliotek,2020,gmina,Gołcza,powiat miechowski,3017
20,Wskaźnik dostępności bibliotek,2020,gmina,Kozłów,powiat miechowski,4557
20,Wskaźnik dostępności bibliotek,2020,gmina,Książ Wielki,powiat miechowski,5030
20,Wskaźnik dostępności bibliotek,2020,gmina,Miechów,powiat miechowski,3899
20,Wskaźnik dostępności bibliotek,2020,gmina,Racławice,powiat miechowski,2485
20,Wskaźnik dostępności bibliotek,2020,gmina,Słaboszów,powiat miechowski,3487
20,Wskaźnik dostępności bibliotek,2020,powiat,powiat myślenicki,powiat myślenicki,6094
20,Wskaźnik dostępności bibliotek,2020,gmina,Dobczyce,powiat myślenicki,15346
20,Wskaźnik dostępności bibliotek,2020,gmina,Lubień,powiat myślenicki,2520
20,Wskaźnik dostępności bibliotek,2020,gmina,Myślenice,powiat myślenicki,8904
20,Wskaźnik dostępności bibliotek,2020,gmina,Pcim,powiat myślenicki,5574
20,Wskaźnik dostępności bibliotek,2020,gmina,Raciechowice,powiat myślenicki,6471
20,Wskaźnik dostępności bibliotek,2020,gmina,Siepraw,powiat myślenicki,9070
20,Wskaźnik dostępności bibliotek,2020,gmina,Sułkowice,powiat myślenicki,3765
20,Wskaźnik dostępności bibliotek,2020,gmina,Tokarnia,powiat myślenicki,8860
20,Wskaźnik dostępności bibliotek,2020,gmina,Wiśniowa,powiat myślenicki,3709
20,Wskaźnik dostępności bibliotek,2020,powiat,powiat nowosądecki,powiat nowosądecki,3947
20,Wskaźnik dostępności bibliotek,2020,gmina,Podegrodzie,powiat nowosądecki,3348
20,Wskaźnik dostępności bibliotek,2020,gmina,Rytro,powiat nowosądecki,3752
20,Wskaźnik dostępności bibliotek,2020,gmina,Stary Sącz,powiat nowosądecki,4759
20,Wskaźnik dostępności bibliotek,2020,gmina,Chełmiec,powiat nowosądecki,28959
20,Wskaźnik dostępności bibliotek,2020,gmina,Gródek nad Dunajcem,powiat nowosądecki,4622
20,Wskaźnik dostępności bibliotek,2020,gmina,Grybów (miasto),powiat nowosądecki,5986
20,Wskaźnik dostępności bibliotek,2020,gmina,Grybów (wieś),powiat nowosądecki,2562
20,Wskaźnik dostępności bibliotek,2020,gmina,Kamionka Wielka,powiat nowosądecki,3495
20,Wskaźnik dostępności bibliotek,2020,gmina,Korzenna,powiat nowosądecki,2078
20,Wskaźnik dostępności bibliotek,2020,gmina,Krynica-Zdrój,powiat nowosądecki,3319
20,Wskaźnik dostępności bibliotek,2020,gmina,Łabowa,powiat nowosądecki,3058
20,Wskaźnik dostępności bibliotek,2020,gmina,Łącko,powiat nowosądecki,4145
20,Wskaźnik dostępności bibliotek,2020,gmina,Łososina Dolna,powiat nowosądecki,5583
20,Wskaźnik dostępności bibliotek,2020,gmina,Muszyna,powiat nowosądecki,3845
20,Wskaźnik dostępności bibliotek,2020,gmina,Nawojowa,powiat nowosądecki,2929
20,Wskaźnik dostępności bibliotek,2020,gmina,Piwniczna-Zdrój,powiat nowosądecki,5260
20,Wskaźnik dostępności bibliotek,2020,powiat,powiat nowotarski,powiat nowotarski,3422
20,Wskaźnik dostępności bibliotek,2020,gmina,Czarny Dunajec,powiat nowotarski,2510
20,Wskaźnik dostępności bibliotek,2020,gmina,Czorsztyn,powiat nowotarski,1277
20,Wskaźnik dostępności bibliotek,2020,gmina,Jabłonka,powiat nowotarski,3120
20,Wskaźnik dostępności bibliotek,2020,gmina,Krościenko nad Dunajcem,powiat nowotarski,3375
20,Wskaźnik dostępności bibliotek,2020,gmina,Lipnica Wielka,powiat nowotarski,6012
20,Wskaźnik dostępności bibliotek,2020,gmina,Łapsze Niżne,powiat nowotarski,1871
20,Wskaźnik dostępności bibliotek,2020,gmina,Nowy Targ (miasto),powiat nowotarski,11086
20,Wskaźnik dostępności bibliotek,2020,gmina,Nowy Targ (wieś),powiat nowotarski,1856
20,Wskaźnik dostępności bibliotek,2020,gmina,Ochotnica Dolna,powiat nowotarski,2834
20,Wskaźnik dostępności bibliotek,2020,gmina,Raba Wyżna,powiat nowotarski,4930
20,Wskaźnik dostępności bibliotek,2020,gmina,Rabka-Zdrój,powiat nowotarski,16987
20,Wskaźnik dostępności bibliotek,2020,gmina,Spytkowice,powiat nowotarski,4626
20,Wskaźnik dostępności bibliotek,2020,gmina,Szaflary,powiat nowotarski,5558
20,Wskaźnik dostępności bibliotek,2020,gmina,Szczawnica,powiat nowotarski,7145
20,Wskaźnik dostępności bibliotek,2020,powiat,powiat olkuski,powiat olkuski,4249
20,Wskaźnik dostępności bibliotek,2020,gmina,Bolesław,powiat olkuski,1545
20,Wskaźnik dostępności bibliotek,2020,gmina,Bukowno,powiat olkuski,2494
20,Wskaźnik dostępności bibliotek,2020,gmina,Klucze,powiat olkuski,4970
20,Wskaźnik dostępności bibliotek,2020,gmina,Olkusz,powiat olkuski,6026
20,Wskaźnik dostępności bibliotek,2020,gmina,Trzyciąż,powiat olkuski,3520
20,Wskaźnik dostępności bibliotek,2020,gmina,Wolbrom,powiat olkuski,5654
20,Wskaźnik dostępności bibliotek,2020,powiat,powiat oświęcimski,powiat oświęcimski,4925
20,Wskaźnik dostępności bibliotek,2020,gmina,Brzeszcze,powiat oświęcimski,3517
20,Wskaźnik dostępności bibliotek,2020,gmina,Chełmek,powiat oświęcimski,3209
20,Wskaźnik dostępności bibliotek,2020,gmina,Kęty,powiat oświęcimski,6798
20,Wskaźnik dostępności bibliotek,2020,gmina,Osiek,powiat oświęcimski,4136
20,Wskaźnik dostępności bibliotek,2020,gmina,Oświęcim (miasto),powiat oświęcimski,37569
20,Wskaźnik dostępności bibliotek,2020,gmina,Oświęcim (wieś),powiat oświęcimski,3105
20,Wskaźnik dostępności bibliotek,2020,gmina,Polanka Wielka,powiat oświęcimski,4318
20,Wskaźnik dostępności bibliotek,2020,gmina,Przeciszów,powiat oświęcimski,3370
20,Wskaźnik dostępności bibliotek,2020,gmina,Zator,powiat oświęcimski,2308
20,Wskaźnik dostępności bibliotek,2020,powiat,powiat proszowicki,powiat proszowicki,3914
20,Wskaźnik dostępności bibliotek,2020,gmina,Koniusza,powiat proszowicki,4494
20,Wskaźnik dostępności bibliotek,2020,gmina,Koszyce,powiat proszowicki,5400
20,Wskaźnik dostępności bibliotek,2020,gmina,Nowe Brzesko,powiat proszowicki,5676
20,Wskaźnik dostępności bibliotek,2020,gmina,Pałecznica,powiat proszowicki,3568
20,Wskaźnik dostępności bibliotek,2020,gmina,Proszowice,powiat proszowicki,4024
20,Wskaźnik dostępności bibliotek,2020,gmina,Radziemice,powiat proszowicki,1665
20,Wskaźnik dostępności bibliotek,2020,powiat,powiat suski,powiat suski,2702
20,Wskaźnik dostępności bibliotek,2020,gmina,Budzów,powiat suski,1484
20,Wskaźnik dostępności bibliotek,2020,gmina,Bystra-Sidzina,powiat suski,3448
20,Wskaźnik dostępności bibliotek,2020,gmina,Jordanów (miasto),powiat suski,5152
20,Wskaźnik dostępności bibliotek,2020,gmina,Jordanów (wieś),powiat suski,2248
20,Wskaźnik dostępności bibliotek,2020,gmina,Maków Podhalański,powiat suski,2659
20,Wskaźnik dostępności bibliotek,2020,gmina,Stryszawa,powiat suski,11926
20,Wskaźnik dostępności bibliotek,2020,gmina,Sucha Beskidzka,powiat suski,3015
20,Wskaźnik dostępności bibliotek,2020,gmina,Zawoja,powiat suski,3013
20,Wskaźnik dostępności bibliotek,2020,gmina,Zembrzyce,powiat suski,1403
20,Wskaźnik dostępności bibliotek,2020,powiat,powiat tarnowski,powiat tarnowski,3299
20,Wskaźnik dostępności bibliotek,2020,gmina,Ciężkowice,powiat tarnowski,3746
20,Wskaźnik dostępności bibliotek,2020,gmina,Gromnik,powiat tarnowski,2238
20,Wskaźnik dostępności bibliotek,2020,gmina,Lisia Góra,powiat tarnowski,3858
20,Wskaźnik dostępności bibliotek,2020,gmina,Pleśna,powiat tarnowski,2386
20,Wskaźnik dostępności bibliotek,2020,gmina,Radłów,powiat tarnowski,2401
20,Wskaźnik dostępności bibliotek,2020,gmina,Ryglice,powiat tarnowski,3874
20,Wskaźnik dostępności bibliotek,2020,gmina,Rzepiennik Strzyżewski,powiat tarnowski,1688
20,Wskaźnik dostępności bibliotek,2020,gmina,Skrzyszów,powiat tarnowski,3582
20,Wskaźnik dostępności bibliotek,2020,gmina,Szerzyny,powiat tarnowski,1972
20,Wskaźnik dostępności bibliotek,2020,gmina,Tarnów (wieś),powiat tarnowski,13112
20,Wskaźnik dostępności bibliotek,2020,gmina,Tuchów,powiat tarnowski,5936
20,Wskaźnik dostępności bibliotek,2020,gmina,Wierzchosławice,powiat tarnowski,2159
20,Wskaźnik dostępności bibliotek,2020,gmina,Wietrzychowice,powiat tarnowski,1962
20,Wskaźnik dostępności bibliotek,2020,gmina,Wojnicz,powiat tarnowski,3335
20,Wskaźnik dostępności bibliotek,2020,gmina,Zakliczyn,powiat tarnowski,3134
20,Wskaźnik dostępności bibliotek,2020,gmina,Żabno,powiat tarnowski,3144
20,Wskaźnik dostępności bibliotek,2020,powiat,powiat tatrzański,powiat tatrzański,3781
20,Wskaźnik dostępności bibliotek,2020,gmina,Biały Dunajec,powiat tatrzański,3583
20,Wskaźnik dostępności bibliotek,2020,gmina,Bukowina Tatrzańska,powiat tatrzański,2691
20,Wskaźnik dostępności bibliotek,2020,gmina,Kościelisko,powiat tatrzański,2956
20,Wskaźnik dostępności bibliotek,2020,gmina,Poronin,powiat tatrzański,2929
20,Wskaźnik dostępności bibliotek,2020,gmina,Zakopane,powiat tatrzański,6712
20,Wskaźnik dostępności bibliotek,2020,powiat,powiat wadowicki,powiat wadowicki,3713
20,Wskaźnik dostępności bibliotek,2020,gmina,Andrychów,powiat wadowicki,6184
20,Wskaźnik dostępności bibliotek,2020,gmina,Brzeźnica,powiat wadowicki,1754
20,Wskaźnik dostępności bibliotek,2020,gmina,Kalwaria Zebrzydowska,powiat wadowicki,4004
20,Wskaźnik dostępności bibliotek,2020,gmina,Lanckorona,powiat wadowicki,1556
20,Wskaźnik dostępności bibliotek,2020,gmina,Mucharz,powiat wadowicki,1034
20,Wskaźnik dostępności bibliotek,2020,gmina,Spytkowice,powiat wadowicki,3437
20,Wskaźnik dostępności bibliotek,2020,gmina,Stryszów,powiat wadowicki,2283
20,Wskaźnik dostępności bibliotek,2020,gmina,Tomice,powiat wadowicki,2741
20,Wskaźnik dostępności bibliotek,2020,gmina,Wadowice,powiat wadowicki,9396
20,Wskaźnik dostępności bibliotek,2020,gmina,Wieprz,powiat wadowicki,3126
20,Wskaźnik dostępności bibliotek,2020,powiat,powiat wielicki,powiat wielicki,6533
20,Wskaźnik dostępności bibliotek,2020,gmina,Biskupice,powiat wielicki,10556
20,Wskaźnik dostępności bibliotek,2020,gmina,Gdów,powiat wielicki,9194
20,Wskaźnik dostępności bibliotek,2020,gmina,Kłaj,powiat wielicki,3612
20,Wskaźnik dostępności bibliotek,2020,gmina,Niepołomice,powiat wielicki,5928
20,Wskaźnik dostępności bibliotek,2020,gmina,Wieliczka,powiat wielicki,6804
20,Wskaźnik dostępności bibliotek,2019,powiat,powiat bocheński,powiat bocheński,2812
20,Wskaźnik dostępności bibliotek,2019,gmina,Bochnia (miasto),powiat bocheński,4245
20,Wskaźnik dostępności bibliotek,2019,gmina,Bochnia (wieś),powiat bocheński,2225
20,Wskaźnik dostępności bibliotek,2019,gmina,Drwinia,powiat bocheński,2178
20,Wskaźnik dostępności bibliotek,2019,gmina,Lipnica Murowana,powiat bocheński,2830
20,Wskaźnik dostępności bibliotek,2019,gmina,Łapanów,powiat bocheński,2049
20,Wskaźnik dostępności bibliotek,2019,gmina,Nowy Wiśnicz,powiat bocheński,4726
20,Wskaźnik dostępności bibliotek,2019,gmina,Rzezawa,powiat bocheński,2837
20,Wskaźnik dostępności bibliotek,2019,gmina,Trzciana,powiat bocheński,1410
20,Wskaźnik dostępności bibliotek,2019,gmina,Żegocina,powiat bocheński,2780
20,Wskaźnik dostępności bibliotek,2019,powiat,powiat brzeski,powiat brzeski,3329
20,Wskaźnik dostępności bibliotek,2019,gmina,Borzęcin,powiat brzeski,2779
20,Wskaźnik dostępności bibliotek,2019,gmina,Brzesko,powiat brzeski,6049
20,Wskaźnik dostępności bibliotek,2019,gmina,Czchów,powiat brzeski,3276
20,Wskaźnik dostępności bibliotek,2019,gmina,Dębno,powiat brzeski,2949
20,Wskaźnik dostępności bibliotek,2019,gmina,Gnojnik,powiat brzeski,2676
20,Wskaźnik dostępności bibliotek,2019,gmina,Iwkowa,powiat brzeski,3242
20,Wskaźnik dostępności bibliotek,2019,gmina,Szczurowa,powiat brzeski,1581
20,Wskaźnik dostępności bibliotek,2019,powiat,powiat chrzanowski,powiat chrzanowski,3459
20,Wskaźnik dostępności bibliotek,2019,gmina,Alwernia,powiat chrzanowski,2088
20,Wskaźnik dostępności bibliotek,2019,gmina,Babice,powiat chrzanowski,1819
20,Wskaźnik dostępności bibliotek,2019,gmina,Chrzanów,powiat chrzanowski,5848
20,Wskaźnik dostępności bibliotek,2019,gmina,Libiąż,powiat chrzanowski,5586
20,Wskaźnik dostępności bibliotek,2019,gmina,Trzebinia,powiat chrzanowski,2599
20,Wskaźnik dostępności bibliotek,2019,powiat,powiat dąbrowski,powiat dąbrowski,3114
20,Wskaźnik dostępności bibliotek,2019,gmina,Bolesław,powiat dąbrowski,2607
20,Wskaźnik dostępności bibliotek,2019,gmina,Dąbrowa Tarnowska,powiat dąbrowski,4251
20,Wskaźnik dostępności bibliotek,2019,gmina,Gręboszów,powiat dąbrowski,3333
20,Wskaźnik dostępności bibliotek,2019,gmina,Mędrzechów,powiat dąbrowski,1717
20,Wskaźnik dostępności bibliotek,2019,gmina,Olesno,powiat dąbrowski,2655
20,Wskaźnik dostępności bibliotek,2019,gmina,Radgoszcz,powiat dąbrowski,7424
20,Wskaźnik dostępności bibliotek,2019,gmina,Szczucin,powiat dąbrowski,2193
20,Wskaźnik dostępności bibliotek,2019,powiat,powiat gorlicki,powiat gorlicki,3403
20,Wskaźnik dostępności bibliotek,2019,gmina,Biecz,powiat gorlicki,3362
20,Wskaźnik dostępności bibliotek,2019,gmina,Bobowa,powiat gorlicki,3266
20,Wskaźnik dostępności bibliotek,2019,gmina,Gorlice (miasto),powiat gorlicki,6839
20,Wskaźnik dostępności bibliotek,2019,gmina,Gorlice (wieś),powiat gorlicki,3456
20,Wskaźnik dostępności bibliotek,2019,gmina,Lipinki,powiat gorlicki,2264
20,Wskaźnik dostępności bibliotek,2019,gmina,Łużna,powiat gorlicki,2845
20,Wskaźnik dostępności bibliotek,2019,gmina,Moszczenica,powiat gorlicki,2492
20,Wskaźnik dostępności bibliotek,2019,gmina,Ropa,powiat gorlicki,2754
20,Wskaźnik dostępności bibliotek,2019,gmina,Sękowa,powiat gorlicki,4980
20,Wskaźnik dostępności bibliotek,2019,gmina,Uście Gorlickie,powiat gorlicki,1712
20,Wskaźnik dostępności bibliotek,2019,powiat,powiat krakowski,powiat krakowski,3723
20,Wskaźnik dostępności bibliotek,2019,gmina,Czernichów,powiat krakowski,2942
20,Wskaźnik dostępności bibliotek,2019,gmina,Igołomia-Wawrzeńczyce,powiat krakowski,2566
20,Wskaźnik dostępności bibliotek,2019,gmina,Iwanowice,powiat krakowski,3055
20,Wskaźnik dostępności bibliotek,2019,gmina,Jerzmanowice-Przeginia,powiat krakowski,2741
20,Wskaźnik dostępności bibliotek,2019,gmina,Kocmyrzów-Luborzyca,powiat krakowski,5259
20,Wskaźnik dostępności bibliotek,2019,gmina,Krzeszowice,powiat krakowski,3570
20,Wskaźnik dostępności bibliotek,2019,gmina,Liszki,powiat krakowski,5816
20,Wskaźnik dostępności bibliotek,2019,gmina,Michałowice,powiat krakowski,3587
20,Wskaźnik dostępności bibliotek,2019,gmina,Mogilany,powiat krakowski,7117
20,Wskaźnik dostępności bibliotek,2019,gmina,Skała,powiat krakowski,3526
20,Wskaźnik dostępności bibliotek,2019,gmina,Skawina,powiat krakowski,2294
20,Wskaźnik dostępności bibliotek,2019,gmina,Słomniki,powiat krakowski,3410
20,Wskaźnik dostępności bibliotek,2019,gmina,Sułoszowa,powiat krakowski,2918
20,Wskaźnik dostępności bibliotek,2019,gmina,Świątniki Górne,powiat krakowski,5098
20,Wskaźnik dostępności bibliotek,2019,gmina,Wielka Wieś,powiat krakowski,6361
20,Wskaźnik dostępności bibliotek,2019,gmina,Zabierzów,powiat krakowski,6677
20,Wskaźnik dostępności bibliotek,2019,gmina,Zielonki,powiat krakowski,5773
20,Wskaźnik dostępności bibliotek,2019,powiat,powiat limanowski,powiat limanowski,3660
20,Wskaźnik dostępności bibliotek,2019,gmina,Dobra,powiat limanowski,3328
20,Wskaźnik dostępności bibliotek,2019,gmina,Jodłownik,powiat limanowski,1738
20,Wskaźnik dostępności bibliotek,2019,gmina,Kamienica,powiat limanowski,2617
20,Wskaźnik dostępności bibliotek,2019,gmina,Laskowa,powiat limanowski,4103
20,Wskaźnik dostępności bibliotek,2019,gmina,Limanowa (miasto),powiat limanowski,15162
20,Wskaźnik dostępności bibliotek,2019,gmina,Limanowa (wieś),powiat limanowski,3201
20,Wskaźnik dostępności bibliotek,2019,gmina,Łukowica,powiat limanowski,5031
20,Wskaźnik dostępności bibliotek,2019,gmina,Mszana Dolna (miasto),powiat limanowski,7889
20,Wskaźnik dostępności bibliotek,2019,gmina,Mszana Dolna (wieś),powiat limanowski,2203
20,Wskaźnik dostępności bibliotek,2019,gmina,Niedźwiedź,powiat limanowski,7337
20,Wskaźnik dostępności bibliotek,2019,gmina,Słopnice,powiat limanowski,6764
20,Wskaźnik dostępności bibliotek,2019,gmina,Tymbark,powiat limanowski,6591
20,Wskaźnik dostępności bibliotek,2019,powiat,powiat m. Kraków,powiat m. Kraków,11292
20,Wskaźnik dostępności bibliotek,2019,powiat,powiat m. Nowy Sącz,powiat m. Nowy Sącz,10474
20,Wskaźnik dostępności bibliotek,2019,powiat,powiat m. Tarnów,powiat m. Tarnów,7231
20,Wskaźnik dostępności bibliotek,2019,powiat,powiat miechowski,powiat miechowski,4068
20,Wskaźnik dostępności bibliotek,2019,gmina,Charsznica,powiat miechowski,7441
20,Wskaźnik dostępności bibliotek,2019,gmina,Gołcza,powiat miechowski,3024
20,Wskaźnik dostępności bibliotek,2019,gmina,Kozłów,powiat miechowski,4582
20,Wskaźnik dostępności bibliotek,2019,gmina,Książ Wielki,powiat miechowski,5073
20,Wskaźnik dostępności bibliotek,2019,gmina,Miechów,powiat miechowski,3929
20,Wskaźnik dostępności bibliotek,2019,gmina,Racławice,powiat miechowski,2508
20,Wskaźnik dostępności bibliotek,2019,gmina,Słaboszów,powiat miechowski,3522
20,Wskaźnik dostępności bibliotek,2019,powiat,powiat myślenicki,powiat myślenicki,6076
20,Wskaźnik dostępności bibliotek,2019,gmina,Dobczyce,powiat myślenicki,15321
20,Wskaźnik dostępności bibliotek,2019,gmina,Lubień,powiat myślenicki,2519
20,Wskaźnik dostępności bibliotek,2019,gmina,Myślenice,powiat myślenicki,8889
20,Wskaźnik dostępności bibliotek,2019,gmina,Pcim,powiat myślenicki,5566
20,Wskaźnik dostępności bibliotek,2019,gmina,Raciechowice,powiat myślenicki,6413
20,Wskaźnik dostępności bibliotek,2019,gmina,Siepraw,powiat myślenicki,9001
20,Wskaźnik dostępności bibliotek,2019,gmina,Sułkowice,powiat myślenicki,3746
20,Wskaźnik dostępności bibliotek,2019,gmina,Tokarnia,powiat myślenicki,8820
20,Wskaźnik dostępności bibliotek,2019,gmina,Wiśniowa,powiat myślenicki,3706
20,Wskaźnik dostępności bibliotek,2019,powiat,powiat nowosądecki,powiat nowosądecki,3942
20,Wskaźnik dostępności bibliotek,2019,gmina,Podegrodzie,powiat nowosądecki,3320
20,Wskaźnik dostępności bibliotek,2019,gmina,Rytro,powiat nowosądecki,3777
20,Wskaźnik dostępności bibliotek,2019,gmina,Stary Sącz,powiat nowosądecki,4760
20,Wskaźnik dostępności bibliotek,2019,gmina,Chełmiec,powiat nowosądecki,28834
20,Wskaźnik dostępności bibliotek,2019,gmina,Gródek nad Dunajcem,powiat nowosądecki,4626
20,Wskaźnik dostępności bibliotek,2019,gmina,Grybów (miasto),powiat nowosądecki,6026
20,Wskaźnik dostępności bibliotek,2019,gmina,Grybów (wieś),powiat nowosądecki,2558
20,Wskaźnik dostępności bibliotek,2019,gmina,Kamionka Wielka,powiat nowosądecki,3477
20,Wskaźnik dostępności bibliotek,2019,gmina,Korzenna,powiat nowosądecki,2071
20,Wskaźnik dostępności bibliotek,2019,gmina,Krynica-Zdrój,powiat nowosądecki,3336
20,Wskaźnik dostępności bibliotek,2019,gmina,Łabowa,powiat nowosądecki,3045
20,Wskaźnik dostępności bibliotek,2019,gmina,Łącko,powiat nowosądecki,4131
20,Wskaźnik dostępności bibliotek,2019,gmina,Łososina Dolna,powiat nowosądecki,5572
20,Wskaźnik dostępności bibliotek,2019,gmina,Muszyna,powiat nowosądecki,3855
20,Wskaźnik dostępności bibliotek,2019,gmina,Nawojowa,powiat nowosądecki,2910
20,Wskaźnik dostępności bibliotek,2019,gmina,Piwniczna-Zdrój,powiat nowosądecki,5294
20,Wskaźnik dostępności bibliotek,2019,powiat,powiat nowotarski,powiat nowotarski,3425
20,Wskaźnik dostępności bibliotek,2019,gmina,Czarny Dunajec,powiat nowotarski,2514
20,Wskaźnik dostępności bibliotek,2019,gmina,Czorsztyn,powiat nowotarski,1277
20,Wskaźnik dostępności bibliotek,2019,gmina,Jabłonka,powiat nowotarski,3111
20,Wskaźnik dostępności bibliotek,2019,gmina,Krościenko nad Dunajcem,powiat nowotarski,3401
20,Wskaźnik dostępności bibliotek,2019,gmina,Lipnica Wielka,powiat nowotarski,6015
20,Wskaźnik dostępności bibliotek,2019,gmina,Łapsze Niżne,powiat nowotarski,1876
20,Wskaźnik dostępności bibliotek,2019,gmina,Nowy Targ (miasto),powiat nowotarski,11098
20,Wskaźnik dostępności bibliotek,2019,gmina,Nowy Targ (wieś),powiat nowotarski,1852
20,Wskaźnik dostępności bibliotek,2019,gmina,Ochotnica Dolna,powiat nowotarski,2838
20,Wskaźnik dostępności bibliotek,2019,gmina,Raba Wyżna,powiat nowotarski,4917
20,Wskaźnik dostępności bibliotek,2019,gmina,Rabka-Zdrój,powiat nowotarski,17091
20,Wskaźnik dostępności bibliotek,2019,gmina,Spytkowice,powiat nowotarski,4609
20,Wskaźnik dostępności bibliotek,2019,gmina,Szaflary,powiat nowotarski,5552
20,Wskaźnik dostępności bibliotek,2019,gmina,Szczawnica,powiat nowotarski,7204
20,Wskaźnik dostępności bibliotek,2019,powiat,powiat olkuski,powiat olkuski,4119
20,Wskaźnik dostępności bibliotek,2019,gmina,Bolesław,powiat olkuski,1549
20,Wskaźnik dostępności bibliotek,2019,gmina,Bukowno,powiat olkuski,2527
20,Wskaźnik dostępności bibliotek,2019,gmina,Klucze,powiat olkuski,4991
20,Wskaźnik dostępności bibliotek,2019,gmina,Olkusz,powiat olkuski,5400
20,Wskaźnik dostępności bibliotek,2019,gmina,Trzyciąż,powiat olkuski,3520
20,Wskaźnik dostępności bibliotek,2019,gmina,Wolbrom,powiat olkuski,5688
20,Wskaźnik dostępności bibliotek,2019,powiat,powiat oświęcimski,powiat oświęcimski,4951
20,Wskaźnik dostępności bibliotek,2019,gmina,Brzeszcze,powiat oświęcimski,3536
20,Wskaźnik dostępności bibliotek,2019,gmina,Chełmek,powiat oświęcimski,3248
20,Wskaźnik dostępności bibliotek,2019,gmina,Kęty,powiat oświęcimski,6831
20,Wskaźnik dostępności bibliotek,2019,gmina,Osiek,powiat oświęcimski,4112
20,Wskaźnik dostępności bibliotek,2019,gmina,Oświęcim (miasto),powiat oświęcimski,38005
20,Wskaźnik dostępności bibliotek,2019,gmina,Oświęcim (wieś),powiat oświęcimski,3084
20,Wskaźnik dostępności bibliotek,2019,gmina,Polanka Wielka,powiat oświęcimski,4313
20,Wskaźnik dostępności bibliotek,2019,gmina,Przeciszów,powiat oświęcimski,3381
20,Wskaźnik dostępności bibliotek,2019,gmina,Zator,powiat oświęcimski,2329
20,Wskaźnik dostępności bibliotek,2019,powiat,powiat proszowicki,powiat proszowicki,3929
20,Wskaźnik dostępności bibliotek,2019,gmina,Koniusza,powiat proszowicki,4504
20,Wskaźnik dostępności bibliotek,2019,gmina,Koszyce,powiat proszowicki,5454
20,Wskaźnik dostępności bibliotek,2019,gmina,Nowe Brzesko,powiat proszowicki,5712
20,Wskaźnik dostępności bibliotek,2019,gmina,Pałecznica,powiat proszowicki,3568
20,Wskaźnik dostępności bibliotek,2019,gmina,Proszowice,powiat proszowicki,4035
20,Wskaźnik dostępności bibliotek,2019,gmina,Radziemice,powiat proszowicki,1671
20,Wskaźnik dostępności bibliotek,2019,powiat,powiat suski,powiat suski,2717
20,Wskaźnik dostępności bibliotek,2019,gmina,Budzów,powiat suski,1491
20,Wskaźnik dostępności bibliotek,2019,gmina,Bystra-Sidzina,powiat suski,3460
20,Wskaźnik dostępności bibliotek,2019,gmina,Jordanów (miasto),powiat suski,5366
20,Wskaźnik dostępności bibliotek,2019,gmina,Jordanów (wieś),powiat suski,2236
20,Wskaźnik dostępności bibliotek,2019,gmina,Maków Podhalański,powiat suski,2680
20,Wskaźnik dostępności bibliotek,2019,gmina,Stryszawa,powiat suski,11940
20,Wskaźnik dostępności bibliotek,2019,gmina,Sucha Beskidzka,powiat suski,3029
20,Wskaźnik dostępności bibliotek,2019,gmina,Zawoja,powiat suski,3029
20,Wskaźnik dostępności bibliotek,2019,gmina,Zembrzyce,powiat suski,1408
20,Wskaźnik dostępności bibliotek,2019,powiat,powiat tarnowski,powiat tarnowski,3198
20,Wskaźnik dostępności bibliotek,2019,gmina,Ciężkowice,powiat tarnowski,3736
20,Wskaźnik dostępności bibliotek,2019,gmina,Gromnik,powiat tarnowski,2231
20,Wskaźnik dostępności bibliotek,2019,gmina,Lisia Góra,powiat tarnowski,2567
20,Wskaźnik dostępności bibliotek,2019,gmina,Pleśna,powiat tarnowski,2389
20,Wskaźnik dostępności bibliotek,2019,gmina,Radłów,powiat tarnowski,2417
20,Wskaźnik dostępności bibliotek,2019,gmina,Ryglice,powiat tarnowski,3884
20,Wskaźnik dostępności bibliotek,2019,gmina,Rzepiennik Strzyżewski,powiat tarnowski,1685
20,Wskaźnik dostępności bibliotek,2019,gmina,Skrzyszów,powiat tarnowski,3576
20,Wskaźnik dostępności bibliotek,2019,gmina,Szerzyny,powiat tarnowski,1986
20,Wskaźnik dostępności bibliotek,2019,gmina,Tarnów (wieś),powiat tarnowski,13101
20,Wskaźnik dostępności bibliotek,2019,gmina,Tuchów,powiat tarnowski,5972
20,Wskaźnik dostępności bibliotek,2019,gmina,Wierzchosławice,powiat tarnowski,2171
20,Wskaźnik dostępności bibliotek,2019,gmina,Wietrzychowice,powiat tarnowski,1969
20,Wskaźnik dostępności bibliotek,2019,gmina,Wojnicz,powiat tarnowski,3361
20,Wskaźnik dostępności bibliotek,2019,gmina,Zakliczyn,powiat tarnowski,3122
20,Wskaźnik dostępności bibliotek,2019,gmina,Żabno,powiat tarnowski,3146
20,Wskaźnik dostępności bibliotek,2019,powiat,powiat tatrzański,powiat tatrzański,3782
20,Wskaźnik dostępności bibliotek,2019,gmina,Biały Dunajec,powiat tatrzański,3590
20,Wskaźnik dostępności bibliotek,2019,gmina,Bukowina Tatrzańska,powiat tatrzański,2677
20,Wskaźnik dostępności bibliotek,2019,gmina,Kościelisko,powiat tatrzański,2949
20,Wskaźnik dostępności bibliotek,2019,gmina,Poronin,powiat tatrzański,2913
20,Wskaźnik dostępności bibliotek,2019,gmina,Zakopane,powiat tatrzański,6753
20,Wskaźnik dostępności bibliotek,2019,powiat,powiat wadowicki,powiat wadowicki,3556
20,Wskaźnik dostępności bibliotek,2019,gmina,Andrychów,powiat wadowicki,6211
20,Wskaźnik dostępności bibliotek,2019,gmina,Brzeźnica,powiat wadowicki,1738
20,Wskaźnik dostępności bibliotek,2019,gmina,Kalwaria Zebrzydowska,powiat wadowicki,4002
20,Wskaźnik dostępności bibliotek,2019,gmina,Lanckorona,powiat wadowicki,1561
20,Wskaźnik dostępności bibliotek,2019,gmina,Mucharz,powiat wadowicki,1031
20,Wskaźnik dostępności bibliotek,2019,gmina,Spytkowice,powiat wadowicki,3455
20,Wskaźnik dostępności bibliotek,2019,gmina,Stryszów,powiat wadowicki,2288
20,Wskaźnik dostępności bibliotek,2019,gmina,Tomice,powiat wadowicki,2044
20,Wskaźnik dostępności bibliotek,2019,gmina,Wadowice,powiat wadowicki,7578
20,Wskaźnik dostępności bibliotek,2019,gmina,Wieprz,powiat wadowicki,3108
20,Wskaźnik dostępności bibliotek,2019,powiat,powiat wielicki,powiat wielicki,6457
20,Wskaźnik dostępności bibliotek,2019,gmina,Biskupice,powiat wielicki,10450
20,Wskaźnik dostępności bibliotek,2019,gmina,Gdów,powiat wielicki,9148
20,Wskaźnik dostępności bibliotek,2019,gmina,Kłaj,powiat wielicki,3589
20,Wskaźnik dostępności bibliotek,2019,gmina,Niepołomice,powiat wielicki,5828
20,Wskaźnik dostępności bibliotek,2019,gmina,Wieliczka,powiat wielicki,6720
20,Wskaźnik dostępności bibliotek,2018,powiat,powiat bocheński,powiat bocheński,2731
20,Wskaźnik dostępności bibliotek,2018,gmina,Bochnia (miasto),powiat bocheński,4275
20,Wskaźnik dostępności bibliotek,2018,gmina,Bochnia (wieś),powiat bocheński,2208
20,Wskaźnik dostępności bibliotek,2018,gmina,Drwinia,powiat bocheński,2172
20,Wskaźnik dostępności bibliotek,2018,gmina,Lipnica Murowana,powiat bocheński,2821
20,Wskaźnik dostępności bibliotek,2018,gmina,Łapanów,powiat bocheński,2035
20,Wskaźnik dostępności bibliotek,2018,gmina,Nowy Wiśnicz,powiat bocheński,4674
20,Wskaźnik dostępności bibliotek,2018,gmina,Rzezawa,powiat bocheński,2255
20,Wskaźnik dostępności bibliotek,2018,gmina,Trzciana,powiat bocheński,1396
20,Wskaźnik dostępności bibliotek,2018,gmina,Żegocina,powiat bocheński,2772
20,Wskaźnik dostępności bibliotek,2018,powiat,powiat brzeski,powiat brzeski,3214
20,Wskaźnik dostępności bibliotek,2018,gmina,Borzęcin,powiat brzeski,2095
20,Wskaźnik dostępności bibliotek,2018,gmina,Brzesko,powiat brzeski,6052
20,Wskaźnik dostępności bibliotek,2018,gmina,Czchów,powiat brzeski,3268
20,Wskaźnik dostępności bibliotek,2018,gmina,Dębno,powiat brzeski,2945
20,Wskaźnik dostępności bibliotek,2018,gmina,Gnojnik,powiat brzeski,2676
20,Wskaźnik dostępności bibliotek,2018,gmina,Iwkowa,powiat brzeski,3213
20,Wskaźnik dostępności bibliotek,2018,gmina,Szczurowa,powiat brzeski,1589
20,Wskaźnik dostępności bibliotek,2018,powiat,powiat chrzanowski,powiat chrzanowski,3483
20,Wskaźnik dostępności bibliotek,2018,gmina,Alwernia,powiat chrzanowski,2107
20,Wskaźnik dostępności bibliotek,2018,gmina,Babice,powiat chrzanowski,1829
20,Wskaźnik dostępności bibliotek,2018,gmina,Chrzanów,powiat chrzanowski,5896
20,Wskaźnik dostępności bibliotek,2018,gmina,Libiąż,powiat chrzanowski,5608
20,Wskaźnik dostępności bibliotek,2018,gmina,Trzebinia,powiat chrzanowski,2615
20,Wskaźnik dostępności bibliotek,2018,powiat,powiat dąbrowski,powiat dąbrowski,2968
20,Wskaźnik dostępności bibliotek,2018,gmina,Bolesław,powiat dąbrowski,2682
20,Wskaźnik dostępności bibliotek,2018,gmina,Dąbrowa Tarnowska,powiat dąbrowski,4257
20,Wskaźnik dostępności bibliotek,2018,gmina,Gręboszów,powiat dąbrowski,3368
20,Wskaźnik dostępności bibliotek,2018,gmina,Mędrzechów,powiat dąbrowski,1730
20,Wskaźnik dostępności bibliotek,2018,gmina,Olesno,powiat dąbrowski,2645
20,Wskaźnik dostępności bibliotek,2018,gmina,Radgoszcz,powiat dąbrowski,7439
20,Wskaźnik dostępności bibliotek,2018,gmina,Szczucin,powiat dąbrowski,1883
20,Wskaźnik dostępności bibliotek,2018,powiat,powiat gorlicki,powiat gorlicki,3410
20,Wskaźnik dostępności bibliotek,2018,gmina,Biecz,powiat gorlicki,3372
20,Wskaźnik dostępności bibliotek,2018,gmina,Bobowa,powiat gorlicki,3259
20,Wskaźnik dostępności bibliotek,2018,gmina,Gorlice (miasto),powiat gorlicki,6899
20,Wskaźnik dostępności bibliotek,2018,gmina,Gorlice (wieś),powiat gorlicki,3455
20,Wskaźnik dostępności bibliotek,2018,gmina,Lipinki,powiat gorlicki,2269
20,Wskaźnik dostępności bibliotek,2018,gmina,Łużna,powiat gorlicki,2838
20,Wskaźnik dostępności bibliotek,2018,gmina,Moszczenica,powiat gorlicki,2461
20,Wskaźnik dostępności bibliotek,2018,gmina,Ropa,powiat gorlicki,2749
20,Wskaźnik dostępności bibliotek,2018,gmina,Sękowa,powiat gorlicki,5017
20,Wskaźnik dostępności bibliotek,2018,gmina,Uście Gorlickie,powiat gorlicki,1709
20,Wskaźnik dostępności bibliotek,2018,powiat,powiat krakowski,powiat krakowski,3599
20,Wskaźnik dostępności bibliotek,2018,gmina,Czernichów,powiat krakowski,2917
20,Wskaźnik dostępności bibliotek,2018,gmina,Igołomia-Wawrzeńczyce,powiat krakowski,2575
20,Wskaźnik dostępności bibliotek,2018,gmina,Iwanowice,powiat krakowski,3045
20,Wskaźnik dostępności bibliotek,2018,gmina,Jerzmanowice-Przeginia,powiat krakowski,2734
20,Wskaźnik dostępności bibliotek,2018,gmina,Kocmyrzów-Luborzyca,powiat krakowski,5192
20,Wskaźnik dostępności bibliotek,2018,gmina,Krzeszowice,powiat krakowski,2927
20,Wskaźnik dostępności bibliotek,2018,gmina,Liszki,powiat krakowski,5764
20,Wskaźnik dostępności bibliotek,2018,gmina,Michałowice,powiat krakowski,3521
20,Wskaźnik dostępności bibliotek,2018,gmina,Mogilany,powiat krakowski,7026
20,Wskaźnik dostępności bibliotek,2018,gmina,Skała,powiat krakowski,3519
20,Wskaźnik dostępności bibliotek,2018,gmina,Skawina,powiat krakowski,2289
20,Wskaźnik dostępności bibliotek,2018,gmina,Słomniki,powiat krakowski,3420
20,Wskaźnik dostępności bibliotek,2018,gmina,Sułoszowa,powiat krakowski,2915
20,Wskaźnik dostępności bibliotek,2018,gmina,Świątniki Górne,powiat krakowski,5042
20,Wskaźnik dostępności bibliotek,2018,gmina,Wielka Wieś,powiat krakowski,6178
20,Wskaźnik dostępności bibliotek,2018,gmina,Zabierzów,powiat krakowski,6626
20,Wskaźnik dostępności bibliotek,2018,gmina,Zielonki,powiat krakowski,5646
20,Wskaźnik dostępności bibliotek,2018,powiat,powiat limanowski,powiat limanowski,3653
20,Wskaźnik dostępności bibliotek,2018,gmina,Dobra,powiat limanowski,3322
20,Wskaźnik dostępności bibliotek,2018,gmina,Jodłownik,powiat limanowski,1733
20,Wskaźnik dostępności bibliotek,2018,gmina,Kamienica,powiat limanowski,2620
20,Wskaźnik dostępności bibliotek,2018,gmina,Laskowa,powiat limanowski,4075
20,Wskaźnik dostępności bibliotek,2018,gmina,Limanowa (miasto),powiat limanowski,15158
20,Wskaźnik dostępności bibliotek,2018,gmina,Limanowa (wieś),powiat limanowski,3183
20,Wskaźnik dostępności bibliotek,2018,gmina,Łukowica,powiat limanowski,5022
20,Wskaźnik dostępności bibliotek,2018,gmina,Mszana Dolna (miasto),powiat limanowski,7948
20,Wskaźnik dostępności bibliotek,2018,gmina,Mszana Dolna (wieś),powiat limanowski,2205
20,Wskaźnik dostępności bibliotek,2018,gmina,Niedźwiedź,powiat limanowski,7344
20,Wskaźnik dostępności bibliotek,2018,gmina,Słopnice,powiat limanowski,6720
20,Wskaźnik dostępności bibliotek,2018,gmina,Tymbark,powiat limanowski,6556
20,Wskaźnik dostępności bibliotek,2018,powiat,powiat m. Kraków,powiat m. Kraków,11175
20,Wskaźnik dostępności bibliotek,2018,powiat,powiat m. Nowy Sącz,powiat m. Nowy Sącz,10487
20,Wskaźnik dostępności bibliotek,2018,powiat,powiat m. Tarnów,powiat m. Tarnów,7790
20,Wskaźnik dostępności bibliotek,2018,powiat,powiat miechowski,powiat miechowski,4095
20,Wskaźnik dostępności bibliotek,2018,gmina,Charsznica,powiat miechowski,7464
20,Wskaźnik dostępności bibliotek,2018,gmina,Gołcza,powiat miechowski,3039
20,Wskaźnik dostępności bibliotek,2018,gmina,Kozłów,powiat miechowski,4651
20,Wskaźnik dostępności bibliotek,2018,gmina,Książ Wielki,powiat miechowski,5121
20,Wskaźnik dostępności bibliotek,2018,gmina,Miechów,powiat miechowski,3947
20,Wskaźnik dostępności bibliotek,2018,gmina,Racławice,powiat miechowski,2519
20,Wskaźnik dostępności bibliotek,2018,gmina,Słaboszów,powiat miechowski,3567
20,Wskaźnik dostępności bibliotek,2018,powiat,powiat myślenicki,powiat myślenicki,6049
20,Wskaźnik dostępności bibliotek,2018,gmina,Dobczyce,powiat myślenicki,15272
20,Wskaźnik dostępności bibliotek,2018,gmina,Lubień,powiat myślenicki,2515
20,Wskaźnik dostępności bibliotek,2018,gmina,Myślenice,powiat myślenicki,8838
20,Wskaźnik dostępności bibliotek,2018,gmina,Pcim,powiat myślenicki,5541
20,Wskaźnik dostępności bibliotek,2018,gmina,Raciechowice,powiat myślenicki,6395
20,Wskaźnik dostępności bibliotek,2018,gmina,Siepraw,powiat myślenicki,8953
20,Wskaźnik dostępności bibliotek,2018,gmina,Sułkowice,powiat myślenicki,3729
20,Wskaźnik dostępności bibliotek,2018,gmina,Tokarnia,powiat myślenicki,8771
20,Wskaźnik dostępności bibliotek,2018,gmina,Wiśniowa,powiat myślenicki,3695
20,Wskaźnik dostępności bibliotek,2018,powiat,powiat nowosądecki,powiat nowosądecki,3664
20,Wskaźnik dostępności bibliotek,2018,gmina,Podegrodzie,powiat nowosądecki,3293
20,Wskaźnik dostępności bibliotek,2018,gmina,Rytro,powiat nowosądecki,3807
20,Wskaźnik dostępności bibliotek,2018,gmina,Stary Sącz,powiat nowosądecki,4749
20,Wskaźnik dostępności bibliotek,2018,gmina,Chełmiec,powiat nowosądecki,5714
20,Wskaźnik dostępności bibliotek,2018,gmina,Gródek nad Dunajcem,powiat nowosądecki,4620
20,Wskaźnik dostępności bibliotek,2018,gmina,Grybów (miasto),powiat nowosądecki,6038
20,Wskaźnik dostępności bibliotek,2018,gmina,Grybów (wieś),powiat nowosądecki,2546
20,Wskaźnik dostępności bibliotek,2018,gmina,Kamionka Wielka,powiat nowosądecki,3454
20,Wskaźnik dostępności bibliotek,2018,gmina,Korzenna,powiat nowosądecki,2071
20,Wskaźnik dostępności bibliotek,2018,gmina,Krynica-Zdrój,powiat nowosądecki,3355
20,Wskaźnik dostępności bibliotek,2018,gmina,Łabowa,powiat nowosądecki,3016
20,Wskaźnik dostępności bibliotek,2018,gmina,Łącko,powiat nowosądecki,4125
20,Wskaźnik dostępności bibliotek,2018,gmina,Łososina Dolna,powiat nowosądecki,5525
20,Wskaźnik dostępności bibliotek,2018,gmina,Muszyna,powiat nowosądecki,3858
20,Wskaźnik dostępności bibliotek,2018,gmina,Nawojowa,powiat nowosądecki,2901
20,Wskaźnik dostępności bibliotek,2018,gmina,Piwniczna-Zdrój,powiat nowosądecki,5325
20,Wskaźnik dostępności bibliotek,2018,powiat,powiat nowotarski,powiat nowotarski,3420
20,Wskaźnik dostępności bibliotek,2018,gmina,Czarny Dunajec,powiat nowotarski,2503
20,Wskaźnik dostępności bibliotek,2018,gmina,Czorsztyn,powiat nowotarski,1272
20,Wskaźnik dostępności bibliotek,2018,gmina,Jabłonka,powiat nowotarski,3098
20,Wskaźnik dostępności bibliotek,2018,gmina,Krościenko nad Dunajcem,powiat nowotarski,3405
20,Wskaźnik dostępności bibliotek,2018,gmina,Lipnica Wielka,powiat nowotarski,5998
20,Wskaźnik dostępności bibliotek,2018,gmina,Łapsze Niżne,powiat nowotarski,1868
20,Wskaźnik dostępności bibliotek,2018,gmina,Nowy Targ (miasto),powiat nowotarski,11124
20,Wskaźnik dostępności bibliotek,2018,gmina,Nowy Targ (wieś),powiat nowotarski,1847
20,Wskaźnik dostępności bibliotek,2018,gmina,Ochotnica Dolna,powiat nowotarski,2855
20,Wskaźnik dostępności bibliotek,2018,gmina,Raba Wyżna,powiat nowotarski,4906
20,Wskaźnik dostępności bibliotek,2018,gmina,Rabka-Zdrój,powiat nowotarski,17092
20,Wskaźnik dostępności bibliotek,2018,gmina,Spytkowice,powiat nowotarski,4533
20,Wskaźnik dostępności bibliotek,2018,gmina,Szaflary,powiat nowotarski,5527
20,Wskaźnik dostępności bibliotek,2018,gmina,Szczawnica,powiat nowotarski,7265
20,Wskaźnik dostępności bibliotek,2018,powiat,powiat olkuski,powiat olkuski,4149
20,Wskaźnik dostępności bibliotek,2018,gmina,Bolesław,powiat olkuski,1557
20,Wskaźnik dostępności bibliotek,2018,gmina,Bukowno,powiat olkuski,2549
20,Wskaźnik dostępności bibliotek,2018,gmina,Klucze,powiat olkuski,5034
20,Wskaźnik dostępności bibliotek,2018,gmina,Olkusz,powiat olkuski,5447
20,Wskaźnik dostępności bibliotek,2018,gmina,Trzyciąż,powiat olkuski,3524
20,Wskaźnik dostępności bibliotek,2018,gmina,Wolbrom,powiat olkuski,5719
20,Wskaźnik dostępności bibliotek,2018,powiat,powiat oświęcimski,powiat oświęcimski,4959
20,Wskaźnik dostępności bibliotek,2018,gmina,Brzeszcze,powiat oświęcimski,3545
20,Wskaźnik dostępności bibliotek,2018,gmina,Chełmek,powiat oświęcimski,3250
20,Wskaźnik dostępności bibliotek,2018,gmina,Kęty,powiat oświęcimski,6839
20,Wskaźnik dostępności bibliotek,2018,gmina,Osiek,powiat oświęcimski,4104
20,Wskaźnik dostępności bibliotek,2018,gmina,Oświęcim (miasto),powiat oświęcimski,38300
20,Wskaźnik dostępności bibliotek,2018,gmina,Oświęcim (wieś),powiat oświęcimski,3070
20,Wskaźnik dostępności bibliotek,2018,gmina,Polanka Wielka,powiat oświęcimski,4297
20,Wskaźnik dostępności bibliotek,2018,gmina,Przeciszów,powiat oświęcimski,3376
20,Wskaźnik dostępności bibliotek,2018,gmina,Zator,powiat oświęcimski,2325
20,Wskaźnik dostępności bibliotek,2018,powiat,powiat proszowicki,powiat proszowicki,3957
20,Wskaźnik dostępności bibliotek,2018,gmina,Koniusza,powiat proszowicki,4510
20,Wskaźnik dostępności bibliotek,2018,gmina,Koszyce,powiat proszowicki,5508
20,Wskaźnik dostępności bibliotek,2018,gmina,Nowe Brzesko,powiat proszowicki,5752
20,Wskaźnik dostępności bibliotek,2018,gmina,Pałecznica,powiat proszowicki,3583
20,Wskaźnik dostępności bibliotek,2018,gmina,Proszowice,powiat proszowicki,4061
20,Wskaźnik dostępności bibliotek,2018,gmina,Radziemice,powiat proszowicki,1709
20,Wskaźnik dostępności bibliotek,2018,powiat,powiat suski,powiat suski,2718
20,Wskaźnik dostępności bibliotek,2018,gmina,Budzów,powiat suski,1491
20,Wskaźnik dostępności bibliotek,2018,gmina,Bystra-Sidzina,powiat suski,3430
20,Wskaźnik dostępności bibliotek,2018,gmina,Jordanów (miasto),powiat suski,5373
20,Wskaźnik dostępności bibliotek,2018,gmina,Jordanów (wieś),powiat suski,2229
20,Wskaźnik dostępności bibliotek,2018,gmina,Maków Podhalański,powiat suski,2689
20,Wskaźnik dostępności bibliotek,2018,gmina,Stryszawa,powiat suski,11888
20,Wskaźnik dostępności bibliotek,2018,gmina,Sucha Beskidzka,powiat suski,3055
20,Wskaźnik dostępności bibliotek,2018,gmina,Zawoja,powiat suski,3042
20,Wskaźnik dostępności bibliotek,2018,gmina,Zembrzyce,powiat suski,1405
20,Wskaźnik dostępności bibliotek,2018,powiat,powiat tarnowski,powiat tarnowski,3101
20,Wskaźnik dostępności bibliotek,2018,gmina,Ciężkowice,powiat tarnowski,3744
20,Wskaźnik dostępności bibliotek,2018,gmina,Gromnik,powiat tarnowski,2225
20,Wskaźnik dostępności bibliotek,2018,gmina,Lisia Góra,powiat tarnowski,2555
20,Wskaźnik dostępności bibliotek,2018,gmina,Pleśna,powiat tarnowski,2391
20,Wskaźnik dostępności bibliotek,2018,gmina,Radłów,powiat tarnowski,1950
20,Wskaźnik dostępności bibliotek,2018,gmina,Ryglice,powiat tarnowski,3898
20,Wskaźnik dostępności bibliotek,2018,gmina,Rzepiennik Strzyżewski,powiat tarnowski,1686
20,Wskaźnik dostępności bibliotek,2018,gmina,Skrzyszów,powiat tarnowski,3564
20,Wskaźnik dostępności bibliotek,2018,gmina,Szerzyny,powiat tarnowski,1994
20,Wskaźnik dostępności bibliotek,2018,gmina,Tarnów (wieś),powiat tarnowski,8676
20,Wskaźnik dostępności bibliotek,2018,gmina,Tuchów,powiat tarnowski,6014
20,Wskaźnik dostępności bibliotek,2018,gmina,Wierzchosławice,powiat tarnowski,2165
20,Wskaźnik dostępności bibliotek,2018,gmina,Wietrzychowice,powiat tarnowski,1995
20,Wskaźnik dostępności bibliotek,2018,gmina,Wojnicz,powiat tarnowski,3370
20,Wskaźnik dostępności bibliotek,2018,gmina,Zakliczyn,powiat tarnowski,3115
20,Wskaźnik dostępności bibliotek,2018,gmina,Żabno,powiat tarnowski,3152
20,Wskaźnik dostępności bibliotek,2018,powiat,powiat tatrzański,powiat tatrzański,3786
20,Wskaźnik dostępności bibliotek,2018,gmina,Biały Dunajec,powiat tatrzański,3592
20,Wskaźnik dostępności bibliotek,2018,gmina,Bukowina Tatrzańska,powiat tatrzański,2670
20,Wskaźnik dostępności bibliotek,2018,gmina,Kościelisko,powiat tatrzański,2928
20,Wskaźnik dostępności bibliotek,2018,gmina,Poronin,powiat tatrzański,2909
20,Wskaźnik dostępności bibliotek,2018,gmina,Zakopane,powiat tatrzański,6798
20,Wskaźnik dostępności bibliotek,2018,powiat,powiat wadowicki,powiat wadowicki,3558
20,Wskaźnik dostępności bibliotek,2018,gmina,Andrychów,powiat wadowicki,6236
20,Wskaźnik dostępności bibliotek,2018,gmina,Brzeźnica,powiat wadowicki,1724
20,Wskaźnik dostępności bibliotek,2018,gmina,Kalwaria Zebrzydowska,powiat wadowicki,4009
20,Wskaźnik dostępności bibliotek,2018,gmina,Lanckorona,powiat wadowicki,1559
20,Wskaźnik dostępności bibliotek,2018,gmina,Mucharz,powiat wadowicki,1031
20,Wskaźnik dostępności bibliotek,2018,gmina,Spytkowice,powiat wadowicki,3460
20,Wskaźnik dostępności bibliotek,2018,gmina,Stryszów,powiat wadowicki,2285
20,Wskaźnik dostępności bibliotek,2018,gmina,Tomice,powiat wadowicki,2043
20,Wskaźnik dostępności bibliotek,2018,gmina,Wadowice,powiat wadowicki,7587
20,Wskaźnik dostępności bibliotek,2018,gmina,Wieprz,powiat wadowicki,3097
20,Wskaźnik dostępności bibliotek,2018,powiat,powiat wielicki,powiat wielicki,6354
20,Wskaźnik dostępności bibliotek,2018,gmina,Biskupice,powiat wielicki,10330
20,Wskaźnik dostępności bibliotek,2018,gmina,Gdów,powiat wielicki,9094
20,Wskaźnik dostępności bibliotek,2018,gmina,Kłaj,powiat wielicki,3564
20,Wskaźnik dostępności bibliotek,2018,gmina,Niepołomice,powiat wielicki,5691
20,Wskaźnik dostępności bibliotek,2018,gmina,Wieliczka,powiat wielicki,6602
20,Wskaźnik dostępności bibliotek,2017,powiat,powiat bocheński,powiat bocheński,2720
20,Wskaźnik dostępności bibliotek,2017,gmina,Bochnia (miasto),powiat bocheński,4285
20,Wskaźnik dostępności bibliotek,2017,gmina,Bochnia (wieś),powiat bocheński,2194
20,Wskaźnik dostępności bibliotek,2017,gmina,Drwinia,powiat bocheński,2168
20,Wskaźnik dostępności bibliotek,2017,gmina,Lipnica Murowana,powiat bocheński,2824
20,Wskaźnik dostępności bibliotek,2017,gmina,Łapanów,powiat bocheński,2012
20,Wskaźnik dostępności bibliotek,2017,gmina,Nowy Wiśnicz,powiat bocheński,4627
20,Wskaźnik dostępności bibliotek,2017,gmina,Rzezawa,powiat bocheński,2248
20,Wskaźnik dostępności bibliotek,2017,gmina,Trzciana,powiat bocheński,1382
20,Wskaźnik dostępności bibliotek,2017,gmina,Żegocina,powiat bocheński,2755
20,Wskaźnik dostępności bibliotek,2017,powiat,powiat brzeski,powiat brzeski,3213
20,Wskaźnik dostępności bibliotek,2017,gmina,Borzęcin,powiat brzeski,2094
20,Wskaźnik dostępności bibliotek,2017,gmina,Brzesko,powiat brzeski,6052
20,Wskaźnik dostępności bibliotek,2017,gmina,Czchów,powiat brzeski,3275
20,Wskaźnik dostępności bibliotek,2017,gmina,Dębno,powiat brzeski,2935
20,Wskaźnik dostępności bibliotek,2017,gmina,Gnojnik,powiat brzeski,2655
20,Wskaźnik dostępności bibliotek,2017,gmina,Iwkowa,powiat brzeski,3208
20,Wskaźnik dostępności bibliotek,2017,gmina,Szczurowa,powiat brzeski,1599
20,Wskaźnik dostępności bibliotek,2017,powiat,powiat chrzanowski,powiat chrzanowski,3492
20,Wskaźnik dostępności bibliotek,2017,gmina,Alwernia,powiat chrzanowski,2107
20,Wskaźnik dostępności bibliotek,2017,gmina,Babice,powiat chrzanowski,1825
20,Wskaźnik dostępności bibliotek,2017,gmina,Chrzanów,powiat chrzanowski,5921
20,Wskaźnik dostępności bibliotek,2017,gmina,Libiąż,powiat chrzanowski,5622
20,Wskaźnik dostępności bibliotek,2017,gmina,Trzebinia,powiat chrzanowski,2623
20,Wskaźnik dostępności bibliotek,2017,powiat,powiat dąbrowski,powiat dąbrowski,2824
20,Wskaźnik dostępności bibliotek,2017,gmina,Bolesław,powiat dąbrowski,2709
20,Wskaźnik dostępności bibliotek,2017,gmina,Dąbrowa Tarnowska,powiat dąbrowski,4246
20,Wskaźnik dostępności bibliotek,2017,gmina,Gręboszów,powiat dąbrowski,1673
20,Wskaźnik dostępności bibliotek,2017,gmina,Mędrzechów,powiat dąbrowski,1742
20,Wskaźnik dostępności bibliotek,2017,gmina,Olesno,powiat dąbrowski,2652
20,Wskaźnik dostępności bibliotek,2017,gmina,Radgoszcz,powiat dąbrowski,7418
20,Wskaźnik dostępności bibliotek,2017,gmina,Szczucin,powiat dąbrowski,1881
20,Wskaźnik dostępności bibliotek,2017,powiat,powiat gorlicki,powiat gorlicki,3409
20,Wskaźnik dostępności bibliotek,2017,gmina,Biecz,powiat gorlicki,3383
20,Wskaźnik dostępności bibliotek,2017,gmina,Bobowa,powiat gorlicki,3248
20,Wskaźnik dostępności bibliotek,2017,gmina,Gorlice (miasto),powiat gorlicki,6945
20,Wskaźnik dostępności bibliotek,2017,gmina,Gorlice (wieś),powiat gorlicki,3437
20,Wskaźnik dostępności bibliotek,2017,gmina,Lipinki,powiat gorlicki,2267
20,Wskaźnik dostępności bibliotek,2017,gmina,Łużna,powiat gorlicki,2822
20,Wskaźnik dostępności bibliotek,2017,gmina,Moszczenica,powiat gorlicki,2460
20,Wskaźnik dostępności bibliotek,2017,gmina,Ropa,powiat gorlicki,2720
20,Wskaźnik dostępności bibliotek,2017,gmina,Sękowa,powiat gorlicki,4981
20,Wskaźnik dostępności bibliotek,2017,gmina,Uście Gorlickie,powiat gorlicki,1711
20,Wskaźnik dostępności bibliotek,2017,powiat,powiat krakowski,powiat krakowski,3479
20,Wskaźnik dostępności bibliotek,2017,gmina,Czernichów,powiat krakowski,2907
20,Wskaźnik dostępności bibliotek,2017,gmina,Igołomia-Wawrzeńczyce,powiat krakowski,2567
20,Wskaźnik dostępności bibliotek,2017,gmina,Iwanowice,powiat krakowski,3033
20,Wskaźnik dostępności bibliotek,2017,gmina,Jerzmanowice-Przeginia,powiat krakowski,2729
20,Wskaźnik dostępności bibliotek,2017,gmina,Kocmyrzów-Luborzyca,powiat krakowski,5087
20,Wskaźnik dostępności bibliotek,2017,gmina,Krzeszowice,powiat krakowski,3230
20,Wskaźnik dostępności bibliotek,2017,gmina,Liszki,powiat krakowski,5703
20,Wskaźnik dostępności bibliotek,2017,gmina,Michałowice,powiat krakowski,3460
20,Wskaźnik dostępności bibliotek,2017,gmina,Mogilany,powiat krakowski,6910
20,Wskaźnik dostępności bibliotek,2017,gmina,Skała,powiat krakowski,3507
20,Wskaźnik dostępności bibliotek,2017,gmina,Skawina,powiat krakowski,1971
20,Wskaźnik dostępności bibliotek,2017,gmina,Słomniki,powiat krakowski,3419
20,Wskaźnik dostępności bibliotek,2017,gmina,Sułoszowa,powiat krakowski,2910
20,Wskaźnik dostępności bibliotek,2017,gmina,Świątniki Górne,powiat krakowski,4978
20,Wskaźnik dostępności bibliotek,2017,gmina,Wielka Wieś,powiat krakowski,3985
20,Wskaźnik dostępności bibliotek,2017,gmina,Zabierzów,powiat krakowski,6552
20,Wskaźnik dostępności bibliotek,2017,gmina,Zielonki,powiat krakowski,7407
20,Wskaźnik dostępności bibliotek,2017,powiat,powiat limanowski,powiat limanowski,3540
20,Wskaźnik dostępności bibliotek,2017,gmina,Dobra,powiat limanowski,3322
20,Wskaźnik dostępności bibliotek,2017,gmina,Jodłownik,powiat limanowski,1723
20,Wskaźnik dostępności bibliotek,2017,gmina,Kamienica,powiat limanowski,2607
20,Wskaźnik dostępności bibliotek,2017,gmina,Laskowa,powiat limanowski,4050
20,Wskaźnik dostępności bibliotek,2017,gmina,Limanowa (miasto),powiat limanowski,15103
20,Wskaźnik dostępności bibliotek,2017,gmina,Limanowa (wieś),powiat limanowski,3152
20,Wskaźnik dostępności bibliotek,2017,gmina,Łukowica,powiat limanowski,3332
20,Wskaźnik dostępności bibliotek,2017,gmina,Mszana Dolna (miasto),powiat limanowski,7982
20,Wskaźnik dostępności bibliotek,2017,gmina,Mszana Dolna (wieś),powiat limanowski,2197
20,Wskaźnik dostępności bibliotek,2017,gmina,Niedźwiedź,powiat limanowski,7338
20,Wskaźnik dostępności bibliotek,2017,gmina,Słopnice,powiat limanowski,6698
20,Wskaźnik dostępności bibliotek,2017,gmina,Tymbark,powiat limanowski,6558
20,Wskaźnik dostępności bibliotek,2017,powiat,powiat m. Kraków,powiat m. Kraków,11121
20,Wskaźnik dostępności bibliotek,2017,powiat,powiat m. Nowy Sącz,powiat m. Nowy Sącz,10505
20,Wskaźnik dostępności bibliotek,2017,powiat,powiat m. Tarnów,powiat m. Tarnów,8435
20,Wskaźnik dostępności bibliotek,2017,powiat,powiat miechowski,powiat miechowski,4110
20,Wskaźnik dostępności bibliotek,2017,gmina,Charsznica,powiat miechowski,7479
20,Wskaźnik dostępności bibliotek,2017,gmina,Gołcza,powiat miechowski,3061
20,Wskaźnik dostępności bibliotek,2017,gmina,Kozłów,powiat miechowski,4671
20,Wskaźnik dostępności bibliotek,2017,gmina,Książ Wielki,powiat miechowski,5152
20,Wskaźnik dostępności bibliotek,2017,gmina,Miechów,powiat miechowski,3956
20,Wskaźnik dostępności bibliotek,2017,gmina,Racławice,powiat miechowski,2496
20,Wskaźnik dostępności bibliotek,2017,gmina,Słaboszów,powiat miechowski,3615
20,Wskaźnik dostępności bibliotek,2017,powiat,powiat myślenicki,powiat myślenicki,6016
20,Wskaźnik dostępności bibliotek,2017,gmina,Dobczyce,powiat myślenicki,15227
20,Wskaźnik dostępności bibliotek,2017,gmina,Lubień,powiat myślenicki,2507
20,Wskaźnik dostępności bibliotek,2017,gmina,Myślenice,powiat myślenicki,8804
20,Wskaźnik dostępności bibliotek,2017,gmina,Pcim,powiat myślenicki,5500
20,Wskaźnik dostępności bibliotek,2017,gmina,Raciechowice,powiat myślenicki,6321
20,Wskaźnik dostępności bibliotek,2017,gmina,Siepraw,powiat myślenicki,8852
20,Wskaźnik dostępności bibliotek,2017,gmina,Sułkowice,powiat myślenicki,3706
20,Wskaźnik dostępności bibliotek,2017,gmina,Tokarnia,powiat myślenicki,8730
20,Wskaźnik dostępności bibliotek,2017,gmina,Wiśniowa,powiat myślenicki,3668
20,Wskaźnik dostępności bibliotek,2017,powiat,powiat nowosądecki,powiat nowosądecki,3644
20,Wskaźnik dostępności bibliotek,2017,gmina,Podegrodzie,powiat nowosądecki,3264
20,Wskaźnik dostępności bibliotek,2017,gmina,Rytro,powiat nowosądecki,3807
20,Wskaźnik dostępności bibliotek,2017,gmina,Stary Sącz,powiat nowosądecki,4725
20,Wskaźnik dostępności bibliotek,2017,gmina,Chełmiec,powiat nowosądecki,5643
20,Wskaźnik dostępności bibliotek,2017,gmina,Gródek nad Dunajcem,powiat nowosądecki,4618
20,Wskaźnik dostępności bibliotek,2017,gmina,Grybów (miasto),powiat nowosądecki,6089
20,Wskaźnik dostępności bibliotek,2017,gmina,Grybów (wieś),powiat nowosądecki,2518
20,Wskaźnik dostępności bibliotek,2017,gmina,Kamionka Wielka,powiat nowosądecki,3443
20,Wskaźnik dostępności bibliotek,2017,gmina,Korzenna,powiat nowosądecki,2057
20,Wskaźnik dostępności bibliotek,2017,gmina,Krynica-Zdrój,powiat nowosądecki,3356
20,Wskaźnik dostępności bibliotek,2017,gmina,Łabowa,powiat nowosądecki,3002
20,Wskaźnik dostępności bibliotek,2017,gmina,Łącko,powiat nowosądecki,4115
20,Wskaźnik dostępności bibliotek,2017,gmina,Łososina Dolna,powiat nowosądecki,5472
20,Wskaźnik dostępności bibliotek,2017,gmina,Muszyna,powiat nowosądecki,3866
20,Wskaźnik dostępności bibliotek,2017,gmina,Nawojowa,powiat nowosądecki,2866
20,Wskaźnik dostępności bibliotek,2017,gmina,Piwniczna-Zdrój,powiat nowosądecki,5338
20,Wskaźnik dostępności bibliotek,2017,powiat,powiat nowotarski,powiat nowotarski,3415
20,Wskaźnik dostępności bibliotek,2017,gmina,Czarny Dunajec,powiat nowotarski,2491
20,Wskaźnik dostępności bibliotek,2017,gmina,Czorsztyn,powiat nowotarski,1272
20,Wskaźnik dostępności bibliotek,2017,gmina,Jabłonka,powiat nowotarski,3095
20,Wskaźnik dostępności bibliotek,2017,gmina,Krościenko nad Dunajcem,powiat nowotarski,3406
20,Wskaźnik dostępności bibliotek,2017,gmina,Lipnica Wielka,powiat nowotarski,5989
20,Wskaźnik dostępności bibliotek,2017,gmina,Łapsze Niżne,powiat nowotarski,1868
20,Wskaźnik dostępności bibliotek,2017,gmina,Nowy Targ (miasto),powiat nowotarski,11120
20,Wskaźnik dostępności bibliotek,2017,gmina,Nowy Targ (wieś),powiat nowotarski,1839
20,Wskaźnik dostępności bibliotek,2017,gmina,Ochotnica Dolna,powiat nowotarski,2839
20,Wskaźnik dostępności bibliotek,2017,gmina,Raba Wyżna,powiat nowotarski,4898
20,Wskaźnik dostępności bibliotek,2017,gmina,Rabka-Zdrój,powiat nowotarski,17227
20,Wskaźnik dostępności bibliotek,2017,gmina,Spytkowice,powiat nowotarski,4508
20,Wskaźnik dostępności bibliotek,2017,gmina,Szaflary,powiat nowotarski,5500
20,Wskaźnik dostępności bibliotek,2017,gmina,Szczawnica,powiat nowotarski,7286
20,Wskaźnik dostępności bibliotek,2017,powiat,powiat olkuski,powiat olkuski,4168
20,Wskaźnik dostępności bibliotek,2017,gmina,Bolesław,powiat olkuski,1549
20,Wskaźnik dostępności bibliotek,2017,gmina,Bukowno,powiat olkuski,2574
20,Wskaźnik dostępności bibliotek,2017,gmina,Klucze,powiat olkuski,5053
20,Wskaźnik dostępności bibliotek,2017,gmina,Olkusz,powiat olkuski,5479
20,Wskaźnik dostępności bibliotek,2017,gmina,Trzyciąż,powiat olkuski,3527
20,Wskaźnik dostępności bibliotek,2017,gmina,Wolbrom,powiat olkuski,5744
20,Wskaźnik dostępności bibliotek,2017,powiat,powiat oświęcimski,powiat oświęcimski,4977
20,Wskaźnik dostępności bibliotek,2017,gmina,Brzeszcze,powiat oświęcimski,3566
20,Wskaźnik dostępności bibliotek,2017,gmina,Chełmek,powiat oświęcimski,3252
20,Wskaźnik dostępności bibliotek,2017,gmina,Kęty,powiat oświęcimski,6860
20,Wskaźnik dostępności bibliotek,2017,gmina,Osiek,powiat oświęcimski,4116
20,Wskaźnik dostępności bibliotek,2017,gmina,Oświęcim (miasto),powiat oświęcimski,38678
20,Wskaźnik dostępności bibliotek,2017,gmina,Oświęcim (wieś),powiat oświęcimski,3054
20,Wskaźnik dostępności bibliotek,2017,gmina,Polanka Wielka,powiat oświęcimski,4312
20,Wskaźnik dostępności bibliotek,2017,gmina,Przeciszów,powiat oświęcimski,3368
20,Wskaźnik dostępności bibliotek,2017,gmina,Zator,powiat oświęcimski,2325
20,Wskaźnik dostępności bibliotek,2017,powiat,powiat proszowicki,powiat proszowicki,3969
20,Wskaźnik dostępności bibliotek,2017,gmina,Koniusza,powiat proszowicki,4503
20,Wskaźnik dostępności bibliotek,2017,gmina,Koszyce,powiat proszowicki,5531
20,Wskaźnik dostępności bibliotek,2017,gmina,Nowe Brzesko,powiat proszowicki,5750
20,Wskaźnik dostępności bibliotek,2017,gmina,Pałecznica,powiat proszowicki,3602
20,Wskaźnik dostępności bibliotek,2017,gmina,Proszowice,powiat proszowicki,4081
20,Wskaźnik dostępności bibliotek,2017,gmina,Radziemice,powiat proszowicki,1722
20,Wskaźnik dostępności bibliotek,2017,powiat,powiat suski,powiat suski,2720
20,Wskaźnik dostępności bibliotek,2017,gmina,Budzów,powiat suski,1488
20,Wskaźnik dostępności bibliotek,2017,gmina,Bystra-Sidzina,powiat suski,3424
20,Wskaźnik dostępności bibliotek,2017,gmina,Jordanów (miasto),powiat suski,5362
20,Wskaźnik dostępności bibliotek,2017,gmina,Jordanów (wieś),powiat suski,2221
20,Wskaźnik dostępności bibliotek,2017,gmina,Maków Podhalański,powiat suski,2708
20,Wskaźnik dostępności bibliotek,2017,gmina,Stryszawa,powiat suski,11843
20,Wskaźnik dostępności bibliotek,2017,gmina,Sucha Beskidzka,powiat suski,3098
20,Wskaźnik dostępności bibliotek,2017,gmina,Zawoja,powiat suski,3035
20,Wskaźnik dostępności bibliotek,2017,gmina,Zembrzyce,powiat suski,1396
20,Wskaźnik dostępności bibliotek,2017,powiat,powiat tarnowski,powiat tarnowski,3096
20,Wskaźnik dostępności bibliotek,2017,gmina,Ciężkowice,powiat tarnowski,3752
20,Wskaźnik dostępności bibliotek,2017,gmina,Gromnik,powiat tarnowski,2223
20,Wskaźnik dostępności bibliotek,2017,gmina,Lisia Góra,powiat tarnowski,2538
20,Wskaźnik dostępności bibliotek,2017,gmina,Pleśna,powiat tarnowski,2389
20,Wskaźnik dostępności bibliotek,2017,gmina,Radłów,powiat tarnowski,1954
20,Wskaźnik dostępności bibliotek,2017,gmina,Ryglice,powiat tarnowski,3895
20,Wskaźnik dostępności bibliotek,2017,gmina,Rzepiennik Strzyżewski,powiat tarnowski,1686
20,Wskaźnik dostępności bibliotek,2017,gmina,Skrzyszów,powiat tarnowski,3547
20,Wskaźnik dostępności bibliotek,2017,gmina,Szerzyny,powiat tarnowski,1989
20,Wskaźnik dostępności bibliotek,2017,gmina,Tarnów (wieś),powiat tarnowski,8636
20,Wskaźnik dostępności bibliotek,2017,gmina,Tuchów,powiat tarnowski,6013
20,Wskaźnik dostępności bibliotek,2017,gmina,Wierzchosławice,powiat tarnowski,2162
20,Wskaźnik dostępności bibliotek,2017,gmina,Wietrzychowice,powiat tarnowski,2004
20,Wskaźnik dostępności bibliotek,2017,gmina,Wojnicz,powiat tarnowski,3368
20,Wskaźnik dostępności bibliotek,2017,gmina,Zakliczyn,powiat tarnowski,3094
20,Wskaźnik dostępności bibliotek,2017,gmina,Żabno,powiat tarnowski,3165
20,Wskaźnik dostępności bibliotek,2017,powiat,powiat tatrzański,powiat tatrzański,3780
20,Wskaźnik dostępności bibliotek,2017,gmina,Biały Dunajec,powiat tatrzański,3575
20,Wskaźnik dostępności bibliotek,2017,gmina,Bukowina Tatrzańska,powiat tatrzański,2658
20,Wskaźnik dostępności bibliotek,2017,gmina,Kościelisko,powiat tatrzański,2916
20,Wskaźnik dostępności bibliotek,2017,gmina,Poronin,powiat tatrzański,2895
20,Wskaźnik dostępności bibliotek,2017,gmina,Zakopane,powiat tatrzański,6816
20,Wskaźnik dostępności bibliotek,2017,powiat,powiat wadowicki,powiat wadowicki,3554
20,Wskaźnik dostępności bibliotek,2017,gmina,Andrychów,powiat wadowicki,6262
20,Wskaźnik dostępności bibliotek,2017,gmina,Brzeźnica,powiat wadowicki,1714
20,Wskaźnik dostępności bibliotek,2017,gmina,Kalwaria Zebrzydowska,powiat wadowicki,4010
20,Wskaźnik dostępności bibliotek,2017,gmina,Lanckorona,powiat wadowicki,1552
20,Wskaźnik dostępności bibliotek,2017,gmina,Mucharz,powiat wadowicki,1022
20,Wskaźnik dostępności bibliotek,2017,gmina,Spytkowice,powiat wadowicki,3435
20,Wskaźnik dostępności bibliotek,2017,gmina,Stryszów,powiat wadowicki,2288
20,Wskaźnik dostępności bibliotek,2017,gmina,Tomice,powiat wadowicki,2021
20,Wskaźnik dostępności bibliotek,2017,gmina,Wadowice,powiat wadowicki,7587
20,Wskaźnik dostępności bibliotek,2017,gmina,Wieprz,powiat wadowicki,3072
20,Wskaźnik dostępności bibliotek,2017,powiat,powiat wielicki,powiat wielicki,6260
20,Wskaźnik dostępności bibliotek,2017,gmina,Biskupice,powiat wielicki,10185
20,Wskaźnik dostępności bibliotek,2017,gmina,Gdów,powiat wielicki,9012
20,Wskaźnik dostępności bibliotek,2017,gmina,Kłaj,powiat wielicki,3558
20,Wskaźnik dostępności bibliotek,2017,gmina,Niepołomice,powiat wielicki,5583
20,Wskaźnik dostępności bibliotek,2017,gmina,Wieliczka,powiat wielicki,6489
20,Wskaźnik dostępności bibliotek,2016,powiat,powiat bocheński,powiat bocheński,2711
20,Wskaźnik dostępności bibliotek,2016,gmina,Bochnia (miasto),powiat bocheński,4293
20,Wskaźnik dostępności bibliotek,2016,gmina,Bochnia (wieś),powiat bocheński,2178
20,Wskaźnik dostępności bibliotek,2016,gmina,Drwinia,powiat bocheński,2171
20,Wskaźnik dostępności bibliotek,2016,gmina,Lipnica Murowana,powiat bocheński,2816
20,Wskaźnik dostępności bibliotek,2016,gmina,Łapanów,powiat bocheński,2000
20,Wskaźnik dostępności bibliotek,2016,gmina,Nowy Wiśnicz,powiat bocheński,4618
20,Wskaźnik dostępności bibliotek,2016,gmina,Rzezawa,powiat bocheński,2232
20,Wskaźnik dostępności bibliotek,2016,gmina,Trzciana,powiat bocheński,1374
20,Wskaźnik dostępności bibliotek,2016,gmina,Żegocina,powiat bocheński,2722
20,Wskaźnik dostępności bibliotek,2016,powiat,powiat brzeski,powiat brzeski,3321
20,Wskaźnik dostępności bibliotek,2016,gmina,Borzęcin,powiat brzeski,2795
20,Wskaźnik dostępności bibliotek,2016,gmina,Brzesko,powiat brzeski,6048
20,Wskaźnik dostępności bibliotek,2016,gmina,Czchów,powiat brzeski,3278
20,Wskaźnik dostępności bibliotek,2016,gmina,Dębno,powiat brzeski,2917
20,Wskaźnik dostępności bibliotek,2016,gmina,Gnojnik,powiat brzeski,2645
20,Wskaźnik dostępności bibliotek,2016,gmina,Iwkowa,powiat brzeski,3170
20,Wskaźnik dostępności bibliotek,2016,gmina,Szczurowa,powiat brzeski,1605
20,Wskaźnik dostępności bibliotek,2016,powiat,powiat chrzanowski,powiat chrzanowski,3502
20,Wskaźnik dostępności bibliotek,2016,gmina,Alwernia,powiat chrzanowski,2111
20,Wskaźnik dostępności bibliotek,2016,gmina,Babice,powiat chrzanowski,1823
20,Wskaźnik dostępności bibliotek,2016,gmina,Chrzanów,powiat chrzanowski,5942
20,Wskaźnik dostępności bibliotek,2016,gmina,Libiąż,powiat chrzanowski,5640
20,Wskaźnik dostępności bibliotek,2016,gmina,Trzebinia,powiat chrzanowski,2629
20,Wskaźnik dostępności bibliotek,2016,powiat,powiat dąbrowski,powiat dąbrowski,2826
20,Wskaźnik dostępności bibliotek,2016,gmina,Bolesław,powiat dąbrowski,2734
20,Wskaźnik dostępności bibliotek,2016,gmina,Dąbrowa Tarnowska,powiat dąbrowski,4235
20,Wskaźnik dostępności bibliotek,2016,gmina,Gręboszów,powiat dąbrowski,1688
20,Wskaźnik dostępności bibliotek,2016,gmina,Mędrzechów,powiat dąbrowski,1772
20,Wskaźnik dostępności bibliotek,2016,gmina,Olesno,powiat dąbrowski,2637
20,Wskaźnik dostępności bibliotek,2016,gmina,Radgoszcz,powiat dąbrowski,7412
20,Wskaźnik dostępności bibliotek,2016,gmina,Szczucin,powiat dąbrowski,1884
20,Wskaźnik dostępności bibliotek,2016,powiat,powiat gorlicki,powiat gorlicki,3408
20,Wskaźnik dostępności bibliotek,2016,gmina,Biecz,powiat gorlicki,6976
20,Wskaźnik dostępności bibliotek,2016,gmina,Bobowa,powiat gorlicki,3379
20,Wskaźnik dostępności bibliotek,2016,gmina,Gorlice (miasto),powiat gorlicki,3245
20,Wskaźnik dostępności bibliotek,2016,gmina,Gorlice (wieś),powiat gorlicki,3433
20,Wskaźnik dostępności bibliotek,2016,gmina,Lipinki,powiat gorlicki,2261
20,Wskaźnik dostępności bibliotek,2016,gmina,Łużna,powiat gorlicki,2817
20,Wskaźnik dostępności bibliotek,2016,gmina,Moszczenica,powiat gorlicki,2454
20,Wskaźnik dostępności bibliotek,2016,gmina,Ropa,powiat gorlicki,2704
20,Wskaźnik dostępności bibliotek,2016,gmina,Sękowa,powiat gorlicki,4990
20,Wskaźnik dostępności bibliotek,2016,gmina,Uście Gorlickie,powiat gorlicki,1704
20,Wskaźnik dostępności bibliotek,2016,powiat,powiat krakowski,powiat krakowski,3407
20,Wskaźnik dostępności bibliotek,2016,gmina,Czernichów,powiat krakowski,2895
20,Wskaźnik dostępności bibliotek,2016,gmina,Igołomia-Wawrzeńczyce,powiat krakowski,2574
20,Wskaźnik dostępności bibliotek,2016,gmina,Iwanowice,powiat krakowski,3005
20,Wskaźnik dostępności bibliotek,2016,gmina,Jerzmanowice-Przeginia,powiat krakowski,2719
20,Wskaźnik dostępności bibliotek,2016,gmina,Kocmyrzów-Luborzyca,powiat krakowski,5036
20,Wskaźnik dostępności bibliotek,2016,gmina,Krzeszowice,powiat krakowski,3229
20,Wskaźnik dostępności bibliotek,2016,gmina,Liszki,powiat krakowski,5665
20,Wskaźnik dostępności bibliotek,2016,gmina,Michałowice,powiat krakowski,3388
20,Wskaźnik dostępności bibliotek,2016,gmina,Mogilany,powiat krakowski,6828
20,Wskaźnik dostępności bibliotek,2016,gmina,Skała,powiat krakowski,3506
20,Wskaźnik dostępności bibliotek,2016,gmina,Skawina,powiat krakowski,1885
20,Wskaźnik dostępności bibliotek,2016,gmina,Słomniki,powiat krakowski,3419
20,Wskaźnik dostępności bibliotek,2016,gmina,Sułoszowa,powiat krakowski,2907
20,Wskaźnik dostępności bibliotek,2016,gmina,Świątniki Górne,powiat krakowski,4920
20,Wskaźnik dostępności bibliotek,2016,gmina,Wielka Wieś,powiat krakowski,3838
20,Wskaźnik dostępności bibliotek,2016,gmina,Zabierzów,powiat krakowski,6454
20,Wskaźnik dostępności bibliotek,2016,gmina,Zielonki,powiat krakowski,7258
20,Wskaźnik dostępności bibliotek,2016,powiat,powiat limanowski,powiat limanowski,3521
20,Wskaźnik dostępności bibliotek,2016,gmina,Dobra,powiat limanowski,15138
20,Wskaźnik dostępności bibliotek,2016,gmina,Jodłownik,powiat limanowski,7941
20,Wskaźnik dostępności bibliotek,2016,gmina,Kamienica,powiat limanowski,3309
20,Wskaźnik dostępności bibliotek,2016,gmina,Laskowa,powiat limanowski,1710
20,Wskaźnik dostępności bibliotek,2016,gmina,Limanowa (miasto),powiat limanowski,2593
20,Wskaźnik dostępności bibliotek,2016,gmina,Limanowa (wieś),powiat limanowski,4030
20,Wskaźnik dostępności bibliotek,2016,gmina,Łukowica,powiat limanowski,3126
20,Wskaźnik dostępności bibliotek,2016,gmina,Mszana Dolna (miasto),powiat limanowski,3300
20,Wskaźnik dostępności bibliotek,2016,gmina,Mszana Dolna (wieś),powiat limanowski,2193
20,Wskaźnik dostępności bibliotek,2016,gmina,Niedźwiedź,powiat limanowski,7307
20,Wskaźnik dostępności bibliotek,2016,gmina,Słopnice,powiat limanowski,6617
20,Wskaźnik dostępności bibliotek,2016,gmina,Tymbark,powiat limanowski,6518
20,Wskaźnik dostępności bibliotek,2016,powiat,powiat m. Kraków,powiat m. Kraków,10933
20,Wskaźnik dostępności bibliotek,2016,powiat,powiat m. Nowy Sącz,powiat m. Nowy Sącz,10499
20,Wskaźnik dostępności bibliotek,2016,powiat,powiat m. Tarnów,powiat m. Tarnów,8470
20,Wskaźnik dostępności bibliotek,2016,powiat,powiat miechowski,powiat miechowski,3536
20,Wskaźnik dostępności bibliotek,2016,gmina,Charsznica,powiat miechowski,7531
20,Wskaźnik dostępności bibliotek,2016,gmina,Gołcza,powiat miechowski,3084
20,Wskaźnik dostępności bibliotek,2016,gmina,Kozłów,powiat miechowski,1569
20,Wskaźnik dostępności bibliotek,2016,gmina,Książ Wielki,powiat miechowski,5161
20,Wskaźnik dostępności bibliotek,2016,gmina,Miechów,powiat miechowski,3966
20,Wskaźnik dostępności bibliotek,2016,gmina,Racławice,powiat miechowski,2485
20,Wskaźnik dostępności bibliotek,2016,gmina,Słaboszów,powiat miechowski,3623
20,Wskaźnik dostępności bibliotek,2016,powiat,powiat myślenicki,powiat myślenicki,5711
20,Wskaźnik dostępności bibliotek,2016,gmina,Dobczyce,powiat myślenicki,15197
20,Wskaźnik dostępności bibliotek,2016,gmina,Lubień,powiat myślenicki,2500
20,Wskaźnik dostępności bibliotek,2016,gmina,Myślenice,powiat myślenicki,8747
20,Wskaźnik dostępności bibliotek,2016,gmina,Pcim,powiat myślenicki,5482
20,Wskaźnik dostępności bibliotek,2016,gmina,Raciechowice,powiat myślenicki,6281
20,Wskaźnik dostępności bibliotek,2016,gmina,Siepraw,powiat myślenicki,4359
20,Wskaźnik dostępności bibliotek,2016,gmina,Sułkowice,powiat myślenicki,3690
20,Wskaźnik dostępności bibliotek,2016,gmina,Tokarnia,powiat myślenicki,8686
20,Wskaźnik dostępności bibliotek,2016,gmina,Wiśniowa,powiat myślenicki,3652
20,Wskaźnik dostępności bibliotek,2016,powiat,powiat nowosądecki,powiat nowosądecki,3625
20,Wskaźnik dostępności bibliotek,2016,gmina,Podegrodzie,powiat nowosądecki,6074
20,Wskaźnik dostępności bibliotek,2016,gmina,Rytro,powiat nowosądecki,5599
20,Wskaźnik dostępności bibliotek,2016,gmina,Stary Sącz,powiat nowosądecki,4588
20,Wskaźnik dostępności bibliotek,2016,gmina,Chełmiec,powiat nowosądecki,2491
20,Wskaźnik dostępności bibliotek,2016,gmina,Gródek nad Dunajcem,powiat nowosądecki,3410
20,Wskaźnik dostępności bibliotek,2016,gmina,Grybów (miasto),powiat nowosądecki,2047
20,Wskaźnik dostępności bibliotek,2016,gmina,Grybów (wieś),powiat nowosądecki,3370
20,Wskaźnik dostępności bibliotek,2016,gmina,Kamionka Wielka,powiat nowosądecki,2984
20,Wskaźnik dostępności bibliotek,2016,gmina,Korzenna,powiat nowosądecki,4080
20,Wskaźnik dostępności bibliotek,2016,gmina,Krynica-Zdrój,powiat nowosądecki,5434
20,Wskaźnik dostępności bibliotek,2016,gmina,Łabowa,powiat nowosądecki,3864
20,Wskaźnik dostępności bibliotek,2016,gmina,Łącko,powiat nowosądecki,2858
20,Wskaźnik dostępności bibliotek,2016,gmina,Łososina Dolna,powiat nowosądecki,5329
20,Wskaźnik dostępności bibliotek,2016,gmina,Muszyna,powiat nowosądecki,3240
20,Wskaźnik dostępności bibliotek,2016,gmina,Nawojowa,powiat nowosądecki,3830
20,Wskaźnik dostępności bibliotek,2016,gmina,Piwniczna-Zdrój,powiat nowosądecki,4706
20,Wskaźnik dostępności bibliotek,2016,powiat,powiat nowotarski,powiat nowotarski,3406
20,Wskaźnik dostępności bibliotek,2016,gmina,Czarny Dunajec,powiat nowotarski,11137
20,Wskaźnik dostępności bibliotek,2016,gmina,Czorsztyn,powiat nowotarski,7322
20,Wskaźnik dostępności bibliotek,2016,gmina,Jabłonka,powiat nowotarski,2480
20,Wskaźnik dostępności bibliotek,2016,gmina,Krościenko nad Dunajcem,powiat nowotarski,1268
20,Wskaźnik dostępności bibliotek,2016,gmina,Lipnica Wielka,powiat nowotarski,3069
20,Wskaźnik dostępności bibliotek,2016,gmina,Łapsze Niżne,powiat nowotarski,3386
20,Wskaźnik dostępności bibliotek,2016,gmina,Nowy Targ (miasto),powiat nowotarski,5985
20,Wskaźnik dostępności bibliotek,2016,gmina,Nowy Targ (wieś),powiat nowotarski,1860
20,Wskaźnik dostępności bibliotek,2016,gmina,Ochotnica Dolna,powiat nowotarski,1829
20,Wskaźnik dostępności bibliotek,2016,gmina,Raba Wyżna,powiat nowotarski,2829
20,Wskaźnik dostępności bibliotek,2016,gmina,Rabka-Zdrój,powiat nowotarski,4864
20,Wskaźnik dostępności bibliotek,2016,gmina,Spytkowice,powiat nowotarski,17272
20,Wskaźnik dostępności bibliotek,2016,gmina,Szaflary,powiat nowotarski,4516
20,Wskaźnik dostępności bibliotek,2016,gmina,Szczawnica,powiat nowotarski,5490
20,Wskaźnik dostępności bibliotek,2016,powiat,powiat olkuski,powiat olkuski,4031
20,Wskaźnik dostępności bibliotek,2016,gmina,Bolesław,powiat olkuski,2580
20,Wskaźnik dostępności bibliotek,2016,gmina,Bukowno,powiat olkuski,1550
20,Wskaźnik dostępności bibliotek,2016,gmina,Klucze,powiat olkuski,5044
20,Wskaźnik dostępności bibliotek,2016,gmina,Olkusz,powiat olkuski,4948
20,Wskaźnik dostępności bibliotek,2016,gmina,Trzyciąż,powiat olkuski,3538
20,Wskaźnik dostępności bibliotek,2016,gmina,Wolbrom,powiat olkuski,5778
20,Wskaźnik dostępności bibliotek,2016,powiat,powiat oświęcimski,powiat oświęcimski,4986
20,Wskaźnik dostępności bibliotek,2016,gmina,Brzeszcze,powiat oświęcimski,38972
20,Wskaźnik dostępności bibliotek,2016,gmina,Chełmek,powiat oświęcimski,3581
20,Wskaźnik dostępności bibliotek,2016,gmina,Kęty,powiat oświęcimski,3263
20,Wskaźnik dostępności bibliotek,2016,gmina,Osiek,powiat oświęcimski,6868
20,Wskaźnik dostępności bibliotek,2016,gmina,Oświęcim (miasto),powiat oświęcimski,4085
20,Wskaźnik dostępności bibliotek,2016,gmina,Oświęcim (wieś),powiat oświęcimski,3035
20,Wskaźnik dostępności bibliotek,2016,gmina,Polanka Wielka,powiat oświęcimski,4303
20,Wskaźnik dostępności bibliotek,2016,gmina,Przeciszów,powiat oświęcimski,3363
20,Wskaźnik dostępności bibliotek,2016,gmina,Zator,powiat oświęcimski,2331
20,Wskaźnik dostępności bibliotek,2016,powiat,powiat proszowicki,powiat proszowicki,3968
20,Wskaźnik dostępności bibliotek,2016,gmina,Koniusza,powiat proszowicki,4489
20,Wskaźnik dostępności bibliotek,2016,gmina,Koszyce,powiat proszowicki,5573
20,Wskaźnik dostępności bibliotek,2016,gmina,Nowe Brzesko,powiat proszowicki,5741
20,Wskaźnik dostępności bibliotek,2016,gmina,Pałecznica,powiat proszowicki,3661
20,Wskaźnik dostępności bibliotek,2016,gmina,Proszowice,powiat proszowicki,4065
20,Wskaźnik dostępności bibliotek,2016,gmina,Radziemice,powiat proszowicki,1717
20,Wskaźnik dostępności bibliotek,2016,powiat,powiat suski,powiat suski,2716
20,Wskaźnik dostępności bibliotek,2016,gmina,Budzów,powiat suski,5351
20,Wskaźnik dostępności bibliotek,2016,gmina,Bystra-Sidzina,powiat suski,3122
20,Wskaźnik dostępności bibliotek,2016,gmina,Jordanów (miasto),powiat suski,1477
20,Wskaźnik dostępności bibliotek,2016,gmina,Jordanów (wieś),powiat suski,3410
20,Wskaźnik dostępności bibliotek,2016,gmina,Maków Podhalański,powiat suski,2208
20,Wskaźnik dostępności bibliotek,2016,gmina,Stryszawa,powiat suski,2708
20,Wskaźnik dostępności bibliotek,2016,gmina,Sucha Beskidzka,powiat suski,11799
20,Wskaźnik dostępności bibliotek,2016,gmina,Zawoja,powiat suski,3030
20,Wskaźnik dostępności bibliotek,2016,gmina,Zembrzyce,powiat suski,1402
20,Wskaźnik dostępności bibliotek,2016,powiat,powiat tarnowski,powiat tarnowski,3091
20,Wskaźnik dostępności bibliotek,2016,gmina,Ciężkowice,powiat tarnowski,3734
20,Wskaźnik dostępności bibliotek,2016,gmina,Gromnik,powiat tarnowski,2208
20,Wskaźnik dostępności bibliotek,2016,gmina,Lisia Góra,powiat tarnowski,2514
20,Wskaźnik dostępności bibliotek,2016,gmina,Pleśna,powiat tarnowski,2396
20,Wskaźnik dostępności bibliotek,2016,gmina,Radłów,powiat tarnowski,1953
20,Wskaźnik dostępności bibliotek,2016,gmina,Ryglice,powiat tarnowski,3899
20,Wskaźnik dostępności bibliotek,2016,gmina,Rzepiennik Strzyżewski,powiat tarnowski,1689
20,Wskaźnik dostępności bibliotek,2016,gmina,Skrzyszów,powiat tarnowski,3532
20,Wskaźnik dostępności bibliotek,2016,gmina,Szerzyny,powiat tarnowski,8570
20,Wskaźnik dostępności bibliotek,2016,gmina,Tarnów (wieś),powiat tarnowski,6027
20,Wskaźnik dostępności bibliotek,2016,gmina,Tuchów,powiat tarnowski,2156
20,Wskaźnik dostępności bibliotek,2016,gmina,Wierzchosławice,powiat tarnowski,2000
20,Wskaźnik dostępności bibliotek,2016,gmina,Wietrzychowice,powiat tarnowski,3359
20,Wskaźnik dostępności bibliotek,2016,gmina,Wojnicz,powiat tarnowski,3111
20,Wskaźnik dostępności bibliotek,2016,gmina,Zakliczyn,powiat tarnowski,3173
20,Wskaźnik dostępności bibliotek,2016,gmina,Żabno,powiat tarnowski,1989
20,Wskaźnik dostępności bibliotek,2016,powiat,powiat tatrzański,powiat tatrzański,3773
20,Wskaźnik dostępności bibliotek,2016,gmina,Biały Dunajec,powiat tatrzański,6826
20,Wskaźnik dostępności bibliotek,2016,gmina,Bukowina Tatrzańska,powiat tatrzański,3556
20,Wskaźnik dostępności bibliotek,2016,gmina,Kościelisko,powiat tatrzański,2653
20,Wskaźnik dostępności bibliotek,2016,gmina,Poronin,powiat tatrzański,2901
20,Wskaźnik dostępności bibliotek,2016,gmina,Zakopane,powiat tatrzański,2879
20,Wskaźnik dostępności bibliotek,2016,powiat,powiat wadowicki,powiat wadowicki,3548
20,Wskaźnik dostępności bibliotek,2016,gmina,Andrychów,powiat wadowicki,6265
20,Wskaźnik dostępności bibliotek,2016,gmina,Brzeźnica,powiat wadowicki,1699
20,Wskaźnik dostępności bibliotek,2016,gmina,Kalwaria Zebrzydowska,powiat wadowicki,3997
20,Wskaźnik dostępności bibliotek,2016,gmina,Lanckorona,powiat wadowicki,1545
20,Wskaźnik dostępności bibliotek,2016,gmina,Mucharz,powiat wadowicki,1014
20,Wskaźnik dostępności bibliotek,2016,gmina,Spytkowice,powiat wadowicki,3417
20,Wskaźnik dostępności bibliotek,2016,gmina,Stryszów,powiat wadowicki,2286
20,Wskaźnik dostępności bibliotek,2016,gmina,Tomice,powiat wadowicki,2003
20,Wskaźnik dostępności bibliotek,2016,gmina,Wadowice,powiat wadowicki,7608
20,Wskaźnik dostępności bibliotek,2016,gmina,Wieprz,powiat wadowicki,3060
20,Wskaźnik dostępności bibliotek,2016,powiat,powiat wielicki,powiat wielicki,6163
20,Wskaźnik dostępności bibliotek,2016,gmina,Biskupice,powiat wielicki,10014
20,Wskaźnik dostępności bibliotek,2016,gmina,Gdów,powiat wielicki,8932
20,Wskaźnik dostępności bibliotek,2016,gmina,Kłaj,powiat wielicki,3542
20,Wskaźnik dostępności bibliotek,2016,gmina,Niepołomice,powiat wielicki,5453
20,Wskaźnik dostępności bibliotek,2016,gmina,Wieliczka,powiat wielicki,6386
20,Wskaźnik dostępności bibliotek,2015,powiat,powiat bocheński,powiat bocheński,2703
20,Wskaźnik dostępności bibliotek,2015,gmina,Bochnia (miasto),powiat bocheński,4301
20,Wskaźnik dostępności bibliotek,2015,gmina,Bochnia (wieś),powiat bocheński,2170
20,Wskaźnik dostępności bibliotek,2015,gmina,Drwinia,powiat bocheński,2178
20,Wskaźnik dostępności bibliotek,2015,gmina,Lipnica Murowana,powiat bocheński,2800
20,Wskaźnik dostępności bibliotek,2015,gmina,Łapanów,powiat bocheński,1984
20,Wskaźnik dostępności bibliotek,2015,gmina,Nowy Wiśnicz,powiat bocheński,4586
20,Wskaźnik dostępności bibliotek,2015,gmina,Rzezawa,powiat bocheński,2223
20,Wskaźnik dostępności bibliotek,2015,gmina,Trzciana,powiat bocheński,1357
20,Wskaźnik dostępności bibliotek,2015,gmina,Żegocina,powiat bocheński,2702
20,Wskaźnik dostępności bibliotek,2015,powiat,powiat brzeski,powiat brzeski,3321
20,Wskaźnik dostępności bibliotek,2015,gmina,Borzęcin,powiat brzeski,2799
20,Wskaźnik dostępności bibliotek,2015,gmina,Brzesko,powiat brzeski,6049
20,Wskaźnik dostępności bibliotek,2015,gmina,Czchów,powiat brzeski,3271
20,Wskaźnik dostępności bibliotek,2015,gmina,Dębno,powiat brzeski,2921
20,Wskaźnik dostępności bibliotek,2015,gmina,Gnojnik,powiat brzeski,2630
20,Wskaźnik dostępności bibliotek,2015,gmina,Iwkowa,powiat brzeski,3160
20,Wskaźnik dostępności bibliotek,2015,gmina,Szczurowa,powiat brzeski,1610
20,Wskaźnik dostępności bibliotek,2015,powiat,powiat chrzanowski,powiat chrzanowski,3418
20,Wskaźnik dostępności bibliotek,2015,gmina,Alwernia,powiat chrzanowski,2114
20,Wskaźnik dostępności bibliotek,2015,gmina,Babice,powiat chrzanowski,1815
20,Wskaźnik dostępności bibliotek,2015,gmina,Chrzanów,powiat chrzanowski,5982
20,Wskaźnik dostępności bibliotek,2015,gmina,Libiąż,powiat chrzanowski,5662
20,Wskaźnik dostępności bibliotek,2015,gmina,Trzebinia,powiat chrzanowski,2443
20,Wskaźnik dostępności bibliotek,2015,powiat,powiat dąbrowski,powiat dąbrowski,2827
20,Wskaźnik dostępności bibliotek,2015,gmina,Bolesław,powiat dąbrowski,2752
20,Wskaźnik dostępności bibliotek,2015,gmina,Dąbrowa Tarnowska,powiat dąbrowski,4228
20,Wskaźnik dostępności bibliotek,2015,gmina,Gręboszów,powiat dąbrowski,1702
20,Wskaźnik dostępności bibliotek,2015,gmina,Mędrzechów,powiat dąbrowski,1772
20,Wskaźnik dostępności bibliotek,2015,gmina,Olesno,powiat dąbrowski,2636
20,Wskaźnik dostępności bibliotek,2015,gmina,Radgoszcz,powiat dąbrowski,7417
20,Wskaźnik dostępności bibliotek,2015,gmina,Szczucin,powiat dąbrowski,1887
20,Wskaźnik dostępności bibliotek,2015,powiat,powiat gorlicki,powiat gorlicki,3411
20,Wskaźnik dostępności bibliotek,2015,gmina,Biecz,powiat gorlicki,3394
20,Wskaźnik dostępności bibliotek,2015,gmina,Bobowa,powiat gorlicki,3236
20,Wskaźnik dostępności bibliotek,2015,gmina,Gorlice (miasto),powiat gorlicki,7015
20,Wskaźnik dostępności bibliotek,2015,gmina,Gorlice (wieś),powiat gorlicki,3431
20,Wskaźnik dostępności bibliotek,2015,gmina,Lipinki,powiat gorlicki,2260
20,Wskaźnik dostępności bibliotek,2015,gmina,Łużna,powiat gorlicki,2800
20,Wskaźnik dostępności bibliotek,2015,gmina,Moszczenica,powiat gorlicki,2448
20,Wskaźnik dostępności bibliotek,2015,gmina,Ropa,powiat gorlicki,2684
20,Wskaźnik dostępności bibliotek,2015,gmina,Sękowa,powiat gorlicki,5001
20,Wskaźnik dostępności bibliotek,2015,gmina,Uście Gorlickie,powiat gorlicki,1701
20,Wskaźnik dostępności bibliotek,2015,powiat,powiat krakowski,powiat krakowski,3381
20,Wskaźnik dostępności bibliotek,2015,gmina,Czernichów,powiat krakowski,2863
20,Wskaźnik dostępności bibliotek,2015,gmina,Igołomia-Wawrzeńczyce,powiat krakowski,2571
20,Wskaźnik dostępności bibliotek,2015,gmina,Iwanowice,powiat krakowski,2990
20,Wskaźnik dostępności bibliotek,2015,gmina,Jerzmanowice-Przeginia,powiat krakowski,2710
20,Wskaźnik dostępności bibliotek,2015,gmina,Kocmyrzów-Luborzyca,powiat krakowski,4981
20,Wskaźnik dostępności bibliotek,2015,gmina,Krzeszowice,powiat krakowski,3239
20,Wskaźnik dostępności bibliotek,2015,gmina,Liszki,powiat krakowski,5605
20,Wskaźnik dostępności bibliotek,2015,gmina,Michałowice,powiat krakowski,3327
20,Wskaźnik dostępności bibliotek,2015,gmina,Mogilany,powiat krakowski,6766
20,Wskaźnik dostępności bibliotek,2015,gmina,Skała,powiat krakowski,3492
20,Wskaźnik dostępności bibliotek,2015,gmina,Skawina,powiat krakowski,1878
20,Wskaźnik dostępności bibliotek,2015,gmina,Słomniki,powiat krakowski,3410
20,Wskaźnik dostępności bibliotek,2015,gmina,Sułoszowa,powiat krakowski,2918
20,Wskaźnik dostępności bibliotek,2015,gmina,Świątniki Górne,powiat krakowski,4887
20,Wskaźnik dostępności bibliotek,2015,gmina,Wielka Wieś,powiat krakowski,3744
20,Wskaźnik dostępności bibliotek,2015,gmina,Zabierzów,powiat krakowski,6391
20,Wskaźnik dostępności bibliotek,2015,gmina,Zielonki,powiat krakowski,7093
20,Wskaźnik dostępności bibliotek,2015,powiat,powiat limanowski,powiat limanowski,3505
20,Wskaźnik dostępności bibliotek,2015,gmina,Dobra,powiat limanowski,3292
20,Wskaźnik dostępności bibliotek,2015,gmina,Jodłownik,powiat limanowski,1703
20,Wskaźnik dostępności bibliotek,2015,gmina,Kamienica,powiat limanowski,2601
20,Wskaźnik dostępności bibliotek,2015,gmina,Laskowa,powiat limanowski,4012
20,Wskaźnik dostępności bibliotek,2015,gmina,Limanowa (miasto),powiat limanowski,15128
20,Wskaźnik dostępności bibliotek,2015,gmina,Limanowa (wieś),powiat limanowski,3104
20,Wskaźnik dostępności bibliotek,2015,gmina,Łukowica,powiat limanowski,3286
20,Wskaźnik dostępności bibliotek,2015,gmina,Mszana Dolna (miasto),powiat limanowski,7924
20,Wskaźnik dostępności bibliotek,2015,gmina,Mszana Dolna (wieś),powiat limanowski,2182
20,Wskaźnik dostępności bibliotek,2015,gmina,Niedźwiedź,powiat limanowski,7257
20,Wskaźnik dostępności bibliotek,2015,gmina,Słopnice,powiat limanowski,6541
20,Wskaźnik dostępności bibliotek,2015,gmina,Tymbark,powiat limanowski,6488
20,Wskaźnik dostępności bibliotek,2015,powiat,powiat m. Kraków,powiat m. Kraków,10426
20,Wskaźnik dostępności bibliotek,2015,powiat,powiat m. Nowy Sącz,powiat m. Nowy Sącz,10488
20,Wskaźnik dostępności bibliotek,2015,powiat,powiat m. Tarnów,powiat m. Tarnów,10059
20,Wskaźnik dostępności bibliotek,2015,powiat,powiat miechowski,powiat miechowski,3542
20,Wskaźnik dostępności bibliotek,2015,gmina,Charsznica,powiat miechowski,7573
20,Wskaźnik dostępności bibliotek,2015,gmina,Gołcza,powiat miechowski,3076
20,Wskaźnik dostępności bibliotek,2015,gmina,Kozłów,powiat miechowski,1572
20,Wskaźnik dostępności bibliotek,2015,gmina,Książ Wielki,powiat miechowski,5211
20,Wskaźnik dostępności bibliotek,2015,gmina,Miechów,powiat miechowski,3966
20,Wskaźnik dostępności bibliotek,2015,gmina,Racławice,powiat miechowski,2456
20,Wskaźnik dostępności bibliotek,2015,gmina,Słaboszów,powiat miechowski,3652
20,Wskaźnik dostępności bibliotek,2015,powiat,powiat myślenicki,powiat myślenicki,5683
20,Wskaźnik dostępności bibliotek,2015,gmina,Dobczyce,powiat myślenicki,15168
20,Wskaźnik dostępności bibliotek,2015,gmina,Lubień,powiat myślenicki,2502
20,Wskaźnik dostępności bibliotek,2015,gmina,Myślenice,powiat myślenicki,8699
20,Wskaźnik dostępności bibliotek,2015,gmina,Pcim,powiat myślenicki,5491
20,Wskaźnik dostępności bibliotek,2015,gmina,Raciechowice,powiat myślenicki,6231
20,Wskaźnik dostępności bibliotek,2015,gmina,Siepraw,powiat myślenicki,4318
20,Wskaźnik dostępności bibliotek,2015,gmina,Sułkowice,powiat myślenicki,3666
20,Wskaźnik dostępności bibliotek,2015,gmina,Tokarnia,powiat myślenicki,8581
20,Wskaźnik dostępności bibliotek,2015,gmina,Wiśniowa,powiat myślenicki,3629
20,Wskaźnik dostępności bibliotek,2015,powiat,powiat nowosądecki,powiat nowosądecki,3548
20,Wskaźnik dostępności bibliotek,2015,gmina,Podegrodzie,powiat nowosądecki,3212
20,Wskaźnik dostępności bibliotek,2015,gmina,Rytro,powiat nowosądecki,3857
20,Wskaźnik dostępności bibliotek,2015,gmina,Stary Sącz,powiat nowosądecki,4689
20,Wskaźnik dostępności bibliotek,2015,gmina,Chełmiec,powiat nowosądecki,5538
20,Wskaźnik dostępności bibliotek,2015,gmina,Gródek nad Dunajcem,powiat nowosądecki,4608
20,Wskaźnik dostępności bibliotek,2015,gmina,Grybów (miasto),powiat nowosądecki,3026
20,Wskaźnik dostępności bibliotek,2015,gmina,Grybów (wieś),powiat nowosądecki,2482
20,Wskaźnik dostępności bibliotek,2015,gmina,Kamionka Wielka,powiat nowosądecki,3380
20,Wskaźnik dostępności bibliotek,2015,gmina,Korzenna,powiat nowosądecki,2035
20,Wskaźnik dostępności bibliotek,2015,gmina,Krynica-Zdrój,powiat nowosądecki,3372
20,Wskaźnik dostępności bibliotek,2015,gmina,Łabowa,powiat nowosądecki,2960
20,Wskaźnik dostępności bibliotek,2015,gmina,Łącko,powiat nowosądecki,4047
20,Wskaźnik dostępności bibliotek,2015,gmina,Łososina Dolna,powiat nowosądecki,5388
20,Wskaźnik dostępności bibliotek,2015,gmina,Muszyna,powiat nowosądecki,3892
20,Wskaźnik dostępności bibliotek,2015,gmina,Nawojowa,powiat nowosądecki,2830
20,Wskaźnik dostępności bibliotek,2015,gmina,Piwniczna-Zdrój,powiat nowosądecki,5336
20,Wskaźnik dostępności bibliotek,2015,powiat,powiat nowotarski,powiat nowotarski,3402
20,Wskaźnik dostępności bibliotek,2015,gmina,Czarny Dunajec,powiat nowotarski,2227
20,Wskaźnik dostępności bibliotek,2015,gmina,Czorsztyn,powiat nowotarski,1263
20,Wskaźnik dostępności bibliotek,2015,gmina,Jabłonka,powiat nowotarski,3045
20,Wskaźnik dostępności bibliotek,2015,gmina,Krościenko nad Dunajcem,powiat nowotarski,3378
20,Wskaźnik dostępności bibliotek,2015,gmina,Lipnica Wielka,powiat nowotarski,5981
20,Wskaźnik dostępności bibliotek,2015,gmina,Łapsze Niżne,powiat nowotarski,2309
20,Wskaźnik dostępności bibliotek,2015,gmina,Nowy Targ (miasto),powiat nowotarski,11170
20,Wskaźnik dostępności bibliotek,2015,gmina,Nowy Targ (wieś),powiat nowotarski,1824
20,Wskaźnik dostępności bibliotek,2015,gmina,Ochotnica Dolna,powiat nowotarski,2823
20,Wskaźnik dostępności bibliotek,2015,gmina,Raba Wyżna,powiat nowotarski,4868
20,Wskaźnik dostępności bibliotek,2015,gmina,Rabka-Zdrój,powiat nowotarski,17322
20,Wskaźnik dostępności bibliotek,2015,gmina,Spytkowice,powiat nowotarski,4491
20,Wskaźnik dostępności bibliotek,2015,gmina,Szaflary,powiat nowotarski,5458
20,Wskaźnik dostępności bibliotek,2015,gmina,Szczawnica,powiat nowotarski,7402
20,Wskaźnik dostępności bibliotek,2015,powiat,powiat olkuski,powiat olkuski,3772
20,Wskaźnik dostępności bibliotek,2015,gmina,Bolesław,powiat olkuski,1560
20,Wskaźnik dostępności bibliotek,2015,gmina,Bukowno,powiat olkuski,2585
20,Wskaźnik dostępności bibliotek,2015,gmina,Klucze,powiat olkuski,3035
20,Wskaźnik dostępności bibliotek,2015,gmina,Olkusz,powiat olkuski,4952
20,Wskaźnik dostępności bibliotek,2015,gmina,Trzyciąż,powiat olkuski,2362
20,Wskaźnik dostępności bibliotek,2015,gmina,Wolbrom,powiat olkuski,7744
20,Wskaźnik dostępności bibliotek,2015,powiat,powiat oświęcimski,powiat oświęcimski,4994
20,Wskaźnik dostępności bibliotek,2015,gmina,Brzeszcze,powiat oświęcimski,3588
20,Wskaźnik dostępności bibliotek,2015,gmina,Chełmek,powiat oświęcimski,3276
20,Wskaźnik dostępności bibliotek,2015,gmina,Kęty,powiat oświęcimski,6867
20,Wskaźnik dostępności bibliotek,2015,gmina,Osiek,powiat oświęcimski,4090
20,Wskaźnik dostępności bibliotek,2015,gmina,Oświęcim (miasto),powiat oświęcimski,39215
20,Wskaźnik dostępności bibliotek,2015,gmina,Oświęcim (wieś),powiat oświęcimski,3021
20,Wskaźnik dostępności bibliotek,2015,gmina,Polanka Wielka,powiat oświęcimski,4276
20,Wskaźnik dostępności bibliotek,2015,gmina,Przeciszów,powiat oświęcimski,3366
20,Wskaźnik dostępności bibliotek,2015,gmina,Zator,powiat oświęcimski,2332
20,Wskaźnik dostępności bibliotek,2015,powiat,powiat proszowicki,powiat proszowicki,3974
20,Wskaźnik dostępności bibliotek,2015,gmina,Koniusza,powiat proszowicki,4435
20,Wskaźnik dostępności bibliotek,2015,gmina,Koszyce,powiat proszowicki,5611
20,Wskaźnik dostępności bibliotek,2015,gmina,Nowe Brzesko,powiat proszowicki,5763
20,Wskaźnik dostępności bibliotek,2015,gmina,Pałecznica,powiat proszowicki,3670
20,Wskaźnik dostępności bibliotek,2015,gmina,Proszowice,powiat proszowicki,4091
20,Wskaźnik dostępności bibliotek,2015,gmina,Radziemice,powiat proszowicki,1720
20,Wskaźnik dostępności bibliotek,2015,powiat,powiat suski,powiat suski,2715
20,Wskaźnik dostępności bibliotek,2015,gmina,Budzów,powiat suski,1469
20,Wskaźnik dostępności bibliotek,2015,gmina,Bystra-Sidzina,powiat suski,3393
20,Wskaźnik dostępności bibliotek,2015,gmina,Jordanów (miasto),powiat suski,5324
20,Wskaźnik dostępności bibliotek,2015,gmina,Jordanów (wieś),powiat suski,2202
20,Wskaźnik dostępności bibliotek,2015,gmina,Maków Podhalański,powiat suski,2725
20,Wskaźnik dostępności bibliotek,2015,gmina,Stryszawa,powiat suski,11777
20,Wskaźnik dostępności bibliotek,2015,gmina,Sucha Beskidzka,powiat suski,3144
20,Wskaźnik dostępności bibliotek,2015,gmina,Zawoja,powiat suski,3019
20,Wskaźnik dostępności bibliotek,2015,gmina,Zembrzyce,powiat suski,1406
20,Wskaźnik dostępności bibliotek,2015,powiat,powiat tarnowski,powiat tarnowski,3086
20,Wskaźnik dostępności bibliotek,2015,gmina,Ciężkowice,powiat tarnowski,3748
20,Wskaźnik dostępności bibliotek,2015,gmina,Gromnik,powiat tarnowski,2202
20,Wskaźnik dostępności bibliotek,2015,gmina,Lisia Góra,powiat tarnowski,2496
20,Wskaźnik dostępności bibliotek,2015,gmina,Pleśna,powiat tarnowski,2395
20,Wskaźnik dostępności bibliotek,2015,gmina,Radłów,powiat tarnowski,1960
20,Wskaźnik dostępności bibliotek,2015,gmina,Ryglice,powiat tarnowski,3903
20,Wskaźnik dostępności bibliotek,2015,gmina,Rzepiennik Strzyżewski,powiat tarnowski,1691
20,Wskaźnik dostępności bibliotek,2015,gmina,Skrzyszów,powiat tarnowski,3521
20,Wskaźnik dostępności bibliotek,2015,gmina,Szerzyny,powiat tarnowski,2001
20,Wskaźnik dostępności bibliotek,2015,gmina,Tarnów (wieś),powiat tarnowski,8519
20,Wskaźnik dostępności bibliotek,2015,gmina,Tuchów,powiat tarnowski,6052
20,Wskaźnik dostępności bibliotek,2015,gmina,Wierzchosławice,powiat tarnowski,2144
20,Wskaźnik dostępności bibliotek,2015,gmina,Wietrzychowice,powiat tarnowski,1998
20,Wskaźnik dostępności bibliotek,2015,gmina,Wojnicz,powiat tarnowski,3348
20,Wskaźnik dostępności bibliotek,2015,gmina,Zakliczyn,powiat tarnowski,3102
20,Wskaźnik dostępności bibliotek,2015,gmina,Żabno,powiat tarnowski,3168
20,Wskaźnik dostępności bibliotek,2015,powiat,powiat tatrzański,powiat tatrzański,3771
20,Wskaźnik dostępności bibliotek,2015,gmina,Biały Dunajec,powiat tatrzański,3556
20,Wskaźnik dostępności bibliotek,2015,gmina,Bukowina Tatrzańska,powiat tatrzański,2640
20,Wskaźnik dostępności bibliotek,2015,gmina,Kościelisko,powiat tatrzański,2886
20,Wskaźnik dostępności bibliotek,2015,gmina,Poronin,powiat tatrzański,2868
20,Wskaźnik dostępności bibliotek,2015,gmina,Zakopane,powiat tatrzański,6860
20,Wskaźnik dostępności bibliotek,2015,powiat,powiat wadowicki,powiat wadowicki,3468
20,Wskaźnik dostępności bibliotek,2015,gmina,Andrychów,powiat wadowicki,5495
20,Wskaźnik dostępności bibliotek,2015,gmina,Brzeźnica,powiat wadowicki,1698
20,Wskaźnik dostępności bibliotek,2015,gmina,Kalwaria Zebrzydowska,powiat wadowicki,3979
20,Wskaźnik dostępności bibliotek,2015,gmina,Lanckorona,powiat wadowicki,1537
20,Wskaźnik dostępności bibliotek,2015,gmina,Mucharz,powiat wadowicki,1008
20,Wskaźnik dostępności bibliotek,2015,gmina,Spytkowice,powiat wadowicki,3414
20,Wskaźnik dostępności bibliotek,2015,gmina,Stryszów,powiat wadowicki,2275
20,Wskaźnik dostępności bibliotek,2015,gmina,Tomice,powiat wadowicki,1982
20,Wskaźnik dostępności bibliotek,2015,gmina,Wadowice,powiat wadowicki,7624
20,Wskaźnik dostępności bibliotek,2015,gmina,Wieprz,powiat wadowicki,3050
20,Wskaźnik dostępności bibliotek,2015,powiat,powiat wielicki,powiat wielicki,6077
20,Wskaźnik dostępności bibliotek,2015,gmina,Biskupice,powiat wielicki,9872
20,Wskaźnik dostępności bibliotek,2015,gmina,Gdów,powiat wielicki,8879
20,Wskaźnik dostępności bibliotek,2015,gmina,Kłaj,powiat wielicki,3522
20,Wskaźnik dostępności bibliotek,2015,gmina,Niepołomice,powiat wielicki,5327
20,Wskaźnik dostępności bibliotek,2015,gmina,Wieliczka,powiat wielicki,6300
20,Wskaźnik dostępności bibliotek,2014,powiat,powiat bocheński,powiat bocheński,2694
20,Wskaźnik dostępności bibliotek,2014,gmina,Bochnia (miasto),powiat bocheński,4301
20,Wskaźnik dostępności bibliotek,2014,gmina,Bochnia (wieś),powiat bocheński,2158
20,Wskaźnik dostępności bibliotek,2014,gmina,Drwinia,powiat bocheński,2161
20,Wskaźnik dostępności bibliotek,2014,gmina,Lipnica Murowana,powiat bocheński,2794
20,Wskaźnik dostępności bibliotek,2014,gmina,Łapanów,powiat bocheński,1974
20,Wskaźnik dostępności bibliotek,2014,gmina,Nowy Wiśnicz,powiat bocheński,4561
20,Wskaźnik dostępności bibliotek,2014,gmina,Rzezawa,powiat bocheński,2226
20,Wskaźnik dostępności bibliotek,2014,gmina,Trzciana,powiat bocheński,1351
20,Wskaźnik dostępności bibliotek,2014,gmina,Żegocina,powiat bocheński,2689
20,Wskaźnik dostępności bibliotek,2014,powiat,powiat brzeski,powiat brzeski,3318
20,Wskaźnik dostępności bibliotek,2014,gmina,Borzęcin,powiat brzeski,2808
20,Wskaźnik dostępności bibliotek,2014,gmina,Brzesko,powiat brzeski,6057
20,Wskaźnik dostępności bibliotek,2014,gmina,Czchów,powiat brzeski,3241
20,Wskaźnik dostępności bibliotek,2014,gmina,Dębno,powiat brzeski,2912
20,Wskaźnik dostępności bibliotek,2014,gmina,Gnojnik,powiat brzeski,2619
20,Wskaźnik dostępności bibliotek,2014,gmina,Iwkowa,powiat brzeski,3146
20,Wskaźnik dostępności bibliotek,2014,gmina,Szczurowa,powiat brzeski,1618
20,Wskaźnik dostępności bibliotek,2014,powiat,powiat chrzanowski,powiat chrzanowski,3428
20,Wskaźnik dostępności bibliotek,2014,gmina,Alwernia,powiat chrzanowski,2121
20,Wskaźnik dostępności bibliotek,2014,gmina,Babice,powiat chrzanowski,1811
20,Wskaźnik dostępności bibliotek,2014,gmina,Chrzanów,powiat chrzanowski,6017
20,Wskaźnik dostępności bibliotek,2014,gmina,Libiąż,powiat chrzanowski,5667
20,Wskaźnik dostępności bibliotek,2014,gmina,Trzebinia,powiat chrzanowski,2447
20,Wskaźnik dostępności bibliotek,2014,powiat,powiat dąbrowski,powiat dąbrowski,2703
20,Wskaźnik dostępności bibliotek,2014,gmina,Bolesław,powiat dąbrowski,1562
20,Wskaźnik dostępności bibliotek,2014,gmina,Dąbrowa Tarnowska,powiat dąbrowski,4227
20,Wskaźnik dostępności bibliotek,2014,gmina,Gręboszów,powiat dąbrowski,1729
20,Wskaźnik dostępności bibliotek,2014,gmina,Mędrzechów,powiat dąbrowski,1761
20,Wskaźnik dostępności bibliotek,2014,gmina,Olesno,powiat dąbrowski,1972
20,Wskaźnik dostępności bibliotek,2014,gmina,Radgoszcz,powiat dąbrowski,7393
20,Wskaźnik dostępności bibliotek,2014,gmina,Szczucin,powiat dąbrowski,1900
20,Wskaźnik dostępności bibliotek,2014,powiat,powiat gorlicki,powiat gorlicki,3412
20,Wskaźnik dostępności bibliotek,2014,gmina,Biecz,powiat gorlicki,3400
20,Wskaźnik dostępności bibliotek,2014,gmina,Bobowa,powiat gorlicki,3204
20,Wskaźnik dostępności bibliotek,2014,gmina,Gorlice (miasto),powiat gorlicki,7064
20,Wskaźnik dostępności bibliotek,2014,gmina,Gorlice (wieś),powiat gorlicki,3429
20,Wskaźnik dostępności bibliotek,2014,gmina,Lipinki,powiat gorlicki,2261
20,Wskaźnik dostępności bibliotek,2014,gmina,Łużna,powiat gorlicki,2788
20,Wskaźnik dostępności bibliotek,2014,gmina,Moszczenica,powiat gorlicki,2442
20,Wskaźnik dostępności bibliotek,2014,gmina,Ropa,powiat gorlicki,2687
20,Wskaźnik dostępności bibliotek,2014,gmina,Sękowa,powiat gorlicki,5009
20,Wskaźnik dostępności bibliotek,2014,gmina,Uście Gorlickie,powiat gorlicki,1689
20,Wskaźnik dostępności bibliotek,2014,powiat,powiat krakowski,powiat krakowski,3399
20,Wskaźnik dostępności bibliotek,2014,gmina,Czernichów,powiat krakowski,2829
20,Wskaźnik dostępności bibliotek,2014,gmina,Igołomia-Wawrzeńczyce,powiat krakowski,2570
20,Wskaźnik dostępności bibliotek,2014,gmina,Iwanowice,powiat krakowski,2975
20,Wskaźnik dostępności bibliotek,2014,gmina,Jerzmanowice-Przeginia,powiat krakowski,2702
20,Wskaźnik dostępności bibliotek,2014,gmina,Kocmyrzów-Luborzyca,powiat krakowski,4923
20,Wskaźnik dostępności bibliotek,2014,gmina,Krzeszowice,powiat krakowski,3245
20,Wskaźnik dostępności bibliotek,2014,gmina,Liszki,powiat krakowski,8359
20,Wskaźnik dostępności bibliotek,2014,gmina,Michałowice,powiat krakowski,3282
20,Wskaźnik dostępności bibliotek,2014,gmina,Mogilany,powiat krakowski,6680
20,Wskaźnik dostępności bibliotek,2014,gmina,Skała,powiat krakowski,2093
20,Wskaźnik dostępności bibliotek,2014,gmina,Skawina,powiat krakowski,2157
20,Wskaźnik dostępności bibliotek,2014,gmina,Słomniki,powiat krakowski,3420
20,Wskaźnik dostępności bibliotek,2014,gmina,Sułoszowa,powiat krakowski,2902
20,Wskaźnik dostępności bibliotek,2014,gmina,Świątniki Górne,powiat krakowski,4843
20,Wskaźnik dostępności bibliotek,2014,gmina,Wielka Wieś,powiat krakowski,2765
20,Wskaźnik dostępności bibliotek,2014,gmina,Zabierzów,powiat krakowski,6328
20,Wskaźnik dostępności bibliotek,2014,gmina,Zielonki,powiat krakowski,6884
20,Wskaźnik dostępności bibliotek,2014,powiat,powiat limanowski,powiat limanowski,3585
20,Wskaźnik dostępności bibliotek,2014,gmina,Dobra,powiat limanowski,3285
20,Wskaźnik dostępności bibliotek,2014,gmina,Jodłownik,powiat limanowski,1687
20,Wskaźnik dostępności bibliotek,2014,gmina,Kamienica,powiat limanowski,2592
20,Wskaźnik dostępności bibliotek,2014,gmina,Laskowa,powiat limanowski,3980
20,Wskaźnik dostępności bibliotek,2014,gmina,Limanowa (miasto),powiat limanowski,15078
20,Wskaźnik dostępności bibliotek,2014,gmina,Limanowa (wieś),powiat limanowski,3083
20,Wskaźnik dostępności bibliotek,2014,gmina,Łukowica,powiat limanowski,4909
20,Wskaźnik dostępności bibliotek,2014,gmina,Mszana Dolna (miasto),powiat limanowski,7890
20,Wskaźnik dostępności bibliotek,2014,gmina,Mszana Dolna (wieś),powiat limanowski,2171
20,Wskaźnik dostępności bibliotek,2014,gmina,Niedźwiedź,powiat limanowski,7225
20,Wskaźnik dostępności bibliotek,2014,gmina,Słopnice,powiat limanowski,6514
20,Wskaźnik dostępności bibliotek,2014,gmina,Tymbark,powiat limanowski,6500
20,Wskaźnik dostępności bibliotek,2014,powiat,powiat m. Kraków,powiat m. Kraków,10437
20,Wskaźnik dostępności bibliotek,2014,powiat,powiat m. Nowy Sącz,powiat m. Nowy Sącz,10482
20,Wskaźnik dostępności bibliotek,2014,powiat,powiat m. Tarnów,powiat m. Tarnów,10125
20,Wskaźnik dostępności bibliotek,2014,powiat,powiat miechowski,powiat miechowski,3559
20,Wskaźnik dostępności bibliotek,2014,gmina,Charsznica,powiat miechowski,7603
20,Wskaźnik dostępności bibliotek,2014,gmina,Gołcza,powiat miechowski,3102
20,Wskaźnik dostępności bibliotek,2014,gmina,Kozłów,powiat miechowski,1575
20,Wskaźnik dostępności bibliotek,2014,gmina,Książ Wielki,powiat miechowski,5211
20,Wskaźnik dostępności bibliotek,2014,gmina,Miechów,powiat miechowski,3987
20,Wskaźnik dostępności bibliotek,2014,gmina,Racławice,powiat miechowski,2462
20,Wskaźnik dostępności bibliotek,2014,gmina,Słaboszów,powiat miechowski,3687
20,Wskaźnik dostępności bibliotek,2014,powiat,powiat myślenicki,powiat myślenicki,5658
20,Wskaźnik dostępności bibliotek,2014,gmina,Dobczyce,powiat myślenicki,15114
20,Wskaźnik dostępności bibliotek,2014,gmina,Lubień,powiat myślenicki,2485
20,Wskaźnik dostępności bibliotek,2014,gmina,Myślenice,powiat myślenicki,8650
20,Wskaźnik dostępności bibliotek,2014,gmina,Pcim,powiat myślenicki,5485
20,Wskaźnik dostępności bibliotek,2014,gmina,Raciechowice,powiat myślenicki,6208
20,Wskaźnik dostępności bibliotek,2014,gmina,Siepraw,powiat myślenicki,4283
20,Wskaźnik dostępności bibliotek,2014,gmina,Sułkowice,powiat myślenicki,3663
20,Wskaźnik dostępności bibliotek,2014,gmina,Tokarnia,powiat myślenicki,8559
20,Wskaźnik dostępności bibliotek,2014,gmina,Wiśniowa,powiat myślenicki,3615
20,Wskaźnik dostępności bibliotek,2014,powiat,powiat nowosądecki,powiat nowosądecki,3590
20,Wskaźnik dostępności bibliotek,2014,gmina,Podegrodzie,powiat nowosądecki,3182
20,Wskaźnik dostępności bibliotek,2014,gmina,Rytro,powiat nowosądecki,3853
20,Wskaźnik dostępności bibliotek,2014,gmina,Stary Sącz,powiat nowosądecki,4679
20,Wskaźnik dostępności bibliotek,2014,gmina,Chełmiec,powiat nowosądecki,5477
20,Wskaźnik dostępności bibliotek,2014,gmina,Gródek nad Dunajcem,powiat nowosądecki,2196
20,Wskaźnik dostępności bibliotek,2014,gmina,Grybów (miasto),powiat nowosądecki,6063
20,Wskaźnik dostępności bibliotek,2014,gmina,Grybów (wieś),powiat nowosądecki,2462
20,Wskaźnik dostępności bibliotek,2014,gmina,Kamionka Wielka,powiat nowosądecki,3367
20,Wskaźnik dostępności bibliotek,2014,gmina,Korzenna,powiat nowosądecki,2028
20,Wskaźnik dostępności bibliotek,2014,gmina,Krynica-Zdrój,powiat nowosądecki,3372
20,Wskaźnik dostępności bibliotek,2014,gmina,Łabowa,powiat nowosądecki,2916
20,Wskaźnik dostępności bibliotek,2014,gmina,Łącko,powiat nowosądecki,4029
20,Wskaźnik dostępności bibliotek,2014,gmina,Łososina Dolna,powiat nowosądecki,5351
20,Wskaźnik dostępności bibliotek,2014,gmina,Muszyna,powiat nowosądecki,3898
20,Wskaźnik dostępności bibliotek,2014,gmina,Nawojowa,powiat nowosądecki,2808
20,Wskaźnik dostępności bibliotek,2014,gmina,Piwniczna-Zdrój,powiat nowosądecki,5334
20,Wskaźnik dostępności bibliotek,2014,powiat,powiat nowotarski,powiat nowotarski,3336
20,Wskaźnik dostępności bibliotek,2014,gmina,Czarny Dunajec,powiat nowotarski,2216
20,Wskaźnik dostępności bibliotek,2014,gmina,Czorsztyn,powiat nowotarski,1262
20,Wskaźnik dostępności bibliotek,2014,gmina,Jabłonka,powiat nowotarski,3024
20,Wskaźnik dostępności bibliotek,2014,gmina,Krościenko nad Dunajcem,powiat nowotarski,3361
20,Wskaźnik dostępności bibliotek,2014,gmina,Lipnica Wielka,powiat nowotarski,5961
20,Wskaźnik dostępności bibliotek,2014,gmina,Łapsze Niżne,powiat nowotarski,2301
20,Wskaźnik dostępności bibliotek,2014,gmina,Nowy Targ (miasto),powiat nowotarski,11199
20,Wskaźnik dostępności bibliotek,2014,gmina,Nowy Targ (wieś),powiat nowotarski,1816
20,Wskaźnik dostępności bibliotek,2014,gmina,Ochotnica Dolna,powiat nowotarski,2807
20,Wskaźnik dostępności bibliotek,2014,gmina,Raba Wyżna,powiat nowotarski,4852
20,Wskaźnik dostępności bibliotek,2014,gmina,Rabka-Zdrój,powiat nowotarski,17416
20,Wskaźnik dostępności bibliotek,2014,gmina,Spytkowice,powiat nowotarski,3404
20,Wskaźnik dostępności bibliotek,2014,gmina,Szaflary,powiat nowotarski,5437
20,Wskaźnik dostępności bibliotek,2014,gmina,Szczawnica,powiat nowotarski,7445
20,Wskaźnik dostępności bibliotek,2014,powiat,powiat olkuski,powiat olkuski,3919
20,Wskaźnik dostępności bibliotek,2014,gmina,Bolesław,powiat olkuski,2778
20,Wskaźnik dostępności bibliotek,2014,gmina,Bukowno,powiat olkuski,2584
20,Wskaźnik dostępności bibliotek,2014,gmina,Klucze,powiat olkuski,3056
20,Wskaźnik dostępności bibliotek,2014,gmina,Olkusz,powiat olkuski,4980
20,Wskaźnik dostępności bibliotek,2014,gmina,Trzyciąż,powiat olkuski,3531
20,Wskaźnik dostępności bibliotek,2014,gmina,Wolbrom,powiat olkuski,7787
20,Wskaźnik dostępności bibliotek,2014,powiat,powiat oświęcimski,powiat oświęcimski,4999
20,Wskaźnik dostępności bibliotek,2014,gmina,Brzeszcze,powiat oświęcimski,3598
20,Wskaźnik dostępności bibliotek,2014,gmina,Chełmek,powiat oświęcimski,3271
20,Wskaźnik dostępności bibliotek,2014,gmina,Kęty,powiat oświęcimski,6871
20,Wskaźnik dostępności bibliotek,2014,gmina,Osiek,powiat oświęcimski,4065
20,Wskaźnik dostępności bibliotek,2014,gmina,Oświęcim (miasto),powiat oświęcimski,39444
20,Wskaźnik dostępności bibliotek,2014,gmina,Oświęcim (wieś),powiat oświęcimski,3007
20,Wskaźnik dostępności bibliotek,2014,gmina,Polanka Wielka,powiat oświęcimski,4269
20,Wskaźnik dostępności bibliotek,2014,gmina,Przeciszów,powiat oświęcimski,3367
20,Wskaźnik dostępności bibliotek,2014,gmina,Zator,powiat oświęcimski,2332
20,Wskaźnik dostępności bibliotek,2014,powiat,powiat proszowicki,powiat proszowicki,3990
20,Wskaźnik dostępności bibliotek,2014,gmina,Koniusza,powiat proszowicki,4458
20,Wskaźnik dostępności bibliotek,2014,gmina,Koszyce,powiat proszowicki,5651
20,Wskaźnik dostępności bibliotek,2014,gmina,Nowe Brzesko,powiat proszowicki,5812
20,Wskaźnik dostępności bibliotek,2014,gmina,Pałecznica,powiat proszowicki,3682
20,Wskaźnik dostępności bibliotek,2014,gmina,Proszowice,powiat proszowicki,4094
20,Wskaźnik dostępności bibliotek,2014,gmina,Radziemice,powiat proszowicki,1727
20,Wskaźnik dostępności bibliotek,2014,powiat,powiat suski,powiat suski,2714
20,Wskaźnik dostępności bibliotek,2014,gmina,Budzów,powiat suski,1462
20,Wskaźnik dostępności bibliotek,2014,gmina,Bystra-Sidzina,powiat suski,3389
20,Wskaźnik dostępności bibliotek,2014,gmina,Jordanów (miasto),powiat suski,5305
20,Wskaźnik dostępności bibliotek,2014,gmina,Jordanów (wieś),powiat suski,2197
20,Wskaźnik dostępności bibliotek,2014,gmina,Maków Podhalański,powiat suski,2727
20,Wskaźnik dostępności bibliotek,2014,gmina,Stryszawa,powiat suski,11815
20,Wskaźnik dostępności bibliotek,2014,gmina,Sucha Beskidzka,powiat suski,3138
20,Wskaźnik dostępności bibliotek,2014,gmina,Zawoja,powiat suski,3024
20,Wskaźnik dostępności bibliotek,2014,gmina,Zembrzyce,powiat suski,1410
20,Wskaźnik dostępności bibliotek,2014,powiat,powiat tarnowski,powiat tarnowski,3078
20,Wskaźnik dostępności bibliotek,2014,gmina,Ciężkowice,powiat tarnowski,3768
20,Wskaźnik dostępności bibliotek,2014,gmina,Gromnik,powiat tarnowski,4597
20,Wskaźnik dostępności bibliotek,2014,gmina,Lisia Góra,powiat tarnowski,2478
20,Wskaźnik dostępności bibliotek,2014,gmina,Pleśna,powiat tarnowski,2385
20,Wskaźnik dostępności bibliotek,2014,gmina,Radłów,powiat tarnowski,1955
20,Wskaźnik dostępności bibliotek,2014,gmina,Ryglice,powiat tarnowski,3908
20,Wskaźnik dostępności bibliotek,2014,gmina,Rzepiennik Strzyżewski,powiat tarnowski,1698
20,Wskaźnik dostępności bibliotek,2014,gmina,Skrzyszów,powiat tarnowski,3502
20,Wskaźnik dostępności bibliotek,2014,gmina,Szerzyny,powiat tarnowski,2015
20,Wskaźnik dostępności bibliotek,2014,gmina,Tarnów (wieś),powiat tarnowski,8418
20,Wskaźnik dostępności bibliotek,2014,gmina,Tuchów,powiat tarnowski,6056
20,Wskaźnik dostępności bibliotek,2014,gmina,Wierzchosławice,powiat tarnowski,2140
20,Wskaźnik dostępności bibliotek,2014,gmina,Wietrzychowice,powiat tarnowski,2010
20,Wskaźnik dostępności bibliotek,2014,gmina,Wojnicz,powiat tarnowski,3330
20,Wskaźnik dostępności bibliotek,2014,gmina,Zakliczyn,powiat tarnowski,3103
20,Wskaźnik dostępności bibliotek,2014,gmina,Żabno,powiat tarnowski,3164
20,Wskaźnik dostępności bibliotek,2014,powiat,powiat tatrzański,powiat tatrzański,3770
20,Wskaźnik dostępności bibliotek,2014,gmina,Biały Dunajec,powiat tatrzański,3548
20,Wskaźnik dostępności bibliotek,2014,gmina,Bukowina Tatrzańska,powiat tatrzański,2628
20,Wskaźnik dostępności bibliotek,2014,gmina,Kościelisko,powiat tatrzański,2880
20,Wskaźnik dostępności bibliotek,2014,gmina,Poronin,powiat tatrzański,2856
20,Wskaźnik dostępności bibliotek,2014,gmina,Zakopane,powiat tatrzański,6889
20,Wskaźnik dostępności bibliotek,2014,powiat,powiat wadowicki,powiat wadowicki,3462
20,Wskaźnik dostępności bibliotek,2014,gmina,Andrychów,powiat wadowicki,5478
20,Wskaźnik dostępności bibliotek,2014,gmina,Brzeźnica,powiat wadowicki,1687
20,Wskaźnik dostępności bibliotek,2014,gmina,Kalwaria Zebrzydowska,powiat wadowicki,3980
20,Wskaźnik dostępności bibliotek,2014,gmina,Lanckorona,powiat wadowicki,1534
20,Wskaźnik dostępności bibliotek,2014,gmina,Mucharz,powiat wadowicki,1006
20,Wskaźnik dostępności bibliotek,2014,gmina,Spytkowice,powiat wadowicki,2222
20,Wskaźnik dostępności bibliotek,2014,gmina,Stryszów,powiat wadowicki,2274
20,Wskaźnik dostępności bibliotek,2014,gmina,Tomice,powiat wadowicki,1972
20,Wskaźnik dostępności bibliotek,2014,gmina,Wadowice,powiat wadowicki,7634
20,Wskaźnik dostępności bibliotek,2014,gmina,Wieprz,powiat wadowicki,3033
20,Wskaźnik dostępności bibliotek,2014,powiat,powiat wielicki,powiat wielicki,6003
20,Wskaźnik dostępności bibliotek,2014,gmina,Biskupice,powiat wielicki,9744
20,Wskaźnik dostępności bibliotek,2014,gmina,Gdów,powiat wielicki,8833
20,Wskaźnik dostępności bibliotek,2014,gmina,Kłaj,powiat wielicki,3530
20,Wskaźnik dostępności bibliotek,2014,gmina,Niepołomice,powiat wielicki,5225
20,Wskaźnik dostępności bibliotek,2014,gmina,Wieliczka,powiat wielicki,6216
20,Wskaźnik dostępności bibliotek,2013,powiat,powiat bocheński,powiat bocheński,2686
20,Wskaźnik dostępności bibliotek,2013,gmina,Bochnia (miasto),powiat bocheński,4317
20,Wskaźnik dostępności bibliotek,2013,gmina,Bochnia (wieś),powiat bocheński,2145
20,Wskaźnik dostępności bibliotek,2013,gmina,Drwinia,powiat bocheński,2171
20,Wskaźnik dostępności bibliotek,2013,gmina,Lipnica Murowana,powiat bocheński,2787
20,Wskaźnik dostępności bibliotek,2013,gmina,Łapanów,powiat bocheński,1960
20,Wskaźnik dostępności bibliotek,2013,gmina,Nowy Wiśnicz,powiat bocheński,4521
20,Wskaźnik dostępności bibliotek,2013,gmina,Rzezawa,powiat bocheński,2217
20,Wskaźnik dostępności bibliotek,2013,gmina,Trzciana,powiat bocheński,1343
20,Wskaźnik dostępności bibliotek,2013,gmina,Żegocina,powiat bocheński,2645
20,Wskaźnik dostępności bibliotek,2013,powiat,powiat brzeski,powiat brzeski,3314
20,Wskaźnik dostępności bibliotek,2013,gmina,Borzęcin,powiat brzeski,2809
20,Wskaźnik dostępności bibliotek,2013,gmina,Brzesko,powiat brzeski,6052
20,Wskaźnik dostępności bibliotek,2013,gmina,Czchów,powiat brzeski,3223
20,Wskaźnik dostępności bibliotek,2013,gmina,Dębno,powiat brzeski,2904
20,Wskaźnik dostępności bibliotek,2013,gmina,Gnojnik,powiat brzeski,2608
20,Wskaźnik dostępności bibliotek,2013,gmina,Iwkowa,powiat brzeski,3143
20,Wskaźnik dostępności bibliotek,2013,gmina,Szczurowa,powiat brzeski,1624
20,Wskaźnik dostępności bibliotek,2013,powiat,powiat chrzanowski,powiat chrzanowski,3441
20,Wskaźnik dostępności bibliotek,2013,gmina,Alwernia,powiat chrzanowski,2123
20,Wskaźnik dostępności bibliotek,2013,gmina,Babice,powiat chrzanowski,1806
20,Wskaźnik dostępności bibliotek,2013,gmina,Chrzanów,powiat chrzanowski,6044
20,Wskaźnik dostępności bibliotek,2013,gmina,Libiąż,powiat chrzanowski,5692
20,Wskaźnik dostępności bibliotek,2013,gmina,Trzebinia,powiat chrzanowski,2458
20,Wskaźnik dostępności bibliotek,2013,powiat,powiat dąbrowski,powiat dąbrowski,2834
20,Wskaźnik dostępności bibliotek,2013,gmina,Bolesław,powiat dąbrowski,2806
20,Wskaźnik dostępności bibliotek,2013,gmina,Dąbrowa Tarnowska,powiat dąbrowski,4212
20,Wskaźnik dostępności bibliotek,2013,gmina,Gręboszów,powiat dąbrowski,1736
20,Wskaźnik dostępności bibliotek,2013,gmina,Mędrzechów,powiat dąbrowski,1763
20,Wskaźnik dostępności bibliotek,2013,gmina,Olesno,powiat dąbrowski,2638
20,Wskaźnik dostępności bibliotek,2013,gmina,Radgoszcz,powiat dąbrowski,7403
20,Wskaźnik dostępności bibliotek,2013,gmina,Szczucin,powiat dąbrowski,1905
20,Wskaźnik dostępności bibliotek,2013,powiat,powiat gorlicki,powiat gorlicki,3413
20,Wskaźnik dostępności bibliotek,2013,gmina,Biecz,powiat gorlicki,3402
20,Wskaźnik dostępności bibliotek,2013,gmina,Bobowa,powiat gorlicki,3188
20,Wskaźnik dostępności bibliotek,2013,gmina,Gorlice (miasto),powiat gorlicki,7104
20,Wskaźnik dostępności bibliotek,2013,gmina,Gorlice (wieś),powiat gorlicki,3431
20,Wskaźnik dostępności bibliotek,2013,gmina,Lipinki,powiat gorlicki,2264
20,Wskaźnik dostępności bibliotek,2013,gmina,Łużna,powiat gorlicki,2787
20,Wskaźnik dostępności bibliotek,2013,gmina,Moszczenica,powiat gorlicki,2434
20,Wskaźnik dostępności bibliotek,2013,gmina,Ropa,powiat gorlicki,2683
20,Wskaźnik dostępności bibliotek,2013,gmina,Sękowa,powiat gorlicki,4960
20,Wskaźnik dostępności bibliotek,2013,gmina,Uście Gorlickie,powiat gorlicki,1678
20,Wskaźnik dostępności bibliotek,2013,powiat,powiat krakowski,powiat krakowski,3375
20,Wskaźnik dostępności bibliotek,2013,gmina,Czernichów,powiat krakowski,2797
20,Wskaźnik dostępności bibliotek,2013,gmina,Igołomia-Wawrzeńczyce,powiat krakowski,2575
20,Wskaźnik dostępności bibliotek,2013,gmina,Iwanowice,powiat krakowski,2209
20,Wskaźnik dostępności bibliotek,2013,gmina,Jerzmanowice-Przeginia,powiat krakowski,2686
20,Wskaźnik dostępności bibliotek,2013,gmina,Kocmyrzów-Luborzyca,powiat krakowski,4868
20,Wskaźnik dostępności bibliotek,2013,gmina,Krzeszowice,powiat krakowski,3249
20,Wskaźnik dostępności bibliotek,2013,gmina,Liszki,powiat krakowski,5521
20,Wskaźnik dostępności bibliotek,2013,gmina,Michałowice,powiat krakowski,3240
20,Wskaźnik dostępności bibliotek,2013,gmina,Mogilany,powiat krakowski,6611
20,Wskaźnik dostępności bibliotek,2013,gmina,Skała,powiat krakowski,3451
20,Wskaźnik dostępności bibliotek,2013,gmina,Skawina,powiat krakowski,2154
20,Wskaźnik dostępności bibliotek,2013,gmina,Słomniki,powiat krakowski,3433
20,Wskaźnik dostępności bibliotek,2013,gmina,Sułoszowa,powiat krakowski,2903
20,Wskaźnik dostępności bibliotek,2013,gmina,Świątniki Górne,powiat krakowski,4817
20,Wskaźnik dostępności bibliotek,2013,gmina,Wielka Wieś,powiat krakowski,2737
20,Wskaźnik dostępności bibliotek,2013,gmina,Zabierzów,powiat krakowski,6261
20,Wskaźnik dostępności bibliotek,2013,gmina,Zielonki,powiat krakowski,6720
20,Wskaźnik dostępności bibliotek,2013,powiat,powiat limanowski,powiat limanowski,3383
20,Wskaźnik dostępności bibliotek,2013,gmina,Dobra,powiat limanowski,3265
20,Wskaźnik dostępności bibliotek,2013,gmina,Jodłownik,powiat limanowski,1682
20,Wskaźnik dostępności bibliotek,2013,gmina,Kamienica,powiat limanowski,2583
20,Wskaźnik dostępności bibliotek,2013,gmina,Laskowa,powiat limanowski,3970
20,Wskaźnik dostępności bibliotek,2013,gmina,Limanowa (miasto),powiat limanowski,15133
20,Wskaźnik dostępności bibliotek,2013,gmina,Limanowa (wieś),powiat limanowski,2712
20,Wskaźnik dostępności bibliotek,2013,gmina,Łukowica,powiat limanowski,3262
20,Wskaźnik dostępności bibliotek,2013,gmina,Mszana Dolna (miasto),powiat limanowski,7863
20,Wskaźnik dostępności bibliotek,2013,gmina,Mszana Dolna (wieś),powiat limanowski,2167
20,Wskaźnik dostępności bibliotek,2013,gmina,Niedźwiedź,powiat limanowski,7189
20,Wskaźnik dostępności bibliotek,2013,gmina,Słopnice,powiat limanowski,6453
20,Wskaźnik dostępności bibliotek,2013,gmina,Tymbark,powiat limanowski,6489
20,Wskaźnik dostępności bibliotek,2013,powiat,powiat m. Kraków,powiat m. Kraków,10257
20,Wskaźnik dostępności bibliotek,2013,powiat,powiat m. Nowy Sącz,powiat m. Nowy Sącz,10493
20,Wskaźnik dostępności bibliotek,2013,powiat,powiat m. Tarnów,powiat m. Tarnów,8625
20,Wskaźnik dostępności bibliotek,2013,powiat,powiat miechowski,powiat miechowski,3331
20,Wskaźnik dostępności bibliotek,2013,gmina,Charsznica,powiat miechowski,7669
20,Wskaźnik dostępności bibliotek,2013,gmina,Gołcza,powiat miechowski,3104
20,Wskaźnik dostępności bibliotek,2013,gmina,Kozłów,powiat miechowski,1578
20,Wskaźnik dostępności bibliotek,2013,gmina,Książ Wielki,powiat miechowski,5258
20,Wskaźnik dostępności bibliotek,2013,gmina,Miechów,powiat miechowski,3319
20,Wskaźnik dostępności bibliotek,2013,gmina,Racławice,powiat miechowski,2487
20,Wskaźnik dostępności bibliotek,2013,gmina,Słaboszów,powiat miechowski,3699
20,Wskaźnik dostępności bibliotek,2013,powiat,powiat myślenicki,powiat myślenicki,5636
20,Wskaźnik dostępności bibliotek,2013,gmina,Dobczyce,powiat myślenicki,15114
20,Wskaźnik dostępności bibliotek,2013,gmina,Lubień,powiat myślenicki,2473
20,Wskaźnik dostępności bibliotek,2013,gmina,Myślenice,powiat myślenicki,8621
20,Wskaźnik dostępności bibliotek,2013,gmina,Pcim,powiat myślenicki,5439
20,Wskaźnik dostępności bibliotek,2013,gmina,Raciechowice,powiat myślenicki,6197
20,Wskaźnik dostępności bibliotek,2013,gmina,Siepraw,powiat myślenicki,4225
20,Wskaźnik dostępności bibliotek,2013,gmina,Sułkowice,powiat myślenicki,3644
20,Wskaźnik dostępności bibliotek,2013,gmina,Tokarnia,powiat myślenicki,8561
20,Wskaźnik dostępności bibliotek,2013,gmina,Wiśniowa,powiat myślenicki,3609
20,Wskaźnik dostępności bibliotek,2013,powiat,powiat nowosądecki,powiat nowosądecki,3577
20,Wskaźnik dostępności bibliotek,2013,gmina,Podegrodzie,powiat nowosądecki,3147
20,Wskaźnik dostępności bibliotek,2013,gmina,Rytro,powiat nowosądecki,3842
20,Wskaźnik dostępności bibliotek,2013,gmina,Stary Sącz,powiat nowosądecki,4678
20,Wskaźnik dostępności bibliotek,2013,gmina,Chełmiec,powiat nowosądecki,5425
20,Wskaźnik dostępności bibliotek,2013,gmina,Gródek nad Dunajcem,powiat nowosądecki,4603
20,Wskaźnik dostępności bibliotek,2013,gmina,Grybów (miasto),powiat nowosądecki,6086
20,Wskaźnik dostępności bibliotek,2013,gmina,Grybów (wieś),powiat nowosądecki,2440
20,Wskaźnik dostępności bibliotek,2013,gmina,Kamionka Wielka,powiat nowosądecki,3342
20,Wskaźnik dostępności bibliotek,2013,gmina,Korzenna,powiat nowosądecki,2018
20,Wskaźnik dostępności bibliotek,2013,gmina,Krynica-Zdrój,powiat nowosądecki,3398
20,Wskaźnik dostępności bibliotek,2013,gmina,Łabowa,powiat nowosądecki,2882
20,Wskaźnik dostępności bibliotek,2013,gmina,Łącko,powiat nowosądecki,4013
20,Wskaźnik dostępności bibliotek,2013,gmina,Łososina Dolna,powiat nowosądecki,5331
20,Wskaźnik dostępności bibliotek,2013,gmina,Muszyna,powiat nowosądecki,3910
20,Wskaźnik dostępności bibliotek,2013,gmina,Nawojowa,powiat nowosądecki,2791
20,Wskaźnik dostępności bibliotek,2013,gmina,Piwniczna-Zdrój,powiat nowosądecki,5342
20,Wskaźnik dostępności bibliotek,2013,powiat,powiat nowotarski,powiat nowotarski,3327
20,Wskaźnik dostępności bibliotek,2013,gmina,Czarny Dunajec,powiat nowotarski,2207
20,Wskaźnik dostępności bibliotek,2013,gmina,Czorsztyn,powiat nowotarski,1254
20,Wskaźnik dostępności bibliotek,2013,gmina,Jabłonka,powiat nowotarski,3004
20,Wskaźnik dostępności bibliotek,2013,gmina,Krościenko nad Dunajcem,powiat nowotarski,2241
20,Wskaźnik dostępności bibliotek,2013,gmina,Lipnica Wielka,powiat nowotarski,5944
20,Wskaźnik dostępności bibliotek,2013,gmina,Łapsze Niżne,powiat nowotarski,2296
20,Wskaźnik dostępności bibliotek,2013,gmina,Nowy Targ (miasto),powiat nowotarski,11224
20,Wskaźnik dostępności bibliotek,2013,gmina,Nowy Targ (wieś),powiat nowotarski,1804
20,Wskaźnik dostępności bibliotek,2013,gmina,Ochotnica Dolna,powiat nowotarski,2799
20,Wskaźnik dostępności bibliotek,2013,gmina,Raba Wyżna,powiat nowotarski,4839
20,Wskaźnik dostępności bibliotek,2013,gmina,Rabka-Zdrój,powiat nowotarski,17468
20,Wskaźnik dostępności bibliotek,2013,gmina,Spytkowice,powiat nowotarski,4372
20,Wskaźnik dostępności bibliotek,2013,gmina,Szaflary,powiat nowotarski,5405
20,Wskaźnik dostępności bibliotek,2013,gmina,Szczawnica,powiat nowotarski,7472
20,Wskaźnik dostępności bibliotek,2013,powiat,powiat olkuski,powiat olkuski,3680
20,Wskaźnik dostępności bibliotek,2013,gmina,Bolesław,powiat olkuski,1563
20,Wskaźnik dostępności bibliotek,2013,gmina,Bukowno,powiat olkuski,2603
20,Wskaźnik dostępności bibliotek,2013,gmina,Klucze,powiat olkuski,3061
20,Wskaźnik dostępności bibliotek,2013,gmina,Olkusz,powiat olkuski,4547
20,Wskaźnik dostępności bibliotek,2013,gmina,Trzyciąż,powiat olkuski,3552
20,Wskaźnik dostępności bibliotek,2013,gmina,Wolbrom,powiat olkuski,5855
20,Wskaźnik dostępności bibliotek,2013,powiat,powiat oświęcimski,powiat oświęcimski,5001
20,Wskaźnik dostępności bibliotek,2013,gmina,Brzeszcze,powiat oświęcimski,3618
20,Wskaźnik dostępności bibliotek,2013,gmina,Chełmek,powiat oświęcimski,3257
20,Wskaźnik dostępności bibliotek,2013,gmina,Kęty,powiat oświęcimski,6868
20,Wskaźnik dostępności bibliotek,2013,gmina,Osiek,powiat oświęcimski,4050
20,Wskaźnik dostępności bibliotek,2013,gmina,Oświęcim (miasto),powiat oświęcimski,39664
20,Wskaźnik dostępności bibliotek,2013,gmina,Oświęcim (wieś),powiat oświęcimski,2979
20,Wskaźnik dostępności bibliotek,2013,gmina,Polanka Wielka,powiat oświęcimski,4268
20,Wskaźnik dostępności bibliotek,2013,gmina,Przeciszów,powiat oświęcimski,3379
20,Wskaźnik dostępności bibliotek,2013,gmina,Zator,powiat oświęcimski,2325
20,Wskaźnik dostępności bibliotek,2013,powiat,powiat proszowicki,powiat proszowicki,3988
20,Wskaźnik dostępności bibliotek,2013,gmina,Koniusza,powiat proszowicki,4444
20,Wskaźnik dostępności bibliotek,2013,gmina,Koszyce,powiat proszowicki,5681
20,Wskaźnik dostępności bibliotek,2013,gmina,Nowe Brzesko,powiat proszowicki,5812
20,Wskaźnik dostępności bibliotek,2013,gmina,Pałecznica,powiat proszowicki,3655
20,Wskaźnik dostępności bibliotek,2013,gmina,Proszowice,powiat proszowicki,4093
20,Wskaźnik dostępności bibliotek,2013,gmina,Radziemice,powiat proszowicki,1729
20,Wskaźnik dostępności bibliotek,2013,powiat,powiat suski,powiat suski,2713
20,Wskaźnik dostępności bibliotek,2013,gmina,Budzów,powiat suski,1455
20,Wskaźnik dostępności bibliotek,2013,gmina,Bystra-Sidzina,powiat suski,3380
20,Wskaźnik dostępności bibliotek,2013,gmina,Jordanów (miasto),powiat suski,5274
20,Wskaźnik dostępności bibliotek,2013,gmina,Jordanów (wieś),powiat suski,2186
20,Wskaźnik dostępności bibliotek,2013,gmina,Maków Podhalański,powiat suski,2734
20,Wskaźnik dostępności bibliotek,2013,gmina,Stryszawa,powiat suski,11772
20,Wskaźnik dostępności bibliotek,2013,gmina,Sucha Beskidzka,powiat suski,3162
20,Wskaźnik dostępności bibliotek,2013,gmina,Zawoja,powiat suski,3030
20,Wskaźnik dostępności bibliotek,2013,gmina,Zembrzyce,powiat suski,1416
20,Wskaźnik dostępności bibliotek,2013,powiat,powiat tarnowski,powiat tarnowski,3072
20,Wskaźnik dostępności bibliotek,2013,gmina,Ciężkowice,powiat tarnowski,3759
20,Wskaźnik dostępności bibliotek,2013,gmina,Gromnik,powiat tarnowski,2193
20,Wskaźnik dostępności bibliotek,2013,gmina,Lisia Góra,powiat tarnowski,2460
20,Wskaźnik dostępności bibliotek,2013,gmina,Pleśna,powiat tarnowski,2388
20,Wskaźnik dostępności bibliotek,2013,gmina,Radłów,powiat tarnowski,1961
20,Wskaźnik dostępności bibliotek,2013,gmina,Ryglice,powiat tarnowski,3918
20,Wskaźnik dostępności bibliotek,2013,gmina,Rzepiennik Strzyżewski,powiat tarnowski,1703
20,Wskaźnik dostępności bibliotek,2013,gmina,Skrzyszów,powiat tarnowski,3482
20,Wskaźnik dostępności bibliotek,2013,gmina,Szerzyny,powiat tarnowski,2006
20,Wskaźnik dostępności bibliotek,2013,gmina,Tarnów (wieś),powiat tarnowski,8351
20,Wskaźnik dostępności bibliotek,2013,gmina,Tuchów,powiat tarnowski,6050
20,Wskaźnik dostępności bibliotek,2013,gmina,Wierzchosławice,powiat tarnowski,2135
20,Wskaźnik dostępności bibliotek,2013,gmina,Wietrzychowice,powiat tarnowski,2017
20,Wskaźnik dostępności bibliotek,2013,gmina,Wojnicz,powiat tarnowski,3328
20,Wskaźnik dostępności bibliotek,2013,gmina,Zakliczyn,powiat tarnowski,3101
20,Wskaźnik dostępności bibliotek,2013,gmina,Żabno,powiat tarnowski,3164
20,Wskaźnik dostępności bibliotek,2013,powiat,powiat tatrzański,powiat tatrzański,3084
20,Wskaźnik dostępności bibliotek,2013,gmina,Biały Dunajec,powiat tatrzański,3548
20,Wskaźnik dostępności bibliotek,2013,gmina,Bukowina Tatrzańska,powiat tatrzański,1452
20,Wskaźnik dostępności bibliotek,2013,gmina,Kościelisko,powiat tatrzański,2874
20,Wskaźnik dostępności bibliotek,2013,gmina,Poronin,powiat tatrzański,2835
20,Wskaźnik dostępności bibliotek,2013,gmina,Zakopane,powiat tatrzański,6930
20,Wskaźnik dostępności bibliotek,2013,powiat,powiat wadowicki,powiat wadowicki,3383
20,Wskaźnik dostępności bibliotek,2013,gmina,Andrychów,powiat wadowicki,5481
20,Wskaźnik dostępności bibliotek,2013,gmina,Brzeźnica,powiat wadowicki,1682
20,Wskaźnik dostępności bibliotek,2013,gmina,Kalwaria Zebrzydowska,powiat wadowicki,3973
20,Wskaźnik dostępności bibliotek,2013,gmina,Lanckorona,powiat wadowicki,1541
20,Wskaźnik dostępności bibliotek,2013,gmina,Mucharz,powiat wadowicki,1006
20,Wskaźnik dostępności bibliotek,2013,gmina,Spytkowice,powiat wadowicki,3396
20,Wskaźnik dostępności bibliotek,2013,gmina,Stryszów,powiat wadowicki,1705
20,Wskaźnik dostępności bibliotek,2013,gmina,Tomice,powiat wadowicki,1950
20,Wskaźnik dostępności bibliotek,2013,gmina,Wadowice,powiat wadowicki,7624
20,Wskaźnik dostępności bibliotek,2013,gmina,Wieprz,powiat wadowicki,3017
20,Wskaźnik dostępności bibliotek,2013,powiat,powiat wielicki,powiat wielicki,5928
20,Wskaźnik dostępności bibliotek,2013,gmina,Biskupice,powiat wielicki,9624
20,Wskaźnik dostępności bibliotek,2013,gmina,Gdów,powiat wielicki,8766
20,Wskaźnik dostępności bibliotek,2013,gmina,Kłaj,powiat wielicki,3520
20,Wskaźnik dostępności bibliotek,2013,gmina,Niepołomice,powiat wielicki,5121
20,Wskaźnik dostępności bibliotek,2013,gmina,Wieliczka,powiat wielicki,6137
20,Wskaźnik dostępności bibliotek,2012,powiat,powiat bocheński,powiat bocheński,2610
20,Wskaźnik dostępności bibliotek,2012,gmina,Bochnia (miasto),powiat bocheński,4329
20,Wskaźnik dostępności bibliotek,2012,gmina,Bochnia (wieś),powiat bocheński,1909
20,Wskaźnik dostępności bibliotek,2012,gmina,Drwinia,powiat bocheński,2180
20,Wskaźnik dostępności bibliotek,2012,gmina,Lipnica Murowana,powiat bocheński,2777
20,Wskaźnik dostępności bibliotek,2012,gmina,Łapanów,powiat bocheński,1943
20,Wskaźnik dostępności bibliotek,2012,gmina,Nowy Wiśnicz,powiat bocheński,4486
20,Wskaźnik dostępności bibliotek,2012,gmina,Rzezawa,powiat bocheński,2214
20,Wskaźnik dostępności bibliotek,2012,gmina,Trzciana,powiat bocheński,1338
20,Wskaźnik dostępności bibliotek,2012,gmina,Żegocina,powiat bocheński,2632
20,Wskaźnik dostępności bibliotek,2012,powiat,powiat brzeski,powiat brzeski,3309
20,Wskaźnik dostępności bibliotek,2012,gmina,Borzęcin,powiat brzeski,2815
20,Wskaźnik dostępności bibliotek,2012,gmina,Brzesko,powiat brzeski,6057
20,Wskaźnik dostępności bibliotek,2012,gmina,Czchów,powiat brzeski,3213
20,Wskaźnik dostępności bibliotek,2012,gmina,Dębno,powiat brzeski,2893
20,Wskaźnik dostępności bibliotek,2012,gmina,Gnojnik,powiat brzeski,2575
20,Wskaźnik dostępności bibliotek,2012,gmina,Iwkowa,powiat brzeski,3127
20,Wskaźnik dostępności bibliotek,2012,gmina,Szczurowa,powiat brzeski,1629
20,Wskaźnik dostępności bibliotek,2012,powiat,powiat chrzanowski,powiat chrzanowski,3450
20,Wskaźnik dostępności bibliotek,2012,gmina,Alwernia,powiat chrzanowski,2132
20,Wskaźnik dostępności bibliotek,2012,gmina,Babice,powiat chrzanowski,1801
20,Wskaźnik dostępności bibliotek,2012,gmina,Chrzanów,powiat chrzanowski,6074
20,Wskaźnik dostępności bibliotek,2012,gmina,Libiąż,powiat chrzanowski,5701
20,Wskaźnik dostępności bibliotek,2012,gmina,Trzebinia,powiat chrzanowski,2461
20,Wskaźnik dostępności bibliotek,2012,powiat,powiat dąbrowski,powiat dąbrowski,2704
20,Wskaźnik dostępności bibliotek,2012,gmina,Bolesław,powiat dąbrowski,2794
20,Wskaźnik dostępności bibliotek,2012,gmina,Dąbrowa Tarnowska,powiat dąbrowski,3515
20,Wskaźnik dostępności bibliotek,2012,gmina,Gręboszów,powiat dąbrowski,1729
20,Wskaźnik dostępności bibliotek,2012,gmina,Mędrzechów,powiat dąbrowski,1772
20,Wskaźnik dostępności bibliotek,2012,gmina,Olesno,powiat dąbrowski,2635
20,Wskaźnik dostępności bibliotek,2012,gmina,Radgoszcz,powiat dąbrowski,7380
20,Wskaźnik dostępności bibliotek,2012,gmina,Szczucin,powiat dąbrowski,1904
20,Wskaźnik dostępności bibliotek,2012,powiat,powiat gorlicki,powiat gorlicki,3415
20,Wskaźnik dostępności bibliotek,2012,gmina,Biecz,powiat gorlicki,3410
20,Wskaźnik dostępności bibliotek,2012,gmina,Bobowa,powiat gorlicki,3188
20,Wskaźnik dostępności bibliotek,2012,gmina,Gorlice (miasto),powiat gorlicki,7139
20,Wskaźnik dostępności bibliotek,2012,gmina,Gorlice (wieś),powiat gorlicki,3409
20,Wskaźnik dostępności bibliotek,2012,gmina,Lipinki,powiat gorlicki,2267
20,Wskaźnik dostępności bibliotek,2012,gmina,Łużna,powiat gorlicki,2796
20,Wskaźnik dostępności bibliotek,2012,gmina,Moszczenica,powiat gorlicki,2443
20,Wskaźnik dostępności bibliotek,2012,gmina,Ropa,powiat gorlicki,2668
20,Wskaźnik dostępności bibliotek,2012,gmina,Sękowa,powiat gorlicki,4921
20,Wskaźnik dostępności bibliotek,2012,gmina,Uście Gorlickie,powiat gorlicki,1680
20,Wskaźnik dostępności bibliotek,2012,powiat,powiat krakowski,powiat krakowski,3482
20,Wskaźnik dostępności bibliotek,2012,gmina,Czernichów,powiat krakowski,2777
20,Wskaźnik dostępności bibliotek,2012,gmina,Igołomia-Wawrzeńczyce,powiat krakowski,2584
20,Wskaźnik dostępności bibliotek,2012,gmina,Iwanowice,powiat krakowski,2186
20,Wskaźnik dostępności bibliotek,2012,gmina,Jerzmanowice-Przeginia,powiat krakowski,2671
20,Wskaźnik dostępności bibliotek,2012,gmina,Kocmyrzów-Luborzyca,powiat krakowski,4845
20,Wskaźnik dostępności bibliotek,2012,gmina,Krzeszowice,powiat krakowski,3247
20,Wskaźnik dostępności bibliotek,2012,gmina,Liszki,powiat krakowski,5488
20,Wskaźnik dostępności bibliotek,2012,gmina,Michałowice,powiat krakowski,3179
20,Wskaźnik dostępności bibliotek,2012,gmina,Mogilany,powiat krakowski,6456
20,Wskaźnik dostępności bibliotek,2012,gmina,Skała,powiat krakowski,3426
20,Wskaźnik dostępności bibliotek,2012,gmina,Skawina,powiat krakowski,2389
20,Wskaźnik dostępności bibliotek,2012,gmina,Słomniki,powiat krakowski,3448
20,Wskaźnik dostępności bibliotek,2012,gmina,Sułoszowa,powiat krakowski,2915
20,Wskaźnik dostępności bibliotek,2012,gmina,Świątniki Górne,powiat krakowski,4759
20,Wskaźnik dostępności bibliotek,2012,gmina,Wielka Wieś,powiat krakowski,3585
20,Wskaźnik dostępności bibliotek,2012,gmina,Zabierzów,powiat krakowski,6200
20,Wskaźnik dostępności bibliotek,2012,gmina,Zielonki,powiat krakowski,6559
20,Wskaźnik dostępności bibliotek,2012,powiat,powiat limanowski,powiat limanowski,3201
20,Wskaźnik dostępności bibliotek,2012,gmina,Dobra,powiat limanowski,3242
20,Wskaźnik dostępności bibliotek,2012,gmina,Jodłownik,powiat limanowski,1677
20,Wskaźnik dostępności bibliotek,2012,gmina,Kamienica,powiat limanowski,2571
20,Wskaźnik dostępności bibliotek,2012,gmina,Laskowa,powiat limanowski,3926
20,Wskaźnik dostępności bibliotek,2012,gmina,Limanowa (miasto),powiat limanowski,7566
20,Wskaźnik dostępności bibliotek,2012,gmina,Limanowa (wieś),powiat limanowski,3041
20,Wskaźnik dostępności bibliotek,2012,gmina,Łukowica,powiat limanowski,1952
20,Wskaźnik dostępności bibliotek,2012,gmina,Mszana Dolna (miasto),powiat limanowski,7876
20,Wskaźnik dostępności bibliotek,2012,gmina,Mszana Dolna (wieś),powiat limanowski,2155
20,Wskaźnik dostępności bibliotek,2012,gmina,Niedźwiedź,powiat limanowski,7167
20,Wskaźnik dostępności bibliotek,2012,gmina,Słopnice,powiat limanowski,6404
20,Wskaźnik dostępności bibliotek,2012,gmina,Tymbark,powiat limanowski,6462
20,Wskaźnik dostępności bibliotek,2012,powiat,powiat m. Kraków,powiat m. Kraków,9479
20,Wskaźnik dostępności bibliotek,2012,powiat,powiat m. Nowy Sącz,powiat m. Nowy Sącz,10516
20,Wskaźnik dostępności bibliotek,2012,powiat,powiat m. Tarnów,powiat m. Tarnów,7530
20,Wskaźnik dostępności bibliotek,2012,powiat,powiat miechowski,powiat miechowski,3132
20,Wskaźnik dostępności bibliotek,2012,gmina,Charsznica,powiat miechowski,7692
20,Wskaźnik dostępności bibliotek,2012,gmina,Gołcza,powiat miechowski,3110
20,Wskaźnik dostępności bibliotek,2012,gmina,Kozłów,powiat miechowski,1585
20,Wskaźnik dostępności bibliotek,2012,gmina,Książ Wielki,powiat miechowski,5286
20,Wskaźnik dostępności bibliotek,2012,gmina,Miechów,powiat miechowski,2849
20,Wskaźnik dostępności bibliotek,2012,gmina,Racławice,powiat miechowski,2485
20,Wskaźnik dostępności bibliotek,2012,gmina,Słaboszów,powiat miechowski,3731
20,Wskaźnik dostępności bibliotek,2012,powiat,powiat myślenicki,powiat myślenicki,5362
20,Wskaźnik dostępności bibliotek,2012,gmina,Dobczyce,powiat myślenicki,14998
20,Wskaźnik dostępności bibliotek,2012,gmina,Lubień,powiat myślenicki,2465
20,Wskaźnik dostępności bibliotek,2012,gmina,Myślenice,powiat myślenicki,8566
20,Wskaźnik dostępności bibliotek,2012,gmina,Pcim,powiat myślenicki,3615
20,Wskaźnik dostępności bibliotek,2012,gmina,Raciechowice,powiat myślenicki,6117
20,Wskaźnik dostępności bibliotek,2012,gmina,Siepraw,powiat myślenicki,4195
20,Wskaźnik dostępności bibliotek,2012,gmina,Sułkowice,powiat myślenicki,3638
20,Wskaźnik dostępności bibliotek,2012,gmina,Tokarnia,powiat myślenicki,8579
20,Wskaźnik dostępności bibliotek,2012,gmina,Wiśniowa,powiat myślenicki,3579
20,Wskaźnik dostępności bibliotek,2012,powiat,powiat nowosądecki,powiat nowosądecki,3387
20,Wskaźnik dostępności bibliotek,2012,gmina,Podegrodzie,powiat nowosądecki,3122
20,Wskaźnik dostępności bibliotek,2012,gmina,Rytro,powiat nowosądecki,3841
20,Wskaźnik dostępności bibliotek,2012,gmina,Stary Sącz,powiat nowosądecki,4664
20,Wskaźnik dostępności bibliotek,2012,gmina,Chełmiec,powiat nowosądecki,3362
20,Wskaźnik dostępności bibliotek,2012,gmina,Gródek nad Dunajcem,powiat nowosądecki,4582
20,Wskaźnik dostępności bibliotek,2012,gmina,Grybów (miasto),powiat nowosądecki,6175
20,Wskaźnik dostępności bibliotek,2012,gmina,Grybów (wieś),powiat nowosądecki,2422
20,Wskaźnik dostępności bibliotek,2012,gmina,Kamionka Wielka,powiat nowosądecki,4965
20,Wskaźnik dostępności bibliotek,2012,gmina,Korzenna,powiat nowosądecki,2003
20,Wskaźnik dostępności bibliotek,2012,gmina,Krynica-Zdrój,powiat nowosądecki,3396
20,Wskaźnik dostępności bibliotek,2012,gmina,Łabowa,powiat nowosądecki,2856
20,Wskaźnik dostępności bibliotek,2012,gmina,Łącko,powiat nowosądecki,3983
20,Wskaźnik dostępności bibliotek,2012,gmina,Łososina Dolna,powiat nowosądecki,5302
20,Wskaźnik dostępności bibliotek,2012,gmina,Muszyna,powiat nowosądecki,2942
20,Wskaźnik dostępności bibliotek,2012,gmina,Nawojowa,powiat nowosądecki,2753
20,Wskaźnik dostępności bibliotek,2012,gmina,Piwniczna-Zdrój,powiat nowosądecki,5344
20,Wskaźnik dostępności bibliotek,2012,powiat,powiat nowotarski,powiat nowotarski,3320
20,Wskaźnik dostępności bibliotek,2012,gmina,Czarny Dunajec,powiat nowotarski,2199
20,Wskaźnik dostępności bibliotek,2012,gmina,Czorsztyn,powiat nowotarski,1249
20,Wskaźnik dostępności bibliotek,2012,gmina,Jabłonka,powiat nowotarski,2984
20,Wskaźnik dostępności bibliotek,2012,gmina,Krościenko nad Dunajcem,powiat nowotarski,2234
20,Wskaźnik dostępności bibliotek,2012,gmina,Lipnica Wielka,powiat nowotarski,5918
20,Wskaźnik dostępności bibliotek,2012,gmina,Łapsze Niżne,powiat nowotarski,2287
20,Wskaźnik dostępności bibliotek,2012,gmina,Nowy Targ (miasto),powiat nowotarski,11268
20,Wskaźnik dostępności bibliotek,2012,gmina,Nowy Targ (wieś),powiat nowotarski,1798
20,Wskaźnik dostępności bibliotek,2012,gmina,Ochotnica Dolna,powiat nowotarski,2782
20,Wskaźnik dostępności bibliotek,2012,gmina,Raba Wyżna,powiat nowotarski,4826
20,Wskaźnik dostępności bibliotek,2012,gmina,Rabka-Zdrój,powiat nowotarski,17492
20,Wskaźnik dostępności bibliotek,2012,gmina,Spytkowice,powiat nowotarski,4402
20,Wskaźnik dostępności bibliotek,2012,gmina,Szaflary,powiat nowotarski,5392
20,Wskaźnik dostępności bibliotek,2012,gmina,Szczawnica,powiat nowotarski,7431
20,Wskaźnik dostępności bibliotek,2012,powiat,powiat olkuski,powiat olkuski,3692
20,Wskaźnik dostępności bibliotek,2012,gmina,Bolesław,powiat olkuski,1568
20,Wskaźnik dostępności bibliotek,2012,gmina,Bukowno,powiat olkuski,2622
20,Wskaźnik dostępności bibliotek,2012,gmina,Klucze,powiat olkuski,3061
20,Wskaźnik dostępności bibliotek,2012,gmina,Olkusz,powiat olkuski,4567
20,Wskaźnik dostępności bibliotek,2012,gmina,Trzyciąż,powiat olkuski,3558
20,Wskaźnik dostępności bibliotek,2012,gmina,Wolbrom,powiat olkuski,5869
20,Wskaźnik dostępności bibliotek,2012,powiat,powiat oświęcimski,powiat oświęcimski,4698
20,Wskaźnik dostępności bibliotek,2012,gmina,Brzeszcze,powiat oświęcimski,2709
20,Wskaźnik dostępności bibliotek,2012,gmina,Chełmek,powiat oświęcimski,3272
20,Wskaźnik dostępności bibliotek,2012,gmina,Kęty,powiat oświęcimski,6852
20,Wskaźnik dostępności bibliotek,2012,gmina,Osiek,powiat oświęcimski,4032
20,Wskaźnik dostępności bibliotek,2012,gmina,Oświęcim (miasto),powiat oświęcimski,39893
20,Wskaźnik dostępności bibliotek,2012,gmina,Oświęcim (wieś),powiat oświęcimski,2958
20,Wskaźnik dostępności bibliotek,2012,gmina,Polanka Wielka,powiat oświęcimski,4248
20,Wskaźnik dostępności bibliotek,2012,gmina,Przeciszów,powiat oświęcimski,3388
20,Wskaźnik dostępności bibliotek,2012,gmina,Zator,powiat oświęcimski,2322
20,Wskaźnik dostępności bibliotek,2012,powiat,powiat proszowicki,powiat proszowicki,3995
20,Wskaźnik dostępności bibliotek,2012,gmina,Koniusza,powiat proszowicki,4412
20,Wskaźnik dostępności bibliotek,2012,gmina,Koszyce,powiat proszowicki,5711
20,Wskaźnik dostępności bibliotek,2012,gmina,Nowe Brzesko,powiat proszowicki,5830
20,Wskaźnik dostępności bibliotek,2012,gmina,Pałecznica,powiat proszowicki,3656
20,Wskaźnik dostępności bibliotek,2012,gmina,Proszowice,powiat proszowicki,4116
20,Wskaźnik dostępności bibliotek,2012,gmina,Radziemice,powiat proszowicki,1731
20,Wskaźnik dostępności bibliotek,2012,powiat,powiat suski,powiat suski,2708
20,Wskaźnik dostępności bibliotek,2012,gmina,Budzów,powiat suski,1450
20,Wskaźnik dostępności bibliotek,2012,gmina,Bystra-Sidzina,powiat suski,3384
20,Wskaźnik dostępności bibliotek,2012,gmina,Jordanów (miasto),powiat suski,5389
20,Wskaźnik dostępności bibliotek,2012,gmina,Jordanów (wieś),powiat suski,2153
20,Wskaźnik dostępności bibliotek,2012,gmina,Maków Podhalański,powiat suski,2726
20,Wskaźnik dostępności bibliotek,2012,gmina,Stryszawa,powiat suski,11760
20,Wskaźnik dostępności bibliotek,2012,gmina,Sucha Beskidzka,powiat suski,3166
20,Wskaźnik dostępności bibliotek,2012,gmina,Zawoja,powiat suski,3028
20,Wskaźnik dostępności bibliotek,2012,gmina,Zembrzyce,powiat suski,1410
20,Wskaźnik dostępności bibliotek,2012,powiat,powiat tarnowski,powiat tarnowski,3110
20,Wskaźnik dostępności bibliotek,2012,gmina,Ciężkowice,powiat tarnowski,3744
20,Wskaźnik dostępności bibliotek,2012,gmina,Gromnik,powiat tarnowski,2185
20,Wskaźnik dostępności bibliotek,2012,gmina,Lisia Góra,powiat tarnowski,2937
20,Wskaźnik dostępności bibliotek,2012,gmina,Pleśna,powiat tarnowski,2372
20,Wskaźnik dostępności bibliotek,2012,gmina,Radłów,powiat tarnowski,1948
20,Wskaźnik dostępności bibliotek,2012,gmina,Ryglice,powiat tarnowski,3896
20,Wskaźnik dostępności bibliotek,2012,gmina,Rzepiennik Strzyżewski,powiat tarnowski,1712
20,Wskaźnik dostępności bibliotek,2012,gmina,Skrzyszów,powiat tarnowski,3444
20,Wskaźnik dostępności bibliotek,2012,gmina,Szerzyny,powiat tarnowski,2013
20,Wskaźnik dostępności bibliotek,2012,gmina,Tarnów (wieś),powiat tarnowski,8281
20,Wskaźnik dostępności bibliotek,2012,gmina,Tuchów,powiat tarnowski,6047
20,Wskaźnik dostępności bibliotek,2012,gmina,Wierzchosławice,powiat tarnowski,2131
20,Wskaźnik dostępności bibliotek,2012,gmina,Wietrzychowice,powiat tarnowski,2022
20,Wskaźnik dostępności bibliotek,2012,gmina,Wojnicz,powiat tarnowski,3326
20,Wskaźnik dostępności bibliotek,2012,gmina,Zakliczyn,powiat tarnowski,3099
20,Wskaźnik dostępności bibliotek,2012,gmina,Żabno,powiat tarnowski,3177
20,Wskaźnik dostępności bibliotek,2012,powiat,powiat tatrzański,powiat tatrzański,3768
20,Wskaźnik dostępności bibliotek,2012,gmina,Biały Dunajec,powiat tatrzański,3532
20,Wskaźnik dostępności bibliotek,2012,gmina,Bukowina Tatrzańska,powiat tatrzański,2605
20,Wskaźnik dostępności bibliotek,2012,gmina,Kościelisko,powiat tatrzański,2860
20,Wskaźnik dostępności bibliotek,2012,gmina,Poronin,powiat tatrzański,2831
20,Wskaźnik dostępności bibliotek,2012,gmina,Zakopane,powiat tatrzański,6959
20,Wskaźnik dostępności bibliotek,2012,powiat,powiat wadowicki,powiat wadowicki,3377
20,Wskaźnik dostępności bibliotek,2012,gmina,Andrychów,powiat wadowicki,5487
20,Wskaźnik dostępności bibliotek,2012,gmina,Brzeźnica,powiat wadowicki,1673
20,Wskaźnik dostępności bibliotek,2012,gmina,Kalwaria Zebrzydowska,powiat wadowicki,3967
20,Wskaźnik dostępności bibliotek,2012,gmina,Lanckorona,powiat wadowicki,1542
20,Wskaźnik dostępności bibliotek,2012,gmina,Mucharz,powiat wadowicki,1007
20,Wskaźnik dostępności bibliotek,2012,gmina,Spytkowice,powiat wadowicki,3378
20,Wskaźnik dostępności bibliotek,2012,gmina,Stryszów,powiat wadowicki,1705
20,Wskaźnik dostępności bibliotek,2012,gmina,Tomice,powiat wadowicki,1936
20,Wskaźnik dostępności bibliotek,2012,gmina,Wadowice,powiat wadowicki,7614
20,Wskaźnik dostępności bibliotek,2012,gmina,Wieprz,powiat wadowicki,3003
20,Wskaźnik dostępności bibliotek,2012,powiat,powiat wielicki,powiat wielicki,5840
20,Wskaźnik dostępności bibliotek,2012,gmina,Biskupice,powiat wielicki,9479
20,Wskaźnik dostępności bibliotek,2012,gmina,Gdów,powiat wielicki,8689
20,Wskaźnik dostępności bibliotek,2012,gmina,Kłaj,powiat wielicki,3498
20,Wskaźnik dostępności bibliotek,2012,gmina,Niepołomice,powiat wielicki,5011
20,Wskaźnik dostępności bibliotek,2012,gmina,Wieliczka,powiat wielicki,6044
20,Wskaźnik dostępności bibliotek,2011,powiat,powiat bocheński,powiat bocheński,2597
20,Wskaźnik dostępności bibliotek,2011,gmina,Bochnia (miasto),powiat bocheński,4329
20,Wskaźnik dostępności bibliotek,2011,gmina,Bochnia (wieś),powiat bocheński,1896
20,Wskaźnik dostępności bibliotek,2011,gmina,Drwinia,powiat bocheński,2155
20,Wskaźnik dostępności bibliotek,2011,gmina,Lipnica Murowana,powiat bocheński,2774
20,Wskaźnik dostępności bibliotek,2011,gmina,Łapanów,powiat bocheński,1943
20,Wskaźnik dostępności bibliotek,2011,gmina,Nowy Wiśnicz,powiat bocheński,4457
20,Wskaźnik dostępności bibliotek,2011,gmina,Rzezawa,powiat bocheński,2199
20,Wskaźnik dostępności bibliotek,2011,gmina,Trzciana,powiat bocheński,1314
20,Wskaźnik dostępności bibliotek,2011,gmina,Żegocina,powiat bocheński,2601
20,Wskaźnik dostępności bibliotek,2011,powiat,powiat brzeski,powiat brzeski,3300
20,Wskaźnik dostępności bibliotek,2011,gmina,Borzęcin,powiat brzeski,2808
20,Wskaźnik dostępności bibliotek,2011,gmina,Brzesko,powiat brzeski,6051
20,Wskaźnik dostępności bibliotek,2011,gmina,Czchów,powiat brzeski,3202
20,Wskaźnik dostępności bibliotek,2011,gmina,Dębno,powiat brzeski,2875
20,Wskaźnik dostępności bibliotek,2011,gmina,Gnojnik,powiat brzeski,2567
20,Wskaźnik dostępności bibliotek,2011,gmina,Iwkowa,powiat brzeski,3108
20,Wskaźnik dostępności bibliotek,2011,gmina,Szczurowa,powiat brzeski,1630
20,Wskaźnik dostępności bibliotek,2011,powiat,powiat chrzanowski,powiat chrzanowski,3278
20,Wskaźnik dostępności bibliotek,2011,gmina,Alwernia,powiat chrzanowski,1824
20,Wskaźnik dostępności bibliotek,2011,gmina,Babice,powiat chrzanowski,1798
20,Wskaźnik dostępności bibliotek,2011,gmina,Chrzanów,powiat chrzanowski,5425
20,Wskaźnik dostępności bibliotek,2011,gmina,Libiąż,powiat chrzanowski,5703
20,Wskaźnik dostępności bibliotek,2011,gmina,Trzebinia,powiat chrzanowski,2461
20,Wskaźnik dostępności bibliotek,2011,powiat,powiat dąbrowski,powiat dąbrowski,2380
20,Wskaźnik dostępności bibliotek,2011,gmina,Bolesław,powiat dąbrowski,1401
20,Wskaźnik dostępności bibliotek,2011,gmina,Dąbrowa Tarnowska,powiat dąbrowski,3507
20,Wskaźnik dostępności bibliotek,2011,gmina,Gręboszów,powiat dąbrowski,1160
20,Wskaźnik dostępności bibliotek,2011,gmina,Mędrzechów,powiat dąbrowski,1779
20,Wskaźnik dostępności bibliotek,2011,gmina,Olesno,powiat dąbrowski,2620
20,Wskaźnik dostępności bibliotek,2011,gmina,Radgoszcz,powiat dąbrowski,7378
20,Wskaźnik dostępności bibliotek,2011,gmina,Szczucin,powiat dąbrowski,1672
20,Wskaźnik dostępności bibliotek,2011,powiat,powiat gorlicki,powiat gorlicki,3413
20,Wskaźnik dostępności bibliotek,2011,gmina,Biecz,powiat gorlicki,3419
20,Wskaźnik dostępności bibliotek,2011,gmina,Bobowa,powiat gorlicki,3172
20,Wskaźnik dostępności bibliotek,2011,gmina,Gorlice (miasto),powiat gorlicki,7169
20,Wskaźnik dostępności bibliotek,2011,gmina,Gorlice (wieś),powiat gorlicki,3398
20,Wskaźnik dostępności bibliotek,2011,gmina,Lipinki,powiat gorlicki,2272
20,Wskaźnik dostępności bibliotek,2011,gmina,Łużna,powiat gorlicki,2787
20,Wskaźnik dostępności bibliotek,2011,gmina,Moszczenica,powiat gorlicki,2438
20,Wskaźnik dostępności bibliotek,2011,gmina,Ropa,powiat gorlicki,2656
20,Wskaźnik dostępności bibliotek,2011,gmina,Sękowa,powiat gorlicki,4917
20,Wskaźnik dostępności bibliotek,2011,gmina,Uście Gorlickie,powiat gorlicki,1667
20,Wskaźnik dostępności bibliotek,2011,powiat,powiat krakowski,powiat krakowski,3637
20,Wskaźnik dostępności bibliotek,2011,gmina,Czernichów,powiat krakowski,2746
20,Wskaźnik dostępności bibliotek,2011,gmina,Igołomia-Wawrzeńczyce,powiat krakowski,2589
20,Wskaźnik dostępności bibliotek,2011,gmina,Iwanowice,powiat krakowski,2160
20,Wskaźnik dostępności bibliotek,2011,gmina,Jerzmanowice-Przeginia,powiat krakowski,2663
20,Wskaźnik dostępności bibliotek,2011,gmina,Kocmyrzów-Luborzyca,powiat krakowski,4773
20,Wskaźnik dostępności bibliotek,2011,gmina,Krzeszowice,powiat krakowski,3242
20,Wskaźnik dostępności bibliotek,2011,gmina,Liszki,powiat krakowski,5422
20,Wskaźnik dostępności bibliotek,2011,gmina,Michałowice,powiat krakowski,3119
20,Wskaźnik dostępności bibliotek,2011,gmina,Mogilany,powiat krakowski,6332
20,Wskaźnik dostępności bibliotek,2011,gmina,Skała,powiat krakowski,3388
20,Wskaźnik dostępności bibliotek,2011,gmina,Skawina,powiat krakowski,2854
20,Wskaźnik dostępności bibliotek,2011,gmina,Słomniki,powiat krakowski,3452
20,Wskaźnik dostępności bibliotek,2011,gmina,Sułoszowa,powiat krakowski,2913
20,Wskaźnik dostępności bibliotek,2011,gmina,Świątniki Górne,powiat krakowski,4701
20,Wskaźnik dostępności bibliotek,2011,gmina,Wielka Wieś,powiat krakowski,5259
20,Wskaźnik dostępności bibliotek,2011,gmina,Zabierzów,powiat krakowski,6119
20,Wskaźnik dostępności bibliotek,2011,gmina,Zielonki,powiat krakowski,6347
20,Wskaźnik dostępności bibliotek,2011,powiat,powiat limanowski,powiat limanowski,3185
20,Wskaźnik dostępności bibliotek,2011,gmina,Dobra,powiat limanowski,3242
20,Wskaźnik dostępności bibliotek,2011,gmina,Jodłownik,powiat limanowski,1659
20,Wskaźnik dostępności bibliotek,2011,gmina,Kamienica,powiat limanowski,2555
20,Wskaźnik dostępności bibliotek,2011,gmina,Laskowa,powiat limanowski,3913
20,Wskaźnik dostępności bibliotek,2011,gmina,Limanowa (miasto),powiat limanowski,7558
20,Wskaźnik dostępności bibliotek,2011,gmina,Limanowa (wieś),powiat limanowski,3022
20,Wskaźnik dostępności bibliotek,2011,gmina,Łukowica,powiat limanowski,1936
20,Wskaźnik dostępności bibliotek,2011,gmina,Mszana Dolna (miasto),powiat limanowski,7831
20,Wskaźnik dostępności bibliotek,2011,gmina,Mszana Dolna (wieś),powiat limanowski,2146
20,Wskaźnik dostępności bibliotek,2011,gmina,Niedźwiedź,powiat limanowski,7151
20,Wskaźnik dostępności bibliotek,2011,gmina,Słopnice,powiat limanowski,6332
20,Wskaźnik dostępności bibliotek,2011,gmina,Tymbark,powiat limanowski,6426
20,Wskaźnik dostępności bibliotek,2011,powiat,powiat m. Kraków,powiat m. Kraków,9489
20,Wskaźnik dostępności bibliotek,2011,powiat,powiat m. Nowy Sącz,powiat m. Nowy Sącz,10541
20,Wskaźnik dostępności bibliotek,2011,powiat,powiat m. Tarnów,powiat m. Tarnów,7573
20,Wskaźnik dostępności bibliotek,2011,powiat,powiat miechowski,powiat miechowski,3145
20,Wskaźnik dostępności bibliotek,2011,gmina,Charsznica,powiat miechowski,7693
20,Wskaźnik dostępności bibliotek,2011,gmina,Gołcza,powiat miechowski,3122
20,Wskaźnik dostępności bibliotek,2011,gmina,Kozłów,powiat miechowski,1599
20,Wskaźnik dostępności bibliotek,2011,gmina,Książ Wielki,powiat miechowski,5336
20,Wskaźnik dostępności bibliotek,2011,gmina,Miechów,powiat miechowski,2857
20,Wskaźnik dostępności bibliotek,2011,gmina,Racławice,powiat miechowski,2496
20,Wskaźnik dostępności bibliotek,2011,gmina,Słaboszów,powiat miechowski,3759
20,Wskaźnik dostępności bibliotek,2011,powiat,powiat myślenicki,powiat myślenicki,4904
20,Wskaźnik dostępności bibliotek,2011,gmina,Dobczyce,powiat myślenicki,14858
20,Wskaźnik dostępności bibliotek,2011,gmina,Lubień,powiat myślenicki,2445
20,Wskaźnik dostępności bibliotek,2011,gmina,Myślenice,powiat myślenicki,6102
20,Wskaźnik dostępności bibliotek,2011,gmina,Pcim,powiat myślenicki,3603
20,Wskaźnik dostępności bibliotek,2011,gmina,Raciechowice,powiat myślenicki,6069
20,Wskaźnik dostępności bibliotek,2011,gmina,Siepraw,powiat myślenicki,4159
20,Wskaźnik dostępności bibliotek,2011,gmina,Sułkowice,powiat myślenicki,3604
20,Wskaźnik dostępności bibliotek,2011,gmina,Tokarnia,powiat myślenicki,8538
20,Wskaźnik dostępności bibliotek,2011,gmina,Wiśniowa,powiat myślenicki,3551
20,Wskaźnik dostępności bibliotek,2011,powiat,powiat nowosądecki,powiat nowosądecki,3115
20,Wskaźnik dostępności bibliotek,2011,gmina,Podegrodzie,powiat nowosądecki,3099
20,Wskaźnik dostępności bibliotek,2011,gmina,Rytro,powiat nowosądecki,3813
20,Wskaźnik dostępności bibliotek,2011,gmina,Stary Sącz,powiat nowosądecki,4636
20,Wskaźnik dostępności bibliotek,2011,gmina,Chełmiec,powiat nowosądecki,3323
20,Wskaźnik dostępności bibliotek,2011,gmina,Gródek nad Dunajcem,powiat nowosądecki,4578
20,Wskaźnik dostępności bibliotek,2011,gmina,Grybów (miasto),powiat nowosądecki,6214
20,Wskaźnik dostępności bibliotek,2011,gmina,Grybów (wieś),powiat nowosądecki,2404
20,Wskaźnik dostępności bibliotek,2011,gmina,Kamionka Wielka,powiat nowosądecki,4896
20,Wskaźnik dostępności bibliotek,2011,gmina,Korzenna,powiat nowosądecki,1992
20,Wskaźnik dostępności bibliotek,2011,gmina,Krynica-Zdrój,powiat nowosądecki,1705
20,Wskaźnik dostępności bibliotek,2011,gmina,Łabowa,powiat nowosądecki,2838
20,Wskaźnik dostępności bibliotek,2011,gmina,Łącko,powiat nowosądecki,3945
20,Wskaźnik dostępności bibliotek,2011,gmina,Łososina Dolna,powiat nowosądecki,5258
20,Wskaźnik dostępności bibliotek,2011,gmina,Muszyna,powiat nowosądecki,2924
20,Wskaźnik dostępności bibliotek,2011,gmina,Nawojowa,powiat nowosądecki,2729
20,Wskaźnik dostępności bibliotek,2011,gmina,Piwniczna-Zdrój,powiat nowosądecki,5347
20,Wskaźnik dostępności bibliotek,2011,powiat,powiat nowotarski,powiat nowotarski,3309
20,Wskaźnik dostępności bibliotek,2011,gmina,Czarny Dunajec,powiat nowotarski,2196
20,Wskaźnik dostępności bibliotek,2011,gmina,Czorsztyn,powiat nowotarski,1237
20,Wskaźnik dostępności bibliotek,2011,gmina,Jabłonka,powiat nowotarski,2963
20,Wskaźnik dostępności bibliotek,2011,gmina,Krościenko nad Dunajcem,powiat nowotarski,2226
20,Wskaźnik dostępności bibliotek,2011,gmina,Lipnica Wielka,powiat nowotarski,5928
20,Wskaźnik dostępności bibliotek,2011,gmina,Łapsze Niżne,powiat nowotarski,2272
20,Wskaźnik dostępności bibliotek,2011,gmina,Nowy Targ (miasto),powiat nowotarski,11266
20,Wskaźnik dostępności bibliotek,2011,gmina,Nowy Targ (wieś),powiat nowotarski,1792
20,Wskaźnik dostępności bibliotek,2011,gmina,Ochotnica Dolna,powiat nowotarski,2766
20,Wskaźnik dostępności bibliotek,2011,gmina,Raba Wyżna,powiat nowotarski,4792
20,Wskaźnik dostępności bibliotek,2011,gmina,Rabka-Zdrój,powiat nowotarski,17507
20,Wskaźnik dostępności bibliotek,2011,gmina,Spytkowice,powiat nowotarski,4345
20,Wskaźnik dostępności bibliotek,2011,gmina,Szaflary,powiat nowotarski,5348
20,Wskaźnik dostępności bibliotek,2011,gmina,Szczawnica,powiat nowotarski,7433
20,Wskaźnik dostępności bibliotek,2011,powiat,powiat olkuski,powiat olkuski,3584
20,Wskaźnik dostępności bibliotek,2011,gmina,Bolesław,powiat olkuski,1578
20,Wskaźnik dostępności bibliotek,2011,gmina,Bukowno,powiat olkuski,2100
20,Wskaźnik dostępności bibliotek,2011,gmina,Klucze,powiat olkuski,3063
20,Wskaźnik dostępności bibliotek,2011,gmina,Olkusz,powiat olkuski,4579
20,Wskaźnik dostępności bibliotek,2011,gmina,Trzyciąż,powiat olkuski,3558
20,Wskaźnik dostępności bibliotek,2011,gmina,Wolbrom,powiat olkuski,5876
20,Wskaźnik dostępności bibliotek,2011,powiat,powiat oświęcimski,powiat oświęcimski,4431
20,Wskaźnik dostępności bibliotek,2011,gmina,Brzeszcze,powiat oświęcimski,2713
20,Wskaźnik dostępności bibliotek,2011,gmina,Chełmek,powiat oświęcimski,3275
20,Wskaźnik dostępności bibliotek,2011,gmina,Kęty,powiat oświęcimski,6841
20,Wskaźnik dostępności bibliotek,2011,gmina,Osiek,powiat oświęcimski,4037
20,Wskaźnik dostępności bibliotek,2011,gmina,Oświęcim (miasto),powiat oświęcimski,13379
20,Wskaźnik dostępności bibliotek,2011,gmina,Oświęcim (wieś),powiat oświęcimski,2940
20,Wskaźnik dostępności bibliotek,2011,gmina,Polanka Wielka,powiat oświęcimski,4257
20,Wskaźnik dostępności bibliotek,2011,gmina,Przeciszów,powiat oświęcimski,3373
20,Wskaźnik dostępności bibliotek,2011,gmina,Zator,powiat oświęcimski,2306
20,Wskaźnik dostępności bibliotek,2011,powiat,powiat proszowicki,powiat proszowicki,3666
20,Wskaźnik dostępności bibliotek,2011,gmina,Koniusza,powiat proszowicki,2933
20,Wskaźnik dostępności bibliotek,2011,gmina,Koszyce,powiat proszowicki,5729
20,Wskaźnik dostępności bibliotek,2011,gmina,Nowe Brzesko,powiat proszowicki,5817
20,Wskaźnik dostępności bibliotek,2011,gmina,Pałecznica,powiat proszowicki,3683
20,Wskaźnik dostępności bibliotek,2011,gmina,Proszowice,powiat proszowicki,4125
20,Wskaźnik dostępności bibliotek,2011,gmina,Radziemice,powiat proszowicki,1734
20,Wskaźnik dostępności bibliotek,2011,powiat,powiat suski,powiat suski,3001
20,Wskaźnik dostępności bibliotek,2011,gmina,Budzów,powiat suski,1442
20,Wskaźnik dostępności bibliotek,2011,gmina,Bystra-Sidzina,powiat suski,3373
20,Wskaźnik dostępności bibliotek,2011,gmina,Jordanów (miasto),powiat suski,5310
20,Wskaźnik dostępności bibliotek,2011,gmina,Jordanów (wieś),powiat suski,2167
20,Wskaźnik dostępności bibliotek,2011,gmina,Maków Podhalański,powiat suski,2729
20,Wskaźnik dostępności bibliotek,2011,gmina,Stryszawa,powiat suski,11782
20,Wskaźnik dostępności bibliotek,2011,gmina,Sucha Beskidzka,powiat suski,3179
20,Wskaźnik dostępności bibliotek,2011,gmina,Zawoja,powiat suski,3039
20,Wskaźnik dostępności bibliotek,2011,gmina,Zembrzyce,powiat suski,5669
20,Wskaźnik dostępności bibliotek,2011,powiat,powiat tarnowski,powiat tarnowski,3098
20,Wskaźnik dostępności bibliotek,2011,gmina,Ciężkowice,powiat tarnowski,3743
20,Wskaźnik dostępności bibliotek,2011,gmina,Gromnik,powiat tarnowski,2177
20,Wskaźnik dostępności bibliotek,2011,gmina,Lisia Góra,powiat tarnowski,2900
20,Wskaźnik dostępności bibliotek,2011,gmina,Pleśna,powiat tarnowski,2359
20,Wskaźnik dostępności bibliotek,2011,gmina,Radłów,powiat tarnowski,1956
20,Wskaźnik dostępności bibliotek,2011,gmina,Ryglice,powiat tarnowski,3904
20,Wskaźnik dostępności bibliotek,2011,gmina,Rzepiennik Strzyżewski,powiat tarnowski,1705
20,Wskaźnik dostępności bibliotek,2011,gmina,Skrzyszów,powiat tarnowski,3421
20,Wskaźnik dostępności bibliotek,2011,gmina,Szerzyny,powiat tarnowski,2016
20,Wskaźnik dostępności bibliotek,2011,gmina,Tarnów (wieś),powiat tarnowski,8180
20,Wskaźnik dostępności bibliotek,2011,gmina,Tuchów,powiat tarnowski,6021
20,Wskaźnik dostępności bibliotek,2011,gmina,Wierzchosławice,powiat tarnowski,2126
20,Wskaźnik dostępności bibliotek,2011,gmina,Wietrzychowice,powiat tarnowski,2047
20,Wskaźnik dostępności bibliotek,2011,gmina,Wojnicz,powiat tarnowski,3310
20,Wskaźnik dostępności bibliotek,2011,gmina,Zakliczyn,powiat tarnowski,3095
20,Wskaźnik dostępności bibliotek,2011,gmina,Żabno,powiat tarnowski,3173
20,Wskaźnik dostępności bibliotek,2011,powiat,powiat tatrzański,powiat tatrzański,3560
20,Wskaźnik dostępności bibliotek,2011,gmina,Biały Dunajec,powiat tatrzański,2350
20,Wskaźnik dostępności bibliotek,2011,gmina,Bukowina Tatrzańska,powiat tatrzański,2594
20,Wskaźnik dostępności bibliotek,2011,gmina,Kościelisko,powiat tatrzański,2831
20,Wskaźnik dostępności bibliotek,2011,gmina,Poronin,powiat tatrzański,2812
20,Wskaźnik dostępności bibliotek,2011,gmina,Zakopane,powiat tatrzański,6970
20,Wskaźnik dostępności bibliotek,2011,powiat,powiat wadowicki,powiat wadowicki,3369
20,Wskaźnik dostępności bibliotek,2011,gmina,Andrychów,powiat wadowicki,6270
20,Wskaźnik dostępności bibliotek,2011,gmina,Brzeźnica,powiat wadowicki,1663
20,Wskaźnik dostępności bibliotek,2011,gmina,Kalwaria Zebrzydowska,powiat wadowicki,3951
20,Wskaźnik dostępności bibliotek,2011,gmina,Lanckorona,powiat wadowicki,1535
20,Wskaźnik dostępności bibliotek,2011,gmina,Mucharz,powiat wadowicki,998
20,Wskaźnik dostępności bibliotek,2011,gmina,Spytkowice,powiat wadowicki,3374
20,Wskaźnik dostępności bibliotek,2011,gmina,Stryszów,powiat wadowicki,1699
20,Wskaźnik dostępności bibliotek,2011,gmina,Tomice,powiat wadowicki,1925
20,Wskaźnik dostępności bibliotek,2011,gmina,Wadowice,powiat wadowicki,6336
20,Wskaźnik dostępności bibliotek,2011,gmina,Wieprz,powiat wadowicki,2993
20,Wskaźnik dostępności bibliotek,2011,powiat,powiat wielicki,powiat wielicki,5768
20,Wskaźnik dostępności bibliotek,2011,gmina,Biskupice,powiat wielicki,9347
20,Wskaźnik dostępności bibliotek,2011,gmina,Gdów,powiat wielicki,8602
20,Wskaźnik dostępności bibliotek,2011,gmina,Kłaj,powiat wielicki,3480
20,Wskaźnik dostępności bibliotek,2011,gmina,Niepołomice,powiat wielicki,4938
20,Wskaźnik dostępności bibliotek,2011,gmina,Wieliczka,powiat wielicki,5964
20,Wskaźnik dostępności bibliotek,2010,powiat,powiat bocheński,powiat bocheński,2458
20,Wskaźnik dostępności bibliotek,2010,gmina,Bochnia (miasto),powiat bocheński,3352
20,Wskaźnik dostępności bibliotek,2010,gmina,Bochnia (wieś),powiat bocheński,1878
20,Wskaźnik dostępności bibliotek,2010,gmina,Drwinia,powiat bocheński,2153
20,Wskaźnik dostępności bibliotek,2010,gmina,Lipnica Murowana,powiat bocheński,2768
20,Wskaźnik dostępności bibliotek,2010,gmina,Łapanów,powiat bocheński,1927
20,Wskaźnik dostępności bibliotek,2010,gmina,Nowy Wiśnicz,powiat bocheński,4424
20,Wskaźnik dostępności bibliotek,2010,gmina,Rzezawa,powiat bocheński,2188
20,Wskaźnik dostępności bibliotek,2010,gmina,Trzciana,powiat bocheński,1299
20,Wskaźnik dostępności bibliotek,2010,gmina,Żegocina,powiat bocheński,2587
20,Wskaźnik dostępności bibliotek,2010,powiat,powiat brzeski,powiat brzeski,2975
20,Wskaźnik dostępności bibliotek,2010,gmina,Borzęcin,powiat brzeski,2807
20,Wskaźnik dostępności bibliotek,2010,gmina,Brzesko,powiat brzeski,4538
20,Wskaźnik dostępności bibliotek,2010,gmina,Czchów,powiat brzeski,2385
20,Wskaźnik dostępności bibliotek,2010,gmina,Dębno,powiat brzeski,2863
20,Wskaźnik dostępności bibliotek,2010,gmina,Gnojnik,powiat brzeski,2553
20,Wskaźnik dostępności bibliotek,2010,gmina,Iwkowa,powiat brzeski,3102
20,Wskaźnik dostępności bibliotek,2010,gmina,Szczurowa,powiat brzeski,1632
20,Wskaźnik dostępności bibliotek,2010,powiat,powiat chrzanowski,powiat chrzanowski,3203
20,Wskaźnik dostępności bibliotek,2010,gmina,Alwernia,powiat chrzanowski,1818
20,Wskaźnik dostępności bibliotek,2010,gmina,Babice,powiat chrzanowski,1792
20,Wskaźnik dostępności bibliotek,2010,gmina,Chrzanów,powiat chrzanowski,4909
20,Wskaźnik dostępności bibliotek,2010,gmina,Libiąż,powiat chrzanowski,5714
20,Wskaźnik dostępności bibliotek,2010,gmina,Trzebinia,powiat chrzanowski,2464
20,Wskaźnik dostępności bibliotek,2010,powiat,powiat dąbrowski,powiat dąbrowski,2204
20,Wskaźnik dostępności bibliotek,2010,gmina,Bolesław,powiat dąbrowski,1422
20,Wskaźnik dostępności bibliotek,2010,gmina,Dąbrowa Tarnowska,powiat dąbrowski,3498
20,Wskaźnik dostępności bibliotek,2010,gmina,Gręboszów,powiat dąbrowski,1171
20,Wskaźnik dostępności bibliotek,2010,gmina,Mędrzechów,powiat dąbrowski,1786
20,Wskaźnik dostępności bibliotek,2010,gmina,Olesno,powiat dąbrowski,2616
20,Wskaźnik dostępności bibliotek,2010,gmina,Radgoszcz,powiat dąbrowski,7362
20,Wskaźnik dostępności bibliotek,2010,gmina,Szczucin,powiat dąbrowski,1339
20,Wskaźnik dostępności bibliotek,2010,powiat,powiat gorlicki,powiat gorlicki,3412
20,Wskaźnik dostępności bibliotek,2010,gmina,Biecz,powiat gorlicki,3416
20,Wskaźnik dostępności bibliotek,2010,gmina,Bobowa,powiat gorlicki,3169
20,Wskaźnik dostępności bibliotek,2010,gmina,Gorlice (miasto),powiat gorlicki,7217
20,Wskaźnik dostępności bibliotek,2010,gmina,Gorlice (wieś),powiat gorlicki,3381
20,Wskaźnik dostępności bibliotek,2010,gmina,Lipinki,powiat gorlicki,2274
20,Wskaźnik dostępności bibliotek,2010,gmina,Łużna,powiat gorlicki,2782
20,Wskaźnik dostępności bibliotek,2010,gmina,Moszczenica,powiat gorlicki,2431
20,Wskaźnik dostępności bibliotek,2010,gmina,Ropa,powiat gorlicki,2637
20,Wskaźnik dostępności bibliotek,2010,gmina,Sękowa,powiat gorlicki,4890
20,Wskaźnik dostępności bibliotek,2010,gmina,Uście Gorlickie,powiat gorlicki,1656
20,Wskaźnik dostępności bibliotek,2010,powiat,powiat krakowski,powiat krakowski,3704
20,Wskaźnik dostępności bibliotek,2010,gmina,Czernichów,powiat krakowski,2727
20,Wskaźnik dostępności bibliotek,2010,gmina,Igołomia-Wawrzeńczyce,powiat krakowski,2593
20,Wskaźnik dostępności bibliotek,2010,gmina,Iwanowice,powiat krakowski,2139
20,Wskaźnik dostępności bibliotek,2010,gmina,Jerzmanowice-Przeginia,powiat krakowski,2657
20,Wskaźnik dostępności bibliotek,2010,gmina,Kocmyrzów-Luborzyca,powiat krakowski,4700
20,Wskaźnik dostępności bibliotek,2010,gmina,Krzeszowice,powiat krakowski,3227
20,Wskaźnik dostępności bibliotek,2010,gmina,Liszki,powiat krakowski,5384
20,Wskaźnik dostępności bibliotek,2010,gmina,Michałowice,powiat krakowski,3063
20,Wskaźnik dostępności bibliotek,2010,gmina,Mogilany,powiat krakowski,6222
20,Wskaźnik dostępności bibliotek,2010,gmina,Skała,powiat krakowski,3343
20,Wskaźnik dostępności bibliotek,2010,gmina,Skawina,powiat krakowski,3284
20,Wskaźnik dostępności bibliotek,2010,gmina,Słomniki,powiat krakowski,3455
20,Wskaźnik dostępności bibliotek,2010,gmina,Sułoszowa,powiat krakowski,2919
20,Wskaźnik dostępności bibliotek,2010,gmina,Świątniki Górne,powiat krakowski,4640
20,Wskaźnik dostępności bibliotek,2010,gmina,Wielka Wieś,powiat krakowski,5161
20,Wskaźnik dostępności bibliotek,2010,gmina,Zabierzów,powiat krakowski,6033
20,Wskaźnik dostępności bibliotek,2010,gmina,Zielonki,powiat krakowski,6133
20,Wskaźnik dostępności bibliotek,2010,powiat,powiat limanowski,powiat limanowski,3250
20,Wskaźnik dostępności bibliotek,2010,gmina,Dobra,powiat limanowski,3221
20,Wskaźnik dostępności bibliotek,2010,gmina,Jodłownik,powiat limanowski,1656
20,Wskaźnik dostępności bibliotek,2010,gmina,Kamienica,powiat limanowski,2544
20,Wskaźnik dostępności bibliotek,2010,gmina,Laskowa,powiat limanowski,3900
20,Wskaźnik dostępności bibliotek,2010,gmina,Limanowa (miasto),powiat limanowski,7584
20,Wskaźnik dostępności bibliotek,2010,gmina,Limanowa (wieś),powiat limanowski,2996
20,Wskaźnik dostępności bibliotek,2010,gmina,Łukowica,powiat limanowski,2409
20,Wskaźnik dostępności bibliotek,2010,gmina,Mszana Dolna (miasto),powiat limanowski,7795
20,Wskaźnik dostępności bibliotek,2010,gmina,Mszana Dolna (wieś),powiat limanowski,2126
20,Wskaźnik dostępności bibliotek,2010,gmina,Niedźwiedź,powiat limanowski,7120
20,Wskaźnik dostępności bibliotek,2010,gmina,Słopnice,powiat limanowski,6268
20,Wskaźnik dostępności bibliotek,2010,gmina,Tymbark,powiat limanowski,6398
20,Wskaźnik dostępności bibliotek,2010,powiat,powiat m. Kraków,powiat m. Kraków,9241
20,Wskaźnik dostępności bibliotek,2010,powiat,powiat m. Nowy Sącz,powiat m. Nowy Sącz,10546
20,Wskaźnik dostępności bibliotek,2010,powiat,powiat m. Tarnów,powiat m. Tarnów,7136
20,Wskaźnik dostępności bibliotek,2010,powiat,powiat miechowski,powiat miechowski,2810
20,Wskaźnik dostępności bibliotek,2010,gmina,Charsznica,powiat miechowski,7748
20,Wskaźnik dostępności bibliotek,2010,gmina,Gołcza,powiat miechowski,3125
20,Wskaźnik dostępności bibliotek,2010,gmina,Kozłów,powiat miechowski,1623
20,Wskaźnik dostępności bibliotek,2010,gmina,Książ Wielki,powiat miechowski,5356
20,Wskaźnik dostępności bibliotek,2010,gmina,Miechów,powiat miechowski,2864
20,Wskaźnik dostępności bibliotek,2010,gmina,Racławice,powiat miechowski,2518
20,Wskaźnik dostępności bibliotek,2010,gmina,Słaboszów,powiat miechowski,1266
20,Wskaźnik dostępności bibliotek,2010,powiat,powiat myślenicki,powiat myślenicki,4866
20,Wskaźnik dostępności bibliotek,2010,gmina,Dobczyce,powiat myślenicki,14689
20,Wskaźnik dostępności bibliotek,2010,gmina,Lubień,powiat myślenicki,2428
20,Wskaźnik dostępności bibliotek,2010,gmina,Myślenice,powiat myślenicki,6066
20,Wskaźnik dostępności bibliotek,2010,gmina,Pcim,powiat myślenicki,3590
20,Wskaźnik dostępności bibliotek,2010,gmina,Raciechowice,powiat myślenicki,6018
20,Wskaźnik dostępności bibliotek,2010,gmina,Siepraw,powiat myślenicki,4105
20,Wskaźnik dostępności bibliotek,2010,gmina,Sułkowice,powiat myślenicki,3573
20,Wskaźnik dostępności bibliotek,2010,gmina,Tokarnia,powiat myślenicki,8473
20,Wskaźnik dostępności bibliotek,2010,gmina,Wiśniowa,powiat myślenicki,3513
20,Wskaźnik dostępności bibliotek,2010,powiat,powiat nowosądecki,powiat nowosądecki,3051
20,Wskaźnik dostępności bibliotek,2010,gmina,Podegrodzie,powiat nowosądecki,3065
20,Wskaźnik dostępności bibliotek,2010,gmina,Rytro,powiat nowosądecki,3771
20,Wskaźnik dostępności bibliotek,2010,gmina,Stary Sącz,powiat nowosądecki,4613
20,Wskaźnik dostępności bibliotek,2010,gmina,Chełmiec,powiat nowosądecki,3286
20,Wskaźnik dostępności bibliotek,2010,gmina,Gródek nad Dunajcem,powiat nowosądecki,4551
20,Wskaźnik dostępności bibliotek,2010,gmina,Grybów (miasto),powiat nowosądecki,6272
20,Wskaźnik dostępności bibliotek,2010,gmina,Grybów (wieś),powiat nowosądecki,2381
20,Wskaźnik dostępności bibliotek,2010,gmina,Kamionka Wielka,powiat nowosądecki,4857
20,Wskaźnik dostępności bibliotek,2010,gmina,Korzenna,powiat nowosądecki,1975
20,Wskaźnik dostępności bibliotek,2010,gmina,Krynica-Zdrój,powiat nowosądecki,1560
20,Wskaźnik dostępności bibliotek,2010,gmina,Łabowa,powiat nowosądecki,2793
20,Wskaźnik dostępności bibliotek,2010,gmina,Łącko,powiat nowosądecki,3927
20,Wskaźnik dostępności bibliotek,2010,gmina,Łososina Dolna,powiat nowosądecki,5216
20,Wskaźnik dostępności bibliotek,2010,gmina,Muszyna,powiat nowosądecki,2914
20,Wskaźnik dostępności bibliotek,2010,gmina,Nawojowa,powiat nowosądecki,2715
20,Wskaźnik dostępności bibliotek,2010,gmina,Piwniczna-Zdrój,powiat nowosądecki,5345
20,Wskaźnik dostępności bibliotek,2010,powiat,powiat nowotarski,powiat nowotarski,3297
20,Wskaźnik dostępności bibliotek,2010,gmina,Czarny Dunajec,powiat nowotarski,2189
20,Wskaźnik dostępności bibliotek,2010,gmina,Czorsztyn,powiat nowotarski,1229
20,Wskaźnik dostępności bibliotek,2010,gmina,Jabłonka,powiat nowotarski,2949
20,Wskaźnik dostępności bibliotek,2010,gmina,Krościenko nad Dunajcem,powiat nowotarski,2206
20,Wskaźnik dostępności bibliotek,2010,gmina,Lipnica Wielka,powiat nowotarski,5895
20,Wskaźnik dostępności bibliotek,2010,gmina,Łapsze Niżne,powiat nowotarski,2261
20,Wskaźnik dostępności bibliotek,2010,gmina,Nowy Targ (miasto),powiat nowotarski,11270
20,Wskaźnik dostępności bibliotek,2010,gmina,Nowy Targ (wieś),powiat nowotarski,1781
20,Wskaźnik dostępności bibliotek,2010,gmina,Ochotnica Dolna,powiat nowotarski,2746
20,Wskaźnik dostępności bibliotek,2010,gmina,Raba Wyżna,powiat nowotarski,4764
20,Wskaźnik dostępności bibliotek,2010,gmina,Rabka-Zdrój,powiat nowotarski,17556
20,Wskaźnik dostępności bibliotek,2010,gmina,Spytkowice,powiat nowotarski,4351
20,Wskaźnik dostępności bibliotek,2010,gmina,Szaflary,powiat nowotarski,5297
20,Wskaźnik dostępności bibliotek,2010,gmina,Szczawnica,powiat nowotarski,7425
20,Wskaźnik dostępności bibliotek,2010,powiat,powiat olkuski,powiat olkuski,3963
20,Wskaźnik dostępności bibliotek,2010,gmina,Bolesław,powiat olkuski,1582
20,Wskaźnik dostępności bibliotek,2010,gmina,Bukowno,powiat olkuski,2106
20,Wskaźnik dostępności bibliotek,2010,gmina,Klucze,powiat olkuski,7639
20,Wskaźnik dostępności bibliotek,2010,gmina,Olkusz,powiat olkuski,4592
20,Wskaźnik dostępności bibliotek,2010,gmina,Trzyciąż,powiat olkuski,3560
20,Wskaźnik dostępności bibliotek,2010,gmina,Wolbrom,powiat olkuski,5892
20,Wskaźnik dostępności bibliotek,2010,powiat,powiat oświęcimski,powiat oświęcimski,4192
20,Wskaźnik dostępności bibliotek,2010,gmina,Brzeszcze,powiat oświęcimski,2715
20,Wskaźnik dostępności bibliotek,2010,gmina,Chełmek,powiat oświęcimski,3267
20,Wskaźnik dostępności bibliotek,2010,gmina,Kęty,powiat oświęcimski,6820
20,Wskaźnik dostępności bibliotek,2010,gmina,Osiek,powiat oświęcimski,4026
20,Wskaźnik dostępności bibliotek,2010,gmina,Oświęcim (miasto),powiat oświęcimski,8094
20,Wskaźnik dostępności bibliotek,2010,gmina,Oświęcim (wieś),powiat oświęcimski,2912
20,Wskaźnik dostępności bibliotek,2010,gmina,Polanka Wielka,powiat oświęcimski,4250
20,Wskaźnik dostępności bibliotek,2010,gmina,Przeciszów,powiat oświęcimski,3388
20,Wskaźnik dostępności bibliotek,2010,gmina,Zator,powiat oświęcimski,2301
20,Wskaźnik dostępności bibliotek,2010,powiat,powiat proszowicki,powiat proszowicki,3666
20,Wskaźnik dostępności bibliotek,2010,gmina,Koniusza,powiat proszowicki,2929
20,Wskaźnik dostępności bibliotek,2010,gmina,Koszyce,powiat proszowicki,5736
20,Wskaźnik dostępności bibliotek,2010,gmina,Nowe Brzesko,powiat proszowicki,5790
20,Wskaźnik dostępności bibliotek,2010,gmina,Pałecznica,powiat proszowicki,3689
20,Wskaźnik dostępności bibliotek,2010,gmina,Proszowice,powiat proszowicki,4129
20,Wskaźnik dostępności bibliotek,2010,gmina,Radziemice,powiat proszowicki,1734
20,Wskaźnik dostępności bibliotek,2010,powiat,powiat suski,powiat suski,2705
20,Wskaźnik dostępności bibliotek,2010,gmina,Budzów,powiat suski,1434
20,Wskaźnik dostępności bibliotek,2010,gmina,Bystra-Sidzina,powiat suski,3346
20,Wskaźnik dostępności bibliotek,2010,gmina,Jordanów (miasto),powiat suski,5286
20,Wskaźnik dostępności bibliotek,2010,gmina,Jordanów (wieś),powiat suski,2157
20,Wskaźnik dostępności bibliotek,2010,gmina,Maków Podhalański,powiat suski,2724
20,Wskaźnik dostępności bibliotek,2010,gmina,Stryszawa,powiat suski,11812
20,Wskaźnik dostępności bibliotek,2010,gmina,Sucha Beskidzka,powiat suski,3191
20,Wskaźnik dostępności bibliotek,2010,gmina,Zawoja,powiat suski,3041
20,Wskaźnik dostępności bibliotek,2010,gmina,Zembrzyce,powiat suski,1412
20,Wskaźnik dostępności bibliotek,2010,powiat,powiat tarnowski,powiat tarnowski,3042
20,Wskaźnik dostępności bibliotek,2010,gmina,Ciężkowice,powiat tarnowski,3737
20,Wskaźnik dostępności bibliotek,2010,gmina,Gromnik,powiat tarnowski,2175
20,Wskaźnik dostępności bibliotek,2010,gmina,Lisia Góra,powiat tarnowski,2874
20,Wskaźnik dostępności bibliotek,2010,gmina,Pleśna,powiat tarnowski,2373
20,Wskaźnik dostępności bibliotek,2010,gmina,Radłów,powiat tarnowski,1948
20,Wskaźnik dostępności bibliotek,2010,gmina,Ryglice,powiat tarnowski,3895
20,Wskaźnik dostępności bibliotek,2010,gmina,Rzepiennik Strzyżewski,powiat tarnowski,1715
20,Wskaźnik dostępności bibliotek,2010,gmina,Skrzyszów,powiat tarnowski,3394
20,Wskaźnik dostępności bibliotek,2010,gmina,Szerzyny,powiat tarnowski,2023
20,Wskaźnik dostępności bibliotek,2010,gmina,Tarnów (wieś),powiat tarnowski,8091
20,Wskaźnik dostępności bibliotek,2010,gmina,Tuchów,powiat tarnowski,6021
20,Wskaźnik dostępności bibliotek,2010,gmina,Wierzchosławice,powiat tarnowski,2113
20,Wskaźnik dostępności bibliotek,2010,gmina,Wietrzychowice,powiat tarnowski,2060
20,Wskaźnik dostępności bibliotek,2010,gmina,Wojnicz,powiat tarnowski,3304
20,Wskaźnik dostępności bibliotek,2010,gmina,Zakliczyn,powiat tarnowski,2472
20,Wskaźnik dostępności bibliotek,2010,gmina,Żabno,powiat tarnowski,3170
20,Wskaźnik dostępności bibliotek,2010,powiat,powiat tatrzański,powiat tatrzański,3543
20,Wskaźnik dostępności bibliotek,2010,gmina,Biały Dunajec,powiat tatrzański,2333
20,Wskaźnik dostępności bibliotek,2010,gmina,Bukowina Tatrzańska,powiat tatrzański,2569
20,Wskaźnik dostępności bibliotek,2010,gmina,Kościelisko,powiat tatrzański,2811
20,Wskaźnik dostępności bibliotek,2010,gmina,Poronin,powiat tatrzański,2792
20,Wskaźnik dostępności bibliotek,2010,gmina,Zakopane,powiat tatrzański,6969
20,Wskaźnik dostępności bibliotek,2010,powiat,powiat wadowicki,powiat wadowicki,3292
20,Wskaźnik dostępności bibliotek,2010,gmina,Andrychów,powiat wadowicki,5487
20,Wskaźnik dostępności bibliotek,2010,gmina,Brzeźnica,powiat wadowicki,1650
20,Wskaźnik dostępności bibliotek,2010,gmina,Kalwaria Zebrzydowska,powiat wadowicki,3938
20,Wskaźnik dostępności bibliotek,2010,gmina,Lanckorona,powiat wadowicki,1527
20,Wskaźnik dostępności bibliotek,2010,gmina,Mucharz,powiat wadowicki,992
20,Wskaźnik dostępności bibliotek,2010,gmina,Spytkowice,powiat wadowicki,3367
20,Wskaźnik dostępności bibliotek,2010,gmina,Stryszów,powiat wadowicki,1696
20,Wskaźnik dostępności bibliotek,2010,gmina,Tomice,powiat wadowicki,1910
20,Wskaźnik dostępności bibliotek,2010,gmina,Wadowice,powiat wadowicki,6341
20,Wskaźnik dostępności bibliotek,2010,gmina,Wieprz,powiat wadowicki,2975
20,Wskaźnik dostępności bibliotek,2010,powiat,powiat wielicki,powiat wielicki,5678
20,Wskaźnik dostępności bibliotek,2010,gmina,Biskupice,powiat wielicki,9253
20,Wskaźnik dostępności bibliotek,2010,gmina,Gdów,powiat wielicki,8509
20,Wskaźnik dostępności bibliotek,2010,gmina,Kłaj,powiat wielicki,3435
20,Wskaźnik dostępności bibliotek,2010,gmina,Niepołomice,powiat wielicki,4832
20,Wskaźnik dostępności bibliotek,2010,gmina,Wieliczka,powiat wielicki,5869
20,Wskaźnik dostępności bibliotek,2009,powiat,powiat bocheński,powiat bocheński,2555
20,Wskaźnik dostępności bibliotek,2009,gmina,Bochnia (miasto),powiat bocheński,3305
20,Wskaźnik dostępności bibliotek,2009,gmina,Bochnia (wieś),powiat bocheński,2337
20,Wskaźnik dostępności bibliotek,2009,gmina,Drwinia,powiat bocheński,2132
20,Wskaźnik dostępności bibliotek,2009,gmina,Lipnica Murowana,powiat bocheński,2785
20,Wskaźnik dostępności bibliotek,2009,gmina,Łapanów,powiat bocheński,1917
20,Wskaźnik dostępności bibliotek,2009,gmina,Nowy Wiśnicz,powiat bocheński,4389
20,Wskaźnik dostępności bibliotek,2009,gmina,Rzezawa,powiat bocheński,2141
20,Wskaźnik dostępności bibliotek,2009,gmina,Trzciana,powiat bocheński,1287
20,Wskaźnik dostępności bibliotek,2009,gmina,Żegocina,powiat bocheński,2545
20,Wskaźnik dostępności bibliotek,2009,powiat,powiat brzeski,powiat brzeski,2945
20,Wskaźnik dostępności bibliotek,2009,gmina,Borzęcin,powiat brzeski,2777
20,Wskaźnik dostępności bibliotek,2009,gmina,Brzesko,powiat brzeski,4468
20,Wskaźnik dostępności bibliotek,2009,gmina,Czchów,powiat brzeski,2365
20,Wskaźnik dostępności bibliotek,2009,gmina,Dębno,powiat brzeski,2829
20,Wskaźnik dostępności bibliotek,2009,gmina,Gnojnik,powiat brzeski,2512
20,Wskaźnik dostępności bibliotek,2009,gmina,Iwkowa,powiat brzeski,3128
20,Wskaźnik dostępności bibliotek,2009,gmina,Szczurowa,powiat brzeski,1638
20,Wskaźnik dostępności bibliotek,2009,powiat,powiat chrzanowski,powiat chrzanowski,3113
20,Wskaźnik dostępności bibliotek,2009,gmina,Alwernia,powiat chrzanowski,1819
20,Wskaźnik dostępności bibliotek,2009,gmina,Babice,powiat chrzanowski,1783
20,Wskaźnik dostępności bibliotek,2009,gmina,Chrzanów,powiat chrzanowski,4468
20,Wskaźnik dostępności bibliotek,2009,gmina,Libiąż,powiat chrzanowski,5669
20,Wskaźnik dostępności bibliotek,2009,gmina,Trzebinia,powiat chrzanowski,2441
20,Wskaźnik dostępności bibliotek,2009,powiat,powiat dąbrowski,powiat dąbrowski,2256
20,Wskaźnik dostępności bibliotek,2009,gmina,Bolesław,powiat dąbrowski,1413
20,Wskaźnik dostępności bibliotek,2009,gmina,Dąbrowa Tarnowska,powiat dąbrowski,3409
20,Wskaźnik dostępności bibliotek,2009,gmina,Gręboszów,powiat dąbrowski,1166
20,Wskaźnik dostępności bibliotek,2009,gmina,Mędrzechów,powiat dąbrowski,1782
20,Wskaźnik dostępności bibliotek,2009,gmina,Olesno,powiat dąbrowski,2561
20,Wskaźnik dostępności bibliotek,2009,gmina,Radgoszcz,powiat dąbrowski,7323
20,Wskaźnik dostępności bibliotek,2009,gmina,Szczucin,powiat dąbrowski,1480
20,Wskaźnik dostępności bibliotek,2009,powiat,powiat gorlicki,powiat gorlicki,3344
20,Wskaźnik dostępności bibliotek,2009,gmina,Biecz,powiat gorlicki,3376
20,Wskaźnik dostępności bibliotek,2009,gmina,Bobowa,powiat gorlicki,3103
20,Wskaźnik dostępności bibliotek,2009,gmina,Gorlice (miasto),powiat gorlicki,7074
20,Wskaźnik dostępności bibliotek,2009,gmina,Gorlice (wieś),powiat gorlicki,3279
20,Wskaźnik dostępności bibliotek,2009,gmina,Lipinki,powiat gorlicki,2262
20,Wskaźnik dostępności bibliotek,2009,gmina,Łużna,powiat gorlicki,2758
20,Wskaźnik dostępności bibliotek,2009,gmina,Moszczenica,powiat gorlicki,2360
20,Wskaźnik dostępności bibliotek,2009,gmina,Ropa,powiat gorlicki,2608
20,Wskaźnik dostępności bibliotek,2009,gmina,Sękowa,powiat gorlicki,4806
20,Wskaźnik dostępności bibliotek,2009,gmina,Uście Gorlickie,powiat gorlicki,1584
20,Wskaźnik dostępności bibliotek,2009,powiat,powiat krakowski,powiat krakowski,3619
20,Wskaźnik dostępności bibliotek,2009,gmina,Czernichów,powiat krakowski,2646
20,Wskaźnik dostępności bibliotek,2009,gmina,Igołomia-Wawrzeńczyce,powiat krakowski,2567
20,Wskaźnik dostępności bibliotek,2009,gmina,Iwanowice,powiat krakowski,2147
20,Wskaźnik dostępności bibliotek,2009,gmina,Jerzmanowice-Przeginia,powiat krakowski,2661
20,Wskaźnik dostępności bibliotek,2009,gmina,Kocmyrzów-Luborzyca,powiat krakowski,4573
20,Wskaźnik dostępności bibliotek,2009,gmina,Krzeszowice,powiat krakowski,3189
20,Wskaźnik dostępności bibliotek,2009,gmina,Liszki,powiat krakowski,5371
20,Wskaźnik dostępności bibliotek,2009,gmina,Michałowice,powiat krakowski,2814
20,Wskaźnik dostępności bibliotek,2009,gmina,Mogilany,powiat krakowski,5970
20,Wskaźnik dostępności bibliotek,2009,gmina,Skała,powiat krakowski,3270
20,Wskaźnik dostępności bibliotek,2009,gmina,Skawina,powiat krakowski,3496
20,Wskaźnik dostępności bibliotek,2009,gmina,Słomniki,powiat krakowski,3431
20,Wskaźnik dostępności bibliotek,2009,gmina,Sułoszowa,powiat krakowski,2956
20,Wskaźnik dostępności bibliotek,2009,gmina,Świątniki Górne,powiat krakowski,4435
20,Wskaźnik dostępności bibliotek,2009,gmina,Wielka Wieś,powiat krakowski,3315
20,Wskaźnik dostępności bibliotek,2009,gmina,Zabierzów,powiat krakowski,5853
20,Wskaźnik dostępności bibliotek,2009,gmina,Zielonki,powiat krakowski,5817
20,Wskaźnik dostępności bibliotek,2009,powiat,powiat limanowski,powiat limanowski,3107
20,Wskaźnik dostępności bibliotek,2009,gmina,Dobra,powiat limanowski,3132
20,Wskaźnik dostępności bibliotek,2009,gmina,Jodłownik,powiat limanowski,1627
20,Wskaźnik dostępności bibliotek,2009,gmina,Kamienica,powiat limanowski,2499
20,Wskaźnik dostępności bibliotek,2009,gmina,Laskowa,powiat limanowski,3803
20,Wskaźnik dostępności bibliotek,2009,gmina,Limanowa (miasto),powiat limanowski,14875
20,Wskaźnik dostępności bibliotek,2009,gmina,Limanowa (wieś),powiat limanowski,2610
20,Wskaźnik dostępności bibliotek,2009,gmina,Łukowica,powiat limanowski,1899
20,Wskaźnik dostępności bibliotek,2009,gmina,Mszana Dolna (miasto),powiat limanowski,7540
20,Wskaźnik dostępności bibliotek,2009,gmina,Mszana Dolna (wieś),powiat limanowski,2102
20,Wskaźnik dostępności bibliotek,2009,gmina,Niedźwiedź,powiat limanowski,6996
20,Wskaźnik dostępności bibliotek,2009,gmina,Słopnice,powiat limanowski,6093
20,Wskaźnik dostępności bibliotek,2009,gmina,Tymbark,powiat limanowski,6334
20,Wskaźnik dostępności bibliotek,2009,powiat,powiat m. Kraków,powiat m. Kraków,9207
20,Wskaźnik dostępności bibliotek,2009,powiat,powiat m. Nowy Sącz,powiat m. Nowy Sącz,10570
20,Wskaźnik dostępności bibliotek,2009,powiat,powiat m. Tarnów,powiat m. Tarnów,7197
20,Wskaźnik dostępności bibliotek,2009,powiat,powiat miechowski,powiat miechowski,2784
20,Wskaźnik dostępności bibliotek,2009,gmina,Charsznica,powiat miechowski,7668
20,Wskaźnik dostępności bibliotek,2009,gmina,Gołcza,powiat miechowski,3082
20,Wskaźnik dostępności bibliotek,2009,gmina,Kozłów,powiat miechowski,1655
20,Wskaźnik dostępności bibliotek,2009,gmina,Książ Wielki,powiat miechowski,5438
20,Wskaźnik dostępności bibliotek,2009,gmina,Miechów,powiat miechowski,2802
20,Wskaźnik dostępności bibliotek,2009,gmina,Racławice,powiat miechowski,2536
20,Wskaźnik dostępności bibliotek,2009,gmina,Słaboszów,powiat miechowski,1244
20,Wskaźnik dostępności bibliotek,2009,powiat,powiat myślenicki,powiat myślenicki,4799
20,Wskaźnik dostępności bibliotek,2009,gmina,Dobczyce,powiat myślenicki,14486
20,Wskaźnik dostępności bibliotek,2009,gmina,Lubień,powiat myślenicki,2400
20,Wskaźnik dostępności bibliotek,2009,gmina,Myślenice,powiat myślenicki,5995
20,Wskaźnik dostępności bibliotek,2009,gmina,Pcim,powiat myślenicki,3527
20,Wskaźnik dostępności bibliotek,2009,gmina,Raciechowice,powiat myślenicki,5956
20,Wskaźnik dostępności bibliotek,2009,gmina,Siepraw,powiat myślenicki,4004
20,Wskaźnik dostępności bibliotek,2009,gmina,Sułkowice,powiat myślenicki,3529
20,Wskaźnik dostępności bibliotek,2009,gmina,Tokarnia,powiat myślenicki,8309
20,Wskaźnik dostępności bibliotek,2009,gmina,Wiśniowa,powiat myślenicki,3478
20,Wskaźnik dostępności bibliotek,2009,powiat,powiat nowosądecki,powiat nowosądecki,2777
20,Wskaźnik dostępności bibliotek,2009,gmina,Podegrodzie,powiat nowosądecki,2984
20,Wskaźnik dostępności bibliotek,2009,gmina,Rytro,powiat nowosądecki,3654
20,Wskaźnik dostępności bibliotek,2009,gmina,Stary Sącz,powiat nowosądecki,4514
20,Wskaźnik dostępności bibliotek,2009,gmina,Chełmiec,powiat nowosądecki,3225
20,Wskaźnik dostępności bibliotek,2009,gmina,Gródek nad Dunajcem,powiat nowosądecki,4518
20,Wskaźnik dostępności bibliotek,2009,gmina,Grybów (miasto),powiat nowosądecki,5979
20,Wskaźnik dostępności bibliotek,2009,gmina,Grybów (wieś),powiat nowosądecki,2327
20,Wskaźnik dostępności bibliotek,2009,gmina,Kamionka Wielka,powiat nowosądecki,4806
20,Wskaźnik dostępności bibliotek,2009,gmina,Korzenna,powiat nowosądecki,1941
20,Wskaźnik dostępności bibliotek,2009,gmina,Krynica-Zdrój,powiat nowosądecki,1503
20,Wskaźnik dostępności bibliotek,2009,gmina,Łabowa,powiat nowosądecki,2693
20,Wskaźnik dostępności bibliotek,2009,gmina,Łącko,powiat nowosądecki,3815
20,Wskaźnik dostępności bibliotek,2009,gmina,Łososina Dolna,powiat nowosądecki,5040
20,Wskaźnik dostępności bibliotek,2009,gmina,Muszyna,powiat nowosądecki,1274
20,Wskaźnik dostępności bibliotek,2009,gmina,Nawojowa,powiat nowosądecki,2676
20,Wskaźnik dostępności bibliotek,2009,gmina,Piwniczna-Zdrój,powiat nowosądecki,5253
20,Wskaźnik dostępności bibliotek,2009,powiat,powiat nowotarski,powiat nowotarski,3248
20,Wskaźnik dostępności bibliotek,2009,gmina,Czarny Dunajec,powiat nowotarski,2171
20,Wskaźnik dostępności bibliotek,2009,gmina,Czorsztyn,powiat nowotarski,1216
20,Wskaźnik dostępności bibliotek,2009,gmina,Jabłonka,powiat nowotarski,2894
20,Wskaźnik dostępności bibliotek,2009,gmina,Krościenko nad Dunajcem,powiat nowotarski,2186
20,Wskaźnik dostępności bibliotek,2009,gmina,Lipnica Wielka,powiat nowotarski,5777
20,Wskaźnik dostępności bibliotek,2009,gmina,Łapsze Niżne,powiat nowotarski,2251
20,Wskaźnik dostępności bibliotek,2009,gmina,Nowy Targ (miasto),powiat nowotarski,11144
20,Wskaźnik dostępności bibliotek,2009,gmina,Nowy Targ (wieś),powiat nowotarski,1743
20,Wskaźnik dostępności bibliotek,2009,gmina,Ochotnica Dolna,powiat nowotarski,2703
20,Wskaźnik dostępności bibliotek,2009,gmina,Raba Wyżna,powiat nowotarski,4657
20,Wskaźnik dostępności bibliotek,2009,gmina,Rabka-Zdrój,powiat nowotarski,17268
20,Wskaźnik dostępności bibliotek,2009,gmina,Spytkowice,powiat nowotarski,4134
20,Wskaźnik dostępności bibliotek,2009,gmina,Szaflary,powiat nowotarski,5251
20,Wskaźnik dostępności bibliotek,2009,gmina,Szczawnica,powiat nowotarski,7382
20,Wskaźnik dostępności bibliotek,2009,powiat,powiat olkuski,powiat olkuski,3796
20,Wskaźnik dostępności bibliotek,2009,gmina,Bolesław,powiat olkuski,1572
20,Wskaźnik dostępności bibliotek,2009,gmina,Bukowno,powiat olkuski,2118
20,Wskaźnik dostępności bibliotek,2009,gmina,Klucze,powiat olkuski,4998
20,Wskaźnik dostępności bibliotek,2009,gmina,Olkusz,powiat olkuski,4540
20,Wskaźnik dostępności bibliotek,2009,gmina,Trzyciąż,powiat olkuski,3558
20,Wskaźnik dostępności bibliotek,2009,gmina,Wolbrom,powiat olkuski,5849
20,Wskaźnik dostępności bibliotek,2009,powiat,powiat oświęcimski,powiat oświęcimski,3746
20,Wskaźnik dostępności bibliotek,2009,gmina,Brzeszcze,powiat oświęcimski,2680
20,Wskaźnik dostępności bibliotek,2009,gmina,Chełmek,powiat oświęcimski,3216
20,Wskaźnik dostępności bibliotek,2009,gmina,Kęty,powiat oświęcimski,6737
20,Wskaźnik dostępności bibliotek,2009,gmina,Osiek,powiat oświęcimski,3995
20,Wskaźnik dostępności bibliotek,2009,gmina,Oświęcim (miasto),powiat oświęcimski,4462
20,Wskaźnik dostępności bibliotek,2009,gmina,Oświęcim (wieś),powiat oświęcimski,2898
20,Wskaźnik dostępności bibliotek,2009,gmina,Polanka Wielka,powiat oświęcimski,4223
20,Wskaźnik dostępności bibliotek,2009,gmina,Przeciszów,powiat oświęcimski,3363
20,Wskaźnik dostępności bibliotek,2009,gmina,Zator,powiat oświęcimski,2283
20,Wskaźnik dostępności bibliotek,2009,powiat,powiat proszowicki,powiat proszowicki,3618
20,Wskaźnik dostępności bibliotek,2009,gmina,Koniusza,powiat proszowicki,2913
20,Wskaźnik dostępności bibliotek,2009,gmina,Koszyce,powiat proszowicki,5555
20,Wskaźnik dostępności bibliotek,2009,gmina,Nowe Brzesko,powiat proszowicki,5796
20,Wskaźnik dostępności bibliotek,2009,gmina,Pałecznica,powiat proszowicki,3758
20,Wskaźnik dostępności bibliotek,2009,gmina,Proszowice,powiat proszowicki,4051
20,Wskaźnik dostępności bibliotek,2009,gmina,Radziemice,powiat proszowicki,1685
20,Wskaźnik dostępności bibliotek,2009,powiat,powiat suski,powiat suski,2669
20,Wskaźnik dostępności bibliotek,2009,gmina,Budzów,powiat suski,1415
20,Wskaźnik dostępności bibliotek,2009,gmina,Bystra-Sidzina,powiat suski,3277
20,Wskaźnik dostępności bibliotek,2009,gmina,Jordanów (miasto),powiat suski,5213
20,Wskaźnik dostępności bibliotek,2009,gmina,Jordanów (wieś),powiat suski,2126
20,Wskaźnik dostępności bibliotek,2009,gmina,Maków Podhalański,powiat suski,2663
20,Wskaźnik dostępności bibliotek,2009,gmina,Stryszawa,powiat suski,11777
20,Wskaźnik dostępności bibliotek,2009,gmina,Sucha Beskidzka,powiat suski,3178
20,Wskaźnik dostępności bibliotek,2009,gmina,Zawoja,powiat suski,2994
20,Wskaźnik dostępności bibliotek,2009,gmina,Zembrzyce,powiat suski,1394
20,Wskaźnik dostępności bibliotek,2009,powiat,powiat tarnowski,powiat tarnowski,2968
20,Wskaźnik dostępności bibliotek,2009,gmina,Ciężkowice,powiat tarnowski,3700
20,Wskaźnik dostępności bibliotek,2009,gmina,Gromnik,powiat tarnowski,2140
20,Wskaźnik dostępności bibliotek,2009,gmina,Lisia Góra,powiat tarnowski,2826
20,Wskaźnik dostępności bibliotek,2009,gmina,Pleśna,powiat tarnowski,2347
20,Wskaźnik dostępności bibliotek,2009,gmina,Radłów,powiat tarnowski,1945
20,Wskaźnik dostępności bibliotek,2009,gmina,Ryglice,powiat tarnowski,3838
20,Wskaźnik dostępności bibliotek,2009,gmina,Rzepiennik Strzyżewski,powiat tarnowski,1369
20,Wskaźnik dostępności bibliotek,2009,gmina,Skrzyszów,powiat tarnowski,3356
20,Wskaźnik dostępności bibliotek,2009,gmina,Szerzyny,powiat tarnowski,2026
20,Wskaźnik dostępności bibliotek,2009,gmina,Tarnów (wieś),powiat tarnowski,7929
20,Wskaźnik dostępności bibliotek,2009,gmina,Tuchów,powiat tarnowski,4448
20,Wskaźnik dostępności bibliotek,2009,gmina,Wierzchosławice,powiat tarnowski,2130
20,Wskaźnik dostępności bibliotek,2009,gmina,Wietrzychowice,powiat tarnowski,2067
20,Wskaźnik dostępności bibliotek,2009,gmina,Wojnicz,powiat tarnowski,3288
20,Wskaźnik dostępności bibliotek,2009,gmina,Zakliczyn,powiat tarnowski,2461
20,Wskaźnik dostępności bibliotek,2009,gmina,Żabno,powiat tarnowski,3791
20,Wskaźnik dostępności bibliotek,2009,powiat,powiat tatrzański,powiat tatrzański,3628
20,Wskaźnik dostępności bibliotek,2009,gmina,Biały Dunajec,powiat tatrzański,3399
20,Wskaźnik dostępności bibliotek,2009,gmina,Bukowina Tatrzańska,powiat tatrzański,2536
20,Wskaźnik dostępności bibliotek,2009,gmina,Kościelisko,powiat tatrzański,2721
20,Wskaźnik dostępności bibliotek,2009,gmina,Poronin,powiat tatrzański,2731
20,Wskaźnik dostępności bibliotek,2009,gmina,Zakopane,powiat tatrzański,6684
20,Wskaźnik dostępności bibliotek,2009,powiat,powiat wadowicki,powiat wadowicki,3248
20,Wskaźnik dostępności bibliotek,2009,gmina,Andrychów,powiat wadowicki,5373
20,Wskaźnik dostępności bibliotek,2009,gmina,Brzeźnica,powiat wadowicki,1630
20,Wskaźnik dostępności bibliotek,2009,gmina,Kalwaria Zebrzydowska,powiat wadowicki,3900
20,Wskaźnik dostępności bibliotek,2009,gmina,Lanckorona,powiat wadowicki,1478
20,Wskaźnik dostępności bibliotek,2009,gmina,Mucharz,powiat wadowicki,964
20,Wskaźnik dostępności bibliotek,2009,gmina,Spytkowice,powiat wadowicki,3342
20,Wskaźnik dostępności bibliotek,2009,gmina,Stryszów,powiat wadowicki,1665
20,Wskaźnik dostępności bibliotek,2009,gmina,Tomice,powiat wadowicki,1858
20,Wskaźnik dostępności bibliotek,2009,gmina,Wadowice,powiat wadowicki,6329
20,Wskaźnik dostępności bibliotek,2009,gmina,Wieprz,powiat wadowicki,2950
20,Wskaźnik dostępności bibliotek,2009,powiat,powiat wielicki,powiat wielicki,5520
20,Wskaźnik dostępności bibliotek,2009,gmina,Biskupice,powiat wielicki,8986
20,Wskaźnik dostępności bibliotek,2009,gmina,Gdów,powiat wielicki,8401
20,Wskaźnik dostępności bibliotek,2009,gmina,Kłaj,powiat wielicki,3351
20,Wskaźnik dostępności bibliotek,2009,gmina,Niepołomice,powiat wielicki,4698
20,Wskaźnik dostępności bibliotek,2009,gmina,Wieliczka,powiat wielicki,5674
20,Wskaźnik dostępności bibliotek,2008,powiat,powiat bocheński,powiat bocheński,2419
20,Wskaźnik dostępności bibliotek,2008,gmina,Bochnia (miasto),powiat bocheński,2691
20,Wskaźnik dostępności bibliotek,2008,gmina,Bochnia (wieś),powiat bocheński,2328
20,Wskaźnik dostępności bibliotek,2008,gmina,Drwinia,powiat bocheński,2114
20,Wskaźnik dostępności bibliotek,2008,gmina,Lipnica Murowana,powiat bocheński,2773
20,Wskaźnik dostępności bibliotek,2008,gmina,Łapanów,powiat bocheński,1901
20,Wskaźnik dostępności bibliotek,2008,gmina,Nowy Wiśnicz,powiat bocheński,4366
20,Wskaźnik dostępności bibliotek,2008,gmina,Rzezawa,powiat bocheński,2126
20,Wskaźnik dostępności bibliotek,2008,gmina,Trzciana,powiat bocheński,1271
20,Wskaźnik dostępności bibliotek,2008,gmina,Żegocina,powiat bocheński,2535
20,Wskaźnik dostępności bibliotek,2008,powiat,powiat brzeski,powiat brzeski,2757
20,Wskaźnik dostępności bibliotek,2008,gmina,Borzęcin,powiat brzeski,2792
20,Wskaźnik dostępności bibliotek,2008,gmina,Brzesko,powiat brzeski,3963
20,Wskaźnik dostępności bibliotek,2008,gmina,Czchów,powiat brzeski,2339
20,Wskaźnik dostępności bibliotek,2008,gmina,Dębno,powiat brzeski,2809
20,Wskaźnik dostępności bibliotek,2008,gmina,Gnojnik,powiat brzeski,1871
20,Wskaźnik dostępności bibliotek,2008,gmina,Iwkowa,powiat brzeski,3100
20,Wskaźnik dostępności bibliotek,2008,gmina,Szczurowa,powiat brzeski,1641
20,Wskaźnik dostępności bibliotek,2008,powiat,powiat chrzanowski,powiat chrzanowski,3114
20,Wskaźnik dostępności bibliotek,2008,gmina,Alwernia,powiat chrzanowski,1821
20,Wskaźnik dostępności bibliotek,2008,gmina,Babice,powiat chrzanowski,1778
20,Wskaźnik dostępności bibliotek,2008,gmina,Chrzanów,powiat chrzanowski,4487
20,Wskaźnik dostępności bibliotek,2008,gmina,Libiąż,powiat chrzanowski,5666
20,Wskaźnik dostępności bibliotek,2008,gmina,Trzebinia,powiat chrzanowski,2431
20,Wskaźnik dostępności bibliotek,2008,powiat,powiat dąbrowski,powiat dąbrowski,2447
20,Wskaźnik dostępności bibliotek,2008,gmina,Bolesław,powiat dąbrowski,1440
20,Wskaźnik dostępności bibliotek,2008,gmina,Dąbrowa Tarnowska,powiat dąbrowski,3394
20,Wskaźnik dostępności bibliotek,2008,gmina,Gręboszów,powiat dąbrowski,1769
20,Wskaźnik dostępności bibliotek,2008,gmina,Mędrzechów,powiat dąbrowski,1799
20,Wskaźnik dostępności bibliotek,2008,gmina,Olesno,powiat dąbrowski,2554
20,Wskaźnik dostępności bibliotek,2008,gmina,Radgoszcz,powiat dąbrowski,7336
20,Wskaźnik dostępności bibliotek,2008,gmina,Szczucin,powiat dąbrowski,1669
20,Wskaźnik dostępności bibliotek,2008,powiat,powiat gorlicki,powiat gorlicki,3337
20,Wskaźnik dostępności bibliotek,2008,gmina,Biecz,powiat gorlicki,3372
20,Wskaźnik dostępności bibliotek,2008,gmina,Bobowa,powiat gorlicki,3073
20,Wskaźnik dostępności bibliotek,2008,gmina,Gorlice (miasto),powiat gorlicki,7109
20,Wskaźnik dostępności bibliotek,2008,gmina,Gorlice (wieś),powiat gorlicki,3260
20,Wskaźnik dostępności bibliotek,2008,gmina,Lipinki,powiat gorlicki,2262
20,Wskaźnik dostępności bibliotek,2008,gmina,Łużna,powiat gorlicki,2743
20,Wskaźnik dostępności bibliotek,2008,gmina,Moszczenica,powiat gorlicki,2360
20,Wskaźnik dostępności bibliotek,2008,gmina,Ropa,powiat gorlicki,2581
20,Wskaźnik dostępności bibliotek,2008,gmina,Sękowa,powiat gorlicki,4785
20,Wskaźnik dostępności bibliotek,2008,gmina,Uście Gorlickie,powiat gorlicki,1575
20,Wskaźnik dostępności bibliotek,2008,powiat,powiat krakowski,powiat krakowski,3577
20,Wskaźnik dostępności bibliotek,2008,gmina,Czernichów,powiat krakowski,2612
20,Wskaźnik dostępności bibliotek,2008,gmina,Igołomia-Wawrzeńczyce,powiat krakowski,2555
20,Wskaźnik dostępności bibliotek,2008,gmina,Iwanowice,powiat krakowski,2127
20,Wskaźnik dostępności bibliotek,2008,gmina,Jerzmanowice-Przeginia,powiat krakowski,2640
20,Wskaźnik dostępności bibliotek,2008,gmina,Kocmyrzów-Luborzyca,powiat krakowski,4507
20,Wskaźnik dostępności bibliotek,2008,gmina,Krzeszowice,powiat krakowski,3181
20,Wskaźnik dostępności bibliotek,2008,gmina,Liszki,powiat krakowski,5330
20,Wskaźnik dostępności bibliotek,2008,gmina,Michałowice,powiat krakowski,2738
20,Wskaźnik dostępności bibliotek,2008,gmina,Mogilany,powiat krakowski,5849
20,Wskaźnik dostępności bibliotek,2008,gmina,Skała,powiat krakowski,3232
20,Wskaźnik dostępności bibliotek,2008,gmina,Skawina,powiat krakowski,3476
20,Wskaźnik dostępności bibliotek,2008,gmina,Słomniki,powiat krakowski,3416
20,Wskaźnik dostępności bibliotek,2008,gmina,Sułoszowa,powiat krakowski,2951
20,Wskaźnik dostępności bibliotek,2008,gmina,Świątniki Górne,powiat krakowski,4396
20,Wskaźnik dostępności bibliotek,2008,gmina,Wielka Wieś,powiat krakowski,3238
20,Wskaźnik dostępności bibliotek,2008,gmina,Zabierzów,powiat krakowski,5782
20,Wskaźnik dostępności bibliotek,2008,gmina,Zielonki,powiat krakowski,5591
20,Wskaźnik dostępności bibliotek,2008,powiat,powiat limanowski,powiat limanowski,3085
20,Wskaźnik dostępności bibliotek,2008,gmina,Dobra,powiat limanowski,3115
20,Wskaźnik dostępności bibliotek,2008,gmina,Jodłownik,powiat limanowski,1622
20,Wskaźnik dostępności bibliotek,2008,gmina,Kamienica,powiat limanowski,2477
20,Wskaźnik dostępności bibliotek,2008,gmina,Laskowa,powiat limanowski,3780
20,Wskaźnik dostępności bibliotek,2008,gmina,Limanowa (miasto),powiat limanowski,14781
20,Wskaźnik dostępności bibliotek,2008,gmina,Limanowa (wieś),powiat limanowski,2588
20,Wskaźnik dostępności bibliotek,2008,gmina,Łukowica,powiat limanowski,1887
20,Wskaźnik dostępności bibliotek,2008,gmina,Mszana Dolna (miasto),powiat limanowski,7500
20,Wskaźnik dostępności bibliotek,2008,gmina,Mszana Dolna (wieś),powiat limanowski,2086
20,Wskaźnik dostępności bibliotek,2008,gmina,Niedźwiedź,powiat limanowski,6927
20,Wskaźnik dostępności bibliotek,2008,gmina,Słopnice,powiat limanowski,6054
20,Wskaźnik dostępności bibliotek,2008,gmina,Tymbark,powiat limanowski,6285
20,Wskaźnik dostępności bibliotek,2008,powiat,powiat m. Kraków,powiat m. Kraków,9203
20,Wskaźnik dostępności bibliotek,2008,powiat,powiat m. Nowy Sącz,powiat m. Nowy Sącz,10559
20,Wskaźnik dostępności bibliotek,2008,powiat,powiat m. Tarnów,powiat m. Tarnów,7220
20,Wskaźnik dostępności bibliotek,2008,powiat,powiat miechowski,powiat miechowski,2960
20,Wskaźnik dostępności bibliotek,2008,gmina,Charsznica,powiat miechowski,7706
20,Wskaźnik dostępności bibliotek,2008,gmina,Gołcza,powiat miechowski,3096
20,Wskaźnik dostępności bibliotek,2008,gmina,Kozłów,powiat miechowski,1659
20,Wskaźnik dostępności bibliotek,2008,gmina,Książ Wielki,powiat miechowski,5492
20,Wskaźnik dostępności bibliotek,2008,gmina,Miechów,powiat miechowski,3279
20,Wskaźnik dostępności bibliotek,2008,gmina,Racławice,powiat miechowski,2532
20,Wskaźnik dostępności bibliotek,2008,gmina,Słaboszów,powiat miechowski,1250
20,Wskaźnik dostępności bibliotek,2008,powiat,powiat myślenicki,powiat myślenicki,4577
20,Wskaźnik dostępności bibliotek,2008,gmina,Dobczyce,powiat myślenicki,14356
20,Wskaźnik dostępności bibliotek,2008,gmina,Lubień,powiat myślenicki,2379
20,Wskaźnik dostępności bibliotek,2008,gmina,Myślenice,powiat myślenicki,5939
20,Wskaźnik dostępności bibliotek,2008,gmina,Pcim,powiat myślenicki,2617
20,Wskaźnik dostępności bibliotek,2008,gmina,Raciechowice,powiat myślenicki,5943
20,Wskaźnik dostępności bibliotek,2008,gmina,Siepraw,powiat myślenicki,3964
20,Wskaźnik dostępności bibliotek,2008,gmina,Sułkowice,powiat myślenicki,3509
20,Wskaźnik dostępności bibliotek,2008,gmina,Tokarnia,powiat myślenicki,8246
20,Wskaźnik dostępności bibliotek,2008,gmina,Wiśniowa,powiat myślenicki,3471
20,Wskaźnik dostępności bibliotek,2008,powiat,powiat nowosądecki,powiat nowosądecki,2759
20,Wskaźnik dostępności bibliotek,2008,gmina,Podegrodzie,powiat nowosądecki,2953
20,Wskaźnik dostępności bibliotek,2008,gmina,Rytro,powiat nowosądecki,3656
20,Wskaźnik dostępności bibliotek,2008,gmina,Stary Sącz,powiat nowosądecki,4493
20,Wskaźnik dostępności bibliotek,2008,gmina,Chełmiec,powiat nowosądecki,3185
20,Wskaźnik dostępności bibliotek,2008,gmina,Gródek nad Dunajcem,powiat nowosądecki,4496
20,Wskaźnik dostępności bibliotek,2008,gmina,Grybów (miasto),powiat nowosądecki,5994
20,Wskaźnik dostępności bibliotek,2008,gmina,Grybów (wieś),powiat nowosądecki,2294
20,Wskaźnik dostępności bibliotek,2008,gmina,Kamionka Wielka,powiat nowosądecki,4751
20,Wskaźnik dostępności bibliotek,2008,gmina,Korzenna,powiat nowosądecki,1934
20,Wskaźnik dostępności bibliotek,2008,gmina,Krynica-Zdrój,powiat nowosądecki,1519
20,Wskaźnik dostępności bibliotek,2008,gmina,Łabowa,powiat nowosądecki,2650
20,Wskaźnik dostępności bibliotek,2008,gmina,Łącko,powiat nowosądecki,3784
20,Wskaźnik dostępności bibliotek,2008,gmina,Łososina Dolna,powiat nowosądecki,4997
20,Wskaźnik dostępności bibliotek,2008,gmina,Muszyna,powiat nowosądecki,1275
20,Wskaźnik dostępności bibliotek,2008,gmina,Nawojowa,powiat nowosądecki,2647
20,Wskaźnik dostępności bibliotek,2008,gmina,Piwniczna-Zdrój,powiat nowosądecki,5242
20,Wskaźnik dostępności bibliotek,2008,powiat,powiat nowotarski,powiat nowotarski,3232
20,Wskaźnik dostępności bibliotek,2008,gmina,Czarny Dunajec,powiat nowotarski,2159
20,Wskaźnik dostępności bibliotek,2008,gmina,Czorsztyn,powiat nowotarski,1219
20,Wskaźnik dostępności bibliotek,2008,gmina,Jabłonka,powiat nowotarski,2869
20,Wskaźnik dostępności bibliotek,2008,gmina,Krościenko nad Dunajcem,powiat nowotarski,2181
20,Wskaźnik dostępności bibliotek,2008,gmina,Lipnica Wielka,powiat nowotarski,5749
20,Wskaźnik dostępności bibliotek,2008,gmina,Łapsze Niżne,powiat nowotarski,2229
20,Wskaźnik dostępności bibliotek,2008,gmina,Nowy Targ (miasto),powiat nowotarski,11113
20,Wskaźnik dostępności bibliotek,2008,gmina,Nowy Targ (wieś),powiat nowotarski,1730
20,Wskaźnik dostępności bibliotek,2008,gmina,Ochotnica Dolna,powiat nowotarski,2670
20,Wskaźnik dostępności bibliotek,2008,gmina,Raba Wyżna,powiat nowotarski,4615
20,Wskaźnik dostępności bibliotek,2008,gmina,Rabka-Zdrój,powiat nowotarski,17209
20,Wskaźnik dostępności bibliotek,2008,gmina,Spytkowice,powiat nowotarski,4095
20,Wskaźnik dostępności bibliotek,2008,gmina,Szaflary,powiat nowotarski,5201
20,Wskaźnik dostępności bibliotek,2008,gmina,Szczawnica,powiat nowotarski,7525
20,Wskaźnik dostępności bibliotek,2008,powiat,powiat olkuski,powiat olkuski,3353
20,Wskaźnik dostępności bibliotek,2008,gmina,Bolesław,powiat olkuski,1584
20,Wskaźnik dostępności bibliotek,2008,gmina,Bukowno,powiat olkuski,2115
20,Wskaźnik dostępności bibliotek,2008,gmina,Klucze,powiat olkuski,4987
20,Wskaźnik dostępności bibliotek,2008,gmina,Olkusz,powiat olkuski,3336
20,Wskaźnik dostępności bibliotek,2008,gmina,Trzyciąż,powiat olkuski,3560
20,Wskaźnik dostępności bibliotek,2008,gmina,Wolbrom,powiat olkuski,5849
20,Wskaźnik dostępności bibliotek,2008,powiat,powiat oświęcimski,powiat oświęcimski,3744
20,Wskaźnik dostępności bibliotek,2008,gmina,Brzeszcze,powiat oświęcimski,2689
20,Wskaźnik dostępności bibliotek,2008,gmina,Chełmek,powiat oświęcimski,3213
20,Wskaźnik dostępności bibliotek,2008,gmina,Kęty,powiat oświęcimski,6748
20,Wskaźnik dostępności bibliotek,2008,gmina,Osiek,powiat oświęcimski,3972
20,Wskaźnik dostępności bibliotek,2008,gmina,Oświęcim (miasto),powiat oświęcimski,4481
20,Wskaźnik dostępności bibliotek,2008,gmina,Oświęcim (wieś),powiat oświęcimski,2862
20,Wskaźnik dostępności bibliotek,2008,gmina,Polanka Wielka,powiat oświęcimski,4164
20,Wskaźnik dostępności bibliotek,2008,gmina,Przeciszów,powiat oświęcimski,3358
20,Wskaźnik dostępności bibliotek,2008,gmina,Zator,powiat oświęcimski,2272
20,Wskaźnik dostępności bibliotek,2008,powiat,powiat proszowicki,powiat proszowicki,3613
20,Wskaźnik dostępności bibliotek,2008,gmina,Koniusza,powiat proszowicki,2900
20,Wskaźnik dostępności bibliotek,2008,gmina,Koszyce,powiat proszowicki,5585
20,Wskaźnik dostępności bibliotek,2008,gmina,Nowe Brzesko,powiat proszowicki,5744
20,Wskaźnik dostępności bibliotek,2008,gmina,Pałecznica,powiat proszowicki,3749
20,Wskaźnik dostępności bibliotek,2008,gmina,Proszowice,powiat proszowicki,4047
20,Wskaźnik dostępności bibliotek,2008,gmina,Radziemice,powiat proszowicki,1699
20,Wskaźnik dostępności bibliotek,2008,powiat,powiat suski,powiat suski,2664
20,Wskaźnik dostępności bibliotek,2008,gmina,Budzów,powiat suski,1403
20,Wskaźnik dostępności bibliotek,2008,gmina,Bystra-Sidzina,powiat suski,3266
20,Wskaźnik dostępności bibliotek,2008,gmina,Jordanów (miasto),powiat suski,5194
20,Wskaźnik dostępności bibliotek,2008,gmina,Jordanów (wieś),powiat suski,2120
20,Wskaźnik dostępności bibliotek,2008,gmina,Maków Podhalański,powiat suski,2657
20,Wskaźnik dostępności bibliotek,2008,gmina,Stryszawa,powiat suski,11756
20,Wskaźnik dostępności bibliotek,2008,gmina,Sucha Beskidzka,powiat suski,3210
20,Wskaźnik dostępności bibliotek,2008,gmina,Zawoja,powiat suski,2980
20,Wskaźnik dostępności bibliotek,2008,gmina,Zembrzyce,powiat suski,1397
20,Wskaźnik dostępności bibliotek,2008,powiat,powiat tarnowski,powiat tarnowski,2955
20,Wskaźnik dostępności bibliotek,2008,gmina,Ciężkowice,powiat tarnowski,3704
20,Wskaźnik dostępności bibliotek,2008,gmina,Gromnik,powiat tarnowski,2132
20,Wskaźnik dostępności bibliotek,2008,gmina,Lisia Góra,powiat tarnowski,2808
20,Wskaźnik dostępności bibliotek,2008,gmina,Pleśna,powiat tarnowski,2334
20,Wskaźnik dostępności bibliotek,2008,gmina,Radłów,powiat tarnowski,1934
20,Wskaźnik dostępności bibliotek,2008,gmina,Ryglice,powiat tarnowski,3825
20,Wskaźnik dostępności bibliotek,2008,gmina,Rzepiennik Strzyżewski,powiat tarnowski,1367
20,Wskaźnik dostępności bibliotek,2008,gmina,Skrzyszów,powiat tarnowski,3338
20,Wskaźnik dostępności bibliotek,2008,gmina,Szerzyny,powiat tarnowski,2035
20,Wskaźnik dostępności bibliotek,2008,gmina,Tarnów (wieś),powiat tarnowski,7831
20,Wskaźnik dostępności bibliotek,2008,gmina,Tuchów,powiat tarnowski,4411
20,Wskaźnik dostępności bibliotek,2008,gmina,Wierzchosławice,powiat tarnowski,2113
20,Wskaźnik dostępności bibliotek,2008,gmina,Wietrzychowice,powiat tarnowski,2077
20,Wskaźnik dostępności bibliotek,2008,gmina,Wojnicz,powiat tarnowski,3289
20,Wskaźnik dostępności bibliotek,2008,gmina,Zakliczyn,powiat tarnowski,2454
20,Wskaźnik dostępności bibliotek,2008,gmina,Żabno,powiat tarnowski,3787
20,Wskaźnik dostępności bibliotek,2008,powiat,powiat tatrzański,powiat tatrzański,3429
20,Wskaźnik dostępności bibliotek,2008,gmina,Biały Dunajec,powiat tatrzański,2258
20,Wskaźnik dostępności bibliotek,2008,gmina,Bukowina Tatrzańska,powiat tatrzański,2518
20,Wskaźnik dostępności bibliotek,2008,gmina,Kościelisko,powiat tatrzański,2702
20,Wskaźnik dostępności bibliotek,2008,gmina,Poronin,powiat tatrzański,2707
20,Wskaźnik dostępności bibliotek,2008,gmina,Zakopane,powiat tatrzański,6712
20,Wskaźnik dostępności bibliotek,2008,powiat,powiat wadowicki,powiat wadowicki,3240
20,Wskaźnik dostępności bibliotek,2008,gmina,Andrychów,powiat wadowicki,5372
20,Wskaźnik dostępności bibliotek,2008,gmina,Brzeźnica,powiat wadowicki,1629
20,Wskaźnik dostępności bibliotek,2008,gmina,Kalwaria Zebrzydowska,powiat wadowicki,3877
20,Wskaźnik dostępności bibliotek,2008,gmina,Lanckorona,powiat wadowicki,1475
20,Wskaźnik dostępności bibliotek,2008,gmina,Mucharz,powiat wadowicki,960
20,Wskaźnik dostępności bibliotek,2008,gmina,Spytkowice,powiat wadowicki,3335
20,Wskaźnik dostępności bibliotek,2008,gmina,Stryszów,powiat wadowicki,1662
20,Wskaźnik dostępności bibliotek,2008,gmina,Tomice,powiat wadowicki,1852
20,Wskaźnik dostępności bibliotek,2008,gmina,Wadowice,powiat wadowicki,6314
20,Wskaźnik dostępności bibliotek,2008,gmina,Wieprz,powiat wadowicki,2925
20,Wskaźnik dostępności bibliotek,2008,powiat,powiat wielicki,powiat wielicki,5438
20,Wskaźnik dostępności bibliotek,2008,gmina,Biskupice,powiat wielicki,8847
20,Wskaźnik dostępności bibliotek,2008,gmina,Gdów,powiat wielicki,8331
20,Wskaźnik dostępności bibliotek,2008,gmina,Kłaj,powiat wielicki,3338
20,Wskaźnik dostępności bibliotek,2008,gmina,Niepołomice,powiat wielicki,4622
20,Wskaźnik dostępności bibliotek,2008,gmina,Wieliczka,powiat wielicki,5570
20,Wskaźnik dostępności bibliotek,2007,powiat,powiat bocheński,powiat bocheński,2354
20,Wskaźnik dostępności bibliotek,2007,gmina,Bochnia (miasto),powiat bocheński,2454
20,Wskaźnik dostępności bibliotek,2007,gmina,Bochnia (wieś),powiat bocheński,2321
20,Wskaźnik dostępności bibliotek,2007,gmina,Drwinia,powiat bocheński,2122
20,Wskaźnik dostępności bibliotek,2007,gmina,Lipnica Murowana,powiat bocheński,2764
20,Wskaźnik dostępności bibliotek,2007,gmina,Łapanów,powiat bocheński,1903
20,Wskaźnik dostępności bibliotek,2007,gmina,Nowy Wiśnicz,powiat bocheński,4342
20,Wskaźnik dostępności bibliotek,2007,gmina,Rzezawa,powiat bocheński,2116
20,Wskaźnik dostępności bibliotek,2007,gmina,Trzciana,powiat bocheński,1267
20,Wskaźnik dostępności bibliotek,2007,gmina,Żegocina,powiat bocheński,2508
20,Wskaźnik dostępności bibliotek,2007,powiat,powiat brzeski,powiat brzeski,2662
20,Wskaźnik dostępności bibliotek,2007,gmina,Borzęcin,powiat brzeski,2789
20,Wskaźnik dostępności bibliotek,2007,gmina,Brzesko,powiat brzeski,3950
20,Wskaźnik dostępności bibliotek,2007,gmina,Czchów,powiat brzeski,2315
20,Wskaźnik dostępności bibliotek,2007,gmina,Dębno,powiat brzeski,2789
20,Wskaźnik dostępności bibliotek,2007,gmina,Gnojnik,powiat brzeski,1484
20,Wskaźnik dostępności bibliotek,2007,gmina,Iwkowa,powiat brzeski,3068
20,Wskaźnik dostępności bibliotek,2007,gmina,Szczurowa,powiat brzeski,1638
20,Wskaźnik dostępności bibliotek,2007,powiat,powiat chrzanowski,powiat chrzanowski,3119
20,Wskaźnik dostępności bibliotek,2007,gmina,Alwernia,powiat chrzanowski,1819
20,Wskaźnik dostępności bibliotek,2007,gmina,Babice,powiat chrzanowski,1775
20,Wskaźnik dostępności bibliotek,2007,gmina,Chrzanów,powiat chrzanowski,4500
20,Wskaźnik dostępności bibliotek,2007,gmina,Libiąż,powiat chrzanowski,5689
20,Wskaźnik dostępności bibliotek,2007,gmina,Trzebinia,powiat chrzanowski,2428
20,Wskaźnik dostępności bibliotek,2007,powiat,powiat dąbrowski,powiat dąbrowski,2545
20,Wskaźnik dostępności bibliotek,2007,gmina,Bolesław,powiat dąbrowski,1435
20,Wskaźnik dostępności bibliotek,2007,gmina,Dąbrowa Tarnowska,powiat dąbrowski,4040
20,Wskaźnik dostępności bibliotek,2007,gmina,Gręboszów,powiat dąbrowski,1779
20,Wskaźnik dostępności bibliotek,2007,gmina,Mędrzechów,powiat dąbrowski,1795
20,Wskaźnik dostępności bibliotek,2007,gmina,Olesno,powiat dąbrowski,2547
20,Wskaźnik dostępności bibliotek,2007,gmina,Radgoszcz,powiat dąbrowski,7360
20,Wskaźnik dostępności bibliotek,2007,gmina,Szczucin,powiat dąbrowski,1664
20,Wskaźnik dostępności bibliotek,2007,powiat,powiat gorlicki,powiat gorlicki,3331
20,Wskaźnik dostępności bibliotek,2007,gmina,Biecz,powiat gorlicki,3382
20,Wskaźnik dostępności bibliotek,2007,gmina,Bobowa,powiat gorlicki,3066
20,Wskaźnik dostępności bibliotek,2007,gmina,Gorlice (miasto),powiat gorlicki,7095
20,Wskaźnik dostępności bibliotek,2007,gmina,Gorlice (wieś),powiat gorlicki,3253
20,Wskaźnik dostępności bibliotek,2007,gmina,Lipinki,powiat gorlicki,2270
20,Wskaźnik dostępności bibliotek,2007,gmina,Łużna,powiat gorlicki,2721
20,Wskaźnik dostępności bibliotek,2007,gmina,Moszczenica,powiat gorlicki,2359
20,Wskaźnik dostępności bibliotek,2007,gmina,Ropa,powiat gorlicki,2563
20,Wskaźnik dostępności bibliotek,2007,gmina,Sękowa,powiat gorlicki,4784
20,Wskaźnik dostępności bibliotek,2007,gmina,Uście Gorlickie,powiat gorlicki,1561
20,Wskaźnik dostępności bibliotek,2007,powiat,powiat krakowski,powiat krakowski,3756
20,Wskaźnik dostępności bibliotek,2007,gmina,Czernichów,powiat krakowski,2587
20,Wskaźnik dostępności bibliotek,2007,gmina,Igołomia-Wawrzeńczyce,powiat krakowski,2548
20,Wskaźnik dostępności bibliotek,2007,gmina,Iwanowice,powiat krakowski,2102
20,Wskaźnik dostępności bibliotek,2007,gmina,Jerzmanowice-Przeginia,powiat krakowski,2635
20,Wskaźnik dostępności bibliotek,2007,gmina,Kocmyrzów-Luborzyca,powiat krakowski,4466
20,Wskaźnik dostępności bibliotek,2007,gmina,Krzeszowice,powiat krakowski,3163
20,Wskaźnik dostępności bibliotek,2007,gmina,Liszki,powiat krakowski,5271
20,Wskaźnik dostępności bibliotek,2007,gmina,Michałowice,powiat krakowski,2692
20,Wskaźnik dostępności bibliotek,2007,gmina,Mogilany,powiat krakowski,5759
20,Wskaźnik dostępności bibliotek,2007,gmina,Skała,powiat krakowski,3220
20,Wskaźnik dostępności bibliotek,2007,gmina,Skawina,powiat krakowski,5927
20,Wskaźnik dostępności bibliotek,2007,gmina,Słomniki,powiat krakowski,3405
20,Wskaźnik dostępności bibliotek,2007,gmina,Sułoszowa,powiat krakowski,2928
20,Wskaźnik dostępności bibliotek,2007,gmina,Świątniki Górne,powiat krakowski,4375
20,Wskaźnik dostępności bibliotek,2007,gmina,Wielka Wieś,powiat krakowski,2401
20,Wskaźnik dostępności bibliotek,2007,gmina,Zabierzów,powiat krakowski,5687
20,Wskaźnik dostępności bibliotek,2007,gmina,Zielonki,powiat krakowski,5409
20,Wskaźnik dostępności bibliotek,2007,powiat,powiat limanowski,powiat limanowski,3146
20,Wskaźnik dostępności bibliotek,2007,gmina,Dobra,powiat limanowski,3104
20,Wskaźnik dostępności bibliotek,2007,gmina,Jodłownik,powiat limanowski,1613
20,Wskaźnik dostępności bibliotek,2007,gmina,Kamienica,powiat limanowski,2444
20,Wskaźnik dostępności bibliotek,2007,gmina,Laskowa,powiat limanowski,3760
20,Wskaźnik dostępności bibliotek,2007,gmina,Limanowa (miasto),powiat limanowski,7379
20,Wskaźnik dostępności bibliotek,2007,gmina,Limanowa (wieś),powiat limanowski,2882
20,Wskaźnik dostępności bibliotek,2007,gmina,Łukowica,powiat limanowski,2330
20,Wskaźnik dostępności bibliotek,2007,gmina,Mszana Dolna (miasto),powiat limanowski,7543
20,Wskaźnik dostępności bibliotek,2007,gmina,Mszana Dolna (wieś),powiat limanowski,2075
20,Wskaźnik dostępności bibliotek,2007,gmina,Niedźwiedź,powiat limanowski,6892
20,Wskaźnik dostępności bibliotek,2007,gmina,Słopnice,powiat limanowski,6015
20,Wskaźnik dostępności bibliotek,2007,gmina,Tymbark,powiat limanowski,6272
20,Wskaźnik dostępności bibliotek,2007,powiat,powiat m. Kraków,powiat m. Kraków,9341
20,Wskaźnik dostępności bibliotek,2007,powiat,powiat m. Nowy Sącz,powiat m. Nowy Sącz,10559
20,Wskaźnik dostępności bibliotek,2007,powiat,powiat m. Tarnów,powiat m. Tarnów,7741
20,Wskaźnik dostępności bibliotek,2007,powiat,powiat miechowski,powiat miechowski,2975
20,Wskaźnik dostępności bibliotek,2007,gmina,Charsznica,powiat miechowski,7784
20,Wskaźnik dostępności bibliotek,2007,gmina,Gołcza,powiat miechowski,3120
20,Wskaźnik dostępności bibliotek,2007,gmina,Kozłów,powiat miechowski,1668
20,Wskaźnik dostępności bibliotek,2007,gmina,Książ Wielki,powiat miechowski,5496
20,Wskaźnik dostępności bibliotek,2007,gmina,Miechów,powiat miechowski,3286
20,Wskaźnik dostępności bibliotek,2007,gmina,Racławice,powiat miechowski,2534
20,Wskaźnik dostępności bibliotek,2007,gmina,Słaboszów,powiat miechowski,1268
20,Wskaźnik dostępności bibliotek,2007,powiat,powiat myślenicki,powiat myślenicki,4541
20,Wskaźnik dostępności bibliotek,2007,gmina,Dobczyce,powiat myślenicki,14198
20,Wskaźnik dostępności bibliotek,2007,gmina,Lubień,powiat myślenicki,2350
20,Wskaźnik dostępności bibliotek,2007,gmina,Myślenice,powiat myślenicki,5888
20,Wskaźnik dostępności bibliotek,2007,gmina,Pcim,powiat myślenicki,2600
20,Wskaźnik dostępności bibliotek,2007,gmina,Raciechowice,powiat myślenicki,5956
20,Wskaźnik dostępności bibliotek,2007,gmina,Siepraw,powiat myślenicki,3939
20,Wskaźnik dostępności bibliotek,2007,gmina,Sułkowice,powiat myślenicki,3485
20,Wskaźnik dostępności bibliotek,2007,gmina,Tokarnia,powiat myślenicki,8188
20,Wskaźnik dostępności bibliotek,2007,gmina,Wiśniowa,powiat myślenicki,3445
20,Wskaźnik dostępności bibliotek,2007,powiat,powiat nowosądecki,powiat nowosądecki,2857
20,Wskaźnik dostępności bibliotek,2007,gmina,Podegrodzie,powiat nowosądecki,2952
20,Wskaźnik dostępności bibliotek,2007,gmina,Rytro,powiat nowosądecki,3652
20,Wskaźnik dostępności bibliotek,2007,gmina,Stary Sącz,powiat nowosądecki,4472
20,Wskaźnik dostępności bibliotek,2007,gmina,Chełmiec,powiat nowosądecki,3148
20,Wskaźnik dostępności bibliotek,2007,gmina,Gródek nad Dunajcem,powiat nowosądecki,4490
20,Wskaźnik dostępności bibliotek,2007,gmina,Grybów (miasto),powiat nowosądecki,6020
20,Wskaźnik dostępności bibliotek,2007,gmina,Grybów (wieś),powiat nowosądecki,2271
20,Wskaźnik dostępności bibliotek,2007,gmina,Kamionka Wielka,powiat nowosądecki,4683
20,Wskaźnik dostępności bibliotek,2007,gmina,Korzenna,powiat nowosądecki,1923
20,Wskaźnik dostępności bibliotek,2007,gmina,Krynica-Zdrój,powiat nowosądecki,1673
20,Wskaźnik dostępności bibliotek,2007,gmina,Łabowa,powiat nowosądecki,2626
20,Wskaźnik dostępności bibliotek,2007,gmina,Łącko,powiat nowosądecki,3753
20,Wskaźnik dostępności bibliotek,2007,gmina,Łososina Dolna,powiat nowosądecki,4953
20,Wskaźnik dostępności bibliotek,2007,gmina,Muszyna,powiat nowosądecki,1623
20,Wskaźnik dostępności bibliotek,2007,gmina,Nawojowa,powiat nowosądecki,2586
20,Wskaźnik dostępności bibliotek,2007,gmina,Piwniczna-Zdrój,powiat nowosądecki,5230
20,Wskaźnik dostępności bibliotek,2007,powiat,powiat nowotarski,powiat nowotarski,3212
20,Wskaźnik dostępności bibliotek,2007,gmina,Czarny Dunajec,powiat nowotarski,2135
20,Wskaźnik dostępności bibliotek,2007,gmina,Czorsztyn,powiat nowotarski,1208
20,Wskaźnik dostępności bibliotek,2007,gmina,Jabłonka,powiat nowotarski,2839
20,Wskaźnik dostępności bibliotek,2007,gmina,Krościenko nad Dunajcem,powiat nowotarski,2157
20,Wskaźnik dostępności bibliotek,2007,gmina,Lipnica Wielka,powiat nowotarski,5685
20,Wskaźnik dostępności bibliotek,2007,gmina,Łapsze Niżne,powiat nowotarski,2218
20,Wskaźnik dostępności bibliotek,2007,gmina,Nowy Targ (miasto),powiat nowotarski,11137
20,Wskaźnik dostępności bibliotek,2007,gmina,Nowy Targ (wieś),powiat nowotarski,1719
20,Wskaźnik dostępności bibliotek,2007,gmina,Ochotnica Dolna,powiat nowotarski,2661
20,Wskaźnik dostępności bibliotek,2007,gmina,Raba Wyżna,powiat nowotarski,4582
20,Wskaźnik dostępności bibliotek,2007,gmina,Rabka-Zdrój,powiat nowotarski,17160
20,Wskaźnik dostępności bibliotek,2007,gmina,Spytkowice,powiat nowotarski,4060
20,Wskaźnik dostępności bibliotek,2007,gmina,Szaflary,powiat nowotarski,5163
20,Wskaźnik dostępności bibliotek,2007,gmina,Szczawnica,powiat nowotarski,7372
20,Wskaźnik dostępności bibliotek,2007,powiat,powiat olkuski,powiat olkuski,3257
20,Wskaźnik dostępności bibliotek,2007,gmina,Bolesław,powiat olkuski,1584
20,Wskaźnik dostępności bibliotek,2007,gmina,Bukowno,powiat olkuski,2122
20,Wskaźnik dostępności bibliotek,2007,gmina,Klucze,powiat olkuski,4962
20,Wskaźnik dostępności bibliotek,2007,gmina,Olkusz,powiat olkuski,3129
20,Wskaźnik dostępności bibliotek,2007,gmina,Trzyciąż,powiat olkuski,3566
20,Wskaźnik dostępności bibliotek,2007,gmina,Wolbrom,powiat olkuski,5845
20,Wskaźnik dostępności bibliotek,2007,powiat,powiat oświęcimski,powiat oświęcimski,3738
20,Wskaźnik dostępności bibliotek,2007,gmina,Brzeszcze,powiat oświęcimski,2685
20,Wskaźnik dostępności bibliotek,2007,gmina,Chełmek,powiat oświęcimski,3216
20,Wskaźnik dostępności bibliotek,2007,gmina,Kęty,powiat oświęcimski,6730
20,Wskaźnik dostępności bibliotek,2007,gmina,Osiek,powiat oświęcimski,7950
20,Wskaźnik dostępności bibliotek,2007,gmina,Oświęcim (miasto),powiat oświęcimski,4502
20,Wskaźnik dostępności bibliotek,2007,gmina,Oświęcim (wieś),powiat oświęcimski,2818
20,Wskaźnik dostępności bibliotek,2007,gmina,Polanka Wielka,powiat oświęcimski,4129
20,Wskaźnik dostępności bibliotek,2007,gmina,Przeciszów,powiat oświęcimski,3347
20,Wskaźnik dostępności bibliotek,2007,gmina,Zator,powiat oświęcimski,1809
20,Wskaźnik dostępności bibliotek,2007,powiat,powiat proszowicki,powiat proszowicki,3102
20,Wskaźnik dostępności bibliotek,2007,gmina,Koniusza,powiat proszowicki,2905
20,Wskaźnik dostępności bibliotek,2007,gmina,Koszyce,powiat proszowicki,5611
20,Wskaźnik dostępności bibliotek,2007,gmina,Nowe Brzesko,powiat proszowicki,5762
20,Wskaźnik dostępności bibliotek,2007,gmina,Pałecznica,powiat proszowicki,1248
20,Wskaźnik dostępności bibliotek,2007,gmina,Proszowice,powiat proszowicki,4044
20,Wskaźnik dostępności bibliotek,2007,gmina,Radziemice,powiat proszowicki,1709
20,Wskaźnik dostępności bibliotek,2007,powiat,powiat suski,powiat suski,2573
20,Wskaźnik dostępności bibliotek,2007,gmina,Budzów,powiat suski,1393
20,Wskaźnik dostępności bibliotek,2007,gmina,Bystra-Sidzina,powiat suski,3249
20,Wskaźnik dostępności bibliotek,2007,gmina,Jordanów (miasto),powiat suski,5142
20,Wskaźnik dostępności bibliotek,2007,gmina,Jordanów (wieś),powiat suski,2104
20,Wskaźnik dostępności bibliotek,2007,gmina,Maków Podhalański,powiat suski,2652
20,Wskaźnik dostępności bibliotek,2007,gmina,Stryszawa,powiat suski,5899
20,Wskaźnik dostępności bibliotek,2007,gmina,Sucha Beskidzka,powiat suski,3208
20,Wskaźnik dostępności bibliotek,2007,gmina,Zawoja,powiat suski,2976
20,Wskaźnik dostępności bibliotek,2007,gmina,Zembrzyce,powiat suski,1393
20,Wskaźnik dostępności bibliotek,2007,powiat,powiat tarnowski,powiat tarnowski,2947
20,Wskaźnik dostępności bibliotek,2007,gmina,Ciężkowice,powiat tarnowski,3689
20,Wskaźnik dostępności bibliotek,2007,gmina,Gromnik,powiat tarnowski,2120
20,Wskaźnik dostępności bibliotek,2007,gmina,Lisia Góra,powiat tarnowski,2777
20,Wskaźnik dostępności bibliotek,2007,gmina,Pleśna,powiat tarnowski,2322
20,Wskaźnik dostępności bibliotek,2007,gmina,Radłów,powiat tarnowski,1936
20,Wskaźnik dostępności bibliotek,2007,gmina,Ryglice,powiat tarnowski,3819
20,Wskaźnik dostępności bibliotek,2007,gmina,Rzepiennik Strzyżewski,powiat tarnowski,1364
20,Wskaźnik dostępności bibliotek,2007,gmina,Skrzyszów,powiat tarnowski,3306
20,Wskaźnik dostępności bibliotek,2007,gmina,Szerzyny,powiat tarnowski,2047
20,Wskaźnik dostępności bibliotek,2007,gmina,Tarnów (wieś),powiat tarnowski,7795
20,Wskaźnik dostępności bibliotek,2007,gmina,Tuchów,powiat tarnowski,4426
20,Wskaźnik dostępności bibliotek,2007,gmina,Wierzchosławice,powiat tarnowski,2122
20,Wskaźnik dostępności bibliotek,2007,gmina,Wietrzychowice,powiat tarnowski,2085
20,Wskaźnik dostępności bibliotek,2007,gmina,Wojnicz,powiat tarnowski,3258
20,Wskaźnik dostępności bibliotek,2007,gmina,Zakliczyn,powiat tarnowski,2449
20,Wskaźnik dostępności bibliotek,2007,gmina,Żabno,powiat tarnowski,3788
20,Wskaźnik dostępności bibliotek,2007,powiat,powiat tatrzański,powiat tatrzański,3258
20,Wskaźnik dostępności bibliotek,2007,gmina,Biały Dunajec,powiat tatrzański,1688
20,Wskaźnik dostępności bibliotek,2007,gmina,Bukowina Tatrzańska,powiat tatrzański,2502
20,Wskaźnik dostępności bibliotek,2007,gmina,Kościelisko,powiat tatrzański,2686
20,Wskaźnik dostępności bibliotek,2007,gmina,Poronin,powiat tatrzański,2691
20,Wskaźnik dostępności bibliotek,2007,gmina,Zakopane,powiat tatrzański,6771
20,Wskaźnik dostępności bibliotek,2007,powiat,powiat wadowicki,powiat wadowicki,3227
20,Wskaźnik dostępności bibliotek,2007,gmina,Andrychów,powiat wadowicki,5366
20,Wskaźnik dostępności bibliotek,2007,gmina,Brzeźnica,powiat wadowicki,1624
20,Wskaźnik dostępności bibliotek,2007,gmina,Kalwaria Zebrzydowska,powiat wadowicki,3858
20,Wskaźnik dostępności bibliotek,2007,gmina,Lanckorona,powiat wadowicki,1467
20,Wskaźnik dostępności bibliotek,2007,gmina,Mucharz,powiat wadowicki,963
20,Wskaźnik dostępności bibliotek,2007,gmina,Spytkowice,powiat wadowicki,3317
20,Wskaźnik dostępności bibliotek,2007,gmina,Stryszów,powiat wadowicki,1669
20,Wskaźnik dostępności bibliotek,2007,gmina,Tomice,powiat wadowicki,1834
20,Wskaźnik dostępności bibliotek,2007,gmina,Wadowice,powiat wadowicki,6278
20,Wskaźnik dostępności bibliotek,2007,gmina,Wieprz,powiat wadowicki,2899
20,Wskaźnik dostępności bibliotek,2007,powiat,powiat wielicki,powiat wielicki,5365
20,Wskaźnik dostępności bibliotek,2007,gmina,Biskupice,powiat wielicki,8738
20,Wskaźnik dostępności bibliotek,2007,gmina,Gdów,powiat wielicki,8279
20,Wskaźnik dostępności bibliotek,2007,gmina,Kłaj,powiat wielicki,3306
20,Wskaźnik dostępności bibliotek,2007,gmina,Niepołomice,powiat wielicki,4551
20,Wskaźnik dostępności bibliotek,2007,gmina,Wieliczka,powiat wielicki,5482
