indicator_id,indicator,year,level,area,powiat,value
253,Uniwersytety trzeciego wieku,2021,powiat,powiat bocheński,powiat bocheński,2
253,Uniwersytety trzeciego wieku,2021,gmina,Bochnia (miasto),powiat bocheński,
253,Uniwersytety trzeciego wieku,2021,gmina,Bochnia (wieś),powiat bocheński,
253,Uniwersytety trzeciego wieku,2021,gmina,Drwinia,powiat bocheński,
253,Uniwersytety trzeciego wieku,2021,gmina,Lipnica Murowana,powiat bocheński,
253,Uniwersytety trzeciego wieku,2021,gmina,Łapanów,powiat bocheński,
253,Uniwersytety trzeciego wieku,2021,gmina,Nowy Wiśnicz,powiat bocheński,
253,Uniwersytety trzeciego wieku,2021,gmina,Rzezawa,powiat bocheński,
253,Uniwersytety trzeciego wieku,2021,gmina,Trzciana,powiat bocheński,
253,Uniwersytety trzeciego wieku,2021,gmina,Żegocina,powiat bocheński,
253,Uniwersytety trzeciego wieku,2021,powiat,powiat brzeski,powiat brzeski,2
253,Uniwersytety trzeciego wieku,2021,gmina,Borzęcin,powiat brzeski,
253,Uniwersytety trzeciego wieku,2021,gmina,Brzesko,powiat brzeski,
253,Uniwersytety trzeciego wieku,2021,gmina,Czchów,powiat brzeski,
253,Uniwersytety trzeciego wieku,2021,gmina,Dębno,powiat brzeski,
253,Uniwersytety trzeciego wieku,2021,gmina,Gnojnik,powiat brzeski,
253,Uniwersytety trzeciego wieku,2021,gmina,Iwkowa,powiat brzeski,
253,Uniwersytety trzeciego wieku,2021,gmina,Szczurowa,powiat brzeski,
253,Uniwersytety trzeciego wieku,2021,powiat,powiat chrzanowski,powiat chrzanowski,3
253,Uniwersytety trzeciego wieku,2021,gmina,Alwernia,powiat chrzanowski,
253,Uniwersytety trzeciego wieku,2021,gmina,Babice,powiat chrzanowski,
253,Uniwersytety trzeciego wieku,2021,gmina,Chrzanów,powiat chrzanowski,
253,Uniwersytety trzeciego wieku,2021,gmina,Libiąż,powiat chrzanowski,
253,Uniwersytety trzeciego wieku,2021,gmina,Trzebinia,powiat chrzanowski,
253,Uniwersytety trzeciego wieku,2021,powiat,powiat dąbrowski,powiat dąbrowski,1
253,Uniwersytety trzeciego wieku,2021,gmina,Bolesław,powiat dąbrowski,
253,Uniwersytety trzeciego wieku,2021,gmina,Dąbrowa Tarnowska,powiat dąbrowski,
253,Uniwersytety trzeciego wieku,2021,gmina,Gręboszów,powiat dąbrowski,
253,Uniwersytety trzeciego wieku,2021,gmina,Mędrzechów,powiat dąbrowski,
253,Uniwersytety trzeciego wieku,2021,gmina,Olesno,powiat dąbrowski,
253,Uniwersytety trzeciego wieku,2021,gmina,Radgoszcz,powiat dąbrowski,
253,Uniwersytety trzeciego wieku,2021,gmina,Szczucin,powiat dąbrowski,
253,Uniwersytety trzeciego wieku,2021,powiat,powiat gorlicki,powiat gorlicki,2
253,Uniwersytety trzeciego wieku,2021,gmina,Biecz,powiat gorlicki,
253,Uniwersytety trzeciego wieku,2021,gmina,Bobowa,powiat gorlicki,
253,Uniwersytety trzeciego wieku,2021,gmina,Gorlice (miasto),powiat gorlicki,
253,Uniwersytety trzeciego wieku,2021,gmina,Gorlice (wieś),powiat gorlicki,
253,Uniwersytety trzeciego wieku,2021,gmina,Lipinki,powiat gorlicki,
253,Uniwersytety trzeciego wieku,2021,gmina,Łużna,powiat gorlicki,
253,Uniwersytety trzeciego wieku,2021,gmina,Moszczenica,powiat gorlicki,
253,Uniwersytety trzeciego wieku,2021,gmina,Ropa,powiat gorlicki,
253,Uniwersytety trzeciego wieku,2021,gmina,Sękowa,powiat gorlicki,
253,Uniwersytety trzeciego wieku,2021,gmina,Uście Gorlickie,powiat gorlicki,
253,Uniwersytety trzeciego wieku,2021,powiat,powiat krakowski,powiat krakowski,5
253,Uniwersytety trzeciego wieku,2021,gmina,Czernichów,powiat krakowski,
253,Uniwersytety trzeciego wieku,2021,gmina,Igołomia-Wawrzeńczyce,powiat krakowski,
253,Uniwersytety trzeciego wieku,2021,gmina,Iwanowice,powiat krakowski,
253,Uniwersytety trzeciego wieku,2021,gmina,Jerzmanowice-Przeginia,powiat krakowski,
253,Uniwersytety trzeciego wieku,2021,gmina,Kocmyrzów-Luborzyca,powiat krakowski,
253,Uniwersytety trzeciego wieku,2021,gmina,Krzeszowice,powiat krakowski,
253,Uniwersytety trzeciego wieku,2021,gmina,Liszki,powiat krakowski,
253,Uniwersytety trzeciego wieku,2021,gmina,Michałowice,powiat krakowski,
253,Uniwersytety trzeciego wieku,2021,gmina,Mogilany,powiat krakowski,
253,Uniwersytety trzeciego wieku,2021,gmina,Skała,powiat krakowski,
253,Uniwersytety trzeciego wieku,2021,gmina,Skawina,powiat krakowski,
253,Uniwersytety trzeciego wieku,2021,gmina,Słomniki,powiat krakowski,
253,Uniwersytety trzeciego wieku,2021,gmina,Sułoszowa,powiat krakowski,
253,Uniwersytety trzeciego wieku,2021,gmina,Świątniki Górne,powiat krakowski,
253,Uniwersytety trzeciego wieku,2021,gmina,Wielka Wieś,powiat krakowski,
253,Uniwersytety trzeciego wieku,2021,gmina,Zabierzów,powiat krakowski,
253,Uniwersytety trzeciego wieku,2021,gmina,Zielonki,powiat krakowski,
253,Uniwersytety trzeciego wieku,2021,powiat,powiat limanowski,powiat limanowski,2
253,Uniwersytety trzeciego wieku,2021,gmina,Dobra,powiat limanowski,
253,Uniwersytety trzeciego wieku,2021,gmina,Jodłownik,powiat limanowski,
253,Uniwersytety trzeciego wieku,2021,gmina,Kamienica,powiat limanowski,
253,Uniwersytety trzeciego wieku,2021,gmina,Laskowa,powiat limanowski,
253,Uniwersytety trzeciego wieku,2021,gmina,Limanowa (miasto),powiat limanowski,
253,Uniwersytety trzeciego wieku,2021,gmina,Limanowa (wieś),powiat limanowski,
253,Uniwersytety trzeciego wieku,2021,gmina,Łukowica,powiat limanowski,
253,Uniwersytety trzeciego wieku,2021,gmina,Mszana Dolna (miasto),powiat limanowski,
253,Uniwersytety trzeciego wieku,2021,gmina,Mszana Dolna (wieś),powiat limanowski,
253,Uniwersytety trzeciego wieku,2021,gmina,Niedźwiedź,powiat limanowski,
253,Uniwersytety trzeciego wieku,2021,gmina,Słopnice,powiat limanowski,
253,Uniwersytety trzeciego wieku,2021,gmina,Tymbark,powiat limanowski,
253,Uniwersytety trzeciego wieku,2021,powiat,powiat m. Kraków,powiat m. Kraków,10
253,Uniwersytety trzeciego wieku,2021,powiat,powiat m. Nowy Sącz,powiat m. Nowy Sącz,1
253,Uniwersytety trzeciego wieku,2021,powiat,powiat m. Tarnów,powiat m. Tarnów,2
253,Uniwersytety trzeciego wieku,2021,powiat,powiat miechowski,powiat miechowski,1
253,Uniwersytety trzeciego wieku,2021,gmina,Charsznica,powiat miechowski,
253,Uniwersytety trzeciego wieku,2021,gmina,Gołcza,powiat miechowski,
253,Uniwersytety trzeciego wieku,2021,gmina,Kozłów,powiat miechowski,
253,Uniwersytety trzeciego wieku,2021,gmina,Książ Wielki,powiat miechowski,
253,Uniwersytety trzeciego wieku,2021,gmina,Miechów,powiat miechowski,
253,Uniwersytety trzeciego wieku,2021,gmina,Racławice,powiat miechowski,
253,Uniwersytety trzeciego wieku,2021,gmina,Słaboszów,powiat miechowski,
253,Uniwersytety trzeciego wieku,2021,powiat,powiat myślenicki,powiat myślenicki,2
253,Uniwersytety trzeciego wieku,2021,gmina,Dobczyce,powiat myślenicki,
253,Uniwersytety trzeciego wieku,2021,gmina,Lubień,powiat myślenicki,
253,Uniwersytety trzeciego wieku,2021,gmina,Myślenice,powiat myślenicki,
253,Uniwersytety trzeciego wieku,2021,gmina,Pcim,powiat myślenicki,
253,Uniwersytety trzeciego wieku,2021,gmina,Raciechowice,powiat myślenicki,
253,Uniwersytety trzeciego wieku,2021,gmina,Siepraw,powiat myślenicki,
253,Uniwersytety trzeciego wieku,2021,gmina,Sułkowice,powiat myślenicki,
253,Uniwersytety trzeciego wieku,2021,gmina,Tokarnia,powiat myślenicki,
253,Uniwersytety trzeciego wieku,2021,gmina,Wiśniowa,powiat myślenicki,
253,Uniwersytety trzeciego wieku,2021,powiat,powiat nowosądecki,powiat nowosądecki,2
253,Uniwersytety trzeciego wieku,2021,gmina,Podegrodzie,powiat nowosądecki,
253,Uniwersytety trzeciego wieku,2021,gmina,Rytro,powiat nowosądecki,
253,Uniwersytety trzeciego wieku,2021,gmina,Stary Sącz,powiat nowosądecki,
253,Uniwersytety trzeciego wieku,2021,gmina,Chełmiec,powiat nowosądecki,
253,Uniwersytety trzeciego wieku,2021,gmina,Gródek nad Dunajcem,powiat nowosądecki,
253,Uniwersytety trzeciego wieku,2021,gmina,Grybów (miasto),powiat nowosądecki,
253,Uniwersytety trzeciego wieku,2021,gmina,Grybów (wieś),powiat nowosądecki,
253,Uniwersytety trzeciego wieku,2021,gmina,Kamionka Wielka,powiat nowosądecki,
253,Uniwersytety trzeciego wieku,2021,gmina,Korzenna,powiat nowosądecki,
253,Uniwersytety trzeciego wieku,2021,gmina,Krynica-Zdrój,powiat nowosądecki,
253,Uniwersytety trzeciego wieku,2021,gmina,Łabowa,powiat nowosądecki,
253,Uniwersytety trzeciego wieku,2021,gmina,Łącko,powiat nowosądecki,
253,Uniwersytety trzeciego wieku,2021,gmina,Łososina Dolna,powiat nowosądecki,
253,Uniwersytety trzeciego wieku,2021,gmina,Muszyna,powiat nowosądecki,
253,Uniwersytety trzeciego wieku,2021,gmina,Nawojowa,powiat nowosądecki,
253,Uniwersytety trzeciego wieku,2021,gmina,Piwniczna-Zdrój,powiat nowosądecki,
253,Uniwersytety trzeciego wieku,2021,powiat,powiat nowotarski,powiat nowotarski,3
253,Uniwersytety trzeciego wieku,2021,gmina,Czarny Dunajec,powiat nowotarski,
253,Uniwersytety trzeciego wieku,2021,gmina,Czorsztyn,powiat nowotarski,
253,Uniwersytety trzeciego wieku,2021,gmina,Jabłonka,powiat nowotarski,
253,Uniwersytety trzeciego wieku,2021,gmina,Krościenko nad Dunajcem,powiat nowotarski,
253,Uniwersytety trzeciego wieku,2021,gmina,Lipnica Wielka,powiat nowotarski,
253,Uniwersytety trzeciego wieku,2021,gmina,Łapsze Niżne,powiat nowotarski,
253,Uniwersytety trzeciego wieku,2021,gmina,Nowy Targ (miasto),powiat nowotarski,
253,Uniwersytety trzeciego wieku,2021,gmina,Nowy Targ (wieś),powiat nowotarski,
253,Uniwersytety trzeciego wieku,2021,gmina,Ochotnica Dolna,powiat nowotarski,
253,Uniwersytety trzeciego wieku,2021,gmina,Raba Wyżna,powiat nowotarski,
253,Uniwersytety trzeciego wieku,2021,gmina,Rabka-Zdrój,powiat nowotarski,
253,Uniwersytety trzeciego wieku,2021,gmina,Spytkowice,powiat nowotarski,
253,Uniwersytety trzeciego wieku,2021,gmina,Szaflary,powiat nowotarski,
253,Uniwersytety trzeciego wieku,2021,gmina,Szczawnica,powiat nowotarski,
253,Uniwersytety trzeciego wieku,2021,powiat,powiat olkuski,powiat olkuski,3
253,Uniwersytety trzeciego wieku,2021,gmina,Bolesław,powiat olkuski,
253,Uniwersytety trzeciego wieku,2021,gmina,Bukowno,powiat olkuski,
253,Uniwersytety trzeciego wieku,2021,gmina,Klucze,powiat olkuski,
253,Uniwersytety trzeciego wieku,2021,gmina,Olkusz,powiat olkuski,
253,Uniwersytety trzeciego wieku,2021,gmina,Trzyciąż,powiat olkuski,
253,Uniwersytety trzeciego wieku,2021,gmina,Wolbrom,powiat olkuski,
253,Uniwersytety trzeciego wieku,2021,powiat,powiat oświęcimski,powiat oświęcimski,4
253,Uniwersytety trzeciego wieku,2021,gmina,Brzeszcze,powiat oświęcimski,
253,Uniwersytety trzeciego wieku,2021,gmina,Chełmek,powiat oświęcimski,
253,Uniwersytety trzeciego wieku,2021,gmina,Kęty,powiat oświęcimski,
253,Uniwersytety trzeciego wieku,2021,gmina,Osiek,powiat oświęcimski,
253,Uniwersytety trzeciego wieku,2021,gmina,Oświęcim (miasto),powiat oświęcimski,
253,Uniwersytety trzeciego wieku,2021,gmina,Oświęcim (wieś),powiat oświęcimski,
253,Uniwersytety trzeciego wieku,2021,gmina,Polanka Wielka,powiat oświęcimski,
253,Uniwersytety trzeciego wieku,2021,gmina,Przeciszów,powiat oświęcimski,
253,Uniwersytety trzeciego wieku,2021,gmina,Zator,powiat oświęcimski,
253,Uniwersytety trzeciego wieku,2021,powiat,powiat proszowicki,powiat proszowicki,1
253,Uniwersytety trzeciego wieku,2021,gmina,Koniusza,powiat proszowicki,
253,Uniwersytety trzeciego wieku,2021,gmina,Koszyce,powiat proszowicki,
253,Uniwersytety trzeciego wieku,2021,gmina,Nowe Brzesko,powiat proszowicki,
253,Uniwersytety trzeciego wieku,2021,gmina,Pałecznica,powiat proszowicki,
253,Uniwersytety trzeciego wieku,2021,gmina,Proszowice,powiat proszowicki,
253,Uniwersytety trzeciego wieku,2021,gmina,Radziemice,powiat proszowicki,
253,Uniwersytety trzeciego wieku,2021,powiat,powiat suski,powiat suski,2
253,Uniwersytety trzeciego wieku,2021,gmina,Budzów,powiat suski,
253,Uniwersytety trzeciego wieku,2021,gmina,Bystra-Sidzina,powiat suski,
253,Uniwersytety trzeciego wieku,2021,gmina,Jordanów (miasto),powiat suski,
253,Uniwersytety trzeciego wieku,2021,gmina,Jordanów (wieś),powiat suski,
253,Uniwersytety trzeciego wieku,2021,gmina,Maków Podhalański,powiat suski,
253,Uniwersytety trzeciego wieku,2021,gmina,Stryszawa,powiat suski,
253,Uniwersytety trzeciego wieku,2021,gmina,Sucha Beskidzka,powiat suski,
253,Uniwersytety trzeciego wieku,2021,gmina,Zawoja,powiat suski,
253,Uniwersytety trzeciego wieku,2021,gmina,Zembrzyce,powiat suski,
253,Uniwersytety trzeciego wieku,2021,powiat,powiat tarnowski,powiat tarnowski,0
253,Uniwersytety trzeciego wieku,2021,gmina,Ciężkowice,powiat tarnowski,
253,Uniwersytety trzeciego wieku,2021,gmina,Gromnik,powiat tarnowski,
253,Uniwersytety trzeciego wieku,2021,gmina,Lisia Góra,powiat tarnowski,
253,Uniwersytety trzeciego wieku,2021,gmina,Pleśna,powiat tarnowski,
253,Uniwersytety trzeciego wieku,2021,gmina,Radłów,powiat tarnowski,
253,Uniwersytety trzeciego wieku,2021,gmina,Ryglice,powiat tarnowski,
253,Uniwersytety trzeciego wieku,2021,gmina,Rzepiennik Strzyżewski,powiat tarnowski,
253,Uniwersytety trzeciego wieku,2021,gmina,Skrzyszów,powiat tarnowski,
253,Uniwersytety trzeciego wieku,2021,gmina,Szerzyny,powiat tarnowski,
253,Uniwersytety trzeciego wieku,2021,gmina,Tarnów (wieś),powiat tarnowski,
253,Uniwersytety trzeciego wieku,2021,gmina,Tuchów,powiat tarnowski,
253,Uniwersytety trzeciego wieku,2021,gmina,Wierzchosławice,powiat tarnowski,
253,Uniwersytety trzeciego wieku,2021,gmina,Wietrzychowice,powiat tarnowski,
253,Uniwersytety trzeciego wieku,2021,gmina,Wojnicz,powiat tarnowski,
253,Uniwersytety trzeciego wieku,2021,gmina,Zakliczyn,powiat tarnowski,
253,Uniwersytety trzeciego wieku,2021,gmina,Żabno,powiat tarnowski,
253,Uniwersytety trzeciego wieku,2021,powiat,powiat tatrzański,powiat tatrzański,1
253,Uniwersytety trzeciego wieku,2021,gmina,Biały Dunajec,powiat tatrzański,
253,Uniwersytety trzeciego wieku,2021,gmina,Bukowina Tatrzańska,powiat tatrzański,
253,Uniwersytety trzeciego wieku,2021,gmina,Kościelisko,powiat tatrzański,
253,Uniwersytety trzeciego wieku,2021,gmina,Poronin,powiat tatrzański,
253,Uniwersytety trzeciego wieku,2021,gmina,Zakopane,powiat tatrzański,
253,Uniwersytety trzeciego wieku,2021,powiat,powiat wadowicki,powiat wadowicki,2
253,Uniwersytety trzeciego wieku,2021,gmina,Andrychów,powiat wadowicki,
253,Uniwersytety trzeciego wieku,2021,gmina,Brzeźnica,powiat wadowicki,
253,Uniwersytety trzeciego wieku,2021,gmina,Kalwaria Zebrzydowska,powiat wadowicki,
253,Uniwersytety trzeciego wieku,2021,gmina,Lanckorona,powiat wadowicki,
253,Uniwersytety trzeciego wieku,2021,gmina,Mucharz,powiat wadowicki,
253,Uniwersytety trzeciego wieku,2021,gmina,Spytkowice,powiat wadowicki,
253,Uniwersytety trzeciego wieku,2021,gmina,Stryszów,powiat wadowicki,
253,Uniwersytety trzeciego wieku,2021,gmina,Tomice,powiat wadowicki,
253,Uniwersytety trzeciego wieku,2021,gmina,Wadowice,powiat wadowicki,
253,Uniwersytety trzeciego wieku,2021,gmina,Wieprz,powiat wadowicki,
253,Uniwersytety trzeciego wieku,2021,powiat,powiat wielicki,powiat wielicki,4
253,Uniwersytety trzeciego wieku,2021,gmina,Biskupice,powiat wielicki,
253,Uniwersytety trzeciego wieku,2021,gmina,Gdów,powiat wielicki,
253,Uniwersytety trzeciego wieku,2021,gmina,Kłaj,powiat wielicki,
253,Uniwersytety trzeciego wieku,2021,gmina,Niepołomice,powiat wielicki,
253,Uniwersytety trzeciego wieku,2021,gmina,Wieliczka,powiat wielicki,
253,Uniwersytety trzeciego wieku,2020,powiat,powiat bocheński,powiat bocheński,3
253,Uniwersytety trzeciego wieku,2020,gmina,Bochnia (miasto),powiat bocheński,
253,Uniwersytety trzeciego wieku,2020,gmina,Bochnia (wieś),powiat bocheński,
253,Uniwersytety trzeciego wieku,2020,gmina,Drwinia,powiat bocheński,
253,Uniwersytety trzeciego wieku,2020,gmina,Lipnica Murowana,powiat bocheński,
253,Uniwersytety trzeciego wieku,2020,gmina,Łapanów,powiat bocheński,
253,Uniwersytety trzeciego wieku,2020,gmina,Nowy Wiśnicz,powiat bocheński,
253,Uniwersytety trzeciego wieku,2020,gmina,Rzezawa,powiat bocheński,
253,Uniwersytety trzeciego wieku,2020,gmina,Trzciana,powiat bocheński,
253,Uniwersytety trzeciego wieku,2020,gmina,Żegocina,powiat bocheński,
253,Uniwersytety trzeciego wieku,2020,powiat,powiat brzeski,powiat brzeski,2
253,Uniwersytety trzeciego wieku,2020,gmina,Borzęcin,powiat brzeski,
253,Uniwersytety trzeciego wieku,2020,gmina,Brzesko,powiat brzeski,
253,Uniwersytety trzeciego wieku,2020,gmina,Czchów,powiat brzeski,
253,Uniwersytety trzeciego wieku,2020,gmina,Dębno,powiat brzeski,
253,Uniwersytety trzeciego wieku,2020,gmina,Gnojnik,powiat brzeski,
253,Uniwersytety trzeciego wieku,2020,gmina,Iwkowa,powiat brzeski,
253,Uniwersytety trzeciego wieku,2020,gmina,Szczurowa,powiat brzeski,
253,Uniwersytety trzeciego wieku,2020,powiat,powiat chrzanowski,powiat chrzanowski,3
253,Uniwersytety trzeciego wieku,2020,gmina,Alwernia,powiat chrzanowski,
253,Uniwersytety trzeciego wieku,2020,gmina,Babice,powiat chrzanowski,
253,Uniwersytety trzeciego wieku,2020,gmina,Chrzanów,powiat chrzanowski,
253,Uniwersytety trzeciego wieku,2020,gmina,Libiąż,powiat chrzanowski,
253,Uniwersytety trzeciego wieku,2020,gmina,Trzebinia,powiat chrzanowski,
253,Uniwersytety trzeciego wieku,2020,powiat,powiat dąbrowski,powiat dąbrowski,1
253,Uniwersytety trzeciego wieku,2020,gmina,Bolesław,powiat dąbrowski,
253,Uniwersytety trzeciego wieku,2020,gmina,Dąbrowa Tarnowska,powiat dąbrowski,
253,Uniwersytety trzeciego wieku,2020,gmina,Gręboszów,powiat dąbrowski,
253,Uniwersytety trzeciego wieku,2020,gmina,Mędrzechów,powiat dąbrowski,
253,Uniwersytety trzeciego wieku,2020,gmina,Olesno,powiat dąbrowski,
253,Uniwersytety trzeciego wieku,2020,gmina,Radgoszcz,powiat dąbrowski,
253,Uniwersytety trzeciego wieku,2020,gmina,Szczucin,powiat dąbrowski,
253,Uniwersytety trzeciego wieku,2020,powiat,powiat gorlicki,powiat gorlicki,2
253,Uniwersytety trzeciego wieku,2020,gmina,Biecz,powiat gorlicki,
253,Uniwersytety trzeciego wieku,2020,gmina,Bobowa,powiat gorlicki,
253,Uniwersytety trzeciego wieku,2020,gmina,Gorlice (miasto),powiat gorlicki,
253,Uniwersytety trzeciego wieku,2020,gmina,Gorlice (wieś),powiat gorlicki,
253,Uniwersytety trzeciego wieku,2020,gmina,Lipinki,powiat gorlicki,
253,Uniwersytety trzeciego wieku,2020,gmina,Łużna,powiat gorlicki,
253,Uniwersytety trzeciego wieku,2020,gmina,Moszczenica,powiat gorlicki,
253,Uniwersytety trzeciego wieku,2020,gmina,Ropa,powiat gorlicki,
253,Uniwersytety trzeciego wieku,2020,gmina,Sękowa,powiat gorlicki,
253,Uniwersytety trzeciego wieku,2020,gmina,Uście Gorlickie,powiat gorlicki,
253,Uniwersytety trzeciego wieku,2020,powiat,powiat krakowski,powiat krakowski,5
253,Uniwersytety trzeciego wieku,2020,gmina,Czernichów,powiat krakowski,
253,Uniwersytety trzeciego wieku,2020,gmina,Igołomia-Wawrzeńczyce,powiat krakowski,
253,Uniwersytety trzeciego wieku,2020,gmina,Iwanowice,powiat krakowski,
253,Uniwersytety trzeciego wieku,2020,gmina,Jerzmanowice-Przeginia,powiat krakowski,
253,Uniwersytety trzeciego wieku,2020,gmina,Kocmyrzów-Luborzyca,powiat krakowski,
253,Uniwersytety trzeciego wieku,2020,gmina,Krzeszowice,powiat krakowski,
253,Uniwersytety trzeciego wieku,2020,gmina,Liszki,powiat krakowski,
253,Uniwersytety trzeciego wieku,2020,gmina,Michałowice,powiat krakowski,
253,Uniwersytety trzeciego wieku,2020,gmina,Mogilany,powiat krakowski,
253,Uniwersytety trzeciego wieku,2020,gmina,Skała,powiat krakowski,
253,Uniwersytety trzeciego wieku,2020,gmina,Skawina,powiat krakowski,
253,Uniwersytety trzeciego wieku,2020,gmina,Słomniki,powiat krakowski,
253,Uniwersytety trzeciego wieku,2020,gmina,Sułoszowa,powiat krakowski,
253,Uniwersytety trzeciego wieku,2020,gmina,Świątniki Górne,powiat krakowski,
253,Uniwersytety trzeciego wieku,2020,gmina,Wielka Wieś,powiat krakowski,
253,Uniwersytety trzeciego wieku,2020,gmina,Zabierzów,powiat krakowski,
253,Uniwersytety trzeciego wieku,2020,gmina,Zielonki,powiat krakowski,
253,Uniwersytety trzeciego wieku,2020,powiat,powiat limanowski,powiat limanowski,2
253,Uniwersytety trzeciego wieku,2020,gmina,Dobra,powiat limanowski,
253,Uniwersytety trzeciego wieku,2020,gmina,Jodłownik,powiat limanowski,
253,Uniwersytety trzeciego wieku,2020,gmina,Kamienica,powiat limanowski,
253,Uniwersytety trzeciego wieku,2020,gmina,Laskowa,powiat limanowski,
253,Uniwersytety trzeciego wieku,2020,gmina,Limanowa (miasto),powiat limanowski,
253,Uniwersytety trzeciego wieku,2020,gmina,Limanowa (wieś),powiat limanowski,
253,Uniwersytety trzeciego wieku,2020,gmina,Łukowica,powiat limanowski,
253,Uniwersytety trzeciego wieku,2020,gmina,Mszana Dolna (miasto),powiat limanowski,
253,Uniwersytety trzeciego wieku,2020,gmina,Mszana Dolna (wieś),powiat limanowski,
253,Uniwersytety trzeciego wieku,2020,gmina,Niedźwiedź,powiat limanowski,
253,Uniwersytety trzeciego wieku,2020,gmina,Słopnice,powiat limanowski,
253,Uniwersytety trzeciego wieku,2020,gmina,Tymbark,powiat limanowski,
253,Uniwersytety trzeciego wieku,2020,powiat,powiat m. Kraków,powiat m. Kraków,12
253,Uniwersytety trzeciego wieku,2020,powiat,powiat m. Nowy Sącz,powiat m. Nowy Sącz,1
253,Uniwersytety trzeciego wieku,2020,powiat,powiat m. Tarnów,powiat m. Tarnów,2
253,Uniwersytety trzeciego wieku,2020,powiat,powiat miechowski,powiat miechowski,1
253,Uniwersytety trzeciego wieku,2020,gmina,Charsznica,powiat miechowski,
253,Uniwersytety trzeciego wieku,2020,gmina,Gołcza,powiat miechowski,
253,Uniwersytety trzeciego wieku,2020,gmina,Kozłów,powiat miechowski,
253,Uniwersytety trzeciego wieku,2020,gmina,Książ Wielki,powiat miechowski,
253,Uniwersytety trzeciego wieku,2020,gmina,Miechów,powiat miechowski,
253,Uniwersytety trzeciego wieku,2020,gmina,Racławice,powiat miechowski,
253,Uniwersytety trzeciego wieku,2020,gmina,Słaboszów,powiat miechowski,
253,Uniwersytety trzeciego wieku,2020,powiat,powiat myślenicki,powiat myślenicki,2
253,Uniwersytety trzeciego wieku,2020,gmina,Dobczyce,powiat myślenicki,
253,Uniwersytety trzeciego wieku,2020,gmina,Lubień,powiat myślenicki,
253,Uniwersytety trzeciego wieku,2020,gmina,Myślenice,powiat myślenicki,
253,Uniwersytety trzeciego wieku,2020,gmina,Pcim,powiat myślenicki,
253,Uniwersytety trzeciego wieku,2020,gmina,Raciechowice,powiat myślenicki,
253,Uniwersytety trzeciego wieku,2020,gmina,Siepraw,powiat myślenicki,
253,Uniwersytety trzeciego wieku,2020,gmina,Sułkowice,powiat myślenicki,
253,Uniwersytety trzeciego wieku,2020,gmina,Tokarnia,powiat myślenicki,
253,Uniwersytety trzeciego wieku,2020,gmina,Wiśniowa,powiat myślenicki,
253,Uniwersytety trzeciego wieku,2020,powiat,powiat nowosądecki,powiat nowosądecki,2
253,Uniwersytety trzeciego wieku,2020,gmina,Podegrodzie,powiat nowosądecki,
253,Uniwersytety trzeciego wieku,2020,gmina,Rytro,powiat nowosądecki,
253,Uniwersytety trzeciego wieku,2020,gmina,Stary Sącz,powiat nowosądecki,
253,Uniwersytety trzeciego wieku,2020,gmina,Chełmiec,powiat nowosądecki,
253,Uniwersytety trzeciego wieku,2020,gmina,Gródek nad Dunajcem,powiat nowosądecki,
253,Uniwersytety trzeciego wieku,2020,gmina,Grybów (miasto),powiat nowosądecki,
253,Uniwersytety trzeciego wieku,2020,gmina,Grybów (wieś),powiat nowosądecki,
253,Uniwersytety trzeciego wieku,2020,gmina,Kamionka Wielka,powiat nowosądecki,
253,Uniwersytety trzeciego wieku,2020,gmina,Korzenna,powiat nowosądecki,
253,Uniwersytety trzeciego wieku,2020,gmina,Krynica-Zdrój,powiat nowosądecki,
253,Uniwersytety trzeciego wieku,2020,gmina,Łabowa,powiat nowosądecki,
253,Uniwersytety trzeciego wieku,2020,gmina,Łącko,powiat nowosądecki,
253,Uniwersytety trzeciego wieku,2020,gmina,Łososina Dolna,powiat nowosądecki,
253,Uniwersytety trzeciego wieku,2020,gmina,Muszyna,powiat nowosądecki,
253,Uniwersytety trzeciego wieku,2020,gmina,Nawojowa,powiat nowosądecki,
253,Uniwersytety trzeciego wieku,2020,gmina,Piwniczna-Zdrój,powiat nowosądecki,
253,Uniwersytety trzeciego wieku,2020,powiat,powiat nowotarski,powiat nowotarski,3
253,Uniwersytety trzeciego wieku,2020,gmina,Czarny Dunajec,powiat nowotarski,
253,Uniwersytety trzeciego wieku,2020,gmina,Czorsztyn,powiat nowotarski,
253,Uniwersytety trzeciego wieku,2020,gmina,Jabłonka,powiat nowotarski,
253,Uniwersytety trzeciego wieku,2020,gmina,Krościenko nad Dunajcem,powiat nowotarski,
253,Uniwersytety trzeciego wieku,2020,gmina,Lipnica Wielka,powiat nowotarski,
253,Uniwersytety trzeciego wieku,2020,gmina,Łapsze Niżne,powiat nowotarski,
253,Uniwersytety trzeciego wieku,2020,gmina,Nowy Targ (miasto),powiat nowotarski,
253,Uniwersytety trzeciego wieku,2020,gmina,Nowy Targ (wieś),powiat nowotarski,
253,Uniwersytety trzeciego wieku,2020,gmina,Ochotnica Dolna,powiat nowotarski,
253,Uniwersytety trzeciego wieku,2020,gmina,Raba Wyżna,powiat nowotarski,
253,Uniwersytety trzeciego wieku,2020,gmina,Rabka-Zdrój,powiat nowotarski,
253,Uniwersytety trzeciego wieku,2020,gmina,Spytkowice,powiat nowotarski,
253,Uniwersytety trzeciego wieku,2020,gmina,Szaflary,powiat nowotarski,
253,Uniwersytety trzeciego wieku,2020,gmina,Szczawnica,powiat nowotarski,
253,Uniwersytety trzeciego wieku,2020,powiat,powiat olkuski,powiat olkuski,3
253,Uniwersytety trzeciego wieku,2020,gmina,Bolesław,powiat olkuski,
253,Uniwersytety trzeciego wieku,2020,gmina,Bukowno,powiat olkuski,
253,Uniwersytety trzeciego wieku,2020,gmina,Klucze,powiat olkuski,
253,Uniwersytety trzeciego wieku,2020,gmina,Olkusz,powiat olkuski,
253,Uniwersytety trzeciego wieku,2020,gmina,Trzyciąż,powiat olkuski,
253,Uniwersytety trzeciego wieku,2020,gmina,Wolbrom,powiat olkuski,
253,Uniwersytety trzeciego wieku,2020,powiat,powiat oświęcimski,powiat oświęcimski,4
253,Uniwersytety trzeciego wieku,2020,gmina,Brzeszcze,powiat oświęcimski,
253,Uniwersytety trzeciego wieku,2020,gmina,Chełmek,powiat oświęcimski,
253,Uniwersytety trzeciego wieku,2020,gmina,Kęty,powiat oświęcimski,
253,Uniwersytety trzeciego wieku,2020,gmina,Osiek,powiat oświęcimski,
253,Uniwersytety trzeciego wieku,2020,gmina,Oświęcim (miasto),powiat oświęcimski,
253,Uniwersytety trzeciego wieku,2020,gmina,Oświęcim (wieś),powiat oświęcimski,
253,Uniwersytety trzeciego wieku,2020,gmina,Polanka Wielka,powiat oświęcimski,
253,Uniwersytety trzeciego wieku,2020,gmina,Przeciszów,powiat oświęcimski,
253,Uniwersytety trzeciego wieku,2020,gmina,Zator,powiat oświęcimski,
253,Uniwersytety trzeciego wieku,2020,powiat,powiat proszowicki,powiat proszowicki,1
253,Uniwersytety trzeciego wieku,2020,gmina,Koniusza,powiat proszowicki,
253,Uniwersytety trzeciego wieku,2020,gmina,Koszyce,powiat proszowicki,
253,Uniwersytety trzeciego wieku,2020,gmina,Nowe Brzesko,powiat proszowicki,
253,Uniwersytety trzeciego wieku,2020,gmina,Pałecznica,powiat proszowicki,
253,Uniwersytety trzeciego wieku,2020,gmina,Proszowice,powiat proszowicki,
253,Uniwersytety trzeciego wieku,2020,gmina,Radziemice,powiat proszowicki,
253,Uniwersytety trzeciego wieku,2020,powiat,powiat suski,powiat suski,2
253,Uniwersytety trzeciego wieku,2020,gmina,Budzów,powiat suski,
253,Uniwersytety trzeciego wieku,2020,gmina,Bystra-Sidzina,powiat suski,
253,Uniwersytety trzeciego wieku,2020,gmina,Jordanów (miasto),powiat suski,
253,Uniwersytety trzeciego wieku,2020,gmina,Jordanów (wieś),powiat suski,
253,Uniwersytety trzeciego wieku,2020,gmina,Maków Podhalański,powiat suski,
253,Uniwersytety trzeciego wieku,2020,gmina,Stryszawa,powiat suski,
253,Uniwersytety trzeciego wieku,2020,gmina,Sucha Beskidzka,powiat suski,
253,Uniwersytety trzeciego wieku,2020,gmina,Zawoja,powiat suski,
253,Uniwersytety trzeciego wieku,2020,gmina,Zembrzyce,powiat suski,
253,Uniwersytety trzeciego wieku,2020,powiat,powiat tarnowski,powiat tarnowski,0
253,Uniwersytety trzeciego wieku,2020,gmina,Ciężkowice,powiat tarnowski,
253,Uniwersytety trzeciego wieku,2020,gmina,Gromnik,powiat tarnowski,
253,Uniwersytety trzeciego wieku,2020,gmina,Lisia Góra,powiat tarnowski,
253,Uniwersytety trzeciego wieku,2020,gmina,Pleśna,powiat tarnowski,
253,Uniwersytety trzeciego wieku,2020,gmina,Radłów,powiat tarnowski,
253,Uniwersytety trzeciego wieku,2020,gmina,Ryglice,powiat tarnowski,
253,Uniwersytety trzeciego wieku,2020,gmina,Rzepiennik Strzyżewski,powiat tarnowski,
253,Uniwersytety trzeciego wieku,2020,gmina,Skrzyszów,powiat tarnowski,
253,Uniwersytety trzeciego wieku,2020,gmina,Szerzyny,powiat tarnowski,
253,Uniwersytety trzeciego wieku,2020,gmina,Tarnów (wieś),powiat tarnowski,
253,Uniwersytety trzeciego wieku,2020,gmina,Tuchów,powiat tarnowski,
253,Uniwersytety trzeciego wieku,2020,gmina,Wierzchosławice,powiat tarnowski,
253,Uniwersytety trzeciego wieku,2020,gmina,Wietrzychowice,powiat tarnowski,
253,Uniwersytety trzeciego wieku,2020,gmina,Wojnicz,powiat tarnowski,
253,Uniwersytety trzeciego wieku,2020,gmina,Zakliczyn,powiat tarnowski,
253,Uniwersytety trzeciego wieku,2020,gmina,Żabno,powiat tarnowski,
253,Uniwersytety trzeciego wieku,2020,powiat,powiat tatrzański,powiat tatrzański,1
253,Uniwersytety trzeciego wieku,2020,gmina,Biały Dunajec,powiat tatrzański,
253,Uniwersytety trzeciego wieku,2020,gmina,Bukowina Tatrzańska,powiat tatrzański,
253,Uniwersytety trzeciego wieku,2020,gmina,Kościelisko,powiat tatrzański,
253,Uniwersytety trzeciego wieku,2020,gmina,Poronin,powiat tatrzański,
253,Uniwersytety trzeciego wieku,2020,gmina,Zakopane,powiat tatrzański,
253,Uniwersytety trzeciego wieku,2020,powiat,powiat wadowicki,powiat wadowicki,2
253,Uniwersytety trzeciego wieku,2020,gmina,Andrychów,powiat wadowicki,
253,Uniwersytety trzeciego wieku,2020,gmina,Brzeźnica,powiat wadowicki,
253,Uniwersytety trzeciego wieku,2020,gmina,Kalwaria Zebrzydowska,powiat wadowicki,
253,Uniwersytety trzeciego wieku,2020,gmina,Lanckorona,powiat wadowicki,
253,Uniwersytety trzeciego wieku,2020,gmina,Mucharz,powiat wadowicki,
253,Uniwersytety trzeciego wieku,2020,gmina,Spytkowice,powiat wadowicki,
253,Uniwersytety trzeciego wieku,2020,gmina,Stryszów,powiat wadowicki,
253,Uniwersytety trzeciego wieku,2020,gmina,Tomice,powiat wadowicki,
253,Uniwersytety trzeciego wieku,2020,gmina,Wadowice,powiat wadowicki,
253,Uniwersytety trzeciego wieku,2020,gmina,Wieprz,powiat wadowicki,
253,Uniwersytety trzeciego wieku,2020,powiat,powiat wielicki,powiat wielicki,4
253,Uniwersytety trzeciego wieku,2020,gmina,Biskupice,powiat wielicki,
253,Uniwersytety trzeciego wieku,2020,gmina,Gdów,powiat wielicki,
253,Uniwersytety trzeciego wieku,2020,gmina,Kłaj,powiat wielicki,
253,Uniwersytety trzeciego wieku,2020,gmina,Niepołomice,powiat wielicki,
253,Uniwersytety trzeciego wieku,2020,gmina,Wieliczka,powiat wielicki,
253,Uniwersytety trzeciego wieku,2019,powiat,powiat bocheński,powiat bocheński,4
253,Uniwersytety trzeciego wieku,2019,gmina,Bochnia (miasto),powiat bocheński,
253,Uniwersytety trzeciego wieku,2019,gmina,Bochnia (wieś),powiat bocheński,
253,Uniwersytety trzeciego wieku,2019,gmina,Drwinia,powiat bocheński,
253,Uniwersytety trzeciego wieku,2019,gmina,Lipnica Murowana,powiat bocheński,
253,Uniwersytety trzeciego wieku,2019,gmina,Łapanów,powiat bocheński,
253,Uniwersytety trzeciego wieku,2019,gmina,Nowy Wiśnicz,powiat bocheński,
253,Uniwersytety trzeciego wieku,2019,gmina,Rzezawa,powiat bocheński,
253,Uniwersytety trzeciego wieku,2019,gmina,Trzciana,powiat bocheński,
253,Uniwersytety trzeciego wieku,2019,gmina,Żegocina,powiat bocheński,
253,Uniwersytety trzeciego wieku,2019,powiat,powiat brzeski,powiat brzeski,2
253,Uniwersytety trzeciego wieku,2019,gmina,Borzęcin,powiat brzeski,
253,Uniwersytety trzeciego wieku,2019,gmina,Brzesko,powiat brzeski,
253,Uniwersytety trzeciego wieku,2019,gmina,Czchów,powiat brzeski,
253,Uniwersytety trzeciego wieku,2019,gmina,Dębno,powiat brzeski,
253,Uniwersytety trzeciego wieku,2019,gmina,Gnojnik,powiat brzeski,
253,Uniwersytety trzeciego wieku,2019,gmina,Iwkowa,powiat brzeski,
253,Uniwersytety trzeciego wieku,2019,gmina,Szczurowa,powiat brzeski,
253,Uniwersytety trzeciego wieku,2019,powiat,powiat chrzanowski,powiat chrzanowski,3
253,Uniwersytety trzeciego wieku,2019,gmina,Alwernia,powiat chrzanowski,
253,Uniwersytety trzeciego wieku,2019,gmina,Babice,powiat chrzanowski,
253,Uniwersytety trzeciego wieku,2019,gmina,Chrzanów,powiat chrzanowski,
253,Uniwersytety trzeciego wieku,2019,gmina,Libiąż,powiat chrzanowski,
253,Uniwersytety trzeciego wieku,2019,gmina,Trzebinia,powiat chrzanowski,
253,Uniwersytety trzeciego wieku,2019,powiat,powiat dąbrowski,powiat dąbrowski,1
253,Uniwersytety trzeciego wieku,2019,gmina,Bolesław,powiat dąbrowski,
253,Uniwersytety trzeciego wieku,2019,gmina,Dąbrowa Tarnowska,powiat dąbrowski,
253,Uniwersytety trzeciego wieku,2019,gmina,Gręboszów,powiat dąbrowski,
253,Uniwersytety trzeciego wieku,2019,gmina,Mędrzechów,powiat dąbrowski,
253,Uniwersytety trzeciego wieku,2019,gmina,Olesno,powiat dąbrowski,
253,Uniwersytety trzeciego wieku,2019,gmina,Radgoszcz,powiat dąbrowski,
253,Uniwersytety trzeciego wieku,2019,gmina,Szczucin,powiat dąbrowski,
253,Uniwersytety trzeciego wieku,2019,powiat,powiat gorlicki,powiat gorlicki,2
253,Uniwersytety trzeciego wieku,2019,gmina,Biecz,powiat gorlicki,
253,Uniwersytety trzeciego wieku,2019,gmina,Bobowa,powiat gorlicki,
253,Uniwersytety trzeciego wieku,2019,gmina,Gorlice (miasto),powiat gorlicki,
253,Uniwersytety trzeciego wieku,2019,gmina,Gorlice (wieś),powiat gorlicki,
253,Uniwersytety trzeciego wieku,2019,gmina,Lipinki,powiat gorlicki,
253,Uniwersytety trzeciego wieku,2019,gmina,Łużna,powiat gorlicki,
253,Uniwersytety trzeciego wieku,2019,gmina,Moszczenica,powiat gorlicki,
253,Uniwersytety trzeciego wieku,2019,gmina,Ropa,powiat gorlicki,
253,Uniwersytety trzeciego wieku,2019,gmina,Sękowa,powiat gorlicki,
253,Uniwersytety trzeciego wieku,2019,gmina,Uście Gorlickie,powiat gorlicki,
253,Uniwersytety trzeciego wieku,2019,powiat,powiat krakowski,powiat krakowski,4
253,Uniwersytety trzeciego wieku,2019,gmina,Czernichów,powiat krakowski,
253,Uniwersytety trzeciego wieku,2019,gmina,Igołomia-Wawrzeńczyce,powiat krakowski,
253,Uniwersytety trzeciego wieku,2019,gmina,Iwanowice,powiat krakowski,
253,Uniwersytety trzeciego wieku,2019,gmina,Jerzmanowice-Przeginia,powiat krakowski,
253,Uniwersytety trzeciego wieku,2019,gmina,Kocmyrzów-Luborzyca,powiat krakowski,
253,Uniwersytety trzeciego wieku,2019,gmina,Krzeszowice,powiat krakowski,
253,Uniwersytety trzeciego wieku,2019,gmina,Liszki,powiat krakowski,
253,Uniwersytety trzeciego wieku,2019,gmina,Michałowice,powiat krakowski,
253,Uniwersytety trzeciego wieku,2019,gmina,Mogilany,powiat krakowski,
253,Uniwersytety trzeciego wieku,2019,gmina,Skała,powiat krakowski,
253,Uniwersytety trzeciego wieku,2019,gmina,Skawina,powiat krakowski,
253,Uniwersytety trzeciego wieku,2019,gmina,Słomniki,powiat krakowski,
253,Uniwersytety trzeciego wieku,2019,gmina,Sułoszowa,powiat krakowski,
253,Uniwersytety trzeciego wieku,2019,gmina,Świątniki Górne,powiat krakowski,
253,Uniwersytety trzeciego wieku,2019,gmina,Wielka Wieś,powiat krakowski,
253,Uniwersytety trzeciego wieku,2019,gmina,Zabierzów,powiat krakowski,
253,Uniwersytety trzeciego wieku,2019,gmina,Zielonki,powiat krakowski,
253,Uniwersytety trzeciego wieku,2019,powiat,powiat limanowski,powiat limanowski,2
253,Uniwersytety trzeciego wieku,2019,gmina,Dobra,powiat limanowski,
253,Uniwersytety trzeciego wieku,2019,gmina,Jodłownik,powiat limanowski,
253,Uniwersytety trzeciego wieku,2019,gmina,Kamienica,powiat limanowski,
253,Uniwersytety trzeciego wieku,2019,gmina,Laskowa,powiat limanowski,
253,Uniwersytety trzeciego wieku,2019,gmina,Limanowa (miasto),powiat limanowski,
253,Uniwersytety trzeciego wieku,2019,gmina,Limanowa (wieś),powiat limanowski,
253,Uniwersytety trzeciego wieku,2019,gmina,Łukowica,powiat limanowski,
253,Uniwersytety trzeciego wieku,2019,gmina,Mszana Dolna (miasto),powiat limanowski,
253,Uniwersytety trzeciego wieku,2019,gmina,Mszana Dolna (wieś),powiat limanowski,
253,Uniwersytety trzeciego wieku,2019,gmina,Niedźwiedź,powiat limanowski,
253,Uniwersytety trzeciego wieku,2019,gmina,Słopnice,powiat limanowski,
253,Uniwersytety trzeciego wieku,2019,gmina,Tymbark,powiat limanowski,
253,Uniwersytety trzeciego wieku,2019,powiat,powiat m. Kraków,powiat m. Kraków,13
253,Uniwersytety trzeciego wieku,2019,powiat,powiat m. Nowy Sącz,powiat m. Nowy Sącz,1
253,Uniwersytety trzeciego wieku,2019,powiat,powiat m. Tarnów,powiat m. Tarnów,2
253,Uniwersytety trzeciego wieku,2019,powiat,powiat miechowski,powiat miechowski,2
253,Uniwersytety trzeciego wieku,2019,gmina,Charsznica,powiat miechowski,
253,Uniwersytety trzeciego wieku,2019,gmina,Gołcza,powiat miechowski,
253,Uniwersytety trzeciego wieku,2019,gmina,Kozłów,powiat miechowski,
253,Uniwersytety trzeciego wieku,2019,gmina,Książ Wielki,powiat miechowski,
253,Uniwersytety trzeciego wieku,2019,gmina,Miechów,powiat miechowski,
253,Uniwersytety trzeciego wieku,2019,gmina,Racławice,powiat miechowski,
253,Uniwersytety trzeciego wieku,2019,gmina,Słaboszów,powiat miechowski,
253,Uniwersytety trzeciego wieku,2019,powiat,powiat myślenicki,powiat myślenicki,2
253,Uniwersytety trzeciego wieku,2019,gmina,Dobczyce,powiat myślenicki,
253,Uniwersytety trzeciego wieku,2019,gmina,Lubień,powiat myślenicki,
253,Uniwersytety trzeciego wieku,2019,gmina,Myślenice,powiat myślenicki,
253,Uniwersytety trzeciego wieku,2019,gmina,Pcim,powiat myślenicki,
253,Uniwersytety trzeciego wieku,2019,gmina,Raciechowice,powiat myślenicki,
253,Uniwersytety trzeciego wieku,2019,gmina,Siepraw,powiat myślenicki,
253,Uniwersytety trzeciego wieku,2019,gmina,Sułkowice,powiat myślenicki,
253,Uniwersytety trzeciego wieku,2019,gmina,Tokarnia,powiat myślenicki,
253,Uniwersytety trzeciego wieku,2019,gmina,Wiśniowa,powiat myślenicki,
253,Uniwersytety trzeciego wieku,2019,powiat,powiat nowosądecki,powiat nowosądecki,2
253,Uniwersytety trzeciego wieku,2019,gmina,Podegrodzie,powiat nowosądecki,
253,Uniwersytety trzeciego wieku,2019,gmina,Rytro,powiat nowosądecki,
253,Uniwersytety trzeciego wieku,2019,gmina,Stary Sącz,powiat nowosądecki,
253,Uniwersytety trzeciego wieku,2019,gmina,Chełmiec,powiat nowosądecki,
253,Uniwersytety trzeciego wieku,2019,gmina,Gródek nad Dunajcem,powiat nowosądecki,
253,Uniwersytety trzeciego wieku,2019,gmina,Grybów (miasto),powiat nowosądecki,
253,Uniwersytety trzeciego wieku,2019,gmina,Grybów (wieś),powiat nowosądecki,
253,Uniwersytety trzeciego wieku,2019,gmina,Kamionka Wielka,powiat nowosądecki,
253,Uniwersytety trzeciego wieku,2019,gmina,Korzenna,powiat nowosądecki,
253,Uniwersytety trzeciego wieku,2019,gmina,Krynica-Zdrój,powiat nowosądecki,
253,Uniwersytety trzeciego wieku,2019,gmina,Łabowa,powiat nowosądecki,
253,Uniwersytety trzeciego wieku,2019,gmina,Łącko,powiat nowosądecki,
253,Uniwersytety trzeciego wieku,2019,gmina,Łososina Dolna,powiat nowosądecki,
253,Uniwersytety trzeciego wieku,2019,gmina,Muszyna,powiat nowosądecki,
253,Uniwersytety trzeciego wieku,2019,gmina,Nawojowa,powiat nowosądecki,
253,Uniwersytety trzeciego wieku,2019,gmina,Piwniczna-Zdrój,powiat nowosądecki,
253,Uniwersytety trzeciego wieku,2019,powiat,powiat nowotarski,powiat nowotarski,3
253,Uniwersytety trzeciego wieku,2019,gmina,Czarny Dunajec,powiat nowotarski,
253,Uniwersytety trzeciego wieku,2019,gmina,Czorsztyn,powiat nowotarski,
253,Uniwersytety trzeciego wieku,2019,gmina,Jabłonka,powiat nowotarski,
253,Uniwersytety trzeciego wieku,2019,gmina,Krościenko nad Dunajcem,powiat nowotarski,
253,Uniwersytety trzeciego wieku,2019,gmina,Lipnica Wielka,powiat nowotarski,
253,Uniwersytety trzeciego wieku,2019,gmina,Łapsze Niżne,powiat nowotarski,
253,Uniwersytety trzeciego wieku,2019,gmina,Nowy Targ (miasto),powiat nowotarski,
253,Uniwersytety trzeciego wieku,2019,gmina,Nowy Targ (wieś),powiat nowotarski,
253,Uniwersytety trzeciego wieku,2019,gmina,Ochotnica Dolna,powiat nowotarski,
253,Uniwersytety trzeciego wieku,2019,gmina,Raba Wyżna,powiat nowotarski,
253,Uniwersytety trzeciego wieku,2019,gmina,Rabka-Zdrój,powiat nowotarski,
253,Uniwersytety trzeciego wieku,2019,gmina,Spytkowice,powiat nowotarski,
253,Uniwersytety trzeciego wieku,2019,gmina,Szaflary,powiat nowotarski,
253,Uniwersytety trzeciego wieku,2019,gmina,Szczawnica,powiat nowotarski,
253,Uniwersytety trzeciego wieku,2019,powiat,powiat olkuski,powiat olkuski,3
253,Uniwersytety trzeciego wieku,2019,gmina,Bolesław,powiat olkuski,
253,Uniwersytety trzeciego wieku,2019,gmina,Bukowno,powiat olkuski,
253,Uniwersytety trzeciego wieku,2019,gmina,Klucze,powiat olkuski,
253,Uniwersytety trzeciego wieku,2019,gmina,Olkusz,powiat olkuski,
253,Uniwersytety trzeciego wieku,2019,gmina,Trzyciąż,powiat olkuski,
253,Uniwersytety trzeciego wieku,2019,gmina,Wolbrom,powiat olkuski,
253,Uniwersytety trzeciego wieku,2019,powiat,powiat oświęcimski,powiat oświęcimski,4
253,Uniwersytety trzeciego wieku,2019,gmina,Brzeszcze,powiat oświęcimski,
253,Uniwersytety trzeciego wieku,2019,gmina,Chełmek,powiat oświęcimski,
253,Uniwersytety trzeciego wieku,2019,gmina,Kęty,powiat oświęcimski,
253,Uniwersytety trzeciego wieku,2019,gmina,Osiek,powiat oświęcimski,
253,Uniwersytety trzeciego wieku,2019,gmina,Oświęcim (miasto),powiat oświęcimski,
253,Uniwersytety trzeciego wieku,2019,gmina,Oświęcim (wieś),powiat oświęcimski,
253,Uniwersytety trzeciego wieku,2019,gmina,Polanka Wielka,powiat oświęcimski,
253,Uniwersytety trzeciego wieku,2019,gmina,Przeciszów,powiat oświęcimski,
253,Uniwersytety trzeciego wieku,2019,gmina,Zator,powiat oświęcimski,
253,Uniwersytety trzeciego wieku,2019,powiat,powiat proszowicki,powiat proszowicki,2
253,Uniwersytety trzeciego wieku,2019,gmina,Koniusza,powiat proszowicki,
253,Uniwersytety trzeciego wieku,2019,gmina,Koszyce,powiat proszowicki,
253,Uniwersytety trzeciego wieku,2019,gmina,Nowe Brzesko,powiat proszowicki,
253,Uniwersytety trzeciego wieku,2019,gmina,Pałecznica,powiat proszowicki,
253,Uniwersytety trzeciego wieku,2019,gmina,Proszowice,powiat proszowicki,
253,Uniwersytety trzeciego wieku,2019,gmina,Radziemice,powiat proszowicki,
253,Uniwersytety trzeciego wieku,2019,powiat,powiat suski,powiat suski,2
253,Uniwersytety trzeciego wieku,2019,gmina,Budzów,powiat suski,
253,Uniwersytety trzeciego wieku,2019,gmina,Bystra-Sidzina,powiat suski,
253,Uniwersytety trzeciego wieku,2019,gmina,Jordanów (miasto),powiat suski,
253,Uniwersytety trzeciego wieku,2019,gmina,Jordanów (wieś),powiat suski,
253,Uniwersytety trzeciego wieku,2019,gmina,Maków Podhalański,powiat suski,
253,Uniwersytety trzeciego wieku,2019,gmina,Stryszawa,powiat suski,
253,Uniwersytety trzeciego wieku,2019,gmina,Sucha Beskidzka,powiat suski,
253,Uniwersytety trzeciego wieku,2019,gmina,Zawoja,powiat suski,
253,Uniwersytety trzeciego wieku,2019,gmina,Zembrzyce,powiat suski,
253,Uniwersytety trzeciego wieku,2019,powiat,powiat tarnowski,powiat tarnowski,0
253,Uniwersytety trzeciego wieku,2019,gmina,Ciężkowice,powiat tarnowski,
253,Uniwersytety trzeciego wieku,2019,gmina,Gromnik,powiat tarnowski,
253,Uniwersytety trzeciego wieku,2019,gmina,Lisia Góra,powiat tarnowski,
253,Uniwersytety trzeciego wieku,2019,gmina,Pleśna,powiat tarnowski,
253,Uniwersytety trzeciego wieku,2019,gmina,Radłów,powiat tarnowski,
253,Uniwersytety trzeciego wieku,2019,gmina,Ryglice,powiat tarnowski,
253,Uniwersytety trzeciego wieku,2019,gmina,Rzepiennik Strzyżewski,powiat tarnowski,
253,Uniwersytety trzeciego wieku,2019,gmina,Skrzyszów,powiat tarnowski,
253,Uniwersytety trzeciego wieku,2019,gmina,Szerzyny,powiat tarnowski,
253,Uniwersytety trzeciego wieku,2019,gmina,Tarnów (wieś),powiat tarnowski,
253,Uniwersytety trzeciego wieku,2019,gmina,Tuchów,powiat tarnowski,
253,Uniwersytety trzeciego wieku,2019,gmina,Wierzchosławice,powiat tarnowski,
253,Uniwersytety trzeciego wieku,2019,gmina,Wietrzychowice,powiat tarnowski,
253,Uniwersytety trzeciego wieku,2019,gmina,Wojnicz,powiat tarnowski,
253,Uniwersytety trzeciego wieku,2019,gmina,Zakliczyn,powiat tarnowski,
253,Uniwersytety trzeciego wieku,2019,gmina,Żabno,powiat tarnowski,
253,Uniwersytety trzeciego wieku,2019,powiat,powiat tatrzański,powiat tatrzański,1
253,Uniwersytety trzeciego wieku,2019,gmina,Biały Dunajec,powiat tatrzański,
253,Uniwersytety trzeciego wieku,2019,gmina,Bukowina Tatrzańska,powiat tatrzański,
253,Uniwersytety trzeciego wieku,2019,gmina,Kościelisko,powiat tatrzański,
253,Uniwersytety trzeciego wieku,2019,gmina,Poronin,powiat tatrzański,
253,Uniwersytety trzeciego wieku,2019,gmina,Zakopane,powiat tatrzański,
253,Uniwersytety trzeciego wieku,2019,powiat,powiat wadowicki,powiat wadowicki,1
253,Uniwersytety trzeciego wieku,2019,gmina,Andrychów,powiat wadowicki,
253,Uniwersytety trzeciego wieku,2019,gmina,Brzeźnica,powiat wadowicki,
253,Uniwersytety trzeciego wieku,2019,gmina,Kalwaria Zebrzydowska,powiat wadowicki,
253,Uniwersytety trzeciego wieku,2019,gmina,Lanckorona,powiat wadowicki,
253,Uniwersytety trzeciego wieku,2019,gmina,Mucharz,powiat wadowicki,
253,Uniwersytety trzeciego wieku,2019,gmina,Spytkowice,powiat wadowicki,
253,Uniwersytety trzeciego wieku,2019,gmina,Stryszów,powiat wadowicki,
253,Uniwersytety trzeciego wieku,2019,gmina,Tomice,powiat wadowicki,
253,Uniwersytety trzeciego wieku,2019,gmina,Wadowice,powiat wadowicki,
253,Uniwersytety trzeciego wieku,2019,gmina,Wieprz,powiat wadowicki,
253,Uniwersytety trzeciego wieku,2019,powiat,powiat wielicki,powiat wielicki,4
253,Uniwersytety trzeciego wieku,2019,gmina,Biskupice,powiat wielicki,
253,Uniwersytety trzeciego wieku,2019,gmina,Gdów,powiat wielicki,
253,Uniwersytety trzeciego wieku,2019,gmina,Kłaj,powiat wielicki,
253,Uniwersytety trzeciego wieku,2019,gmina,Niepołomice,powiat wielicki,
253,Uniwersytety trzeciego wieku,2019,gmina,Wieliczka,powiat wielicki,
253,Uniwersytety trzeciego wieku,2018,powiat,powiat bocheński,powiat bocheński,4
253,Uniwersytety trzeciego wieku,2018,gmina,Bochnia (miasto),powiat bocheński,
253,Uniwersytety trzeciego wieku,2018,gmina,Bochnia (wieś),powiat bocheński,
253,Uniwersytety trzeciego wieku,2018,gmina,Drwinia,powiat bocheński,
253,Uniwersytety trzeciego wieku,2018,gmina,Lipnica Murowana,powiat bocheński,
253,Uniwersytety trzeciego wieku,2018,gmina,Łapanów,powiat bocheński,
253,Uniwersytety trzeciego wieku,2018,gmina,Nowy Wiśnicz,powiat bocheński,
253,Uniwersytety trzeciego wieku,2018,gmina,Rzezawa,powiat bocheński,
253,Uniwersytety trzeciego wieku,2018,gmina,Trzciana,powiat bocheński,
253,Uniwersytety trzeciego wieku,2018,gmina,Żegocina,powiat bocheński,
253,Uniwersytety trzeciego wieku,2018,powiat,powiat brzeski,powiat brzeski,2
253,Uniwersytety trzeciego wieku,2018,gmina,Borzęcin,powiat brzeski,
253,Uniwersytety trzeciego wieku,2018,gmina,Brzesko,powiat brzeski,
253,Uniwersytety trzeciego wieku,2018,gmina,Czchów,powiat brzeski,
253,Uniwersytety trzeciego wieku,2018,gmina,Dębno,powiat brzeski,
253,Uniwersytety trzeciego wieku,2018,gmina,Gnojnik,powiat brzeski,
253,Uniwersytety trzeciego wieku,2018,gmina,Iwkowa,powiat brzeski,
253,Uniwersytety trzeciego wieku,2018,gmina,Szczurowa,powiat brzeski,
253,Uniwersytety trzeciego wieku,2018,powiat,powiat chrzanowski,powiat chrzanowski,3
253,Uniwersytety trzeciego wieku,2018,gmina,Alwernia,powiat chrzanowski,
253,Uniwersytety trzeciego wieku,2018,gmina,Babice,powiat chrzanowski,
253,Uniwersytety trzeciego wieku,2018,gmina,Chrzanów,powiat chrzanowski,
253,Uniwersytety trzeciego wieku,2018,gmina,Libiąż,powiat chrzanowski,
253,Uniwersytety trzeciego wieku,2018,gmina,Trzebinia,powiat chrzanowski,
253,Uniwersytety trzeciego wieku,2018,powiat,powiat dąbrowski,powiat dąbrowski,1
253,Uniwersytety trzeciego wieku,2018,gmina,Bolesław,powiat dąbrowski,
253,Uniwersytety trzeciego wieku,2018,gmina,Dąbrowa Tarnowska,powiat dąbrowski,
253,Uniwersytety trzeciego wieku,2018,gmina,Gręboszów,powiat dąbrowski,
253,Uniwersytety trzeciego wieku,2018,gmina,Mędrzechów,powiat dąbrowski,
253,Uniwersytety trzeciego wieku,2018,gmina,Olesno,powiat dąbrowski,
253,Uniwersytety trzeciego wieku,2018,gmina,Radgoszcz,powiat dąbrowski,
253,Uniwersytety trzeciego wieku,2018,gmina,Szczucin,powiat dąbrowski,
253,Uniwersytety trzeciego wieku,2018,powiat,powiat gorlicki,powiat gorlicki,2
253,Uniwersytety trzeciego wieku,2018,gmina,Biecz,powiat gorlicki,
253,Uniwersytety trzeciego wieku,2018,gmina,Bobowa,powiat gorlicki,
253,Uniwersytety trzeciego wieku,2018,gmina,Gorlice (miasto),powiat gorlicki,
253,Uniwersytety trzeciego wieku,2018,gmina,Gorlice (wieś),powiat gorlicki,
253,Uniwersytety trzeciego wieku,2018,gmina,Lipinki,powiat gorlicki,
253,Uniwersytety trzeciego wieku,2018,gmina,Łużna,powiat gorlicki,
253,Uniwersytety trzeciego wieku,2018,gmina,Moszczenica,powiat gorlicki,
253,Uniwersytety trzeciego wieku,2018,gmina,Ropa,powiat gorlicki,
253,Uniwersytety trzeciego wieku,2018,gmina,Sękowa,powiat gorlicki,
253,Uniwersytety trzeciego wieku,2018,gmina,Uście Gorlickie,powiat gorlicki,
253,Uniwersytety trzeciego wieku,2018,powiat,powiat krakowski,powiat krakowski,4
253,Uniwersytety trzeciego wieku,2018,gmina,Czernichów,powiat krakowski,
253,Uniwersytety trzeciego wieku,2018,gmina,Igołomia-Wawrzeńczyce,powiat krakowski,
253,Uniwersytety trzeciego wieku,2018,gmina,Iwanowice,powiat krakowski,
253,Uniwersytety trzeciego wieku,2018,gmina,Jerzmanowice-Przeginia,powiat krakowski,
253,Uniwersytety trzeciego wieku,2018,gmina,Kocmyrzów-Luborzyca,powiat krakowski,
253,Uniwersytety trzeciego wieku,2018,gmina,Krzeszowice,powiat krakowski,
253,Uniwersytety trzeciego wieku,2018,gmina,Liszki,powiat krakowski,
253,Uniwersytety trzeciego wieku,2018,gmina,Michałowice,powiat krakowski,
253,Uniwersytety trzeciego wieku,2018,gmina,Mogilany,powiat krakowski,
253,Uniwersytety trzeciego wieku,2018,gmina,Skała,powiat krakowski,
253,Uniwersytety trzeciego wieku,2018,gmina,Skawina,powiat krakowski,
253,Uniwersytety trzeciego wieku,2018,gmina,Słomniki,powiat krakowski,
253,Uniwersytety trzeciego wieku,2018,gmina,Sułoszowa,powiat krakowski,
253,Uniwersytety trzeciego wieku,2018,gmina,Świątniki Górne,powiat krakowski,
253,Uniwersytety trzeciego wieku,2018,gmina,Wielka Wieś,powiat krakowski,
253,Uniwersytety trzeciego wieku,2018,gmina,Zabierzów,powiat krakowski,
253,Uniwersytety trzeciego wieku,2018,gmina,Zielonki,powiat krakowski,
253,Uniwersytety trzeciego wieku,2018,powiat,powiat limanowski,powiat limanowski,2
253,Uniwersytety trzeciego wieku,2018,gmina,Dobra,powiat limanowski,
253,Uniwersytety trzeciego wieku,2018,gmina,Jodłownik,powiat limanowski,
253,Uniwersytety trzeciego wieku,2018,gmina,Kamienica,powiat limanowski,
253,Uniwersytety trzeciego wieku,2018,gmina,Laskowa,powiat limanowski,
253,Uniwersytety trzeciego wieku,2018,gmina,Limanowa (miasto),powiat limanowski,
253,Uniwersytety trzeciego wieku,2018,gmina,Limanowa (wieś),powiat limanowski,
253,Uniwersytety trzeciego wieku,2018,gmina,Łukowica,powiat limanowski,
253,Uniwersytety trzeciego wieku,2018,gmina,Mszana Dolna (miasto),powiat limanowski,
253,Uniwersytety trzeciego wieku,2018,gmina,Mszana Dolna (wieś),powiat limanowski,
253,Uniwersytety trzeciego wieku,2018,gmina,Niedźwiedź,powiat limanowski,
253,Uniwersytety trzeciego wieku,2018,gmina,Słopnice,powiat limanowski,
253,Uniwersytety trzeciego wieku,2018,gmina,Tymbark,powiat limanowski,
253,Uniwersytety trzeciego wieku,2018,powiat,powiat m. Kraków,powiat m. Kraków,13
253,Uniwersytety trzeciego wieku,2018,powiat,powiat m. Nowy Sącz,powiat m. Nowy Sącz,1
253,Uniwersytety trzeciego wieku,2018,powiat,powiat m. Tarnów,powiat m. Tarnów,2
253,Uniwersytety trzeciego wieku,2018,powiat,powiat miechowski,powiat miechowski,2
253,Uniwersytety trzeciego wieku,2018,gmina,Charsznica,powiat miechowski,
253,Uniwersytety trzeciego wieku,2018,gmina,Gołcza,powiat miechowski,
253,Uniwersytety trzeciego wieku,2018,gmina,Kozłów,powiat miechowski,
253,Uniwersytety trzeciego wieku,2018,gmina,Książ Wielki,powiat miechowski,
253,Uniwersytety trzeciego wieku,2018,gmina,Miechów,powiat miechowski,
253,Uniwersytety trzeciego wieku,2018,gmina,Racławice,powiat miechowski,
253,Uniwersytety trzeciego wieku,2018,gmina,Słaboszów,powiat miechowski,
253,Uniwersytety trzeciego wieku,2018,powiat,powiat myślenicki,powiat myślenicki,2
253,Uniwersytety trzeciego wieku,2018,gmina,Dobczyce,powiat myślenicki,
253,Uniwersytety trzeciego wieku,2018,gmina,Lubień,powiat myślenicki,
253,Uniwersytety trzeciego wieku,2018,gmina,Myślenice,powiat myślenicki,
253,Uniwersytety trzeciego wieku,2018,gmina,Pcim,powiat myślenicki,
253,Uniwersytety trzeciego wieku,2018,gmina,Raciechowice,powiat myślenicki,
253,Uniwersytety trzeciego wieku,2018,gmina,Siepraw,powiat myślenicki,
253,Uniwersytety trzeciego wieku,2018,gmina,Sułkowice,powiat myślenicki,
253,Uniwersytety trzeciego wieku,2018,gmina,Tokarnia,powiat myślenicki,
253,Uniwersytety trzeciego wieku,2018,gmina,Wiśniowa,powiat myślenicki,
253,Uniwersytety trzeciego wieku,2018,powiat,powiat nowosądecki,powiat nowosądecki,2
253,Uniwersytety trzeciego wieku,2018,gmina,Podegrodzie,powiat nowosądecki,
253,Uniwersytety trzeciego wieku,2018,gmina,Rytro,powiat nowosądecki,
253,Uniwersytety trzeciego wieku,2018,gmina,Stary Sącz,powiat nowosądecki,
253,Uniwersytety trzeciego wieku,2018,gmina,Chełmiec,powiat nowosądecki,
253,Uniwersytety trzeciego wieku,2018,gmina,Gródek nad Dunajcem,powiat nowosądecki,
253,Uniwersytety trzeciego wieku,2018,gmina,Grybów (miasto),powiat nowosądecki,
253,Uniwersytety trzeciego wieku,2018,gmina,Grybów (wieś),powiat nowosądecki,
253,Uniwersytety trzeciego wieku,2018,gmina,Kamionka Wielka,powiat nowosądecki,
253,Uniwersytety trzeciego wieku,2018,gmina,Korzenna,powiat nowosądecki,
253,Uniwersytety trzeciego wieku,2018,gmina,Krynica-Zdrój,powiat nowosądecki,
253,Uniwersytety trzeciego wieku,2018,gmina,Łabowa,powiat nowosądecki,
253,Uniwersytety trzeciego wieku,2018,gmina,Łącko,powiat nowosądecki,
253,Uniwersytety trzeciego wieku,2018,gmina,Łososina Dolna,powiat nowosądecki,
253,Uniwersytety trzeciego wieku,2018,gmina,Muszyna,powiat nowosądecki,
253,Uniwersytety trzeciego wieku,2018,gmina,Nawojowa,powiat nowosądecki,
253,Uniwersytety trzeciego wieku,2018,gmina,Piwniczna-Zdrój,powiat nowosądecki,
253,Uniwersytety trzeciego wieku,2018,powiat,powiat nowotarski,powiat nowotarski,3
253,Uniwersytety trzeciego wieku,2018,gmina,Czarny Dunajec,powiat nowotarski,
253,Uniwersytety trzeciego wieku,2018,gmina,Czorsztyn,powiat nowotarski,
253,Uniwersytety trzeciego wieku,2018,gmina,Jabłonka,powiat nowotarski,
253,Uniwersytety trzeciego wieku,2018,gmina,Krościenko nad Dunajcem,powiat nowotarski,
253,Uniwersytety trzeciego wieku,2018,gmina,Lipnica Wielka,powiat nowotarski,
253,Uniwersytety trzeciego wieku,2018,gmina,Łapsze Niżne,powiat nowotarski,
253,Uniwersytety trzeciego wieku,2018,gmina,Nowy Targ (miasto),powiat nowotarski,
253,Uniwersytety trzeciego wieku,2018,gmina,Nowy Targ (wieś),powiat nowotarski,
253,Uniwersytety trzeciego wieku,2018,gmina,Ochotnica Dolna,powiat nowotarski,
253,Uniwersytety trzeciego wieku,2018,gmina,Raba Wyżna,powiat nowotarski,
253,Uniwersytety trzeciego wieku,2018,gmina,Rabka-Zdrój,powiat nowotarski,
253,Uniwersytety trzeciego wieku,2018,gmina,Spytkowice,powiat nowotarski,
253,Uniwersytety trzeciego wieku,2018,gmina,Szaflary,powiat nowotarski,
253,Uniwersytety trzeciego wieku,2018,gmina,Szczawnica,powiat nowotarski,
253,Uniwersytety trzeciego wieku,2018,powiat,powiat olkuski,powiat olkuski,3
253,Uniwersytety trzeciego wieku,2018,gmina,Bolesław,powiat olkuski,
253,Uniwersytety trzeciego wieku,2018,gmina,Bukowno,powiat olkuski,
253,Uniwersytety trzeciego wieku,2018,gmina,Klucze,powiat olkuski,
253,Uniwersytety trzeciego wieku,2018,gmina,Olkusz,powiat olkuski,
253,Uniwersytety trzeciego wieku,2018,gmina,Trzyciąż,powiat olkuski,
253,Uniwersytety trzeciego wieku,2018,gmina,Wolbrom,powiat olkuski,
253,Uniwersytety trzeciego wieku,2018,powiat,powiat oświęcimski,powiat oświęcimski,4
253,Uniwersytety trzeciego wieku,2018,gmina,Brzeszcze,powiat oświęcimski,
253,Uniwersytety trzeciego wieku,2018,gmina,Chełmek,powiat oświęcimski,
253,Uniwersytety trzeciego wieku,2018,gmina,Kęty,powiat oświęcimski,
253,Uniwersytety trzeciego wieku,2018,gmina,Osiek,powiat oświęcimski,
253,Uniwersytety trzeciego wieku,2018,gmina,Oświęcim (miasto),powiat oświęcimski,
253,Uniwersytety trzeciego wieku,2018,gmina,Oświęcim (wieś),powiat oświęcimski,
253,Uniwersytety trzeciego wieku,2018,gmina,Polanka Wielka,powiat oświęcimski,
253,Uniwersytety trzeciego wieku,2018,gmina,Przeciszów,powiat oświęcimski,
253,Uniwersytety trzeciego wieku,2018,gmina,Zator,powiat oświęcimski,
253,Uniwersytety trzeciego wieku,2018,powiat,powiat proszowicki,powiat proszowicki,2
253,Uniwersytety trzeciego wieku,2018,gmina,Koniusza,powiat proszowicki,
253,Uniwersytety trzeciego wieku,2018,gmina,Koszyce,powiat proszowicki,
253,Uniwersytety trzeciego wieku,2018,gmina,Nowe Brzesko,powiat proszowicki,
253,Uniwersytety trzeciego wieku,2018,gmina,Pałecznica,powiat proszowicki,
253,Uniwersytety trzeciego wieku,2018,gmina,Proszowice,powiat proszowicki,
253,Uniwersytety trzeciego wieku,2018,gmina,Radziemice,powiat proszowicki,
253,Uniwersytety trzeciego wieku,2018,powiat,powiat suski,powiat suski,2
253,Uniwersytety trzeciego wieku,2018,gmina,Budzów,powiat suski,
253,Uniwersytety trzeciego wieku,2018,gmina,Bystra-Sidzina,powiat suski,
253,Uniwersytety trzeciego wieku,2018,gmina,Jordanów (miasto),powiat suski,
253,Uniwersytety trzeciego wieku,2018,gmina,Jordanów (wieś),powiat suski,
253,Uniwersytety trzeciego wieku,2018,gmina,Maków Podhalański,powiat suski,
253,Uniwersytety trzeciego wieku,2018,gmina,Stryszawa,powiat suski,
253,Uniwersytety trzeciego wieku,2018,gmina,Sucha Beskidzka,powiat suski,
253,Uniwersytety trzeciego wieku,2018,gmina,Zawoja,powiat suski,
253,Uniwersytety trzeciego wieku,2018,gmina,Zembrzyce,powiat suski,
253,Uniwersytety trzeciego wieku,2018,powiat,powiat tarnowski,powiat tarnowski,0
253,Uniwersytety trzeciego wieku,2018,gmina,Ciężkowice,powiat tarnowski,
253,Uniwersytety trzeciego wieku,2018,gmina,Gromnik,powiat tarnowski,
253,Uniwersytety trzeciego wieku,2018,gmina,Lisia Góra,powiat tarnowski,
253,Uniwersytety trzeciego wieku,2018,gmina,Pleśna,powiat tarnowski,
253,Uniwersytety trzeciego wieku,2018,gmina,Radłów,powiat tarnowski,
253,Uniwersytety trzeciego wieku,2018,gmina,Ryglice,powiat tarnowski,
253,Uniwersytety trzeciego wieku,2018,gmina,Rzepiennik Strzyżewski,powiat tarnowski,
253,Uniwersytety trzeciego wieku,2018,gmina,Skrzyszów,powiat tarnowski,
253,Uniwersytety trzeciego wieku,2018,gmina,Szerzyny,powiat tarnowski,
253,Uniwersytety trzeciego wieku,2018,gmina,Tarnów (wieś),powiat tarnowski,
253,Uniwersytety trzeciego wieku,2018,gmina,Tuchów,powiat tarnowski,
253,Uniwersytety trzeciego wieku,2018,gmina,Wierzchosławice,powiat tarnowski,
253,Uniwersytety trzeciego wieku,2018,gmina,Wietrzychowice,powiat tarnowski,
253,Uniwersytety trzeciego wieku,2018,gmina,Wojnicz,powiat tarnowski,
253,Uniwersytety trzeciego wieku,2018,gmina,Zakliczyn,powiat tarnowski,
253,Uniwersytety trzeciego wieku,2018,gmina,Żabno,powiat tarnowski,
253,Uniwersytety trzeciego wieku,2018,powiat,powiat tatrzański,powiat tatrzański,1
253,Uniwersytety trzeciego wieku,2018,gmina,Biały Dunajec,powiat tatrzański,
253,Uniwersytety trzeciego wieku,2018,gmina,Bukowina Tatrzańska,powiat tatrzański,
253,Uniwersytety trzeciego wieku,2018,gmina,Kościelisko,powiat tatrzański,
253,Uniwersytety trzeciego wieku,2018,gmina,Poronin,powiat tatrzański,
253,Uniwersytety trzeciego wieku,2018,gmina,Zakopane,powiat tatrzański,
253,Uniwersytety trzeciego wieku,2018,powiat,powiat wadowicki,powiat wadowicki,1
253,Uniwersytety trzeciego wieku,2018,gmina,Andrychów,powiat wadowicki,
253,Uniwersytety trzeciego wieku,2018,gmina,Brzeźnica,powiat wadowicki,
253,Uniwersytety trzeciego wieku,2018,gmina,Kalwaria Zebrzydowska,powiat wadowicki,
253,Uniwersytety trzeciego wieku,2018,gmina,Lanckorona,powiat wadowicki,
253,Uniwersytety trzeciego wieku,2018,gmina,Mucharz,powiat wadowicki,
253,Uniwersytety trzeciego wieku,2018,gmina,Spytkowice,powiat wadowicki,
253,Uniwersytety trzeciego wieku,2018,gmina,Stryszów,powiat wadowicki,
253,Uniwersytety trzeciego wieku,2018,gmina,Tomice,powiat wadowicki,
253,Uniwersytety trzeciego wieku,2018,gmina,Wadowice,powiat wadowicki,
253,Uniwersytety trzeciego wieku,2018,gmina,Wieprz,powiat wadowicki,
253,Uniwersytety trzeciego wieku,2018,powiat,powiat wielicki,powiat wielicki,4
253,Uniwersytety trzeciego wieku,2018,gmina,Biskupice,powiat wielicki,
253,Uniwersytety trzeciego wieku,2018,gmina,Gdów,powiat wielicki,
253,Uniwersytety trzeciego wieku,2018,gmina,Kłaj,powiat wielicki,
253,Uniwersytety trzeciego wieku,2018,gmina,Niepołomice,powiat wielicki,
253,Uniwersytety trzeciego wieku,2018,gmina,Wieliczka,powiat wielicki,
253,Uniwersytety trzeciego wieku,2017,powiat,powiat bocheński,powiat bocheński,4
253,Uniwersytety trzeciego wieku,2017,gmina,Bochnia (miasto),powiat bocheński,
253,Uniwersytety trzeciego wieku,2017,gmina,Bochnia (wieś),powiat bocheński,
253,Uniwersytety trzeciego wieku,2017,gmina,Drwinia,powiat bocheński,
253,Uniwersytety trzeciego wieku,2017,gmina,Lipnica Murowana,powiat bocheński,
253,Uniwersytety trzeciego wieku,2017,gmina,Łapanów,powiat bocheński,
253,Uniwersytety trzeciego wieku,2017,gmina,Nowy Wiśnicz,powiat bocheński,
253,Uniwersytety trzeciego wieku,2017,gmina,Rzezawa,powiat bocheński,
253,Uniwersytety trzeciego wieku,2017,gmina,Trzciana,powiat bocheński,
253,Uniwersytety trzeciego wieku,2017,gmina,Żegocina,powiat bocheński,
253,Uniwersytety trzeciego wieku,2017,powiat,powiat brzeski,powiat brzeski,2
253,Uniwersytety trzeciego wieku,2017,gmina,Borzęcin,powiat brzeski,
253,Uniwersytety trzeciego wieku,2017,gmina,Brzesko,powiat brzeski,
253,Uniwersytety trzeciego wieku,2017,gmina,Czchów,powiat brzeski,
253,Uniwersytety trzeciego wieku,2017,gmina,Dębno,powiat brzeski,
253,Uniwersytety trzeciego wieku,2017,gmina,Gnojnik,powiat brzeski,
253,Uniwersytety trzeciego wieku,2017,gmina,Iwkowa,powiat brzeski,
253,Uniwersytety trzeciego wieku,2017,gmina,Szczurowa,powiat brzeski,
253,Uniwersytety trzeciego wieku,2017,powiat,powiat chrzanowski,powiat chrzanowski,3
253,Uniwersytety trzeciego wieku,2017,gmina,Alwernia,powiat chrzanowski,
253,Uniwersytety trzeciego wieku,2017,gmina,Babice,powiat chrzanowski,
253,Uniwersytety trzeciego wieku,2017,gmina,Chrzanów,powiat chrzanowski,
253,Uniwersytety trzeciego wieku,2017,gmina,Libiąż,powiat chrzanowski,
253,Uniwersytety trzeciego wieku,2017,gmina,Trzebinia,powiat chrzanowski,
253,Uniwersytety trzeciego wieku,2017,powiat,powiat dąbrowski,powiat dąbrowski,1
253,Uniwersytety trzeciego wieku,2017,gmina,Bolesław,powiat dąbrowski,
253,Uniwersytety trzeciego wieku,2017,gmina,Dąbrowa Tarnowska,powiat dąbrowski,
253,Uniwersytety trzeciego wieku,2017,gmina,Gręboszów,powiat dąbrowski,
253,Uniwersytety trzeciego wieku,2017,gmina,Mędrzechów,powiat dąbrowski,
253,Uniwersytety trzeciego wieku,2017,gmina,Olesno,powiat dąbrowski,
253,Uniwersytety trzeciego wieku,2017,gmina,Radgoszcz,powiat dąbrowski,
253,Uniwersytety trzeciego wieku,2017,gmina,Szczucin,powiat dąbrowski,
253,Uniwersytety trzeciego wieku,2017,powiat,powiat gorlicki,powiat gorlicki,2
253,Uniwersytety trzeciego wieku,2017,gmina,Biecz,powiat gorlicki,
253,Uniwersytety trzeciego wieku,2017,gmina,Bobowa,powiat gorlicki,
253,Uniwersytety trzeciego wieku,2017,gmina,Gorlice (miasto),powiat gorlicki,
253,Uniwersytety trzeciego wieku,2017,gmina,Gorlice (wieś),powiat gorlicki,
253,Uniwersytety trzeciego wieku,2017,gmina,Lipinki,powiat gorlicki,
253,Uniwersytety trzeciego wieku,2017,gmina,Łużna,powiat gorlicki,
253,Uniwersytety trzeciego wieku,2017,gmina,Moszczenica,powiat gorlicki,
253,Uniwersytety trzeciego wieku,2017,gmina,Ropa,powiat gorlicki,
253,Uniwersytety trzeciego wieku,2017,gmina,Sękowa,powiat gorlicki,
253,Uniwersytety trzeciego wieku,2017,gmina,Uście Gorlickie,powiat gorlicki,
253,Uniwersytety trzeciego wieku,2017,powiat,powiat krakowski,powiat krakowski,4
253,Uniwersytety trzeciego wieku,2017,gmina,Czernichów,powiat krakowski,
253,Uniwersytety trzeciego wieku,2017,gmina,Igołomia-Wawrzeńczyce,powiat krakowski,
253,Uniwersytety trzeciego wieku,2017,gmina,Iwanowice,powiat krakowski,
253,Uniwersytety trzeciego wieku,2017,gmina,Jerzmanowice-Przeginia,powiat krakowski,
253,Uniwersytety trzeciego wieku,2017,gmina,Kocmyrzów-Luborzyca,powiat krakowski,
253,Uniwersytety trzeciego wieku,2017,gmina,Krzeszowice,powiat krakowski,
253,Uniwersytety trzeciego wieku,2017,gmina,Liszki,powiat krakowski,
253,Uniwersytety trzeciego wieku,2017,gmina,Michałowice,powiat krakowski,
253,Uniwersytety trzeciego wieku,2017,gmina,Mogilany,powiat krakowski,
253,Uniwersytety trzeciego wieku,2017,gmina,Skała,powiat krakowski,
253,Uniwersytety trzeciego wieku,2017,gmina,Skawina,powiat krakowski,
253,Uniwersytety trzeciego wieku,2017,gmina,Słomniki,powiat krakowski,
253,Uniwersytety trzeciego wieku,2017,gmina,Sułoszowa,powiat krakowski,
253,Uniwersytety trzeciego wieku,2017,gmina,Świątniki Górne,powiat krakowski,
253,Uniwersytety trzeciego wieku,2017,gmina,Wielka Wieś,powiat krakowski,
253,Uniwersytety trzeciego wieku,2017,gmina,Zabierzów,powiat krakowski,
253,Uniwersytety trzeciego wieku,2017,gmina,Zielonki,powiat krakowski,
253,Uniwersytety trzeciego wieku,2017,powiat,powiat limanowski,powiat limanowski,2
253,Uniwersytety trzeciego wieku,2017,gmina,Dobra,powiat limanowski,
253,Uniwersytety trzeciego wieku,2017,gmina,Jodłownik,powiat limanowski,
253,Uniwersytety trzeciego wieku,2017,gmina,Kamienica,powiat limanowski,
253,Uniwersytety trzeciego wieku,2017,gmina,Laskowa,powiat limanowski,
253,Uniwersytety trzeciego wieku,2017,gmina,Limanowa (miasto),powiat limanowski,
253,Uniwersytety trzeciego wieku,2017,gmina,Limanowa (wieś),powiat limanowski,
253,Uniwersytety trzeciego wieku,2017,gmina,Łukowica,powiat limanowski,
253,Uniwersytety trzeciego wieku,2017,gmina,Mszana Dolna (miasto),powiat limanowski,
253,Uniwersytety trzeciego wieku,2017,gmina,Mszana Dolna (wieś),powiat limanowski,
253,Uniwersytety trzeciego wieku,2017,gmina,Niedźwiedź,powiat limanowski,
253,Uniwersytety trzeciego wieku,2017,gmina,Słopnice,powiat limanowski,
253,Uniwersytety trzeciego wieku,2017,gmina,Tymbark,powiat limanowski,
253,Uniwersytety trzeciego wieku,2017,powiat,powiat m. Kraków,powiat m. Kraków,12
253,Uniwersytety trzeciego wieku,2017,powiat,powiat m. Nowy Sącz,powiat m. Nowy Sącz,1
253,Uniwersytety trzeciego wieku,2017,powiat,powiat m. Tarnów,powiat m. Tarnów,2
253,Uniwersytety trzeciego wieku,2017,powiat,powiat miechowski,powiat miechowski,2
253,Uniwersytety trzeciego wieku,2017,gmina,Charsznica,powiat miechowski,
253,Uniwersytety trzeciego wieku,2017,gmina,Gołcza,powiat miechowski,
253,Uniwersytety trzeciego wieku,2017,gmina,Kozłów,powiat miechowski,
253,Uniwersytety trzeciego wieku,2017,gmina,Książ Wielki,powiat miechowski,
253,Uniwersytety trzeciego wieku,2017,gmina,Miechów,powiat miechowski,
253,Uniwersytety trzeciego wieku,2017,gmina,Racławice,powiat miechowski,
253,Uniwersytety trzeciego wieku,2017,gmina,Słaboszów,powiat miechowski,
253,Uniwersytety trzeciego wieku,2017,powiat,powiat myślenicki,powiat myślenicki,2
253,Uniwersytety trzeciego wieku,2017,gmina,Dobczyce,powiat myślenicki,
253,Uniwersytety trzeciego wieku,2017,gmina,Lubień,powiat myślenicki,
253,Uniwersytety trzeciego wieku,2017,gmina,Myślenice,powiat myślenicki,
253,Uniwersytety trzeciego wieku,2017,gmina,Pcim,powiat myślenicki,
253,Uniwersytety trzeciego wieku,2017,gmina,Raciechowice,powiat myślenicki,
253,Uniwersytety trzeciego wieku,2017,gmina,Siepraw,powiat myślenicki,
253,Uniwersytety trzeciego wieku,2017,gmina,Sułkowice,powiat myślenicki,
253,Uniwersytety trzeciego wieku,2017,gmina,Tokarnia,powiat myślenicki,
253,Uniwersytety trzeciego wieku,2017,gmina,Wiśniowa,powiat myślenicki,
253,Uniwersytety trzeciego wieku,2017,powiat,powiat nowosądecki,powiat nowosądecki,2
253,Uniwersytety trzeciego wieku,2017,gmina,Podegrodzie,powiat nowosądecki,
253,Uniwersytety trzeciego wieku,2017,gmina,Rytro,powiat nowosądecki,
253,Uniwersytety trzeciego wieku,2017,gmina,Stary Sącz,powiat nowosądecki,
253,Uniwersytety trzeciego wieku,2017,gmina,Chełmiec,powiat nowosądecki,
253,Uniwersytety trzeciego wieku,2017,gmina,Gródek nad Dunajcem,powiat nowosądecki,
253,Uniwersytety trzeciego wieku,2017,gmina,Grybów (miasto),powiat nowosądecki,
253,Uniwersytety trzeciego wieku,2017,gmina,Grybów (wieś),powiat nowosądecki,
253,Uniwersytety trzeciego wieku,2017,gmina,Kamionka Wielka,powiat nowosądecki,
253,Uniwersytety trzeciego wieku,2017,gmina,Korzenna,powiat nowosądecki,
253,Uniwersytety trzeciego wieku,2017,gmina,Krynica-Zdrój,powiat nowosądecki,
253,Uniwersytety trzeciego wieku,2017,gmina,Łabowa,powiat nowosądecki,
253,Uniwersytety trzeciego wieku,2017,gmina,Łącko,powiat nowosądecki,
253,Uniwersytety trzeciego wieku,2017,gmina,Łososina Dolna,powiat nowosądecki,
253,Uniwersytety trzeciego wieku,2017,gmina,Muszyna,powiat nowosądecki,
253,Uniwersytety trzeciego wieku,2017,gmina,Nawojowa,powiat nowosądecki,
253,Uniwersytety trzeciego wieku,2017,gmina,Piwniczna-Zdrój,powiat nowosądecki,
253,Uniwersytety trzeciego wieku,2017,powiat,powiat nowotarski,powiat nowotarski,2
253,Uniwersytety trzeciego wieku,2017,gmina,Czarny Dunajec,powiat nowotarski,
253,Uniwersytety trzeciego wieku,2017,gmina,Czorsztyn,powiat nowotarski,
253,Uniwersytety trzeciego wieku,2017,gmina,Jabłonka,powiat nowotarski,
253,Uniwersytety trzeciego wieku,2017,gmina,Krościenko nad Dunajcem,powiat nowotarski,
253,Uniwersytety trzeciego wieku,2017,gmina,Lipnica Wielka,powiat nowotarski,
253,Uniwersytety trzeciego wieku,2017,gmina,Łapsze Niżne,powiat nowotarski,
253,Uniwersytety trzeciego wieku,2017,gmina,Nowy Targ (miasto),powiat nowotarski,
253,Uniwersytety trzeciego wieku,2017,gmina,Nowy Targ (wieś),powiat nowotarski,
253,Uniwersytety trzeciego wieku,2017,gmina,Ochotnica Dolna,powiat nowotarski,
253,Uniwersytety trzeciego wieku,2017,gmina,Raba Wyżna,powiat nowotarski,
253,Uniwersytety trzeciego wieku,2017,gmina,Rabka-Zdrój,powiat nowotarski,
253,Uniwersytety trzeciego wieku,2017,gmina,Spytkowice,powiat nowotarski,
253,Uniwersytety trzeciego wieku,2017,gmina,Szaflary,powiat nowotarski,
253,Uniwersytety trzeciego wieku,2017,gmina,Szczawnica,powiat nowotarski,
253,Uniwersytety trzeciego wieku,2017,powiat,powiat olkuski,powiat olkuski,3
253,Uniwersytety trzeciego wieku,2017,gmina,Bolesław,powiat olkuski,
253,Uniwersytety trzeciego wieku,2017,gmina,Bukowno,powiat olkuski,
253,Uniwersytety trzeciego wieku,2017,gmina,Klucze,powiat olkuski,
253,Uniwersytety trzeciego wieku,2017,gmina,Olkusz,powiat olkuski,
253,Uniwersytety trzeciego wieku,2017,gmina,Trzyciąż,powiat olkuski,
253,Uniwersytety trzeciego wieku,2017,gmina,Wolbrom,powiat olkuski,
253,Uniwersytety trzeciego wieku,2017,powiat,powiat oświęcimski,powiat oświęcimski,4
253,Uniwersytety trzeciego wieku,2017,gmina,Brzeszcze,powiat oświęcimski,
253,Uniwersytety trzeciego wieku,2017,gmina,Chełmek,powiat oświęcimski,
253,Uniwersytety trzeciego wieku,2017,gmina,Kęty,powiat oświęcimski,
253,Uniwersytety trzeciego wieku,2017,gmina,Osiek,powiat oświęcimski,
253,Uniwersytety trzeciego wieku,2017,gmina,Oświęcim (miasto),powiat oświęcimski,
253,Uniwersytety trzeciego wieku,2017,gmina,Oświęcim (wieś),powiat oświęcimski,
253,Uniwersytety trzeciego wieku,2017,gmina,Polanka Wielka,powiat oświęcimski,
253,Uniwersytety trzeciego wieku,2017,gmina,Przeciszów,powiat oświęcimski,
253,Uniwersytety trzeciego wieku,2017,gmina,Zator,powiat oświęcimski,
253,Uniwersytety trzeciego wieku,2017,powiat,powiat proszowicki,powiat proszowicki,2
253,Uniwersytety trzeciego wieku,2017,gmina,Koniusza,powiat proszowicki,
253,Uniwersytety trzeciego wieku,2017,gmina,Koszyce,powiat proszowicki,
253,Uniwersytety trzeciego wieku,2017,gmina,Nowe Brzesko,powiat proszowicki,
253,Uniwersytety trzeciego wieku,2017,gmina,Pałecznica,powiat proszowicki,
253,Uniwersytety trzeciego wieku,2017,gmina,Proszowice,powiat proszowicki,
253,Uniwersytety trzeciego wieku,2017,gmina,Radziemice,powiat proszowicki,
253,Uniwersytety trzeciego wieku,2017,powiat,powiat suski,powiat suski,2
253,Uniwersytety trzeciego wieku,2017,gmina,Budzów,powiat suski,
253,Uniwersytety trzeciego wieku,2017,gmina,Bystra-Sidzina,powiat suski,
253,Uniwersytety trzeciego wieku,2017,gmina,Jordanów (miasto),powiat suski,
253,Uniwersytety trzeciego wieku,2017,gmina,Jordanów (wieś),powiat suski,
253,Uniwersytety trzeciego wieku,2017,gmina,Maków Podhalański,powiat suski,
253,Uniwersytety trzeciego wieku,2017,gmina,Stryszawa,powiat suski,
253,Uniwersytety trzeciego wieku,2017,gmina,Sucha Beskidzka,powiat suski,
253,Uniwersytety trzeciego wieku,2017,gmina,Zawoja,powiat suski,
253,Uniwersytety trzeciego wieku,2017,gmina,Zembrzyce,powiat suski,
253,Uniwersytety trzeciego wieku,2017,powiat,powiat tarnowski,powiat tarnowski,0
253,Uniwersytety trzeciego wieku,2017,gmina,Ciężkowice,powiat tarnowski,
253,Uniwersytety trzeciego wieku,2017,gmina,Gromnik,powiat tarnowski,
253,Uniwersytety trzeciego wieku,2017,gmina,Lisia Góra,powiat tarnowski,
253,Uniwersytety trzeciego wieku,2017,gmina,Pleśna,powiat tarnowski,
253,Uniwersytety trzeciego wieku,2017,gmina,Radłów,powiat tarnowski,
253,Uniwersytety trzeciego wieku,2017,gmina,Ryglice,powiat tarnowski,
253,Uniwersytety trzeciego wieku,2017,gmina,Rzepiennik Strzyżewski,powiat tarnowski,
253,Uniwersytety trzeciego wieku,2017,gmina,Skrzyszów,powiat tarnowski,
253,Uniwersytety trzeciego wieku,2017,gmina,Szerzyny,powiat tarnowski,
253,Uniwersytety trzeciego wieku,2017,gmina,Tarnów (wieś),powiat tarnowski,
253,Uniwersytety trzeciego wieku,2017,gmina,Tuchów,powiat tarnowski,
253,Uniwersytety trzeciego wieku,2017,gmina,Wierzchosławice,powiat tarnowski,
253,Uniwersytety trzeciego wieku,2017,gmina,Wietrzychowice,powiat tarnowski,
253,Uniwersytety trzeciego wieku,2017,gmina,Wojnicz,powiat tarnowski,
253,Uniwersytety trzeciego wieku,2017,gmina,Zakliczyn,powiat tarnowski,
253,Uniwersytety trzeciego wieku,2017,gmina,Żabno,powiat tarnowski,
253,Uniwersytety trzeciego wieku,2017,powiat,powiat tatrzański,powiat tatrzański,1
253,Uniwersytety trzeciego wieku,2017,gmina,Biały Dunajec,powiat tatrzański,
253,Uniwersytety trzeciego wieku,2017,gmina,Bukowina Tatrzańska,powiat tatrzański,
253,Uniwersytety trzeciego wieku,2017,gmina,Kościelisko,powiat tatrzański,
253,Uniwersytety trzeciego wieku,2017,gmina,Poronin,powiat tatrzański,
253,Uniwersytety trzeciego wieku,2017,gmina,Zakopane,powiat tatrzański,
253,Uniwersytety trzeciego wieku,2017,powiat,powiat wadowicki,powiat wadowicki,1
253,Uniwersytety trzeciego wieku,2017,gmina,Andrychów,powiat wadowicki,
253,Uniwersytety trzeciego wieku,2017,gmina,Brzeźnica,powiat wadowicki,
253,Uniwersytety trzeciego wieku,2017,gmina,Kalwaria Zebrzydowska,powiat wadowicki,
253,Uniwersytety trzeciego wieku,2017,gmina,Lanckorona,powiat wadowicki,
253,Uniwersytety trzeciego wieku,2017,gmina,Mucharz,powiat wadowicki,
253,Uniwersytety trzeciego wieku,2017,gmina,Spytkowice,powiat wadowicki,
253,Uniwersytety trzeciego wieku,2017,gmina,Stryszów,powiat wadowicki,
253,Uniwersytety trzeciego wieku,2017,gmina,Tomice,powiat wadowicki,
253,Uniwersytety trzeciego wieku,2017,gmina,Wadowice,powiat wadowicki,
253,Uniwersytety trzeciego wieku,2017,gmina,Wieprz,powiat wadowicki,
253,Uniwersytety trzeciego wieku,2017,powiat,powiat wielicki,powiat wielicki,4
253,Uniwersytety trzeciego wieku,2017,gmina,Biskupice,powiat wielicki,
253,Uniwersytety trzeciego wieku,2017,gmina,Gdów,powiat wielicki,
253,Uniwersytety trzeciego wieku,2017,gmina,Kłaj,powiat wielicki,
253,Uniwersytety trzeciego wieku,2017,gmina,Niepołomice,powiat wielicki,
253,Uniwersytety trzeciego wieku,2017,gmina,Wieliczka,powiat wielicki,
253,Uniwersytety trzeciego wieku,2016,powiat,powiat bocheński,powiat bocheński,4
253,Uniwersytety trzeciego wieku,2016,gmina,Bochnia (miasto),powiat bocheński,
253,Uniwersytety trzeciego wieku,2016,gmina,Bochnia (wieś),powiat bocheński,
253,Uniwersytety trzeciego wieku,2016,gmina,Drwinia,powiat bocheński,
253,Uniwersytety trzeciego wieku,2016,gmina,Lipnica Murowana,powiat bocheński,
253,Uniwersytety trzeciego wieku,2016,gmina,Łapanów,powiat bocheński,
253,Uniwersytety trzeciego wieku,2016,gmina,Nowy Wiśnicz,powiat bocheński,
253,Uniwersytety trzeciego wieku,2016,gmina,Rzezawa,powiat bocheński,
253,Uniwersytety trzeciego wieku,2016,gmina,Trzciana,powiat bocheński,
253,Uniwersytety trzeciego wieku,2016,gmina,Żegocina,powiat bocheński,
253,Uniwersytety trzeciego wieku,2016,powiat,powiat brzeski,powiat brzeski,2
253,Uniwersytety trzeciego wieku,2016,gmina,Borzęcin,powiat brzeski,
253,Uniwersytety trzeciego wieku,2016,gmina,Brzesko,powiat brzeski,
253,Uniwersytety trzeciego wieku,2016,gmina,Czchów,powiat brzeski,
253,Uniwersytety trzeciego wieku,2016,gmina,Dębno,powiat brzeski,
253,Uniwersytety trzeciego wieku,2016,gmina,Gnojnik,powiat brzeski,
253,Uniwersytety trzeciego wieku,2016,gmina,Iwkowa,powiat brzeski,
253,Uniwersytety trzeciego wieku,2016,gmina,Szczurowa,powiat brzeski,
253,Uniwersytety trzeciego wieku,2016,powiat,powiat chrzanowski,powiat chrzanowski,3
253,Uniwersytety trzeciego wieku,2016,gmina,Alwernia,powiat chrzanowski,
253,Uniwersytety trzeciego wieku,2016,gmina,Babice,powiat chrzanowski,
253,Uniwersytety trzeciego wieku,2016,gmina,Chrzanów,powiat chrzanowski,
253,Uniwersytety trzeciego wieku,2016,gmina,Libiąż,powiat chrzanowski,
253,Uniwersytety trzeciego wieku,2016,gmina,Trzebinia,powiat chrzanowski,
253,Uniwersytety trzeciego wieku,2016,powiat,powiat dąbrowski,powiat dąbrowski,1
253,Uniwersytety trzeciego wieku,2016,gmina,Bolesław,powiat dąbrowski,
253,Uniwersytety trzeciego wieku,2016,gmina,Dąbrowa Tarnowska,powiat dąbrowski,
253,Uniwersytety trzeciego wieku,2016,gmina,Gręboszów,powiat dąbrowski,
253,Uniwersytety trzeciego wieku,2016,gmina,Mędrzechów,powiat dąbrowski,
253,Uniwersytety trzeciego wieku,2016,gmina,Olesno,powiat dąbrowski,
253,Uniwersytety trzeciego wieku,2016,gmina,Radgoszcz,powiat dąbrowski,
253,Uniwersytety trzeciego wieku,2016,gmina,Szczucin,powiat dąbrowski,
253,Uniwersytety trzeciego wieku,2016,powiat,powiat gorlicki,powiat gorlicki,2
253,Uniwersytety trzeciego wieku,2016,gmina,Biecz,powiat gorlicki,
253,Uniwersytety trzeciego wieku,2016,gmina,Bobowa,powiat gorlicki,
253,Uniwersytety trzeciego wieku,2016,gmina,Gorlice (miasto),powiat gorlicki,
253,Uniwersytety trzeciego wieku,2016,gmina,Gorlice (wieś),powiat gorlicki,
253,Uniwersytety trzeciego wieku,2016,gmina,Lipinki,powiat gorlicki,
253,Uniwersytety trzeciego wieku,2016,gmina,Łużna,powiat gorlicki,
253,Uniwersytety trzeciego wieku,2016,gmina,Moszczenica,powiat gorlicki,
253,Uniwersytety trzeciego wieku,2016,gmina,Ropa,powiat gorlicki,
253,Uniwersytety trzeciego wieku,2016,gmina,Sękowa,powiat gorlicki,
253,Uniwersytety trzeciego wieku,2016,gmina,Uście Gorlickie,powiat gorlicki,
253,Uniwersytety trzeciego wieku,2016,powiat,powiat krakowski,powiat krakowski,3
253,Uniwersytety trzeciego wieku,2016,gmina,Czernichów,powiat krakowski,
253,Uniwersytety trzeciego wieku,2016,gmina,Igołomia-Wawrzeńczyce,powiat krakowski,
253,Uniwersytety trzeciego wieku,2016,gmina,Iwanowice,powiat krakowski,
253,Uniwersytety trzeciego wieku,2016,gmina,Jerzmanowice-Przeginia,powiat krakowski,
253,Uniwersytety trzeciego wieku,2016,gmina,Kocmyrzów-Luborzyca,powiat krakowski,
253,Uniwersytety trzeciego wieku,2016,gmina,Krzeszowice,powiat krakowski,
253,Uniwersytety trzeciego wieku,2016,gmina,Liszki,powiat krakowski,
253,Uniwersytety trzeciego wieku,2016,gmina,Michałowice,powiat krakowski,
253,Uniwersytety trzeciego wieku,2016,gmina,Mogilany,powiat krakowski,
253,Uniwersytety trzeciego wieku,2016,gmina,Skała,powiat krakowski,
253,Uniwersytety trzeciego wieku,2016,gmina,Skawina,powiat krakowski,
253,Uniwersytety trzeciego wieku,2016,gmina,Słomniki,powiat krakowski,
253,Uniwersytety trzeciego wieku,2016,gmina,Sułoszowa,powiat krakowski,
253,Uniwersytety trzeciego wieku,2016,gmina,Świątniki Górne,powiat krakowski,
253,Uniwersytety trzeciego wieku,2016,gmina,Wielka Wieś,powiat krakowski,
253,Uniwersytety trzeciego wieku,2016,gmina,Zabierzów,powiat krakowski,
253,Uniwersytety trzeciego wieku,2016,gmina,Zielonki,powiat krakowski,
253,Uniwersytety trzeciego wieku,2016,powiat,powiat limanowski,powiat limanowski,2
253,Uniwersytety trzeciego wieku,2016,gmina,Dobra,powiat limanowski,
253,Uniwersytety trzeciego wieku,2016,gmina,Jodłownik,powiat limanowski,
253,Uniwersytety trzeciego wieku,2016,gmina,Kamienica,powiat limanowski,
253,Uniwersytety trzeciego wieku,2016,gmina,Laskowa,powiat limanowski,
253,Uniwersytety trzeciego wieku,2016,gmina,Limanowa (miasto),powiat limanowski,
253,Uniwersytety trzeciego wieku,2016,gmina,Limanowa (wieś),powiat limanowski,
253,Uniwersytety trzeciego wieku,2016,gmina,Łukowica,powiat limanowski,
253,Uniwersytety trzeciego wieku,2016,gmina,Mszana Dolna (miasto),powiat limanowski,
253,Uniwersytety trzeciego wieku,2016,gmina,Mszana Dolna (wieś),powiat limanowski,
253,Uniwersytety trzeciego wieku,2016,gmina,Niedźwiedź,powiat limanowski,
253,Uniwersytety trzeciego wieku,2016,gmina,Słopnice,powiat limanowski,
253,Uniwersytety trzeciego wieku,2016,gmina,Tymbark,powiat limanowski,
253,Uniwersytety trzeciego wieku,2016,powiat,powiat m. Kraków,powiat m. Kraków,13
253,Uniwersytety trzeciego wieku,2016,powiat,powiat m. Nowy Sącz,powiat m. Nowy Sącz,1
253,Uniwersytety trzeciego wieku,2016,powiat,powiat m. Tarnów,powiat m. Tarnów,2
253,Uniwersytety trzeciego wieku,2016,powiat,powiat miechowski,powiat miechowski,2
253,Uniwersytety trzeciego wieku,2016,gmina,Charsznica,powiat miechowski,
253,Uniwersytety trzeciego wieku,2016,gmina,Gołcza,powiat miechowski,
253,Uniwersytety trzeciego wieku,2016,gmina,Kozłów,powiat miechowski,
253,Uniwersytety trzeciego wieku,2016,gmina,Książ Wielki,powiat miechowski,
253,Uniwersytety trzeciego wieku,2016,gmina,Miechów,powiat miechowski,
253,Uniwersytety trzeciego wieku,2016,gmina,Racławice,powiat miechowski,
253,Uniwersytety trzeciego wieku,2016,gmina,Słaboszów,powiat miechowski,
253,Uniwersytety trzeciego wieku,2016,powiat,powiat myślenicki,powiat myślenicki,2
253,Uniwersytety trzeciego wieku,2016,gmina,Dobczyce,powiat myślenicki,
253,Uniwersytety trzeciego wieku,2016,gmina,Lubień,powiat myślenicki,
253,Uniwersytety trzeciego wieku,2016,gmina,Myślenice,powiat myślenicki,
253,Uniwersytety trzeciego wieku,2016,gmina,Pcim,powiat myślenicki,
253,Uniwersytety trzeciego wieku,2016,gmina,Raciechowice,powiat myślenicki,
253,Uniwersytety trzeciego wieku,2016,gmina,Siepraw,powiat myślenicki,
253,Uniwersytety trzeciego wieku,2016,gmina,Sułkowice,powiat myślenicki,
253,Uniwersytety trzeciego wieku,2016,gmina,Tokarnia,powiat myślenicki,
253,Uniwersytety trzeciego wieku,2016,gmina,Wiśniowa,powiat myślenicki,
253,Uniwersytety trzeciego wieku,2016,powiat,powiat nowosądecki,powiat nowosądecki,2
253,Uniwersytety trzeciego wieku,2016,gmina,Podegrodzie,powiat nowosądecki,
253,Uniwersytety trzeciego wieku,2016,gmina,Rytro,powiat nowosądecki,
253,Uniwersytety trzeciego wieku,2016,gmina,Stary Sącz,powiat nowosądecki,
253,Uniwersytety trzeciego wieku,2016,gmina,Chełmiec,powiat nowosądecki,
253,Uniwersytety trzeciego wieku,2016,gmina,Gródek nad Dunajcem,powiat nowosądecki,
253,Uniwersytety trzeciego wieku,2016,gmina,Grybów (miasto),powiat nowosądecki,
253,Uniwersytety trzeciego wieku,2016,gmina,Grybów (wieś),powiat nowosądecki,
253,Uniwersytety trzeciego wieku,2016,gmina,Kamionka Wielka,powiat nowosądecki,
253,Uniwersytety trzeciego wieku,2016,gmina,Korzenna,powiat nowosądecki,
253,Uniwersytety trzeciego wieku,2016,gmina,Krynica-Zdrój,powiat nowosądecki,
253,Uniwersytety trzeciego wieku,2016,gmina,Łabowa,powiat nowosądecki,
253,Uniwersytety trzeciego wieku,2016,gmina,Łącko,powiat nowosądecki,
253,Uniwersytety trzeciego wieku,2016,gmina,Łososina Dolna,powiat nowosądecki,
253,Uniwersytety trzeciego wieku,2016,gmina,Muszyna,powiat nowosądecki,
253,Uniwersytety trzeciego wieku,2016,gmina,Nawojowa,powiat nowosądecki,
253,Uniwersytety trzeciego wieku,2016,gmina,Piwniczna-Zdrój,powiat nowosądecki,
253,Uniwersytety trzeciego wieku,2016,powiat,powiat nowotarski,powiat nowotarski,2
253,Uniwersytety trzeciego wieku,2016,gmina,Czarny Dunajec,powiat nowotarski,
253,Uniwersytety trzeciego wieku,2016,gmina,Czorsztyn,powiat nowotarski,
253,Uniwersytety trzeciego wieku,2016,gmina,Jabłonka,powiat nowotarski,
253,Uniwersytety trzeciego wieku,2016,gmina,Krościenko nad Dunajcem,powiat nowotarski,
253,Uniwersytety trzeciego wieku,2016,gmina,Lipnica Wielka,powiat nowotarski,
253,Uniwersytety trzeciego wieku,2016,gmina,Łapsze Niżne,powiat nowotarski,
253,Uniwersytety trzeciego wieku,2016,gmina,Nowy Targ (miasto),powiat nowotarski,
253,Uniwersytety trzeciego wieku,2016,gmina,Nowy Targ (wieś),powiat nowotarski,
253,Uniwersytety trzeciego wieku,2016,gmina,Ochotnica Dolna,powiat nowotarski,
253,Uniwersytety trzeciego wieku,2016,gmina,Raba Wyżna,powiat nowotarski,
253,Uniwersytety trzeciego wieku,2016,gmina,Rabka-Zdrój,powiat nowotarski,
253,Uniwersytety trzeciego wieku,2016,gmina,Spytkowice,powiat nowotarski,
253,Uniwersytety trzeciego wieku,2016,gmina,Szaflary,powiat nowotarski,
253,Uniwersytety trzeciego wieku,2016,gmina,Szczawnica,powiat nowotarski,
253,Uniwersytety trzeciego wieku,2016,powiat,powiat olkuski,powiat olkuski,3
253,Uniwersytety trzeciego wieku,2016,gmina,Bolesław,powiat olkuski,
253,Uniwersytety trzeciego wieku,2016,gmina,Bukowno,powiat olkuski,
253,Uniwersytety trzeciego wieku,2016,gmina,Klucze,powiat olkuski,
253,Uniwersytety trzeciego wieku,2016,gmina,Olkusz,powiat olkuski,
253,Uniwersytety trzeciego wieku,2016,gmina,Trzyciąż,powiat olkuski,
253,Uniwersytety trzeciego wieku,2016,gmina,Wolbrom,powiat olkuski,
253,Uniwersytety trzeciego wieku,2016,powiat,powiat oświęcimski,powiat oświęcimski,4
253,Uniwersytety trzeciego wieku,2016,gmina,Brzeszcze,powiat oświęcimski,
253,Uniwersytety trzeciego wieku,2016,gmina,Chełmek,powiat oświęcimski,
253,Uniwersytety trzeciego wieku,2016,gmina,Kęty,powiat oświęcimski,
253,Uniwersytety trzeciego wieku,2016,gmina,Osiek,powiat oświęcimski,
253,Uniwersytety trzeciego wieku,2016,gmina,Oświęcim (miasto),powiat oświęcimski,
253,Uniwersytety trzeciego wieku,2016,gmina,Oświęcim (wieś),powiat oświęcimski,
253,Uniwersytety trzeciego wieku,2016,gmina,Polanka Wielka,powiat oświęcimski,
253,Uniwersytety trzeciego wieku,2016,gmina,Przeciszów,powiat oświęcimski,
253,Uniwersytety trzeciego wieku,2016,gmina,Zator,powiat oświęcimski,
253,Uniwersytety trzeciego wieku,2016,powiat,powiat proszowicki,powiat proszowicki,2
253,Uniwersytety trzeciego wieku,2016,gmina,Koniusza,powiat proszowicki,
253,Uniwersytety trzeciego wieku,2016,gmina,Koszyce,powiat proszowicki,
253,Uniwersytety trzeciego wieku,2016,gmina,Nowe Brzesko,powiat proszowicki,
253,Uniwersytety trzeciego wieku,2016,gmina,Pałecznica,powiat proszowicki,
253,Uniwersytety trzeciego wieku,2016,gmina,Proszowice,powiat proszowicki,
253,Uniwersytety trzeciego wieku,2016,gmina,Radziemice,powiat proszowicki,
253,Uniwersytety trzeciego wieku,2016,powiat,powiat suski,powiat suski,2
253,Uniwersytety trzeciego wieku,2016,gmina,Budzów,powiat suski,
253,Uniwersytety trzeciego wieku,2016,gmina,Bystra-Sidzina,powiat suski,
253,Uniwersytety trzeciego wieku,2016,gmina,Jordanów (miasto),powiat suski,
253,Uniwersytety trzeciego wieku,2016,gmina,Jordanów (wieś),powiat suski,
253,Uniwersytety trzeciego wieku,2016,gmina,Maków Podhalański,powiat suski,
253,Uniwersytety trzeciego wieku,2016,gmina,Stryszawa,powiat suski,
253,Uniwersytety trzeciego wieku,2016,gmina,Sucha Beskidzka,powiat suski,
253,Uniwersytety trzeciego wieku,2016,gmina,Zawoja,powiat suski,
253,Uniwersytety trzeciego wieku,2016,gmina,Zembrzyce,powiat suski,
253,Uniwersytety trzeciego wieku,2016,powiat,powiat tarnowski,powiat tarnowski,0
253,Uniwersytety trzeciego wieku,2016,gmina,Ciężkowice,powiat tarnowski,
253,Uniwersytety trzeciego wieku,2016,gmina,Gromnik,powiat tarnowski,
253,Uniwersytety trzeciego wieku,2016,gmina,Lisia Góra,powiat tarnowski,
253,Uniwersytety trzeciego wieku,2016,gmina,Pleśna,powiat tarnowski,
253,Uniwersytety trzeciego wieku,2016,gmina,Radłów,powiat tarnowski,
253,Uniwersytety trzeciego wieku,2016,gmina,Ryglice,powiat tarnowski,
253,Uniwersytety trzeciego wieku,2016,gmina,Rzepiennik Strzyżewski,powiat tarnowski,
253,Uniwersytety trzeciego wieku,2016,gmina,Skrzyszów,powiat tarnowski,
253,Uniwersytety trzeciego wieku,2016,gmina,Szerzyny,powiat tarnowski,
253,Uniwersytety trzeciego wieku,2016,gmina,Tarnów (wieś),powiat tarnowski,
253,Uniwersytety trzeciego wieku,2016,gmina,Tuchów,powiat tarnowski,
253,Uniwersytety trzeciego wieku,2016,gmina,Wierzchosławice,powiat tarnowski,
253,Uniwersytety trzeciego wieku,2016,gmina,Wietrzychowice,powiat tarnowski,
253,Uniwersytety trzeciego wieku,2016,gmina,Wojnicz,powiat tarnowski,
253,Uniwersytety trzeciego wieku,2016,gmina,Zakliczyn,powiat tarnowski,
253,Uniwersytety trzeciego wieku,2016,gmina,Żabno,powiat tarnowski,
253,Uniwersytety trzeciego wieku,2016,powiat,powiat tatrzański,powiat tatrzański,1
253,Uniwersytety trzeciego wieku,2016,gmina,Biały Dunajec,powiat tatrzański,
253,Uniwersytety trzeciego wieku,2016,gmina,Bukowina Tatrzańska,powiat tatrzański,
253,Uniwersytety trzeciego wieku,2016,gmina,Kościelisko,powiat tatrzański,
253,Uniwersytety trzeciego wieku,2016,gmina,Poronin,powiat tatrzański,
253,Uniwersytety trzeciego wieku,2016,gmina,Zakopane,powiat tatrzański,
253,Uniwersytety trzeciego wieku,2016,powiat,powiat wadowicki,powiat wadowicki,1
253,Uniwersytety trzeciego wieku,2016,gmina,Andrychów,powiat wadowicki,
253,Uniwersytety trzeciego wieku,2016,gmina,Brzeźnica,powiat wadowicki,
253,Uniwersytety trzeciego wieku,2016,gmina,Kalwaria Zebrzydowska,powiat wadowicki,
253,Uniwersytety trzeciego wieku,2016,gmina,Lanckorona,powiat wadowicki,
253,Uniwersytety trzeciego wieku,2016,gmina,Mucharz,powiat wadowicki,
253,Uniwersytety trzeciego wieku,2016,gmina,Spytkowice,powiat wadowicki,
253,Uniwersytety trzeciego wieku,2016,gmina,Stryszów,powiat wadowicki,
253,Uniwersytety trzeciego wieku,2016,gmina,Tomice,powiat wadowicki,
253,Uniwersytety trzeciego wieku,2016,gmina,Wadowice,powiat wadowicki,
253,Uniwersytety trzeciego wieku,2016,gmina,Wieprz,powiat wadowicki,
253,Uniwersytety trzeciego wieku,2016,powiat,powiat wielicki,powiat wielicki,4
253,Uniwersytety trzeciego wieku,2016,gmina,Biskupice,powiat wielicki,
253,Uniwersytety trzeciego wieku,2016,gmina,Gdów,powiat wielicki,
253,Uniwersytety trzeciego wieku,2016,gmina,Kłaj,powiat wielicki,
253,Uniwersytety trzeciego wieku,2016,gmina,Niepołomice,powiat wielicki,
253,Uniwersytety trzeciego wieku,2016,gmina,Wieliczka,powiat wielicki,
253,Uniwersytety trzeciego wieku,2015,powiat,powiat bocheński,powiat bocheński,4
253,Uniwersytety trzeciego wieku,2015,gmina,Bochnia (miasto),powiat bocheński,
253,Uniwersytety trzeciego wieku,2015,gmina,Bochnia (wieś),powiat bocheński,
253,Uniwersytety trzeciego wieku,2015,gmina,Drwinia,powiat bocheński,
253,Uniwersytety trzeciego wieku,2015,gmina,Lipnica Murowana,powiat bocheński,
253,Uniwersytety trzeciego wieku,2015,gmina,Łapanów,powiat bocheński,
253,Uniwersytety trzeciego wieku,2015,gmina,Nowy Wiśnicz,powiat bocheński,
253,Uniwersytety trzeciego wieku,2015,gmina,Rzezawa,powiat bocheński,
253,Uniwersytety trzeciego wieku,2015,gmina,Trzciana,powiat bocheński,
253,Uniwersytety trzeciego wieku,2015,gmina,Żegocina,powiat bocheński,
253,Uniwersytety trzeciego wieku,2015,powiat,powiat brzeski,powiat brzeski,2
253,Uniwersytety trzeciego wieku,2015,gmina,Borzęcin,powiat brzeski,
253,Uniwersytety trzeciego wieku,2015,gmina,Brzesko,powiat brzeski,
253,Uniwersytety trzeciego wieku,2015,gmina,Czchów,powiat brzeski,
253,Uniwersytety trzeciego wieku,2015,gmina,Dębno,powiat brzeski,
253,Uniwersytety trzeciego wieku,2015,gmina,Gnojnik,powiat brzeski,
253,Uniwersytety trzeciego wieku,2015,gmina,Iwkowa,powiat brzeski,
253,Uniwersytety trzeciego wieku,2015,gmina,Szczurowa,powiat brzeski,
253,Uniwersytety trzeciego wieku,2015,powiat,powiat chrzanowski,powiat chrzanowski,3
253,Uniwersytety trzeciego wieku,2015,gmina,Alwernia,powiat chrzanowski,
253,Uniwersytety trzeciego wieku,2015,gmina,Babice,powiat chrzanowski,
253,Uniwersytety trzeciego wieku,2015,gmina,Chrzanów,powiat chrzanowski,
253,Uniwersytety trzeciego wieku,2015,gmina,Libiąż,powiat chrzanowski,
253,Uniwersytety trzeciego wieku,2015,gmina,Trzebinia,powiat chrzanowski,
253,Uniwersytety trzeciego wieku,2015,powiat,powiat dąbrowski,powiat dąbrowski,1
253,Uniwersytety trzeciego wieku,2015,gmina,Bolesław,powiat dąbrowski,
253,Uniwersytety trzeciego wieku,2015,gmina,Dąbrowa Tarnowska,powiat dąbrowski,
253,Uniwersytety trzeciego wieku,2015,gmina,Gręboszów,powiat dąbrowski,
253,Uniwersytety trzeciego wieku,2015,gmina,Mędrzechów,powiat dąbrowski,
253,Uniwersytety trzeciego wieku,2015,gmina,Olesno,powiat dąbrowski,
253,Uniwersytety trzeciego wieku,2015,gmina,Radgoszcz,powiat dąbrowski,
253,Uniwersytety trzeciego wieku,2015,gmina,Szczucin,powiat dąbrowski,
253,Uniwersytety trzeciego wieku,2015,powiat,powiat gorlicki,powiat gorlicki,2
253,Uniwersytety trzeciego wieku,2015,gmina,Biecz,powiat gorlicki,
253,Uniwersytety trzeciego wieku,2015,gmina,Bobowa,powiat gorlicki,
253,Uniwersytety trzeciego wieku,2015,gmina,Gorlice (miasto),powiat gorlicki,
253,Uniwersytety trzeciego wieku,2015,gmina,Gorlice (wieś),powiat gorlicki,
253,Uniwersytety trzeciego wieku,2015,gmina,Lipinki,powiat gorlicki,
253,Uniwersytety trzeciego wieku,2015,gmina,Łużna,powiat gorlicki,
253,Uniwersytety trzeciego wieku,2015,gmina,Moszczenica,powiat gorlicki,
253,Uniwersytety trzeciego wieku,2015,gmina,Ropa,powiat gorlicki,
253,Uniwersytety trzeciego wieku,2015,gmina,Sękowa,powiat gorlicki,
253,Uniwersytety trzeciego wieku,2015,gmina,Uście Gorlickie,powiat gorlicki,
253,Uniwersytety trzeciego wieku,2015,powiat,powiat krakowski,powiat krakowski,3
253,Uniwersytety trzeciego wieku,2015,gmina,Czernichów,powiat krakowski,
253,Uniwersytety trzeciego wieku,2015,gmina,Igołomia-Wawrzeńczyce,powiat krakowski,
253,Uniwersytety trzeciego wieku,2015,gmina,Iwanowice,powiat krakowski,
253,Uniwersytety trzeciego wieku,2015,gmina,Jerzmanowice-Przeginia,powiat krakowski,
253,Uniwersytety trzeciego wieku,2015,gmina,Kocmyrzów-Luborzyca,powiat krakowski,
253,Uniwersytety trzeciego wieku,2015,gmina,Krzeszowice,powiat krakowski,
253,Uniwersytety trzeciego wieku,2015,gmina,Liszki,powiat krakowski,
253,Uniwersytety trzeciego wieku,2015,gmina,Michałowice,powiat krakowski,
253,Uniwersytety trzeciego wieku,2015,gmina,Mogilany,powiat krakowski,
253,Uniwersytety trzeciego wieku,2015,gmina,Skała,powiat krakowski,
253,Uniwersytety trzeciego wieku,2015,gmina,Skawina,powiat krakowski,
253,Uniwersytety trzeciego wieku,2015,gmina,Słomniki,powiat krakowski,
253,Uniwersytety trzeciego wieku,2015,gmina,Sułoszowa,powiat krakowski,
253,Uniwersytety trzeciego wieku,2015,gmina,Świątniki Górne,powiat krakowski,
253,Uniwersytety trzeciego wieku,2015,gmina,Wielka Wieś,powiat krakowski,
253,Uniwersytety trzeciego wieku,2015,gmina,Zabierzów,powiat krakowski,
253,Uniwersytety trzeciego wieku,2015,gmina,Zielonki,powiat krakowski,
253,Uniwersytety trzeciego wieku,2015,powiat,powiat limanowski,powiat limanowski,2
253,Uniwersytety trzeciego wieku,2015,gmina,Dobra,powiat limanowski,
253,Uniwersytety trzeciego wieku,2015,gmina,Jodłownik,powiat limanowski,
253,Uniwersytety trzeciego wieku,2015,gmina,Kamienica,powiat limanowski,
253,Uniwersytety trzeciego wieku,2015,gmina,Laskowa,powiat limanowski,
253,Uniwersytety trzeciego wieku,2015,gmina,Limanowa (miasto),powiat limanowski,
253,Uniwersytety trzeciego wieku,2015,gmina,Limanowa (wieś),powiat limanowski,
253,Uniwersytety trzeciego wieku,2015,gmina,Łukowica,powiat limanowski,
253,Uniwersytety trzeciego wieku,2015,gmina,Mszana Dolna (miasto),powiat limanowski,
253,Uniwersytety trzeciego wieku,2015,gmina,Mszana Dolna (wieś),powiat limanowski,
253,Uniwersytety trzeciego wieku,2015,gmina,Niedźwiedź,powiat limanowski,
253,Uniwersytety trzeciego wieku,2015,gmina,Słopnice,powiat limanowski,
253,Uniwersytety trzeciego wieku,2015,gmina,Tymbark,powiat limanowski,
253,Uniwersytety trzeciego wieku,2015,powiat,powiat m. Kraków,powiat m. Kraków,12
253,Uniwersytety trzeciego wieku,2015,powiat,powiat m. Nowy Sącz,powiat m. Nowy Sącz,1
253,Uniwersytety trzeciego wieku,2015,powiat,powiat m. Tarnów,powiat m. Tarnów,2
253,Uniwersytety trzeciego wieku,2015,powiat,powiat miechowski,powiat miechowski,1
253,Uniwersytety trzeciego wieku,2015,gmina,Charsznica,powiat miechowski,
253,Uniwersytety trzeciego wieku,2015,gmina,Gołcza,powiat miechowski,
253,Uniwersytety trzeciego wieku,2015,gmina,Kozłów,powiat miechowski,
253,Uniwersytety trzeciego wieku,2015,gmina,Książ Wielki,powiat miechowski,
253,Uniwersytety trzeciego wieku,2015,gmina,Miechów,powiat miechowski,
253,Uniwersytety trzeciego wieku,2015,gmina,Racławice,powiat miechowski,
253,Uniwersytety trzeciego wieku,2015,gmina,Słaboszów,powiat miechowski,
253,Uniwersytety trzeciego wieku,2015,powiat,powiat myślenicki,powiat myślenicki,2
253,Uniwersytety trzeciego wieku,2015,gmina,Dobczyce,powiat myślenicki,
253,Uniwersytety trzeciego wieku,2015,gmina,Lubień,powiat myślenicki,
253,Uniwersytety trzeciego wieku,2015,gmina,Myślenice,powiat myślenicki,
253,Uniwersytety trzeciego wieku,2015,gmina,Pcim,powiat myślenicki,
253,Uniwersytety trzeciego wieku,2015,gmina,Raciechowice,powiat myślenicki,
253,Uniwersytety trzeciego wieku,2015,gmina,Siepraw,powiat myślenicki,
253,Uniwersytety trzeciego wieku,2015,gmina,Sułkowice,powiat myślenicki,
253,Uniwersytety trzeciego wieku,2015,gmina,Tokarnia,powiat myślenicki,
253,Uniwersytety trzeciego wieku,2015,gmina,Wiśniowa,powiat myślenicki,
253,Uniwersytety trzeciego wieku,2015,powiat,powiat nowosądecki,powiat nowosądecki,1
253,Uniwersytety trzeciego wieku,2015,gmina,Podegrodzie,powiat nowosądecki,
253,Uniwersytety trzeciego wieku,2015,gmina,Rytro,powiat nowosądecki,
253,Uniwersytety trzeciego wieku,2015,gmina,Stary Sącz,powiat nowosądecki,
253,Uniwersytety trzeciego wieku,2015,gmina,Chełmiec,powiat nowosądecki,
253,Uniwersytety trzeciego wieku,2015,gmina,Gródek nad Dunajcem,powiat nowosądecki,
253,Uniwersytety trzeciego wieku,2015,gmina,Grybów (miasto),powiat nowosądecki,
253,Uniwersytety trzeciego wieku,2015,gmina,Grybów (wieś),powiat nowosądecki,
253,Uniwersytety trzeciego wieku,2015,gmina,Kamionka Wielka,powiat nowosądecki,
253,Uniwersytety trzeciego wieku,2015,gmina,Korzenna,powiat nowosądecki,
253,Uniwersytety trzeciego wieku,2015,gmina,Krynica-Zdrój,powiat nowosądecki,
253,Uniwersytety trzeciego wieku,2015,gmina,Łabowa,powiat nowosądecki,
253,Uniwersytety trzeciego wieku,2015,gmina,Łącko,powiat nowosądecki,
253,Uniwersytety trzeciego wieku,2015,gmina,Łososina Dolna,powiat nowosądecki,
253,Uniwersytety trzeciego wieku,2015,gmina,Muszyna,powiat nowosądecki,
253,Uniwersytety trzeciego wieku,2015,gmina,Nawojowa,powiat nowosądecki,
253,Uniwersytety trzeciego wieku,2015,gmina,Piwniczna-Zdrój,powiat nowosądecki,
253,Uniwersytety trzeciego wieku,2015,powiat,powiat nowotarski,powiat nowotarski,2
253,Uniwersytety trzeciego wieku,2015,gmina,Czarny Dunajec,powiat nowotarski,
253,Uniwersytety trzeciego wieku,2015,gmina,Czorsztyn,powiat nowotarski,
253,Uniwersytety trzeciego wieku,2015,gmina,Jabłonka,powiat nowotarski,
253,Uniwersytety trzeciego wieku,2015,gmina,Krościenko nad Dunajcem,powiat nowotarski,
253,Uniwersytety trzeciego wieku,2015,gmina,Lipnica Wielka,powiat nowotarski,
253,Uniwersytety trzeciego wieku,2015,gmina,Łapsze Niżne,powiat nowotarski,
253,Uniwersytety trzeciego wieku,2015,gmina,Nowy Targ (miasto),powiat nowotarski,
253,Uniwersytety trzeciego wieku,2015,gmina,Nowy Targ (wieś),powiat nowotarski,
253,Uniwersytety trzeciego wieku,2015,gmina,Ochotnica Dolna,powiat nowotarski,
253,Uniwersytety trzeciego wieku,2015,gmina,Raba Wyżna,powiat nowotarski,
253,Uniwersytety trzeciego wieku,2015,gmina,Rabka-Zdrój,powiat nowotarski,
253,Uniwersytety trzeciego wieku,2015,gmina,Spytkowice,powiat nowotarski,
253,Uniwersytety trzeciego wieku,2015,gmina,Szaflary,powiat nowotarski,
253,Uniwersytety trzeciego wieku,2015,gmina,Szczawnica,powiat nowotarski,
253,Uniwersytety trzeciego wieku,2015,powiat,powiat olkuski,powiat olkuski,3
253,Uniwersytety trzeciego wieku,2015,gmina,Bolesław,powiat olkuski,
253,Uniwersytety trzeciego wieku,2015,gmina,Bukowno,powiat olkuski,
253,Uniwersytety trzeciego wieku,2015,gmina,Klucze,powiat olkuski,
253,Uniwersytety trzeciego wieku,2015,gmina,Olkusz,powiat olkuski,
253,Uniwersytety trzeciego wieku,2015,gmina,Trzyciąż,powiat olkuski,
253,Uniwersytety trzeciego wieku,2015,gmina,Wolbrom,powiat olkuski,
253,Uniwersytety trzeciego wieku,2015,powiat,powiat oświęcimski,powiat oświęcimski,2
253,Uniwersytety trzeciego wieku,2015,gmina,Brzeszcze,powiat oświęcimski,
253,Uniwersytety trzeciego wieku,2015,gmina,Chełmek,powiat oświęcimski,
253,Uniwersytety trzeciego wieku,2015,gmina,Kęty,powiat oświęcimski,
253,Uniwersytety trzeciego wieku,2015,gmina,Osiek,powiat oświęcimski,
253,Uniwersytety trzeciego wieku,2015,gmina,Oświęcim (miasto),powiat oświęcimski,
253,Uniwersytety trzeciego wieku,2015,gmina,Oświęcim (wieś),powiat oświęcimski,
253,Uniwersytety trzeciego wieku,2015,gmina,Polanka Wielka,powiat oświęcimski,
253,Uniwersytety trzeciego wieku,2015,gmina,Przeciszów,powiat oświęcimski,
253,Uniwersytety trzeciego wieku,2015,gmina,Zator,powiat oświęcimski,
253,Uniwersytety trzeciego wieku,2015,powiat,powiat proszowicki,powiat proszowicki,2
253,Uniwersytety trzeciego wieku,2015,gmina,Koniusza,powiat proszowicki,
253,Uniwersytety trzeciego wieku,2015,gmina,Koszyce,powiat proszowicki,
253,Uniwersytety trzeciego wieku,2015,gmina,Nowe Brzesko,powiat proszowicki,
253,Uniwersytety trzeciego wieku,2015,gmina,Pałecznica,powiat proszowicki,
253,Uniwersytety trzeciego wieku,2015,gmina,Proszowice,powiat proszowicki,
253,Uniwersytety trzeciego wieku,2015,gmina,Radziemice,powiat proszowicki,
253,Uniwersytety trzeciego wieku,2015,powiat,powiat suski,powiat suski,2
253,Uniwersytety trzeciego wieku,2015,gmina,Budzów,powiat suski,
253,Uniwersytety trzeciego wieku,2015,gmina,Bystra-Sidzina,powiat suski,
253,Uniwersytety trzeciego wieku,2015,gmina,Jordanów (miasto),powiat suski,
253,Uniwersytety trzeciego wieku,2015,gmina,Jordanów (wieś),powiat suski,
253,Uniwersytety trzeciego wieku,2015,gmina,Maków Podhalański,powiat suski,
253,Uniwersytety trzeciego wieku,2015,gmina,Stryszawa,powiat suski,
253,Uniwersytety trzeciego wieku,2015,gmina,Sucha Beskidzka,powiat suski,
253,Uniwersytety trzeciego wieku,2015,gmina,Zawoja,powiat suski,
253,Uniwersytety trzeciego wieku,2015,gmina,Zembrzyce,powiat suski,
253,Uniwersytety trzeciego wieku,2015,powiat,powiat tarnowski,powiat tarnowski,0
253,Uniwersytety trzeciego wieku,2015,gmina,Ciężkowice,powiat tarnowski,
253,Uniwersytety trzeciego wieku,2015,gmina,Gromnik,powiat tarnowski,
253,Uniwersytety trzeciego wieku,2015,gmina,Lisia Góra,powiat tarnowski,
253,Uniwersytety trzeciego wieku,2015,gmina,Pleśna,powiat tarnowski,
253,Uniwersytety trzeciego wieku,2015,gmina,Radłów,powiat tarnowski,
253,Uniwersytety trzeciego wieku,2015,gmina,Ryglice,powiat tarnowski,
253,Uniwersytety trzeciego wieku,2015,gmina,Rzepiennik Strzyżewski,powiat tarnowski,
253,Uniwersytety trzeciego wieku,2015,gmina,Skrzyszów,powiat tarnowski,
253,Uniwersytety trzeciego wieku,2015,gmina,Szerzyny,powiat tarnowski,
253,Uniwersytety trzeciego wieku,2015,gmina,Tarnów (wieś),powiat tarnowski,
253,Uniwersytety trzeciego wieku,2015,gmina,Tuchów,powiat tarnowski,
253,Uniwersytety trzeciego wieku,2015,gmina,Wierzchosławice,powiat tarnowski,
253,Uniwersytety trzeciego wieku,2015,gmina,Wietrzychowice,powiat tarnowski,
253,Uniwersytety trzeciego wieku,2015,gmina,Wojnicz,powiat tarnowski,
253,Uniwersytety trzeciego wieku,2015,gmina,Zakliczyn,powiat tarnowski,
253,Uniwersytety trzeciego wieku,2015,gmina,Żabno,powiat tarnowski,
253,Uniwersytety trzeciego wieku,2015,powiat,powiat tatrzański,powiat tatrzański,1
253,Uniwersytety trzeciego wieku,2015,gmina,Biały Dunajec,powiat tatrzański,
253,Uniwersytety trzeciego wieku,2015,gmina,Bukowina Tatrzańska,powiat tatrzański,
253,Uniwersytety trzeciego wieku,2015,gmina,Kościelisko,powiat tatrzański,
253,Uniwersytety trzeciego wieku,2015,gmina,Poronin,powiat tatrzański,
253,Uniwersytety trzeciego wieku,2015,gmina,Zakopane,powiat tatrzański,
253,Uniwersytety trzeciego wieku,2015,powiat,powiat wadowicki,powiat wadowicki,1
253,Uniwersytety trzeciego wieku,2015,gmina,Andrychów,powiat wadowicki,
253,Uniwersytety trzeciego wieku,2015,gmina,Brzeźnica,powiat wadowicki,
253,Uniwersytety trzeciego wieku,2015,gmina,Kalwaria Zebrzydowska,powiat wadowicki,
253,Uniwersytety trzeciego wieku,2015,gmina,Lanckorona,powiat wadowicki,
253,Uniwersytety trzeciego wieku,2015,gmina,Mucharz,powiat wadowicki,
253,Uniwersytety trzeciego wieku,2015,gmina,Spytkowice,powiat wadowicki,
253,Uniwersytety trzeciego wieku,2015,gmina,Stryszów,powiat wadowicki,
253,Uniwersytety trzeciego wieku,2015,gmina,Tomice,powiat wadowicki,
253,Uniwersytety trzeciego wieku,2015,gmina,Wadowice,powiat wadowicki,
253,Uniwersytety trzeciego wieku,2015,gmina,Wieprz,powiat wadowicki,
253,Uniwersytety trzeciego wieku,2015,powiat,powiat wielicki,powiat wielicki,4
253,Uniwersytety trzeciego wieku,2015,gmina,Biskupice,powiat wielicki,
253,Uniwersytety trzeciego wieku,2015,gmina,Gdów,powiat wielicki,
253,Uniwersytety trzeciego wieku,2015,gmina,Kłaj,powiat wielicki,
253,Uniwersytety trzeciego wieku,2015,gmina,Niepołomice,powiat wielicki,
253,Uniwersytety trzeciego wieku,2015,gmina,Wieliczka,powiat wielicki,
253,Uniwersytety trzeciego wieku,2014,powiat,powiat bocheński,powiat bocheński,3
253,Uniwersytety trzeciego wieku,2014,gmina,Bochnia (miasto),powiat bocheński,
253,Uniwersytety trzeciego wieku,2014,gmina,Bochnia (wieś),powiat bocheński,
253,Uniwersytety trzeciego wieku,2014,gmina,Drwinia,powiat bocheński,
253,Uniwersytety trzeciego wieku,2014,gmina,Lipnica Murowana,powiat bocheński,
253,Uniwersytety trzeciego wieku,2014,gmina,Łapanów,powiat bocheński,
253,Uniwersytety trzeciego wieku,2014,gmina,Nowy Wiśnicz,powiat bocheński,
253,Uniwersytety trzeciego wieku,2014,gmina,Rzezawa,powiat bocheński,
253,Uniwersytety trzeciego wieku,2014,gmina,Trzciana,powiat bocheński,
253,Uniwersytety trzeciego wieku,2014,gmina,Żegocina,powiat bocheński,
253,Uniwersytety trzeciego wieku,2014,powiat,powiat brzeski,powiat brzeski,2
253,Uniwersytety trzeciego wieku,2014,gmina,Borzęcin,powiat brzeski,
253,Uniwersytety trzeciego wieku,2014,gmina,Brzesko,powiat brzeski,
253,Uniwersytety trzeciego wieku,2014,gmina,Czchów,powiat brzeski,
253,Uniwersytety trzeciego wieku,2014,gmina,Dębno,powiat brzeski,
253,Uniwersytety trzeciego wieku,2014,gmina,Gnojnik,powiat brzeski,
253,Uniwersytety trzeciego wieku,2014,gmina,Iwkowa,powiat brzeski,
253,Uniwersytety trzeciego wieku,2014,gmina,Szczurowa,powiat brzeski,
253,Uniwersytety trzeciego wieku,2014,powiat,powiat chrzanowski,powiat chrzanowski,2
253,Uniwersytety trzeciego wieku,2014,gmina,Alwernia,powiat chrzanowski,
253,Uniwersytety trzeciego wieku,2014,gmina,Babice,powiat chrzanowski,
253,Uniwersytety trzeciego wieku,2014,gmina,Chrzanów,powiat chrzanowski,
253,Uniwersytety trzeciego wieku,2014,gmina,Libiąż,powiat chrzanowski,
253,Uniwersytety trzeciego wieku,2014,gmina,Trzebinia,powiat chrzanowski,
253,Uniwersytety trzeciego wieku,2014,powiat,powiat dąbrowski,powiat dąbrowski,1
253,Uniwersytety trzeciego wieku,2014,gmina,Bolesław,powiat dąbrowski,
253,Uniwersytety trzeciego wieku,2014,gmina,Dąbrowa Tarnowska,powiat dąbrowski,
253,Uniwersytety trzeciego wieku,2014,gmina,Gręboszów,powiat dąbrowski,
253,Uniwersytety trzeciego wieku,2014,gmina,Mędrzechów,powiat dąbrowski,
253,Uniwersytety trzeciego wieku,2014,gmina,Olesno,powiat dąbrowski,
253,Uniwersytety trzeciego wieku,2014,gmina,Radgoszcz,powiat dąbrowski,
253,Uniwersytety trzeciego wieku,2014,gmina,Szczucin,powiat dąbrowski,
253,Uniwersytety trzeciego wieku,2014,powiat,powiat gorlicki,powiat gorlicki,2
253,Uniwersytety trzeciego wieku,2014,gmina,Biecz,powiat gorlicki,
253,Uniwersytety trzeciego wieku,2014,gmina,Bobowa,powiat gorlicki,
253,Uniwersytety trzeciego wieku,2014,gmina,Gorlice (miasto),powiat gorlicki,
253,Uniwersytety trzeciego wieku,2014,gmina,Gorlice (wieś),powiat gorlicki,
253,Uniwersytety trzeciego wieku,2014,gmina,Lipinki,powiat gorlicki,
253,Uniwersytety trzeciego wieku,2014,gmina,Łużna,powiat gorlicki,
253,Uniwersytety trzeciego wieku,2014,gmina,Moszczenica,powiat gorlicki,
253,Uniwersytety trzeciego wieku,2014,gmina,Ropa,powiat gorlicki,
253,Uniwersytety trzeciego wieku,2014,gmina,Sękowa,powiat gorlicki,
253,Uniwersytety trzeciego wieku,2014,gmina,Uście Gorlickie,powiat gorlicki,
253,Uniwersytety trzeciego wieku,2014,powiat,powiat krakowski,powiat krakowski,2
253,Uniwersytety trzeciego wieku,2014,gmina,Czernichów,powiat krakowski,
253,Uniwersytety trzeciego wieku,2014,gmina,Igołomia-Wawrzeńczyce,powiat krakowski,
253,Uniwersytety trzeciego wieku,2014,gmina,Iwanowice,powiat krakowski,
253,Uniwersytety trzeciego wieku,2014,gmina,Jerzmanowice-Przeginia,powiat krakowski,
253,Uniwersytety trzeciego wieku,2014,gmina,Kocmyrzów-Luborzyca,powiat krakowski,
253,Uniwersytety trzeciego wieku,2014,gmina,Krzeszowice,powiat krakowski,
253,Uniwersytety trzeciego wieku,2014,gmina,Liszki,powiat krakowski,
253,Uniwersytety trzeciego wieku,2014,gmina,Michałowice,powiat krakowski,
253,Uniwersytety trzeciego wieku,2014,gmina,Mogilany,powiat krakowski,
253,Uniwersytety trzeciego wieku,2014,gmina,Skała,powiat krakowski,
253,Uniwersytety trzeciego wieku,2014,gmina,Skawina,powiat krakowski,
253,Uniwersytety trzeciego wieku,2014,gmina,Słomniki,powiat krakowski,
253,Uniwersytety trzeciego wieku,2014,gmina,Sułoszowa,powiat krakowski,
253,Uniwersytety trzeciego wieku,2014,gmina,Świątniki Górne,powiat krakowski,
253,Uniwersytety trzeciego wieku,2014,gmina,Wielka Wieś,powiat krakowski,
253,Uniwersytety trzeciego wieku,2014,gmina,Zabierzów,powiat krakowski,
253,Uniwersytety trzeciego wieku,2014,gmina,Zielonki,powiat krakowski,
253,Uniwersytety trzeciego wieku,2014,powiat,powiat limanowski,powiat limanowski,2
253,Uniwersytety trzeciego wieku,2014,gmina,Dobra,powiat limanowski,
253,Uniwersytety trzeciego wieku,2014,gmina,Jodłownik,powiat limanowski,
253,Uniwersytety trzeciego wieku,2014,gmina,Kamienica,powiat limanowski,
253,Uniwersytety trzeciego wieku,2014,gmina,Laskowa,powiat limanowski,
253,Uniwersytety trzeciego wieku,2014,gmina,Limanowa (miasto),powiat limanowski,
253,Uniwersytety trzeciego wieku,2014,gmina,Limanowa (wieś),powiat limanowski,
253,Uniwersytety trzeciego wieku,2014,gmina,Łukowica,powiat limanowski,
253,Uniwersytety trzeciego wieku,2014,gmina,Mszana Dolna (miasto),powiat limanowski,
253,Uniwersytety trzeciego wieku,2014,gmina,Mszana Dolna (wieś),powiat limanowski,
253,Uniwersytety trzeciego wieku,2014,gmina,Niedźwiedź,powiat limanowski,
253,Uniwersytety trzeciego wieku,2014,gmina,Słopnice,powiat limanowski,
253,Uniwersytety trzeciego wieku,2014,gmina,Tymbark,powiat limanowski,
253,Uniwersytety trzeciego wieku,2014,powiat,powiat m. Kraków,powiat m. Kraków,11
253,Uniwersytety trzeciego wieku,2014,powiat,powiat m. Nowy Sącz,powiat m. Nowy Sącz,1
253,Uniwersytety trzeciego wieku,2014,powiat,powiat m. Tarnów,powiat m. Tarnów,2
253,Uniwersytety trzeciego wieku,2014,powiat,powiat miechowski,powiat miechowski,1
253,Uniwersytety trzeciego wieku,2014,gmina,Charsznica,powiat miechowski,
253,Uniwersytety trzeciego wieku,2014,gmina,Gołcza,powiat miechowski,
253,Uniwersytety trzeciego wieku,2014,gmina,Kozłów,powiat miechowski,
253,Uniwersytety trzeciego wieku,2014,gmina,Książ Wielki,powiat miechowski,
253,Uniwersytety trzeciego wieku,2014,gmina,Miechów,powiat miechowski,
253,Uniwersytety trzeciego wieku,2014,gmina,Racławice,powiat miechowski,
253,Uniwersytety trzeciego wieku,2014,gmina,Słaboszów,powiat miechowski,
253,Uniwersytety trzeciego wieku,2014,powiat,powiat myślenicki,powiat myślenicki,2
253,Uniwersytety trzeciego wieku,2014,gmina,Dobczyce,powiat myślenicki,
253,Uniwersytety trzeciego wieku,2014,gmina,Lubień,powiat myślenicki,
253,Uniwersytety trzeciego wieku,2014,gmina,Myślenice,powiat myślenicki,
253,Uniwersytety trzeciego wieku,2014,gmina,Pcim,powiat myślenicki,
253,Uniwersytety trzeciego wieku,2014,gmina,Raciechowice,powiat myślenicki,
253,Uniwersytety trzeciego wieku,2014,gmina,Siepraw,powiat myślenicki,
253,Uniwersytety trzeciego wieku,2014,gmina,Sułkowice,powiat myślenicki,
253,Uniwersytety trzeciego wieku,2014,gmina,Tokarnia,powiat myślenicki,
253,Uniwersytety trzeciego wieku,2014,gmina,Wiśniowa,powiat myślenicki,
253,Uniwersytety trzeciego wieku,2014,powiat,powiat nowosądecki,powiat nowosądecki,1
253,Uniwersytety trzeciego wieku,2014,gmina,Podegrodzie,powiat nowosądecki,
253,Uniwersytety trzeciego wieku,2014,gmina,Rytro,powiat nowosądecki,
253,Uniwersytety trzeciego wieku,2014,gmina,Stary Sącz,powiat nowosądecki,
253,Uniwersytety trzeciego wieku,2014,gmina,Chełmiec,powiat nowosądecki,
253,Uniwersytety trzeciego wieku,2014,gmina,Gródek nad Dunajcem,powiat nowosądecki,
253,Uniwersytety trzeciego wieku,2014,gmina,Grybów (miasto),powiat nowosądecki,
253,Uniwersytety trzeciego wieku,2014,gmina,Grybów (wieś),powiat nowosądecki,
253,Uniwersytety trzeciego wieku,2014,gmina,Kamionka Wielka,powiat nowosądecki,
253,Uniwersytety trzeciego wieku,2014,gmina,Korzenna,powiat nowosądecki,
253,Uniwersytety trzeciego wieku,2014,gmina,Krynica-Zdrój,powiat nowosądecki,
253,Uniwersytety trzeciego wieku,2014,gmina,Łabowa,powiat nowosądecki,
253,Uniwersytety trzeciego wieku,2014,gmina,Łącko,powiat nowosądecki,
253,Uniwersytety trzeciego wieku,2014,gmina,Łososina Dolna,powiat nowosądecki,
253,Uniwersytety trzeciego wieku,2014,gmina,Muszyna,powiat nowosądecki,
253,Uniwersytety trzeciego wieku,2014,gmina,Nawojowa,powiat nowosądecki,
253,Uniwersytety trzeciego wieku,2014,gmina,Piwniczna-Zdrój,powiat nowosądecki,
253,Uniwersytety trzeciego wieku,2014,powiat,powiat nowotarski,powiat nowotarski,2
253,Uniwersytety trzeciego wieku,2014,gmina,Czarny Dunajec,powiat nowotarski,
253,Uniwersytety trzeciego wieku,2014,gmina,Czorsztyn,powiat nowotarski,
253,Uniwersytety trzeciego wieku,2014,gmina,Jabłonka,powiat nowotarski,
253,Uniwersytety trzeciego wieku,2014,gmina,Krościenko nad Dunajcem,powiat nowotarski,
253,Uniwersytety trzeciego wieku,2014,gmina,Lipnica Wielka,powiat nowotarski,
253,Uniwersytety trzeciego wieku,2014,gmina,Łapsze Niżne,powiat nowotarski,
253,Uniwersytety trzeciego wieku,2014,gmina,Nowy Targ (miasto),powiat nowotarski,
253,Uniwersytety trzeciego wieku,2014,gmina,Nowy Targ (wieś),powiat nowotarski,
253,Uniwersytety trzeciego wieku,2014,gmina,Ochotnica Dolna,powiat nowotarski,
253,Uniwersytety trzeciego wieku,2014,gmina,Raba Wyżna,powiat nowotarski,
253,Uniwersytety trzeciego wieku,2014,gmina,Rabka-Zdrój,powiat nowotarski,
253,Uniwersytety trzeciego wieku,2014,gmina,Spytkowice,powiat nowotarski,
253,Uniwersytety trzeciego wieku,2014,gmina,Szaflary,powiat nowotarski,
253,Uniwersytety trzeciego wieku,2014,gmina,Szczawnica,powiat nowotarski,
253,Uniwersytety trzeciego wieku,2014,powiat,powiat olkuski,powiat olkuski,3
253,Uniwersytety trzeciego wieku,2014,gmina,Bolesław,powiat olkuski,
253,Uniwersytety trzeciego wieku,2014,gmina,Bukowno,powiat olkuski,
253,Uniwersytety trzeciego wieku,2014,gmina,Klucze,powiat olkuski,
253,Uniwersytety trzeciego wieku,2014,gmina,Olkusz,powiat olkuski,
253,Uniwersytety trzeciego wieku,2014,gmina,Trzyciąż,powiat olkuski,
253,Uniwersytety trzeciego wieku,2014,gmina,Wolbrom,powiat olkuski,
253,Uniwersytety trzeciego wieku,2014,powiat,powiat oświęcimski,powiat oświęcimski,2
253,Uniwersytety trzeciego wieku,2014,gmina,Brzeszcze,powiat oświęcimski,
253,Uniwersytety trzeciego wieku,2014,gmina,Chełmek,powiat oświęcimski,
253,Uniwersytety trzeciego wieku,2014,gmina,Kęty,powiat oświęcimski,
253,Uniwersytety trzeciego wieku,2014,gmina,Osiek,powiat oświęcimski,
253,Uniwersytety trzeciego wieku,2014,gmina,Oświęcim (miasto),powiat oświęcimski,
253,Uniwersytety trzeciego wieku,2014,gmina,Oświęcim (wieś),powiat oświęcimski,
253,Uniwersytety trzeciego wieku,2014,gmina,Polanka Wielka,powiat oświęcimski,
253,Uniwersytety trzeciego wieku,2014,gmina,Przeciszów,powiat oświęcimski,
253,Uniwersytety trzeciego wieku,2014,gmina,Zator,powiat oświęcimski,
253,Uniwersytety trzeciego wieku,2014,powiat,powiat proszowicki,powiat proszowicki,2
253,Uniwersytety trzeciego wieku,2014,gmina,Koniusza,powiat proszowicki,
253,Uniwersytety trzeciego wieku,2014,gmina,Koszyce,powiat proszowicki,
253,Uniwersytety trzeciego wieku,2014,gmina,Nowe Brzesko,powiat proszowicki,
253,Uniwersytety trzeciego wieku,2014,gmina,Pałecznica,powiat proszowicki,
253,Uniwersytety trzeciego wieku,2014,gmina,Proszowice,powiat proszowicki,
253,Uniwersytety trzeciego wieku,2014,gmina,Radziemice,powiat proszowicki,
253,Uniwersytety trzeciego wieku,2014,powiat,powiat suski,powiat suski,2
253,Uniwersytety trzeciego wieku,2014,gmina,Budzów,powiat suski,
253,Uniwersytety trzeciego wieku,2014,gmina,Bystra-Sidzina,powiat suski,
253,Uniwersytety trzeciego wieku,2014,gmina,Jordanów (miasto),powiat suski,
253,Uniwersytety trzeciego wieku,2014,gmina,Jordanów (wieś),powiat suski,
253,Uniwersytety trzeciego wieku,2014,gmina,Maków Podhalański,powiat suski,
253,Uniwersytety trzeciego wieku,2014,gmina,Stryszawa,powiat suski,
253,Uniwersytety trzeciego wieku,2014,gmina,Sucha Beskidzka,powiat suski,
253,Uniwersytety trzeciego wieku,2014,gmina,Zawoja,powiat suski,
253,Uniwersytety trzeciego wieku,2014,gmina,Zembrzyce,powiat suski,
253,Uniwersytety trzeciego wieku,2014,powiat,powiat tarnowski,powiat tarnowski,0
253,Uniwersytety trzeciego wieku,2014,gmina,Ciężkowice,powiat tarnowski,
253,Uniwersytety trzeciego wieku,2014,gmina,Gromnik,powiat tarnowski,
253,Uniwersytety trzeciego wieku,2014,gmina,Lisia Góra,powiat tarnowski,
253,Uniwersytety trzeciego wieku,2014,gmina,Pleśna,powiat tarnowski,
253,Uniwersytety trzeciego wieku,2014,gmina,Radłów,powiat tarnowski,
253,Uniwersytety trzeciego wieku,2014,gmina,Ryglice,powiat tarnowski,
253,Uniwersytety trzeciego wieku,2014,gmina,Rzepiennik Strzyżewski,powiat tarnowski,
253,Uniwersytety trzeciego wieku,2014,gmina,Skrzyszów,powiat tarnowski,
253,Uniwersytety trzeciego wieku,2014,gmina,Szerzyny,powiat tarnowski,
253,Uniwersytety trzeciego wieku,2014,gmina,Tarnów (wieś),powiat tarnowski,
253,Uniwersytety trzeciego wieku,2014,gmina,Tuchów,powiat tarnowski,
253,Uniwersytety trzeciego wieku,2014,gmina,Wierzchosławice,powiat tarnowski,
253,Uniwersytety trzeciego wieku,2014,gmina,Wietrzychowice,powiat tarnowski,
253,Uniwersytety trzeciego wieku,2014,gmina,Wojnicz,powiat tarnowski,
253,Uniwersytety trzeciego wieku,2014,gmina,Zakliczyn,powiat tarnowski,
253,Uniwersytety trzeciego wieku,2014,gmina,Żabno,powiat tarnowski,
253,Uniwersytety trzeciego wieku,2014,powiat,powiat tatrzański,powiat tatrzański,1
253,Uniwersytety trzeciego wieku,2014,gmina,Biały Dunajec,powiat tatrzański,
253,Uniwersytety trzeciego wieku,2014,gmina,Bukowina Tatrzańska,powiat tatrzański,
253,Uniwersytety trzeciego wieku,2014,gmina,Kościelisko,powiat tatrzański,
253,Uniwersytety trzeciego wieku,2014,gmina,Poronin,powiat tatrzański,
253,Uniwersytety trzeciego wieku,2014,gmina,Zakopane,powiat tatrzański,
253,Uniwersytety trzeciego wieku,2014,powiat,powiat wadowicki,powiat wadowicki,1
253,Uniwersytety trzeciego wieku,2014,gmina,Andrychów,powiat wadowicki,
253,Uniwersytety trzeciego wieku,2014,gmina,Brzeźnica,powiat wadowicki,
253,Uniwersytety trzeciego wieku,2014,gmina,Kalwaria Zebrzydowska,powiat wadowicki,
253,Uniwersytety trzeciego wieku,2014,gmina,Lanckorona,powiat wadowicki,
253,Uniwersytety trzeciego wieku,2014,gmina,Mucharz,powiat wadowicki,
253,Uniwersytety trzeciego wieku,2014,gmina,Spytkowice,powiat wadowicki,
253,Uniwersytety trzeciego wieku,2014,gmina,Stryszów,powiat wadowicki,
253,Uniwersytety trzeciego wieku,2014,gmina,Tomice,powiat wadowicki,
253,Uniwersytety trzeciego wieku,2014,gmina,Wadowice,powiat wadowicki,
253,Uniwersytety trzeciego wieku,2014,gmina,Wieprz,powiat wadowicki,
253,Uniwersytety trzeciego wieku,2014,powiat,powiat wielicki,powiat wielicki,4
253,Uniwersytety trzeciego wieku,2014,gmina,Biskupice,powiat wielicki,
253,Uniwersytety trzeciego wieku,2014,gmina,Gdów,powiat wielicki,
253,Uniwersytety trzeciego wieku,2014,gmina,Kłaj,powiat wielicki,
253,Uniwersytety trzeciego wieku,2014,gmina,Niepołomice,powiat wielicki,
253,Uniwersytety trzeciego wieku,2014,gmina,Wieliczka,powiat wielicki,
253,Uniwersytety trzeciego wieku,2013,powiat,powiat bocheński,powiat bocheński,4
253,Uniwersytety trzeciego wieku,2013,gmina,Bochnia (miasto),powiat bocheński,
253,Uniwersytety trzeciego wieku,2013,gmina,Bochnia (wieś),powiat bocheński,
253,Uniwersytety trzeciego wieku,2013,gmina,Drwinia,powiat bocheński,
253,Uniwersytety trzeciego wieku,2013,gmina,Lipnica Murowana,powiat bocheński,
253,Uniwersytety trzeciego wieku,2013,gmina,Łapanów,powiat bocheński,
253,Uniwersytety trzeciego wieku,2013,gmina,Nowy Wiśnicz,powiat bocheński,
253,Uniwersytety trzeciego wieku,2013,gmina,Rzezawa,powiat bocheński,
253,Uniwersytety trzeciego wieku,2013,gmina,Trzciana,powiat bocheński,
253,Uniwersytety trzeciego wieku,2013,gmina,Żegocina,powiat bocheński,
253,Uniwersytety trzeciego wieku,2013,powiat,powiat brzeski,powiat brzeski,2
253,Uniwersytety trzeciego wieku,2013,gmina,Borzęcin,powiat brzeski,
253,Uniwersytety trzeciego wieku,2013,gmina,Brzesko,powiat brzeski,
253,Uniwersytety trzeciego wieku,2013,gmina,Czchów,powiat brzeski,
253,Uniwersytety trzeciego wieku,2013,gmina,Dębno,powiat brzeski,
253,Uniwersytety trzeciego wieku,2013,gmina,Gnojnik,powiat brzeski,
253,Uniwersytety trzeciego wieku,2013,gmina,Iwkowa,powiat brzeski,
253,Uniwersytety trzeciego wieku,2013,gmina,Szczurowa,powiat brzeski,
253,Uniwersytety trzeciego wieku,2013,powiat,powiat chrzanowski,powiat chrzanowski,2
253,Uniwersytety trzeciego wieku,2013,gmina,Alwernia,powiat chrzanowski,
253,Uniwersytety trzeciego wieku,2013,gmina,Babice,powiat chrzanowski,
253,Uniwersytety trzeciego wieku,2013,gmina,Chrzanów,powiat chrzanowski,
253,Uniwersytety trzeciego wieku,2013,gmina,Libiąż,powiat chrzanowski,
253,Uniwersytety trzeciego wieku,2013,gmina,Trzebinia,powiat chrzanowski,
253,Uniwersytety trzeciego wieku,2013,powiat,powiat dąbrowski,powiat dąbrowski,1
253,Uniwersytety trzeciego wieku,2013,gmina,Bolesław,powiat dąbrowski,
253,Uniwersytety trzeciego wieku,2013,gmina,Dąbrowa Tarnowska,powiat dąbrowski,
253,Uniwersytety trzeciego wieku,2013,gmina,Gręboszów,powiat dąbrowski,
253,Uniwersytety trzeciego wieku,2013,gmina,Mędrzechów,powiat dąbrowski,
253,Uniwersytety trzeciego wieku,2013,gmina,Olesno,powiat dąbrowski,
253,Uniwersytety trzeciego wieku,2013,gmina,Radgoszcz,powiat dąbrowski,
253,Uniwersytety trzeciego wieku,2013,gmina,Szczucin,powiat dąbrowski,
253,Uniwersytety trzeciego wieku,2013,powiat,powiat gorlicki,powiat gorlicki,2
253,Uniwersytety trzeciego wieku,2013,gmina,Biecz,powiat gorlicki,
253,Uniwersytety trzeciego wieku,2013,gmina,Bobowa,powiat gorlicki,
253,Uniwersytety trzeciego wieku,2013,gmina,Gorlice (miasto),powiat gorlicki,
253,Uniwersytety trzeciego wieku,2013,gmina,Gorlice (wieś),powiat gorlicki,
253,Uniwersytety trzeciego wieku,2013,gmina,Lipinki,powiat gorlicki,
253,Uniwersytety trzeciego wieku,2013,gmina,Łużna,powiat gorlicki,
253,Uniwersytety trzeciego wieku,2013,gmina,Moszczenica,powiat gorlicki,
253,Uniwersytety trzeciego wieku,2013,gmina,Ropa,powiat gorlicki,
253,Uniwersytety trzeciego wieku,2013,gmina,Sękowa,powiat gorlicki,
253,Uniwersytety trzeciego wieku,2013,gmina,Uście Gorlickie,powiat gorlicki,
253,Uniwersytety trzeciego wieku,2013,powiat,powiat krakowski,powiat krakowski,2
253,Uniwersytety trzeciego wieku,2013,gmina,Czernichów,powiat krakowski,
253,Uniwersytety trzeciego wieku,2013,gmina,Igołomia-Wawrzeńczyce,powiat krakowski,
253,Uniwersytety trzeciego wieku,2013,gmina,Iwanowice,powiat krakowski,
253,Uniwersytety trzeciego wieku,2013,gmina,Jerzmanowice-Przeginia,powiat krakowski,
253,Uniwersytety trzeciego wieku,2013,gmina,Kocmyrzów-Luborzyca,powiat krakowski,
253,Uniwersytety trzeciego wieku,2013,gmina,Krzeszowice,powiat krakowski,
253,Uniwersytety trzeciego wieku,2013,gmina,Liszki,powiat krakowski,
253,Uniwersytety trzeciego wieku,2013,gmina,Michałowice,powiat krakowski,
253,Uniwersytety trzeciego wieku,2013,gmina,Mogilany,powiat krakowski,
253,Uniwersytety trzeciego wieku,2013,gmina,Skała,powiat krakowski,
253,Uniwersytety trzeciego wieku,2013,gmina,Skawina,powiat krakowski,
253,Uniwersytety trzeciego wieku,2013,gmina,Słomniki,powiat krakowski,
253,Uniwersytety trzeciego wieku,2013,gmina,Sułoszowa,powiat krakowski,
253,Uniwersytety trzeciego wieku,2013,gmina,Świątniki Górne,powiat krakowski,
253,Uniwersytety trzeciego wieku,2013,gmina,Wielka Wieś,powiat krakowski,
253,Uniwersytety trzeciego wieku,2013,gmina,Zabierzów,powiat krakowski,
253,Uniwersytety trzeciego wieku,2013,gmina,Zielonki,powiat krakowski,
253,Uniwersytety trzeciego wieku,2013,powiat,powiat limanowski,powiat limanowski,1
253,Uniwersytety trzeciego wieku,2013,gmina,Dobra,powiat limanowski,
253,Uniwersytety trzeciego wieku,2013,gmina,Jodłownik,powiat limanowski,
253,Uniwersytety trzeciego wieku,2013,gmina,Kamienica,powiat limanowski,
253,Uniwersytety trzeciego wieku,2013,gmina,Laskowa,powiat limanowski,
253,Uniwersytety trzeciego wieku,2013,gmina,Limanowa (miasto),powiat limanowski,
253,Uniwersytety trzeciego wieku,2013,gmina,Limanowa (wieś),powiat limanowski,
253,Uniwersytety trzeciego wieku,2013,gmina,Łukowica,powiat limanowski,
253,Uniwersytety trzeciego wieku,2013,gmina,Mszana Dolna (miasto),powiat limanowski,
253,Uniwersytety trzeciego wieku,2013,gmina,Mszana Dolna (wieś),powiat limanowski,
253,Uniwersytety trzeciego wieku,2013,gmina,Niedźwiedź,powiat limanowski,
253,Uniwersytety trzeciego wieku,2013,gmina,Słopnice,powiat limanowski,
253,Uniwersytety trzeciego wieku,2013,gmina,Tymbark,powiat limanowski,
253,Uniwersytety trzeciego wieku,2013,powiat,powiat m. Kraków,powiat m. Kraków,11
253,Uniwersytety trzeciego wieku,2013,powiat,powiat m. Nowy Sącz,powiat m. Nowy Sącz,2
253,Uniwersytety trzeciego wieku,2013,powiat,powiat m. Tarnów,powiat m. Tarnów,2
253,Uniwersytety trzeciego wieku,2013,powiat,powiat miechowski,powiat miechowski,1
253,Uniwersytety trzeciego wieku,2013,gmina,Charsznica,powiat miechowski,
253,Uniwersytety trzeciego wieku,2013,gmina,Gołcza,powiat miechowski,
253,Uniwersytety trzeciego wieku,2013,gmina,Kozłów,powiat miechowski,
253,Uniwersytety trzeciego wieku,2013,gmina,Książ Wielki,powiat miechowski,
253,Uniwersytety trzeciego wieku,2013,gmina,Miechów,powiat miechowski,
253,Uniwersytety trzeciego wieku,2013,gmina,Racławice,powiat miechowski,
253,Uniwersytety trzeciego wieku,2013,gmina,Słaboszów,powiat miechowski,
253,Uniwersytety trzeciego wieku,2013,powiat,powiat myślenicki,powiat myślenicki,1
253,Uniwersytety trzeciego wieku,2013,gmina,Dobczyce,powiat myślenicki,
253,Uniwersytety trzeciego wieku,2013,gmina,Lubień,powiat myślenicki,
253,Uniwersytety trzeciego wieku,2013,gmina,Myślenice,powiat myślenicki,
253,Uniwersytety trzeciego wieku,2013,gmina,Pcim,powiat myślenicki,
253,Uniwersytety trzeciego wieku,2013,gmina,Raciechowice,powiat myślenicki,
253,Uniwersytety trzeciego wieku,2013,gmina,Siepraw,powiat myślenicki,
253,Uniwersytety trzeciego wieku,2013,gmina,Sułkowice,powiat myślenicki,
253,Uniwersytety trzeciego wieku,2013,gmina,Tokarnia,powiat myślenicki,
253,Uniwersytety trzeciego wieku,2013,gmina,Wiśniowa,powiat myślenicki,
253,Uniwersytety trzeciego wieku,2013,powiat,powiat nowosądecki,powiat nowosądecki,1
253,Uniwersytety trzeciego wieku,2013,gmina,Podegrodzie,powiat nowosądecki,
253,Uniwersytety trzeciego wieku,2013,gmina,Rytro,powiat nowosądecki,
253,Uniwersytety trzeciego wieku,2013,gmina,Stary Sącz,powiat nowosądecki,
253,Uniwersytety trzeciego wieku,2013,gmina,Chełmiec,powiat nowosądecki,
253,Uniwersytety trzeciego wieku,2013,gmina,Gródek nad Dunajcem,powiat nowosądecki,
253,Uniwersytety trzeciego wieku,2013,gmina,Grybów (miasto),powiat nowosądecki,
253,Uniwersytety trzeciego wieku,2013,gmina,Grybów (wieś),powiat nowosądecki,
253,Uniwersytety trzeciego wieku,2013,gmina,Kamionka Wielka,powiat nowosądecki,
253,Uniwersytety trzeciego wieku,2013,gmina,Korzenna,powiat nowosądecki,
253,Uniwersytety trzeciego wieku,2013,gmina,Krynica-Zdrój,powiat nowosądecki,
253,Uniwersytety trzeciego wieku,2013,gmina,Łabowa,powiat nowosądecki,
253,Uniwersytety trzeciego wieku,2013,gmina,Łącko,powiat nowosądecki,
253,Uniwersytety trzeciego wieku,2013,gmina,Łososina Dolna,powiat nowosądecki,
253,Uniwersytety trzeciego wieku,2013,gmina,Muszyna,powiat nowosądecki,
253,Uniwersytety trzeciego wieku,2013,gmina,Nawojowa,powiat nowosądecki,
253,Uniwersytety trzeciego wieku,2013,gmina,Piwniczna-Zdrój,powiat nowosądecki,
253,Uniwersytety trzeciego wieku,2013,powiat,powiat nowotarski,powiat nowotarski,2
253,Uniwersytety trzeciego wieku,2013,gmina,Czarny Dunajec,powiat nowotarski,
253,Uniwersytety trzeciego wieku,2013,gmina,Czorsztyn,powiat nowotarski,
253,Uniwersytety trzeciego wieku,2013,gmina,Jabłonka,powiat nowotarski,
253,Uniwersytety trzeciego wieku,2013,gmina,Krościenko nad Dunajcem,powiat nowotarski,
253,Uniwersytety trzeciego wieku,2013,gmina,Lipnica Wielka,powiat nowotarski,
253,Uniwersytety trzeciego wieku,2013,gmina,Łapsze Niżne,powiat nowotarski,
253,Uniwersytety trzeciego wieku,2013,gmina,Nowy Targ (miasto),powiat nowotarski,
253,Uniwersytety trzeciego wieku,2013,gmina,Nowy Targ (wieś),powiat nowotarski,
253,Uniwersytety trzeciego wieku,2013,gmina,Ochotnica Dolna,powiat nowotarski,
253,Uniwersytety trzeciego wieku,2013,gmina,Raba Wyżna,powiat nowotarski,
253,Uniwersytety trzeciego wieku,2013,gmina,Rabka-Zdrój,powiat nowotarski,
253,Uniwersytety trzeciego wieku,2013,gmina,Spytkowice,powiat nowotarski,
253,Uniwersytety trzeciego wieku,2013,gmina,Szaflary,powiat nowotarski,
253,Uniwersytety trzeciego wieku,2013,gmina,Szczawnica,powiat nowotarski,
253,Uniwersytety trzeciego wieku,2013,powiat,powiat olkuski,powiat olkuski,3
253,Uniwersytety trzeciego wieku,2013,gmina,Bolesław,powiat olkuski,
253,Uniwersytety trzeciego wieku,2013,gmina,Bukowno,powiat olkuski,
253,Uniwersytety trzeciego wieku,2013,gmina,Klucze,powiat olkuski,
253,Uniwersytety trzeciego wieku,2013,gmina,Olkusz,powiat olkuski,
253,Uniwersytety trzeciego wieku,2013,gmina,Trzyciąż,powiat olkuski,
253,Uniwersytety trzeciego wieku,2013,gmina,Wolbrom,powiat olkuski,
253,Uniwersytety trzeciego wieku,2013,powiat,powiat oświęcimski,powiat oświęcimski,2
253,Uniwersytety trzeciego wieku,2013,gmina,Brzeszcze,powiat oświęcimski,
253,Uniwersytety trzeciego wieku,2013,gmina,Chełmek,powiat oświęcimski,
253,Uniwersytety trzeciego wieku,2013,gmina,Kęty,powiat oświęcimski,
253,Uniwersytety trzeciego wieku,2013,gmina,Osiek,powiat oświęcimski,
253,Uniwersytety trzeciego wieku,2013,gmina,Oświęcim (miasto),powiat oświęcimski,
253,Uniwersytety trzeciego wieku,2013,gmina,Oświęcim (wieś),powiat oświęcimski,
253,Uniwersytety trzeciego wieku,2013,gmina,Polanka Wielka,powiat oświęcimski,
253,Uniwersytety trzeciego wieku,2013,gmina,Przeciszów,powiat oświęcimski,
253,Uniwersytety trzeciego wieku,2013,gmina,Zator,powiat oświęcimski,
253,Uniwersytety trzeciego wieku,2013,powiat,powiat proszowicki,powiat proszowicki,2
253,Uniwersytety trzeciego wieku,2013,gmina,Koniusza,powiat proszowicki,
253,Uniwersytety trzeciego wieku,2013,gmina,Koszyce,powiat proszowicki,
253,Uniwersytety trzeciego wieku,2013,gmina,Nowe Brzesko,powiat proszowicki,
253,Uniwersytety trzeciego wieku,2013,gmina,Pałecznica,powiat proszowicki,
253,Uniwersytety trzeciego wieku,2013,gmina,Proszowice,powiat proszowicki,
253,Uniwersytety trzeciego wieku,2013,gmina,Radziemice,powiat proszowicki,
253,Uniwersytety trzeciego wieku,2013,powiat,powiat suski,powiat suski,2
253,Uniwersytety trzeciego wieku,2013,gmina,Budzów,powiat suski,
253,Uniwersytety trzeciego wieku,2013,gmina,Bystra-Sidzina,powiat suski,
253,Uniwersytety trzeciego wieku,2013,gmina,Jordanów (miasto),powiat suski,
253,Uniwersytety trzeciego wieku,2013,gmina,Jordanów (wieś),powiat suski,
253,Uniwersytety trzeciego wieku,2013,gmina,Maków Podhalański,powiat suski,
253,Uniwersytety trzeciego wieku,2013,gmina,Stryszawa,powiat suski,
253,Uniwersytety trzeciego wieku,2013,gmina,Sucha Beskidzka,powiat suski,
253,Uniwersytety trzeciego wieku,2013,gmina,Zawoja,powiat suski,
253,Uniwersytety trzeciego wieku,2013,gmina,Zembrzyce,powiat suski,
253,Uniwersytety trzeciego wieku,2013,powiat,powiat tarnowski,powiat tarnowski,0
253,Uniwersytety trzeciego wieku,2013,gmina,Ciężkowice,powiat tarnowski,
253,Uniwersytety trzeciego wieku,2013,gmina,Gromnik,powiat tarnowski,
253,Uniwersytety trzeciego wieku,2013,gmina,Lisia Góra,powiat tarnowski,
253,Uniwersytety trzeciego wieku,2013,gmina,Pleśna,powiat tarnowski,
253,Uniwersytety trzeciego wieku,2013,gmina,Radłów,powiat tarnowski,
253,Uniwersytety trzeciego wieku,2013,gmina,Ryglice,powiat tarnowski,
253,Uniwersytety trzeciego wieku,2013,gmina,Rzepiennik Strzyżewski,powiat tarnowski,
253,Uniwersytety trzeciego wieku,2013,gmina,Skrzyszów,powiat tarnowski,
253,Uniwersytety trzeciego wieku,2013,gmina,Szerzyny,powiat tarnowski,
253,Uniwersytety trzeciego wieku,2013,gmina,Tarnów (wieś),powiat tarnowski,
253,Uniwersytety trzeciego wieku,2013,gmina,Tuchów,powiat tarnowski,
253,Uniwersytety trzeciego wieku,2013,gmina,Wierzchosławice,powiat tarnowski,
253,Uniwersytety trzeciego wieku,2013,gmina,Wietrzychowice,powiat tarnowski,
253,Uniwersytety trzeciego wieku,2013,gmina,Wojnicz,powiat tarnowski,
253,Uniwersytety trzeciego wieku,2013,gmina,Zakliczyn,powiat tarnowski,
253,Uniwersytety trzeciego wieku,2013,gmina,Żabno,powiat tarnowski,
253,Uniwersytety trzeciego wieku,2013,powiat,powiat tatrzański,powiat tatrzański,1
253,Uniwersytety trzeciego wieku,2013,gmina,Biały Dunajec,powiat tatrzański,
253,Uniwersytety trzeciego wieku,2013,gmina,Bukowina Tatrzańska,powiat tatrzański,
253,Uniwersytety trzeciego wieku,2013,gmina,Kościelisko,powiat tatrzański,
253,Uniwersytety trzeciego wieku,2013,gmina,Poronin,powiat tatrzański,
253,Uniwersytety trzeciego wieku,2013,gmina,Zakopane,powiat tatrzański,
253,Uniwersytety trzeciego wieku,2013,powiat,powiat wadowicki,powiat wadowicki,1
253,Uniwersytety trzeciego wieku,2013,gmina,Andrychów,powiat wadowicki,
253,Uniwersytety trzeciego wieku,2013,gmina,Brzeźnica,powiat wadowicki,
253,Uniwersytety trzeciego wieku,2013,gmina,Kalwaria Zebrzydowska,powiat wadowicki,
253,Uniwersytety trzeciego wieku,2013,gmina,Lanckorona,powiat wadowicki,
253,Uniwersytety trzeciego wieku,2013,gmina,Mucharz,powiat wadowicki,
253,Uniwersytety trzeciego wieku,2013,gmina,Spytkowice,powiat wadowicki,
253,Uniwersytety trzeciego wieku,2013,gmina,Stryszów,powiat wadowicki,
253,Uniwersytety trzeciego wieku,2013,gmina,Tomice,powiat wadowicki,
253,Uniwersytety trzeciego wieku,2013,gmina,Wadowice,powiat wadowicki,
253,Uniwersytety trzeciego wieku,2013,gmina,Wieprz,powiat wadowicki,
253,Uniwersytety trzeciego wieku,2013,powiat,powiat wielicki,powiat wielicki,4
253,Uniwersytety trzeciego wieku,2013,gmina,Biskupice,powiat wielicki,
253,Uniwersytety trzeciego wieku,2013,gmina,Gdów,powiat wielicki,
253,Uniwersytety trzeciego wieku,2013,gmina,Kłaj,powiat wielicki,
253,Uniwersytety trzeciego wieku,2013,gmina,Niepołomice,powiat wielicki,
253,Uniwersytety trzeciego wieku,2013,gmina,Wieliczka,powiat wielicki,
253,Uniwersytety trzeciego wieku,2012,powiat,powiat bocheński,powiat bocheński,1
253,Uniwersytety trzeciego wieku,2012,gmina,Bochnia (miasto),powiat bocheński,
253,Uniwersytety trzeciego wieku,2012,gmina,Bochnia (wieś),powiat bocheński,
253,Uniwersytety trzeciego wieku,2012,gmina,Drwinia,powiat bocheński,
253,Uniwersytety trzeciego wieku,2012,gmina,Lipnica Murowana,powiat bocheński,
253,Uniwersytety trzeciego wieku,2012,gmina,Łapanów,powiat bocheński,
253,Uniwersytety trzeciego wieku,2012,gmina,Nowy Wiśnicz,powiat bocheński,
253,Uniwersytety trzeciego wieku,2012,gmina,Rzezawa,powiat bocheński,
253,Uniwersytety trzeciego wieku,2012,gmina,Trzciana,powiat bocheński,
253,Uniwersytety trzeciego wieku,2012,gmina,Żegocina,powiat bocheński,
253,Uniwersytety trzeciego wieku,2012,powiat,powiat brzeski,powiat brzeski,2
253,Uniwersytety trzeciego wieku,2012,gmina,Borzęcin,powiat brzeski,
253,Uniwersytety trzeciego wieku,2012,gmina,Brzesko,powiat brzeski,
253,Uniwersytety trzeciego wieku,2012,gmina,Czchów,powiat brzeski,
253,Uniwersytety trzeciego wieku,2012,gmina,Dębno,powiat brzeski,
253,Uniwersytety trzeciego wieku,2012,gmina,Gnojnik,powiat brzeski,
253,Uniwersytety trzeciego wieku,2012,gmina,Iwkowa,powiat brzeski,
253,Uniwersytety trzeciego wieku,2012,gmina,Szczurowa,powiat brzeski,
253,Uniwersytety trzeciego wieku,2012,powiat,powiat chrzanowski,powiat chrzanowski,2
253,Uniwersytety trzeciego wieku,2012,gmina,Alwernia,powiat chrzanowski,
253,Uniwersytety trzeciego wieku,2012,gmina,Babice,powiat chrzanowski,
253,Uniwersytety trzeciego wieku,2012,gmina,Chrzanów,powiat chrzanowski,
253,Uniwersytety trzeciego wieku,2012,gmina,Libiąż,powiat chrzanowski,
253,Uniwersytety trzeciego wieku,2012,gmina,Trzebinia,powiat chrzanowski,
253,Uniwersytety trzeciego wieku,2012,powiat,powiat dąbrowski,powiat dąbrowski,1
253,Uniwersytety trzeciego wieku,2012,gmina,Bolesław,powiat dąbrowski,
253,Uniwersytety trzeciego wieku,2012,gmina,Dąbrowa Tarnowska,powiat dąbrowski,
253,Uniwersytety trzeciego wieku,2012,gmina,Gręboszów,powiat dąbrowski,
253,Uniwersytety trzeciego wieku,2012,gmina,Mędrzechów,powiat dąbrowski,
253,Uniwersytety trzeciego wieku,2012,gmina,Olesno,powiat dąbrowski,
253,Uniwersytety trzeciego wieku,2012,gmina,Radgoszcz,powiat dąbrowski,
253,Uniwersytety trzeciego wieku,2012,gmina,Szczucin,powiat dąbrowski,
253,Uniwersytety trzeciego wieku,2012,powiat,powiat gorlicki,powiat gorlicki,1
253,Uniwersytety trzeciego wieku,2012,gmina,Biecz,powiat gorlicki,
253,Uniwersytety trzeciego wieku,2012,gmina,Bobowa,powiat gorlicki,
253,Uniwersytety trzeciego wieku,2012,gmina,Gorlice (miasto),powiat gorlicki,
253,Uniwersytety trzeciego wieku,2012,gmina,Gorlice (wieś),powiat gorlicki,
253,Uniwersytety trzeciego wieku,2012,gmina,Lipinki,powiat gorlicki,
253,Uniwersytety trzeciego wieku,2012,gmina,Łużna,powiat gorlicki,
253,Uniwersytety trzeciego wieku,2012,gmina,Moszczenica,powiat gorlicki,
253,Uniwersytety trzeciego wieku,2012,gmina,Ropa,powiat gorlicki,
253,Uniwersytety trzeciego wieku,2012,gmina,Sękowa,powiat gorlicki,
253,Uniwersytety trzeciego wieku,2012,gmina,Uście Gorlickie,powiat gorlicki,
253,Uniwersytety trzeciego wieku,2012,powiat,powiat krakowski,powiat krakowski,1
253,Uniwersytety trzeciego wieku,2012,gmina,Czernichów,powiat krakowski,
253,Uniwersytety trzeciego wieku,2012,gmina,Igołomia-Wawrzeńczyce,powiat krakowski,
253,Uniwersytety trzeciego wieku,2012,gmina,Iwanowice,powiat krakowski,
253,Uniwersytety trzeciego wieku,2012,gmina,Jerzmanowice-Przeginia,powiat krakowski,
253,Uniwersytety trzeciego wieku,2012,gmina,Kocmyrzów-Luborzyca,powiat krakowski,
253,Uniwersytety trzeciego wieku,2012,gmina,Krzeszowice,powiat krakowski,
253,Uniwersytety trzeciego wieku,2012,gmina,Liszki,powiat krakowski,
253,Uniwersytety trzeciego wieku,2012,gmina,Michałowice,powiat krakowski,
253,Uniwersytety trzeciego wieku,2012,gmina,Mogilany,powiat krakowski,
253,Uniwersytety trzeciego wieku,2012,gmina,Skała,powiat krakowski,
253,Uniwersytety trzeciego wieku,2012,gmina,Skawina,powiat krakowski,
253,Uniwersytety trzeciego wieku,2012,gmina,Słomniki,powiat krakowski,
253,Uniwersytety trzeciego wieku,2012,gmina,Sułoszowa,powiat krakowski,
253,Uniwersytety trzeciego wieku,2012,gmina,Świątniki Górne,powiat krakowski,
253,Uniwersytety trzeciego wieku,2012,gmina,Wielka Wieś,powiat krakowski,
253,Uniwersytety trzeciego wieku,2012,gmina,Zabierzów,powiat krakowski,
253,Uniwersytety trzeciego wieku,2012,gmina,Zielonki,powiat krakowski,
253,Uniwersytety trzeciego wieku,2012,powiat,powiat limanowski,powiat limanowski,1
253,Uniwersytety trzeciego wieku,2012,gmina,Dobra,powiat limanowski,
253,Uniwersytety trzeciego wieku,2012,gmina,Jodłownik,powiat limanowski,
253,Uniwersytety trzeciego wieku,2012,gmina,Kamienica,powiat limanowski,
253,Uniwersytety trzeciego wieku,2012,gmina,Laskowa,powiat limanowski,
253,Uniwersytety trzeciego wieku,2012,gmina,Limanowa (miasto),powiat limanowski,
253,Uniwersytety trzeciego wieku,2012,gmina,Limanowa (wieś),powiat limanowski,
253,Uniwersytety trzeciego wieku,2012,gmina,Łukowica,powiat limanowski,
253,Uniwersytety trzeciego wieku,2012,gmina,Mszana Dolna (miasto),powiat limanowski,
253,Uniwersytety trzeciego wieku,2012,gmina,Mszana Dolna (wieś),powiat limanowski,
253,Uniwersytety trzeciego wieku,2012,gmina,Niedźwiedź,powiat limanowski,
253,Uniwersytety trzeciego wieku,2012,gmina,Słopnice,powiat limanowski,
253,Uniwersytety trzeciego wieku,2012,gmina,Tymbark,powiat limanowski,
253,Uniwersytety trzeciego wieku,2012,powiat,powiat m. Kraków,powiat m. Kraków,10
253,Uniwersytety trzeciego wieku,2012,powiat,powiat m. Nowy Sącz,powiat m. Nowy Sącz,2
253,Uniwersytety trzeciego wieku,2012,powiat,powiat m. Tarnów,powiat m. Tarnów,2
253,Uniwersytety trzeciego wieku,2012,powiat,powiat miechowski,powiat miechowski,1
253,Uniwersytety trzeciego wieku,2012,gmina,Charsznica,powiat miechowski,
253,Uniwersytety trzeciego wieku,2012,gmina,Gołcza,powiat miechowski,
253,Uniwersytety trzeciego wieku,2012,gmina,Kozłów,powiat miechowski,
253,Uniwersytety trzeciego wieku,2012,gmina,Książ Wielki,powiat miechowski,
253,Uniwersytety trzeciego wieku,2012,gmina,Miechów,powiat miechowski,
253,Uniwersytety trzeciego wieku,2012,gmina,Racławice,powiat miechowski,
253,Uniwersytety trzeciego wieku,2012,gmina,Słaboszów,powiat miechowski,
253,Uniwersytety trzeciego wieku,2012,powiat,powiat myślenicki,powiat myślenicki,1
253,Uniwersytety trzeciego wieku,2012,gmina,Dobczyce,powiat myślenicki,
253,Uniwersytety trzeciego wieku,2012,gmina,Lubień,powiat myślenicki,
253,Uniwersytety trzeciego wieku,2012,gmina,Myślenice,powiat myślenicki,
253,Uniwersytety trzeciego wieku,2012,gmina,Pcim,powiat myślenicki,
253,Uniwersytety trzeciego wieku,2012,gmina,Raciechowice,powiat myślenicki,
253,Uniwersytety trzeciego wieku,2012,gmina,Siepraw,powiat myślenicki,
253,Uniwersytety trzeciego wieku,2012,gmina,Sułkowice,powiat myślenicki,
253,Uniwersytety trzeciego wieku,2012,gmina,Tokarnia,powiat myślenicki,
253,Uniwersytety trzeciego wieku,2012,gmina,Wiśniowa,powiat myślenicki,
253,Uniwersytety trzeciego wieku,2012,powiat,powiat nowosądecki,powiat nowosądecki,1
253,Uniwersytety trzeciego wieku,2012,gmina,Podegrodzie,powiat nowosądecki,
253,Uniwersytety trzeciego wieku,2012,gmina,Rytro,powiat nowosądecki,
253,Uniwersytety trzeciego wieku,2012,gmina,Stary Sącz,powiat nowosądecki,
253,Uniwersytety trzeciego wieku,2012,gmina,Chełmiec,powiat nowosądecki,
253,Uniwersytety trzeciego wieku,2012,gmina,Gródek nad Dunajcem,powiat nowosądecki,
253,Uniwersytety trzeciego wieku,2012,gmina,Grybów (miasto),powiat nowosądecki,
253,Uniwersytety trzeciego wieku,2012,gmina,Grybów (wieś),powiat nowosądecki,
253,Uniwersytety trzeciego wieku,2012,gmina,Kamionka Wielka,powiat nowosądecki,
253,Uniwersytety trzeciego wieku,2012,gmina,Korzenna,powiat nowosądecki,
253,Uniwersytety trzeciego wieku,2012,gmina,Krynica-Zdrój,powiat nowosądecki,
253,Uniwersytety trzeciego wieku,2012,gmina,Łabowa,powiat nowosądecki,
253,Uniwersytety trzeciego wieku,2012,gmina,Łącko,powiat nowosądecki,
253,Uniwersytety trzeciego wieku,2012,gmina,Łososina Dolna,powiat nowosądecki,
253,Uniwersytety trzeciego wieku,2012,gmina,Muszyna,powiat nowosądecki,
253,Uniwersytety trzeciego wieku,2012,gmina,Nawojowa,powiat nowosądecki,
253,Uniwersytety trzeciego wieku,2012,gmina,Piwniczna-Zdrój,powiat nowosądecki,
253,Uniwersytety trzeciego wieku,2012,powiat,powiat nowotarski,powiat nowotarski,2
253,Uniwersytety trzeciego wieku,2012,gmina,Czarny Dunajec,powiat nowotarski,
253,Uniwersytety trzeciego wieku,2012,gmina,Czorsztyn,powiat nowotarski,
253,Uniwersytety trzeciego wieku,2012,gmina,Jabłonka,powiat nowotarski,
253,Uniwersytety trzeciego wieku,2012,gmina,Krościenko nad Dunajcem,powiat nowotarski,
253,Uniwersytety trzeciego wieku,2012,gmina,Lipnica Wielka,powiat nowotarski,
253,Uniwersytety trzeciego wieku,2012,gmina,Łapsze Niżne,powiat nowotarski,
253,Uniwersytety trzeciego wieku,2012,gmina,Nowy Targ (miasto),powiat nowotarski,
253,Uniwersytety trzeciego wieku,2012,gmina,Nowy Targ (wieś),powiat nowotarski,
253,Uniwersytety trzeciego wieku,2012,gmina,Ochotnica Dolna,powiat nowotarski,
253,Uniwersytety trzeciego wieku,2012,gmina,Raba Wyżna,powiat nowotarski,
253,Uniwersytety trzeciego wieku,2012,gmina,Rabka-Zdrój,powiat nowotarski,
253,Uniwersytety trzeciego wieku,2012,gmina,Spytkowice,powiat nowotarski,
253,Uniwersytety trzeciego wieku,2012,gmina,Szaflary,powiat nowotarski,
253,Uniwersytety trzeciego wieku,2012,gmina,Szczawnica,powiat nowotarski,
253,Uniwersytety trzeciego wieku,2012,powiat,powiat olkuski,powiat olkuski,3
253,Uniwersytety trzeciego wieku,2012,gmina,Bolesław,powiat olkuski,
253,Uniwersytety trzeciego wieku,2012,gmina,Bukowno,powiat olkuski,
253,Uniwersytety trzeciego wieku,2012,gmina,Klucze,powiat olkuski,
253,Uniwersytety trzeciego wieku,2012,gmina,Olkusz,powiat olkuski,
253,Uniwersytety trzeciego wieku,2012,gmina,Trzyciąż,powiat olkuski,
253,Uniwersytety trzeciego wieku,2012,gmina,Wolbrom,powiat olkuski,
253,Uniwersytety trzeciego wieku,2012,powiat,powiat oświęcimski,powiat oświęcimski,2
253,Uniwersytety trzeciego wieku,2012,gmina,Brzeszcze,powiat oświęcimski,
253,Uniwersytety trzeciego wieku,2012,gmina,Chełmek,powiat oświęcimski,
253,Uniwersytety trzeciego wieku,2012,gmina,Kęty,powiat oświęcimski,
253,Uniwersytety trzeciego wieku,2012,gmina,Osiek,powiat oświęcimski,
253,Uniwersytety trzeciego wieku,2012,gmina,Oświęcim (miasto),powiat oświęcimski,
253,Uniwersytety trzeciego wieku,2012,gmina,Oświęcim (wieś),powiat oświęcimski,
253,Uniwersytety trzeciego wieku,2012,gmina,Polanka Wielka,powiat oświęcimski,
253,Uniwersytety trzeciego wieku,2012,gmina,Przeciszów,powiat oświęcimski,
253,Uniwersytety trzeciego wieku,2012,gmina,Zator,powiat oświęcimski,
253,Uniwersytety trzeciego wieku,2012,powiat,powiat proszowicki,powiat proszowicki,1
253,Uniwersytety trzeciego wieku,2012,gmina,Koniusza,powiat proszowicki,
253,Uniwersytety trzeciego wieku,2012,gmina,Koszyce,powiat proszowicki,
253,Uniwersytety trzeciego wieku,2012,gmina,Nowe Brzesko,powiat proszowicki,
253,Uniwersytety trzeciego wieku,2012,gmina,Pałecznica,powiat proszowicki,
253,Uniwersytety trzeciego wieku,2012,gmina,Proszowice,powiat proszowicki,
253,Uniwersytety trzeciego wieku,2012,gmina,Radziemice,powiat proszowicki,
253,Uniwersytety trzeciego wieku,2012,powiat,powiat suski,powiat suski,1
253,Uniwersytety trzeciego wieku,2012,gmina,Budzów,powiat suski,
253,Uniwersytety trzeciego wieku,2012,gmina,Bystra-Sidzina,powiat suski,
253,Uniwersytety trzeciego wieku,2012,gmina,Jordanów (miasto),powiat suski,
253,Uniwersytety trzeciego wieku,2012,gmina,Jordanów (wieś),powiat suski,
253,Uniwersytety trzeciego wieku,2012,gmina,Maków Podhalański,powiat suski,
253,Uniwersytety trzeciego wieku,2012,gmina,Stryszawa,powiat suski,
253,Uniwersytety trzeciego wieku,2012,gmina,Sucha Beskidzka,powiat suski,
253,Uniwersytety trzeciego wieku,2012,gmina,Zawoja,powiat suski,
253,Uniwersytety trzeciego wieku,2012,gmina,Zembrzyce,powiat suski,
253,Uniwersytety trzeciego wieku,2012,powiat,powiat tarnowski,powiat tarnowski,0
253,Uniwersytety trzeciego wieku,2012,gmina,Ciężkowice,powiat tarnowski,
253,Uniwersytety trzeciego wieku,2012,gmina,Gromnik,powiat tarnowski,
253,Uniwersytety trzeciego wieku,2012,gmina,Lisia Góra,powiat tarnowski,
253,Uniwersytety trzeciego wieku,2012,gmina,Pleśna,powiat tarnowski,
253,Uniwersytety trzeciego wieku,2012,gmina,Radłów,powiat tarnowski,
253,Uniwersytety trzeciego wieku,2012,gmina,Ryglice,powiat tarnowski,
253,Uniwersytety trzeciego wieku,2012,gmina,Rzepiennik Strzyżewski,powiat tarnowski,
253,Uniwersytety trzeciego wieku,2012,gmina,Skrzyszów,powiat tarnowski,
253,Uniwersytety trzeciego wieku,2012,gmina,Szerzyny,powiat tarnowski,
253,Uniwersytety trzeciego wieku,2012,gmina,Tarnów (wieś),powiat tarnowski,
253,Uniwersytety trzeciego wieku,2012,gmina,Tuchów,powiat tarnowski,
253,Uniwersytety trzeciego wieku,2012,gmina,Wierzchosławice,powiat tarnowski,
253,Uniwersytety trzeciego wieku,2012,gmina,Wietrzychowice,powiat tarnowski,
253,Uniwersytety trzeciego wieku,2012,gmina,Wojnicz,powiat tarnowski,
253,Uniwersytety trzeciego wieku,2012,gmina,Zakliczyn,powiat tarnowski,
253,Uniwersytety trzeciego wieku,2012,gmina,Żabno,powiat tarnowski,
253,Uniwersytety trzeciego wieku,2012,powiat,powiat tatrzański,powiat tatrzański,1
253,Uniwersytety trzeciego wieku,2012,gmina,Biały Dunajec,powiat tatrzański,
253,Uniwersytety trzeciego wieku,2012,gmina,Bukowina Tatrzańska,powiat tatrzański,
253,Uniwersytety trzeciego wieku,2012,gmina,Kościelisko,powiat tatrzański,
253,Uniwersytety trzeciego wieku,2012,gmina,Poronin,powiat tatrzański,
253,Uniwersytety trzeciego wieku,2012,gmina,Zakopane,powiat tatrzański,
253,Uniwersytety trzeciego wieku,2012,powiat,powiat wadowicki,powiat wadowicki,1
253,Uniwersytety trzeciego wieku,2012,gmina,Andrychów,powiat wadowicki,
253,Uniwersytety trzeciego wieku,2012,gmina,Brzeźnica,powiat wadowicki,
253,Uniwersytety trzeciego wieku,2012,gmina,Kalwaria Zebrzydowska,powiat wadowicki,
253,Uniwersytety trzeciego wieku,2012,gmina,Lanckorona,powiat wadowicki,
253,Uniwersytety trzeciego wieku,2012,gmina,Mucharz,powiat wadowicki,
253,Uniwersytety trzeciego wieku,2012,gmina,Spytkowice,powiat wadowicki,
253,Uniwersytety trzeciego wieku,2012,gmina,Stryszów,powiat wadowicki,
253,Uniwersytety trzeciego wieku,2012,gmina,Tomice,powiat wadowicki,
253,Uniwersytety trzeciego wieku,2012,gmina,Wadowice,powiat wadowicki,
253,Uniwersytety trzeciego wieku,2012,gmina,Wieprz,powiat wadowicki,
253,Uniwersytety trzeciego wieku,2012,powiat,powiat wielicki,powiat wielicki,3
253,Uniwersytety trzeciego wieku,2012,gmina,Biskupice,powiat wielicki,
253,Uniwersytety trzeciego wieku,2012,gmina,Gdów,powiat wielicki,
253,Uniwersytety trzeciego wieku,2012,gmina,Kłaj,powiat wielicki,
253,Uniwersytety trzeciego wieku,2012,gmina,Niepołomice,powiat wielicki,
253,Uniwersytety trzeciego wieku,2012,gmina,Wieliczka,powiat wielicki,
