indicator_id,indicator,year,level,area,powiat,value
257,Ludność w wieku 60+,2024,powiat,powiat bocheński,powiat bocheński,23.33%
257,Ludność w wieku 60+,2024,gmina,Bochnia (miasto),powiat bocheński,27.32%
257,Ludność w wieku 60+,2024,gmina,Bochnia (wieś),powiat bocheński,22.49%
257,Ludność w wieku 60+,2024,gmina,Drwinia,powiat bocheński,25.42%
257,Ludność w wieku 60+,2024,gmina,Lipnica Murowana,powiat bocheński,21.85%
257,Ludność w wieku 60+,2024,gmina,Łapanów,powiat bocheński,20.19%
257,Ludność w wieku 60+,2024,gmina,Nowy Wiśnicz,powiat bocheński,21.26%
257,Ludność w wieku 60+,2024,gmina,Rzezawa,powiat bocheński,21.60%
257,Ludność w wieku 60+,2024,gmina,Trzciana,powiat bocheński,20.78%
257,Ludność w wieku 60+,2024,gmina,Żegocina,powiat bocheński,21.65%
257,Ludność w wieku 60+,2024,powiat,powiat brzeski,powiat brzeski,23.99%
257,Ludność w wieku 60+,2024,gmina,Borzęcin,powiat brzeski,24.39%
257,Ludność w wieku 60+,2024,gmina,Brzesko,powiat brzeski,25.34%
257,Ludność w wieku 60+,2024,gmina,Czchów,powiat brzeski,22.96%
257,Ludność w wieku 60+,2024,gmina,Dębno,powiat brzeski,23.07%
257,Ludność w wieku 60+,2024,gmina,Gnojnik,powiat brzeski,20.79%
257,Ludność w wieku 60+,2024,gmina,Iwkowa,powiat brzeski,21.72%
257,Ludność w wieku 60+,2024,gmina,Szczurowa,powiat brzeski,25.46%
257,Ludność w wieku 60+,2024,powiat,powiat chrzanowski,powiat chrzanowski,30.03%
257,Ludność w wieku 60+,2024,gmina,Alwernia,powiat chrzanowski,27.81%
257,Ludność w wieku 60+,2024,gmina,Babice,powiat chrzanowski,27.06%
257,Ludność w wieku 60+,2024,gmina,Chrzanów,powiat chrzanowski,32.08%
257,Ludność w wieku 60+,2024,gmina,Libiąż,powiat chrzanowski,28.59%
257,Ludność w wieku 60+,2024,gmina,Trzebinia,powiat chrzanowski,29.89%
257,Ludność w wieku 60+,2024,powiat,powiat dąbrowski,powiat dąbrowski,24.49%
257,Ludność w wieku 60+,2024,gmina,Bolesław,powiat dąbrowski,25.99%
257,Ludność w wieku 60+,2024,gmina,Dąbrowa Tarnowska,powiat dąbrowski,24.69%
257,Ludność w wieku 60+,2024,gmina,Gręboszów,powiat dąbrowski,32.03%
257,Ludność w wieku 60+,2024,gmina,Mędrzechów,powiat dąbrowski,26.56%
257,Ludność w wieku 60+,2024,gmina,Olesno,powiat dąbrowski,23.90%
257,Ludność w wieku 60+,2024,gmina,Radgoszcz,powiat dąbrowski,21.63%
257,Ludność w wieku 60+,2024,gmina,Szczucin,powiat dąbrowski,23.45%
257,Ludność w wieku 60+,2024,powiat,powiat gorlicki,powiat gorlicki,25.89%
257,Ludność w wieku 60+,2024,gmina,Biecz,powiat gorlicki,26.48%
257,Ludność w wieku 60+,2024,gmina,Bobowa,powiat gorlicki,20.62%
257,Ludność w wieku 60+,2024,gmina,Gorlice (miasto),powiat gorlicki,32.93%
257,Ludność w wieku 60+,2024,gmina,Gorlice (wieś),powiat gorlicki,24.88%
257,Ludność w wieku 60+,2024,gmina,Lipinki,powiat gorlicki,25.02%
257,Ludność w wieku 60+,2024,gmina,Łużna,powiat gorlicki,22.03%
257,Ludność w wieku 60+,2024,gmina,Moszczenica,powiat gorlicki,21.60%
257,Ludność w wieku 60+,2024,gmina,Ropa,powiat gorlicki,20.51%
257,Ludność w wieku 60+,2024,gmina,Sękowa,powiat gorlicki,24.79%
257,Ludność w wieku 60+,2024,gmina,Uście Gorlickie,powiat gorlicki,22.11%
257,Ludność w wieku 60+,2024,powiat,powiat krakowski,powiat krakowski,22.95%
257,Ludność w wieku 60+,2024,gmina,Czernichów,powiat krakowski,22.61%
257,Ludność w wieku 60+,2024,gmina,Igołomia-Wawrzeńczyce,powiat krakowski,25.33%
257,Ludność w wieku 60+,2024,gmina,Iwanowice,powiat krakowski,22.90%
257,Ludność w wieku 60+,2024,gmina,Jerzmanowice-Przeginia,powiat krakowski,24.44%
257,Ludność w wieku 60+,2024,gmina,Kocmyrzów-Luborzyca,powiat krakowski,20.66%
257,Ludność w wieku 60+,2024,gmina,Krzeszowice,powiat krakowski,28.55%
257,Ludność w wieku 60+,2024,gmina,Liszki,powiat krakowski,22.18%
257,Ludność w wieku 60+,2024,gmina,Michałowice,powiat krakowski,18.86%
257,Ludność w wieku 60+,2024,gmina,Mogilany,powiat krakowski,19.68%
257,Ludność w wieku 60+,2024,gmina,Skała,powiat krakowski,24.50%
257,Ludność w wieku 60+,2024,gmina,Skawina,powiat krakowski,25.13%
257,Ludność w wieku 60+,2024,gmina,Słomniki,powiat krakowski,25.62%
257,Ludność w wieku 60+,2024,gmina,Sułoszowa,powiat krakowski,25.43%
257,Ludność w wieku 60+,2024,gmina,Świątniki Górne,powiat krakowski,21.41%
257,Ludność w wieku 60+,2024,gmina,Wielka Wieś,powiat krakowski,17.67%
257,Ludność w wieku 60+,2024,gmina,Zabierzów,powiat krakowski,23.91%
257,Ludność w wieku 60+,2024,gmina,Zielonki,powiat krakowski,18.50%
257,Ludność w wieku 60+,2024,powiat,powiat limanowski,powiat limanowski,20.79%
257,Ludność w wieku 60+,2024,gmina,Dobra,powiat limanowski,21.81%
257,Ludność w wieku 60+,2024,gmina,Jodłownik,powiat limanowski,21.06%
257,Ludność w wieku 60+,2024,gmina,Kamienica,powiat limanowski,19.84%
257,Ludność w wieku 60+,2024,gmina,Laskowa,powiat limanowski,20.07%
257,Ludność w wieku 60+,2024,gmina,Limanowa (miasto),powiat limanowski,26.16%
257,Ludność w wieku 60+,2024,gmina,Limanowa (wieś),powiat limanowski,19.26%
257,Ludność w wieku 60+,2024,gmina,Łukowica,powiat limanowski,19.49%
257,Ludność w wieku 60+,2024,gmina,Mszana Dolna (miasto),powiat limanowski,24.58%
257,Ludność w wieku 60+,2024,gmina,Mszana Dolna (wieś),powiat limanowski,19.89%
257,Ludność w wieku 60+,2024,gmina,Niedźwiedź,powiat limanowski,19.23%
257,Ludność w wieku 60+,2024,gmina,Słopnice,powiat limanowski,16.34%
257,Ludność w wieku 60+,2024,gmina,Tymbark,powiat limanowski,21.64%
257,Ludność w wieku 60+,2024,powiat,powiat m. Kraków,powiat m. Kraków,24.63%
257,Ludność w wieku 60+,2024,powiat,powiat m. Nowy Sącz,powiat m. Nowy Sącz,27.38%
257,Ludność w wieku 60+,2024,powiat,powiat m. Tarnów,powiat m. Tarnów,31.51%
257,Ludność w wieku 60+,2024,powiat,powiat miechowski,powiat miechowski,29.77%
257,Ludność w wieku 60+,2024,gmina,Charsznica,powiat miechowski,30.00%
257,Ludność w wieku 60+,2024,gmina,Gołcza,powiat miechowski,27.45%
257,Ludność w wieku 60+,2024,gmina,Kozłów,powiat miechowski,30.10%
257,Ludność w wieku 60+,2024,gmina,Książ Wielki,powiat miechowski,32.35%
257,Ludność w wieku 60+,2024,gmina,Miechów,powiat miechowski,29.64%
257,Ludność w wieku 60+,2024,gmina,Racławice,powiat miechowski,27.86%
257,Ludność w wieku 60+,2024,gmina,Słaboszów,powiat miechowski,31.40%
257,Ludność w wieku 60+,2024,powiat,powiat myślenicki,powiat myślenicki,22.12%
257,Ludność w wieku 60+,2024,gmina,Dobczyce,powiat myślenicki,22.40%
257,Ludność w wieku 60+,2024,gmina,Lubień,powiat myślenicki,21.18%
257,Ludność w wieku 60+,2024,gmina,Myślenice,powiat myślenicki,22.93%
257,Ludność w wieku 60+,2024,gmina,Pcim,powiat myślenicki,22.06%
257,Ludność w wieku 60+,2024,gmina,Raciechowice,powiat myślenicki,22.43%
257,Ludność w wieku 60+,2024,gmina,Siepraw,powiat myślenicki,20.68%
257,Ludność w wieku 60+,2024,gmina,Sułkowice,powiat myślenicki,21.94%
257,Ludność w wieku 60+,2024,gmina,Tokarnia,powiat myślenicki,20.49%
257,Ludność w wieku 60+,2024,gmina,Wiśniowa,powiat myślenicki,21.77%
257,Ludność w wieku 60+,2024,powiat,powiat nowosądecki,powiat nowosądecki,21.02%
257,Ludność w wieku 60+,2024,gmina,Podegrodzie,powiat nowosądecki,17.87%
257,Ludność w wieku 60+,2024,gmina,Rytro,powiat nowosądecki,24.18%
257,Ludność w wieku 60+,2024,gmina,Stary Sącz,powiat nowosądecki,22.56%
257,Ludność w wieku 60+,2024,gmina,Chełmiec,powiat nowosądecki,18.79%
257,Ludność w wieku 60+,2024,gmina,Gródek nad Dunajcem,powiat nowosądecki,22.15%
257,Ludność w wieku 60+,2024,gmina,Grybów (miasto),powiat nowosądecki,26.01%
257,Ludność w wieku 60+,2024,gmina,Grybów (wieś),powiat nowosądecki,19.57%
257,Ludność w wieku 60+,2024,gmina,Kamionka Wielka,powiat nowosądecki,18.48%
257,Ludność w wieku 60+,2024,gmina,Korzenna,powiat nowosądecki,19.08%
257,Ludność w wieku 60+,2024,gmina,Krynica-Zdrój,powiat nowosądecki,28.70%
257,Ludność w wieku 60+,2024,gmina,Łabowa,powiat nowosądecki,17.86%
257,Ludność w wieku 60+,2024,gmina,Łącko,powiat nowosądecki,19.16%
257,Ludność w wieku 60+,2024,gmina,Łososina Dolna,powiat nowosądecki,19.59%
257,Ludność w wieku 60+,2024,gmina,Muszyna,powiat nowosądecki,25.04%
257,Ludność w wieku 60+,2024,gmina,Nawojowa,powiat nowosądecki,19.19%
257,Ludność w wieku 60+,2024,gmina,Piwniczna-Zdrój,powiat nowosądecki,24.44%
257,Ludność w wieku 60+,2024,powiat,powiat nowotarski,powiat nowotarski,23.11%
257,Ludność w wieku 60+,2024,gmina,Czarny Dunajec,powiat nowotarski,22.64%
257,Ludność w wieku 60+,2024,gmina,Czorsztyn,powiat nowotarski,22.41%
257,Ludność w wieku 60+,2024,gmina,Jabłonka,powiat nowotarski,19.27%
257,Ludność w wieku 60+,2024,gmina,Krościenko nad Dunajcem,powiat nowotarski,24.60%
257,Ludność w wieku 60+,2024,gmina,Lipnica Wielka,powiat nowotarski,19.29%
257,Ludność w wieku 60+,2024,gmina,Łapsze Niżne,powiat nowotarski,22.86%
257,Ludność w wieku 60+,2024,gmina,Nowy Targ (miasto),powiat nowotarski,26.28%
257,Ludność w wieku 60+,2024,gmina,Nowy Targ (wieś),powiat nowotarski,21.61%
257,Ludność w wieku 60+,2024,gmina,Ochotnica Dolna,powiat nowotarski,20.62%
257,Ludność w wieku 60+,2024,gmina,Raba Wyżna,powiat nowotarski,22.16%
257,Ludność w wieku 60+,2024,gmina,Rabka-Zdrój,powiat nowotarski,27.77%
257,Ludność w wieku 60+,2024,gmina,Spytkowice,powiat nowotarski,21.26%
257,Ludność w wieku 60+,2024,gmina,Szaflary,powiat nowotarski,20.79%
257,Ludność w wieku 60+,2024,gmina,Szczawnica,powiat nowotarski,27.67%
257,Ludność w wieku 60+,2024,powiat,powiat olkuski,powiat olkuski,30.10%
257,Ludność w wieku 60+,2024,gmina,Bolesław,powiat olkuski,31.25%
257,Ludność w wieku 60+,2024,gmina,Bukowno,powiat olkuski,33.93%
257,Ludność w wieku 60+,2024,gmina,Klucze,powiat olkuski,29.39%
257,Ludność w wieku 60+,2024,gmina,Olkusz,powiat olkuski,31.01%
257,Ludność w wieku 60+,2024,gmina,Trzyciąż,powiat olkuski,25.44%
257,Ludność w wieku 60+,2024,gmina,Wolbrom,powiat olkuski,28.14%
257,Ludność w wieku 60+,2024,powiat,powiat oświęcimski,powiat oświęcimski,28.08%
257,Ludność w wieku 60+,2024,gmina,Brzeszcze,powiat oświęcimski,29.38%
257,Ludność w wieku 60+,2024,gmina,Chełmek,powiat oświęcimski,29.12%
257,Ludność w wieku 60+,2024,gmina,Kęty,powiat oświęcimski,26.92%
257,Ludność w wieku 60+,2024,gmina,Osiek,powiat oświęcimski,23.96%
257,Ludność w wieku 60+,2024,gmina,Oświęcim (miasto),powiat oświęcimski,31.35%
257,Ludność w wieku 60+,2024,gmina,Oświęcim (wieś),powiat oświęcimski,26.21%
257,Ludność w wieku 60+,2024,gmina,Polanka Wielka,powiat oświęcimski,23.39%
257,Ludność w wieku 60+,2024,gmina,Przeciszów,powiat oświęcimski,27.52%
257,Ludność w wieku 60+,2024,gmina,Zator,powiat oświęcimski,25.44%
257,Ludność w wieku 60+,2024,powiat,powiat proszowicki,powiat proszowicki,26.75%
257,Ludność w wieku 60+,2024,gmina,Koniusza,powiat proszowicki,24.45%
257,Ludność w wieku 60+,2024,gmina,Koszyce,powiat proszowicki,29.15%
257,Ludność w wieku 60+,2024,gmina,Nowe Brzesko,powiat proszowicki,27.06%
257,Ludność w wieku 60+,2024,gmina,Pałecznica,powiat proszowicki,26.12%
257,Ludność w wieku 60+,2024,gmina,Proszowice,powiat proszowicki,27.37%
257,Ludność w wieku 60+,2024,gmina,Radziemice,powiat proszowicki,26.61%
257,Ludność w wieku 60+,2024,powiat,powiat suski,powiat suski,24.14%
257,Ludność w wieku 60+,2024,gmina,Budzów,powiat suski,20.43%
257,Ludność w wieku 60+,2024,gmina,Bystra-Sidzina,powiat suski,20.28%
257,Ludność w wieku 60+,2024,gmina,Jordanów (miasto),powiat suski,25.44%
257,Ludność w wieku 60+,2024,gmina,Jordanów (wieś),powiat suski,21.62%
257,Ludność w wieku 60+,2024,gmina,Maków Podhalański,powiat suski,25.06%
257,Ludność w wieku 60+,2024,gmina,Stryszawa,powiat suski,24.96%
257,Ludność w wieku 60+,2024,gmina,Sucha Beskidzka,powiat suski,28.69%
257,Ludność w wieku 60+,2024,gmina,Zawoja,powiat suski,25.01%
257,Ludność w wieku 60+,2024,gmina,Zembrzyce,powiat suski,25.75%
257,Ludność w wieku 60+,2024,powiat,powiat tarnowski,powiat tarnowski,23.68%
257,Ludność w wieku 60+,2024,gmina,Ciężkowice,powiat tarnowski,23.20%
257,Ludność w wieku 60+,2024,gmina,Gromnik,powiat tarnowski,22.28%
257,Ludność w wieku 60+,2024,gmina,Lisia Góra,powiat tarnowski,19.91%
257,Ludność w wieku 60+,2024,gmina,Pleśna,powiat tarnowski,23.57%
257,Ludność w wieku 60+,2024,gmina,Radłów,powiat tarnowski,24.95%
257,Ludność w wieku 60+,2024,gmina,Ryglice,powiat tarnowski,21.86%
257,Ludność w wieku 60+,2024,gmina,Rzepiennik Strzyżewski,powiat tarnowski,23.26%
257,Ludność w wieku 60+,2024,gmina,Skrzyszów,powiat tarnowski,23.05%
257,Ludność w wieku 60+,2024,gmina,Szerzyny,powiat tarnowski,24.91%
257,Ludność w wieku 60+,2024,gmina,Tarnów (wieś),powiat tarnowski,23.97%
257,Ludność w wieku 60+,2024,gmina,Tuchów,powiat tarnowski,24.76%
257,Ludność w wieku 60+,2024,gmina,Wierzchosławice,powiat tarnowski,26.15%
257,Ludność w wieku 60+,2024,gmina,Wietrzychowice,powiat tarnowski,28.27%
257,Ludność w wieku 60+,2024,gmina,Wojnicz,powiat tarnowski,23.76%
257,Ludność w wieku 60+,2024,gmina,Zakliczyn,powiat tarnowski,22.43%
257,Ludność w wieku 60+,2024,gmina,Żabno,powiat tarnowski,25.59%
257,Ludność w wieku 60+,2024,powiat,powiat tatrzański,powiat tatrzański,25.62%
257,Ludność w wieku 60+,2024,gmina,Biały Dunajec,powiat tatrzański,21.99%
257,Ludność w wieku 60+,2024,gmina,Bukowina Tatrzańska,powiat tatrzański,22.65%
257,Ludność w wieku 60+,2024,gmina,Kościelisko,powiat tatrzański,23.72%
257,Ludność w wieku 60+,2024,gmina,Poronin,powiat tatrzański,20.61%
257,Ludność w wieku 60+,2024,gmina,Zakopane,powiat tatrzański,31.27%
257,Ludność w wieku 60+,2024,powiat,powiat wadowicki,powiat wadowicki,24.35%
257,Ludność w wieku 60+,2024,gmina,Andrychów,powiat wadowicki,25.77%
257,Ludność w wieku 60+,2024,gmina,Brzeźnica,powiat wadowicki,22.68%
257,Ludność w wieku 60+,2024,gmina,Kalwaria Zebrzydowska,powiat wadowicki,23.94%
257,Ludność w wieku 60+,2024,gmina,Lanckorona,powiat wadowicki,22.25%
257,Ludność w wieku 60+,2024,gmina,Mucharz,powiat wadowicki,24.59%
257,Ludność w wieku 60+,2024,gmina,Spytkowice,powiat wadowicki,22.29%
257,Ludność w wieku 60+,2024,gmina,Stryszów,powiat wadowicki,23.23%
257,Ludność w wieku 60+,2024,gmina,Tomice,powiat wadowicki,21.28%
257,Ludność w wieku 60+,2024,gmina,Wadowice,powiat wadowicki,26.61%
257,Ludność w wieku 60+,2024,gmina,Wieprz,powiat wadowicki,20.54%
257,Ludność w wieku 60+,2024,powiat,powiat wielicki,powiat wielicki,20.61%
257,Ludność w wieku 60+,2024,gmina,Biskupice,powiat wielicki,20.12%
257,Ludność w wieku 60+,2024,gmina,Gdów,powiat wielicki,21.19%
257,Ludność w wieku 60+,2024,gmina,Kłaj,powiat wielicki,23.91%
257,Ludność w wieku 60+,2024,gmina,Niepołomice,powiat wielicki,19.62%
257,Ludność w wieku 60+,2024,gmina,Wieliczka,powiat wielicki,20.49%
257,Ludność w wieku 60+,2023,powiat,powiat bocheński,powiat bocheński,23.00%
257,Ludność w wieku 60+,2023,gmina,Bochnia (miasto),powiat bocheński,27.16%
257,Ludność w wieku 60+,2023,gmina,Bochnia (wieś),powiat bocheński,21.97%
257,Ludność w wieku 60+,2023,gmina,Drwinia,powiat bocheński,25.93%
257,Ludność w wieku 60+,2023,gmina,Lipnica Murowana,powiat bocheński,21.42%
257,Ludność w wieku 60+,2023,gmina,Łapanów,powiat bocheński,19.89%
257,Ludność w wieku 60+,2023,gmina,Nowy Wiśnicz,powiat bocheński,20.72%
257,Ludność w wieku 60+,2023,gmina,Rzezawa,powiat bocheński,21.21%
257,Ludność w wieku 60+,2023,gmina,Trzciana,powiat bocheński,20.42%
257,Ludność w wieku 60+,2023,gmina,Żegocina,powiat bocheński,21.25%
257,Ludność w wieku 60+,2023,powiat,powiat brzeski,powiat brzeski,23.00%
257,Ludność w wieku 60+,2023,gmina,Borzęcin,powiat brzeski,23.91%
257,Ludność w wieku 60+,2023,gmina,Brzesko,powiat brzeski,24.75%
257,Ludność w wieku 60+,2023,gmina,Czchów,powiat brzeski,22.22%
257,Ludność w wieku 60+,2023,gmina,Dębno,powiat brzeski,22.60%
257,Ludność w wieku 60+,2023,gmina,Gnojnik,powiat brzeski,20.90%
257,Ludność w wieku 60+,2023,gmina,Iwkowa,powiat brzeski,21.30%
257,Ludność w wieku 60+,2023,gmina,Szczurowa,powiat brzeski,24.93%
257,Ludność w wieku 60+,2023,powiat,powiat chrzanowski,powiat chrzanowski,30.00%
257,Ludność w wieku 60+,2023,gmina,Alwernia,powiat chrzanowski,27.33%
257,Ludność w wieku 60+,2023,gmina,Babice,powiat chrzanowski,26.44%
257,Ludność w wieku 60+,2023,gmina,Chrzanów,powiat chrzanowski,31.77%
257,Ludność w wieku 60+,2023,gmina,Libiąż,powiat chrzanowski,27.92%
257,Ludność w wieku 60+,2023,gmina,Trzebinia,powiat chrzanowski,29.41%
257,Ludność w wieku 60+,2023,powiat,powiat dąbrowski,powiat dąbrowski,24.00%
257,Ludność w wieku 60+,2023,gmina,Bolesław,powiat dąbrowski,25.30%
257,Ludność w wieku 60+,2023,gmina,Dąbrowa Tarnowska,powiat dąbrowski,24.11%
257,Ludność w wieku 60+,2023,gmina,Gręboszów,powiat dąbrowski,30.61%
257,Ludność w wieku 60+,2023,gmina,Mędrzechów,powiat dąbrowski,26.30%
257,Ludność w wieku 60+,2023,gmina,Olesno,powiat dąbrowski,23.49%
257,Ludność w wieku 60+,2023,gmina,Radgoszcz,powiat dąbrowski,21.10%
257,Ludność w wieku 60+,2023,gmina,Szczucin,powiat dąbrowski,23.05%
257,Ludność w wieku 60+,2023,powiat,powiat gorlicki,powiat gorlicki,25.00%
257,Ludność w wieku 60+,2023,gmina,Biecz,powiat gorlicki,26.02%
257,Ludność w wieku 60+,2023,gmina,Bobowa,powiat gorlicki,20.04%
257,Ludność w wieku 60+,2023,gmina,Gorlice (miasto),powiat gorlicki,32.37%
257,Ludność w wieku 60+,2023,gmina,Gorlice (wieś),powiat gorlicki,24.12%
257,Ludność w wieku 60+,2023,gmina,Lipinki,powiat gorlicki,24.21%
257,Ludność w wieku 60+,2023,gmina,Łużna,powiat gorlicki,21.68%
257,Ludność w wieku 60+,2023,gmina,Moszczenica,powiat gorlicki,20.93%
257,Ludność w wieku 60+,2023,gmina,Ropa,powiat gorlicki,20.12%
257,Ludność w wieku 60+,2023,gmina,Sękowa,powiat gorlicki,24.14%
257,Ludność w wieku 60+,2023,gmina,Uście Gorlickie,powiat gorlicki,21.45%
257,Ludność w wieku 60+,2023,powiat,powiat krakowski,powiat krakowski,23.00%
257,Ludność w wieku 60+,2023,gmina,Czernichów,powiat krakowski,22.23%
257,Ludność w wieku 60+,2023,gmina,Igołomia-Wawrzeńczyce,powiat krakowski,25.31%
257,Ludność w wieku 60+,2023,gmina,Iwanowice,powiat krakowski,22.59%
257,Ludność w wieku 60+,2023,gmina,Jerzmanowice-Przeginia,powiat krakowski,24.10%
257,Ludność w wieku 60+,2023,gmina,Kocmyrzów-Luborzyca,powiat krakowski,20.37%
257,Ludność w wieku 60+,2023,gmina,Krzeszowice,powiat krakowski,27.99%
257,Ludność w wieku 60+,2023,gmina,Liszki,powiat krakowski,21.85%
257,Ludność w wieku 60+,2023,gmina,Michałowice,powiat krakowski,18.72%
257,Ludność w wieku 60+,2023,gmina,Mogilany,powiat krakowski,19.17%
257,Ludność w wieku 60+,2023,gmina,Skała,powiat krakowski,24.16%
257,Ludność w wieku 60+,2023,gmina,Skawina,powiat krakowski,24.82%
257,Ludność w wieku 60+,2023,gmina,Słomniki,powiat krakowski,25.22%
257,Ludność w wieku 60+,2023,gmina,Sułoszowa,powiat krakowski,25.04%
257,Ludność w wieku 60+,2023,gmina,Świątniki Górne,powiat krakowski,21.35%
257,Ludność w wieku 60+,2023,gmina,Wielka Wieś,powiat krakowski,17.66%
257,Ludność w wieku 60+,2023,gmina,Zabierzów,powiat krakowski,23.66%
257,Ludność w wieku 60+,2023,gmina,Zielonki,powiat krakowski,18.25%
257,Ludność w wieku 60+,2023,powiat,powiat limanowski,powiat limanowski,20.00%
257,Ludność w wieku 60+,2023,gmina,Dobra,powiat limanowski,21.21%
257,Ludność w wieku 60+,2023,gmina,Jodłownik,powiat limanowski,20.81%
257,Ludność w wieku 60+,2023,gmina,Kamienica,powiat limanowski,19.64%
257,Ludność w wieku 60+,2023,gmina,Laskowa,powiat limanowski,19.50%
257,Ludność w wieku 60+,2023,gmina,Limanowa (miasto),powiat limanowski,25.71%
257,Ludność w wieku 60+,2023,gmina,Limanowa (wieś),powiat limanowski,18.77%
257,Ludność w wieku 60+,2023,gmina,Łukowica,powiat limanowski,19.20%
257,Ludność w wieku 60+,2023,gmina,Mszana Dolna (miasto),powiat limanowski,24.04%
257,Ludność w wieku 60+,2023,gmina,Mszana Dolna (wieś),powiat limanowski,19.38%
257,Ludność w wieku 60+,2023,gmina,Niedźwiedź,powiat limanowski,18.71%
257,Ludność w wieku 60+,2023,gmina,Słopnice,powiat limanowski,15.88%
257,Ludność w wieku 60+,2023,gmina,Tymbark,powiat limanowski,20.96%
257,Ludność w wieku 60+,2023,powiat,powiat m. Kraków,powiat m. Kraków,25.00%
257,Ludność w wieku 60+,2023,powiat,powiat m. Nowy Sącz,powiat m. Nowy Sącz,27.00%
257,Ludność w wieku 60+,2023,powiat,powiat m. Tarnów,powiat m. Tarnów,31.00%
257,Ludność w wieku 60+,2023,powiat,powiat miechowski,powiat miechowski,29.00%
257,Ludność w wieku 60+,2023,gmina,Charsznica,powiat miechowski,29.87%
257,Ludność w wieku 60+,2023,gmina,Gołcza,powiat miechowski,26.92%
257,Ludność w wieku 60+,2023,gmina,Kozłów,powiat miechowski,29.15%
257,Ludność w wieku 60+,2023,gmina,Książ Wielki,powiat miechowski,31.97%
257,Ludność w wieku 60+,2023,gmina,Miechów,powiat miechowski,29.48%
257,Ludność w wieku 60+,2023,gmina,Racławice,powiat miechowski,27.13%
257,Ludność w wieku 60+,2023,gmina,Słaboszów,powiat miechowski,31.17%
257,Ludność w wieku 60+,2023,powiat,powiat myślenicki,powiat myślenicki,22.00%
257,Ludność w wieku 60+,2023,gmina,Dobczyce,powiat myślenicki,21.86%
257,Ludność w wieku 60+,2023,gmina,Lubień,powiat myślenicki,20.68%
257,Ludność w wieku 60+,2023,gmina,Myślenice,powiat myślenicki,22.65%
257,Ludność w wieku 60+,2023,gmina,Pcim,powiat myślenicki,21.61%
257,Ludność w wieku 60+,2023,gmina,Raciechowice,powiat myślenicki,22.26%
257,Ludność w wieku 60+,2023,gmina,Siepraw,powiat myślenicki,20.21%
257,Ludność w wieku 60+,2023,gmina,Sułkowice,powiat myślenicki,21.44%
257,Ludność w wieku 60+,2023,gmina,Tokarnia,powiat myślenicki,19.75%
257,Ludność w wieku 60+,2023,gmina,Wiśniowa,powiat myślenicki,21.48%
257,Ludność w wieku 60+,2023,powiat,powiat nowosądecki,powiat nowosądecki,20.00%
257,Ludność w wieku 60+,2023,gmina,Podegrodzie,powiat nowosądecki,17.15%
257,Ludność w wieku 60+,2023,gmina,Rytro,powiat nowosądecki,23.53%
257,Ludność w wieku 60+,2023,gmina,Stary Sącz,powiat nowosądecki,21.69%
257,Ludność w wieku 60+,2023,gmina,Chełmiec,powiat nowosądecki,18.33%
257,Ludność w wieku 60+,2023,gmina,Gródek nad Dunajcem,powiat nowosądecki,21.39%
257,Ludność w wieku 60+,2023,gmina,Grybów (miasto),powiat nowosądecki,25.29%
257,Ludność w wieku 60+,2023,gmina,Grybów (wieś),powiat nowosądecki,18.95%
257,Ludność w wieku 60+,2023,gmina,Kamionka Wielka,powiat nowosądecki,17.89%
257,Ludność w wieku 60+,2023,gmina,Korzenna,powiat nowosądecki,18.77%
257,Ludność w wieku 60+,2023,gmina,Krynica-Zdrój,powiat nowosądecki,28.25%
257,Ludność w wieku 60+,2023,gmina,Łabowa,powiat nowosądecki,17.64%
257,Ludność w wieku 60+,2023,gmina,Łącko,powiat nowosądecki,18.56%
257,Ludność w wieku 60+,2023,gmina,Łososina Dolna,powiat nowosądecki,19.07%
257,Ludność w wieku 60+,2023,gmina,Muszyna,powiat nowosądecki,24.38%
257,Ludność w wieku 60+,2023,gmina,Nawojowa,powiat nowosądecki,18.54%
257,Ludność w wieku 60+,2023,gmina,Piwniczna-Zdrój,powiat nowosądecki,23.73%
257,Ludność w wieku 60+,2023,powiat,powiat nowotarski,powiat nowotarski,23.00%
257,Ludność w wieku 60+,2023,gmina,Czarny Dunajec,powiat nowotarski,22.16%
257,Ludność w wieku 60+,2023,gmina,Czorsztyn,powiat nowotarski,21.82%
257,Ludność w wieku 60+,2023,gmina,Jabłonka,powiat nowotarski,18.82%
257,Ludność w wieku 60+,2023,gmina,Krościenko nad Dunajcem,powiat nowotarski,24.13%
257,Ludność w wieku 60+,2023,gmina,Lipnica Wielka,powiat nowotarski,18.68%
257,Ludność w wieku 60+,2023,gmina,Łapsze Niżne,powiat nowotarski,22.43%
257,Ludność w wieku 60+,2023,gmina,Nowy Targ (miasto),powiat nowotarski,25.81%
257,Ludność w wieku 60+,2023,gmina,Nowy Targ (wieś),powiat nowotarski,21.03%
257,Ludność w wieku 60+,2023,gmina,Ochotnica Dolna,powiat nowotarski,19.97%
257,Ludność w wieku 60+,2023,gmina,Raba Wyżna,powiat nowotarski,21.64%
257,Ludność w wieku 60+,2023,gmina,Rabka-Zdrój,powiat nowotarski,27.18%
257,Ludność w wieku 60+,2023,gmina,Spytkowice,powiat nowotarski,20.77%
257,Ludność w wieku 60+,2023,gmina,Szaflary,powiat nowotarski,20.42%
257,Ludność w wieku 60+,2023,gmina,Szczawnica,powiat nowotarski,26.84%
257,Ludność w wieku 60+,2023,powiat,powiat olkuski,powiat olkuski,30.00%
257,Ludność w wieku 60+,2023,gmina,Bolesław,powiat olkuski,31.14%
257,Ludność w wieku 60+,2023,gmina,Bukowno,powiat olkuski,33.54%
257,Ludność w wieku 60+,2023,gmina,Klucze,powiat olkuski,29.20%
257,Ludność w wieku 60+,2023,gmina,Olkusz,powiat olkuski,30.55%
257,Ludność w wieku 60+,2023,gmina,Trzyciąż,powiat olkuski,25.38%
257,Ludność w wieku 60+,2023,gmina,Wolbrom,powiat olkuski,27.61%
257,Ludność w wieku 60+,2023,powiat,powiat oświęcimski,powiat oświęcimski,28.00%
257,Ludność w wieku 60+,2023,gmina,Brzeszcze,powiat oświęcimski,29.04%
257,Ludność w wieku 60+,2023,gmina,Chełmek,powiat oświęcimski,28.60%
257,Ludność w wieku 60+,2023,gmina,Kęty,powiat oświęcimski,26.48%
257,Ludność w wieku 60+,2023,gmina,Osiek,powiat oświęcimski,23.59%
257,Ludność w wieku 60+,2023,gmina,Oświęcim (miasto),powiat oświęcimski,31.05%
257,Ludność w wieku 60+,2023,gmina,Oświęcim (wieś),powiat oświęcimski,25.39%
257,Ludność w wieku 60+,2023,gmina,Polanka Wielka,powiat oświęcimski,22.99%
257,Ludność w wieku 60+,2023,gmina,Przeciszów,powiat oświęcimski,27.00%
257,Ludność w wieku 60+,2023,gmina,Zator,powiat oświęcimski,25.02%
257,Ludność w wieku 60+,2023,powiat,powiat proszowicki,powiat proszowicki,26.00%
257,Ludność w wieku 60+,2023,gmina,Koniusza,powiat proszowicki,24.18%
257,Ludność w wieku 60+,2023,gmina,Koszyce,powiat proszowicki,28.87%
257,Ludność w wieku 60+,2023,gmina,Nowe Brzesko,powiat proszowicki,27.04%
257,Ludność w wieku 60+,2023,gmina,Pałecznica,powiat proszowicki,25.51%
257,Ludność w wieku 60+,2023,gmina,Proszowice,powiat proszowicki,27.03%
257,Ludność w wieku 60+,2023,gmina,Radziemice,powiat proszowicki,26.18%
257,Ludność w wieku 60+,2023,powiat,powiat suski,powiat suski,24.00%
257,Ludność w wieku 60+,2023,gmina,Budzów,powiat suski,19.87%
257,Ludność w wieku 60+,2023,gmina,Bystra-Sidzina,powiat suski,19.84%
257,Ludność w wieku 60+,2023,gmina,Jordanów (miasto),powiat suski,25.08%
257,Ludność w wieku 60+,2023,gmina,Jordanów (wieś),powiat suski,21.43%
257,Ludność w wieku 60+,2023,gmina,Maków Podhalański,powiat suski,24.66%
257,Ludność w wieku 60+,2023,gmina,Stryszawa,powiat suski,24.42%
257,Ludność w wieku 60+,2023,gmina,Sucha Beskidzka,powiat suski,28.06%
257,Ludność w wieku 60+,2023,gmina,Zawoja,powiat suski,24.73%
257,Ludność w wieku 60+,2023,gmina,Zembrzyce,powiat suski,25.40%
257,Ludność w wieku 60+,2023,powiat,powiat tarnowski,powiat tarnowski,23.00%
257,Ludność w wieku 60+,2023,gmina,Ciężkowice,powiat tarnowski,22.65%
257,Ludność w wieku 60+,2023,gmina,Gromnik,powiat tarnowski,21.72%
257,Ludność w wieku 60+,2023,gmina,Lisia Góra,powiat tarnowski,19.43%
257,Ludność w wieku 60+,2023,gmina,Pleśna,powiat tarnowski,22.82%
257,Ludność w wieku 60+,2023,gmina,Radłów,powiat tarnowski,24.32%
257,Ludność w wieku 60+,2023,gmina,Ryglice,powiat tarnowski,21.36%
257,Ludność w wieku 60+,2023,gmina,Rzepiennik Strzyżewski,powiat tarnowski,22.92%
257,Ludność w wieku 60+,2023,gmina,Skrzyszów,powiat tarnowski,22.26%
257,Ludność w wieku 60+,2023,gmina,Szerzyny,powiat tarnowski,24.58%
257,Ludność w wieku 60+,2023,gmina,Tarnów (wieś),powiat tarnowski,23.13%
257,Ludność w wieku 60+,2023,gmina,Tuchów,powiat tarnowski,24.26%
257,Ludność w wieku 60+,2023,gmina,Wierzchosławice,powiat tarnowski,25.57%
257,Ludność w wieku 60+,2023,gmina,Wietrzychowice,powiat tarnowski,27.69%
257,Ludność w wieku 60+,2023,gmina,Wojnicz,powiat tarnowski,23.05%
257,Ludność w wieku 60+,2023,gmina,Zakliczyn,powiat tarnowski,21.97%
257,Ludność w wieku 60+,2023,gmina,Żabno,powiat tarnowski,25.06%
257,Ludność w wieku 60+,2023,powiat,powiat tatrzański,powiat tatrzański,25.00%
257,Ludność w wieku 60+,2023,gmina,Biały Dunajec,powiat tatrzański,21.46%
257,Ludność w wieku 60+,2023,gmina,Bukowina Tatrzańska,powiat tatrzański,22.20%
257,Ludność w wieku 60+,2023,gmina,Kościelisko,powiat tatrzański,22.98%
257,Ludność w wieku 60+,2023,gmina,Poronin,powiat tatrzański,20.13%
257,Ludność w wieku 60+,2023,gmina,Zakopane,powiat tatrzański,30.90%
257,Ludność w wieku 60+,2023,powiat,powiat wadowicki,powiat wadowicki,24.00%
257,Ludność w wieku 60+,2023,gmina,Andrychów,powiat wadowicki,25.23%
257,Ludność w wieku 60+,2023,gmina,Brzeźnica,powiat wadowicki,22.49%
257,Ludność w wieku 60+,2023,gmina,Kalwaria Zebrzydowska,powiat wadowicki,23.57%
257,Ludność w wieku 60+,2023,gmina,Lanckorona,powiat wadowicki,22.12%
257,Ludność w wieku 60+,2023,gmina,Mucharz,powiat wadowicki,24.31%
257,Ludność w wieku 60+,2023,gmina,Spytkowice,powiat wadowicki,21.72%
257,Ludność w wieku 60+,2023,gmina,Stryszów,powiat wadowicki,22.75%
257,Ludność w wieku 60+,2023,gmina,Tomice,powiat wadowicki,20.94%
257,Ludność w wieku 60+,2023,gmina,Wadowice,powiat wadowicki,26.22%
257,Ludność w wieku 60+,2023,gmina,Wieprz,powiat wadowicki,20.22%
257,Ludność w wieku 60+,2023,powiat,powiat wielicki,powiat wielicki,21.00%
257,Ludność w wieku 60+,2023,gmina,Biskupice,powiat wielicki,19.94%
257,Ludność w wieku 60+,2023,gmina,Gdów,powiat wielicki,20.90%
257,Ludność w wieku 60+,2023,gmina,Kłaj,powiat wielicki,23.97%
257,Ludność w wieku 60+,2023,gmina,Niepołomice,powiat wielicki,19.57%
257,Ludność w wieku 60+,2023,gmina,Wieliczka,powiat wielicki,20.41%
257,Ludność w wieku 60+,2022,powiat,powiat bocheński,powiat bocheński,22.64%
257,Ludność w wieku 60+,2022,gmina,Bochnia (miasto),powiat bocheński,26.82%
257,Ludność w wieku 60+,2022,gmina,Bochnia (wieś),powiat bocheński,21.58%
257,Ludność w wieku 60+,2022,gmina,Drwinia,powiat bocheński,25.55%
257,Ludność w wieku 60+,2022,gmina,Lipnica Murowana,powiat bocheński,20.66%
257,Ludność w wieku 60+,2022,gmina,Łapanów,powiat bocheński,19.58%
257,Ludność w wieku 60+,2022,gmina,Nowy Wiśnicz,powiat bocheński,20.10%
257,Ludność w wieku 60+,2022,gmina,Rzezawa,powiat bocheński,20.93%
257,Ludność w wieku 60+,2022,gmina,Trzciana,powiat bocheński,20.21%
257,Ludność w wieku 60+,2022,gmina,Żegocina,powiat bocheński,20.85%
257,Ludność w wieku 60+,2022,powiat,powiat brzeski,powiat brzeski,23.02%
257,Ludność w wieku 60+,2022,gmina,Borzęcin,powiat brzeski,23.52%
257,Ludność w wieku 60+,2022,gmina,Brzesko,powiat brzeski,24.27%
257,Ludność w wieku 60+,2022,gmina,Czchów,powiat brzeski,21.59%
257,Ludność w wieku 60+,2022,gmina,Dębno,powiat brzeski,21.94%
257,Ludność w wieku 60+,2022,gmina,Gnojnik,powiat brzeski,20.69%
257,Ludność w wieku 60+,2022,gmina,Iwkowa,powiat brzeski,20.82%
257,Ludność w wieku 60+,2022,gmina,Szczurowa,powiat brzeski,24.56%
257,Ludność w wieku 60+,2022,powiat,powiat chrzanowski,powiat chrzanowski,29.04%
257,Ludność w wieku 60+,2022,gmina,Alwernia,powiat chrzanowski,26.81%
257,Ludność w wieku 60+,2022,gmina,Babice,powiat chrzanowski,25.93%
257,Ludność w wieku 60+,2022,gmina,Chrzanów,powiat chrzanowski,31.20%
257,Ludność w wieku 60+,2022,gmina,Libiąż,powiat chrzanowski,27.35%
257,Ludność w wieku 60+,2022,gmina,Trzebinia,powiat chrzanowski,28.91%
257,Ludność w wieku 60+,2022,powiat,powiat dąbrowski,powiat dąbrowski,23.48%
257,Ludność w wieku 60+,2022,gmina,Bolesław,powiat dąbrowski,25.27%
257,Ludność w wieku 60+,2022,gmina,Dąbrowa Tarnowska,powiat dąbrowski,23.51%
257,Ludność w wieku 60+,2022,gmina,Gręboszów,powiat dąbrowski,29.96%
257,Ludność w wieku 60+,2022,gmina,Mędrzechów,powiat dąbrowski,26.17%
257,Ludność w wieku 60+,2022,gmina,Olesno,powiat dąbrowski,22.95%
257,Ludność w wieku 60+,2022,gmina,Radgoszcz,powiat dąbrowski,20.82%
257,Ludność w wieku 60+,2022,gmina,Szczucin,powiat dąbrowski,22.56%
257,Ludność w wieku 60+,2022,powiat,powiat gorlicki,powiat gorlicki,24.82%
257,Ludność w wieku 60+,2022,gmina,Biecz,powiat gorlicki,25.31%
257,Ludność w wieku 60+,2022,gmina,Bobowa,powiat gorlicki,19.75%
257,Ludność w wieku 60+,2022,gmina,Gorlice (miasto),powiat gorlicki,31.87%
257,Ludność w wieku 60+,2022,gmina,Gorlice (wieś),powiat gorlicki,23.64%
257,Ludność w wieku 60+,2022,gmina,Lipinki,powiat gorlicki,24.04%
257,Ludność w wieku 60+,2022,gmina,Łużna,powiat gorlicki,21.19%
257,Ludność w wieku 60+,2022,gmina,Moszczenica,powiat gorlicki,20.40%
257,Ludność w wieku 60+,2022,gmina,Ropa,powiat gorlicki,19.19%
257,Ludność w wieku 60+,2022,gmina,Sękowa,powiat gorlicki,23.54%
257,Ludność w wieku 60+,2022,gmina,Uście Gorlickie,powiat gorlicki,20.82%
257,Ludność w wieku 60+,2022,powiat,powiat krakowski,powiat krakowski,22.38%
257,Ludność w wieku 60+,2022,gmina,Czernichów,powiat krakowski,21.72%
257,Ludność w wieku 60+,2022,gmina,Igołomia-Wawrzeńczyce,powiat krakowski,24.87%
257,Ludność w wieku 60+,2022,gmina,Iwanowice,powiat krakowski,22.17%
257,Ludność w wieku 60+,2022,gmina,Jerzmanowice-Przeginia,powiat krakowski,23.87%
257,Ludność w wieku 60+,2022,gmina,Kocmyrzów-Luborzyca,powiat krakowski,20.23%
257,Ludność w wieku 60+,2022,gmina,Krzeszowice,powiat krakowski,27.66%
257,Ludność w wieku 60+,2022,gmina,Liszki,powiat krakowski,21.35%
257,Ludność w wieku 60+,2022,gmina,Michałowice,powiat krakowski,18.41%
257,Ludność w wieku 60+,2022,gmina,Mogilany,powiat krakowski,18.78%
257,Ludność w wieku 60+,2022,gmina,Skała,powiat krakowski,23.90%
257,Ludność w wieku 60+,2022,gmina,Skawina,powiat krakowski,24.49%
257,Ludność w wieku 60+,2022,gmina,Słomniki,powiat krakowski,24.93%
257,Ludność w wieku 60+,2022,gmina,Sułoszowa,powiat krakowski,25.01%
257,Ludność w wieku 60+,2022,gmina,Świątniki Górne,powiat krakowski,20.86%
257,Ludność w wieku 60+,2022,gmina,Wielka Wieś,powiat krakowski,17.62%
257,Ludność w wieku 60+,2022,gmina,Zabierzów,powiat krakowski,23.31%
257,Ludność w wieku 60+,2022,gmina,Zielonki,powiat krakowski,18.11%
257,Ludność w wieku 60+,2022,powiat,powiat limanowski,powiat limanowski,19.86%
257,Ludność w wieku 60+,2022,gmina,Dobra,powiat limanowski,20.68%
257,Ludność w wieku 60+,2022,gmina,Jodłownik,powiat limanowski,20.57%
257,Ludność w wieku 60+,2022,gmina,Kamienica,powiat limanowski,18.84%
257,Ludność w wieku 60+,2022,gmina,Laskowa,powiat limanowski,18.90%
257,Ludność w wieku 60+,2022,gmina,Limanowa (miasto),powiat limanowski,25.22%
257,Ludność w wieku 60+,2022,gmina,Limanowa (wieś),powiat limanowski,18.37%
257,Ludność w wieku 60+,2022,gmina,Łukowica,powiat limanowski,18.77%
257,Ludność w wieku 60+,2022,gmina,Mszana Dolna (miasto),powiat limanowski,23.67%
257,Ludność w wieku 60+,2022,gmina,Mszana Dolna (wieś),powiat limanowski,19.01%
257,Ludność w wieku 60+,2022,gmina,Niedźwiedź,powiat limanowski,18.19%
257,Ludność w wieku 60+,2022,gmina,Słopnice,powiat limanowski,15.39%
257,Ludność w wieku 60+,2022,gmina,Tymbark,powiat limanowski,20.19%
257,Ludność w wieku 60+,2022,powiat,powiat m. Kraków,powiat m. Kraków,24.68%
257,Ludność w wieku 60+,2022,powiat,powiat m. Nowy Sącz,powiat m. Nowy Sącz,26.35%
257,Ludność w wieku 60+,2022,powiat,powiat m. Tarnów,powiat m. Tarnów,30.31%
257,Ludność w wieku 60+,2022,powiat,powiat miechowski,powiat miechowski,29.10%
257,Ludność w wieku 60+,2022,gmina,Charsznica,powiat miechowski,29.62%
257,Ludność w wieku 60+,2022,gmina,Gołcza,powiat miechowski,26.43%
257,Ludność w wieku 60+,2022,gmina,Kozłów,powiat miechowski,28.81%
257,Ludność w wieku 60+,2022,gmina,Książ Wielki,powiat miechowski,31.48%
257,Ludność w wieku 60+,2022,gmina,Miechów,powiat miechowski,29.09%
257,Ludność w wieku 60+,2022,gmina,Racławice,powiat miechowski,27.65%
257,Ludność w wieku 60+,2022,gmina,Słaboszów,powiat miechowski,30.76%
257,Ludność w wieku 60+,2022,powiat,powiat myślenicki,powiat myślenicki,21.25%
257,Ludność w wieku 60+,2022,gmina,Dobczyce,powiat myślenicki,21.38%
257,Ludność w wieku 60+,2022,gmina,Lubień,powiat myślenicki,20.03%
257,Ludność w wieku 60+,2022,gmina,Myślenice,powiat myślenicki,22.22%
257,Ludność w wieku 60+,2022,gmina,Pcim,powiat myślenicki,21.27%
257,Ludność w wieku 60+,2022,gmina,Raciechowice,powiat myślenicki,21.92%
257,Ludność w wieku 60+,2022,gmina,Siepraw,powiat myślenicki,19.85%
257,Ludność w wieku 60+,2022,gmina,Sułkowice,powiat myślenicki,20.88%
257,Ludność w wieku 60+,2022,gmina,Tokarnia,powiat myślenicki,19.10%
257,Ludność w wieku 60+,2022,gmina,Wiśniowa,powiat myślenicki,21.23%
257,Ludność w wieku 60+,2022,powiat,powiat nowosądecki,powiat nowosądecki,19.97%
257,Ludność w wieku 60+,2022,gmina,Podegrodzie,powiat nowosądecki,16.93%
257,Ludność w wieku 60+,2022,gmina,Rytro,powiat nowosądecki,23.08%
257,Ludność w wieku 60+,2022,gmina,Stary Sącz,powiat nowosądecki,21.00%
257,Ludność w wieku 60+,2022,gmina,Chełmiec,powiat nowosądecki,17.84%
257,Ludność w wieku 60+,2022,gmina,Gródek nad Dunajcem,powiat nowosądecki,20.78%
257,Ludność w wieku 60+,2022,gmina,Grybów (miasto),powiat nowosądecki,25.25%
257,Ludność w wieku 60+,2022,gmina,Grybów (wieś),powiat nowosądecki,18.46%
257,Ludność w wieku 60+,2022,gmina,Kamionka Wielka,powiat nowosądecki,17.56%
257,Ludność w wieku 60+,2022,gmina,Korzenna,powiat nowosądecki,18.39%
257,Ludność w wieku 60+,2022,gmina,Krynica-Zdrój,powiat nowosądecki,27.52%
257,Ludność w wieku 60+,2022,gmina,Łabowa,powiat nowosądecki,17.03%
257,Ludność w wieku 60+,2022,gmina,Łącko,powiat nowosądecki,18.16%
257,Ludność w wieku 60+,2022,gmina,Łososina Dolna,powiat nowosądecki,18.87%
257,Ludność w wieku 60+,2022,gmina,Muszyna,powiat nowosądecki,23.67%
257,Ludność w wieku 60+,2022,gmina,Nawojowa,powiat nowosądecki,18.03%
257,Ludność w wieku 60+,2022,gmina,Piwniczna-Zdrój,powiat nowosądecki,23.30%
257,Ludność w wieku 60+,2022,powiat,powiat nowotarski,powiat nowotarski,22.06%
257,Ludność w wieku 60+,2022,gmina,Czarny Dunajec,powiat nowotarski,21.57%
257,Ludność w wieku 60+,2022,gmina,Czorsztyn,powiat nowotarski,21.39%
257,Ludność w wieku 60+,2022,gmina,Jabłonka,powiat nowotarski,18.36%
257,Ludność w wieku 60+,2022,gmina,Krościenko nad Dunajcem,powiat nowotarski,23.76%
257,Ludność w wieku 60+,2022,gmina,Lipnica Wielka,powiat nowotarski,18.27%
257,Ludność w wieku 60+,2022,gmina,Łapsze Niżne,powiat nowotarski,21.75%
257,Ludność w wieku 60+,2022,gmina,Nowy Targ (miasto),powiat nowotarski,25.17%
257,Ludność w wieku 60+,2022,gmina,Nowy Targ (wieś),powiat nowotarski,20.48%
257,Ludność w wieku 60+,2022,gmina,Ochotnica Dolna,powiat nowotarski,19.50%
257,Ludność w wieku 60+,2022,gmina,Raba Wyżna,powiat nowotarski,21.26%
257,Ludność w wieku 60+,2022,gmina,Rabka-Zdrój,powiat nowotarski,26.46%
257,Ludność w wieku 60+,2022,gmina,Spytkowice,powiat nowotarski,20.01%
257,Ludność w wieku 60+,2022,gmina,Szaflary,powiat nowotarski,20.00%
257,Ludność w wieku 60+,2022,gmina,Szczawnica,powiat nowotarski,26.43%
257,Ludność w wieku 60+,2022,powiat,powiat olkuski,powiat olkuski,29.27%
257,Ludność w wieku 60+,2022,gmina,Bolesław,powiat olkuski,30.75%
257,Ludność w wieku 60+,2022,gmina,Bukowno,powiat olkuski,32.61%
257,Ludność w wieku 60+,2022,gmina,Klucze,powiat olkuski,28.68%
257,Ludność w wieku 60+,2022,gmina,Olkusz,powiat olkuski,30.23%
257,Ludność w wieku 60+,2022,gmina,Trzyciąż,powiat olkuski,25.07%
257,Ludność w wieku 60+,2022,gmina,Wolbrom,powiat olkuski,27.00%
257,Ludność w wieku 60+,2022,powiat,powiat oświęcimski,powiat oświęcimski,27.16%
257,Ludność w wieku 60+,2022,gmina,Brzeszcze,powiat oświęcimski,28.51%
257,Ludność w wieku 60+,2022,gmina,Chełmek,powiat oświęcimski,28.13%
257,Ludność w wieku 60+,2022,gmina,Kęty,powiat oświęcimski,25.95%
257,Ludność w wieku 60+,2022,gmina,Osiek,powiat oświęcimski,22.90%
257,Ludność w wieku 60+,2022,gmina,Oświęcim (miasto),powiat oświęcimski,30.69%
257,Ludność w wieku 60+,2022,gmina,Oświęcim (wieś),powiat oświęcimski,24.91%
257,Ludność w wieku 60+,2022,gmina,Polanka Wielka,powiat oświęcimski,22.45%
257,Ludność w wieku 60+,2022,gmina,Przeciszów,powiat oświęcimski,26.56%
257,Ludność w wieku 60+,2022,gmina,Zator,powiat oświęcimski,24.47%
257,Ludność w wieku 60+,2022,powiat,powiat proszowicki,powiat proszowicki,26.12%
257,Ludność w wieku 60+,2022,gmina,Koniusza,powiat proszowicki,23.76%
257,Ludność w wieku 60+,2022,gmina,Koszyce,powiat proszowicki,28.54%
257,Ludność w wieku 60+,2022,gmina,Nowe Brzesko,powiat proszowicki,26.61%
257,Ludność w wieku 60+,2022,gmina,Pałecznica,powiat proszowicki,25.82%
257,Ludność w wieku 60+,2022,gmina,Proszowice,powiat proszowicki,26.70%
257,Ludność w wieku 60+,2022,gmina,Radziemice,powiat proszowicki,25.44%
257,Ludność w wieku 60+,2022,powiat,powiat suski,powiat suski,23.31%
257,Ludność w wieku 60+,2022,gmina,Budzów,powiat suski,19.61%
257,Ludność w wieku 60+,2022,gmina,Bystra-Sidzina,powiat suski,19.48%
257,Ludność w wieku 60+,2022,gmina,Jordanów (miasto),powiat suski,25.22%
257,Ludność w wieku 60+,2022,gmina,Jordanów (wieś),powiat suski,20.94%
257,Ludność w wieku 60+,2022,gmina,Maków Podhalański,powiat suski,24.24%
257,Ludność w wieku 60+,2022,gmina,Stryszawa,powiat suski,23.92%
257,Ludność w wieku 60+,2022,gmina,Sucha Beskidzka,powiat suski,27.49%
257,Ludność w wieku 60+,2022,gmina,Zawoja,powiat suski,24.01%
257,Ludność w wieku 60+,2022,gmina,Zembrzyce,powiat suski,24.97%
257,Ludność w wieku 60+,2022,powiat,powiat tarnowski,powiat tarnowski,22.51%
257,Ludność w wieku 60+,2022,gmina,Ciężkowice,powiat tarnowski,22.44%
257,Ludność w wieku 60+,2022,gmina,Gromnik,powiat tarnowski,21.40%
257,Ludność w wieku 60+,2022,gmina,Lisia Góra,powiat tarnowski,19.13%
257,Ludność w wieku 60+,2022,gmina,Pleśna,powiat tarnowski,22.04%
257,Ludność w wieku 60+,2022,gmina,Radłów,powiat tarnowski,23.66%
257,Ludność w wieku 60+,2022,gmina,Ryglice,powiat tarnowski,20.76%
257,Ludność w wieku 60+,2022,gmina,Rzepiennik Strzyżewski,powiat tarnowski,22.19%
257,Ludność w wieku 60+,2022,gmina,Skrzyszów,powiat tarnowski,21.53%
257,Ludność w wieku 60+,2022,gmina,Szerzyny,powiat tarnowski,24.03%
257,Ludność w wieku 60+,2022,gmina,Tarnów (wieś),powiat tarnowski,22.38%
257,Ludność w wieku 60+,2022,gmina,Tuchów,powiat tarnowski,23.67%
257,Ludność w wieku 60+,2022,gmina,Wierzchosławice,powiat tarnowski,24.99%
257,Ludność w wieku 60+,2022,gmina,Wietrzychowice,powiat tarnowski,27.37%
257,Ludność w wieku 60+,2022,gmina,Wojnicz,powiat tarnowski,22.66%
257,Ludność w wieku 60+,2022,gmina,Zakliczyn,powiat tarnowski,21.44%
257,Ludność w wieku 60+,2022,gmina,Żabno,powiat tarnowski,24.28%
257,Ludność w wieku 60+,2022,powiat,powiat tatrzański,powiat tatrzański,24.54%
257,Ludność w wieku 60+,2022,gmina,Biały Dunajec,powiat tatrzański,20.94%
257,Ludność w wieku 60+,2022,gmina,Bukowina Tatrzańska,powiat tatrzański,21.37%
257,Ludność w wieku 60+,2022,gmina,Kościelisko,powiat tatrzański,22.58%
257,Ludność w wieku 60+,2022,gmina,Poronin,powiat tatrzański,19.62%
257,Ludność w wieku 60+,2022,gmina,Zakopane,powiat tatrzański,30.19%
257,Ludność w wieku 60+,2022,powiat,powiat wadowicki,powiat wadowicki,23.57%
257,Ludność w wieku 60+,2022,gmina,Andrychów,powiat wadowicki,24.86%
257,Ludność w wieku 60+,2022,gmina,Brzeźnica,powiat wadowicki,22.13%
257,Ludność w wieku 60+,2022,gmina,Kalwaria Zebrzydowska,powiat wadowicki,23.18%
257,Ludność w wieku 60+,2022,gmina,Lanckorona,powiat wadowicki,21.76%
257,Ludność w wieku 60+,2022,gmina,Mucharz,powiat wadowicki,23.86%
257,Ludność w wieku 60+,2022,gmina,Spytkowice,powiat wadowicki,21.18%
257,Ludność w wieku 60+,2022,gmina,Stryszów,powiat wadowicki,22.29%
257,Ludność w wieku 60+,2022,gmina,Tomice,powiat wadowicki,20.45%
257,Ludność w wieku 60+,2022,gmina,Wadowice,powiat wadowicki,25.81%
257,Ludność w wieku 60+,2022,gmina,Wieprz,powiat wadowicki,20.10%
257,Ludność w wieku 60+,2022,powiat,powiat wielicki,powiat wielicki,20.35%
257,Ludność w wieku 60+,2022,gmina,Biskupice,powiat wielicki,19.73%
257,Ludność w wieku 60+,2022,gmina,Gdów,powiat wielicki,20.59%
257,Ludność w wieku 60+,2022,gmina,Kłaj,powiat wielicki,23.67%
257,Ludność w wieku 60+,2022,gmina,Niepołomice,powiat wielicki,19.46%
257,Ludność w wieku 60+,2022,gmina,Wieliczka,powiat wielicki,20.29%
257,Ludność w wieku 60+,2021,powiat,powiat bocheński,powiat bocheński,22.00%
257,Ludność w wieku 60+,2021,gmina,Bochnia (miasto),powiat bocheński,26.18%
257,Ludność w wieku 60+,2021,gmina,Bochnia (wieś),powiat bocheński,21.47%
257,Ludność w wieku 60+,2021,gmina,Drwinia,powiat bocheński,23.58%
257,Ludność w wieku 60+,2021,gmina,Lipnica Murowana,powiat bocheński,19.42%
257,Ludność w wieku 60+,2021,gmina,Łapanów,powiat bocheński,18.79%
257,Ludność w wieku 60+,2021,gmina,Nowy Wiśnicz,powiat bocheński,19.67%
257,Ludność w wieku 60+,2021,gmina,Rzezawa,powiat bocheński,20.34%
257,Ludność w wieku 60+,2021,gmina,Trzciana,powiat bocheński,19.14%
257,Ludność w wieku 60+,2021,gmina,Żegocina,powiat bocheński,19.78%
257,Ludność w wieku 60+,2021,powiat,powiat brzeski,powiat brzeski,22.26%
257,Ludność w wieku 60+,2021,gmina,Borzęcin,powiat brzeski,22.36%
257,Ludność w wieku 60+,2021,gmina,Brzesko,powiat brzeski,23.78%
257,Ludność w wieku 60+,2021,gmina,Czchów,powiat brzeski,20.93%
257,Ludność w wieku 60+,2021,gmina,Dębno,powiat brzeski,20.70%
257,Ludność w wieku 60+,2021,gmina,Gnojnik,powiat brzeski,19.72%
257,Ludność w wieku 60+,2021,gmina,Iwkowa,powiat brzeski,20.03%
257,Ludność w wieku 60+,2021,gmina,Szczurowa,powiat brzeski,23.86%
257,Ludność w wieku 60+,2021,powiat,powiat chrzanowski,powiat chrzanowski,28.36%
257,Ludność w wieku 60+,2021,gmina,Alwernia,powiat chrzanowski,25.89%
257,Ludność w wieku 60+,2021,gmina,Babice,powiat chrzanowski,25.56%
257,Ludność w wieku 60+,2021,gmina,Chrzanów,powiat chrzanowski,30.62%
257,Ludność w wieku 60+,2021,gmina,Libiąż,powiat chrzanowski,26.52%
257,Ludność w wieku 60+,2021,gmina,Trzebinia,powiat chrzanowski,28.16%
257,Ludność w wieku 60+,2021,powiat,powiat dąbrowski,powiat dąbrowski,22.54%
257,Ludność w wieku 60+,2021,gmina,Bolesław,powiat dąbrowski,19.77%
257,Ludność w wieku 60+,2021,gmina,Dąbrowa Tarnowska,powiat dąbrowski,22.83%
257,Ludność w wieku 60+,2021,gmina,Gręboszów,powiat dąbrowski,29.19%
257,Ludność w wieku 60+,2021,gmina,Mędrzechów,powiat dąbrowski,23.82%
257,Ludność w wieku 60+,2021,gmina,Olesno,powiat dąbrowski,21.88%
257,Ludność w wieku 60+,2021,gmina,Radgoszcz,powiat dąbrowski,20.47%
257,Ludność w wieku 60+,2021,gmina,Szczucin,powiat dąbrowski,22.20%
257,Ludność w wieku 60+,2021,powiat,powiat gorlicki,powiat gorlicki,23.97%
257,Ludność w wieku 60+,2021,gmina,Biecz,powiat gorlicki,24.29%
257,Ludność w wieku 60+,2021,gmina,Bobowa,powiat gorlicki,18.57%
257,Ludność w wieku 60+,2021,gmina,Gorlice (miasto),powiat gorlicki,30.75%
257,Ludność w wieku 60+,2021,gmina,Gorlice (wieś),powiat gorlicki,22.86%
257,Ludność w wieku 60+,2021,gmina,Lipinki,powiat gorlicki,23.66%
257,Ludność w wieku 60+,2021,gmina,Łużna,powiat gorlicki,20.31%
257,Ludność w wieku 60+,2021,gmina,Moszczenica,powiat gorlicki,20.12%
257,Ludność w wieku 60+,2021,gmina,Ropa,powiat gorlicki,18.58%
257,Ludność w wieku 60+,2021,gmina,Sękowa,powiat gorlicki,22.76%
257,Ludność w wieku 60+,2021,gmina,Uście Gorlickie,powiat gorlicki,20.33%
257,Ludność w wieku 60+,2021,powiat,powiat krakowski,powiat krakowski,22.68%
257,Ludność w wieku 60+,2021,gmina,Czernichów,powiat krakowski,21.42%
257,Ludność w wieku 60+,2021,gmina,Igołomia-Wawrzeńczyce,powiat krakowski,24.54%
257,Ludność w wieku 60+,2021,gmina,Iwanowice,powiat krakowski,21.92%
257,Ludność w wieku 60+,2021,gmina,Jerzmanowice-Przeginia,powiat krakowski,23.69%
257,Ludność w wieku 60+,2021,gmina,Kocmyrzów-Luborzyca,powiat krakowski,20.74%
257,Ludność w wieku 60+,2021,gmina,Krzeszowice,powiat krakowski,27.10%
257,Ludność w wieku 60+,2021,gmina,Liszki,powiat krakowski,21.33%
257,Ludność w wieku 60+,2021,gmina,Michałowice,powiat krakowski,19.82%
257,Ludność w wieku 60+,2021,gmina,Mogilany,powiat krakowski,19.44%
257,Ludność w wieku 60+,2021,gmina,Skała,powiat krakowski,23.44%
257,Ludność w wieku 60+,2021,gmina,Skawina,powiat krakowski,24.39%
257,Ludność w wieku 60+,2021,gmina,Słomniki,powiat krakowski,24.66%
257,Ludność w wieku 60+,2021,gmina,Sułoszowa,powiat krakowski,24.25%
257,Ludność w wieku 60+,2021,gmina,Świątniki Górne,powiat krakowski,20.55%
257,Ludność w wieku 60+,2021,gmina,Wielka Wieś,powiat krakowski,19.17%
257,Ludność w wieku 60+,2021,gmina,Zabierzów,powiat krakowski,24.00%
257,Ludność w wieku 60+,2021,gmina,Zielonki,powiat krakowski,18.90%
257,Ludność w wieku 60+,2021,powiat,powiat limanowski,powiat limanowski,19.18%
257,Ludność w wieku 60+,2021,gmina,Dobra,powiat limanowski,20.19%
257,Ludność w wieku 60+,2021,gmina,Jodłownik,powiat limanowski,20.02%
257,Ludność w wieku 60+,2021,gmina,Kamienica,powiat limanowski,18.01%
257,Ludność w wieku 60+,2021,gmina,Laskowa,powiat limanowski,17.88%
257,Ludność w wieku 60+,2021,gmina,Limanowa (miasto),powiat limanowski,23.89%
257,Ludność w wieku 60+,2021,gmina,Limanowa (wieś),powiat limanowski,17.75%
257,Ludność w wieku 60+,2021,gmina,Łukowica,powiat limanowski,18.29%
257,Ludność w wieku 60+,2021,gmina,Mszana Dolna (miasto),powiat limanowski,22.91%
257,Ludność w wieku 60+,2021,gmina,Mszana Dolna (wieś),powiat limanowski,18.61%
257,Ludność w wieku 60+,2021,gmina,Niedźwiedź,powiat limanowski,17.45%
257,Ludność w wieku 60+,2021,gmina,Słopnice,powiat limanowski,14.84%
257,Ludność w wieku 60+,2021,gmina,Tymbark,powiat limanowski,19.33%
257,Ludność w wieku 60+,2021,powiat,powiat m. Kraków,powiat m. Kraków,26.49%
257,Ludność w wieku 60+,2021,powiat,powiat m. Nowy Sącz,powiat m. Nowy Sącz,25.34%
257,Ludność w wieku 60+,2021,powiat,powiat m. Tarnów,powiat m. Tarnów,30.05%
257,Ludność w wieku 60+,2021,powiat,powiat miechowski,powiat miechowski,28.07%
257,Ludność w wieku 60+,2021,gmina,Charsznica,powiat miechowski,28.64%
257,Ludność w wieku 60+,2021,gmina,Gołcza,powiat miechowski,25.57%
257,Ludność w wieku 60+,2021,gmina,Kozłów,powiat miechowski,27.61%
257,Ludność w wieku 60+,2021,gmina,Książ Wielki,powiat miechowski,29.40%
257,Ludność w wieku 60+,2021,gmina,Miechów,powiat miechowski,28.60%
257,Ludność w wieku 60+,2021,gmina,Racławice,powiat miechowski,25.66%
257,Ludność w wieku 60+,2021,gmina,Słaboszów,powiat miechowski,28.71%
257,Ludność w wieku 60+,2021,powiat,powiat myślenicki,powiat myślenicki,20.61%
257,Ludność w wieku 60+,2021,gmina,Dobczyce,powiat myślenicki,20.44%
257,Ludność w wieku 60+,2021,gmina,Lubień,powiat myślenicki,19.44%
257,Ludność w wieku 60+,2021,gmina,Myślenice,powiat myślenicki,21.72%
257,Ludność w wieku 60+,2021,gmina,Pcim,powiat myślenicki,20.68%
257,Ludność w wieku 60+,2021,gmina,Raciechowice,powiat myślenicki,20.91%
257,Ludność w wieku 60+,2021,gmina,Siepraw,powiat myślenicki,19.59%
257,Ludność w wieku 60+,2021,gmina,Sułkowice,powiat myślenicki,20.06%
257,Ludność w wieku 60+,2021,gmina,Tokarnia,powiat myślenicki,18.53%
257,Ludność w wieku 60+,2021,gmina,Wiśniowa,powiat myślenicki,20.41%
257,Ludność w wieku 60+,2021,powiat,powiat nowosądecki,powiat nowosądecki,19.16%
257,Ludność w wieku 60+,2021,gmina,Podegrodzie,powiat nowosądecki,16.86%
257,Ludność w wieku 60+,2021,gmina,Rytro,powiat nowosądecki,21.51%
257,Ludność w wieku 60+,2021,gmina,Stary Sącz,powiat nowosądecki,20.12%
257,Ludność w wieku 60+,2021,gmina,Chełmiec,powiat nowosądecki,17.40%
257,Ludność w wieku 60+,2021,gmina,Gródek nad Dunajcem,powiat nowosądecki,19.58%
257,Ludność w wieku 60+,2021,gmina,Grybów (miasto),powiat nowosądecki,23.24%
257,Ludność w wieku 60+,2021,gmina,Grybów (wieś),powiat nowosądecki,17.59%
257,Ludność w wieku 60+,2021,gmina,Kamionka Wielka,powiat nowosądecki,16.53%
257,Ludność w wieku 60+,2021,gmina,Korzenna,powiat nowosądecki,17.07%
257,Ludność w wieku 60+,2021,gmina,Krynica-Zdrój,powiat nowosądecki,26.34%
257,Ludność w wieku 60+,2021,gmina,Łabowa,powiat nowosądecki,16.03%
257,Ludność w wieku 60+,2021,gmina,Łącko,powiat nowosądecki,17.65%
257,Ludność w wieku 60+,2021,gmina,Łososina Dolna,powiat nowosądecki,18.42%
257,Ludność w wieku 60+,2021,gmina,Muszyna,powiat nowosądecki,22.89%
257,Ludność w wieku 60+,2021,gmina,Nawojowa,powiat nowosądecki,17.38%
257,Ludność w wieku 60+,2021,gmina,Piwniczna-Zdrój,powiat nowosądecki,21.81%
257,Ludność w wieku 60+,2021,powiat,powiat nowotarski,powiat nowotarski,21.62%
257,Ludność w wieku 60+,2021,gmina,Czarny Dunajec,powiat nowotarski,21.45%
257,Ludność w wieku 60+,2021,gmina,Czorsztyn,powiat nowotarski,21.49%
257,Ludność w wieku 60+,2021,gmina,Jabłonka,powiat nowotarski,17.70%
257,Ludność w wieku 60+,2021,gmina,Krościenko nad Dunajcem,powiat nowotarski,22.81%
257,Ludność w wieku 60+,2021,gmina,Lipnica Wielka,powiat nowotarski,17.69%
257,Ludność w wieku 60+,2021,gmina,Łapsze Niżne,powiat nowotarski,21.00%
257,Ludność w wieku 60+,2021,gmina,Nowy Targ (miasto),powiat nowotarski,25.07%
257,Ludność w wieku 60+,2021,gmina,Nowy Targ (wieś),powiat nowotarski,20.19%
257,Ludność w wieku 60+,2021,gmina,Ochotnica Dolna,powiat nowotarski,18.68%
257,Ludność w wieku 60+,2021,gmina,Raba Wyżna,powiat nowotarski,20.14%
257,Ludność w wieku 60+,2021,gmina,Rabka-Zdrój,powiat nowotarski,25.62%
257,Ludność w wieku 60+,2021,gmina,Spytkowice,powiat nowotarski,20.63%
257,Ludność w wieku 60+,2021,gmina,Szaflary,powiat nowotarski,19.76%
257,Ludność w wieku 60+,2021,gmina,Szczawnica,powiat nowotarski,25.13%
257,Ludność w wieku 60+,2021,powiat,powiat olkuski,powiat olkuski,28.47%
257,Ludność w wieku 60+,2021,gmina,Bolesław,powiat olkuski,30.99%
257,Ludność w wieku 60+,2021,gmina,Bukowno,powiat olkuski,31.36%
257,Ludność w wieku 60+,2021,gmina,Klucze,powiat olkuski,27.32%
257,Ludność w wieku 60+,2021,gmina,Olkusz,powiat olkuski,29.47%
257,Ludność w wieku 60+,2021,gmina,Trzyciąż,powiat olkuski,24.45%
257,Ludność w wieku 60+,2021,gmina,Wolbrom,powiat olkuski,26.23%
257,Ludność w wieku 60+,2021,powiat,powiat oświęcimski,powiat oświęcimski,26.60%
257,Ludność w wieku 60+,2021,gmina,Brzeszcze,powiat oświęcimski,27.63%
257,Ludność w wieku 60+,2021,gmina,Chełmek,powiat oświęcimski,27.29%
257,Ludność w wieku 60+,2021,gmina,Kęty,powiat oświęcimski,25.44%
257,Ludność w wieku 60+,2021,gmina,Osiek,powiat oświęcimski,22.23%
257,Ludność w wieku 60+,2021,gmina,Oświęcim (miasto),powiat oświęcimski,30.20%
257,Ludność w wieku 60+,2021,gmina,Oświęcim (wieś),powiat oświęcimski,24.77%
257,Ludność w wieku 60+,2021,gmina,Polanka Wielka,powiat oświęcimski,21.78%
257,Ludność w wieku 60+,2021,gmina,Przeciszów,powiat oświęcimski,25.23%
257,Ludność w wieku 60+,2021,gmina,Zator,powiat oświęcimski,23.86%
257,Ludność w wieku 60+,2021,powiat,powiat proszowicki,powiat proszowicki,25.60%
257,Ludność w wieku 60+,2021,gmina,Koniusza,powiat proszowicki,23.57%
257,Ludność w wieku 60+,2021,gmina,Koszyce,powiat proszowicki,27.82%
257,Ludność w wieku 60+,2021,gmina,Nowe Brzesko,powiat proszowicki,26.31%
257,Ludność w wieku 60+,2021,gmina,Pałecznica,powiat proszowicki,25.37%
257,Ludność w wieku 60+,2021,gmina,Proszowice,powiat proszowicki,25.89%
257,Ludność w wieku 60+,2021,gmina,Radziemice,powiat proszowicki,25.19%
257,Ludność w wieku 60+,2021,powiat,powiat suski,powiat suski,22.70%
257,Ludność w wieku 60+,2021,gmina,Budzów,powiat suski,19.00%
257,Ludność w wieku 60+,2021,gmina,Bystra-Sidzina,powiat suski,18.95%
257,Ludność w wieku 60+,2021,gmina,Jordanów (miasto),powiat suski,24.53%
257,Ludność w wieku 60+,2021,gmina,Jordanów (wieś),powiat suski,20.88%
257,Ludność w wieku 60+,2021,gmina,Maków Podhalański,powiat suski,24.04%
257,Ludność w wieku 60+,2021,gmina,Stryszawa,powiat suski,23.29%
257,Ludność w wieku 60+,2021,gmina,Sucha Beskidzka,powiat suski,26.53%
257,Ludność w wieku 60+,2021,gmina,Zawoja,powiat suski,23.03%
257,Ludność w wieku 60+,2021,gmina,Zembrzyce,powiat suski,23.48%
257,Ludność w wieku 60+,2021,powiat,powiat tarnowski,powiat tarnowski,21.73%
257,Ludność w wieku 60+,2021,gmina,Ciężkowice,powiat tarnowski,21.94%
257,Ludność w wieku 60+,2021,gmina,Gromnik,powiat tarnowski,20.24%
257,Ludność w wieku 60+,2021,gmina,Lisia Góra,powiat tarnowski,18.23%
257,Ludność w wieku 60+,2021,gmina,Pleśna,powiat tarnowski,21.12%
257,Ludność w wieku 60+,2021,gmina,Radłów,powiat tarnowski,22.48%
257,Ludność w wieku 60+,2021,gmina,Ryglice,powiat tarnowski,20.46%
257,Ludność w wieku 60+,2021,gmina,Rzepiennik Strzyżewski,powiat tarnowski,21.22%
257,Ludność w wieku 60+,2021,gmina,Skrzyszów,powiat tarnowski,20.60%
257,Ludność w wieku 60+,2021,gmina,Szerzyny,powiat tarnowski,23.17%
257,Ludność w wieku 60+,2021,gmina,Tarnów (wieś),powiat tarnowski,21.66%
257,Ludność w wieku 60+,2021,gmina,Tuchów,powiat tarnowski,22.87%
257,Ludność w wieku 60+,2021,gmina,Wierzchosławice,powiat tarnowski,23.50%
257,Ludność w wieku 60+,2021,gmina,Wietrzychowice,powiat tarnowski,26.64%
257,Ludność w wieku 60+,2021,gmina,Wojnicz,powiat tarnowski,22.24%
257,Ludność w wieku 60+,2021,gmina,Zakliczyn,powiat tarnowski,20.89%
257,Ludność w wieku 60+,2021,gmina,Żabno,powiat tarnowski,23.62%
257,Ludność w wieku 60+,2021,powiat,powiat tatrzański,powiat tatrzański,24.36%
257,Ludność w wieku 60+,2021,gmina,Biały Dunajec,powiat tatrzański,20.77%
257,Ludność w wieku 60+,2021,gmina,Bukowina Tatrzańska,powiat tatrzański,21.12%
257,Ludność w wieku 60+,2021,gmina,Kościelisko,powiat tatrzański,22.99%
257,Ludność w wieku 60+,2021,gmina,Poronin,powiat tatrzański,19.58%
257,Ludność w wieku 60+,2021,gmina,Zakopane,powiat tatrzański,29.53%
257,Ludność w wieku 60+,2021,powiat,powiat wadowicki,powiat wadowicki,22.92%
257,Ludność w wieku 60+,2021,gmina,Andrychów,powiat wadowicki,24.29%
257,Ludność w wieku 60+,2021,gmina,Brzeźnica,powiat wadowicki,21.56%
257,Ludność w wieku 60+,2021,gmina,Kalwaria Zebrzydowska,powiat wadowicki,22.54%
257,Ludność w wieku 60+,2021,gmina,Lanckorona,powiat wadowicki,21.47%
257,Ludność w wieku 60+,2021,gmina,Mucharz,powiat wadowicki,22.02%
257,Ludność w wieku 60+,2021,gmina,Spytkowice,powiat wadowicki,20.21%
257,Ludność w wieku 60+,2021,gmina,Stryszów,powiat wadowicki,21.33%
257,Ludność w wieku 60+,2021,gmina,Tomice,powiat wadowicki,19.53%
257,Ludność w wieku 60+,2021,gmina,Wadowice,powiat wadowicki,25.05%
257,Ludność w wieku 60+,2021,gmina,Wieprz,powiat wadowicki,20.02%
257,Ludność w wieku 60+,2021,powiat,powiat wielicki,powiat wielicki,20.86%
257,Ludność w wieku 60+,2021,gmina,Biskupice,powiat wielicki,19.99%
257,Ludność w wieku 60+,2021,gmina,Gdów,powiat wielicki,20.00%
257,Ludność w wieku 60+,2021,gmina,Kłaj,powiat wielicki,23.63%
257,Ludność w wieku 60+,2021,gmina,Niepołomice,powiat wielicki,19.96%
257,Ludność w wieku 60+,2021,gmina,Wieliczka,powiat wielicki,21.22%
257,Ludność w wieku 60+,2020,powiat,powiat bocheński,powiat bocheński,21.66%
257,Ludność w wieku 60+,2020,gmina,Bochnia (miasto),powiat bocheński,25.91%
257,Ludność w wieku 60+,2020,gmina,Bochnia (wieś),powiat bocheński,20.99%
257,Ludność w wieku 60+,2020,gmina,Drwinia,powiat bocheński,23.34%
257,Ludność w wieku 60+,2020,gmina,Lipnica Murowana,powiat bocheński,18.75%
257,Ludność w wieku 60+,2020,gmina,Łapanów,powiat bocheński,18.53%
257,Ludność w wieku 60+,2020,gmina,Nowy Wiśnicz,powiat bocheński,19.34%
257,Ludność w wieku 60+,2020,gmina,Rzezawa,powiat bocheński,19.97%
257,Ludność w wieku 60+,2020,gmina,Trzciana,powiat bocheński,18.74%
257,Ludność w wieku 60+,2020,gmina,Żegocina,powiat bocheński,19.51%
257,Ludność w wieku 60+,2020,powiat,powiat brzeski,powiat brzeski,21.89%
257,Ludność w wieku 60+,2020,gmina,Borzęcin,powiat brzeski,21.95%
257,Ludność w wieku 60+,2020,gmina,Brzesko,powiat brzeski,23.39%
257,Ludność w wieku 60+,2020,gmina,Czchów,powiat brzeski,20.32%
257,Ludność w wieku 60+,2020,gmina,Dębno,powiat brzeski,20.39%
257,Ludność w wieku 60+,2020,gmina,Gnojnik,powiat brzeski,19.49%
257,Ludność w wieku 60+,2020,gmina,Iwkowa,powiat brzeski,19.73%
257,Ludność w wieku 60+,2020,gmina,Szczurowa,powiat brzeski,23.55%
257,Ludność w wieku 60+,2020,powiat,powiat chrzanowski,powiat chrzanowski,28.02%
257,Ludność w wieku 60+,2020,gmina,Alwernia,powiat chrzanowski,25.56%
257,Ludność w wieku 60+,2020,gmina,Babice,powiat chrzanowski,25.24%
257,Ludność w wieku 60+,2020,gmina,Chrzanów,powiat chrzanowski,30.19%
257,Ludność w wieku 60+,2020,gmina,Libiąż,powiat chrzanowski,26.12%
257,Ludność w wieku 60+,2020,gmina,Trzebinia,powiat chrzanowski,27.94%
257,Ludność w wieku 60+,2020,powiat,powiat dąbrowski,powiat dąbrowski,22.32%
257,Ludność w wieku 60+,2020,gmina,Bolesław,powiat dąbrowski,21.11%
257,Ludność w wieku 60+,2020,gmina,Dąbrowa Tarnowska,powiat dąbrowski,22.49%
257,Ludność w wieku 60+,2020,gmina,Gręboszów,powiat dąbrowski,28.32%
257,Ludność w wieku 60+,2020,gmina,Mędrzechów,powiat dąbrowski,23.06%
257,Ludność w wieku 60+,2020,gmina,Olesno,powiat dąbrowski,21.90%
257,Ludność w wieku 60+,2020,gmina,Radgoszcz,powiat dąbrowski,20.31%
257,Ludność w wieku 60+,2020,gmina,Szczucin,powiat dąbrowski,21.96%
257,Ludność w wieku 60+,2020,powiat,powiat gorlicki,powiat gorlicki,23.59%
257,Ludność w wieku 60+,2020,gmina,Biecz,powiat gorlicki,23.86%
257,Ludność w wieku 60+,2020,gmina,Bobowa,powiat gorlicki,18.30%
257,Ludność w wieku 60+,2020,gmina,Gorlice (miasto),powiat gorlicki,30.17%
257,Ludność w wieku 60+,2020,gmina,Gorlice (wieś),powiat gorlicki,22.36%
257,Ludność w wieku 60+,2020,gmina,Lipinki,powiat gorlicki,23.56%
257,Ludność w wieku 60+,2020,gmina,Łużna,powiat gorlicki,20.05%
257,Ludność w wieku 60+,2020,gmina,Moszczenica,powiat gorlicki,20.02%
257,Ludność w wieku 60+,2020,gmina,Ropa,powiat gorlicki,18.50%
257,Ludność w wieku 60+,2020,gmina,Sękowa,powiat gorlicki,22.32%
257,Ludność w wieku 60+,2020,gmina,Uście Gorlickie,powiat gorlicki,19.74%
257,Ludność w wieku 60+,2020,powiat,powiat krakowski,powiat krakowski,22.57%
257,Ludność w wieku 60+,2020,gmina,Czernichów,powiat krakowski,21.17%
257,Ludność w wieku 60+,2020,gmina,Igołomia-Wawrzeńczyce,powiat krakowski,24.39%
257,Ludność w wieku 60+,2020,gmina,Iwanowice,powiat krakowski,21.80%
257,Ludność w wieku 60+,2020,gmina,Jerzmanowice-Przeginia,powiat krakowski,23.23%
257,Ludność w wieku 60+,2020,gmina,Kocmyrzów-Luborzyca,powiat krakowski,20.89%
257,Ludność w wieku 60+,2020,gmina,Krzeszowice,powiat krakowski,26.85%
257,Ludność w wieku 60+,2020,gmina,Liszki,powiat krakowski,21.05%
257,Ludność w wieku 60+,2020,gmina,Michałowice,powiat krakowski,19.64%
257,Ludność w wieku 60+,2020,gmina,Mogilany,powiat krakowski,19.40%
257,Ludność w wieku 60+,2020,gmina,Skała,powiat krakowski,23.11%
257,Ludność w wieku 60+,2020,gmina,Skawina,powiat krakowski,24.06%
257,Ludność w wieku 60+,2020,gmina,Słomniki,powiat krakowski,24.60%
257,Ludność w wieku 60+,2020,gmina,Sułoszowa,powiat krakowski,24.16%
257,Ludność w wieku 60+,2020,gmina,Świątniki Górne,powiat krakowski,20.48%
257,Ludność w wieku 60+,2020,gmina,Wielka Wieś,powiat krakowski,19.59%
257,Ludność w wieku 60+,2020,gmina,Zabierzów,powiat krakowski,23.92%
257,Ludność w wieku 60+,2020,gmina,Zielonki,powiat krakowski,19.08%
257,Ludność w wieku 60+,2020,powiat,powiat limanowski,powiat limanowski,18.92%
257,Ludność w wieku 60+,2020,gmina,Dobra,powiat limanowski,20.28%
257,Ludność w wieku 60+,2020,gmina,Jodłownik,powiat limanowski,19.92%
257,Ludność w wieku 60+,2020,gmina,Kamienica,powiat limanowski,17.65%
257,Ludność w wieku 60+,2020,gmina,Laskowa,powiat limanowski,17.74%
257,Ludność w wieku 60+,2020,gmina,Limanowa (miasto),powiat limanowski,23.51%
257,Ludność w wieku 60+,2020,gmina,Limanowa (wieś),powiat limanowski,17.44%
257,Ludność w wieku 60+,2020,gmina,Łukowica,powiat limanowski,18.01%
257,Ludność w wieku 60+,2020,gmina,Mszana Dolna (miasto),powiat limanowski,22.52%
257,Ludność w wieku 60+,2020,gmina,Mszana Dolna (wieś),powiat limanowski,18.34%
257,Ludność w wieku 60+,2020,gmina,Niedźwiedź,powiat limanowski,16.95%
257,Ludność w wieku 60+,2020,gmina,Słopnice,powiat limanowski,14.64%
257,Ludność w wieku 60+,2020,gmina,Tymbark,powiat limanowski,18.99%
257,Ludność w wieku 60+,2020,powiat,powiat m. Kraków,powiat m. Kraków,26.61%
257,Ludność w wieku 60+,2020,powiat,powiat m. Nowy Sącz,powiat m. Nowy Sącz,25.04%
257,Ludność w wieku 60+,2020,powiat,powiat m. Tarnów,powiat m. Tarnów,29.57%
257,Ludność w wieku 60+,2020,powiat,powiat miechowski,powiat miechowski,27.88%
257,Ludność w wieku 60+,2020,gmina,Charsznica,powiat miechowski,28.39%
257,Ludność w wieku 60+,2020,gmina,Gołcza,powiat miechowski,25.64%
257,Ludność w wieku 60+,2020,gmina,Kozłów,powiat miechowski,27.19%
257,Ludność w wieku 60+,2020,gmina,Książ Wielki,powiat miechowski,29.01%
257,Ludność w wieku 60+,2020,gmina,Miechów,powiat miechowski,28.35%
257,Ludność w wieku 60+,2020,gmina,Racławice,powiat miechowski,25.71%
257,Ludność w wieku 60+,2020,gmina,Słaboszów,powiat miechowski,28.94%
257,Ludność w wieku 60+,2020,powiat,powiat myślenicki,powiat myślenicki,20.31%
257,Ludność w wieku 60+,2020,gmina,Dobczyce,powiat myślenicki,20.19%
257,Ludność w wieku 60+,2020,gmina,Lubień,powiat myślenicki,19.19%
257,Ludność w wieku 60+,2020,gmina,Myślenice,powiat myślenicki,21.44%
257,Ludność w wieku 60+,2020,gmina,Pcim,powiat myślenicki,20.37%
257,Ludność w wieku 60+,2020,gmina,Raciechowice,powiat myślenicki,20.91%
257,Ludność w wieku 60+,2020,gmina,Siepraw,powiat myślenicki,19.39%
257,Ludność w wieku 60+,2020,gmina,Sułkowice,powiat myślenicki,19.59%
257,Ludność w wieku 60+,2020,gmina,Tokarnia,powiat myślenicki,17.96%
257,Ludność w wieku 60+,2020,gmina,Wiśniowa,powiat myślenicki,20.05%
257,Ludność w wieku 60+,2020,powiat,powiat nowosądecki,powiat nowosądecki,18.78%
257,Ludność w wieku 60+,2020,gmina,Podegrodzie,powiat nowosądecki,16.51%
257,Ludność w wieku 60+,2020,gmina,Rytro,powiat nowosądecki,20.79%
257,Ludność w wieku 60+,2020,gmina,Stary Sącz,powiat nowosądecki,19.62%
257,Ludność w wieku 60+,2020,gmina,Chełmiec,powiat nowosądecki,16.97%
257,Ludność w wieku 60+,2020,gmina,Gródek nad Dunajcem,powiat nowosądecki,19.01%
257,Ludność w wieku 60+,2020,gmina,Grybów (miasto),powiat nowosądecki,22.74%
257,Ludność w wieku 60+,2020,gmina,Grybów (wieś),powiat nowosądecki,17.25%
257,Ludność w wieku 60+,2020,gmina,Kamionka Wielka,powiat nowosądecki,16.39%
257,Ludność w wieku 60+,2020,gmina,Korzenna,powiat nowosądecki,16.90%
257,Ludność w wieku 60+,2020,gmina,Krynica-Zdrój,powiat nowosądecki,25.92%
257,Ludność w wieku 60+,2020,gmina,Łabowa,powiat nowosądecki,15.83%
257,Ludność w wieku 60+,2020,gmina,Łącko,powiat nowosądecki,17.36%
257,Ludność w wieku 60+,2020,gmina,Łososina Dolna,powiat nowosądecki,18.08%
257,Ludność w wieku 60+,2020,gmina,Muszyna,powiat nowosądecki,22.43%
257,Ludność w wieku 60+,2020,gmina,Nawojowa,powiat nowosądecki,16.91%
257,Ludność w wieku 60+,2020,gmina,Piwniczna-Zdrój,powiat nowosądecki,21.32%
257,Ludność w wieku 60+,2020,powiat,powiat nowotarski,powiat nowotarski,21.28%
257,Ludność w wieku 60+,2020,gmina,Czarny Dunajec,powiat nowotarski,21.14%
257,Ludność w wieku 60+,2020,gmina,Czorsztyn,powiat nowotarski,20.90%
257,Ludność w wieku 60+,2020,gmina,Jabłonka,powiat nowotarski,17.60%
257,Ludność w wieku 60+,2020,gmina,Krościenko nad Dunajcem,powiat nowotarski,22.60%
257,Ludność w wieku 60+,2020,gmina,Lipnica Wielka,powiat nowotarski,17.27%
257,Ludność w wieku 60+,2020,gmina,Łapsze Niżne,powiat nowotarski,20.61%
257,Ludność w wieku 60+,2020,gmina,Nowy Targ (miasto),powiat nowotarski,24.82%
257,Ludność w wieku 60+,2020,gmina,Nowy Targ (wieś),powiat nowotarski,19.83%
257,Ludność w wieku 60+,2020,gmina,Ochotnica Dolna,powiat nowotarski,18.55%
257,Ludność w wieku 60+,2020,gmina,Raba Wyżna,powiat nowotarski,19.72%
257,Ludność w wieku 60+,2020,gmina,Rabka-Zdrój,powiat nowotarski,25.27%
257,Ludność w wieku 60+,2020,gmina,Spytkowice,powiat nowotarski,19.46%
257,Ludność w wieku 60+,2020,gmina,Szaflary,powiat nowotarski,19.20%
257,Ludność w wieku 60+,2020,gmina,Szczawnica,powiat nowotarski,24.56%
257,Ludność w wieku 60+,2020,powiat,powiat olkuski,powiat olkuski,28.14%
257,Ludność w wieku 60+,2020,gmina,Bolesław,powiat olkuski,30.50%
257,Ludność w wieku 60+,2020,gmina,Bukowno,powiat olkuski,30.85%
257,Ludność w wieku 60+,2020,gmina,Klucze,powiat olkuski,27.23%
257,Ludność w wieku 60+,2020,gmina,Olkusz,powiat olkuski,29.02%
257,Ludność w wieku 60+,2020,gmina,Trzyciąż,powiat olkuski,24.34%
257,Ludność w wieku 60+,2020,gmina,Wolbrom,powiat olkuski,26.05%
257,Ludność w wieku 60+,2020,powiat,powiat oświęcimski,powiat oświęcimski,26.36%
257,Ludność w wieku 60+,2020,gmina,Brzeszcze,powiat oświęcimski,27.18%
257,Ludność w wieku 60+,2020,gmina,Chełmek,powiat oświęcimski,27.04%
257,Ludność w wieku 60+,2020,gmina,Kęty,powiat oświęcimski,25.16%
257,Ludność w wieku 60+,2020,gmina,Osiek,powiat oświęcimski,21.80%
257,Ludność w wieku 60+,2020,gmina,Oświęcim (miasto),powiat oświęcimski,30.26%
257,Ludność w wieku 60+,2020,gmina,Oświęcim (wieś),powiat oświęcimski,24.40%
257,Ludność w wieku 60+,2020,gmina,Polanka Wielka,powiat oświęcimski,21.35%
257,Ludność w wieku 60+,2020,gmina,Przeciszów,powiat oświęcimski,24.94%
257,Ludność w wieku 60+,2020,gmina,Zator,powiat oświęcimski,23.49%
257,Ludność w wieku 60+,2020,powiat,powiat proszowicki,powiat proszowicki,25.27%
257,Ludność w wieku 60+,2020,gmina,Koniusza,powiat proszowicki,23.37%
257,Ludność w wieku 60+,2020,gmina,Koszyce,powiat proszowicki,27.11%
257,Ludność w wieku 60+,2020,gmina,Nowe Brzesko,powiat proszowicki,26.13%
257,Ludność w wieku 60+,2020,gmina,Pałecznica,powiat proszowicki,25.20%
257,Ludność w wieku 60+,2020,gmina,Proszowice,powiat proszowicki,25.56%
257,Ludność w wieku 60+,2020,gmina,Radziemice,powiat proszowicki,24.63%
257,Ludność w wieku 60+,2020,powiat,powiat suski,powiat suski,22.46%
257,Ludność w wieku 60+,2020,gmina,Budzów,powiat suski,18.86%
257,Ludność w wieku 60+,2020,gmina,Bystra-Sidzina,powiat suski,18.62%
257,Ludność w wieku 60+,2020,gmina,Jordanów (miasto),powiat suski,24.17%
257,Ludność w wieku 60+,2020,gmina,Jordanów (wieś),powiat suski,20.80%
257,Ludność w wieku 60+,2020,gmina,Maków Podhalański,powiat suski,23.84%
257,Ludność w wieku 60+,2020,gmina,Stryszawa,powiat suski,23.08%
257,Ludność w wieku 60+,2020,gmina,Sucha Beskidzka,powiat suski,26.07%
257,Ludność w wieku 60+,2020,gmina,Zawoja,powiat suski,22.62%
257,Ludność w wieku 60+,2020,gmina,Zembrzyce,powiat suski,23.28%
257,Ludność w wieku 60+,2020,powiat,powiat tarnowski,powiat tarnowski,21.37%
257,Ludność w wieku 60+,2020,gmina,Ciężkowice,powiat tarnowski,21.71%
257,Ludność w wieku 60+,2020,gmina,Gromnik,powiat tarnowski,19.98%
257,Ludność w wieku 60+,2020,gmina,Lisia Góra,powiat tarnowski,18.38%
257,Ludność w wieku 60+,2020,gmina,Pleśna,powiat tarnowski,20.67%
257,Ludność w wieku 60+,2020,gmina,Radłów,powiat tarnowski,22.18%
257,Ludność w wieku 60+,2020,gmina,Ryglice,powiat tarnowski,20.34%
257,Ludność w wieku 60+,2020,gmina,Rzepiennik Strzyżewski,powiat tarnowski,20.89%
257,Ludność w wieku 60+,2020,gmina,Skrzyszów,powiat tarnowski,20.06%
257,Ludność w wieku 60+,2020,gmina,Szerzyny,powiat tarnowski,22.95%
257,Ludność w wieku 60+,2020,gmina,Tarnów (wieś),powiat tarnowski,21.15%
257,Ludność w wieku 60+,2020,gmina,Tuchów,powiat tarnowski,22.13%
257,Ludność w wieku 60+,2020,gmina,Wierzchosławice,powiat tarnowski,23.13%
257,Ludność w wieku 60+,2020,gmina,Wietrzychowice,powiat tarnowski,25.79%
257,Ludność w wieku 60+,2020,gmina,Wojnicz,powiat tarnowski,21.79%
257,Ludność w wieku 60+,2020,gmina,Zakliczyn,powiat tarnowski,20.77%
257,Ludność w wieku 60+,2020,gmina,Żabno,powiat tarnowski,23.22%
257,Ludność w wieku 60+,2020,powiat,powiat tatrzański,powiat tatrzański,24.03%
257,Ludność w wieku 60+,2020,gmina,Biały Dunajec,powiat tatrzański,20.21%
257,Ludność w wieku 60+,2020,gmina,Bukowina Tatrzańska,powiat tatrzański,21.04%
257,Ludność w wieku 60+,2020,gmina,Kościelisko,powiat tatrzański,22.48%
257,Ludność w wieku 60+,2020,gmina,Poronin,powiat tatrzański,19.27%
257,Ludność w wieku 60+,2020,gmina,Zakopane,powiat tatrzański,29.14%
257,Ludność w wieku 60+,2020,powiat,powiat wadowicki,powiat wadowicki,22.68%
257,Ludność w wieku 60+,2020,gmina,Andrychów,powiat wadowicki,23.98%
257,Ludność w wieku 60+,2020,gmina,Brzeźnica,powiat wadowicki,21.40%
257,Ludność w wieku 60+,2020,gmina,Kalwaria Zebrzydowska,powiat wadowicki,22.38%
257,Ludność w wieku 60+,2020,gmina,Lanckorona,powiat wadowicki,21.03%
257,Ludność w wieku 60+,2020,gmina,Mucharz,powiat wadowicki,21.17%
257,Ludność w wieku 60+,2020,gmina,Spytkowice,powiat wadowicki,20.35%
257,Ludność w wieku 60+,2020,gmina,Stryszów,powiat wadowicki,21.07%
257,Ludność w wieku 60+,2020,gmina,Tomice,powiat wadowicki,19.34%
257,Ludność w wieku 60+,2020,gmina,Wadowice,powiat wadowicki,24.72%
257,Ludność w wieku 60+,2020,gmina,Wieprz,powiat wadowicki,19.92%
257,Ludność w wieku 60+,2020,powiat,powiat wielicki,powiat wielicki,20.81%
257,Ludność w wieku 60+,2020,gmina,Biskupice,powiat wielicki,19.90%
257,Ludność w wieku 60+,2020,gmina,Gdów,powiat wielicki,19.84%
257,Ludność w wieku 60+,2020,gmina,Kłaj,powiat wielicki,23.38%
257,Ludność w wieku 60+,2020,gmina,Niepołomice,powiat wielicki,19.94%
257,Ludność w wieku 60+,2020,gmina,Wieliczka,powiat wielicki,21.22%
257,Ludność w wieku 60+,2019,powiat,powiat bocheński,powiat bocheński,21.47%
257,Ludność w wieku 60+,2019,gmina,Bochnia (miasto),powiat bocheński,25.72%
257,Ludność w wieku 60+,2019,gmina,Bochnia (wieś),powiat bocheński,20.70%
257,Ludność w wieku 60+,2019,gmina,Drwinia,powiat bocheński,23.39%
257,Ludność w wieku 60+,2019,gmina,Lipnica Murowana,powiat bocheński,18.36%
257,Ludność w wieku 60+,2019,gmina,Łapanów,powiat bocheński,18.53%
257,Ludność w wieku 60+,2019,gmina,Nowy Wiśnicz,powiat bocheński,19.14%
257,Ludność w wieku 60+,2019,gmina,Rzezawa,powiat bocheński,19.72%
257,Ludność w wieku 60+,2019,gmina,Trzciana,powiat bocheński,18.35%
257,Ludność w wieku 60+,2019,gmina,Żegocina,powiat bocheński,19.46%
257,Ludność w wieku 60+,2019,powiat,powiat brzeski,powiat brzeski,21.63%
257,Ludność w wieku 60+,2019,gmina,Borzęcin,powiat brzeski,21.77%
257,Ludność w wieku 60+,2019,gmina,Brzesko,powiat brzeski,23.03%
257,Ludność w wieku 60+,2019,gmina,Czchów,powiat brzeski,20.28%
257,Ludność w wieku 60+,2019,gmina,Dębno,powiat brzeski,19.93%
257,Ludność w wieku 60+,2019,gmina,Gnojnik,powiat brzeski,19.38%
257,Ludność w wieku 60+,2019,gmina,Iwkowa,powiat brzeski,19.31%
257,Ludność w wieku 60+,2019,gmina,Szczurowa,powiat brzeski,23.66%
257,Ludność w wieku 60+,2019,powiat,powiat chrzanowski,powiat chrzanowski,27.48%
257,Ludność w wieku 60+,2019,gmina,Alwernia,powiat chrzanowski,25.13%
257,Ludność w wieku 60+,2019,gmina,Babice,powiat chrzanowski,24.93%
257,Ludność w wieku 60+,2019,gmina,Chrzanów,powiat chrzanowski,29.56%
257,Ludność w wieku 60+,2019,gmina,Libiąż,powiat chrzanowski,25.70%
257,Ludność w wieku 60+,2019,gmina,Trzebinia,powiat chrzanowski,27.34%
257,Ludność w wieku 60+,2019,powiat,powiat dąbrowski,powiat dąbrowski,21.96%
257,Ludność w wieku 60+,2019,gmina,Bolesław,powiat dąbrowski,21.56%
257,Ludność w wieku 60+,2019,gmina,Dąbrowa Tarnowska,powiat dąbrowski,22.07%
257,Ludność w wieku 60+,2019,gmina,Gręboszów,powiat dąbrowski,27.69%
257,Ludność w wieku 60+,2019,gmina,Mędrzechów,powiat dąbrowski,22.84%
257,Ludność w wieku 60+,2019,gmina,Olesno,powiat dąbrowski,21.18%
257,Ludność w wieku 60+,2019,gmina,Radgoszcz,powiat dąbrowski,20.31%
257,Ludność w wieku 60+,2019,gmina,Szczucin,powiat dąbrowski,21.59%
257,Ludność w wieku 60+,2019,powiat,powiat gorlicki,powiat gorlicki,23.08%
257,Ludność w wieku 60+,2019,gmina,Biecz,powiat gorlicki,23.47%
257,Ludność w wieku 60+,2019,gmina,Bobowa,powiat gorlicki,18.01%
257,Ludność w wieku 60+,2019,gmina,Gorlice (miasto),powiat gorlicki,29.41%
257,Ludność w wieku 60+,2019,gmina,Gorlice (wieś),powiat gorlicki,21.78%
257,Ludność w wieku 60+,2019,gmina,Lipinki,powiat gorlicki,23.00%
257,Ludność w wieku 60+,2019,gmina,Łużna,powiat gorlicki,19.59%
257,Ludność w wieku 60+,2019,gmina,Moszczenica,powiat gorlicki,19.53%
257,Ludność w wieku 60+,2019,gmina,Ropa,powiat gorlicki,18.10%
257,Ludność w wieku 60+,2019,gmina,Sękowa,powiat gorlicki,22.09%
257,Ludność w wieku 60+,2019,gmina,Uście Gorlickie,powiat gorlicki,19.16%
257,Ludność w wieku 60+,2019,powiat,powiat krakowski,powiat krakowski,22.39%
257,Ludność w wieku 60+,2019,gmina,Czernichów,powiat krakowski,20.77%
257,Ludność w wieku 60+,2019,gmina,Igołomia-Wawrzeńczyce,powiat krakowski,24.15%
257,Ludność w wieku 60+,2019,gmina,Iwanowice,powiat krakowski,22.00%
257,Ludność w wieku 60+,2019,gmina,Jerzmanowice-Przeginia,powiat krakowski,23.05%
257,Ludność w wieku 60+,2019,gmina,Kocmyrzów-Luborzyca,powiat krakowski,21.08%
257,Ludność w wieku 60+,2019,gmina,Krzeszowice,powiat krakowski,26.55%
257,Ludność w wieku 60+,2019,gmina,Liszki,powiat krakowski,20.61%
257,Ludność w wieku 60+,2019,gmina,Michałowice,powiat krakowski,19.50%
257,Ludność w wieku 60+,2019,gmina,Mogilany,powiat krakowski,19.24%
257,Ludność w wieku 60+,2019,gmina,Skała,powiat krakowski,22.87%
257,Ludność w wieku 60+,2019,gmina,Skawina,powiat krakowski,23.66%
257,Ludność w wieku 60+,2019,gmina,Słomniki,powiat krakowski,24.35%
257,Ludność w wieku 60+,2019,gmina,Sułoszowa,powiat krakowski,24.11%
257,Ludność w wieku 60+,2019,gmina,Świątniki Górne,powiat krakowski,19.97%
257,Ludność w wieku 60+,2019,gmina,Wielka Wieś,powiat krakowski,19.75%
257,Ludność w wieku 60+,2019,gmina,Zabierzów,powiat krakowski,23.78%
257,Ludność w wieku 60+,2019,gmina,Zielonki,powiat krakowski,19.10%
257,Ludność w wieku 60+,2019,powiat,powiat limanowski,powiat limanowski,18.63%
257,Ludność w wieku 60+,2019,gmina,Dobra,powiat limanowski,20.01%
257,Ludność w wieku 60+,2019,gmina,Jodłownik,powiat limanowski,19.82%
257,Ludność w wieku 60+,2019,gmina,Kamienica,powiat limanowski,17.44%
257,Ludność w wieku 60+,2019,gmina,Laskowa,powiat limanowski,17.55%
257,Ludność w wieku 60+,2019,gmina,Limanowa (miasto),powiat limanowski,23.36%
257,Ludność w wieku 60+,2019,gmina,Limanowa (wieś),powiat limanowski,16.96%
257,Ludność w wieku 60+,2019,gmina,Łukowica,powiat limanowski,17.65%
257,Ludność w wieku 60+,2019,gmina,Mszana Dolna (miasto),powiat limanowski,22.39%
257,Ludność w wieku 60+,2019,gmina,Mszana Dolna (wieś),powiat limanowski,18.05%
257,Ludność w wieku 60+,2019,gmina,Niedźwiedź,powiat limanowski,16.72%
257,Ludność w wieku 60+,2019,gmina,Słopnice,powiat limanowski,14.27%
257,Ludność w wieku 60+,2019,gmina,Tymbark,powiat limanowski,18.51%
257,Ludność w wieku 60+,2019,powiat,powiat m. Kraków,powiat m. Kraków,26.54%
257,Ludność w wieku 60+,2019,powiat,powiat m. Nowy Sącz,powiat m. Nowy Sącz,24.74%
257,Ludność w wieku 60+,2019,powiat,powiat m. Tarnów,powiat m. Tarnów,29.04%
257,Ludność w wieku 60+,2019,powiat,powiat miechowski,powiat miechowski,27.65%
257,Ludność w wieku 60+,2019,gmina,Charsznica,powiat miechowski,28.06%
257,Ludność w wieku 60+,2019,gmina,Gołcza,powiat miechowski,25.48%
257,Ludność w wieku 60+,2019,gmina,Kozłów,powiat miechowski,27.13%
257,Ludność w wieku 60+,2019,gmina,Książ Wielki,powiat miechowski,28.68%
257,Ludność w wieku 60+,2019,gmina,Miechów,powiat miechowski,27.97%
257,Ludność w wieku 60+,2019,gmina,Racławice,powiat miechowski,26.20%
257,Ludność w wieku 60+,2019,gmina,Słaboszów,powiat miechowski,28.90%
257,Ludność w wieku 60+,2019,powiat,powiat myślenicki,powiat myślenicki,19.92%
257,Ludność w wieku 60+,2019,gmina,Dobczyce,powiat myślenicki,19.61%
257,Ludność w wieku 60+,2019,gmina,Lubień,powiat myślenicki,18.94%
257,Ludność w wieku 60+,2019,gmina,Myślenice,powiat myślenicki,21.06%
257,Ludność w wieku 60+,2019,gmina,Pcim,powiat myślenicki,19.92%
257,Ludność w wieku 60+,2019,gmina,Raciechowice,powiat myślenicki,20.57%
257,Ludność w wieku 60+,2019,gmina,Siepraw,powiat myślenicki,19.04%
257,Ludność w wieku 60+,2019,gmina,Sułkowice,powiat myślenicki,19.36%
257,Ludność w wieku 60+,2019,gmina,Tokarnia,powiat myślenicki,17.52%
257,Ludność w wieku 60+,2019,gmina,Wiśniowa,powiat myślenicki,19.60%
257,Ludność w wieku 60+,2019,powiat,powiat nowosądecki,powiat nowosądecki,18.42%
257,Ludność w wieku 60+,2019,gmina,Podegrodzie,powiat nowosądecki,16.28%
257,Ludność w wieku 60+,2019,gmina,Rytro,powiat nowosądecki,20.49%
257,Ludność w wieku 60+,2019,gmina,Stary Sącz,powiat nowosądecki,19.16%
257,Ludność w wieku 60+,2019,gmina,Chełmiec,powiat nowosądecki,16.56%
257,Ludność w wieku 60+,2019,gmina,Gródek nad Dunajcem,powiat nowosądecki,18.37%
257,Ludność w wieku 60+,2019,gmina,Grybów (miasto),powiat nowosądecki,22.64%
257,Ludność w wieku 60+,2019,gmina,Grybów (wieś),powiat nowosądecki,16.98%
257,Ludność w wieku 60+,2019,gmina,Kamionka Wielka,powiat nowosądecki,16.20%
257,Ludność w wieku 60+,2019,gmina,Korzenna,powiat nowosądecki,16.62%
257,Ludność w wieku 60+,2019,gmina,Krynica-Zdrój,powiat nowosądecki,25.46%
257,Ludność w wieku 60+,2019,gmina,Łabowa,powiat nowosądecki,15.49%
257,Ludność w wieku 60+,2019,gmina,Łącko,powiat nowosądecki,16.97%
257,Ludność w wieku 60+,2019,gmina,Łososina Dolna,powiat nowosądecki,17.88%
257,Ludność w wieku 60+,2019,gmina,Muszyna,powiat nowosądecki,22.13%
257,Ludność w wieku 60+,2019,gmina,Nawojowa,powiat nowosądecki,16.38%
257,Ludność w wieku 60+,2019,gmina,Piwniczna-Zdrój,powiat nowosądecki,20.68%
257,Ludność w wieku 60+,2019,powiat,powiat nowotarski,powiat nowotarski,20.91%
257,Ludność w wieku 60+,2019,gmina,Czarny Dunajec,powiat nowotarski,20.73%
257,Ludność w wieku 60+,2019,gmina,Czorsztyn,powiat nowotarski,20.23%
257,Ludność w wieku 60+,2019,gmina,Jabłonka,powiat nowotarski,17.20%
257,Ludność w wieku 60+,2019,gmina,Krościenko nad Dunajcem,powiat nowotarski,22.51%
257,Ludność w wieku 60+,2019,gmina,Lipnica Wielka,powiat nowotarski,16.92%
257,Ludność w wieku 60+,2019,gmina,Łapsze Niżne,powiat nowotarski,20.00%
257,Ludność w wieku 60+,2019,gmina,Nowy Targ (miasto),powiat nowotarski,24.57%
257,Ludność w wieku 60+,2019,gmina,Nowy Targ (wieś),powiat nowotarski,19.44%
257,Ludność w wieku 60+,2019,gmina,Ochotnica Dolna,powiat nowotarski,18.21%
257,Ludność w wieku 60+,2019,gmina,Raba Wyżna,powiat nowotarski,19.43%
257,Ludność w wieku 60+,2019,gmina,Rabka-Zdrój,powiat nowotarski,25.08%
257,Ludność w wieku 60+,2019,gmina,Spytkowice,powiat nowotarski,18.66%
257,Ludność w wieku 60+,2019,gmina,Szaflary,powiat nowotarski,18.84%
257,Ludność w wieku 60+,2019,gmina,Szczawnica,powiat nowotarski,23.79%
257,Ludność w wieku 60+,2019,powiat,powiat olkuski,powiat olkuski,27.67%
257,Ludność w wieku 60+,2019,gmina,Bolesław,powiat olkuski,30.05%
257,Ludność w wieku 60+,2019,gmina,Bukowno,powiat olkuski,30.36%
257,Ludność w wieku 60+,2019,gmina,Klucze,powiat olkuski,27.13%
257,Ludność w wieku 60+,2019,gmina,Olkusz,powiat olkuski,28.30%
257,Ludność w wieku 60+,2019,gmina,Trzyciąż,powiat olkuski,24.45%
257,Ludność w wieku 60+,2019,gmina,Wolbrom,powiat olkuski,25.71%
257,Ludność w wieku 60+,2019,powiat,powiat oświęcimski,powiat oświęcimski,25.88%
257,Ludność w wieku 60+,2019,gmina,Brzeszcze,powiat oświęcimski,26.35%
257,Ludność w wieku 60+,2019,gmina,Chełmek,powiat oświęcimski,26.74%
257,Ludność w wieku 60+,2019,gmina,Kęty,powiat oświęcimski,24.72%
257,Ludność w wieku 60+,2019,gmina,Osiek,powiat oświęcimski,21.15%
257,Ludność w wieku 60+,2019,gmina,Oświęcim (miasto),powiat oświęcimski,29.90%
257,Ludność w wieku 60+,2019,gmina,Oświęcim (wieś),powiat oświęcimski,23.80%
257,Ludność w wieku 60+,2019,gmina,Polanka Wielka,powiat oświęcimski,21.19%
257,Ludność w wieku 60+,2019,gmina,Przeciszów,powiat oświęcimski,24.35%
257,Ludność w wieku 60+,2019,gmina,Zator,powiat oświęcimski,23.01%
257,Ludność w wieku 60+,2019,powiat,powiat proszowicki,powiat proszowicki,25.00%
257,Ludność w wieku 60+,2019,gmina,Koniusza,powiat proszowicki,23.17%
257,Ludność w wieku 60+,2019,gmina,Koszyce,powiat proszowicki,31.14%
257,Ludność w wieku 60+,2019,gmina,Nowe Brzesko,powiat proszowicki,36.17%
257,Ludność w wieku 60+,2019,gmina,Pałecznica,powiat proszowicki,25.50%
257,Ludność w wieku 60+,2019,gmina,Proszowice,powiat proszowicki,25.20%
257,Ludność w wieku 60+,2019,gmina,Radziemice,powiat proszowicki,24.57%
257,Ludność w wieku 60+,2019,powiat,powiat suski,powiat suski,22.12%
257,Ludność w wieku 60+,2019,gmina,Budzów,powiat suski,18.45%
257,Ludność w wieku 60+,2019,gmina,Bystra-Sidzina,powiat suski,18.37%
257,Ludność w wieku 60+,2019,gmina,Jordanów (miasto),powiat suski,23.16%
257,Ludność w wieku 60+,2019,gmina,Jordanów (wieś),powiat suski,20.53%
257,Ludność w wieku 60+,2019,gmina,Maków Podhalański,powiat suski,23.37%
257,Ludność w wieku 60+,2019,gmina,Stryszawa,powiat suski,22.82%
257,Ludność w wieku 60+,2019,gmina,Sucha Beskidzka,powiat suski,25.97%
257,Ludność w wieku 60+,2019,gmina,Zawoja,powiat suski,22.52%
257,Ludność w wieku 60+,2019,gmina,Zembrzyce,powiat suski,22.79%
257,Ludność w wieku 60+,2019,powiat,powiat tarnowski,powiat tarnowski,21.01%
257,Ludność w wieku 60+,2019,gmina,Ciężkowice,powiat tarnowski,21.51%
257,Ludność w wieku 60+,2019,gmina,Gromnik,powiat tarnowski,19.58%
257,Ludność w wieku 60+,2019,gmina,Lisia Góra,powiat tarnowski,18.43%
257,Ludność w wieku 60+,2019,gmina,Pleśna,powiat tarnowski,20.31%
257,Ludność w wieku 60+,2019,gmina,Radłów,powiat tarnowski,31.04%
257,Ludność w wieku 60+,2019,gmina,Ryglice,powiat tarnowski,20.17%
257,Ludność w wieku 60+,2019,gmina,Rzepiennik Strzyżewski,powiat tarnowski,20.85%
257,Ludność w wieku 60+,2019,gmina,Skrzyszów,powiat tarnowski,19.76%
257,Ludność w wieku 60+,2019,gmina,Szerzyny,powiat tarnowski,22.22%
257,Ludność w wieku 60+,2019,gmina,Tarnów (wieś),powiat tarnowski,20.45%
257,Ludność w wieku 60+,2019,gmina,Tuchów,powiat tarnowski,21.51%
257,Ludność w wieku 60+,2019,gmina,Wierzchosławice,powiat tarnowski,22.89%
257,Ludność w wieku 60+,2019,gmina,Wietrzychowice,powiat tarnowski,25.32%
257,Ludność w wieku 60+,2019,gmina,Wojnicz,powiat tarnowski,21.28%
257,Ludność w wieku 60+,2019,gmina,Zakliczyn,powiat tarnowski,20.63%
257,Ludność w wieku 60+,2019,gmina,Żabno,powiat tarnowski,22.69%
257,Ludność w wieku 60+,2019,powiat,powiat tatrzański,powiat tatrzański,23.66%
257,Ludność w wieku 60+,2019,gmina,Biały Dunajec,powiat tatrzański,20.00%
257,Ludność w wieku 60+,2019,gmina,Bukowina Tatrzańska,powiat tatrzański,20.55%
257,Ludność w wieku 60+,2019,gmina,Kościelisko,powiat tatrzański,21.66%
257,Ludność w wieku 60+,2019,gmina,Poronin,powiat tatrzański,19.22%
257,Ludność w wieku 60+,2019,gmina,Zakopane,powiat tatrzański,28.74%
257,Ludność w wieku 60+,2019,powiat,powiat wadowicki,powiat wadowicki,22.36%
257,Ludność w wieku 60+,2019,gmina,Andrychów,powiat wadowicki,23.59%
257,Ludność w wieku 60+,2019,gmina,Brzeźnica,powiat wadowicki,20.99%
257,Ludność w wieku 60+,2019,gmina,Kalwaria Zebrzydowska,powiat wadowicki,22.06%
257,Ludność w wieku 60+,2019,gmina,Lanckorona,powiat wadowicki,20.51%
257,Ludność w wieku 60+,2019,gmina,Mucharz,powiat wadowicki,21.11%
257,Ludność w wieku 60+,2019,gmina,Spytkowice,powiat wadowicki,20.10%
257,Ludność w wieku 60+,2019,gmina,Stryszów,powiat wadowicki,20.58%
257,Ludność w wieku 60+,2019,gmina,Tomice,powiat wadowicki,19.01%
257,Ludność w wieku 60+,2019,gmina,Wadowice,powiat wadowicki,24.46%
257,Ludność w wieku 60+,2019,gmina,Wieprz,powiat wadowicki,19.72%
257,Ludność w wieku 60+,2019,powiat,powiat wielicki,powiat wielicki,20.64%
257,Ludność w wieku 60+,2019,gmina,Biskupice,powiat wielicki,19.73%
257,Ludność w wieku 60+,2019,gmina,Gdów,powiat wielicki,19.49%
257,Ludność w wieku 60+,2019,gmina,Kłaj,powiat wielicki,22.90%
257,Ludność w wieku 60+,2019,gmina,Niepołomice,powiat wielicki,19.87%
257,Ludność w wieku 60+,2019,gmina,Wieliczka,powiat wielicki,21.12%
257,Ludność w wieku 60+,2018,powiat,powiat bocheński,powiat bocheński,20.94%
257,Ludność w wieku 60+,2018,gmina,Bochnia (miasto),powiat bocheński,25.06%
257,Ludność w wieku 60+,2018,gmina,Bochnia (wieś),powiat bocheński,20.10%
257,Ludność w wieku 60+,2018,gmina,Drwinia,powiat bocheński,23.08%
257,Ludność w wieku 60+,2018,gmina,Lipnica Murowana,powiat bocheński,18.11%
257,Ludność w wieku 60+,2018,gmina,Łapanów,powiat bocheński,17.86%
257,Ludność w wieku 60+,2018,gmina,Nowy Wiśnicz,powiat bocheński,18.64%
257,Ludność w wieku 60+,2018,gmina,Rzezawa,powiat bocheński,19.20%
257,Ludność w wieku 60+,2018,gmina,Trzciana,powiat bocheński,18.11%
257,Ludność w wieku 60+,2018,gmina,Żegocina,powiat bocheński,18.78%
257,Ludność w wieku 60+,2018,powiat,powiat brzeski,powiat brzeski,21.09%
257,Ludność w wieku 60+,2018,gmina,Borzęcin,powiat brzeski,21.33%
257,Ludność w wieku 60+,2018,gmina,Brzesko,powiat brzeski,22.37%
257,Ludność w wieku 60+,2018,gmina,Czchów,powiat brzeski,19.59%
257,Ludność w wieku 60+,2018,gmina,Dębno,powiat brzeski,19.51%
257,Ludność w wieku 60+,2018,gmina,Gnojnik,powiat brzeski,19.02%
257,Ludność w wieku 60+,2018,gmina,Iwkowa,powiat brzeski,18.97%
257,Ludność w wieku 60+,2018,gmina,Szczurowa,powiat brzeski,23.13%
257,Ludność w wieku 60+,2018,powiat,powiat chrzanowski,powiat chrzanowski,26.75%
257,Ludność w wieku 60+,2018,gmina,Alwernia,powiat chrzanowski,24.58%
257,Ludność w wieku 60+,2018,gmina,Babice,powiat chrzanowski,24.20%
257,Ludność w wieku 60+,2018,gmina,Chrzanów,powiat chrzanowski,28.82%
257,Ludność w wieku 60+,2018,gmina,Libiąż,powiat chrzanowski,24.97%
257,Ludność w wieku 60+,2018,gmina,Trzebinia,powiat chrzanowski,26.55%
257,Ludność w wieku 60+,2018,powiat,powiat dąbrowski,powiat dąbrowski,21.47%
257,Ludność w wieku 60+,2018,gmina,Bolesław,powiat dąbrowski,22.04%
257,Ludność w wieku 60+,2018,gmina,Dąbrowa Tarnowska,powiat dąbrowski,21.48%
257,Ludność w wieku 60+,2018,gmina,Gręboszów,powiat dąbrowski,26.60%
257,Ludność w wieku 60+,2018,gmina,Mędrzechów,powiat dąbrowski,22.92%
257,Ludność w wieku 60+,2018,gmina,Olesno,powiat dąbrowski,20.80%
257,Ludność w wieku 60+,2018,gmina,Radgoszcz,powiat dąbrowski,19.60%
257,Ludność w wieku 60+,2018,gmina,Szczucin,powiat dąbrowski,21.09%
257,Ludność w wieku 60+,2018,powiat,powiat gorlicki,powiat gorlicki,22.43%
257,Ludność w wieku 60+,2018,gmina,Biecz,powiat gorlicki,23.00%
257,Ludność w wieku 60+,2018,gmina,Bobowa,powiat gorlicki,17.47%
257,Ludność w wieku 60+,2018,gmina,Gorlice (miasto),powiat gorlicki,28.30%
257,Ludność w wieku 60+,2018,gmina,Gorlice (wieś),powiat gorlicki,21.09%
257,Ludność w wieku 60+,2018,gmina,Lipinki,powiat gorlicki,22.47%
257,Ludność w wieku 60+,2018,gmina,Łużna,powiat gorlicki,19.06%
257,Ludność w wieku 60+,2018,gmina,Moszczenica,powiat gorlicki,19.22%
257,Ludność w wieku 60+,2018,gmina,Ropa,powiat gorlicki,18.02%
257,Ludność w wieku 60+,2018,gmina,Sękowa,powiat gorlicki,21.43%
257,Ludność w wieku 60+,2018,gmina,Uście Gorlickie,powiat gorlicki,18.53%
257,Ludność w wieku 60+,2018,powiat,powiat krakowski,powiat krakowski,21.97%
257,Ludność w wieku 60+,2018,gmina,Czernichów,powiat krakowski,20.15%
257,Ludność w wieku 60+,2018,gmina,Igołomia-Wawrzeńczyce,powiat krakowski,23.94%
257,Ludność w wieku 60+,2018,gmina,Iwanowice,powiat krakowski,21.23%
257,Ludność w wieku 60+,2018,gmina,Jerzmanowice-Przeginia,powiat krakowski,22.62%
257,Ludność w wieku 60+,2018,gmina,Kocmyrzów-Luborzyca,powiat krakowski,20.80%
257,Ludność w wieku 60+,2018,gmina,Krzeszowice,powiat krakowski,25.92%
257,Ludność w wieku 60+,2018,gmina,Liszki,powiat krakowski,20.23%
257,Ludność w wieku 60+,2018,gmina,Michałowice,powiat krakowski,19.18%
257,Ludność w wieku 60+,2018,gmina,Mogilany,powiat krakowski,18.85%
257,Ludność w wieku 60+,2018,gmina,Skała,powiat krakowski,22.35%
257,Ludność w wieku 60+,2018,gmina,Skawina,powiat krakowski,23.11%
257,Ludność w wieku 60+,2018,gmina,Słomniki,powiat krakowski,24.03%
257,Ludność w wieku 60+,2018,gmina,Sułoszowa,powiat krakowski,23.79%
257,Ludność w wieku 60+,2018,gmina,Świątniki Górne,powiat krakowski,19.58%
257,Ludność w wieku 60+,2018,gmina,Wielka Wieś,powiat krakowski,19.57%
257,Ludność w wieku 60+,2018,gmina,Zabierzów,powiat krakowski,23.33%
257,Ludność w wieku 60+,2018,gmina,Zielonki,powiat krakowski,18.87%
257,Ludność w wieku 60+,2018,powiat,powiat limanowski,powiat limanowski,18.17%
257,Ludność w wieku 60+,2018,gmina,Dobra,powiat limanowski,19.62%
257,Ludność w wieku 60+,2018,gmina,Jodłownik,powiat limanowski,19.44%
257,Ludność w wieku 60+,2018,gmina,Kamienica,powiat limanowski,17.01%
257,Ludność w wieku 60+,2018,gmina,Laskowa,powiat limanowski,17.00%
257,Ludność w wieku 60+,2018,gmina,Limanowa (miasto),powiat limanowski,22.76%
257,Ludność w wieku 60+,2018,gmina,Limanowa (wieś),powiat limanowski,16.58%
257,Ludność w wieku 60+,2018,gmina,Łukowica,powiat limanowski,17.14%
257,Ludność w wieku 60+,2018,gmina,Mszana Dolna (miasto),powiat limanowski,21.96%
257,Ludność w wieku 60+,2018,gmina,Mszana Dolna (wieś),powiat limanowski,17.60%
257,Ludność w wieku 60+,2018,gmina,Niedźwiedź,powiat limanowski,16.05%
257,Ludność w wieku 60+,2018,gmina,Słopnice,powiat limanowski,13.90%
257,Ludność w wieku 60+,2018,gmina,Tymbark,powiat limanowski,17.92%
257,Ludność w wieku 60+,2018,powiat,powiat m. Kraków,powiat m. Kraków,26.51%
257,Ludność w wieku 60+,2018,powiat,powiat m. Nowy Sącz,powiat m. Nowy Sącz,24.15%
257,Ludność w wieku 60+,2018,powiat,powiat m. Tarnów,powiat m. Tarnów,28.35%
257,Ludność w wieku 60+,2018,powiat,powiat miechowski,powiat miechowski,27.15%
257,Ludność w wieku 60+,2018,gmina,Charsznica,powiat miechowski,27.61%
257,Ludność w wieku 60+,2018,gmina,Gołcza,powiat miechowski,25.35%
257,Ludność w wieku 60+,2018,gmina,Kozłów,powiat miechowski,26.38%
257,Ludność w wieku 60+,2018,gmina,Książ Wielki,powiat miechowski,28.06%
257,Ludność w wieku 60+,2018,gmina,Miechów,powiat miechowski,27.35%
257,Ludność w wieku 60+,2018,gmina,Racławice,powiat miechowski,25.88%
257,Ludność w wieku 60+,2018,gmina,Słaboszów,powiat miechowski,28.76%
257,Ludność w wieku 60+,2018,powiat,powiat myślenicki,powiat myślenicki,19.42%
257,Ludność w wieku 60+,2018,gmina,Dobczyce,powiat myślenicki,18.84%
257,Ludność w wieku 60+,2018,gmina,Lubień,powiat myślenicki,18.58%
257,Ludność w wieku 60+,2018,gmina,Myślenice,powiat myślenicki,20.61%
257,Ludność w wieku 60+,2018,gmina,Pcim,powiat myślenicki,19.55%
257,Ludność w wieku 60+,2018,gmina,Raciechowice,powiat myślenicki,19.95%
257,Ludność w wieku 60+,2018,gmina,Siepraw,powiat myślenicki,18.60%
257,Ludność w wieku 60+,2018,gmina,Sułkowice,powiat myślenicki,18.81%
257,Ludność w wieku 60+,2018,gmina,Tokarnia,powiat myślenicki,16.79%
257,Ludność w wieku 60+,2018,gmina,Wiśniowa,powiat myślenicki,19.28%
257,Ludność w wieku 60+,2018,powiat,powiat nowosądecki,powiat nowosądecki,17.96%
257,Ludność w wieku 60+,2018,gmina,Podegrodzie,powiat nowosądecki,15.91%
257,Ludność w wieku 60+,2018,gmina,Rytro,powiat nowosądecki,19.86%
257,Ludność w wieku 60+,2018,gmina,Stary Sącz,powiat nowosądecki,18.57%
257,Ludność w wieku 60+,2018,gmina,Chełmiec,powiat nowosądecki,16.11%
257,Ludność w wieku 60+,2018,gmina,Gródek nad Dunajcem,powiat nowosądecki,18.02%
257,Ludność w wieku 60+,2018,gmina,Grybów (miasto),powiat nowosądecki,22.23%
257,Ludność w wieku 60+,2018,gmina,Grybów (wieś),powiat nowosądecki,16.63%
257,Ludność w wieku 60+,2018,gmina,Kamionka Wielka,powiat nowosądecki,15.74%
257,Ludność w wieku 60+,2018,gmina,Korzenna,powiat nowosądecki,16.37%
257,Ludność w wieku 60+,2018,gmina,Krynica-Zdrój,powiat nowosądecki,24.86%
257,Ludność w wieku 60+,2018,gmina,Łabowa,powiat nowosądecki,15.09%
257,Ludność w wieku 60+,2018,gmina,Łącko,powiat nowosądecki,16.53%
257,Ludność w wieku 60+,2018,gmina,Łososina Dolna,powiat nowosądecki,17.52%
257,Ludność w wieku 60+,2018,gmina,Muszyna,powiat nowosądecki,21.39%
257,Ludność w wieku 60+,2018,gmina,Nawojowa,powiat nowosądecki,15.98%
257,Ludność w wieku 60+,2018,gmina,Piwniczna-Zdrój,powiat nowosądecki,19.83%
257,Ludność w wieku 60+,2018,powiat,powiat nowotarski,powiat nowotarski,20.41%
257,Ludność w wieku 60+,2018,gmina,Czarny Dunajec,powiat nowotarski,20.20%
257,Ludność w wieku 60+,2018,gmina,Czorsztyn,powiat nowotarski,19.59%
257,Ludność w wieku 60+,2018,gmina,Jabłonka,powiat nowotarski,16.69%
257,Ludność w wieku 60+,2018,gmina,Krościenko nad Dunajcem,powiat nowotarski,21.82%
257,Ludność w wieku 60+,2018,gmina,Lipnica Wielka,powiat nowotarski,16.72%
257,Ludność w wieku 60+,2018,gmina,Łapsze Niżne,powiat nowotarski,19.60%
257,Ludność w wieku 60+,2018,gmina,Nowy Targ (miasto),powiat nowotarski,24.04%
257,Ludność w wieku 60+,2018,gmina,Nowy Targ (wieś),powiat nowotarski,18.84%
257,Ludność w wieku 60+,2018,gmina,Ochotnica Dolna,powiat nowotarski,17.62%
257,Ludność w wieku 60+,2018,gmina,Raba Wyżna,powiat nowotarski,18.98%
257,Ludność w wieku 60+,2018,gmina,Rabka-Zdrój,powiat nowotarski,24.54%
257,Ludność w wieku 60+,2018,gmina,Spytkowice,powiat nowotarski,18.09%
257,Ludność w wieku 60+,2018,gmina,Szaflary,powiat nowotarski,18.60%
257,Ludność w wieku 60+,2018,gmina,Szczawnica,powiat nowotarski,23.43%
257,Ludność w wieku 60+,2018,powiat,powiat olkuski,powiat olkuski,26.99%
257,Ludność w wieku 60+,2018,gmina,Bolesław,powiat olkuski,29.12%
257,Ludność w wieku 60+,2018,gmina,Bukowno,powiat olkuski,29.47%
257,Ludność w wieku 60+,2018,gmina,Klucze,powiat olkuski,26.66%
257,Ludność w wieku 60+,2018,gmina,Olkusz,powiat olkuski,27.55%
257,Ludność w wieku 60+,2018,gmina,Trzyciąż,powiat olkuski,23.89%
257,Ludność w wieku 60+,2018,gmina,Wolbrom,powiat olkuski,25.15%
257,Ludność w wieku 60+,2018,powiat,powiat oświęcimski,powiat oświęcimski,25.31%
257,Ludność w wieku 60+,2018,gmina,Brzeszcze,powiat oświęcimski,25.56%
257,Ludność w wieku 60+,2018,gmina,Chełmek,powiat oświęcimski,26.20%
257,Ludność w wieku 60+,2018,gmina,Kęty,powiat oświęcimski,24.03%
257,Ludność w wieku 60+,2018,gmina,Osiek,powiat oświęcimski,20.84%
257,Ludność w wieku 60+,2018,gmina,Oświęcim (miasto),powiat oświęcimski,29.46%
257,Ludność w wieku 60+,2018,gmina,Oświęcim (wieś),powiat oświęcimski,23.10%
257,Ludność w wieku 60+,2018,gmina,Polanka Wielka,powiat oświęcimski,20.99%
257,Ludność w wieku 60+,2018,gmina,Przeciszów,powiat oświęcimski,23.82%
257,Ludność w wieku 60+,2018,gmina,Zator,powiat oświęcimski,22.54%
257,Ludność w wieku 60+,2018,powiat,powiat proszowicki,powiat proszowicki,24.47%
257,Ludność w wieku 60+,2018,gmina,Koniusza,powiat proszowicki,22.72%
257,Ludność w wieku 60+,2018,gmina,Koszyce,powiat proszowicki,25.89%
257,Ludność w wieku 60+,2018,gmina,Nowe Brzesko,powiat proszowicki,24.67%
257,Ludność w wieku 60+,2018,gmina,Pałecznica,powiat proszowicki,24.78%
257,Ludność w wieku 60+,2018,gmina,Proszowice,powiat proszowicki,24.82%
257,Ludność w wieku 60+,2018,gmina,Radziemice,powiat proszowicki,24.52%
257,Ludność w wieku 60+,2018,powiat,powiat suski,powiat suski,21.63%
257,Ludność w wieku 60+,2018,gmina,Budzów,powiat suski,18.22%
257,Ludność w wieku 60+,2018,gmina,Bystra-Sidzina,powiat suski,17.98%
257,Ludność w wieku 60+,2018,gmina,Jordanów (miasto),powiat suski,22.37%
257,Ludność w wieku 60+,2018,gmina,Jordanów (wieś),powiat suski,19.97%
257,Ludność w wieku 60+,2018,gmina,Maków Podhalański,powiat suski,22.91%
257,Ludność w wieku 60+,2018,gmina,Stryszawa,powiat suski,22.35%
257,Ludność w wieku 60+,2018,gmina,Sucha Beskidzka,powiat suski,25.40%
257,Ludność w wieku 60+,2018,gmina,Zawoja,powiat suski,21.79%
257,Ludność w wieku 60+,2018,gmina,Zembrzyce,powiat suski,22.44%
257,Ludność w wieku 60+,2018,powiat,powiat tarnowski,powiat tarnowski,20.50%
257,Ludność w wieku 60+,2018,gmina,Ciężkowice,powiat tarnowski,21.10%
257,Ludność w wieku 60+,2018,gmina,Gromnik,powiat tarnowski,19.05%
257,Ludność w wieku 60+,2018,gmina,Lisia Góra,powiat tarnowski,18.10%
257,Ludność w wieku 60+,2018,gmina,Pleśna,powiat tarnowski,19.99%
257,Ludność w wieku 60+,2018,gmina,Radłów,powiat tarnowski,21.61%
257,Ludność w wieku 60+,2018,gmina,Ryglice,powiat tarnowski,19.63%
257,Ludność w wieku 60+,2018,gmina,Rzepiennik Strzyżewski,powiat tarnowski,20.38%
257,Ludność w wieku 60+,2018,gmina,Skrzyszów,powiat tarnowski,19.12%
257,Ludność w wieku 60+,2018,gmina,Szerzyny,powiat tarnowski,21.67%
257,Ludność w wieku 60+,2018,gmina,Tarnów (wieś),powiat tarnowski,20.03%
257,Ludność w wieku 60+,2018,gmina,Tuchów,powiat tarnowski,20.89%
257,Ludność w wieku 60+,2018,gmina,Wierzchosławice,powiat tarnowski,22.55%
257,Ludność w wieku 60+,2018,gmina,Wietrzychowice,powiat tarnowski,24.64%
257,Ludność w wieku 60+,2018,gmina,Wojnicz,powiat tarnowski,20.54%
257,Ludność w wieku 60+,2018,gmina,Zakliczyn,powiat tarnowski,20.26%
257,Ludność w wieku 60+,2018,gmina,Żabno,powiat tarnowski,21.96%
257,Ludność w wieku 60+,2018,powiat,powiat tatrzański,powiat tatrzański,23.10%
257,Ludność w wieku 60+,2018,gmina,Biały Dunajec,powiat tatrzański,19.59%
257,Ludność w wieku 60+,2018,gmina,Bukowina Tatrzańska,powiat tatrzański,19.98%
257,Ludność w wieku 60+,2018,gmina,Kościelisko,powiat tatrzański,20.92%
257,Ludność w wieku 60+,2018,gmina,Poronin,powiat tatrzański,18.77%
257,Ludność w wieku 60+,2018,gmina,Zakopane,powiat tatrzański,28.11%
257,Ludność w wieku 60+,2018,powiat,powiat wadowicki,powiat wadowicki,21.81%
257,Ludność w wieku 60+,2018,gmina,Andrychów,powiat wadowicki,23.01%
257,Ludność w wieku 60+,2018,gmina,Brzeźnica,powiat wadowicki,20.59%
257,Ludność w wieku 60+,2018,gmina,Kalwaria Zebrzydowska,powiat wadowicki,21.52%
257,Ludność w wieku 60+,2018,gmina,Lanckorona,powiat wadowicki,19.81%
257,Ludność w wieku 60+,2018,gmina,Mucharz,powiat wadowicki,20.89%
257,Ludność w wieku 60+,2018,gmina,Spytkowice,powiat wadowicki,19.46%
257,Ludność w wieku 60+,2018,gmina,Stryszów,powiat wadowicki,20.11%
257,Ludność w wieku 60+,2018,gmina,Tomice,powiat wadowicki,18.50%
257,Ludność w wieku 60+,2018,gmina,Wadowice,powiat wadowicki,23.82%
257,Ludność w wieku 60+,2018,gmina,Wieprz,powiat wadowicki,19.28%
257,Ludność w wieku 60+,2018,powiat,powiat wielicki,powiat wielicki,20.31%
257,Ludność w wieku 60+,2018,gmina,Biskupice,powiat wielicki,19.01%
257,Ludność w wieku 60+,2018,gmina,Gdów,powiat wielicki,19.02%
257,Ludność w wieku 60+,2018,gmina,Kłaj,powiat wielicki,22.17%
257,Ludność w wieku 60+,2018,gmina,Niepołomice,powiat wielicki,19.58%
257,Ludność w wieku 60+,2018,gmina,Wieliczka,powiat wielicki,20.95%
257,Ludność w wieku 60+,2017,powiat,powiat bocheński,powiat bocheński,20.47%
257,Ludność w wieku 60+,2017,gmina,Bochnia (miasto),powiat bocheński,24.31%
257,Ludność w wieku 60+,2017,gmina,Bochnia (wieś),powiat bocheński,19.89%
257,Ludność w wieku 60+,2017,gmina,Drwinia,powiat bocheński,22.57%
257,Ludność w wieku 60+,2017,gmina,Lipnica Murowana,powiat bocheński,17.74%
257,Ludność w wieku 60+,2017,gmina,Łapanów,powiat bocheński,17.53%
257,Ludność w wieku 60+,2017,gmina,Nowy Wiśnicz,powiat bocheński,18.38%
257,Ludność w wieku 60+,2017,gmina,Rzezawa,powiat bocheński,18.69%
257,Ludność w wieku 60+,2017,gmina,Trzciana,powiat bocheński,17.65%
257,Ludność w wieku 60+,2017,gmina,Żegocina,powiat bocheński,17.91%
257,Ludność w wieku 60+,2017,powiat,powiat brzeski,powiat brzeski,20.59%
257,Ludność w wieku 60+,2017,gmina,Borzęcin,powiat brzeski,20.57%
257,Ludność w wieku 60+,2017,gmina,Brzesko,powiat brzeski,21.71%
257,Ludność w wieku 60+,2017,gmina,Czchów,powiat brzeski,19.28%
257,Ludność w wieku 60+,2017,gmina,Dębno,powiat brzeski,19.23%
257,Ludność w wieku 60+,2017,gmina,Gnojnik,powiat brzeski,18.64%
257,Ludność w wieku 60+,2017,gmina,Iwkowa,powiat brzeski,18.75%
257,Ludność w wieku 60+,2017,gmina,Szczurowa,powiat brzeski,22.70%
257,Ludność w wieku 60+,2017,powiat,powiat chrzanowski,powiat chrzanowski,25.99%
257,Ludność w wieku 60+,2017,gmina,Alwernia,powiat chrzanowski,23.79%
257,Ludność w wieku 60+,2017,gmina,Babice,powiat chrzanowski,23.59%
257,Ludność w wieku 60+,2017,gmina,Chrzanów,powiat chrzanowski,28.12%
257,Ludność w wieku 60+,2017,gmina,Libiąż,powiat chrzanowski,24.14%
257,Ludność w wieku 60+,2017,gmina,Trzebinia,powiat chrzanowski,25.73%
257,Ludność w wieku 60+,2017,powiat,powiat dąbrowski,powiat dąbrowski,20.99%
257,Ludność w wieku 60+,2017,gmina,Bolesław,powiat dąbrowski,21.63%
257,Ludność w wieku 60+,2017,gmina,Dąbrowa Tarnowska,powiat dąbrowski,20.89%
257,Ludność w wieku 60+,2017,gmina,Gręboszów,powiat dąbrowski,25.64%
257,Ludność w wieku 60+,2017,gmina,Mędrzechów,powiat dąbrowski,22.68%
257,Ludność w wieku 60+,2017,gmina,Olesno,powiat dąbrowski,20.32%
257,Ludność w wieku 60+,2017,gmina,Radgoszcz,powiat dąbrowski,19.33%
257,Ludność w wieku 60+,2017,gmina,Szczucin,powiat dąbrowski,20.73%
257,Ludność w wieku 60+,2017,powiat,powiat gorlicki,powiat gorlicki,21.85%
257,Ludność w wieku 60+,2017,gmina,Biecz,powiat gorlicki,22.24%
257,Ludność w wieku 60+,2017,gmina,Bobowa,powiat gorlicki,17.06%
257,Ludność w wieku 60+,2017,gmina,Gorlice (miasto),powiat gorlicki,27.29%
257,Ludność w wieku 60+,2017,gmina,Gorlice (wieś),powiat gorlicki,20.60%
257,Ludność w wieku 60+,2017,gmina,Lipinki,powiat gorlicki,22.02%
257,Ludność w wieku 60+,2017,gmina,Łużna,powiat gorlicki,18.85%
257,Ludność w wieku 60+,2017,gmina,Moszczenica,powiat gorlicki,19.04%
257,Ludność w wieku 60+,2017,gmina,Ropa,powiat gorlicki,17.63%
257,Ludność w wieku 60+,2017,gmina,Sękowa,powiat gorlicki,21.20%
257,Ludność w wieku 60+,2017,gmina,Uście Gorlickie,powiat gorlicki,18.08%
257,Ludność w wieku 60+,2017,powiat,powiat krakowski,powiat krakowski,21.46%
257,Ludność w wieku 60+,2017,gmina,Czernichów,powiat krakowski,19.55%
257,Ludność w wieku 60+,2017,gmina,Igołomia-Wawrzeńczyce,powiat krakowski,23.15%
257,Ludność w wieku 60+,2017,gmina,Iwanowice,powiat krakowski,20.94%
257,Ludność w wieku 60+,2017,gmina,Jerzmanowice-Przeginia,powiat krakowski,22.11%
257,Ludność w wieku 60+,2017,gmina,Kocmyrzów-Luborzyca,powiat krakowski,20.41%
257,Ludność w wieku 60+,2017,gmina,Krzeszowice,powiat krakowski,25.32%
257,Ludność w wieku 60+,2017,gmina,Liszki,powiat krakowski,19.66%
257,Ludność w wieku 60+,2017,gmina,Michałowice,powiat krakowski,18.51%
257,Ludność w wieku 60+,2017,gmina,Mogilany,powiat krakowski,18.34%
257,Ludność w wieku 60+,2017,gmina,Skała,powiat krakowski,21.90%
257,Ludność w wieku 60+,2017,gmina,Skawina,powiat krakowski,22.47%
257,Ludność w wieku 60+,2017,gmina,Słomniki,powiat krakowski,23.65%
257,Ludność w wieku 60+,2017,gmina,Sułoszowa,powiat krakowski,23.34%
257,Ludność w wieku 60+,2017,gmina,Świątniki Górne,powiat krakowski,18.98%
257,Ludność w wieku 60+,2017,gmina,Wielka Wieś,powiat krakowski,19.35%
257,Ludność w wieku 60+,2017,gmina,Zabierzów,powiat krakowski,22.89%
257,Ludność w wieku 60+,2017,gmina,Zielonki,powiat krakowski,18.40%
257,Ludność w wieku 60+,2017,powiat,powiat limanowski,powiat limanowski,17.76%
257,Ludność w wieku 60+,2017,gmina,Dobra,powiat limanowski,19.11%
257,Ludność w wieku 60+,2017,gmina,Jodłownik,powiat limanowski,19.34%
257,Ludność w wieku 60+,2017,gmina,Kamienica,powiat limanowski,16.56%
257,Ludność w wieku 60+,2017,gmina,Laskowa,powiat limanowski,16.67%
257,Ludność w wieku 60+,2017,gmina,Limanowa (miasto),powiat limanowski,22.15%
257,Ludność w wieku 60+,2017,gmina,Limanowa (wieś),powiat limanowski,16.34%
257,Ludność w wieku 60+,2017,gmina,Łukowica,powiat limanowski,16.79%
257,Ludność w wieku 60+,2017,gmina,Mszana Dolna (miasto),powiat limanowski,21.06%
257,Ludność w wieku 60+,2017,gmina,Mszana Dolna (wieś),powiat limanowski,17.32%
257,Ludność w wieku 60+,2017,gmina,Niedźwiedź,powiat limanowski,15.41%
257,Ludność w wieku 60+,2017,gmina,Słopnice,powiat limanowski,13.47%
257,Ludność w wieku 60+,2017,gmina,Tymbark,powiat limanowski,17.38%
257,Ludność w wieku 60+,2017,powiat,powiat m. Kraków,powiat m. Kraków,26.20%
257,Ludność w wieku 60+,2017,powiat,powiat m. Nowy Sącz,powiat m. Nowy Sącz,23.43%
257,Ludność w wieku 60+,2017,powiat,powiat m. Tarnów,powiat m. Tarnów,27.52%
257,Ludność w wieku 60+,2017,powiat,powiat miechowski,powiat miechowski,26.71%
257,Ludność w wieku 60+,2017,gmina,Charsznica,powiat miechowski,27.38%
257,Ludność w wieku 60+,2017,gmina,Gołcza,powiat miechowski,24.73%
257,Ludność w wieku 60+,2017,gmina,Kozłów,powiat miechowski,25.97%
257,Ludność w wieku 60+,2017,gmina,Książ Wielki,powiat miechowski,27.64%
257,Ludność w wieku 60+,2017,gmina,Miechów,powiat miechowski,26.87%
257,Ludność w wieku 60+,2017,gmina,Racławice,powiat miechowski,25.92%
257,Ludność w wieku 60+,2017,gmina,Słaboszów,powiat miechowski,28.02%
257,Ludność w wieku 60+,2017,powiat,powiat myślenicki,powiat myślenicki,18.85%
257,Ludność w wieku 60+,2017,gmina,Dobczyce,powiat myślenicki,18.14%
257,Ludność w wieku 60+,2017,gmina,Lubień,powiat myślenicki,18.39%
257,Ludność w wieku 60+,2017,gmina,Myślenice,powiat myślenicki,20.05%
257,Ludność w wieku 60+,2017,gmina,Pcim,powiat myślenicki,18.87%
257,Ludność w wieku 60+,2017,gmina,Raciechowice,powiat myślenicki,19.66%
257,Ludność w wieku 60+,2017,gmina,Siepraw,powiat myślenicki,17.78%
257,Ludność w wieku 60+,2017,gmina,Sułkowice,powiat myślenicki,18.22%
257,Ludność w wieku 60+,2017,gmina,Tokarnia,powiat myślenicki,16.38%
257,Ludność w wieku 60+,2017,gmina,Wiśniowa,powiat myślenicki,18.59%
257,Ludność w wieku 60+,2017,powiat,powiat nowosądecki,powiat nowosądecki,17.55%
257,Ludność w wieku 60+,2017,gmina,Podegrodzie,powiat nowosądecki,15.74%
257,Ludność w wieku 60+,2017,gmina,Rytro,powiat nowosądecki,19.36%
257,Ludność w wieku 60+,2017,gmina,Stary Sącz,powiat nowosądecki,18.31%
257,Ludność w wieku 60+,2017,gmina,Chełmiec,powiat nowosądecki,15.56%
257,Ludność w wieku 60+,2017,gmina,Gródek nad Dunajcem,powiat nowosądecki,17.98%
257,Ludność w wieku 60+,2017,gmina,Grybów (miasto),powiat nowosądecki,21.79%
257,Ludność w wieku 60+,2017,gmina,Grybów (wieś),powiat nowosądecki,16.31%
257,Ludność w wieku 60+,2017,gmina,Kamionka Wielka,powiat nowosądecki,15.35%
257,Ludność w wieku 60+,2017,gmina,Korzenna,powiat nowosądecki,16.02%
257,Ludność w wieku 60+,2017,gmina,Krynica-Zdrój,powiat nowosądecki,24.24%
257,Ludność w wieku 60+,2017,gmina,Łabowa,powiat nowosądecki,14.72%
257,Ludność w wieku 60+,2017,gmina,Łącko,powiat nowosądecki,16.12%
257,Ludność w wieku 60+,2017,gmina,Łososina Dolna,powiat nowosądecki,16.96%
257,Ludność w wieku 60+,2017,gmina,Muszyna,powiat nowosądecki,20.73%
257,Ludność w wieku 60+,2017,gmina,Nawojowa,powiat nowosądecki,15.44%
257,Ludność w wieku 60+,2017,gmina,Piwniczna-Zdrój,powiat nowosądecki,19.25%
257,Ludność w wieku 60+,2017,powiat,powiat nowotarski,powiat nowotarski,19.92%
257,Ludność w wieku 60+,2017,gmina,Czarny Dunajec,powiat nowotarski,19.72%
257,Ludność w wieku 60+,2017,gmina,Czorsztyn,powiat nowotarski,18.87%
257,Ludność w wieku 60+,2017,gmina,Jabłonka,powiat nowotarski,16.31%
257,Ludność w wieku 60+,2017,gmina,Krościenko nad Dunajcem,powiat nowotarski,21.45%
257,Ludność w wieku 60+,2017,gmina,Lipnica Wielka,powiat nowotarski,16.08%
257,Ludność w wieku 60+,2017,gmina,Łapsze Niżne,powiat nowotarski,19.22%
257,Ludność w wieku 60+,2017,gmina,Nowy Targ (miasto),powiat nowotarski,23.52%
257,Ludność w wieku 60+,2017,gmina,Nowy Targ (wieś),powiat nowotarski,18.40%
257,Ludność w wieku 60+,2017,gmina,Ochotnica Dolna,powiat nowotarski,17.01%
257,Ludność w wieku 60+,2017,gmina,Raba Wyżna,powiat nowotarski,18.44%
257,Ludność w wieku 60+,2017,gmina,Rabka-Zdrój,powiat nowotarski,23.92%
257,Ludność w wieku 60+,2017,gmina,Spytkowice,powiat nowotarski,17.50%
257,Ludność w wieku 60+,2017,gmina,Szaflary,powiat nowotarski,18.32%
257,Ludność w wieku 60+,2017,gmina,Szczawnica,powiat nowotarski,22.78%
257,Ludność w wieku 60+,2017,powiat,powiat olkuski,powiat olkuski,26.25%
257,Ludność w wieku 60+,2017,gmina,Bolesław,powiat olkuski,28.39%
257,Ludność w wieku 60+,2017,gmina,Bukowno,powiat olkuski,28.62%
257,Ludność w wieku 60+,2017,gmina,Klucze,powiat olkuski,25.95%
257,Ludność w wieku 60+,2017,gmina,Olkusz,powiat olkuski,26.59%
257,Ludność w wieku 60+,2017,gmina,Trzyciąż,powiat olkuski,23.58%
257,Ludność w wieku 60+,2017,gmina,Wolbrom,powiat olkuski,24.77%
257,Ludność w wieku 60+,2017,powiat,powiat oświęcimski,powiat oświęcimski,24.62%
257,Ludność w wieku 60+,2017,gmina,Brzeszcze,powiat oświęcimski,24.57%
257,Ludność w wieku 60+,2017,gmina,Chełmek,powiat oświęcimski,25.48%
257,Ludność w wieku 60+,2017,gmina,Kęty,powiat oświęcimski,23.32%
257,Ludność w wieku 60+,2017,gmina,Osiek,powiat oświęcimski,20.41%
257,Ludność w wieku 60+,2017,gmina,Oświęcim (miasto),powiat oświęcimski,28.96%
257,Ludność w wieku 60+,2017,gmina,Oświęcim (wieś),powiat oświęcimski,22.12%
257,Ludność w wieku 60+,2017,gmina,Polanka Wielka,powiat oświęcimski,20.11%
257,Ludność w wieku 60+,2017,gmina,Przeciszów,powiat oświęcimski,23.31%
257,Ludność w wieku 60+,2017,gmina,Zator,powiat oświęcimski,22.01%
257,Ludność w wieku 60+,2017,powiat,powiat proszowicki,powiat proszowicki,23.85%
257,Ludność w wieku 60+,2017,gmina,Koniusza,powiat proszowicki,22.40%
257,Ludność w wieku 60+,2017,gmina,Koszyce,powiat proszowicki,25.02%
257,Ludność w wieku 60+,2017,gmina,Nowe Brzesko,powiat proszowicki,24.16%
257,Ludność w wieku 60+,2017,gmina,Pałecznica,powiat proszowicki,23.43%
257,Ludność w wieku 60+,2017,gmina,Proszowice,powiat proszowicki,24.20%
257,Ludność w wieku 60+,2017,gmina,Radziemice,powiat proszowicki,24.03%
257,Ludność w wieku 60+,2017,powiat,powiat suski,powiat suski,21.22%
257,Ludność w wieku 60+,2017,gmina,Budzów,powiat suski,17.92%
257,Ludność w wieku 60+,2017,gmina,Bystra-Sidzina,powiat suski,17.57%
257,Ludność w wieku 60+,2017,gmina,Jordanów (miasto),powiat suski,21.89%
257,Ludność w wieku 60+,2017,gmina,Jordanów (wieś),powiat suski,19.65%
257,Ludność w wieku 60+,2017,gmina,Maków Podhalański,powiat suski,22.55%
257,Ludność w wieku 60+,2017,gmina,Stryszawa,powiat suski,21.75%
257,Ludność w wieku 60+,2017,gmina,Sucha Beskidzka,powiat suski,24.74%
257,Ludność w wieku 60+,2017,gmina,Zawoja,powiat suski,21.40%
257,Ludność w wieku 60+,2017,gmina,Zembrzyce,powiat suski,22.32%
257,Ludność w wieku 60+,2017,powiat,powiat tarnowski,powiat tarnowski,20.02%
257,Ludność w wieku 60+,2017,gmina,Ciężkowice,powiat tarnowski,20.66%
257,Ludność w wieku 60+,2017,gmina,Gromnik,powiat tarnowski,18.46%
257,Ludność w wieku 60+,2017,gmina,Lisia Góra,powiat tarnowski,17.75%
257,Ludność w wieku 60+,2017,gmina,Pleśna,powiat tarnowski,19.64%
257,Ludność w wieku 60+,2017,gmina,Radłów,powiat tarnowski,21.31%
257,Ludność w wieku 60+,2017,gmina,Ryglice,powiat tarnowski,19.09%
257,Ludność w wieku 60+,2017,gmina,Rzepiennik Strzyżewski,powiat tarnowski,20.18%
257,Ludność w wieku 60+,2017,gmina,Skrzyszów,powiat tarnowski,18.78%
257,Ludność w wieku 60+,2017,gmina,Szerzyny,powiat tarnowski,21.20%
257,Ludność w wieku 60+,2017,gmina,Tarnów (wieś),powiat tarnowski,19.56%
257,Ludność w wieku 60+,2017,gmina,Tuchów,powiat tarnowski,20.37%
257,Ludność w wieku 60+,2017,gmina,Wierzchosławice,powiat tarnowski,21.99%
257,Ludność w wieku 60+,2017,gmina,Wietrzychowice,powiat tarnowski,24.13%
257,Ludność w wieku 60+,2017,gmina,Wojnicz,powiat tarnowski,19.92%
257,Ludność w wieku 60+,2017,gmina,Zakliczyn,powiat tarnowski,19.78%
257,Ludność w wieku 60+,2017,gmina,Żabno,powiat tarnowski,21.20%
257,Ludność w wieku 60+,2017,powiat,powiat tatrzański,powiat tatrzański,22.65%
257,Ludność w wieku 60+,2017,gmina,Biały Dunajec,powiat tatrzański,19.34%
257,Ludność w wieku 60+,2017,gmina,Bukowina Tatrzańska,powiat tatrzański,19.51%
257,Ludność w wieku 60+,2017,gmina,Kościelisko,powiat tatrzański,20.66%
257,Ludność w wieku 60+,2017,gmina,Poronin,powiat tatrzański,18.17%
257,Ludność w wieku 60+,2017,gmina,Zakopane,powiat tatrzański,27.59%
257,Ludność w wieku 60+,2017,powiat,powiat wadowicki,powiat wadowicki,21.35%
257,Ludność w wieku 60+,2017,gmina,Andrychów,powiat wadowicki,22.50%
257,Ludność w wieku 60+,2017,gmina,Brzeźnica,powiat wadowicki,20.08%
257,Ludność w wieku 60+,2017,gmina,Kalwaria Zebrzydowska,powiat wadowicki,20.90%
257,Ludność w wieku 60+,2017,gmina,Lanckorona,powiat wadowicki,19.01%
257,Ludność w wieku 60+,2017,gmina,Mucharz,powiat wadowicki,20.44%
257,Ludność w wieku 60+,2017,gmina,Spytkowice,powiat wadowicki,19.34%
257,Ludność w wieku 60+,2017,gmina,Stryszów,powiat wadowicki,19.79%
257,Ludność w wieku 60+,2017,gmina,Tomice,powiat wadowicki,18.29%
257,Ludność w wieku 60+,2017,gmina,Wadowice,powiat wadowicki,23.34%
257,Ludność w wieku 60+,2017,gmina,Wieprz,powiat wadowicki,18.92%
257,Ludność w wieku 60+,2017,powiat,powiat wielicki,powiat wielicki,19.88%
257,Ludność w wieku 60+,2017,gmina,Biskupice,powiat wielicki,18.79%
257,Ludność w wieku 60+,2017,gmina,Gdów,powiat wielicki,18.49%
257,Ludność w wieku 60+,2017,gmina,Kłaj,powiat wielicki,21.32%
257,Ludność w wieku 60+,2017,gmina,Niepołomice,powiat wielicki,19.13%
257,Ludność w wieku 60+,2017,gmina,Wieliczka,powiat wielicki,20.59%
257,Ludność w wieku 60+,2016,powiat,powiat bocheński,powiat bocheński,19.94%
257,Ludność w wieku 60+,2016,gmina,Bochnia (miasto),powiat bocheński,23.63%
257,Ludność w wieku 60+,2016,gmina,Bochnia (wieś),powiat bocheński,19.44%
257,Ludność w wieku 60+,2016,gmina,Drwinia,powiat bocheński,21.93%
257,Ludność w wieku 60+,2016,gmina,Lipnica Murowana,powiat bocheński,17.42%
257,Ludność w wieku 60+,2016,gmina,Łapanów,powiat bocheński,17.25%
257,Ludność w wieku 60+,2016,gmina,Nowy Wiśnicz,powiat bocheński,17.94%
257,Ludność w wieku 60+,2016,gmina,Rzezawa,powiat bocheński,17.95%
257,Ludność w wieku 60+,2016,gmina,Trzciana,powiat bocheński,17.16%
257,Ludność w wieku 60+,2016,gmina,Żegocina,powiat bocheński,17.60%
257,Ludność w wieku 60+,2016,powiat,powiat brzeski,powiat brzeski,20.11%
257,Ludność w wieku 60+,2016,gmina,Borzęcin,powiat brzeski,20.21%
257,Ludność w wieku 60+,2016,gmina,Brzesko,powiat brzeski,21.07%
257,Ludność w wieku 60+,2016,gmina,Czchów,powiat brzeski,18.48%
257,Ludność w wieku 60+,2016,gmina,Dębno,powiat brzeski,18.97%
257,Ludność w wieku 60+,2016,gmina,Gnojnik,powiat brzeski,18.23%
257,Ludność w wieku 60+,2016,gmina,Iwkowa,powiat brzeski,18.74%
257,Ludność w wieku 60+,2016,gmina,Szczurowa,powiat brzeski,22.30%
257,Ludność w wieku 60+,2016,powiat,powiat chrzanowski,powiat chrzanowski,25.16%
257,Ludność w wieku 60+,2016,gmina,Alwernia,powiat chrzanowski,23.10%
257,Ludność w wieku 60+,2016,gmina,Babice,powiat chrzanowski,22.98%
257,Ludność w wieku 60+,2016,gmina,Chrzanów,powiat chrzanowski,27.20%
257,Ludność w wieku 60+,2016,gmina,Libiąż,powiat chrzanowski,23.28%
257,Ludność w wieku 60+,2016,gmina,Trzebinia,powiat chrzanowski,24.92%
257,Ludność w wieku 60+,2016,powiat,powiat dąbrowski,powiat dąbrowski,20.50%
257,Ludność w wieku 60+,2016,gmina,Bolesław,powiat dąbrowski,21.84%
257,Ludność w wieku 60+,2016,gmina,Dąbrowa Tarnowska,powiat dąbrowski,20.14%
257,Ludność w wieku 60+,2016,gmina,Gręboszów,powiat dąbrowski,24.96%
257,Ludność w wieku 60+,2016,gmina,Mędrzechów,powiat dąbrowski,22.57%
257,Ludność w wieku 60+,2016,gmina,Olesno,powiat dąbrowski,19.80%
257,Ludność w wieku 60+,2016,gmina,Radgoszcz,powiat dąbrowski,18.86%
257,Ludność w wieku 60+,2016,gmina,Szczucin,powiat dąbrowski,20.45%
257,Ludność w wieku 60+,2016,powiat,powiat gorlicki,powiat gorlicki,21.34%
257,Ludność w wieku 60+,2016,gmina,Biecz,powiat gorlicki,21.87%
257,Ludność w wieku 60+,2016,gmina,Bobowa,powiat gorlicki,16.81%
257,Ludność w wieku 60+,2016,gmina,Gorlice (miasto),powiat gorlicki,26.29%
257,Ludność w wieku 60+,2016,gmina,Gorlice (wieś),powiat gorlicki,20.24%
257,Ludność w wieku 60+,2016,gmina,Lipinki,powiat gorlicki,21.45%
257,Ludność w wieku 60+,2016,gmina,Łużna,powiat gorlicki,18.63%
257,Ludność w wieku 60+,2016,gmina,Moszczenica,powiat gorlicki,18.48%
257,Ludność w wieku 60+,2016,gmina,Ropa,powiat gorlicki,17.23%
257,Ludność w wieku 60+,2016,gmina,Sękowa,powiat gorlicki,21.10%
257,Ludność w wieku 60+,2016,gmina,Uście Gorlickie,powiat gorlicki,17.67%
257,Ludność w wieku 60+,2016,powiat,powiat krakowski,powiat krakowski,21.03%
257,Ludność w wieku 60+,2016,gmina,Czernichów,powiat krakowski,19.13%
257,Ludność w wieku 60+,2016,gmina,Igołomia-Wawrzeńczyce,powiat krakowski,22.51%
257,Ludność w wieku 60+,2016,gmina,Iwanowice,powiat krakowski,20.63%
257,Ludność w wieku 60+,2016,gmina,Jerzmanowice-Przeginia,powiat krakowski,22.04%
257,Ludność w wieku 60+,2016,gmina,Kocmyrzów-Luborzyca,powiat krakowski,19.83%
257,Ludność w wieku 60+,2016,gmina,Krzeszowice,powiat krakowski,24.75%
257,Ludność w wieku 60+,2016,gmina,Liszki,powiat krakowski,19.05%
257,Ludność w wieku 60+,2016,gmina,Michałowice,powiat krakowski,18.52%
257,Ludność w wieku 60+,2016,gmina,Mogilany,powiat krakowski,18.10%
257,Ludność w wieku 60+,2016,gmina,Skała,powiat krakowski,21.46%
257,Ludność w wieku 60+,2016,gmina,Skawina,powiat krakowski,21.81%
257,Ludność w wieku 60+,2016,gmina,Słomniki,powiat krakowski,23.12%
257,Ludność w wieku 60+,2016,gmina,Sułoszowa,powiat krakowski,22.82%
257,Ludność w wieku 60+,2016,gmina,Świątniki Górne,powiat krakowski,18.18%
257,Ludność w wieku 60+,2016,gmina,Wielka Wieś,powiat krakowski,19.08%
257,Ludność w wieku 60+,2016,gmina,Zabierzów,powiat krakowski,22.54%
257,Ludność w wieku 60+,2016,gmina,Zielonki,powiat krakowski,18.21%
257,Ludność w wieku 60+,2016,powiat,powiat limanowski,powiat limanowski,17.40%
257,Ludność w wieku 60+,2016,gmina,Dobra,powiat limanowski,18.77%
257,Ludność w wieku 60+,2016,gmina,Jodłownik,powiat limanowski,19.01%
257,Ludność w wieku 60+,2016,gmina,Kamienica,powiat limanowski,16.30%
257,Ludność w wieku 60+,2016,gmina,Laskowa,powiat limanowski,16.20%
257,Ludność w wieku 60+,2016,gmina,Limanowa (miasto),powiat limanowski,21.48%
257,Ludność w wieku 60+,2016,gmina,Limanowa (wieś),powiat limanowski,15.99%
257,Ludność w wieku 60+,2016,gmina,Łukowica,powiat limanowski,16.56%
257,Ludność w wieku 60+,2016,gmina,Mszana Dolna (miasto),powiat limanowski,20.53%
257,Ludność w wieku 60+,2016,gmina,Mszana Dolna (wieś),powiat limanowski,17.12%
257,Ludność w wieku 60+,2016,gmina,Niedźwiedź,powiat limanowski,15.16%
257,Ludność w wieku 60+,2016,gmina,Słopnice,powiat limanowski,13.06%
257,Ludność w wieku 60+,2016,gmina,Tymbark,powiat limanowski,17.08%
257,Ludność w wieku 60+,2016,powiat,powiat m. Kraków,powiat m. Kraków,25.77%
257,Ludność w wieku 60+,2016,powiat,powiat m. Nowy Sącz,powiat m. Nowy Sącz,22.79%
257,Ludność w wieku 60+,2016,powiat,powiat m. Tarnów,powiat m. Tarnów,26.67%
257,Ludność w wieku 60+,2016,powiat,powiat miechowski,powiat miechowski,26.25%
257,Ludność w wieku 60+,2016,gmina,Charsznica,powiat miechowski,27.02%
257,Ludność w wieku 60+,2016,gmina,Gołcza,powiat miechowski,24.18%
257,Ludność w wieku 60+,2016,gmina,Kozłów,powiat miechowski,25.71%
257,Ludność w wieku 60+,2016,gmina,Książ Wielki,powiat miechowski,27.57%
257,Ludność w wieku 60+,2016,gmina,Miechów,powiat miechowski,26.21%
257,Ludność w wieku 60+,2016,gmina,Racławice,powiat miechowski,25.35%
257,Ludność w wieku 60+,2016,gmina,Słaboszów,powiat miechowski,27.88%
257,Ludność w wieku 60+,2016,powiat,powiat myślenicki,powiat myślenicki,18.40%
257,Ludność w wieku 60+,2016,gmina,Dobczyce,powiat myślenicki,17.51%
257,Ludność w wieku 60+,2016,gmina,Lubień,powiat myślenicki,17.96%
257,Ludność w wieku 60+,2016,gmina,Myślenice,powiat myślenicki,19.64%
257,Ludność w wieku 60+,2016,gmina,Pcim,powiat myślenicki,18.53%
257,Ludność w wieku 60+,2016,gmina,Raciechowice,powiat myślenicki,19.09%
257,Ludność w wieku 60+,2016,gmina,Siepraw,powiat myślenicki,17.50%
257,Ludność w wieku 60+,2016,gmina,Sułkowice,powiat myślenicki,17.65%
257,Ludność w wieku 60+,2016,gmina,Tokarnia,powiat myślenicki,15.97%
257,Ludność w wieku 60+,2016,gmina,Wiśniowa,powiat myślenicki,18.15%
257,Ludność w wieku 60+,2016,powiat,powiat nowosądecki,powiat nowosądecki,17.17%
257,Ludność w wieku 60+,2016,gmina,Podegrodzie,powiat nowosądecki,15.44%
257,Ludność w wieku 60+,2016,gmina,Rytro,powiat nowosądecki,19.27%
257,Ludność w wieku 60+,2016,gmina,Stary Sącz,powiat nowosądecki,17.90%
257,Ludność w wieku 60+,2016,gmina,Chełmiec,powiat nowosądecki,15.22%
257,Ludność w wieku 60+,2016,gmina,Gródek nad Dunajcem,powiat nowosądecki,17.63%
257,Ludność w wieku 60+,2016,gmina,Grybów (miasto),powiat nowosądecki,21.27%
257,Ludność w wieku 60+,2016,gmina,Grybów (wieś),powiat nowosądecki,16.14%
257,Ludność w wieku 60+,2016,gmina,Kamionka Wielka,powiat nowosądecki,15.06%
257,Ludność w wieku 60+,2016,gmina,Korzenna,powiat nowosądecki,15.80%
257,Ludność w wieku 60+,2016,gmina,Krynica-Zdrój,powiat nowosądecki,23.45%
257,Ludność w wieku 60+,2016,gmina,Łabowa,powiat nowosądecki,14.09%
257,Ludność w wieku 60+,2016,gmina,Łącko,powiat nowosądecki,15.74%
257,Ludność w wieku 60+,2016,gmina,Łososina Dolna,powiat nowosądecki,16.61%
257,Ludność w wieku 60+,2016,gmina,Muszyna,powiat nowosądecki,20.16%
257,Ludność w wieku 60+,2016,gmina,Nawojowa,powiat nowosądecki,15.06%
257,Ludność w wieku 60+,2016,gmina,Piwniczna-Zdrój,powiat nowosądecki,18.56%
257,Ludność w wieku 60+,2016,powiat,powiat nowotarski,powiat nowotarski,19.46%
257,Ludność w wieku 60+,2016,gmina,Czarny Dunajec,powiat nowotarski,19.37%
257,Ludność w wieku 60+,2016,gmina,Czorsztyn,powiat nowotarski,18.46%
257,Ludność w wieku 60+,2016,gmina,Jabłonka,powiat nowotarski,15.98%
257,Ludność w wieku 60+,2016,gmina,Krościenko nad Dunajcem,powiat nowotarski,20.98%
257,Ludność w wieku 60+,2016,gmina,Lipnica Wielka,powiat nowotarski,15.86%
257,Ludność w wieku 60+,2016,gmina,Łapsze Niżne,powiat nowotarski,18.44%
257,Ludność w wieku 60+,2016,gmina,Nowy Targ (miasto),powiat nowotarski,23.06%
257,Ludność w wieku 60+,2016,gmina,Nowy Targ (wieś),powiat nowotarski,17.84%
257,Ludność w wieku 60+,2016,gmina,Ochotnica Dolna,powiat nowotarski,16.73%
257,Ludność w wieku 60+,2016,gmina,Raba Wyżna,powiat nowotarski,17.87%
257,Ludność w wieku 60+,2016,gmina,Rabka-Zdrój,powiat nowotarski,23.38%
257,Ludność w wieku 60+,2016,gmina,Spytkowice,powiat nowotarski,16.81%
257,Ludność w wieku 60+,2016,gmina,Szaflary,powiat nowotarski,17.96%
257,Ludność w wieku 60+,2016,gmina,Szczawnica,powiat nowotarski,22.28%
257,Ludność w wieku 60+,2016,powiat,powiat olkuski,powiat olkuski,25.44%
257,Ludność w wieku 60+,2016,gmina,Bolesław,powiat olkuski,27.23%
257,Ludność w wieku 60+,2016,gmina,Bukowno,powiat olkuski,27.65%
257,Ludność w wieku 60+,2016,gmina,Klucze,powiat olkuski,36.18%
257,Ludność w wieku 60+,2016,gmina,Olkusz,powiat olkuski,25.60%
257,Ludność w wieku 60+,2016,gmina,Trzyciąż,powiat olkuski,22.94%
257,Ludność w wieku 60+,2016,gmina,Wolbrom,powiat olkuski,24.30%
257,Ludność w wieku 60+,2016,powiat,powiat oświęcimski,powiat oświęcimski,23.96%
257,Ludność w wieku 60+,2016,gmina,Brzeszcze,powiat oświęcimski,23.52%
257,Ludność w wieku 60+,2016,gmina,Chełmek,powiat oświęcimski,24.45%
257,Ludność w wieku 60+,2016,gmina,Kęty,powiat oświęcimski,22.71%
257,Ludność w wieku 60+,2016,gmina,Osiek,powiat oświęcimski,19.94%
257,Ludność w wieku 60+,2016,gmina,Oświęcim (miasto),powiat oświęcimski,28.49%
257,Ludność w wieku 60+,2016,gmina,Oświęcim (wieś),powiat oświęcimski,21.38%
257,Ludność w wieku 60+,2016,gmina,Polanka Wielka,powiat oświęcimski,19.78%
257,Ludność w wieku 60+,2016,gmina,Przeciszów,powiat oświęcimski,22.54%
257,Ludność w wieku 60+,2016,gmina,Zator,powiat oświęcimski,21.45%
257,Ludność w wieku 60+,2016,powiat,powiat proszowicki,powiat proszowicki,23.31%
257,Ludność w wieku 60+,2016,gmina,Koniusza,powiat proszowicki,21.66%
257,Ludność w wieku 60+,2016,gmina,Koszyce,powiat proszowicki,24.67%
257,Ludność w wieku 60+,2016,gmina,Nowe Brzesko,powiat proszowicki,23.32%
257,Ludność w wieku 60+,2016,gmina,Pałecznica,powiat proszowicki,23.03%
257,Ludność w wieku 60+,2016,gmina,Proszowice,powiat proszowicki,23.65%
257,Ludność w wieku 60+,2016,gmina,Radziemice,powiat proszowicki,24.08%
257,Ludność w wieku 60+,2016,powiat,powiat suski,powiat suski,20.73%
257,Ludność w wieku 60+,2016,gmina,Budzów,powiat suski,17.38%
257,Ludność w wieku 60+,2016,gmina,Bystra-Sidzina,powiat suski,17.29%
257,Ludność w wieku 60+,2016,gmina,Jordanów (miasto),powiat suski,21.17%
257,Ludność w wieku 60+,2016,gmina,Jordanów (wieś),powiat suski,19.21%
257,Ludność w wieku 60+,2016,gmina,Maków Podhalański,powiat suski,22.10%
257,Ludność w wieku 60+,2016,gmina,Stryszawa,powiat suski,21.21%
257,Ludność w wieku 60+,2016,gmina,Sucha Beskidzka,powiat suski,23.92%
257,Ludność w wieku 60+,2016,gmina,Zawoja,powiat suski,21.00%
257,Ludność w wieku 60+,2016,gmina,Zembrzyce,powiat suski,22.09%
257,Ludność w wieku 60+,2016,powiat,powiat tarnowski,powiat tarnowski,19.55%
257,Ludność w wieku 60+,2016,gmina,Ciężkowice,powiat tarnowski,20.30%
257,Ludność w wieku 60+,2016,gmina,Gromnik,powiat tarnowski,18.13%
257,Ludność w wieku 60+,2016,gmina,Lisia Góra,powiat tarnowski,17.29%
257,Ludność w wieku 60+,2016,gmina,Pleśna,powiat tarnowski,19.25%
257,Ludność w wieku 60+,2016,gmina,Radłów,powiat tarnowski,20.48%
257,Ludność w wieku 60+,2016,gmina,Ryglice,powiat tarnowski,18.86%
257,Ludność w wieku 60+,2016,gmina,Rzepiennik Strzyżewski,powiat tarnowski,19.78%
257,Ludność w wieku 60+,2016,gmina,Skrzyszów,powiat tarnowski,18.20%
257,Ludność w wieku 60+,2016,gmina,Szerzyny,powiat tarnowski,20.70%
257,Ludność w wieku 60+,2016,gmina,Tarnów (wieś),powiat tarnowski,19.14%
257,Ludność w wieku 60+,2016,gmina,Tuchów,powiat tarnowski,19.85%
257,Ludność w wieku 60+,2016,gmina,Wierzchosławice,powiat tarnowski,21.53%
257,Ludność w wieku 60+,2016,gmina,Wietrzychowice,powiat tarnowski,23.46%
257,Ludność w wieku 60+,2016,gmina,Wojnicz,powiat tarnowski,19.54%
257,Ludność w wieku 60+,2016,gmina,Zakliczyn,powiat tarnowski,19.45%
257,Ludność w wieku 60+,2016,gmina,Żabno,powiat tarnowski,20.58%
257,Ludność w wieku 60+,2016,powiat,powiat tatrzański,powiat tatrzański,22.12%
257,Ludność w wieku 60+,2016,gmina,Biały Dunajec,powiat tatrzański,19.12%
257,Ludność w wieku 60+,2016,gmina,Bukowina Tatrzańska,powiat tatrzański,18.90%
257,Ludność w wieku 60+,2016,gmina,Kościelisko,powiat tatrzański,19.81%
257,Ludność w wieku 60+,2016,gmina,Poronin,powiat tatrzański,17.90%
257,Ludność w wieku 60+,2016,gmina,Zakopane,powiat tatrzański,26.98%
257,Ludność w wieku 60+,2016,powiat,powiat wadowicki,powiat wadowicki,20.86%
257,Ludność w wieku 60+,2016,gmina,Andrychów,powiat wadowicki,21.86%
257,Ludność w wieku 60+,2016,gmina,Brzeźnica,powiat wadowicki,19.43%
257,Ludność w wieku 60+,2016,gmina,Kalwaria Zebrzydowska,powiat wadowicki,20.51%
257,Ludność w wieku 60+,2016,gmina,Lanckorona,powiat wadowicki,18.54%
257,Ludność w wieku 60+,2016,gmina,Mucharz,powiat wadowicki,19.79%
257,Ludność w wieku 60+,2016,gmina,Spytkowice,powiat wadowicki,19.02%
257,Ludność w wieku 60+,2016,gmina,Stryszów,powiat wadowicki,19.36%
257,Ludność w wieku 60+,2016,gmina,Tomice,powiat wadowicki,18.19%
257,Ludność w wieku 60+,2016,gmina,Wadowice,powiat wadowicki,22.79%
257,Ludność w wieku 60+,2016,gmina,Wieprz,powiat wadowicki,18.66%
257,Ludność w wieku 60+,2016,powiat,powiat wielicki,powiat wielicki,19.52%
257,Ludność w wieku 60+,2016,gmina,Biskupice,powiat wielicki,18.37%
257,Ludność w wieku 60+,2016,gmina,Gdów,powiat wielicki,17.98%
257,Ludność w wieku 60+,2016,gmina,Kłaj,powiat wielicki,14.62%
257,Ludność w wieku 60+,2016,gmina,Niepołomice,powiat wielicki,18.91%
257,Ludność w wieku 60+,2016,gmina,Wieliczka,powiat wielicki,20.24%
257,Ludność w wieku 60+,2015,powiat,powiat bocheński,powiat bocheński,19.52%
257,Ludność w wieku 60+,2015,gmina,Bochnia (miasto),powiat bocheński,22.92%
257,Ludność w wieku 60+,2015,gmina,Bochnia (wieś),powiat bocheński,18.96%
257,Ludność w wieku 60+,2015,gmina,Drwinia,powiat bocheński,21.15%
257,Ludność w wieku 60+,2015,gmina,Lipnica Murowana,powiat bocheński,17.21%
257,Ludność w wieku 60+,2015,gmina,Łapanów,powiat bocheński,16.90%
257,Ludność w wieku 60+,2015,gmina,Nowy Wiśnicz,powiat bocheński,17.92%
257,Ludność w wieku 60+,2015,gmina,Rzezawa,powiat bocheński,17.58%
257,Ludność w wieku 60+,2015,gmina,Trzciana,powiat bocheński,17.17%
257,Ludność w wieku 60+,2015,gmina,Żegocina,powiat bocheński,17.24%
257,Ludność w wieku 60+,2015,powiat,powiat brzeski,powiat brzeski,19.70%
257,Ludność w wieku 60+,2015,gmina,Borzęcin,powiat brzeski,19.78%
257,Ludność w wieku 60+,2015,gmina,Brzesko,powiat brzeski,20.51%
257,Ludność w wieku 60+,2015,gmina,Czchów,powiat brzeski,18.42%
257,Ludność w wieku 60+,2015,gmina,Dębno,powiat brzeski,18.70%
257,Ludność w wieku 60+,2015,gmina,Gnojnik,powiat brzeski,17.76%
257,Ludność w wieku 60+,2015,gmina,Iwkowa,powiat brzeski,18.50%
257,Ludność w wieku 60+,2015,gmina,Szczurowa,powiat brzeski,21.80%
257,Ludność w wieku 60+,2015,powiat,powiat chrzanowski,powiat chrzanowski,24.40%
257,Ludność w wieku 60+,2015,gmina,Alwernia,powiat chrzanowski,22.58%
257,Ludność w wieku 60+,2015,gmina,Babice,powiat chrzanowski,22.50%
257,Ludność w wieku 60+,2015,gmina,Chrzanów,powiat chrzanowski,26.39%
257,Ludność w wieku 60+,2015,gmina,Libiąż,powiat chrzanowski,22.48%
257,Ludność w wieku 60+,2015,gmina,Trzebinia,powiat chrzanowski,24.06%
257,Ludność w wieku 60+,2015,powiat,powiat dąbrowski,powiat dąbrowski,20.10%
257,Ludność w wieku 60+,2015,gmina,Bolesław,powiat dąbrowski,22.13%
257,Ludność w wieku 60+,2015,gmina,Dąbrowa Tarnowska,powiat dąbrowski,19.78%
257,Ludność w wieku 60+,2015,gmina,Gręboszów,powiat dąbrowski,23.85%
257,Ludność w wieku 60+,2015,gmina,Mędrzechów,powiat dąbrowski,22.32%
257,Ludność w wieku 60+,2015,gmina,Olesno,powiat dąbrowski,19.40%
257,Ludność w wieku 60+,2015,gmina,Radgoszcz,powiat dąbrowski,18.54%
257,Ludność w wieku 60+,2015,gmina,Szczucin,powiat dąbrowski,19.92%
257,Ludność w wieku 60+,2015,powiat,powiat gorlicki,powiat gorlicki,20.76%
257,Ludność w wieku 60+,2015,gmina,Biecz,powiat gorlicki,21.48%
257,Ludność w wieku 60+,2015,gmina,Bobowa,powiat gorlicki,16.49%
257,Ludność w wieku 60+,2015,gmina,Gorlice (miasto),powiat gorlicki,25.11%
257,Ludność w wieku 60+,2015,gmina,Gorlice (wieś),powiat gorlicki,19.72%
257,Ludność w wieku 60+,2015,gmina,Lipinki,powiat gorlicki,21.18%
257,Ludność w wieku 60+,2015,gmina,Łużna,powiat gorlicki,18.32%
257,Ludność w wieku 60+,2015,gmina,Moszczenica,powiat gorlicki,18.15%
257,Ludność w wieku 60+,2015,gmina,Ropa,powiat gorlicki,16.89%
257,Ludność w wieku 60+,2015,gmina,Sękowa,powiat gorlicki,20.62%
257,Ludność w wieku 60+,2015,gmina,Uście Gorlickie,powiat gorlicki,17.34%
257,Ludność w wieku 60+,2015,powiat,powiat krakowski,powiat krakowski,20.55%
257,Ludność w wieku 60+,2015,gmina,Czernichów,powiat krakowski,18.58%
257,Ludność w wieku 60+,2015,gmina,Igołomia-Wawrzeńczyce,powiat krakowski,21.57%
257,Ludność w wieku 60+,2015,gmina,Iwanowice,powiat krakowski,20.35%
257,Ludność w wieku 60+,2015,gmina,Jerzmanowice-Przeginia,powiat krakowski,21.56%
257,Ludność w wieku 60+,2015,gmina,Kocmyrzów-Luborzyca,powiat krakowski,19.44%
257,Ludność w wieku 60+,2015,gmina,Krzeszowice,powiat krakowski,24.14%
257,Ludność w wieku 60+,2015,gmina,Liszki,powiat krakowski,18.36%
257,Ludność w wieku 60+,2015,gmina,Michałowice,powiat krakowski,18.01%
257,Ludność w wieku 60+,2015,gmina,Mogilany,powiat krakowski,18.02%
257,Ludność w wieku 60+,2015,gmina,Skała,powiat krakowski,21.06%
257,Ludność w wieku 60+,2015,gmina,Skawina,powiat krakowski,21.25%
257,Ludność w wieku 60+,2015,gmina,Słomniki,powiat krakowski,22.47%
257,Ludność w wieku 60+,2015,gmina,Sułoszowa,powiat krakowski,22.50%
257,Ludność w wieku 60+,2015,gmina,Świątniki Górne,powiat krakowski,17.62%
257,Ludność w wieku 60+,2015,gmina,Wielka Wieś,powiat krakowski,18.92%
257,Ludność w wieku 60+,2015,gmina,Zabierzów,powiat krakowski,22.04%
257,Ludność w wieku 60+,2015,gmina,Zielonki,powiat krakowski,17.91%
257,Ludność w wieku 60+,2015,powiat,powiat limanowski,powiat limanowski,17.05%
257,Ludność w wieku 60+,2015,gmina,Dobra,powiat limanowski,18.38%
257,Ludność w wieku 60+,2015,gmina,Jodłownik,powiat limanowski,18.68%
257,Ludność w wieku 60+,2015,gmina,Kamienica,powiat limanowski,15.84%
257,Ludność w wieku 60+,2015,gmina,Laskowa,powiat limanowski,15.98%
257,Ludność w wieku 60+,2015,gmina,Limanowa (miasto),powiat limanowski,20.82%
257,Ludność w wieku 60+,2015,gmina,Limanowa (wieś),powiat limanowski,15.57%
257,Ludność w wieku 60+,2015,gmina,Łukowica,powiat limanowski,16.28%
257,Ludność w wieku 60+,2015,gmina,Mszana Dolna (miasto),powiat limanowski,20.24%
257,Ludność w wieku 60+,2015,gmina,Mszana Dolna (wieś),powiat limanowski,16.97%
257,Ludność w wieku 60+,2015,gmina,Niedźwiedź,powiat limanowski,14.69%
257,Ludność w wieku 60+,2015,gmina,Słopnice,powiat limanowski,12.90%
257,Ludność w wieku 60+,2015,gmina,Tymbark,powiat limanowski,16.83%
257,Ludność w wieku 60+,2015,powiat,powiat m. Kraków,powiat m. Kraków,25.26%
257,Ludność w wieku 60+,2015,powiat,powiat m. Nowy Sącz,powiat m. Nowy Sącz,22.18%
257,Ludność w wieku 60+,2015,powiat,powiat m. Tarnów,powiat m. Tarnów,25.82%
257,Ludność w wieku 60+,2015,powiat,powiat miechowski,powiat miechowski,25.78%
257,Ludność w wieku 60+,2015,gmina,Charsznica,powiat miechowski,26.33%
257,Ludność w wieku 60+,2015,gmina,Gołcza,powiat miechowski,23.87%
257,Ludność w wieku 60+,2015,gmina,Kozłów,powiat miechowski,25.39%
257,Ludność w wieku 60+,2015,gmina,Książ Wielki,powiat miechowski,27.19%
257,Ludność w wieku 60+,2015,gmina,Miechów,powiat miechowski,25.55%
257,Ludność w wieku 60+,2015,gmina,Racławice,powiat miechowski,25.45%
257,Ludność w wieku 60+,2015,gmina,Słaboszów,powiat miechowski,27.82%
257,Ludność w wieku 60+,2015,powiat,powiat myślenicki,powiat myślenicki,17.93%
257,Ludność w wieku 60+,2015,gmina,Dobczyce,powiat myślenicki,16.88%
257,Ludność w wieku 60+,2015,gmina,Lubień,powiat myślenicki,17.48%
257,Ludność w wieku 60+,2015,gmina,Myślenice,powiat myślenicki,19.14%
257,Ludność w wieku 60+,2015,gmina,Pcim,powiat myślenicki,18.03%
257,Ludność w wieku 60+,2015,gmina,Raciechowice,powiat myślenicki,18.71%
257,Ludność w wieku 60+,2015,gmina,Siepraw,powiat myślenicki,17.38%
257,Ludność w wieku 60+,2015,gmina,Sułkowice,powiat myślenicki,17.21%
257,Ludność w wieku 60+,2015,gmina,Tokarnia,powiat myślenicki,15.49%
257,Ludność w wieku 60+,2015,gmina,Wiśniowa,powiat myślenicki,17.73%
257,Ludność w wieku 60+,2015,powiat,powiat nowosądecki,powiat nowosądecki,16.83%
257,Ludność w wieku 60+,2015,gmina,Podegrodzie,powiat nowosądecki,15.01%
257,Ludność w wieku 60+,2015,gmina,Rytro,powiat nowosądecki,18.98%
257,Ludność w wieku 60+,2015,gmina,Stary Sącz,powiat nowosądecki,17.47%
257,Ludność w wieku 60+,2015,gmina,Chełmiec,powiat nowosądecki,14.90%
257,Ludność w wieku 60+,2015,gmina,Gródek nad Dunajcem,powiat nowosądecki,17.17%
257,Ludność w wieku 60+,2015,gmina,Grybów (miasto),powiat nowosądecki,20.77%
257,Ludność w wieku 60+,2015,gmina,Grybów (wieś),powiat nowosądecki,15.84%
257,Ludność w wieku 60+,2015,gmina,Kamionka Wielka,powiat nowosądecki,14.75%
257,Ludność w wieku 60+,2015,gmina,Korzenna,powiat nowosądecki,15.65%
257,Ludność w wieku 60+,2015,gmina,Krynica-Zdrój,powiat nowosądecki,22.82%
257,Ludność w wieku 60+,2015,gmina,Łabowa,powiat nowosądecki,13.65%
257,Ludność w wieku 60+,2015,gmina,Łącko,powiat nowosądecki,15.61%
257,Ludność w wieku 60+,2015,gmina,Łososina Dolna,powiat nowosądecki,16.41%
257,Ludność w wieku 60+,2015,gmina,Muszyna,powiat nowosądecki,19.55%
257,Ludność w wieku 60+,2015,gmina,Nawojowa,powiat nowosądecki,14.95%
257,Ludność w wieku 60+,2015,gmina,Piwniczna-Zdrój,powiat nowosądecki,18.19%
257,Ludność w wieku 60+,2015,powiat,powiat nowotarski,powiat nowotarski,19.07%
257,Ludność w wieku 60+,2015,gmina,Czarny Dunajec,powiat nowotarski,18.97%
257,Ludność w wieku 60+,2015,gmina,Czorsztyn,powiat nowotarski,18.11%
257,Ludność w wieku 60+,2015,gmina,Jabłonka,powiat nowotarski,15.65%
257,Ludność w wieku 60+,2015,gmina,Krościenko nad Dunajcem,powiat nowotarski,20.61%
257,Ludność w wieku 60+,2015,gmina,Lipnica Wielka,powiat nowotarski,15.60%
257,Ludność w wieku 60+,2015,gmina,Łapsze Niżne,powiat nowotarski,18.13%
257,Ludność w wieku 60+,2015,gmina,Nowy Targ (miasto),powiat nowotarski,22.44%
257,Ludność w wieku 60+,2015,gmina,Nowy Targ (wieś),powiat nowotarski,17.43%
257,Ludność w wieku 60+,2015,gmina,Ochotnica Dolna,powiat nowotarski,16.28%
257,Ludność w wieku 60+,2015,gmina,Raba Wyżna,powiat nowotarski,17.54%
257,Ludność w wieku 60+,2015,gmina,Rabka-Zdrój,powiat nowotarski,23.06%
257,Ludność w wieku 60+,2015,gmina,Spytkowice,powiat nowotarski,16.66%
257,Ludność w wieku 60+,2015,gmina,Szaflary,powiat nowotarski,17.65%
257,Ludność w wieku 60+,2015,gmina,Szczawnica,powiat nowotarski,21.78%
257,Ludność w wieku 60+,2015,powiat,powiat olkuski,powiat olkuski,24.68%
257,Ludność w wieku 60+,2015,gmina,Bolesław,powiat olkuski,26.47%
257,Ludność w wieku 60+,2015,gmina,Bukowno,powiat olkuski,26.78%
257,Ludność w wieku 60+,2015,gmina,Klucze,powiat olkuski,24.90%
257,Ludność w wieku 60+,2015,gmina,Olkusz,powiat olkuski,24.58%
257,Ludność w wieku 60+,2015,gmina,Trzyciąż,powiat olkuski,22.81%
257,Ludność w wieku 60+,2015,gmina,Wolbrom,powiat olkuski,23.79%
257,Ludność w wieku 60+,2015,powiat,powiat oświęcimski,powiat oświęcimski,23.23%
257,Ludność w wieku 60+,2015,gmina,Brzeszcze,powiat oświęcimski,22.62%
257,Ludność w wieku 60+,2015,gmina,Chełmek,powiat oświęcimski,23.45%
257,Ludność w wieku 60+,2015,gmina,Kęty,powiat oświęcimski,22.01%
257,Ludność w wieku 60+,2015,gmina,Osiek,powiat oświęcimski,19.32%
257,Ludność w wieku 60+,2015,gmina,Oświęcim (miasto),powiat oświęcimski,27.75%
257,Ludność w wieku 60+,2015,gmina,Oświęcim (wieś),powiat oświęcimski,20.73%
257,Ludność w wieku 60+,2015,gmina,Polanka Wielka,powiat oświęcimski,19.43%
257,Ludność w wieku 60+,2015,gmina,Przeciszów,powiat oświęcimski,21.95%
257,Ludność w wieku 60+,2015,gmina,Zator,powiat oświęcimski,20.79%
257,Ludność w wieku 60+,2015,powiat,powiat proszowicki,powiat proszowicki,22.84%
257,Ludność w wieku 60+,2015,gmina,Koniusza,powiat proszowicki,21.33%
257,Ludność w wieku 60+,2015,gmina,Koszyce,powiat proszowicki,24.04%
257,Ludność w wieku 60+,2015,gmina,Nowe Brzesko,powiat proszowicki,22.80%
257,Ludność w wieku 60+,2015,gmina,Pałecznica,powiat proszowicki,22.75%
257,Ludność w wieku 60+,2015,gmina,Proszowice,powiat proszowicki,23.09%
257,Ludność w wieku 60+,2015,gmina,Radziemice,powiat proszowicki,23.76%
257,Ludność w wieku 60+,2015,powiat,powiat suski,powiat suski,20.36%
257,Ludność w wieku 60+,2015,gmina,Budzów,powiat suski,17.29%
257,Ludność w wieku 60+,2015,gmina,Bystra-Sidzina,powiat suski,17.27%
257,Ludność w wieku 60+,2015,gmina,Jordanów (miasto),powiat suski,20.55%
257,Ludność w wieku 60+,2015,gmina,Jordanów (wieś),powiat suski,18.64%
257,Ludność w wieku 60+,2015,gmina,Maków Podhalański,powiat suski,21.85%
257,Ludność w wieku 60+,2015,gmina,Stryszawa,powiat suski,20.92%
257,Ludność w wieku 60+,2015,gmina,Sucha Beskidzka,powiat suski,23.14%
257,Ludność w wieku 60+,2015,gmina,Zawoja,powiat suski,20.61%
257,Ludność w wieku 60+,2015,gmina,Zembrzyce,powiat suski,21.54%
257,Ludność w wieku 60+,2015,powiat,powiat tarnowski,powiat tarnowski,19.11%
257,Ludność w wieku 60+,2015,gmina,Ciężkowice,powiat tarnowski,19.87%
257,Ludność w wieku 60+,2015,gmina,Gromnik,powiat tarnowski,17.59%
257,Ludność w wieku 60+,2015,gmina,Lisia Góra,powiat tarnowski,16.75%
257,Ludność w wieku 60+,2015,gmina,Pleśna,powiat tarnowski,18.71%
257,Ludność w wieku 60+,2015,gmina,Radłów,powiat tarnowski,20.22%
257,Ludność w wieku 60+,2015,gmina,Ryglice,powiat tarnowski,18.64%
257,Ludność w wieku 60+,2015,gmina,Rzepiennik Strzyżewski,powiat tarnowski,19.53%
257,Ludność w wieku 60+,2015,gmina,Skrzyszów,powiat tarnowski,17.57%
257,Ludność w wieku 60+,2015,gmina,Szerzyny,powiat tarnowski,20.48%
257,Ludność w wieku 60+,2015,gmina,Tarnów (wieś),powiat tarnowski,18.65%
257,Ludność w wieku 60+,2015,gmina,Tuchów,powiat tarnowski,19.41%
257,Ludność w wieku 60+,2015,gmina,Wierzchosławice,powiat tarnowski,20.97%
257,Ludność w wieku 60+,2015,gmina,Wietrzychowice,powiat tarnowski,22.84%
257,Ludność w wieku 60+,2015,gmina,Wojnicz,powiat tarnowski,18.98%
257,Ludność w wieku 60+,2015,gmina,Zakliczyn,powiat tarnowski,19.24%
257,Ludność w wieku 60+,2015,gmina,Żabno,powiat tarnowski,20.10%
257,Ludność w wieku 60+,2015,powiat,powiat tatrzański,powiat tatrzański,21.68%
257,Ludność w wieku 60+,2015,gmina,Biały Dunajec,powiat tatrzański,18.77%
257,Ludność w wieku 60+,2015,gmina,Bukowina Tatrzańska,powiat tatrzański,18.74%
257,Ludność w wieku 60+,2015,gmina,Kościelisko,powiat tatrzański,19.23%
257,Ludność w wieku 60+,2015,gmina,Poronin,powiat tatrzański,17.48%
257,Ludność w wieku 60+,2015,gmina,Zakopane,powiat tatrzański,26.37%
257,Ludność w wieku 60+,2015,powiat,powiat wadowicki,powiat wadowicki,20.32%
257,Ludność w wieku 60+,2015,gmina,Andrychów,powiat wadowicki,21.27%
257,Ludność w wieku 60+,2015,gmina,Brzeźnica,powiat wadowicki,19.02%
257,Ludność w wieku 60+,2015,gmina,Kalwaria Zebrzydowska,powiat wadowicki,20.02%
257,Ludność w wieku 60+,2015,gmina,Lanckorona,powiat wadowicki,18.01%
257,Ludność w wieku 60+,2015,gmina,Mucharz,powiat wadowicki,19.39%
257,Ludność w wieku 60+,2015,gmina,Spytkowice,powiat wadowicki,18.47%
257,Ludność w wieku 60+,2015,gmina,Stryszów,powiat wadowicki,18.82%
257,Ludność w wieku 60+,2015,gmina,Tomice,powiat wadowicki,17.77%
257,Ludność w wieku 60+,2015,gmina,Wadowice,powiat wadowicki,22.15%
257,Ludność w wieku 60+,2015,gmina,Wieprz,powiat wadowicki,18.25%
257,Ludność w wieku 60+,2015,powiat,powiat wielicki,powiat wielicki,19.14%
257,Ludność w wieku 60+,2015,gmina,Biskupice,powiat wielicki,17.90%
257,Ludność w wieku 60+,2015,gmina,Gdów,powiat wielicki,17.50%
257,Ludność w wieku 60+,2015,gmina,Kłaj,powiat wielicki,20.12%
257,Ludność w wieku 60+,2015,gmina,Niepołomice,powiat wielicki,18.58%
257,Ludność w wieku 60+,2015,gmina,Wieliczka,powiat wielicki,19.95%
257,Ludność w wieku 60+,2014,powiat,powiat bocheński,powiat bocheński,19.01%
257,Ludność w wieku 60+,2014,gmina,Bochnia (miasto),powiat bocheński,22.19%
257,Ludność w wieku 60+,2014,gmina,Bochnia (wieś),powiat bocheński,18.40%
257,Ludność w wieku 60+,2014,gmina,Drwinia,powiat bocheński,20.82%
257,Ludność w wieku 60+,2014,gmina,Lipnica Murowana,powiat bocheński,16.77%
257,Ludność w wieku 60+,2014,gmina,Łapanów,powiat bocheński,16.63%
257,Ludność w wieku 60+,2014,gmina,Nowy Wiśnicz,powiat bocheński,17.57%
257,Ludność w wieku 60+,2014,gmina,Rzezawa,powiat bocheński,17.15%
257,Ludność w wieku 60+,2014,gmina,Trzciana,powiat bocheński,17.08%
257,Ludność w wieku 60+,2014,gmina,Żegocina,powiat bocheński,16.61%
257,Ludność w wieku 60+,2014,powiat,powiat brzeski,powiat brzeski,19.18%
257,Ludność w wieku 60+,2014,gmina,Borzęcin,powiat brzeski,19.14%
257,Ludność w wieku 60+,2014,gmina,Brzesko,powiat brzeski,19.87%
257,Ludność w wieku 60+,2014,gmina,Czchów,powiat brzeski,17.82%
257,Ludność w wieku 60+,2014,gmina,Dębno,powiat brzeski,18.23%
257,Ludność w wieku 60+,2014,gmina,Gnojnik,powiat brzeski,17.27%
257,Ludność w wieku 60+,2014,gmina,Iwkowa,powiat brzeski,18.60%
257,Ludność w wieku 60+,2014,gmina,Szczurowa,powiat brzeski,21.38%
257,Ludność w wieku 60+,2014,powiat,powiat chrzanowski,powiat chrzanowski,23.61%
257,Ludność w wieku 60+,2014,gmina,Alwernia,powiat chrzanowski,22.28%
257,Ludność w wieku 60+,2014,gmina,Babice,powiat chrzanowski,21.70%
257,Ludność w wieku 60+,2014,gmina,Chrzanów,powiat chrzanowski,25.41%
257,Ludność w wieku 60+,2014,gmina,Libiąż,powiat chrzanowski,21.70%
257,Ludność w wieku 60+,2014,gmina,Trzebinia,powiat chrzanowski,23.37%
257,Ludność w wieku 60+,2014,powiat,powiat dąbrowski,powiat dąbrowski,19.74%
257,Ludność w wieku 60+,2014,gmina,Bolesław,powiat dąbrowski,22.17%
257,Ludność w wieku 60+,2014,gmina,Dąbrowa Tarnowska,powiat dąbrowski,19.33%
257,Ludność w wieku 60+,2014,gmina,Gręboszów,powiat dąbrowski,23.28%
257,Ludność w wieku 60+,2014,gmina,Mędrzechów,powiat dąbrowski,22.29%
257,Ludność w wieku 60+,2014,gmina,Olesno,powiat dąbrowski,18.84%
257,Ludność w wieku 60+,2014,gmina,Radgoszcz,powiat dąbrowski,18.49%
257,Ludność w wieku 60+,2014,gmina,Szczucin,powiat dąbrowski,19.51%
257,Ludność w wieku 60+,2014,powiat,powiat gorlicki,powiat gorlicki,20.22%
257,Ludność w wieku 60+,2014,gmina,Biecz,powiat gorlicki,21.01%
257,Ludność w wieku 60+,2014,gmina,Bobowa,powiat gorlicki,16.34%
257,Ludność w wieku 60+,2014,gmina,Gorlice (miasto),powiat gorlicki,23.97%
257,Ludność w wieku 60+,2014,gmina,Gorlice (wieś),powiat gorlicki,19.36%
257,Ludność w wieku 60+,2014,gmina,Lipinki,powiat gorlicki,20.75%
257,Ludność w wieku 60+,2014,gmina,Łużna,powiat gorlicki,18.14%
257,Ludność w wieku 60+,2014,gmina,Moszczenica,powiat gorlicki,18.18%
257,Ludność w wieku 60+,2014,gmina,Ropa,powiat gorlicki,16.36%
257,Ludność w wieku 60+,2014,gmina,Sękowa,powiat gorlicki,20.08%
257,Ludność w wieku 60+,2014,gmina,Uście Gorlickie,powiat gorlicki,16.89%
257,Ludność w wieku 60+,2014,powiat,powiat krakowski,powiat krakowski,20.04%
257,Ludność w wieku 60+,2014,gmina,Czernichów,powiat krakowski,18.36%
257,Ludność w wieku 60+,2014,gmina,Igołomia-Wawrzeńczyce,powiat krakowski,20.67%
257,Ludność w wieku 60+,2014,gmina,Iwanowice,powiat krakowski,20.07%
257,Ludność w wieku 60+,2014,gmina,Jerzmanowice-Przeginia,powiat krakowski,21.11%
257,Ludność w wieku 60+,2014,gmina,Kocmyrzów-Luborzyca,powiat krakowski,19.09%
257,Ludność w wieku 60+,2014,gmina,Krzeszowice,powiat krakowski,23.57%
257,Ludność w wieku 60+,2014,gmina,Liszki,powiat krakowski,17.79%
257,Ludność w wieku 60+,2014,gmina,Michałowice,powiat krakowski,17.36%
257,Ludność w wieku 60+,2014,gmina,Mogilany,powiat krakowski,17.66%
257,Ludność w wieku 60+,2014,gmina,Skała,powiat krakowski,20.59%
257,Ludność w wieku 60+,2014,gmina,Skawina,powiat krakowski,20.57%
257,Ludność w wieku 60+,2014,gmina,Słomniki,powiat krakowski,21.69%
257,Ludność w wieku 60+,2014,gmina,Sułoszowa,powiat krakowski,22.05%
257,Ludność w wieku 60+,2014,gmina,Świątniki Górne,powiat krakowski,16.93%
257,Ludność w wieku 60+,2014,gmina,Wielka Wieś,powiat krakowski,18.56%
257,Ludność w wieku 60+,2014,gmina,Zabierzów,powiat krakowski,21.51%
257,Ludność w wieku 60+,2014,gmina,Zielonki,powiat krakowski,17.58%
257,Ludność w wieku 60+,2014,powiat,powiat limanowski,powiat limanowski,16.74%
257,Ludność w wieku 60+,2014,gmina,Dobra,powiat limanowski,18.02%
257,Ludność w wieku 60+,2014,gmina,Jodłownik,powiat limanowski,18.48%
257,Ludność w wieku 60+,2014,gmina,Kamienica,powiat limanowski,15.68%
257,Ludność w wieku 60+,2014,gmina,Laskowa,powiat limanowski,15.47%
257,Ludność w wieku 60+,2014,gmina,Limanowa (miasto),powiat limanowski,20.28%
257,Ludność w wieku 60+,2014,gmina,Limanowa (wieś),powiat limanowski,15.21%
257,Ludność w wieku 60+,2014,gmina,Łukowica,powiat limanowski,16.20%
257,Ludność w wieku 60+,2014,gmina,Mszana Dolna (miasto),powiat limanowski,20.03%
257,Ludność w wieku 60+,2014,gmina,Mszana Dolna (wieś),powiat limanowski,16.74%
257,Ludność w wieku 60+,2014,gmina,Niedźwiedź,powiat limanowski,14.39%
257,Ludność w wieku 60+,2014,gmina,Słopnice,powiat limanowski,12.80%
257,Ludność w wieku 60+,2014,gmina,Tymbark,powiat limanowski,16.42%
257,Ludność w wieku 60+,2014,powiat,powiat m. Kraków,powiat m. Kraków,24.63%
257,Ludność w wieku 60+,2014,powiat,powiat m. Nowy Sącz,powiat m. Nowy Sącz,21.46%
257,Ludność w wieku 60+,2014,powiat,powiat m. Tarnów,powiat m. Tarnów,24.93%
257,Ludność w wieku 60+,2014,powiat,powiat miechowski,powiat miechowski,25.29%
257,Ludność w wieku 60+,2014,gmina,Charsznica,powiat miechowski,25.91%
257,Ludność w wieku 60+,2014,gmina,Gołcza,powiat miechowski,23.71%
257,Ludność w wieku 60+,2014,gmina,Kozłów,powiat miechowski,25.00%
257,Ludność w wieku 60+,2014,gmina,Książ Wielki,powiat miechowski,26.75%
257,Ludność w wieku 60+,2014,gmina,Miechów,powiat miechowski,24.85%
257,Ludność w wieku 60+,2014,gmina,Racławice,powiat miechowski,25.63%
257,Ludność w wieku 60+,2014,gmina,Słaboszów,powiat miechowski,27.07%
257,Ludność w wieku 60+,2014,powiat,powiat myślenicki,powiat myślenicki,17.47%
257,Ludność w wieku 60+,2014,gmina,Dobczyce,powiat myślenicki,16.20%
257,Ludność w wieku 60+,2014,gmina,Lubień,powiat myślenicki,17.18%
257,Ludność w wieku 60+,2014,gmina,Myślenice,powiat myślenicki,18.63%
257,Ludność w wieku 60+,2014,gmina,Pcim,powiat myślenicki,17.72%
257,Ludność w wieku 60+,2014,gmina,Raciechowice,powiat myślenicki,18.64%
257,Ludność w wieku 60+,2014,gmina,Siepraw,powiat myślenicki,16.78%
257,Ludność w wieku 60+,2014,gmina,Sułkowice,powiat myślenicki,16.57%
257,Ludność w wieku 60+,2014,gmina,Tokarnia,powiat myślenicki,15.22%
257,Ludność w wieku 60+,2014,gmina,Wiśniowa,powiat myślenicki,17.58%
257,Ludność w wieku 60+,2014,powiat,powiat nowosądecki,powiat nowosądecki,16.40%
257,Ludność w wieku 60+,2014,gmina,Podegrodzie,powiat nowosądecki,14.75%
257,Ludność w wieku 60+,2014,gmina,Rytro,powiat nowosądecki,18.06%
257,Ludność w wieku 60+,2014,gmina,Stary Sącz,powiat nowosądecki,16.87%
257,Ludność w wieku 60+,2014,gmina,Chełmiec,powiat nowosądecki,14.42%
257,Ludność w wieku 60+,2014,gmina,Gródek nad Dunajcem,powiat nowosądecki,16.91%
257,Ludność w wieku 60+,2014,gmina,Grybów (miasto),powiat nowosądecki,20.78%
257,Ludność w wieku 60+,2014,gmina,Grybów (wieś),powiat nowosądecki,15.51%
257,Ludność w wieku 60+,2014,gmina,Kamionka Wielka,powiat nowosądecki,14.51%
257,Ludność w wieku 60+,2014,gmina,Korzenna,powiat nowosądecki,15.44%
257,Ludność w wieku 60+,2014,gmina,Krynica-Zdrój,powiat nowosądecki,21.85%
257,Ludność w wieku 60+,2014,gmina,Łabowa,powiat nowosądecki,13.45%
257,Ludność w wieku 60+,2014,gmina,Łącko,powiat nowosądecki,15.46%
257,Ludność w wieku 60+,2014,gmina,Łososina Dolna,powiat nowosądecki,16.15%
257,Ludność w wieku 60+,2014,gmina,Muszyna,powiat nowosądecki,18.76%
257,Ludność w wieku 60+,2014,gmina,Nawojowa,powiat nowosądecki,14.52%
257,Ludność w wieku 60+,2014,gmina,Piwniczna-Zdrój,powiat nowosądecki,17.64%
257,Ludność w wieku 60+,2014,powiat,powiat nowotarski,powiat nowotarski,18.57%
257,Ludność w wieku 60+,2014,gmina,Czarny Dunajec,powiat nowotarski,18.48%
257,Ludność w wieku 60+,2014,gmina,Czorsztyn,powiat nowotarski,17.64%
257,Ludność w wieku 60+,2014,gmina,Jabłonka,powiat nowotarski,15.29%
257,Ludność w wieku 60+,2014,gmina,Krościenko nad Dunajcem,powiat nowotarski,20.07%
257,Ludność w wieku 60+,2014,gmina,Lipnica Wielka,powiat nowotarski,15.03%
257,Ludność w wieku 60+,2014,gmina,Łapsze Niżne,powiat nowotarski,17.98%
257,Ludność w wieku 60+,2014,gmina,Nowy Targ (miasto),powiat nowotarski,21.74%
257,Ludność w wieku 60+,2014,gmina,Nowy Targ (wieś),powiat nowotarski,16.99%
257,Ludność w wieku 60+,2014,gmina,Ochotnica Dolna,powiat nowotarski,15.97%
257,Ludność w wieku 60+,2014,gmina,Raba Wyżna,powiat nowotarski,16.93%
257,Ludność w wieku 60+,2014,gmina,Rabka-Zdrój,powiat nowotarski,22.55%
257,Ludność w wieku 60+,2014,gmina,Spytkowice,powiat nowotarski,16.05%
257,Ludność w wieku 60+,2014,gmina,Szaflary,powiat nowotarski,17.17%
257,Ludność w wieku 60+,2014,gmina,Szczawnica,powiat nowotarski,21.21%
257,Ludność w wieku 60+,2014,powiat,powiat olkuski,powiat olkuski,23.80%
257,Ludność w wieku 60+,2014,gmina,Bolesław,powiat olkuski,25.67%
257,Ludność w wieku 60+,2014,gmina,Bukowno,powiat olkuski,25.54%
257,Ludność w wieku 60+,2014,gmina,Klucze,powiat olkuski,24.36%
257,Ludność w wieku 60+,2014,gmina,Olkusz,powiat olkuski,23.42%
257,Ludność w wieku 60+,2014,gmina,Trzyciąż,powiat olkuski,22.76%
257,Ludność w wieku 60+,2014,gmina,Wolbrom,powiat olkuski,23.16%
257,Ludność w wieku 60+,2014,powiat,powiat oświęcimski,powiat oświęcimski,22.65%
257,Ludność w wieku 60+,2014,gmina,Brzeszcze,powiat oświęcimski,21.88%
257,Ludność w wieku 60+,2014,gmina,Chełmek,powiat oświęcimski,22.97%
257,Ludność w wieku 60+,2014,gmina,Kęty,powiat oświęcimski,21.31%
257,Ludność w wieku 60+,2014,gmina,Osiek,powiat oświęcimski,18.99%
257,Ludność w wieku 60+,2014,gmina,Oświęcim (miasto),powiat oświęcimski,27.19%
257,Ludność w wieku 60+,2014,gmina,Oświęcim (wieś),powiat oświęcimski,20.29%
257,Ludność w wieku 60+,2014,gmina,Polanka Wielka,powiat oświęcimski,19.00%
257,Ludność w wieku 60+,2014,gmina,Przeciszów,powiat oświęcimski,21.43%
257,Ludność w wieku 60+,2014,gmina,Zator,powiat oświęcimski,20.10%
257,Ludność w wieku 60+,2014,powiat,powiat proszowicki,powiat proszowicki,22.43%
257,Ludność w wieku 60+,2014,gmina,Koniusza,powiat proszowicki,20.84%
257,Ludność w wieku 60+,2014,gmina,Koszyce,powiat proszowicki,23.84%
257,Ludność w wieku 60+,2014,gmina,Nowe Brzesko,powiat proszowicki,22.23%
257,Ludność w wieku 60+,2014,gmina,Pałecznica,powiat proszowicki,22.87%
257,Ludność w wieku 60+,2014,gmina,Proszowice,powiat proszowicki,22.63%
257,Ludność w wieku 60+,2014,gmina,Radziemice,powiat proszowicki,23.13%
257,Ludność w wieku 60+,2014,powiat,powiat suski,powiat suski,19.97%
257,Ludność w wieku 60+,2014,gmina,Budzów,powiat suski,17.14%
257,Ludność w wieku 60+,2014,gmina,Bystra-Sidzina,powiat suski,16.83%
257,Ludność w wieku 60+,2014,gmina,Jordanów (miasto),powiat suski,19.89%
257,Ludność w wieku 60+,2014,gmina,Jordanów (wieś),powiat suski,18.09%
257,Ludność w wieku 60+,2014,gmina,Maków Podhalański,powiat suski,21.52%
257,Ludność w wieku 60+,2014,gmina,Stryszawa,powiat suski,20.60%
257,Ludność w wieku 60+,2014,gmina,Sucha Beskidzka,powiat suski,22.65%
257,Ludność w wieku 60+,2014,gmina,Zawoja,powiat suski,20.07%
257,Ludność w wieku 60+,2014,gmina,Zembrzyce,powiat suski,21.43%
257,Ludność w wieku 60+,2014,powiat,powiat tarnowski,powiat tarnowski,18.70%
257,Ludność w wieku 60+,2014,gmina,Ciężkowice,powiat tarnowski,19.42%
257,Ludność w wieku 60+,2014,gmina,Gromnik,powiat tarnowski,17.16%
257,Ludność w wieku 60+,2014,gmina,Lisia Góra,powiat tarnowski,16.43%
257,Ludność w wieku 60+,2014,gmina,Pleśna,powiat tarnowski,18.36%
257,Ludność w wieku 60+,2014,gmina,Radłów,powiat tarnowski,19.90%
257,Ludność w wieku 60+,2014,gmina,Ryglice,powiat tarnowski,18.63%
257,Ludność w wieku 60+,2014,gmina,Rzepiennik Strzyżewski,powiat tarnowski,19.44%
257,Ludność w wieku 60+,2014,gmina,Skrzyszów,powiat tarnowski,17.08%
257,Ludność w wieku 60+,2014,gmina,Szerzyny,powiat tarnowski,20.18%
257,Ludność w wieku 60+,2014,gmina,Tarnów (wieś),powiat tarnowski,18.10%
257,Ludność w wieku 60+,2014,gmina,Tuchów,powiat tarnowski,18.92%
257,Ludność w wieku 60+,2014,gmina,Wierzchosławice,powiat tarnowski,20.33%
257,Ludność w wieku 60+,2014,gmina,Wietrzychowice,powiat tarnowski,22.52%
257,Ludność w wieku 60+,2014,gmina,Wojnicz,powiat tarnowski,18.42%
257,Ludność w wieku 60+,2014,gmina,Zakliczyn,powiat tarnowski,18.88%
257,Ludność w wieku 60+,2014,gmina,Żabno,powiat tarnowski,19.63%
257,Ludność w wieku 60+,2014,powiat,powiat tatrzański,powiat tatrzański,21.16%
257,Ludność w wieku 60+,2014,gmina,Biały Dunajec,powiat tatrzański,18.33%
257,Ludność w wieku 60+,2014,gmina,Bukowina Tatrzańska,powiat tatrzański,18.05%
257,Ludność w wieku 60+,2014,gmina,Kościelisko,powiat tatrzański,18.78%
257,Ludność w wieku 60+,2014,gmina,Poronin,powiat tatrzański,17.35%
257,Ludność w wieku 60+,2014,gmina,Zakopane,powiat tatrzański,25.70%
257,Ludność w wieku 60+,2014,powiat,powiat wadowicki,powiat wadowicki,19.79%
257,Ludność w wieku 60+,2014,gmina,Andrychów,powiat wadowicki,20.62%
257,Ludność w wieku 60+,2014,gmina,Brzeźnica,powiat wadowicki,18.83%
257,Ludność w wieku 60+,2014,gmina,Kalwaria Zebrzydowska,powiat wadowicki,19.47%
257,Ludność w wieku 60+,2014,gmina,Lanckorona,powiat wadowicki,17.48%
257,Ludność w wieku 60+,2014,gmina,Mucharz,powiat wadowicki,19.29%
257,Ludność w wieku 60+,2014,gmina,Spytkowice,powiat wadowicki,18.09%
257,Ludność w wieku 60+,2014,gmina,Stryszów,powiat wadowicki,18.19%
257,Ludność w wieku 60+,2014,gmina,Tomice,powiat wadowicki,17.33%
257,Ludność w wieku 60+,2014,gmina,Wadowice,powiat wadowicki,21.58%
257,Ludność w wieku 60+,2014,gmina,Wieprz,powiat wadowicki,17.80%
257,Ludność w wieku 60+,2014,powiat,powiat wielicki,powiat wielicki,18.59%
257,Ludność w wieku 60+,2014,gmina,Biskupice,powiat wielicki,17.57%
257,Ludność w wieku 60+,2014,gmina,Gdów,powiat wielicki,16.80%
257,Ludność w wieku 60+,2014,gmina,Kłaj,powiat wielicki,19.48%
257,Ludność w wieku 60+,2014,gmina,Niepołomice,powiat wielicki,17.96%
257,Ludność w wieku 60+,2014,gmina,Wieliczka,powiat wielicki,19.45%
257,Ludność w wieku 60+,2013,powiat,powiat bocheński,powiat bocheński,18.55%
257,Ludność w wieku 60+,2013,gmina,Bochnia (miasto),powiat bocheński,21.37%
257,Ludność w wieku 60+,2013,gmina,Bochnia (wieś),powiat bocheński,18.07%
257,Ludność w wieku 60+,2013,gmina,Drwinia,powiat bocheński,20.22%
257,Ludność w wieku 60+,2013,gmina,Lipnica Murowana,powiat bocheński,16.65%
257,Ludność w wieku 60+,2013,gmina,Łapanów,powiat bocheński,16.24%
257,Ludność w wieku 60+,2013,gmina,Nowy Wiśnicz,powiat bocheński,17.33%
257,Ludność w wieku 60+,2013,gmina,Rzezawa,powiat bocheński,16.59%
257,Ludność w wieku 60+,2013,gmina,Trzciana,powiat bocheński,17.05%
257,Ludność w wieku 60+,2013,gmina,Żegocina,powiat bocheński,16.33%
257,Ludność w wieku 60+,2013,powiat,powiat brzeski,powiat brzeski,18.80%
257,Ludność w wieku 60+,2013,gmina,Borzęcin,powiat brzeski,19.07%
257,Ludność w wieku 60+,2013,gmina,Brzesko,powiat brzeski,19.38%
257,Ludność w wieku 60+,2013,gmina,Czchów,powiat brzeski,17.52%
257,Ludność w wieku 60+,2013,gmina,Dębno,powiat brzeski,17.85%
257,Ludność w wieku 60+,2013,gmina,Gnojnik,powiat brzeski,16.82%
257,Ludność w wieku 60+,2013,gmina,Iwkowa,powiat brzeski,18.26%
257,Ludność w wieku 60+,2013,gmina,Szczurowa,powiat brzeski,21.00%
257,Ludność w wieku 60+,2013,powiat,powiat chrzanowski,powiat chrzanowski,22.85%
257,Ludność w wieku 60+,2013,gmina,Alwernia,powiat chrzanowski,21.64%
257,Ludność w wieku 60+,2013,gmina,Babice,powiat chrzanowski,21.44%
257,Ludność w wieku 60+,2013,gmina,Chrzanów,powiat chrzanowski,24.59%
257,Ludność w wieku 60+,2013,gmina,Libiąż,powiat chrzanowski,20.77%
257,Ludność w wieku 60+,2013,gmina,Trzebinia,powiat chrzanowski,22.61%
257,Ludność w wieku 60+,2013,powiat,powiat dąbrowski,powiat dąbrowski,19.27%
257,Ludność w wieku 60+,2013,gmina,Bolesław,powiat dąbrowski,22.13%
257,Ludność w wieku 60+,2013,gmina,Dąbrowa Tarnowska,powiat dąbrowski,18.63%
257,Ludność w wieku 60+,2013,gmina,Gręboszów,powiat dąbrowski,22.82%
257,Ludność w wieku 60+,2013,gmina,Mędrzechów,powiat dąbrowski,21.84%
257,Ludność w wieku 60+,2013,gmina,Olesno,powiat dąbrowski,18.32%
257,Ludność w wieku 60+,2013,gmina,Radgoszcz,powiat dąbrowski,18.40%
257,Ludność w wieku 60+,2013,gmina,Szczucin,powiat dąbrowski,19.11%
257,Ludność w wieku 60+,2013,powiat,powiat gorlicki,powiat gorlicki,19.66%
257,Ludność w wieku 60+,2013,gmina,Biecz,powiat gorlicki,20.51%
257,Ludność w wieku 60+,2013,gmina,Bobowa,powiat gorlicki,15.98%
257,Ludność w wieku 60+,2013,gmina,Gorlice (miasto),powiat gorlicki,22.89%
257,Ludność w wieku 60+,2013,gmina,Gorlice (wieś),powiat gorlicki,18.96%
257,Ludność w wieku 60+,2013,gmina,Lipinki,powiat gorlicki,20.31%
257,Ludność w wieku 60+,2013,gmina,Łużna,powiat gorlicki,17.87%
257,Ludność w wieku 60+,2013,gmina,Moszczenica,powiat gorlicki,18.06%
257,Ludność w wieku 60+,2013,gmina,Ropa,powiat gorlicki,16.31%
257,Ludność w wieku 60+,2013,gmina,Sękowa,powiat gorlicki,19.70%
257,Ludność w wieku 60+,2013,gmina,Uście Gorlickie,powiat gorlicki,16.30%
257,Ludność w wieku 60+,2013,powiat,powiat krakowski,powiat krakowski,19.50%
257,Ludność w wieku 60+,2013,gmina,Czernichów,powiat krakowski,18.21%
257,Ludność w wieku 60+,2013,gmina,Igołomia-Wawrzeńczyce,powiat krakowski,20.25%
257,Ludność w wieku 60+,2013,gmina,Iwanowice,powiat krakowski,19.85%
257,Ludność w wieku 60+,2013,gmina,Jerzmanowice-Przeginia,powiat krakowski,20.49%
257,Ludność w wieku 60+,2013,gmina,Kocmyrzów-Luborzyca,powiat krakowski,18.60%
257,Ludność w wieku 60+,2013,gmina,Krzeszowice,powiat krakowski,22.89%
257,Ludność w wieku 60+,2013,gmina,Liszki,powiat krakowski,17.18%
257,Ludność w wieku 60+,2013,gmina,Michałowice,powiat krakowski,17.00%
257,Ludność w wieku 60+,2013,gmina,Mogilany,powiat krakowski,16.94%
257,Ludność w wieku 60+,2013,gmina,Skała,powiat krakowski,20.23%
257,Ludność w wieku 60+,2013,gmina,Skawina,powiat krakowski,19.84%
257,Ludność w wieku 60+,2013,gmina,Słomniki,powiat krakowski,21.05%
257,Ludność w wieku 60+,2013,gmina,Sułoszowa,powiat krakowski,21.50%
257,Ludność w wieku 60+,2013,gmina,Świątniki Górne,powiat krakowski,16.61%
257,Ludność w wieku 60+,2013,gmina,Wielka Wieś,powiat krakowski,17.92%
257,Ludność w wieku 60+,2013,gmina,Zabierzów,powiat krakowski,20.99%
257,Ludność w wieku 60+,2013,gmina,Zielonki,powiat krakowski,17.01%
257,Ludność w wieku 60+,2013,powiat,powiat limanowski,powiat limanowski,16.55%
257,Ludność w wieku 60+,2013,gmina,Dobra,powiat limanowski,17.80%
257,Ludność w wieku 60+,2013,gmina,Jodłownik,powiat limanowski,18.27%
257,Ludność w wieku 60+,2013,gmina,Kamienica,powiat limanowski,15.15%
257,Ludność w wieku 60+,2013,gmina,Laskowa,powiat limanowski,15.45%
257,Ludność w wieku 60+,2013,gmina,Limanowa (miasto),powiat limanowski,19.87%
257,Ludność w wieku 60+,2013,gmina,Limanowa (wieś),powiat limanowski,15.13%
257,Ludność w wieku 60+,2013,gmina,Łukowica,powiat limanowski,16.43%
257,Ludność w wieku 60+,2013,gmina,Mszana Dolna (miasto),powiat limanowski,19.61%
257,Ludność w wieku 60+,2013,gmina,Mszana Dolna (wieś),powiat limanowski,16.56%
257,Ludność w wieku 60+,2013,gmina,Niedźwiedź,powiat limanowski,14.04%
257,Ludność w wieku 60+,2013,gmina,Słopnice,powiat limanowski,12.58%
257,Ludność w wieku 60+,2013,gmina,Tymbark,powiat limanowski,16.18%
257,Ludność w wieku 60+,2013,powiat,powiat m. Kraków,powiat m. Kraków,24.08%
257,Ludność w wieku 60+,2013,powiat,powiat m. Nowy Sącz,powiat m. Nowy Sącz,20.81%
257,Ludność w wieku 60+,2013,powiat,powiat m. Tarnów,powiat m. Tarnów,24.01%
257,Ludność w wieku 60+,2013,powiat,powiat miechowski,powiat miechowski,24.77%
257,Ludność w wieku 60+,2013,gmina,Charsznica,powiat miechowski,25.26%
257,Ludność w wieku 60+,2013,gmina,Gołcza,powiat miechowski,23.44%
257,Ludność w wieku 60+,2013,gmina,Kozłów,powiat miechowski,24.42%
257,Ludność w wieku 60+,2013,gmina,Książ Wielki,powiat miechowski,26.34%
257,Ludność w wieku 60+,2013,gmina,Miechów,powiat miechowski,24.22%
257,Ludność w wieku 60+,2013,gmina,Racławice,powiat miechowski,25.57%
257,Ludność w wieku 60+,2013,gmina,Słaboszów,powiat miechowski,26.60%
257,Ludność w wieku 60+,2013,powiat,powiat myślenicki,powiat myślenicki,17.05%
257,Ludność w wieku 60+,2013,gmina,Dobczyce,powiat myślenicki,15.77%
257,Ludność w wieku 60+,2013,gmina,Lubień,powiat myślenicki,16.75%
257,Ludność w wieku 60+,2013,gmina,Myślenice,powiat myślenicki,18.17%
257,Ludność w wieku 60+,2013,gmina,Pcim,powiat myślenicki,17.11%
257,Ludność w wieku 60+,2013,gmina,Raciechowice,powiat myślenicki,18.28%
257,Ludność w wieku 60+,2013,gmina,Siepraw,powiat myślenicki,16.40%
257,Ludność w wieku 60+,2013,gmina,Sułkowice,powiat myślenicki,15.97%
257,Ludność w wieku 60+,2013,gmina,Tokarnia,powiat myślenicki,15.12%
257,Ludność w wieku 60+,2013,gmina,Wiśniowa,powiat myślenicki,17.50%
257,Ludność w wieku 60+,2013,powiat,powiat nowosądecki,powiat nowosądecki,16.06%
257,Ludność w wieku 60+,2013,gmina,Podegrodzie,powiat nowosądecki,14.58%
257,Ludność w wieku 60+,2013,gmina,Rytro,powiat nowosądecki,17.41%
257,Ludność w wieku 60+,2013,gmina,Stary Sącz,powiat nowosądecki,16.36%
257,Ludność w wieku 60+,2013,gmina,Chełmiec,powiat nowosądecki,14.09%
257,Ludność w wieku 60+,2013,gmina,Gródek nad Dunajcem,powiat nowosądecki,16.68%
257,Ludność w wieku 60+,2013,gmina,Grybów (miasto),powiat nowosądecki,20.33%
257,Ludność w wieku 60+,2013,gmina,Grybów (wieś),powiat nowosądecki,15.31%
257,Ludność w wieku 60+,2013,gmina,Kamionka Wielka,powiat nowosądecki,14.21%
257,Ludność w wieku 60+,2013,gmina,Korzenna,powiat nowosądecki,15.23%
257,Ludność w wieku 60+,2013,gmina,Krynica-Zdrój,powiat nowosądecki,21.25%
257,Ludność w wieku 60+,2013,gmina,Łabowa,powiat nowosądecki,13.00%
257,Ludność w wieku 60+,2013,gmina,Łącko,powiat nowosądecki,15.29%
257,Ludność w wieku 60+,2013,gmina,Łososina Dolna,powiat nowosądecki,15.95%
257,Ludność w wieku 60+,2013,gmina,Muszyna,powiat nowosądecki,18.06%
257,Ludność w wieku 60+,2013,gmina,Nawojowa,powiat nowosądecki,14.15%
257,Ludność w wieku 60+,2013,gmina,Piwniczna-Zdrój,powiat nowosądecki,17.14%
257,Ludność w wieku 60+,2013,powiat,powiat nowotarski,powiat nowotarski,18.10%
257,Ludność w wieku 60+,2013,gmina,Czarny Dunajec,powiat nowotarski,17.95%
257,Ludność w wieku 60+,2013,gmina,Czorsztyn,powiat nowotarski,17.28%
257,Ludność w wieku 60+,2013,gmina,Jabłonka,powiat nowotarski,15.07%
257,Ludność w wieku 60+,2013,gmina,Krościenko nad Dunajcem,powiat nowotarski,19.56%
257,Ludność w wieku 60+,2013,gmina,Lipnica Wielka,powiat nowotarski,14.92%
257,Ludność w wieku 60+,2013,gmina,Łapsze Niżne,powiat nowotarski,17.72%
257,Ludność w wieku 60+,2013,gmina,Nowy Targ (miasto),powiat nowotarski,21.09%
257,Ludność w wieku 60+,2013,gmina,Nowy Targ (wieś),powiat nowotarski,16.56%
257,Ludność w wieku 60+,2013,gmina,Ochotnica Dolna,powiat nowotarski,15.56%
257,Ludność w wieku 60+,2013,gmina,Raba Wyżna,powiat nowotarski,16.42%
257,Ludność w wieku 60+,2013,gmina,Rabka-Zdrój,powiat nowotarski,21.81%
257,Ludność w wieku 60+,2013,gmina,Spytkowice,powiat nowotarski,15.87%
257,Ludność w wieku 60+,2013,gmina,Szaflary,powiat nowotarski,16.67%
257,Ludność w wieku 60+,2013,gmina,Szczawnica,powiat nowotarski,20.46%
257,Ludność w wieku 60+,2013,powiat,powiat olkuski,powiat olkuski,23.10%
257,Ludność w wieku 60+,2013,gmina,Bolesław,powiat olkuski,25.04%
257,Ludność w wieku 60+,2013,gmina,Bukowno,powiat olkuski,24.59%
257,Ludność w wieku 60+,2013,gmina,Klucze,powiat olkuski,23.53%
257,Ludność w wieku 60+,2013,gmina,Olkusz,powiat olkuski,22.54%
257,Ludność w wieku 60+,2013,gmina,Trzyciąż,powiat olkuski,22.65%
257,Ludność w wieku 60+,2013,gmina,Wolbrom,powiat olkuski,22.84%
257,Ludność w wieku 60+,2013,powiat,powiat oświęcimski,powiat oświęcimski,22.01%
257,Ludność w wieku 60+,2013,gmina,Brzeszcze,powiat oświęcimski,21.04%
257,Ludność w wieku 60+,2013,gmina,Chełmek,powiat oświęcimski,22.41%
257,Ludność w wieku 60+,2013,gmina,Kęty,powiat oświęcimski,20.60%
257,Ludność w wieku 60+,2013,gmina,Osiek,powiat oświęcimski,18.58%
257,Ludność w wieku 60+,2013,gmina,Oświęcim (miasto),powiat oświęcimski,26.37%
257,Ludność w wieku 60+,2013,gmina,Oświęcim (wieś),powiat oświęcimski,19.96%
257,Ludność w wieku 60+,2013,gmina,Polanka Wielka,powiat oświęcimski,18.70%
257,Ludność w wieku 60+,2013,gmina,Przeciszów,powiat oświęcimski,20.81%
257,Ludność w wieku 60+,2013,gmina,Zator,powiat oświęcimski,19.58%
257,Ludność w wieku 60+,2013,powiat,powiat proszowicki,powiat proszowicki,21.90%
257,Ludność w wieku 60+,2013,gmina,Koniusza,powiat proszowicki,20.48%
257,Ludność w wieku 60+,2013,gmina,Koszyce,powiat proszowicki,23.46%
257,Ludność w wieku 60+,2013,gmina,Nowe Brzesko,powiat proszowicki,21.68%
257,Ludność w wieku 60+,2013,gmina,Pałecznica,powiat proszowicki,22.08%
257,Ludność w wieku 60+,2013,gmina,Proszowice,powiat proszowicki,22.02%
257,Ludność w wieku 60+,2013,gmina,Radziemice,powiat proszowicki,22.65%
257,Ludność w wieku 60+,2013,powiat,powiat suski,powiat suski,19.51%
257,Ludność w wieku 60+,2013,gmina,Budzów,powiat suski,16.73%
257,Ludność w wieku 60+,2013,gmina,Bystra-Sidzina,powiat suski,16.64%
257,Ludność w wieku 60+,2013,gmina,Jordanów (miasto),powiat suski,19.13%
257,Ludność w wieku 60+,2013,gmina,Jordanów (wieś),powiat suski,17.80%
257,Ludność w wieku 60+,2013,gmina,Maków Podhalański,powiat suski,21.02%
257,Ludność w wieku 60+,2013,gmina,Stryszawa,powiat suski,20.13%
257,Ludność w wieku 60+,2013,gmina,Sucha Beskidzka,powiat suski,21.82%
257,Ludność w wieku 60+,2013,gmina,Zawoja,powiat suski,19.52%
257,Ludność w wieku 60+,2013,gmina,Zembrzyce,powiat suski,21.31%
257,Ludność w wieku 60+,2013,powiat,powiat tarnowski,powiat tarnowski,18.31%
257,Ludność w wieku 60+,2013,gmina,Ciężkowice,powiat tarnowski,18.99%
257,Ludność w wieku 60+,2013,gmina,Gromnik,powiat tarnowski,16.97%
257,Ludność w wieku 60+,2013,gmina,Lisia Góra,powiat tarnowski,16.04%
257,Ludność w wieku 60+,2013,gmina,Pleśna,powiat tarnowski,17.98%
257,Ludność w wieku 60+,2013,gmina,Radłów,powiat tarnowski,19.31%
257,Ludność w wieku 60+,2013,gmina,Ryglice,powiat tarnowski,18.47%
257,Ludność w wieku 60+,2013,gmina,Rzepiennik Strzyżewski,powiat tarnowski,19.32%
257,Ludność w wieku 60+,2013,gmina,Skrzyszów,powiat tarnowski,16.52%
257,Ludność w wieku 60+,2013,gmina,Szerzyny,powiat tarnowski,20.09%
257,Ludność w wieku 60+,2013,gmina,Tarnów (wieś),powiat tarnowski,17.59%
257,Ludność w wieku 60+,2013,gmina,Tuchów,powiat tarnowski,18.72%
257,Ludność w wieku 60+,2013,gmina,Wierzchosławice,powiat tarnowski,19.72%
257,Ludność w wieku 60+,2013,gmina,Wietrzychowice,powiat tarnowski,21.96%
257,Ludność w wieku 60+,2013,gmina,Wojnicz,powiat tarnowski,17.91%
257,Ludność w wieku 60+,2013,gmina,Zakliczyn,powiat tarnowski,18.57%
257,Ludność w wieku 60+,2013,gmina,Żabno,powiat tarnowski,19.16%
257,Ludność w wieku 60+,2013,powiat,powiat tatrzański,powiat tatrzański,20.61%
257,Ludność w wieku 60+,2013,gmina,Biały Dunajec,powiat tatrzański,17.90%
257,Ludność w wieku 60+,2013,gmina,Bukowina Tatrzańska,powiat tatrzański,17.91%
257,Ludność w wieku 60+,2013,gmina,Kościelisko,powiat tatrzański,18.32%
257,Ludność w wieku 60+,2013,gmina,Poronin,powiat tatrzański,16.87%
257,Ludność w wieku 60+,2013,gmina,Zakopane,powiat tatrzański,24.82%
257,Ludność w wieku 60+,2013,powiat,powiat wadowicki,powiat wadowicki,19.22%
257,Ludność w wieku 60+,2013,gmina,Andrychów,powiat wadowicki,19.87%
257,Ludność w wieku 60+,2013,gmina,Brzeźnica,powiat wadowicki,18.65%
257,Ludność w wieku 60+,2013,gmina,Kalwaria Zebrzydowska,powiat wadowicki,18.79%
257,Ludność w wieku 60+,2013,gmina,Lanckorona,powiat wadowicki,16.84%
257,Ludność w wieku 60+,2013,gmina,Mucharz,powiat wadowicki,18.94%
257,Ludność w wieku 60+,2013,gmina,Spytkowice,powiat wadowicki,17.71%
257,Ludność w wieku 60+,2013,gmina,Stryszów,powiat wadowicki,17.88%
257,Ludność w wieku 60+,2013,gmina,Tomice,powiat wadowicki,16.93%
257,Ludność w wieku 60+,2013,gmina,Wadowice,powiat wadowicki,20.96%
257,Ludność w wieku 60+,2013,gmina,Wieprz,powiat wadowicki,17.44%
257,Ludność w wieku 60+,2013,powiat,powiat wielicki,powiat wielicki,18.05%
257,Ludność w wieku 60+,2013,gmina,Biskupice,powiat wielicki,17.04%
257,Ludność w wieku 60+,2013,gmina,Gdów,powiat wielicki,16.27%
257,Ludność w wieku 60+,2013,gmina,Kłaj,powiat wielicki,18.83%
257,Ludność w wieku 60+,2013,gmina,Niepołomice,powiat wielicki,17.53%
257,Ludność w wieku 60+,2013,gmina,Wieliczka,powiat wielicki,18.88%
257,Ludność w wieku 60+,2012,powiat,powiat bocheński,powiat bocheński,18.08%
257,Ludność w wieku 60+,2012,gmina,Bochnia (miasto),powiat bocheński,20.37%
257,Ludność w wieku 60+,2012,gmina,Bochnia (wieś),powiat bocheński,17.77%
257,Ludność w wieku 60+,2012,gmina,Drwinia,powiat bocheński,19.90%
257,Ludność w wieku 60+,2012,gmina,Lipnica Murowana,powiat bocheński,16.69%
257,Ludność w wieku 60+,2012,gmina,Łapanów,powiat bocheński,16.25%
257,Ludność w wieku 60+,2012,gmina,Nowy Wiśnicz,powiat bocheński,17.02%
257,Ludność w wieku 60+,2012,gmina,Rzezawa,powiat bocheński,16.29%
257,Ludność w wieku 60+,2012,gmina,Trzciana,powiat bocheński,16.67%
257,Ludność w wieku 60+,2012,gmina,Żegocina,powiat bocheński,15.79%
257,Ludność w wieku 60+,2012,powiat,powiat brzeski,powiat brzeski,18.30%
257,Ludność w wieku 60+,2012,gmina,Borzęcin,powiat brzeski,18.62%
257,Ludność w wieku 60+,2012,gmina,Brzesko,powiat brzeski,18.60%
257,Ludność w wieku 60+,2012,gmina,Czchów,powiat brzeski,17.26%
257,Ludność w wieku 60+,2012,gmina,Dębno,powiat brzeski,17.27%
257,Ludność w wieku 60+,2012,gmina,Gnojnik,powiat brzeski,16.78%
257,Ludność w wieku 60+,2012,gmina,Iwkowa,powiat brzeski,18.08%
257,Ludność w wieku 60+,2012,gmina,Szczurowa,powiat brzeski,20.82%
257,Ludność w wieku 60+,2012,powiat,powiat chrzanowski,powiat chrzanowski,22.18%
257,Ludność w wieku 60+,2012,gmina,Alwernia,powiat chrzanowski,21.26%
257,Ludność w wieku 60+,2012,gmina,Babice,powiat chrzanowski,21.06%
257,Ludność w wieku 60+,2012,gmina,Chrzanów,powiat chrzanowski,23.78%
257,Ludność w wieku 60+,2012,gmina,Libiąż,powiat chrzanowski,19.83%
257,Ludność w wieku 60+,2012,gmina,Trzebinia,powiat chrzanowski,22.11%
257,Ludność w wieku 60+,2012,powiat,powiat dąbrowski,powiat dąbrowski,18.83%
257,Ludność w wieku 60+,2012,gmina,Bolesław,powiat dąbrowski,22.08%
257,Ludność w wieku 60+,2012,gmina,Dąbrowa Tarnowska,powiat dąbrowski,17.94%
257,Ludność w wieku 60+,2012,gmina,Gręboszów,powiat dąbrowski,22.94%
257,Ludność w wieku 60+,2012,gmina,Mędrzechów,powiat dąbrowski,21.70%
257,Ludność w wieku 60+,2012,gmina,Olesno,powiat dąbrowski,17.80%
257,Ludność w wieku 60+,2012,gmina,Radgoszcz,powiat dąbrowski,17.90%
257,Ludność w wieku 60+,2012,gmina,Szczucin,powiat dąbrowski,18.84%
257,Ludność w wieku 60+,2012,powiat,powiat gorlicki,powiat gorlicki,19.22%
257,Ludność w wieku 60+,2012,gmina,Biecz,powiat gorlicki,20.10%
257,Ludność w wieku 60+,2012,gmina,Bobowa,powiat gorlicki,15.72%
257,Ludność w wieku 60+,2012,gmina,Gorlice (miasto),powiat gorlicki,21.89%
257,Ludność w wieku 60+,2012,gmina,Gorlice (wieś),powiat gorlicki,18.77%
257,Ludność w wieku 60+,2012,gmina,Lipinki,powiat gorlicki,20.02%
257,Ludność w wieku 60+,2012,gmina,Łużna,powiat gorlicki,17.67%
257,Ludność w wieku 60+,2012,gmina,Moszczenica,powiat gorlicki,17.81%
257,Ludność w wieku 60+,2012,gmina,Ropa,powiat gorlicki,16.08%
257,Ludność w wieku 60+,2012,gmina,Sękowa,powiat gorlicki,19.63%
257,Ludność w wieku 60+,2012,gmina,Uście Gorlickie,powiat gorlicki,16.04%
257,Ludność w wieku 60+,2012,powiat,powiat krakowski,powiat krakowski,19.00%
257,Ludność w wieku 60+,2012,gmina,Czernichów,powiat krakowski,17.79%
257,Ludność w wieku 60+,2012,gmina,Igołomia-Wawrzeńczyce,powiat krakowski,19.30%
257,Ludność w wieku 60+,2012,gmina,Iwanowice,powiat krakowski,19.63%
257,Ludność w wieku 60+,2012,gmina,Jerzmanowice-Przeginia,powiat krakowski,19.93%
257,Ludność w wieku 60+,2012,gmina,Kocmyrzów-Luborzyca,powiat krakowski,18.27%
257,Ludność w wieku 60+,2012,gmina,Krzeszowice,powiat krakowski,22.34%
257,Ludność w wieku 60+,2012,gmina,Liszki,powiat krakowski,16.73%
257,Ludność w wieku 60+,2012,gmina,Michałowice,powiat krakowski,16.44%
257,Ludność w wieku 60+,2012,gmina,Mogilany,powiat krakowski,16.51%
257,Ludność w wieku 60+,2012,gmina,Skała,powiat krakowski,19.76%
257,Ludność w wieku 60+,2012,gmina,Skawina,powiat krakowski,19.18%
257,Ludność w wieku 60+,2012,gmina,Słomniki,powiat krakowski,20.42%
257,Ludność w wieku 60+,2012,gmina,Sułoszowa,powiat krakowski,21.01%
257,Ludność w wieku 60+,2012,gmina,Świątniki Górne,powiat krakowski,16.12%
257,Ludność w wieku 60+,2012,gmina,Wielka Wieś,powiat krakowski,17.53%
257,Ludność w wieku 60+,2012,gmina,Zabierzów,powiat krakowski,20.45%
257,Ludność w wieku 60+,2012,gmina,Zielonki,powiat krakowski,16.72%
257,Ludność w wieku 60+,2012,powiat,powiat limanowski,powiat limanowski,16.20%
257,Ludność w wieku 60+,2012,gmina,Dobra,powiat limanowski,17.46%
257,Ludność w wieku 60+,2012,gmina,Jodłownik,powiat limanowski,17.75%
257,Ludność w wieku 60+,2012,gmina,Kamienica,powiat limanowski,14.90%
257,Ludność w wieku 60+,2012,gmina,Laskowa,powiat limanowski,15.42%
257,Ludność w wieku 60+,2012,gmina,Limanowa (miasto),powiat limanowski,19.09%
257,Ludność w wieku 60+,2012,gmina,Limanowa (wieś),powiat limanowski,14.89%
257,Ludność w wieku 60+,2012,gmina,Łukowica,powiat limanowski,16.00%
257,Ludność w wieku 60+,2012,gmina,Mszana Dolna (miasto),powiat limanowski,18.84%
257,Ludność w wieku 60+,2012,gmina,Mszana Dolna (wieś),powiat limanowski,16.46%
257,Ludność w wieku 60+,2012,gmina,Niedźwiedź,powiat limanowski,13.74%
257,Ludność w wieku 60+,2012,gmina,Słopnice,powiat limanowski,12.73%
257,Ludność w wieku 60+,2012,gmina,Tymbark,powiat limanowski,15.57%
257,Ludność w wieku 60+,2012,powiat,powiat m. Kraków,powiat m. Kraków,23.45%
257,Ludność w wieku 60+,2012,powiat,powiat m. Nowy Sącz,powiat m. Nowy Sącz,20.11%
257,Ludność w wieku 60+,2012,powiat,powiat m. Tarnów,powiat m. Tarnów,23.14%
257,Ludność w wieku 60+,2012,powiat,powiat miechowski,powiat miechowski,24.17%
257,Ludność w wieku 60+,2012,gmina,Charsznica,powiat miechowski,24.45%
257,Ludność w wieku 60+,2012,gmina,Gołcza,powiat miechowski,23.01%
257,Ludność w wieku 60+,2012,gmina,Kozłów,powiat miechowski,24.47%
257,Ludność w wieku 60+,2012,gmina,Książ Wielki,powiat miechowski,25.99%
257,Ludność w wieku 60+,2012,gmina,Miechów,powiat miechowski,23.55%
257,Ludność w wieku 60+,2012,gmina,Racławice,powiat miechowski,24.83%
257,Ludność w wieku 60+,2012,gmina,Słaboszów,powiat miechowski,25.46%
257,Ludność w wieku 60+,2012,powiat,powiat myślenicki,powiat myślenicki,16.55%
257,Ludność w wieku 60+,2012,gmina,Dobczyce,powiat myślenicki,15.29%
257,Ludność w wieku 60+,2012,gmina,Lubień,powiat myślenicki,16.32%
257,Ludność w wieku 60+,2012,gmina,Myślenice,powiat myślenicki,17.64%
257,Ludność w wieku 60+,2012,gmina,Pcim,powiat myślenicki,16.80%
257,Ludność w wieku 60+,2012,gmina,Raciechowice,powiat myślenicki,18.00%
257,Ludność w wieku 60+,2012,gmina,Siepraw,powiat myślenicki,15.82%
257,Ludność w wieku 60+,2012,gmina,Sułkowice,powiat myślenicki,15.39%
257,Ludność w wieku 60+,2012,gmina,Tokarnia,powiat myślenicki,14.59%
257,Ludność w wieku 60+,2012,gmina,Wiśniowa,powiat myślenicki,16.92%
257,Ludność w wieku 60+,2012,powiat,powiat nowosądecki,powiat nowosądecki,15.78%
257,Ludność w wieku 60+,2012,gmina,Podegrodzie,powiat nowosądecki,14.42%
257,Ludność w wieku 60+,2012,gmina,Rytro,powiat nowosądecki,16.84%
257,Ludność w wieku 60+,2012,gmina,Stary Sącz,powiat nowosądecki,15.92%
257,Ludność w wieku 60+,2012,gmina,Chełmiec,powiat nowosądecki,13.85%
257,Ludność w wieku 60+,2012,gmina,Gródek nad Dunajcem,powiat nowosądecki,16.42%
257,Ludność w wieku 60+,2012,gmina,Grybów (miasto),powiat nowosądecki,19.98%
257,Ludność w wieku 60+,2012,gmina,Grybów (wieś),powiat nowosądecki,15.13%
257,Ludność w wieku 60+,2012,gmina,Kamionka Wielka,powiat nowosądecki,14.19%
257,Ludność w wieku 60+,2012,gmina,Korzenna,powiat nowosądecki,15.18%
257,Ludność w wieku 60+,2012,gmina,Krynica-Zdrój,powiat nowosądecki,20.53%
257,Ludność w wieku 60+,2012,gmina,Łabowa,powiat nowosądecki,12.78%
257,Ludność w wieku 60+,2012,gmina,Łącko,powiat nowosądecki,15.15%
257,Ludność w wieku 60+,2012,gmina,Łososina Dolna,powiat nowosądecki,15.73%
257,Ludność w wieku 60+,2012,gmina,Muszyna,powiat nowosądecki,17.41%
257,Ludność w wieku 60+,2012,gmina,Nawojowa,powiat nowosądecki,13.97%
257,Ludność w wieku 60+,2012,gmina,Piwniczna-Zdrój,powiat nowosądecki,16.99%
257,Ludność w wieku 60+,2012,powiat,powiat nowotarski,powiat nowotarski,17.66%
257,Ludność w wieku 60+,2012,gmina,Czarny Dunajec,powiat nowotarski,17.46%
257,Ludność w wieku 60+,2012,gmina,Czorsztyn,powiat nowotarski,16.89%
257,Ludność w wieku 60+,2012,gmina,Jabłonka,powiat nowotarski,14.99%
257,Ludność w wieku 60+,2012,gmina,Krościenko nad Dunajcem,powiat nowotarski,19.31%
257,Ludność w wieku 60+,2012,gmina,Lipnica Wielka,powiat nowotarski,14.53%
257,Ludność w wieku 60+,2012,gmina,Łapsze Niżne,powiat nowotarski,17.16%
257,Ludność w wieku 60+,2012,gmina,Nowy Targ (miasto),powiat nowotarski,20.17%
257,Ludność w wieku 60+,2012,gmina,Nowy Targ (wieś),powiat nowotarski,16.27%
257,Ludność w wieku 60+,2012,gmina,Ochotnica Dolna,powiat nowotarski,15.57%
257,Ludność w wieku 60+,2012,gmina,Raba Wyżna,powiat nowotarski,16.16%
257,Ludność w wieku 60+,2012,gmina,Rabka-Zdrój,powiat nowotarski,21.17%
257,Ludność w wieku 60+,2012,gmina,Spytkowice,powiat nowotarski,15.49%
257,Ludność w wieku 60+,2012,gmina,Szaflary,powiat nowotarski,16.35%
257,Ludność w wieku 60+,2012,gmina,Szczawnica,powiat nowotarski,20.28%
257,Ludność w wieku 60+,2012,powiat,powiat olkuski,powiat olkuski,22.22%
257,Ludność w wieku 60+,2012,gmina,Bolesław,powiat olkuski,24.35%
257,Ludność w wieku 60+,2012,gmina,Bukowno,powiat olkuski,23.69%
257,Ludność w wieku 60+,2012,gmina,Klucze,powiat olkuski,22.89%
257,Ludność w wieku 60+,2012,gmina,Olkusz,powiat olkuski,21.36%
257,Ludność w wieku 60+,2012,gmina,Trzyciąż,powiat olkuski,22.26%
257,Ludność w wieku 60+,2012,gmina,Wolbrom,powiat olkuski,22.24%
257,Ludność w wieku 60+,2012,powiat,powiat oświęcimski,powiat oświęcimski,21.45%
257,Ludność w wieku 60+,2012,gmina,Brzeszcze,powiat oświęcimski,20.20%
257,Ludność w wieku 60+,2012,gmina,Chełmek,powiat oświęcimski,21.56%
257,Ludność w wieku 60+,2012,gmina,Kęty,powiat oświęcimski,20.02%
257,Ludność w wieku 60+,2012,gmina,Osiek,powiat oświęcimski,18.54%
257,Ludność w wieku 60+,2012,gmina,Oświęcim (miasto),powiat oświęcimski,25.80%
257,Ludność w wieku 60+,2012,gmina,Oświęcim (wieś),powiat oświęcimski,19.49%
257,Ludność w wieku 60+,2012,gmina,Polanka Wielka,powiat oświęcimski,18.67%
257,Ludność w wieku 60+,2012,gmina,Przeciszów,powiat oświęcimski,20.31%
257,Ludność w wieku 60+,2012,gmina,Zator,powiat oświęcimski,19.25%
257,Ludność w wieku 60+,2012,powiat,powiat proszowicki,powiat proszowicki,21.34%
257,Ludność w wieku 60+,2012,gmina,Koniusza,powiat proszowicki,19.88%
257,Ludność w wieku 60+,2012,gmina,Koszyce,powiat proszowicki,23.06%
257,Ludność w wieku 60+,2012,gmina,Nowe Brzesko,powiat proszowicki,20.84%
257,Ludność w wieku 60+,2012,gmina,Pałecznica,powiat proszowicki,21.85%
257,Ludność w wieku 60+,2012,gmina,Proszowice,powiat proszowicki,21.43%
257,Ludność w wieku 60+,2012,gmina,Radziemice,powiat proszowicki,22.13%
257,Ludność w wieku 60+,2012,powiat,powiat suski,powiat suski,19.15%
257,Ludność w wieku 60+,2012,gmina,Budzów,powiat suski,16.48%
257,Ludność w wieku 60+,2012,gmina,Bystra-Sidzina,powiat suski,16.50%
257,Ludność w wieku 60+,2012,gmina,Jordanów (miasto),powiat suski,18.11%
257,Ludność w wieku 60+,2012,gmina,Jordanów (wieś),powiat suski,17.55%
257,Ludność w wieku 60+,2012,gmina,Maków Podhalański,powiat suski,20.76%
257,Ludność w wieku 60+,2012,gmina,Stryszawa,powiat suski,19.85%
257,Ludność w wieku 60+,2012,gmina,Sucha Beskidzka,powiat suski,21.15%
257,Ludność w wieku 60+,2012,gmina,Zawoja,powiat suski,19.19%
257,Ludność w wieku 60+,2012,gmina,Zembrzyce,powiat suski,20.90%
257,Ludność w wieku 60+,2012,powiat,powiat tarnowski,powiat tarnowski,17.96%
257,Ludność w wieku 60+,2012,gmina,Ciężkowice,powiat tarnowski,18.41%
257,Ludność w wieku 60+,2012,gmina,Gromnik,powiat tarnowski,16.64%
257,Ludność w wieku 60+,2012,gmina,Lisia Góra,powiat tarnowski,15.77%
257,Ludność w wieku 60+,2012,gmina,Pleśna,powiat tarnowski,17.58%
257,Ludność w wieku 60+,2012,gmina,Radłów,powiat tarnowski,18.70%
257,Ludność w wieku 60+,2012,gmina,Ryglice,powiat tarnowski,18.38%
257,Ludność w wieku 60+,2012,gmina,Rzepiennik Strzyżewski,powiat tarnowski,19.27%
257,Ludność w wieku 60+,2012,gmina,Skrzyszów,powiat tarnowski,16.13%
257,Ludność w wieku 60+,2012,gmina,Szerzyny,powiat tarnowski,20.00%
257,Ludność w wieku 60+,2012,gmina,Tarnów (wieś),powiat tarnowski,17.09%
257,Ludność w wieku 60+,2012,gmina,Tuchów,powiat tarnowski,18.41%
257,Ludność w wieku 60+,2012,gmina,Wierzchosławice,powiat tarnowski,19.09%
257,Ludność w wieku 60+,2012,gmina,Wietrzychowice,powiat tarnowski,21.74%
257,Ludność w wieku 60+,2012,gmina,Wojnicz,powiat tarnowski,17.62%
257,Ludność w wieku 60+,2012,gmina,Zakliczyn,powiat tarnowski,18.36%
257,Ludność w wieku 60+,2012,gmina,Żabno,powiat tarnowski,18.86%
257,Ludność w wieku 60+,2012,powiat,powiat tatrzański,powiat tatrzański,20.06%
257,Ludność w wieku 60+,2012,gmina,Biały Dunajec,powiat tatrzański,17.58%
257,Ludność w wieku 60+,2012,gmina,Bukowina Tatrzańska,powiat tatrzański,17.48%
257,Ludność w wieku 60+,2012,gmina,Kościelisko,powiat tatrzański,17.68%
257,Ludność w wieku 60+,2012,gmina,Poronin,powiat tatrzański,16.61%
257,Ludność w wieku 60+,2012,gmina,Zakopane,powiat tatrzański,24.03%
257,Ludność w wieku 60+,2012,powiat,powiat wadowicki,powiat wadowicki,18.70%
257,Ludność w wieku 60+,2012,gmina,Andrychów,powiat wadowicki,19.26%
257,Ludność w wieku 60+,2012,gmina,Brzeźnica,powiat wadowicki,18.24%
257,Ludność w wieku 60+,2012,gmina,Kalwaria Zebrzydowska,powiat wadowicki,18.14%
257,Ludność w wieku 60+,2012,gmina,Lanckorona,powiat wadowicki,16.50%
257,Ludność w wieku 60+,2012,gmina,Mucharz,powiat wadowicki,18.01%
257,Ludność w wieku 60+,2012,gmina,Spytkowice,powiat wadowicki,17.55%
257,Ludność w wieku 60+,2012,gmina,Stryszów,powiat wadowicki,17.48%
257,Ludność w wieku 60+,2012,gmina,Tomice,powiat wadowicki,16.44%
257,Ludność w wieku 60+,2012,gmina,Wadowice,powiat wadowicki,20.35%
257,Ludność w wieku 60+,2012,gmina,Wieprz,powiat wadowicki,17.21%
257,Ludność w wieku 60+,2012,powiat,powiat wielicki,powiat wielicki,17.65%
257,Ludność w wieku 60+,2012,gmina,Biskupice,powiat wielicki,16.58%
257,Ludność w wieku 60+,2012,gmina,Gdów,powiat wielicki,16.03%
257,Ludność w wieku 60+,2012,gmina,Kłaj,powiat wielicki,18.23%
257,Ludność w wieku 60+,2012,gmina,Niepołomice,powiat wielicki,17.20%
257,Ludność w wieku 60+,2012,gmina,Wieliczka,powiat wielicki,18.45%
