indicator_id,indicator,year,level,area,powiat,value
27,Liczba mieszkańców na 1 pracownika socjalnego,2024,powiat,powiat bocheński,powiat bocheński,1877
27,Liczba mieszkańców na 1 pracownika socjalnego,2024,gmina,Bochnia (miasto),powiat bocheński,1667
27,Liczba mieszkańców na 1 pracownika socjalnego,2024,gmina,Bochnia (wieś),powiat bocheński,2608
27,Liczba mieszkańców na 1 pracownika socjalnego,2024,gmina,Drwinia,powiat bocheński,2118
27,Liczba mieszkańców na 1 pracownika socjalnego,2024,gmina,Lipnica Murowana,powiat bocheński,1378
27,Liczba mieszkańców na 1 pracownika socjalnego,2024,gmina,Łapanów,powiat bocheński,1442
27,Liczba mieszkańców na 1 pracownika socjalnego,2024,gmina,Nowy Wiśnicz,powiat bocheński,2898
27,Liczba mieszkańców na 1 pracownika socjalnego,2024,gmina,Rzezawa,powiat bocheński,1443
27,Liczba mieszkańców na 1 pracownika socjalnego,2024,gmina,Trzciana,powiat bocheński,1901
27,Liczba mieszkańców na 1 pracownika socjalnego,2024,gmina,Żegocina,powiat bocheński,1842
27,Liczba mieszkańców na 1 pracownika socjalnego,2024,powiat,powiat brzeski,powiat brzeski,2342
27,Liczba mieszkańców na 1 pracownika socjalnego,2024,gmina,Borzęcin,powiat brzeski,2696
27,Liczba mieszkańców na 1 pracownika socjalnego,2024,gmina,Brzesko,powiat brzeski,1857
27,Liczba mieszkańców na 1 pracownika socjalnego,2024,gmina,Czchów,powiat brzeski,2416
27,Liczba mieszkańców na 1 pracownika socjalnego,2024,gmina,Dębno,powiat brzeski,2896
27,Liczba mieszkańców na 1 pracownika socjalnego,2024,gmina,Gnojnik,powiat brzeski,2701
27,Liczba mieszkańców na 1 pracownika socjalnego,2024,gmina,Iwkowa,powiat brzeski,3324
27,Liczba mieszkańców na 1 pracownika socjalnego,2024,gmina,Szczurowa,powiat brzeski,3023
27,Liczba mieszkańców na 1 pracownika socjalnego,2024,powiat,powiat chrzanowski,powiat chrzanowski,1659
27,Liczba mieszkańców na 1 pracownika socjalnego,2024,gmina,Alwernia,powiat chrzanowski,1758
27,Liczba mieszkańców na 1 pracownika socjalnego,2024,gmina,Babice,powiat chrzanowski,1797
27,Liczba mieszkańców na 1 pracownika socjalnego,2024,gmina,Chrzanów,powiat chrzanowski,1740
27,Liczba mieszkańców na 1 pracownika socjalnego,2024,gmina,Libiąż,powiat chrzanowski,1493
27,Liczba mieszkańców na 1 pracownika socjalnego,2024,gmina,Trzebinia,powiat chrzanowski,1603
27,Liczba mieszkańców na 1 pracownika socjalnego,2024,powiat,powiat dąbrowski,powiat dąbrowski,1636
27,Liczba mieszkańców na 1 pracownika socjalnego,2024,gmina,Bolesław,powiat dąbrowski,2628
27,Liczba mieszkańców na 1 pracownika socjalnego,2024,gmina,Dąbrowa Tarnowska,powiat dąbrowski,1605
27,Liczba mieszkańców na 1 pracownika socjalnego,2024,gmina,Gręboszów,powiat dąbrowski,628
27,Liczba mieszkańców na 1 pracownika socjalnego,2024,gmina,Mędrzechów,powiat dąbrowski,1624
27,Liczba mieszkańców na 1 pracownika socjalnego,2024,gmina,Olesno,powiat dąbrowski,2539
27,Liczba mieszkańców na 1 pracownika socjalnego,2024,gmina,Radgoszcz,powiat dąbrowski,1847
27,Liczba mieszkańców na 1 pracownika socjalnego,2024,gmina,Szczucin,powiat dąbrowski,1766
27,Liczba mieszkańców na 1 pracownika socjalnego,2024,powiat,powiat gorlicki,powiat gorlicki,1634
27,Liczba mieszkańców na 1 pracownika socjalnego,2024,gmina,Biecz,powiat gorlicki,1996
27,Liczba mieszkańców na 1 pracownika socjalnego,2024,gmina,Bobowa,powiat gorlicki,1371
27,Liczba mieszkańców na 1 pracownika socjalnego,2024,gmina,Gorlice (miasto),powiat gorlicki,1936
27,Liczba mieszkańców na 1 pracownika socjalnego,2024,gmina,Gorlice (wieś),powiat gorlicki,1408
27,Liczba mieszkańców na 1 pracownika socjalnego,2024,gmina,Lipinki,powiat gorlicki,1664
27,Liczba mieszkańców na 1 pracownika socjalnego,2024,gmina,Łużna,powiat gorlicki,1650
27,Liczba mieszkańców na 1 pracownika socjalnego,2024,gmina,Moszczenica,powiat gorlicki,1230
27,Liczba mieszkańców na 1 pracownika socjalnego,2024,gmina,Ropa,powiat gorlicki,1835
27,Liczba mieszkańców na 1 pracownika socjalnego,2024,gmina,Sękowa,powiat gorlicki,1224
27,Liczba mieszkańców na 1 pracownika socjalnego,2024,gmina,Uście Gorlickie,powiat gorlicki,1684
27,Liczba mieszkańców na 1 pracownika socjalnego,2024,powiat,powiat krakowski,powiat krakowski,2396
27,Liczba mieszkańców na 1 pracownika socjalnego,2024,gmina,Czernichów,powiat krakowski,1930
27,Liczba mieszkańców na 1 pracownika socjalnego,2024,gmina,Igołomia-Wawrzeńczyce,powiat krakowski,1963
27,Liczba mieszkańców na 1 pracownika socjalnego,2024,gmina,Iwanowice,powiat krakowski,1968
27,Liczba mieszkańców na 1 pracownika socjalnego,2024,gmina,Jerzmanowice-Przeginia,powiat krakowski,2786
27,Liczba mieszkańców na 1 pracownika socjalnego,2024,gmina,Kocmyrzów-Luborzyca,powiat krakowski,3106
27,Liczba mieszkańców na 1 pracownika socjalnego,2024,gmina,Krzeszowice,powiat krakowski,2894
27,Liczba mieszkańców na 1 pracownika socjalnego,2024,gmina,Liszki,powiat krakowski,2679
27,Liczba mieszkańców na 1 pracownika socjalnego,2024,gmina,Michałowice,powiat krakowski,2258
27,Liczba mieszkańców na 1 pracownika socjalnego,2024,gmina,Mogilany,powiat krakowski,2362
27,Liczba mieszkańców na 1 pracownika socjalnego,2024,gmina,Skała,powiat krakowski,2734
27,Liczba mieszkańców na 1 pracownika socjalnego,2024,gmina,Skawina,powiat krakowski,2095
27,Liczba mieszkańców na 1 pracownika socjalnego,2024,gmina,Słomniki,powiat krakowski,1951
27,Liczba mieszkańców na 1 pracownika socjalnego,2024,gmina,Sułoszowa,powiat krakowski,1878
27,Liczba mieszkańców na 1 pracownika socjalnego,2024,gmina,Świątniki Górne,powiat krakowski,2242
27,Liczba mieszkańców na 1 pracownika socjalnego,2024,gmina,Wielka Wieś,powiat krakowski,2890
27,Liczba mieszkańców na 1 pracownika socjalnego,2024,gmina,Zabierzów,powiat krakowski,2486
27,Liczba mieszkańców na 1 pracownika socjalnego,2024,gmina,Zielonki,powiat krakowski,2553
27,Liczba mieszkańców na 1 pracownika socjalnego,2024,powiat,powiat limanowski,powiat limanowski,2089
27,Liczba mieszkańców na 1 pracownika socjalnego,2024,gmina,Dobra,powiat limanowski,1685
27,Liczba mieszkańców na 1 pracownika socjalnego,2024,gmina,Jodłownik,powiat limanowski,2192
27,Liczba mieszkańców na 1 pracownika socjalnego,2024,gmina,Kamienica,powiat limanowski,1950
27,Liczba mieszkańców na 1 pracownika socjalnego,2024,gmina,Laskowa,powiat limanowski,2037
27,Liczba mieszkańców na 1 pracownika socjalnego,2024,gmina,Limanowa (miasto),powiat limanowski,1436
27,Liczba mieszkańców na 1 pracownika socjalnego,2024,gmina,Limanowa (wieś),powiat limanowski,2613
27,Liczba mieszkańców na 1 pracownika socjalnego,2024,gmina,Łukowica,powiat limanowski,2039
27,Liczba mieszkańców na 1 pracownika socjalnego,2024,gmina,Mszana Dolna (miasto),powiat limanowski,1952
27,Liczba mieszkańców na 1 pracownika socjalnego,2024,gmina,Mszana Dolna (wieś),powiat limanowski,2943
27,Liczba mieszkańców na 1 pracownika socjalnego,2024,gmina,Niedźwiedź,powiat limanowski,1832
27,Liczba mieszkańców na 1 pracownika socjalnego,2024,gmina,Słopnice,powiat limanowski,2344
27,Liczba mieszkańców na 1 pracownika socjalnego,2024,gmina,Tymbark,powiat limanowski,2096
27,Liczba mieszkańców na 1 pracownika socjalnego,2024,powiat,powiat m. Kraków,powiat m. Kraków,2229
27,Liczba mieszkańców na 1 pracownika socjalnego,2024,powiat,powiat m. Nowy Sącz,powiat m. Nowy Sącz,1698
27,Liczba mieszkańców na 1 pracownika socjalnego,2024,powiat,powiat m. Tarnów,powiat m. Tarnów,1702
27,Liczba mieszkańców na 1 pracownika socjalnego,2024,powiat,powiat miechowski,powiat miechowski,1597
27,Liczba mieszkańców na 1 pracownika socjalnego,2024,gmina,Charsznica,powiat miechowski,1750
27,Liczba mieszkańców na 1 pracownika socjalnego,2024,gmina,Gołcza,powiat miechowski,1960
27,Liczba mieszkańców na 1 pracownika socjalnego,2024,gmina,Kozłów,powiat miechowski,1462
27,Liczba mieszkańców na 1 pracownika socjalnego,2024,gmina,Książ Wielki,powiat miechowski,1597
27,Liczba mieszkańców na 1 pracownika socjalnego,2024,gmina,Miechów,powiat miechowski,1688
27,Liczba mieszkańców na 1 pracownika socjalnego,2024,gmina,Racławice,powiat miechowski,1200
27,Liczba mieszkańców na 1 pracownika socjalnego,2024,gmina,Słaboszów,powiat miechowski,1094
27,Liczba mieszkańców na 1 pracownika socjalnego,2024,powiat,powiat myślenicki,powiat myślenicki,2063
27,Liczba mieszkańców na 1 pracownika socjalnego,2024,gmina,Dobczyce,powiat myślenicki,2222
27,Liczba mieszkańców na 1 pracownika socjalnego,2024,gmina,Lubień,powiat myślenicki,2527
27,Liczba mieszkańców na 1 pracownika socjalnego,2024,gmina,Myślenice,powiat myślenicki,1627
27,Liczba mieszkańców na 1 pracownika socjalnego,2024,gmina,Pcim,powiat myślenicki,2767
27,Liczba mieszkańców na 1 pracownika socjalnego,2024,gmina,Raciechowice,powiat myślenicki,2146
27,Liczba mieszkańców na 1 pracownika socjalnego,2024,gmina,Siepraw,powiat myślenicki,3238
27,Liczba mieszkańców na 1 pracownika socjalnego,2024,gmina,Sułkowice,powiat myślenicki,1903
27,Liczba mieszkańców na 1 pracownika socjalnego,2024,gmina,Tokarnia,powiat myślenicki,2928
27,Liczba mieszkańców na 1 pracownika socjalnego,2024,gmina,Wiśniowa,powiat myślenicki,2513
27,Liczba mieszkańców na 1 pracownika socjalnego,2024,powiat,powiat nowosądecki,powiat nowosądecki,2066
27,Liczba mieszkańców na 1 pracownika socjalnego,2024,gmina,Podegrodzie,powiat nowosądecki,2273
27,Liczba mieszkańców na 1 pracownika socjalnego,2024,gmina,Rytro,powiat nowosądecki,1212
27,Liczba mieszkańców na 1 pracownika socjalnego,2024,gmina,Stary Sącz,powiat nowosądecki,1956
27,Liczba mieszkańców na 1 pracownika socjalnego,2024,gmina,Chełmiec,powiat nowosądecki,2490
27,Liczba mieszkańców na 1 pracownika socjalnego,2024,gmina,Gródek nad Dunajcem,powiat nowosądecki,1772
27,Liczba mieszkańców na 1 pracownika socjalnego,2024,gmina,Grybów (miasto),powiat nowosądecki,1184
27,Liczba mieszkańców na 1 pracownika socjalnego,2024,gmina,Grybów (wieś),powiat nowosądecki,3621
27,Liczba mieszkańców na 1 pracownika socjalnego,2024,gmina,Kamionka Wielka,powiat nowosądecki,2098
27,Liczba mieszkańców na 1 pracownika socjalnego,2024,gmina,Korzenna,powiat nowosądecki,1604
27,Liczba mieszkańców na 1 pracownika socjalnego,2024,gmina,Krynica-Zdrój,powiat nowosądecki,1931
27,Liczba mieszkańców na 1 pracownika socjalnego,2024,gmina,Łabowa,powiat nowosądecki,2020
27,Liczba mieszkańców na 1 pracownika socjalnego,2024,gmina,Łącko,powiat nowosądecki,2090
27,Liczba mieszkańców na 1 pracownika socjalnego,2024,gmina,Łososina Dolna,powiat nowosądecki,2237
27,Liczba mieszkańców na 1 pracownika socjalnego,2024,gmina,Muszyna,powiat nowosądecki,1850
27,Liczba mieszkańców na 1 pracownika socjalnego,2024,gmina,Nawojowa,powiat nowosądecki,1773
27,Liczba mieszkańców na 1 pracownika socjalnego,2024,gmina,Piwniczna-Zdrój,powiat nowosądecki,1965
27,Liczba mieszkańców na 1 pracownika socjalnego,2024,powiat,powiat nowotarski,powiat nowotarski,2676
27,Liczba mieszkańców na 1 pracownika socjalnego,2024,gmina,Czarny Dunajec,powiat nowotarski,3160
27,Liczba mieszkańców na 1 pracownika socjalnego,2024,gmina,Czorsztyn,powiat nowotarski,2530
27,Liczba mieszkańców na 1 pracownika socjalnego,2024,gmina,Jabłonka,powiat nowotarski,4803
27,Liczba mieszkańców na 1 pracownika socjalnego,2024,gmina,Krościenko nad Dunajcem,powiat nowotarski,2201
27,Liczba mieszkańców na 1 pracownika socjalnego,2024,gmina,Lipnica Wielka,powiat nowotarski,1515
27,Liczba mieszkańców na 1 pracownika socjalnego,2024,gmina,Łapsze Niżne,powiat nowotarski,3088
27,Liczba mieszkańców na 1 pracownika socjalnego,2024,gmina,Nowy Targ (miasto),powiat nowotarski,4130
27,Liczba mieszkańców na 1 pracownika socjalnego,2024,gmina,Nowy Targ (wieś),powiat nowotarski,3007
27,Liczba mieszkańców na 1 pracownika socjalnego,2024,gmina,Ochotnica Dolna,powiat nowotarski,1701
27,Liczba mieszkańców na 1 pracownika socjalnego,2024,gmina,Raba Wyżna,powiat nowotarski,2406
27,Liczba mieszkańców na 1 pracownika socjalnego,2024,gmina,Rabka-Zdrój,powiat nowotarski,2350
27,Liczba mieszkańców na 1 pracownika socjalnego,2024,gmina,Spytkowice,powiat nowotarski,1176
27,Liczba mieszkańców na 1 pracownika socjalnego,2024,gmina,Szaflary,powiat nowotarski,2262
27,Liczba mieszkańców na 1 pracownika socjalnego,2024,gmina,Szczawnica,powiat nowotarski,1658
27,Liczba mieszkańców na 1 pracownika socjalnego,2024,powiat,powiat olkuski,powiat olkuski,1981
27,Liczba mieszkańców na 1 pracownika socjalnego,2024,gmina,Bolesław,powiat olkuski,1872
27,Liczba mieszkańców na 1 pracownika socjalnego,2024,gmina,Bukowno,powiat olkuski,1858
27,Liczba mieszkańców na 1 pracownika socjalnego,2024,gmina,Klucze,powiat olkuski,1596
27,Liczba mieszkańców na 1 pracownika socjalnego,2024,gmina,Olkusz,powiat olkuski,2153
27,Liczba mieszkańców na 1 pracownika socjalnego,2024,gmina,Trzyciąż,powiat olkuski,2302
27,Liczba mieszkańców na 1 pracownika socjalnego,2024,gmina,Wolbrom,powiat olkuski,1977
27,Liczba mieszkańców na 1 pracownika socjalnego,2024,powiat,powiat oświęcimski,powiat oświęcimski,1893
27,Liczba mieszkańców na 1 pracownika socjalnego,2024,gmina,Brzeszcze,powiat oświęcimski,2251
27,Liczba mieszkańców na 1 pracownika socjalnego,2024,gmina,Chełmek,powiat oświęcimski,2036
27,Liczba mieszkańców na 1 pracownika socjalnego,2024,gmina,Kęty,powiat oświęcimski,1950
27,Liczba mieszkańców na 1 pracownika socjalnego,2024,gmina,Osiek,powiat oświęcimski,2703
27,Liczba mieszkańców na 1 pracownika socjalnego,2024,gmina,Oświęcim (miasto),powiat oświęcimski,1535
27,Liczba mieszkańców na 1 pracownika socjalnego,2024,gmina,Oświęcim (wieś),powiat oświęcimski,2109
27,Liczba mieszkańców na 1 pracownika socjalnego,2024,gmina,Polanka Wielka,powiat oświęcimski,1435
27,Liczba mieszkańców na 1 pracownika socjalnego,2024,gmina,Przeciszów,powiat oświęcimski,2103
27,Liczba mieszkańców na 1 pracownika socjalnego,2024,gmina,Zator,powiat oświęcimski,1809
27,Liczba mieszkańców na 1 pracownika socjalnego,2024,powiat,powiat proszowicki,powiat proszowicki,1906
27,Liczba mieszkańców na 1 pracownika socjalnego,2024,gmina,Koniusza,powiat proszowicki,3038
27,Liczba mieszkańców na 1 pracownika socjalnego,2024,gmina,Koszyce,powiat proszowicki,1735
27,Liczba mieszkańców na 1 pracownika socjalnego,2024,gmina,Nowe Brzesko,powiat proszowicki,1405
27,Liczba mieszkańców na 1 pracownika socjalnego,2024,gmina,Pałecznica,powiat proszowicki,1150
27,Liczba mieszkańców na 1 pracownika socjalnego,2024,gmina,Proszowice,powiat proszowicki,1923
27,Liczba mieszkańców na 1 pracownika socjalnego,2024,gmina,Radziemice,powiat proszowicki,3161
27,Liczba mieszkańców na 1 pracownika socjalnego,2024,powiat,powiat suski,powiat suski,1876
27,Liczba mieszkańców na 1 pracownika socjalnego,2024,gmina,Budzów,powiat suski,2198
27,Liczba mieszkańców na 1 pracownika socjalnego,2024,gmina,Bystra-Sidzina,powiat suski,2275
27,Liczba mieszkańców na 1 pracownika socjalnego,2024,gmina,Jordanów (miasto),powiat suski,1349
27,Liczba mieszkańców na 1 pracownika socjalnego,2024,gmina,Jordanów (wieś),powiat suski,1239
27,Liczba mieszkańców na 1 pracownika socjalnego,2024,gmina,Maków Podhalański,powiat suski,2610
27,Liczba mieszkańców na 1 pracownika socjalnego,2024,gmina,Stryszawa,powiat suski,1978
27,Liczba mieszkańców na 1 pracownika socjalnego,2024,gmina,Sucha Beskidzka,powiat suski,1745
27,Liczba mieszkańców na 1 pracownika socjalnego,2024,gmina,Zawoja,powiat suski,2188
27,Liczba mieszkańców na 1 pracownika socjalnego,2024,gmina,Zembrzyce,powiat suski,1793
27,Liczba mieszkańców na 1 pracownika socjalnego,2024,powiat,powiat tarnowski,powiat tarnowski,2292
27,Liczba mieszkańców na 1 pracownika socjalnego,2024,gmina,Ciężkowice,powiat tarnowski,1832
27,Liczba mieszkańców na 1 pracownika socjalnego,2024,gmina,Gromnik,powiat tarnowski,2187
27,Liczba mieszkańców na 1 pracownika socjalnego,2024,gmina,Lisia Góra,powiat tarnowski,3137
27,Liczba mieszkańców na 1 pracownika socjalnego,2024,gmina,Pleśna,powiat tarnowski,2342
27,Liczba mieszkańców na 1 pracownika socjalnego,2024,gmina,Radłów,powiat tarnowski,1873
27,Liczba mieszkańców na 1 pracownika socjalnego,2024,gmina,Ryglice,powiat tarnowski,2784
27,Liczba mieszkańców na 1 pracownika socjalnego,2024,gmina,Rzepiennik Strzyżewski,powiat tarnowski,1626
27,Liczba mieszkańców na 1 pracownika socjalnego,2024,gmina,Skrzyszów,powiat tarnowski,2838
27,Liczba mieszkańców na 1 pracownika socjalnego,2024,gmina,Szerzyny,powiat tarnowski,1868
27,Liczba mieszkańców na 1 pracownika socjalnego,2024,gmina,Tarnów (wieś),powiat tarnowski,2650
27,Liczba mieszkańców na 1 pracownika socjalnego,2024,gmina,Tuchów,powiat tarnowski,1883
27,Liczba mieszkańców na 1 pracownika socjalnego,2024,gmina,Wierzchosławice,powiat tarnowski,2615
27,Liczba mieszkańców na 1 pracownika socjalnego,2024,gmina,Wietrzychowice,powiat tarnowski,1848
27,Liczba mieszkańców na 1 pracownika socjalnego,2024,gmina,Wojnicz,powiat tarnowski,2611
27,Liczba mieszkańców na 1 pracownika socjalnego,2024,gmina,Zakliczyn,powiat tarnowski,2056
27,Liczba mieszkańców na 1 pracownika socjalnego,2024,gmina,Żabno,powiat tarnowski,2292
27,Liczba mieszkańców na 1 pracownika socjalnego,2024,powiat,powiat tatrzański,powiat tatrzański,2140
27,Liczba mieszkańców na 1 pracownika socjalnego,2024,gmina,Biały Dunajec,powiat tatrzański,1702
27,Liczba mieszkańców na 1 pracownika socjalnego,2024,gmina,Bukowina Tatrzańska,powiat tatrzański,2709
27,Liczba mieszkańców na 1 pracownika socjalnego,2024,gmina,Kościelisko,powiat tatrzański,1824
27,Liczba mieszkańców na 1 pracownika socjalnego,2024,gmina,Poronin,powiat tatrzański,1969
27,Liczba mieszkańców na 1 pracownika socjalnego,2024,gmina,Zakopane,powiat tatrzański,2278
27,Liczba mieszkańców na 1 pracownika socjalnego,2024,powiat,powiat wadowicki,powiat wadowicki,2380
27,Liczba mieszkańców na 1 pracownika socjalnego,2024,gmina,Andrychów,powiat wadowicki,1987
27,Liczba mieszkańców na 1 pracownika socjalnego,2024,gmina,Brzeźnica,powiat wadowicki,2176
27,Liczba mieszkańców na 1 pracownika socjalnego,2024,gmina,Kalwaria Zebrzydowska,powiat wadowicki,1982
27,Liczba mieszkańców na 1 pracownika socjalnego,2024,gmina,Lanckorona,powiat wadowicki,2084
27,Liczba mieszkańców na 1 pracownika socjalnego,2024,gmina,Mucharz,powiat wadowicki,2092
27,Liczba mieszkańców na 1 pracownika socjalnego,2024,gmina,Spytkowice,powiat wadowicki,2514
27,Liczba mieszkańców na 1 pracownika socjalnego,2024,gmina,Stryszów,powiat wadowicki,2255
27,Liczba mieszkańców na 1 pracownika socjalnego,2024,gmina,Tomice,powiat wadowicki,2773
27,Liczba mieszkańców na 1 pracownika socjalnego,2024,gmina,Wadowice,powiat wadowicki,3022
27,Liczba mieszkańców na 1 pracownika socjalnego,2024,gmina,Wieprz,powiat wadowicki,4278
27,Liczba mieszkańców na 1 pracownika socjalnego,2024,powiat,powiat wielicki,powiat wielicki,2690
27,Liczba mieszkańców na 1 pracownika socjalnego,2024,gmina,Biskupice,powiat wielicki,2386
27,Liczba mieszkańców na 1 pracownika socjalnego,2024,gmina,Gdów,powiat wielicki,2337
27,Liczba mieszkańców na 1 pracownika socjalnego,2024,gmina,Kłaj,powiat wielicki,1876
27,Liczba mieszkańców na 1 pracownika socjalnego,2024,gmina,Niepołomice,powiat wielicki,2800
27,Liczba mieszkańców na 1 pracownika socjalnego,2024,gmina,Wieliczka,powiat wielicki,3034
27,Liczba mieszkańców na 1 pracownika socjalnego,2023,powiat,powiat bocheński,powiat bocheński,1980
27,Liczba mieszkańców na 1 pracownika socjalnego,2023,gmina,Bochnia (miasto),powiat bocheński,1778
27,Liczba mieszkańców na 1 pracownika socjalnego,2023,gmina,Bochnia (wieś),powiat bocheński,2603
27,Liczba mieszkańców na 1 pracownika socjalnego,2023,gmina,Drwinia,powiat bocheński,2143
27,Liczba mieszkańców na 1 pracownika socjalnego,2023,gmina,Lipnica Murowana,powiat bocheński,1382
27,Liczba mieszkańców na 1 pracownika socjalnego,2023,gmina,Łapanów,powiat bocheński,1723
27,Liczba mieszkańców na 1 pracownika socjalnego,2023,gmina,Nowy Wiśnicz,powiat bocheński,2403
27,Liczba mieszkańców na 1 pracownika socjalnego,2023,gmina,Rzezawa,powiat bocheński,1908
27,Liczba mieszkańców na 1 pracownika socjalnego,2023,gmina,Trzciana,powiat bocheński,1905
27,Liczba mieszkańców na 1 pracownika socjalnego,2023,gmina,Żegocina,powiat bocheński,1843
27,Liczba mieszkańców na 1 pracownika socjalnego,2023,powiat,powiat brzeski,powiat brzeski,2412
27,Liczba mieszkańców na 1 pracownika socjalnego,2023,gmina,Borzęcin,powiat brzeski,2703
27,Liczba mieszkańców na 1 pracownika socjalnego,2023,gmina,Brzesko,powiat brzeski,1867
27,Liczba mieszkańców na 1 pracownika socjalnego,2023,gmina,Czchów,powiat brzeski,3240
27,Liczba mieszkańców na 1 pracownika socjalnego,2023,gmina,Dębno,powiat brzeski,2900
27,Liczba mieszkańców na 1 pracownika socjalnego,2023,gmina,Gnojnik,powiat brzeski,2704
27,Liczba mieszkańców na 1 pracownika socjalnego,2023,gmina,Iwkowa,powiat brzeski,3312
27,Liczba mieszkańców na 1 pracownika socjalnego,2023,gmina,Szczurowa,powiat brzeski,3041
27,Liczba mieszkańców na 1 pracownika socjalnego,2023,powiat,powiat chrzanowski,powiat chrzanowski,1695
27,Liczba mieszkańców na 1 pracownika socjalnego,2023,gmina,Alwernia,powiat chrzanowski,1765
27,Liczba mieszkańców na 1 pracownika socjalnego,2023,gmina,Babice,powiat chrzanowski,1797
27,Liczba mieszkańców na 1 pracownika socjalnego,2023,gmina,Chrzanów,powiat chrzanowski,1910
27,Liczba mieszkańców na 1 pracownika socjalnego,2023,gmina,Libiąż,powiat chrzanowski,1506
27,Liczba mieszkańców na 1 pracownika socjalnego,2023,gmina,Trzebinia,powiat chrzanowski,1539
27,Liczba mieszkańców na 1 pracownika socjalnego,2023,powiat,powiat dąbrowski,powiat dąbrowski,1644
27,Liczba mieszkańców na 1 pracownika socjalnego,2023,gmina,Bolesław,powiat dąbrowski,3783
27,Liczba mieszkańców na 1 pracownika socjalnego,2023,gmina,Dąbrowa Tarnowska,powiat dąbrowski,1610
27,Liczba mieszkańców na 1 pracownika socjalnego,2023,gmina,Gręboszów,powiat dąbrowski,790
27,Liczba mieszkańców na 1 pracownika socjalnego,2023,gmina,Mędrzechów,powiat dąbrowski,1642
27,Liczba mieszkańców na 1 pracownika socjalnego,2023,gmina,Olesno,powiat dąbrowski,2545
27,Liczba mieszkańców na 1 pracownika socjalnego,2023,gmina,Radgoszcz,powiat dąbrowski,1866
27,Liczba mieszkańców na 1 pracownika socjalnego,2023,gmina,Szczucin,powiat dąbrowski,1779
27,Liczba mieszkańców na 1 pracownika socjalnego,2023,powiat,powiat gorlicki,powiat gorlicki,1646
27,Liczba mieszkańców na 1 pracownika socjalnego,2023,gmina,Biecz,powiat gorlicki,2013
27,Liczba mieszkańców na 1 pracownika socjalnego,2023,gmina,Bobowa,powiat gorlicki,1373
27,Liczba mieszkańców na 1 pracownika socjalnego,2023,gmina,Gorlice (miasto),powiat gorlicki,1823
27,Liczba mieszkańców na 1 pracownika socjalnego,2023,gmina,Gorlice (wieś),powiat gorlicki,1304
27,Liczba mieszkańców na 1 pracownika socjalnego,2023,gmina,Lipinki,powiat gorlicki,1671
27,Liczba mieszkańców na 1 pracownika socjalnego,2023,gmina,Łużna,powiat gorlicki,1668
27,Liczba mieszkańców na 1 pracownika socjalnego,2023,gmina,Moszczenica,powiat gorlicki,1226
27,Liczba mieszkańców na 1 pracownika socjalnego,2023,gmina,Ropa,powiat gorlicki,2746
27,Liczba mieszkańców na 1 pracownika socjalnego,2023,gmina,Sękowa,powiat gorlicki,1646
27,Liczba mieszkańców na 1 pracownika socjalnego,2023,gmina,Uście Gorlickie,powiat gorlicki,1696
27,Liczba mieszkańców na 1 pracownika socjalnego,2023,powiat,powiat krakowski,powiat krakowski,2419
27,Liczba mieszkańców na 1 pracownika socjalnego,2023,gmina,Czernichów,powiat krakowski,1930
27,Liczba mieszkańców na 1 pracownika socjalnego,2023,gmina,Igołomia-Wawrzeńczyce,powiat krakowski,1960
27,Liczba mieszkańców na 1 pracownika socjalnego,2023,gmina,Iwanowice,powiat krakowski,1964
27,Liczba mieszkańców na 1 pracownika socjalnego,2023,gmina,Jerzmanowice-Przeginia,powiat krakowski,2797
27,Liczba mieszkańców na 1 pracownika socjalnego,2023,gmina,Kocmyrzów-Luborzyca,powiat krakowski,3040
27,Liczba mieszkańców na 1 pracownika socjalnego,2023,gmina,Krzeszowice,powiat krakowski,2656
27,Liczba mieszkańców na 1 pracownika socjalnego,2023,gmina,Liszki,powiat krakowski,3098
27,Liczba mieszkańców na 1 pracownika socjalnego,2023,gmina,Michałowice,powiat krakowski,2676
27,Liczba mieszkańców na 1 pracownika socjalnego,2023,gmina,Mogilany,powiat krakowski,1810
27,Liczba mieszkańców na 1 pracownika socjalnego,2023,gmina,Skała,powiat krakowski,2738
27,Liczba mieszkańców na 1 pracownika socjalnego,2023,gmina,Skawina,powiat krakowski,2200
27,Liczba mieszkańców na 1 pracownika socjalnego,2023,gmina,Słomniki,powiat krakowski,1954
27,Liczba mieszkańców na 1 pracownika socjalnego,2023,gmina,Sułoszowa,powiat krakowski,1891
27,Liczba mieszkańców na 1 pracownika socjalnego,2023,gmina,Świątniki Górne,powiat krakowski,2225
27,Liczba mieszkańców na 1 pracownika socjalnego,2023,gmina,Wielka Wieś,powiat krakowski,2819
27,Liczba mieszkańców na 1 pracownika socjalnego,2023,gmina,Zabierzów,powiat krakowski,2960
27,Liczba mieszkańców na 1 pracownika socjalnego,2023,gmina,Zielonki,powiat krakowski,2523
27,Liczba mieszkańców na 1 pracownika socjalnego,2023,powiat,powiat limanowski,powiat limanowski,2057
27,Liczba mieszkańców na 1 pracownika socjalnego,2023,gmina,Dobra,powiat limanowski,1444
27,Liczba mieszkańców na 1 pracownika socjalnego,2023,gmina,Jodłownik,powiat limanowski,2923
27,Liczba mieszkańców na 1 pracownika socjalnego,2023,gmina,Kamienica,powiat limanowski,1948
27,Liczba mieszkańców na 1 pracownika socjalnego,2023,gmina,Laskowa,powiat limanowski,1636
27,Liczba mieszkańców na 1 pracownika socjalnego,2023,gmina,Limanowa (miasto),powiat limanowski,1603
27,Liczba mieszkańców na 1 pracownika socjalnego,2023,gmina,Limanowa (wieś),powiat limanowski,2368
27,Liczba mieszkańców na 1 pracownika socjalnego,2023,gmina,Łukowica,powiat limanowski,2034
27,Liczba mieszkańców na 1 pracownika socjalnego,2023,gmina,Mszana Dolna (miasto),powiat limanowski,2609
27,Liczba mieszkańców na 1 pracownika socjalnego,2023,gmina,Mszana Dolna (wieś),powiat limanowski,2520
27,Liczba mieszkańców na 1 pracownika socjalnego,2023,gmina,Niedźwiedź,powiat limanowski,1827
27,Liczba mieszkańców na 1 pracownika socjalnego,2023,gmina,Słopnice,powiat limanowski,2337
27,Liczba mieszkańców na 1 pracownika socjalnego,2023,gmina,Tymbark,powiat limanowski,2124
27,Liczba mieszkańców na 1 pracownika socjalnego,2023,powiat,powiat m. Kraków,powiat m. Kraków,2209
27,Liczba mieszkańców na 1 pracownika socjalnego,2023,powiat,powiat m. Nowy Sącz,powiat m. Nowy Sącz,1826
27,Liczba mieszkańców na 1 pracownika socjalnego,2023,powiat,powiat m. Tarnów,powiat m. Tarnów,2063
27,Liczba mieszkańców na 1 pracownika socjalnego,2023,powiat,powiat miechowski,powiat miechowski,1609
27,Liczba mieszkańców na 1 pracownika socjalnego,2023,gmina,Charsznica,powiat miechowski,1770
27,Liczba mieszkańców na 1 pracownika socjalnego,2023,gmina,Gołcza,powiat miechowski,1973
27,Liczba mieszkańców na 1 pracownika socjalnego,2023,gmina,Kozłów,powiat miechowski,1474
27,Liczba mieszkańców na 1 pracownika socjalnego,2023,gmina,Książ Wielki,powiat miechowski,1609
27,Liczba mieszkańców na 1 pracownika socjalnego,2023,gmina,Miechów,powiat miechowski,1699
27,Liczba mieszkańców na 1 pracownika socjalnego,2023,gmina,Racławice,powiat miechowski,1211
27,Liczba mieszkańców na 1 pracownika socjalnego,2023,gmina,Słaboszów,powiat miechowski,1104
27,Liczba mieszkańców na 1 pracownika socjalnego,2023,powiat,powiat myślenicki,powiat myślenicki,2129
27,Liczba mieszkańców na 1 pracownika socjalnego,2023,gmina,Dobczyce,powiat myślenicki,2219
27,Liczba mieszkańców na 1 pracownika socjalnego,2023,gmina,Lubień,powiat myślenicki,2524
27,Liczba mieszkańców na 1 pracownika socjalnego,2023,gmina,Myślenice,powiat myślenicki,1822
27,Liczba mieszkańców na 1 pracownika socjalnego,2023,gmina,Pcim,powiat myślenicki,2773
27,Liczba mieszkańców na 1 pracownika socjalnego,2023,gmina,Raciechowice,powiat myślenicki,2143
27,Liczba mieszkańców na 1 pracownika socjalnego,2023,gmina,Siepraw,powiat myślenicki,2410
27,Liczba mieszkańców na 1 pracownika socjalnego,2023,gmina,Sułkowice,powiat myślenicki,2170
27,Liczba mieszkańców na 1 pracownika socjalnego,2023,gmina,Tokarnia,powiat myślenicki,2933
27,Liczba mieszkańców na 1 pracownika socjalnego,2023,gmina,Wiśniowa,powiat myślenicki,1882
27,Liczba mieszkańców na 1 pracownika socjalnego,2023,powiat,powiat nowosądecki,powiat nowosądecki,2068
27,Liczba mieszkańców na 1 pracownika socjalnego,2023,gmina,Podegrodzie,powiat nowosądecki,2264
27,Liczba mieszkańców na 1 pracownika socjalnego,2023,gmina,Rytro,powiat nowosądecki,1222
27,Liczba mieszkańców na 1 pracownika socjalnego,2023,gmina,Stary Sącz,powiat nowosądecki,1961
27,Liczba mieszkańców na 1 pracownika socjalnego,2023,gmina,Chełmiec,powiat nowosądecki,2477
27,Liczba mieszkańców na 1 pracownika socjalnego,2023,gmina,Gródek nad Dunajcem,powiat nowosądecki,1785
27,Liczba mieszkańców na 1 pracownika socjalnego,2023,gmina,Grybów (miasto),powiat nowosądecki,1487
27,Liczba mieszkańców na 1 pracownika socjalnego,2023,gmina,Grybów (wieś),powiat nowosądecki,3168
27,Liczba mieszkańców na 1 pracownika socjalnego,2023,gmina,Kamionka Wielka,powiat nowosądecki,2096
27,Liczba mieszkańców na 1 pracownika socjalnego,2023,gmina,Korzenna,powiat nowosądecki,1804
27,Liczba mieszkańców na 1 pracownika socjalnego,2023,gmina,Krynica-Zdrój,powiat nowosądecki,1735
27,Liczba mieszkańców na 1 pracownika socjalnego,2023,gmina,Łabowa,powiat nowosądecki,2006
27,Liczba mieszkańców na 1 pracownika socjalnego,2023,gmina,Łącko,powiat nowosądecki,2083
27,Liczba mieszkańców na 1 pracownika socjalnego,2023,gmina,Łososina Dolna,powiat nowosądecki,2803
27,Liczba mieszkańców na 1 pracownika socjalnego,2023,gmina,Muszyna,powiat nowosądecki,1848
27,Liczba mieszkańców na 1 pracownika socjalnego,2023,gmina,Nawojowa,powiat nowosądecki,1477
27,Liczba mieszkańców na 1 pracownika socjalnego,2023,gmina,Piwniczna-Zdrój,powiat nowosądecki,1988
27,Liczba mieszkańców na 1 pracownika socjalnego,2023,powiat,powiat nowotarski,powiat nowotarski,2347
27,Liczba mieszkańców na 1 pracownika socjalnego,2023,gmina,Czarny Dunajec,powiat nowotarski,3168
27,Liczba mieszkańców na 1 pracownika socjalnego,2023,gmina,Czorsztyn,powiat nowotarski,1900
27,Liczba mieszkańców na 1 pracownika socjalnego,2023,gmina,Jabłonka,powiat nowotarski,3831
27,Liczba mieszkańców na 1 pracownika socjalnego,2023,gmina,Krościenko nad Dunajcem,powiat nowotarski,2213
27,Liczba mieszkańców na 1 pracownika socjalnego,2023,gmina,Lipnica Wielka,powiat nowotarski,1513
27,Liczba mieszkańców na 1 pracownika socjalnego,2023,gmina,Łapsze Niżne,powiat nowotarski,3084
27,Liczba mieszkańców na 1 pracownika socjalnego,2023,gmina,Nowy Targ (miasto),powiat nowotarski,2755
27,Liczba mieszkańców na 1 pracownika socjalnego,2023,gmina,Nowy Targ (wieś),powiat nowotarski,3008
27,Liczba mieszkańców na 1 pracownika socjalnego,2023,gmina,Ochotnica Dolna,powiat nowotarski,2122
27,Liczba mieszkańców na 1 pracownika socjalnego,2023,gmina,Raba Wyżna,powiat nowotarski,1605
27,Liczba mieszkańców na 1 pracownika socjalnego,2023,gmina,Rabka-Zdrój,powiat nowotarski,2364
27,Liczba mieszkańców na 1 pracownika socjalnego,2023,gmina,Spytkowice,powiat nowotarski,2020
27,Liczba mieszkańców na 1 pracownika socjalnego,2023,gmina,Szaflary,powiat nowotarski,1878
27,Liczba mieszkańców na 1 pracownika socjalnego,2023,gmina,Szczawnica,powiat nowotarski,1662
27,Liczba mieszkańców na 1 pracownika socjalnego,2023,powiat,powiat olkuski,powiat olkuski,2037
27,Liczba mieszkańców na 1 pracownika socjalnego,2023,gmina,Bolesław,powiat olkuski,2522
27,Liczba mieszkańców na 1 pracownika socjalnego,2023,gmina,Bukowno,powiat olkuski,1893
27,Liczba mieszkańców na 1 pracownika socjalnego,2023,gmina,Klucze,powiat olkuski,1604
27,Liczba mieszkańców na 1 pracownika socjalnego,2023,gmina,Olkusz,powiat olkuski,2074
27,Liczba mieszkańców na 1 pracownika socjalnego,2023,gmina,Trzyciąż,powiat olkuski,2305
27,Liczba mieszkańców na 1 pracownika socjalnego,2023,gmina,Wolbrom,powiat olkuski,2188
27,Liczba mieszkańców na 1 pracownika socjalnego,2023,powiat,powiat oświęcimski,powiat oświęcimski,1927
27,Liczba mieszkańców na 1 pracownika socjalnego,2023,gmina,Brzeszcze,powiat oświęcimski,2263
27,Liczba mieszkańców na 1 pracownika socjalnego,2023,gmina,Chełmek,powiat oświęcimski,1758
27,Liczba mieszkańców na 1 pracownika socjalnego,2023,gmina,Kęty,powiat oświęcimski,2079
27,Liczba mieszkańców na 1 pracownika socjalnego,2023,gmina,Osiek,powiat oświęcimski,2032
27,Liczba mieszkańców na 1 pracownika socjalnego,2023,gmina,Oświęcim (miasto),powiat oświęcimski,1617
27,Liczba mieszkańców na 1 pracownika socjalnego,2023,gmina,Oświęcim (wieś),powiat oświęcimski,2110
27,Liczba mieszkańców na 1 pracownika socjalnego,2023,gmina,Polanka Wielka,powiat oświęcimski,2155
27,Liczba mieszkańców na 1 pracownika socjalnego,2023,gmina,Przeciszów,powiat oświęcimski,2118
27,Liczba mieszkańców na 1 pracownika socjalnego,2023,gmina,Zator,powiat oświęcimski,1824
27,Liczba mieszkańców na 1 pracownika socjalnego,2023,powiat,powiat proszowicki,powiat proszowicki,2000
27,Liczba mieszkańców na 1 pracownika socjalnego,2023,gmina,Koniusza,powiat proszowicki,3028
27,Liczba mieszkańców na 1 pracownika socjalnego,2023,gmina,Koszyce,powiat proszowicki,1741
27,Liczba mieszkańców na 1 pracownika socjalnego,2023,gmina,Nowe Brzesko,powiat proszowicki,1870
27,Liczba mieszkańców na 1 pracownika socjalnego,2023,gmina,Pałecznica,powiat proszowicki,1149
27,Liczba mieszkańców na 1 pracownika socjalnego,2023,gmina,Proszowice,powiat proszowicki,1934
27,Liczba mieszkańców na 1 pracownika socjalnego,2023,gmina,Radziemice,powiat proszowicki,3170
27,Liczba mieszkańców na 1 pracownika socjalnego,2023,powiat,powiat suski,powiat suski,2072
27,Liczba mieszkańców na 1 pracownika socjalnego,2023,gmina,Budzów,powiat suski,2208
27,Liczba mieszkańców na 1 pracownika socjalnego,2023,gmina,Bystra-Sidzina,powiat suski,2266
27,Liczba mieszkańców na 1 pracownika socjalnego,2023,gmina,Jordanów (miasto),powiat suski,1351
27,Liczba mieszkańców na 1 pracownika socjalnego,2023,gmina,Jordanów (wieś),powiat suski,1865
27,Liczba mieszkańców na 1 pracownika socjalnego,2023,gmina,Maków Podhalański,powiat suski,2249
27,Liczba mieszkańców na 1 pracownika socjalnego,2023,gmina,Stryszawa,powiat suski,2972
27,Liczba mieszkańców na 1 pracownika socjalnego,2023,gmina,Sucha Beskidzka,powiat suski,1774
27,Liczba mieszkańców na 1 pracownika socjalnego,2023,gmina,Zawoja,powiat suski,2194
27,Liczba mieszkańców na 1 pracownika socjalnego,2023,gmina,Zembrzyce,powiat suski,1796
27,Liczba mieszkańców na 1 pracownika socjalnego,2023,powiat,powiat tarnowski,powiat tarnowski,2295
27,Liczba mieszkańców na 1 pracownika socjalnego,2023,gmina,Ciężkowice,powiat tarnowski,1831
27,Liczba mieszkańców na 1 pracownika socjalnego,2023,gmina,Gromnik,powiat tarnowski,2186
27,Liczba mieszkańców na 1 pracownika socjalnego,2023,gmina,Lisia Góra,powiat tarnowski,3124
27,Liczba mieszkańców na 1 pracownika socjalnego,2023,gmina,Pleśna,powiat tarnowski,2348
27,Liczba mieszkańców na 1 pracownika socjalnego,2023,gmina,Radłów,powiat tarnowski,1877
27,Liczba mieszkańców na 1 pracownika socjalnego,2023,gmina,Ryglice,powiat tarnowski,2241
27,Liczba mieszkańców na 1 pracownika socjalnego,2023,gmina,Rzepiennik Strzyżewski,powiat tarnowski,1627
27,Liczba mieszkańców na 1 pracownika socjalnego,2023,gmina,Skrzyszów,powiat tarnowski,3542
27,Liczba mieszkańców na 1 pracownika socjalnego,2023,gmina,Szerzyny,powiat tarnowski,1876
27,Liczba mieszkańców na 1 pracownika socjalnego,2023,gmina,Tarnów (wieś),powiat tarnowski,2935
27,Liczba mieszkańców na 1 pracownika socjalnego,2023,gmina,Tuchów,powiat tarnowski,1887
27,Liczba mieszkańców na 1 pracownika socjalnego,2023,gmina,Wierzchosławice,powiat tarnowski,2105
27,Liczba mieszkańców na 1 pracownika socjalnego,2023,gmina,Wietrzychowice,powiat tarnowski,1862
27,Liczba mieszkańców na 1 pracownika socjalnego,2023,gmina,Wojnicz,powiat tarnowski,2614
27,Liczba mieszkańców na 1 pracownika socjalnego,2023,gmina,Zakliczyn,powiat tarnowski,2059
27,Liczba mieszkańców na 1 pracownika socjalnego,2023,gmina,Żabno,powiat tarnowski,2300
27,Liczba mieszkańców na 1 pracownika socjalnego,2023,powiat,powiat tatrzański,powiat tatrzański,2014
27,Liczba mieszkańców na 1 pracownika socjalnego,2023,gmina,Biały Dunajec,powiat tatrzański,1708
27,Liczba mieszkańców na 1 pracownika socjalnego,2023,gmina,Bukowina Tatrzańska,powiat tatrzański,2713
27,Liczba mieszkańców na 1 pracownika socjalnego,2023,gmina,Kościelisko,powiat tatrzański,1513
27,Liczba mieszkańców na 1 pracownika socjalnego,2023,gmina,Poronin,powiat tatrzański,1967
27,Liczba mieszkańców na 1 pracownika socjalnego,2023,gmina,Zakopane,powiat tatrzański,2100
27,Liczba mieszkańców na 1 pracownika socjalnego,2023,powiat,powiat wadowicki,powiat wadowicki,2187
27,Liczba mieszkańców na 1 pracownika socjalnego,2023,gmina,Andrychów,powiat wadowicki,1997
27,Liczba mieszkańców na 1 pracownika socjalnego,2023,gmina,Brzeźnica,powiat wadowicki,2167
27,Liczba mieszkańców na 1 pracownika socjalnego,2023,gmina,Kalwaria Zebrzydowska,powiat wadowicki,1530
27,Liczba mieszkańców na 1 pracownika socjalnego,2023,gmina,Lanckorona,powiat wadowicki,2089
27,Liczba mieszkańców na 1 pracownika socjalnego,2023,gmina,Mucharz,powiat wadowicki,1392
27,Liczba mieszkańców na 1 pracownika socjalnego,2023,gmina,Spytkowice,powiat wadowicki,2524
27,Liczba mieszkańców na 1 pracownika socjalnego,2023,gmina,Stryszów,powiat wadowicki,2262
27,Liczba mieszkańców na 1 pracownika socjalnego,2023,gmina,Tomice,powiat wadowicki,2747
27,Liczba mieszkańców na 1 pracownika socjalnego,2023,gmina,Wadowice,powiat wadowicki,2806
27,Liczba mieszkańców na 1 pracownika socjalnego,2023,gmina,Wieprz,powiat wadowicki,3191
27,Liczba mieszkańców na 1 pracownika socjalnego,2023,powiat,powiat wielicki,powiat wielicki,2710
27,Liczba mieszkańców na 1 pracownika socjalnego,2023,gmina,Biskupice,powiat wielicki,2347
27,Liczba mieszkańców na 1 pracownika socjalnego,2023,gmina,Gdów,powiat wielicki,2330
27,Liczba mieszkańców na 1 pracownika socjalnego,2023,gmina,Kłaj,powiat wielicki,1862
27,Liczba mieszkańców na 1 pracownika socjalnego,2023,gmina,Niepołomice,powiat wielicki,3016
27,Liczba mieszkańców na 1 pracownika socjalnego,2023,gmina,Wieliczka,powiat wielicki,2996
27,Liczba mieszkańców na 1 pracownika socjalnego,2022,powiat,powiat bocheński,powiat bocheński,1811
27,Liczba mieszkańców na 1 pracownika socjalnego,2022,gmina,Bochnia (miasto),powiat bocheński,1510
27,Liczba mieszkańców na 1 pracownika socjalnego,2022,gmina,Bochnia (wieś),powiat bocheński,2575
27,Liczba mieszkańców na 1 pracownika socjalnego,2022,gmina,Drwinia,powiat bocheński,2155
27,Liczba mieszkańców na 1 pracownika socjalnego,2022,gmina,Lipnica Murowana,powiat bocheński,1388
27,Liczba mieszkańców na 1 pracownika socjalnego,2022,gmina,Łapanów,powiat bocheński,1428
27,Liczba mieszkańców na 1 pracownika socjalnego,2022,gmina,Nowy Wiśnicz,powiat bocheński,2401
27,Liczba mieszkańców na 1 pracownika socjalnego,2022,gmina,Rzezawa,powiat bocheński,1627
27,Liczba mieszkańców na 1 pracownika socjalnego,2022,gmina,Trzciana,powiat bocheński,1893
27,Liczba mieszkańców na 1 pracownika socjalnego,2022,gmina,Żegocina,powiat bocheński,1843
27,Liczba mieszkańców na 1 pracownika socjalnego,2022,powiat,powiat brzeski,powiat brzeski,2296
27,Liczba mieszkańców na 1 pracownika socjalnego,2022,gmina,Borzęcin,powiat brzeski,2710
27,Liczba mieszkańców na 1 pracownika socjalnego,2022,gmina,Brzesko,powiat brzeski,1976
27,Liczba mieszkańców na 1 pracownika socjalnego,2022,gmina,Czchów,powiat brzeski,2437
27,Liczba mieszkańców na 1 pracownika socjalnego,2022,gmina,Dębno,powiat brzeski,2415
27,Liczba mieszkańców na 1 pracownika socjalnego,2022,gmina,Gnojnik,powiat brzeski,2702
27,Liczba mieszkańców na 1 pracownika socjalnego,2022,gmina,Iwkowa,powiat brzeski,2200
27,Liczba mieszkańców na 1 pracownika socjalnego,2022,gmina,Szczurowa,powiat brzeski,3059
27,Liczba mieszkańców na 1 pracownika socjalnego,2022,powiat,powiat chrzanowski,powiat chrzanowski,1640
27,Liczba mieszkańców na 1 pracownika socjalnego,2022,gmina,Alwernia,powiat chrzanowski,1373
27,Liczba mieszkańców na 1 pracownika socjalnego,2022,gmina,Babice,powiat chrzanowski,1804
27,Liczba mieszkańców na 1 pracownika socjalnego,2022,gmina,Chrzanów,powiat chrzanowski,1852
27,Liczba mieszkańców na 1 pracownika socjalnego,2022,gmina,Libiąż,powiat chrzanowski,1521
27,Liczba mieszkańców na 1 pracownika socjalnego,2022,gmina,Trzebinia,powiat chrzanowski,1552
27,Liczba mieszkańców na 1 pracownika socjalnego,2022,powiat,powiat dąbrowski,powiat dąbrowski,1700
27,Liczba mieszkańców na 1 pracownika socjalnego,2022,gmina,Bolesław,powiat dąbrowski,1330
27,Liczba mieszkańców na 1 pracownika socjalnego,2022,gmina,Dąbrowa Tarnowska,powiat dąbrowski,1744
27,Liczba mieszkańców na 1 pracownika socjalnego,2022,gmina,Gręboszów,powiat dąbrowski,642
27,Liczba mieszkańców na 1 pracownika socjalnego,2022,gmina,Mędrzechów,powiat dąbrowski,1668
27,Liczba mieszkańców na 1 pracownika socjalnego,2022,gmina,Olesno,powiat dąbrowski,2560
27,Liczba mieszkańców na 1 pracownika socjalnego,2022,gmina,Radgoszcz,powiat dąbrowski,2491
27,Liczba mieszkańców na 1 pracownika socjalnego,2022,gmina,Szczucin,powiat dąbrowski,1790
27,Liczba mieszkańców na 1 pracownika socjalnego,2022,powiat,powiat gorlicki,powiat gorlicki,1627
27,Liczba mieszkańców na 1 pracownika socjalnego,2022,gmina,Biecz,powiat gorlicki,1800
27,Liczba mieszkańców na 1 pracownika socjalnego,2022,gmina,Bobowa,powiat gorlicki,1596
27,Liczba mieszkańców na 1 pracownika socjalnego,2022,gmina,Gorlice (miasto),powiat gorlicki,1614
27,Liczba mieszkańców na 1 pracownika socjalnego,2022,gmina,Gorlice (wieś),powiat gorlicki,1544
27,Liczba mieszkańców na 1 pracownika socjalnego,2022,gmina,Lipinki,powiat gorlicki,1678
27,Liczba mieszkańców na 1 pracownika socjalnego,2022,gmina,Łużna,powiat gorlicki,1672
27,Liczba mieszkańców na 1 pracownika socjalnego,2022,gmina,Moszczenica,powiat gorlicki,1224
27,Liczba mieszkańców na 1 pracownika socjalnego,2022,gmina,Ropa,powiat gorlicki,1838
27,Liczba mieszkańców na 1 pracownika socjalnego,2022,gmina,Sękowa,powiat gorlicki,1637
27,Liczba mieszkańców na 1 pracownika socjalnego,2022,gmina,Uście Gorlickie,powiat gorlicki,1703
27,Liczba mieszkańców na 1 pracownika socjalnego,2022,powiat,powiat krakowski,powiat krakowski,2502
27,Liczba mieszkańców na 1 pracownika socjalnego,2022,gmina,Czernichów,powiat krakowski,2196
27,Liczba mieszkańców na 1 pracownika socjalnego,2022,gmina,Igołomia-Wawrzeńczyce,powiat krakowski,1968
27,Liczba mieszkańców na 1 pracownika socjalnego,2022,gmina,Iwanowice,powiat krakowski,1956
27,Liczba mieszkańców na 1 pracownika socjalnego,2022,gmina,Jerzmanowice-Przeginia,powiat krakowski,2799
27,Liczba mieszkańców na 1 pracownika socjalnego,2022,gmina,Kocmyrzów-Luborzyca,powiat krakowski,2994
27,Liczba mieszkańców na 1 pracownika socjalnego,2022,gmina,Krzeszowice,powiat krakowski,2455
27,Liczba mieszkańców na 1 pracownika socjalnego,2022,gmina,Liszki,powiat krakowski,3069
27,Liczba mieszkańców na 1 pracownika socjalnego,2022,gmina,Michałowice,powiat krakowski,3293
27,Liczba mieszkańców na 1 pracownika socjalnego,2022,gmina,Mogilany,powiat krakowski,2024
27,Liczba mieszkańców na 1 pracownika socjalnego,2022,gmina,Skała,powiat krakowski,2736
27,Liczba mieszkańców na 1 pracownika socjalnego,2022,gmina,Skawina,powiat krakowski,2201
27,Liczba mieszkańców na 1 pracownika socjalnego,2022,gmina,Słomniki,powiat krakowski,1969
27,Liczba mieszkańców na 1 pracownika socjalnego,2022,gmina,Sułoszowa,powiat krakowski,1426
27,Liczba mieszkańców na 1 pracownika socjalnego,2022,gmina,Świątniki Górne,powiat krakowski,2774
27,Liczba mieszkańców na 1 pracownika socjalnego,2022,gmina,Wielka Wieś,powiat krakowski,2741
27,Liczba mieszkańców na 1 pracownika socjalnego,2022,gmina,Zabierzów,powiat krakowski,3658
27,Liczba mieszkańców na 1 pracownika socjalnego,2022,gmina,Zielonki,powiat krakowski,2716
27,Liczba mieszkańców na 1 pracownika socjalnego,2022,powiat,powiat limanowski,powiat limanowski,2055
27,Liczba mieszkańców na 1 pracownika socjalnego,2022,gmina,Dobra,powiat limanowski,1444
27,Liczba mieszkańców na 1 pracownika socjalnego,2022,gmina,Jodłownik,powiat limanowski,2920
27,Liczba mieszkańców na 1 pracownika socjalnego,2022,gmina,Kamienica,powiat limanowski,1956
27,Liczba mieszkańców na 1 pracownika socjalnego,2022,gmina,Laskowa,powiat limanowski,1637
27,Liczba mieszkańców na 1 pracownika socjalnego,2022,gmina,Limanowa (miasto),powiat limanowski,1613
27,Liczba mieszkańców na 1 pracownika socjalnego,2022,gmina,Limanowa (wieś),powiat limanowski,2356
27,Liczba mieszkańców na 1 pracownika socjalnego,2022,gmina,Łukowica,powiat limanowski,2030
27,Liczba mieszkańców na 1 pracownika socjalnego,2022,gmina,Mszana Dolna (miasto),powiat limanowski,2606
27,Liczba mieszkańców na 1 pracownika socjalnego,2022,gmina,Mszana Dolna (wieś),powiat limanowski,2520
27,Liczba mieszkańców na 1 pracownika socjalnego,2022,gmina,Niedźwiedź,powiat limanowski,1833
27,Liczba mieszkańców na 1 pracownika socjalnego,2022,gmina,Słopnice,powiat limanowski,2305
27,Liczba mieszkańców na 1 pracownika socjalnego,2022,gmina,Tymbark,powiat limanowski,2132
27,Liczba mieszkańców na 1 pracownika socjalnego,2022,powiat,powiat m. Kraków,powiat m. Kraków,2165
27,Liczba mieszkańców na 1 pracownika socjalnego,2022,powiat,powiat m. Nowy Sącz,powiat m. Nowy Sącz,1679
27,Liczba mieszkańców na 1 pracownika socjalnego,2022,powiat,powiat m. Tarnów,powiat m. Tarnów,1704
27,Liczba mieszkańców na 1 pracownika socjalnego,2022,powiat,powiat miechowski,powiat miechowski,1678
27,Liczba mieszkańców na 1 pracownika socjalnego,2022,gmina,Charsznica,powiat miechowski,1782
27,Liczba mieszkańców na 1 pracownika socjalnego,2022,gmina,Gołcza,powiat miechowski,1992
27,Liczba mieszkańców na 1 pracownika socjalnego,2022,gmina,Kozłów,powiat miechowski,1480
27,Liczba mieszkańców na 1 pracownika socjalnego,2022,gmina,Książ Wielki,powiat miechowski,1626
27,Liczba mieszkańców na 1 pracownika socjalnego,2022,gmina,Miechów,powiat miechowski,1880
27,Liczba mieszkańców na 1 pracownika socjalnego,2022,gmina,Racławice,powiat miechowski,1214
27,Liczba mieszkańców na 1 pracownika socjalnego,2022,gmina,Słaboszów,powiat miechowski,1115
27,Liczba mieszkańców na 1 pracownika socjalnego,2022,powiat,powiat myślenicki,powiat myślenicki,2196
27,Liczba mieszkańców na 1 pracownika socjalnego,2022,gmina,Dobczyce,powiat myślenicki,2216
27,Liczba mieszkańców na 1 pracownika socjalnego,2022,gmina,Lubień,powiat myślenicki,2518
27,Liczba mieszkańców na 1 pracownika socjalnego,2022,gmina,Myślenice,powiat myślenicki,1892
27,Liczba mieszkańców na 1 pracownika socjalnego,2022,gmina,Pcim,powiat myślenicki,2781
27,Liczba mieszkańców na 1 pracownika socjalnego,2022,gmina,Raciechowice,powiat myślenicki,2136
27,Liczba mieszkańców na 1 pracownika socjalnego,2022,gmina,Siepraw,powiat myślenicki,3186
27,Liczba mieszkańców na 1 pracownika socjalnego,2022,gmina,Sułkowice,powiat myślenicki,2166
27,Liczba mieszkańców na 1 pracownika socjalnego,2022,gmina,Tokarnia,powiat myślenicki,2930
27,Liczba mieszkańców na 1 pracownika socjalnego,2022,gmina,Wiśniowa,powiat myślenicki,1878
27,Liczba mieszkańców na 1 pracownika socjalnego,2022,powiat,powiat nowosądecki,powiat nowosądecki,1972
27,Liczba mieszkańców na 1 pracownika socjalnego,2022,gmina,Podegrodzie,powiat nowosądecki,967
27,Liczba mieszkańców na 1 pracownika socjalnego,2022,gmina,Rytro,powiat nowosądecki,734
27,Liczba mieszkańców na 1 pracownika socjalnego,2022,gmina,Stary Sącz,powiat nowosądecki,5888
27,Liczba mieszkańców na 1 pracownika socjalnego,2022,gmina,Chełmiec,powiat nowosądecki,2957
27,Liczba mieszkańców na 1 pracownika socjalnego,2022,gmina,Gródek nad Dunajcem,powiat nowosądecki,1489
27,Liczba mieszkańców na 1 pracownika socjalnego,2022,gmina,Grybów (miasto),powiat nowosądecki,744
27,Liczba mieszkańców na 1 pracownika socjalnego,2022,gmina,Grybów (wieś),powiat nowosądecki,2817
27,Liczba mieszkańców na 1 pracownika socjalnego,2022,gmina,Kamionka Wielka,powiat nowosądecki,3480
27,Liczba mieszkańców na 1 pracownika socjalnego,2022,gmina,Korzenna,powiat nowosądecki,1796
27,Liczba mieszkańców na 1 pracownika socjalnego,2022,gmina,Krynica-Zdrój,powiat nowosądecki,3940
27,Liczba mieszkańców na 1 pracownika socjalnego,2022,gmina,Łabowa,powiat nowosądecki,993
27,Liczba mieszkańców na 1 pracownika socjalnego,2022,gmina,Łącko,powiat nowosądecki,2775
27,Liczba mieszkańców na 1 pracownika socjalnego,2022,gmina,Łososina Dolna,powiat nowosądecki,2233
27,Liczba mieszkańców na 1 pracownika socjalnego,2022,gmina,Muszyna,powiat nowosądecki,1858
27,Liczba mieszkańców na 1 pracownika socjalnego,2022,gmina,Nawojowa,powiat nowosądecki,2948
27,Liczba mieszkańców na 1 pracownika socjalnego,2022,gmina,Piwniczna-Zdrój,powiat nowosądecki,836
27,Liczba mieszkańców na 1 pracownika socjalnego,2022,powiat,powiat nowotarski,powiat nowotarski,2237
27,Liczba mieszkańców na 1 pracownika socjalnego,2022,gmina,Czarny Dunajec,powiat nowotarski,3159
27,Liczba mieszkańców na 1 pracownika socjalnego,2022,gmina,Czorsztyn,powiat nowotarski,1898
27,Liczba mieszkańców na 1 pracownika socjalnego,2022,gmina,Jabłonka,powiat nowotarski,3819
27,Liczba mieszkańców na 1 pracownika socjalnego,2022,gmina,Krościenko nad Dunajcem,powiat nowotarski,2223
27,Liczba mieszkańców na 1 pracownika socjalnego,2022,gmina,Lipnica Wielka,powiat nowotarski,1514
27,Liczba mieszkańców na 1 pracownika socjalnego,2022,gmina,Łapsze Niżne,powiat nowotarski,2314
27,Liczba mieszkańców na 1 pracownika socjalnego,2022,gmina,Nowy Targ (miasto),powiat nowotarski,2759
27,Liczba mieszkańców na 1 pracownika socjalnego,2022,gmina,Nowy Targ (wieś),powiat nowotarski,2402
27,Liczba mieszkańców na 1 pracownika socjalnego,2022,gmina,Ochotnica Dolna,powiat nowotarski,1687
27,Liczba mieszkańców na 1 pracownika socjalnego,2022,gmina,Raba Wyżna,powiat nowotarski,1605
27,Liczba mieszkańców na 1 pracownika socjalnego,2022,gmina,Rabka-Zdrój,powiat nowotarski,2382
27,Liczba mieszkańców na 1 pracownika socjalnego,2022,gmina,Spytkowice,powiat nowotarski,938
27,Liczba mieszkańców na 1 pracownika socjalnego,2022,gmina,Szaflary,powiat nowotarski,1876
27,Liczba mieszkańców na 1 pracownika socjalnego,2022,gmina,Szczawnica,powiat nowotarski,1683
27,Liczba mieszkańców na 1 pracownika socjalnego,2022,powiat,powiat olkuski,powiat olkuski,2137
27,Liczba mieszkańców na 1 pracownika socjalnego,2022,gmina,Bolesław,powiat olkuski,1897
27,Liczba mieszkańców na 1 pracownika socjalnego,2022,gmina,Bukowno,powiat olkuski,1921
27,Liczba mieszkańców na 1 pracownika socjalnego,2022,gmina,Klucze,powiat olkuski,1620
27,Liczba mieszkańców na 1 pracownika socjalnego,2022,gmina,Olkusz,powiat olkuski,2304
27,Liczba mieszkańców na 1 pracownika socjalnego,2022,gmina,Trzyciąż,powiat olkuski,2314
27,Liczba mieszkańców na 1 pracownika socjalnego,2022,gmina,Wolbrom,powiat olkuski,2450
27,Liczba mieszkańców na 1 pracownika socjalnego,2022,powiat,powiat oświęcimski,powiat oświęcimski,1890
27,Liczba mieszkańców na 1 pracownika socjalnego,2022,gmina,Brzeszcze,powiat oświęcimski,2055
27,Liczba mieszkańców na 1 pracownika socjalnego,2022,gmina,Chełmek,powiat oświęcimski,1769
27,Liczba mieszkańców na 1 pracownika socjalnego,2022,gmina,Kęty,powiat oświęcimski,2087
27,Liczba mieszkańców na 1 pracownika socjalnego,2022,gmina,Osiek,powiat oświęcimski,2039
27,Liczba mieszkańców na 1 pracownika socjalnego,2022,gmina,Oświęcim (miasto),powiat oświęcimski,1567
27,Liczba mieszkańców na 1 pracownika socjalnego,2022,gmina,Oświęcim (wieś),powiat oświęcimski,1893
27,Liczba mieszkańców na 1 pracownika socjalnego,2022,gmina,Polanka Wielka,powiat oświęcimski,2156
27,Liczba mieszkańców na 1 pracownika socjalnego,2022,gmina,Przeciszów,powiat oświęcimski,2138
27,Liczba mieszkańców na 1 pracownika socjalnego,2022,gmina,Zator,powiat oświęcimski,2281
27,Liczba mieszkańców na 1 pracownika socjalnego,2022,powiat,powiat proszowicki,powiat proszowicki,2113
27,Liczba mieszkańców na 1 pracownika socjalnego,2022,gmina,Koniusza,powiat proszowicki,3021
27,Liczba mieszkańców na 1 pracownika socjalnego,2022,gmina,Koszyce,powiat proszowicki,1756
27,Liczba mieszkańców na 1 pracownika socjalnego,2022,gmina,Nowe Brzesko,powiat proszowicki,1884
27,Liczba mieszkańców na 1 pracownika socjalnego,2022,gmina,Pałecznica,powiat proszowicki,1742
27,Liczba mieszkańców na 1 pracownika socjalnego,2022,gmina,Proszowice,powiat proszowicki,1948
27,Liczba mieszkańców na 1 pracownika socjalnego,2022,gmina,Radziemice,powiat proszowicki,3212
27,Liczba mieszkańców na 1 pracownika socjalnego,2022,powiat,powiat suski,powiat suski,1979
27,Liczba mieszkańców na 1 pracownika socjalnego,2022,gmina,Budzów,powiat suski,2212
27,Liczba mieszkańców na 1 pracownika socjalnego,2022,gmina,Bystra-Sidzina,powiat suski,2265
27,Liczba mieszkańców na 1 pracownika socjalnego,2022,gmina,Jordanów (miasto),powiat suski,1355
27,Liczba mieszkańców na 1 pracownika socjalnego,2022,gmina,Jordanów (wieś),powiat suski,1863
27,Liczba mieszkańców na 1 pracownika socjalnego,2022,gmina,Maków Podhalański,powiat suski,1975
27,Liczba mieszkańców na 1 pracownika socjalnego,2022,gmina,Stryszawa,powiat suski,2381
27,Liczba mieszkańców na 1 pracownika socjalnego,2022,gmina,Sucha Beskidzka,powiat suski,1785
27,Liczba mieszkańców na 1 pracownika socjalnego,2022,gmina,Zawoja,powiat suski,2209
27,Liczba mieszkańców na 1 pracownika socjalnego,2022,gmina,Zembrzyce,powiat suski,1805
27,Liczba mieszkańców na 1 pracownika socjalnego,2022,powiat,powiat tarnowski,powiat tarnowski,2247
27,Liczba mieszkańców na 1 pracownika socjalnego,2022,gmina,Ciężkowice,powiat tarnowski,1575
27,Liczba mieszkańców na 1 pracownika socjalnego,2022,gmina,Gromnik,powiat tarnowski,1745
27,Liczba mieszkańców na 1 pracownika socjalnego,2022,gmina,Lisia Góra,powiat tarnowski,3107
27,Liczba mieszkańców na 1 pracownika socjalnego,2022,gmina,Pleśna,powiat tarnowski,2354
27,Liczba mieszkańców na 1 pracownika socjalnego,2022,gmina,Radłów,powiat tarnowski,1882
27,Liczba mieszkańców na 1 pracownika socjalnego,2022,gmina,Ryglice,powiat tarnowski,2251
27,Liczba mieszkańców na 1 pracownika socjalnego,2022,gmina,Rzepiennik Strzyżewski,powiat tarnowski,1643
27,Liczba mieszkańców na 1 pracownika socjalnego,2022,gmina,Skrzyszów,powiat tarnowski,3539
27,Liczba mieszkańców na 1 pracownika socjalnego,2022,gmina,Szerzyny,powiat tarnowski,1881
27,Liczba mieszkańców na 1 pracownika socjalnego,2022,gmina,Tarnów (wieś),powiat tarnowski,2929
27,Liczba mieszkańców na 1 pracownika socjalnego,2022,gmina,Tuchów,powiat tarnowski,1896
27,Liczba mieszkańców na 1 pracownika socjalnego,2022,gmina,Wierzchosławice,powiat tarnowski,2116
27,Liczba mieszkańców na 1 pracownika socjalnego,2022,gmina,Wietrzychowice,powiat tarnowski,1880
27,Liczba mieszkańców na 1 pracownika socjalnego,2022,gmina,Wojnicz,powiat tarnowski,2621
27,Liczba mieszkańców na 1 pracownika socjalnego,2022,gmina,Zakliczyn,powiat tarnowski,1767
27,Liczba mieszkańców na 1 pracownika socjalnego,2022,gmina,Żabno,powiat tarnowski,2643
27,Liczba mieszkańców na 1 pracownika socjalnego,2022,powiat,powiat tatrzański,powiat tatrzański,2219
27,Liczba mieszkańców na 1 pracownika socjalnego,2022,gmina,Biały Dunajec,powiat tatrzański,1708
27,Liczba mieszkańców na 1 pracownika socjalnego,2022,gmina,Bukowina Tatrzańska,powiat tatrzański,2701
27,Liczba mieszkańców na 1 pracownika socjalnego,2022,gmina,Kościelisko,powiat tatrzański,2266
27,Liczba mieszkańców na 1 pracownika socjalnego,2022,gmina,Poronin,powiat tatrzański,1963
27,Liczba mieszkańców na 1 pracownika socjalnego,2022,gmina,Zakopane,powiat tatrzański,2308
27,Liczba mieszkańców na 1 pracownika socjalnego,2022,powiat,powiat wadowicki,powiat wadowicki,2024
27,Liczba mieszkańców na 1 pracownika socjalnego,2022,gmina,Andrychów,powiat wadowicki,1834
27,Liczba mieszkańców na 1 pracownika socjalnego,2022,gmina,Brzeźnica,powiat wadowicki,1794
27,Liczba mieszkańców na 1 pracownika socjalnego,2022,gmina,Kalwaria Zebrzydowska,powiat wadowicki,1533
27,Liczba mieszkańców na 1 pracownika socjalnego,2022,gmina,Lanckorona,powiat wadowicki,2083
27,Liczba mieszkańców na 1 pracownika socjalnego,2022,gmina,Mucharz,powiat wadowicki,2076
27,Liczba mieszkańców na 1 pracownika socjalnego,2022,gmina,Spytkowice,powiat wadowicki,2531
27,Liczba mieszkańców na 1 pracownika socjalnego,2022,gmina,Stryszów,powiat wadowicki,2267
27,Liczba mieszkańców na 1 pracownika socjalnego,2022,gmina,Tomice,powiat wadowicki,2052
27,Liczba mieszkańców na 1 pracownika socjalnego,2022,gmina,Wadowice,powiat wadowicki,2296
27,Liczba mieszkańców na 1 pracownika socjalnego,2022,gmina,Wieprz,powiat wadowicki,3178
27,Liczba mieszkańców na 1 pracownika socjalnego,2022,powiat,powiat wielicki,powiat wielicki,2680
27,Liczba mieszkańców na 1 pracownika socjalnego,2022,gmina,Biskupice,powiat wielicki,1926
27,Liczba mieszkańców na 1 pracownika socjalnego,2022,gmina,Gdów,powiat wielicki,2064
27,Liczba mieszkańców na 1 pracownika socjalnego,2022,gmina,Kłaj,powiat wielicki,1586
27,Liczba mieszkańców na 1 pracownika socjalnego,2022,gmina,Niepołomice,powiat wielicki,4098
27,Liczba mieszkańców na 1 pracownika socjalnego,2022,gmina,Wieliczka,powiat wielicki,2958
27,Liczba mieszkańców na 1 pracownika socjalnego,2021,powiat,powiat bocheński,powiat bocheński,1810
27,Liczba mieszkańców na 1 pracownika socjalnego,2021,gmina,Bochnia (miasto),powiat bocheński,1543
27,Liczba mieszkańców na 1 pracownika socjalnego,2021,gmina,Bochnia (wieś),powiat bocheński,2518
27,Liczba mieszkańców na 1 pracownika socjalnego,2021,gmina,Drwinia,powiat bocheński,2163
27,Liczba mieszkańców na 1 pracownika socjalnego,2021,gmina,Lipnica Murowana,powiat bocheński,1410
27,Liczba mieszkańców na 1 pracownika socjalnego,2021,gmina,Łapanów,powiat bocheński,1374
27,Liczba mieszkańców na 1 pracownika socjalnego,2021,gmina,Nowy Wiśnicz,powiat bocheński,2378
27,Liczba mieszkańców na 1 pracownika socjalnego,2021,gmina,Rzezawa,powiat bocheński,1635
27,Liczba mieszkańców na 1 pracownika socjalnego,2021,gmina,Trzciana,powiat bocheński,1885
27,Liczba mieszkańców na 1 pracownika socjalnego,2021,gmina,Żegocina,powiat bocheński,1869
27,Liczba mieszkańców na 1 pracownika socjalnego,2021,powiat,powiat brzeski,powiat brzeski,2156
27,Liczba mieszkańców na 1 pracownika socjalnego,2021,gmina,Borzęcin,powiat brzeski,2751
27,Liczba mieszkańców na 1 pracownika socjalnego,2021,gmina,Brzesko,powiat brzeski,1806
27,Liczba mieszkańców na 1 pracownika socjalnego,2021,gmina,Czchów,powiat brzeski,2436
27,Liczba mieszkańców na 1 pracownika socjalnego,2021,gmina,Dębno,powiat brzeski,2459
27,Liczba mieszkańców na 1 pracownika socjalnego,2021,gmina,Gnojnik,powiat brzeski,2668
27,Liczba mieszkańców na 1 pracownika socjalnego,2021,gmina,Iwkowa,powiat brzeski,2180
27,Liczba mieszkańców na 1 pracownika socjalnego,2021,gmina,Szczurowa,powiat brzeski,2329
27,Liczba mieszkańców na 1 pracownika socjalnego,2021,powiat,powiat chrzanowski,powiat chrzanowski,1532
27,Liczba mieszkańców na 1 pracownika socjalnego,2021,gmina,Alwernia,powiat chrzanowski,953
27,Liczba mieszkańców na 1 pracownika socjalnego,2021,gmina,Babice,powiat chrzanowski,1810
27,Liczba mieszkańców na 1 pracownika socjalnego,2021,gmina,Chrzanów,powiat chrzanowski,1832
27,Liczba mieszkańców na 1 pracownika socjalnego,2021,gmina,Libiąż,powiat chrzanowski,1374
27,Liczba mieszkańców na 1 pracownika socjalnego,2021,gmina,Trzebinia,powiat chrzanowski,1589
27,Liczba mieszkańców na 1 pracownika socjalnego,2021,powiat,powiat dąbrowski,powiat dąbrowski,1630
27,Liczba mieszkańców na 1 pracownika socjalnego,2021,gmina,Bolesław,powiat dąbrowski,1274
27,Liczba mieszkańców na 1 pracownika socjalnego,2021,gmina,Dąbrowa Tarnowska,powiat dąbrowski,1511
27,Liczba mieszkańców na 1 pracownika socjalnego,2021,gmina,Gręboszów,powiat dąbrowski,816
27,Liczba mieszkańców na 1 pracownika socjalnego,2021,gmina,Mędrzechów,powiat dąbrowski,1698
27,Liczba mieszkańców na 1 pracownika socjalnego,2021,gmina,Olesno,powiat dąbrowski,2627
27,Liczba mieszkańców na 1 pracownika socjalnego,2021,gmina,Radgoszcz,powiat dąbrowski,1857
27,Liczba mieszkańców na 1 pracownika socjalnego,2021,gmina,Szczucin,powiat dąbrowski,1855
27,Liczba mieszkańców na 1 pracownika socjalnego,2021,powiat,powiat gorlicki,powiat gorlicki,1739
27,Liczba mieszkańców na 1 pracownika socjalnego,2021,gmina,Biecz,powiat gorlicki,1843
27,Liczba mieszkańców na 1 pracownika socjalnego,2021,gmina,Bobowa,powiat gorlicki,1958
27,Liczba mieszkańców na 1 pracownika socjalnego,2021,gmina,Gorlice (miasto),powiat gorlicki,1659
27,Liczba mieszkańców na 1 pracownika socjalnego,2021,gmina,Gorlice (wieś),powiat gorlicki,1567
27,Liczba mieszkańców na 1 pracownika socjalnego,2021,gmina,Lipinki,powiat gorlicki,1696
27,Liczba mieszkańców na 1 pracownika socjalnego,2021,gmina,Łużna,powiat gorlicki,1704
27,Liczba mieszkańców na 1 pracownika socjalnego,2021,gmina,Moszczenica,powiat gorlicki,1667
27,Liczba mieszkańców na 1 pracownika socjalnego,2021,gmina,Ropa,powiat gorlicki,2768
27,Liczba mieszkańców na 1 pracownika socjalnego,2021,gmina,Sękowa,powiat gorlicki,1646
27,Liczba mieszkańców na 1 pracownika socjalnego,2021,gmina,Uście Gorlickie,powiat gorlicki,1725
27,Liczba mieszkańców na 1 pracownika socjalnego,2021,powiat,powiat krakowski,powiat krakowski,2346
27,Liczba mieszkańców na 1 pracownika socjalnego,2021,gmina,Czernichów,powiat krakowski,2470
27,Liczba mieszkańców na 1 pracownika socjalnego,2021,gmina,Igołomia-Wawrzeńczyce,powiat krakowski,1922
27,Liczba mieszkańców na 1 pracownika socjalnego,2021,gmina,Iwanowice,powiat krakowski,1853
27,Liczba mieszkańców na 1 pracownika socjalnego,2021,gmina,Jerzmanowice-Przeginia,powiat krakowski,2731
27,Liczba mieszkańców na 1 pracownika socjalnego,2021,gmina,Kocmyrzów-Luborzyca,powiat krakowski,2705
27,Liczba mieszkańców na 1 pracownika socjalnego,2021,gmina,Krzeszowice,powiat krakowski,2459
27,Liczba mieszkańców na 1 pracownika socjalnego,2021,gmina,Liszki,powiat krakowski,2200
27,Liczba mieszkańców na 1 pracownika socjalnego,2021,gmina,Michałowice,powiat krakowski,2228
27,Liczba mieszkańców na 1 pracownika socjalnego,2021,gmina,Mogilany,powiat krakowski,1832
27,Liczba mieszkańców na 1 pracownika socjalnego,2021,gmina,Skała,powiat krakowski,2121
27,Liczba mieszkańców na 1 pracownika socjalnego,2021,gmina,Skawina,powiat krakowski,2189
27,Liczba mieszkańców na 1 pracownika socjalnego,2021,gmina,Słomniki,powiat krakowski,2252
27,Liczba mieszkańców na 1 pracownika socjalnego,2021,gmina,Sułoszowa,powiat krakowski,1916
27,Liczba mieszkańców na 1 pracownika socjalnego,2021,gmina,Świątniki Górne,powiat krakowski,2601
27,Liczba mieszkańców na 1 pracownika socjalnego,2021,gmina,Wielka Wieś,powiat krakowski,2282
27,Liczba mieszkańców na 1 pracownika socjalnego,2021,gmina,Zabierzów,powiat krakowski,3429
27,Liczba mieszkańców na 1 pracownika socjalnego,2021,gmina,Zielonki,powiat krakowski,2434
27,Liczba mieszkańców na 1 pracownika socjalnego,2021,powiat,powiat limanowski,powiat limanowski,1945
27,Liczba mieszkańców na 1 pracownika socjalnego,2021,gmina,Dobra,powiat limanowski,1115
27,Liczba mieszkańców na 1 pracownika socjalnego,2021,gmina,Jodłownik,powiat limanowski,2918
27,Liczba mieszkańców na 1 pracownika socjalnego,2021,gmina,Kamienica,powiat limanowski,1578
27,Liczba mieszkańców na 1 pracownika socjalnego,2021,gmina,Laskowa,powiat limanowski,2050
27,Liczba mieszkańców na 1 pracownika socjalnego,2021,gmina,Limanowa (miasto),powiat limanowski,1501
27,Liczba mieszkańców na 1 pracownika socjalnego,2021,gmina,Limanowa (wieś),powiat limanowski,2355
27,Liczba mieszkańców na 1 pracownika socjalnego,2021,gmina,Łukowica,powiat limanowski,2043
27,Liczba mieszkańców na 1 pracownika socjalnego,2021,gmina,Mszana Dolna (miasto),powiat limanowski,1969
27,Liczba mieszkańców na 1 pracownika socjalnego,2021,gmina,Mszana Dolna (wieś),powiat limanowski,2511
27,Liczba mieszkańców na 1 pracownika socjalnego,2021,gmina,Niedźwiedź,powiat limanowski,1842
27,Liczba mieszkańców na 1 pracownika socjalnego,2021,gmina,Słopnice,powiat limanowski,2284
27,Liczba mieszkańców na 1 pracownika socjalnego,2021,gmina,Tymbark,powiat limanowski,2201
27,Liczba mieszkańców na 1 pracownika socjalnego,2021,powiat,powiat m. Kraków,powiat m. Kraków,2091
27,Liczba mieszkańców na 1 pracownika socjalnego,2021,powiat,powiat m. Nowy Sącz,powiat m. Nowy Sącz,1662
27,Liczba mieszkańców na 1 pracownika socjalnego,2021,powiat,powiat m. Tarnów,powiat m. Tarnów,1826
27,Liczba mieszkańców na 1 pracownika socjalnego,2021,powiat,powiat miechowski,powiat miechowski,1657
27,Liczba mieszkańców na 1 pracownika socjalnego,2021,gmina,Charsznica,powiat miechowski,1826
27,Liczba mieszkańców na 1 pracownika socjalnego,2021,gmina,Gołcza,powiat miechowski,2014
27,Liczba mieszkańców na 1 pracownika socjalnego,2021,gmina,Kozłów,powiat miechowski,1510
27,Liczba mieszkańców na 1 pracownika socjalnego,2021,gmina,Książ Wielki,powiat miechowski,1666
27,Liczba mieszkańców na 1 pracownika socjalnego,2021,gmina,Miechów,powiat miechowski,1926
27,Liczba mieszkańców na 1 pracownika socjalnego,2021,gmina,Racławice,powiat miechowski,824
27,Liczba mieszkańców na 1 pracownika socjalnego,2021,gmina,Słaboszów,powiat miechowski,1148
27,Liczba mieszkańców na 1 pracownika socjalnego,2021,powiat,powiat myślenicki,powiat myślenicki,2250
27,Liczba mieszkańców na 1 pracownika socjalnego,2021,gmina,Dobczyce,powiat myślenicki,2194
27,Liczba mieszkańców na 1 pracownika socjalnego,2021,gmina,Lubień,powiat myślenicki,2522
27,Liczba mieszkańców na 1 pracownika socjalnego,2021,gmina,Myślenice,powiat myślenicki,2127
27,Liczba mieszkańców na 1 pracownika socjalnego,2021,gmina,Pcim,powiat myślenicki,2776
27,Liczba mieszkańców na 1 pracownika socjalnego,2021,gmina,Raciechowice,powiat myślenicki,2152
27,Liczba mieszkańców na 1 pracownika socjalnego,2021,gmina,Siepraw,powiat myślenicki,3061
27,Liczba mieszkańców na 1 pracownika socjalnego,2021,gmina,Sułkowice,powiat myślenicki,1894
27,Liczba mieszkańców na 1 pracownika socjalnego,2021,gmina,Tokarnia,powiat myślenicki,2939
27,Liczba mieszkańców na 1 pracownika socjalnego,2021,gmina,Wiśniowa,powiat myślenicki,1853
27,Liczba mieszkańców na 1 pracownika socjalnego,2021,powiat,powiat nowosądecki,powiat nowosądecki,2048
27,Liczba mieszkańców na 1 pracownika socjalnego,2021,gmina,Podegrodzie,powiat nowosądecki,2693
27,Liczba mieszkańców na 1 pracownika socjalnego,2021,gmina,Rytro,powiat nowosądecki,1246
27,Liczba mieszkańców na 1 pracownika socjalnego,2021,gmina,Stary Sącz,powiat nowosądecki,1983
27,Liczba mieszkańców na 1 pracownika socjalnego,2021,gmina,Chełmiec,powiat nowosądecki,2083
27,Liczba mieszkańców na 1 pracownika socjalnego,2021,gmina,Gródek nad Dunajcem,powiat nowosądecki,1840
27,Liczba mieszkańców na 1 pracownika socjalnego,2021,gmina,Grybów (miasto),powiat nowosądecki,1484
27,Liczba mieszkańców na 1 pracownika socjalnego,2021,gmina,Grybów (wieś),powiat nowosądecki,3208
27,Liczba mieszkańców na 1 pracownika socjalnego,2021,gmina,Kamionka Wielka,powiat nowosądecki,1750
27,Liczba mieszkańców na 1 pracownika socjalnego,2021,gmina,Korzenna,powiat nowosądecki,1818
27,Liczba mieszkańców na 1 pracownika socjalnego,2021,gmina,Krynica-Zdrój,powiat nowosądecki,1826
27,Liczba mieszkańców na 1 pracownika socjalnego,2021,gmina,Łabowa,powiat nowosądecki,2036
27,Liczba mieszkańców na 1 pracownika socjalnego,2021,gmina,Łącko,powiat nowosądecki,2079
27,Liczba mieszkańców na 1 pracownika socjalnego,2021,gmina,Łososina Dolna,powiat nowosądecki,2798
27,Liczba mieszkańców na 1 pracownika socjalnego,2021,gmina,Muszyna,powiat nowosądecki,1911
27,Liczba mieszkańców na 1 pracownika socjalnego,2021,gmina,Nawojowa,powiat nowosądecki,1466
27,Liczba mieszkańców na 1 pracownika socjalnego,2021,gmina,Piwniczna-Zdrój,powiat nowosądecki,2100
27,Liczba mieszkańców na 1 pracownika socjalnego,2021,powiat,powiat nowotarski,powiat nowotarski,2149
27,Liczba mieszkańców na 1 pracownika socjalnego,2021,gmina,Czarny Dunajec,powiat nowotarski,3222
27,Liczba mieszkańców na 1 pracownika socjalnego,2021,gmina,Czorsztyn,powiat nowotarski,1913
27,Liczba mieszkańców na 1 pracownika socjalnego,2021,gmina,Jabłonka,powiat nowotarski,2348
27,Liczba mieszkańców na 1 pracownika socjalnego,2021,gmina,Krościenko nad Dunajcem,powiat nowotarski,2238
27,Liczba mieszkańców na 1 pracownika socjalnego,2021,gmina,Lipnica Wielka,powiat nowotarski,1490
27,Liczba mieszkańców na 1 pracownika socjalnego,2021,gmina,Łapsze Niżne,powiat nowotarski,3114
27,Liczba mieszkańców na 1 pracownika socjalnego,2021,gmina,Nowy Targ (miasto),powiat nowotarski,2758
27,Liczba mieszkańców na 1 pracownika socjalnego,2021,gmina,Nowy Targ (wieś),powiat nowotarski,2411
27,Liczba mieszkańców na 1 pracownika socjalnego,2021,gmina,Ochotnica Dolna,powiat nowotarski,1694
27,Liczba mieszkańców na 1 pracownika socjalnego,2021,gmina,Raba Wyżna,powiat nowotarski,1636
27,Liczba mieszkańców na 1 pracownika socjalnego,2021,gmina,Rabka-Zdrój,powiat nowotarski,2418
27,Liczba mieszkańców na 1 pracownika socjalnego,2021,gmina,Spytkowice,powiat nowotarski,932
27,Liczba mieszkańców na 1 pracownika socjalnego,2021,gmina,Szaflary,powiat nowotarski,2239
27,Liczba mieszkańców na 1 pracownika socjalnego,2021,gmina,Szczawnica,powiat nowotarski,1006
27,Liczba mieszkańców na 1 pracownika socjalnego,2021,powiat,powiat olkuski,powiat olkuski,1989
27,Liczba mieszkańców na 1 pracownika socjalnego,2021,gmina,Bolesław,powiat olkuski,1925
27,Liczba mieszkańców na 1 pracownika socjalnego,2021,gmina,Bukowno,powiat olkuski,1975
27,Liczba mieszkańców na 1 pracownika socjalnego,2021,gmina,Klucze,powiat olkuski,1637
27,Liczba mieszkańców na 1 pracownika socjalnego,2021,gmina,Olkusz,powiat olkuski,1988
27,Liczba mieszkańców na 1 pracownika socjalnego,2021,gmina,Trzyciąż,powiat olkuski,2332
27,Liczba mieszkańców na 1 pracownika socjalnego,2021,gmina,Wolbrom,powiat olkuski,2240
27,Liczba mieszkańców na 1 pracownika socjalnego,2021,powiat,powiat oświęcimski,powiat oświęcimski,1968
27,Liczba mieszkańców na 1 pracownika socjalnego,2021,gmina,Brzeszcze,powiat oświęcimski,2325
27,Liczba mieszkańców na 1 pracownika socjalnego,2021,gmina,Chełmek,powiat oświęcimski,1589
27,Liczba mieszkańców na 1 pracownika socjalnego,2021,gmina,Kęty,powiat oświęcimski,2419
27,Liczba mieszkańców na 1 pracownika socjalnego,2021,gmina,Osiek,powiat oświęcimski,2063
27,Liczba mieszkańców na 1 pracownika socjalnego,2021,gmina,Oświęcim (miasto),powiat oświęcimski,1683
27,Liczba mieszkańców na 1 pracownika socjalnego,2021,gmina,Oświęcim (wieś),powiat oświęcimski,1861
27,Liczba mieszkańców na 1 pracownika socjalnego,2021,gmina,Polanka Wielka,powiat oświęcimski,2156
27,Liczba mieszkańców na 1 pracownika socjalnego,2021,gmina,Przeciszów,powiat oświęcimski,2221
27,Liczba mieszkańców na 1 pracownika socjalnego,2021,gmina,Zator,powiat oświęcimski,1838
27,Liczba mieszkańców na 1 pracownika socjalnego,2021,powiat,powiat proszowicki,powiat proszowicki,1946
27,Liczba mieszkańców na 1 pracownika socjalnego,2021,gmina,Koniusza,powiat proszowicki,3007
27,Liczba mieszkańców na 1 pracownika socjalnego,2021,gmina,Koszyce,powiat proszowicki,1776
27,Liczba mieszkańców na 1 pracownika socjalnego,2021,gmina,Nowe Brzesko,powiat proszowicki,1887
27,Liczba mieszkańców na 1 pracownika socjalnego,2021,gmina,Pałecznica,powiat proszowicki,1768
27,Liczba mieszkańców na 1 pracownika socjalnego,2021,gmina,Proszowice,powiat proszowicki,1774
27,Liczba mieszkańców na 1 pracownika socjalnego,2021,gmina,Radziemice,powiat proszowicki,1652
27,Liczba mieszkańców na 1 pracownika socjalnego,2021,powiat,powiat suski,powiat suski,2037
27,Liczba mieszkańców na 1 pracownika socjalnego,2021,gmina,Budzów,powiat suski,2222
27,Liczba mieszkańców na 1 pracownika socjalnego,2021,gmina,Bystra-Sidzina,powiat suski,2295
27,Liczba mieszkańców na 1 pracownika socjalnego,2021,gmina,Jordanów (miasto),powiat suski,1308
27,Liczba mieszkańców na 1 pracownika socjalnego,2021,gmina,Jordanów (wieś),powiat suski,1610
27,Liczba mieszkańców na 1 pracownika socjalnego,2021,gmina,Maków Podhalański,powiat suski,2263
27,Liczba mieszkańców na 1 pracownika socjalnego,2021,gmina,Stryszawa,powiat suski,2375
27,Liczba mieszkańców na 1 pracownika socjalnego,2021,gmina,Sucha Beskidzka,powiat suski,1793
27,Liczba mieszkańców na 1 pracownika socjalnego,2021,gmina,Zawoja,powiat suski,2999
27,Liczba mieszkańców na 1 pracownika socjalnego,2021,gmina,Zembrzyce,powiat suski,1859
27,Liczba mieszkańców na 1 pracownika socjalnego,2021,powiat,powiat tarnowski,powiat tarnowski,2255
27,Liczba mieszkańców na 1 pracownika socjalnego,2021,gmina,Ciężkowice,powiat tarnowski,1862
27,Liczba mieszkańców na 1 pracownika socjalnego,2021,gmina,Gromnik,powiat tarnowski,1780
27,Liczba mieszkańców na 1 pracownika socjalnego,2021,gmina,Lisia Góra,powiat tarnowski,3091
27,Liczba mieszkańców na 1 pracownika socjalnego,2021,gmina,Pleśna,powiat tarnowski,2372
27,Liczba mieszkańców na 1 pracownika socjalnego,2021,gmina,Radłów,powiat tarnowski,1912
27,Liczba mieszkańców na 1 pracownika socjalnego,2021,gmina,Ryglice,powiat tarnowski,2318
27,Liczba mieszkańców na 1 pracownika socjalnego,2021,gmina,Rzepiennik Strzyżewski,powiat tarnowski,1684
27,Liczba mieszkańców na 1 pracownika socjalnego,2021,gmina,Skrzyszów,powiat tarnowski,3590
27,Liczba mieszkańców na 1 pracownika socjalnego,2021,gmina,Szerzyny,powiat tarnowski,1953
27,Liczba mieszkańców na 1 pracownika socjalnego,2021,gmina,Tarnów (wieś),powiat tarnowski,2934
27,Liczba mieszkańców na 1 pracownika socjalnego,2021,gmina,Tuchów,powiat tarnowski,1957
27,Liczba mieszkańców na 1 pracownika socjalnego,2021,gmina,Wierzchosławice,powiat tarnowski,2149
27,Liczba mieszkańców na 1 pracownika socjalnego,2021,gmina,Wietrzychowice,powiat tarnowski,1954
27,Liczba mieszkańców na 1 pracownika socjalnego,2021,gmina,Wojnicz,powiat tarnowski,2649
27,Liczba mieszkańców na 1 pracownika socjalnego,2021,gmina,Zakliczyn,powiat tarnowski,1570
27,Liczba mieszkańców na 1 pracownika socjalnego,2021,gmina,Żabno,powiat tarnowski,2348
27,Liczba mieszkańców na 1 pracownika socjalnego,2021,powiat,powiat tatrzański,powiat tatrzański,2257
27,Liczba mieszkańców na 1 pracownika socjalnego,2021,gmina,Biały Dunajec,powiat tatrzański,1773
27,Liczba mieszkańców na 1 pracownika socjalnego,2021,gmina,Bukowina Tatrzańska,powiat tatrzański,2700
27,Liczba mieszkańców na 1 pracownika socjalnego,2021,gmina,Kościelisko,powiat tatrzański,1776
27,Liczba mieszkańców na 1 pracownika socjalnego,2021,gmina,Poronin,powiat tatrzański,1951
27,Liczba mieszkańców na 1 pracownika socjalnego,2021,gmina,Zakopane,powiat tatrzański,2654
27,Liczba mieszkańców na 1 pracownika socjalnego,2021,powiat,powiat wadowicki,powiat wadowicki,2014
27,Liczba mieszkańców na 1 pracownika socjalnego,2021,gmina,Andrychów,powiat wadowicki,2050
27,Liczba mieszkańców na 1 pracownika socjalnego,2021,gmina,Brzeźnica,powiat wadowicki,1759
27,Liczba mieszkańców na 1 pracownika socjalnego,2021,gmina,Kalwaria Zebrzydowska,powiat wadowicki,1536
27,Liczba mieszkańców na 1 pracownika socjalnego,2021,gmina,Lanckorona,powiat wadowicki,2070
27,Liczba mieszkańców na 1 pracownika socjalnego,2021,gmina,Mucharz,powiat wadowicki,2066
27,Liczba mieszkańców na 1 pracownika socjalnego,2021,gmina,Spytkowice,powiat wadowicki,2560
27,Liczba mieszkańców na 1 pracownika socjalnego,2021,gmina,Stryszów,powiat wadowicki,2281
27,Liczba mieszkańców na 1 pracownika socjalnego,2021,gmina,Tomice,powiat wadowicki,2060
27,Liczba mieszkańców na 1 pracownika socjalnego,2021,gmina,Wadowice,powiat wadowicki,2332
27,Liczba mieszkańców na 1 pracownika socjalnego,2021,gmina,Wieprz,powiat wadowicki,1795
27,Liczba mieszkańców na 1 pracownika socjalnego,2021,powiat,powiat wielicki,powiat wielicki,2451
27,Liczba mieszkańców na 1 pracownika socjalnego,2021,gmina,Biskupice,powiat wielicki,1777
27,Liczba mieszkańców na 1 pracownika socjalnego,2021,gmina,Gdów,powiat wielicki,1838
27,Liczba mieszkańców na 1 pracownika socjalnego,2021,gmina,Kłaj,powiat wielicki,1559
27,Liczba mieszkańców na 1 pracownika socjalnego,2021,gmina,Niepołomice,powiat wielicki,3781
27,Liczba mieszkańców na 1 pracownika socjalnego,2021,gmina,Wieliczka,powiat wielicki,2703
27,Liczba mieszkańców na 1 pracownika socjalnego,2020,powiat,powiat bocheński,powiat bocheński,1910
27,Liczba mieszkańców na 1 pracownika socjalnego,2020,gmina,Bochnia (miasto),powiat bocheński,1555
27,Liczba mieszkańców na 1 pracownika socjalnego,2020,gmina,Bochnia (wieś),powiat bocheński,2879
27,Liczba mieszkańców na 1 pracownika socjalnego,2020,gmina,Drwinia,powiat bocheński,2165
27,Liczba mieszkańców na 1 pracownika socjalnego,2020,gmina,Lipnica Murowana,powiat bocheński,1410
27,Liczba mieszkańców na 1 pracownika socjalnego,2020,gmina,Łapanów,powiat bocheński,1639
27,Liczba mieszkańców na 1 pracownika socjalnego,2020,gmina,Nowy Wiśnicz,powiat bocheński,2375
27,Liczba mieszkańców na 1 pracownika socjalnego,2020,gmina,Rzezawa,powiat bocheński,1633
27,Liczba mieszkańców na 1 pracownika socjalnego,2020,gmina,Trzciana,powiat bocheński,1882
27,Liczba mieszkańców na 1 pracownika socjalnego,2020,gmina,Żegocina,powiat bocheński,2791
27,Liczba mieszkańców na 1 pracownika socjalnego,2020,powiat,powiat brzeski,powiat brzeski,2164
27,Liczba mieszkańców na 1 pracownika socjalnego,2020,gmina,Borzęcin,powiat brzeski,1653
27,Liczba mieszkańców na 1 pracownika socjalnego,2020,gmina,Brzesko,powiat brzeski,1813
27,Liczba mieszkańców na 1 pracownika socjalnego,2020,gmina,Czchów,powiat brzeski,3271
27,Liczba mieszkańców na 1 pracownika socjalnego,2020,gmina,Dębno,powiat brzeski,2458
27,Liczba mieszkańców na 1 pracownika socjalnego,2020,gmina,Gnojnik,powiat brzeski,2673
27,Liczba mieszkańców na 1 pracownika socjalnego,2020,gmina,Iwkowa,powiat brzeski,3256
27,Liczba mieszkańców na 1 pracownika socjalnego,2020,gmina,Szczurowa,powiat brzeski,2352
27,Liczba mieszkańców na 1 pracownika socjalnego,2020,powiat,powiat chrzanowski,powiat chrzanowski,1527
27,Liczba mieszkańców na 1 pracownika socjalnego,2020,gmina,Alwernia,powiat chrzanowski,1249
27,Liczba mieszkańców na 1 pracownika socjalnego,2020,gmina,Babice,powiat chrzanowski,1817
27,Liczba mieszkańców na 1 pracownika socjalnego,2020,gmina,Chrzanów,powiat chrzanowski,1654
27,Liczba mieszkańców na 1 pracownika socjalnego,2020,gmina,Libiąż,powiat chrzanowski,1230
27,Liczba mieszkańców na 1 pracownika socjalnego,2020,gmina,Trzebinia,powiat chrzanowski,1682
27,Liczba mieszkańców na 1 pracownika socjalnego,2020,powiat,powiat dąbrowski,powiat dąbrowski,1638
27,Liczba mieszkańców na 1 pracownika socjalnego,2020,gmina,Bolesław,powiat dąbrowski,2586
27,Liczba mieszkańców na 1 pracownika socjalnego,2020,gmina,Dąbrowa Tarnowska,powiat dąbrowski,1412
27,Liczba mieszkańców na 1 pracownika socjalnego,2020,gmina,Gręboszów,powiat dąbrowski,1105
27,Liczba mieszkańców na 1 pracownika socjalnego,2020,gmina,Mędrzechów,powiat dąbrowski,1135
27,Liczba mieszkańców na 1 pracownika socjalnego,2020,gmina,Olesno,powiat dąbrowski,2643
27,Liczba mieszkańców na 1 pracownika socjalnego,2020,gmina,Radgoszcz,powiat dąbrowski,1863
27,Liczba mieszkańców na 1 pracownika socjalnego,2020,gmina,Szczucin,powiat dąbrowski,1872
27,Liczba mieszkańców na 1 pracownika socjalnego,2020,powiat,powiat gorlicki,powiat gorlicki,1722
27,Liczba mieszkańców na 1 pracownika socjalnego,2020,gmina,Biecz,powiat gorlicki,1860
27,Liczba mieszkańców na 1 pracownika socjalnego,2020,gmina,Bobowa,powiat gorlicki,1961
27,Liczba mieszkańców na 1 pracownika socjalnego,2020,gmina,Gorlice (miasto),powiat gorlicki,1686
27,Liczba mieszkańców na 1 pracownika socjalnego,2020,gmina,Gorlice (wieś),powiat gorlicki,1570
27,Liczba mieszkańców na 1 pracownika socjalnego,2020,gmina,Lipinki,powiat gorlicki,1700
27,Liczba mieszkańców na 1 pracownika socjalnego,2020,gmina,Łużna,powiat gorlicki,1703
27,Liczba mieszkańców na 1 pracownika socjalnego,2020,gmina,Moszczenica,powiat gorlicki,1675
27,Liczba mieszkańców na 1 pracownika socjalnego,2020,gmina,Ropa,powiat gorlicki,1845
27,Liczba mieszkańców na 1 pracownika socjalnego,2020,gmina,Sękowa,powiat gorlicki,1646
27,Liczba mieszkańców na 1 pracownika socjalnego,2020,gmina,Uście Gorlickie,powiat gorlicki,1720
27,Liczba mieszkańców na 1 pracownika socjalnego,2020,powiat,powiat krakowski,powiat krakowski,2307
27,Liczba mieszkańców na 1 pracownika socjalnego,2020,gmina,Czernichów,powiat krakowski,2101
27,Liczba mieszkańców na 1 pracownika socjalnego,2020,gmina,Igołomia-Wawrzeńczyce,powiat krakowski,1932
27,Liczba mieszkańców na 1 pracownika socjalnego,2020,gmina,Iwanowice,powiat krakowski,2304
27,Liczba mieszkańców na 1 pracownika socjalnego,2020,gmina,Jerzmanowice-Przeginia,powiat krakowski,2191
27,Liczba mieszkańców na 1 pracownika socjalnego,2020,gmina,Kocmyrzów-Luborzyca,powiat krakowski,3204
27,Liczba mieszkańców na 1 pracownika socjalnego,2020,gmina,Krzeszowice,powiat krakowski,2675
27,Liczba mieszkańców na 1 pracownika socjalnego,2020,gmina,Liszki,powiat krakowski,2187
27,Liczba mieszkańców na 1 pracownika socjalnego,2020,gmina,Michałowice,powiat krakowski,1818
27,Liczba mieszkańców na 1 pracownika socjalnego,2020,gmina,Mogilany,powiat krakowski,1803
27,Liczba mieszkańców na 1 pracownika socjalnego,2020,gmina,Skała,powiat krakowski,2111
27,Liczba mieszkańców na 1 pracownika socjalnego,2020,gmina,Skawina,powiat krakowski,2188
27,Liczba mieszkańców na 1 pracownika socjalnego,2020,gmina,Słomniki,powiat krakowski,1937
27,Liczba mieszkańców na 1 pracownika socjalnego,2020,gmina,Sułoszowa,powiat krakowski,1936
27,Liczba mieszkańców na 1 pracownika socjalnego,2020,gmina,Świątniki Górne,powiat krakowski,2576
27,Liczba mieszkańców na 1 pracownika socjalnego,2020,gmina,Wielka Wieś,powiat krakowski,2194
27,Liczba mieszkańców na 1 pracownika socjalnego,2020,gmina,Zabierzów,powiat krakowski,3383
27,Liczba mieszkańców na 1 pracownika socjalnego,2020,gmina,Zielonki,powiat krakowski,2369
27,Liczba mieszkańców na 1 pracownika socjalnego,2020,powiat,powiat limanowski,powiat limanowski,2065
27,Liczba mieszkańców na 1 pracownika socjalnego,2020,gmina,Dobra,powiat limanowski,1115
27,Liczba mieszkańców na 1 pracownika socjalnego,2020,gmina,Jodłownik,powiat limanowski,2906
27,Liczba mieszkańców na 1 pracownika socjalnego,2020,gmina,Kamienica,powiat limanowski,1971
27,Liczba mieszkańców na 1 pracownika socjalnego,2020,gmina,Laskowa,powiat limanowski,2049
27,Liczba mieszkańców na 1 pracownika socjalnego,2020,gmina,Limanowa (miasto),powiat limanowski,1883
27,Liczba mieszkańców na 1 pracownika socjalnego,2020,gmina,Limanowa (wieś),powiat limanowski,2345
27,Liczba mieszkańców na 1 pracownika socjalnego,2020,gmina,Łukowica,powiat limanowski,2027
27,Liczba mieszkańców na 1 pracownika socjalnego,2020,gmina,Mszana Dolna (miasto),powiat limanowski,2633
27,Liczba mieszkańców na 1 pracownika socjalnego,2020,gmina,Mszana Dolna (wieś),powiat limanowski,2517
27,Liczba mieszkańców na 1 pracownika socjalnego,2020,gmina,Niedźwiedź,powiat limanowski,1845
27,Liczba mieszkańców na 1 pracownika socjalnego,2020,gmina,Słopnice,powiat limanowski,2272
27,Liczba mieszkańców na 1 pracownika socjalnego,2020,gmina,Tymbark,powiat limanowski,2203
27,Liczba mieszkańców na 1 pracownika socjalnego,2020,powiat,powiat m. Kraków,powiat m. Kraków,2080
27,Liczba mieszkańców na 1 pracownika socjalnego,2020,powiat,powiat m. Nowy Sącz,powiat m. Nowy Sącz,1705
27,Liczba mieszkańców na 1 pracownika socjalnego,2020,powiat,powiat m. Tarnów,powiat m. Tarnów,1920
27,Liczba mieszkańców na 1 pracownika socjalnego,2020,powiat,powiat miechowski,powiat miechowski,1671
27,Liczba mieszkańców na 1 pracownika socjalnego,2020,gmina,Charsznica,powiat miechowski,1844
27,Liczba mieszkańców na 1 pracownika socjalnego,2020,gmina,Gołcza,powiat miechowski,2011
27,Liczba mieszkańców na 1 pracownika socjalnego,2020,gmina,Kozłów,powiat miechowski,1519
27,Liczba mieszkańców na 1 pracownika socjalnego,2020,gmina,Książ Wielki,powiat miechowski,1677
27,Liczba mieszkańców na 1 pracownika socjalnego,2020,gmina,Miechów,powiat miechowski,1949
27,Liczba mieszkańców na 1 pracownika socjalnego,2020,gmina,Racławice,powiat miechowski,828
27,Liczba mieszkańców na 1 pracownika socjalnego,2020,gmina,Słaboszów,powiat miechowski,1162
27,Liczba mieszkańców na 1 pracownika socjalnego,2020,powiat,powiat myślenicki,powiat myślenicki,2206
27,Liczba mieszkańców na 1 pracownika socjalnego,2020,gmina,Dobczyce,powiat myślenicki,2192
27,Liczba mieszkańców na 1 pracownika socjalnego,2020,gmina,Lubień,powiat myślenicki,2520
27,Liczba mieszkańców na 1 pracownika socjalnego,2020,gmina,Myślenice,powiat myślenicki,2024
27,Liczba mieszkańców na 1 pracownika socjalnego,2020,gmina,Pcim,powiat myślenicki,3716
27,Liczba mieszkańców na 1 pracownika socjalnego,2020,gmina,Raciechowice,powiat myślenicki,2157
27,Liczba mieszkańców na 1 pracownika socjalnego,2020,gmina,Siepraw,powiat myślenicki,3023
27,Liczba mieszkańców na 1 pracownika socjalnego,2020,gmina,Sułkowice,powiat myślenicki,1673
27,Liczba mieszkańców na 1 pracownika socjalnego,2020,gmina,Tokarnia,powiat myślenicki,2953
27,Liczba mieszkańców na 1 pracownika socjalnego,2020,gmina,Wiśniowa,powiat myślenicki,1854
27,Liczba mieszkańców na 1 pracownika socjalnego,2020,powiat,powiat nowosądecki,powiat nowosądecki,1973
27,Liczba mieszkańców na 1 pracownika socjalnego,2020,gmina,Podegrodzie,powiat nowosądecki,2232
27,Liczba mieszkańców na 1 pracownika socjalnego,2020,gmina,Rytro,powiat nowosądecki,1251
27,Liczba mieszkańców na 1 pracownika socjalnego,2020,gmina,Stary Sącz,powiat nowosądecki,1830
27,Liczba mieszkańców na 1 pracownika socjalnego,2020,gmina,Chełmiec,powiat nowosądecki,2068
27,Liczba mieszkańców na 1 pracownika socjalnego,2020,gmina,Gródek nad Dunajcem,powiat nowosądecki,1849
27,Liczba mieszkańców na 1 pracownika socjalnego,2020,gmina,Grybów (miasto),powiat nowosądecki,1496
27,Liczba mieszkańców na 1 pracownika socjalnego,2020,gmina,Grybów (wieś),powiat nowosądecki,3660
27,Liczba mieszkańców na 1 pracownika socjalnego,2020,gmina,Kamionka Wielka,powiat nowosądecki,1748
27,Liczba mieszkańców na 1 pracownika socjalnego,2020,gmina,Korzenna,powiat nowosądecki,1818
27,Liczba mieszkańców na 1 pracownika socjalnego,2020,gmina,Krynica-Zdrój,powiat nowosądecki,1844
27,Liczba mieszkańców na 1 pracownika socjalnego,2020,gmina,Łabowa,powiat nowosądecki,2038
27,Liczba mieszkańców na 1 pracownika socjalnego,2020,gmina,Łącko,powiat nowosądecki,1842
27,Liczba mieszkańców na 1 pracownika socjalnego,2020,gmina,Łososina Dolna,powiat nowosądecki,2233
27,Liczba mieszkańców na 1 pracownika socjalnego,2020,gmina,Muszyna,powiat nowosądecki,1922
27,Liczba mieszkańców na 1 pracownika socjalnego,2020,gmina,Nawojowa,powiat nowosądecki,1758
27,Liczba mieszkańców na 1 pracownika socjalnego,2020,gmina,Piwniczna-Zdrój,powiat nowosądecki,1503
27,Liczba mieszkańców na 1 pracownika socjalnego,2020,powiat,powiat nowotarski,powiat nowotarski,2337
27,Liczba mieszkańców na 1 pracownika socjalnego,2020,gmina,Czarny Dunajec,powiat nowotarski,3227
27,Liczba mieszkańców na 1 pracownika socjalnego,2020,gmina,Czorsztyn,powiat nowotarski,2555
27,Liczba mieszkańców na 1 pracownika socjalnego,2020,gmina,Jabłonka,powiat nowotarski,2340
27,Liczba mieszkańców na 1 pracownika socjalnego,2020,gmina,Krościenko nad Dunajcem,powiat nowotarski,2250
27,Liczba mieszkańców na 1 pracownika socjalnego,2020,gmina,Lipnica Wielka,powiat nowotarski,1503
27,Liczba mieszkańców na 1 pracownika socjalnego,2020,gmina,Łapsze Niżne,powiat nowotarski,3118
27,Liczba mieszkańców na 1 pracownika socjalnego,2020,gmina,Nowy Targ (miasto),powiat nowotarski,3023
27,Liczba mieszkańców na 1 pracownika socjalnego,2020,gmina,Nowy Targ (wieś),powiat nowotarski,2413
27,Liczba mieszkańców na 1 pracownika socjalnego,2020,gmina,Ochotnica Dolna,powiat nowotarski,1701
27,Liczba mieszkańców na 1 pracownika socjalnego,2020,gmina,Raba Wyżna,powiat nowotarski,1849
27,Liczba mieszkańców na 1 pracownika socjalnego,2020,gmina,Rabka-Zdrój,powiat nowotarski,2427
27,Liczba mieszkańców na 1 pracownika socjalnego,2020,gmina,Spytkowice,powiat nowotarski,1542
27,Liczba mieszkańców na 1 pracownika socjalnego,2020,gmina,Szaflary,powiat nowotarski,2223
27,Liczba mieszkańców na 1 pracownika socjalnego,2020,gmina,Szczawnica,powiat nowotarski,1429
27,Liczba mieszkańców na 1 pracownika socjalnego,2020,powiat,powiat olkuski,powiat olkuski,1973
27,Liczba mieszkańców na 1 pracownika socjalnego,2020,gmina,Bolesław,powiat olkuski,1932
27,Liczba mieszkańców na 1 pracownika socjalnego,2020,gmina,Bukowno,powiat olkuski,1663
27,Liczba mieszkańców na 1 pracownika socjalnego,2020,gmina,Klucze,powiat olkuski,1491
27,Liczba mieszkańców na 1 pracownika socjalnego,2020,gmina,Olkusz,powiat olkuski,2096
27,Liczba mieszkańców na 1 pracownika socjalnego,2020,gmina,Trzyciąż,powiat olkuski,2346
27,Liczba mieszkańców na 1 pracownika socjalnego,2020,gmina,Wolbrom,powiat olkuski,2261
27,Liczba mieszkańców na 1 pracownika socjalnego,2020,powiat,powiat oświęcimski,powiat oświęcimski,1983
27,Liczba mieszkańców na 1 pracownika socjalnego,2020,gmina,Brzeszcze,powiat oświęcimski,2638
27,Liczba mieszkańców na 1 pracownika socjalnego,2020,gmina,Chełmek,powiat oświęcimski,1605
27,Liczba mieszkańców na 1 pracownika socjalnego,2020,gmina,Kęty,powiat oświęcimski,2428
27,Liczba mieszkańców na 1 pracownika socjalnego,2020,gmina,Osiek,powiat oświęcimski,2068
27,Liczba mieszkańców na 1 pracownika socjalnego,2020,gmina,Oświęcim (miasto),powiat oświęcimski,1708
27,Liczba mieszkańców na 1 pracownika socjalnego,2020,gmina,Oświęcim (wieś),powiat oświęcimski,1863
27,Liczba mieszkańców na 1 pracownika socjalnego,2020,gmina,Polanka Wielka,powiat oświęcimski,1439
27,Liczba mieszkańców na 1 pracownika socjalnego,2020,gmina,Przeciszów,powiat oświęcimski,2246
27,Liczba mieszkańców na 1 pracownika socjalnego,2020,gmina,Zator,powiat oświęcimski,1846
27,Liczba mieszkańców na 1 pracownika socjalnego,2020,powiat,powiat proszowicki,powiat proszowicki,2050
27,Liczba mieszkańców na 1 pracownika socjalnego,2020,gmina,Koniusza,powiat proszowicki,2996
27,Liczba mieszkańców na 1 pracownika socjalnego,2020,gmina,Koszyce,powiat proszowicki,2700
27,Liczba mieszkańców na 1 pracownika socjalnego,2020,gmina,Nowe Brzesko,powiat proszowicki,1892
27,Liczba mieszkańców na 1 pracownika socjalnego,2020,gmina,Pałecznica,powiat proszowicki,1784
27,Liczba mieszkańców na 1 pracownika socjalnego,2020,gmina,Proszowice,powiat proszowicki,1789
27,Liczba mieszkańców na 1 pracownika socjalnego,2020,gmina,Radziemice,powiat proszowicki,1664
27,Liczba mieszkańców na 1 pracownika socjalnego,2020,powiat,powiat suski,powiat suski,2094
27,Liczba mieszkańców na 1 pracownika socjalnego,2020,gmina,Budzów,powiat suski,2226
27,Liczba mieszkańców na 1 pracownika socjalnego,2020,gmina,Bystra-Sidzina,powiat suski,2298
27,Liczba mieszkańców na 1 pracownika socjalnego,2020,gmina,Jordanów (miasto),powiat suski,1288
27,Liczba mieszkańców na 1 pracownika socjalnego,2020,gmina,Jordanów (wieś),powiat suski,1606
27,Liczba mieszkańców na 1 pracownika socjalnego,2020,gmina,Maków Podhalański,powiat suski,2659
27,Liczba mieszkańców na 1 pracownika socjalnego,2020,gmina,Stryszawa,powiat suski,2385
27,Liczba mieszkańców na 1 pracownika socjalnego,2020,gmina,Sucha Beskidzka,powiat suski,1809
27,Liczba mieszkańców na 1 pracownika socjalnego,2020,gmina,Zawoja,powiat suski,3013
27,Liczba mieszkańców na 1 pracownika socjalnego,2020,gmina,Zembrzyce,powiat suski,1870
27,Liczba mieszkańców na 1 pracownika socjalnego,2020,powiat,powiat tarnowski,powiat tarnowski,2313
27,Liczba mieszkańców na 1 pracownika socjalnego,2020,gmina,Ciężkowice,powiat tarnowski,1873
27,Liczba mieszkańców na 1 pracownika socjalnego,2020,gmina,Gromnik,powiat tarnowski,1790
27,Liczba mieszkańców na 1 pracownika socjalnego,2020,gmina,Lisia Góra,powiat tarnowski,3086
27,Liczba mieszkańców na 1 pracownika socjalnego,2020,gmina,Pleśna,powiat tarnowski,2386
27,Liczba mieszkańców na 1 pracownika socjalnego,2020,gmina,Radłów,powiat tarnowski,1921
27,Liczba mieszkańców na 1 pracownika socjalnego,2020,gmina,Ryglice,powiat tarnowski,2325
27,Liczba mieszkańców na 1 pracownika socjalnego,2020,gmina,Rzepiennik Strzyżewski,powiat tarnowski,1688
27,Liczba mieszkańców na 1 pracownika socjalnego,2020,gmina,Skrzyszów,powiat tarnowski,3582
27,Liczba mieszkańców na 1 pracownika socjalnego,2020,gmina,Szerzyny,powiat tarnowski,1972
27,Liczba mieszkańców na 1 pracownika socjalnego,2020,gmina,Tarnów (wieś),powiat tarnowski,2914
27,Liczba mieszkańców na 1 pracownika socjalnego,2020,gmina,Tuchów,powiat tarnowski,1979
27,Liczba mieszkańców na 1 pracownika socjalnego,2020,gmina,Wierzchosławice,powiat tarnowski,2159
27,Liczba mieszkańców na 1 pracownika socjalnego,2020,gmina,Wietrzychowice,powiat tarnowski,1962
27,Liczba mieszkańców na 1 pracownika socjalnego,2020,gmina,Wojnicz,powiat tarnowski,2668
27,Liczba mieszkańców na 1 pracownika socjalnego,2020,gmina,Zakliczyn,powiat tarnowski,1791
27,Liczba mieszkańców na 1 pracownika socjalnego,2020,gmina,Żabno,powiat tarnowski,2695
27,Liczba mieszkańców na 1 pracownika socjalnego,2020,powiat,powiat tatrzański,powiat tatrzański,2430
27,Liczba mieszkańców na 1 pracownika socjalnego,2020,gmina,Biały Dunajec,powiat tatrzański,1792
27,Liczba mieszkańców na 1 pracownika socjalnego,2020,gmina,Bukowina Tatrzańska,powiat tatrzański,2691
27,Liczba mieszkańców na 1 pracownika socjalnego,2020,gmina,Kościelisko,powiat tatrzański,1773
27,Liczba mieszkańców na 1 pracownika socjalnego,2020,gmina,Poronin,powiat tatrzański,1952
27,Liczba mieszkańców na 1 pracownika socjalnego,2020,gmina,Zakopane,powiat tatrzański,3356
27,Liczba mieszkańców na 1 pracownika socjalnego,2020,powiat,powiat wadowicki,powiat wadowicki,1878
27,Liczba mieszkańców na 1 pracownika socjalnego,2020,gmina,Andrychów,powiat wadowicki,1804
27,Liczba mieszkańców na 1 pracownika socjalnego,2020,gmina,Brzeźnica,powiat wadowicki,1754
27,Liczba mieszkańców na 1 pracownika socjalnego,2020,gmina,Kalwaria Zebrzydowska,powiat wadowicki,1430
27,Liczba mieszkańców na 1 pracownika socjalnego,2020,gmina,Lanckorona,powiat wadowicki,2075
27,Liczba mieszkańców na 1 pracownika socjalnego,2020,gmina,Mucharz,powiat wadowicki,2068
27,Liczba mieszkańców na 1 pracownika socjalnego,2020,gmina,Spytkowice,powiat wadowicki,2578
27,Liczba mieszkańców na 1 pracownika socjalnego,2020,gmina,Stryszów,powiat wadowicki,2283
27,Liczba mieszkańców na 1 pracownika socjalnego,2020,gmina,Tomice,powiat wadowicki,2056
27,Liczba mieszkańców na 1 pracownika socjalnego,2020,gmina,Wadowice,powiat wadowicki,2088
27,Liczba mieszkańców na 1 pracownika socjalnego,2020,gmina,Wieprz,powiat wadowicki,1786
27,Liczba mieszkańców na 1 pracownika socjalnego,2020,powiat,powiat wielicki,powiat wielicki,2333
27,Liczba mieszkańców na 1 pracownika socjalnego,2020,gmina,Biskupice,powiat wielicki,2111
27,Liczba mieszkańców na 1 pracownika socjalnego,2020,gmina,Gdów,powiat wielicki,1839
27,Liczba mieszkańców na 1 pracownika socjalnego,2020,gmina,Kłaj,powiat wielicki,1548
27,Liczba mieszkańców na 1 pracownika socjalnego,2020,gmina,Niepołomice,powiat wielicki,3293
27,Liczba mieszkańców na 1 pracownika socjalnego,2020,gmina,Wieliczka,powiat wielicki,2449
27,Liczba mieszkańców na 1 pracownika socjalnego,2019,powiat,powiat bocheński,powiat bocheński,2055
27,Liczba mieszkańców na 1 pracownika socjalnego,2019,gmina,Bochnia (miasto),powiat bocheński,1651
27,Liczba mieszkańców na 1 pracownika socjalnego,2019,gmina,Bochnia (wieś),powiat bocheński,2503
27,Liczba mieszkańców na 1 pracownika socjalnego,2019,gmina,Drwinia,powiat bocheński,2178
27,Liczba mieszkańców na 1 pracownika socjalnego,2019,gmina,Lipnica Murowana,powiat bocheński,1415
27,Liczba mieszkańców na 1 pracownika socjalnego,2019,gmina,Łapanów,powiat bocheński,2732
27,Liczba mieszkańców na 1 pracownika socjalnego,2019,gmina,Nowy Wiśnicz,powiat bocheński,2835
27,Liczba mieszkańców na 1 pracownika socjalnego,2019,gmina,Rzezawa,powiat bocheński,1891
27,Liczba mieszkańców na 1 pracownika socjalnego,2019,gmina,Trzciana,powiat bocheński,1880
27,Liczba mieszkańców na 1 pracownika socjalnego,2019,gmina,Żegocina,powiat bocheński,2780
27,Liczba mieszkańców na 1 pracownika socjalnego,2019,powiat,powiat brzeski,powiat brzeski,2167
27,Liczba mieszkańców na 1 pracownika socjalnego,2019,gmina,Borzęcin,powiat brzeski,1667
27,Liczba mieszkańców na 1 pracownika socjalnego,2019,gmina,Brzesko,powiat brzeski,1910
27,Liczba mieszkańców na 1 pracownika socjalnego,2019,gmina,Czchów,powiat brzeski,3276
27,Liczba mieszkańców na 1 pracownika socjalnego,2019,gmina,Dębno,powiat brzeski,2949
27,Liczba mieszkańców na 1 pracownika socjalnego,2019,gmina,Gnojnik,powiat brzeski,2676
27,Liczba mieszkańców na 1 pracownika socjalnego,2019,gmina,Iwkowa,powiat brzeski,2161
27,Liczba mieszkańców na 1 pracownika socjalnego,2019,gmina,Szczurowa,powiat brzeski,1897
27,Liczba mieszkańców na 1 pracownika socjalnego,2019,powiat,powiat chrzanowski,powiat chrzanowski,1730
27,Liczba mieszkańców na 1 pracownika socjalnego,2019,gmina,Alwernia,powiat chrzanowski,2088
27,Liczba mieszkańców na 1 pracownika socjalnego,2019,gmina,Babice,powiat chrzanowski,1819
27,Liczba mieszkańców na 1 pracownika socjalnego,2019,gmina,Chrzanów,powiat chrzanowski,1613
27,Liczba mieszkańców na 1 pracownika socjalnego,2019,gmina,Libiąż,powiat chrzanowski,1396
27,Liczba mieszkańców na 1 pracownika socjalnego,2019,gmina,Trzebinia,powiat chrzanowski,2111
27,Liczba mieszkańców na 1 pracownika socjalnego,2019,powiat,powiat dąbrowski,powiat dąbrowski,1909
27,Liczba mieszkańców na 1 pracownika socjalnego,2019,gmina,Bolesław,powiat dąbrowski,2607
27,Liczba mieszkańców na 1 pracownika socjalnego,2019,gmina,Dąbrowa Tarnowska,powiat dąbrowski,1771
27,Liczba mieszkańców na 1 pracownika socjalnego,2019,gmina,Gręboszów,powiat dąbrowski,1111
27,Liczba mieszkańców na 1 pracownika socjalnego,2019,gmina,Mędrzechów,powiat dąbrowski,1716
27,Liczba mieszkańców na 1 pracownika socjalnego,2019,gmina,Olesno,powiat dąbrowski,2655
27,Liczba mieszkańców na 1 pracownika socjalnego,2019,gmina,Radgoszcz,powiat dąbrowski,2475
27,Liczba mieszkańców na 1 pracownika socjalnego,2019,gmina,Szczucin,powiat dąbrowski,1879
27,Liczba mieszkańców na 1 pracownika socjalnego,2019,powiat,powiat gorlicki,powiat gorlicki,1701
27,Liczba mieszkańców na 1 pracownika socjalnego,2019,gmina,Biecz,powiat gorlicki,1868
27,Liczba mieszkańców na 1 pracownika socjalnego,2019,gmina,Bobowa,powiat gorlicki,1960
27,Liczba mieszkańców na 1 pracownika socjalnego,2019,gmina,Gorlice (miasto),powiat gorlicki,1824
27,Liczba mieszkańców na 1 pracownika socjalnego,2019,gmina,Gorlice (wieś),powiat gorlicki,1440
27,Liczba mieszkańców na 1 pracownika socjalnego,2019,gmina,Lipinki,powiat gorlicki,1698
27,Liczba mieszkańców na 1 pracownika socjalnego,2019,gmina,Łużna,powiat gorlicki,1707
27,Liczba mieszkańców na 1 pracownika socjalnego,2019,gmina,Moszczenica,powiat gorlicki,1246
27,Liczba mieszkańców na 1 pracownika socjalnego,2019,gmina,Ropa,powiat gorlicki,1836
27,Liczba mieszkańców na 1 pracownika socjalnego,2019,gmina,Sękowa,powiat gorlicki,1660
27,Liczba mieszkańców na 1 pracownika socjalnego,2019,gmina,Uście Gorlickie,powiat gorlicki,1712
27,Liczba mieszkańców na 1 pracownika socjalnego,2019,powiat,powiat krakowski,powiat krakowski,2289
27,Liczba mieszkańców na 1 pracownika socjalnego,2019,gmina,Czernichów,powiat krakowski,2102
27,Liczba mieszkańców na 1 pracownika socjalnego,2019,gmina,Igołomia-Wawrzeńczyce,powiat krakowski,1924
27,Liczba mieszkańców na 1 pracownika socjalnego,2019,gmina,Iwanowice,powiat krakowski,3055
27,Liczba mieszkańców na 1 pracownika socjalnego,2019,gmina,Jerzmanowice-Przeginia,powiat krakowski,2193
27,Liczba mieszkańców na 1 pracownika socjalnego,2019,gmina,Kocmyrzów-Luborzyca,powiat krakowski,2629
27,Liczba mieszkańców na 1 pracownika socjalnego,2019,gmina,Krzeszowice,powiat krakowski,2677
27,Liczba mieszkańców na 1 pracownika socjalnego,2019,gmina,Liszki,powiat krakowski,2492
27,Liczba mieszkańców na 1 pracownika socjalnego,2019,gmina,Michałowice,powiat krakowski,1794
27,Liczba mieszkańców na 1 pracownika socjalnego,2019,gmina,Mogilany,powiat krakowski,1779
27,Liczba mieszkańców na 1 pracownika socjalnego,2019,gmina,Skała,powiat krakowski,2645
27,Liczba mieszkańców na 1 pracownika socjalnego,2019,gmina,Skawina,powiat krakowski,2179
27,Liczba mieszkańców na 1 pracownika socjalnego,2019,gmina,Słomniki,powiat krakowski,1948
27,Liczba mieszkańców na 1 pracownika socjalnego,2019,gmina,Sułoszowa,powiat krakowski,1459
27,Liczba mieszkańców na 1 pracownika socjalnego,2019,gmina,Świątniki Górne,powiat krakowski,2039
27,Liczba mieszkańców na 1 pracownika socjalnego,2019,gmina,Wielka Wieś,powiat krakowski,2120
27,Liczba mieszkańców na 1 pracownika socjalnego,2019,gmina,Zabierzów,powiat krakowski,3338
27,Liczba mieszkańców na 1 pracownika socjalnego,2019,gmina,Zielonki,powiat krakowski,2309
27,Liczba mieszkańców na 1 pracownika socjalnego,2019,powiat,powiat limanowski,powiat limanowski,2027
27,Liczba mieszkańców na 1 pracownika socjalnego,2019,gmina,Dobra,powiat limanowski,1248
27,Liczba mieszkańców na 1 pracownika socjalnego,2019,gmina,Jodłownik,powiat limanowski,2897
27,Liczba mieszkańców na 1 pracownika socjalnego,2019,gmina,Kamienica,powiat limanowski,1962
27,Liczba mieszkańców na 1 pracownika socjalnego,2019,gmina,Laskowa,powiat limanowski,1641
27,Liczba mieszkańców na 1 pracownika socjalnego,2019,gmina,Limanowa (miasto),powiat limanowski,1895
27,Liczba mieszkańców na 1 pracownika socjalnego,2019,gmina,Limanowa (wieś),powiat limanowski,2328
27,Liczba mieszkańców na 1 pracownika socjalnego,2019,gmina,Łukowica,powiat limanowski,2012
27,Liczba mieszkańców na 1 pracownika socjalnego,2019,gmina,Mszana Dolna (miasto),powiat limanowski,2630
27,Liczba mieszkańców na 1 pracownika socjalnego,2019,gmina,Mszana Dolna (wieś),powiat limanowski,2518
27,Liczba mieszkańców na 1 pracownika socjalnego,2019,gmina,Niedźwiedź,powiat limanowski,1834
27,Liczba mieszkańców na 1 pracownika socjalnego,2019,gmina,Słopnice,powiat limanowski,1691
27,Liczba mieszkańców na 1 pracownika socjalnego,2019,gmina,Tymbark,powiat limanowski,2197
27,Liczba mieszkańców na 1 pracownika socjalnego,2019,powiat,powiat m. Kraków,powiat m. Kraków,1967
27,Liczba mieszkańców na 1 pracownika socjalnego,2019,powiat,powiat m. Nowy Sącz,powiat m. Nowy Sącz,1676
27,Liczba mieszkańców na 1 pracownika socjalnego,2019,powiat,powiat m. Tarnów,powiat m. Tarnów,1808
27,Liczba mieszkańców na 1 pracownika socjalnego,2019,powiat,powiat miechowski,powiat miechowski,1808
27,Liczba mieszkańców na 1 pracownika socjalnego,2019,gmina,Charsznica,powiat miechowski,2480
27,Liczba mieszkańców na 1 pracownika socjalnego,2019,gmina,Gołcza,powiat miechowski,2016
27,Liczba mieszkańców na 1 pracownika socjalnego,2019,gmina,Kozłów,powiat miechowski,1527
27,Liczba mieszkańców na 1 pracownika socjalnego,2019,gmina,Książ Wielki,powiat miechowski,1691
27,Liczba mieszkańców na 1 pracownika socjalnego,2019,gmina,Miechów,powiat miechowski,2183
27,Liczba mieszkańców na 1 pracownika socjalnego,2019,gmina,Racławice,powiat miechowski,836
27,Liczba mieszkańców na 1 pracownika socjalnego,2019,gmina,Słaboszów,powiat miechowski,1174
27,Liczba mieszkańców na 1 pracownika socjalnego,2019,powiat,powiat myślenicki,powiat myślenicki,2092
27,Liczba mieszkańców na 1 pracownika socjalnego,2019,gmina,Dobczyce,powiat myślenicki,1915
27,Liczba mieszkańców na 1 pracownika socjalnego,2019,gmina,Lubień,powiat myślenicki,2015
27,Liczba mieszkańców na 1 pracownika socjalnego,2019,gmina,Myślenice,powiat myślenicki,2222
27,Liczba mieszkańców na 1 pracownika socjalnego,2019,gmina,Pcim,powiat myślenicki,2783
27,Liczba mieszkańców na 1 pracownika socjalnego,2019,gmina,Raciechowice,powiat myślenicki,1603
27,Liczba mieszkańców na 1 pracownika socjalnego,2019,gmina,Siepraw,powiat myślenicki,2250
27,Liczba mieszkańców na 1 pracownika socjalnego,2019,gmina,Sułkowice,powiat myślenicki,1873
27,Liczba mieszkańców na 1 pracownika socjalnego,2019,gmina,Tokarnia,powiat myślenicki,2205
27,Liczba mieszkańców na 1 pracownika socjalnego,2019,gmina,Wiśniowa,powiat myślenicki,1853
27,Liczba mieszkańców na 1 pracownika socjalnego,2019,powiat,powiat nowosądecki,powiat nowosądecki,1919
27,Liczba mieszkańców na 1 pracownika socjalnego,2019,gmina,Podegrodzie,powiat nowosądecki,2213
27,Liczba mieszkańców na 1 pracownika socjalnego,2019,gmina,Rytro,powiat nowosądecki,1259
27,Liczba mieszkańców na 1 pracownika socjalnego,2019,gmina,Stary Sącz,powiat nowosądecki,1700
27,Liczba mieszkańców na 1 pracownika socjalnego,2019,gmina,Chełmiec,powiat nowosądecki,1802
27,Liczba mieszkańców na 1 pracownika socjalnego,2019,gmina,Gródek nad Dunajcem,powiat nowosądecki,1850
27,Liczba mieszkańców na 1 pracownika socjalnego,2019,gmina,Grybów (miasto),powiat nowosądecki,1506
27,Liczba mieszkańców na 1 pracownika socjalnego,2019,gmina,Grybów (wieś),powiat nowosądecki,3654
27,Liczba mieszkańców na 1 pracownika socjalnego,2019,gmina,Kamionka Wielka,powiat nowosądecki,1739
27,Liczba mieszkańców na 1 pracownika socjalnego,2019,gmina,Korzenna,powiat nowosądecki,1812
27,Liczba mieszkańców na 1 pracownika socjalnego,2019,gmina,Krynica-Zdrój,powiat nowosądecki,1853
27,Liczba mieszkańców na 1 pracownika socjalnego,2019,gmina,Łabowa,powiat nowosądecki,2030
27,Liczba mieszkańców na 1 pracownika socjalnego,2019,gmina,Łącko,powiat nowosądecki,1652
27,Liczba mieszkańców na 1 pracownika socjalnego,2019,gmina,Łososina Dolna,powiat nowosądecki,2229
27,Liczba mieszkańców na 1 pracownika socjalnego,2019,gmina,Muszyna,powiat nowosądecki,1928
27,Liczba mieszkańców na 1 pracownika socjalnego,2019,gmina,Nawojowa,powiat nowosądecki,1746
27,Liczba mieszkańców na 1 pracownika socjalnego,2019,gmina,Piwniczna-Zdrój,powiat nowosądecki,1765
27,Liczba mieszkańców na 1 pracownika socjalnego,2019,powiat,powiat nowotarski,powiat nowotarski,2230
27,Liczba mieszkańców na 1 pracownika socjalnego,2019,gmina,Czarny Dunajec,powiat nowotarski,3232
27,Liczba mieszkańców na 1 pracownika socjalnego,2019,gmina,Czorsztyn,powiat nowotarski,2554
27,Liczba mieszkańców na 1 pracownika socjalnego,2019,gmina,Jabłonka,powiat nowotarski,2333
27,Liczba mieszkańców na 1 pracownika socjalnego,2019,gmina,Krościenko nad Dunajcem,powiat nowotarski,1700
27,Liczba mieszkańców na 1 pracownika socjalnego,2019,gmina,Lipnica Wielka,powiat nowotarski,1504
27,Liczba mieszkańców na 1 pracownika socjalnego,2019,gmina,Łapsze Niżne,powiat nowotarski,3126
27,Liczba mieszkańców na 1 pracownika socjalnego,2019,gmina,Nowy Targ (miasto),powiat nowotarski,3027
27,Liczba mieszkańców na 1 pracownika socjalnego,2019,gmina,Nowy Targ (wieś),powiat nowotarski,2407
27,Liczba mieszkańców na 1 pracownika socjalnego,2019,gmina,Ochotnica Dolna,powiat nowotarski,1703
27,Liczba mieszkańców na 1 pracownika socjalnego,2019,gmina,Raba Wyżna,powiat nowotarski,1639
27,Liczba mieszkańców na 1 pracownika socjalnego,2019,gmina,Rabka-Zdrój,powiat nowotarski,2136
27,Liczba mieszkańców na 1 pracownika socjalnego,2019,gmina,Spytkowice,powiat nowotarski,1152
27,Liczba mieszkańców na 1 pracownika socjalnego,2019,gmina,Szaflary,powiat nowotarski,1850
27,Liczba mieszkańców na 1 pracownika socjalnego,2019,gmina,Szczawnica,powiat nowotarski,1801
27,Liczba mieszkańców na 1 pracownika socjalnego,2019,powiat,powiat olkuski,powiat olkuski,1918
27,Liczba mieszkańców na 1 pracownika socjalnego,2019,gmina,Bolesław,powiat olkuski,1936
27,Liczba mieszkańców na 1 pracownika socjalnego,2019,gmina,Bukowno,powiat olkuski,2021
27,Liczba mieszkańców na 1 pracownika socjalnego,2019,gmina,Klucze,powiat olkuski,1248
27,Liczba mieszkańców na 1 pracownika socjalnego,2019,gmina,Olkusz,powiat olkuski,2025
27,Liczba mieszkańców na 1 pracownika socjalnego,2019,gmina,Trzyciąż,powiat olkuski,2346
27,Liczba mieszkańców na 1 pracownika socjalnego,2019,gmina,Wolbrom,powiat olkuski,2275
27,Liczba mieszkańców na 1 pracownika socjalnego,2019,powiat,powiat oświęcimski,powiat oświęcimski,1993
27,Liczba mieszkańców na 1 pracownika socjalnego,2019,gmina,Brzeszcze,powiat oświęcimski,2357
27,Liczba mieszkańców na 1 pracownika socjalnego,2019,gmina,Chełmek,powiat oświęcimski,1624
27,Liczba mieszkańców na 1 pracownika socjalnego,2019,gmina,Kęty,powiat oświęcimski,2277
27,Liczba mieszkańców na 1 pracownika socjalnego,2019,gmina,Osiek,powiat oświęcimski,2056
27,Liczba mieszkańców na 1 pracownika socjalnego,2019,gmina,Oświęcim (miasto),powiat oświęcimski,1810
27,Liczba mieszkańców na 1 pracownika socjalnego,2019,gmina,Oświęcim (wieś),powiat oświęcimski,2313
27,Liczba mieszkańców na 1 pracownika socjalnego,2019,gmina,Polanka Wielka,powiat oświęcimski,1438
27,Liczba mieszkańców na 1 pracownika socjalnego,2019,gmina,Przeciszów,powiat oświęcimski,1690
27,Liczba mieszkańców na 1 pracownika socjalnego,2019,gmina,Zator,powiat oświęcimski,1863
27,Liczba mieszkańców na 1 pracownika socjalnego,2019,powiat,powiat proszowicki,powiat proszowicki,1879
27,Liczba mieszkańców na 1 pracownika socjalnego,2019,gmina,Koniusza,powiat proszowicki,3002
27,Liczba mieszkańców na 1 pracownika socjalnego,2019,gmina,Koszyce,powiat proszowicki,1169
27,Liczba mieszkańców na 1 pracownika socjalnego,2019,gmina,Nowe Brzesko,powiat proszowicki,1348
27,Liczba mieszkańców na 1 pracownika socjalnego,2019,gmina,Pałecznica,powiat proszowicki,1784
27,Liczba mieszkańców na 1 pracownika socjalnego,2019,gmina,Proszowice,powiat proszowicki,1614
27,Liczba mieszkańców na 1 pracownika socjalnego,2019,gmina,Radziemice,powiat proszowicki,3342
27,Liczba mieszkańców na 1 pracownika socjalnego,2019,powiat,powiat suski,powiat suski,2106
27,Liczba mieszkańców na 1 pracownika socjalnego,2019,gmina,Budzów,powiat suski,2236
27,Liczba mieszkańców na 1 pracownika socjalnego,2019,gmina,Bystra-Sidzina,powiat suski,2307
27,Liczba mieszkańców na 1 pracownika socjalnego,2019,gmina,Jordanów (miasto),powiat suski,1342
27,Liczba mieszkańców na 1 pracownika socjalnego,2019,gmina,Jordanów (wieś),powiat suski,1863
27,Liczba mieszkańców na 1 pracownika socjalnego,2019,gmina,Maków Podhalański,powiat suski,2297
27,Liczba mieszkańców na 1 pracownika socjalnego,2019,gmina,Stryszawa,powiat suski,2388
27,Liczba mieszkańców na 1 pracownika socjalnego,2019,gmina,Sucha Beskidzka,powiat suski,1818
27,Liczba mieszkańców na 1 pracownika socjalnego,2019,gmina,Zawoja,powiat suski,3029
27,Liczba mieszkańców na 1 pracownika socjalnego,2019,gmina,Zembrzyce,powiat suski,1877
27,Liczba mieszkańców na 1 pracownika socjalnego,2019,powiat,powiat tarnowski,powiat tarnowski,2190
27,Liczba mieszkańców na 1 pracownika socjalnego,2019,gmina,Ciężkowice,powiat tarnowski,1601
27,Liczba mieszkańców na 1 pracownika socjalnego,2019,gmina,Gromnik,powiat tarnowski,1784
27,Liczba mieszkańców na 1 pracownika socjalnego,2019,gmina,Lisia Góra,powiat tarnowski,2567
27,Liczba mieszkańców na 1 pracownika socjalnego,2019,gmina,Pleśna,powiat tarnowski,2389
27,Liczba mieszkańców na 1 pracownika socjalnego,2019,gmina,Radłów,powiat tarnowski,1385
27,Liczba mieszkańców na 1 pracownika socjalnego,2019,gmina,Ryglice,powiat tarnowski,2330
27,Liczba mieszkańców na 1 pracownika socjalnego,2019,gmina,Rzepiennik Strzyżewski,powiat tarnowski,1684
27,Liczba mieszkańców na 1 pracownika socjalnego,2019,gmina,Skrzyszów,powiat tarnowski,2861
27,Liczba mieszkańców na 1 pracownika socjalnego,2019,gmina,Szerzyny,powiat tarnowski,1986
27,Liczba mieszkańców na 1 pracownika socjalnego,2019,gmina,Tarnów (wieś),powiat tarnowski,2911
27,Liczba mieszkańców na 1 pracownika socjalnego,2019,gmina,Tuchów,powiat tarnowski,1991
27,Liczba mieszkańców na 1 pracownika socjalnego,2019,gmina,Wierzchosławice,powiat tarnowski,2171
27,Liczba mieszkańców na 1 pracownika socjalnego,2019,gmina,Wietrzychowice,powiat tarnowski,1969
27,Liczba mieszkańców na 1 pracownika socjalnego,2019,gmina,Wojnicz,powiat tarnowski,2689
27,Liczba mieszkańców na 1 pracownika socjalnego,2019,gmina,Zakliczyn,powiat tarnowski,1784
27,Liczba mieszkańców na 1 pracownika socjalnego,2019,gmina,Żabno,powiat tarnowski,2097
27,Liczba mieszkańców na 1 pracownika socjalnego,2019,powiat,powiat tatrzański,powiat tatrzański,2002
27,Liczba mieszkańców na 1 pracownika socjalnego,2019,gmina,Biały Dunajec,powiat tatrzański,1795
27,Liczba mieszkańców na 1 pracownika socjalnego,2019,gmina,Bukowina Tatrzańska,powiat tatrzański,2231
27,Liczba mieszkańców na 1 pracownika socjalnego,2019,gmina,Kościelisko,powiat tatrzański,1769
27,Liczba mieszkańców na 1 pracownika socjalnego,2019,gmina,Poronin,powiat tatrzański,1942
27,Liczba mieszkańców na 1 pracownika socjalnego,2019,gmina,Zakopane,powiat tatrzański,2078
27,Liczba mieszkańców na 1 pracownika socjalnego,2019,powiat,powiat wadowicki,powiat wadowicki,1975
27,Liczba mieszkańców na 1 pracownika socjalnego,2019,gmina,Andrychów,powiat wadowicki,2070
27,Liczba mieszkańców na 1 pracownika socjalnego,2019,gmina,Brzeźnica,powiat wadowicki,1738
27,Liczba mieszkańców na 1 pracownika socjalnego,2019,gmina,Kalwaria Zebrzydowska,powiat wadowicki,1429
27,Liczba mieszkańców na 1 pracownika socjalnego,2019,gmina,Lanckorona,powiat wadowicki,2082
27,Liczba mieszkańców na 1 pracownika socjalnego,2019,gmina,Mucharz,powiat wadowicki,1374
27,Liczba mieszkańców na 1 pracownika socjalnego,2019,gmina,Spytkowice,powiat wadowicki,2591
27,Liczba mieszkańców na 1 pracownika socjalnego,2019,gmina,Stryszów,powiat wadowicki,2288
27,Liczba mieszkańców na 1 pracownika socjalnego,2019,gmina,Tomice,powiat wadowicki,2044
27,Liczba mieszkańców na 1 pracownika socjalnego,2019,gmina,Wadowice,powiat wadowicki,2105
27,Liczba mieszkańców na 1 pracownika socjalnego,2019,gmina,Wieprz,powiat wadowicki,2486
27,Liczba mieszkańców na 1 pracownika socjalnego,2019,powiat,powiat wielicki,powiat wielicki,2348
27,Liczba mieszkańców na 1 pracownika socjalnego,2019,gmina,Biskupice,powiat wielicki,2090
27,Liczba mieszkańców na 1 pracownika socjalnego,2019,gmina,Gdów,powiat wielicki,2033
27,Liczba mieszkańców na 1 pracownika socjalnego,2019,gmina,Kłaj,powiat wielicki,1538
27,Liczba mieszkańców na 1 pracownika socjalnego,2019,gmina,Niepołomice,powiat wielicki,3238
27,Liczba mieszkańców na 1 pracownika socjalnego,2019,gmina,Wieliczka,powiat wielicki,2419
27,Liczba mieszkańców na 1 pracownika socjalnego,2018,powiat,powiat bocheński,powiat bocheński,2089
27,Liczba mieszkańców na 1 pracownika socjalnego,2018,gmina,Bochnia (miasto),powiat bocheński,1870
27,Liczba mieszkańców na 1 pracownika socjalnego,2018,gmina,Bochnia (wieś),powiat bocheński,2484
27,Liczba mieszkańców na 1 pracownika socjalnego,2018,gmina,Drwinia,powiat bocheński,2172
27,Liczba mieszkańców na 1 pracownika socjalnego,2018,gmina,Lipnica Murowana,powiat bocheński,1410
27,Liczba mieszkańców na 1 pracownika socjalnego,2018,gmina,Łapanów,powiat bocheński,2713
27,Liczba mieszkańców na 1 pracownika socjalnego,2018,gmina,Nowy Wiśnicz,powiat bocheński,2337
27,Liczba mieszkańców na 1 pracownika socjalnego,2018,gmina,Rzezawa,powiat bocheński,1879
27,Liczba mieszkańców na 1 pracownika socjalnego,2018,gmina,Trzciana,powiat bocheński,1861
27,Liczba mieszkańców na 1 pracownika socjalnego,2018,gmina,Żegocina,powiat bocheński,2772
27,Liczba mieszkańców na 1 pracownika socjalnego,2018,powiat,powiat brzeski,powiat brzeski,2118
27,Liczba mieszkańców na 1 pracownika socjalnego,2018,gmina,Borzęcin,powiat brzeski,1676
27,Liczba mieszkańców na 1 pracownika socjalnego,2018,gmina,Brzesko,powiat brzeski,1816
27,Liczba mieszkańców na 1 pracownika socjalnego,2018,gmina,Czchów,powiat brzeski,3268
27,Liczba mieszkańców na 1 pracownika socjalnego,2018,gmina,Dębno,powiat brzeski,2945
27,Liczba mieszkańców na 1 pracownika socjalnego,2018,gmina,Gnojnik,powiat brzeski,2676
27,Liczba mieszkańców na 1 pracownika socjalnego,2018,gmina,Iwkowa,powiat brzeski,2142
27,Liczba mieszkańców na 1 pracownika socjalnego,2018,gmina,Szczurowa,powiat brzeski,1907
27,Liczba mieszkańców na 1 pracownika socjalnego,2018,powiat,powiat chrzanowski,powiat chrzanowski,1844
27,Liczba mieszkańców na 1 pracownika socjalnego,2018,gmina,Alwernia,powiat chrzanowski,2107
27,Liczba mieszkańców na 1 pracownika socjalnego,2018,gmina,Babice,powiat chrzanowski,1829
27,Liczba mieszkańców na 1 pracownika socjalnego,2018,gmina,Chrzanów,powiat chrzanowski,1747
27,Liczba mieszkańców na 1 pracownika socjalnego,2018,gmina,Libiąż,powiat chrzanowski,1869
27,Liczba mieszkańców na 1 pracownika socjalnego,2018,gmina,Trzebinia,powiat chrzanowski,1889
27,Liczba mieszkańców na 1 pracownika socjalnego,2018,powiat,powiat dąbrowski,powiat dąbrowski,1915
27,Liczba mieszkańców na 1 pracownika socjalnego,2018,gmina,Bolesław,powiat dąbrowski,2682
27,Liczba mieszkańców na 1 pracownika socjalnego,2018,gmina,Dąbrowa Tarnowska,powiat dąbrowski,1774
27,Liczba mieszkańców na 1 pracownika socjalnego,2018,gmina,Gręboszów,powiat dąbrowski,1123
27,Liczba mieszkańców na 1 pracownika socjalnego,2018,gmina,Mędrzechów,powiat dąbrowski,1730
27,Liczba mieszkańców na 1 pracownika socjalnego,2018,gmina,Olesno,powiat dąbrowski,2645
27,Liczba mieszkańców na 1 pracownika socjalnego,2018,gmina,Radgoszcz,powiat dąbrowski,2480
27,Liczba mieszkańców na 1 pracownika socjalnego,2018,gmina,Szczucin,powiat dąbrowski,1883
27,Liczba mieszkańców na 1 pracownika socjalnego,2018,powiat,powiat gorlicki,powiat gorlicki,1732
27,Liczba mieszkańców na 1 pracownika socjalnego,2018,gmina,Biecz,powiat gorlicki,1873
27,Liczba mieszkańców na 1 pracownika socjalnego,2018,gmina,Bobowa,powiat gorlicki,1956
27,Liczba mieszkańców na 1 pracownika socjalnego,2018,gmina,Gorlice (miasto),powiat gorlicki,1840
27,Liczba mieszkańców na 1 pracownika socjalnego,2018,gmina,Gorlice (wieś),powiat gorlicki,1571
27,Liczba mieszkańców na 1 pracownika socjalnego,2018,gmina,Lipinki,powiat gorlicki,1702
27,Liczba mieszkańców na 1 pracownika socjalnego,2018,gmina,Łużna,powiat gorlicki,1703
27,Liczba mieszkańców na 1 pracownika socjalnego,2018,gmina,Moszczenica,powiat gorlicki,1230
27,Liczba mieszkańców na 1 pracownika socjalnego,2018,gmina,Ropa,powiat gorlicki,1833
27,Liczba mieszkańców na 1 pracownika socjalnego,2018,gmina,Sękowa,powiat gorlicki,1254
27,Liczba mieszkańców na 1 pracownika socjalnego,2018,gmina,Uście Gorlickie,powiat gorlicki,2279
27,Liczba mieszkańców na 1 pracownika socjalnego,2018,powiat,powiat krakowski,powiat krakowski,2217
27,Liczba mieszkańców na 1 pracownika socjalnego,2018,gmina,Czernichów,powiat krakowski,2084
27,Liczba mieszkańców na 1 pracownika socjalnego,2018,gmina,Igołomia-Wawrzeńczyce,powiat krakowski,1931
27,Liczba mieszkańców na 1 pracownika socjalnego,2018,gmina,Iwanowice,powiat krakowski,2284
27,Liczba mieszkańców na 1 pracownika socjalnego,2018,gmina,Jerzmanowice-Przeginia,powiat krakowski,2187
27,Liczba mieszkańców na 1 pracownika socjalnego,2018,gmina,Kocmyrzów-Luborzyca,powiat krakowski,1947
27,Liczba mieszkańców na 1 pracownika socjalnego,2018,gmina,Krzeszowice,powiat krakowski,2146
27,Liczba mieszkańców na 1 pracownika socjalnego,2018,gmina,Liszki,powiat krakowski,2162
27,Liczba mieszkańców na 1 pracownika socjalnego,2018,gmina,Michałowice,powiat krakowski,2113
27,Liczba mieszkańców na 1 pracownika socjalnego,2018,gmina,Mogilany,powiat krakowski,2007
27,Liczba mieszkańców na 1 pracownika socjalnego,2018,gmina,Skała,powiat krakowski,2639
27,Liczba mieszkańców na 1 pracownika socjalnego,2018,gmina,Skawina,powiat krakowski,2289
27,Liczba mieszkańców na 1 pracownika socjalnego,2018,gmina,Słomniki,powiat krakowski,1710
27,Liczba mieszkańców na 1 pracownika socjalnego,2018,gmina,Sułoszowa,powiat krakowski,1458
27,Liczba mieszkańców na 1 pracownika socjalnego,2018,gmina,Świątniki Górne,powiat krakowski,2017
27,Liczba mieszkańców na 1 pracownika socjalnego,2018,gmina,Wielka Wieś,powiat krakowski,2059
27,Liczba mieszkańców na 1 pracownika socjalnego,2018,gmina,Zabierzów,powiat krakowski,3786
27,Liczba mieszkańców na 1 pracownika socjalnego,2018,gmina,Zielonki,powiat krakowski,2509
27,Liczba mieszkańców na 1 pracownika socjalnego,2018,powiat,powiat limanowski,powiat limanowski,2023
27,Liczba mieszkańców na 1 pracownika socjalnego,2018,gmina,Dobra,powiat limanowski,1424
27,Liczba mieszkańców na 1 pracownika socjalnego,2018,gmina,Jodłownik,powiat limanowski,2889
27,Liczba mieszkańców na 1 pracownika socjalnego,2018,gmina,Kamienica,powiat limanowski,1965
27,Liczba mieszkańców na 1 pracownika socjalnego,2018,gmina,Laskowa,powiat limanowski,1358
27,Liczba mieszkańców na 1 pracownika socjalnego,2018,gmina,Limanowa (miasto),powiat limanowski,1895
27,Liczba mieszkańców na 1 pracownika socjalnego,2018,gmina,Limanowa (wieś),powiat limanowski,2315
27,Liczba mieszkańców na 1 pracownika socjalnego,2018,gmina,Łukowica,powiat limanowski,2009
27,Liczba mieszkańców na 1 pracownika socjalnego,2018,gmina,Mszana Dolna (miasto),powiat limanowski,2649
27,Liczba mieszkańców na 1 pracownika socjalnego,2018,gmina,Mszana Dolna (wieś),powiat limanowski,2520
27,Liczba mieszkańców na 1 pracownika socjalnego,2018,gmina,Niedźwiedź,powiat limanowski,1836
27,Liczba mieszkańców na 1 pracownika socjalnego,2018,gmina,Słopnice,powiat limanowski,1680
27,Liczba mieszkańców na 1 pracownika socjalnego,2018,gmina,Tymbark,powiat limanowski,2185
27,Liczba mieszkańców na 1 pracownika socjalnego,2018,powiat,powiat m. Kraków,powiat m. Kraków,1867
27,Liczba mieszkańców na 1 pracownika socjalnego,2018,powiat,powiat m. Nowy Sącz,powiat m. Nowy Sącz,1583
27,Liczba mieszkańców na 1 pracownika socjalnego,2018,powiat,powiat m. Tarnów,powiat m. Tarnów,1788
27,Liczba mieszkańców na 1 pracownika socjalnego,2018,powiat,powiat miechowski,powiat miechowski,1890
27,Liczba mieszkańców na 1 pracownika socjalnego,2018,gmina,Charsznica,powiat miechowski,2488
27,Liczba mieszkańców na 1 pracownika socjalnego,2018,gmina,Gołcza,powiat miechowski,2026
27,Liczba mieszkańców na 1 pracownika socjalnego,2018,gmina,Kozłów,powiat miechowski,2326
27,Liczba mieszkańców na 1 pracownika socjalnego,2018,gmina,Książ Wielki,powiat miechowski,2560
27,Liczba mieszkańców na 1 pracownika socjalnego,2018,gmina,Miechów,powiat miechowski,1974
27,Liczba mieszkańców na 1 pracownika socjalnego,2018,gmina,Racławice,powiat miechowski,840
27,Liczba mieszkańców na 1 pracownika socjalnego,2018,gmina,Słaboszów,powiat miechowski,1189
27,Liczba mieszkańców na 1 pracownika socjalnego,2018,powiat,powiat myślenicki,powiat myślenicki,2082
27,Liczba mieszkańców na 1 pracownika socjalnego,2018,gmina,Dobczyce,powiat myślenicki,2182
27,Liczba mieszkańców na 1 pracownika socjalnego,2018,gmina,Lubień,powiat myślenicki,2012
27,Liczba mieszkańców na 1 pracownika socjalnego,2018,gmina,Myślenice,powiat myślenicki,2209
27,Liczba mieszkańców na 1 pracownika socjalnego,2018,gmina,Pcim,powiat myślenicki,2770
27,Liczba mieszkańców na 1 pracownika socjalnego,2018,gmina,Raciechowice,powiat myślenicki,2132
27,Liczba mieszkańców na 1 pracownika socjalnego,2018,gmina,Siepraw,powiat myślenicki,2238
27,Liczba mieszkańców na 1 pracownika socjalnego,2018,gmina,Sułkowice,powiat myślenicki,1657
27,Liczba mieszkańców na 1 pracownika socjalnego,2018,gmina,Tokarnia,powiat myślenicki,2193
27,Liczba mieszkańców na 1 pracownika socjalnego,2018,gmina,Wiśniowa,powiat myślenicki,1478
27,Liczba mieszkańców na 1 pracownika socjalnego,2018,powiat,powiat nowosądecki,powiat nowosądecki,1983
27,Liczba mieszkańców na 1 pracownika socjalnego,2018,gmina,Podegrodzie,powiat nowosądecki,1881
27,Liczba mieszkańców na 1 pracownika socjalnego,2018,gmina,Rytro,powiat nowosądecki,1269
27,Liczba mieszkańców na 1 pracownika socjalnego,2018,gmina,Stary Sącz,powiat nowosądecki,2159
27,Liczba mieszkańców na 1 pracownika socjalnego,2018,gmina,Chełmiec,powiat nowosądecki,1786
27,Liczba mieszkańców na 1 pracownika socjalnego,2018,gmina,Gródek nad Dunajcem,powiat nowosądecki,1848
27,Liczba mieszkańców na 1 pracownika socjalnego,2018,gmina,Grybów (miasto),powiat nowosądecki,1510
27,Liczba mieszkańców na 1 pracownika socjalnego,2018,gmina,Grybów (wieś),powiat nowosądecki,2828
27,Liczba mieszkańców na 1 pracownika socjalnego,2018,gmina,Kamionka Wielka,powiat nowosądecki,1727
27,Liczba mieszkańców na 1 pracownika socjalnego,2018,gmina,Korzenna,powiat nowosądecki,1812
27,Liczba mieszkańców na 1 pracownika socjalnego,2018,gmina,Krynica-Zdrój,powiat nowosądecki,1864
27,Liczba mieszkańców na 1 pracownika socjalnego,2018,gmina,Łabowa,powiat nowosądecki,2011
27,Liczba mieszkańców na 1 pracownika socjalnego,2018,gmina,Łącko,powiat nowosądecki,2357
27,Liczba mieszkańców na 1 pracownika socjalnego,2018,gmina,Łososina Dolna,powiat nowosądecki,2762
27,Liczba mieszkańców na 1 pracownika socjalnego,2018,gmina,Muszyna,powiat nowosądecki,1929
27,Liczba mieszkańców na 1 pracownika socjalnego,2018,gmina,Nawojowa,powiat nowosądecki,1741
27,Liczba mieszkańców na 1 pracownika socjalnego,2018,gmina,Piwniczna-Zdrój,powiat nowosądecki,1775
27,Liczba mieszkańców na 1 pracownika socjalnego,2018,powiat,powiat nowotarski,powiat nowotarski,2280
27,Liczba mieszkańców na 1 pracownika socjalnego,2018,gmina,Czarny Dunajec,powiat nowotarski,3218
27,Liczba mieszkańców na 1 pracownika socjalnego,2018,gmina,Czorsztyn,powiat nowotarski,2544
27,Liczba mieszkańców na 1 pracownika socjalnego,2018,gmina,Jabłonka,powiat nowotarski,2656
27,Liczba mieszkańców na 1 pracownika socjalnego,2018,gmina,Krościenko nad Dunajcem,powiat nowotarski,2270
27,Liczba mieszkańców na 1 pracownika socjalnego,2018,gmina,Lipnica Wielka,powiat nowotarski,1999
27,Liczba mieszkańców na 1 pracownika socjalnego,2018,gmina,Łapsze Niżne,powiat nowotarski,3114
27,Liczba mieszkańców na 1 pracownika socjalnego,2018,gmina,Nowy Targ (miasto),powiat nowotarski,3034
27,Liczba mieszkańców na 1 pracownika socjalnego,2018,gmina,Nowy Targ (wieś),powiat nowotarski,2402
27,Liczba mieszkańców na 1 pracownika socjalnego,2018,gmina,Ochotnica Dolna,powiat nowotarski,1713
27,Liczba mieszkańców na 1 pracownika socjalnego,2018,gmina,Raba Wyżna,powiat nowotarski,1635
27,Liczba mieszkańców na 1 pracownika socjalnego,2018,gmina,Rabka-Zdrój,powiat nowotarski,1899
27,Liczba mieszkańców na 1 pracownika socjalnego,2018,gmina,Spytkowice,powiat nowotarski,1133
27,Liczba mieszkańców na 1 pracownika socjalnego,2018,gmina,Szaflary,powiat nowotarski,1842
27,Liczba mieszkańców na 1 pracownika socjalnego,2018,gmina,Szczawnica,powiat nowotarski,1816
27,Liczba mieszkańców na 1 pracownika socjalnego,2018,powiat,powiat olkuski,powiat olkuski,1899
27,Liczba mieszkańców na 1 pracownika socjalnego,2018,gmina,Bolesław,powiat olkuski,1946
27,Liczba mieszkańców na 1 pracownika socjalnego,2018,gmina,Bukowno,powiat olkuski,2039
27,Liczba mieszkańców na 1 pracownika socjalnego,2018,gmina,Klucze,powiat olkuski,1259
27,Liczba mieszkańców na 1 pracownika socjalnego,2018,gmina,Olkusz,powiat olkuski,2132
27,Liczba mieszkańców na 1 pracownika socjalnego,2018,gmina,Trzyciąż,powiat olkuski,2349
27,Liczba mieszkańców na 1 pracownika socjalnego,2018,gmina,Wolbrom,powiat olkuski,1906
27,Liczba mieszkańców na 1 pracownika socjalnego,2018,powiat,powiat oświęcimski,powiat oświęcimski,1898
27,Liczba mieszkańców na 1 pracownika socjalnego,2018,gmina,Brzeszcze,powiat oświęcimski,2127
27,Liczba mieszkańców na 1 pracownika socjalnego,2018,gmina,Chełmek,powiat oświęcimski,1857
27,Liczba mieszkańców na 1 pracownika socjalnego,2018,gmina,Kęty,powiat oświęcimski,2442
27,Liczba mieszkańców na 1 pracownika socjalnego,2018,gmina,Osiek,powiat oświęcimski,2736
27,Liczba mieszkańców na 1 pracownika socjalnego,2018,gmina,Oświęcim (miasto),powiat oświęcimski,1532
27,Liczba mieszkańców na 1 pracownika socjalnego,2018,gmina,Oświęcim (wieś),powiat oświęcimski,1842
27,Liczba mieszkańców na 1 pracownika socjalnego,2018,gmina,Polanka Wielka,powiat oświęcimski,1432
27,Liczba mieszkańców na 1 pracownika socjalnego,2018,gmina,Przeciszów,powiat oświęcimski,1688
27,Liczba mieszkańców na 1 pracownika socjalnego,2018,gmina,Zator,powiat oświęcimski,1860
27,Liczba mieszkańców na 1 pracownika socjalnego,2018,powiat,powiat proszowicki,powiat proszowicki,1892
27,Liczba mieszkańców na 1 pracownika socjalnego,2018,gmina,Koniusza,powiat proszowicki,3007
27,Liczba mieszkańców na 1 pracownika socjalnego,2018,gmina,Koszyce,powiat proszowicki,1377
27,Liczba mieszkańców na 1 pracownika socjalnego,2018,gmina,Nowe Brzesko,powiat proszowicki,1917
27,Liczba mieszkańców na 1 pracownika socjalnego,2018,gmina,Pałecznica,powiat proszowicki,1792
27,Liczba mieszkańców na 1 pracownika socjalnego,2018,gmina,Proszowice,powiat proszowicki,1624
27,Liczba mieszkańców na 1 pracownika socjalnego,2018,gmina,Radziemice,powiat proszowicki,3417
27,Liczba mieszkańców na 1 pracownika socjalnego,2018,powiat,powiat suski,powiat suski,2106
27,Liczba mieszkańców na 1 pracownika socjalnego,2018,gmina,Budzów,powiat suski,2236
27,Liczba mieszkańców na 1 pracownika socjalnego,2018,gmina,Bystra-Sidzina,powiat suski,3430
27,Liczba mieszkańców na 1 pracownika socjalnego,2018,gmina,Jordanów (miasto),powiat suski,1791
27,Liczba mieszkańców na 1 pracownika socjalnego,2018,gmina,Jordanów (wieś),powiat suski,1858
27,Liczba mieszkańców na 1 pracownika socjalnego,2018,gmina,Maków Podhalański,powiat suski,2305
27,Liczba mieszkańców na 1 pracownika socjalnego,2018,gmina,Stryszawa,powiat suski,2378
27,Liczba mieszkańców na 1 pracownika socjalnego,2018,gmina,Sucha Beskidzka,powiat suski,1833
27,Liczba mieszkańców na 1 pracownika socjalnego,2018,gmina,Zawoja,powiat suski,1825
27,Liczba mieszkańców na 1 pracownika socjalnego,2018,gmina,Zembrzyce,powiat suski,1873
27,Liczba mieszkańców na 1 pracownika socjalnego,2018,powiat,powiat tarnowski,powiat tarnowski,2240
27,Liczba mieszkańców na 1 pracownika socjalnego,2018,gmina,Ciężkowice,powiat tarnowski,1872
27,Liczba mieszkańców na 1 pracownika socjalnego,2018,gmina,Gromnik,powiat tarnowski,1780
27,Liczba mieszkańców na 1 pracownika socjalnego,2018,gmina,Lisia Góra,powiat tarnowski,2555
27,Liczba mieszkańców na 1 pracownika socjalnego,2018,gmina,Pleśna,powiat tarnowski,2391
27,Liczba mieszkańców na 1 pracownika socjalnego,2018,gmina,Radłów,powiat tarnowski,1950
27,Liczba mieszkańców na 1 pracownika socjalnego,2018,gmina,Ryglice,powiat tarnowski,2924
27,Liczba mieszkańców na 1 pracownika socjalnego,2018,gmina,Rzepiennik Strzyżewski,powiat tarnowski,1686
27,Liczba mieszkańców na 1 pracownika socjalnego,2018,gmina,Skrzyszów,powiat tarnowski,2851
27,Liczba mieszkańców na 1 pracownika socjalnego,2018,gmina,Szerzyny,powiat tarnowski,1595
27,Liczba mieszkańców na 1 pracownika socjalnego,2018,gmina,Tarnów (wieś),powiat tarnowski,2892
27,Liczba mieszkańców na 1 pracownika socjalnego,2018,gmina,Tuchów,powiat tarnowski,2005
27,Liczba mieszkańców na 1 pracownika socjalnego,2018,gmina,Wierzchosławice,powiat tarnowski,2165
27,Liczba mieszkańców na 1 pracownika socjalnego,2018,gmina,Wietrzychowice,powiat tarnowski,1994
27,Liczba mieszkańców na 1 pracownika socjalnego,2018,gmina,Wojnicz,powiat tarnowski,2696
27,Liczba mieszkańców na 1 pracownika socjalnego,2018,gmina,Zakliczyn,powiat tarnowski,2076
27,Liczba mieszkańców na 1 pracownika socjalnego,2018,gmina,Żabno,powiat tarnowski,2101
27,Liczba mieszkańców na 1 pracownika socjalnego,2018,powiat,powiat tatrzański,powiat tatrzański,1947
27,Liczba mieszkańców na 1 pracownika socjalnego,2018,gmina,Biały Dunajec,powiat tatrzański,1796
27,Liczba mieszkańców na 1 pracownika socjalnego,2018,gmina,Bukowina Tatrzańska,powiat tatrzański,2225
27,Liczba mieszkańców na 1 pracownika socjalnego,2018,gmina,Kościelisko,powiat tatrzański,1757
27,Liczba mieszkańców na 1 pracownika socjalnego,2018,gmina,Poronin,powiat tatrzański,1662
27,Liczba mieszkańców na 1 pracownika socjalnego,2018,gmina,Zakopane,powiat tatrzański,2092
27,Liczba mieszkańców na 1 pracownika socjalnego,2018,powiat,powiat wadowicki,powiat wadowicki,2135
27,Liczba mieszkańców na 1 pracownika socjalnego,2018,gmina,Andrychów,powiat wadowicki,2079
27,Liczba mieszkańców na 1 pracownika socjalnego,2018,gmina,Brzeźnica,powiat wadowicki,2069
27,Liczba mieszkańców na 1 pracownika socjalnego,2018,gmina,Kalwaria Zebrzydowska,powiat wadowicki,1822
27,Liczba mieszkańców na 1 pracownika socjalnego,2018,gmina,Lanckorona,powiat wadowicki,1559
27,Liczba mieszkańców na 1 pracownika socjalnego,2018,gmina,Mucharz,powiat wadowicki,1374
27,Liczba mieszkańców na 1 pracownika socjalnego,2018,gmina,Spytkowice,powiat wadowicki,2595
27,Liczba mieszkańców na 1 pracownika socjalnego,2018,gmina,Stryszów,powiat wadowicki,2285
27,Liczba mieszkańców na 1 pracownika socjalnego,2018,gmina,Tomice,powiat wadowicki,2043
27,Liczba mieszkańców na 1 pracownika socjalnego,2018,gmina,Wadowice,powiat wadowicki,2371
27,Liczba mieszkańców na 1 pracownika socjalnego,2018,gmina,Wieprz,powiat wadowicki,3097
27,Liczba mieszkańców na 1 pracownika socjalnego,2018,powiat,powiat wielicki,powiat wielicki,2229
27,Liczba mieszkańców na 1 pracownika socjalnego,2018,gmina,Biskupice,powiat wielicki,1722
27,Liczba mieszkańców na 1 pracownika socjalnego,2018,gmina,Gdów,powiat wielicki,2274
27,Liczba mieszkańców na 1 pracownika socjalnego,2018,gmina,Kłaj,powiat wielicki,1782
27,Liczba mieszkańców na 1 pracownika socjalnego,2018,gmina,Niepołomice,powiat wielicki,3162
27,Liczba mieszkańców na 1 pracownika socjalnego,2018,gmina,Wieliczka,powiat wielicki,2122
27,Liczba mieszkańców na 1 pracownika socjalnego,2017,powiat,powiat bocheński,powiat bocheński,1895
27,Liczba mieszkańców na 1 pracownika socjalnego,2017,gmina,Bochnia (miasto),powiat bocheński,1764
27,Liczba mieszkańców na 1 pracownika socjalnego,2017,gmina,Bochnia (wieś),powiat bocheński,1795
27,Liczba mieszkańców na 1 pracownika socjalnego,2017,gmina,Drwinia,powiat bocheński,1626
27,Liczba mieszkańców na 1 pracownika socjalnego,2017,gmina,Lipnica Murowana,powiat bocheński,1412
27,Liczba mieszkańców na 1 pracownika socjalnego,2017,gmina,Łapanów,powiat bocheński,2683
27,Liczba mieszkańców na 1 pracownika socjalnego,2017,gmina,Nowy Wiśnicz,powiat bocheński,2313
27,Liczba mieszkańców na 1 pracownika socjalnego,2017,gmina,Rzezawa,powiat bocheński,2248
27,Liczba mieszkańców na 1 pracownika socjalnego,2017,gmina,Trzciana,powiat bocheński,1843
27,Liczba mieszkańców na 1 pracownika socjalnego,2017,gmina,Żegocina,powiat bocheński,1837
27,Liczba mieszkańców na 1 pracownika socjalnego,2017,powiat,powiat brzeski,powiat brzeski,2218
27,Liczba mieszkańców na 1 pracownika socjalnego,2017,gmina,Borzęcin,powiat brzeski,1676
27,Liczba mieszkańców na 1 pracownika socjalnego,2017,gmina,Brzesko,powiat brzeski,2017
27,Liczba mieszkańców na 1 pracownika socjalnego,2017,gmina,Czchów,powiat brzeski,3275
27,Liczba mieszkańców na 1 pracownika socjalnego,2017,gmina,Dębno,powiat brzeski,2935
27,Liczba mieszkańców na 1 pracownika socjalnego,2017,gmina,Gnojnik,powiat brzeski,2655
27,Liczba mieszkańców na 1 pracownika socjalnego,2017,gmina,Iwkowa,powiat brzeski,2138
27,Liczba mieszkańców na 1 pracownika socjalnego,2017,gmina,Szczurowa,powiat brzeski,1919
27,Liczba mieszkańców na 1 pracownika socjalnego,2017,powiat,powiat chrzanowski,powiat chrzanowski,1676
27,Liczba mieszkańców na 1 pracownika socjalnego,2017,gmina,Alwernia,powiat chrzanowski,1806
27,Liczba mieszkańców na 1 pracownika socjalnego,2017,gmina,Babice,powiat chrzanowski,1521
27,Liczba mieszkańców na 1 pracownika socjalnego,2017,gmina,Chrzanów,powiat chrzanowski,1633
27,Liczba mieszkańców na 1 pracownika socjalnego,2017,gmina,Libiąż,powiat chrzanowski,1730
27,Liczba mieszkańców na 1 pracownika socjalnego,2017,gmina,Trzebinia,powiat chrzanowski,1705
27,Liczba mieszkańców na 1 pracownika socjalnego,2017,powiat,powiat dąbrowski,powiat dąbrowski,2118
27,Liczba mieszkańców na 1 pracownika socjalnego,2017,gmina,Bolesław,powiat dąbrowski,2709
27,Liczba mieszkańców na 1 pracownika socjalnego,2017,gmina,Dąbrowa Tarnowska,powiat dąbrowski,2123
27,Liczba mieszkańców na 1 pracownika socjalnego,2017,gmina,Gręboszów,powiat dąbrowski,1673
27,Liczba mieszkańców na 1 pracownika socjalnego,2017,gmina,Mędrzechów,powiat dąbrowski,1742
27,Liczba mieszkańców na 1 pracownika socjalnego,2017,gmina,Olesno,powiat dąbrowski,2652
27,Liczba mieszkańców na 1 pracownika socjalnego,2017,gmina,Radgoszcz,powiat dąbrowski,2473
27,Liczba mieszkańców na 1 pracownika socjalnego,2017,gmina,Szczucin,powiat dąbrowski,1881
27,Liczba mieszkańców na 1 pracownika socjalnego,2017,powiat,powiat gorlicki,powiat gorlicki,1731
27,Liczba mieszkańców na 1 pracownika socjalnego,2017,gmina,Biecz,powiat gorlicki,1538
27,Liczba mieszkańców na 1 pracownika socjalnego,2017,gmina,Bobowa,powiat gorlicki,1949
27,Liczba mieszkańców na 1 pracownika socjalnego,2017,gmina,Gorlice (miasto),powiat gorlicki,1852
27,Liczba mieszkańców na 1 pracownika socjalnego,2017,gmina,Gorlice (wieś),powiat gorlicki,1718
27,Liczba mieszkańców na 1 pracownika socjalnego,2017,gmina,Lipinki,powiat gorlicki,1700
27,Liczba mieszkańców na 1 pracownika socjalnego,2017,gmina,Łużna,powiat gorlicki,1693
27,Liczba mieszkańców na 1 pracownika socjalnego,2017,gmina,Moszczenica,powiat gorlicki,1640
27,Liczba mieszkańców na 1 pracownika socjalnego,2017,gmina,Ropa,powiat gorlicki,1813
27,Liczba mieszkańców na 1 pracownika socjalnego,2017,gmina,Sękowa,powiat gorlicki,1660
27,Liczba mieszkańców na 1 pracownika socjalnego,2017,gmina,Uście Gorlickie,powiat gorlicki,1711
27,Liczba mieszkańców na 1 pracownika socjalnego,2017,powiat,powiat krakowski,powiat krakowski,2216
27,Liczba mieszkańców na 1 pracownika socjalnego,2017,gmina,Czernichów,powiat krakowski,2076
27,Liczba mieszkańców na 1 pracownika socjalnego,2017,gmina,Igołomia-Wawrzeńczyce,powiat krakowski,1926
27,Liczba mieszkańców na 1 pracownika socjalnego,2017,gmina,Iwanowice,powiat krakowski,2274
27,Liczba mieszkańców na 1 pracownika socjalnego,2017,gmina,Jerzmanowice-Przeginia,powiat krakowski,2729
27,Liczba mieszkańców na 1 pracownika socjalnego,2017,gmina,Kocmyrzów-Luborzyca,powiat krakowski,2180
27,Liczba mieszkańców na 1 pracownika socjalnego,2017,gmina,Krzeszowice,powiat krakowski,2307
27,Liczba mieszkańców na 1 pracownika socjalnego,2017,gmina,Liszki,powiat krakowski,2444
27,Liczba mieszkańców na 1 pracownika socjalnego,2017,gmina,Michałowice,powiat krakowski,1730
27,Liczba mieszkańców na 1 pracownika socjalnego,2017,gmina,Mogilany,powiat krakowski,2303
27,Liczba mieszkańców na 1 pracownika socjalnego,2017,gmina,Skała,powiat krakowski,2630
27,Liczba mieszkańców na 1 pracownika socjalnego,2017,gmina,Skawina,powiat krakowski,2283
27,Liczba mieszkańców na 1 pracownika socjalnego,2017,gmina,Słomniki,powiat krakowski,2280
27,Liczba mieszkańców na 1 pracownika socjalnego,2017,gmina,Sułoszowa,powiat krakowski,1940
27,Liczba mieszkańców na 1 pracownika socjalnego,2017,gmina,Świątniki Górne,powiat krakowski,2489
27,Liczba mieszkańców na 1 pracownika socjalnego,2017,gmina,Wielka Wieś,powiat krakowski,1993
27,Liczba mieszkańców na 1 pracownika socjalnego,2017,gmina,Zabierzów,powiat krakowski,2016
27,Liczba mieszkańców na 1 pracownika socjalnego,2017,gmina,Zielonki,powiat krakowski,2222
27,Liczba mieszkańców na 1 pracownika socjalnego,2017,powiat,powiat limanowski,powiat limanowski,1926
27,Liczba mieszkańców na 1 pracownika socjalnego,2017,gmina,Dobra,powiat limanowski,1246
27,Liczba mieszkańców na 1 pracownika socjalnego,2017,gmina,Jodłownik,powiat limanowski,2154
27,Liczba mieszkańców na 1 pracownika socjalnego,2017,gmina,Kamienica,powiat limanowski,1955
27,Liczba mieszkańców na 1 pracownika socjalnego,2017,gmina,Laskowa,powiat limanowski,1350
27,Liczba mieszkańców na 1 pracownika socjalnego,2017,gmina,Limanowa (miasto),powiat limanowski,1888
27,Liczba mieszkańców na 1 pracownika socjalnego,2017,gmina,Limanowa (wieś),powiat limanowski,2292
27,Liczba mieszkańców na 1 pracownika socjalnego,2017,gmina,Łukowica,powiat limanowski,1999
27,Liczba mieszkańców na 1 pracownika socjalnego,2017,gmina,Mszana Dolna (miasto),powiat limanowski,2661
27,Liczba mieszkańców na 1 pracownika socjalnego,2017,gmina,Mszana Dolna (wieś),powiat limanowski,2197
27,Liczba mieszkańców na 1 pracownika socjalnego,2017,gmina,Niedźwiedź,powiat limanowski,1834
27,Liczba mieszkańców na 1 pracownika socjalnego,2017,gmina,Słopnice,powiat limanowski,1674
27,Liczba mieszkańców na 1 pracownika socjalnego,2017,gmina,Tymbark,powiat limanowski,2186
27,Liczba mieszkańców na 1 pracownika socjalnego,2017,powiat,powiat m. Kraków,powiat m. Kraków,1909
27,Liczba mieszkańców na 1 pracownika socjalnego,2017,powiat,powiat m. Nowy Sącz,powiat m. Nowy Sącz,1751
27,Liczba mieszkańców na 1 pracownika socjalnego,2017,powiat,powiat m. Tarnów,powiat m. Tarnów,1687
27,Liczba mieszkańców na 1 pracownika socjalnego,2017,powiat,powiat miechowski,powiat miechowski,1826
27,Liczba mieszkańców na 1 pracownika socjalnego,2017,gmina,Charsznica,powiat miechowski,1870
27,Liczba mieszkańców na 1 pracownika socjalnego,2017,gmina,Gołcza,powiat miechowski,2041
27,Liczba mieszkańców na 1 pracownika socjalnego,2017,gmina,Kozłów,powiat miechowski,2336
27,Liczba mieszkańców na 1 pracownika socjalnego,2017,gmina,Książ Wielki,powiat miechowski,2576
27,Liczba mieszkańców na 1 pracownika socjalnego,2017,gmina,Miechów,powiat miechowski,1978
27,Liczba mieszkańców na 1 pracownika socjalnego,2017,gmina,Racławice,powiat miechowski,832
27,Liczba mieszkańców na 1 pracownika socjalnego,2017,gmina,Słaboszów,powiat miechowski,1205
27,Liczba mieszkańców na 1 pracownika socjalnego,2017,powiat,powiat myślenicki,powiat myślenicki,2256
27,Liczba mieszkańców na 1 pracownika socjalnego,2017,gmina,Dobczyce,powiat myślenicki,2175
27,Liczba mieszkańców na 1 pracownika socjalnego,2017,gmina,Lubień,powiat myślenicki,2507
27,Liczba mieszkańców na 1 pracownika socjalnego,2017,gmina,Myślenice,powiat myślenicki,2589
27,Liczba mieszkańców na 1 pracownika socjalnego,2017,gmina,Pcim,powiat myślenicki,2750
27,Liczba mieszkańców na 1 pracownika socjalnego,2017,gmina,Raciechowice,powiat myślenicki,2107
27,Liczba mieszkańców na 1 pracownika socjalnego,2017,gmina,Siepraw,powiat myślenicki,2951
27,Liczba mieszkańców na 1 pracownika socjalnego,2017,gmina,Sułkowice,powiat myślenicki,1483
27,Liczba mieszkańców na 1 pracownika socjalnego,2017,gmina,Tokarnia,powiat myślenicki,2182
27,Liczba mieszkańców na 1 pracownika socjalnego,2017,gmina,Wiśniowa,powiat myślenicki,1834
27,Liczba mieszkańców na 1 pracownika socjalnego,2017,powiat,powiat nowosądecki,powiat nowosądecki,1972
27,Liczba mieszkańców na 1 pracownika socjalnego,2017,gmina,Podegrodzie,powiat nowosądecki,1865
27,Liczba mieszkańców na 1 pracownika socjalnego,2017,gmina,Rytro,powiat nowosądecki,1904
27,Liczba mieszkańców na 1 pracownika socjalnego,2017,gmina,Stary Sącz,powiat nowosądecki,1969
27,Liczba mieszkańców na 1 pracownika socjalnego,2017,gmina,Chełmiec,powiat nowosądecki,1881
27,Liczba mieszkańców na 1 pracownika socjalnego,2017,gmina,Gródek nad Dunajcem,powiat nowosądecki,1847
27,Liczba mieszkańców na 1 pracownika socjalnego,2017,gmina,Grybów (miasto),powiat nowosądecki,1522
27,Liczba mieszkańców na 1 pracownika socjalnego,2017,gmina,Grybów (wieś),powiat nowosądecki,3147
27,Liczba mieszkańców na 1 pracownika socjalnego,2017,gmina,Kamionka Wielka,powiat nowosądecki,1722
27,Liczba mieszkańców na 1 pracownika socjalnego,2017,gmina,Korzenna,powiat nowosądecki,2057
27,Liczba mieszkańców na 1 pracownika socjalnego,2017,gmina,Krynica-Zdrój,powiat nowosądecki,1864
27,Liczba mieszkańców na 1 pracownika socjalnego,2017,gmina,Łabowa,powiat nowosądecki,2002
27,Liczba mieszkańców na 1 pracownika socjalnego,2017,gmina,Łącko,powiat nowosądecki,1829
27,Liczba mieszkańców na 1 pracownika socjalnego,2017,gmina,Łososina Dolna,powiat nowosądecki,2189
27,Liczba mieszkańców na 1 pracownika socjalnego,2017,gmina,Muszyna,powiat nowosądecki,1933
27,Liczba mieszkańców na 1 pracownika socjalnego,2017,gmina,Nawojowa,powiat nowosądecki,1720
27,Liczba mieszkańców na 1 pracownika socjalnego,2017,gmina,Piwniczna-Zdrój,powiat nowosądecki,1779
27,Liczba mieszkańców na 1 pracownika socjalnego,2017,powiat,powiat nowotarski,powiat nowotarski,2304
27,Liczba mieszkańców na 1 pracownika socjalnego,2017,gmina,Czarny Dunajec,powiat nowotarski,3203
27,Liczba mieszkańców na 1 pracownika socjalnego,2017,gmina,Czorsztyn,powiat nowotarski,2544
27,Liczba mieszkańców na 1 pracownika socjalnego,2017,gmina,Jabłonka,powiat nowotarski,2653
27,Liczba mieszkańców na 1 pracownika socjalnego,2017,gmina,Krościenko nad Dunajcem,powiat nowotarski,2271
27,Liczba mieszkańców na 1 pracownika socjalnego,2017,gmina,Lipnica Wielka,powiat nowotarski,1996
27,Liczba mieszkańców na 1 pracownika socjalnego,2017,gmina,Łapsze Niżne,powiat nowotarski,3113
27,Liczba mieszkańców na 1 pracownika socjalnego,2017,gmina,Nowy Targ (miasto),powiat nowotarski,2780
27,Liczba mieszkańców na 1 pracownika socjalnego,2017,gmina,Nowy Targ (wieś),powiat nowotarski,2390
27,Liczba mieszkańców na 1 pracownika socjalnego,2017,gmina,Ochotnica Dolna,powiat nowotarski,1704
27,Liczba mieszkańców na 1 pracownika socjalnego,2017,gmina,Raba Wyżna,powiat nowotarski,1837
27,Liczba mieszkańców na 1 pracownika socjalnego,2017,gmina,Rabka-Zdrój,powiat nowotarski,1914
27,Liczba mieszkańców na 1 pracownika socjalnego,2017,gmina,Spytkowice,powiat nowotarski,902
27,Liczba mieszkańców na 1 pracownika socjalnego,2017,gmina,Szaflary,powiat nowotarski,2200
27,Liczba mieszkańców na 1 pracownika socjalnego,2017,gmina,Szczawnica,powiat nowotarski,2429
27,Liczba mieszkańców na 1 pracownika socjalnego,2017,powiat,powiat olkuski,powiat olkuski,2010
27,Liczba mieszkańców na 1 pracownika socjalnego,2017,gmina,Bolesław,powiat olkuski,1937
27,Liczba mieszkańców na 1 pracownika socjalnego,2017,gmina,Bukowno,powiat olkuski,2059
27,Liczba mieszkańców na 1 pracownika socjalnego,2017,gmina,Klucze,powiat olkuski,1684
27,Liczba mieszkańców na 1 pracownika socjalnego,2017,gmina,Olkusz,powiat olkuski,2144
27,Liczba mieszkańców na 1 pracownika socjalnego,2017,gmina,Trzyciąż,powiat olkuski,2351
27,Liczba mieszkańców na 1 pracownika socjalnego,2017,gmina,Wolbrom,powiat olkuski,1914
27,Liczba mieszkańców na 1 pracownika socjalnego,2017,powiat,powiat oświęcimski,powiat oświęcimski,2085
27,Liczba mieszkańców na 1 pracownika socjalnego,2017,gmina,Brzeszcze,powiat oświęcimski,2140
27,Liczba mieszkańców na 1 pracownika socjalnego,2017,gmina,Chełmek,powiat oświęcimski,1859
27,Liczba mieszkańców na 1 pracownika socjalnego,2017,gmina,Kęty,powiat oświęcimski,2450
27,Liczba mieszkańców na 1 pracownika socjalnego,2017,gmina,Osiek,powiat oświęcimski,2058
27,Liczba mieszkańców na 1 pracownika socjalnego,2017,gmina,Oświęcim (miasto),powiat oświęcimski,2036
27,Liczba mieszkańców na 1 pracownika socjalnego,2017,gmina,Oświęcim (wieś),powiat oświęcimski,2036
27,Liczba mieszkańców na 1 pracownika socjalnego,2017,gmina,Polanka Wielka,powiat oświęcimski,1437
27,Liczba mieszkańców na 1 pracownika socjalnego,2017,gmina,Przeciszów,powiat oświęcimski,1684
27,Liczba mieszkańców na 1 pracownika socjalnego,2017,gmina,Zator,powiat oświęcimski,2325
27,Liczba mieszkańców na 1 pracownika socjalnego,2017,powiat,powiat proszowicki,powiat proszowicki,2079
27,Liczba mieszkańców na 1 pracownika socjalnego,2017,gmina,Koniusza,powiat proszowicki,3002
27,Liczba mieszkańców na 1 pracownika socjalnego,2017,gmina,Koszyce,powiat proszowicki,1844
27,Liczba mieszkańców na 1 pracownika socjalnego,2017,gmina,Nowe Brzesko,powiat proszowicki,1917
27,Liczba mieszkańców na 1 pracownika socjalnego,2017,gmina,Pałecznica,powiat proszowicki,1801
27,Liczba mieszkańców na 1 pracownika socjalnego,2017,gmina,Proszowice,powiat proszowicki,2040
27,Liczba mieszkańców na 1 pracownika socjalnego,2017,gmina,Radziemice,powiat proszowicki,1722
27,Liczba mieszkańców na 1 pracownika socjalnego,2017,powiat,powiat suski,powiat suski,2108
27,Liczba mieszkańców na 1 pracownika socjalnego,2017,gmina,Budzów,powiat suski,2232
27,Liczba mieszkańców na 1 pracownika socjalnego,2017,gmina,Bystra-Sidzina,powiat suski,3424
27,Liczba mieszkańców na 1 pracownika socjalnego,2017,gmina,Jordanów (miasto),powiat suski,1340
27,Liczba mieszkańców na 1 pracownika socjalnego,2017,gmina,Jordanów (wieś),powiat suski,1851
27,Liczba mieszkańców na 1 pracownika socjalnego,2017,gmina,Maków Podhalański,powiat suski,2321
27,Liczba mieszkańców na 1 pracownika socjalnego,2017,gmina,Stryszawa,powiat suski,2369
27,Liczba mieszkańców na 1 pracownika socjalnego,2017,gmina,Sucha Beskidzka,powiat suski,1859
27,Liczba mieszkańców na 1 pracownika socjalnego,2017,gmina,Zawoja,powiat suski,2276
27,Liczba mieszkańców na 1 pracownika socjalnego,2017,gmina,Zembrzyce,powiat suski,1861
27,Liczba mieszkańców na 1 pracownika socjalnego,2017,powiat,powiat tarnowski,powiat tarnowski,2287
27,Liczba mieszkańców na 1 pracownika socjalnego,2017,gmina,Ciężkowice,powiat tarnowski,1876
27,Liczba mieszkańców na 1 pracownika socjalnego,2017,gmina,Gromnik,powiat tarnowski,1779
27,Liczba mieszkańców na 1 pracownika socjalnego,2017,gmina,Lisia Góra,powiat tarnowski,3045
27,Liczba mieszkańców na 1 pracownika socjalnego,2017,gmina,Pleśna,powiat tarnowski,2389
27,Liczba mieszkańców na 1 pracownika socjalnego,2017,gmina,Radłów,powiat tarnowski,1954
27,Liczba mieszkańców na 1 pracownika socjalnego,2017,gmina,Ryglice,powiat tarnowski,2337
27,Liczba mieszkańców na 1 pracownika socjalnego,2017,gmina,Rzepiennik Strzyżewski,powiat tarnowski,1686
27,Liczba mieszkańców na 1 pracownika socjalnego,2017,gmina,Skrzyszów,powiat tarnowski,3547
27,Liczba mieszkańców na 1 pracownika socjalnego,2017,gmina,Szerzyny,powiat tarnowski,1989
27,Liczba mieszkańców na 1 pracownika socjalnego,2017,gmina,Tarnów (wieś),powiat tarnowski,2591
27,Liczba mieszkańców na 1 pracownika socjalnego,2017,gmina,Tuchów,powiat tarnowski,2004
27,Liczba mieszkańców na 1 pracownika socjalnego,2017,gmina,Wierzchosławice,powiat tarnowski,2162
27,Liczba mieszkańców na 1 pracownika socjalnego,2017,gmina,Wietrzychowice,powiat tarnowski,2004
27,Liczba mieszkańców na 1 pracownika socjalnego,2017,gmina,Wojnicz,powiat tarnowski,2694
27,Liczba mieszkańców na 1 pracownika socjalnego,2017,gmina,Zakliczyn,powiat tarnowski,2063
27,Liczba mieszkańców na 1 pracownika socjalnego,2017,gmina,Żabno,powiat tarnowski,2374
27,Liczba mieszkańców na 1 pracownika socjalnego,2017,powiat,powiat tatrzański,powiat tatrzański,2062
27,Liczba mieszkańców na 1 pracownika socjalnego,2017,gmina,Biały Dunajec,powiat tatrzański,1788
27,Liczba mieszkańców na 1 pracownika socjalnego,2017,gmina,Bukowina Tatrzańska,powiat tatrzański,2658
27,Liczba mieszkańców na 1 pracownika socjalnego,2017,gmina,Kościelisko,powiat tatrzański,2187
27,Liczba mieszkańców na 1 pracownika socjalnego,2017,gmina,Poronin,powiat tatrzański,1654
27,Liczba mieszkańców na 1 pracownika socjalnego,2017,gmina,Zakopane,powiat tatrzański,2097
27,Liczba mieszkańców na 1 pracownika socjalnego,2017,powiat,powiat wadowicki,powiat wadowicki,2025
27,Liczba mieszkańców na 1 pracownika socjalnego,2017,gmina,Andrychów,powiat wadowicki,1753
27,Liczba mieszkańców na 1 pracownika socjalnego,2017,gmina,Brzeźnica,powiat wadowicki,2057
27,Liczba mieszkańców na 1 pracownika socjalnego,2017,gmina,Kalwaria Zebrzydowska,powiat wadowicki,1823
27,Liczba mieszkańców na 1 pracownika socjalnego,2017,gmina,Lanckorona,powiat wadowicki,1552
27,Liczba mieszkańców na 1 pracownika socjalnego,2017,gmina,Mucharz,powiat wadowicki,1362
27,Liczba mieszkańców na 1 pracownika socjalnego,2017,gmina,Spytkowice,powiat wadowicki,2576
27,Liczba mieszkańców na 1 pracownika socjalnego,2017,gmina,Stryszów,powiat wadowicki,2288
27,Liczba mieszkańców na 1 pracownika socjalnego,2017,gmina,Tomice,powiat wadowicki,2021
27,Liczba mieszkańców na 1 pracownika socjalnego,2017,gmina,Wadowice,powiat wadowicki,2371
27,Liczba mieszkańców na 1 pracownika socjalnego,2017,gmina,Wieprz,powiat wadowicki,3072
27,Liczba mieszkańców na 1 pracownika socjalnego,2017,powiat,powiat wielicki,powiat wielicki,2236
27,Liczba mieszkańców na 1 pracownika socjalnego,2017,gmina,Biskupice,powiat wielicki,2037
27,Liczba mieszkańców na 1 pracownika socjalnego,2017,gmina,Gdów,powiat wielicki,2253
27,Liczba mieszkańców na 1 pracownika socjalnego,2017,gmina,Kłaj,powiat wielicki,1779
27,Liczba mieszkańców na 1 pracownika socjalnego,2017,gmina,Niepołomice,powiat wielicki,3102
27,Liczba mieszkańców na 1 pracownika socjalnego,2017,gmina,Wieliczka,powiat wielicki,2086
27,Liczba mieszkańców na 1 pracownika socjalnego,2016,powiat,powiat bocheński,powiat bocheński,2073
27,Liczba mieszkańców na 1 pracownika socjalnego,2016,gmina,Bochnia (miasto),powiat bocheński,1768
27,Liczba mieszkańców na 1 pracownika socjalnego,2016,gmina,Bochnia (wieś),powiat bocheński,2451
27,Liczba mieszkańców na 1 pracownika socjalnego,2016,gmina,Drwinia,powiat bocheński,2171
27,Liczba mieszkańców na 1 pracownika socjalnego,2016,gmina,Lipnica Murowana,powiat bocheński,1408
27,Liczba mieszkańców na 1 pracownika socjalnego,2016,gmina,Łapanów,powiat bocheński,2666
27,Liczba mieszkańców na 1 pracownika socjalnego,2016,gmina,Nowy Wiśnicz,powiat bocheński,2309
27,Liczba mieszkańców na 1 pracownika socjalnego,2016,gmina,Rzezawa,powiat bocheński,2232
27,Liczba mieszkańców na 1 pracownika socjalnego,2016,gmina,Trzciana,powiat bocheński,1831
27,Liczba mieszkańców na 1 pracownika socjalnego,2016,gmina,Żegocina,powiat bocheński,2722
27,Liczba mieszkańców na 1 pracownika socjalnego,2016,powiat,powiat brzeski,powiat brzeski,2325
27,Liczba mieszkańców na 1 pracownika socjalnego,2016,gmina,Borzęcin,powiat brzeski,1677
27,Liczba mieszkańców na 1 pracownika socjalnego,2016,gmina,Brzesko,powiat brzeski,1910
27,Liczba mieszkańców na 1 pracownika socjalnego,2016,gmina,Czchów,powiat brzeski,4917
27,Liczba mieszkańców na 1 pracownika socjalnego,2016,gmina,Dębno,powiat brzeski,2431
27,Liczba mieszkańców na 1 pracownika socjalnego,2016,gmina,Gnojnik,powiat brzeski,3968
27,Liczba mieszkańców na 1 pracownika socjalnego,2016,gmina,Iwkowa,powiat brzeski,3170
27,Liczba mieszkańców na 1 pracownika socjalnego,2016,gmina,Szczurowa,powiat brzeski,2407
27,Liczba mieszkańców na 1 pracownika socjalnego,2016,powiat,powiat chrzanowski,powiat chrzanowski,1827
27,Liczba mieszkańców na 1 pracownika socjalnego,2016,gmina,Alwernia,powiat chrzanowski,1583
27,Liczba mieszkańców na 1 pracownika socjalnego,2016,gmina,Babice,powiat chrzanowski,1519
27,Liczba mieszkańców na 1 pracownika socjalnego,2016,gmina,Chrzanów,powiat chrzanowski,2067
27,Liczba mieszkańców na 1 pracownika socjalnego,2016,gmina,Libiąż,powiat chrzanowski,1735
27,Liczba mieszkańców na 1 pracownika socjalnego,2016,gmina,Trzebinia,powiat chrzanowski,1799
27,Liczba mieszkańców na 1 pracownika socjalnego,2016,powiat,powiat dąbrowski,powiat dąbrowski,1978
27,Liczba mieszkańców na 1 pracownika socjalnego,2016,gmina,Bolesław,powiat dąbrowski,2734
27,Liczba mieszkańców na 1 pracownika socjalnego,2016,gmina,Dąbrowa Tarnowska,powiat dąbrowski,1925
27,Liczba mieszkańców na 1 pracownika socjalnego,2016,gmina,Gręboszów,powiat dąbrowski,1688
27,Liczba mieszkańców na 1 pracownika socjalnego,2016,gmina,Mędrzechów,powiat dąbrowski,1772
27,Liczba mieszkańców na 1 pracownika socjalnego,2016,gmina,Olesno,powiat dąbrowski,2637
27,Liczba mieszkańców na 1 pracownika socjalnego,2016,gmina,Radgoszcz,powiat dąbrowski,1853
27,Liczba mieszkańców na 1 pracownika socjalnego,2016,gmina,Szczucin,powiat dąbrowski,1884
27,Liczba mieszkańców na 1 pracownika socjalnego,2016,powiat,powiat gorlicki,powiat gorlicki,1817
27,Liczba mieszkańców na 1 pracownika socjalnego,2016,gmina,Biecz,powiat gorlicki,1689
27,Liczba mieszkańców na 1 pracownika socjalnego,2016,gmina,Bobowa,powiat gorlicki,2434
27,Liczba mieszkańców na 1 pracownika socjalnego,2016,gmina,Gorlice (miasto),powiat gorlicki,1860
27,Liczba mieszkańców na 1 pracownika socjalnego,2016,gmina,Gorlice (wieś),powiat gorlicki,1716
27,Liczba mieszkańców na 1 pracownika socjalnego,2016,gmina,Lipinki,powiat gorlicki,1696
27,Liczba mieszkańców na 1 pracownika socjalnego,2016,gmina,Łużna,powiat gorlicki,1690
27,Liczba mieszkańców na 1 pracownika socjalnego,2016,gmina,Moszczenica,powiat gorlicki,1636
27,Liczba mieszkańców na 1 pracownika socjalnego,2016,gmina,Ropa,powiat gorlicki,1803
27,Liczba mieszkańców na 1 pracownika socjalnego,2016,gmina,Sękowa,powiat gorlicki,1663
27,Liczba mieszkańców na 1 pracownika socjalnego,2016,gmina,Uście Gorlickie,powiat gorlicki,2272
27,Liczba mieszkańców na 1 pracownika socjalnego,2016,powiat,powiat krakowski,powiat krakowski,2253
27,Liczba mieszkańców na 1 pracownika socjalnego,2016,gmina,Czernichów,powiat krakowski,2068
27,Liczba mieszkańców na 1 pracownika socjalnego,2016,gmina,Igołomia-Wawrzeńczyce,powiat krakowski,2574
27,Liczba mieszkańców na 1 pracownika socjalnego,2016,gmina,Iwanowice,powiat krakowski,2254
27,Liczba mieszkańców na 1 pracownika socjalnego,2016,gmina,Jerzmanowice-Przeginia,powiat krakowski,2175
27,Liczba mieszkańców na 1 pracownika socjalnego,2016,gmina,Kocmyrzów-Luborzyca,powiat krakowski,2518
27,Liczba mieszkańców na 1 pracownika socjalnego,2016,gmina,Krzeszowice,powiat krakowski,2484
27,Liczba mieszkańców na 1 pracownika socjalnego,2016,gmina,Liszki,powiat krakowski,1888
27,Liczba mieszkańców na 1 pracownika socjalnego,2016,gmina,Michałowice,powiat krakowski,2033
27,Liczba mieszkańców na 1 pracownika socjalnego,2016,gmina,Mogilany,powiat krakowski,2276
27,Liczba mieszkańców na 1 pracownika socjalnego,2016,gmina,Skała,powiat krakowski,3506
27,Liczba mieszkańców na 1 pracownika socjalnego,2016,gmina,Skawina,powiat krakowski,2167
27,Liczba mieszkańców na 1 pracownika socjalnego,2016,gmina,Słomniki,powiat krakowski,2279
27,Liczba mieszkańców na 1 pracownika socjalnego,2016,gmina,Sułoszowa,powiat krakowski,1938
27,Liczba mieszkańców na 1 pracownika socjalnego,2016,gmina,Świątniki Górne,powiat krakowski,2460
27,Liczba mieszkańców na 1 pracownika socjalnego,2016,gmina,Wielka Wieś,powiat krakowski,2303
27,Liczba mieszkańców na 1 pracownika socjalnego,2016,gmina,Zabierzów,powiat krakowski,2151
27,Liczba mieszkańców na 1 pracownika socjalnego,2016,gmina,Zielonki,powiat krakowski,2177
27,Liczba mieszkańców na 1 pracownika socjalnego,2016,powiat,powiat limanowski,powiat limanowski,2004
27,Liczba mieszkańców na 1 pracownika socjalnego,2016,gmina,Dobra,powiat limanowski,1418
27,Liczba mieszkańców na 1 pracownika socjalnego,2016,gmina,Jodłownik,powiat limanowski,2851
27,Liczba mieszkańców na 1 pracownika socjalnego,2016,gmina,Kamienica,powiat limanowski,1945
27,Liczba mieszkańców na 1 pracownika socjalnego,2016,gmina,Laskowa,powiat limanowski,1343
27,Liczba mieszkańców na 1 pracownika socjalnego,2016,gmina,Limanowa (miasto),powiat limanowski,2163
27,Liczba mieszkańców na 1 pracownika socjalnego,2016,gmina,Limanowa (wieś),powiat limanowski,1923
27,Liczba mieszkańców na 1 pracownika socjalnego,2016,gmina,Łukowica,powiat limanowski,1980
27,Liczba mieszkańców na 1 pracownika socjalnego,2016,gmina,Mszana Dolna (miasto),powiat limanowski,1985
27,Liczba mieszkańców na 1 pracownika socjalnego,2016,gmina,Mszana Dolna (wieś),powiat limanowski,2506
27,Liczba mieszkańców na 1 pracownika socjalnego,2016,gmina,Niedźwiedź,powiat limanowski,2436
27,Liczba mieszkańców na 1 pracownika socjalnego,2016,gmina,Słopnice,powiat limanowski,2206
27,Liczba mieszkańców na 1 pracownika socjalnego,2016,gmina,Tymbark,powiat limanowski,2173
27,Liczba mieszkańców na 1 pracownika socjalnego,2016,powiat,powiat m. Kraków,powiat m. Kraków,1890
27,Liczba mieszkańców na 1 pracownika socjalnego,2016,powiat,powiat m. Nowy Sącz,powiat m. Nowy Sącz,1647
27,Liczba mieszkańców na 1 pracownika socjalnego,2016,powiat,powiat m. Tarnów,powiat m. Tarnów,1720
27,Liczba mieszkańców na 1 pracownika socjalnego,2016,powiat,powiat miechowski,powiat miechowski,1834
27,Liczba mieszkańców na 1 pracownika socjalnego,2016,gmina,Charsznica,powiat miechowski,2510
27,Liczba mieszkańców na 1 pracownika socjalnego,2016,gmina,Gołcza,powiat miechowski,1542
27,Liczba mieszkańców na 1 pracownika socjalnego,2016,gmina,Kozłów,powiat miechowski,2353
27,Liczba mieszkańców na 1 pracownika socjalnego,2016,gmina,Książ Wielki,powiat miechowski,2580
27,Liczba mieszkańców na 1 pracownika socjalnego,2016,gmina,Miechów,powiat miechowski,1983
27,Liczba mieszkańców na 1 pracownika socjalnego,2016,gmina,Racławice,powiat miechowski,828
27,Liczba mieszkańców na 1 pracownika socjalnego,2016,gmina,Słaboszów,powiat miechowski,1208
27,Liczba mieszkańców na 1 pracownika socjalnego,2016,powiat,powiat myślenicki,powiat myślenicki,2166
27,Liczba mieszkańców na 1 pracownika socjalnego,2016,gmina,Dobczyce,powiat myślenicki,1900
27,Liczba mieszkańców na 1 pracownika socjalnego,2016,gmina,Lubień,powiat myślenicki,2500
27,Liczba mieszkańców na 1 pracownika socjalnego,2016,gmina,Myślenice,powiat myślenicki,2733
27,Liczba mieszkańców na 1 pracownika socjalnego,2016,gmina,Pcim,powiat myślenicki,2193
27,Liczba mieszkańców na 1 pracownika socjalnego,2016,gmina,Raciechowice,powiat myślenicki,2094
27,Liczba mieszkańców na 1 pracownika socjalnego,2016,gmina,Siepraw,powiat myślenicki,2180
27,Liczba mieszkańców na 1 pracownika socjalnego,2016,gmina,Sułkowice,powiat myślenicki,1476
27,Liczba mieszkańców na 1 pracownika socjalnego,2016,gmina,Tokarnia,powiat myślenicki,2172
27,Liczba mieszkańców na 1 pracownika socjalnego,2016,gmina,Wiśniowa,powiat myślenicki,1826
27,Liczba mieszkańców na 1 pracownika socjalnego,2016,powiat,powiat nowosądecki,powiat nowosądecki,2182
27,Liczba mieszkańców na 1 pracownika socjalnego,2016,gmina,Podegrodzie,powiat nowosądecki,2160
27,Liczba mieszkańców na 1 pracownika socjalnego,2016,gmina,Rytro,powiat nowosądecki,1915
27,Liczba mieszkańców na 1 pracownika socjalnego,2016,gmina,Stary Sącz,powiat nowosądecki,2353
27,Liczba mieszkańców na 1 pracownika socjalnego,2016,gmina,Chełmiec,powiat nowosądecki,2000
27,Liczba mieszkańców na 1 pracownika socjalnego,2016,gmina,Gródek nad Dunajcem,powiat nowosądecki,1529
27,Liczba mieszkańców na 1 pracownika socjalnego,2016,gmina,Grybów (miasto),powiat nowosądecki,2025
27,Liczba mieszkańców na 1 pracownika socjalnego,2016,gmina,Grybów (wieś),powiat nowosądecki,3558
27,Liczba mieszkańców na 1 pracownika socjalnego,2016,gmina,Kamionka Wielka,powiat nowosądecki,2046
27,Liczba mieszkańców na 1 pracownika socjalnego,2016,gmina,Korzenna,powiat nowosądecki,2388
27,Liczba mieszkańców na 1 pracownika socjalnego,2016,gmina,Krynica-Zdrój,powiat nowosądecki,2407
27,Liczba mieszkańców na 1 pracownika socjalnego,2016,gmina,Łabowa,powiat nowosądecki,1989
27,Liczba mieszkańców na 1 pracownika socjalnego,2016,gmina,Łącko,powiat nowosądecki,1813
27,Liczba mieszkańców na 1 pracownika socjalnego,2016,gmina,Łososina Dolna,powiat nowosądecki,2717
27,Liczba mieszkańców na 1 pracownika socjalnego,2016,gmina,Muszyna,powiat nowosądecki,1932
27,Liczba mieszkańców na 1 pracownika socjalnego,2016,gmina,Nawojowa,powiat nowosądecki,1715
27,Liczba mieszkańców na 1 pracownika socjalnego,2016,gmina,Piwniczna-Zdrój,powiat nowosądecki,2132
27,Liczba mieszkańców na 1 pracownika socjalnego,2016,powiat,powiat nowotarski,powiat nowotarski,2446
27,Liczba mieszkańców na 1 pracownika socjalnego,2016,gmina,Czarny Dunajec,powiat nowotarski,3720
27,Liczba mieszkańców na 1 pracownika socjalnego,2016,gmina,Czorsztyn,powiat nowotarski,2537
27,Liczba mieszkańców na 1 pracownika socjalnego,2016,gmina,Jabłonka,powiat nowotarski,2630
27,Liczba mieszkańców na 1 pracownika socjalnego,2016,gmina,Krościenko nad Dunajcem,powiat nowotarski,2257
27,Liczba mieszkańców na 1 pracownika socjalnego,2016,gmina,Lipnica Wielka,powiat nowotarski,1995
27,Liczba mieszkańców na 1 pracownika socjalnego,2016,gmina,Łapsze Niżne,powiat nowotarski,3100
27,Liczba mieszkańców na 1 pracownika socjalnego,2016,gmina,Nowy Targ (miasto),powiat nowotarski,3341
27,Liczba mieszkańców na 1 pracownika socjalnego,2016,gmina,Nowy Targ (wieś),powiat nowotarski,2642
27,Liczba mieszkańców na 1 pracownika socjalnego,2016,gmina,Ochotnica Dolna,powiat nowotarski,1697
27,Liczba mieszkańców na 1 pracownika socjalnego,2016,gmina,Raba Wyżna,powiat nowotarski,1824
27,Liczba mieszkańców na 1 pracownika socjalnego,2016,gmina,Rabka-Zdrój,powiat nowotarski,2159
27,Liczba mieszkańców na 1 pracownika socjalnego,2016,gmina,Spytkowice,powiat nowotarski,1129
27,Liczba mieszkańców na 1 pracownika socjalnego,2016,gmina,Szaflary,powiat nowotarski,1830
27,Liczba mieszkańców na 1 pracownika socjalnego,2016,gmina,Szczawnica,powiat nowotarski,2441
27,Liczba mieszkańców na 1 pracownika socjalnego,2016,powiat,powiat olkuski,powiat olkuski,1980
27,Liczba mieszkańców na 1 pracownika socjalnego,2016,gmina,Bolesław,powiat olkuski,1938
27,Liczba mieszkańców na 1 pracownika socjalnego,2016,gmina,Bukowno,powiat olkuski,2064
27,Liczba mieszkańców na 1 pracownika socjalnego,2016,gmina,Klucze,powiat olkuski,1063
27,Liczba mieszkańców na 1 pracownika socjalnego,2016,gmina,Olkusz,powiat olkuski,2151
27,Liczba mieszkańców na 1 pracownika socjalnego,2016,gmina,Trzyciąż,powiat olkuski,2359
27,Liczba mieszkańców na 1 pracownika socjalnego,2016,gmina,Wolbrom,powiat olkuski,1926
27,Liczba mieszkańców na 1 pracownika socjalnego,2016,powiat,powiat oświęcimski,powiat oświęcimski,1885
27,Liczba mieszkańców na 1 pracownika socjalnego,2016,gmina,Brzeszcze,powiat oświęcimski,1953
27,Liczba mieszkańców na 1 pracownika socjalnego,2016,gmina,Chełmek,powiat oświęcimski,1864
27,Liczba mieszkańców na 1 pracownika socjalnego,2016,gmina,Kęty,powiat oświęcimski,2146
27,Liczba mieszkańców na 1 pracownika socjalnego,2016,gmina,Osiek,powiat oświęcimski,2042
27,Liczba mieszkańców na 1 pracownika socjalnego,2016,gmina,Oświęcim (miasto),powiat oświęcimski,1559
27,Liczba mieszkańców na 1 pracownika socjalnego,2016,gmina,Oświęcim (wieś),powiat oświęcimski,2023
27,Liczba mieszkańców na 1 pracownika socjalnego,2016,gmina,Polanka Wielka,powiat oświęcimski,2152
27,Liczba mieszkańców na 1 pracownika socjalnego,2016,gmina,Przeciszów,powiat oświęcimski,1682
27,Liczba mieszkańców na 1 pracownika socjalnego,2016,gmina,Zator,powiat oświęcimski,2331
27,Liczba mieszkańców na 1 pracownika socjalnego,2016,powiat,powiat proszowicki,powiat proszowicki,2297
27,Liczba mieszkańców na 1 pracownika socjalnego,2016,gmina,Koniusza,powiat proszowicki,2993
27,Liczba mieszkańców na 1 pracownika socjalnego,2016,gmina,Koszyce,powiat proszowicki,1858
27,Liczba mieszkańców na 1 pracownika socjalnego,2016,gmina,Nowe Brzesko,powiat proszowicki,2870
27,Liczba mieszkańców na 1 pracownika socjalnego,2016,gmina,Pałecznica,powiat proszowicki,1830
27,Liczba mieszkańców na 1 pracownika socjalnego,2016,gmina,Proszowice,powiat proszowicki,2033
27,Liczba mieszkańców na 1 pracownika socjalnego,2016,gmina,Radziemice,powiat proszowicki,3434
27,Liczba mieszkańców na 1 pracownika socjalnego,2016,powiat,powiat suski,powiat suski,2053
27,Liczba mieszkańców na 1 pracownika socjalnego,2016,gmina,Budzów,powiat suski,2216
27,Liczba mieszkańców na 1 pracownika socjalnego,2016,gmina,Bystra-Sidzina,powiat suski,3410
27,Liczba mieszkańców na 1 pracownika socjalnego,2016,gmina,Jordanów (miasto),powiat suski,1338
27,Liczba mieszkańców na 1 pracownika socjalnego,2016,gmina,Jordanów (wieś),powiat suski,1840
27,Liczba mieszkańców na 1 pracownika socjalnego,2016,gmina,Maków Podhalański,powiat suski,2031
27,Liczba mieszkańców na 1 pracownika socjalnego,2016,gmina,Stryszawa,powiat suski,2360
27,Liczba mieszkańców na 1 pracownika socjalnego,2016,gmina,Sucha Beskidzka,powiat suski,1873
27,Liczba mieszkańców na 1 pracownika socjalnego,2016,gmina,Zawoja,powiat suski,2273
27,Liczba mieszkańców na 1 pracownika socjalnego,2016,gmina,Zembrzyce,powiat suski,1869
27,Liczba mieszkańców na 1 pracownika socjalnego,2016,powiat,powiat tarnowski,powiat tarnowski,2392
27,Liczba mieszkańców na 1 pracownika socjalnego,2016,gmina,Ciężkowice,powiat tarnowski,1867
27,Liczba mieszkańców na 1 pracownika socjalnego,2016,gmina,Gromnik,powiat tarnowski,2208
27,Liczba mieszkańców na 1 pracownika socjalnego,2016,gmina,Lisia Góra,powiat tarnowski,3017
27,Liczba mieszkańców na 1 pracownika socjalnego,2016,gmina,Pleśna,powiat tarnowski,2396
27,Liczba mieszkańców na 1 pracownika socjalnego,2016,gmina,Radłów,powiat tarnowski,1953
27,Liczba mieszkańców na 1 pracownika socjalnego,2016,gmina,Ryglice,powiat tarnowski,2339
27,Liczba mieszkańców na 1 pracownika socjalnego,2016,gmina,Rzepiennik Strzyżewski,powiat tarnowski,2252
27,Liczba mieszkańców na 1 pracownika socjalnego,2016,gmina,Skrzyszów,powiat tarnowski,3532
27,Liczba mieszkańców na 1 pracownika socjalnego,2016,gmina,Szerzyny,powiat tarnowski,1591
27,Liczba mieszkańców na 1 pracownika socjalnego,2016,gmina,Tarnów (wieś),powiat tarnowski,2571
27,Liczba mieszkańców na 1 pracownika socjalnego,2016,gmina,Tuchów,powiat tarnowski,2260
27,Liczba mieszkańców na 1 pracownika socjalnego,2016,gmina,Wierzchosławice,powiat tarnowski,2156
27,Liczba mieszkańców na 1 pracownika socjalnego,2016,gmina,Wietrzychowice,powiat tarnowski,2000
27,Liczba mieszkańców na 1 pracownika socjalnego,2016,gmina,Wojnicz,powiat tarnowski,3359
27,Liczba mieszkańców na 1 pracownika socjalnego,2016,gmina,Zakliczyn,powiat tarnowski,2489
27,Liczba mieszkańców na 1 pracownika socjalnego,2016,gmina,Żabno,powiat tarnowski,2380
27,Liczba mieszkańców na 1 pracownika socjalnego,2016,powiat,powiat tatrzański,powiat tatrzański,1997
27,Liczba mieszkańców na 1 pracownika socjalnego,2016,gmina,Biały Dunajec,powiat tatrzański,1778
27,Liczba mieszkańców na 1 pracownika socjalnego,2016,gmina,Bukowina Tatrzańska,powiat tatrzański,2211
27,Liczba mieszkańców na 1 pracownika socjalnego,2016,gmina,Kościelisko,powiat tatrzański,1741
27,Liczba mieszkańców na 1 pracownika socjalnego,2016,gmina,Poronin,powiat tatrzański,1920
27,Liczba mieszkańców na 1 pracownika socjalnego,2016,gmina,Zakopane,powiat tatrzański,2100
27,Liczba mieszkańców na 1 pracownika socjalnego,2016,powiat,powiat wadowicki,powiat wadowicki,1996
27,Liczba mieszkańców na 1 pracownika socjalnego,2016,gmina,Andrychów,powiat wadowicki,1754
27,Liczba mieszkańców na 1 pracownika socjalnego,2016,gmina,Brzeźnica,powiat wadowicki,2039
27,Liczba mieszkańców na 1 pracownika socjalnego,2016,gmina,Kalwaria Zebrzydowska,powiat wadowicki,1666
27,Liczba mieszkańców na 1 pracownika socjalnego,2016,gmina,Lanckorona,powiat wadowicki,1236
27,Liczba mieszkańców na 1 pracownika socjalnego,2016,gmina,Mucharz,powiat wadowicki,2029
27,Liczba mieszkańców na 1 pracownika socjalnego,2016,gmina,Spytkowice,powiat wadowicki,2562
27,Liczba mieszkańców na 1 pracownika socjalnego,2016,gmina,Stryszów,powiat wadowicki,2286
27,Liczba mieszkańców na 1 pracownika socjalnego,2016,gmina,Tomice,powiat wadowicki,2003
27,Liczba mieszkańców na 1 pracownika socjalnego,2016,gmina,Wadowice,powiat wadowicki,2238
27,Liczba mieszkańców na 1 pracownika socjalnego,2016,gmina,Wieprz,powiat wadowicki,4080
27,Liczba mieszkańców na 1 pracownika socjalnego,2016,powiat,powiat wielicki,powiat wielicki,2089
27,Liczba mieszkańców na 1 pracownika socjalnego,2016,gmina,Biskupice,powiat wielicki,2003
27,Liczba mieszkańców na 1 pracownika socjalnego,2016,gmina,Gdów,powiat wielicki,2233
27,Liczba mieszkańców na 1 pracownika socjalnego,2016,gmina,Kłaj,powiat wielicki,2522
27,Liczba mieszkańców na 1 pracownika socjalnego,2016,gmina,Niepołomice,powiat wielicki,2727
27,Liczba mieszkańców na 1 pracownika socjalnego,2016,gmina,Wieliczka,powiat wielicki,1916
27,Liczba mieszkańców na 1 pracownika socjalnego,2015,powiat,powiat bocheński,powiat bocheński,2027
27,Liczba mieszkańców na 1 pracownika socjalnego,2015,gmina,Bochnia (miasto),powiat bocheński,1882
27,Liczba mieszkańców na 1 pracownika socjalnego,2015,gmina,Bochnia (wieś),powiat bocheński,2790
27,Liczba mieszkańców na 1 pracownika socjalnego,2015,gmina,Drwinia,powiat bocheński,2178
27,Liczba mieszkańców na 1 pracownika socjalnego,2015,gmina,Lipnica Murowana,powiat bocheński,1120
27,Liczba mieszkańców na 1 pracownika socjalnego,2015,gmina,Łapanów,powiat bocheński,2645
27,Liczba mieszkańców na 1 pracownika socjalnego,2015,gmina,Nowy Wiśnicz,powiat bocheński,2293
27,Liczba mieszkańców na 1 pracownika socjalnego,2015,gmina,Rzezawa,powiat bocheński,2223
27,Liczba mieszkańców na 1 pracownika socjalnego,2015,gmina,Trzciana,powiat bocheński,1086
27,Liczba mieszkańców na 1 pracownika socjalnego,2015,gmina,Żegocina,powiat bocheński,2702
27,Liczba mieszkańców na 1 pracownika socjalnego,2015,powiat,powiat brzeski,powiat brzeski,2214
27,Liczba mieszkańców na 1 pracownika socjalnego,2015,gmina,Borzęcin,powiat brzeski,2099
27,Liczba mieszkańców na 1 pracownika socjalnego,2015,gmina,Brzesko,powiat brzeski,1815
27,Liczba mieszkańców na 1 pracownika socjalnego,2015,gmina,Czchów,powiat brzeski,4906
27,Liczba mieszkańców na 1 pracownika socjalnego,2015,gmina,Dębno,powiat brzeski,2434
27,Liczba mieszkańców na 1 pracownika socjalnego,2015,gmina,Gnojnik,powiat brzeski,2630
27,Liczba mieszkańców na 1 pracownika socjalnego,2015,gmina,Iwkowa,powiat brzeski,3160
27,Liczba mieszkańców na 1 pracownika socjalnego,2015,gmina,Szczurowa,powiat brzeski,1932
27,Liczba mieszkańców na 1 pracownika socjalnego,2015,powiat,powiat chrzanowski,powiat chrzanowski,1860
27,Liczba mieszkańców na 1 pracownika socjalnego,2015,gmina,Alwernia,powiat chrzanowski,1812
27,Liczba mieszkańców na 1 pracownika socjalnego,2015,gmina,Babice,powiat chrzanowski,1815
27,Liczba mieszkańców na 1 pracownika socjalnego,2015,gmina,Chrzanów,powiat chrzanowski,1994
27,Liczba mieszkańców na 1 pracownika socjalnego,2015,gmina,Libiąż,powiat chrzanowski,1618
27,Liczba mieszkańców na 1 pracownika socjalnego,2015,gmina,Trzebinia,powiat chrzanowski,1900
27,Liczba mieszkańców na 1 pracownika socjalnego,2015,powiat,powiat dąbrowski,powiat dąbrowski,1799
27,Liczba mieszkańców na 1 pracownika socjalnego,2015,gmina,Bolesław,powiat dąbrowski,917
27,Liczba mieszkańców na 1 pracownika socjalnego,2015,gmina,Dąbrowa Tarnowska,powiat dąbrowski,2114
27,Liczba mieszkańców na 1 pracownika socjalnego,2015,gmina,Gręboszów,powiat dąbrowski,1135
27,Liczba mieszkańców na 1 pracownika socjalnego,2015,gmina,Mędrzechów,powiat dąbrowski,1181
27,Liczba mieszkańców na 1 pracownika socjalnego,2015,gmina,Olesno,powiat dąbrowski,2636
27,Liczba mieszkańców na 1 pracownika socjalnego,2015,gmina,Radgoszcz,powiat dąbrowski,1854
27,Liczba mieszkańców na 1 pracownika socjalnego,2015,gmina,Szczucin,powiat dąbrowski,1887
27,Liczba mieszkańców na 1 pracownika socjalnego,2015,powiat,powiat gorlicki,powiat gorlicki,1789
27,Liczba mieszkańców na 1 pracownika socjalnego,2015,gmina,Biecz,powiat gorlicki,1885
27,Liczba mieszkańców na 1 pracownika socjalnego,2015,gmina,Bobowa,powiat gorlicki,2427
27,Liczba mieszkańców na 1 pracownika socjalnego,2015,gmina,Gorlice (miasto),powiat gorlicki,2806
27,Liczba mieszkańców na 1 pracownika socjalnego,2015,gmina,Gorlice (wieś),powiat gorlicki,1072
27,Liczba mieszkańców na 1 pracownika socjalnego,2015,gmina,Lipinki,powiat gorlicki,1695
27,Liczba mieszkańców na 1 pracownika socjalnego,2015,gmina,Łużna,powiat gorlicki,1680
27,Liczba mieszkańców na 1 pracownika socjalnego,2015,gmina,Moszczenica,powiat gorlicki,1632
27,Liczba mieszkańców na 1 pracownika socjalnego,2015,gmina,Ropa,powiat gorlicki,1790
27,Liczba mieszkańców na 1 pracownika socjalnego,2015,gmina,Sękowa,powiat gorlicki,1667
27,Liczba mieszkańców na 1 pracownika socjalnego,2015,gmina,Uście Gorlickie,powiat gorlicki,1701
27,Liczba mieszkańców na 1 pracownika socjalnego,2015,powiat,powiat krakowski,powiat krakowski,2164
27,Liczba mieszkańców na 1 pracownika socjalnego,2015,gmina,Czernichów,powiat krakowski,2045
27,Liczba mieszkańców na 1 pracownika socjalnego,2015,gmina,Igołomia-Wawrzeńczyce,powiat krakowski,2571
27,Liczba mieszkańców na 1 pracownika socjalnego,2015,gmina,Iwanowice,powiat krakowski,2242
27,Liczba mieszkańców na 1 pracownika socjalnego,2015,gmina,Jerzmanowice-Przeginia,powiat krakowski,1807
27,Liczba mieszkańców na 1 pracownika socjalnego,2015,gmina,Kocmyrzów-Luborzyca,powiat krakowski,2490
27,Liczba mieszkańców na 1 pracownika socjalnego,2015,gmina,Krzeszowice,powiat krakowski,2314
27,Liczba mieszkańców na 1 pracownika socjalnego,2015,gmina,Liszki,powiat krakowski,2102
27,Liczba mieszkańców na 1 pracownika socjalnego,2015,gmina,Michałowice,powiat krakowski,1996
27,Liczba mieszkańców na 1 pracownika socjalnego,2015,gmina,Mogilany,powiat krakowski,2255
27,Liczba mieszkańców na 1 pracownika socjalnego,2015,gmina,Skała,powiat krakowski,2619
27,Liczba mieszkańców na 1 pracownika socjalnego,2015,gmina,Skawina,powiat krakowski,2056
27,Liczba mieszkańców na 1 pracownika socjalnego,2015,gmina,Słomniki,powiat krakowski,2273
27,Liczba mieszkańców na 1 pracownika socjalnego,2015,gmina,Sułoszowa,powiat krakowski,1945
27,Liczba mieszkańców na 1 pracownika socjalnego,2015,gmina,Świątniki Górne,powiat krakowski,2444
27,Liczba mieszkańców na 1 pracownika socjalnego,2015,gmina,Wielka Wieś,powiat krakowski,1872
27,Liczba mieszkańców na 1 pracownika socjalnego,2015,gmina,Zabierzów,powiat krakowski,2130
27,Liczba mieszkańców na 1 pracownika socjalnego,2015,gmina,Zielonki,powiat krakowski,2128
27,Liczba mieszkańców na 1 pracownika socjalnego,2015,powiat,powiat limanowski,powiat limanowski,2092
27,Liczba mieszkańców na 1 pracownika socjalnego,2015,gmina,Dobra,powiat limanowski,1646
27,Liczba mieszkańców na 1 pracownika socjalnego,2015,gmina,Jodłownik,powiat limanowski,2129
27,Liczba mieszkańców na 1 pracownika socjalnego,2015,gmina,Kamienica,powiat limanowski,2601
27,Liczba mieszkańców na 1 pracownika socjalnego,2015,gmina,Laskowa,powiat limanowski,1605
27,Liczba mieszkańców na 1 pracownika socjalnego,2015,gmina,Limanowa (miasto),powiat limanowski,1891
27,Liczba mieszkańców na 1 pracownika socjalnego,2015,gmina,Limanowa (wieś),powiat limanowski,2258
27,Liczba mieszkańców na 1 pracownika socjalnego,2015,gmina,Łukowica,powiat limanowski,1971
27,Liczba mieszkańców na 1 pracownika socjalnego,2015,gmina,Mszana Dolna (miasto),powiat limanowski,1981
27,Liczba mieszkańców na 1 pracownika socjalnego,2015,gmina,Mszana Dolna (wieś),powiat limanowski,2493
27,Liczba mieszkańców na 1 pracownika socjalnego,2015,gmina,Niedźwiedź,powiat limanowski,2419
27,Liczba mieszkańców na 1 pracownika socjalnego,2015,gmina,Słopnice,powiat limanowski,2180
27,Liczba mieszkańców na 1 pracownika socjalnego,2015,gmina,Tymbark,powiat limanowski,2163
27,Liczba mieszkańców na 1 pracownika socjalnego,2015,powiat,powiat m. Kraków,powiat m. Kraków,1856
27,Liczba mieszkańców na 1 pracownika socjalnego,2015,powiat,powiat m. Nowy Sącz,powiat m. Nowy Sącz,1824
27,Liczba mieszkańców na 1 pracownika socjalnego,2015,powiat,powiat m. Tarnów,powiat m. Tarnów,1785
27,Liczba mieszkańców na 1 pracownika socjalnego,2015,powiat,powiat miechowski,powiat miechowski,1771
27,Liczba mieszkańców na 1 pracownika socjalnego,2015,gmina,Charsznica,powiat miechowski,2524
27,Liczba mieszkańców na 1 pracownika socjalnego,2015,gmina,Gołcza,powiat miechowski,1538
27,Liczba mieszkańców na 1 pracownika socjalnego,2015,gmina,Kozłów,powiat miechowski,2358
27,Liczba mieszkańców na 1 pracownika socjalnego,2015,gmina,Książ Wielki,powiat miechowski,1737
27,Liczba mieszkańców na 1 pracownika socjalnego,2015,gmina,Miechów,powiat miechowski,1983
27,Liczba mieszkańców na 1 pracownika socjalnego,2015,gmina,Racławice,powiat miechowski,819
27,Liczba mieszkańców na 1 pracownika socjalnego,2015,gmina,Słaboszów,powiat miechowski,1217
27,Liczba mieszkańców na 1 pracownika socjalnego,2015,powiat,powiat myślenicki,powiat myślenicki,2016
27,Liczba mieszkańców na 1 pracownika socjalnego,2015,gmina,Dobczyce,powiat myślenicki,1685
27,Liczba mieszkańców na 1 pracownika socjalnego,2015,gmina,Lubień,powiat myślenicki,2002
27,Liczba mieszkańców na 1 pracownika socjalnego,2015,gmina,Myślenice,powiat myślenicki,2558
27,Liczba mieszkańców na 1 pracownika socjalnego,2015,gmina,Pcim,powiat myślenicki,1830
27,Liczba mieszkańców na 1 pracownika socjalnego,2015,gmina,Raciechowice,powiat myślenicki,2077
27,Liczba mieszkańców na 1 pracownika socjalnego,2015,gmina,Siepraw,powiat myślenicki,1727
27,Liczba mieszkańców na 1 pracownika socjalnego,2015,gmina,Sułkowice,powiat myślenicki,1629
27,Liczba mieszkańców na 1 pracownika socjalnego,2015,gmina,Tokarnia,powiat myślenicki,2145
27,Liczba mieszkańców na 1 pracownika socjalnego,2015,gmina,Wiśniowa,powiat myślenicki,1814
27,Liczba mieszkańców na 1 pracownika socjalnego,2015,powiat,powiat nowosądecki,powiat nowosądecki,2150
27,Liczba mieszkańców na 1 pracownika socjalnego,2015,gmina,Podegrodzie,powiat nowosądecki,3212
27,Liczba mieszkańców na 1 pracownika socjalnego,2015,gmina,Rytro,powiat nowosądecki,1286
27,Liczba mieszkańców na 1 pracownika socjalnego,2015,gmina,Stary Sącz,powiat nowosądecki,1954
27,Liczba mieszkańców na 1 pracownika socjalnego,2015,gmina,Chełmiec,powiat nowosądecki,1978
27,Liczba mieszkańców na 1 pracownika socjalnego,2015,gmina,Gródek nad Dunajcem,powiat nowosądecki,1843
27,Liczba mieszkańców na 1 pracownika socjalnego,2015,gmina,Grybów (miasto),powiat nowosądecki,2017
27,Liczba mieszkańców na 1 pracownika socjalnego,2015,gmina,Grybów (wieś),powiat nowosądecki,3546
27,Liczba mieszkańców na 1 pracownika socjalnego,2015,gmina,Kamionka Wielka,powiat nowosądecki,2028
27,Liczba mieszkańców na 1 pracownika socjalnego,2015,gmina,Korzenna,powiat nowosądecki,2035
27,Liczba mieszkańców na 1 pracownika socjalnego,2015,gmina,Krynica-Zdrój,powiat nowosądecki,1873
27,Liczba mieszkańców na 1 pracownika socjalnego,2015,gmina,Łabowa,powiat nowosądecki,1974
27,Liczba mieszkańców na 1 pracownika socjalnego,2015,gmina,Łącko,powiat nowosądecki,2023
27,Liczba mieszkańców na 1 pracownika socjalnego,2015,gmina,Łososina Dolna,powiat nowosądecki,2694
27,Liczba mieszkańców na 1 pracownika socjalnego,2015,gmina,Muszyna,powiat nowosądecki,1946
27,Liczba mieszkańców na 1 pracownika socjalnego,2015,gmina,Nawojowa,powiat nowosądecki,2122
27,Liczba mieszkańców na 1 pracownika socjalnego,2015,gmina,Piwniczna-Zdrój,powiat nowosądecki,2135
27,Liczba mieszkańców na 1 pracownika socjalnego,2015,powiat,powiat nowotarski,powiat nowotarski,2443
27,Liczba mieszkańców na 1 pracownika socjalnego,2015,gmina,Czarny Dunajec,powiat nowotarski,4453
27,Liczba mieszkańców na 1 pracownika socjalnego,2015,gmina,Czorsztyn,powiat nowotarski,2526
27,Liczba mieszkańców na 1 pracownika socjalnego,2015,gmina,Jabłonka,powiat nowotarski,2284
27,Liczba mieszkańców na 1 pracownika socjalnego,2015,gmina,Krościenko nad Dunajcem,powiat nowotarski,2252
27,Liczba mieszkańców na 1 pracownika socjalnego,2015,gmina,Lipnica Wielka,powiat nowotarski,1994
27,Liczba mieszkańców na 1 pracownika socjalnego,2015,gmina,Łapsze Niżne,powiat nowotarski,3079
27,Liczba mieszkańców na 1 pracownika socjalnego,2015,gmina,Nowy Targ (miasto),powiat nowotarski,3351
27,Liczba mieszkańców na 1 pracownika socjalnego,2015,gmina,Nowy Targ (wieś),powiat nowotarski,2635
27,Liczba mieszkańców na 1 pracownika socjalnego,2015,gmina,Ochotnica Dolna,powiat nowotarski,2118
27,Liczba mieszkańców na 1 pracownika socjalnego,2015,gmina,Raba Wyżna,powiat nowotarski,1826
27,Liczba mieszkańców na 1 pracownika socjalnego,2015,gmina,Rabka-Zdrój,powiat nowotarski,2165
27,Liczba mieszkańców na 1 pracownika socjalnego,2015,gmina,Spytkowice,powiat nowotarski,898
27,Liczba mieszkańców na 1 pracownika socjalnego,2015,gmina,Szaflary,powiat nowotarski,1819
27,Liczba mieszkańców na 1 pracownika socjalnego,2015,gmina,Szczawnica,powiat nowotarski,2467
27,Liczba mieszkańców na 1 pracownika socjalnego,2015,powiat,powiat olkuski,powiat olkuski,1951
27,Liczba mieszkańców na 1 pracownika socjalnego,2015,gmina,Bolesław,powiat olkuski,1950
27,Liczba mieszkańców na 1 pracownika socjalnego,2015,gmina,Bukowno,powiat olkuski,2068
27,Liczba mieszkańców na 1 pracownika socjalnego,2015,gmina,Klucze,powiat olkuski,1517
27,Liczba mieszkańców na 1 pracownika socjalnego,2015,gmina,Olkusz,powiat olkuski,2153
27,Liczba mieszkańców na 1 pracownika socjalnego,2015,gmina,Trzyciąż,powiat olkuski,2362
27,Liczba mieszkańców na 1 pracownika socjalnego,2015,gmina,Wolbrom,powiat olkuski,1787
27,Liczba mieszkańców na 1 pracownika socjalnego,2015,powiat,powiat oświęcimski,powiat oświęcimski,1911
27,Liczba mieszkańców na 1 pracownika socjalnego,2015,gmina,Brzeszcze,powiat oświęcimski,1957
27,Liczba mieszkańców na 1 pracownika socjalnego,2015,gmina,Chełmek,powiat oświęcimski,1872
27,Liczba mieszkańców na 1 pracownika socjalnego,2015,gmina,Kęty,powiat oświęcimski,2289
27,Liczba mieszkańców na 1 pracownika socjalnego,2015,gmina,Osiek,powiat oświęcimski,1636
27,Liczba mieszkańców na 1 pracownika socjalnego,2015,gmina,Oświęcim (miasto),powiat oświęcimski,1634
27,Liczba mieszkańców na 1 pracownika socjalnego,2015,gmina,Oświęcim (wieś),powiat oświęcimski,2014
27,Liczba mieszkańców na 1 pracownika socjalnego,2015,gmina,Polanka Wielka,powiat oświęcimski,2138
27,Liczba mieszkańców na 1 pracownika socjalnego,2015,gmina,Przeciszów,powiat oświęcimski,1683
27,Liczba mieszkańców na 1 pracownika socjalnego,2015,gmina,Zator,powiat oświęcimski,2332
27,Liczba mieszkańców na 1 pracownika socjalnego,2015,powiat,powiat proszowicki,powiat proszowicki,2186
27,Liczba mieszkańców na 1 pracownika socjalnego,2015,gmina,Koniusza,powiat proszowicki,2957
27,Liczba mieszkańców na 1 pracownika socjalnego,2015,gmina,Koszyce,powiat proszowicki,2806
27,Liczba mieszkańców na 1 pracownika socjalnego,2015,gmina,Nowe Brzesko,powiat proszowicki,1921
27,Liczba mieszkańców na 1 pracownika socjalnego,2015,gmina,Pałecznica,powiat proszowicki,1223
27,Liczba mieszkańców na 1 pracownika socjalnego,2015,gmina,Proszowice,powiat proszowicki,2045
27,Liczba mieszkańców na 1 pracownika socjalnego,2015,gmina,Radziemice,powiat proszowicki,3439
27,Liczba mieszkańców na 1 pracownika socjalnego,2015,powiat,powiat suski,powiat suski,2158
27,Liczba mieszkańców na 1 pracownika socjalnego,2015,gmina,Budzów,powiat suski,2204
27,Liczba mieszkańców na 1 pracownika socjalnego,2015,gmina,Bystra-Sidzina,powiat suski,3393
27,Liczba mieszkańców na 1 pracownika socjalnego,2015,gmina,Jordanów (miasto),powiat suski,1331
27,Liczba mieszkańców na 1 pracownika socjalnego,2015,gmina,Jordanów (wieś),powiat suski,2202
27,Liczba mieszkańców na 1 pracownika socjalnego,2015,gmina,Maków Podhalański,powiat suski,2336
27,Liczba mieszkańców na 1 pracownika socjalnego,2015,gmina,Stryszawa,powiat suski,2355
27,Liczba mieszkańców na 1 pracownika socjalnego,2015,gmina,Sucha Beskidzka,powiat suski,1886
27,Liczba mieszkańców na 1 pracownika socjalnego,2015,gmina,Zawoja,powiat suski,2264
27,Liczba mieszkańców na 1 pracownika socjalnego,2015,gmina,Zembrzyce,powiat suski,1874
27,Liczba mieszkańców na 1 pracownika socjalnego,2015,powiat,powiat tarnowski,powiat tarnowski,2306
27,Liczba mieszkańców na 1 pracownika socjalnego,2015,gmina,Ciężkowice,powiat tarnowski,1874
27,Liczba mieszkańców na 1 pracownika socjalnego,2015,gmina,Gromnik,powiat tarnowski,2202
27,Liczba mieszkańców na 1 pracownika socjalnego,2015,gmina,Lisia Góra,powiat tarnowski,2496
27,Liczba mieszkańców na 1 pracownika socjalnego,2015,gmina,Pleśna,powiat tarnowski,2395
27,Liczba mieszkańców na 1 pracownika socjalnego,2015,gmina,Radłów,powiat tarnowski,1960
27,Liczba mieszkańców na 1 pracownika socjalnego,2015,gmina,Ryglice,powiat tarnowski,2342
27,Liczba mieszkańców na 1 pracownika socjalnego,2015,gmina,Rzepiennik Strzyżewski,powiat tarnowski,2255
27,Liczba mieszkańców na 1 pracownika socjalnego,2015,gmina,Skrzyszów,powiat tarnowski,3521
27,Liczba mieszkańców na 1 pracownika socjalnego,2015,gmina,Szerzyny,powiat tarnowski,1601
27,Liczba mieszkańców na 1 pracownika socjalnego,2015,gmina,Tarnów (wieś),powiat tarnowski,2556
27,Liczba mieszkańców na 1 pracownika socjalnego,2015,gmina,Tuchów,powiat tarnowski,2017
27,Liczba mieszkańców na 1 pracownika socjalnego,2015,gmina,Wierzchosławice,powiat tarnowski,2144
27,Liczba mieszkańców na 1 pracownika socjalnego,2015,gmina,Wietrzychowice,powiat tarnowski,1998
27,Liczba mieszkańców na 1 pracownika socjalnego,2015,gmina,Wojnicz,powiat tarnowski,3348
27,Liczba mieszkańców na 1 pracownika socjalnego,2015,gmina,Zakliczyn,powiat tarnowski,2068
27,Liczba mieszkańców na 1 pracownika socjalnego,2015,gmina,Żabno,powiat tarnowski,2376
27,Liczba mieszkańców na 1 pracownika socjalnego,2015,powiat,powiat tatrzański,powiat tatrzański,1886
27,Liczba mieszkańców na 1 pracownika socjalnego,2015,gmina,Biały Dunajec,powiat tatrzański,1185
27,Liczba mieszkańców na 1 pracownika socjalnego,2015,gmina,Bukowina Tatrzańska,powiat tatrzański,2200
27,Liczba mieszkańców na 1 pracownika socjalnego,2015,gmina,Kościelisko,powiat tatrzański,1732
27,Liczba mieszkańców na 1 pracownika socjalnego,2015,gmina,Poronin,powiat tatrzański,1912
27,Liczba mieszkańców na 1 pracownika socjalnego,2015,gmina,Zakopane,powiat tatrzański,2111
27,Liczba mieszkańców na 1 pracownika socjalnego,2015,powiat,powiat wadowicki,powiat wadowicki,2019
27,Liczba mieszkańców na 1 pracownika socjalnego,2015,gmina,Andrychów,powiat wadowicki,1998
27,Liczba mieszkańców na 1 pracownika socjalnego,2015,gmina,Brzeźnica,powiat wadowicki,2038
27,Liczba mieszkańców na 1 pracownika socjalnego,2015,gmina,Kalwaria Zebrzydowska,powiat wadowicki,1809
27,Liczba mieszkańców na 1 pracownika socjalnego,2015,gmina,Lanckorona,powiat wadowicki,1537
27,Liczba mieszkańców na 1 pracownika socjalnego,2015,gmina,Mucharz,powiat wadowicki,2017
27,Liczba mieszkańców na 1 pracownika socjalnego,2015,gmina,Spytkowice,powiat wadowicki,2560
27,Liczba mieszkańców na 1 pracownika socjalnego,2015,gmina,Stryszów,powiat wadowicki,2275
27,Liczba mieszkańców na 1 pracownika socjalnego,2015,gmina,Tomice,powiat wadowicki,1982
27,Liczba mieszkańców na 1 pracownika socjalnego,2015,gmina,Wadowice,powiat wadowicki,2242
27,Liczba mieszkańców na 1 pracownika socjalnego,2015,gmina,Wieprz,powiat wadowicki,1743
27,Liczba mieszkańców na 1 pracownika socjalnego,2015,powiat,powiat wielicki,powiat wielicki,2132
27,Liczba mieszkańców na 1 pracownika socjalnego,2015,gmina,Biskupice,powiat wielicki,1645
27,Liczba mieszkańców na 1 pracownika socjalnego,2015,gmina,Gdów,powiat wielicki,2220
27,Liczba mieszkańców na 1 pracownika socjalnego,2015,gmina,Kłaj,powiat wielicki,1510
27,Liczba mieszkańców na 1 pracownika socjalnego,2015,gmina,Niepołomice,powiat wielicki,3805
27,Liczba mieszkańców na 1 pracownika socjalnego,2015,gmina,Wieliczka,powiat wielicki,1955
27,Liczba mieszkańców na 1 pracownika socjalnego,2014,powiat,powiat bocheński,powiat bocheński,2021
27,Liczba mieszkańców na 1 pracownika socjalnego,2014,gmina,Bochnia (miasto),powiat bocheński,1672
27,Liczba mieszkańców na 1 pracownika socjalnego,2014,gmina,Bochnia (wieś),powiat bocheński,2428
27,Liczba mieszkańców na 1 pracownika socjalnego,2014,gmina,Drwinia,powiat bocheński,2161
27,Liczba mieszkańców na 1 pracownika socjalnego,2014,gmina,Lipnica Murowana,powiat bocheński,1397
27,Liczba mieszkańców na 1 pracownika socjalnego,2014,gmina,Łapanów,powiat bocheński,2632
27,Liczba mieszkańców na 1 pracownika socjalnego,2014,gmina,Nowy Wiśnicz,powiat bocheński,2280
27,Liczba mieszkańców na 1 pracownika socjalnego,2014,gmina,Rzezawa,powiat bocheński,2226
27,Liczba mieszkańców na 1 pracownika socjalnego,2014,gmina,Trzciana,powiat bocheński,1802
27,Liczba mieszkańców na 1 pracownika socjalnego,2014,gmina,Żegocina,powiat bocheński,2688
27,Liczba mieszkańców na 1 pracownika socjalnego,2014,powiat,powiat brzeski,powiat brzeski,2065
27,Liczba mieszkańców na 1 pracownika socjalnego,2014,gmina,Borzęcin,powiat brzeski,2106
27,Liczba mieszkańców na 1 pracownika socjalnego,2014,gmina,Brzesko,powiat brzeski,1913
27,Liczba mieszkańców na 1 pracownika socjalnego,2014,gmina,Czchów,powiat brzeski,3241
27,Liczba mieszkańców na 1 pracownika socjalnego,2014,gmina,Dębno,powiat brzeski,2080
27,Liczba mieszkańców na 1 pracownika socjalnego,2014,gmina,Gnojnik,powiat brzeski,2619
27,Liczba mieszkańców na 1 pracownika socjalnego,2014,gmina,Iwkowa,powiat brzeski,2097
27,Liczba mieszkańców na 1 pracownika socjalnego,2014,gmina,Szczurowa,powiat brzeski,1618
27,Liczba mieszkańców na 1 pracownika socjalnego,2014,powiat,powiat chrzanowski,powiat chrzanowski,1738
27,Liczba mieszkańców na 1 pracownika socjalnego,2014,gmina,Alwernia,powiat chrzanowski,2121
27,Liczba mieszkańców na 1 pracownika socjalnego,2014,gmina,Babice,powiat chrzanowski,1509
27,Liczba mieszkańców na 1 pracownika socjalnego,2014,gmina,Chrzanów,powiat chrzanowski,1925
27,Liczba mieszkańców na 1 pracownika socjalnego,2014,gmina,Libiąż,powiat chrzanowski,1619
27,Liczba mieszkańców na 1 pracownika socjalnego,2014,gmina,Trzebinia,powiat chrzanowski,1557
27,Liczba mieszkańców na 1 pracownika socjalnego,2014,powiat,powiat dąbrowski,powiat dąbrowski,1802
27,Liczba mieszkańców na 1 pracownika socjalnego,2014,gmina,Bolesław,powiat dąbrowski,926
27,Liczba mieszkańców na 1 pracownika socjalnego,2014,gmina,Dąbrowa Tarnowska,powiat dąbrowski,2114
27,Liczba mieszkańców na 1 pracownika socjalnego,2014,gmina,Gręboszów,powiat dąbrowski,1153
27,Liczba mieszkańców na 1 pracownika socjalnego,2014,gmina,Mędrzechów,powiat dąbrowski,1174
27,Liczba mieszkańców na 1 pracownika socjalnego,2014,gmina,Olesno,powiat dąbrowski,2629
27,Liczba mieszkańców na 1 pracownika socjalnego,2014,gmina,Radgoszcz,powiat dąbrowski,1848
27,Liczba mieszkańców na 1 pracownika socjalnego,2014,gmina,Szczucin,powiat dąbrowski,1900
27,Liczba mieszkańców na 1 pracownika socjalnego,2014,powiat,powiat gorlicki,powiat gorlicki,1761
27,Liczba mieszkańców na 1 pracownika socjalnego,2014,gmina,Biecz,powiat gorlicki,1889
27,Liczba mieszkańców na 1 pracownika socjalnego,2014,gmina,Bobowa,powiat gorlicki,1923
27,Liczba mieszkańców na 1 pracownika socjalnego,2014,gmina,Gorlice (miasto),powiat gorlicki,1766
27,Liczba mieszkańców na 1 pracownika socjalnego,2014,gmina,Gorlice (wieś),powiat gorlicki,1714
27,Liczba mieszkańców na 1 pracownika socjalnego,2014,gmina,Lipinki,powiat gorlicki,1696
27,Liczba mieszkańców na 1 pracownika socjalnego,2014,gmina,Łużna,powiat gorlicki,1673
27,Liczba mieszkańców na 1 pracownika socjalnego,2014,gmina,Moszczenica,powiat gorlicki,1628
27,Liczba mieszkańców na 1 pracownika socjalnego,2014,gmina,Ropa,powiat gorlicki,1791
27,Liczba mieszkańców na 1 pracownika socjalnego,2014,gmina,Sękowa,powiat gorlicki,1670
27,Liczba mieszkańców na 1 pracownika socjalnego,2014,gmina,Uście Gorlickie,powiat gorlicki,1688
27,Liczba mieszkańców na 1 pracownika socjalnego,2014,powiat,powiat krakowski,powiat krakowski,2098
27,Liczba mieszkańców na 1 pracownika socjalnego,2014,gmina,Czernichów,powiat krakowski,2020
27,Liczba mieszkańców na 1 pracownika socjalnego,2014,gmina,Igołomia-Wawrzeńczyce,powiat krakowski,2570
27,Liczba mieszkańców na 1 pracownika socjalnego,2014,gmina,Iwanowice,powiat krakowski,2231
27,Liczba mieszkańców na 1 pracownika socjalnego,2014,gmina,Jerzmanowice-Przeginia,powiat krakowski,1801
27,Liczba mieszkańców na 1 pracownika socjalnego,2014,gmina,Kocmyrzów-Luborzyca,powiat krakowski,2462
27,Liczba mieszkańców na 1 pracownika socjalnego,2014,gmina,Krzeszowice,powiat krakowski,2163
27,Liczba mieszkańców na 1 pracownika socjalnego,2014,gmina,Liszki,powiat krakowski,2090
27,Liczba mieszkańców na 1 pracownika socjalnego,2014,gmina,Michałowice,powiat krakowski,1969
27,Liczba mieszkańców na 1 pracownika socjalnego,2014,gmina,Mogilany,powiat krakowski,2227
27,Liczba mieszkańców na 1 pracownika socjalnego,2014,gmina,Skała,powiat krakowski,1495
27,Liczba mieszkańców na 1 pracownika socjalnego,2014,gmina,Skawina,powiat krakowski,2054
27,Liczba mieszkańców na 1 pracownika socjalnego,2014,gmina,Słomniki,powiat krakowski,1954
27,Liczba mieszkańców na 1 pracownika socjalnego,2014,gmina,Sułoszowa,powiat krakowski,1935
27,Liczba mieszkańców na 1 pracownika socjalnego,2014,gmina,Świątniki Górne,powiat krakowski,2422
27,Liczba mieszkańców na 1 pracownika socjalnego,2014,gmina,Wielka Wieś,powiat krakowski,1580
27,Liczba mieszkańców na 1 pracownika socjalnego,2014,gmina,Zabierzów,powiat krakowski,2812
27,Liczba mieszkańców na 1 pracownika socjalnego,2014,gmina,Zielonki,powiat krakowski,2065
27,Liczba mieszkańców na 1 pracownika socjalnego,2014,powiat,powiat limanowski,powiat limanowski,2082
27,Liczba mieszkańców na 1 pracownika socjalnego,2014,gmina,Dobra,powiat limanowski,1971
27,Liczba mieszkańców na 1 pracownika socjalnego,2014,gmina,Jodłownik,powiat limanowski,2108
27,Liczba mieszkańców na 1 pracownika socjalnego,2014,gmina,Kamienica,powiat limanowski,2592
27,Liczba mieszkańców na 1 pracownika socjalnego,2014,gmina,Laskowa,powiat limanowski,1326
27,Liczba mieszkańców na 1 pracownika socjalnego,2014,gmina,Limanowa (miasto),powiat limanowski,1885
27,Liczba mieszkańców na 1 pracownika socjalnego,2014,gmina,Limanowa (wieś),powiat limanowski,2242
27,Liczba mieszkańców na 1 pracownika socjalnego,2014,gmina,Łukowica,powiat limanowski,1963
27,Liczba mieszkańców na 1 pracownika socjalnego,2014,gmina,Mszana Dolna (miasto),powiat limanowski,1972
27,Liczba mieszkańców na 1 pracownika socjalnego,2014,gmina,Mszana Dolna (wieś),powiat limanowski,2481
27,Liczba mieszkańców na 1 pracownika socjalnego,2014,gmina,Niedźwiedź,powiat limanowski,2408
27,Liczba mieszkańców na 1 pracownika socjalnego,2014,gmina,Słopnice,powiat limanowski,2171
27,Liczba mieszkańców na 1 pracownika socjalnego,2014,gmina,Tymbark,powiat limanowski,2167
27,Liczba mieszkańców na 1 pracownika socjalnego,2014,powiat,powiat m. Kraków,powiat m. Kraków,1905
27,Liczba mieszkańców na 1 pracownika socjalnego,2014,powiat,powiat m. Nowy Sącz,powiat m. Nowy Sącz,1823
27,Liczba mieszkańców na 1 pracownika socjalnego,2014,powiat,powiat m. Tarnów,powiat m. Tarnów,1713
27,Liczba mieszkańców na 1 pracownika socjalnego,2014,powiat,powiat miechowski,powiat miechowski,1557
27,Liczba mieszkańców na 1 pracownika socjalnego,2014,gmina,Charsznica,powiat miechowski,1901
27,Liczba mieszkańców na 1 pracownika socjalnego,2014,gmina,Gołcza,powiat miechowski,1241
27,Liczba mieszkańców na 1 pracownika socjalnego,2014,gmina,Kozłów,powiat miechowski,2362
27,Liczba mieszkańców na 1 pracownika socjalnego,2014,gmina,Książ Wielki,powiat miechowski,1303
27,Liczba mieszkańców na 1 pracownika socjalnego,2014,gmina,Miechów,powiat miechowski,1993
27,Liczba mieszkańców na 1 pracownika socjalnego,2014,gmina,Racławice,powiat miechowski,821
27,Liczba mieszkańców na 1 pracownika socjalnego,2014,gmina,Słaboszów,powiat miechowski,922
27,Liczba mieszkańców na 1 pracownika socjalnego,2014,powiat,powiat myślenicki,powiat myślenicki,1976
27,Liczba mieszkańców na 1 pracownika socjalnego,2014,gmina,Dobczyce,powiat myślenicki,1889
27,Liczba mieszkańców na 1 pracownika socjalnego,2014,gmina,Lubień,powiat myślenicki,1988
27,Liczba mieszkańców na 1 pracownika socjalnego,2014,gmina,Myślenice,powiat myślenicki,2276
27,Liczba mieszkańców na 1 pracownika socjalnego,2014,gmina,Pcim,powiat myślenicki,1828
27,Liczba mieszkańców na 1 pracownika socjalnego,2014,gmina,Raciechowice,powiat myślenicki,2069
27,Liczba mieszkańców na 1 pracownika socjalnego,2014,gmina,Siepraw,powiat myślenicki,1713
27,Liczba mieszkańców na 1 pracownika socjalnego,2014,gmina,Sułkowice,powiat myślenicki,1628
27,Liczba mieszkańców na 1 pracownika socjalnego,2014,gmina,Tokarnia,powiat myślenicki,2140
27,Liczba mieszkańców na 1 pracownika socjalnego,2014,gmina,Wiśniowa,powiat myślenicki,1808
27,Liczba mieszkańców na 1 pracownika socjalnego,2014,powiat,powiat nowosądecki,powiat nowosądecki,2140
27,Liczba mieszkańców na 1 pracownika socjalnego,2014,gmina,Podegrodzie,powiat nowosądecki,1818
27,Liczba mieszkańców na 1 pracownika socjalnego,2014,gmina,Rytro,powiat nowosądecki,1926
27,Liczba mieszkańców na 1 pracownika socjalnego,2014,gmina,Stary Sącz,powiat nowosądecki,2340
27,Liczba mieszkańców na 1 pracownika socjalnego,2014,gmina,Chełmiec,powiat nowosądecki,1956
27,Liczba mieszkańców na 1 pracownika socjalnego,2014,gmina,Gródek nad Dunajcem,powiat nowosądecki,1839
27,Liczba mieszkańców na 1 pracownika socjalnego,2014,gmina,Grybów (miasto),powiat nowosądecki,2021
27,Liczba mieszkańców na 1 pracownika socjalnego,2014,gmina,Grybów (wieś),powiat nowosądecki,3517
27,Liczba mieszkańców na 1 pracownika socjalnego,2014,gmina,Kamionka Wielka,powiat nowosądecki,2020
27,Liczba mieszkańców na 1 pracownika socjalnego,2014,gmina,Korzenna,powiat nowosądecki,2028
27,Liczba mieszkańców na 1 pracownika socjalnego,2014,gmina,Krynica-Zdrój,powiat nowosądecki,2108
27,Liczba mieszkańców na 1 pracownika socjalnego,2014,gmina,Łabowa,powiat nowosądecki,1944
27,Liczba mieszkańców na 1 pracownika socjalnego,2014,gmina,Łącko,powiat nowosądecki,2302
27,Liczba mieszkańców na 1 pracownika socjalnego,2014,gmina,Łososina Dolna,powiat nowosądecki,2140
27,Liczba mieszkańców na 1 pracownika socjalnego,2014,gmina,Muszyna,powiat nowosądecki,1670
27,Liczba mieszkańców na 1 pracownika socjalnego,2014,gmina,Nawojowa,powiat nowosądecki,2106
27,Liczba mieszkańców na 1 pracownika socjalnego,2014,gmina,Piwniczna-Zdrój,powiat nowosądecki,2133
27,Liczba mieszkańców na 1 pracownika socjalnego,2014,powiat,powiat nowotarski,powiat nowotarski,2211
27,Liczba mieszkańców na 1 pracownika socjalnego,2014,gmina,Czarny Dunajec,powiat nowotarski,4433
27,Liczba mieszkańców na 1 pracownika socjalnego,2014,gmina,Czorsztyn,powiat nowotarski,2524
27,Liczba mieszkańców na 1 pracownika socjalnego,2014,gmina,Jabłonka,powiat nowotarski,2016
27,Liczba mieszkańców na 1 pracownika socjalnego,2014,gmina,Krościenko nad Dunajcem,powiat nowotarski,2240
27,Liczba mieszkańców na 1 pracownika socjalnego,2014,gmina,Lipnica Wielka,powiat nowotarski,1987
27,Liczba mieszkańców na 1 pracownika socjalnego,2014,gmina,Łapsze Niżne,powiat nowotarski,3068
27,Liczba mieszkańców na 1 pracownika socjalnego,2014,gmina,Nowy Targ (miasto),powiat nowotarski,2100
27,Liczba mieszkańców na 1 pracownika socjalnego,2014,gmina,Nowy Targ (wieś),powiat nowotarski,2361
27,Liczba mieszkańców na 1 pracownika socjalnego,2014,gmina,Ochotnica Dolna,powiat nowotarski,2106
27,Liczba mieszkańców na 1 pracownika socjalnego,2014,gmina,Raba Wyżna,powiat nowotarski,1820
27,Liczba mieszkańców na 1 pracownika socjalnego,2014,gmina,Rabka-Zdrój,powiat nowotarski,1935
27,Liczba mieszkańców na 1 pracownika socjalnego,2014,gmina,Spytkowice,powiat nowotarski,1111
27,Liczba mieszkańców na 1 pracownika socjalnego,2014,gmina,Szaflary,powiat nowotarski,1812
27,Liczba mieszkańców na 1 pracownika socjalnego,2014,gmina,Szczawnica,powiat nowotarski,2482
27,Liczba mieszkańców na 1 pracownika socjalnego,2014,powiat,powiat olkuski,powiat olkuski,1894
27,Liczba mieszkańców na 1 pracownika socjalnego,2014,gmina,Bolesław,powiat olkuski,1952
27,Liczba mieszkańców na 1 pracownika socjalnego,2014,gmina,Bukowno,powiat olkuski,2067
27,Liczba mieszkańców na 1 pracownika socjalnego,2014,gmina,Klucze,powiat olkuski,1910
27,Liczba mieszkańców na 1 pracownika socjalnego,2014,gmina,Olkusz,powiat olkuski,1844
27,Liczba mieszkańców na 1 pracownika socjalnego,2014,gmina,Trzyciąż,powiat olkuski,2354
27,Liczba mieszkańców na 1 pracownika socjalnego,2014,gmina,Wolbrom,powiat olkuski,1797
27,Liczba mieszkańców na 1 pracownika socjalnego,2014,powiat,powiat oświęcimski,powiat oświęcimski,1845
27,Liczba mieszkańców na 1 pracownika socjalnego,2014,gmina,Brzeszcze,powiat oświęcimski,1962
27,Liczba mieszkańców na 1 pracownika socjalnego,2014,gmina,Chełmek,powiat oświęcimski,1869
27,Liczba mieszkańców na 1 pracownika socjalnego,2014,gmina,Kęty,powiat oświęcimski,2147
27,Liczba mieszkańców na 1 pracownika socjalnego,2014,gmina,Osiek,powiat oświęcimski,2032
27,Liczba mieszkańców na 1 pracownika socjalnego,2014,gmina,Oświęcim (miasto),powiat oświęcimski,1517
27,Liczba mieszkańców na 1 pracownika socjalnego,2014,gmina,Oświęcim (wieś),powiat oświęcimski,2005
27,Liczba mieszkańców na 1 pracownika socjalnego,2014,gmina,Polanka Wielka,powiat oświęcimski,1423
27,Liczba mieszkańców na 1 pracownika socjalnego,2014,gmina,Przeciszów,powiat oświęcimski,1684
27,Liczba mieszkańców na 1 pracownika socjalnego,2014,gmina,Zator,powiat oświęcimski,2332
27,Liczba mieszkańców na 1 pracownika socjalnego,2014,powiat,powiat proszowicki,powiat proszowicki,2195
27,Liczba mieszkańców na 1 pracownika socjalnego,2014,gmina,Koniusza,powiat proszowicki,2972
27,Liczba mieszkańców na 1 pracownika socjalnego,2014,gmina,Koszyce,powiat proszowicki,2826
27,Liczba mieszkańców na 1 pracownika socjalnego,2014,gmina,Nowe Brzesko,powiat proszowicki,1937
27,Liczba mieszkańców na 1 pracownika socjalnego,2014,gmina,Pałecznica,powiat proszowicki,1227
27,Liczba mieszkańców na 1 pracownika socjalnego,2014,gmina,Proszowice,powiat proszowicki,2047
27,Liczba mieszkańców na 1 pracownika socjalnego,2014,gmina,Radziemice,powiat proszowicki,3454
27,Liczba mieszkańców na 1 pracownika socjalnego,2014,powiat,powiat suski,powiat suski,2052
27,Liczba mieszkańców na 1 pracownika socjalnego,2014,gmina,Budzów,powiat suski,2192
27,Liczba mieszkańców na 1 pracownika socjalnego,2014,gmina,Bystra-Sidzina,powiat suski,2259
27,Liczba mieszkańców na 1 pracownika socjalnego,2014,gmina,Jordanów (miasto),powiat suski,1326
27,Liczba mieszkańców na 1 pracownika socjalnego,2014,gmina,Jordanów (wieś),powiat suski,2197
27,Liczba mieszkańców na 1 pracownika socjalnego,2014,gmina,Maków Podhalański,powiat suski,2045
27,Liczba mieszkańców na 1 pracownika socjalnego,2014,gmina,Stryszawa,powiat suski,1969
27,Liczba mieszkańców na 1 pracownika socjalnego,2014,gmina,Sucha Beskidzka,powiat suski,2354
27,Liczba mieszkańców na 1 pracownika socjalnego,2014,gmina,Zawoja,powiat suski,2268
27,Liczba mieszkańców na 1 pracownika socjalnego,2014,gmina,Zembrzyce,powiat suski,1879
27,Liczba mieszkańców na 1 pracownika socjalnego,2014,powiat,powiat tarnowski,powiat tarnowski,2300
27,Liczba mieszkańców na 1 pracownika socjalnego,2014,gmina,Ciężkowice,powiat tarnowski,1884
27,Liczba mieszkańców na 1 pracownika socjalnego,2014,gmina,Gromnik,powiat tarnowski,2196
27,Liczba mieszkańców na 1 pracownika socjalnego,2014,gmina,Lisia Góra,powiat tarnowski,2478
27,Liczba mieszkańców na 1 pracownika socjalnego,2014,gmina,Pleśna,powiat tarnowski,2385
27,Liczba mieszkańców na 1 pracownika socjalnego,2014,gmina,Radłów,powiat tarnowski,1955
27,Liczba mieszkańców na 1 pracownika socjalnego,2014,gmina,Ryglice,powiat tarnowski,2345
27,Liczba mieszkańców na 1 pracownika socjalnego,2014,gmina,Rzepiennik Strzyżewski,powiat tarnowski,2264
27,Liczba mieszkańców na 1 pracownika socjalnego,2014,gmina,Skrzyszów,powiat tarnowski,3502
27,Liczba mieszkańców na 1 pracownika socjalnego,2014,gmina,Szerzyny,powiat tarnowski,2014
27,Liczba mieszkańców na 1 pracownika socjalnego,2014,gmina,Tarnów (wieś),powiat tarnowski,2806
27,Liczba mieszkańców na 1 pracownika socjalnego,2014,gmina,Tuchów,powiat tarnowski,2019
27,Liczba mieszkańców na 1 pracownika socjalnego,2014,gmina,Wierzchosławice,powiat tarnowski,1784
27,Liczba mieszkańców na 1 pracownika socjalnego,2014,gmina,Wietrzychowice,powiat tarnowski,2010
27,Liczba mieszkańców na 1 pracownika socjalnego,2014,gmina,Wojnicz,powiat tarnowski,3330
27,Liczba mieszkańców na 1 pracownika socjalnego,2014,gmina,Zakliczyn,powiat tarnowski,2068
27,Liczba mieszkańców na 1 pracownika socjalnego,2014,gmina,Żabno,powiat tarnowski,2109
27,Liczba mieszkańców na 1 pracownika socjalnego,2014,powiat,powiat tatrzański,powiat tatrzański,2189
27,Liczba mieszkańców na 1 pracownika socjalnego,2014,gmina,Biały Dunajec,powiat tatrzański,1774
27,Liczba mieszkańców na 1 pracownika socjalnego,2014,gmina,Bukowina Tatrzańska,powiat tatrzański,3284
27,Liczba mieszkańców na 1 pracownika socjalnego,2014,gmina,Kościelisko,powiat tatrzański,1728
27,Liczba mieszkańców na 1 pracownika socjalnego,2014,gmina,Poronin,powiat tatrzański,1904
27,Liczba mieszkańców na 1 pracownika socjalnego,2014,gmina,Zakopane,powiat tatrzański,2296
27,Liczba mieszkańców na 1 pracownika socjalnego,2014,powiat,powiat wadowicki,powiat wadowicki,1966
27,Liczba mieszkańców na 1 pracownika socjalnego,2014,gmina,Andrychów,powiat wadowicki,1992
27,Liczba mieszkańców na 1 pracownika socjalnego,2014,gmina,Brzeźnica,powiat wadowicki,2025
27,Liczba mieszkańców na 1 pracownika socjalnego,2014,gmina,Kalwaria Zebrzydowska,powiat wadowicki,1990
27,Liczba mieszkańców na 1 pracownika socjalnego,2014,gmina,Lanckorona,powiat wadowicki,1534
27,Liczba mieszkańców na 1 pracownika socjalnego,2014,gmina,Mucharz,powiat wadowicki,1341
27,Liczba mieszkańców na 1 pracownika socjalnego,2014,gmina,Spytkowice,powiat wadowicki,2553
27,Liczba mieszkańców na 1 pracownika socjalnego,2014,gmina,Stryszów,powiat wadowicki,2274
27,Liczba mieszkańców na 1 pracownika socjalnego,2014,gmina,Tomice,powiat wadowicki,1972
27,Liczba mieszkańców na 1 pracownika socjalnego,2014,gmina,Wadowice,powiat wadowicki,2009
27,Liczba mieszkańców na 1 pracownika socjalnego,2014,gmina,Wieprz,powiat wadowicki,1733
27,Liczba mieszkańców na 1 pracownika socjalnego,2014,powiat,powiat wielicki,powiat wielicki,2183
27,Liczba mieszkańców na 1 pracownika socjalnego,2014,gmina,Biskupice,powiat wielicki,1949
27,Liczba mieszkańców na 1 pracownika socjalnego,2014,gmina,Gdów,powiat wielicki,1963
27,Liczba mieszkańców na 1 pracownika socjalnego,2014,gmina,Kłaj,powiat wielicki,1765
27,Liczba mieszkańców na 1 pracownika socjalnego,2014,gmina,Niepołomice,powiat wielicki,8708
27,Liczba mieszkańców na 1 pracownika socjalnego,2014,gmina,Wieliczka,powiat wielicki,1748
27,Liczba mieszkańców na 1 pracownika socjalnego,2013,powiat,powiat bocheński,powiat bocheński,2183
27,Liczba mieszkańców na 1 pracownika socjalnego,2013,gmina,Bochnia (miasto),powiat bocheński,2015
27,Liczba mieszkańców na 1 pracownika socjalnego,2013,gmina,Bochnia (wieś),powiat bocheński,2413
27,Liczba mieszkańców na 1 pracownika socjalnego,2013,gmina,Drwinia,powiat bocheński,2171
27,Liczba mieszkańców na 1 pracownika socjalnego,2013,gmina,Lipnica Murowana,powiat bocheński,1858
27,Liczba mieszkańców na 1 pracownika socjalnego,2013,gmina,Łapanów,powiat bocheński,2614
27,Liczba mieszkańców na 1 pracownika socjalnego,2013,gmina,Nowy Wiśnicz,powiat bocheński,2260
27,Liczba mieszkańców na 1 pracownika socjalnego,2013,gmina,Rzezawa,powiat bocheński,2217
27,Liczba mieszkańców na 1 pracownika socjalnego,2013,gmina,Trzciana,powiat bocheński,1791
27,Liczba mieszkańców na 1 pracownika socjalnego,2013,gmina,Żegocina,powiat bocheński,2645
27,Liczba mieszkańców na 1 pracownika socjalnego,2013,powiat,powiat brzeski,powiat brzeski,2109
27,Liczba mieszkańców na 1 pracownika socjalnego,2013,gmina,Borzęcin,powiat brzeski,2106
27,Liczba mieszkańców na 1 pracownika socjalnego,2013,gmina,Brzesko,powiat brzeski,1729
27,Liczba mieszkańców na 1 pracownika socjalnego,2013,gmina,Czchów,powiat brzeski,3223
27,Liczba mieszkańców na 1 pracownika socjalnego,2013,gmina,Dębno,powiat brzeski,2074
27,Liczba mieszkańców na 1 pracownika socjalnego,2013,gmina,Gnojnik,powiat brzeski,3912
27,Liczba mieszkańców na 1 pracownika socjalnego,2013,gmina,Iwkowa,powiat brzeski,2095
27,Liczba mieszkańców na 1 pracownika socjalnego,2013,gmina,Szczurowa,powiat brzeski,2436
27,Liczba mieszkańców na 1 pracownika socjalnego,2013,powiat,powiat chrzanowski,powiat chrzanowski,1793
27,Liczba mieszkańców na 1 pracownika socjalnego,2013,gmina,Alwernia,powiat chrzanowski,2548
27,Liczba mieszkańców na 1 pracownika socjalnego,2013,gmina,Babice,powiat chrzanowski,1505
27,Liczba mieszkańców na 1 pracownika socjalnego,2013,gmina,Chrzanów,powiat chrzanowski,1860
27,Liczba mieszkańców na 1 pracownika socjalnego,2013,gmina,Libiąż,powiat chrzanowski,1751
27,Liczba mieszkańców na 1 pracownika socjalnego,2013,gmina,Trzebinia,powiat chrzanowski,1639
27,Liczba mieszkańców na 1 pracownika socjalnego,2013,powiat,powiat dąbrowski,powiat dąbrowski,1803
27,Liczba mieszkańców na 1 pracownika socjalnego,2013,gmina,Bolesław,powiat dąbrowski,935
27,Liczba mieszkańców na 1 pracownika socjalnego,2013,gmina,Dąbrowa Tarnowska,powiat dąbrowski,2106
27,Liczba mieszkańców na 1 pracownika socjalnego,2013,gmina,Gręboszów,powiat dąbrowski,1157
27,Liczba mieszkańców na 1 pracownika socjalnego,2013,gmina,Mędrzechów,powiat dąbrowski,1175
27,Liczba mieszkańców na 1 pracownika socjalnego,2013,gmina,Olesno,powiat dąbrowski,2638
27,Liczba mieszkańców na 1 pracownika socjalnego,2013,gmina,Radgoszcz,powiat dąbrowski,1851
27,Liczba mieszkańców na 1 pracownika socjalnego,2013,gmina,Szczucin,powiat dąbrowski,1905
27,Liczba mieszkańców na 1 pracownika socjalnego,2013,powiat,powiat gorlicki,powiat gorlicki,1761
27,Liczba mieszkańców na 1 pracownika socjalnego,2013,gmina,Biecz,powiat gorlicki,1890
27,Liczba mieszkańców na 1 pracownika socjalnego,2013,gmina,Bobowa,powiat gorlicki,1913
27,Liczba mieszkańców na 1 pracownika socjalnego,2013,gmina,Gorlice (miasto),powiat gorlicki,1776
27,Liczba mieszkańców na 1 pracownika socjalnego,2013,gmina,Gorlice (wieś),powiat gorlicki,1716
27,Liczba mieszkańców na 1 pracownika socjalnego,2013,gmina,Lipinki,powiat gorlicki,1698
27,Liczba mieszkańców na 1 pracownika socjalnego,2013,gmina,Łużna,powiat gorlicki,1672
27,Liczba mieszkańców na 1 pracownika socjalnego,2013,gmina,Moszczenica,powiat gorlicki,1622
27,Liczba mieszkańców na 1 pracownika socjalnego,2013,gmina,Ropa,powiat gorlicki,1788
27,Liczba mieszkańców na 1 pracownika socjalnego,2013,gmina,Sękowa,powiat gorlicki,1653
27,Liczba mieszkańców na 1 pracownika socjalnego,2013,gmina,Uście Gorlickie,powiat gorlicki,1678
27,Liczba mieszkańców na 1 pracownika socjalnego,2013,powiat,powiat krakowski,powiat krakowski,2133
27,Liczba mieszkańców na 1 pracownika socjalnego,2013,gmina,Czernichów,powiat krakowski,1998
27,Liczba mieszkańców na 1 pracownika socjalnego,2013,gmina,Igołomia-Wawrzeńczyce,powiat krakowski,2575
27,Liczba mieszkańców na 1 pracownika socjalnego,2013,gmina,Iwanowice,powiat krakowski,2209
27,Liczba mieszkańców na 1 pracownika socjalnego,2013,gmina,Jerzmanowice-Przeginia,powiat krakowski,2149
27,Liczba mieszkańców na 1 pracownika socjalnego,2013,gmina,Kocmyrzów-Luborzyca,powiat krakowski,2921
27,Liczba mieszkańców na 1 pracownika socjalnego,2013,gmina,Krzeszowice,powiat krakowski,2031
27,Liczba mieszkańców na 1 pracownika socjalnego,2013,gmina,Liszki,powiat krakowski,2070
27,Liczba mieszkańców na 1 pracownika socjalnego,2013,gmina,Michałowice,powiat krakowski,1944
27,Liczba mieszkańców na 1 pracownika socjalnego,2013,gmina,Mogilany,powiat krakowski,2204
27,Liczba mieszkańców na 1 pracownika socjalnego,2013,gmina,Skała,powiat krakowski,1726
27,Liczba mieszkańców na 1 pracownika socjalnego,2013,gmina,Skawina,powiat krakowski,2268
27,Liczba mieszkańców na 1 pracownika socjalnego,2013,gmina,Słomniki,powiat krakowski,1961
27,Liczba mieszkańców na 1 pracownika socjalnego,2013,gmina,Sułoszowa,powiat krakowski,1935
27,Liczba mieszkańców na 1 pracownika socjalnego,2013,gmina,Świątniki Górne,powiat krakowski,2408
27,Liczba mieszkańców na 1 pracownika socjalnego,2013,gmina,Wielka Wieś,powiat krakowski,1824
27,Liczba mieszkańców na 1 pracownika socjalnego,2013,gmina,Zabierzów,powiat krakowski,2277
27,Liczba mieszkańców na 1 pracownika socjalnego,2013,gmina,Zielonki,powiat krakowski,2016
27,Liczba mieszkańców na 1 pracownika socjalnego,2013,powiat,powiat limanowski,powiat limanowski,2142
27,Liczba mieszkańców na 1 pracownika socjalnego,2013,gmina,Dobra,powiat limanowski,2449
27,Liczba mieszkańców na 1 pracownika socjalnego,2013,gmina,Jodłownik,powiat limanowski,2102
27,Liczba mieszkańców na 1 pracownika socjalnego,2013,gmina,Kamienica,powiat limanowski,2583
27,Liczba mieszkańców na 1 pracownika socjalnego,2013,gmina,Laskowa,powiat limanowski,1588
27,Liczba mieszkańców na 1 pracownika socjalnego,2013,gmina,Limanowa (miasto),powiat limanowski,1892
27,Liczba mieszkańców na 1 pracownika socjalnego,2013,gmina,Limanowa (wieś),powiat limanowski,2219
27,Liczba mieszkańców na 1 pracownika socjalnego,2013,gmina,Łukowica,powiat limanowski,1957
27,Liczba mieszkańców na 1 pracownika socjalnego,2013,gmina,Mszana Dolna (miasto),powiat limanowski,1966
27,Liczba mieszkańców na 1 pracownika socjalnego,2013,gmina,Mszana Dolna (wieś),powiat limanowski,2476
27,Liczba mieszkańców na 1 pracownika socjalnego,2013,gmina,Niedźwiedź,powiat limanowski,2396
27,Liczba mieszkańców na 1 pracownika socjalnego,2013,gmina,Słopnice,powiat limanowski,2151
27,Liczba mieszkańców na 1 pracownika socjalnego,2013,gmina,Tymbark,powiat limanowski,2163
27,Liczba mieszkańców na 1 pracownika socjalnego,2013,powiat,powiat m. Kraków,powiat m. Kraków,1888
27,Liczba mieszkańców na 1 pracownika socjalnego,2013,powiat,powiat m. Nowy Sącz,powiat m. Nowy Sącz,1786
27,Liczba mieszkańców na 1 pracownika socjalnego,2013,powiat,powiat m. Tarnów,powiat m. Tarnów,1900
27,Liczba mieszkańców na 1 pracownika socjalnego,2013,powiat,powiat miechowski,powiat miechowski,1561
27,Liczba mieszkańców na 1 pracownika socjalnego,2013,gmina,Charsznica,powiat miechowski,1917
27,Liczba mieszkańców na 1 pracownika socjalnego,2013,gmina,Gołcza,powiat miechowski,1552
27,Liczba mieszkańców na 1 pracownika socjalnego,2013,gmina,Kozłów,powiat miechowski,2367
27,Liczba mieszkańców na 1 pracownika socjalnego,2013,gmina,Książ Wielki,powiat miechowski,1314
27,Liczba mieszkańców na 1 pracownika socjalnego,2013,gmina,Miechów,powiat miechowski,1810
27,Liczba mieszkańców na 1 pracownika socjalnego,2013,gmina,Racławice,powiat miechowski,829
27,Liczba mieszkańców na 1 pracownika socjalnego,2013,gmina,Słaboszów,powiat miechowski,925
27,Liczba mieszkańców na 1 pracownika socjalnego,2013,powiat,powiat myślenicki,powiat myślenicki,1746
27,Liczba mieszkańców na 1 pracownika socjalnego,2013,gmina,Dobczyce,powiat myślenicki,1889
27,Liczba mieszkańców na 1 pracownika socjalnego,2013,gmina,Lubień,powiat myślenicki,1978
27,Liczba mieszkańców na 1 pracownika socjalnego,2013,gmina,Myślenice,powiat myślenicki,1658
27,Liczba mieszkańców na 1 pracownika socjalnego,2013,gmina,Pcim,powiat myślenicki,1813
27,Liczba mieszkańców na 1 pracownika socjalnego,2013,gmina,Raciechowice,powiat myślenicki,2066
27,Liczba mieszkańców na 1 pracownika socjalnego,2013,gmina,Siepraw,powiat myślenicki,1690
27,Liczba mieszkańców na 1 pracownika socjalnego,2013,gmina,Sułkowice,powiat myślenicki,1458
27,Liczba mieszkańców na 1 pracownika socjalnego,2013,gmina,Tokarnia,powiat myślenicki,2140
27,Liczba mieszkańców na 1 pracownika socjalnego,2013,gmina,Wiśniowa,powiat myślenicki,1804
27,Liczba mieszkańców na 1 pracownika socjalnego,2013,powiat,powiat nowosądecki,powiat nowosądecki,2132
27,Liczba mieszkańców na 1 pracownika socjalnego,2013,gmina,Podegrodzie,powiat nowosądecki,2098
27,Liczba mieszkańców na 1 pracownika socjalnego,2013,gmina,Rytro,powiat nowosądecki,1921
27,Liczba mieszkańców na 1 pracownika socjalnego,2013,gmina,Stary Sącz,powiat nowosądecki,1949
27,Liczba mieszkańców na 1 pracownika socjalnego,2013,gmina,Chełmiec,powiat nowosądecki,1938
27,Liczba mieszkańców na 1 pracownika socjalnego,2013,gmina,Gródek nad Dunajcem,powiat nowosądecki,1841
27,Liczba mieszkańców na 1 pracownika socjalnego,2013,gmina,Grybów (miasto),powiat nowosądecki,3043
27,Liczba mieszkańców na 1 pracownika socjalnego,2013,gmina,Grybów (wieś),powiat nowosądecki,3486
27,Liczba mieszkańców na 1 pracownika socjalnego,2013,gmina,Kamionka Wielka,powiat nowosądecki,2005
27,Liczba mieszkańców na 1 pracownika socjalnego,2013,gmina,Korzenna,powiat nowosądecki,2018
27,Liczba mieszkańców na 1 pracownika socjalnego,2013,gmina,Krynica-Zdrój,powiat nowosądecki,2124
27,Liczba mieszkańców na 1 pracownika socjalnego,2013,gmina,Łabowa,powiat nowosądecki,1921
27,Liczba mieszkańców na 1 pracownika socjalnego,2013,gmina,Łącko,powiat nowosądecki,2006
27,Liczba mieszkańców na 1 pracownika socjalnego,2013,gmina,Łososina Dolna,powiat nowosądecki,2132
27,Liczba mieszkańców na 1 pracownika socjalnego,2013,gmina,Muszyna,powiat nowosądecki,1676
27,Liczba mieszkańców na 1 pracownika socjalnego,2013,gmina,Nawojowa,powiat nowosądecki,2093
27,Liczba mieszkańców na 1 pracownika socjalnego,2013,gmina,Piwniczna-Zdrój,powiat nowosądecki,2671
27,Liczba mieszkańców na 1 pracownika socjalnego,2013,powiat,powiat nowotarski,powiat nowotarski,2180
27,Liczba mieszkańców na 1 pracownika socjalnego,2013,gmina,Czarny Dunajec,powiat nowotarski,4413
27,Liczba mieszkańców na 1 pracownika socjalnego,2013,gmina,Czorsztyn,powiat nowotarski,2508
27,Liczba mieszkańców na 1 pracownika socjalnego,2013,gmina,Jabłonka,powiat nowotarski,2253
27,Liczba mieszkańców na 1 pracownika socjalnego,2013,gmina,Krościenko nad Dunajcem,powiat nowotarski,2241
27,Liczba mieszkańców na 1 pracownika socjalnego,2013,gmina,Lipnica Wielka,powiat nowotarski,1981
27,Liczba mieszkańców na 1 pracownika socjalnego,2013,gmina,Łapsze Niżne,powiat nowotarski,3061
27,Liczba mieszkańców na 1 pracownika socjalnego,2013,gmina,Nowy Targ (miasto),powiat nowotarski,2245
27,Liczba mieszkańców na 1 pracownika socjalnego,2013,gmina,Nowy Targ (wieś),powiat nowotarski,2133
27,Liczba mieszkańców na 1 pracownika socjalnego,2013,gmina,Ochotnica Dolna,powiat nowotarski,2099
27,Liczba mieszkańców na 1 pracownika socjalnego,2013,gmina,Raba Wyżna,powiat nowotarski,1613
27,Liczba mieszkańców na 1 pracownika socjalnego,2013,gmina,Rabka-Zdrój,powiat nowotarski,1941
27,Liczba mieszkańców na 1 pracownika socjalnego,2013,gmina,Spytkowice,powiat nowotarski,1093
27,Liczba mieszkańców na 1 pracownika socjalnego,2013,gmina,Szaflary,powiat nowotarski,1802
27,Liczba mieszkańców na 1 pracownika socjalnego,2013,gmina,Szczawnica,powiat nowotarski,1868
27,Liczba mieszkańców na 1 pracownika socjalnego,2013,powiat,powiat olkuski,powiat olkuski,1933
27,Liczba mieszkańców na 1 pracownika socjalnego,2013,gmina,Bolesław,powiat olkuski,1954
27,Liczba mieszkańców na 1 pracownika socjalnego,2013,gmina,Bukowno,powiat olkuski,2082
27,Liczba mieszkańców na 1 pracownika socjalnego,2013,gmina,Klucze,powiat olkuski,1913
27,Liczba mieszkańców na 1 pracownika socjalnego,2013,gmina,Olkusz,powiat olkuski,1852
27,Liczba mieszkańców na 1 pracownika socjalnego,2013,gmina,Trzyciąż,powiat olkuski,2368
27,Liczba mieszkańców na 1 pracownika socjalnego,2013,gmina,Wolbrom,powiat olkuski,1952
27,Liczba mieszkańców na 1 pracownika socjalnego,2013,powiat,powiat oświęcimski,powiat oświęcimski,1782
27,Liczba mieszkańców na 1 pracownika socjalnego,2013,gmina,Brzeszcze,powiat oświęcimski,1974
27,Liczba mieszkańców na 1 pracownika socjalnego,2013,gmina,Chełmek,powiat oświęcimski,1861
27,Liczba mieszkańców na 1 pracownika socjalnego,2013,gmina,Kęty,powiat oświęcimski,2020
27,Liczba mieszkańców na 1 pracownika socjalnego,2013,gmina,Osiek,powiat oświęcimski,2025
27,Liczba mieszkańców na 1 pracownika socjalnego,2013,gmina,Oświęcim (miasto),powiat oświęcimski,1469
27,Liczba mieszkańców na 1 pracownika socjalnego,2013,gmina,Oświęcim (wieś),powiat oświęcimski,1787
27,Liczba mieszkańców na 1 pracownika socjalnego,2013,gmina,Polanka Wielka,powiat oświęcimski,1423
27,Liczba mieszkańców na 1 pracownika socjalnego,2013,gmina,Przeciszów,powiat oświęcimski,1689
27,Liczba mieszkańców na 1 pracownika socjalnego,2013,gmina,Zator,powiat oświęcimski,2325
27,Liczba mieszkańców na 1 pracownika socjalnego,2013,powiat,powiat proszowicki,powiat proszowicki,2193
27,Liczba mieszkańców na 1 pracownika socjalnego,2013,gmina,Koniusza,powiat proszowicki,2962
27,Liczba mieszkańców na 1 pracownika socjalnego,2013,gmina,Koszyce,powiat proszowicki,2840
27,Liczba mieszkańców na 1 pracownika socjalnego,2013,gmina,Nowe Brzesko,powiat proszowicki,1937
27,Liczba mieszkańców na 1 pracownika socjalnego,2013,gmina,Pałecznica,powiat proszowicki,1218
27,Liczba mieszkańców na 1 pracownika socjalnego,2013,gmina,Proszowice,powiat proszowicki,2046
27,Liczba mieszkańców na 1 pracownika socjalnego,2013,gmina,Radziemice,powiat proszowicki,3457
27,Liczba mieszkańców na 1 pracownika socjalnego,2013,powiat,powiat suski,powiat suski,1912
27,Liczba mieszkańców na 1 pracownika socjalnego,2013,gmina,Budzów,powiat suski,2183
27,Liczba mieszkańców na 1 pracownika socjalnego,2013,gmina,Bystra-Sidzina,powiat suski,3380
27,Liczba mieszkańców na 1 pracownika socjalnego,2013,gmina,Jordanów (miasto),powiat suski,1055
27,Liczba mieszkańców na 1 pracownika socjalnego,2013,gmina,Jordanów (wieś),powiat suski,2186
27,Liczba mieszkańców na 1 pracownika socjalnego,2013,gmina,Maków Podhalański,powiat suski,1640
27,Liczba mieszkańców na 1 pracownika socjalnego,2013,gmina,Stryszawa,powiat suski,1962
27,Liczba mieszkańców na 1 pracownika socjalnego,2013,gmina,Sucha Beskidzka,powiat suski,1897
27,Liczba mieszkańców na 1 pracownika socjalnego,2013,gmina,Zawoja,powiat suski,2272
27,Liczba mieszkańców na 1 pracownika socjalnego,2013,gmina,Zembrzyce,powiat suski,1888
27,Liczba mieszkańców na 1 pracownika socjalnego,2013,powiat,powiat tarnowski,powiat tarnowski,2349
27,Liczba mieszkańców na 1 pracownika socjalnego,2013,gmina,Ciężkowice,powiat tarnowski,1880
27,Liczba mieszkańców na 1 pracownika socjalnego,2013,gmina,Gromnik,powiat tarnowski,2192
27,Liczba mieszkańców na 1 pracownika socjalnego,2013,gmina,Lisia Góra,powiat tarnowski,2460
27,Liczba mieszkańców na 1 pracownika socjalnego,2013,gmina,Pleśna,powiat tarnowski,2388
27,Liczba mieszkańców na 1 pracownika socjalnego,2013,gmina,Radłów,powiat tarnowski,1961
27,Liczba mieszkańców na 1 pracownika socjalnego,2013,gmina,Ryglice,powiat tarnowski,2351
27,Liczba mieszkańców na 1 pracownika socjalnego,2013,gmina,Rzepiennik Strzyżewski,powiat tarnowski,2270
27,Liczba mieszkańców na 1 pracownika socjalnego,2013,gmina,Skrzyszów,powiat tarnowski,3482
27,Liczba mieszkańców na 1 pracownika socjalnego,2013,gmina,Szerzyny,powiat tarnowski,2006
27,Liczba mieszkańców na 1 pracownika socjalnego,2013,gmina,Tarnów (wieś),powiat tarnowski,2784
27,Liczba mieszkańców na 1 pracownika socjalnego,2013,gmina,Tuchów,powiat tarnowski,2017
27,Liczba mieszkańców na 1 pracownika socjalnego,2013,gmina,Wierzchosławice,powiat tarnowski,2135
27,Liczba mieszkańców na 1 pracownika socjalnego,2013,gmina,Wietrzychowice,powiat tarnowski,2017
27,Liczba mieszkańców na 1 pracownika socjalnego,2013,gmina,Wojnicz,powiat tarnowski,3328
27,Liczba mieszkańców na 1 pracownika socjalnego,2013,gmina,Zakliczyn,powiat tarnowski,2068
27,Liczba mieszkańców na 1 pracownika socjalnego,2013,gmina,Żabno,powiat tarnowski,2373
27,Liczba mieszkańców na 1 pracownika socjalnego,2013,powiat,powiat tatrzański,powiat tatrzański,2056
27,Liczba mieszkańców na 1 pracownika socjalnego,2013,gmina,Biały Dunajec,powiat tatrzański,1774
27,Liczba mieszkańców na 1 pracownika socjalnego,2013,gmina,Bukowina Tatrzańska,powiat tatrzański,2614
27,Liczba mieszkańców na 1 pracownika socjalnego,2013,gmina,Kościelisko,powiat tatrzański,1437
27,Liczba mieszkańców na 1 pracownika socjalnego,2013,gmina,Poronin,powiat tatrzański,1890
27,Liczba mieszkańców na 1 pracownika socjalnego,2013,gmina,Zakopane,powiat tatrzański,2310
27,Liczba mieszkańców na 1 pracownika socjalnego,2013,powiat,powiat wadowicki,powiat wadowicki,1963
27,Liczba mieszkańców na 1 pracownika socjalnego,2013,gmina,Andrychów,powiat wadowicki,1993
27,Liczba mieszkańców na 1 pracownika socjalnego,2013,gmina,Brzeźnica,powiat wadowicki,2019
27,Liczba mieszkańców na 1 pracownika socjalnego,2013,gmina,Kalwaria Zebrzydowska,powiat wadowicki,1806
27,Liczba mieszkańców na 1 pracownika socjalnego,2013,gmina,Lanckorona,powiat wadowicki,1541
27,Liczba mieszkańców na 1 pracownika socjalnego,2013,gmina,Mucharz,powiat wadowicki,1341
27,Liczba mieszkańców na 1 pracownika socjalnego,2013,gmina,Spytkowice,powiat wadowicki,2037
27,Liczba mieszkańców na 1 pracownika socjalnego,2013,gmina,Stryszów,powiat wadowicki,2273
27,Liczba mieszkańców na 1 pracownika socjalnego,2013,gmina,Tomice,powiat wadowicki,1950
27,Liczba mieszkańców na 1 pracownika socjalnego,2013,gmina,Wadowice,powiat wadowicki,2118
27,Liczba mieszkańców na 1 pracownika socjalnego,2013,gmina,Wieprz,powiat wadowicki,2011
27,Liczba mieszkańców na 1 pracownika socjalnego,2013,powiat,powiat wielicki,powiat wielicki,2280
27,Liczba mieszkańców na 1 pracownika socjalnego,2013,gmina,Biskupice,powiat wielicki,1925
27,Liczba mieszkańców na 1 pracownika socjalnego,2013,gmina,Gdów,powiat wielicki,2192
27,Liczba mieszkańców na 1 pracownika socjalnego,2013,gmina,Kłaj,powiat wielicki,1760
27,Liczba mieszkańców na 1 pracownika socjalnego,2013,gmina,Niepołomice,powiat wielicki,3658
27,Liczba mieszkańców na 1 pracownika socjalnego,2013,gmina,Wieliczka,powiat wielicki,2124
27,Liczba mieszkańców na 1 pracownika socjalnego,2012,powiat,powiat bocheński,powiat bocheński,2088
27,Liczba mieszkańców na 1 pracownika socjalnego,2012,gmina,Bochnia (miasto),powiat bocheński,2020
27,Liczba mieszkańców na 1 pracownika socjalnego,2012,gmina,Bochnia (wieś),powiat bocheński,2386
27,Liczba mieszkańców na 1 pracownika socjalnego,2012,gmina,Drwinia,powiat bocheński,2180
27,Liczba mieszkańców na 1 pracownika socjalnego,2012,gmina,Lipnica Murowana,powiat bocheński,1851
27,Liczba mieszkańców na 1 pracownika socjalnego,2012,gmina,Łapanów,powiat bocheński,1943
27,Liczba mieszkańców na 1 pracownika socjalnego,2012,gmina,Nowy Wiśnicz,powiat bocheński,2243
27,Liczba mieszkańców na 1 pracownika socjalnego,2012,gmina,Rzezawa,powiat bocheński,2214
27,Liczba mieszkańców na 1 pracownika socjalnego,2012,gmina,Trzciana,powiat bocheński,1784
27,Liczba mieszkańców na 1 pracownika socjalnego,2012,gmina,Żegocina,powiat bocheński,1754
27,Liczba mieszkańców na 1 pracownika socjalnego,2012,powiat,powiat brzeski,powiat brzeski,2260
27,Liczba mieszkańców na 1 pracownika socjalnego,2012,gmina,Borzęcin,powiat brzeski,1689
27,Liczba mieszkańców na 1 pracownika socjalnego,2012,gmina,Brzesko,powiat brzeski,2019
27,Liczba mieszkańców na 1 pracownika socjalnego,2012,gmina,Czchów,powiat brzeski,4820
27,Liczba mieszkańców na 1 pracownika socjalnego,2012,gmina,Dębno,powiat brzeski,2067
27,Liczba mieszkańców na 1 pracownika socjalnego,2012,gmina,Gnojnik,powiat brzeski,3862
27,Liczba mieszkańców na 1 pracownika socjalnego,2012,gmina,Iwkowa,powiat brzeski,3127
27,Liczba mieszkańców na 1 pracownika socjalnego,2012,gmina,Szczurowa,powiat brzeski,1954
27,Liczba mieszkańców na 1 pracownika socjalnego,2012,powiat,powiat chrzanowski,powiat chrzanowski,1798
27,Liczba mieszkańców na 1 pracownika socjalnego,2012,gmina,Alwernia,powiat chrzanowski,1828
27,Liczba mieszkańców na 1 pracownika socjalnego,2012,gmina,Babice,powiat chrzanowski,1287
27,Liczba mieszkańców na 1 pracownika socjalnego,2012,gmina,Chrzanów,powiat chrzanowski,1944
27,Liczba mieszkańców na 1 pracownika socjalnego,2012,gmina,Libiąż,powiat chrzanowski,1754
27,Liczba mieszkańców na 1 pracownika socjalnego,2012,gmina,Trzebinia,powiat chrzanowski,1813
27,Liczba mieszkańców na 1 pracownika socjalnego,2012,powiat,powiat dąbrowski,powiat dąbrowski,1983
27,Liczba mieszkańców na 1 pracownika socjalnego,2012,gmina,Bolesław,powiat dąbrowski,931
27,Liczba mieszkańców na 1 pracownika socjalnego,2012,gmina,Dąbrowa Tarnowska,powiat dąbrowski,2109
27,Liczba mieszkańców na 1 pracownika socjalnego,2012,gmina,Gręboszów,powiat dąbrowski,1728
27,Liczba mieszkańców na 1 pracownika socjalnego,2012,gmina,Mędrzechów,powiat dąbrowski,3544
27,Liczba mieszkańców na 1 pracownika socjalnego,2012,gmina,Olesno,powiat dąbrowski,2635
27,Liczba mieszkańców na 1 pracownika socjalnego,2012,gmina,Radgoszcz,powiat dąbrowski,1845
27,Liczba mieszkańców na 1 pracownika socjalnego,2012,gmina,Szczucin,powiat dąbrowski,1904
27,Liczba mieszkańców na 1 pracownika socjalnego,2012,powiat,powiat gorlicki,powiat gorlicki,1791
27,Liczba mieszkańców na 1 pracownika socjalnego,2012,gmina,Biecz,powiat gorlicki,1895
27,Liczba mieszkańców na 1 pracownika socjalnego,2012,gmina,Bobowa,powiat gorlicki,1913
27,Liczba mieszkańców na 1 pracownika socjalnego,2012,gmina,Gorlice (miasto),powiat gorlicki,1904
27,Liczba mieszkańców na 1 pracownika socjalnego,2012,gmina,Gorlice (wieś),powiat gorlicki,1704
27,Liczba mieszkańców na 1 pracownika socjalnego,2012,gmina,Lipinki,powiat gorlicki,1700
27,Liczba mieszkańców na 1 pracownika socjalnego,2012,gmina,Łużna,powiat gorlicki,1677
27,Liczba mieszkańców na 1 pracownika socjalnego,2012,gmina,Moszczenica,powiat gorlicki,1628
27,Liczba mieszkańców na 1 pracownika socjalnego,2012,gmina,Ropa,powiat gorlicki,1778
27,Liczba mieszkańców na 1 pracownika socjalnego,2012,gmina,Sękowa,powiat gorlicki,1640
27,Liczba mieszkańców na 1 pracownika socjalnego,2012,gmina,Uście Gorlickie,powiat gorlicki,1680
27,Liczba mieszkańców na 1 pracownika socjalnego,2012,powiat,powiat krakowski,powiat krakowski,2084
27,Liczba mieszkańców na 1 pracownika socjalnego,2012,gmina,Czernichów,powiat krakowski,1984
27,Liczba mieszkańców na 1 pracownika socjalnego,2012,gmina,Igołomia-Wawrzeńczyce,powiat krakowski,2584
27,Liczba mieszkańców na 1 pracownika socjalnego,2012,gmina,Iwanowice,powiat krakowski,2186
27,Liczba mieszkańców na 1 pracownika socjalnego,2012,gmina,Jerzmanowice-Przeginia,powiat krakowski,2137
27,Liczba mieszkańców na 1 pracownika socjalnego,2012,gmina,Kocmyrzów-Luborzyca,powiat krakowski,2422
27,Liczba mieszkańców na 1 pracownika socjalnego,2012,gmina,Krzeszowice,powiat krakowski,2165
27,Liczba mieszkańców na 1 pracownika socjalnego,2012,gmina,Liszki,powiat krakowski,2058
27,Liczba mieszkańców na 1 pracownika socjalnego,2012,gmina,Michałowice,powiat krakowski,2384
27,Liczba mieszkańców na 1 pracownika socjalnego,2012,gmina,Mogilany,powiat krakowski,2152
27,Liczba mieszkańców na 1 pracownika socjalnego,2012,gmina,Skała,powiat krakowski,2056
27,Liczba mieszkańców na 1 pracownika socjalnego,2012,gmina,Skawina,powiat krakowski,2263
27,Liczba mieszkańców na 1 pracownika socjalnego,2012,gmina,Słomniki,powiat krakowski,1970
27,Liczba mieszkańców na 1 pracownika socjalnego,2012,gmina,Sułoszowa,powiat krakowski,1943
27,Liczba mieszkańców na 1 pracownika socjalnego,2012,gmina,Świątniki Górne,powiat krakowski,2380
27,Liczba mieszkańców na 1 pracownika socjalnego,2012,gmina,Wielka Wieś,powiat krakowski,1792
27,Liczba mieszkańców na 1 pracownika socjalnego,2012,gmina,Zabierzów,powiat krakowski,1550
27,Liczba mieszkańców na 1 pracownika socjalnego,2012,gmina,Zielonki,powiat krakowski,2186
27,Liczba mieszkańców na 1 pracownika socjalnego,2012,powiat,powiat limanowski,powiat limanowski,1940
27,Liczba mieszkańców na 1 pracownika socjalnego,2012,gmina,Dobra,powiat limanowski,2432
27,Liczba mieszkańców na 1 pracownika socjalnego,2012,gmina,Jodłownik,powiat limanowski,2096
27,Liczba mieszkańców na 1 pracownika socjalnego,2012,gmina,Kamienica,powiat limanowski,1928
27,Liczba mieszkańców na 1 pracownika socjalnego,2012,gmina,Laskowa,powiat limanowski,1963
27,Liczba mieszkańców na 1 pracownika socjalnego,2012,gmina,Limanowa (miasto),powiat limanowski,1892
27,Liczba mieszkańców na 1 pracownika socjalnego,2012,gmina,Limanowa (wieś),powiat limanowski,2027
27,Liczba mieszkańców na 1 pracownika socjalnego,2012,gmina,Łukowica,powiat limanowski,1952
27,Liczba mieszkańców na 1 pracownika socjalnego,2012,gmina,Mszana Dolna (miasto),powiat limanowski,1969
27,Liczba mieszkańców na 1 pracownika socjalnego,2012,gmina,Mszana Dolna (wieś),powiat limanowski,2155
27,Liczba mieszkańców na 1 pracownika socjalnego,2012,gmina,Niedźwiedź,powiat limanowski,1792
27,Liczba mieszkańców na 1 pracownika socjalnego,2012,gmina,Słopnice,powiat limanowski,1067
27,Liczba mieszkańców na 1 pracownika socjalnego,2012,gmina,Tymbark,powiat limanowski,2154
27,Liczba mieszkańców na 1 pracownika socjalnego,2012,powiat,powiat m. Kraków,powiat m. Kraków,1850
27,Liczba mieszkańców na 1 pracownika socjalnego,2012,powiat,powiat m. Nowy Sącz,powiat m. Nowy Sącz,1790
27,Liczba mieszkańców na 1 pracownika socjalnego,2012,powiat,powiat m. Tarnów,powiat m. Tarnów,1947
27,Liczba mieszkańców na 1 pracownika socjalnego,2012,powiat,powiat miechowski,powiat miechowski,1670
27,Liczba mieszkańców na 1 pracownika socjalnego,2012,gmina,Charsznica,powiat miechowski,1923
27,Liczba mieszkańców na 1 pracownika socjalnego,2012,gmina,Gołcza,powiat miechowski,1555
27,Liczba mieszkańców na 1 pracownika socjalnego,2012,gmina,Kozłów,powiat miechowski,1585
27,Liczba mieszkańców na 1 pracownika socjalnego,2012,gmina,Książ Wielki,powiat miechowski,1762
27,Liczba mieszkańców na 1 pracownika socjalnego,2012,gmina,Miechów,powiat miechowski,1994
27,Liczba mieszkańców na 1 pracownika socjalnego,2012,gmina,Racławice,powiat miechowski,828
27,Liczba mieszkańców na 1 pracownika socjalnego,2012,gmina,Słaboszów,powiat miechowski,1244
27,Liczba mieszkańców na 1 pracownika socjalnego,2012,powiat,powiat myślenicki,powiat myślenicki,1927
27,Liczba mieszkańców na 1 pracownika socjalnego,2012,gmina,Dobczyce,powiat myślenicki,1875
27,Liczba mieszkańców na 1 pracownika socjalnego,2012,gmina,Lubień,powiat myślenicki,1972
27,Liczba mieszkańców na 1 pracownika socjalnego,2012,gmina,Myślenice,powiat myślenicki,2039
27,Liczba mieszkańców na 1 pracownika socjalnego,2012,gmina,Pcim,powiat myślenicki,1808
27,Liczba mieszkańców na 1 pracownika socjalnego,2012,gmina,Raciechowice,powiat myślenicki,2039
27,Liczba mieszkańców na 1 pracownika socjalnego,2012,gmina,Siepraw,powiat myślenicki,1678
27,Liczba mieszkańców na 1 pracownika socjalnego,2012,gmina,Sułkowice,powiat myślenicki,1617
27,Liczba mieszkańców na 1 pracownika socjalnego,2012,gmina,Tokarnia,powiat myślenicki,2145
27,Liczba mieszkańców na 1 pracownika socjalnego,2012,gmina,Wiśniowa,powiat myślenicki,2386
27,Liczba mieszkańców na 1 pracownika socjalnego,2012,powiat,powiat nowosądecki,powiat nowosądecki,2187
27,Liczba mieszkańców na 1 pracownika socjalnego,2012,gmina,Podegrodzie,powiat nowosądecki,2081
27,Liczba mieszkańców na 1 pracownika socjalnego,2012,gmina,Rytro,powiat nowosądecki,1920
27,Liczba mieszkańców na 1 pracownika socjalnego,2012,gmina,Stary Sącz,powiat nowosądecki,1943
27,Liczba mieszkańców na 1 pracownika socjalnego,2012,gmina,Chełmiec,powiat nowosądecki,1921
27,Liczba mieszkańców na 1 pracownika socjalnego,2012,gmina,Gródek nad Dunajcem,powiat nowosądecki,2291
27,Liczba mieszkańców na 1 pracownika socjalnego,2012,gmina,Grybów (miasto),powiat nowosądecki,2058
27,Liczba mieszkańców na 1 pracownika socjalnego,2012,gmina,Grybów (wieś),powiat nowosądecki,3459
27,Liczba mieszkańców na 1 pracownika socjalnego,2012,gmina,Kamionka Wielka,powiat nowosądecki,1986
27,Liczba mieszkańców na 1 pracownika socjalnego,2012,gmina,Korzenna,powiat nowosądecki,2003
27,Liczba mieszkańców na 1 pracownika socjalnego,2012,gmina,Krynica-Zdrój,powiat nowosądecki,2122
27,Liczba mieszkańców na 1 pracownika socjalnego,2012,gmina,Łabowa,powiat nowosądecki,1904
27,Liczba mieszkańców na 1 pracownika socjalnego,2012,gmina,Łącko,powiat nowosądecki,2276
27,Liczba mieszkańców na 1 pracownika socjalnego,2012,gmina,Łososina Dolna,powiat nowosądecki,2121
27,Liczba mieszkańców na 1 pracownika socjalnego,2012,gmina,Muszyna,powiat nowosądecki,2353
27,Liczba mieszkańców na 1 pracownika socjalnego,2012,gmina,Nawojowa,powiat nowosądecki,2065
27,Liczba mieszkańców na 1 pracownika socjalnego,2012,gmina,Piwniczna-Zdrój,powiat nowosądecki,2672
27,Liczba mieszkańców na 1 pracownika socjalnego,2012,powiat,powiat nowotarski,powiat nowotarski,2227
27,Liczba mieszkańców na 1 pracownika socjalnego,2012,gmina,Czarny Dunajec,powiat nowotarski,4397
27,Liczba mieszkańców na 1 pracownika socjalnego,2012,gmina,Czorsztyn,powiat nowotarski,2499
27,Liczba mieszkańców na 1 pracownika socjalnego,2012,gmina,Jabłonka,powiat nowotarski,2238
27,Liczba mieszkańców na 1 pracownika socjalnego,2012,gmina,Krościenko nad Dunajcem,powiat nowotarski,2234
27,Liczba mieszkańców na 1 pracownika socjalnego,2012,gmina,Lipnica Wielka,powiat nowotarski,1973
27,Liczba mieszkańców na 1 pracownika socjalnego,2012,gmina,Łapsze Niżne,powiat nowotarski,3050
27,Liczba mieszkańców na 1 pracownika socjalnego,2012,gmina,Nowy Targ (miasto),powiat nowotarski,2415
27,Liczba mieszkańców na 1 pracownika socjalnego,2012,gmina,Nowy Targ (wieś),powiat nowotarski,2597
27,Liczba mieszkańców na 1 pracownika socjalnego,2012,gmina,Ochotnica Dolna,powiat nowotarski,2087
27,Liczba mieszkańców na 1 pracownika socjalnego,2012,gmina,Raba Wyżna,powiat nowotarski,1810
27,Liczba mieszkańców na 1 pracownika socjalnego,2012,gmina,Rabka-Zdrój,powiat nowotarski,1944
27,Liczba mieszkańców na 1 pracownika socjalnego,2012,gmina,Spytkowice,powiat nowotarski,734
27,Liczba mieszkańców na 1 pracownika socjalnego,2012,gmina,Szaflary,powiat nowotarski,1797
27,Liczba mieszkańców na 1 pracownika socjalnego,2012,gmina,Szczawnica,powiat nowotarski,1858
27,Liczba mieszkańców na 1 pracownika socjalnego,2012,powiat,powiat olkuski,powiat olkuski,1761
27,Liczba mieszkańców na 1 pracownika socjalnego,2012,gmina,Bolesław,powiat olkuski,1960
27,Liczba mieszkańców na 1 pracownika socjalnego,2012,gmina,Bukowno,powiat olkuski,1748
27,Liczba mieszkańców na 1 pracownika socjalnego,2012,gmina,Klucze,powiat olkuski,1391
27,Liczba mieszkańców na 1 pracownika socjalnego,2012,gmina,Olkusz,powiat olkuski,1860
27,Liczba mieszkańców na 1 pracownika socjalnego,2012,gmina,Trzyciąż,powiat olkuski,1779
27,Liczba mieszkańców na 1 pracownika socjalnego,2012,gmina,Wolbrom,powiat olkuski,1806
27,Liczba mieszkańców na 1 pracownika socjalnego,2012,powiat,powiat oświęcimski,powiat oświęcimski,1846
27,Liczba mieszkańców na 1 pracownika socjalnego,2012,gmina,Brzeszcze,powiat oświęcimski,1970
27,Liczba mieszkańców na 1 pracownika socjalnego,2012,gmina,Chełmek,powiat oświęcimski,1869
27,Liczba mieszkańców na 1 pracownika socjalnego,2012,gmina,Kęty,powiat oświęcimski,1803
27,Liczba mieszkańców na 1 pracownika socjalnego,2012,gmina,Osiek,powiat oświęcimski,2016
27,Liczba mieszkańców na 1 pracownika socjalnego,2012,gmina,Oświęcim (miasto),powiat oświęcimski,1596
27,Liczba mieszkańców na 1 pracownika socjalnego,2012,gmina,Oświęcim (wieś),powiat oświęcimski,1972
27,Liczba mieszkańców na 1 pracownika socjalnego,2012,gmina,Polanka Wielka,powiat oświęcimski,2124
27,Liczba mieszkańców na 1 pracownika socjalnego,2012,gmina,Przeciszów,powiat oświęcimski,2259
27,Liczba mieszkańców na 1 pracownika socjalnego,2012,gmina,Zator,powiat oświęcimski,2322
27,Liczba mieszkańców na 1 pracownika socjalnego,2012,powiat,powiat proszowicki,powiat proszowicki,1998
27,Liczba mieszkańców na 1 pracownika socjalnego,2012,gmina,Koniusza,powiat proszowicki,2206
27,Liczba mieszkańców na 1 pracownika socjalnego,2012,gmina,Koszyce,powiat proszowicki,2856
27,Liczba mieszkańców na 1 pracownika socjalnego,2012,gmina,Nowe Brzesko,powiat proszowicki,1943
27,Liczba mieszkańców na 1 pracownika socjalnego,2012,gmina,Pałecznica,powiat proszowicki,1219
27,Liczba mieszkańców na 1 pracownika socjalnego,2012,gmina,Proszowice,powiat proszowicki,2058
27,Liczba mieszkańców na 1 pracownika socjalnego,2012,gmina,Radziemice,powiat proszowicki,1730
27,Liczba mieszkańców na 1 pracownika socjalnego,2012,powiat,powiat suski,powiat suski,2048
27,Liczba mieszkańców na 1 pracownika socjalnego,2012,gmina,Budzów,powiat suski,2174
27,Liczba mieszkańców na 1 pracownika socjalnego,2012,gmina,Bystra-Sidzina,powiat suski,3384
27,Liczba mieszkańców na 1 pracownika socjalnego,2012,gmina,Jordanów (miasto),powiat suski,1347
27,Liczba mieszkańców na 1 pracownika socjalnego,2012,gmina,Jordanów (wieś),powiat suski,2153
27,Liczba mieszkańców na 1 pracownika socjalnego,2012,gmina,Maków Podhalański,powiat suski,2044
27,Liczba mieszkańców na 1 pracownika socjalnego,2012,gmina,Stryszawa,powiat suski,1960
27,Liczba mieszkańców na 1 pracownika socjalnego,2012,gmina,Sucha Beskidzka,powiat suski,1900
27,Liczba mieszkańców na 1 pracownika socjalnego,2012,gmina,Zawoja,powiat suski,2271
27,Liczba mieszkańców na 1 pracownika socjalnego,2012,gmina,Zembrzyce,powiat suski,1880
27,Liczba mieszkańców na 1 pracownika socjalnego,2012,powiat,powiat tarnowski,powiat tarnowski,2212
27,Liczba mieszkańców na 1 pracownika socjalnego,2012,gmina,Ciężkowice,powiat tarnowski,2247
27,Liczba mieszkańców na 1 pracownika socjalnego,2012,gmina,Gromnik,powiat tarnowski,2185
27,Liczba mieszkańców na 1 pracownika socjalnego,2012,gmina,Lisia Góra,powiat tarnowski,2937
27,Liczba mieszkańców na 1 pracownika socjalnego,2012,gmina,Pleśna,powiat tarnowski,2372
27,Liczba mieszkańców na 1 pracownika socjalnego,2012,gmina,Radłów,powiat tarnowski,1948
27,Liczba mieszkańców na 1 pracownika socjalnego,2012,gmina,Ryglice,powiat tarnowski,1948
27,Liczba mieszkańców na 1 pracownika socjalnego,2012,gmina,Rzepiennik Strzyżewski,powiat tarnowski,2283
27,Liczba mieszkańców na 1 pracownika socjalnego,2012,gmina,Skrzyszów,powiat tarnowski,2755
27,Liczba mieszkańców na 1 pracownika socjalnego,2012,gmina,Szerzyny,powiat tarnowski,2012
27,Liczba mieszkańców na 1 pracownika socjalnego,2012,gmina,Tarnów (wieś),powiat tarnowski,2760
27,Liczba mieszkańców na 1 pracownika socjalnego,2012,gmina,Tuchów,powiat tarnowski,2016
27,Liczba mieszkańców na 1 pracownika socjalnego,2012,gmina,Wierzchosławice,powiat tarnowski,2131
27,Liczba mieszkańców na 1 pracownika socjalnego,2012,gmina,Wietrzychowice,powiat tarnowski,2022
27,Liczba mieszkańców na 1 pracownika socjalnego,2012,gmina,Wojnicz,powiat tarnowski,1901
27,Liczba mieszkańców na 1 pracownika socjalnego,2012,gmina,Zakliczyn,powiat tarnowski,2066
27,Liczba mieszkańców na 1 pracownika socjalnego,2012,gmina,Żabno,powiat tarnowski,1906
27,Liczba mieszkańców na 1 pracownika socjalnego,2012,powiat,powiat tatrzański,powiat tatrzański,1884
27,Liczba mieszkańców na 1 pracownika socjalnego,2012,gmina,Biały Dunajec,powiat tatrzański,1766
27,Liczba mieszkańców na 1 pracownika socjalnego,2012,gmina,Bukowina Tatrzańska,powiat tatrzański,2171
27,Liczba mieszkańców na 1 pracownika socjalnego,2012,gmina,Kościelisko,powiat tatrzański,1430
27,Liczba mieszkańców na 1 pracownika socjalnego,2012,gmina,Poronin,powiat tatrzański,1888
27,Liczba mieszkańców na 1 pracownika socjalnego,2012,gmina,Zakopane,powiat tatrzański,1988
27,Liczba mieszkańców na 1 pracownika socjalnego,2012,powiat,powiat wadowicki,powiat wadowicki,1984
27,Liczba mieszkańców na 1 pracownika socjalnego,2012,gmina,Andrychów,powiat wadowicki,1995
27,Liczba mieszkańców na 1 pracownika socjalnego,2012,gmina,Brzeźnica,powiat wadowicki,2008
27,Liczba mieszkańców na 1 pracownika socjalnego,2012,gmina,Kalwaria Zebrzydowska,powiat wadowicki,1803
27,Liczba mieszkańców na 1 pracownika socjalnego,2012,gmina,Lanckorona,powiat wadowicki,2056
27,Liczba mieszkańców na 1 pracownika socjalnego,2012,gmina,Mucharz,powiat wadowicki,2013
27,Liczba mieszkańców na 1 pracownika socjalnego,2012,gmina,Spytkowice,powiat wadowicki,1689
27,Liczba mieszkańców na 1 pracownika socjalnego,2012,gmina,Stryszów,powiat wadowicki,2273
27,Liczba mieszkańców na 1 pracownika socjalnego,2012,gmina,Tomice,powiat wadowicki,1936
27,Liczba mieszkańców na 1 pracownika socjalnego,2012,gmina,Wadowice,powiat wadowicki,2115
27,Liczba mieszkańców na 1 pracownika socjalnego,2012,gmina,Wieprz,powiat wadowicki,2002
27,Liczba mieszkańców na 1 pracownika socjalnego,2012,powiat,powiat wielicki,powiat wielicki,2384
27,Liczba mieszkańców na 1 pracownika socjalnego,2012,gmina,Biskupice,powiat wielicki,2370
27,Liczba mieszkańców na 1 pracownika socjalnego,2012,gmina,Gdów,powiat wielicki,2172
27,Liczba mieszkańców na 1 pracownika socjalnego,2012,gmina,Kłaj,powiat wielicki,2099
27,Liczba mieszkańców na 1 pracownika socjalnego,2012,gmina,Niepołomice,powiat wielicki,3580
27,Liczba mieszkańców na 1 pracownika socjalnego,2012,gmina,Wieliczka,powiat wielicki,2176
27,Liczba mieszkańców na 1 pracownika socjalnego,2011,powiat,powiat bocheński,powiat bocheński,2120
27,Liczba mieszkańców na 1 pracownika socjalnego,2011,gmina,Bochnia (miasto),powiat bocheński,2020
27,Liczba mieszkańców na 1 pracownika socjalnego,2011,gmina,Bochnia (wieś),powiat bocheński,2370
27,Liczba mieszkańców na 1 pracownika socjalnego,2011,gmina,Drwinia,powiat bocheński,2155
27,Liczba mieszkańców na 1 pracownika socjalnego,2011,gmina,Lipnica Murowana,powiat bocheński,1849
27,Liczba mieszkańców na 1 pracownika socjalnego,2011,gmina,Łapanów,powiat bocheński,1943
27,Liczba mieszkańców na 1 pracownika socjalnego,2011,gmina,Nowy Wiśnicz,powiat bocheński,2229
27,Liczba mieszkańców na 1 pracownika socjalnego,2011,gmina,Rzezawa,powiat bocheński,2199
27,Liczba mieszkańców na 1 pracownika socjalnego,2011,gmina,Trzciana,powiat bocheński,2628
27,Liczba mieszkańców na 1 pracownika socjalnego,2011,gmina,Żegocina,powiat bocheński,1734
27,Liczba mieszkańców na 1 pracownika socjalnego,2011,powiat,powiat brzeski,powiat brzeski,2310
27,Liczba mieszkańców na 1 pracownika socjalnego,2011,gmina,Borzęcin,powiat brzeski,1685
27,Liczba mieszkańców na 1 pracownika socjalnego,2011,gmina,Brzesko,powiat brzeski,2017
27,Liczba mieszkańców na 1 pracownika socjalnego,2011,gmina,Czchów,powiat brzeski,4804
27,Liczba mieszkańców na 1 pracownika socjalnego,2011,gmina,Dębno,powiat brzeski,2053
27,Liczba mieszkańców na 1 pracownika socjalnego,2011,gmina,Gnojnik,powiat brzeski,3850
27,Liczba mieszkańców na 1 pracownika socjalnego,2011,gmina,Iwkowa,powiat brzeski,3108
27,Liczba mieszkańców na 1 pracownika socjalnego,2011,gmina,Szczurowa,powiat brzeski,2445
27,Liczba mieszkańców na 1 pracownika socjalnego,2011,powiat,powiat chrzanowski,powiat chrzanowski,1705
27,Liczba mieszkańców na 1 pracownika socjalnego,2011,gmina,Alwernia,powiat chrzanowski,1824
27,Liczba mieszkańców na 1 pracownika socjalnego,2011,gmina,Babice,powiat chrzanowski,1284
27,Liczba mieszkańców na 1 pracownika socjalnego,2011,gmina,Chrzanów,powiat chrzanowski,1808
27,Liczba mieszkańców na 1 pracownika socjalnego,2011,gmina,Libiąż,powiat chrzanowski,1755
27,Liczba mieszkańców na 1 pracownika socjalnego,2011,gmina,Trzebinia,powiat chrzanowski,1641
27,Liczba mieszkańców na 1 pracownika socjalnego,2011,powiat,powiat dąbrowski,powiat dąbrowski,2052
27,Liczba mieszkańców na 1 pracownika socjalnego,2011,gmina,Bolesław,powiat dąbrowski,2802
27,Liczba mieszkańców na 1 pracownika socjalnego,2011,gmina,Dąbrowa Tarnowska,powiat dąbrowski,2104
27,Liczba mieszkańców na 1 pracownika socjalnego,2011,gmina,Gręboszów,powiat dąbrowski,1160
27,Liczba mieszkańców na 1 pracownika socjalnego,2011,gmina,Mędrzechów,powiat dąbrowski,3557
27,Liczba mieszkańców na 1 pracownika socjalnego,2011,gmina,Olesno,powiat dąbrowski,2620
27,Liczba mieszkańców na 1 pracownika socjalnego,2011,gmina,Radgoszcz,powiat dąbrowski,1844
27,Liczba mieszkańców na 1 pracownika socjalnego,2011,gmina,Szczucin,powiat dąbrowski,1911
27,Liczba mieszkańców na 1 pracownika socjalnego,2011,powiat,powiat gorlicki,powiat gorlicki,1791
27,Liczba mieszkańców na 1 pracownika socjalnego,2011,gmina,Biecz,powiat gorlicki,1899
27,Liczba mieszkańców na 1 pracownika socjalnego,2011,gmina,Bobowa,powiat gorlicki,1903
27,Liczba mieszkańców na 1 pracownika socjalnego,2011,gmina,Gorlice (miasto),powiat gorlicki,1912
27,Liczba mieszkańców na 1 pracownika socjalnego,2011,gmina,Gorlice (wieś),powiat gorlicki,1699
27,Liczba mieszkańców na 1 pracownika socjalnego,2011,gmina,Lipinki,powiat gorlicki,1704
27,Liczba mieszkańców na 1 pracownika socjalnego,2011,gmina,Łużna,powiat gorlicki,1672
27,Liczba mieszkańców na 1 pracownika socjalnego,2011,gmina,Moszczenica,powiat gorlicki,1625
27,Liczba mieszkańców na 1 pracownika socjalnego,2011,gmina,Ropa,powiat gorlicki,1770
27,Liczba mieszkańców na 1 pracownika socjalnego,2011,gmina,Sękowa,powiat gorlicki,1639
27,Liczba mieszkańców na 1 pracownika socjalnego,2011,gmina,Uście Gorlickie,powiat gorlicki,1667
27,Liczba mieszkańców na 1 pracownika socjalnego,2011,powiat,powiat krakowski,powiat krakowski,2112
27,Liczba mieszkańców na 1 pracownika socjalnego,2011,gmina,Czernichów,powiat krakowski,1962
27,Liczba mieszkańców na 1 pracownika socjalnego,2011,gmina,Igołomia-Wawrzeńczyce,powiat krakowski,2589
27,Liczba mieszkańców na 1 pracownika socjalnego,2011,gmina,Iwanowice,powiat krakowski,2160
27,Liczba mieszkańców na 1 pracownika socjalnego,2011,gmina,Jerzmanowice-Przeginia,powiat krakowski,2130
27,Liczba mieszkańców na 1 pracownika socjalnego,2011,gmina,Kocmyrzów-Luborzyca,powiat krakowski,2864
27,Liczba mieszkańców na 1 pracownika socjalnego,2011,gmina,Krzeszowice,powiat krakowski,2161
27,Liczba mieszkańców na 1 pracownika socjalnego,2011,gmina,Liszki,powiat krakowski,2033
27,Liczba mieszkańców na 1 pracownika socjalnego,2011,gmina,Michałowice,powiat krakowski,2339
27,Liczba mieszkańców na 1 pracownika socjalnego,2011,gmina,Mogilany,powiat krakowski,2533
27,Liczba mieszkańców na 1 pracownika socjalnego,2011,gmina,Skała,powiat krakowski,1694
27,Liczba mieszkańców na 1 pracownika socjalnego,2011,gmina,Skawina,powiat krakowski,2141
27,Liczba mieszkańców na 1 pracownika socjalnego,2011,gmina,Słomniki,powiat krakowski,1973
27,Liczba mieszkańców na 1 pracownika socjalnego,2011,gmina,Sułoszowa,powiat krakowski,1942
27,Liczba mieszkańców na 1 pracownika socjalnego,2011,gmina,Świątniki Górne,powiat krakowski,2350
27,Liczba mieszkańców na 1 pracownika socjalnego,2011,gmina,Wielka Wieś,powiat krakowski,1753
27,Liczba mieszkańców na 1 pracownika socjalnego,2011,gmina,Zabierzów,powiat krakowski,1883
27,Liczba mieszkańców na 1 pracownika socjalnego,2011,gmina,Zielonki,powiat krakowski,2116
27,Liczba mieszkańców na 1 pracownika socjalnego,2011,powiat,powiat limanowski,powiat limanowski,1930
27,Liczba mieszkańców na 1 pracownika socjalnego,2011,gmina,Dobra,powiat limanowski,2432
27,Liczba mieszkańców na 1 pracownika socjalnego,2011,gmina,Jodłownik,powiat limanowski,2073
27,Liczba mieszkańców na 1 pracownika socjalnego,2011,gmina,Kamienica,powiat limanowski,1916
27,Liczba mieszkańców na 1 pracownika socjalnego,2011,gmina,Laskowa,powiat limanowski,1565
27,Liczba mieszkańców na 1 pracownika socjalnego,2011,gmina,Limanowa (miasto),powiat limanowski,1890
27,Liczba mieszkańców na 1 pracownika socjalnego,2011,gmina,Limanowa (wieś),powiat limanowski,2014
27,Liczba mieszkańców na 1 pracownika socjalnego,2011,gmina,Łukowica,powiat limanowski,1936
27,Liczba mieszkańców na 1 pracownika socjalnego,2011,gmina,Mszana Dolna (miasto),powiat limanowski,1958
27,Liczba mieszkańców na 1 pracownika socjalnego,2011,gmina,Mszana Dolna (wieś),powiat limanowski,2146
27,Liczba mieszkańców na 1 pracownika socjalnego,2011,gmina,Niedźwiedź,powiat limanowski,1788
27,Liczba mieszkańców na 1 pracownika socjalnego,2011,gmina,Słopnice,powiat limanowski,1266
27,Liczba mieszkańców na 1 pracownika socjalnego,2011,gmina,Tymbark,powiat limanowski,2142
27,Liczba mieszkańców na 1 pracownika socjalnego,2011,powiat,powiat m. Kraków,powiat m. Kraków,1927
27,Liczba mieszkańców na 1 pracownika socjalnego,2011,powiat,powiat m. Nowy Sącz,powiat m. Nowy Sącz,1794
27,Liczba mieszkańców na 1 pracownika socjalnego,2011,powiat,powiat m. Tarnów,powiat m. Tarnów,1775
27,Liczba mieszkańców na 1 pracownika socjalnego,2011,powiat,powiat miechowski,powiat miechowski,1735
27,Liczba mieszkańców na 1 pracownika socjalnego,2011,gmina,Charsznica,powiat miechowski,1923
27,Liczba mieszkańców na 1 pracownika socjalnego,2011,gmina,Gołcza,powiat miechowski,2081
27,Liczba mieszkańców na 1 pracownika socjalnego,2011,gmina,Kozłów,powiat miechowski,1200
27,Liczba mieszkańców na 1 pracownika socjalnego,2011,gmina,Książ Wielki,powiat miechowski,1779
27,Liczba mieszkańców na 1 pracownika socjalnego,2011,gmina,Miechów,powiat miechowski,2000
27,Liczba mieszkańców na 1 pracownika socjalnego,2011,gmina,Racławice,powiat miechowski,1248
27,Liczba mieszkańców na 1 pracownika socjalnego,2011,gmina,Słaboszów,powiat miechowski,1253
27,Liczba mieszkańców na 1 pracownika socjalnego,2011,powiat,powiat myślenicki,powiat myślenicki,1977
27,Liczba mieszkańców na 1 pracownika socjalnego,2011,gmina,Dobczyce,powiat myślenicki,1857
27,Liczba mieszkańców na 1 pracownika socjalnego,2011,gmina,Lubień,powiat myślenicki,1956
27,Liczba mieszkańców na 1 pracownika socjalnego,2011,gmina,Myślenice,powiat myślenicki,2136
27,Liczba mieszkańców na 1 pracownika socjalnego,2011,gmina,Pcim,powiat myślenicki,2162
27,Liczba mieszkańców na 1 pracownika socjalnego,2011,gmina,Raciechowice,powiat myślenicki,2023
27,Liczba mieszkańców na 1 pracownika socjalnego,2011,gmina,Siepraw,powiat myślenicki,2080
27,Liczba mieszkańców na 1 pracownika socjalnego,2011,gmina,Sułkowice,powiat myślenicki,1442
27,Liczba mieszkańców na 1 pracownika socjalnego,2011,gmina,Tokarnia,powiat myślenicki,2134
27,Liczba mieszkańców na 1 pracownika socjalnego,2011,gmina,Wiśniowa,powiat myślenicki,2367
27,Liczba mieszkańców na 1 pracownika socjalnego,2011,powiat,powiat nowosądecki,powiat nowosądecki,2197
27,Liczba mieszkańców na 1 pracownika socjalnego,2011,gmina,Podegrodzie,powiat nowosądecki,2479
27,Liczba mieszkańców na 1 pracownika socjalnego,2011,gmina,Rytro,powiat nowosądecki,1906
27,Liczba mieszkańców na 1 pracownika socjalnego,2011,gmina,Stary Sącz,powiat nowosądecki,2107
27,Liczba mieszkańców na 1 pracownika socjalnego,2011,gmina,Chełmiec,powiat nowosądecki,2045
27,Liczba mieszkańców na 1 pracownika socjalnego,2011,gmina,Gródek nad Dunajcem,powiat nowosądecki,2289
27,Liczba mieszkańców na 1 pracownika socjalnego,2011,gmina,Grybów (miasto),powiat nowosądecki,2071
27,Liczba mieszkańców na 1 pracownika socjalnego,2011,gmina,Grybów (wieś),powiat nowosądecki,3434
27,Liczba mieszkańców na 1 pracownika socjalnego,2011,gmina,Kamionka Wielka,powiat nowosądecki,1632
27,Liczba mieszkańców na 1 pracownika socjalnego,2011,gmina,Korzenna,powiat nowosądecki,1992
27,Liczba mieszkańców na 1 pracownika socjalnego,2011,gmina,Krynica-Zdrój,powiat nowosądecki,2131
27,Liczba mieszkańców na 1 pracownika socjalnego,2011,gmina,Łabowa,powiat nowosądecki,1892
27,Liczba mieszkańców na 1 pracownika socjalnego,2011,gmina,Łącko,powiat nowosądecki,1972
27,Liczba mieszkańców na 1 pracownika socjalnego,2011,gmina,Łososina Dolna,powiat nowosądecki,2103
27,Liczba mieszkańców na 1 pracownika socjalnego,2011,gmina,Muszyna,powiat nowosądecki,2339
27,Liczba mieszkańców na 1 pracownika socjalnego,2011,gmina,Nawojowa,powiat nowosądecki,2047
27,Liczba mieszkańców na 1 pracownika socjalnego,2011,gmina,Piwniczna-Zdrój,powiat nowosądecki,2673
27,Liczba mieszkańców na 1 pracownika socjalnego,2011,powiat,powiat nowotarski,powiat nowotarski,2300
27,Liczba mieszkańców na 1 pracownika socjalnego,2011,gmina,Czarny Dunajec,powiat nowotarski,4392
27,Liczba mieszkańców na 1 pracownika socjalnego,2011,gmina,Czorsztyn,powiat nowotarski,2474
27,Liczba mieszkańców na 1 pracownika socjalnego,2011,gmina,Jabłonka,powiat nowotarski,2222
27,Liczba mieszkańców na 1 pracownika socjalnego,2011,gmina,Krościenko nad Dunajcem,powiat nowotarski,2226
27,Liczba mieszkańców na 1 pracownika socjalnego,2011,gmina,Lipnica Wielka,powiat nowotarski,1976
27,Liczba mieszkańców na 1 pracownika socjalnego,2011,gmina,Łapsze Niżne,powiat nowotarski,3029
27,Liczba mieszkańców na 1 pracownika socjalnego,2011,gmina,Nowy Targ (miasto),powiat nowotarski,2414
27,Liczba mieszkańców na 1 pracownika socjalnego,2011,gmina,Nowy Targ (wieś),powiat nowotarski,2589
27,Liczba mieszkańców na 1 pracownika socjalnego,2011,gmina,Ochotnica Dolna,powiat nowotarski,2074
27,Liczba mieszkańców na 1 pracownika socjalnego,2011,gmina,Raba Wyżna,powiat nowotarski,1797
27,Liczba mieszkańców na 1 pracownika socjalnego,2011,gmina,Rabka-Zdrój,powiat nowotarski,1945
27,Liczba mieszkańców na 1 pracownika socjalnego,2011,gmina,Spytkowice,powiat nowotarski,1086
27,Liczba mieszkańców na 1 pracownika socjalnego,2011,gmina,Szaflary,powiat nowotarski,2139
27,Liczba mieszkańców na 1 pracownika socjalnego,2011,gmina,Szczawnica,powiat nowotarski,1858
27,Liczba mieszkańców na 1 pracownika socjalnego,2011,powiat,powiat olkuski,powiat olkuski,1820
27,Liczba mieszkańców na 1 pracownika socjalnego,2011,gmina,Bolesław,powiat olkuski,1972
27,Liczba mieszkańców na 1 pracownika socjalnego,2011,gmina,Bukowno,powiat olkuski,1750
27,Liczba mieszkańców na 1 pracownika socjalnego,2011,gmina,Klucze,powiat olkuski,1702
27,Liczba mieszkańców na 1 pracownika socjalnego,2011,gmina,Olkusz,powiat olkuski,1865
27,Liczba mieszkańców na 1 pracownika socjalnego,2011,gmina,Trzyciąż,powiat olkuski,1779
27,Liczba mieszkańców na 1 pracownika socjalnego,2011,gmina,Wolbrom,powiat olkuski,1808
27,Liczba mieszkańców na 1 pracownika socjalnego,2011,powiat,powiat oświęcimski,powiat oświęcimski,1939
27,Liczba mieszkańców na 1 pracownika socjalnego,2011,gmina,Brzeszcze,powiat oświęcimski,1809
27,Liczba mieszkańców na 1 pracownika socjalnego,2011,gmina,Chełmek,powiat oświęcimski,1871
27,Liczba mieszkańców na 1 pracownika socjalnego,2011,gmina,Kęty,powiat oświęcimski,2138
27,Liczba mieszkańców na 1 pracownika socjalnego,2011,gmina,Osiek,powiat oświęcimski,2018
27,Liczba mieszkańców na 1 pracownika socjalnego,2011,gmina,Oświęcim (miasto),powiat oświęcimski,1824
27,Liczba mieszkańców na 1 pracownika socjalnego,2011,gmina,Oświęcim (wieś),powiat oświęcimski,1960
27,Liczba mieszkańców na 1 pracownika socjalnego,2011,gmina,Polanka Wielka,powiat oświęcimski,1419
27,Liczba mieszkańców na 1 pracownika socjalnego,2011,gmina,Przeciszów,powiat oświęcimski,3372
27,Liczba mieszkańców na 1 pracownika socjalnego,2011,gmina,Zator,powiat oświęcimski,1845
27,Liczba mieszkańców na 1 pracownika socjalnego,2011,powiat,powiat proszowicki,powiat proszowicki,2000
27,Liczba mieszkańców na 1 pracownika socjalnego,2011,gmina,Koniusza,powiat proszowicki,2933
27,Liczba mieszkańców na 1 pracownika socjalnego,2011,gmina,Koszyce,powiat proszowicki,1910
27,Liczba mieszkańców na 1 pracownika socjalnego,2011,gmina,Nowe Brzesko,powiat proszowicki,1939
27,Liczba mieszkańców na 1 pracownika socjalnego,2011,gmina,Pałecznica,powiat proszowicki,1228
27,Liczba mieszkańców na 1 pracownika socjalnego,2011,gmina,Proszowice,powiat proszowicki,2062
27,Liczba mieszkańców na 1 pracownika socjalnego,2011,gmina,Radziemice,powiat proszowicki,1734
27,Liczba mieszkańców na 1 pracownika socjalnego,2011,powiat,powiat suski,powiat suski,2000
27,Liczba mieszkańców na 1 pracownika socjalnego,2011,gmina,Budzów,powiat suski,2162
27,Liczba mieszkańców na 1 pracownika socjalnego,2011,gmina,Bystra-Sidzina,powiat suski,3373
27,Liczba mieszkańców na 1 pracownika socjalnego,2011,gmina,Jordanów (miasto),powiat suski,1770
27,Liczba mieszkańców na 1 pracownika socjalnego,2011,gmina,Jordanów (wieś),powiat suski,2167
27,Liczba mieszkańców na 1 pracownika socjalnego,2011,gmina,Maków Podhalański,powiat suski,1637
27,Liczba mieszkańców na 1 pracownika socjalnego,2011,gmina,Stryszawa,powiat suski,1964
27,Liczba mieszkańców na 1 pracownika socjalnego,2011,gmina,Sucha Beskidzka,powiat suski,1907
27,Liczba mieszkańców na 1 pracownika socjalnego,2011,gmina,Zawoja,powiat suski,2279
27,Liczba mieszkańców na 1 pracownika socjalnego,2011,gmina,Zembrzyce,powiat suski,1890
27,Liczba mieszkańców na 1 pracownika socjalnego,2011,powiat,powiat tarnowski,powiat tarnowski,2228
27,Liczba mieszkańców na 1 pracownika socjalnego,2011,gmina,Ciężkowice,powiat tarnowski,2246
27,Liczba mieszkańców na 1 pracownika socjalnego,2011,gmina,Gromnik,powiat tarnowski,2177
27,Liczba mieszkańców na 1 pracownika socjalnego,2011,gmina,Lisia Góra,powiat tarnowski,2900
27,Liczba mieszkańców na 1 pracownika socjalnego,2011,gmina,Pleśna,powiat tarnowski,2359
27,Liczba mieszkańców na 1 pracownika socjalnego,2011,gmina,Radłów,powiat tarnowski,1956
27,Liczba mieszkańców na 1 pracownika socjalnego,2011,gmina,Ryglice,powiat tarnowski,2342
27,Liczba mieszkańców na 1 pracownika socjalnego,2011,gmina,Rzepiennik Strzyżewski,powiat tarnowski,2273
27,Liczba mieszkańców na 1 pracownika socjalnego,2011,gmina,Skrzyszów,powiat tarnowski,2737
27,Liczba mieszkańców na 1 pracownika socjalnego,2011,gmina,Szerzyny,powiat tarnowski,2016
27,Liczba mieszkańców na 1 pracownika socjalnego,2011,gmina,Tarnów (wieś),powiat tarnowski,2727
27,Liczba mieszkańców na 1 pracownika socjalnego,2011,gmina,Tuchów,powiat tarnowski,2007
27,Liczba mieszkańców na 1 pracownika socjalnego,2011,gmina,Wierzchosławice,powiat tarnowski,2126
27,Liczba mieszkańców na 1 pracownika socjalnego,2011,gmina,Wietrzychowice,powiat tarnowski,2046
27,Liczba mieszkańców na 1 pracownika socjalnego,2011,gmina,Wojnicz,powiat tarnowski,1891
27,Liczba mieszkańców na 1 pracownika socjalnego,2011,gmina,Zakliczyn,powiat tarnowski,2063
27,Liczba mieszkańców na 1 pracownika socjalnego,2011,gmina,Żabno,powiat tarnowski,1904
27,Liczba mieszkańców na 1 pracownika socjalnego,2011,powiat,powiat tatrzański,powiat tatrzański,2114
27,Liczba mieszkańców na 1 pracownika socjalnego,2011,gmina,Biały Dunajec,powiat tatrzański,1762
27,Liczba mieszkańców na 1 pracownika socjalnego,2011,gmina,Bukowina Tatrzańska,powiat tatrzański,2594
27,Liczba mieszkańców na 1 pracownika socjalnego,2011,gmina,Kościelisko,powiat tatrzański,2831
27,Liczba mieszkańców na 1 pracownika socjalnego,2011,gmina,Poronin,powiat tatrzański,1874
27,Liczba mieszkańców na 1 pracownika socjalnego,2011,gmina,Zakopane,powiat tatrzański,1991
27,Liczba mieszkańców na 1 pracownika socjalnego,2011,powiat,powiat wadowicki,powiat wadowicki,1955
27,Liczba mieszkańców na 1 pracownika socjalnego,2011,gmina,Andrychów,powiat wadowicki,1995
27,Liczba mieszkańców na 1 pracownika socjalnego,2011,gmina,Brzeźnica,powiat wadowicki,1995
27,Liczba mieszkańców na 1 pracownika socjalnego,2011,gmina,Kalwaria Zebrzydowska,powiat wadowicki,1646
27,Liczba mieszkańców na 1 pracownika socjalnego,2011,gmina,Lanckorona,powiat wadowicki,2046
27,Liczba mieszkańców na 1 pracownika socjalnego,2011,gmina,Mucharz,powiat wadowicki,1995
27,Liczba mieszkańców na 1 pracownika socjalnego,2011,gmina,Spytkowice,powiat wadowicki,2024
27,Liczba mieszkańców na 1 pracownika socjalnego,2011,gmina,Stryszów,powiat wadowicki,2265
27,Liczba mieszkańców na 1 pracownika socjalnego,2011,gmina,Tomice,powiat wadowicki,1540
27,Liczba mieszkańców na 1 pracownika socjalnego,2011,gmina,Wadowice,powiat wadowicki,2112
27,Liczba mieszkańców na 1 pracownika socjalnego,2011,gmina,Wieprz,powiat wadowicki,1995
27,Liczba mieszkańców na 1 pracownika socjalnego,2011,powiat,powiat wielicki,powiat wielicki,2354
27,Liczba mieszkańców na 1 pracownika socjalnego,2011,gmina,Biskupice,powiat wielicki,2337
27,Liczba mieszkańców na 1 pracownika socjalnego,2011,gmina,Gdów,powiat wielicki,2458
27,Liczba mieszkańców na 1 pracownika socjalnego,2011,gmina,Kłaj,powiat wielicki,2088
27,Liczba mieszkańców na 1 pracownika socjalnego,2011,gmina,Niepołomice,powiat wielicki,4938
27,Liczba mieszkańców na 1 pracownika socjalnego,2011,gmina,Wieliczka,powiat wielicki,1917
27,Liczba mieszkańców na 1 pracownika socjalnego,2010,powiat,powiat bocheński,powiat bocheński,2151
27,Liczba mieszkańców na 1 pracownika socjalnego,2010,gmina,Bochnia (miasto),powiat bocheński,2011
27,Liczba mieszkańców na 1 pracownika socjalnego,2010,gmina,Bochnia (wieś),powiat bocheński,2683
27,Liczba mieszkańców na 1 pracownika socjalnego,2010,gmina,Drwinia,powiat bocheński,2153
27,Liczba mieszkańców na 1 pracownika socjalnego,2010,gmina,Lipnica Murowana,powiat bocheński,1845
27,Liczba mieszkańców na 1 pracownika socjalnego,2010,gmina,Łapanów,powiat bocheński,2570
27,Liczba mieszkańców na 1 pracownika socjalnego,2010,gmina,Nowy Wiśnicz,powiat bocheński,1896
27,Liczba mieszkańców na 1 pracownika socjalnego,2010,gmina,Rzezawa,powiat bocheński,2188
27,Liczba mieszkańców na 1 pracownika socjalnego,2010,gmina,Trzciana,powiat bocheński,2597
27,Liczba mieszkańców na 1 pracownika socjalnego,2010,gmina,Żegocina,powiat bocheński,1724
27,Liczba mieszkańców na 1 pracownika socjalnego,2010,powiat,powiat brzeski,powiat brzeski,2250
27,Liczba mieszkańców na 1 pracownika socjalnego,2010,gmina,Borzęcin,powiat brzeski,1684
27,Liczba mieszkańców na 1 pracownika socjalnego,2010,gmina,Brzesko,powiat brzeski,2017
27,Liczba mieszkańców na 1 pracownika socjalnego,2010,gmina,Czchów,powiat brzeski,4770
27,Liczba mieszkańców na 1 pracownika socjalnego,2010,gmina,Dębno,powiat brzeski,2045
27,Liczba mieszkańców na 1 pracownika socjalnego,2010,gmina,Gnojnik,powiat brzeski,3830
27,Liczba mieszkańców na 1 pracownika socjalnego,2010,gmina,Iwkowa,powiat brzeski,3102
27,Liczba mieszkańców na 1 pracownika socjalnego,2010,gmina,Szczurowa,powiat brzeski,1958
27,Liczba mieszkańców na 1 pracownika socjalnego,2010,powiat,powiat chrzanowski,powiat chrzanowski,1708
27,Liczba mieszkańców na 1 pracownika socjalnego,2010,gmina,Alwernia,powiat chrzanowski,2121
27,Liczba mieszkańców na 1 pracownika socjalnego,2010,gmina,Babice,powiat chrzanowski,1120
27,Liczba mieszkańców na 1 pracownika socjalnego,2010,gmina,Chrzanów,powiat chrzanowski,1888
27,Liczba mieszkańców na 1 pracownika socjalnego,2010,gmina,Libiąż,powiat chrzanowski,1758
27,Liczba mieszkańców na 1 pracownika socjalnego,2010,gmina,Trzebinia,powiat chrzanowski,1568
27,Liczba mieszkańców na 1 pracownika socjalnego,2010,powiat,powiat dąbrowski,powiat dąbrowski,2125
27,Liczba mieszkańców na 1 pracownika socjalnego,2010,gmina,Bolesław,powiat dąbrowski,2843
27,Liczba mieszkańców na 1 pracownika socjalnego,2010,gmina,Dąbrowa Tarnowska,powiat dąbrowski,2332
27,Liczba mieszkańców na 1 pracownika socjalnego,2010,gmina,Gręboszów,powiat dąbrowski,1171
27,Liczba mieszkańców na 1 pracownika socjalnego,2010,gmina,Mędrzechów,powiat dąbrowski,3571
27,Liczba mieszkańców na 1 pracownika socjalnego,2010,gmina,Olesno,powiat dąbrowski,2616
27,Liczba mieszkańców na 1 pracownika socjalnego,2010,gmina,Radgoszcz,powiat dąbrowski,1840
27,Liczba mieszkańców na 1 pracownika socjalnego,2010,gmina,Szczucin,powiat dąbrowski,1912
27,Liczba mieszkańców na 1 pracownika socjalnego,2010,powiat,powiat gorlicki,powiat gorlicki,1790
27,Liczba mieszkańców na 1 pracownika socjalnego,2010,gmina,Biecz,powiat gorlicki,1898
27,Liczba mieszkańców na 1 pracownika socjalnego,2010,gmina,Bobowa,powiat gorlicki,1901
27,Liczba mieszkańców na 1 pracownika socjalnego,2010,gmina,Gorlice (miasto),powiat gorlicki,1924
27,Liczba mieszkańców na 1 pracownika socjalnego,2010,gmina,Gorlice (wieś),powiat gorlicki,1691
27,Liczba mieszkańców na 1 pracownika socjalnego,2010,gmina,Lipinki,powiat gorlicki,1706
27,Liczba mieszkańców na 1 pracownika socjalnego,2010,gmina,Łużna,powiat gorlicki,1669
27,Liczba mieszkańców na 1 pracownika socjalnego,2010,gmina,Moszczenica,powiat gorlicki,1621
27,Liczba mieszkańców na 1 pracownika socjalnego,2010,gmina,Ropa,powiat gorlicki,1758
27,Liczba mieszkańców na 1 pracownika socjalnego,2010,gmina,Sękowa,powiat gorlicki,1630
27,Liczba mieszkańców na 1 pracownika socjalnego,2010,gmina,Uście Gorlickie,powiat gorlicki,1656
27,Liczba mieszkańców na 1 pracownika socjalnego,2010,powiat,powiat krakowski,powiat krakowski,2143
27,Liczba mieszkańców na 1 pracownika socjalnego,2010,gmina,Czernichów,powiat krakowski,1948
27,Liczba mieszkańców na 1 pracownika socjalnego,2010,gmina,Igołomia-Wawrzeńczyce,powiat krakowski,2593
27,Liczba mieszkańców na 1 pracownika socjalnego,2010,gmina,Iwanowice,powiat krakowski,2139
27,Liczba mieszkańców na 1 pracownika socjalnego,2010,gmina,Jerzmanowice-Przeginia,powiat krakowski,1772
27,Liczba mieszkańców na 1 pracownika socjalnego,2010,gmina,Kocmyrzów-Luborzyca,powiat krakowski,2350
27,Liczba mieszkańców na 1 pracownika socjalnego,2010,gmina,Krzeszowice,powiat krakowski,2151
27,Liczba mieszkańców na 1 pracownika socjalnego,2010,gmina,Liszki,powiat krakowski,2019
27,Liczba mieszkańców na 1 pracownika socjalnego,2010,gmina,Michałowice,powiat krakowski,2298
27,Liczba mieszkańców na 1 pracownika socjalnego,2010,gmina,Mogilany,powiat krakowski,2489
27,Liczba mieszkańców na 1 pracownika socjalnego,2010,gmina,Skała,powiat krakowski,2006
27,Liczba mieszkańców na 1 pracownika socjalnego,2010,gmina,Skawina,powiat krakowski,2372
27,Liczba mieszkańców na 1 pracownika socjalnego,2010,gmina,Słomniki,powiat krakowski,1974
27,Liczba mieszkańców na 1 pracownika socjalnego,2010,gmina,Sułoszowa,powiat krakowski,1946
27,Liczba mieszkańców na 1 pracownika socjalnego,2010,gmina,Świątniki Górne,powiat krakowski,2320
27,Liczba mieszkańców na 1 pracownika socjalnego,2010,gmina,Wielka Wieś,powiat krakowski,1720
27,Liczba mieszkańców na 1 pracownika socjalnego,2010,gmina,Zabierzów,powiat krakowski,2011
27,Liczba mieszkańców na 1 pracownika socjalnego,2010,gmina,Zielonki,powiat krakowski,2300
27,Liczba mieszkańców na 1 pracownika socjalnego,2010,powiat,powiat limanowski,powiat limanowski,2012
27,Liczba mieszkańców na 1 pracownika socjalnego,2010,gmina,Dobra,powiat limanowski,2416
27,Liczba mieszkańców na 1 pracownika socjalnego,2010,gmina,Jodłownik,powiat limanowski,2070
27,Liczba mieszkańców na 1 pracownika socjalnego,2010,gmina,Kamienica,powiat limanowski,2544
27,Liczba mieszkańców na 1 pracownika socjalnego,2010,gmina,Laskowa,powiat limanowski,1950
27,Liczba mieszkańców na 1 pracownika socjalnego,2010,gmina,Limanowa (miasto),powiat limanowski,1896
27,Liczba mieszkańców na 1 pracownika socjalnego,2010,gmina,Limanowa (wieś),powiat limanowski,1998
27,Liczba mieszkańców na 1 pracownika socjalnego,2010,gmina,Łukowica,powiat limanowski,1927
27,Liczba mieszkańców na 1 pracownika socjalnego,2010,gmina,Mszana Dolna (miasto),powiat limanowski,1949
27,Liczba mieszkańców na 1 pracownika socjalnego,2010,gmina,Mszana Dolna (wieś),powiat limanowski,2430
27,Liczba mieszkańców na 1 pracownika socjalnego,2010,gmina,Niedźwiedź,powiat limanowski,1780
27,Liczba mieszkańców na 1 pracownika socjalnego,2010,gmina,Słopnice,powiat limanowski,1254
27,Liczba mieszkańców na 1 pracownika socjalnego,2010,gmina,Tymbark,powiat limanowski,2133
27,Liczba mieszkańców na 1 pracownika socjalnego,2010,powiat,powiat m. Kraków,powiat m. Kraków,1958
27,Liczba mieszkańców na 1 pracownika socjalnego,2010,powiat,powiat m. Nowy Sącz,powiat m. Nowy Sącz,1834
27,Liczba mieszkańców na 1 pracownika socjalnego,2010,powiat,powiat m. Tarnów,powiat m. Tarnów,1757
27,Liczba mieszkańców na 1 pracownika socjalnego,2010,powiat,powiat miechowski,powiat miechowski,1874
27,Liczba mieszkańców na 1 pracownika socjalnego,2010,gmina,Charsznica,powiat miechowski,1937
27,Liczba mieszkańców na 1 pracownika socjalnego,2010,gmina,Gołcza,powiat miechowski,3124
27,Liczba mieszkańców na 1 pracownika socjalnego,2010,gmina,Kozłów,powiat miechowski,1217
27,Liczba mieszkańców na 1 pracownika socjalnego,2010,gmina,Książ Wielki,powiat miechowski,1785
27,Liczba mieszkańców na 1 pracownika socjalnego,2010,gmina,Miechów,powiat miechowski,2005
27,Liczba mieszkańców na 1 pracownika socjalnego,2010,gmina,Racławice,powiat miechowski,1259
27,Liczba mieszkańców na 1 pracownika socjalnego,2010,gmina,Słaboszów,powiat miechowski,1898
27,Liczba mieszkańców na 1 pracownika socjalnego,2010,powiat,powiat myślenicki,powiat myślenicki,2027
27,Liczba mieszkańców na 1 pracownika socjalnego,2010,gmina,Dobczyce,powiat myślenicki,1836
27,Liczba mieszkańców na 1 pracownika socjalnego,2010,gmina,Lubień,powiat myślenicki,1942
27,Liczba mieszkańców na 1 pracownika socjalnego,2010,gmina,Myślenice,powiat myślenicki,2235
27,Liczba mieszkańców na 1 pracownika socjalnego,2010,gmina,Pcim,powiat myślenicki,2154
27,Liczba mieszkańców na 1 pracownika socjalnego,2010,gmina,Raciechowice,powiat myślenicki,2006
27,Liczba mieszkańców na 1 pracownika socjalnego,2010,gmina,Siepraw,powiat myślenicki,2052
27,Liczba mieszkańców na 1 pracownika socjalnego,2010,gmina,Sułkowice,powiat myślenicki,1429
27,Liczba mieszkańców na 1 pracownika socjalnego,2010,gmina,Tokarnia,powiat myślenicki,2824
27,Liczba mieszkańców na 1 pracownika socjalnego,2010,gmina,Wiśniowa,powiat myślenicki,2342
27,Liczba mieszkańców na 1 pracownika socjalnego,2010,powiat,powiat nowosądecki,powiat nowosądecki,2207
27,Liczba mieszkańców na 1 pracownika socjalnego,2010,gmina,Podegrodzie,powiat nowosądecki,3064
27,Liczba mieszkańców na 1 pracownika socjalnego,2010,gmina,Rytro,powiat nowosądecki,1886
27,Liczba mieszkańców na 1 pracownika socjalnego,2010,gmina,Stary Sącz,powiat nowosądecki,2097
27,Liczba mieszkańców na 1 pracownika socjalnego,2010,gmina,Chełmiec,powiat nowosądecki,2022
27,Liczba mieszkańców na 1 pracownika socjalnego,2010,gmina,Gródek nad Dunajcem,powiat nowosądecki,2275
27,Liczba mieszkańców na 1 pracownika socjalnego,2010,gmina,Grybów (miasto),powiat nowosądecki,2091
27,Liczba mieszkańców na 1 pracownika socjalnego,2010,gmina,Grybów (wieś),powiat nowosądecki,3401
27,Liczba mieszkańców na 1 pracownika socjalnego,2010,gmina,Kamionka Wielka,powiat nowosądecki,1943
27,Liczba mieszkańców na 1 pracownika socjalnego,2010,gmina,Korzenna,powiat nowosądecki,1975
27,Liczba mieszkańców na 1 pracownika socjalnego,2010,gmina,Krynica-Zdrój,powiat nowosądecki,2145
27,Liczba mieszkańców na 1 pracownika socjalnego,2010,gmina,Łabowa,powiat nowosądecki,1862
27,Liczba mieszkańców na 1 pracownika socjalnego,2010,gmina,Łącko,powiat nowosądecki,1964
27,Liczba mieszkańców na 1 pracownika socjalnego,2010,gmina,Łososina Dolna,powiat nowosądecki,2086
27,Liczba mieszkańców na 1 pracownika socjalnego,2010,gmina,Muszyna,powiat nowosądecki,2331
27,Liczba mieszkańców na 1 pracownika socjalnego,2010,gmina,Nawojowa,powiat nowosądecki,2036
27,Liczba mieszkańców na 1 pracownika socjalnego,2010,gmina,Piwniczna-Zdrój,powiat nowosądecki,2138
27,Liczba mieszkańców na 1 pracownika socjalnego,2010,powiat,powiat nowotarski,powiat nowotarski,2349
27,Liczba mieszkańców na 1 pracownika socjalnego,2010,gmina,Czarny Dunajec,powiat nowotarski,4377
27,Liczba mieszkańców na 1 pracownika socjalnego,2010,gmina,Czorsztyn,powiat nowotarski,2458
27,Liczba mieszkańców na 1 pracownika socjalnego,2010,gmina,Jabłonka,powiat nowotarski,2527
27,Liczba mieszkańców na 1 pracownika socjalnego,2010,gmina,Krościenko nad Dunajcem,powiat nowotarski,2206
27,Liczba mieszkańców na 1 pracownika socjalnego,2010,gmina,Lipnica Wielka,powiat nowotarski,1965
27,Liczba mieszkańców na 1 pracownika socjalnego,2010,gmina,Łapsze Niżne,powiat nowotarski,3014
27,Liczba mieszkańców na 1 pracownika socjalnego,2010,gmina,Nowy Targ (miasto),powiat nowotarski,2601
27,Liczba mieszkańców na 1 pracownika socjalnego,2010,gmina,Nowy Targ (wieś),powiat nowotarski,2573
27,Liczba mieszkańców na 1 pracownika socjalnego,2010,gmina,Ochotnica Dolna,powiat nowotarski,2060
27,Liczba mieszkańców na 1 pracownika socjalnego,2010,gmina,Raba Wyżna,powiat nowotarski,1786
27,Liczba mieszkańców na 1 pracownika socjalnego,2010,gmina,Rabka-Zdrój,powiat nowotarski,1951
27,Liczba mieszkańców na 1 pracownika socjalnego,2010,gmina,Spytkowice,powiat nowotarski,1088
27,Liczba mieszkańców na 1 pracownika socjalnego,2010,gmina,Szaflary,powiat nowotarski,2119
27,Liczba mieszkańców na 1 pracownika socjalnego,2010,gmina,Szczawnica,powiat nowotarski,1856
27,Liczba mieszkańców na 1 pracownika socjalnego,2010,powiat,powiat olkuski,powiat olkuski,1854
27,Liczba mieszkańców na 1 pracownika socjalnego,2010,gmina,Bolesław,powiat olkuski,1978
27,Liczba mieszkańców na 1 pracownika socjalnego,2010,gmina,Bukowno,powiat olkuski,1755
27,Liczba mieszkańców na 1 pracownika socjalnego,2010,gmina,Klucze,powiat olkuski,1698
27,Liczba mieszkańców na 1 pracownika socjalnego,2010,gmina,Olkusz,powiat olkuski,1871
27,Liczba mieszkańców na 1 pracownika socjalnego,2010,gmina,Trzyciąż,powiat olkuski,1780
27,Liczba mieszkańców na 1 pracownika socjalnego,2010,gmina,Wolbrom,powiat olkuski,1964
27,Liczba mieszkańców na 1 pracownika socjalnego,2010,powiat,powiat oświęcimski,powiat oświęcimski,2014
27,Liczba mieszkańców na 1 pracownika socjalnego,2010,gmina,Brzeszcze,powiat oświęcimski,1810
27,Liczba mieszkańców na 1 pracownika socjalnego,2010,gmina,Chełmek,powiat oświęcimski,1867
27,Liczba mieszkańców na 1 pracownika socjalnego,2010,gmina,Kęty,powiat oświęcimski,2273
27,Liczba mieszkańców na 1 pracownika socjalnego,2010,gmina,Osiek,powiat oświęcimski,2013
27,Liczba mieszkańców na 1 pracownika socjalnego,2010,gmina,Oświęcim (miasto),powiat oświęcimski,1840
27,Liczba mieszkańców na 1 pracownika socjalnego,2010,gmina,Oświęcim (wieś),powiat oświęcimski,1941
27,Liczba mieszkańców na 1 pracownika socjalnego,2010,gmina,Polanka Wielka,powiat oświęcimski,2125
27,Liczba mieszkańców na 1 pracownika socjalnego,2010,gmina,Przeciszów,powiat oświęcimski,3388
27,Liczba mieszkańców na 1 pracownika socjalnego,2010,gmina,Zator,powiat oświęcimski,2301
27,Liczba mieszkańców na 1 pracownika socjalnego,2010,powiat,powiat proszowicki,powiat proszowicki,1999
27,Liczba mieszkańców na 1 pracownika socjalnego,2010,gmina,Koniusza,powiat proszowicki,2929
27,Liczba mieszkańców na 1 pracownika socjalnego,2010,gmina,Koszyce,powiat proszowicki,1912
27,Liczba mieszkańców na 1 pracownika socjalnego,2010,gmina,Nowe Brzesko,powiat proszowicki,1930
27,Liczba mieszkańców na 1 pracownika socjalnego,2010,gmina,Pałecznica,powiat proszowicki,1230
27,Liczba mieszkańców na 1 pracownika socjalnego,2010,gmina,Proszowice,powiat proszowicki,2064
27,Liczba mieszkańców na 1 pracownika socjalnego,2010,gmina,Radziemice,powiat proszowicki,1734
27,Liczba mieszkańców na 1 pracownika socjalnego,2010,powiat,powiat suski,powiat suski,1997
27,Liczba mieszkańców na 1 pracownika socjalnego,2010,gmina,Budzów,powiat suski,2150
27,Liczba mieszkańców na 1 pracownika socjalnego,2010,gmina,Bystra-Sidzina,powiat suski,3346
27,Liczba mieszkańców na 1 pracownika socjalnego,2010,gmina,Jordanów (miasto),powiat suski,1762
27,Liczba mieszkańców na 1 pracownika socjalnego,2010,gmina,Jordanów (wieś),powiat suski,2157
27,Liczba mieszkańców na 1 pracownika socjalnego,2010,gmina,Maków Podhalański,powiat suski,1634
27,Liczba mieszkańców na 1 pracownika socjalnego,2010,gmina,Stryszawa,powiat suski,1969
27,Liczba mieszkańców na 1 pracownika socjalnego,2010,gmina,Sucha Beskidzka,powiat suski,1915
27,Liczba mieszkańców na 1 pracownika socjalnego,2010,gmina,Zawoja,powiat suski,2280
27,Liczba mieszkańców na 1 pracownika socjalnego,2010,gmina,Zembrzyce,powiat suski,1883
27,Liczba mieszkańców na 1 pracownika socjalnego,2010,powiat,powiat tarnowski,powiat tarnowski,2273
27,Liczba mieszkańców na 1 pracownika socjalnego,2010,gmina,Ciężkowice,powiat tarnowski,2242
27,Liczba mieszkańców na 1 pracownika socjalnego,2010,gmina,Gromnik,powiat tarnowski,2175
27,Liczba mieszkańców na 1 pracownika socjalnego,2010,gmina,Lisia Góra,powiat tarnowski,2874
27,Liczba mieszkańców na 1 pracownika socjalnego,2010,gmina,Pleśna,powiat tarnowski,2373
27,Liczba mieszkańców na 1 pracownika socjalnego,2010,gmina,Radłów,powiat tarnowski,1623
27,Liczba mieszkańców na 1 pracownika socjalnego,2010,gmina,Ryglice,powiat tarnowski,2921
27,Liczba mieszkańców na 1 pracownika socjalnego,2010,gmina,Rzepiennik Strzyżewski,powiat tarnowski,2286
27,Liczba mieszkańców na 1 pracownika socjalnego,2010,gmina,Skrzyszów,powiat tarnowski,3394
27,Liczba mieszkańców na 1 pracownika socjalnego,2010,gmina,Szerzyny,powiat tarnowski,2023
27,Liczba mieszkańców na 1 pracownika socjalnego,2010,gmina,Tarnów (wieś),powiat tarnowski,3034
27,Liczba mieszkańców na 1 pracownika socjalnego,2010,gmina,Tuchów,powiat tarnowski,1806
27,Liczba mieszkańców na 1 pracownika socjalnego,2010,gmina,Wierzchosławice,powiat tarnowski,2113
27,Liczba mieszkańców na 1 pracownika socjalnego,2010,gmina,Wietrzychowice,powiat tarnowski,4120
27,Liczba mieszkańców na 1 pracownika socjalnego,2010,gmina,Wojnicz,powiat tarnowski,1888
27,Liczba mieszkańców na 1 pracownika socjalnego,2010,gmina,Zakliczyn,powiat tarnowski,2060
27,Liczba mieszkańców na 1 pracownika socjalnego,2010,gmina,Żabno,powiat tarnowski,1902
27,Liczba mieszkańców na 1 pracownika socjalnego,2010,powiat,powiat tatrzański,powiat tatrzański,2104
27,Liczba mieszkańców na 1 pracownika socjalnego,2010,gmina,Biały Dunajec,powiat tatrzański,2333
27,Liczba mieszkańców na 1 pracownika socjalnego,2010,gmina,Bukowina Tatrzańska,powiat tatrzański,2569
27,Liczba mieszkańców na 1 pracownika socjalnego,2010,gmina,Kościelisko,powiat tatrzański,2811
27,Liczba mieszkańców na 1 pracownika socjalnego,2010,gmina,Poronin,powiat tatrzański,1861
27,Liczba mieszkańców na 1 pracownika socjalnego,2010,gmina,Zakopane,powiat tatrzański,1858
27,Liczba mieszkańców na 1 pracownika socjalnego,2010,powiat,powiat wadowicki,powiat wadowicki,2079
27,Liczba mieszkańców na 1 pracownika socjalnego,2010,gmina,Andrychów,powiat wadowicki,2439
27,Liczba mieszkańców na 1 pracownika socjalnego,2010,gmina,Brzeźnica,powiat wadowicki,1980
27,Liczba mieszkańców na 1 pracownika socjalnego,2010,gmina,Kalwaria Zebrzydowska,powiat wadowicki,1790
27,Liczba mieszkańców na 1 pracownika socjalnego,2010,gmina,Lanckorona,powiat wadowicki,2036
27,Liczba mieszkańców na 1 pracownika socjalnego,2010,gmina,Mucharz,powiat wadowicki,1984
27,Liczba mieszkańców na 1 pracownika socjalnego,2010,gmina,Spytkowice,powiat wadowicki,2020
27,Liczba mieszkańców na 1 pracownika socjalnego,2010,gmina,Stryszów,powiat wadowicki,2261
27,Liczba mieszkańców na 1 pracownika socjalnego,2010,gmina,Tomice,powiat wadowicki,1528
27,Liczba mieszkańców na 1 pracownika socjalnego,2010,gmina,Wadowice,powiat wadowicki,2114
27,Liczba mieszkańców na 1 pracownika socjalnego,2010,gmina,Wieprz,powiat wadowicki,1984
27,Liczba mieszkańców na 1 pracownika socjalnego,2010,powiat,powiat wielicki,powiat wielicki,2469
27,Liczba mieszkańców na 1 pracownika socjalnego,2010,gmina,Biskupice,powiat wielicki,2313
27,Liczba mieszkańców na 1 pracownika socjalnego,2010,gmina,Gdów,powiat wielicki,2836
27,Liczba mieszkańców na 1 pracownika socjalnego,2010,gmina,Kłaj,powiat wielicki,2061
27,Liczba mieszkańców na 1 pracownika socjalnego,2010,gmina,Niepołomice,powiat wielicki,4832
27,Liczba mieszkańców na 1 pracownika socjalnego,2010,gmina,Wieliczka,powiat wielicki,2032
27,Liczba mieszkańców na 1 pracownika socjalnego,2009,powiat,powiat bocheński,powiat bocheński,2433
27,Liczba mieszkańców na 1 pracownika socjalnego,2009,gmina,Bochnia (miasto),powiat bocheński,2125
27,Liczba mieszkańców na 1 pracownika socjalnego,2009,gmina,Bochnia (wieś),powiat bocheński,3739
27,Liczba mieszkańców na 1 pracownika socjalnego,2009,gmina,Drwinia,powiat bocheński,2132
27,Liczba mieszkańców na 1 pracownika socjalnego,2009,gmina,Lipnica Murowana,powiat bocheński,1857
27,Liczba mieszkańców na 1 pracownika socjalnego,2009,gmina,Łapanów,powiat bocheński,2555
27,Liczba mieszkańców na 1 pracownika socjalnego,2009,gmina,Nowy Wiśnicz,powiat bocheński,2633
27,Liczba mieszkańców na 1 pracownika socjalnego,2009,gmina,Rzezawa,powiat bocheński,2141
27,Liczba mieszkańców na 1 pracownika socjalnego,2009,gmina,Trzciana,powiat bocheński,2574
27,Liczba mieszkańców na 1 pracownika socjalnego,2009,gmina,Żegocina,powiat bocheński,2544
27,Liczba mieszkańców na 1 pracownika socjalnego,2009,powiat,powiat brzeski,powiat brzeski,2282
27,Liczba mieszkańców na 1 pracownika socjalnego,2009,gmina,Borzęcin,powiat brzeski,1666
27,Liczba mieszkańców na 1 pracownika socjalnego,2009,gmina,Brzesko,powiat brzeski,1986
27,Liczba mieszkańców na 1 pracownika socjalnego,2009,gmina,Czchów,powiat brzeski,4730
27,Liczba mieszkańców na 1 pracownika socjalnego,2009,gmina,Dębno,powiat brzeski,2357
27,Liczba mieszkańców na 1 pracownika socjalnego,2009,gmina,Gnojnik,powiat brzeski,3768
27,Liczba mieszkańców na 1 pracownika socjalnego,2009,gmina,Iwkowa,powiat brzeski,3128
27,Liczba mieszkańców na 1 pracownika socjalnego,2009,gmina,Szczurowa,powiat brzeski,1966
27,Liczba mieszkańców na 1 pracownika socjalnego,2009,powiat,powiat chrzanowski,powiat chrzanowski,1636
27,Liczba mieszkańców na 1 pracownika socjalnego,2009,gmina,Alwernia,powiat chrzanowski,3183
27,Liczba mieszkańców na 1 pracownika socjalnego,2009,gmina,Babice,powiat chrzanowski,1486
27,Liczba mieszkańców na 1 pracownika socjalnego,2009,gmina,Chrzanów,powiat chrzanowski,1755
27,Liczba mieszkańców na 1 pracownika socjalnego,2009,gmina,Libiąż,powiat chrzanowski,1194
27,Liczba mieszkańców na 1 pracownika socjalnego,2009,gmina,Trzebinia,powiat chrzanowski,1627
27,Liczba mieszkańców na 1 pracownika socjalnego,2009,powiat,powiat dąbrowski,powiat dąbrowski,2444
27,Liczba mieszkańców na 1 pracownika socjalnego,2009,gmina,Bolesław,powiat dąbrowski,2825
27,Liczba mieszkańców na 1 pracownika socjalnego,2009,gmina,Dąbrowa Tarnowska,powiat dąbrowski,2273
27,Liczba mieszkańców na 1 pracownika socjalnego,2009,gmina,Gręboszów,powiat dąbrowski,1749
27,Liczba mieszkańców na 1 pracownika socjalnego,2009,gmina,Mędrzechów,powiat dąbrowski,3563
27,Liczba mieszkańców na 1 pracownika socjalnego,2009,gmina,Olesno,powiat dąbrowski,3841
27,Liczba mieszkańców na 1 pracownika socjalnego,2009,gmina,Radgoszcz,powiat dąbrowski,2441
27,Liczba mieszkańców na 1 pracownika socjalnego,2009,gmina,Szczucin,powiat dąbrowski,2220
27,Liczba mieszkańców na 1 pracownika socjalnego,2009,powiat,powiat gorlicki,powiat gorlicki,1845
27,Liczba mieszkańców na 1 pracownika socjalnego,2009,gmina,Biecz,powiat gorlicki,2110
27,Liczba mieszkańców na 1 pracownika socjalnego,2009,gmina,Bobowa,powiat gorlicki,1862
27,Liczba mieszkańców na 1 pracownika socjalnego,2009,gmina,Gorlice (miasto),powiat gorlicki,2177
27,Liczba mieszkańców na 1 pracownika socjalnego,2009,gmina,Gorlice (wieś),powiat gorlicki,1640
27,Liczba mieszkańców na 1 pracownika socjalnego,2009,gmina,Lipinki,powiat gorlicki,1696
27,Liczba mieszkańców na 1 pracownika socjalnego,2009,gmina,Łużna,powiat gorlicki,1379
27,Liczba mieszkańców na 1 pracownika socjalnego,2009,gmina,Moszczenica,powiat gorlicki,2360
27,Liczba mieszkańców na 1 pracownika socjalnego,2009,gmina,Ropa,powiat gorlicki,1739
27,Liczba mieszkańców na 1 pracownika socjalnego,2009,gmina,Sękowa,powiat gorlicki,1602
27,Liczba mieszkańców na 1 pracownika socjalnego,2009,gmina,Uście Gorlickie,powiat gorlicki,1584
27,Liczba mieszkańców na 1 pracownika socjalnego,2009,powiat,powiat krakowski,powiat krakowski,2390
27,Liczba mieszkańców na 1 pracownika socjalnego,2009,gmina,Czernichów,powiat krakowski,1890
27,Liczba mieszkańców na 1 pracownika socjalnego,2009,gmina,Igołomia-Wawrzeńczyce,powiat krakowski,2567
27,Liczba mieszkańców na 1 pracownika socjalnego,2009,gmina,Iwanowice,powiat krakowski,2147
27,Liczba mieszkańców na 1 pracownika socjalnego,2009,gmina,Jerzmanowice-Przeginia,powiat krakowski,2129
27,Liczba mieszkańców na 1 pracownika socjalnego,2009,gmina,Kocmyrzów-Luborzyca,powiat krakowski,2287
27,Liczba mieszkańców na 1 pracownika socjalnego,2009,gmina,Krzeszowice,powiat krakowski,2658
27,Liczba mieszkańców na 1 pracownika socjalnego,2009,gmina,Liszki,powiat krakowski,3222
27,Liczba mieszkańców na 1 pracownika socjalnego,2009,gmina,Michałowice,powiat krakowski,2110
27,Liczba mieszkańców na 1 pracownika socjalnego,2009,gmina,Mogilany,powiat krakowski,2388
27,Liczba mieszkańców na 1 pracownika socjalnego,2009,gmina,Skała,powiat krakowski,2452
27,Liczba mieszkańców na 1 pracownika socjalnego,2009,gmina,Skawina,powiat krakowski,2796
27,Liczba mieszkańców na 1 pracownika socjalnego,2009,gmina,Słomniki,powiat krakowski,2287
27,Liczba mieszkańców na 1 pracownika socjalnego,2009,gmina,Sułoszowa,powiat krakowski,2956
27,Liczba mieszkańców na 1 pracownika socjalnego,2009,gmina,Świątniki Górne,powiat krakowski,1774
27,Liczba mieszkańców na 1 pracownika socjalnego,2009,gmina,Wielka Wieś,powiat krakowski,1989
27,Liczba mieszkańców na 1 pracownika socjalnego,2009,gmina,Zabierzów,powiat krakowski,2128
27,Liczba mieszkańców na 1 pracownika socjalnego,2009,gmina,Zielonki,powiat krakowski,2493
27,Liczba mieszkańców na 1 pracownika socjalnego,2009,powiat,powiat limanowski,powiat limanowski,2219
27,Liczba mieszkańców na 1 pracownika socjalnego,2009,gmina,Dobra,powiat limanowski,2349
27,Liczba mieszkańców na 1 pracownika socjalnego,2009,gmina,Jodłownik,powiat limanowski,2712
27,Liczba mieszkańców na 1 pracownika socjalnego,2009,gmina,Kamienica,powiat limanowski,2499
27,Liczba mieszkańców na 1 pracownika socjalnego,2009,gmina,Laskowa,powiat limanowski,1901
27,Liczba mieszkańców na 1 pracownika socjalnego,2009,gmina,Limanowa (miasto),powiat limanowski,1859
27,Liczba mieszkańców na 1 pracownika socjalnego,2009,gmina,Limanowa (wieś),powiat limanowski,2349
27,Liczba mieszkańców na 1 pracownika socjalnego,2009,gmina,Łukowica,powiat limanowski,1899
27,Liczba mieszkańców na 1 pracownika socjalnego,2009,gmina,Mszana Dolna (miasto),powiat limanowski,2513
27,Liczba mieszkańców na 1 pracownika socjalnego,2009,gmina,Mszana Dolna (wieś),powiat limanowski,2803
27,Liczba mieszkańców na 1 pracownika socjalnego,2009,gmina,Niedźwiedź,powiat limanowski,2332
27,Liczba mieszkańców na 1 pracownika socjalnego,2009,gmina,Słopnice,powiat limanowski,1523
27,Liczba mieszkańców na 1 pracownika socjalnego,2009,gmina,Tymbark,powiat limanowski,2111
27,Liczba mieszkańców na 1 pracownika socjalnego,2009,powiat,powiat m. Kraków,powiat m. Kraków,2041
27,Liczba mieszkańców na 1 pracownika socjalnego,2009,powiat,powiat m. Nowy Sącz,powiat m. Nowy Sącz,1966
27,Liczba mieszkańców na 1 pracownika socjalnego,2009,powiat,powiat m. Tarnów,powiat m. Tarnów,2056
27,Liczba mieszkańców na 1 pracownika socjalnego,2009,powiat,powiat miechowski,powiat miechowski,1927
27,Liczba mieszkańców na 1 pracownika socjalnego,2009,gmina,Charsznica,powiat miechowski,2556
27,Liczba mieszkańców na 1 pracownika socjalnego,2009,gmina,Gołcza,powiat miechowski,1541
27,Liczba mieszkańców na 1 pracownika socjalnego,2009,gmina,Kozłów,powiat miechowski,1655
27,Liczba mieszkańców na 1 pracownika socjalnego,2009,gmina,Książ Wielki,powiat miechowski,1813
27,Liczba mieszkańców na 1 pracownika socjalnego,2009,gmina,Miechów,powiat miechowski,1961
27,Liczba mieszkańców na 1 pracownika socjalnego,2009,gmina,Racławice,powiat miechowski,1268
27,Liczba mieszkańców na 1 pracownika socjalnego,2009,gmina,Słaboszów,powiat miechowski,3731
27,Liczba mieszkańców na 1 pracownika socjalnego,2009,powiat,powiat myślenicki,powiat myślenicki,2181
27,Liczba mieszkańców na 1 pracownika socjalnego,2009,gmina,Dobczyce,powiat myślenicki,2069
27,Liczba mieszkańców na 1 pracownika socjalnego,2009,gmina,Lubień,powiat myślenicki,2400
27,Liczba mieszkańców na 1 pracownika socjalnego,2009,gmina,Myślenice,powiat myślenicki,2098
27,Liczba mieszkańców na 1 pracownika socjalnego,2009,gmina,Pcim,powiat myślenicki,2645
27,Liczba mieszkańców na 1 pracownika socjalnego,2009,gmina,Raciechowice,powiat myślenicki,1985
27,Liczba mieszkańców na 1 pracownika socjalnego,2009,gmina,Siepraw,powiat myślenicki,2669
27,Liczba mieszkańców na 1 pracownika socjalnego,2009,gmina,Sułkowice,powiat myślenicki,1765
27,Liczba mieszkańców na 1 pracownika socjalnego,2009,gmina,Tokarnia,powiat myślenicki,2770
27,Liczba mieszkańców na 1 pracownika socjalnego,2009,gmina,Wiśniowa,powiat myślenicki,2319
27,Liczba mieszkańców na 1 pracownika socjalnego,2009,powiat,powiat nowosądecki,powiat nowosądecki,2442
27,Liczba mieszkańców na 1 pracownika socjalnego,2009,gmina,Podegrodzie,powiat nowosądecki,3978
27,Liczba mieszkańców na 1 pracownika socjalnego,2009,gmina,Rytro,powiat nowosądecki,1827
27,Liczba mieszkańców na 1 pracownika socjalnego,2009,gmina,Stary Sącz,powiat nowosądecki,2821
27,Liczba mieszkańców na 1 pracownika socjalnego,2009,gmina,Chełmiec,powiat nowosądecki,2580
27,Liczba mieszkańców na 1 pracownika socjalnego,2009,gmina,Gródek nad Dunajcem,powiat nowosądecki,2259
27,Liczba mieszkańców na 1 pracownika socjalnego,2009,gmina,Grybów (miasto),powiat nowosądecki,1993
27,Liczba mieszkańców na 1 pracownika socjalnego,2009,gmina,Grybów (wieś),powiat nowosądecki,2909
27,Liczba mieszkańców na 1 pracownika socjalnego,2009,gmina,Kamionka Wielka,powiat nowosądecki,1922
27,Liczba mieszkańców na 1 pracownika socjalnego,2009,gmina,Korzenna,powiat nowosądecki,2718
27,Liczba mieszkańców na 1 pracownika socjalnego,2009,gmina,Krynica-Zdrój,powiat nowosądecki,2067
27,Liczba mieszkańców na 1 pracownika socjalnego,2009,gmina,Łabowa,powiat nowosądecki,1795
27,Liczba mieszkańców na 1 pracownika socjalnego,2009,gmina,Łącko,powiat nowosądecki,2180
27,Liczba mieszkańców na 1 pracownika socjalnego,2009,gmina,Łososina Dolna,powiat nowosądecki,2520
27,Liczba mieszkańców na 1 pracownika socjalnego,2009,gmina,Muszyna,powiat nowosądecki,2293
27,Liczba mieszkańców na 1 pracownika socjalnego,2009,gmina,Nawojowa,powiat nowosądecki,2676
27,Liczba mieszkańców na 1 pracownika socjalnego,2009,gmina,Piwniczna-Zdrój,powiat nowosądecki,2101
27,Liczba mieszkańców na 1 pracownika socjalnego,2009,powiat,powiat nowotarski,powiat nowotarski,2572
27,Liczba mieszkańców na 1 pracownika socjalnego,2009,gmina,Czarny Dunajec,powiat nowotarski,4341
27,Liczba mieszkańców na 1 pracownika socjalnego,2009,gmina,Czorsztyn,powiat nowotarski,2433
27,Liczba mieszkańców na 1 pracownika socjalnego,2009,gmina,Jabłonka,powiat nowotarski,2480
27,Liczba mieszkańców na 1 pracownika socjalnego,2009,gmina,Krościenko nad Dunajcem,powiat nowotarski,2186
27,Liczba mieszkańców na 1 pracownika socjalnego,2009,gmina,Lipnica Wielka,powiat nowotarski,1926
27,Liczba mieszkańców na 1 pracownika socjalnego,2009,gmina,Łapsze Niżne,powiat nowotarski,4502
27,Liczba mieszkańców na 1 pracownika socjalnego,2009,gmina,Nowy Targ (miasto),powiat nowotarski,3039
27,Liczba mieszkańców na 1 pracownika socjalnego,2009,gmina,Nowy Targ (wieś),powiat nowotarski,3237
27,Liczba mieszkańców na 1 pracownika socjalnego,2009,gmina,Ochotnica Dolna,powiat nowotarski,1622
27,Liczba mieszkańców na 1 pracownika socjalnego,2009,gmina,Raba Wyżna,powiat nowotarski,1746
27,Liczba mieszkańców na 1 pracownika socjalnego,2009,gmina,Rabka-Zdrój,powiat nowotarski,2878
27,Liczba mieszkańców na 1 pracownika socjalnego,2009,gmina,Spytkowice,powiat nowotarski,1034
27,Liczba mieszkańców na 1 pracownika socjalnego,2009,gmina,Szaflary,powiat nowotarski,3500
27,Liczba mieszkańców na 1 pracownika socjalnego,2009,gmina,Szczawnica,powiat nowotarski,1476
27,Liczba mieszkańców na 1 pracownika socjalnego,2009,powiat,powiat olkuski,powiat olkuski,1964
27,Liczba mieszkańców na 1 pracownika socjalnego,2009,gmina,Bolesław,powiat olkuski,1966
27,Liczba mieszkańców na 1 pracownika socjalnego,2009,gmina,Bukowno,powiat olkuski,2118
27,Liczba mieszkańców na 1 pracownika socjalnego,2009,gmina,Klucze,powiat olkuski,1874
27,Liczba mieszkańców na 1 pracownika socjalnego,2009,gmina,Olkusz,powiat olkuski,1921
27,Liczba mieszkańców na 1 pracownika socjalnego,2009,gmina,Trzyciąż,powiat olkuski,2372
27,Liczba mieszkańców na 1 pracownika socjalnego,2009,gmina,Wolbrom,powiat olkuski,1950
27,Liczba mieszkańców na 1 pracownika socjalnego,2009,powiat,powiat oświęcimski,powiat oświęcimski,2104
27,Liczba mieszkańców na 1 pracownika socjalnego,2009,gmina,Brzeszcze,powiat oświęcimski,1787
27,Liczba mieszkańców na 1 pracownika socjalnego,2009,gmina,Chełmek,powiat oświęcimski,1838
27,Liczba mieszkańców na 1 pracownika socjalnego,2009,gmina,Kęty,powiat oświęcimski,3062
27,Liczba mieszkańców na 1 pracownika socjalnego,2009,gmina,Osiek,powiat oświęcimski,1997
27,Liczba mieszkańców na 1 pracownika socjalnego,2009,gmina,Oświęcim (miasto),powiat oświęcimski,1673
27,Liczba mieszkańców na 1 pracownika socjalnego,2009,gmina,Oświęcim (wieś),powiat oświęcimski,2484
27,Liczba mieszkańców na 1 pracownika socjalnego,2009,gmina,Polanka Wielka,powiat oświęcimski,2112
27,Liczba mieszkańców na 1 pracownika socjalnego,2009,gmina,Przeciszów,powiat oświęcimski,3362
27,Liczba mieszkańców na 1 pracownika socjalnego,2009,gmina,Zator,powiat oświęcimski,2283
27,Liczba mieszkańców na 1 pracownika socjalnego,2009,powiat,powiat proszowicki,powiat proszowicki,2285
27,Liczba mieszkańców na 1 pracownika socjalnego,2009,gmina,Koniusza,powiat proszowicki,2913
27,Liczba mieszkańców na 1 pracownika socjalnego,2009,gmina,Koszyce,powiat proszowicki,1852
27,Liczba mieszkańców na 1 pracownika socjalnego,2009,gmina,Nowe Brzesko,powiat proszowicki,1932
27,Liczba mieszkańców na 1 pracownika socjalnego,2009,gmina,Pałecznica,powiat proszowicki,1879
27,Liczba mieszkańców na 1 pracownika socjalnego,2009,gmina,Proszowice,powiat proszowicki,2700
27,Liczba mieszkańców na 1 pracownika socjalnego,2009,gmina,Radziemice,powiat proszowicki,1684
27,Liczba mieszkańców na 1 pracownika socjalnego,2009,powiat,powiat suski,powiat suski,2364
27,Liczba mieszkańców na 1 pracownika socjalnego,2009,gmina,Budzów,powiat suski,2831
27,Liczba mieszkańców na 1 pracownika socjalnego,2009,gmina,Bystra-Sidzina,powiat suski,2185
27,Liczba mieszkańców na 1 pracownika socjalnego,2009,gmina,Jordanów (miasto),powiat suski,1738
27,Liczba mieszkańców na 1 pracownika socjalnego,2009,gmina,Jordanów (wieś),powiat suski,2658
27,Liczba mieszkańców na 1 pracownika socjalnego,2009,gmina,Maków Podhalański,powiat suski,1775
27,Liczba mieszkańców na 1 pracownika socjalnego,2009,gmina,Stryszawa,powiat suski,2944
27,Liczba mieszkańców na 1 pracownika socjalnego,2009,gmina,Sucha Beskidzka,powiat suski,3178
27,Liczba mieszkańców na 1 pracownika socjalnego,2009,gmina,Zawoja,powiat suski,2246
27,Liczba mieszkańców na 1 pracownika socjalnego,2009,gmina,Zembrzyce,powiat suski,2788
27,Liczba mieszkańców na 1 pracownika socjalnego,2009,powiat,powiat tarnowski,powiat tarnowski,2480
27,Liczba mieszkańców na 1 pracownika socjalnego,2009,gmina,Ciężkowice,powiat tarnowski,2220
27,Liczba mieszkańców na 1 pracownika socjalnego,2009,gmina,Gromnik,powiat tarnowski,2140
27,Liczba mieszkańców na 1 pracownika socjalnego,2009,gmina,Lisia Góra,powiat tarnowski,3532
27,Liczba mieszkańców na 1 pracownika socjalnego,2009,gmina,Pleśna,powiat tarnowski,2347
27,Liczba mieszkańców na 1 pracownika socjalnego,2009,gmina,Radłów,powiat tarnowski,1945
27,Liczba mieszkańców na 1 pracownika socjalnego,2009,gmina,Ryglice,powiat tarnowski,2878
27,Liczba mieszkańców na 1 pracownika socjalnego,2009,gmina,Rzepiennik Strzyżewski,powiat tarnowski,2282
27,Liczba mieszkańców na 1 pracownika socjalnego,2009,gmina,Skrzyszów,powiat tarnowski,2685
27,Liczba mieszkańców na 1 pracownika socjalnego,2009,gmina,Szerzyny,powiat tarnowski,2026
27,Liczba mieszkańców na 1 pracownika socjalnego,2009,gmina,Tarnów (wieś),powiat tarnowski,2643
27,Liczba mieszkańców na 1 pracownika socjalnego,2009,gmina,Tuchów,powiat tarnowski,1779
27,Liczba mieszkańców na 1 pracownika socjalnego,2009,gmina,Wierzchosławice,powiat tarnowski,2130
27,Liczba mieszkańców na 1 pracownika socjalnego,2009,gmina,Wietrzychowice,powiat tarnowski,4134
27,Liczba mieszkańców na 1 pracownika socjalnego,2009,gmina,Wojnicz,powiat tarnowski,3288
27,Liczba mieszkańców na 1 pracownika socjalnego,2009,gmina,Zakliczyn,powiat tarnowski,4102
27,Liczba mieszkańców na 1 pracownika socjalnego,2009,gmina,Żabno,powiat tarnowski,2369
27,Liczba mieszkańców na 1 pracownika socjalnego,2009,powiat,powiat tatrzański,powiat tatrzański,2177
27,Liczba mieszkańców na 1 pracownika socjalnego,2009,gmina,Biały Dunajec,powiat tatrzański,2266
27,Liczba mieszkańców na 1 pracownika socjalnego,2009,gmina,Bukowina Tatrzańska,powiat tatrzański,2536
27,Liczba mieszkańców na 1 pracownika socjalnego,2009,gmina,Kościelisko,powiat tatrzański,4082
27,Liczba mieszkańców na 1 pracownika socjalnego,2009,gmina,Poronin,powiat tatrzański,2731
27,Liczba mieszkańców na 1 pracownika socjalnego,2009,gmina,Zakopane,powiat tatrzański,1671
27,Liczba mieszkańców na 1 pracownika socjalnego,2009,powiat,powiat wadowicki,powiat wadowicki,2399
27,Liczba mieszkańców na 1 pracownika socjalnego,2009,gmina,Andrychów,powiat wadowicki,2528
27,Liczba mieszkańców na 1 pracownika socjalnego,2009,gmina,Brzeźnica,powiat wadowicki,1956
27,Liczba mieszkańców na 1 pracownika socjalnego,2009,gmina,Kalwaria Zebrzydowska,powiat wadowicki,2438
27,Liczba mieszkańców na 1 pracownika socjalnego,2009,gmina,Lanckorona,powiat wadowicki,1478
27,Liczba mieszkańców na 1 pracownika socjalnego,2009,gmina,Mucharz,powiat wadowicki,1928
27,Liczba mieszkańców na 1 pracownika socjalnego,2009,gmina,Spytkowice,powiat wadowicki,2506
27,Liczba mieszkańców na 1 pracownika socjalnego,2009,gmina,Stryszów,powiat wadowicki,2219
27,Liczba mieszkańców na 1 pracownika socjalnego,2009,gmina,Tomice,powiat wadowicki,1858
27,Liczba mieszkańców na 1 pracownika socjalnego,2009,gmina,Wadowice,powiat wadowicki,2921
27,Liczba mieszkańców na 1 pracownika socjalnego,2009,gmina,Wieprz,powiat wadowicki,2360
27,Liczba mieszkańców na 1 pracownika socjalnego,2009,powiat,powiat wielicki,powiat wielicki,2905
27,Liczba mieszkańców na 1 pracownika socjalnego,2009,gmina,Biskupice,powiat wielicki,4493
27,Liczba mieszkańców na 1 pracownika socjalnego,2009,gmina,Gdów,powiat wielicki,2800
27,Liczba mieszkańców na 1 pracownika socjalnego,2009,gmina,Kłaj,powiat wielicki,2011
27,Liczba mieszkańców na 1 pracownika socjalnego,2009,gmina,Niepołomice,powiat wielicki,4698
27,Liczba mieszkańców na 1 pracownika socjalnego,2009,gmina,Wieliczka,powiat wielicki,2553
27,Liczba mieszkańców na 1 pracownika socjalnego,2008,powiat,powiat bocheński,powiat bocheński,2540
27,Liczba mieszkańców na 1 pracownika socjalnego,2008,gmina,Bochnia (miasto),powiat bocheński,2115
27,Liczba mieszkańców na 1 pracownika socjalnego,2008,gmina,Bochnia (wieś),powiat bocheński,3725
27,Liczba mieszkańców na 1 pracownika socjalnego,2008,gmina,Drwinia,powiat bocheński,2114
27,Liczba mieszkańców na 1 pracownika socjalnego,2008,gmina,Lipnica Murowana,powiat bocheński,1848
27,Liczba mieszkańców na 1 pracownika socjalnego,2008,gmina,Łapanów,powiat bocheński,3802
27,Liczba mieszkańców na 1 pracownika socjalnego,2008,gmina,Nowy Wiśnicz,powiat bocheński,2183
27,Liczba mieszkańców na 1 pracownika socjalnego,2008,gmina,Rzezawa,powiat bocheński,3543
27,Liczba mieszkańców na 1 pracownika socjalnego,2008,gmina,Trzciana,powiat bocheński,2541
27,Liczba mieszkańców na 1 pracownika socjalnego,2008,gmina,Żegocina,powiat bocheński,2534
27,Liczba mieszkańców na 1 pracownika socjalnego,2008,powiat,powiat brzeski,powiat brzeski,2332
27,Liczba mieszkańców na 1 pracownika socjalnego,2008,gmina,Borzęcin,powiat brzeski,1675
27,Liczba mieszkańców na 1 pracownika socjalnego,2008,gmina,Brzesko,powiat brzeski,1981
27,Liczba mieszkańców na 1 pracownika socjalnego,2008,gmina,Czchów,powiat brzeski,4678
27,Liczba mieszkańców na 1 pracownika socjalnego,2008,gmina,Dębno,powiat brzeski,2340
27,Liczba mieszkańców na 1 pracownika socjalnego,2008,gmina,Gnojnik,powiat brzeski,3742
27,Liczba mieszkańców na 1 pracownika socjalnego,2008,gmina,Iwkowa,powiat brzeski,3100
27,Liczba mieszkańców na 1 pracownika socjalnego,2008,gmina,Szczurowa,powiat brzeski,2462
27,Liczba mieszkańców na 1 pracownika socjalnego,2008,powiat,powiat chrzanowski,powiat chrzanowski,1798
27,Liczba mieszkańców na 1 pracownika socjalnego,2008,gmina,Alwernia,powiat chrzanowski,3186
27,Liczba mieszkańców na 1 pracownika socjalnego,2008,gmina,Babice,powiat chrzanowski,2223
27,Liczba mieszkańców na 1 pracownika socjalnego,2008,gmina,Chrzanów,powiat chrzanowski,1898
27,Liczba mieszkańców na 1 pracownika socjalnego,2008,gmina,Libiąż,powiat chrzanowski,1333
27,Liczba mieszkańców na 1 pracownika socjalnego,2008,gmina,Trzebinia,powiat chrzanowski,1702
27,Liczba mieszkańców na 1 pracownika socjalnego,2008,powiat,powiat dąbrowski,powiat dąbrowski,2447
27,Liczba mieszkańców na 1 pracownika socjalnego,2008,gmina,Bolesław,powiat dąbrowski,2879
27,Liczba mieszkańców na 1 pracownika socjalnego,2008,gmina,Dąbrowa Tarnowska,powiat dąbrowski,2263
27,Liczba mieszkańców na 1 pracownika socjalnego,2008,gmina,Gręboszów,powiat dąbrowski,1769
27,Liczba mieszkańców na 1 pracownika socjalnego,2008,gmina,Mędrzechów,powiat dąbrowski,3598
27,Liczba mieszkańców na 1 pracownika socjalnego,2008,gmina,Olesno,powiat dąbrowski,3832
27,Liczba mieszkańców na 1 pracownika socjalnego,2008,gmina,Radgoszcz,powiat dąbrowski,2445
27,Liczba mieszkańców na 1 pracownika socjalnego,2008,gmina,Szczucin,powiat dąbrowski,2226
27,Liczba mieszkańców na 1 pracownika socjalnego,2008,powiat,powiat gorlicki,powiat gorlicki,2015
27,Liczba mieszkańców na 1 pracownika socjalnego,2008,gmina,Biecz,powiat gorlicki,2409
27,Liczba mieszkańców na 1 pracownika socjalnego,2008,gmina,Bobowa,powiat gorlicki,1844
27,Liczba mieszkańców na 1 pracownika socjalnego,2008,gmina,Gorlice (miasto),powiat gorlicki,2370
27,Liczba mieszkańców na 1 pracownika socjalnego,2008,gmina,Gorlice (wieś),powiat gorlicki,1482
27,Liczba mieszkańców na 1 pracownika socjalnego,2008,gmina,Lipinki,powiat gorlicki,1696
27,Liczba mieszkańców na 1 pracownika socjalnego,2008,gmina,Łużna,powiat gorlicki,2058
27,Liczba mieszkańców na 1 pracownika socjalnego,2008,gmina,Moszczenica,powiat gorlicki,2360
27,Liczba mieszkańców na 1 pracownika socjalnego,2008,gmina,Ropa,powiat gorlicki,1721
27,Liczba mieszkańców na 1 pracownika socjalnego,2008,gmina,Sękowa,powiat gorlicki,2392
27,Liczba mieszkańców na 1 pracownika socjalnego,2008,gmina,Uście Gorlickie,powiat gorlicki,2099
27,Liczba mieszkańców na 1 pracownika socjalnego,2008,powiat,powiat krakowski,powiat krakowski,2408
27,Liczba mieszkańców na 1 pracownika socjalnego,2008,gmina,Czernichów,powiat krakowski,2176
27,Liczba mieszkańców na 1 pracownika socjalnego,2008,gmina,Igołomia-Wawrzeńczyce,powiat krakowski,2555
27,Liczba mieszkańców na 1 pracownika socjalnego,2008,gmina,Iwanowice,powiat krakowski,2127
27,Liczba mieszkańców na 1 pracownika socjalnego,2008,gmina,Jerzmanowice-Przeginia,powiat krakowski,2112
27,Liczba mieszkańców na 1 pracownika socjalnego,2008,gmina,Kocmyrzów-Luborzyca,powiat krakowski,2704
27,Liczba mieszkańców na 1 pracownika socjalnego,2008,gmina,Krzeszowice,powiat krakowski,1988
27,Liczba mieszkańców na 1 pracownika socjalnego,2008,gmina,Liszki,powiat krakowski,2665
27,Liczba mieszkańców na 1 pracownika socjalnego,2008,gmina,Michałowice,powiat krakowski,2738
27,Liczba mieszkańców na 1 pracownika socjalnego,2008,gmina,Mogilany,powiat krakowski,2339
27,Liczba mieszkańców na 1 pracownika socjalnego,2008,gmina,Skała,powiat krakowski,2424
27,Liczba mieszkańców na 1 pracownika socjalnego,2008,gmina,Skawina,powiat krakowski,2979
27,Liczba mieszkańców na 1 pracownika socjalnego,2008,gmina,Słomniki,powiat krakowski,2733
27,Liczba mieszkańców na 1 pracownika socjalnego,2008,gmina,Sułoszowa,powiat krakowski,2951
27,Liczba mieszkańców na 1 pracownika socjalnego,2008,gmina,Świątniki Górne,powiat krakowski,2930
27,Liczba mieszkańców na 1 pracownika socjalnego,2008,gmina,Wielka Wieś,powiat krakowski,1943
27,Liczba mieszkańców na 1 pracownika socjalnego,2008,gmina,Zabierzów,powiat krakowski,2103
27,Liczba mieszkańców na 1 pracownika socjalnego,2008,gmina,Zielonki,powiat krakowski,2396
27,Liczba mieszkańców na 1 pracownika socjalnego,2008,powiat,powiat limanowski,powiat limanowski,2373
27,Liczba mieszkańców na 1 pracownika socjalnego,2008,gmina,Dobra,powiat limanowski,2336
27,Liczba mieszkańców na 1 pracownika socjalnego,2008,gmina,Jodłownik,powiat limanowski,2704
27,Liczba mieszkańców na 1 pracownika socjalnego,2008,gmina,Kamienica,powiat limanowski,2477
27,Liczba mieszkańców na 1 pracownika socjalnego,2008,gmina,Laskowa,powiat limanowski,1890
27,Liczba mieszkańców na 1 pracownika socjalnego,2008,gmina,Limanowa (miasto),powiat limanowski,2464
27,Liczba mieszkańców na 1 pracownika socjalnego,2008,gmina,Limanowa (wieś),powiat limanowski,2588
27,Liczba mieszkańców na 1 pracownika socjalnego,2008,gmina,Łukowica,powiat limanowski,2359
27,Liczba mieszkańców na 1 pracownika socjalnego,2008,gmina,Mszana Dolna (miasto),powiat limanowski,1500
27,Liczba mieszkańców na 1 pracownika socjalnego,2008,gmina,Mszana Dolna (wieś),powiat limanowski,2781
27,Liczba mieszkańców na 1 pracownika socjalnego,2008,gmina,Niedźwiedź,powiat limanowski,3464
27,Liczba mieszkańców na 1 pracownika socjalnego,2008,gmina,Słopnice,powiat limanowski,2018
27,Liczba mieszkańców na 1 pracownika socjalnego,2008,gmina,Tymbark,powiat limanowski,2095
27,Liczba mieszkańców na 1 pracownika socjalnego,2008,powiat,powiat m. Kraków,powiat m. Kraków,2126
27,Liczba mieszkańców na 1 pracownika socjalnego,2008,powiat,powiat m. Nowy Sącz,powiat m. Nowy Sącz,1920
27,Liczba mieszkańców na 1 pracownika socjalnego,2008,powiat,powiat m. Tarnów,powiat m. Tarnów,2180
27,Liczba mieszkańców na 1 pracownika socjalnego,2008,powiat,powiat miechowski,powiat miechowski,2396
27,Liczba mieszkańców na 1 pracownika socjalnego,2008,gmina,Charsznica,powiat miechowski,3853
27,Liczba mieszkańców na 1 pracownika socjalnego,2008,gmina,Gołcza,powiat miechowski,2064
27,Liczba mieszkańców na 1 pracownika socjalnego,2008,gmina,Kozłów,powiat miechowski,2488
27,Liczba mieszkańców na 1 pracownika socjalnego,2008,gmina,Książ Wielki,powiat miechowski,1831
27,Liczba mieszkańców na 1 pracownika socjalnego,2008,gmina,Miechów,powiat miechowski,2186
27,Liczba mieszkańców na 1 pracownika socjalnego,2008,gmina,Racławice,powiat miechowski,2532
27,Liczba mieszkańców na 1 pracownika socjalnego,2008,gmina,Słaboszów,powiat miechowski,3751
27,Liczba mieszkańców na 1 pracownika socjalnego,2008,powiat,powiat myślenicki,powiat myślenicki,2429
27,Liczba mieszkańców na 1 pracownika socjalnego,2008,gmina,Dobczyce,powiat myślenicki,2393
27,Liczba mieszkańców na 1 pracownika socjalnego,2008,gmina,Lubień,powiat myślenicki,2379
27,Liczba mieszkańców na 1 pracownika socjalnego,2008,gmina,Myślenice,powiat myślenicki,2309
27,Liczba mieszkańców na 1 pracownika socjalnego,2008,gmina,Pcim,powiat myślenicki,2617
27,Liczba mieszkańców na 1 pracownika socjalnego,2008,gmina,Raciechowice,powiat myślenicki,1981
27,Liczba mieszkańców na 1 pracownika socjalnego,2008,gmina,Siepraw,powiat myślenicki,2643
27,Liczba mieszkańców na 1 pracownika socjalnego,2008,gmina,Sułkowice,powiat myślenicki,2005
27,Liczba mieszkańców na 1 pracownika socjalnego,2008,gmina,Tokarnia,powiat myślenicki,8246
27,Liczba mieszkańców na 1 pracownika socjalnego,2008,gmina,Wiśniowa,powiat myślenicki,2314
27,Liczba mieszkańców na 1 pracownika socjalnego,2008,powiat,powiat nowosądecki,powiat nowosądecki,2487
27,Liczba mieszkańców na 1 pracownika socjalnego,2008,gmina,Podegrodzie,powiat nowosądecki,2953
27,Liczba mieszkańców na 1 pracownika socjalnego,2008,gmina,Rytro,powiat nowosądecki,1828
27,Liczba mieszkańców na 1 pracownika socjalnego,2008,gmina,Stary Sącz,powiat nowosądecki,3209
27,Liczba mieszkańców na 1 pracownika socjalnego,2008,gmina,Chełmiec,powiat nowosądecki,2548
27,Liczba mieszkańców na 1 pracownika socjalnego,2008,gmina,Gródek nad Dunajcem,powiat nowosądecki,2248
27,Liczba mieszkańców na 1 pracownika socjalnego,2008,gmina,Grybów (miasto),powiat nowosądecki,1998
27,Liczba mieszkańców na 1 pracownika socjalnego,2008,gmina,Grybów (wieś),powiat nowosądecki,2867
27,Liczba mieszkańców na 1 pracownika socjalnego,2008,gmina,Kamionka Wielka,powiat nowosądecki,2375
27,Liczba mieszkańców na 1 pracownika socjalnego,2008,gmina,Korzenna,powiat nowosądecki,2707
27,Liczba mieszkańców na 1 pracownika socjalnego,2008,gmina,Krynica-Zdrój,powiat nowosądecki,2088
27,Liczba mieszkańców na 1 pracownika socjalnego,2008,gmina,Łabowa,powiat nowosądecki,1767
27,Liczba mieszkańców na 1 pracownika socjalnego,2008,gmina,Łącko,powiat nowosądecki,2162
27,Liczba mieszkańców na 1 pracownika socjalnego,2008,gmina,Łososina Dolna,powiat nowosądecki,2498
27,Liczba mieszkańców na 1 pracownika socjalnego,2008,gmina,Muszyna,powiat nowosądecki,2295
27,Liczba mieszkańców na 1 pracownika socjalnego,2008,gmina,Nawojowa,powiat nowosądecki,2647
27,Liczba mieszkańców na 1 pracownika socjalnego,2008,gmina,Piwniczna-Zdrój,powiat nowosądecki,2621
27,Liczba mieszkańców na 1 pracownika socjalnego,2008,powiat,powiat nowotarski,powiat nowotarski,2791
27,Liczba mieszkańców na 1 pracownika socjalnego,2008,gmina,Czarny Dunajec,powiat nowotarski,5396
27,Liczba mieszkańców na 1 pracownika socjalnego,2008,gmina,Czorsztyn,powiat nowotarski,2438
27,Liczba mieszkańców na 1 pracownika socjalnego,2008,gmina,Jabłonka,powiat nowotarski,2868
27,Liczba mieszkańców na 1 pracownika socjalnego,2008,gmina,Krościenko nad Dunajcem,powiat nowotarski,3272
27,Liczba mieszkańców na 1 pracownika socjalnego,2008,gmina,Lipnica Wielka,powiat nowotarski,2874
27,Liczba mieszkańców na 1 pracownika socjalnego,2008,gmina,Łapsze Niżne,powiat nowotarski,4457
27,Liczba mieszkańców na 1 pracownika socjalnego,2008,gmina,Nowy Targ (miasto),powiat nowotarski,3334
27,Liczba mieszkańców na 1 pracownika socjalnego,2008,gmina,Nowy Targ (wieś),powiat nowotarski,3213
27,Liczba mieszkańców na 1 pracownika socjalnego,2008,gmina,Ochotnica Dolna,powiat nowotarski,1602
27,Liczba mieszkańców na 1 pracownika socjalnego,2008,gmina,Raba Wyżna,powiat nowotarski,1730
27,Liczba mieszkańców na 1 pracownika socjalnego,2008,gmina,Rabka-Zdrój,powiat nowotarski,2458
27,Liczba mieszkańców na 1 pracownika socjalnego,2008,gmina,Spytkowice,powiat nowotarski,1024
27,Liczba mieszkańców na 1 pracownika socjalnego,2008,gmina,Szaflary,powiat nowotarski,3467
27,Liczba mieszkańców na 1 pracownika socjalnego,2008,gmina,Szczawnica,powiat nowotarski,2508
27,Liczba mieszkańców na 1 pracownika socjalnego,2008,powiat,powiat olkuski,powiat olkuski,1966
27,Liczba mieszkańców na 1 pracownika socjalnego,2008,gmina,Bolesław,powiat olkuski,1980
27,Liczba mieszkańców na 1 pracownika socjalnego,2008,gmina,Bukowno,powiat olkuski,2115
27,Liczba mieszkańców na 1 pracownika socjalnego,2008,gmina,Klucze,powiat olkuski,1870
27,Liczba mieszkańców na 1 pracownika socjalnego,2008,gmina,Olkusz,powiat olkuski,1925
27,Liczba mieszkańców na 1 pracownika socjalnego,2008,gmina,Trzyciąż,powiat olkuski,2373
27,Liczba mieszkańców na 1 pracownika socjalnego,2008,gmina,Wolbrom,powiat olkuski,1950
27,Liczba mieszkańców na 1 pracownika socjalnego,2008,powiat,powiat oświęcimski,powiat oświęcimski,1968
27,Liczba mieszkańców na 1 pracownika socjalnego,2008,gmina,Brzeszcze,powiat oświęcimski,1793
27,Liczba mieszkańców na 1 pracownika socjalnego,2008,gmina,Chełmek,powiat oświęcimski,1836
27,Liczba mieszkańców na 1 pracownika socjalnego,2008,gmina,Kęty,powiat oświęcimski,2249
27,Liczba mieszkańców na 1 pracownika socjalnego,2008,gmina,Osiek,powiat oświęcimski,1986
27,Liczba mieszkańców na 1 pracownika socjalnego,2008,gmina,Oświęcim (miasto),powiat oświęcimski,1680
27,Liczba mieszkańców na 1 pracownika socjalnego,2008,gmina,Oświęcim (wieś),powiat oświęcimski,2146
27,Liczba mieszkańców na 1 pracownika socjalnego,2008,gmina,Polanka Wielka,powiat oświęcimski,2082
27,Liczba mieszkańców na 1 pracownika socjalnego,2008,gmina,Przeciszów,powiat oświęcimski,3358
27,Liczba mieszkańców na 1 pracownika socjalnego,2008,gmina,Zator,powiat oświęcimski,2272
27,Liczba mieszkańców na 1 pracownika socjalnego,2008,powiat,powiat proszowicki,powiat proszowicki,2551
27,Liczba mieszkańców na 1 pracownika socjalnego,2008,gmina,Koniusza,powiat proszowicki,2900
27,Liczba mieszkańców na 1 pracownika socjalnego,2008,gmina,Koszyce,powiat proszowicki,2792
27,Liczba mieszkańców na 1 pracownika socjalnego,2008,gmina,Nowe Brzesko,powiat proszowicki,1915
27,Liczba mieszkańców na 1 pracownika socjalnego,2008,gmina,Pałecznica,powiat proszowicki,3749
27,Liczba mieszkańców na 1 pracownika socjalnego,2008,gmina,Proszowice,powiat proszowicki,2312
27,Liczba mieszkańców na 1 pracownika socjalnego,2008,gmina,Radziemice,powiat proszowicki,3398
27,Liczba mieszkańców na 1 pracownika socjalnego,2008,powiat,powiat suski,powiat suski,2581
27,Liczba mieszkańców na 1 pracownika socjalnego,2008,gmina,Budzów,powiat suski,4208
27,Liczba mieszkańców na 1 pracownika socjalnego,2008,gmina,Bystra-Sidzina,powiat suski,3266
27,Liczba mieszkańców na 1 pracownika socjalnego,2008,gmina,Jordanów (miasto),powiat suski,1731
27,Liczba mieszkańców na 1 pracownika socjalnego,2008,gmina,Jordanów (wieś),powiat suski,2650
27,Liczba mieszkańców na 1 pracownika socjalnego,2008,gmina,Maków Podhalański,powiat suski,1771
27,Liczba mieszkańców na 1 pracownika socjalnego,2008,gmina,Stryszawa,powiat suski,2939
27,Liczba mieszkańców na 1 pracownika socjalnego,2008,gmina,Sucha Beskidzka,powiat suski,4814
27,Liczba mieszkańców na 1 pracownika socjalnego,2008,gmina,Zawoja,powiat suski,2235
27,Liczba mieszkańców na 1 pracownika socjalnego,2008,gmina,Zembrzyce,powiat suski,2794
27,Liczba mieszkańców na 1 pracownika socjalnego,2008,powiat,powiat tarnowski,powiat tarnowski,2672
27,Liczba mieszkańców na 1 pracownika socjalnego,2008,gmina,Ciężkowice,powiat tarnowski,1852
27,Liczba mieszkańców na 1 pracownika socjalnego,2008,gmina,Gromnik,powiat tarnowski,2843
27,Liczba mieszkańców na 1 pracownika socjalnego,2008,gmina,Lisia Góra,powiat tarnowski,3510
27,Liczba mieszkańców na 1 pracownika socjalnego,2008,gmina,Pleśna,powiat tarnowski,2334
27,Liczba mieszkańców na 1 pracownika socjalnego,2008,gmina,Radłów,powiat tarnowski,1934
27,Liczba mieszkańców na 1 pracownika socjalnego,2008,gmina,Ryglice,powiat tarnowski,2295
27,Liczba mieszkańców na 1 pracownika socjalnego,2008,gmina,Rzepiennik Strzyżewski,powiat tarnowski,3418
27,Liczba mieszkańców na 1 pracownika socjalnego,2008,gmina,Skrzyszów,powiat tarnowski,3338
27,Liczba mieszkańców na 1 pracownika socjalnego,2008,gmina,Szerzyny,powiat tarnowski,2034
27,Liczba mieszkańców na 1 pracownika socjalnego,2008,gmina,Tarnów (wieś),powiat tarnowski,3356
27,Liczba mieszkańców na 1 pracownika socjalnego,2008,gmina,Tuchów,powiat tarnowski,2205
27,Liczba mieszkańców na 1 pracownika socjalnego,2008,gmina,Wierzchosławice,powiat tarnowski,2642
27,Liczba mieszkańców na 1 pracownika socjalnego,2008,gmina,Wietrzychowice,powiat tarnowski,4153
27,Liczba mieszkańców na 1 pracownika socjalnego,2008,gmina,Wojnicz,powiat tarnowski,3289
27,Liczba mieszkańców na 1 pracownika socjalnego,2008,gmina,Zakliczyn,powiat tarnowski,4089
27,Liczba mieszkańców na 1 pracownika socjalnego,2008,gmina,Żabno,powiat tarnowski,2367
27,Liczba mieszkańców na 1 pracownika socjalnego,2008,powiat,powiat tatrzański,powiat tatrzański,2172
27,Liczba mieszkańców na 1 pracownika socjalnego,2008,gmina,Biały Dunajec,powiat tatrzański,1694
27,Liczba mieszkańców na 1 pracownika socjalnego,2008,gmina,Bukowina Tatrzańska,powiat tatrzański,2518
27,Liczba mieszkańców na 1 pracownika socjalnego,2008,gmina,Kościelisko,powiat tatrzański,8106
27,Liczba mieszkańców na 1 pracownika socjalnego,2008,gmina,Poronin,powiat tatrzański,2707
27,Liczba mieszkańców na 1 pracownika socjalnego,2008,gmina,Zakopane,powiat tatrzański,1678
27,Liczba mieszkańców na 1 pracownika socjalnego,2008,powiat,powiat wadowicki,powiat wadowicki,2592
27,Liczba mieszkańców na 1 pracownika socjalnego,2008,gmina,Andrychów,powiat wadowicki,2865
27,Liczba mieszkańców na 1 pracownika socjalnego,2008,gmina,Brzeźnica,powiat wadowicki,1954
27,Liczba mieszkańców na 1 pracownika socjalnego,2008,gmina,Kalwaria Zebrzydowska,powiat wadowicki,2770
27,Liczba mieszkańców na 1 pracownika socjalnego,2008,gmina,Lanckorona,powiat wadowicki,1475
27,Liczba mieszkańców na 1 pracownika socjalnego,2008,gmina,Mucharz,powiat wadowicki,1920
27,Liczba mieszkańców na 1 pracownika socjalnego,2008,gmina,Spytkowice,powiat wadowicki,2501
27,Liczba mieszkańców na 1 pracownika socjalnego,2008,gmina,Stryszów,powiat wadowicki,3324
27,Liczba mieszkańców na 1 pracownika socjalnego,2008,gmina,Tomice,powiat wadowicki,2469
27,Liczba mieszkańców na 1 pracownika socjalnego,2008,gmina,Wadowice,powiat wadowicki,2914
27,Liczba mieszkańców na 1 pracownika socjalnego,2008,gmina,Wieprz,powiat wadowicki,2340
27,Liczba mieszkańców na 1 pracownika socjalnego,2008,powiat,powiat wielicki,powiat wielicki,3399
27,Liczba mieszkańców na 1 pracownika socjalnego,2008,gmina,Biskupice,powiat wielicki,4424
27,Liczba mieszkańców na 1 pracownika socjalnego,2008,gmina,Gdów,powiat wielicki,2777
27,Liczba mieszkańców na 1 pracownika socjalnego,2008,gmina,Kłaj,powiat wielicki,1669
27,Liczba mieszkańców na 1 pracownika socjalnego,2008,gmina,Niepołomice,powiat wielicki,5778
27,Liczba mieszkańców na 1 pracownika socjalnego,2008,gmina,Wieliczka,powiat wielicki,3581
27,Liczba mieszkańców na 1 pracownika socjalnego,2007,powiat,powiat bocheński,powiat bocheński,2595
27,Liczba mieszkańców na 1 pracownika socjalnego,2007,gmina,Bochnia (miasto),powiat bocheński,2454
27,Liczba mieszkańców na 1 pracownika socjalnego,2007,gmina,Bochnia (wieś),powiat bocheński,3094
27,Liczba mieszkańców na 1 pracownika socjalnego,2007,gmina,Drwinia,powiat bocheński,2122
27,Liczba mieszkańców na 1 pracownika socjalnego,2007,gmina,Lipnica Murowana,powiat bocheński,1843
27,Liczba mieszkańców na 1 pracownika socjalnego,2007,gmina,Łapanów,powiat bocheński,3806
27,Liczba mieszkańców na 1 pracownika socjalnego,2007,gmina,Nowy Wiśnicz,powiat bocheński,2171
27,Liczba mieszkańców na 1 pracownika socjalnego,2007,gmina,Rzezawa,powiat bocheński,3526
27,Liczba mieszkańców na 1 pracownika socjalnego,2007,gmina,Trzciana,powiat bocheński,2533
27,Liczba mieszkańców na 1 pracownika socjalnego,2007,gmina,Żegocina,powiat bocheński,2508
27,Liczba mieszkańców na 1 pracownika socjalnego,2007,powiat,powiat brzeski,powiat brzeski,2382
27,Liczba mieszkańców na 1 pracownika socjalnego,2007,gmina,Borzęcin,powiat brzeski,1674
27,Liczba mieszkańców na 1 pracownika socjalnego,2007,gmina,Brzesko,powiat brzeski,2091
27,Liczba mieszkańców na 1 pracownika socjalnego,2007,gmina,Czchów,powiat brzeski,4630
27,Liczba mieszkańców na 1 pracownika socjalnego,2007,gmina,Dębno,powiat brzeski,2324
27,Liczba mieszkańców na 1 pracownika socjalnego,2007,gmina,Gnojnik,powiat brzeski,3711
27,Liczba mieszkańców na 1 pracownika socjalnego,2007,gmina,Iwkowa,powiat brzeski,3068
27,Liczba mieszkańców na 1 pracownika socjalnego,2007,gmina,Szczurowa,powiat brzeski,2457
27,Liczba mieszkańców na 1 pracownika socjalnego,2007,powiat,powiat chrzanowski,powiat chrzanowski,1880
27,Liczba mieszkańców na 1 pracownika socjalnego,2007,gmina,Alwernia,powiat chrzanowski,3183
27,Liczba mieszkańców na 1 pracownika socjalnego,2007,gmina,Babice,powiat chrzanowski,2218
27,Liczba mieszkańców na 1 pracownika socjalnego,2007,gmina,Chrzanów,powiat chrzanowski,2250
27,Liczba mieszkańców na 1 pracownika socjalnego,2007,gmina,Libiąż,powiat chrzanowski,1339
27,Liczba mieszkańców na 1 pracownika socjalnego,2007,gmina,Trzebinia,powiat chrzanowski,1619
27,Liczba mieszkańców na 1 pracownika socjalnego,2007,powiat,powiat dąbrowski,powiat dąbrowski,3080
27,Liczba mieszkańców na 1 pracownika socjalnego,2007,gmina,Bolesław,powiat dąbrowski,2869
27,Liczba mieszkańców na 1 pracownika socjalnego,2007,gmina,Dąbrowa Tarnowska,powiat dąbrowski,2244
27,Liczba mieszkańców na 1 pracownika socjalnego,2007,gmina,Gręboszów,powiat dąbrowski,1779
27,Liczba mieszkańców na 1 pracownika socjalnego,2007,gmina,Mędrzechów,powiat dąbrowski,3589
27,Liczba mieszkańców na 1 pracownika socjalnego,2007,gmina,Olesno,powiat dąbrowski,3820
27,Liczba mieszkańców na 1 pracownika socjalnego,2007,gmina,Radgoszcz,powiat dąbrowski,
27,Liczba mieszkańców na 1 pracownika socjalnego,2007,gmina,Szczucin,powiat dąbrowski,3328
27,Liczba mieszkańców na 1 pracownika socjalnego,2007,powiat,powiat gorlicki,powiat gorlicki,2175
27,Liczba mieszkańców na 1 pracownika socjalnego,2007,gmina,Biecz,powiat gorlicki,2416
27,Liczba mieszkańców na 1 pracownika socjalnego,2007,gmina,Bobowa,powiat gorlicki,2299
27,Liczba mieszkańców na 1 pracownika socjalnego,2007,gmina,Gorlice (miasto),powiat gorlicki,2365
27,Liczba mieszkańców na 1 pracownika socjalnego,2007,gmina,Gorlice (wieś),powiat gorlicki,1807
27,Liczba mieszkańców na 1 pracownika socjalnego,2007,gmina,Lipinki,powiat gorlicki,1702
27,Liczba mieszkańców na 1 pracownika socjalnego,2007,gmina,Łużna,powiat gorlicki,2041
27,Liczba mieszkańców na 1 pracownika socjalnego,2007,gmina,Moszczenica,powiat gorlicki,2358
27,Liczba mieszkańców na 1 pracownika socjalnego,2007,gmina,Ropa,powiat gorlicki,1708
27,Liczba mieszkańców na 1 pracownika socjalnego,2007,gmina,Sękowa,powiat gorlicki,4784
27,Liczba mieszkańców na 1 pracownika socjalnego,2007,gmina,Uście Gorlickie,powiat gorlicki,2081
27,Liczba mieszkańców na 1 pracownika socjalnego,2007,powiat,powiat krakowski,powiat krakowski,2695
27,Liczba mieszkańców na 1 pracownika socjalnego,2007,gmina,Czernichów,powiat krakowski,2587
27,Liczba mieszkańców na 1 pracownika socjalnego,2007,gmina,Igołomia-Wawrzeńczyce,powiat krakowski,3822
27,Liczba mieszkańców na 1 pracownika socjalnego,2007,gmina,Iwanowice,powiat krakowski,2102
27,Liczba mieszkańców na 1 pracownika socjalnego,2007,gmina,Jerzmanowice-Przeginia,powiat krakowski,2108
27,Liczba mieszkańców na 1 pracownika socjalnego,2007,gmina,Kocmyrzów-Luborzyca,powiat krakowski,3350
27,Liczba mieszkańców na 1 pracownika socjalnego,2007,gmina,Krzeszowice,powiat krakowski,2259
27,Liczba mieszkańców na 1 pracownika socjalnego,2007,gmina,Liszki,powiat krakowski,2635
27,Liczba mieszkańców na 1 pracownika socjalnego,2007,gmina,Michałowice,powiat krakowski,2692
27,Liczba mieszkańców na 1 pracownika socjalnego,2007,gmina,Mogilany,powiat krakowski,2304
27,Liczba mieszkańców na 1 pracownika socjalnego,2007,gmina,Skała,powiat krakowski,3220
27,Liczba mieszkańców na 1 pracownika socjalnego,2007,gmina,Skawina,powiat krakowski,3457
27,Liczba mieszkańców na 1 pracownika socjalnego,2007,gmina,Słomniki,powiat krakowski,2724
27,Liczba mieszkańców na 1 pracownika socjalnego,2007,gmina,Sułoszowa,powiat krakowski,2928
27,Liczba mieszkańców na 1 pracownika socjalnego,2007,gmina,Świątniki Górne,powiat krakowski,2916
27,Liczba mieszkańców na 1 pracownika socjalnego,2007,gmina,Wielka Wieś,powiat krakowski,2401
27,Liczba mieszkańców na 1 pracownika socjalnego,2007,gmina,Zabierzów,powiat krakowski,2528
27,Liczba mieszkańców na 1 pracownika socjalnego,2007,gmina,Zielonki,powiat krakowski,2704
27,Liczba mieszkańców na 1 pracownika socjalnego,2007,powiat,powiat limanowski,powiat limanowski,2359
27,Liczba mieszkańców na 1 pracownika socjalnego,2007,gmina,Dobra,powiat limanowski,2328
27,Liczba mieszkańców na 1 pracownika socjalnego,2007,gmina,Jodłownik,powiat limanowski,2689
27,Liczba mieszkańców na 1 pracownika socjalnego,2007,gmina,Kamienica,powiat limanowski,2444
27,Liczba mieszkańców na 1 pracownika socjalnego,2007,gmina,Laskowa,powiat limanowski,1880
27,Liczba mieszkańców na 1 pracownika socjalnego,2007,gmina,Limanowa (miasto),powiat limanowski,2108
27,Liczba mieszkańców na 1 pracownika socjalnego,2007,gmina,Limanowa (wieś),powiat limanowski,2562
27,Liczba mieszkańców na 1 pracownika socjalnego,2007,gmina,Łukowica,powiat limanowski,2330
27,Liczba mieszkańców na 1 pracownika socjalnego,2007,gmina,Mszana Dolna (miasto),powiat limanowski,1886
27,Liczba mieszkańców na 1 pracownika socjalnego,2007,gmina,Mszana Dolna (wieś),powiat limanowski,2767
27,Liczba mieszkańców na 1 pracownika socjalnego,2007,gmina,Niedźwiedź,powiat limanowski,3446
27,Liczba mieszkańców na 1 pracownika socjalnego,2007,gmina,Słopnice,powiat limanowski,2005
27,Liczba mieszkańców na 1 pracownika socjalnego,2007,gmina,Tymbark,powiat limanowski,2091
27,Liczba mieszkańców na 1 pracownika socjalnego,2007,powiat,powiat m. Kraków,powiat m. Kraków,2225
27,Liczba mieszkańców na 1 pracownika socjalnego,2007,powiat,powiat m. Nowy Sącz,powiat m. Nowy Sącz,2011
27,Liczba mieszkańców na 1 pracownika socjalnego,2007,powiat,powiat m. Tarnów,powiat m. Tarnów,2233
27,Liczba mieszkańców na 1 pracownika socjalnego,2007,powiat,powiat miechowski,powiat miechowski,2408
27,Liczba mieszkańców na 1 pracownika socjalnego,2007,gmina,Charsznica,powiat miechowski,3892
27,Liczba mieszkańców na 1 pracownika socjalnego,2007,gmina,Gołcza,powiat miechowski,2080
27,Liczba mieszkańców na 1 pracownika socjalnego,2007,gmina,Kozłów,powiat miechowski,2502
27,Liczba mieszkańców na 1 pracownika socjalnego,2007,gmina,Książ Wielki,powiat miechowski,1832
27,Liczba mieszkańców na 1 pracownika socjalnego,2007,gmina,Miechów,powiat miechowski,2191
27,Liczba mieszkańców na 1 pracownika socjalnego,2007,gmina,Racławice,powiat miechowski,2534
27,Liczba mieszkańców na 1 pracownika socjalnego,2007,gmina,Słaboszów,powiat miechowski,3804
27,Liczba mieszkańców na 1 pracownika socjalnego,2007,powiat,powiat myślenicki,powiat myślenicki,2624
27,Liczba mieszkańców na 1 pracownika socjalnego,2007,gmina,Dobczyce,powiat myślenicki,2840
27,Liczba mieszkańców na 1 pracownika socjalnego,2007,gmina,Lubień,powiat myślenicki,3134
27,Liczba mieszkańców na 1 pracownika socjalnego,2007,gmina,Myślenice,powiat myślenicki,2424
27,Liczba mieszkańców na 1 pracownika socjalnego,2007,gmina,Pcim,powiat myślenicki,2600
27,Liczba mieszkańców na 1 pracownika socjalnego,2007,gmina,Raciechowice,powiat myślenicki,1985
27,Liczba mieszkańców na 1 pracownika socjalnego,2007,gmina,Siepraw,powiat myślenicki,2626
27,Liczba mieszkańców na 1 pracownika socjalnego,2007,gmina,Sułkowice,powiat myślenicki,1991
27,Liczba mieszkańców na 1 pracownika socjalnego,2007,gmina,Tokarnia,powiat myślenicki,
27,Liczba mieszkańców na 1 pracownika socjalnego,2007,gmina,Wiśniowa,powiat myślenicki,2297
27,Liczba mieszkańców na 1 pracownika socjalnego,2007,powiat,powiat nowosądecki,powiat nowosądecki,2740
27,Liczba mieszkańców na 1 pracownika socjalnego,2007,gmina,Podegrodzie,powiat nowosądecki,3936
27,Liczba mieszkańców na 1 pracownika socjalnego,2007,gmina,Rytro,powiat nowosądecki,1826
27,Liczba mieszkańców na 1 pracownika socjalnego,2007,gmina,Stary Sącz,powiat nowosądecki,3194
27,Liczba mieszkańców na 1 pracownika socjalnego,2007,gmina,Chełmiec,powiat nowosądecki,3598
27,Liczba mieszkańców na 1 pracownika socjalnego,2007,gmina,Gródek nad Dunajcem,powiat nowosądecki,2245
27,Liczba mieszkańców na 1 pracownika socjalnego,2007,gmina,Grybów (miasto),powiat nowosądecki,2007
27,Liczba mieszkańców na 1 pracownika socjalnego,2007,gmina,Grybów (wieś),powiat nowosądecki,3245
27,Liczba mieszkańców na 1 pracownika socjalnego,2007,gmina,Kamionka Wielka,powiat nowosądecki,2341
27,Liczba mieszkańców na 1 pracownika socjalnego,2007,gmina,Korzenna,powiat nowosądecki,2692
27,Liczba mieszkańców na 1 pracownika socjalnego,2007,gmina,Krynica-Zdrój,powiat nowosądecki,2390
27,Liczba mieszkańców na 1 pracownika socjalnego,2007,gmina,Łabowa,powiat nowosądecki,2626
27,Liczba mieszkańców na 1 pracownika socjalnego,2007,gmina,Łącko,powiat nowosądecki,2145
27,Liczba mieszkańców na 1 pracownika socjalnego,2007,gmina,Łososina Dolna,powiat nowosądecki,2476
27,Liczba mieszkańców na 1 pracownika socjalnego,2007,gmina,Muszyna,powiat nowosądecki,2840
27,Liczba mieszkańców na 1 pracownika socjalnego,2007,gmina,Nawojowa,powiat nowosądecki,2586
27,Liczba mieszkańców na 1 pracownika socjalnego,2007,gmina,Piwniczna-Zdrój,powiat nowosądecki,2615
27,Liczba mieszkańców na 1 pracownika socjalnego,2007,powiat,powiat nowotarski,powiat nowotarski,3329
27,Liczba mieszkańców na 1 pracownika socjalnego,2007,gmina,Czarny Dunajec,powiat nowotarski,7117
27,Liczba mieszkańców na 1 pracownika socjalnego,2007,gmina,Czorsztyn,powiat nowotarski,3625
27,Liczba mieszkańców na 1 pracownika socjalnego,2007,gmina,Jabłonka,powiat nowotarski,3406
27,Liczba mieszkańców na 1 pracownika socjalnego,2007,gmina,Krościenko nad Dunajcem,powiat nowotarski,3236
27,Liczba mieszkańców na 1 pracownika socjalnego,2007,gmina,Lipnica Wielka,powiat nowotarski,2842
27,Liczba mieszkańców na 1 pracownika socjalnego,2007,gmina,Łapsze Niżne,powiat nowotarski,4435
27,Liczba mieszkańców na 1 pracownika socjalnego,2007,gmina,Nowy Targ (miasto),powiat nowotarski,4176
27,Liczba mieszkańców na 1 pracownika socjalnego,2007,gmina,Nowy Targ (wieś),powiat nowotarski,4470
27,Liczba mieszkańców na 1 pracownika socjalnego,2007,gmina,Ochotnica Dolna,powiat nowotarski,1996
27,Liczba mieszkańców na 1 pracownika socjalnego,2007,gmina,Raba Wyżna,powiat nowotarski,1964
27,Liczba mieszkańców na 1 pracownika socjalnego,2007,gmina,Rabka-Zdrój,powiat nowotarski,2451
27,Liczba mieszkańców na 1 pracownika socjalnego,2007,gmina,Spytkowice,powiat nowotarski,1015
27,Liczba mieszkańców na 1 pracownika socjalnego,2007,gmina,Szaflary,powiat nowotarski,5162
27,Liczba mieszkańców na 1 pracownika socjalnego,2007,gmina,Szczawnica,powiat nowotarski,3686
27,Liczba mieszkańców na 1 pracownika socjalnego,2007,powiat,powiat olkuski,powiat olkuski,1965
27,Liczba mieszkańców na 1 pracownika socjalnego,2007,gmina,Bolesław,powiat olkuski,1584
27,Liczba mieszkańców na 1 pracownika socjalnego,2007,gmina,Bukowno,powiat olkuski,2122
27,Liczba mieszkańców na 1 pracownika socjalnego,2007,gmina,Klucze,powiat olkuski,2126
27,Liczba mieszkańców na 1 pracownika socjalnego,2007,gmina,Olkusz,powiat olkuski,1926
27,Liczba mieszkańców na 1 pracownika socjalnego,2007,gmina,Trzyciąż,powiat olkuski,2377
27,Liczba mieszkańców na 1 pracownika socjalnego,2007,gmina,Wolbrom,powiat olkuski,1948
27,Liczba mieszkańców na 1 pracownika socjalnego,2007,powiat,powiat oświęcimski,powiat oświęcimski,2158
27,Liczba mieszkańców na 1 pracownika socjalnego,2007,gmina,Brzeszcze,powiat oświęcimski,1953
27,Liczba mieszkańców na 1 pracownika socjalnego,2007,gmina,Chełmek,powiat oświęcimski,1838
27,Liczba mieszkańców na 1 pracownika socjalnego,2007,gmina,Kęty,powiat oświęcimski,2588
27,Liczba mieszkańców na 1 pracownika socjalnego,2007,gmina,Osiek,powiat oświęcimski,3975
27,Liczba mieszkańców na 1 pracownika socjalnego,2007,gmina,Oświęcim (miasto),powiat oświęcimski,1842
27,Liczba mieszkańców na 1 pracownika socjalnego,2007,gmina,Oświęcim (wieś),powiat oświęcimski,2113
27,Liczba mieszkańców na 1 pracownika socjalnego,2007,gmina,Polanka Wielka,powiat oświęcimski,2064
27,Liczba mieszkańców na 1 pracownika socjalnego,2007,gmina,Przeciszów,powiat oświęcimski,3347
27,Liczba mieszkańców na 1 pracownika socjalnego,2007,gmina,Zator,powiat oświęcimski,2261
27,Liczba mieszkańców na 1 pracownika socjalnego,2007,powiat,powiat proszowicki,powiat proszowicki,3340
27,Liczba mieszkańców na 1 pracownika socjalnego,2007,gmina,Koniusza,powiat proszowicki,4358
27,Liczba mieszkańców na 1 pracownika socjalnego,2007,gmina,Koszyce,powiat proszowicki,5611
27,Liczba mieszkańców na 1 pracownika socjalnego,2007,gmina,Nowe Brzesko,powiat proszowicki,2881
27,Liczba mieszkańców na 1 pracownika socjalnego,2007,gmina,Pałecznica,powiat proszowicki,3743
27,Liczba mieszkańców na 1 pracownika socjalnego,2007,gmina,Proszowice,powiat proszowicki,2696
27,Liczba mieszkańców na 1 pracownika socjalnego,2007,gmina,Radziemice,powiat proszowicki,3417
27,Liczba mieszkańców na 1 pracownika socjalnego,2007,powiat,powiat suski,powiat suski,2573
27,Liczba mieszkańców na 1 pracownika socjalnego,2007,gmina,Budzów,powiat suski,4180
27,Liczba mieszkańców na 1 pracownika socjalnego,2007,gmina,Bystra-Sidzina,powiat suski,2166
27,Liczba mieszkańców na 1 pracownika socjalnego,2007,gmina,Jordanów (miasto),powiat suski,1714
27,Liczba mieszkańców na 1 pracownika socjalnego,2007,gmina,Jordanów (wieś),powiat suski,2630
27,Liczba mieszkańców na 1 pracownika socjalnego,2007,gmina,Maków Podhalański,powiat suski,1768
27,Liczba mieszkańców na 1 pracownika socjalnego,2007,gmina,Stryszawa,powiat suski,2950
27,Liczba mieszkańców na 1 pracownika socjalnego,2007,gmina,Sucha Beskidzka,powiat suski,4812
27,Liczba mieszkańców na 1 pracownika socjalnego,2007,gmina,Zawoja,powiat suski,2976
27,Liczba mieszkańców na 1 pracownika socjalnego,2007,gmina,Zembrzyce,powiat suski,2785
27,Liczba mieszkańców na 1 pracownika socjalnego,2007,powiat,powiat tarnowski,powiat tarnowski,2860
27,Liczba mieszkańców na 1 pracownika socjalnego,2007,gmina,Ciężkowice,powiat tarnowski,2214
27,Liczba mieszkańców na 1 pracownika socjalnego,2007,gmina,Gromnik,powiat tarnowski,2827
27,Liczba mieszkańców na 1 pracownika socjalnego,2007,gmina,Lisia Góra,powiat tarnowski,3471
27,Liczba mieszkańców na 1 pracownika socjalnego,2007,gmina,Pleśna,powiat tarnowski,2322
27,Liczba mieszkańców na 1 pracownika socjalnego,2007,gmina,Radłów,powiat tarnowski,1936
27,Liczba mieszkańców na 1 pracownika socjalnego,2007,gmina,Ryglice,powiat tarnowski,2864
27,Liczba mieszkańców na 1 pracownika socjalnego,2007,gmina,Rzepiennik Strzyżewski,powiat tarnowski,3410
27,Liczba mieszkańców na 1 pracownika socjalnego,2007,gmina,Skrzyszów,powiat tarnowski,3306
27,Liczba mieszkańców na 1 pracownika socjalnego,2007,gmina,Szerzyny,powiat tarnowski,2729
27,Liczba mieszkańców na 1 pracownika socjalnego,2007,gmina,Tarnów (wieś),powiat tarnowski,3897
27,Liczba mieszkańców na 1 pracownika socjalnego,2007,gmina,Tuchów,powiat tarnowski,2529
27,Liczba mieszkańców na 1 pracownika socjalnego,2007,gmina,Wierzchosławice,powiat tarnowski,2652
27,Liczba mieszkańców na 1 pracownika socjalnego,2007,gmina,Wietrzychowice,powiat tarnowski,2084
27,Liczba mieszkańców na 1 pracownika socjalnego,2007,gmina,Wojnicz,powiat tarnowski,3258
27,Liczba mieszkańców na 1 pracownika socjalnego,2007,gmina,Zakliczyn,powiat tarnowski,4081
27,Liczba mieszkańców na 1 pracownika socjalnego,2007,gmina,Żabno,powiat tarnowski,2706
27,Liczba mieszkańców na 1 pracownika socjalnego,2007,powiat,powiat tatrzański,powiat tatrzański,2715
27,Liczba mieszkańców na 1 pracownika socjalnego,2007,gmina,Biały Dunajec,powiat tatrzański,2250
27,Liczba mieszkańców na 1 pracownika socjalnego,2007,gmina,Bukowina Tatrzańska,powiat tatrzański,2502
27,Liczba mieszkańców na 1 pracownika socjalnego,2007,gmina,Kościelisko,powiat tatrzański,8057
27,Liczba mieszkańców na 1 pracownika socjalnego,2007,gmina,Poronin,powiat tatrzański,3588
27,Liczba mieszkańców na 1 pracownika socjalnego,2007,gmina,Zakopane,powiat tatrzański,2257
27,Liczba mieszkańców na 1 pracownika socjalnego,2007,powiat,powiat wadowicki,powiat wadowicki,2816
27,Liczba mieszkańców na 1 pracownika socjalnego,2007,gmina,Andrychów,powiat wadowicki,3066
27,Liczba mieszkańców na 1 pracownika socjalnego,2007,gmina,Brzeźnica,powiat wadowicki,1949
27,Liczba mieszkańców na 1 pracownika socjalnego,2007,gmina,Kalwaria Zebrzydowska,powiat wadowicki,2755
27,Liczba mieszkańców na 1 pracownika socjalnego,2007,gmina,Lanckorona,powiat wadowicki,1956
27,Liczba mieszkańców na 1 pracownika socjalnego,2007,gmina,Mucharz,powiat wadowicki,1925
27,Liczba mieszkańców na 1 pracownika socjalnego,2007,gmina,Spytkowice,powiat wadowicki,2488
27,Liczba mieszkańców na 1 pracownika socjalnego,2007,gmina,Stryszów,powiat wadowicki,3337
27,Liczba mieszkańców na 1 pracownika socjalnego,2007,gmina,Tomice,powiat wadowicki,2445
27,Liczba mieszkańców na 1 pracownika socjalnego,2007,gmina,Wadowice,powiat wadowicki,3424
27,Liczba mieszkańców na 1 pracownika socjalnego,2007,gmina,Wieprz,powiat wadowicki,2899
27,Liczba mieszkańców na 1 pracownika socjalnego,2007,powiat,powiat wielicki,powiat wielicki,3461
27,Liczba mieszkańców na 1 pracownika socjalnego,2007,gmina,Biskupice,powiat wielicki,4369
27,Liczba mieszkańców na 1 pracownika socjalnego,2007,gmina,Gdów,powiat wielicki,2760
27,Liczba mieszkańców na 1 pracownika socjalnego,2007,gmina,Kłaj,powiat wielicki,1984
27,Liczba mieszkańców na 1 pracownika socjalnego,2007,gmina,Niepołomice,powiat wielicki,5688
27,Liczba mieszkańców na 1 pracownika socjalnego,2007,gmina,Wieliczka,powiat wielicki,3524
