indicator_id,indicator,year,level,area,powiat,value
37,Niepełnosprawność,2024,powiat,powiat bocheński,powiat bocheński,41.88%
37,Niepełnosprawność,2024,gmina,Bochnia (miasto),powiat bocheński,37.15%
37,Niepełnosprawność,2024,gmina,Bochnia (wieś),powiat bocheński,39.29%
37,Niepełnosprawność,2024,gmina,Drwinia,powiat bocheński,28.03%
37,Niepełnosprawność,2024,gmina,Lipnica Murowana,powiat bocheński,45.63%
37,Niepełnosprawność,2024,gmina,Łapanów,powiat bocheński,42.57%
37,Niepełnosprawność,2024,gmina,Nowy Wiśnicz,powiat bocheński,51.09%
37,Niepełnosprawność,2024,gmina,Rzezawa,powiat bocheński,44.30%
37,Niepełnosprawność,2024,gmina,Trzciana,powiat bocheński,62.86%
37,Niepełnosprawność,2024,gmina,Żegocina,powiat bocheński,44.88%
37,Niepełnosprawność,2024,powiat,powiat brzeski,powiat brzeski,29.95%
37,Niepełnosprawność,2024,gmina,Borzęcin,powiat brzeski,19.92%
37,Niepełnosprawność,2024,gmina,Brzesko,powiat brzeski,41.83%
37,Niepełnosprawność,2024,gmina,Czchów,powiat brzeski,27.42%
37,Niepełnosprawność,2024,gmina,Dębno,powiat brzeski,20.87%
37,Niepełnosprawność,2024,gmina,Gnojnik,powiat brzeski,30.97%
37,Niepełnosprawność,2024,gmina,Iwkowa,powiat brzeski,30.59%
37,Niepełnosprawność,2024,gmina,Szczurowa,powiat brzeski,19.50%
37,Niepełnosprawność,2024,powiat,powiat chrzanowski,powiat chrzanowski,40.39%
37,Niepełnosprawność,2024,gmina,Alwernia,powiat chrzanowski,32.95%
37,Niepełnosprawność,2024,gmina,Babice,powiat chrzanowski,45.53%
37,Niepełnosprawność,2024,gmina,Chrzanów,powiat chrzanowski,41.33%
37,Niepełnosprawność,2024,gmina,Libiąż,powiat chrzanowski,49.34%
37,Niepełnosprawność,2024,gmina,Trzebinia,powiat chrzanowski,37.47%
37,Niepełnosprawność,2024,powiat,powiat dąbrowski,powiat dąbrowski,35.55%
37,Niepełnosprawność,2024,gmina,Bolesław,powiat dąbrowski,23.72%
37,Niepełnosprawność,2024,gmina,Dąbrowa Tarnowska,powiat dąbrowski,52.57%
37,Niepełnosprawność,2024,gmina,Gręboszów,powiat dąbrowski,48.91%
37,Niepełnosprawność,2024,gmina,Mędrzechów,powiat dąbrowski,35.08%
37,Niepełnosprawność,2024,gmina,Olesno,powiat dąbrowski,52.15%
37,Niepełnosprawność,2024,gmina,Radgoszcz,powiat dąbrowski,23.01%
37,Niepełnosprawność,2024,gmina,Szczucin,powiat dąbrowski,27.82%
37,Niepełnosprawność,2024,powiat,powiat gorlicki,powiat gorlicki,39.65%
37,Niepełnosprawność,2024,gmina,Biecz,powiat gorlicki,51.65%
37,Niepełnosprawność,2024,gmina,Bobowa,powiat gorlicki,34.90%
37,Niepełnosprawność,2024,gmina,Gorlice (miasto),powiat gorlicki,53.22%
37,Niepełnosprawność,2024,gmina,Gorlice (wieś),powiat gorlicki,40.65%
37,Niepełnosprawność,2024,gmina,Lipinki,powiat gorlicki,28.18%
37,Niepełnosprawność,2024,gmina,Łużna,powiat gorlicki,38.71%
37,Niepełnosprawność,2024,gmina,Moszczenica,powiat gorlicki,33.79%
37,Niepełnosprawność,2024,gmina,Ropa,powiat gorlicki,30.08%
37,Niepełnosprawność,2024,gmina,Sękowa,powiat gorlicki,42.86%
37,Niepełnosprawność,2024,gmina,Uście Gorlickie,powiat gorlicki,31.31%
37,Niepełnosprawność,2024,powiat,powiat krakowski,powiat krakowski,41.29%
37,Niepełnosprawność,2024,gmina,Czernichów,powiat krakowski,57.46%
37,Niepełnosprawność,2024,gmina,Igołomia-Wawrzeńczyce,powiat krakowski,28.27%
37,Niepełnosprawność,2024,gmina,Iwanowice,powiat krakowski,34.40%
37,Niepełnosprawność,2024,gmina,Jerzmanowice-Przeginia,powiat krakowski,45.52%
37,Niepełnosprawność,2024,gmina,Kocmyrzów-Luborzyca,powiat krakowski,31.82%
37,Niepełnosprawność,2024,gmina,Krzeszowice,powiat krakowski,47.86%
37,Niepełnosprawność,2024,gmina,Liszki,powiat krakowski,53.49%
37,Niepełnosprawność,2024,gmina,Michałowice,powiat krakowski,35.37%
37,Niepełnosprawność,2024,gmina,Mogilany,powiat krakowski,70.69%
37,Niepełnosprawność,2024,gmina,Skała,powiat krakowski,23.61%
37,Niepełnosprawność,2024,gmina,Skawina,powiat krakowski,41.34%
37,Niepełnosprawność,2024,gmina,Słomniki,powiat krakowski,29.43%
37,Niepełnosprawność,2024,gmina,Sułoszowa,powiat krakowski,49.46%
37,Niepełnosprawność,2024,gmina,Świątniki Górne,powiat krakowski,56.88%
37,Niepełnosprawność,2024,gmina,Wielka Wieś,powiat krakowski,47.12%
37,Niepełnosprawność,2024,gmina,Zabierzów,powiat krakowski,37.07%
37,Niepełnosprawność,2024,gmina,Zielonki,powiat krakowski,52.99%
37,Niepełnosprawność,2024,powiat,powiat limanowski,powiat limanowski,26.84%
37,Niepełnosprawność,2024,gmina,Dobra,powiat limanowski,28.16%
37,Niepełnosprawność,2024,gmina,Jodłownik,powiat limanowski,35.60%
37,Niepełnosprawność,2024,gmina,Kamienica,powiat limanowski,11.76%
37,Niepełnosprawność,2024,gmina,Laskowa,powiat limanowski,29.90%
37,Niepełnosprawność,2024,gmina,Limanowa (miasto),powiat limanowski,32.39%
37,Niepełnosprawność,2024,gmina,Limanowa (wieś),powiat limanowski,35.05%
37,Niepełnosprawność,2024,gmina,Łukowica,powiat limanowski,13.93%
37,Niepełnosprawność,2024,gmina,Mszana Dolna (miasto),powiat limanowski,22.26%
37,Niepełnosprawność,2024,gmina,Mszana Dolna (wieś),powiat limanowski,22.24%
37,Niepełnosprawność,2024,gmina,Niedźwiedź,powiat limanowski,42.83%
37,Niepełnosprawność,2024,gmina,Słopnice,powiat limanowski,65.22%
37,Niepełnosprawność,2024,gmina,Tymbark,powiat limanowski,22.11%
37,Niepełnosprawność,2024,powiat,powiat m. Kraków,powiat m. Kraków,36.84%
37,Niepełnosprawność,2024,powiat,powiat m. Nowy Sącz,powiat m. Nowy Sącz,49.16%
37,Niepełnosprawność,2024,powiat,powiat m. Tarnów,powiat m. Tarnów,42.80%
37,Niepełnosprawność,2024,powiat,powiat miechowski,powiat miechowski,37.38%
37,Niepełnosprawność,2024,gmina,Charsznica,powiat miechowski,32.34%
37,Niepełnosprawność,2024,gmina,Gołcza,powiat miechowski,32.37%
37,Niepełnosprawność,2024,gmina,Kozłów,powiat miechowski,27.34%
37,Niepełnosprawność,2024,gmina,Książ Wielki,powiat miechowski,37.59%
37,Niepełnosprawność,2024,gmina,Miechów,powiat miechowski,48.09%
37,Niepełnosprawność,2024,gmina,Racławice,powiat miechowski,15.49%
37,Niepełnosprawność,2024,gmina,Słaboszów,powiat miechowski,24.49%
37,Niepełnosprawność,2024,powiat,powiat myślenicki,powiat myślenicki,35.10%
37,Niepełnosprawność,2024,gmina,Dobczyce,powiat myślenicki,18.54%
37,Niepełnosprawność,2024,gmina,Lubień,powiat myślenicki,42.51%
37,Niepełnosprawność,2024,gmina,Myślenice,powiat myślenicki,51.86%
37,Niepełnosprawność,2024,gmina,Pcim,powiat myślenicki,20.68%
37,Niepełnosprawność,2024,gmina,Raciechowice,powiat myślenicki,28.33%
37,Niepełnosprawność,2024,gmina,Siepraw,powiat myślenicki,22.30%
37,Niepełnosprawność,2024,gmina,Sułkowice,powiat myślenicki,34.91%
37,Niepełnosprawność,2024,gmina,Tokarnia,powiat myślenicki,42.17%
37,Niepełnosprawność,2024,gmina,Wiśniowa,powiat myślenicki,53.52%
37,Niepełnosprawność,2024,powiat,powiat nowosądecki,powiat nowosądecki,25.94%
37,Niepełnosprawność,2024,gmina,Podegrodzie,powiat nowosądecki,20.77%
37,Niepełnosprawność,2024,gmina,Rytro,powiat nowosądecki,30.25%
37,Niepełnosprawność,2024,gmina,Stary Sącz,powiat nowosądecki,35.89%
37,Niepełnosprawność,2024,gmina,Chełmiec,powiat nowosądecki,31.34%
37,Niepełnosprawność,2024,gmina,Gródek nad Dunajcem,powiat nowosądecki,27.23%
37,Niepełnosprawność,2024,gmina,Grybów (miasto),powiat nowosądecki,28.00%
37,Niepełnosprawność,2024,gmina,Grybów (wieś),powiat nowosądecki,16.10%
37,Niepełnosprawność,2024,gmina,Kamionka Wielka,powiat nowosądecki,23.11%
37,Niepełnosprawność,2024,gmina,Korzenna,powiat nowosądecki,13.46%
37,Niepełnosprawność,2024,gmina,Krynica-Zdrój,powiat nowosądecki,40.62%
37,Niepełnosprawność,2024,gmina,Łabowa,powiat nowosądecki,16.71%
37,Niepełnosprawność,2024,gmina,Łącko,powiat nowosądecki,41.33%
37,Niepełnosprawność,2024,gmina,Łososina Dolna,powiat nowosądecki,19.34%
37,Niepełnosprawność,2024,gmina,Muszyna,powiat nowosądecki,30.95%
37,Niepełnosprawność,2024,gmina,Nawojowa,powiat nowosądecki,29.89%
37,Niepełnosprawność,2024,gmina,Piwniczna-Zdrój,powiat nowosądecki,35.52%
37,Niepełnosprawność,2024,powiat,powiat nowotarski,powiat nowotarski,39.54%
37,Niepełnosprawność,2024,gmina,Czarny Dunajec,powiat nowotarski,45.39%
37,Niepełnosprawność,2024,gmina,Czorsztyn,powiat nowotarski,48.86%
37,Niepełnosprawność,2024,gmina,Jabłonka,powiat nowotarski,33.47%
37,Niepełnosprawność,2024,gmina,Krościenko nad Dunajcem,powiat nowotarski,62.31%
37,Niepełnosprawność,2024,gmina,Lipnica Wielka,powiat nowotarski,26.98%
37,Niepełnosprawność,2024,gmina,Łapsze Niżne,powiat nowotarski,43.59%
37,Niepełnosprawność,2024,gmina,Nowy Targ (miasto),powiat nowotarski,42.03%
37,Niepełnosprawność,2024,gmina,Nowy Targ (wieś),powiat nowotarski,27.44%
37,Niepełnosprawność,2024,gmina,Ochotnica Dolna,powiat nowotarski,44.76%
37,Niepełnosprawność,2024,gmina,Raba Wyżna,powiat nowotarski,49.63%
37,Niepełnosprawność,2024,gmina,Rabka-Zdrój,powiat nowotarski,43.80%
37,Niepełnosprawność,2024,gmina,Spytkowice,powiat nowotarski,40.00%
37,Niepełnosprawność,2024,gmina,Szaflary,powiat nowotarski,33.59%
37,Niepełnosprawność,2024,gmina,Szczawnica,powiat nowotarski,30.98%
37,Niepełnosprawność,2024,powiat,powiat olkuski,powiat olkuski,29.09%
37,Niepełnosprawność,2024,gmina,Bolesław,powiat olkuski,38.64%
37,Niepełnosprawność,2024,gmina,Bukowno,powiat olkuski,25.17%
37,Niepełnosprawność,2024,gmina,Klucze,powiat olkuski,36.94%
37,Niepełnosprawność,2024,gmina,Olkusz,powiat olkuski,21.23%
37,Niepełnosprawność,2024,gmina,Trzyciąż,powiat olkuski,45.36%
37,Niepełnosprawność,2024,gmina,Wolbrom,powiat olkuski,45.25%
37,Niepełnosprawność,2024,powiat,powiat oświęcimski,powiat oświęcimski,48.71%
37,Niepełnosprawność,2024,gmina,Brzeszcze,powiat oświęcimski,55.19%
37,Niepełnosprawność,2024,gmina,Chełmek,powiat oświęcimski,48.99%
37,Niepełnosprawność,2024,gmina,Kęty,powiat oświęcimski,57.90%
37,Niepełnosprawność,2024,gmina,Osiek,powiat oświęcimski,37.80%
37,Niepełnosprawność,2024,gmina,Oświęcim (miasto),powiat oświęcimski,45.92%
37,Niepełnosprawność,2024,gmina,Oświęcim (wieś),powiat oświęcimski,62.05%
37,Niepełnosprawność,2024,gmina,Polanka Wielka,powiat oświęcimski,49.38%
37,Niepełnosprawność,2024,gmina,Przeciszów,powiat oświęcimski,42.17%
37,Niepełnosprawność,2024,gmina,Zator,powiat oświęcimski,31.84%
37,Niepełnosprawność,2024,powiat,powiat proszowicki,powiat proszowicki,26.78%
37,Niepełnosprawność,2024,gmina,Koniusza,powiat proszowicki,3.90%
37,Niepełnosprawność,2024,gmina,Koszyce,powiat proszowicki,30.00%
37,Niepełnosprawność,2024,gmina,Nowe Brzesko,powiat proszowicki,17.54%
37,Niepełnosprawność,2024,gmina,Pałecznica,powiat proszowicki,50.36%
37,Niepełnosprawność,2024,gmina,Proszowice,powiat proszowicki,28.21%
37,Niepełnosprawność,2024,gmina,Radziemice,powiat proszowicki,42.53%
37,Niepełnosprawność,2024,powiat,powiat suski,powiat suski,44.86%
37,Niepełnosprawność,2024,gmina,Budzów,powiat suski,50.44%
37,Niepełnosprawność,2024,gmina,Bystra-Sidzina,powiat suski,38.64%
37,Niepełnosprawność,2024,gmina,Jordanów (miasto),powiat suski,51.92%
37,Niepełnosprawność,2024,gmina,Jordanów (wieś),powiat suski,36.24%
37,Niepełnosprawność,2024,gmina,Maków Podhalański,powiat suski,52.72%
37,Niepełnosprawność,2024,gmina,Stryszawa,powiat suski,44.53%
37,Niepełnosprawność,2024,gmina,Sucha Beskidzka,powiat suski,50.68%
37,Niepełnosprawność,2024,gmina,Zawoja,powiat suski,42.03%
37,Niepełnosprawność,2024,gmina,Zembrzyce,powiat suski,46.72%
37,Niepełnosprawność,2024,powiat,powiat tarnowski,powiat tarnowski,36.33%
37,Niepełnosprawność,2024,gmina,Ciężkowice,powiat tarnowski,29.07%
37,Niepełnosprawność,2024,gmina,Gromnik,powiat tarnowski,43.37%
37,Niepełnosprawność,2024,gmina,Lisia Góra,powiat tarnowski,40.29%
37,Niepełnosprawność,2024,gmina,Pleśna,powiat tarnowski,40.20%
37,Niepełnosprawność,2024,gmina,Radłów,powiat tarnowski,41.06%
37,Niepełnosprawność,2024,gmina,Ryglice,powiat tarnowski,26.49%
37,Niepełnosprawność,2024,gmina,Rzepiennik Strzyżewski,powiat tarnowski,8.60%
37,Niepełnosprawność,2024,gmina,Skrzyszów,powiat tarnowski,61.30%
37,Niepełnosprawność,2024,gmina,Szerzyny,powiat tarnowski,34.66%
37,Niepełnosprawność,2024,gmina,Tarnów (wieś),powiat tarnowski,36.64%
37,Niepełnosprawność,2024,gmina,Tuchów,powiat tarnowski,60.44%
37,Niepełnosprawność,2024,gmina,Wierzchosławice,powiat tarnowski,36.71%
37,Niepełnosprawność,2024,gmina,Wietrzychowice,powiat tarnowski,35.34%
37,Niepełnosprawność,2024,gmina,Wojnicz,powiat tarnowski,62.29%
37,Niepełnosprawność,2024,gmina,Zakliczyn,powiat tarnowski,23.53%
37,Niepełnosprawność,2024,gmina,Żabno,powiat tarnowski,49.37%
37,Niepełnosprawność,2024,powiat,powiat tatrzański,powiat tatrzański,41.55%
37,Niepełnosprawność,2024,gmina,Biały Dunajec,powiat tatrzański,37.85%
37,Niepełnosprawność,2024,gmina,Bukowina Tatrzańska,powiat tatrzański,43.41%
37,Niepełnosprawność,2024,gmina,Kościelisko,powiat tatrzański,35.46%
37,Niepełnosprawność,2024,gmina,Poronin,powiat tatrzański,54.00%
37,Niepełnosprawność,2024,gmina,Zakopane,powiat tatrzański,40.56%
37,Niepełnosprawność,2024,powiat,powiat wadowicki,powiat wadowicki,47.09%
37,Niepełnosprawność,2024,gmina,Andrychów,powiat wadowicki,45.49%
37,Niepełnosprawność,2024,gmina,Brzeźnica,powiat wadowicki,45.95%
37,Niepełnosprawność,2024,gmina,Kalwaria Zebrzydowska,powiat wadowicki,56.25%
37,Niepełnosprawność,2024,gmina,Lanckorona,powiat wadowicki,60.94%
37,Niepełnosprawność,2024,gmina,Mucharz,powiat wadowicki,39.13%
37,Niepełnosprawność,2024,gmina,Spytkowice,powiat wadowicki,31.52%
37,Niepełnosprawność,2024,gmina,Stryszów,powiat wadowicki,49.12%
37,Niepełnosprawność,2024,gmina,Tomice,powiat wadowicki,56.79%
37,Niepełnosprawność,2024,gmina,Wadowice,powiat wadowicki,51.95%
37,Niepełnosprawność,2024,gmina,Wieprz,powiat wadowicki,37.54%
37,Niepełnosprawność,2024,powiat,powiat wielicki,powiat wielicki,36.52%
37,Niepełnosprawność,2024,gmina,Biskupice,powiat wielicki,44.09%
37,Niepełnosprawność,2024,gmina,Gdów,powiat wielicki,22.05%
37,Niepełnosprawność,2024,gmina,Kłaj,powiat wielicki,50.00%
37,Niepełnosprawność,2024,gmina,Niepołomice,powiat wielicki,38.79%
37,Niepełnosprawność,2024,gmina,Wieliczka,powiat wielicki,35.17%
37,Niepełnosprawność,2023,powiat,powiat bocheński,powiat bocheński,36.98%
37,Niepełnosprawność,2023,gmina,Bochnia (miasto),powiat bocheński,33.45%
37,Niepełnosprawność,2023,gmina,Bochnia (wieś),powiat bocheński,33.58%
37,Niepełnosprawność,2023,gmina,Drwinia,powiat bocheński,35.50%
37,Niepełnosprawność,2023,gmina,Lipnica Murowana,powiat bocheński,42.19%
37,Niepełnosprawność,2023,gmina,Łapanów,powiat bocheński,33.93%
37,Niepełnosprawność,2023,gmina,Nowy Wiśnicz,powiat bocheński,42.42%
37,Niepełnosprawność,2023,gmina,Rzezawa,powiat bocheński,38.30%
37,Niepełnosprawność,2023,gmina,Trzciana,powiat bocheński,47.59%
37,Niepełnosprawność,2023,gmina,Żegocina,powiat bocheński,40.95%
37,Niepełnosprawność,2023,powiat,powiat brzeski,powiat brzeski,28.44%
37,Niepełnosprawność,2023,gmina,Borzęcin,powiat brzeski,10.00%
37,Niepełnosprawność,2023,gmina,Brzesko,powiat brzeski,39.39%
37,Niepełnosprawność,2023,gmina,Czchów,powiat brzeski,30.43%
37,Niepełnosprawność,2023,gmina,Dębno,powiat brzeski,24.35%
37,Niepełnosprawność,2023,gmina,Gnojnik,powiat brzeski,30.37%
37,Niepełnosprawność,2023,gmina,Iwkowa,powiat brzeski,33.78%
37,Niepełnosprawność,2023,gmina,Szczurowa,powiat brzeski,22.84%
37,Niepełnosprawność,2023,powiat,powiat chrzanowski,powiat chrzanowski,39.12%
37,Niepełnosprawność,2023,gmina,Alwernia,powiat chrzanowski,17.82%
37,Niepełnosprawność,2023,gmina,Babice,powiat chrzanowski,44.81%
37,Niepełnosprawność,2023,gmina,Chrzanów,powiat chrzanowski,40.14%
37,Niepełnosprawność,2023,gmina,Libiąż,powiat chrzanowski,56.92%
37,Niepełnosprawność,2023,gmina,Trzebinia,powiat chrzanowski,35.51%
37,Niepełnosprawność,2023,powiat,powiat dąbrowski,powiat dąbrowski,34.98%
37,Niepełnosprawność,2023,gmina,Bolesław,powiat dąbrowski,31.60%
37,Niepełnosprawność,2023,gmina,Dąbrowa Tarnowska,powiat dąbrowski,43.43%
37,Niepełnosprawność,2023,gmina,Gręboszów,powiat dąbrowski,47.41%
37,Niepełnosprawność,2023,gmina,Mędrzechów,powiat dąbrowski,41.62%
37,Niepełnosprawność,2023,gmina,Olesno,powiat dąbrowski,51.50%
37,Niepełnosprawność,2023,gmina,Radgoszcz,powiat dąbrowski,23.63%
37,Niepełnosprawność,2023,gmina,Szczucin,powiat dąbrowski,27.92%
37,Niepełnosprawność,2023,powiat,powiat gorlicki,powiat gorlicki,37.19%
37,Niepełnosprawność,2023,gmina,Biecz,powiat gorlicki,52.74%
37,Niepełnosprawność,2023,gmina,Bobowa,powiat gorlicki,32.23%
37,Niepełnosprawność,2023,gmina,Gorlice (miasto),powiat gorlicki,53.13%
37,Niepełnosprawność,2023,gmina,Gorlice (wieś),powiat gorlicki,29.03%
37,Niepełnosprawność,2023,gmina,Lipinki,powiat gorlicki,29.73%
37,Niepełnosprawność,2023,gmina,Łużna,powiat gorlicki,29.64%
37,Niepełnosprawność,2023,gmina,Moszczenica,powiat gorlicki,36.88%
37,Niepełnosprawność,2023,gmina,Ropa,powiat gorlicki,33.68%
37,Niepełnosprawność,2023,gmina,Sękowa,powiat gorlicki,43.24%
37,Niepełnosprawność,2023,gmina,Uście Gorlickie,powiat gorlicki,28.87%
37,Niepełnosprawność,2023,powiat,powiat krakowski,powiat krakowski,39.96%
37,Niepełnosprawność,2023,gmina,Czernichów,powiat krakowski,62.50%
37,Niepełnosprawność,2023,gmina,Igołomia-Wawrzeńczyce,powiat krakowski,37.34%
37,Niepełnosprawność,2023,gmina,Iwanowice,powiat krakowski,34.48%
37,Niepełnosprawność,2023,gmina,Jerzmanowice-Przeginia,powiat krakowski,45.63%
37,Niepełnosprawność,2023,gmina,Kocmyrzów-Luborzyca,powiat krakowski,25.31%
37,Niepełnosprawność,2023,gmina,Krzeszowice,powiat krakowski,44.64%
37,Niepełnosprawność,2023,gmina,Liszki,powiat krakowski,46.34%
37,Niepełnosprawność,2023,gmina,Michałowice,powiat krakowski,36.81%
37,Niepełnosprawność,2023,gmina,Mogilany,powiat krakowski,74.38%
37,Niepełnosprawność,2023,gmina,Skała,powiat krakowski,24.45%
37,Niepełnosprawność,2023,gmina,Skawina,powiat krakowski,38.09%
37,Niepełnosprawność,2023,gmina,Słomniki,powiat krakowski,24.53%
37,Niepełnosprawność,2023,gmina,Sułoszowa,powiat krakowski,51.49%
37,Niepełnosprawność,2023,gmina,Świątniki Górne,powiat krakowski,48.80%
37,Niepełnosprawność,2023,gmina,Wielka Wieś,powiat krakowski,51.44%
37,Niepełnosprawność,2023,gmina,Zabierzów,powiat krakowski,35.87%
37,Niepełnosprawność,2023,gmina,Zielonki,powiat krakowski,45.30%
37,Niepełnosprawność,2023,powiat,powiat limanowski,powiat limanowski,26.89%
37,Niepełnosprawność,2023,gmina,Dobra,powiat limanowski,28.53%
37,Niepełnosprawność,2023,gmina,Jodłownik,powiat limanowski,27.48%
37,Niepełnosprawność,2023,gmina,Kamienica,powiat limanowski,10.80%
37,Niepełnosprawność,2023,gmina,Laskowa,powiat limanowski,26.26%
37,Niepełnosprawność,2023,gmina,Limanowa (miasto),powiat limanowski,27.91%
37,Niepełnosprawność,2023,gmina,Limanowa (wieś),powiat limanowski,36.42%
37,Niepełnosprawność,2023,gmina,Łukowica,powiat limanowski,15.21%
37,Niepełnosprawność,2023,gmina,Mszana Dolna (miasto),powiat limanowski,35.21%
37,Niepełnosprawność,2023,gmina,Mszana Dolna (wieś),powiat limanowski,23.83%
37,Niepełnosprawność,2023,gmina,Niedźwiedź,powiat limanowski,44.58%
37,Niepełnosprawność,2023,gmina,Słopnice,powiat limanowski,53.88%
37,Niepełnosprawność,2023,gmina,Tymbark,powiat limanowski,24.69%
37,Niepełnosprawność,2023,powiat,powiat m. Kraków,powiat m. Kraków,36.92%
37,Niepełnosprawność,2023,powiat,powiat m. Nowy Sącz,powiat m. Nowy Sącz,44.59%
37,Niepełnosprawność,2023,powiat,powiat m. Tarnów,powiat m. Tarnów,42.03%
37,Niepełnosprawność,2023,powiat,powiat miechowski,powiat miechowski,40.42%
37,Niepełnosprawność,2023,gmina,Charsznica,powiat miechowski,43.78%
37,Niepełnosprawność,2023,gmina,Gołcza,powiat miechowski,32.90%
37,Niepełnosprawność,2023,gmina,Kozłów,powiat miechowski,43.59%
37,Niepełnosprawność,2023,gmina,Książ Wielki,powiat miechowski,36.48%
37,Niepełnosprawność,2023,gmina,Miechów,powiat miechowski,44.92%
37,Niepełnosprawność,2023,gmina,Racławice,powiat miechowski,13.11%
37,Niepełnosprawność,2023,gmina,Słaboszów,powiat miechowski,40.19%
37,Niepełnosprawność,2023,powiat,powiat myślenicki,powiat myślenicki,36.05%
37,Niepełnosprawność,2023,gmina,Dobczyce,powiat myślenicki,22.85%
37,Niepełnosprawność,2023,gmina,Lubień,powiat myślenicki,34.89%
37,Niepełnosprawność,2023,gmina,Myślenice,powiat myślenicki,54.06%
37,Niepełnosprawność,2023,gmina,Pcim,powiat myślenicki,24.27%
37,Niepełnosprawność,2023,gmina,Raciechowice,powiat myślenicki,28.87%
37,Niepełnosprawność,2023,gmina,Siepraw,powiat myślenicki,30.27%
37,Niepełnosprawność,2023,gmina,Sułkowice,powiat myślenicki,35.84%
37,Niepełnosprawność,2023,gmina,Tokarnia,powiat myślenicki,34.24%
37,Niepełnosprawność,2023,gmina,Wiśniowa,powiat myślenicki,38.61%
37,Niepełnosprawność,2023,powiat,powiat nowosądecki,powiat nowosądecki,25.48%
37,Niepełnosprawność,2023,gmina,Podegrodzie,powiat nowosądecki,33.87%
37,Niepełnosprawność,2023,gmina,Rytro,powiat nowosądecki,28.46%
37,Niepełnosprawność,2023,gmina,Stary Sącz,powiat nowosądecki,18.75%
37,Niepełnosprawność,2023,gmina,Chełmiec,powiat nowosądecki,15.43%
37,Niepełnosprawność,2023,gmina,Gródek nad Dunajcem,powiat nowosądecki,23.91%
37,Niepełnosprawność,2023,gmina,Grybów (miasto),powiat nowosądecki,13.53%
37,Niepełnosprawność,2023,gmina,Grybów (wieś),powiat nowosądecki,36.78%
37,Niepełnosprawność,2023,gmina,Kamionka Wielka,powiat nowosądecki,18.12%
37,Niepełnosprawność,2023,gmina,Korzenna,powiat nowosądecki,41.74%
37,Niepełnosprawność,2023,gmina,Krynica-Zdrój,powiat nowosądecki,17.88%
37,Niepełnosprawność,2023,gmina,Łabowa,powiat nowosądecki,24.52%
37,Niepełnosprawność,2023,gmina,Łącko,powiat nowosądecki,29.68%
37,Niepełnosprawność,2023,gmina,Łososina Dolna,powiat nowosądecki,34.22%
37,Niepełnosprawność,2023,gmina,Muszyna,powiat nowosądecki,20.66%
37,Niepełnosprawność,2023,gmina,Nawojowa,powiat nowosądecki,27.12%
37,Niepełnosprawność,2023,gmina,Piwniczna-Zdrój,powiat nowosądecki,34.85%
37,Niepełnosprawność,2023,powiat,powiat nowotarski,powiat nowotarski,40.23%
37,Niepełnosprawność,2023,gmina,Czarny Dunajec,powiat nowotarski,41.96%
37,Niepełnosprawność,2023,gmina,Czorsztyn,powiat nowotarski,56.30%
37,Niepełnosprawność,2023,gmina,Jabłonka,powiat nowotarski,35.19%
37,Niepełnosprawność,2023,gmina,Krościenko nad Dunajcem,powiat nowotarski,63.51%
37,Niepełnosprawność,2023,gmina,Lipnica Wielka,powiat nowotarski,28.23%
37,Niepełnosprawność,2023,gmina,Łapsze Niżne,powiat nowotarski,52.63%
37,Niepełnosprawność,2023,gmina,Nowy Targ (miasto),powiat nowotarski,36.43%
37,Niepełnosprawność,2023,gmina,Nowy Targ (wieś),powiat nowotarski,35.64%
37,Niepełnosprawność,2023,gmina,Ochotnica Dolna,powiat nowotarski,46.94%
37,Niepełnosprawność,2023,gmina,Raba Wyżna,powiat nowotarski,49.22%
37,Niepełnosprawność,2023,gmina,Rabka-Zdrój,powiat nowotarski,48.24%
37,Niepełnosprawność,2023,gmina,Spytkowice,powiat nowotarski,27.56%
37,Niepełnosprawność,2023,gmina,Szaflary,powiat nowotarski,32.42%
37,Niepełnosprawność,2023,gmina,Szczawnica,powiat nowotarski,35.39%
37,Niepełnosprawność,2023,powiat,powiat olkuski,powiat olkuski,32.67%
37,Niepełnosprawność,2023,gmina,Bolesław,powiat olkuski,34.62%
37,Niepełnosprawność,2023,gmina,Bukowno,powiat olkuski,26.55%
37,Niepełnosprawność,2023,gmina,Klucze,powiat olkuski,47.41%
37,Niepełnosprawność,2023,gmina,Olkusz,powiat olkuski,23.62%
37,Niepełnosprawność,2023,gmina,Trzyciąż,powiat olkuski,47.62%
37,Niepełnosprawność,2023,gmina,Wolbrom,powiat olkuski,44.27%
37,Niepełnosprawność,2023,powiat,powiat oświęcimski,powiat oświęcimski,45.06%
37,Niepełnosprawność,2023,gmina,Brzeszcze,powiat oświęcimski,56.33%
37,Niepełnosprawność,2023,gmina,Chełmek,powiat oświęcimski,55.44%
37,Niepełnosprawność,2023,gmina,Kęty,powiat oświęcimski,48.44%
37,Niepełnosprawność,2023,gmina,Osiek,powiat oświęcimski,56.25%
37,Niepełnosprawność,2023,gmina,Oświęcim (miasto),powiat oświęcimski,40.46%
37,Niepełnosprawność,2023,gmina,Oświęcim (wieś),powiat oświęcimski,54.12%
37,Niepełnosprawność,2023,gmina,Polanka Wielka,powiat oświęcimski,76.19%
37,Niepełnosprawność,2023,gmina,Przeciszów,powiat oświęcimski,25.64%
37,Niepełnosprawność,2023,gmina,Zator,powiat oświęcimski,29.22%
37,Niepełnosprawność,2023,powiat,powiat proszowicki,powiat proszowicki,26.50%
37,Niepełnosprawność,2023,gmina,Koniusza,powiat proszowicki,5.06%
37,Niepełnosprawność,2023,gmina,Koszyce,powiat proszowicki,28.57%
37,Niepełnosprawność,2023,gmina,Nowe Brzesko,powiat proszowicki,21.30%
37,Niepełnosprawność,2023,gmina,Pałecznica,powiat proszowicki,43.66%
37,Niepełnosprawność,2023,gmina,Proszowice,powiat proszowicki,31.12%
37,Niepełnosprawność,2023,gmina,Radziemice,powiat proszowicki,35.71%
37,Niepełnosprawność,2023,powiat,powiat suski,powiat suski,39.39%
37,Niepełnosprawność,2023,gmina,Budzów,powiat suski,35.87%
37,Niepełnosprawność,2023,gmina,Bystra-Sidzina,powiat suski,35.82%
37,Niepełnosprawność,2023,gmina,Jordanów (miasto),powiat suski,44.95%
37,Niepełnosprawność,2023,gmina,Jordanów (wieś),powiat suski,34.55%
37,Niepełnosprawność,2023,gmina,Maków Podhalański,powiat suski,41.31%
37,Niepełnosprawność,2023,gmina,Stryszawa,powiat suski,39.75%
37,Niepełnosprawność,2023,gmina,Sucha Beskidzka,powiat suski,48.16%
37,Niepełnosprawność,2023,gmina,Zawoja,powiat suski,35.94%
37,Niepełnosprawność,2023,gmina,Zembrzyce,powiat suski,44.30%
37,Niepełnosprawność,2023,powiat,powiat tarnowski,powiat tarnowski,32.86%
37,Niepełnosprawność,2023,gmina,Ciężkowice,powiat tarnowski,24.40%
37,Niepełnosprawność,2023,gmina,Gromnik,powiat tarnowski,46.91%
37,Niepełnosprawność,2023,gmina,Lisia Góra,powiat tarnowski,38.05%
37,Niepełnosprawność,2023,gmina,Pleśna,powiat tarnowski,35.28%
37,Niepełnosprawność,2023,gmina,Radłów,powiat tarnowski,41.48%
37,Niepełnosprawność,2023,gmina,Ryglice,powiat tarnowski,27.00%
37,Niepełnosprawność,2023,gmina,Rzepiennik Strzyżewski,powiat tarnowski,7.15%
37,Niepełnosprawność,2023,gmina,Skrzyszów,powiat tarnowski,62.18%
37,Niepełnosprawność,2023,gmina,Szerzyny,powiat tarnowski,29.91%
37,Niepełnosprawność,2023,gmina,Tarnów (wieś),powiat tarnowski,31.48%
37,Niepełnosprawność,2023,gmina,Tuchów,powiat tarnowski,48.48%
37,Niepełnosprawność,2023,gmina,Wierzchosławice,powiat tarnowski,36.80%
37,Niepełnosprawność,2023,gmina,Wietrzychowice,powiat tarnowski,50.00%
37,Niepełnosprawność,2023,gmina,Wojnicz,powiat tarnowski,58.04%
37,Niepełnosprawność,2023,gmina,Zakliczyn,powiat tarnowski,17.25%
37,Niepełnosprawność,2023,gmina,Żabno,powiat tarnowski,39.58%
37,Niepełnosprawność,2023,powiat,powiat tatrzański,powiat tatrzański,38.17%
37,Niepełnosprawność,2023,gmina,Biały Dunajec,powiat tatrzański,40.00%
37,Niepełnosprawność,2023,gmina,Bukowina Tatrzańska,powiat tatrzański,46.75%
37,Niepełnosprawność,2023,gmina,Kościelisko,powiat tatrzański,40.17%
37,Niepełnosprawność,2023,gmina,Poronin,powiat tatrzański,43.57%
37,Niepełnosprawność,2023,gmina,Zakopane,powiat tatrzański,32.07%
37,Niepełnosprawność,2023,powiat,powiat wadowicki,powiat wadowicki,42.98%
37,Niepełnosprawność,2023,gmina,Andrychów,powiat wadowicki,45.89%
37,Niepełnosprawność,2023,gmina,Brzeźnica,powiat wadowicki,46.67%
37,Niepełnosprawność,2023,gmina,Kalwaria Zebrzydowska,powiat wadowicki,49.63%
37,Niepełnosprawność,2023,gmina,Lanckorona,powiat wadowicki,17.65%
37,Niepełnosprawność,2023,gmina,Mucharz,powiat wadowicki,39.64%
37,Niepełnosprawność,2023,gmina,Spytkowice,powiat wadowicki,30.72%
37,Niepełnosprawność,2023,gmina,Stryszów,powiat wadowicki,57.14%
37,Niepełnosprawność,2023,gmina,Tomice,powiat wadowicki,54.17%
37,Niepełnosprawność,2023,gmina,Wadowice,powiat wadowicki,43.34%
37,Niepełnosprawność,2023,gmina,Wieprz,powiat wadowicki,26.29%
37,Niepełnosprawność,2023,powiat,powiat wielicki,powiat wielicki,37.99%
37,Niepełnosprawność,2023,gmina,Biskupice,powiat wielicki,37.09%
37,Niepełnosprawność,2023,gmina,Gdów,powiat wielicki,42.80%
37,Niepełnosprawność,2023,gmina,Kłaj,powiat wielicki,50.16%
37,Niepełnosprawność,2023,gmina,Niepołomice,powiat wielicki,38.75%
37,Niepełnosprawność,2023,gmina,Wieliczka,powiat wielicki,33.82%
37,Niepełnosprawność,2022,powiat,powiat bocheński,powiat bocheński,32.55%
37,Niepełnosprawność,2022,gmina,Bochnia (miasto),powiat bocheński,33.13%
37,Niepełnosprawność,2022,gmina,Bochnia (wieś),powiat bocheński,22.08%
37,Niepełnosprawność,2022,gmina,Drwinia,powiat bocheński,28.24%
37,Niepełnosprawność,2022,gmina,Lipnica Murowana,powiat bocheński,36.17%
37,Niepełnosprawność,2022,gmina,Łapanów,powiat bocheński,27.06%
37,Niepełnosprawność,2022,gmina,Nowy Wiśnicz,powiat bocheński,41.29%
37,Niepełnosprawność,2022,gmina,Rzezawa,powiat bocheński,38.66%
37,Niepełnosprawność,2022,gmina,Trzciana,powiat bocheński,32.08%
37,Niepełnosprawność,2022,gmina,Żegocina,powiat bocheński,44.02%
37,Niepełnosprawność,2022,powiat,powiat brzeski,powiat brzeski,29.95%
37,Niepełnosprawność,2022,gmina,Borzęcin,powiat brzeski,17.50%
37,Niepełnosprawność,2022,gmina,Brzesko,powiat brzeski,37.59%
37,Niepełnosprawność,2022,gmina,Czchów,powiat brzeski,31.67%
37,Niepełnosprawność,2022,gmina,Dębno,powiat brzeski,24.26%
37,Niepełnosprawność,2022,gmina,Gnojnik,powiat brzeski,34.68%
37,Niepełnosprawność,2022,gmina,Iwkowa,powiat brzeski,28.61%
37,Niepełnosprawność,2022,gmina,Szczurowa,powiat brzeski,24.90%
37,Niepełnosprawność,2022,powiat,powiat chrzanowski,powiat chrzanowski,37.09%
37,Niepełnosprawność,2022,gmina,Alwernia,powiat chrzanowski,14.25%
37,Niepełnosprawność,2022,gmina,Babice,powiat chrzanowski,48.89%
37,Niepełnosprawność,2022,gmina,Chrzanów,powiat chrzanowski,37.01%
37,Niepełnosprawność,2022,gmina,Libiąż,powiat chrzanowski,50.99%
37,Niepełnosprawność,2022,gmina,Trzebinia,powiat chrzanowski,36.28%
37,Niepełnosprawność,2022,powiat,powiat dąbrowski,powiat dąbrowski,34.05%
37,Niepełnosprawność,2022,gmina,Bolesław,powiat dąbrowski,17.90%
37,Niepełnosprawność,2022,gmina,Dąbrowa Tarnowska,powiat dąbrowski,41.08%
37,Niepełnosprawność,2022,gmina,Gręboszów,powiat dąbrowski,51.33%
37,Niepełnosprawność,2022,gmina,Mędrzechów,powiat dąbrowski,28.21%
37,Niepełnosprawność,2022,gmina,Olesno,powiat dąbrowski,56.65%
37,Niepełnosprawność,2022,gmina,Radgoszcz,powiat dąbrowski,30.28%
37,Niepełnosprawność,2022,gmina,Szczucin,powiat dąbrowski,26.40%
37,Niepełnosprawność,2022,powiat,powiat gorlicki,powiat gorlicki,35.22%
37,Niepełnosprawność,2022,gmina,Biecz,powiat gorlicki,48.91%
37,Niepełnosprawność,2022,gmina,Bobowa,powiat gorlicki,27.93%
37,Niepełnosprawność,2022,gmina,Gorlice (miasto),powiat gorlicki,51.78%
37,Niepełnosprawność,2022,gmina,Gorlice (wieś),powiat gorlicki,30.35%
37,Niepełnosprawność,2022,gmina,Lipinki,powiat gorlicki,29.32%
37,Niepełnosprawność,2022,gmina,Łużna,powiat gorlicki,27.92%
37,Niepełnosprawność,2022,gmina,Moszczenica,powiat gorlicki,37.27%
37,Niepełnosprawność,2022,gmina,Ropa,powiat gorlicki,35.74%
37,Niepełnosprawność,2022,gmina,Sękowa,powiat gorlicki,37.47%
37,Niepełnosprawność,2022,gmina,Uście Gorlickie,powiat gorlicki,28.17%
37,Niepełnosprawność,2022,powiat,powiat krakowski,powiat krakowski,38.35%
37,Niepełnosprawność,2022,gmina,Czernichów,powiat krakowski,61.90%
37,Niepełnosprawność,2022,gmina,Igołomia-Wawrzeńczyce,powiat krakowski,23.89%
37,Niepełnosprawność,2022,gmina,Iwanowice,powiat krakowski,45.07%
37,Niepełnosprawność,2022,gmina,Jerzmanowice-Przeginia,powiat krakowski,38.10%
37,Niepełnosprawność,2022,gmina,Kocmyrzów-Luborzyca,powiat krakowski,26.27%
37,Niepełnosprawność,2022,gmina,Krzeszowice,powiat krakowski,40.70%
37,Niepełnosprawność,2022,gmina,Liszki,powiat krakowski,44.07%
37,Niepełnosprawność,2022,gmina,Michałowice,powiat krakowski,25.48%
37,Niepełnosprawność,2022,gmina,Mogilany,powiat krakowski,59.84%
37,Niepełnosprawność,2022,gmina,Skała,powiat krakowski,26.64%
37,Niepełnosprawność,2022,gmina,Skawina,powiat krakowski,39.25%
37,Niepełnosprawność,2022,gmina,Słomniki,powiat krakowski,32.28%
37,Niepełnosprawność,2022,gmina,Sułoszowa,powiat krakowski,41.41%
37,Niepełnosprawność,2022,gmina,Świątniki Górne,powiat krakowski,47.96%
37,Niepełnosprawność,2022,gmina,Wielka Wieś,powiat krakowski,41.81%
37,Niepełnosprawność,2022,gmina,Zabierzów,powiat krakowski,36.07%
37,Niepełnosprawność,2022,gmina,Zielonki,powiat krakowski,49.68%
37,Niepełnosprawność,2022,powiat,powiat limanowski,powiat limanowski,26.42%
37,Niepełnosprawność,2022,gmina,Dobra,powiat limanowski,27.77%
37,Niepełnosprawność,2022,gmina,Jodłownik,powiat limanowski,29.22%
37,Niepełnosprawność,2022,gmina,Kamienica,powiat limanowski,9.41%
37,Niepełnosprawność,2022,gmina,Laskowa,powiat limanowski,28.29%
37,Niepełnosprawność,2022,gmina,Limanowa (miasto),powiat limanowski,25.35%
37,Niepełnosprawność,2022,gmina,Limanowa (wieś),powiat limanowski,34.45%
37,Niepełnosprawność,2022,gmina,Łukowica,powiat limanowski,14.71%
37,Niepełnosprawność,2022,gmina,Mszana Dolna (miasto),powiat limanowski,31.00%
37,Niepełnosprawność,2022,gmina,Mszana Dolna (wieś),powiat limanowski,25.73%
37,Niepełnosprawność,2022,gmina,Niedźwiedź,powiat limanowski,41.62%
37,Niepełnosprawność,2022,gmina,Słopnice,powiat limanowski,47.49%
37,Niepełnosprawność,2022,gmina,Tymbark,powiat limanowski,20.77%
37,Niepełnosprawność,2022,powiat,powiat m. Kraków,powiat m. Kraków,37.33%
37,Niepełnosprawność,2022,powiat,powiat m. Nowy Sącz,powiat m. Nowy Sącz,41.04%
37,Niepełnosprawność,2022,powiat,powiat m. Tarnów,powiat m. Tarnów,41.39%
37,Niepełnosprawność,2022,powiat,powiat miechowski,powiat miechowski,36.59%
37,Niepełnosprawność,2022,gmina,Charsznica,powiat miechowski,42.36%
37,Niepełnosprawność,2022,gmina,Gołcza,powiat miechowski,32.05%
37,Niepełnosprawność,2022,gmina,Kozłów,powiat miechowski,33.33%
37,Niepełnosprawność,2022,gmina,Książ Wielki,powiat miechowski,32.08%
37,Niepełnosprawność,2022,gmina,Miechów,powiat miechowski,40.76%
37,Niepełnosprawność,2022,gmina,Racławice,powiat miechowski,21.33%
37,Niepełnosprawność,2022,gmina,Słaboszów,powiat miechowski,27.83%
37,Niepełnosprawność,2022,powiat,powiat myślenicki,powiat myślenicki,35.61%
37,Niepełnosprawność,2022,gmina,Dobczyce,powiat myślenicki,20.52%
37,Niepełnosprawność,2022,gmina,Lubień,powiat myślenicki,38.96%
37,Niepełnosprawność,2022,gmina,Myślenice,powiat myślenicki,54.74%
37,Niepełnosprawność,2022,gmina,Pcim,powiat myślenicki,17.10%
37,Niepełnosprawność,2022,gmina,Raciechowice,powiat myślenicki,27.34%
37,Niepełnosprawność,2022,gmina,Siepraw,powiat myślenicki,36.16%
37,Niepełnosprawność,2022,gmina,Sułkowice,powiat myślenicki,36.90%
37,Niepełnosprawność,2022,gmina,Tokarnia,powiat myślenicki,35.60%
37,Niepełnosprawność,2022,gmina,Wiśniowa,powiat myślenicki,41.63%
37,Niepełnosprawność,2022,powiat,powiat nowosądecki,powiat nowosądecki,25.07%
37,Niepełnosprawność,2022,gmina,Podegrodzie,powiat nowosądecki,25.67%
37,Niepełnosprawność,2022,gmina,Rytro,powiat nowosądecki,37.10%
37,Niepełnosprawność,2022,gmina,Stary Sącz,powiat nowosądecki,32.82%
37,Niepełnosprawność,2022,gmina,Chełmiec,powiat nowosądecki,32.42%
37,Niepełnosprawność,2022,gmina,Gródek nad Dunajcem,powiat nowosądecki,32.07%
37,Niepełnosprawność,2022,gmina,Grybów (miasto),powiat nowosądecki,24.03%
37,Niepełnosprawność,2022,gmina,Grybów (wieś),powiat nowosądecki,17.10%
37,Niepełnosprawność,2022,gmina,Kamionka Wielka,powiat nowosądecki,19.67%
37,Niepełnosprawność,2022,gmina,Korzenna,powiat nowosądecki,13.27%
37,Niepełnosprawność,2022,gmina,Krynica-Zdrój,powiat nowosądecki,28.91%
37,Niepełnosprawność,2022,gmina,Łabowa,powiat nowosądecki,16.13%
37,Niepełnosprawność,2022,gmina,Łącko,powiat nowosądecki,33.17%
37,Niepełnosprawność,2022,gmina,Łososina Dolna,powiat nowosądecki,17.45%
37,Niepełnosprawność,2022,gmina,Muszyna,powiat nowosądecki,34.09%
37,Niepełnosprawność,2022,gmina,Nawojowa,powiat nowosądecki,31.59%
37,Niepełnosprawność,2022,gmina,Piwniczna-Zdrój,powiat nowosądecki,32.31%
37,Niepełnosprawność,2022,powiat,powiat nowotarski,powiat nowotarski,39.53%
37,Niepełnosprawność,2022,gmina,Czarny Dunajec,powiat nowotarski,41.30%
37,Niepełnosprawność,2022,gmina,Czorsztyn,powiat nowotarski,48.15%
37,Niepełnosprawność,2022,gmina,Jabłonka,powiat nowotarski,27.00%
37,Niepełnosprawność,2022,gmina,Krościenko nad Dunajcem,powiat nowotarski,59.49%
37,Niepełnosprawność,2022,gmina,Lipnica Wielka,powiat nowotarski,28.22%
37,Niepełnosprawność,2022,gmina,Łapsze Niżne,powiat nowotarski,62.96%
37,Niepełnosprawność,2022,gmina,Nowy Targ (miasto),powiat nowotarski,40.92%
37,Niepełnosprawność,2022,gmina,Nowy Targ (wieś),powiat nowotarski,40.92%
37,Niepełnosprawność,2022,gmina,Ochotnica Dolna,powiat nowotarski,40.00%
37,Niepełnosprawność,2022,gmina,Raba Wyżna,powiat nowotarski,46.45%
37,Niepełnosprawność,2022,gmina,Rabka-Zdrój,powiat nowotarski,43.56%
37,Niepełnosprawność,2022,gmina,Spytkowice,powiat nowotarski,26.32%
37,Niepełnosprawność,2022,gmina,Szaflary,powiat nowotarski,32.51%
37,Niepełnosprawność,2022,gmina,Szczawnica,powiat nowotarski,29.01%
37,Niepełnosprawność,2022,powiat,powiat olkuski,powiat olkuski,32.28%
37,Niepełnosprawność,2022,gmina,Bolesław,powiat olkuski,35.47%
37,Niepełnosprawność,2022,gmina,Bukowno,powiat olkuski,29.00%
37,Niepełnosprawność,2022,gmina,Klucze,powiat olkuski,34.70%
37,Niepełnosprawność,2022,gmina,Olkusz,powiat olkuski,26.02%
37,Niepełnosprawność,2022,gmina,Trzyciąż,powiat olkuski,44.44%
37,Niepełnosprawność,2022,gmina,Wolbrom,powiat olkuski,45.45%
37,Niepełnosprawność,2022,powiat,powiat oświęcimski,powiat oświęcimski,42.22%
37,Niepełnosprawność,2022,gmina,Brzeszcze,powiat oświęcimski,46.93%
37,Niepełnosprawność,2022,gmina,Chełmek,powiat oświęcimski,53.30%
37,Niepełnosprawność,2022,gmina,Kęty,powiat oświęcimski,49.15%
37,Niepełnosprawność,2022,gmina,Osiek,powiat oświęcimski,40.70%
37,Niepełnosprawność,2022,gmina,Oświęcim (miasto),powiat oświęcimski,39.18%
37,Niepełnosprawność,2022,gmina,Oświęcim (wieś),powiat oświęcimski,50.74%
37,Niepełnosprawność,2022,gmina,Polanka Wielka,powiat oświęcimski,56.14%
37,Niepełnosprawność,2022,gmina,Przeciszów,powiat oświęcimski,24.58%
37,Niepełnosprawność,2022,gmina,Zator,powiat oświęcimski,31.43%
37,Niepełnosprawność,2022,powiat,powiat proszowicki,powiat proszowicki,23.94%
37,Niepełnosprawność,2022,gmina,Koniusza,powiat proszowicki,4.32%
37,Niepełnosprawność,2022,gmina,Koszyce,powiat proszowicki,29.56%
37,Niepełnosprawność,2022,gmina,Nowe Brzesko,powiat proszowicki,21.71%
37,Niepełnosprawność,2022,gmina,Pałecznica,powiat proszowicki,47.26%
37,Niepełnosprawność,2022,gmina,Proszowice,powiat proszowicki,24.40%
37,Niepełnosprawność,2022,gmina,Radziemice,powiat proszowicki,33.77%
37,Niepełnosprawność,2022,powiat,powiat suski,powiat suski,37.60%
37,Niepełnosprawność,2022,gmina,Budzów,powiat suski,49.14%
37,Niepełnosprawność,2022,gmina,Bystra-Sidzina,powiat suski,34.64%
37,Niepełnosprawność,2022,gmina,Jordanów (miasto),powiat suski,35.53%
37,Niepełnosprawność,2022,gmina,Jordanów (wieś),powiat suski,39.12%
37,Niepełnosprawność,2022,gmina,Maków Podhalański,powiat suski,36.50%
37,Niepełnosprawność,2022,gmina,Stryszawa,powiat suski,34.18%
37,Niepełnosprawność,2022,gmina,Sucha Beskidzka,powiat suski,46.35%
37,Niepełnosprawność,2022,gmina,Zawoja,powiat suski,36.75%
37,Niepełnosprawność,2022,gmina,Zembrzyce,powiat suski,39.87%
37,Niepełnosprawność,2022,powiat,powiat tarnowski,powiat tarnowski,32.42%
37,Niepełnosprawność,2022,gmina,Ciężkowice,powiat tarnowski,23.61%
37,Niepełnosprawność,2022,gmina,Gromnik,powiat tarnowski,38.32%
37,Niepełnosprawność,2022,gmina,Lisia Góra,powiat tarnowski,40.32%
37,Niepełnosprawność,2022,gmina,Pleśna,powiat tarnowski,37.25%
37,Niepełnosprawność,2022,gmina,Radłów,powiat tarnowski,40.77%
37,Niepełnosprawność,2022,gmina,Ryglice,powiat tarnowski,29.37%
37,Niepełnosprawność,2022,gmina,Rzepiennik Strzyżewski,powiat tarnowski,7.17%
37,Niepełnosprawność,2022,gmina,Skrzyszów,powiat tarnowski,61.57%
37,Niepełnosprawność,2022,gmina,Szerzyny,powiat tarnowski,33.57%
37,Niepełnosprawność,2022,gmina,Tarnów (wieś),powiat tarnowski,33.74%
37,Niepełnosprawność,2022,gmina,Tuchów,powiat tarnowski,46.19%
37,Niepełnosprawność,2022,gmina,Wierzchosławice,powiat tarnowski,40.30%
37,Niepełnosprawność,2022,gmina,Wietrzychowice,powiat tarnowski,40.54%
37,Niepełnosprawność,2022,gmina,Wojnicz,powiat tarnowski,50.50%
37,Niepełnosprawność,2022,gmina,Zakliczyn,powiat tarnowski,12.77%
37,Niepełnosprawność,2022,gmina,Żabno,powiat tarnowski,38.92%
37,Niepełnosprawność,2022,powiat,powiat tatrzański,powiat tatrzański,33.02%
37,Niepełnosprawność,2022,gmina,Biały Dunajec,powiat tatrzański,33.88%
37,Niepełnosprawność,2022,gmina,Bukowina Tatrzańska,powiat tatrzański,44.33%
37,Niepełnosprawność,2022,gmina,Kościelisko,powiat tatrzański,37.11%
37,Niepełnosprawność,2022,gmina,Poronin,powiat tatrzański,28.33%
37,Niepełnosprawność,2022,gmina,Zakopane,powiat tatrzański,29.15%
37,Niepełnosprawność,2022,powiat,powiat wadowicki,powiat wadowicki,41.90%
37,Niepełnosprawność,2022,gmina,Andrychów,powiat wadowicki,46.15%
37,Niepełnosprawność,2022,gmina,Brzeźnica,powiat wadowicki,45.39%
37,Niepełnosprawność,2022,gmina,Kalwaria Zebrzydowska,powiat wadowicki,48.21%
37,Niepełnosprawność,2022,gmina,Lanckorona,powiat wadowicki,16.46%
37,Niepełnosprawność,2022,gmina,Mucharz,powiat wadowicki,33.74%
37,Niepełnosprawność,2022,gmina,Spytkowice,powiat wadowicki,35.86%
37,Niepełnosprawność,2022,gmina,Stryszów,powiat wadowicki,39.29%
37,Niepełnosprawność,2022,gmina,Tomice,powiat wadowicki,43.85%
37,Niepełnosprawność,2022,gmina,Wadowice,powiat wadowicki,42.97%
37,Niepełnosprawność,2022,gmina,Wieprz,powiat wadowicki,28.34%
37,Niepełnosprawność,2022,powiat,powiat wielicki,powiat wielicki,34.24%
37,Niepełnosprawność,2022,gmina,Biskupice,powiat wielicki,44.03%
37,Niepełnosprawność,2022,gmina,Gdów,powiat wielicki,31.16%
37,Niepełnosprawność,2022,gmina,Kłaj,powiat wielicki,46.79%
37,Niepełnosprawność,2022,gmina,Niepołomice,powiat wielicki,34.94%
37,Niepełnosprawność,2022,gmina,Wieliczka,powiat wielicki,30.64%
37,Niepełnosprawność,2021,powiat,powiat bocheński,powiat bocheński,34.74%
37,Niepełnosprawność,2021,gmina,Bochnia (miasto),powiat bocheński,39.32%
37,Niepełnosprawność,2021,gmina,Bochnia (wieś),powiat bocheński,21.42%
37,Niepełnosprawność,2021,gmina,Drwinia,powiat bocheński,35.55%
37,Niepełnosprawność,2021,gmina,Lipnica Murowana,powiat bocheński,44.80%
37,Niepełnosprawność,2021,gmina,Łapanów,powiat bocheński,22.43%
37,Niepełnosprawność,2021,gmina,Nowy Wiśnicz,powiat bocheński,37.61%
37,Niepełnosprawność,2021,gmina,Rzezawa,powiat bocheński,40.65%
37,Niepełnosprawność,2021,gmina,Trzciana,powiat bocheński,33.09%
37,Niepełnosprawność,2021,gmina,Żegocina,powiat bocheński,45.62%
37,Niepełnosprawność,2021,powiat,powiat brzeski,powiat brzeski,29.32%
37,Niepełnosprawność,2021,gmina,Borzęcin,powiat brzeski,15.01%
37,Niepełnosprawność,2021,gmina,Brzesko,powiat brzeski,34.73%
37,Niepełnosprawność,2021,gmina,Czchów,powiat brzeski,31.03%
37,Niepełnosprawność,2021,gmina,Dębno,powiat brzeski,40.89%
37,Niepełnosprawność,2021,gmina,Gnojnik,powiat brzeski,26.11%
37,Niepełnosprawność,2021,gmina,Iwkowa,powiat brzeski,32.04%
37,Niepełnosprawność,2021,gmina,Szczurowa,powiat brzeski,24.03%
37,Niepełnosprawność,2021,powiat,powiat chrzanowski,powiat chrzanowski,36.02%
37,Niepełnosprawność,2021,gmina,Alwernia,powiat chrzanowski,18.59%
37,Niepełnosprawność,2021,gmina,Babice,powiat chrzanowski,44.57%
37,Niepełnosprawność,2021,gmina,Chrzanów,powiat chrzanowski,34.38%
37,Niepełnosprawność,2021,gmina,Libiąż,powiat chrzanowski,51.80%
37,Niepełnosprawność,2021,gmina,Trzebinia,powiat chrzanowski,34.37%
37,Niepełnosprawność,2021,powiat,powiat dąbrowski,powiat dąbrowski,33.97%
37,Niepełnosprawność,2021,gmina,Bolesław,powiat dąbrowski,11.76%
37,Niepełnosprawność,2021,gmina,Dąbrowa Tarnowska,powiat dąbrowski,43.21%
37,Niepełnosprawność,2021,gmina,Gręboszów,powiat dąbrowski,28.92%
37,Niepełnosprawność,2021,gmina,Mędrzechów,powiat dąbrowski,29.77%
37,Niepełnosprawność,2021,gmina,Olesno,powiat dąbrowski,54.58%
37,Niepełnosprawność,2021,gmina,Radgoszcz,powiat dąbrowski,26.97%
37,Niepełnosprawność,2021,gmina,Szczucin,powiat dąbrowski,27.94%
37,Niepełnosprawność,2021,powiat,powiat gorlicki,powiat gorlicki,35.54%
37,Niepełnosprawność,2021,gmina,Biecz,powiat gorlicki,50.10%
37,Niepełnosprawność,2021,gmina,Bobowa,powiat gorlicki,27.27%
37,Niepełnosprawność,2021,gmina,Gorlice (miasto),powiat gorlicki,52.22%
37,Niepełnosprawność,2021,gmina,Gorlice (wieś),powiat gorlicki,30.85%
37,Niepełnosprawność,2021,gmina,Lipinki,powiat gorlicki,32.44%
37,Niepełnosprawność,2021,gmina,Łużna,powiat gorlicki,31.47%
37,Niepełnosprawność,2021,gmina,Moszczenica,powiat gorlicki,30.96%
37,Niepełnosprawność,2021,gmina,Ropa,powiat gorlicki,28.82%
37,Niepełnosprawność,2021,gmina,Sękowa,powiat gorlicki,34.38%
37,Niepełnosprawność,2021,gmina,Uście Gorlickie,powiat gorlicki,31.19%
37,Niepełnosprawność,2021,powiat,powiat krakowski,powiat krakowski,37.88%
37,Niepełnosprawność,2021,gmina,Czernichów,powiat krakowski,57.66%
37,Niepełnosprawność,2021,gmina,Igołomia-Wawrzeńczyce,powiat krakowski,20.77%
37,Niepełnosprawność,2021,gmina,Iwanowice,powiat krakowski,37.29%
37,Niepełnosprawność,2021,gmina,Jerzmanowice-Przeginia,powiat krakowski,30.24%
37,Niepełnosprawność,2021,gmina,Kocmyrzów-Luborzyca,powiat krakowski,33.69%
37,Niepełnosprawność,2021,gmina,Krzeszowice,powiat krakowski,52.33%
37,Niepełnosprawność,2021,gmina,Liszki,powiat krakowski,42.72%
37,Niepełnosprawność,2021,gmina,Michałowice,powiat krakowski,24.16%
37,Niepełnosprawność,2021,gmina,Mogilany,powiat krakowski,58.37%
37,Niepełnosprawność,2021,gmina,Skała,powiat krakowski,27.78%
37,Niepełnosprawność,2021,gmina,Skawina,powiat krakowski,38.05%
37,Niepełnosprawność,2021,gmina,Słomniki,powiat krakowski,30.28%
37,Niepełnosprawność,2021,gmina,Sułoszowa,powiat krakowski,28.00%
37,Niepełnosprawność,2021,gmina,Świątniki Górne,powiat krakowski,49.24%
37,Niepełnosprawność,2021,gmina,Wielka Wieś,powiat krakowski,40.15%
37,Niepełnosprawność,2021,gmina,Zabierzów,powiat krakowski,38.13%
37,Niepełnosprawność,2021,gmina,Zielonki,powiat krakowski,38.52%
37,Niepełnosprawność,2021,powiat,powiat limanowski,powiat limanowski,27.53%
37,Niepełnosprawność,2021,gmina,Dobra,powiat limanowski,26.04%
37,Niepełnosprawność,2021,gmina,Jodłownik,powiat limanowski,28.09%
37,Niepełnosprawność,2021,gmina,Kamienica,powiat limanowski,8.52%
37,Niepełnosprawność,2021,gmina,Laskowa,powiat limanowski,28.84%
37,Niepełnosprawność,2021,gmina,Limanowa (miasto),powiat limanowski,23.92%
37,Niepełnosprawność,2021,gmina,Limanowa (wieś),powiat limanowski,40.72%
37,Niepełnosprawność,2021,gmina,Łukowica,powiat limanowski,13.69%
37,Niepełnosprawność,2021,gmina,Mszana Dolna (miasto),powiat limanowski,25.36%
37,Niepełnosprawność,2021,gmina,Mszana Dolna (wieś),powiat limanowski,36.38%
37,Niepełnosprawność,2021,gmina,Niedźwiedź,powiat limanowski,42.56%
37,Niepełnosprawność,2021,gmina,Słopnice,powiat limanowski,52.55%
37,Niepełnosprawność,2021,gmina,Tymbark,powiat limanowski,24.65%
37,Niepełnosprawność,2021,powiat,powiat m. Kraków,powiat m. Kraków,36.54%
37,Niepełnosprawność,2021,powiat,powiat m. Nowy Sącz,powiat m. Nowy Sącz,39.04%
37,Niepełnosprawność,2021,powiat,powiat m. Tarnów,powiat m. Tarnów,42.91%
37,Niepełnosprawność,2021,powiat,powiat miechowski,powiat miechowski,31.82%
37,Niepełnosprawność,2021,gmina,Charsznica,powiat miechowski,36.75%
37,Niepełnosprawność,2021,gmina,Gołcza,powiat miechowski,32.08%
37,Niepełnosprawność,2021,gmina,Kozłów,powiat miechowski,25.13%
37,Niepełnosprawność,2021,gmina,Książ Wielki,powiat miechowski,29.62%
37,Niepełnosprawność,2021,gmina,Miechów,powiat miechowski,37.72%
37,Niepełnosprawność,2021,gmina,Racławice,powiat miechowski,8.05%
37,Niepełnosprawność,2021,gmina,Słaboszów,powiat miechowski,30.43%
37,Niepełnosprawność,2021,powiat,powiat myślenicki,powiat myślenicki,33.35%
37,Niepełnosprawność,2021,gmina,Dobczyce,powiat myślenicki,20.24%
37,Niepełnosprawność,2021,gmina,Lubień,powiat myślenicki,35.20%
37,Niepełnosprawność,2021,gmina,Myślenice,powiat myślenicki,40.31%
37,Niepełnosprawność,2021,gmina,Pcim,powiat myślenicki,17.88%
37,Niepełnosprawność,2021,gmina,Raciechowice,powiat myślenicki,37.76%
37,Niepełnosprawność,2021,gmina,Siepraw,powiat myślenicki,27.94%
37,Niepełnosprawność,2021,gmina,Sułkowice,powiat myślenicki,31.79%
37,Niepełnosprawność,2021,gmina,Tokarnia,powiat myślenicki,37.84%
37,Niepełnosprawność,2021,gmina,Wiśniowa,powiat myślenicki,53.11%
37,Niepełnosprawność,2021,powiat,powiat nowosądecki,powiat nowosądecki,24.96%
37,Niepełnosprawność,2021,gmina,Podegrodzie,powiat nowosądecki,22.81%
37,Niepełnosprawność,2021,gmina,Rytro,powiat nowosądecki,30.60%
37,Niepełnosprawność,2021,gmina,Stary Sącz,powiat nowosądecki,32.13%
37,Niepełnosprawność,2021,gmina,Chełmiec,powiat nowosądecki,31.87%
37,Niepełnosprawność,2021,gmina,Gródek nad Dunajcem,powiat nowosądecki,28.83%
37,Niepełnosprawność,2021,gmina,Grybów (miasto),powiat nowosądecki,13.67%
37,Niepełnosprawność,2021,gmina,Grybów (wieś),powiat nowosądecki,18.10%
37,Niepełnosprawność,2021,gmina,Kamionka Wielka,powiat nowosądecki,21.73%
37,Niepełnosprawność,2021,gmina,Korzenna,powiat nowosądecki,13.73%
37,Niepełnosprawność,2021,gmina,Krynica-Zdrój,powiat nowosądecki,32.44%
37,Niepełnosprawność,2021,gmina,Łabowa,powiat nowosądecki,15.20%
37,Niepełnosprawność,2021,gmina,Łącko,powiat nowosądecki,36.15%
37,Niepełnosprawność,2021,gmina,Łososina Dolna,powiat nowosądecki,16.60%
37,Niepełnosprawność,2021,gmina,Muszyna,powiat nowosądecki,34.43%
37,Niepełnosprawność,2021,gmina,Nawojowa,powiat nowosądecki,33.04%
37,Niepełnosprawność,2021,gmina,Piwniczna-Zdrój,powiat nowosądecki,31.71%
37,Niepełnosprawność,2021,powiat,powiat nowotarski,powiat nowotarski,38.14%
37,Niepełnosprawność,2021,gmina,Czarny Dunajec,powiat nowotarski,31.75%
37,Niepełnosprawność,2021,gmina,Czorsztyn,powiat nowotarski,61.11%
37,Niepełnosprawność,2021,gmina,Jabłonka,powiat nowotarski,33.19%
37,Niepełnosprawność,2021,gmina,Krościenko nad Dunajcem,powiat nowotarski,58.55%
37,Niepełnosprawność,2021,gmina,Lipnica Wielka,powiat nowotarski,25.35%
37,Niepełnosprawność,2021,gmina,Łapsze Niżne,powiat nowotarski,58.75%
37,Niepełnosprawność,2021,gmina,Nowy Targ (miasto),powiat nowotarski,35.35%
37,Niepełnosprawność,2021,gmina,Nowy Targ (wieś),powiat nowotarski,31.97%
37,Niepełnosprawność,2021,gmina,Ochotnica Dolna,powiat nowotarski,45.85%
37,Niepełnosprawność,2021,gmina,Raba Wyżna,powiat nowotarski,43.42%
37,Niepełnosprawność,2021,gmina,Rabka-Zdrój,powiat nowotarski,45.82%
37,Niepełnosprawność,2021,gmina,Spytkowice,powiat nowotarski,27.08%
37,Niepełnosprawność,2021,gmina,Szaflary,powiat nowotarski,34.51%
37,Niepełnosprawność,2021,gmina,Szczawnica,powiat nowotarski,35.77%
37,Niepełnosprawność,2021,powiat,powiat olkuski,powiat olkuski,36.53%
37,Niepełnosprawność,2021,gmina,Bolesław,powiat olkuski,38.16%
37,Niepełnosprawność,2021,gmina,Bukowno,powiat olkuski,26.16%
37,Niepełnosprawność,2021,gmina,Klucze,powiat olkuski,34.98%
37,Niepełnosprawność,2021,gmina,Olkusz,powiat olkuski,34.40%
37,Niepełnosprawność,2021,gmina,Trzyciąż,powiat olkuski,39.53%
37,Niepełnosprawność,2021,gmina,Wolbrom,powiat olkuski,48.35%
37,Niepełnosprawność,2021,powiat,powiat oświęcimski,powiat oświęcimski,41.02%
37,Niepełnosprawność,2021,gmina,Brzeszcze,powiat oświęcimski,51.51%
37,Niepełnosprawność,2021,gmina,Chełmek,powiat oświęcimski,49.39%
37,Niepełnosprawność,2021,gmina,Kęty,powiat oświęcimski,40.17%
37,Niepełnosprawność,2021,gmina,Osiek,powiat oświęcimski,60.12%
37,Niepełnosprawność,2021,gmina,Oświęcim (miasto),powiat oświęcimski,37.00%
37,Niepełnosprawność,2021,gmina,Oświęcim (wieś),powiat oświęcimski,49.37%
37,Niepełnosprawność,2021,gmina,Polanka Wielka,powiat oświęcimski,36.51%
37,Niepełnosprawność,2021,gmina,Przeciszów,powiat oświęcimski,37.93%
37,Niepełnosprawność,2021,gmina,Zator,powiat oświęcimski,30.17%
37,Niepełnosprawność,2021,powiat,powiat proszowicki,powiat proszowicki,26.81%
37,Niepełnosprawność,2021,gmina,Koniusza,powiat proszowicki,8.55%
37,Niepełnosprawność,2021,gmina,Koszyce,powiat proszowicki,25.63%
37,Niepełnosprawność,2021,gmina,Nowe Brzesko,powiat proszowicki,21.67%
37,Niepełnosprawność,2021,gmina,Pałecznica,powiat proszowicki,41.90%
37,Niepełnosprawność,2021,gmina,Proszowice,powiat proszowicki,32.44%
37,Niepełnosprawność,2021,gmina,Radziemice,powiat proszowicki,34.62%
37,Niepełnosprawność,2021,powiat,powiat suski,powiat suski,37.71%
37,Niepełnosprawność,2021,gmina,Budzów,powiat suski,45.50%
37,Niepełnosprawność,2021,gmina,Bystra-Sidzina,powiat suski,29.42%
37,Niepełnosprawność,2021,gmina,Jordanów (miasto),powiat suski,45.65%
37,Niepełnosprawność,2021,gmina,Jordanów (wieś),powiat suski,42.63%
37,Niepełnosprawność,2021,gmina,Maków Podhalański,powiat suski,36.39%
37,Niepełnosprawność,2021,gmina,Stryszawa,powiat suski,33.15%
37,Niepełnosprawność,2021,gmina,Sucha Beskidzka,powiat suski,49.84%
37,Niepełnosprawność,2021,gmina,Zawoja,powiat suski,34.43%
37,Niepełnosprawność,2021,gmina,Zembrzyce,powiat suski,33.01%
37,Niepełnosprawność,2021,powiat,powiat tarnowski,powiat tarnowski,30.91%
37,Niepełnosprawność,2021,gmina,Ciężkowice,powiat tarnowski,24.97%
37,Niepełnosprawność,2021,gmina,Gromnik,powiat tarnowski,40.33%
37,Niepełnosprawność,2021,gmina,Lisia Góra,powiat tarnowski,36.10%
37,Niepełnosprawność,2021,gmina,Pleśna,powiat tarnowski,35.32%
37,Niepełnosprawność,2021,gmina,Radłów,powiat tarnowski,38.24%
37,Niepełnosprawność,2021,gmina,Ryglice,powiat tarnowski,27.86%
37,Niepełnosprawność,2021,gmina,Rzepiennik Strzyżewski,powiat tarnowski,6.69%
37,Niepełnosprawność,2021,gmina,Skrzyszów,powiat tarnowski,51.25%
37,Niepełnosprawność,2021,gmina,Szerzyny,powiat tarnowski,18.63%
37,Niepełnosprawność,2021,gmina,Tarnów (wieś),powiat tarnowski,32.63%
37,Niepełnosprawność,2021,gmina,Tuchów,powiat tarnowski,44.76%
37,Niepełnosprawność,2021,gmina,Wierzchosławice,powiat tarnowski,34.66%
37,Niepełnosprawność,2021,gmina,Wietrzychowice,powiat tarnowski,31.67%
37,Niepełnosprawność,2021,gmina,Wojnicz,powiat tarnowski,54.67%
37,Niepełnosprawność,2021,gmina,Zakliczyn,powiat tarnowski,12.55%
37,Niepełnosprawność,2021,gmina,Żabno,powiat tarnowski,43.23%
37,Niepełnosprawność,2021,powiat,powiat tatrzański,powiat tatrzański,32.73%
37,Niepełnosprawność,2021,gmina,Biały Dunajec,powiat tatrzański,26.44%
37,Niepełnosprawność,2021,gmina,Bukowina Tatrzańska,powiat tatrzański,33.60%
37,Niepełnosprawność,2021,gmina,Kościelisko,powiat tatrzański,31.65%
37,Niepełnosprawność,2021,gmina,Poronin,powiat tatrzański,24.64%
37,Niepełnosprawność,2021,gmina,Zakopane,powiat tatrzański,37.41%
37,Niepełnosprawność,2021,powiat,powiat wadowicki,powiat wadowicki,42.07%
37,Niepełnosprawność,2021,gmina,Andrychów,powiat wadowicki,43.68%
37,Niepełnosprawność,2021,gmina,Brzeźnica,powiat wadowicki,47.97%
37,Niepełnosprawność,2021,gmina,Kalwaria Zebrzydowska,powiat wadowicki,46.00%
37,Niepełnosprawność,2021,gmina,Lanckorona,powiat wadowicki,45.74%
37,Niepełnosprawność,2021,gmina,Mucharz,powiat wadowicki,33.64%
37,Niepełnosprawność,2021,gmina,Spytkowice,powiat wadowicki,38.56%
37,Niepełnosprawność,2021,gmina,Stryszów,powiat wadowicki,32.14%
37,Niepełnosprawność,2021,gmina,Tomice,powiat wadowicki,35.66%
37,Niepełnosprawność,2021,gmina,Wadowice,powiat wadowicki,46.72%
37,Niepełnosprawność,2021,gmina,Wieprz,powiat wadowicki,30.45%
37,Niepełnosprawność,2021,powiat,powiat wielicki,powiat wielicki,33.47%
37,Niepełnosprawność,2021,gmina,Biskupice,powiat wielicki,42.86%
37,Niepełnosprawność,2021,gmina,Gdów,powiat wielicki,30.40%
37,Niepełnosprawność,2021,gmina,Kłaj,powiat wielicki,43.98%
37,Niepełnosprawność,2021,gmina,Niepołomice,powiat wielicki,35.56%
37,Niepełnosprawność,2021,gmina,Wieliczka,powiat wielicki,30.07%
37,Niepełnosprawność,2020,powiat,powiat bocheński,powiat bocheński,31.25%
37,Niepełnosprawność,2020,gmina,Bochnia (miasto),powiat bocheński,37.51%
37,Niepełnosprawność,2020,gmina,Bochnia (wieś),powiat bocheński,21.86%
37,Niepełnosprawność,2020,gmina,Drwinia,powiat bocheński,11.90%
37,Niepełnosprawność,2020,gmina,Lipnica Murowana,powiat bocheński,44.65%
37,Niepełnosprawność,2020,gmina,Łapanów,powiat bocheński,10.92%
37,Niepełnosprawność,2020,gmina,Nowy Wiśnicz,powiat bocheński,44.16%
37,Niepełnosprawność,2020,gmina,Rzezawa,powiat bocheński,46.15%
37,Niepełnosprawność,2020,gmina,Trzciana,powiat bocheński,37.72%
37,Niepełnosprawność,2020,gmina,Żegocina,powiat bocheński,47.94%
37,Niepełnosprawność,2020,powiat,powiat brzeski,powiat brzeski,26.96%
37,Niepełnosprawność,2020,gmina,Borzęcin,powiat brzeski,14.92%
37,Niepełnosprawność,2020,gmina,Brzesko,powiat brzeski,31.48%
37,Niepełnosprawność,2020,gmina,Czchów,powiat brzeski,29.05%
37,Niepełnosprawność,2020,gmina,Dębno,powiat brzeski,30.50%
37,Niepełnosprawność,2020,gmina,Gnojnik,powiat brzeski,23.49%
37,Niepełnosprawność,2020,gmina,Iwkowa,powiat brzeski,29.83%
37,Niepełnosprawność,2020,gmina,Szczurowa,powiat brzeski,28.21%
37,Niepełnosprawność,2020,powiat,powiat chrzanowski,powiat chrzanowski,35.26%
37,Niepełnosprawność,2020,gmina,Alwernia,powiat chrzanowski,16.67%
37,Niepełnosprawność,2020,gmina,Babice,powiat chrzanowski,39.68%
37,Niepełnosprawność,2020,gmina,Chrzanów,powiat chrzanowski,33.70%
37,Niepełnosprawność,2020,gmina,Libiąż,powiat chrzanowski,50.46%
37,Niepełnosprawność,2020,gmina,Trzebinia,powiat chrzanowski,34.10%
37,Niepełnosprawność,2020,powiat,powiat dąbrowski,powiat dąbrowski,33.38%
37,Niepełnosprawność,2020,gmina,Bolesław,powiat dąbrowski,15.97%
37,Niepełnosprawność,2020,gmina,Dąbrowa Tarnowska,powiat dąbrowski,40.50%
37,Niepełnosprawność,2020,gmina,Gręboszów,powiat dąbrowski,30.33%
37,Niepełnosprawność,2020,gmina,Mędrzechów,powiat dąbrowski,27.06%
37,Niepełnosprawność,2020,gmina,Olesno,powiat dąbrowski,55.42%
37,Niepełnosprawność,2020,gmina,Radgoszcz,powiat dąbrowski,25.60%
37,Niepełnosprawność,2020,gmina,Szczucin,powiat dąbrowski,28.52%
37,Niepełnosprawność,2020,powiat,powiat gorlicki,powiat gorlicki,31.13%
37,Niepełnosprawność,2020,gmina,Biecz,powiat gorlicki,45.03%
37,Niepełnosprawność,2020,gmina,Bobowa,powiat gorlicki,19.04%
37,Niepełnosprawność,2020,gmina,Gorlice (miasto),powiat gorlicki,51.90%
37,Niepełnosprawność,2020,gmina,Gorlice (wieś),powiat gorlicki,28.49%
37,Niepełnosprawność,2020,gmina,Lipinki,powiat gorlicki,36.28%
37,Niepełnosprawność,2020,gmina,Łużna,powiat gorlicki,28.47%
37,Niepełnosprawność,2020,gmina,Moszczenica,powiat gorlicki,27.23%
37,Niepełnosprawność,2020,gmina,Ropa,powiat gorlicki,11.09%
37,Niepełnosprawność,2020,gmina,Sękowa,powiat gorlicki,30.52%
37,Niepełnosprawność,2020,gmina,Uście Gorlickie,powiat gorlicki,26.73%
37,Niepełnosprawność,2020,powiat,powiat krakowski,powiat krakowski,39.34%
37,Niepełnosprawność,2020,gmina,Czernichów,powiat krakowski,61.63%
37,Niepełnosprawność,2020,gmina,Igołomia-Wawrzeńczyce,powiat krakowski,24.38%
37,Niepełnosprawność,2020,gmina,Iwanowice,powiat krakowski,41.11%
37,Niepełnosprawność,2020,gmina,Jerzmanowice-Przeginia,powiat krakowski,38.80%
37,Niepełnosprawność,2020,gmina,Kocmyrzów-Luborzyca,powiat krakowski,34.80%
37,Niepełnosprawność,2020,gmina,Krzeszowice,powiat krakowski,55.12%
37,Niepełnosprawność,2020,gmina,Liszki,powiat krakowski,40.82%
37,Niepełnosprawność,2020,gmina,Michałowice,powiat krakowski,28.07%
37,Niepełnosprawność,2020,gmina,Mogilany,powiat krakowski,46.34%
37,Niepełnosprawność,2020,gmina,Skała,powiat krakowski,28.37%
37,Niepełnosprawność,2020,gmina,Skawina,powiat krakowski,38.73%
37,Niepełnosprawność,2020,gmina,Słomniki,powiat krakowski,38.00%
37,Niepełnosprawność,2020,gmina,Sułoszowa,powiat krakowski,28.07%
37,Niepełnosprawność,2020,gmina,Świątniki Górne,powiat krakowski,44.02%
37,Niepełnosprawność,2020,gmina,Wielka Wieś,powiat krakowski,36.01%
37,Niepełnosprawność,2020,gmina,Zabierzów,powiat krakowski,43.67%
37,Niepełnosprawność,2020,gmina,Zielonki,powiat krakowski,39.20%
37,Niepełnosprawność,2020,powiat,powiat limanowski,powiat limanowski,27.51%
37,Niepełnosprawność,2020,gmina,Dobra,powiat limanowski,25.39%
37,Niepełnosprawność,2020,gmina,Jodłownik,powiat limanowski,24.11%
37,Niepełnosprawność,2020,gmina,Kamienica,powiat limanowski,12.33%
37,Niepełnosprawność,2020,gmina,Laskowa,powiat limanowski,22.40%
37,Niepełnosprawność,2020,gmina,Limanowa (miasto),powiat limanowski,23.41%
37,Niepełnosprawność,2020,gmina,Limanowa (wieś),powiat limanowski,41.94%
37,Niepełnosprawność,2020,gmina,Łukowica,powiat limanowski,12.18%
37,Niepełnosprawność,2020,gmina,Mszana Dolna (miasto),powiat limanowski,22.00%
37,Niepełnosprawność,2020,gmina,Mszana Dolna (wieś),powiat limanowski,42.37%
37,Niepełnosprawność,2020,gmina,Niedźwiedź,powiat limanowski,43.09%
37,Niepełnosprawność,2020,gmina,Słopnice,powiat limanowski,50.74%
37,Niepełnosprawność,2020,gmina,Tymbark,powiat limanowski,23.82%
37,Niepełnosprawność,2020,powiat,powiat m. Kraków,powiat m. Kraków,34.88%
37,Niepełnosprawność,2020,powiat,powiat m. Nowy Sącz,powiat m. Nowy Sącz,43.46%
37,Niepełnosprawność,2020,powiat,powiat m. Tarnów,powiat m. Tarnów,42.75%
37,Niepełnosprawność,2020,powiat,powiat miechowski,powiat miechowski,33.63%
37,Niepełnosprawność,2020,gmina,Charsznica,powiat miechowski,36.99%
37,Niepełnosprawność,2020,gmina,Gołcza,powiat miechowski,35.15%
37,Niepełnosprawność,2020,gmina,Kozłów,powiat miechowski,22.67%
37,Niepełnosprawność,2020,gmina,Książ Wielki,powiat miechowski,35.71%
37,Niepełnosprawność,2020,gmina,Miechów,powiat miechowski,37.89%
37,Niepełnosprawność,2020,gmina,Racławice,powiat miechowski,6.06%
37,Niepełnosprawność,2020,gmina,Słaboszów,powiat miechowski,33.33%
37,Niepełnosprawność,2020,powiat,powiat myślenicki,powiat myślenicki,35.87%
37,Niepełnosprawność,2020,gmina,Dobczyce,powiat myślenicki,22.14%
37,Niepełnosprawność,2020,gmina,Lubień,powiat myślenicki,37.23%
37,Niepełnosprawność,2020,gmina,Myślenice,powiat myślenicki,54.07%
37,Niepełnosprawność,2020,gmina,Pcim,powiat myślenicki,24.69%
37,Niepełnosprawność,2020,gmina,Raciechowice,powiat myślenicki,38.79%
37,Niepełnosprawność,2020,gmina,Siepraw,powiat myślenicki,28.10%
37,Niepełnosprawność,2020,gmina,Sułkowice,powiat myślenicki,32.47%
37,Niepełnosprawność,2020,gmina,Tokarnia,powiat myślenicki,35.55%
37,Niepełnosprawność,2020,gmina,Wiśniowa,powiat myślenicki,32.72%
37,Niepełnosprawność,2020,powiat,powiat nowosądecki,powiat nowosądecki,25.72%
37,Niepełnosprawność,2020,gmina,Podegrodzie,powiat nowosądecki,25.71%
37,Niepełnosprawność,2020,gmina,Rytro,powiat nowosądecki,32.75%
37,Niepełnosprawność,2020,gmina,Stary Sącz,powiat nowosądecki,31.43%
37,Niepełnosprawność,2020,gmina,Chełmiec,powiat nowosądecki,30.54%
37,Niepełnosprawność,2020,gmina,Gródek nad Dunajcem,powiat nowosądecki,26.82%
37,Niepełnosprawność,2020,gmina,Grybów (miasto),powiat nowosądecki,32.96%
37,Niepełnosprawność,2020,gmina,Grybów (wieś),powiat nowosądecki,20.61%
37,Niepełnosprawność,2020,gmina,Kamionka Wielka,powiat nowosądecki,23.94%
37,Niepełnosprawność,2020,gmina,Korzenna,powiat nowosądecki,12.78%
37,Niepełnosprawność,2020,gmina,Krynica-Zdrój,powiat nowosądecki,27.94%
37,Niepełnosprawność,2020,gmina,Łabowa,powiat nowosądecki,20.83%
37,Niepełnosprawność,2020,gmina,Łącko,powiat nowosądecki,36.37%
37,Niepełnosprawność,2020,gmina,Łososina Dolna,powiat nowosądecki,17.35%
37,Niepełnosprawność,2020,gmina,Muszyna,powiat nowosądecki,27.95%
37,Niepełnosprawność,2020,gmina,Nawojowa,powiat nowosądecki,33.63%
37,Niepełnosprawność,2020,gmina,Piwniczna-Zdrój,powiat nowosądecki,31.31%
37,Niepełnosprawność,2020,powiat,powiat nowotarski,powiat nowotarski,37.29%
37,Niepełnosprawność,2020,gmina,Czarny Dunajec,powiat nowotarski,26.96%
37,Niepełnosprawność,2020,gmina,Czorsztyn,powiat nowotarski,54.26%
37,Niepełnosprawność,2020,gmina,Jabłonka,powiat nowotarski,34.31%
37,Niepełnosprawność,2020,gmina,Krościenko nad Dunajcem,powiat nowotarski,65.70%
37,Niepełnosprawność,2020,gmina,Lipnica Wielka,powiat nowotarski,28.67%
37,Niepełnosprawność,2020,gmina,Łapsze Niżne,powiat nowotarski,37.79%
37,Niepełnosprawność,2020,gmina,Nowy Targ (miasto),powiat nowotarski,36.11%
37,Niepełnosprawność,2020,gmina,Nowy Targ (wieś),powiat nowotarski,32.51%
37,Niepełnosprawność,2020,gmina,Ochotnica Dolna,powiat nowotarski,42.67%
37,Niepełnosprawność,2020,gmina,Raba Wyżna,powiat nowotarski,41.88%
37,Niepełnosprawność,2020,gmina,Rabka-Zdrój,powiat nowotarski,43.83%
37,Niepełnosprawność,2020,gmina,Spytkowice,powiat nowotarski,30.38%
37,Niepełnosprawność,2020,gmina,Szaflary,powiat nowotarski,37.22%
37,Niepełnosprawność,2020,gmina,Szczawnica,powiat nowotarski,28.20%
37,Niepełnosprawność,2020,powiat,powiat olkuski,powiat olkuski,31.02%
37,Niepełnosprawność,2020,gmina,Bolesław,powiat olkuski,37.63%
37,Niepełnosprawność,2020,gmina,Bukowno,powiat olkuski,16.28%
37,Niepełnosprawność,2020,gmina,Klucze,powiat olkuski,40.03%
37,Niepełnosprawność,2020,gmina,Olkusz,powiat olkuski,24.21%
37,Niepełnosprawność,2020,gmina,Trzyciąż,powiat olkuski,32.87%
37,Niepełnosprawność,2020,gmina,Wolbrom,powiat olkuski,44.04%
37,Niepełnosprawność,2020,powiat,powiat oświęcimski,powiat oświęcimski,41.15%
37,Niepełnosprawność,2020,gmina,Brzeszcze,powiat oświęcimski,50.61%
37,Niepełnosprawność,2020,gmina,Chełmek,powiat oświęcimski,55.04%
37,Niepełnosprawność,2020,gmina,Kęty,powiat oświęcimski,38.22%
37,Niepełnosprawność,2020,gmina,Osiek,powiat oświęcimski,45.10%
37,Niepełnosprawność,2020,gmina,Oświęcim (miasto),powiat oświęcimski,38.66%
37,Niepełnosprawność,2020,gmina,Oświęcim (wieś),powiat oświęcimski,57.20%
37,Niepełnosprawność,2020,gmina,Polanka Wielka,powiat oświęcimski,38.71%
37,Niepełnosprawność,2020,gmina,Przeciszów,powiat oświęcimski,31.41%
37,Niepełnosprawność,2020,gmina,Zator,powiat oświęcimski,28.62%
37,Niepełnosprawność,2020,powiat,powiat proszowicki,powiat proszowicki,26.37%
37,Niepełnosprawność,2020,gmina,Koniusza,powiat proszowicki,6.54%
37,Niepełnosprawność,2020,gmina,Koszyce,powiat proszowicki,24.22%
37,Niepełnosprawność,2020,gmina,Nowe Brzesko,powiat proszowicki,19.51%
37,Niepełnosprawność,2020,gmina,Pałecznica,powiat proszowicki,36.99%
37,Niepełnosprawność,2020,gmina,Proszowice,powiat proszowicki,34.16%
37,Niepełnosprawność,2020,gmina,Radziemice,powiat proszowicki,40.00%
37,Niepełnosprawność,2020,powiat,powiat suski,powiat suski,37.25%
37,Niepełnosprawność,2020,gmina,Budzów,powiat suski,44.86%
37,Niepełnosprawność,2020,gmina,Bystra-Sidzina,powiat suski,31.63%
37,Niepełnosprawność,2020,gmina,Jordanów (miasto),powiat suski,48.18%
37,Niepełnosprawność,2020,gmina,Jordanów (wieś),powiat suski,40.29%
37,Niepełnosprawność,2020,gmina,Maków Podhalański,powiat suski,29.22%
37,Niepełnosprawność,2020,gmina,Stryszawa,powiat suski,35.12%
37,Niepełnosprawność,2020,gmina,Sucha Beskidzka,powiat suski,44.97%
37,Niepełnosprawność,2020,gmina,Zawoja,powiat suski,37.35%
37,Niepełnosprawność,2020,gmina,Zembrzyce,powiat suski,45.28%
37,Niepełnosprawność,2020,powiat,powiat tarnowski,powiat tarnowski,29.04%
37,Niepełnosprawność,2020,gmina,Ciężkowice,powiat tarnowski,25.03%
37,Niepełnosprawność,2020,gmina,Gromnik,powiat tarnowski,39.27%
37,Niepełnosprawność,2020,gmina,Lisia Góra,powiat tarnowski,34.43%
37,Niepełnosprawność,2020,gmina,Pleśna,powiat tarnowski,31.74%
37,Niepełnosprawność,2020,gmina,Radłów,powiat tarnowski,43.98%
37,Niepełnosprawność,2020,gmina,Ryglice,powiat tarnowski,24.63%
37,Niepełnosprawność,2020,gmina,Rzepiennik Strzyżewski,powiat tarnowski,6.27%
37,Niepełnosprawność,2020,gmina,Skrzyszów,powiat tarnowski,38.13%
37,Niepełnosprawność,2020,gmina,Szerzyny,powiat tarnowski,18.51%
37,Niepełnosprawność,2020,gmina,Tarnów (wieś),powiat tarnowski,29.84%
37,Niepełnosprawność,2020,gmina,Tuchów,powiat tarnowski,40.55%
37,Niepełnosprawność,2020,gmina,Wierzchosławice,powiat tarnowski,30.52%
37,Niepełnosprawność,2020,gmina,Wietrzychowice,powiat tarnowski,20.51%
37,Niepełnosprawność,2020,gmina,Wojnicz,powiat tarnowski,49.42%
37,Niepełnosprawność,2020,gmina,Zakliczyn,powiat tarnowski,13.08%
37,Niepełnosprawność,2020,gmina,Żabno,powiat tarnowski,40.49%
37,Niepełnosprawność,2020,powiat,powiat tatrzański,powiat tatrzański,42.99%
37,Niepełnosprawność,2020,gmina,Biały Dunajec,powiat tatrzański,29.13%
37,Niepełnosprawność,2020,gmina,Bukowina Tatrzańska,powiat tatrzański,31.31%
37,Niepełnosprawność,2020,gmina,Kościelisko,powiat tatrzański,29.21%
37,Niepełnosprawność,2020,gmina,Poronin,powiat tatrzański,30.03%
37,Niepełnosprawność,2020,gmina,Zakopane,powiat tatrzański,33.57%
37,Niepełnosprawność,2020,powiat,powiat wadowicki,powiat wadowicki,41.61%
37,Niepełnosprawność,2020,gmina,Andrychów,powiat wadowicki,41.97%
37,Niepełnosprawność,2020,gmina,Brzeźnica,powiat wadowicki,48.11%
37,Niepełnosprawność,2020,gmina,Kalwaria Zebrzydowska,powiat wadowicki,48.85%
37,Niepełnosprawność,2020,gmina,Lanckorona,powiat wadowicki,41.90%
37,Niepełnosprawność,2020,gmina,Mucharz,powiat wadowicki,31.22%
37,Niepełnosprawność,2020,gmina,Spytkowice,powiat wadowicki,51.49%
37,Niepełnosprawność,2020,gmina,Stryszów,powiat wadowicki,29.09%
37,Niepełnosprawność,2020,gmina,Tomice,powiat wadowicki,32.87%
37,Niepełnosprawność,2020,gmina,Wadowice,powiat wadowicki,43.61%
37,Niepełnosprawność,2020,gmina,Wieprz,powiat wadowicki,25.65%
37,Niepełnosprawność,2020,powiat,powiat wielicki,powiat wielicki,35.78%
37,Niepełnosprawność,2020,gmina,Biskupice,powiat wielicki,42.98%
37,Niepełnosprawność,2020,gmina,Gdów,powiat wielicki,29.36%
37,Niepełnosprawność,2020,gmina,Kłaj,powiat wielicki,42.93%
37,Niepełnosprawność,2020,gmina,Niepołomice,powiat wielicki,39.97%
37,Niepełnosprawność,2020,gmina,Wieliczka,powiat wielicki,33.30%
37,Niepełnosprawność,2019,powiat,powiat bocheński,powiat bocheński,34.41%
37,Niepełnosprawność,2019,gmina,Bochnia (miasto),powiat bocheński,39.14%
37,Niepełnosprawność,2019,gmina,Bochnia (wieś),powiat bocheński,21.56%
37,Niepełnosprawność,2019,gmina,Drwinia,powiat bocheński,27.82%
37,Niepełnosprawność,2019,gmina,Lipnica Murowana,powiat bocheński,42.90%
37,Niepełnosprawność,2019,gmina,Łapanów,powiat bocheński,20.97%
37,Niepełnosprawność,2019,gmina,Nowy Wiśnicz,powiat bocheński,39.38%
37,Niepełnosprawność,2019,gmina,Rzezawa,powiat bocheński,38.43%
37,Niepełnosprawność,2019,gmina,Trzciana,powiat bocheński,41.00%
37,Niepełnosprawność,2019,gmina,Żegocina,powiat bocheński,52.23%
37,Niepełnosprawność,2019,powiat,powiat brzeski,powiat brzeski,28.28%
37,Niepełnosprawność,2019,gmina,Borzęcin,powiat brzeski,23.63%
37,Niepełnosprawność,2019,gmina,Brzesko,powiat brzeski,33.05%
37,Niepełnosprawność,2019,gmina,Czchów,powiat brzeski,26.07%
37,Niepełnosprawność,2019,gmina,Dębno,powiat brzeski,30.77%
37,Niepełnosprawność,2019,gmina,Gnojnik,powiat brzeski,17.67%
37,Niepełnosprawność,2019,gmina,Iwkowa,powiat brzeski,37.66%
37,Niepełnosprawność,2019,gmina,Szczurowa,powiat brzeski,28.97%
37,Niepełnosprawność,2019,powiat,powiat chrzanowski,powiat chrzanowski,38.89%
37,Niepełnosprawność,2019,gmina,Alwernia,powiat chrzanowski,24.29%
37,Niepełnosprawność,2019,gmina,Babice,powiat chrzanowski,38.91%
37,Niepełnosprawność,2019,gmina,Chrzanów,powiat chrzanowski,37.53%
37,Niepełnosprawność,2019,gmina,Libiąż,powiat chrzanowski,53.11%
37,Niepełnosprawność,2019,gmina,Trzebinia,powiat chrzanowski,37.87%
37,Niepełnosprawność,2019,powiat,powiat dąbrowski,powiat dąbrowski,32.22%
37,Niepełnosprawność,2019,gmina,Bolesław,powiat dąbrowski,20.78%
37,Niepełnosprawność,2019,gmina,Dąbrowa Tarnowska,powiat dąbrowski,42.26%
37,Niepełnosprawność,2019,gmina,Gręboszów,powiat dąbrowski,30.21%
37,Niepełnosprawność,2019,gmina,Mędrzechów,powiat dąbrowski,24.84%
37,Niepełnosprawność,2019,gmina,Olesno,powiat dąbrowski,52.30%
37,Niepełnosprawność,2019,gmina,Radgoszcz,powiat dąbrowski,29.29%
37,Niepełnosprawność,2019,gmina,Szczucin,powiat dąbrowski,22.82%
37,Niepełnosprawność,2019,powiat,powiat gorlicki,powiat gorlicki,32.15%
37,Niepełnosprawność,2019,gmina,Biecz,powiat gorlicki,51.72%
37,Niepełnosprawność,2019,gmina,Bobowa,powiat gorlicki,18.15%
37,Niepełnosprawność,2019,gmina,Gorlice (miasto),powiat gorlicki,55.13%
37,Niepełnosprawność,2019,gmina,Gorlice (wieś),powiat gorlicki,24.76%
37,Niepełnosprawność,2019,gmina,Lipinki,powiat gorlicki,38.45%
37,Niepełnosprawność,2019,gmina,Łużna,powiat gorlicki,34.26%
37,Niepełnosprawność,2019,gmina,Moszczenica,powiat gorlicki,31.62%
37,Niepełnosprawność,2019,gmina,Ropa,powiat gorlicki,11.36%
37,Niepełnosprawność,2019,gmina,Sękowa,powiat gorlicki,30.54%
37,Niepełnosprawność,2019,gmina,Uście Gorlickie,powiat gorlicki,19.78%
37,Niepełnosprawność,2019,powiat,powiat krakowski,powiat krakowski,39.16%
37,Niepełnosprawność,2019,gmina,Czernichów,powiat krakowski,55.56%
37,Niepełnosprawność,2019,gmina,Igołomia-Wawrzeńczyce,powiat krakowski,23.31%
37,Niepełnosprawność,2019,gmina,Iwanowice,powiat krakowski,36.36%
37,Niepełnosprawność,2019,gmina,Jerzmanowice-Przeginia,powiat krakowski,31.99%
37,Niepełnosprawność,2019,gmina,Kocmyrzów-Luborzyca,powiat krakowski,39.27%
37,Niepełnosprawność,2019,gmina,Krzeszowice,powiat krakowski,52.58%
37,Niepełnosprawność,2019,gmina,Liszki,powiat krakowski,40.42%
37,Niepełnosprawność,2019,gmina,Michałowice,powiat krakowski,27.39%
37,Niepełnosprawność,2019,gmina,Mogilany,powiat krakowski,38.11%
37,Niepełnosprawność,2019,gmina,Skała,powiat krakowski,19.86%
37,Niepełnosprawność,2019,gmina,Skawina,powiat krakowski,41.82%
37,Niepełnosprawność,2019,gmina,Słomniki,powiat krakowski,34.87%
37,Niepełnosprawność,2019,gmina,Sułoszowa,powiat krakowski,34.55%
37,Niepełnosprawność,2019,gmina,Świątniki Górne,powiat krakowski,51.64%
37,Niepełnosprawność,2019,gmina,Wielka Wieś,powiat krakowski,43.49%
37,Niepełnosprawność,2019,gmina,Zabierzów,powiat krakowski,46.86%
37,Niepełnosprawność,2019,gmina,Zielonki,powiat krakowski,47.90%
37,Niepełnosprawność,2019,powiat,powiat limanowski,powiat limanowski,30.50%
37,Niepełnosprawność,2019,gmina,Dobra,powiat limanowski,25.85%
37,Niepełnosprawność,2019,gmina,Jodłownik,powiat limanowski,29.35%
37,Niepełnosprawność,2019,gmina,Kamienica,powiat limanowski,12.61%
37,Niepełnosprawność,2019,gmina,Laskowa,powiat limanowski,31.55%
37,Niepełnosprawność,2019,gmina,Limanowa (miasto),powiat limanowski,31.16%
37,Niepełnosprawność,2019,gmina,Limanowa (wieś),powiat limanowski,46.05%
37,Niepełnosprawność,2019,gmina,Łukowica,powiat limanowski,12.81%
37,Niepełnosprawność,2019,gmina,Mszana Dolna (miasto),powiat limanowski,23.38%
37,Niepełnosprawność,2019,gmina,Mszana Dolna (wieś),powiat limanowski,46.69%
37,Niepełnosprawność,2019,gmina,Niedźwiedź,powiat limanowski,42.71%
37,Niepełnosprawność,2019,gmina,Słopnice,powiat limanowski,46.99%
37,Niepełnosprawność,2019,gmina,Tymbark,powiat limanowski,29.06%
37,Niepełnosprawność,2019,powiat,powiat m. Kraków,powiat m. Kraków,36.84%
37,Niepełnosprawność,2019,powiat,powiat m. Nowy Sącz,powiat m. Nowy Sącz,48.64%
37,Niepełnosprawność,2019,powiat,powiat m. Tarnów,powiat m. Tarnów,45.55%
37,Niepełnosprawność,2019,powiat,powiat miechowski,powiat miechowski,34.81%
37,Niepełnosprawność,2019,gmina,Charsznica,powiat miechowski,31.14%
37,Niepełnosprawność,2019,gmina,Gołcza,powiat miechowski,33.67%
37,Niepełnosprawność,2019,gmina,Kozłów,powiat miechowski,23.13%
37,Niepełnosprawność,2019,gmina,Książ Wielki,powiat miechowski,39.74%
37,Niepełnosprawność,2019,gmina,Miechów,powiat miechowski,41.47%
37,Niepełnosprawność,2019,gmina,Racławice,powiat miechowski,14.68%
37,Niepełnosprawność,2019,gmina,Słaboszów,powiat miechowski,32.80%
37,Niepełnosprawność,2019,powiat,powiat myślenicki,powiat myślenicki,38.91%
37,Niepełnosprawność,2019,gmina,Dobczyce,powiat myślenicki,27.70%
37,Niepełnosprawność,2019,gmina,Lubień,powiat myślenicki,40.00%
37,Niepełnosprawność,2019,gmina,Myślenice,powiat myślenicki,57.78%
37,Niepełnosprawność,2019,gmina,Pcim,powiat myślenicki,31.69%
37,Niepełnosprawność,2019,gmina,Raciechowice,powiat myślenicki,35.20%
37,Niepełnosprawność,2019,gmina,Siepraw,powiat myślenicki,25.00%
37,Niepełnosprawność,2019,gmina,Sułkowice,powiat myślenicki,35.76%
37,Niepełnosprawność,2019,gmina,Tokarnia,powiat myślenicki,40.50%
37,Niepełnosprawność,2019,gmina,Wiśniowa,powiat myślenicki,35.12%
37,Niepełnosprawność,2019,powiat,powiat nowosądecki,powiat nowosądecki,26.42%
37,Niepełnosprawność,2019,gmina,Podegrodzie,powiat nowosądecki,26.34%
37,Niepełnosprawność,2019,gmina,Rytro,powiat nowosądecki,26.62%
37,Niepełnosprawność,2019,gmina,Stary Sącz,powiat nowosądecki,32.24%
37,Niepełnosprawność,2019,gmina,Chełmiec,powiat nowosądecki,32.71%
37,Niepełnosprawność,2019,gmina,Gródek nad Dunajcem,powiat nowosądecki,25.84%
37,Niepełnosprawność,2019,gmina,Grybów (miasto),powiat nowosądecki,38.02%
37,Niepełnosprawność,2019,gmina,Grybów (wieś),powiat nowosądecki,22.40%
37,Niepełnosprawność,2019,gmina,Kamionka Wielka,powiat nowosądecki,24.24%
37,Niepełnosprawność,2019,gmina,Korzenna,powiat nowosądecki,16.17%
37,Niepełnosprawność,2019,gmina,Krynica-Zdrój,powiat nowosądecki,25.83%
37,Niepełnosprawność,2019,gmina,Łabowa,powiat nowosądecki,19.02%
37,Niepełnosprawność,2019,gmina,Łącko,powiat nowosądecki,34.45%
37,Niepełnosprawność,2019,gmina,Łososina Dolna,powiat nowosądecki,19.38%
37,Niepełnosprawność,2019,gmina,Muszyna,powiat nowosądecki,26.55%
37,Niepełnosprawność,2019,gmina,Nawojowa,powiat nowosądecki,27.57%
37,Niepełnosprawność,2019,gmina,Piwniczna-Zdrój,powiat nowosądecki,34.62%
37,Niepełnosprawność,2019,powiat,powiat nowotarski,powiat nowotarski,36.93%
37,Niepełnosprawność,2019,gmina,Czarny Dunajec,powiat nowotarski,19.12%
37,Niepełnosprawność,2019,gmina,Czorsztyn,powiat nowotarski,52.02%
37,Niepełnosprawność,2019,gmina,Jabłonka,powiat nowotarski,33.25%
37,Niepełnosprawność,2019,gmina,Krościenko nad Dunajcem,powiat nowotarski,69.62%
37,Niepełnosprawność,2019,gmina,Lipnica Wielka,powiat nowotarski,27.59%
37,Niepełnosprawność,2019,gmina,Łapsze Niżne,powiat nowotarski,35.53%
37,Niepełnosprawność,2019,gmina,Nowy Targ (miasto),powiat nowotarski,39.38%
37,Niepełnosprawność,2019,gmina,Nowy Targ (wieś),powiat nowotarski,34.21%
37,Niepełnosprawność,2019,gmina,Ochotnica Dolna,powiat nowotarski,39.88%
37,Niepełnosprawność,2019,gmina,Raba Wyżna,powiat nowotarski,41.80%
37,Niepełnosprawność,2019,gmina,Rabka-Zdrój,powiat nowotarski,46.37%
37,Niepełnosprawność,2019,gmina,Spytkowice,powiat nowotarski,34.25%
37,Niepełnosprawność,2019,gmina,Szaflary,powiat nowotarski,36.93%
37,Niepełnosprawność,2019,gmina,Szczawnica,powiat nowotarski,28.13%
37,Niepełnosprawność,2019,powiat,powiat olkuski,powiat olkuski,30.80%
37,Niepełnosprawność,2019,gmina,Bolesław,powiat olkuski,34.12%
37,Niepełnosprawność,2019,gmina,Bukowno,powiat olkuski,23.48%
37,Niepełnosprawność,2019,gmina,Klucze,powiat olkuski,41.16%
37,Niepełnosprawność,2019,gmina,Olkusz,powiat olkuski,21.16%
37,Niepełnosprawność,2019,gmina,Trzyciąż,powiat olkuski,35.94%
37,Niepełnosprawność,2019,gmina,Wolbrom,powiat olkuski,46.38%
37,Niepełnosprawność,2019,powiat,powiat oświęcimski,powiat oświęcimski,38.93%
37,Niepełnosprawność,2019,gmina,Brzeszcze,powiat oświęcimski,48.03%
37,Niepełnosprawność,2019,gmina,Chełmek,powiat oświęcimski,48.63%
37,Niepełnosprawność,2019,gmina,Kęty,powiat oświęcimski,40.93%
37,Niepełnosprawność,2019,gmina,Osiek,powiat oświęcimski,52.99%
37,Niepełnosprawność,2019,gmina,Oświęcim (miasto),powiat oświęcimski,39.62%
37,Niepełnosprawność,2019,gmina,Oświęcim (wieś),powiat oświęcimski,57.34%
37,Niepełnosprawność,2019,gmina,Polanka Wielka,powiat oświęcimski,46.84%
37,Niepełnosprawność,2019,gmina,Przeciszów,powiat oświęcimski,26.02%
37,Niepełnosprawność,2019,gmina,Zator,powiat oświęcimski,22.34%
37,Niepełnosprawność,2019,powiat,powiat proszowicki,powiat proszowicki,25.57%
37,Niepełnosprawność,2019,gmina,Koniusza,powiat proszowicki,5.08%
37,Niepełnosprawność,2019,gmina,Koszyce,powiat proszowicki,19.21%
37,Niepełnosprawność,2019,gmina,Nowe Brzesko,powiat proszowicki,19.63%
37,Niepełnosprawność,2019,gmina,Pałecznica,powiat proszowicki,41.31%
37,Niepełnosprawność,2019,gmina,Proszowice,powiat proszowicki,33.41%
37,Niepełnosprawność,2019,gmina,Radziemice,powiat proszowicki,36.28%
37,Niepełnosprawność,2019,powiat,powiat suski,powiat suski,38.82%
37,Niepełnosprawność,2019,gmina,Budzów,powiat suski,47.39%
37,Niepełnosprawność,2019,gmina,Bystra-Sidzina,powiat suski,31.51%
37,Niepełnosprawność,2019,gmina,Jordanów (miasto),powiat suski,52.81%
37,Niepełnosprawność,2019,gmina,Jordanów (wieś),powiat suski,43.88%
37,Niepełnosprawność,2019,gmina,Maków Podhalański,powiat suski,29.52%
37,Niepełnosprawność,2019,gmina,Stryszawa,powiat suski,40.52%
37,Niepełnosprawność,2019,gmina,Sucha Beskidzka,powiat suski,56.99%
37,Niepełnosprawność,2019,gmina,Zawoja,powiat suski,33.57%
37,Niepełnosprawność,2019,gmina,Zembrzyce,powiat suski,33.92%
37,Niepełnosprawność,2019,powiat,powiat tarnowski,powiat tarnowski,29.84%
37,Niepełnosprawność,2019,gmina,Ciężkowice,powiat tarnowski,27.32%
37,Niepełnosprawność,2019,gmina,Gromnik,powiat tarnowski,41.45%
37,Niepełnosprawność,2019,gmina,Lisia Góra,powiat tarnowski,33.37%
37,Niepełnosprawność,2019,gmina,Pleśna,powiat tarnowski,34.80%
37,Niepełnosprawność,2019,gmina,Radłów,powiat tarnowski,38.67%
37,Niepełnosprawność,2019,gmina,Ryglice,powiat tarnowski,29.05%
37,Niepełnosprawność,2019,gmina,Rzepiennik Strzyżewski,powiat tarnowski,4.95%
37,Niepełnosprawność,2019,gmina,Skrzyszów,powiat tarnowski,36.32%
37,Niepełnosprawność,2019,gmina,Szerzyny,powiat tarnowski,25.44%
37,Niepełnosprawność,2019,gmina,Tarnów (wieś),powiat tarnowski,27.98%
37,Niepełnosprawność,2019,gmina,Tuchów,powiat tarnowski,45.07%
37,Niepełnosprawność,2019,gmina,Wierzchosławice,powiat tarnowski,34.12%
37,Niepełnosprawność,2019,gmina,Wietrzychowice,powiat tarnowski,29.64%
37,Niepełnosprawność,2019,gmina,Wojnicz,powiat tarnowski,47.14%
37,Niepełnosprawność,2019,gmina,Zakliczyn,powiat tarnowski,13.05%
37,Niepełnosprawność,2019,gmina,Żabno,powiat tarnowski,40.19%
37,Niepełnosprawność,2019,powiat,powiat tatrzański,powiat tatrzański,45.68%
37,Niepełnosprawność,2019,gmina,Biały Dunajec,powiat tatrzański,28.53%
37,Niepełnosprawność,2019,gmina,Bukowina Tatrzańska,powiat tatrzański,36.11%
37,Niepełnosprawność,2019,gmina,Kościelisko,powiat tatrzański,26.76%
37,Niepełnosprawność,2019,gmina,Poronin,powiat tatrzański,44.30%
37,Niepełnosprawność,2019,gmina,Zakopane,powiat tatrzański,35.41%
37,Niepełnosprawność,2019,powiat,powiat wadowicki,powiat wadowicki,42.55%
37,Niepełnosprawność,2019,gmina,Andrychów,powiat wadowicki,41.12%
37,Niepełnosprawność,2019,gmina,Brzeźnica,powiat wadowicki,48.87%
37,Niepełnosprawność,2019,gmina,Kalwaria Zebrzydowska,powiat wadowicki,51.34%
37,Niepełnosprawność,2019,gmina,Lanckorona,powiat wadowicki,47.33%
37,Niepełnosprawność,2019,gmina,Mucharz,powiat wadowicki,38.38%
37,Niepełnosprawność,2019,gmina,Spytkowice,powiat wadowicki,41.50%
37,Niepełnosprawność,2019,gmina,Stryszów,powiat wadowicki,29.54%
37,Niepełnosprawność,2019,gmina,Tomice,powiat wadowicki,32.68%
37,Niepełnosprawność,2019,gmina,Wadowice,powiat wadowicki,47.32%
37,Niepełnosprawność,2019,gmina,Wieprz,powiat wadowicki,30.91%
37,Niepełnosprawność,2019,powiat,powiat wielicki,powiat wielicki,37.89%
37,Niepełnosprawność,2019,gmina,Biskupice,powiat wielicki,47.10%
37,Niepełnosprawność,2019,gmina,Gdów,powiat wielicki,40.29%
37,Niepełnosprawność,2019,gmina,Kłaj,powiat wielicki,43.44%
37,Niepełnosprawność,2019,gmina,Niepołomice,powiat wielicki,42.51%
37,Niepełnosprawność,2019,gmina,Wieliczka,powiat wielicki,32.67%
37,Niepełnosprawność,2018,powiat,powiat bocheński,powiat bocheński,34.94%
37,Niepełnosprawność,2018,gmina,Bochnia (miasto),powiat bocheński,48.41%
37,Niepełnosprawność,2018,gmina,Bochnia (wieś),powiat bocheński,21.32%
37,Niepełnosprawność,2018,gmina,Drwinia,powiat bocheński,24.42%
37,Niepełnosprawność,2018,gmina,Lipnica Murowana,powiat bocheński,41.76%
37,Niepełnosprawność,2018,gmina,Łapanów,powiat bocheński,23.80%
37,Niepełnosprawność,2018,gmina,Nowy Wiśnicz,powiat bocheński,33.77%
37,Niepełnosprawność,2018,gmina,Rzezawa,powiat bocheński,35.00%
37,Niepełnosprawność,2018,gmina,Trzciana,powiat bocheński,36.54%
37,Niepełnosprawność,2018,gmina,Żegocina,powiat bocheński,50.79%
37,Niepełnosprawność,2018,powiat,powiat brzeski,powiat brzeski,27.47%
37,Niepełnosprawność,2018,gmina,Borzęcin,powiat brzeski,26.92%
37,Niepełnosprawność,2018,gmina,Brzesko,powiat brzeski,31.65%
37,Niepełnosprawność,2018,gmina,Czchów,powiat brzeski,28.31%
37,Niepełnosprawność,2018,gmina,Dębno,powiat brzeski,28.83%
37,Niepełnosprawność,2018,gmina,Gnojnik,powiat brzeski,11.00%
37,Niepełnosprawność,2018,gmina,Iwkowa,powiat brzeski,38.38%
37,Niepełnosprawność,2018,gmina,Szczurowa,powiat brzeski,27.66%
37,Niepełnosprawność,2018,powiat,powiat chrzanowski,powiat chrzanowski,39.97%
37,Niepełnosprawność,2018,gmina,Alwernia,powiat chrzanowski,14.90%
37,Niepełnosprawność,2018,gmina,Babice,powiat chrzanowski,37.82%
37,Niepełnosprawność,2018,gmina,Chrzanów,powiat chrzanowski,42.82%
37,Niepełnosprawność,2018,gmina,Libiąż,powiat chrzanowski,54.37%
37,Niepełnosprawność,2018,gmina,Trzebinia,powiat chrzanowski,41.00%
37,Niepełnosprawność,2018,powiat,powiat dąbrowski,powiat dąbrowski,31.10%
37,Niepełnosprawność,2018,gmina,Bolesław,powiat dąbrowski,17.42%
37,Niepełnosprawność,2018,gmina,Dąbrowa Tarnowska,powiat dąbrowski,36.89%
37,Niepełnosprawność,2018,gmina,Gręboszów,powiat dąbrowski,36.60%
37,Niepełnosprawność,2018,gmina,Mędrzechów,powiat dąbrowski,21.15%
37,Niepełnosprawność,2018,gmina,Olesno,powiat dąbrowski,53.13%
37,Niepełnosprawność,2018,gmina,Radgoszcz,powiat dąbrowski,25.29%
37,Niepełnosprawność,2018,gmina,Szczucin,powiat dąbrowski,25.54%
37,Niepełnosprawność,2018,powiat,powiat gorlicki,powiat gorlicki,32.99%
37,Niepełnosprawność,2018,gmina,Biecz,powiat gorlicki,46.43%
37,Niepełnosprawność,2018,gmina,Bobowa,powiat gorlicki,25.18%
37,Niepełnosprawność,2018,gmina,Gorlice (miasto),powiat gorlicki,54.78%
37,Niepełnosprawność,2018,gmina,Gorlice (wieś),powiat gorlicki,22.37%
37,Niepełnosprawność,2018,gmina,Lipinki,powiat gorlicki,41.56%
37,Niepełnosprawność,2018,gmina,Łużna,powiat gorlicki,31.73%
37,Niepełnosprawność,2018,gmina,Moszczenica,powiat gorlicki,42.08%
37,Niepełnosprawność,2018,gmina,Ropa,powiat gorlicki,12.63%
37,Niepełnosprawność,2018,gmina,Sękowa,powiat gorlicki,27.04%
37,Niepełnosprawność,2018,gmina,Uście Gorlickie,powiat gorlicki,22.49%
37,Niepełnosprawność,2018,powiat,powiat krakowski,powiat krakowski,39.09%
37,Niepełnosprawność,2018,gmina,Czernichów,powiat krakowski,58.74%
37,Niepełnosprawność,2018,gmina,Igołomia-Wawrzeńczyce,powiat krakowski,31.43%
37,Niepełnosprawność,2018,gmina,Iwanowice,powiat krakowski,40.00%
37,Niepełnosprawność,2018,gmina,Jerzmanowice-Przeginia,powiat krakowski,24.42%
37,Niepełnosprawność,2018,gmina,Kocmyrzów-Luborzyca,powiat krakowski,40.73%
37,Niepełnosprawność,2018,gmina,Krzeszowice,powiat krakowski,54.16%
37,Niepełnosprawność,2018,gmina,Liszki,powiat krakowski,43.98%
37,Niepełnosprawność,2018,gmina,Michałowice,powiat krakowski,27.35%
37,Niepełnosprawność,2018,gmina,Mogilany,powiat krakowski,38.03%
37,Niepełnosprawność,2018,gmina,Skała,powiat krakowski,15.48%
37,Niepełnosprawność,2018,gmina,Skawina,powiat krakowski,40.68%
37,Niepełnosprawność,2018,gmina,Słomniki,powiat krakowski,34.14%
37,Niepełnosprawność,2018,gmina,Sułoszowa,powiat krakowski,34.91%
37,Niepełnosprawność,2018,gmina,Świątniki Górne,powiat krakowski,50.00%
37,Niepełnosprawność,2018,gmina,Wielka Wieś,powiat krakowski,30.66%
37,Niepełnosprawność,2018,gmina,Zabierzów,powiat krakowski,47.56%
37,Niepełnosprawność,2018,gmina,Zielonki,powiat krakowski,55.24%
37,Niepełnosprawność,2018,powiat,powiat limanowski,powiat limanowski,31.25%
37,Niepełnosprawność,2018,gmina,Dobra,powiat limanowski,27.10%
37,Niepełnosprawność,2018,gmina,Jodłownik,powiat limanowski,29.13%
37,Niepełnosprawność,2018,gmina,Kamienica,powiat limanowski,14.70%
37,Niepełnosprawność,2018,gmina,Laskowa,powiat limanowski,31.73%
37,Niepełnosprawność,2018,gmina,Limanowa (miasto),powiat limanowski,34.28%
37,Niepełnosprawność,2018,gmina,Limanowa (wieś),powiat limanowski,45.76%
37,Niepełnosprawność,2018,gmina,Łukowica,powiat limanowski,12.30%
37,Niepełnosprawność,2018,gmina,Mszana Dolna (miasto),powiat limanowski,32.31%
37,Niepełnosprawność,2018,gmina,Mszana Dolna (wieś),powiat limanowski,43.86%
37,Niepełnosprawność,2018,gmina,Niedźwiedź,powiat limanowski,40.23%
37,Niepełnosprawność,2018,gmina,Słopnice,powiat limanowski,50.86%
37,Niepełnosprawność,2018,gmina,Tymbark,powiat limanowski,29.88%
37,Niepełnosprawność,2018,powiat,powiat m. Kraków,powiat m. Kraków,39.47%
37,Niepełnosprawność,2018,powiat,powiat m. Nowy Sącz,powiat m. Nowy Sącz,44.11%
37,Niepełnosprawność,2018,powiat,powiat m. Tarnów,powiat m. Tarnów,46.24%
37,Niepełnosprawność,2018,powiat,powiat miechowski,powiat miechowski,36.02%
37,Niepełnosprawność,2018,gmina,Charsznica,powiat miechowski,36.07%
37,Niepełnosprawność,2018,gmina,Gołcza,powiat miechowski,32.29%
37,Niepełnosprawność,2018,gmina,Kozłów,powiat miechowski,20.55%
37,Niepełnosprawność,2018,gmina,Książ Wielki,powiat miechowski,38.34%
37,Niepełnosprawność,2018,gmina,Miechów,powiat miechowski,39.49%
37,Niepełnosprawność,2018,gmina,Racławice,powiat miechowski,32.35%
37,Niepełnosprawność,2018,gmina,Słaboszów,powiat miechowski,46.58%
37,Niepełnosprawność,2018,powiat,powiat myślenicki,powiat myślenicki,40.41%
37,Niepełnosprawność,2018,gmina,Dobczyce,powiat myślenicki,28.52%
37,Niepełnosprawność,2018,gmina,Lubień,powiat myślenicki,43.03%
37,Niepełnosprawność,2018,gmina,Myślenice,powiat myślenicki,60.95%
37,Niepełnosprawność,2018,gmina,Pcim,powiat myślenicki,29.18%
37,Niepełnosprawność,2018,gmina,Raciechowice,powiat myślenicki,33.16%
37,Niepełnosprawność,2018,gmina,Siepraw,powiat myślenicki,30.21%
37,Niepełnosprawność,2018,gmina,Sułkowice,powiat myślenicki,36.20%
37,Niepełnosprawność,2018,gmina,Tokarnia,powiat myślenicki,40.31%
37,Niepełnosprawność,2018,gmina,Wiśniowa,powiat myślenicki,46.53%
37,Niepełnosprawność,2018,powiat,powiat nowosądecki,powiat nowosądecki,28.20%
37,Niepełnosprawność,2018,gmina,Podegrodzie,powiat nowosądecki,28.40%
37,Niepełnosprawność,2018,gmina,Rytro,powiat nowosądecki,28.81%
37,Niepełnosprawność,2018,gmina,Stary Sącz,powiat nowosądecki,34.15%
37,Niepełnosprawność,2018,gmina,Chełmiec,powiat nowosądecki,33.22%
37,Niepełnosprawność,2018,gmina,Gródek nad Dunajcem,powiat nowosądecki,26.86%
37,Niepełnosprawność,2018,gmina,Grybów (miasto),powiat nowosądecki,37.11%
37,Niepełnosprawność,2018,gmina,Grybów (wieś),powiat nowosądecki,20.64%
37,Niepełnosprawność,2018,gmina,Kamionka Wielka,powiat nowosądecki,24.65%
37,Niepełnosprawność,2018,gmina,Korzenna,powiat nowosądecki,21.70%
37,Niepełnosprawność,2018,gmina,Krynica-Zdrój,powiat nowosądecki,26.67%
37,Niepełnosprawność,2018,gmina,Łabowa,powiat nowosądecki,22.94%
37,Niepełnosprawność,2018,gmina,Łącko,powiat nowosądecki,32.58%
37,Niepełnosprawność,2018,gmina,Łososina Dolna,powiat nowosądecki,33.86%
37,Niepełnosprawność,2018,gmina,Muszyna,powiat nowosądecki,29.83%
37,Niepełnosprawność,2018,gmina,Nawojowa,powiat nowosądecki,30.99%
37,Niepełnosprawność,2018,gmina,Piwniczna-Zdrój,powiat nowosądecki,32.17%
37,Niepełnosprawność,2018,powiat,powiat nowotarski,powiat nowotarski,35.93%
37,Niepełnosprawność,2018,gmina,Czarny Dunajec,powiat nowotarski,11.26%
37,Niepełnosprawność,2018,gmina,Czorsztyn,powiat nowotarski,43.43%
37,Niepełnosprawność,2018,gmina,Jabłonka,powiat nowotarski,33.70%
37,Niepełnosprawność,2018,gmina,Krościenko nad Dunajcem,powiat nowotarski,64.15%
37,Niepełnosprawność,2018,gmina,Lipnica Wielka,powiat nowotarski,26.74%
37,Niepełnosprawność,2018,gmina,Łapsze Niżne,powiat nowotarski,33.16%
37,Niepełnosprawność,2018,gmina,Nowy Targ (miasto),powiat nowotarski,40.32%
37,Niepełnosprawność,2018,gmina,Nowy Targ (wieś),powiat nowotarski,32.01%
37,Niepełnosprawność,2018,gmina,Ochotnica Dolna,powiat nowotarski,38.18%
37,Niepełnosprawność,2018,gmina,Raba Wyżna,powiat nowotarski,46.85%
37,Niepełnosprawność,2018,gmina,Rabka-Zdrój,powiat nowotarski,47.54%
37,Niepełnosprawność,2018,gmina,Spytkowice,powiat nowotarski,43.06%
37,Niepełnosprawność,2018,gmina,Szaflary,powiat nowotarski,36.28%
37,Niepełnosprawność,2018,gmina,Szczawnica,powiat nowotarski,32.75%
37,Niepełnosprawność,2018,powiat,powiat olkuski,powiat olkuski,39.24%
37,Niepełnosprawność,2018,gmina,Bolesław,powiat olkuski,35.77%
37,Niepełnosprawność,2018,gmina,Bukowno,powiat olkuski,23.86%
37,Niepełnosprawność,2018,gmina,Klucze,powiat olkuski,43.32%
37,Niepełnosprawność,2018,gmina,Olkusz,powiat olkuski,39.69%
37,Niepełnosprawność,2018,gmina,Trzyciąż,powiat olkuski,38.21%
37,Niepełnosprawność,2018,gmina,Wolbrom,powiat olkuski,43.77%
37,Niepełnosprawność,2018,powiat,powiat oświęcimski,powiat oświęcimski,42.23%
37,Niepełnosprawność,2018,gmina,Brzeszcze,powiat oświęcimski,47.01%
37,Niepełnosprawność,2018,gmina,Chełmek,powiat oświęcimski,46.08%
37,Niepełnosprawność,2018,gmina,Kęty,powiat oświęcimski,43.24%
37,Niepełnosprawność,2018,gmina,Osiek,powiat oświęcimski,60.00%
37,Niepełnosprawność,2018,gmina,Oświęcim (miasto),powiat oświęcimski,26.19%
37,Niepełnosprawność,2018,gmina,Oświęcim (wieś),powiat oświęcimski,57.99%
37,Niepełnosprawność,2018,gmina,Polanka Wielka,powiat oświęcimski,74.12%
37,Niepełnosprawność,2018,gmina,Przeciszów,powiat oświęcimski,26.82%
37,Niepełnosprawność,2018,gmina,Zator,powiat oświęcimski,27.35%
37,Niepełnosprawność,2018,powiat,powiat proszowicki,powiat proszowicki,25.35%
37,Niepełnosprawność,2018,gmina,Koniusza,powiat proszowicki,6.28%
37,Niepełnosprawność,2018,gmina,Koszyce,powiat proszowicki,15.87%
37,Niepełnosprawność,2018,gmina,Nowe Brzesko,powiat proszowicki,23.68%
37,Niepełnosprawność,2018,gmina,Pałecznica,powiat proszowicki,52.48%
37,Niepełnosprawność,2018,gmina,Proszowice,powiat proszowicki,31.71%
37,Niepełnosprawność,2018,gmina,Radziemice,powiat proszowicki,32.80%
37,Niepełnosprawność,2018,powiat,powiat suski,powiat suski,36.45%
37,Niepełnosprawność,2018,gmina,Budzów,powiat suski,41.30%
37,Niepełnosprawność,2018,gmina,Bystra-Sidzina,powiat suski,25.97%
37,Niepełnosprawność,2018,gmina,Jordanów (miasto),powiat suski,56.30%
37,Niepełnosprawność,2018,gmina,Jordanów (wieś),powiat suski,39.08%
37,Niepełnosprawność,2018,gmina,Maków Podhalański,powiat suski,31.08%
37,Niepełnosprawność,2018,gmina,Stryszawa,powiat suski,34.69%
37,Niepełnosprawność,2018,gmina,Sucha Beskidzka,powiat suski,52.20%
37,Niepełnosprawność,2018,gmina,Zawoja,powiat suski,32.76%
37,Niepełnosprawność,2018,gmina,Zembrzyce,powiat suski,37.29%
37,Niepełnosprawność,2018,powiat,powiat tarnowski,powiat tarnowski,28.78%
37,Niepełnosprawność,2018,gmina,Ciężkowice,powiat tarnowski,27.40%
37,Niepełnosprawność,2018,gmina,Gromnik,powiat tarnowski,44.09%
37,Niepełnosprawność,2018,gmina,Lisia Góra,powiat tarnowski,25.03%
37,Niepełnosprawność,2018,gmina,Pleśna,powiat tarnowski,24.42%
37,Niepełnosprawność,2018,gmina,Radłów,powiat tarnowski,41.54%
37,Niepełnosprawność,2018,gmina,Ryglice,powiat tarnowski,29.33%
37,Niepełnosprawność,2018,gmina,Rzepiennik Strzyżewski,powiat tarnowski,4.92%
37,Niepełnosprawność,2018,gmina,Skrzyszów,powiat tarnowski,35.07%
37,Niepełnosprawność,2018,gmina,Szerzyny,powiat tarnowski,30.95%
37,Niepełnosprawność,2018,gmina,Tarnów (wieś),powiat tarnowski,26.39%
37,Niepełnosprawność,2018,gmina,Tuchów,powiat tarnowski,42.92%
37,Niepełnosprawność,2018,gmina,Wierzchosławice,powiat tarnowski,27.68%
37,Niepełnosprawność,2018,gmina,Wietrzychowice,powiat tarnowski,30.00%
37,Niepełnosprawność,2018,gmina,Wojnicz,powiat tarnowski,51.45%
37,Niepełnosprawność,2018,gmina,Zakliczyn,powiat tarnowski,14.22%
37,Niepełnosprawność,2018,gmina,Żabno,powiat tarnowski,37.71%
37,Niepełnosprawność,2018,powiat,powiat tatrzański,powiat tatrzański,49.03%
37,Niepełnosprawność,2018,gmina,Biały Dunajec,powiat tatrzański,28.46%
37,Niepełnosprawność,2018,gmina,Bukowina Tatrzańska,powiat tatrzański,48.73%
37,Niepełnosprawność,2018,gmina,Kościelisko,powiat tatrzański,28.57%
37,Niepełnosprawność,2018,gmina,Poronin,powiat tatrzański,43.13%
37,Niepełnosprawność,2018,gmina,Zakopane,powiat tatrzański,37.24%
37,Niepełnosprawność,2018,powiat,powiat wadowicki,powiat wadowicki,41.68%
37,Niepełnosprawność,2018,gmina,Andrychów,powiat wadowicki,39.07%
37,Niepełnosprawność,2018,gmina,Brzeźnica,powiat wadowicki,43.67%
37,Niepełnosprawność,2018,gmina,Kalwaria Zebrzydowska,powiat wadowicki,52.47%
37,Niepełnosprawność,2018,gmina,Lanckorona,powiat wadowicki,38.65%
37,Niepełnosprawność,2018,gmina,Mucharz,powiat wadowicki,40.96%
37,Niepełnosprawność,2018,gmina,Spytkowice,powiat wadowicki,41.23%
37,Niepełnosprawność,2018,gmina,Stryszów,powiat wadowicki,29.75%
37,Niepełnosprawność,2018,gmina,Tomice,powiat wadowicki,36.19%
37,Niepełnosprawność,2018,gmina,Wadowice,powiat wadowicki,45.49%
37,Niepełnosprawność,2018,gmina,Wieprz,powiat wadowicki,32.63%
37,Niepełnosprawność,2018,powiat,powiat wielicki,powiat wielicki,39.58%
37,Niepełnosprawność,2018,gmina,Biskupice,powiat wielicki,44.00%
37,Niepełnosprawność,2018,gmina,Gdów,powiat wielicki,35.86%
37,Niepełnosprawność,2018,gmina,Kłaj,powiat wielicki,46.44%
37,Niepełnosprawność,2018,gmina,Niepołomice,powiat wielicki,44.07%
37,Niepełnosprawność,2018,gmina,Wieliczka,powiat wielicki,36.41%
37,Niepełnosprawność,2017,powiat,powiat bocheński,powiat bocheński,33.86%
37,Niepełnosprawność,2017,gmina,Bochnia (miasto),powiat bocheński,43.91%
37,Niepełnosprawność,2017,gmina,Bochnia (wieś),powiat bocheński,21.45%
37,Niepełnosprawność,2017,gmina,Drwinia,powiat bocheński,25.65%
37,Niepełnosprawność,2017,gmina,Lipnica Murowana,powiat bocheński,43.54%
37,Niepełnosprawność,2017,gmina,Łapanów,powiat bocheński,21.35%
37,Niepełnosprawność,2017,gmina,Nowy Wiśnicz,powiat bocheński,33.82%
37,Niepełnosprawność,2017,gmina,Rzezawa,powiat bocheński,36.48%
37,Niepełnosprawność,2017,gmina,Trzciana,powiat bocheński,30.67%
37,Niepełnosprawność,2017,gmina,Żegocina,powiat bocheński,51.82%
37,Niepełnosprawność,2017,powiat,powiat brzeski,powiat brzeski,25.91%
37,Niepełnosprawność,2017,gmina,Borzęcin,powiat brzeski,28.52%
37,Niepełnosprawność,2017,gmina,Brzesko,powiat brzeski,29.52%
37,Niepełnosprawność,2017,gmina,Czchów,powiat brzeski,26.29%
37,Niepełnosprawność,2017,gmina,Dębno,powiat brzeski,22.87%
37,Niepełnosprawność,2017,gmina,Gnojnik,powiat brzeski,9.24%
37,Niepełnosprawność,2017,gmina,Iwkowa,powiat brzeski,39.29%
37,Niepełnosprawność,2017,gmina,Szczurowa,powiat brzeski,25.30%
37,Niepełnosprawność,2017,powiat,powiat chrzanowski,powiat chrzanowski,40.48%
37,Niepełnosprawność,2017,gmina,Alwernia,powiat chrzanowski,24.04%
37,Niepełnosprawność,2017,gmina,Babice,powiat chrzanowski,38.50%
37,Niepełnosprawność,2017,gmina,Chrzanów,powiat chrzanowski,42.35%
37,Niepełnosprawność,2017,gmina,Libiąż,powiat chrzanowski,52.30%
37,Niepełnosprawność,2017,gmina,Trzebinia,powiat chrzanowski,36.88%
37,Niepełnosprawność,2017,powiat,powiat dąbrowski,powiat dąbrowski,25.99%
37,Niepełnosprawność,2017,gmina,Bolesław,powiat dąbrowski,25.69%
37,Niepełnosprawność,2017,gmina,Dąbrowa Tarnowska,powiat dąbrowski,31.32%
37,Niepełnosprawność,2017,gmina,Gręboszów,powiat dąbrowski,31.48%
37,Niepełnosprawność,2017,gmina,Mędrzechów,powiat dąbrowski,17.63%
37,Niepełnosprawność,2017,gmina,Olesno,powiat dąbrowski,47.84%
37,Niepełnosprawność,2017,gmina,Radgoszcz,powiat dąbrowski,21.97%
37,Niepełnosprawność,2017,gmina,Szczucin,powiat dąbrowski,18.26%
37,Niepełnosprawność,2017,powiat,powiat gorlicki,powiat gorlicki,32.29%
37,Niepełnosprawność,2017,gmina,Biecz,powiat gorlicki,43.72%
37,Niepełnosprawność,2017,gmina,Bobowa,powiat gorlicki,20.48%
37,Niepełnosprawność,2017,gmina,Gorlice (miasto),powiat gorlicki,53.14%
37,Niepełnosprawność,2017,gmina,Gorlice (wieś),powiat gorlicki,20.32%
37,Niepełnosprawność,2017,gmina,Lipinki,powiat gorlicki,38.00%
37,Niepełnosprawność,2017,gmina,Łużna,powiat gorlicki,33.67%
37,Niepełnosprawność,2017,gmina,Moszczenica,powiat gorlicki,45.00%
37,Niepełnosprawność,2017,gmina,Ropa,powiat gorlicki,21.68%
37,Niepełnosprawność,2017,gmina,Sękowa,powiat gorlicki,27.48%
37,Niepełnosprawność,2017,gmina,Uście Gorlickie,powiat gorlicki,26.72%
37,Niepełnosprawność,2017,powiat,powiat krakowski,powiat krakowski,35.87%
37,Niepełnosprawność,2017,gmina,Czernichów,powiat krakowski,51.58%
37,Niepełnosprawność,2017,gmina,Igołomia-Wawrzeńczyce,powiat krakowski,21.71%
37,Niepełnosprawność,2017,gmina,Iwanowice,powiat krakowski,38.75%
37,Niepełnosprawność,2017,gmina,Jerzmanowice-Przeginia,powiat krakowski,23.10%
37,Niepełnosprawność,2017,gmina,Kocmyrzów-Luborzyca,powiat krakowski,38.10%
37,Niepełnosprawność,2017,gmina,Krzeszowice,powiat krakowski,51.40%
37,Niepełnosprawność,2017,gmina,Liszki,powiat krakowski,43.82%
37,Niepełnosprawność,2017,gmina,Michałowice,powiat krakowski,25.42%
37,Niepełnosprawność,2017,gmina,Mogilany,powiat krakowski,35.26%
37,Niepełnosprawność,2017,gmina,Skała,powiat krakowski,14.09%
37,Niepełnosprawność,2017,gmina,Skawina,powiat krakowski,40.60%
37,Niepełnosprawność,2017,gmina,Słomniki,powiat krakowski,22.31%
37,Niepełnosprawność,2017,gmina,Sułoszowa,powiat krakowski,33.78%
37,Niepełnosprawność,2017,gmina,Świątniki Górne,powiat krakowski,56.51%
37,Niepełnosprawność,2017,gmina,Wielka Wieś,powiat krakowski,28.54%
37,Niepełnosprawność,2017,gmina,Zabierzów,powiat krakowski,41.15%
37,Niepełnosprawność,2017,gmina,Zielonki,powiat krakowski,59.85%
37,Niepełnosprawność,2017,powiat,powiat limanowski,powiat limanowski,30.96%
37,Niepełnosprawność,2017,gmina,Dobra,powiat limanowski,27.71%
37,Niepełnosprawność,2017,gmina,Jodłownik,powiat limanowski,29.25%
37,Niepełnosprawność,2017,gmina,Kamienica,powiat limanowski,12.53%
37,Niepełnosprawność,2017,gmina,Laskowa,powiat limanowski,39.12%
37,Niepełnosprawność,2017,gmina,Limanowa (miasto),powiat limanowski,28.69%
37,Niepełnosprawność,2017,gmina,Limanowa (wieś),powiat limanowski,44.88%
37,Niepełnosprawność,2017,gmina,Łukowica,powiat limanowski,13.31%
37,Niepełnosprawność,2017,gmina,Mszana Dolna (miasto),powiat limanowski,33.33%
37,Niepełnosprawność,2017,gmina,Mszana Dolna (wieś),powiat limanowski,47.51%
37,Niepełnosprawność,2017,gmina,Niedźwiedź,powiat limanowski,44.07%
37,Niepełnosprawność,2017,gmina,Słopnice,powiat limanowski,35.28%
37,Niepełnosprawność,2017,gmina,Tymbark,powiat limanowski,27.97%
37,Niepełnosprawność,2017,powiat,powiat m. Kraków,powiat m. Kraków,41.93%
37,Niepełnosprawność,2017,powiat,powiat m. Nowy Sącz,powiat m. Nowy Sącz,48.21%
37,Niepełnosprawność,2017,powiat,powiat m. Tarnów,powiat m. Tarnów,43.63%
37,Niepełnosprawność,2017,powiat,powiat miechowski,powiat miechowski,37.45%
37,Niepełnosprawność,2017,gmina,Charsznica,powiat miechowski,36.91%
37,Niepełnosprawność,2017,gmina,Gołcza,powiat miechowski,32.74%
37,Niepełnosprawność,2017,gmina,Kozłów,powiat miechowski,28.19%
37,Niepełnosprawność,2017,gmina,Książ Wielki,powiat miechowski,34.52%
37,Niepełnosprawność,2017,gmina,Miechów,powiat miechowski,41.98%
37,Niepełnosprawność,2017,gmina,Racławice,powiat miechowski,30.00%
37,Niepełnosprawność,2017,gmina,Słaboszów,powiat miechowski,43.78%
37,Niepełnosprawność,2017,powiat,powiat myślenicki,powiat myślenicki,35.45%
37,Niepełnosprawność,2017,gmina,Dobczyce,powiat myślenicki,26.65%
37,Niepełnosprawność,2017,gmina,Lubień,powiat myślenicki,44.58%
37,Niepełnosprawność,2017,gmina,Myślenice,powiat myślenicki,51.29%
37,Niepełnosprawność,2017,gmina,Pcim,powiat myślenicki,27.23%
37,Niepełnosprawność,2017,gmina,Raciechowice,powiat myślenicki,29.51%
37,Niepełnosprawność,2017,gmina,Siepraw,powiat myślenicki,21.86%
37,Niepełnosprawność,2017,gmina,Sułkowice,powiat myślenicki,37.60%
37,Niepełnosprawność,2017,gmina,Tokarnia,powiat myślenicki,39.55%
37,Niepełnosprawność,2017,gmina,Wiśniowa,powiat myślenicki,35.90%
37,Niepełnosprawność,2017,powiat,powiat nowosądecki,powiat nowosądecki,26.26%
37,Niepełnosprawność,2017,gmina,Podegrodzie,powiat nowosądecki,30.08%
37,Niepełnosprawność,2017,gmina,Rytro,powiat nowosądecki,33.33%
37,Niepełnosprawność,2017,gmina,Stary Sącz,powiat nowosądecki,33.10%
37,Niepełnosprawność,2017,gmina,Chełmiec,powiat nowosądecki,33.22%
37,Niepełnosprawność,2017,gmina,Gródek nad Dunajcem,powiat nowosądecki,25.00%
37,Niepełnosprawność,2017,gmina,Grybów (miasto),powiat nowosądecki,31.48%
37,Niepełnosprawność,2017,gmina,Grybów (wieś),powiat nowosądecki,20.62%
37,Niepełnosprawność,2017,gmina,Kamionka Wielka,powiat nowosądecki,27.14%
37,Niepełnosprawność,2017,gmina,Korzenna,powiat nowosądecki,18.55%
37,Niepełnosprawność,2017,gmina,Krynica-Zdrój,powiat nowosądecki,24.84%
37,Niepełnosprawność,2017,gmina,Łabowa,powiat nowosądecki,15.13%
37,Niepełnosprawność,2017,gmina,Łącko,powiat nowosądecki,36.50%
37,Niepełnosprawność,2017,gmina,Łososina Dolna,powiat nowosądecki,15.39%
37,Niepełnosprawność,2017,gmina,Muszyna,powiat nowosądecki,29.21%
37,Niepełnosprawność,2017,gmina,Nawojowa,powiat nowosądecki,29.04%
37,Niepełnosprawność,2017,gmina,Piwniczna-Zdrój,powiat nowosądecki,26.54%
37,Niepełnosprawność,2017,powiat,powiat nowotarski,powiat nowotarski,35.35%
37,Niepełnosprawność,2017,gmina,Czarny Dunajec,powiat nowotarski,11.22%
37,Niepełnosprawność,2017,gmina,Czorsztyn,powiat nowotarski,48.43%
37,Niepełnosprawność,2017,gmina,Jabłonka,powiat nowotarski,36.93%
37,Niepełnosprawność,2017,gmina,Krościenko nad Dunajcem,powiat nowotarski,57.03%
37,Niepełnosprawność,2017,gmina,Lipnica Wielka,powiat nowotarski,36.23%
37,Niepełnosprawność,2017,gmina,Łapsze Niżne,powiat nowotarski,31.28%
37,Niepełnosprawność,2017,gmina,Nowy Targ (miasto),powiat nowotarski,40.09%
37,Niepełnosprawność,2017,gmina,Nowy Targ (wieś),powiat nowotarski,27.29%
37,Niepełnosprawność,2017,gmina,Ochotnica Dolna,powiat nowotarski,36.40%
37,Niepełnosprawność,2017,gmina,Raba Wyżna,powiat nowotarski,48.59%
37,Niepełnosprawność,2017,gmina,Rabka-Zdrój,powiat nowotarski,45.58%
37,Niepełnosprawność,2017,gmina,Spytkowice,powiat nowotarski,44.64%
37,Niepełnosprawność,2017,gmina,Szaflary,powiat nowotarski,36.81%
37,Niepełnosprawność,2017,gmina,Szczawnica,powiat nowotarski,28.68%
37,Niepełnosprawność,2017,powiat,powiat olkuski,powiat olkuski,38.87%
37,Niepełnosprawność,2017,gmina,Bolesław,powiat olkuski,39.02%
37,Niepełnosprawność,2017,gmina,Bukowno,powiat olkuski,23.19%
37,Niepełnosprawność,2017,gmina,Klucze,powiat olkuski,39.36%
37,Niepełnosprawność,2017,gmina,Olkusz,powiat olkuski,42.89%
37,Niepełnosprawność,2017,gmina,Trzyciąż,powiat olkuski,47.06%
37,Niepełnosprawność,2017,gmina,Wolbrom,powiat olkuski,38.44%
37,Niepełnosprawność,2017,powiat,powiat oświęcimski,powiat oświęcimski,33.47%
37,Niepełnosprawność,2017,gmina,Brzeszcze,powiat oświęcimski,42.35%
37,Niepełnosprawność,2017,gmina,Chełmek,powiat oświęcimski,44.64%
37,Niepełnosprawność,2017,gmina,Kęty,powiat oświęcimski,44.51%
37,Niepełnosprawność,2017,gmina,Osiek,powiat oświęcimski,55.30%
37,Niepełnosprawność,2017,gmina,Oświęcim (miasto),powiat oświęcimski,22.24%
37,Niepełnosprawność,2017,gmina,Oświęcim (wieś),powiat oświęcimski,51.89%
37,Niepełnosprawność,2017,gmina,Polanka Wielka,powiat oświęcimski,17.69%
37,Niepełnosprawność,2017,gmina,Przeciszów,powiat oświęcimski,27.63%
37,Niepełnosprawność,2017,gmina,Zator,powiat oświęcimski,31.99%
37,Niepełnosprawność,2017,powiat,powiat proszowicki,powiat proszowicki,26.01%
37,Niepełnosprawność,2017,gmina,Koniusza,powiat proszowicki,8.20%
37,Niepełnosprawność,2017,gmina,Koszyce,powiat proszowicki,17.37%
37,Niepełnosprawność,2017,gmina,Nowe Brzesko,powiat proszowicki,24.51%
37,Niepełnosprawność,2017,gmina,Pałecznica,powiat proszowicki,51.80%
37,Niepełnosprawność,2017,gmina,Proszowice,powiat proszowicki,31.20%
37,Niepełnosprawność,2017,gmina,Radziemice,powiat proszowicki,23.77%
37,Niepełnosprawność,2017,powiat,powiat suski,powiat suski,36.32%
37,Niepełnosprawność,2017,gmina,Budzów,powiat suski,38.08%
37,Niepełnosprawność,2017,gmina,Bystra-Sidzina,powiat suski,25.18%
37,Niepełnosprawność,2017,gmina,Jordanów (miasto),powiat suski,56.51%
37,Niepełnosprawność,2017,gmina,Jordanów (wieś),powiat suski,36.18%
37,Niepełnosprawność,2017,gmina,Maków Podhalański,powiat suski,34.33%
37,Niepełnosprawność,2017,gmina,Stryszawa,powiat suski,38.62%
37,Niepełnosprawność,2017,gmina,Sucha Beskidzka,powiat suski,49.40%
37,Niepełnosprawność,2017,gmina,Zawoja,powiat suski,28.18%
37,Niepełnosprawność,2017,gmina,Zembrzyce,powiat suski,42.02%
37,Niepełnosprawność,2017,powiat,powiat tarnowski,powiat tarnowski,28.16%
37,Niepełnosprawność,2017,gmina,Ciężkowice,powiat tarnowski,24.92%
37,Niepełnosprawność,2017,gmina,Gromnik,powiat tarnowski,39.57%
37,Niepełnosprawność,2017,gmina,Lisia Góra,powiat tarnowski,27.17%
37,Niepełnosprawność,2017,gmina,Pleśna,powiat tarnowski,32.57%
37,Niepełnosprawność,2017,gmina,Radłów,powiat tarnowski,41.18%
37,Niepełnosprawność,2017,gmina,Ryglice,powiat tarnowski,22.28%
37,Niepełnosprawność,2017,gmina,Rzepiennik Strzyżewski,powiat tarnowski,5.26%
37,Niepełnosprawność,2017,gmina,Skrzyszów,powiat tarnowski,35.32%
37,Niepełnosprawność,2017,gmina,Szerzyny,powiat tarnowski,33.33%
37,Niepełnosprawność,2017,gmina,Tarnów (wieś),powiat tarnowski,24.94%
37,Niepełnosprawność,2017,gmina,Tuchów,powiat tarnowski,39.95%
37,Niepełnosprawność,2017,gmina,Wierzchosławice,powiat tarnowski,28.31%
37,Niepełnosprawność,2017,gmina,Wietrzychowice,powiat tarnowski,28.08%
37,Niepełnosprawność,2017,gmina,Wojnicz,powiat tarnowski,51.76%
37,Niepełnosprawność,2017,gmina,Zakliczyn,powiat tarnowski,14.14%
37,Niepełnosprawność,2017,gmina,Żabno,powiat tarnowski,34.35%
37,Niepełnosprawność,2017,powiat,powiat tatrzański,powiat tatrzański,37.51%
37,Niepełnosprawność,2017,gmina,Biały Dunajec,powiat tatrzański,32.52%
37,Niepełnosprawność,2017,gmina,Bukowina Tatrzańska,powiat tatrzański,47.08%
37,Niepełnosprawność,2017,gmina,Kościelisko,powiat tatrzański,27.59%
37,Niepełnosprawność,2017,gmina,Poronin,powiat tatrzański,47.22%
37,Niepełnosprawność,2017,gmina,Zakopane,powiat tatrzański,34.17%
37,Niepełnosprawność,2017,powiat,powiat wadowicki,powiat wadowicki,40.44%
37,Niepełnosprawność,2017,gmina,Andrychów,powiat wadowicki,42.56%
37,Niepełnosprawność,2017,gmina,Brzeźnica,powiat wadowicki,43.81%
37,Niepełnosprawność,2017,gmina,Kalwaria Zebrzydowska,powiat wadowicki,49.46%
37,Niepełnosprawność,2017,gmina,Lanckorona,powiat wadowicki,37.17%
37,Niepełnosprawność,2017,gmina,Mucharz,powiat wadowicki,34.90%
37,Niepełnosprawność,2017,gmina,Spytkowice,powiat wadowicki,37.43%
37,Niepełnosprawność,2017,gmina,Stryszów,powiat wadowicki,24.51%
37,Niepełnosprawność,2017,gmina,Tomice,powiat wadowicki,29.08%
37,Niepełnosprawność,2017,gmina,Wadowice,powiat wadowicki,43.85%
37,Niepełnosprawność,2017,gmina,Wieprz,powiat wadowicki,33.14%
37,Niepełnosprawność,2017,powiat,powiat wielicki,powiat wielicki,36.52%
37,Niepełnosprawność,2017,gmina,Biskupice,powiat wielicki,42.32%
37,Niepełnosprawność,2017,gmina,Gdów,powiat wielicki,38.24%
37,Niepełnosprawność,2017,gmina,Kłaj,powiat wielicki,40.98%
37,Niepełnosprawność,2017,gmina,Niepołomice,powiat wielicki,44.56%
37,Niepełnosprawność,2017,gmina,Wieliczka,powiat wielicki,30.64%
37,Niepełnosprawność,2016,powiat,powiat bocheński,powiat bocheński,31.00%
37,Niepełnosprawność,2016,gmina,Bochnia (miasto),powiat bocheński,41.89%
37,Niepełnosprawność,2016,gmina,Bochnia (wieś),powiat bocheński,19.14%
37,Niepełnosprawność,2016,gmina,Drwinia,powiat bocheński,25.85%
37,Niepełnosprawność,2016,gmina,Lipnica Murowana,powiat bocheński,42.29%
37,Niepełnosprawność,2016,gmina,Łapanów,powiat bocheński,20.28%
37,Niepełnosprawność,2016,gmina,Nowy Wiśnicz,powiat bocheński,32.10%
37,Niepełnosprawność,2016,gmina,Rzezawa,powiat bocheński,34.71%
37,Niepełnosprawność,2016,gmina,Trzciana,powiat bocheński,28.01%
37,Niepełnosprawność,2016,gmina,Żegocina,powiat bocheński,40.68%
37,Niepełnosprawność,2016,powiat,powiat brzeski,powiat brzeski,23.37%
37,Niepełnosprawność,2016,gmina,Borzęcin,powiat brzeski,22.34%
37,Niepełnosprawność,2016,gmina,Brzesko,powiat brzeski,27.37%
37,Niepełnosprawność,2016,gmina,Czchów,powiat brzeski,28.92%
37,Niepełnosprawność,2016,gmina,Dębno,powiat brzeski,22.30%
37,Niepełnosprawność,2016,gmina,Gnojnik,powiat brzeski,8.34%
37,Niepełnosprawność,2016,gmina,Iwkowa,powiat brzeski,28.26%
37,Niepełnosprawność,2016,gmina,Szczurowa,powiat brzeski,21.37%
37,Niepełnosprawność,2016,powiat,powiat chrzanowski,powiat chrzanowski,39.02%
37,Niepełnosprawność,2016,gmina,Alwernia,powiat chrzanowski,23.50%
37,Niepełnosprawność,2016,gmina,Babice,powiat chrzanowski,36.41%
37,Niepełnosprawność,2016,gmina,Chrzanów,powiat chrzanowski,40.50%
37,Niepełnosprawność,2016,gmina,Libiąż,powiat chrzanowski,49.32%
37,Niepełnosprawność,2016,gmina,Trzebinia,powiat chrzanowski,36.36%
37,Niepełnosprawność,2016,powiat,powiat dąbrowski,powiat dąbrowski,24.60%
37,Niepełnosprawność,2016,gmina,Bolesław,powiat dąbrowski,23.55%
37,Niepełnosprawność,2016,gmina,Dąbrowa Tarnowska,powiat dąbrowski,29.80%
37,Niepełnosprawność,2016,gmina,Gręboszów,powiat dąbrowski,27.74%
37,Niepełnosprawność,2016,gmina,Mędrzechów,powiat dąbrowski,14.42%
37,Niepełnosprawność,2016,gmina,Olesno,powiat dąbrowski,39.89%
37,Niepełnosprawność,2016,gmina,Radgoszcz,powiat dąbrowski,17.29%
37,Niepełnosprawność,2016,gmina,Szczucin,powiat dąbrowski,21.01%
37,Niepełnosprawność,2016,powiat,powiat gorlicki,powiat gorlicki,31.65%
37,Niepełnosprawność,2016,gmina,Biecz,powiat gorlicki,46.36%
37,Niepełnosprawność,2016,gmina,Bobowa,powiat gorlicki,20.58%
37,Niepełnosprawność,2016,gmina,Gorlice (miasto),powiat gorlicki,49.94%
37,Niepełnosprawność,2016,gmina,Gorlice (wieś),powiat gorlicki,18.59%
37,Niepełnosprawność,2016,gmina,Lipinki,powiat gorlicki,35.99%
37,Niepełnosprawność,2016,gmina,Łużna,powiat gorlicki,27.72%
37,Niepełnosprawność,2016,gmina,Moszczenica,powiat gorlicki,44.34%
37,Niepełnosprawność,2016,gmina,Ropa,powiat gorlicki,24.25%
37,Niepełnosprawność,2016,gmina,Sękowa,powiat gorlicki,22.27%
37,Niepełnosprawność,2016,gmina,Uście Gorlickie,powiat gorlicki,23.01%
37,Niepełnosprawność,2016,powiat,powiat krakowski,powiat krakowski,36.01%
37,Niepełnosprawność,2016,gmina,Czernichów,powiat krakowski,50.10%
37,Niepełnosprawność,2016,gmina,Igołomia-Wawrzeńczyce,powiat krakowski,21.94%
37,Niepełnosprawność,2016,gmina,Iwanowice,powiat krakowski,27.53%
37,Niepełnosprawność,2016,gmina,Jerzmanowice-Przeginia,powiat krakowski,21.67%
37,Niepełnosprawność,2016,gmina,Kocmyrzów-Luborzyca,powiat krakowski,33.85%
37,Niepełnosprawność,2016,gmina,Krzeszowice,powiat krakowski,47.81%
37,Niepełnosprawność,2016,gmina,Liszki,powiat krakowski,41.05%
37,Niepełnosprawność,2016,gmina,Michałowice,powiat krakowski,29.66%
37,Niepełnosprawność,2016,gmina,Mogilany,powiat krakowski,35.24%
37,Niepełnosprawność,2016,gmina,Skała,powiat krakowski,20.63%
37,Niepełnosprawność,2016,gmina,Skawina,powiat krakowski,43.83%
37,Niepełnosprawność,2016,gmina,Słomniki,powiat krakowski,25.12%
37,Niepełnosprawność,2016,gmina,Sułoszowa,powiat krakowski,36.76%
37,Niepełnosprawność,2016,gmina,Świątniki Górne,powiat krakowski,53.44%
37,Niepełnosprawność,2016,gmina,Wielka Wieś,powiat krakowski,32.50%
37,Niepełnosprawność,2016,gmina,Zabierzów,powiat krakowski,37.12%
37,Niepełnosprawność,2016,gmina,Zielonki,powiat krakowski,50.80%
37,Niepełnosprawność,2016,powiat,powiat limanowski,powiat limanowski,28.66%
37,Niepełnosprawność,2016,gmina,Dobra,powiat limanowski,26.83%
37,Niepełnosprawność,2016,gmina,Jodłownik,powiat limanowski,26.45%
37,Niepełnosprawność,2016,gmina,Kamienica,powiat limanowski,11.32%
37,Niepełnosprawność,2016,gmina,Laskowa,powiat limanowski,40.65%
37,Niepełnosprawność,2016,gmina,Limanowa (miasto),powiat limanowski,24.91%
37,Niepełnosprawność,2016,gmina,Limanowa (wieś),powiat limanowski,39.54%
37,Niepełnosprawność,2016,gmina,Łukowica,powiat limanowski,12.25%
37,Niepełnosprawność,2016,gmina,Mszana Dolna (miasto),powiat limanowski,34.52%
37,Niepełnosprawność,2016,gmina,Mszana Dolna (wieś),powiat limanowski,40.84%
37,Niepełnosprawność,2016,gmina,Niedźwiedź,powiat limanowski,37.95%
37,Niepełnosprawność,2016,gmina,Słopnice,powiat limanowski,37.73%
37,Niepełnosprawność,2016,gmina,Tymbark,powiat limanowski,18.03%
37,Niepełnosprawność,2016,powiat,powiat m. Kraków,powiat m. Kraków,41.80%
37,Niepełnosprawność,2016,powiat,powiat m. Nowy Sącz,powiat m. Nowy Sącz,41.59%
37,Niepełnosprawność,2016,powiat,powiat m. Tarnów,powiat m. Tarnów,42.51%
37,Niepełnosprawność,2016,powiat,powiat miechowski,powiat miechowski,34.16%
37,Niepełnosprawność,2016,gmina,Charsznica,powiat miechowski,28.27%
37,Niepełnosprawność,2016,gmina,Gołcza,powiat miechowski,25.41%
37,Niepełnosprawność,2016,gmina,Kozłów,powiat miechowski,17.65%
37,Niepełnosprawność,2016,gmina,Książ Wielki,powiat miechowski,38.78%
37,Niepełnosprawność,2016,gmina,Miechów,powiat miechowski,42.19%
37,Niepełnosprawność,2016,gmina,Racławice,powiat miechowski,25.93%
37,Niepełnosprawność,2016,gmina,Słaboszów,powiat miechowski,46.63%
37,Niepełnosprawność,2016,powiat,powiat myślenicki,powiat myślenicki,37.22%
37,Niepełnosprawność,2016,gmina,Dobczyce,powiat myślenicki,22.46%
37,Niepełnosprawność,2016,gmina,Lubień,powiat myślenicki,50.08%
37,Niepełnosprawność,2016,gmina,Myślenice,powiat myślenicki,49.24%
37,Niepełnosprawność,2016,gmina,Pcim,powiat myślenicki,27.10%
37,Niepełnosprawność,2016,gmina,Raciechowice,powiat myślenicki,27.27%
37,Niepełnosprawność,2016,gmina,Siepraw,powiat myślenicki,21.31%
37,Niepełnosprawność,2016,gmina,Sułkowice,powiat myślenicki,59.75%
37,Niepełnosprawność,2016,gmina,Tokarnia,powiat myślenicki,41.15%
37,Niepełnosprawność,2016,gmina,Wiśniowa,powiat myślenicki,28.59%
37,Niepełnosprawność,2016,powiat,powiat nowosądecki,powiat nowosądecki,25.43%
37,Niepełnosprawność,2016,gmina,Podegrodzie,powiat nowosądecki,28.90%
37,Niepełnosprawność,2016,gmina,Rytro,powiat nowosądecki,31.87%
37,Niepełnosprawność,2016,gmina,Stary Sącz,powiat nowosądecki,32.88%
37,Niepełnosprawność,2016,gmina,Chełmiec,powiat nowosądecki,30.59%
37,Niepełnosprawność,2016,gmina,Gródek nad Dunajcem,powiat nowosądecki,28.58%
37,Niepełnosprawność,2016,gmina,Grybów (miasto),powiat nowosądecki,30.94%
37,Niepełnosprawność,2016,gmina,Grybów (wieś),powiat nowosądecki,20.36%
37,Niepełnosprawność,2016,gmina,Kamionka Wielka,powiat nowosądecki,27.25%
37,Niepełnosprawność,2016,gmina,Korzenna,powiat nowosądecki,18.32%
37,Niepełnosprawność,2016,gmina,Krynica-Zdrój,powiat nowosądecki,23.74%
37,Niepełnosprawność,2016,gmina,Łabowa,powiat nowosądecki,18.36%
37,Niepełnosprawność,2016,gmina,Łącko,powiat nowosądecki,32.74%
37,Niepełnosprawność,2016,gmina,Łososina Dolna,powiat nowosądecki,15.43%
37,Niepełnosprawność,2016,gmina,Muszyna,powiat nowosądecki,28.47%
37,Niepełnosprawność,2016,gmina,Nawojowa,powiat nowosądecki,28.52%
37,Niepełnosprawność,2016,gmina,Piwniczna-Zdrój,powiat nowosądecki,24.14%
37,Niepełnosprawność,2016,powiat,powiat nowotarski,powiat nowotarski,31.73%
37,Niepełnosprawność,2016,gmina,Czarny Dunajec,powiat nowotarski,7.89%
37,Niepełnosprawność,2016,gmina,Czorsztyn,powiat nowotarski,38.68%
37,Niepełnosprawność,2016,gmina,Jabłonka,powiat nowotarski,37.01%
37,Niepełnosprawność,2016,gmina,Krościenko nad Dunajcem,powiat nowotarski,50.26%
37,Niepełnosprawność,2016,gmina,Lipnica Wielka,powiat nowotarski,34.80%
37,Niepełnosprawność,2016,gmina,Łapsze Niżne,powiat nowotarski,24.40%
37,Niepełnosprawność,2016,gmina,Nowy Targ (miasto),powiat nowotarski,37.52%
37,Niepełnosprawność,2016,gmina,Nowy Targ (wieś),powiat nowotarski,21.43%
37,Niepełnosprawność,2016,gmina,Ochotnica Dolna,powiat nowotarski,35.32%
37,Niepełnosprawność,2016,gmina,Raba Wyżna,powiat nowotarski,43.46%
37,Niepełnosprawność,2016,gmina,Rabka-Zdrój,powiat nowotarski,45.23%
37,Niepełnosprawność,2016,gmina,Spytkowice,powiat nowotarski,46.12%
37,Niepełnosprawność,2016,gmina,Szaflary,powiat nowotarski,36.32%
37,Niepełnosprawność,2016,gmina,Szczawnica,powiat nowotarski,26.54%
37,Niepełnosprawność,2016,powiat,powiat olkuski,powiat olkuski,33.72%
37,Niepełnosprawność,2016,gmina,Bolesław,powiat olkuski,36.28%
37,Niepełnosprawność,2016,gmina,Bukowno,powiat olkuski,20.56%
37,Niepełnosprawność,2016,gmina,Klucze,powiat olkuski,25.40%
37,Niepełnosprawność,2016,gmina,Olkusz,powiat olkuski,39.07%
37,Niepełnosprawność,2016,gmina,Trzyciąż,powiat olkuski,37.95%
37,Niepełnosprawność,2016,gmina,Wolbrom,powiat olkuski,41.13%
37,Niepełnosprawność,2016,powiat,powiat oświęcimski,powiat oświęcimski,35.68%
37,Niepełnosprawność,2016,gmina,Brzeszcze,powiat oświęcimski,40.45%
37,Niepełnosprawność,2016,gmina,Chełmek,powiat oświęcimski,38.99%
37,Niepełnosprawność,2016,gmina,Kęty,powiat oświęcimski,37.57%
37,Niepełnosprawność,2016,gmina,Osiek,powiat oświęcimski,40.53%
37,Niepełnosprawność,2016,gmina,Oświęcim (miasto),powiat oświęcimski,33.31%
37,Niepełnosprawność,2016,gmina,Oświęcim (wieś),powiat oświęcimski,46.70%
37,Niepełnosprawność,2016,gmina,Polanka Wielka,powiat oświęcimski,38.04%
37,Niepełnosprawność,2016,gmina,Przeciszów,powiat oświęcimski,34.59%
37,Niepełnosprawność,2016,gmina,Zator,powiat oświęcimski,21.79%
37,Niepełnosprawność,2016,powiat,powiat proszowicki,powiat proszowicki,24.30%
37,Niepełnosprawność,2016,gmina,Koniusza,powiat proszowicki,6.22%
37,Niepełnosprawność,2016,gmina,Koszyce,powiat proszowicki,15.62%
37,Niepełnosprawność,2016,gmina,Nowe Brzesko,powiat proszowicki,24.53%
37,Niepełnosprawność,2016,gmina,Pałecznica,powiat proszowicki,51.39%
37,Niepełnosprawność,2016,gmina,Proszowice,powiat proszowicki,30.09%
37,Niepełnosprawność,2016,gmina,Radziemice,powiat proszowicki,25.20%
37,Niepełnosprawność,2016,powiat,powiat suski,powiat suski,33.81%
37,Niepełnosprawność,2016,gmina,Budzów,powiat suski,38.40%
37,Niepełnosprawność,2016,gmina,Bystra-Sidzina,powiat suski,27.85%
37,Niepełnosprawność,2016,gmina,Jordanów (miasto),powiat suski,58.99%
37,Niepełnosprawność,2016,gmina,Jordanów (wieś),powiat suski,34.54%
37,Niepełnosprawność,2016,gmina,Maków Podhalański,powiat suski,27.77%
37,Niepełnosprawność,2016,gmina,Stryszawa,powiat suski,32.82%
37,Niepełnosprawność,2016,gmina,Sucha Beskidzka,powiat suski,46.45%
37,Niepełnosprawność,2016,gmina,Zawoja,powiat suski,27.24%
37,Niepełnosprawność,2016,gmina,Zembrzyce,powiat suski,37.08%
37,Niepełnosprawność,2016,powiat,powiat tarnowski,powiat tarnowski,25.86%
37,Niepełnosprawność,2016,gmina,Ciężkowice,powiat tarnowski,22.93%
37,Niepełnosprawność,2016,gmina,Gromnik,powiat tarnowski,30.03%
37,Niepełnosprawność,2016,gmina,Lisia Góra,powiat tarnowski,26.97%
37,Niepełnosprawność,2016,gmina,Pleśna,powiat tarnowski,29.96%
37,Niepełnosprawność,2016,gmina,Radłów,powiat tarnowski,37.75%
37,Niepełnosprawność,2016,gmina,Ryglice,powiat tarnowski,20.51%
37,Niepełnosprawność,2016,gmina,Rzepiennik Strzyżewski,powiat tarnowski,4.60%
37,Niepełnosprawność,2016,gmina,Skrzyszów,powiat tarnowski,30.77%
37,Niepełnosprawność,2016,gmina,Szerzyny,powiat tarnowski,30.65%
37,Niepełnosprawność,2016,gmina,Tarnów (wieś),powiat tarnowski,22.32%
37,Niepełnosprawność,2016,gmina,Tuchów,powiat tarnowski,44.53%
37,Niepełnosprawność,2016,gmina,Wierzchosławice,powiat tarnowski,23.31%
37,Niepełnosprawność,2016,gmina,Wietrzychowice,powiat tarnowski,30.02%
37,Niepełnosprawność,2016,gmina,Wojnicz,powiat tarnowski,41.40%
37,Niepełnosprawność,2016,gmina,Zakliczyn,powiat tarnowski,15.34%
37,Niepełnosprawność,2016,gmina,Żabno,powiat tarnowski,30.18%
37,Niepełnosprawność,2016,powiat,powiat tatrzański,powiat tatrzański,34.19%
37,Niepełnosprawność,2016,gmina,Biały Dunajec,powiat tatrzański,34.79%
37,Niepełnosprawność,2016,gmina,Bukowina Tatrzańska,powiat tatrzański,37.08%
37,Niepełnosprawność,2016,gmina,Kościelisko,powiat tatrzański,26.68%
37,Niepełnosprawność,2016,gmina,Poronin,powiat tatrzański,37.50%
37,Niepełnosprawność,2016,gmina,Zakopane,powiat tatrzański,34.13%
37,Niepełnosprawność,2016,powiat,powiat wadowicki,powiat wadowicki,37.24%
37,Niepełnosprawność,2016,gmina,Andrychów,powiat wadowicki,37.34%
37,Niepełnosprawność,2016,gmina,Brzeźnica,powiat wadowicki,39.08%
37,Niepełnosprawność,2016,gmina,Kalwaria Zebrzydowska,powiat wadowicki,42.71%
37,Niepełnosprawność,2016,gmina,Lanckorona,powiat wadowicki,35.39%
37,Niepełnosprawność,2016,gmina,Mucharz,powiat wadowicki,36.43%
37,Niepełnosprawność,2016,gmina,Spytkowice,powiat wadowicki,42.39%
37,Niepełnosprawność,2016,gmina,Stryszów,powiat wadowicki,21.83%
37,Niepełnosprawność,2016,gmina,Tomice,powiat wadowicki,22.77%
37,Niepełnosprawność,2016,gmina,Wadowice,powiat wadowicki,41.95%
37,Niepełnosprawność,2016,gmina,Wieprz,powiat wadowicki,34.50%
37,Niepełnosprawność,2016,powiat,powiat wielicki,powiat wielicki,33.63%
37,Niepełnosprawność,2016,gmina,Biskupice,powiat wielicki,32.39%
37,Niepełnosprawność,2016,gmina,Gdów,powiat wielicki,37.48%
37,Niepełnosprawność,2016,gmina,Kłaj,powiat wielicki,35.31%
37,Niepełnosprawność,2016,gmina,Niepołomice,powiat wielicki,40.64%
37,Niepełnosprawność,2016,gmina,Wieliczka,powiat wielicki,29.25%
37,Niepełnosprawność,2015,powiat,powiat bocheński,powiat bocheński,30.55%
37,Niepełnosprawność,2015,gmina,Bochnia (miasto),powiat bocheński,39.78%
37,Niepełnosprawność,2015,gmina,Bochnia (wieś),powiat bocheński,17.57%
37,Niepełnosprawność,2015,gmina,Drwinia,powiat bocheński,22.60%
37,Niepełnosprawność,2015,gmina,Lipnica Murowana,powiat bocheński,43.90%
37,Niepełnosprawność,2015,gmina,Łapanów,powiat bocheński,19.66%
37,Niepełnosprawność,2015,gmina,Nowy Wiśnicz,powiat bocheński,30.52%
37,Niepełnosprawność,2015,gmina,Rzezawa,powiat bocheński,40.32%
37,Niepełnosprawność,2015,gmina,Trzciana,powiat bocheński,31.49%
37,Niepełnosprawność,2015,gmina,Żegocina,powiat bocheński,42.56%
37,Niepełnosprawność,2015,powiat,powiat brzeski,powiat brzeski,21.93%
37,Niepełnosprawność,2015,gmina,Borzęcin,powiat brzeski,21.90%
37,Niepełnosprawność,2015,gmina,Brzesko,powiat brzeski,26.31%
37,Niepełnosprawność,2015,gmina,Czchów,powiat brzeski,26.15%
37,Niepełnosprawność,2015,gmina,Dębno,powiat brzeski,21.46%
37,Niepełnosprawność,2015,gmina,Gnojnik,powiat brzeski,5.03%
37,Niepełnosprawność,2015,gmina,Iwkowa,powiat brzeski,23.82%
37,Niepełnosprawność,2015,gmina,Szczurowa,powiat brzeski,23.82%
37,Niepełnosprawność,2015,powiat,powiat chrzanowski,powiat chrzanowski,36.14%
37,Niepełnosprawność,2015,gmina,Alwernia,powiat chrzanowski,17.80%
37,Niepełnosprawność,2015,gmina,Babice,powiat chrzanowski,26.54%
37,Niepełnosprawność,2015,gmina,Chrzanów,powiat chrzanowski,38.50%
37,Niepełnosprawność,2015,gmina,Libiąż,powiat chrzanowski,43.52%
37,Niepełnosprawność,2015,gmina,Trzebinia,powiat chrzanowski,36.12%
37,Niepełnosprawność,2015,powiat,powiat dąbrowski,powiat dąbrowski,25.93%
37,Niepełnosprawność,2015,gmina,Bolesław,powiat dąbrowski,28.82%
37,Niepełnosprawność,2015,gmina,Dąbrowa Tarnowska,powiat dąbrowski,28.89%
37,Niepełnosprawność,2015,gmina,Gręboszów,powiat dąbrowski,23.56%
37,Niepełnosprawność,2015,gmina,Mędrzechów,powiat dąbrowski,14.11%
37,Niepełnosprawność,2015,gmina,Olesno,powiat dąbrowski,78.71%
37,Niepełnosprawność,2015,gmina,Radgoszcz,powiat dąbrowski,15.93%
37,Niepełnosprawność,2015,gmina,Szczucin,powiat dąbrowski,20.58%
37,Niepełnosprawność,2015,powiat,powiat gorlicki,powiat gorlicki,29.12%
37,Niepełnosprawność,2015,gmina,Biecz,powiat gorlicki,42.10%
37,Niepełnosprawność,2015,gmina,Bobowa,powiat gorlicki,21.04%
37,Niepełnosprawność,2015,gmina,Gorlice (miasto),powiat gorlicki,45.76%
37,Niepełnosprawność,2015,gmina,Gorlice (wieś),powiat gorlicki,19.18%
37,Niepełnosprawność,2015,gmina,Lipinki,powiat gorlicki,34.42%
37,Niepełnosprawność,2015,gmina,Łużna,powiat gorlicki,24.65%
37,Niepełnosprawność,2015,gmina,Moszczenica,powiat gorlicki,44.28%
37,Niepełnosprawność,2015,gmina,Ropa,powiat gorlicki,21.50%
37,Niepełnosprawność,2015,gmina,Sękowa,powiat gorlicki,21.21%
37,Niepełnosprawność,2015,gmina,Uście Gorlickie,powiat gorlicki,19.81%
37,Niepełnosprawność,2015,powiat,powiat krakowski,powiat krakowski,32.74%
37,Niepełnosprawność,2015,gmina,Czernichów,powiat krakowski,33.56%
37,Niepełnosprawność,2015,gmina,Igołomia-Wawrzeńczyce,powiat krakowski,26.38%
37,Niepełnosprawność,2015,gmina,Iwanowice,powiat krakowski,33.23%
37,Niepełnosprawność,2015,gmina,Jerzmanowice-Przeginia,powiat krakowski,18.92%
37,Niepełnosprawność,2015,gmina,Kocmyrzów-Luborzyca,powiat krakowski,31.21%
37,Niepełnosprawność,2015,gmina,Krzeszowice,powiat krakowski,46.41%
37,Niepełnosprawność,2015,gmina,Liszki,powiat krakowski,34.55%
37,Niepełnosprawność,2015,gmina,Michałowice,powiat krakowski,23.64%
37,Niepełnosprawność,2015,gmina,Mogilany,powiat krakowski,32.72%
37,Niepełnosprawność,2015,gmina,Skała,powiat krakowski,18.26%
37,Niepełnosprawność,2015,gmina,Skawina,powiat krakowski,39.09%
37,Niepełnosprawność,2015,gmina,Słomniki,powiat krakowski,23.96%
37,Niepełnosprawność,2015,gmina,Sułoszowa,powiat krakowski,23.39%
37,Niepełnosprawność,2015,gmina,Świątniki Górne,powiat krakowski,51.73%
37,Niepełnosprawność,2015,gmina,Wielka Wieś,powiat krakowski,28.67%
37,Niepełnosprawność,2015,gmina,Zabierzów,powiat krakowski,37.84%
37,Niepełnosprawność,2015,gmina,Zielonki,powiat krakowski,48.31%
37,Niepełnosprawność,2015,powiat,powiat limanowski,powiat limanowski,27.38%
37,Niepełnosprawność,2015,gmina,Dobra,powiat limanowski,27.21%
37,Niepełnosprawność,2015,gmina,Jodłownik,powiat limanowski,26.89%
37,Niepełnosprawność,2015,gmina,Kamienica,powiat limanowski,12.53%
37,Niepełnosprawność,2015,gmina,Laskowa,powiat limanowski,32.63%
37,Niepełnosprawność,2015,gmina,Limanowa (miasto),powiat limanowski,23.29%
37,Niepełnosprawność,2015,gmina,Limanowa (wieś),powiat limanowski,38.46%
37,Niepełnosprawność,2015,gmina,Łukowica,powiat limanowski,11.63%
37,Niepełnosprawność,2015,gmina,Mszana Dolna (miasto),powiat limanowski,26.43%
37,Niepełnosprawność,2015,gmina,Mszana Dolna (wieś),powiat limanowski,41.23%
37,Niepełnosprawność,2015,gmina,Niedźwiedź,powiat limanowski,38.15%
37,Niepełnosprawność,2015,gmina,Słopnice,powiat limanowski,32.21%
37,Niepełnosprawność,2015,gmina,Tymbark,powiat limanowski,19.00%
37,Niepełnosprawność,2015,powiat,powiat m. Kraków,powiat m. Kraków,43.23%
37,Niepełnosprawność,2015,powiat,powiat m. Nowy Sącz,powiat m. Nowy Sącz,46.11%
37,Niepełnosprawność,2015,powiat,powiat m. Tarnów,powiat m. Tarnów,40.63%
37,Niepełnosprawność,2015,powiat,powiat miechowski,powiat miechowski,32.87%
37,Niepełnosprawność,2015,gmina,Charsznica,powiat miechowski,19.20%
37,Niepełnosprawność,2015,gmina,Gołcza,powiat miechowski,35.40%
37,Niepełnosprawność,2015,gmina,Kozłów,powiat miechowski,15.34%
37,Niepełnosprawność,2015,gmina,Książ Wielki,powiat miechowski,34.39%
37,Niepełnosprawność,2015,gmina,Miechów,powiat miechowski,40.73%
37,Niepełnosprawność,2015,gmina,Racławice,powiat miechowski,23.53%
37,Niepełnosprawność,2015,gmina,Słaboszów,powiat miechowski,52.02%
37,Niepełnosprawność,2015,powiat,powiat myślenicki,powiat myślenicki,30.99%
37,Niepełnosprawność,2015,gmina,Dobczyce,powiat myślenicki,21.27%
37,Niepełnosprawność,2015,gmina,Lubień,powiat myślenicki,47.22%
37,Niepełnosprawność,2015,gmina,Myślenice,powiat myślenicki,37.84%
37,Niepełnosprawność,2015,gmina,Pcim,powiat myślenicki,25.22%
37,Niepełnosprawność,2015,gmina,Raciechowice,powiat myślenicki,23.98%
37,Niepełnosprawność,2015,gmina,Siepraw,powiat myślenicki,19.23%
37,Niepełnosprawność,2015,gmina,Sułkowice,powiat myślenicki,34.43%
37,Niepełnosprawność,2015,gmina,Tokarnia,powiat myślenicki,35.87%
37,Niepełnosprawność,2015,gmina,Wiśniowa,powiat myślenicki,25.77%
37,Niepełnosprawność,2015,powiat,powiat nowosądecki,powiat nowosądecki,25.05%
37,Niepełnosprawność,2015,gmina,Podegrodzie,powiat nowosądecki,24.15%
37,Niepełnosprawność,2015,gmina,Rytro,powiat nowosądecki,35.54%
37,Niepełnosprawność,2015,gmina,Stary Sącz,powiat nowosądecki,31.88%
37,Niepełnosprawność,2015,gmina,Chełmiec,powiat nowosądecki,28.91%
37,Niepełnosprawność,2015,gmina,Gródek nad Dunajcem,powiat nowosądecki,27.99%
37,Niepełnosprawność,2015,gmina,Grybów (miasto),powiat nowosądecki,27.29%
37,Niepełnosprawność,2015,gmina,Grybów (wieś),powiat nowosądecki,20.12%
37,Niepełnosprawność,2015,gmina,Kamionka Wielka,powiat nowosądecki,26.68%
37,Niepełnosprawność,2015,gmina,Korzenna,powiat nowosądecki,18.87%
37,Niepełnosprawność,2015,gmina,Krynica-Zdrój,powiat nowosądecki,23.06%
37,Niepełnosprawność,2015,gmina,Łabowa,powiat nowosądecki,12.99%
37,Niepełnosprawność,2015,gmina,Łącko,powiat nowosądecki,34.30%
37,Niepełnosprawność,2015,gmina,Łososina Dolna,powiat nowosądecki,15.10%
37,Niepełnosprawność,2015,gmina,Muszyna,powiat nowosądecki,35.46%
37,Niepełnosprawność,2015,gmina,Nawojowa,powiat nowosądecki,27.34%
37,Niepełnosprawność,2015,gmina,Piwniczna-Zdrój,powiat nowosądecki,26.05%
37,Niepełnosprawność,2015,powiat,powiat nowotarski,powiat nowotarski,28.37%
37,Niepełnosprawność,2015,gmina,Czarny Dunajec,powiat nowotarski,6.95%
37,Niepełnosprawność,2015,gmina,Czorsztyn,powiat nowotarski,34.54%
37,Niepełnosprawność,2015,gmina,Jabłonka,powiat nowotarski,31.22%
37,Niepełnosprawność,2015,gmina,Krościenko nad Dunajcem,powiat nowotarski,51.75%
37,Niepełnosprawność,2015,gmina,Lipnica Wielka,powiat nowotarski,39.15%
37,Niepełnosprawność,2015,gmina,Łapsze Niżne,powiat nowotarski,17.22%
37,Niepełnosprawność,2015,gmina,Nowy Targ (miasto),powiat nowotarski,36.54%
37,Niepełnosprawność,2015,gmina,Nowy Targ (wieś),powiat nowotarski,19.56%
37,Niepełnosprawność,2015,gmina,Ochotnica Dolna,powiat nowotarski,31.66%
37,Niepełnosprawność,2015,gmina,Raba Wyżna,powiat nowotarski,30.15%
37,Niepełnosprawność,2015,gmina,Rabka-Zdrój,powiat nowotarski,38.79%
37,Niepełnosprawność,2015,gmina,Spytkowice,powiat nowotarski,47.64%
37,Niepełnosprawność,2015,gmina,Szaflary,powiat nowotarski,32.67%
37,Niepełnosprawność,2015,gmina,Szczawnica,powiat nowotarski,25.20%
37,Niepełnosprawność,2015,powiat,powiat olkuski,powiat olkuski,32.52%
37,Niepełnosprawność,2015,gmina,Bolesław,powiat olkuski,32.91%
37,Niepełnosprawność,2015,gmina,Bukowno,powiat olkuski,18.60%
37,Niepełnosprawność,2015,gmina,Klucze,powiat olkuski,24.16%
37,Niepełnosprawność,2015,gmina,Olkusz,powiat olkuski,40.26%
37,Niepełnosprawność,2015,gmina,Trzyciąż,powiat olkuski,39.38%
37,Niepełnosprawność,2015,gmina,Wolbrom,powiat olkuski,36.73%
37,Niepełnosprawność,2015,powiat,powiat oświęcimski,powiat oświęcimski,28.54%
37,Niepełnosprawność,2015,gmina,Brzeszcze,powiat oświęcimski,32.89%
37,Niepełnosprawność,2015,gmina,Chełmek,powiat oświęcimski,38.37%
37,Niepełnosprawność,2015,gmina,Kęty,powiat oświęcimski,36.98%
37,Niepełnosprawność,2015,gmina,Osiek,powiat oświęcimski,26.65%
37,Niepełnosprawność,2015,gmina,Oświęcim (miasto),powiat oświęcimski,24.91%
37,Niepełnosprawność,2015,gmina,Oświęcim (wieś),powiat oświęcimski,36.59%
37,Niepełnosprawność,2015,gmina,Polanka Wielka,powiat oświęcimski,35.45%
37,Niepełnosprawność,2015,gmina,Przeciszów,powiat oświęcimski,14.07%
37,Niepełnosprawność,2015,gmina,Zator,powiat oświęcimski,20.93%
37,Niepełnosprawność,2015,powiat,powiat proszowicki,powiat proszowicki,22.11%
37,Niepełnosprawność,2015,gmina,Koniusza,powiat proszowicki,6.29%
37,Niepełnosprawność,2015,gmina,Koszyce,powiat proszowicki,11.17%
37,Niepełnosprawność,2015,gmina,Nowe Brzesko,powiat proszowicki,27.13%
37,Niepełnosprawność,2015,gmina,Pałecznica,powiat proszowicki,50.75%
37,Niepełnosprawność,2015,gmina,Proszowice,powiat proszowicki,26.09%
37,Niepełnosprawność,2015,gmina,Radziemice,powiat proszowicki,32.50%
37,Niepełnosprawność,2015,powiat,powiat suski,powiat suski,30.00%
37,Niepełnosprawność,2015,gmina,Budzów,powiat suski,34.96%
37,Niepełnosprawność,2015,gmina,Bystra-Sidzina,powiat suski,25.70%
37,Niepełnosprawność,2015,gmina,Jordanów (miasto),powiat suski,43.47%
37,Niepełnosprawność,2015,gmina,Jordanów (wieś),powiat suski,36.33%
37,Niepełnosprawność,2015,gmina,Maków Podhalański,powiat suski,27.25%
37,Niepełnosprawność,2015,gmina,Stryszawa,powiat suski,30.86%
37,Niepełnosprawność,2015,gmina,Sucha Beskidzka,powiat suski,46.61%
37,Niepełnosprawność,2015,gmina,Zawoja,powiat suski,13.21%
37,Niepełnosprawność,2015,gmina,Zembrzyce,powiat suski,43.98%
37,Niepełnosprawność,2015,powiat,powiat tarnowski,powiat tarnowski,22.61%
37,Niepełnosprawność,2015,gmina,Ciężkowice,powiat tarnowski,22.21%
37,Niepełnosprawność,2015,gmina,Gromnik,powiat tarnowski,37.30%
37,Niepełnosprawność,2015,gmina,Lisia Góra,powiat tarnowski,18.29%
37,Niepełnosprawność,2015,gmina,Pleśna,powiat tarnowski,24.35%
37,Niepełnosprawność,2015,gmina,Radłów,powiat tarnowski,19.75%
37,Niepełnosprawność,2015,gmina,Ryglice,powiat tarnowski,18.87%
37,Niepełnosprawność,2015,gmina,Rzepiennik Strzyżewski,powiat tarnowski,3.99%
37,Niepełnosprawność,2015,gmina,Skrzyszów,powiat tarnowski,25.67%
37,Niepełnosprawność,2015,gmina,Szerzyny,powiat tarnowski,29.65%
37,Niepełnosprawność,2015,gmina,Tarnów (wieś),powiat tarnowski,20.49%
37,Niepełnosprawność,2015,gmina,Tuchów,powiat tarnowski,35.71%
37,Niepełnosprawność,2015,gmina,Wierzchosławice,powiat tarnowski,24.10%
37,Niepełnosprawność,2015,gmina,Wietrzychowice,powiat tarnowski,29.23%
37,Niepełnosprawność,2015,gmina,Wojnicz,powiat tarnowski,29.24%
37,Niepełnosprawność,2015,gmina,Zakliczyn,powiat tarnowski,14.40%
37,Niepełnosprawność,2015,gmina,Żabno,powiat tarnowski,28.95%
37,Niepełnosprawność,2015,powiat,powiat tatrzański,powiat tatrzański,30.19%
37,Niepełnosprawność,2015,gmina,Biały Dunajec,powiat tatrzański,31.12%
37,Niepełnosprawność,2015,gmina,Bukowina Tatrzańska,powiat tatrzański,37.79%
37,Niepełnosprawność,2015,gmina,Kościelisko,powiat tatrzański,16.20%
37,Niepełnosprawność,2015,gmina,Poronin,powiat tatrzański,37.76%
37,Niepełnosprawność,2015,gmina,Zakopane,powiat tatrzański,31.45%
37,Niepełnosprawność,2015,powiat,powiat wadowicki,powiat wadowicki,33.89%
37,Niepełnosprawność,2015,gmina,Andrychów,powiat wadowicki,36.28%
37,Niepełnosprawność,2015,gmina,Brzeźnica,powiat wadowicki,36.99%
37,Niepełnosprawność,2015,gmina,Kalwaria Zebrzydowska,powiat wadowicki,36.16%
37,Niepełnosprawność,2015,gmina,Lanckorona,powiat wadowicki,32.52%
37,Niepełnosprawność,2015,gmina,Mucharz,powiat wadowicki,30.04%
37,Niepełnosprawność,2015,gmina,Spytkowice,powiat wadowicki,33.96%
37,Niepełnosprawność,2015,gmina,Stryszów,powiat wadowicki,20.96%
37,Niepełnosprawność,2015,gmina,Tomice,powiat wadowicki,20.96%
37,Niepełnosprawność,2015,gmina,Wadowice,powiat wadowicki,39.66%
37,Niepełnosprawność,2015,gmina,Wieprz,powiat wadowicki,26.43%
37,Niepełnosprawność,2015,powiat,powiat wielicki,powiat wielicki,33.42%
37,Niepełnosprawność,2015,gmina,Biskupice,powiat wielicki,30.29%
37,Niepełnosprawność,2015,gmina,Gdów,powiat wielicki,34.13%
37,Niepełnosprawność,2015,gmina,Kłaj,powiat wielicki,37.57%
37,Niepełnosprawność,2015,gmina,Niepołomice,powiat wielicki,40.77%
37,Niepełnosprawność,2015,gmina,Wieliczka,powiat wielicki,28.96%
37,Niepełnosprawność,2014,powiat,powiat bocheński,powiat bocheński,30.24%
37,Niepełnosprawność,2014,gmina,Bochnia (miasto),powiat bocheński,44.54%
37,Niepełnosprawność,2014,gmina,Bochnia (wieś),powiat bocheński,17.30%
37,Niepełnosprawność,2014,gmina,Drwinia,powiat bocheński,23.00%
37,Niepełnosprawność,2014,gmina,Lipnica Murowana,powiat bocheński,43.72%
37,Niepełnosprawność,2014,gmina,Łapanów,powiat bocheński,17.87%
37,Niepełnosprawność,2014,gmina,Nowy Wiśnicz,powiat bocheński,28.70%
37,Niepełnosprawność,2014,gmina,Rzezawa,powiat bocheński,34.31%
37,Niepełnosprawność,2014,gmina,Trzciana,powiat bocheński,31.22%
37,Niepełnosprawność,2014,gmina,Żegocina,powiat bocheński,38.78%
37,Niepełnosprawność,2014,powiat,powiat brzeski,powiat brzeski,20.49%
37,Niepełnosprawność,2014,gmina,Borzęcin,powiat brzeski,18.35%
37,Niepełnosprawność,2014,gmina,Brzesko,powiat brzeski,25.29%
37,Niepełnosprawność,2014,gmina,Czchów,powiat brzeski,23.54%
37,Niepełnosprawność,2014,gmina,Dębno,powiat brzeski,17.66%
37,Niepełnosprawność,2014,gmina,Gnojnik,powiat brzeski,4.61%
37,Niepełnosprawność,2014,gmina,Iwkowa,powiat brzeski,27.42%
37,Niepełnosprawność,2014,gmina,Szczurowa,powiat brzeski,19.96%
37,Niepełnosprawność,2014,powiat,powiat chrzanowski,powiat chrzanowski,35.56%
37,Niepełnosprawność,2014,gmina,Alwernia,powiat chrzanowski,22.74%
37,Niepełnosprawność,2014,gmina,Babice,powiat chrzanowski,23.75%
37,Niepełnosprawność,2014,gmina,Chrzanów,powiat chrzanowski,37.48%
37,Niepełnosprawność,2014,gmina,Libiąż,powiat chrzanowski,40.76%
37,Niepełnosprawność,2014,gmina,Trzebinia,powiat chrzanowski,35.97%
37,Niepełnosprawność,2014,powiat,powiat dąbrowski,powiat dąbrowski,22.79%
37,Niepełnosprawność,2014,gmina,Bolesław,powiat dąbrowski,21.50%
37,Niepełnosprawność,2014,gmina,Dąbrowa Tarnowska,powiat dąbrowski,29.66%
37,Niepełnosprawność,2014,gmina,Gręboszów,powiat dąbrowski,23.08%
37,Niepełnosprawność,2014,gmina,Mędrzechów,powiat dąbrowski,15.75%
37,Niepełnosprawność,2014,gmina,Olesno,powiat dąbrowski,41.99%
37,Niepełnosprawność,2014,gmina,Radgoszcz,powiat dąbrowski,12.20%
37,Niepełnosprawność,2014,gmina,Szczucin,powiat dąbrowski,19.24%
37,Niepełnosprawność,2014,powiat,powiat gorlicki,powiat gorlicki,31.13%
37,Niepełnosprawność,2014,gmina,Biecz,powiat gorlicki,51.61%
37,Niepełnosprawność,2014,gmina,Bobowa,powiat gorlicki,20.57%
37,Niepełnosprawność,2014,gmina,Gorlice (miasto),powiat gorlicki,44.99%
37,Niepełnosprawność,2014,gmina,Gorlice (wieś),powiat gorlicki,19.56%
37,Niepełnosprawność,2014,gmina,Lipinki,powiat gorlicki,35.64%
37,Niepełnosprawność,2014,gmina,Łużna,powiat gorlicki,28.50%
37,Niepełnosprawność,2014,gmina,Moszczenica,powiat gorlicki,43.58%
37,Niepełnosprawność,2014,gmina,Ropa,powiat gorlicki,26.12%
37,Niepełnosprawność,2014,gmina,Sękowa,powiat gorlicki,17.76%
37,Niepełnosprawność,2014,gmina,Uście Gorlickie,powiat gorlicki,25.34%
37,Niepełnosprawność,2014,powiat,powiat krakowski,powiat krakowski,32.61%
37,Niepełnosprawność,2014,gmina,Czernichów,powiat krakowski,45.09%
37,Niepełnosprawność,2014,gmina,Igołomia-Wawrzeńczyce,powiat krakowski,9.01%
37,Niepełnosprawność,2014,gmina,Iwanowice,powiat krakowski,30.15%
37,Niepełnosprawność,2014,gmina,Jerzmanowice-Przeginia,powiat krakowski,25.09%
37,Niepełnosprawność,2014,gmina,Kocmyrzów-Luborzyca,powiat krakowski,31.46%
37,Niepełnosprawność,2014,gmina,Krzeszowice,powiat krakowski,41.77%
37,Niepełnosprawność,2014,gmina,Liszki,powiat krakowski,46.27%
37,Niepełnosprawność,2014,gmina,Michałowice,powiat krakowski,23.28%
37,Niepełnosprawność,2014,gmina,Mogilany,powiat krakowski,30.06%
37,Niepełnosprawność,2014,gmina,Skała,powiat krakowski,20.56%
37,Niepełnosprawność,2014,gmina,Skawina,powiat krakowski,35.79%
37,Niepełnosprawność,2014,gmina,Słomniki,powiat krakowski,26.77%
37,Niepełnosprawność,2014,gmina,Sułoszowa,powiat krakowski,29.21%
37,Niepełnosprawność,2014,gmina,Świątniki Górne,powiat krakowski,46.25%
37,Niepełnosprawność,2014,gmina,Wielka Wieś,powiat krakowski,26.14%
37,Niepełnosprawność,2014,gmina,Zabierzów,powiat krakowski,44.65%
37,Niepełnosprawność,2014,gmina,Zielonki,powiat krakowski,43.81%
37,Niepełnosprawność,2014,powiat,powiat limanowski,powiat limanowski,28.77%
37,Niepełnosprawność,2014,gmina,Dobra,powiat limanowski,36.13%
37,Niepełnosprawność,2014,gmina,Jodłownik,powiat limanowski,26.97%
37,Niepełnosprawność,2014,gmina,Kamienica,powiat limanowski,12.63%
37,Niepełnosprawność,2014,gmina,Laskowa,powiat limanowski,36.17%
37,Niepełnosprawność,2014,gmina,Limanowa (miasto),powiat limanowski,23.61%
37,Niepełnosprawność,2014,gmina,Limanowa (wieś),powiat limanowski,37.87%
37,Niepełnosprawność,2014,gmina,Łukowica,powiat limanowski,13.33%
37,Niepełnosprawność,2014,gmina,Mszana Dolna (miasto),powiat limanowski,31.03%
37,Niepełnosprawność,2014,gmina,Mszana Dolna (wieś),powiat limanowski,40.95%
37,Niepełnosprawność,2014,gmina,Niedźwiedź,powiat limanowski,35.60%
37,Niepełnosprawność,2014,gmina,Słopnice,powiat limanowski,34.66%
37,Niepełnosprawność,2014,gmina,Tymbark,powiat limanowski,18.55%
37,Niepełnosprawność,2014,powiat,powiat m. Kraków,powiat m. Kraków,43.70%
37,Niepełnosprawność,2014,powiat,powiat m. Nowy Sącz,powiat m. Nowy Sącz,41.83%
37,Niepełnosprawność,2014,powiat,powiat m. Tarnów,powiat m. Tarnów,42.92%
37,Niepełnosprawność,2014,powiat,powiat miechowski,powiat miechowski,31.05%
37,Niepełnosprawność,2014,gmina,Charsznica,powiat miechowski,16.47%
37,Niepełnosprawność,2014,gmina,Gołcza,powiat miechowski,35.29%
37,Niepełnosprawność,2014,gmina,Kozłów,powiat miechowski,14.08%
37,Niepełnosprawność,2014,gmina,Książ Wielki,powiat miechowski,33.50%
37,Niepełnosprawność,2014,gmina,Miechów,powiat miechowski,41.47%
37,Niepełnosprawność,2014,gmina,Racławice,powiat miechowski,22.02%
37,Niepełnosprawność,2014,gmina,Słaboszów,powiat miechowski,41.43%
37,Niepełnosprawność,2014,powiat,powiat myślenicki,powiat myślenicki,32.56%
37,Niepełnosprawność,2014,gmina,Dobczyce,powiat myślenicki,20.29%
37,Niepełnosprawność,2014,gmina,Lubień,powiat myślenicki,48.82%
37,Niepełnosprawność,2014,gmina,Myślenice,powiat myślenicki,41.21%
37,Niepełnosprawność,2014,gmina,Pcim,powiat myślenicki,30.91%
37,Niepełnosprawność,2014,gmina,Raciechowice,powiat myślenicki,24.24%
37,Niepełnosprawność,2014,gmina,Siepraw,powiat myślenicki,14.95%
37,Niepełnosprawność,2014,gmina,Sułkowice,powiat myślenicki,41.00%
37,Niepełnosprawność,2014,gmina,Tokarnia,powiat myślenicki,36.28%
37,Niepełnosprawność,2014,gmina,Wiśniowa,powiat myślenicki,22.32%
37,Niepełnosprawność,2014,powiat,powiat nowosądecki,powiat nowosądecki,24.60%
37,Niepełnosprawność,2014,gmina,Podegrodzie,powiat nowosądecki,22.93%
37,Niepełnosprawność,2014,gmina,Rytro,powiat nowosądecki,35.99%
37,Niepełnosprawność,2014,gmina,Stary Sącz,powiat nowosądecki,28.52%
37,Niepełnosprawność,2014,gmina,Chełmiec,powiat nowosądecki,27.84%
37,Niepełnosprawność,2014,gmina,Gródek nad Dunajcem,powiat nowosądecki,25.71%
37,Niepełnosprawność,2014,gmina,Grybów (miasto),powiat nowosądecki,28.25%
37,Niepełnosprawność,2014,gmina,Grybów (wieś),powiat nowosądecki,19.73%
37,Niepełnosprawność,2014,gmina,Kamionka Wielka,powiat nowosądecki,26.56%
37,Niepełnosprawność,2014,gmina,Korzenna,powiat nowosądecki,20.59%
37,Niepełnosprawność,2014,gmina,Krynica-Zdrój,powiat nowosądecki,21.85%
37,Niepełnosprawność,2014,gmina,Łabowa,powiat nowosądecki,11.42%
37,Niepełnosprawność,2014,gmina,Łącko,powiat nowosądecki,35.41%
37,Niepełnosprawność,2014,gmina,Łososina Dolna,powiat nowosądecki,18.12%
37,Niepełnosprawność,2014,gmina,Muszyna,powiat nowosądecki,35.44%
37,Niepełnosprawność,2014,gmina,Nawojowa,powiat nowosądecki,29.18%
37,Niepełnosprawność,2014,gmina,Piwniczna-Zdrój,powiat nowosądecki,23.44%
37,Niepełnosprawność,2014,powiat,powiat nowotarski,powiat nowotarski,27.69%
37,Niepełnosprawność,2014,gmina,Czarny Dunajec,powiat nowotarski,5.76%
37,Niepełnosprawność,2014,gmina,Czorsztyn,powiat nowotarski,32.15%
37,Niepełnosprawność,2014,gmina,Jabłonka,powiat nowotarski,30.64%
37,Niepełnosprawność,2014,gmina,Krościenko nad Dunajcem,powiat nowotarski,48.34%
37,Niepełnosprawność,2014,gmina,Lipnica Wielka,powiat nowotarski,38.10%
37,Niepełnosprawność,2014,gmina,Łapsze Niżne,powiat nowotarski,18.62%
37,Niepełnosprawność,2014,gmina,Nowy Targ (miasto),powiat nowotarski,37.69%
37,Niepełnosprawność,2014,gmina,Nowy Targ (wieś),powiat nowotarski,19.23%
37,Niepełnosprawność,2014,gmina,Ochotnica Dolna,powiat nowotarski,33.77%
37,Niepełnosprawność,2014,gmina,Raba Wyżna,powiat nowotarski,34.69%
37,Niepełnosprawność,2014,gmina,Rabka-Zdrój,powiat nowotarski,34.70%
37,Niepełnosprawność,2014,gmina,Spytkowice,powiat nowotarski,30.05%
37,Niepełnosprawność,2014,gmina,Szaflary,powiat nowotarski,34.86%
37,Niepełnosprawność,2014,gmina,Szczawnica,powiat nowotarski,26.37%
37,Niepełnosprawność,2014,powiat,powiat olkuski,powiat olkuski,33.50%
37,Niepełnosprawność,2014,gmina,Bolesław,powiat olkuski,31.85%
37,Niepełnosprawność,2014,gmina,Bukowno,powiat olkuski,19.02%
37,Niepełnosprawność,2014,gmina,Klucze,powiat olkuski,29.48%
37,Niepełnosprawność,2014,gmina,Olkusz,powiat olkuski,37.21%
37,Niepełnosprawność,2014,gmina,Trzyciąż,powiat olkuski,36.84%
37,Niepełnosprawność,2014,gmina,Wolbrom,powiat olkuski,38.57%
37,Niepełnosprawność,2014,powiat,powiat oświęcimski,powiat oświęcimski,26.75%
37,Niepełnosprawność,2014,gmina,Brzeszcze,powiat oświęcimski,31.26%
37,Niepełnosprawność,2014,gmina,Chełmek,powiat oświęcimski,32.05%
37,Niepełnosprawność,2014,gmina,Kęty,powiat oświęcimski,36.03%
37,Niepełnosprawność,2014,gmina,Osiek,powiat oświęcimski,35.93%
37,Niepełnosprawność,2014,gmina,Oświęcim (miasto),powiat oświęcimski,22.99%
37,Niepełnosprawność,2014,gmina,Oświęcim (wieś),powiat oświęcimski,34.44%
37,Niepełnosprawność,2014,gmina,Polanka Wielka,powiat oświęcimski,22.99%
37,Niepełnosprawność,2014,gmina,Przeciszów,powiat oświęcimski,12.64%
37,Niepełnosprawność,2014,gmina,Zator,powiat oświęcimski,21.27%
37,Niepełnosprawność,2014,powiat,powiat proszowicki,powiat proszowicki,21.35%
37,Niepełnosprawność,2014,gmina,Koniusza,powiat proszowicki,6.25%
37,Niepełnosprawność,2014,gmina,Koszyce,powiat proszowicki,7.98%
37,Niepełnosprawność,2014,gmina,Nowe Brzesko,powiat proszowicki,25.71%
37,Niepełnosprawność,2014,gmina,Pałecznica,powiat proszowicki,48.46%
37,Niepełnosprawność,2014,gmina,Proszowice,powiat proszowicki,27.54%
37,Niepełnosprawność,2014,gmina,Radziemice,powiat proszowicki,23.31%
37,Niepełnosprawność,2014,powiat,powiat suski,powiat suski,29.68%
37,Niepełnosprawność,2014,gmina,Budzów,powiat suski,37.09%
37,Niepełnosprawność,2014,gmina,Bystra-Sidzina,powiat suski,29.13%
37,Niepełnosprawność,2014,gmina,Jordanów (miasto),powiat suski,35.00%
37,Niepełnosprawność,2014,gmina,Jordanów (wieś),powiat suski,37.13%
37,Niepełnosprawność,2014,gmina,Maków Podhalański,powiat suski,26.00%
37,Niepełnosprawność,2014,gmina,Stryszawa,powiat suski,30.17%
37,Niepełnosprawność,2014,gmina,Sucha Beskidzka,powiat suski,44.03%
37,Niepełnosprawność,2014,gmina,Zawoja,powiat suski,13.73%
37,Niepełnosprawność,2014,gmina,Zembrzyce,powiat suski,41.91%
37,Niepełnosprawność,2014,powiat,powiat tarnowski,powiat tarnowski,21.88%
37,Niepełnosprawność,2014,gmina,Ciężkowice,powiat tarnowski,23.21%
37,Niepełnosprawność,2014,gmina,Gromnik,powiat tarnowski,41.02%
37,Niepełnosprawność,2014,gmina,Lisia Góra,powiat tarnowski,24.03%
37,Niepełnosprawność,2014,gmina,Pleśna,powiat tarnowski,24.95%
37,Niepełnosprawność,2014,gmina,Radłów,powiat tarnowski,25.74%
37,Niepełnosprawność,2014,gmina,Ryglice,powiat tarnowski,20.35%
37,Niepełnosprawność,2014,gmina,Rzepiennik Strzyżewski,powiat tarnowski,3.51%
37,Niepełnosprawność,2014,gmina,Skrzyszów,powiat tarnowski,27.64%
37,Niepełnosprawność,2014,gmina,Szerzyny,powiat tarnowski,7.43%
37,Niepełnosprawność,2014,gmina,Tarnów (wieś),powiat tarnowski,19.10%
37,Niepełnosprawność,2014,gmina,Tuchów,powiat tarnowski,34.29%
37,Niepełnosprawność,2014,gmina,Wierzchosławice,powiat tarnowski,22.39%
37,Niepełnosprawność,2014,gmina,Wietrzychowice,powiat tarnowski,24.85%
37,Niepełnosprawność,2014,gmina,Wojnicz,powiat tarnowski,36.35%
37,Niepełnosprawność,2014,gmina,Zakliczyn,powiat tarnowski,14.39%
37,Niepełnosprawność,2014,gmina,Żabno,powiat tarnowski,25.26%
37,Niepełnosprawność,2014,powiat,powiat tatrzański,powiat tatrzański,35.35%
37,Niepełnosprawność,2014,gmina,Biały Dunajec,powiat tatrzański,37.07%
37,Niepełnosprawność,2014,gmina,Bukowina Tatrzańska,powiat tatrzański,45.66%
37,Niepełnosprawność,2014,gmina,Kościelisko,powiat tatrzański,23.93%
37,Niepełnosprawność,2014,gmina,Poronin,powiat tatrzański,37.88%
37,Niepełnosprawność,2014,gmina,Zakopane,powiat tatrzański,32.51%
37,Niepełnosprawność,2014,powiat,powiat wadowicki,powiat wadowicki,35.75%
37,Niepełnosprawność,2014,gmina,Andrychów,powiat wadowicki,38.52%
37,Niepełnosprawność,2014,gmina,Brzeźnica,powiat wadowicki,39.71%
37,Niepełnosprawność,2014,gmina,Kalwaria Zebrzydowska,powiat wadowicki,39.46%
37,Niepełnosprawność,2014,gmina,Lanckorona,powiat wadowicki,35.87%
37,Niepełnosprawność,2014,gmina,Mucharz,powiat wadowicki,31.90%
37,Niepełnosprawność,2014,gmina,Spytkowice,powiat wadowicki,40.04%
37,Niepełnosprawność,2014,gmina,Stryszów,powiat wadowicki,23.72%
37,Niepełnosprawność,2014,gmina,Tomice,powiat wadowicki,22.05%
37,Niepełnosprawność,2014,gmina,Wadowice,powiat wadowicki,38.44%
37,Niepełnosprawność,2014,gmina,Wieprz,powiat wadowicki,28.29%
37,Niepełnosprawność,2014,powiat,powiat wielicki,powiat wielicki,34.49%
37,Niepełnosprawność,2014,gmina,Biskupice,powiat wielicki,28.95%
37,Niepełnosprawność,2014,gmina,Gdów,powiat wielicki,36.35%
37,Niepełnosprawność,2014,gmina,Kłaj,powiat wielicki,35.77%
37,Niepełnosprawność,2014,gmina,Niepołomice,powiat wielicki,44.57%
37,Niepełnosprawność,2014,gmina,Wieliczka,powiat wielicki,29.91%
37,Niepełnosprawność,2013,powiat,powiat bocheński,powiat bocheński,29.62%
37,Niepełnosprawność,2013,gmina,Bochnia (miasto),powiat bocheński,41.67%
37,Niepełnosprawność,2013,gmina,Bochnia (wieś),powiat bocheński,16.96%
37,Niepełnosprawność,2013,gmina,Drwinia,powiat bocheński,21.74%
37,Niepełnosprawność,2013,gmina,Lipnica Murowana,powiat bocheński,42.22%
37,Niepełnosprawność,2013,gmina,Łapanów,powiat bocheński,19.71%
37,Niepełnosprawność,2013,gmina,Nowy Wiśnicz,powiat bocheński,27.59%
37,Niepełnosprawność,2013,gmina,Rzezawa,powiat bocheński,41.73%
37,Niepełnosprawność,2013,gmina,Trzciana,powiat bocheński,28.00%
37,Niepełnosprawność,2013,gmina,Żegocina,powiat bocheński,34.27%
37,Niepełnosprawność,2013,powiat,powiat brzeski,powiat brzeski,20.57%
37,Niepełnosprawność,2013,gmina,Borzęcin,powiat brzeski,17.51%
37,Niepełnosprawność,2013,gmina,Brzesko,powiat brzeski,23.55%
37,Niepełnosprawność,2013,gmina,Czchów,powiat brzeski,25.78%
37,Niepełnosprawność,2013,gmina,Dębno,powiat brzeski,18.96%
37,Niepełnosprawność,2013,gmina,Gnojnik,powiat brzeski,4.30%
37,Niepełnosprawność,2013,gmina,Iwkowa,powiat brzeski,30.35%
37,Niepełnosprawność,2013,gmina,Szczurowa,powiat brzeski,25.59%
37,Niepełnosprawność,2013,powiat,powiat chrzanowski,powiat chrzanowski,32.59%
37,Niepełnosprawność,2013,gmina,Alwernia,powiat chrzanowski,12.18%
37,Niepełnosprawność,2013,gmina,Babice,powiat chrzanowski,25.82%
37,Niepełnosprawność,2013,gmina,Chrzanów,powiat chrzanowski,34.33%
37,Niepełnosprawność,2013,gmina,Libiąż,powiat chrzanowski,37.01%
37,Niepełnosprawność,2013,gmina,Trzebinia,powiat chrzanowski,35.28%
37,Niepełnosprawność,2013,powiat,powiat dąbrowski,powiat dąbrowski,18.49%
37,Niepełnosprawność,2013,gmina,Bolesław,powiat dąbrowski,17.76%
37,Niepełnosprawność,2013,gmina,Dąbrowa Tarnowska,powiat dąbrowski,30.80%
37,Niepełnosprawność,2013,gmina,Gręboszów,powiat dąbrowski,16.19%
37,Niepełnosprawność,2013,gmina,Mędrzechów,powiat dąbrowski,14.29%
37,Niepełnosprawność,2013,gmina,Olesno,powiat dąbrowski,37.69%
37,Niepełnosprawność,2013,gmina,Radgoszcz,powiat dąbrowski,6.22%
37,Niepełnosprawność,2013,gmina,Szczucin,powiat dąbrowski,16.17%
37,Niepełnosprawność,2013,powiat,powiat gorlicki,powiat gorlicki,31.92%
37,Niepełnosprawność,2013,gmina,Biecz,powiat gorlicki,50.79%
37,Niepełnosprawność,2013,gmina,Bobowa,powiat gorlicki,19.88%
37,Niepełnosprawność,2013,gmina,Gorlice (miasto),powiat gorlicki,42.25%
37,Niepełnosprawność,2013,gmina,Gorlice (wieś),powiat gorlicki,21.28%
37,Niepełnosprawność,2013,gmina,Lipinki,powiat gorlicki,36.62%
37,Niepełnosprawność,2013,gmina,Łużna,powiat gorlicki,30.48%
37,Niepełnosprawność,2013,gmina,Moszczenica,powiat gorlicki,47.83%
37,Niepełnosprawność,2013,gmina,Ropa,powiat gorlicki,25.40%
37,Niepełnosprawność,2013,gmina,Sękowa,powiat gorlicki,20.54%
37,Niepełnosprawność,2013,gmina,Uście Gorlickie,powiat gorlicki,28.31%
37,Niepełnosprawność,2013,powiat,powiat krakowski,powiat krakowski,31.02%
37,Niepełnosprawność,2013,gmina,Czernichów,powiat krakowski,44.55%
37,Niepełnosprawność,2013,gmina,Igołomia-Wawrzeńczyce,powiat krakowski,10.55%
37,Niepełnosprawność,2013,gmina,Iwanowice,powiat krakowski,24.46%
37,Niepełnosprawność,2013,gmina,Jerzmanowice-Przeginia,powiat krakowski,22.50%
37,Niepełnosprawność,2013,gmina,Kocmyrzów-Luborzyca,powiat krakowski,27.18%
37,Niepełnosprawność,2013,gmina,Krzeszowice,powiat krakowski,35.01%
37,Niepełnosprawność,2013,gmina,Liszki,powiat krakowski,44.15%
37,Niepełnosprawność,2013,gmina,Michałowice,powiat krakowski,28.95%
37,Niepełnosprawność,2013,gmina,Mogilany,powiat krakowski,32.66%
37,Niepełnosprawność,2013,gmina,Skała,powiat krakowski,13.45%
37,Niepełnosprawność,2013,gmina,Skawina,powiat krakowski,31.70%
37,Niepełnosprawność,2013,gmina,Słomniki,powiat krakowski,25.77%
37,Niepełnosprawność,2013,gmina,Sułoszowa,powiat krakowski,31.48%
37,Niepełnosprawność,2013,gmina,Świątniki Górne,powiat krakowski,44.30%
37,Niepełnosprawność,2013,gmina,Wielka Wieś,powiat krakowski,31.13%
37,Niepełnosprawność,2013,gmina,Zabierzów,powiat krakowski,41.30%
37,Niepełnosprawność,2013,gmina,Zielonki,powiat krakowski,41.18%
37,Niepełnosprawność,2013,powiat,powiat limanowski,powiat limanowski,29.09%
37,Niepełnosprawność,2013,gmina,Dobra,powiat limanowski,39.69%
37,Niepełnosprawność,2013,gmina,Jodłownik,powiat limanowski,28.88%
37,Niepełnosprawność,2013,gmina,Kamienica,powiat limanowski,11.87%
37,Niepełnosprawność,2013,gmina,Laskowa,powiat limanowski,46.13%
37,Niepełnosprawność,2013,gmina,Limanowa (miasto),powiat limanowski,21.12%
37,Niepełnosprawność,2013,gmina,Limanowa (wieś),powiat limanowski,36.15%
37,Niepełnosprawność,2013,gmina,Łukowica,powiat limanowski,11.35%
37,Niepełnosprawność,2013,gmina,Mszana Dolna (miasto),powiat limanowski,26.13%
37,Niepełnosprawność,2013,gmina,Mszana Dolna (wieś),powiat limanowski,42.12%
37,Niepełnosprawność,2013,gmina,Niedźwiedź,powiat limanowski,31.78%
37,Niepełnosprawność,2013,gmina,Słopnice,powiat limanowski,39.66%
37,Niepełnosprawność,2013,gmina,Tymbark,powiat limanowski,19.63%
37,Niepełnosprawność,2013,powiat,powiat m. Kraków,powiat m. Kraków,43.75%
37,Niepełnosprawność,2013,powiat,powiat m. Nowy Sącz,powiat m. Nowy Sącz,42.60%
37,Niepełnosprawność,2013,powiat,powiat m. Tarnów,powiat m. Tarnów,40.74%
37,Niepełnosprawność,2013,powiat,powiat miechowski,powiat miechowski,28.98%
37,Niepełnosprawność,2013,gmina,Charsznica,powiat miechowski,16.50%
37,Niepełnosprawność,2013,gmina,Gołcza,powiat miechowski,39.62%
37,Niepełnosprawność,2013,gmina,Kozłów,powiat miechowski,12.38%
37,Niepełnosprawność,2013,gmina,Książ Wielki,powiat miechowski,35.89%
37,Niepełnosprawność,2013,gmina,Miechów,powiat miechowski,36.31%
37,Niepełnosprawność,2013,gmina,Racławice,powiat miechowski,27.10%
37,Niepełnosprawność,2013,gmina,Słaboszów,powiat miechowski,30.18%
37,Niepełnosprawność,2013,powiat,powiat myślenicki,powiat myślenicki,33.68%
37,Niepełnosprawność,2013,gmina,Dobczyce,powiat myślenicki,19.21%
37,Niepełnosprawność,2013,gmina,Lubień,powiat myślenicki,37.26%
37,Niepełnosprawność,2013,gmina,Myślenice,powiat myślenicki,51.16%
37,Niepełnosprawność,2013,gmina,Pcim,powiat myślenicki,28.89%
37,Niepełnosprawność,2013,gmina,Raciechowice,powiat myślenicki,25.03%
37,Niepełnosprawność,2013,gmina,Siepraw,powiat myślenicki,15.65%
37,Niepełnosprawność,2013,gmina,Sułkowice,powiat myślenicki,44.58%
37,Niepełnosprawność,2013,gmina,Tokarnia,powiat myślenicki,34.60%
37,Niepełnosprawność,2013,gmina,Wiśniowa,powiat myślenicki,22.03%
37,Niepełnosprawność,2013,powiat,powiat nowosądecki,powiat nowosądecki,24.05%
37,Niepełnosprawność,2013,gmina,Podegrodzie,powiat nowosądecki,24.99%
37,Niepełnosprawność,2013,gmina,Rytro,powiat nowosądecki,36.43%
37,Niepełnosprawność,2013,gmina,Stary Sącz,powiat nowosądecki,30.66%
37,Niepełnosprawność,2013,gmina,Chełmiec,powiat nowosądecki,25.89%
37,Niepełnosprawność,2013,gmina,Gródek nad Dunajcem,powiat nowosądecki,27.60%
37,Niepełnosprawność,2013,gmina,Grybów (miasto),powiat nowosądecki,28.78%
37,Niepełnosprawność,2013,gmina,Grybów (wieś),powiat nowosądecki,17.75%
37,Niepełnosprawność,2013,gmina,Kamionka Wielka,powiat nowosądecki,26.81%
37,Niepełnosprawność,2013,gmina,Korzenna,powiat nowosądecki,23.42%
37,Niepełnosprawność,2013,gmina,Krynica-Zdrój,powiat nowosądecki,18.73%
37,Niepełnosprawność,2013,gmina,Łabowa,powiat nowosądecki,10.87%
37,Niepełnosprawność,2013,gmina,Łącko,powiat nowosądecki,34.60%
37,Niepełnosprawność,2013,gmina,Łososina Dolna,powiat nowosądecki,10.28%
37,Niepełnosprawność,2013,gmina,Muszyna,powiat nowosądecki,36.77%
37,Niepełnosprawność,2013,gmina,Nawojowa,powiat nowosądecki,26.20%
37,Niepełnosprawność,2013,gmina,Piwniczna-Zdrój,powiat nowosądecki,24.54%
37,Niepełnosprawność,2013,powiat,powiat nowotarski,powiat nowotarski,29.26%
37,Niepełnosprawność,2013,gmina,Czarny Dunajec,powiat nowotarski,8.65%
37,Niepełnosprawność,2013,gmina,Czorsztyn,powiat nowotarski,28.29%
37,Niepełnosprawność,2013,gmina,Jabłonka,powiat nowotarski,27.78%
37,Niepełnosprawność,2013,gmina,Krościenko nad Dunajcem,powiat nowotarski,52.84%
37,Niepełnosprawność,2013,gmina,Lipnica Wielka,powiat nowotarski,29.84%
37,Niepełnosprawność,2013,gmina,Łapsze Niżne,powiat nowotarski,23.82%
37,Niepełnosprawność,2013,gmina,Nowy Targ (miasto),powiat nowotarski,38.91%
37,Niepełnosprawność,2013,gmina,Nowy Targ (wieś),powiat nowotarski,18.85%
37,Niepełnosprawność,2013,gmina,Ochotnica Dolna,powiat nowotarski,38.50%
37,Niepełnosprawność,2013,gmina,Raba Wyżna,powiat nowotarski,38.92%
37,Niepełnosprawność,2013,gmina,Rabka-Zdrój,powiat nowotarski,37.69%
37,Niepełnosprawność,2013,gmina,Spytkowice,powiat nowotarski,33.45%
37,Niepełnosprawność,2013,gmina,Szaflary,powiat nowotarski,35.17%
37,Niepełnosprawność,2013,gmina,Szczawnica,powiat nowotarski,20.12%
37,Niepełnosprawność,2013,powiat,powiat olkuski,powiat olkuski,32.09%
37,Niepełnosprawność,2013,gmina,Bolesław,powiat olkuski,26.62%
37,Niepełnosprawność,2013,gmina,Bukowno,powiat olkuski,21.44%
37,Niepełnosprawność,2013,gmina,Klucze,powiat olkuski,26.79%
37,Niepełnosprawność,2013,gmina,Olkusz,powiat olkuski,36.65%
37,Niepełnosprawność,2013,gmina,Trzyciąż,powiat olkuski,39.02%
37,Niepełnosprawność,2013,gmina,Wolbrom,powiat olkuski,36.31%
37,Niepełnosprawność,2013,powiat,powiat oświęcimski,powiat oświęcimski,27.26%
37,Niepełnosprawność,2013,gmina,Brzeszcze,powiat oświęcimski,30.37%
37,Niepełnosprawność,2013,gmina,Chełmek,powiat oświęcimski,34.76%
37,Niepełnosprawność,2013,gmina,Kęty,powiat oświęcimski,34.58%
37,Niepełnosprawność,2013,gmina,Osiek,powiat oświęcimski,30.22%
37,Niepełnosprawność,2013,gmina,Oświęcim (miasto),powiat oświęcimski,23.90%
37,Niepełnosprawność,2013,gmina,Oświęcim (wieś),powiat oświęcimski,35.86%
37,Niepełnosprawność,2013,gmina,Polanka Wielka,powiat oświęcimski,39.88%
37,Niepełnosprawność,2013,gmina,Przeciszów,powiat oświęcimski,13.97%
37,Niepełnosprawność,2013,gmina,Zator,powiat oświęcimski,20.00%
37,Niepełnosprawność,2013,powiat,powiat proszowicki,powiat proszowicki,17.65%
37,Niepełnosprawność,2013,gmina,Koniusza,powiat proszowicki,5.88%
37,Niepełnosprawność,2013,gmina,Koszyce,powiat proszowicki,7.52%
37,Niepełnosprawność,2013,gmina,Nowe Brzesko,powiat proszowicki,18.15%
37,Niepełnosprawność,2013,gmina,Pałecznica,powiat proszowicki,43.15%
37,Niepełnosprawność,2013,gmina,Proszowice,powiat proszowicki,22.39%
37,Niepełnosprawność,2013,gmina,Radziemice,powiat proszowicki,26.88%
37,Niepełnosprawność,2013,powiat,powiat suski,powiat suski,34.05%
37,Niepełnosprawność,2013,gmina,Budzów,powiat suski,39.58%
37,Niepełnosprawność,2013,gmina,Bystra-Sidzina,powiat suski,29.91%
37,Niepełnosprawność,2013,gmina,Jordanów (miasto),powiat suski,38.77%
37,Niepełnosprawność,2013,gmina,Jordanów (wieś),powiat suski,37.64%
37,Niepełnosprawność,2013,gmina,Maków Podhalański,powiat suski,29.25%
37,Niepełnosprawność,2013,gmina,Stryszawa,powiat suski,26.32%
37,Niepełnosprawność,2013,gmina,Sucha Beskidzka,powiat suski,48.53%
37,Niepełnosprawność,2013,gmina,Zawoja,powiat suski,26.99%
37,Niepełnosprawność,2013,gmina,Zembrzyce,powiat suski,44.22%
37,Niepełnosprawność,2013,powiat,powiat tarnowski,powiat tarnowski,21.78%
37,Niepełnosprawność,2013,gmina,Ciężkowice,powiat tarnowski,24.18%
37,Niepełnosprawność,2013,gmina,Gromnik,powiat tarnowski,38.93%
37,Niepełnosprawność,2013,gmina,Lisia Góra,powiat tarnowski,20.32%
37,Niepełnosprawność,2013,gmina,Pleśna,powiat tarnowski,32.59%
37,Niepełnosprawność,2013,gmina,Radłów,powiat tarnowski,23.77%
37,Niepełnosprawność,2013,gmina,Ryglice,powiat tarnowski,17.62%
37,Niepełnosprawność,2013,gmina,Rzepiennik Strzyżewski,powiat tarnowski,2.72%
37,Niepełnosprawność,2013,gmina,Skrzyszów,powiat tarnowski,30.05%
37,Niepełnosprawność,2013,gmina,Szerzyny,powiat tarnowski,11.28%
37,Niepełnosprawność,2013,gmina,Tarnów (wieś),powiat tarnowski,19.72%
37,Niepełnosprawność,2013,gmina,Tuchów,powiat tarnowski,36.14%
37,Niepełnosprawność,2013,gmina,Wierzchosławice,powiat tarnowski,21.91%
37,Niepełnosprawność,2013,gmina,Wietrzychowice,powiat tarnowski,21.10%
37,Niepełnosprawność,2013,gmina,Wojnicz,powiat tarnowski,29.63%
37,Niepełnosprawność,2013,gmina,Zakliczyn,powiat tarnowski,13.58%
37,Niepełnosprawność,2013,gmina,Żabno,powiat tarnowski,24.50%
37,Niepełnosprawność,2013,powiat,powiat tatrzański,powiat tatrzański,36.25%
37,Niepełnosprawność,2013,gmina,Biały Dunajec,powiat tatrzański,36.57%
37,Niepełnosprawność,2013,gmina,Bukowina Tatrzańska,powiat tatrzański,45.97%
37,Niepełnosprawność,2013,gmina,Kościelisko,powiat tatrzański,28.06%
37,Niepełnosprawność,2013,gmina,Poronin,powiat tatrzański,32.88%
37,Niepełnosprawność,2013,gmina,Zakopane,powiat tatrzański,34.53%
37,Niepełnosprawność,2013,powiat,powiat wadowicki,powiat wadowicki,34.69%
37,Niepełnosprawność,2013,gmina,Andrychów,powiat wadowicki,30.58%
37,Niepełnosprawność,2013,gmina,Brzeźnica,powiat wadowicki,38.99%
37,Niepełnosprawność,2013,gmina,Kalwaria Zebrzydowska,powiat wadowicki,39.60%
37,Niepełnosprawność,2013,gmina,Lanckorona,powiat wadowicki,33.60%
37,Niepełnosprawność,2013,gmina,Mucharz,powiat wadowicki,30.40%
37,Niepełnosprawność,2013,gmina,Spytkowice,powiat wadowicki,38.98%
37,Niepełnosprawność,2013,gmina,Stryszów,powiat wadowicki,17.51%
37,Niepełnosprawność,2013,gmina,Tomice,powiat wadowicki,23.73%
37,Niepełnosprawność,2013,gmina,Wadowice,powiat wadowicki,45.34%
37,Niepełnosprawność,2013,gmina,Wieprz,powiat wadowicki,27.31%
37,Niepełnosprawność,2013,powiat,powiat wielicki,powiat wielicki,30.73%
37,Niepełnosprawność,2013,gmina,Biskupice,powiat wielicki,21.61%
37,Niepełnosprawność,2013,gmina,Gdów,powiat wielicki,37.62%
37,Niepełnosprawność,2013,gmina,Kłaj,powiat wielicki,33.28%
37,Niepełnosprawność,2013,gmina,Niepołomice,powiat wielicki,40.04%
37,Niepełnosprawność,2013,gmina,Wieliczka,powiat wielicki,26.60%
37,Niepełnosprawność,2012,powiat,powiat bocheński,powiat bocheński,29.94%
37,Niepełnosprawność,2012,gmina,Bochnia (miasto),powiat bocheński,43.44%
37,Niepełnosprawność,2012,gmina,Bochnia (wieś),powiat bocheński,15.42%
37,Niepełnosprawność,2012,gmina,Drwinia,powiat bocheński,19.59%
37,Niepełnosprawność,2012,gmina,Lipnica Murowana,powiat bocheński,42.66%
37,Niepełnosprawność,2012,gmina,Łapanów,powiat bocheński,25.39%
37,Niepełnosprawność,2012,gmina,Nowy Wiśnicz,powiat bocheński,28.63%
37,Niepełnosprawność,2012,gmina,Rzezawa,powiat bocheński,36.36%
37,Niepełnosprawność,2012,gmina,Trzciana,powiat bocheński,31.61%
37,Niepełnosprawność,2012,gmina,Żegocina,powiat bocheński,34.73%
37,Niepełnosprawność,2012,powiat,powiat brzeski,powiat brzeski,20.17%
37,Niepełnosprawność,2012,gmina,Borzęcin,powiat brzeski,23.20%
37,Niepełnosprawność,2012,gmina,Brzesko,powiat brzeski,27.74%
37,Niepełnosprawność,2012,gmina,Czchów,powiat brzeski,12.87%
37,Niepełnosprawność,2012,gmina,Dębno,powiat brzeski,16.76%
37,Niepełnosprawność,2012,gmina,Gnojnik,powiat brzeski,4.63%
37,Niepełnosprawność,2012,gmina,Iwkowa,powiat brzeski,33.08%
37,Niepełnosprawność,2012,gmina,Szczurowa,powiat brzeski,21.61%
37,Niepełnosprawność,2012,powiat,powiat chrzanowski,powiat chrzanowski,32.73%
37,Niepełnosprawność,2012,gmina,Alwernia,powiat chrzanowski,13.36%
37,Niepełnosprawność,2012,gmina,Babice,powiat chrzanowski,25.23%
37,Niepełnosprawność,2012,gmina,Chrzanów,powiat chrzanowski,35.42%
37,Niepełnosprawność,2012,gmina,Libiąż,powiat chrzanowski,35.57%
37,Niepełnosprawność,2012,gmina,Trzebinia,powiat chrzanowski,33.98%
37,Niepełnosprawność,2012,powiat,powiat dąbrowski,powiat dąbrowski,20.63%
37,Niepełnosprawność,2012,gmina,Bolesław,powiat dąbrowski,16.63%
37,Niepełnosprawność,2012,gmina,Dąbrowa Tarnowska,powiat dąbrowski,28.04%
37,Niepełnosprawność,2012,gmina,Gręboszów,powiat dąbrowski,24.06%
37,Niepełnosprawność,2012,gmina,Mędrzechów,powiat dąbrowski,14.66%
37,Niepełnosprawność,2012,gmina,Olesno,powiat dąbrowski,45.81%
37,Niepełnosprawność,2012,gmina,Radgoszcz,powiat dąbrowski,13.80%
37,Niepełnosprawność,2012,gmina,Szczucin,powiat dąbrowski,13.96%
37,Niepełnosprawność,2012,powiat,powiat gorlicki,powiat gorlicki,31.02%
37,Niepełnosprawność,2012,gmina,Biecz,powiat gorlicki,47.10%
37,Niepełnosprawność,2012,gmina,Bobowa,powiat gorlicki,22.03%
37,Niepełnosprawność,2012,gmina,Gorlice (miasto),powiat gorlicki,42.87%
37,Niepełnosprawność,2012,gmina,Gorlice (wieś),powiat gorlicki,23.70%
37,Niepełnosprawność,2012,gmina,Lipinki,powiat gorlicki,38.14%
37,Niepełnosprawność,2012,gmina,Łużna,powiat gorlicki,31.62%
37,Niepełnosprawność,2012,gmina,Moszczenica,powiat gorlicki,44.26%
37,Niepełnosprawność,2012,gmina,Ropa,powiat gorlicki,17.50%
37,Niepełnosprawność,2012,gmina,Sękowa,powiat gorlicki,11.09%
37,Niepełnosprawność,2012,gmina,Uście Gorlickie,powiat gorlicki,30.53%
37,Niepełnosprawność,2012,powiat,powiat krakowski,powiat krakowski,31.58%
37,Niepełnosprawność,2012,gmina,Czernichów,powiat krakowski,42.26%
37,Niepełnosprawność,2012,gmina,Igołomia-Wawrzeńczyce,powiat krakowski,21.94%
37,Niepełnosprawność,2012,gmina,Iwanowice,powiat krakowski,21.11%
37,Niepełnosprawność,2012,gmina,Jerzmanowice-Przeginia,powiat krakowski,18.13%
37,Niepełnosprawność,2012,gmina,Kocmyrzów-Luborzyca,powiat krakowski,34.11%
37,Niepełnosprawność,2012,gmina,Krzeszowice,powiat krakowski,34.00%
37,Niepełnosprawność,2012,gmina,Liszki,powiat krakowski,41.03%
37,Niepełnosprawność,2012,gmina,Michałowice,powiat krakowski,27.90%
37,Niepełnosprawność,2012,gmina,Mogilany,powiat krakowski,33.61%
37,Niepełnosprawność,2012,gmina,Skała,powiat krakowski,13.37%
37,Niepełnosprawność,2012,gmina,Skawina,powiat krakowski,33.08%
37,Niepełnosprawność,2012,gmina,Słomniki,powiat krakowski,27.27%
37,Niepełnosprawność,2012,gmina,Sułoszowa,powiat krakowski,30.91%
37,Niepełnosprawność,2012,gmina,Świątniki Górne,powiat krakowski,38.13%
37,Niepełnosprawność,2012,gmina,Wielka Wieś,powiat krakowski,29.35%
37,Niepełnosprawność,2012,gmina,Zabierzów,powiat krakowski,42.01%
37,Niepełnosprawność,2012,gmina,Zielonki,powiat krakowski,42.18%
37,Niepełnosprawność,2012,powiat,powiat limanowski,powiat limanowski,27.13%
37,Niepełnosprawność,2012,gmina,Dobra,powiat limanowski,38.12%
37,Niepełnosprawność,2012,gmina,Jodłownik,powiat limanowski,31.53%
37,Niepełnosprawność,2012,gmina,Kamienica,powiat limanowski,10.49%
37,Niepełnosprawność,2012,gmina,Laskowa,powiat limanowski,39.72%
37,Niepełnosprawność,2012,gmina,Limanowa (miasto),powiat limanowski,19.35%
37,Niepełnosprawność,2012,gmina,Limanowa (wieś),powiat limanowski,34.21%
37,Niepełnosprawność,2012,gmina,Łukowica,powiat limanowski,10.90%
37,Niepełnosprawność,2012,gmina,Mszana Dolna (miasto),powiat limanowski,21.42%
37,Niepełnosprawność,2012,gmina,Mszana Dolna (wieś),powiat limanowski,41.05%
37,Niepełnosprawność,2012,gmina,Niedźwiedź,powiat limanowski,29.67%
37,Niepełnosprawność,2012,gmina,Słopnice,powiat limanowski,35.45%
37,Niepełnosprawność,2012,gmina,Tymbark,powiat limanowski,19.18%
37,Niepełnosprawność,2012,powiat,powiat m. Kraków,powiat m. Kraków,46.73%
37,Niepełnosprawność,2012,powiat,powiat m. Nowy Sącz,powiat m. Nowy Sącz,43.26%
37,Niepełnosprawność,2012,powiat,powiat m. Tarnów,powiat m. Tarnów,38.71%
37,Niepełnosprawność,2012,powiat,powiat miechowski,powiat miechowski,29.17%
37,Niepełnosprawność,2012,gmina,Charsznica,powiat miechowski,17.88%
37,Niepełnosprawność,2012,gmina,Gołcza,powiat miechowski,35.67%
37,Niepełnosprawność,2012,gmina,Kozłów,powiat miechowski,12.50%
37,Niepełnosprawność,2012,gmina,Książ Wielki,powiat miechowski,32.62%
37,Niepełnosprawność,2012,gmina,Miechów,powiat miechowski,42.79%
37,Niepełnosprawność,2012,gmina,Racławice,powiat miechowski,32.77%
37,Niepełnosprawność,2012,gmina,Słaboszów,powiat miechowski,17.37%
37,Niepełnosprawność,2012,powiat,powiat myślenicki,powiat myślenicki,33.04%
37,Niepełnosprawność,2012,gmina,Dobczyce,powiat myślenicki,20.03%
37,Niepełnosprawność,2012,gmina,Lubień,powiat myślenicki,34.99%
37,Niepełnosprawność,2012,gmina,Myślenice,powiat myślenicki,49.46%
37,Niepełnosprawność,2012,gmina,Pcim,powiat myślenicki,29.84%
37,Niepełnosprawność,2012,gmina,Raciechowice,powiat myślenicki,26.03%
37,Niepełnosprawność,2012,gmina,Siepraw,powiat myślenicki,17.34%
37,Niepełnosprawność,2012,gmina,Sułkowice,powiat myślenicki,37.00%
37,Niepełnosprawność,2012,gmina,Tokarnia,powiat myślenicki,35.80%
37,Niepełnosprawność,2012,gmina,Wiśniowa,powiat myślenicki,24.24%
37,Niepełnosprawność,2012,powiat,powiat nowosądecki,powiat nowosądecki,23.80%
37,Niepełnosprawność,2012,gmina,Podegrodzie,powiat nowosądecki,29.19%
37,Niepełnosprawność,2012,gmina,Rytro,powiat nowosądecki,36.56%
37,Niepełnosprawność,2012,gmina,Stary Sącz,powiat nowosądecki,30.72%
37,Niepełnosprawność,2012,gmina,Chełmiec,powiat nowosądecki,25.67%
37,Niepełnosprawność,2012,gmina,Gródek nad Dunajcem,powiat nowosądecki,26.36%
37,Niepełnosprawność,2012,gmina,Grybów (miasto),powiat nowosądecki,17.57%
37,Niepełnosprawność,2012,gmina,Grybów (wieś),powiat nowosądecki,15.68%
37,Niepełnosprawność,2012,gmina,Kamionka Wielka,powiat nowosądecki,27.36%
37,Niepełnosprawność,2012,gmina,Korzenna,powiat nowosądecki,26.33%
37,Niepełnosprawność,2012,gmina,Krynica-Zdrój,powiat nowosądecki,17.87%
37,Niepełnosprawność,2012,gmina,Łabowa,powiat nowosądecki,8.10%
37,Niepełnosprawność,2012,gmina,Łącko,powiat nowosądecki,37.46%
37,Niepełnosprawność,2012,gmina,Łososina Dolna,powiat nowosądecki,11.27%
37,Niepełnosprawność,2012,gmina,Muszyna,powiat nowosądecki,36.23%
37,Niepełnosprawność,2012,gmina,Nawojowa,powiat nowosądecki,24.54%
37,Niepełnosprawność,2012,gmina,Piwniczna-Zdrój,powiat nowosądecki,23.70%
37,Niepełnosprawność,2012,powiat,powiat nowotarski,powiat nowotarski,27.79%
37,Niepełnosprawność,2012,gmina,Czarny Dunajec,powiat nowotarski,10.02%
37,Niepełnosprawność,2012,gmina,Czorsztyn,powiat nowotarski,37.50%
37,Niepełnosprawność,2012,gmina,Jabłonka,powiat nowotarski,22.82%
37,Niepełnosprawność,2012,gmina,Krościenko nad Dunajcem,powiat nowotarski,55.42%
37,Niepełnosprawność,2012,gmina,Lipnica Wielka,powiat nowotarski,33.46%
37,Niepełnosprawność,2012,gmina,Łapsze Niżne,powiat nowotarski,21.41%
37,Niepełnosprawność,2012,gmina,Nowy Targ (miasto),powiat nowotarski,26.22%
37,Niepełnosprawność,2012,gmina,Nowy Targ (wieś),powiat nowotarski,15.29%
37,Niepełnosprawność,2012,gmina,Ochotnica Dolna,powiat nowotarski,43.18%
37,Niepełnosprawność,2012,gmina,Raba Wyżna,powiat nowotarski,39.78%
37,Niepełnosprawność,2012,gmina,Rabka-Zdrój,powiat nowotarski,34.41%
37,Niepełnosprawność,2012,gmina,Spytkowice,powiat nowotarski,25.68%
37,Niepełnosprawność,2012,gmina,Szaflary,powiat nowotarski,35.04%
37,Niepełnosprawność,2012,gmina,Szczawnica,powiat nowotarski,33.68%
37,Niepełnosprawność,2012,powiat,powiat olkuski,powiat olkuski,31.41%
37,Niepełnosprawność,2012,gmina,Bolesław,powiat olkuski,33.60%
37,Niepełnosprawność,2012,gmina,Bukowno,powiat olkuski,19.87%
37,Niepełnosprawność,2012,gmina,Klucze,powiat olkuski,22.89%
37,Niepełnosprawność,2012,gmina,Olkusz,powiat olkuski,35.61%
37,Niepełnosprawność,2012,gmina,Trzyciąż,powiat olkuski,33.33%
37,Niepełnosprawność,2012,gmina,Wolbrom,powiat olkuski,38.06%
37,Niepełnosprawność,2012,powiat,powiat oświęcimski,powiat oświęcimski,27.23%
37,Niepełnosprawność,2012,gmina,Brzeszcze,powiat oświęcimski,29.08%
37,Niepełnosprawność,2012,gmina,Chełmek,powiat oświęcimski,38.28%
37,Niepełnosprawność,2012,gmina,Kęty,powiat oświęcimski,33.43%
37,Niepełnosprawność,2012,gmina,Osiek,powiat oświęcimski,32.11%
37,Niepełnosprawność,2012,gmina,Oświęcim (miasto),powiat oświęcimski,22.71%
37,Niepełnosprawność,2012,gmina,Oświęcim (wieś),powiat oświęcimski,32.57%
37,Niepełnosprawność,2012,gmina,Polanka Wielka,powiat oświęcimski,39.88%
37,Niepełnosprawność,2012,gmina,Przeciszów,powiat oświęcimski,19.03%
37,Niepełnosprawność,2012,gmina,Zator,powiat oświęcimski,20.00%
37,Niepełnosprawność,2012,powiat,powiat proszowicki,powiat proszowicki,19.23%
37,Niepełnosprawność,2012,gmina,Koniusza,powiat proszowicki,5.69%
37,Niepełnosprawność,2012,gmina,Koszyce,powiat proszowicki,9.45%
37,Niepełnosprawność,2012,gmina,Nowe Brzesko,powiat proszowicki,25.96%
37,Niepełnosprawność,2012,gmina,Pałecznica,powiat proszowicki,45.57%
37,Niepełnosprawność,2012,gmina,Proszowice,powiat proszowicki,24.49%
37,Niepełnosprawność,2012,gmina,Radziemice,powiat proszowicki,24.81%
37,Niepełnosprawność,2012,powiat,powiat suski,powiat suski,33.31%
37,Niepełnosprawność,2012,gmina,Budzów,powiat suski,34.28%
37,Niepełnosprawność,2012,gmina,Bystra-Sidzina,powiat suski,35.19%
37,Niepełnosprawność,2012,gmina,Jordanów (miasto),powiat suski,38.40%
37,Niepełnosprawność,2012,gmina,Jordanów (wieś),powiat suski,32.07%
37,Niepełnosprawność,2012,gmina,Maków Podhalański,powiat suski,30.92%
37,Niepełnosprawność,2012,gmina,Stryszawa,powiat suski,28.75%
37,Niepełnosprawność,2012,gmina,Sucha Beskidzka,powiat suski,42.72%
37,Niepełnosprawność,2012,gmina,Zawoja,powiat suski,30.24%
37,Niepełnosprawność,2012,gmina,Zembrzyce,powiat suski,41.19%
37,Niepełnosprawność,2012,powiat,powiat tarnowski,powiat tarnowski,22.00%
37,Niepełnosprawność,2012,gmina,Ciężkowice,powiat tarnowski,24.99%
37,Niepełnosprawność,2012,gmina,Gromnik,powiat tarnowski,44.05%
37,Niepełnosprawność,2012,gmina,Lisia Góra,powiat tarnowski,17.75%
37,Niepełnosprawność,2012,gmina,Pleśna,powiat tarnowski,35.18%
37,Niepełnosprawność,2012,gmina,Radłów,powiat tarnowski,26.44%
37,Niepełnosprawność,2012,gmina,Ryglice,powiat tarnowski,15.67%
37,Niepełnosprawność,2012,gmina,Rzepiennik Strzyżewski,powiat tarnowski,2.73%
37,Niepełnosprawność,2012,gmina,Skrzyszów,powiat tarnowski,30.24%
37,Niepełnosprawność,2012,gmina,Szerzyny,powiat tarnowski,9.95%
37,Niepełnosprawność,2012,gmina,Tarnów (wieś),powiat tarnowski,20.48%
37,Niepełnosprawność,2012,gmina,Tuchów,powiat tarnowski,32.57%
37,Niepełnosprawność,2012,gmina,Wierzchosławice,powiat tarnowski,24.39%
37,Niepełnosprawność,2012,gmina,Wietrzychowice,powiat tarnowski,25.19%
37,Niepełnosprawność,2012,gmina,Wojnicz,powiat tarnowski,30.49%
37,Niepełnosprawność,2012,gmina,Zakliczyn,powiat tarnowski,12.82%
37,Niepełnosprawność,2012,gmina,Żabno,powiat tarnowski,25.80%
37,Niepełnosprawność,2012,powiat,powiat tatrzański,powiat tatrzański,33.52%
37,Niepełnosprawność,2012,gmina,Biały Dunajec,powiat tatrzański,25.63%
37,Niepełnosprawność,2012,gmina,Bukowina Tatrzańska,powiat tatrzański,47.13%
37,Niepełnosprawność,2012,gmina,Kościelisko,powiat tatrzański,29.13%
37,Niepełnosprawność,2012,gmina,Poronin,powiat tatrzański,34.33%
37,Niepełnosprawność,2012,gmina,Zakopane,powiat tatrzański,30.76%
37,Niepełnosprawność,2012,powiat,powiat wadowicki,powiat wadowicki,32.65%
37,Niepełnosprawność,2012,gmina,Andrychów,powiat wadowicki,26.46%
37,Niepełnosprawność,2012,gmina,Brzeźnica,powiat wadowicki,36.56%
37,Niepełnosprawność,2012,gmina,Kalwaria Zebrzydowska,powiat wadowicki,40.28%
37,Niepełnosprawność,2012,gmina,Lanckorona,powiat wadowicki,31.33%
37,Niepełnosprawność,2012,gmina,Mucharz,powiat wadowicki,26.40%
37,Niepełnosprawność,2012,gmina,Spytkowice,powiat wadowicki,37.16%
37,Niepełnosprawność,2012,gmina,Stryszów,powiat wadowicki,21.10%
37,Niepełnosprawność,2012,gmina,Tomice,powiat wadowicki,20.47%
37,Niepełnosprawność,2012,gmina,Wadowice,powiat wadowicki,43.35%
37,Niepełnosprawność,2012,gmina,Wieprz,powiat wadowicki,22.64%
37,Niepełnosprawność,2012,powiat,powiat wielicki,powiat wielicki,32.13%
37,Niepełnosprawność,2012,gmina,Biskupice,powiat wielicki,17.51%
37,Niepełnosprawność,2012,gmina,Gdów,powiat wielicki,37.85%
37,Niepełnosprawność,2012,gmina,Kłaj,powiat wielicki,36.29%
37,Niepełnosprawność,2012,gmina,Niepołomice,powiat wielicki,43.27%
37,Niepełnosprawność,2012,gmina,Wieliczka,powiat wielicki,27.50%
37,Niepełnosprawność,2011,powiat,powiat bocheński,powiat bocheński,27.01%
37,Niepełnosprawność,2011,gmina,Bochnia (miasto),powiat bocheński,40.00%
37,Niepełnosprawność,2011,gmina,Bochnia (wieś),powiat bocheński,15.00%
37,Niepełnosprawność,2011,gmina,Drwinia,powiat bocheński,21.00%
37,Niepełnosprawność,2011,gmina,Lipnica Murowana,powiat bocheński,42.00%
37,Niepełnosprawność,2011,gmina,Łapanów,powiat bocheński,22.00%
37,Niepełnosprawność,2011,gmina,Nowy Wiśnicz,powiat bocheński,31.00%
37,Niepełnosprawność,2011,gmina,Rzezawa,powiat bocheński,31.00%
37,Niepełnosprawność,2011,gmina,Trzciana,powiat bocheński,22.00%
37,Niepełnosprawność,2011,gmina,Żegocina,powiat bocheński,35.00%
37,Niepełnosprawność,2011,powiat,powiat brzeski,powiat brzeski,21.21%
37,Niepełnosprawność,2011,gmina,Borzęcin,powiat brzeski,25.00%
37,Niepełnosprawność,2011,gmina,Brzesko,powiat brzeski,27.00%
37,Niepełnosprawność,2011,gmina,Czchów,powiat brzeski,21.00%
37,Niepełnosprawność,2011,gmina,Dębno,powiat brzeski,20.00%
37,Niepełnosprawność,2011,gmina,Gnojnik,powiat brzeski,5.00%
37,Niepełnosprawność,2011,gmina,Iwkowa,powiat brzeski,27.00%
37,Niepełnosprawność,2011,gmina,Szczurowa,powiat brzeski,21.00%
37,Niepełnosprawność,2011,powiat,powiat chrzanowski,powiat chrzanowski,32.75%
37,Niepełnosprawność,2011,gmina,Alwernia,powiat chrzanowski,16.00%
37,Niepełnosprawność,2011,gmina,Babice,powiat chrzanowski,27.00%
37,Niepełnosprawność,2011,gmina,Chrzanów,powiat chrzanowski,37.00%
37,Niepełnosprawność,2011,gmina,Libiąż,powiat chrzanowski,40.00%
37,Niepełnosprawność,2011,gmina,Trzebinia,powiat chrzanowski,36.00%
37,Niepełnosprawność,2011,powiat,powiat dąbrowski,powiat dąbrowski,19.16%
37,Niepełnosprawność,2011,gmina,Bolesław,powiat dąbrowski,15.00%
37,Niepełnosprawność,2011,gmina,Dąbrowa Tarnowska,powiat dąbrowski,27.00%
37,Niepełnosprawność,2011,gmina,Gręboszów,powiat dąbrowski,22.00%
37,Niepełnosprawność,2011,gmina,Mędrzechów,powiat dąbrowski,10.00%
37,Niepełnosprawność,2011,gmina,Olesno,powiat dąbrowski,46.00%
37,Niepełnosprawność,2011,gmina,Radgoszcz,powiat dąbrowski,12.00%
37,Niepełnosprawność,2011,gmina,Szczucin,powiat dąbrowski,13.00%
37,Niepełnosprawność,2011,powiat,powiat gorlicki,powiat gorlicki,29.23%
37,Niepełnosprawność,2011,gmina,Biecz,powiat gorlicki,43.00%
37,Niepełnosprawność,2011,gmina,Bobowa,powiat gorlicki,21.00%
37,Niepełnosprawność,2011,gmina,Gorlice (miasto),powiat gorlicki,44.00%
37,Niepełnosprawność,2011,gmina,Gorlice (wieś),powiat gorlicki,24.00%
37,Niepełnosprawność,2011,gmina,Lipinki,powiat gorlicki,38.00%
37,Niepełnosprawność,2011,gmina,Łużna,powiat gorlicki,32.00%
37,Niepełnosprawność,2011,gmina,Moszczenica,powiat gorlicki,40.00%
37,Niepełnosprawność,2011,gmina,Ropa,powiat gorlicki,16.00%
37,Niepełnosprawność,2011,gmina,Sękowa,powiat gorlicki,12.00%
37,Niepełnosprawność,2011,gmina,Uście Gorlickie,powiat gorlicki,26.00%
37,Niepełnosprawność,2011,powiat,powiat krakowski,powiat krakowski,27.09%
37,Niepełnosprawność,2011,gmina,Czernichów,powiat krakowski,39.00%
37,Niepełnosprawność,2011,gmina,Igołomia-Wawrzeńczyce,powiat krakowski,13.00%
37,Niepełnosprawność,2011,gmina,Iwanowice,powiat krakowski,24.00%
37,Niepełnosprawność,2011,gmina,Jerzmanowice-Przeginia,powiat krakowski,14.00%
37,Niepełnosprawność,2011,gmina,Kocmyrzów-Luborzyca,powiat krakowski,39.00%
37,Niepełnosprawność,2011,gmina,Krzeszowice,powiat krakowski,38.00%
37,Niepełnosprawność,2011,gmina,Liszki,powiat krakowski,42.00%
37,Niepełnosprawność,2011,gmina,Michałowice,powiat krakowski,28.00%
37,Niepełnosprawność,2011,gmina,Mogilany,powiat krakowski,33.00%
37,Niepełnosprawność,2011,gmina,Skała,powiat krakowski,9.00%
37,Niepełnosprawność,2011,gmina,Skawina,powiat krakowski,28.00%
37,Niepełnosprawność,2011,gmina,Słomniki,powiat krakowski,17.00%
37,Niepełnosprawność,2011,gmina,Sułoszowa,powiat krakowski,28.00%
37,Niepełnosprawność,2011,gmina,Świątniki Górne,powiat krakowski,45.00%
37,Niepełnosprawność,2011,gmina,Wielka Wieś,powiat krakowski,34.00%
37,Niepełnosprawność,2011,gmina,Zabierzów,powiat krakowski,37.00%
37,Niepełnosprawność,2011,gmina,Zielonki,powiat krakowski,43.00%
37,Niepełnosprawność,2011,powiat,powiat limanowski,powiat limanowski,27.01%
37,Niepełnosprawność,2011,gmina,Dobra,powiat limanowski,39.00%
37,Niepełnosprawność,2011,gmina,Jodłownik,powiat limanowski,24.00%
37,Niepełnosprawność,2011,gmina,Kamienica,powiat limanowski,11.00%
37,Niepełnosprawność,2011,gmina,Laskowa,powiat limanowski,40.00%
37,Niepełnosprawność,2011,gmina,Limanowa (miasto),powiat limanowski,22.00%
37,Niepełnosprawność,2011,gmina,Limanowa (wieś),powiat limanowski,37.00%
37,Niepełnosprawność,2011,gmina,Łukowica,powiat limanowski,10.00%
37,Niepełnosprawność,2011,gmina,Mszana Dolna (miasto),powiat limanowski,19.00%
37,Niepełnosprawność,2011,gmina,Mszana Dolna (wieś),powiat limanowski,42.00%
37,Niepełnosprawność,2011,gmina,Niedźwiedź,powiat limanowski,31.00%
37,Niepełnosprawność,2011,gmina,Słopnice,powiat limanowski,31.00%
37,Niepełnosprawność,2011,gmina,Tymbark,powiat limanowski,26.00%
37,Niepełnosprawność,2011,powiat,powiat m. Kraków,powiat m. Kraków,45.61%
37,Niepełnosprawność,2011,powiat,powiat m. Nowy Sącz,powiat m. Nowy Sącz,45.90%
37,Niepełnosprawność,2011,powiat,powiat m. Tarnów,powiat m. Tarnów,35.53%
37,Niepełnosprawność,2011,powiat,powiat miechowski,powiat miechowski,28.03%
37,Niepełnosprawność,2011,gmina,Charsznica,powiat miechowski,16.00%
37,Niepełnosprawność,2011,gmina,Gołcza,powiat miechowski,31.00%
37,Niepełnosprawność,2011,gmina,Kozłów,powiat miechowski,11.00%
37,Niepełnosprawność,2011,gmina,Książ Wielki,powiat miechowski,35.00%
37,Niepełnosprawność,2011,gmina,Miechów,powiat miechowski,42.00%
37,Niepełnosprawność,2011,gmina,Racławice,powiat miechowski,37.00%
37,Niepełnosprawność,2011,gmina,Słaboszów,powiat miechowski,21.00%
37,Niepełnosprawność,2011,powiat,powiat myślenicki,powiat myślenicki,34.12%
37,Niepełnosprawność,2011,gmina,Dobczyce,powiat myślenicki,22.00%
37,Niepełnosprawność,2011,gmina,Lubień,powiat myślenicki,40.00%
37,Niepełnosprawność,2011,gmina,Myślenice,powiat myślenicki,48.00%
37,Niepełnosprawność,2011,gmina,Pcim,powiat myślenicki,34.00%
37,Niepełnosprawność,2011,gmina,Raciechowice,powiat myślenicki,26.00%
37,Niepełnosprawność,2011,gmina,Siepraw,powiat myślenicki,17.00%
37,Niepełnosprawność,2011,gmina,Sułkowice,powiat myślenicki,44.00%
37,Niepełnosprawność,2011,gmina,Tokarnia,powiat myślenicki,35.00%
37,Niepełnosprawność,2011,gmina,Wiśniowa,powiat myślenicki,24.00%
37,Niepełnosprawność,2011,powiat,powiat nowosądecki,powiat nowosądecki,25.28%
37,Niepełnosprawność,2011,gmina,Podegrodzie,powiat nowosądecki,35.00%
37,Niepełnosprawność,2011,gmina,Rytro,powiat nowosądecki,41.00%
37,Niepełnosprawność,2011,gmina,Stary Sącz,powiat nowosądecki,33.00%
37,Niepełnosprawność,2011,gmina,Chełmiec,powiat nowosądecki,27.00%
37,Niepełnosprawność,2011,gmina,Gródek nad Dunajcem,powiat nowosądecki,27.00%
37,Niepełnosprawność,2011,gmina,Grybów (miasto),powiat nowosądecki,14.00%
37,Niepełnosprawność,2011,gmina,Grybów (wieś),powiat nowosądecki,16.00%
37,Niepełnosprawność,2011,gmina,Kamionka Wielka,powiat nowosądecki,26.00%
37,Niepełnosprawność,2011,gmina,Korzenna,powiat nowosądecki,30.00%
37,Niepełnosprawność,2011,gmina,Krynica-Zdrój,powiat nowosądecki,19.00%
37,Niepełnosprawność,2011,gmina,Łabowa,powiat nowosądecki,7.00%
37,Niepełnosprawność,2011,gmina,Łącko,powiat nowosądecki,41.00%
37,Niepełnosprawność,2011,gmina,Łososina Dolna,powiat nowosądecki,17.00%
37,Niepełnosprawność,2011,gmina,Muszyna,powiat nowosądecki,38.00%
37,Niepełnosprawność,2011,gmina,Nawojowa,powiat nowosądecki,27.00%
37,Niepełnosprawność,2011,gmina,Piwniczna-Zdrój,powiat nowosądecki,28.00%
37,Niepełnosprawność,2011,powiat,powiat nowotarski,powiat nowotarski,28.05%
37,Niepełnosprawność,2011,gmina,Czarny Dunajec,powiat nowotarski,8.00%
37,Niepełnosprawność,2011,gmina,Czorsztyn,powiat nowotarski,36.00%
37,Niepełnosprawność,2011,gmina,Jabłonka,powiat nowotarski,22.00%
37,Niepełnosprawność,2011,gmina,Krościenko nad Dunajcem,powiat nowotarski,59.00%
37,Niepełnosprawność,2011,gmina,Lipnica Wielka,powiat nowotarski,28.00%
37,Niepełnosprawność,2011,gmina,Łapsze Niżne,powiat nowotarski,18.00%
37,Niepełnosprawność,2011,gmina,Nowy Targ (miasto),powiat nowotarski,37.00%
37,Niepełnosprawność,2011,gmina,Nowy Targ (wieś),powiat nowotarski,17.00%
37,Niepełnosprawność,2011,gmina,Ochotnica Dolna,powiat nowotarski,41.00%
37,Niepełnosprawność,2011,gmina,Raba Wyżna,powiat nowotarski,43.00%
37,Niepełnosprawność,2011,gmina,Rabka-Zdrój,powiat nowotarski,38.00%
37,Niepełnosprawność,2011,gmina,Spytkowice,powiat nowotarski,26.00%
37,Niepełnosprawność,2011,gmina,Szaflary,powiat nowotarski,36.00%
37,Niepełnosprawność,2011,gmina,Szczawnica,powiat nowotarski,22.00%
37,Niepełnosprawność,2011,powiat,powiat olkuski,powiat olkuski,29.82%
37,Niepełnosprawność,2011,gmina,Bolesław,powiat olkuski,40.00%
37,Niepełnosprawność,2011,gmina,Bukowno,powiat olkuski,19.00%
37,Niepełnosprawność,2011,gmina,Klucze,powiat olkuski,26.00%
37,Niepełnosprawność,2011,gmina,Olkusz,powiat olkuski,34.00%
37,Niepełnosprawność,2011,gmina,Trzyciąż,powiat olkuski,36.00%
37,Niepełnosprawność,2011,gmina,Wolbrom,powiat olkuski,38.00%
37,Niepełnosprawność,2011,powiat,powiat oświęcimski,powiat oświęcimski,28.24%
37,Niepełnosprawność,2011,gmina,Brzeszcze,powiat oświęcimski,33.00%
37,Niepełnosprawność,2011,gmina,Chełmek,powiat oświęcimski,38.00%
37,Niepełnosprawność,2011,gmina,Kęty,powiat oświęcimski,31.00%
37,Niepełnosprawność,2011,gmina,Osiek,powiat oświęcimski,44.00%
37,Niepełnosprawność,2011,gmina,Oświęcim (miasto),powiat oświęcimski,29.00%
37,Niepełnosprawność,2011,gmina,Oświęcim (wieś),powiat oświęcimski,30.00%
37,Niepełnosprawność,2011,gmina,Polanka Wielka,powiat oświęcimski,27.00%
37,Niepełnosprawność,2011,gmina,Przeciszów,powiat oświęcimski,26.00%
37,Niepełnosprawność,2011,gmina,Zator,powiat oświęcimski,19.00%
37,Niepełnosprawność,2011,powiat,powiat proszowicki,powiat proszowicki,21.22%
37,Niepełnosprawność,2011,gmina,Koniusza,powiat proszowicki,8.00%
37,Niepełnosprawność,2011,gmina,Koszyce,powiat proszowicki,13.00%
37,Niepełnosprawność,2011,gmina,Nowe Brzesko,powiat proszowicki,30.00%
37,Niepełnosprawność,2011,gmina,Pałecznica,powiat proszowicki,50.00%
37,Niepełnosprawność,2011,gmina,Proszowice,powiat proszowicki,28.00%
37,Niepełnosprawność,2011,gmina,Radziemice,powiat proszowicki,20.00%
37,Niepełnosprawność,2011,powiat,powiat suski,powiat suski,27.53%
37,Niepełnosprawność,2011,gmina,Budzów,powiat suski,33.00%
37,Niepełnosprawność,2011,gmina,Bystra-Sidzina,powiat suski,35.00%
37,Niepełnosprawność,2011,gmina,Jordanów (miasto),powiat suski,38.00%
37,Niepełnosprawność,2011,gmina,Jordanów (wieś),powiat suski,24.00%
37,Niepełnosprawność,2011,gmina,Maków Podhalański,powiat suski,24.00%
37,Niepełnosprawność,2011,gmina,Stryszawa,powiat suski,29.00%
37,Niepełnosprawność,2011,gmina,Sucha Beskidzka,powiat suski,41.00%
37,Niepełnosprawność,2011,gmina,Zawoja,powiat suski,27.00%
37,Niepełnosprawność,2011,gmina,Zembrzyce,powiat suski,42.00%
37,Niepełnosprawność,2011,powiat,powiat tarnowski,powiat tarnowski,19.68%
37,Niepełnosprawność,2011,gmina,Ciężkowice,powiat tarnowski,24.00%
37,Niepełnosprawność,2011,gmina,Gromnik,powiat tarnowski,34.00%
37,Niepełnosprawność,2011,gmina,Lisia Góra,powiat tarnowski,26.00%
37,Niepełnosprawność,2011,gmina,Pleśna,powiat tarnowski,32.00%
37,Niepełnosprawność,2011,gmina,Radłów,powiat tarnowski,17.00%
37,Niepełnosprawność,2011,gmina,Ryglice,powiat tarnowski,13.00%
37,Niepełnosprawność,2011,gmina,Rzepiennik Strzyżewski,powiat tarnowski,3.00%
37,Niepełnosprawność,2011,gmina,Skrzyszów,powiat tarnowski,34.00%
37,Niepełnosprawność,2011,gmina,Szerzyny,powiat tarnowski,5.00%
37,Niepełnosprawność,2011,gmina,Tarnów (wieś),powiat tarnowski,17.00%
37,Niepełnosprawność,2011,gmina,Tuchów,powiat tarnowski,24.00%
37,Niepełnosprawność,2011,gmina,Wierzchosławice,powiat tarnowski,23.00%
37,Niepełnosprawność,2011,gmina,Wietrzychowice,powiat tarnowski,22.00%
37,Niepełnosprawność,2011,gmina,Wojnicz,powiat tarnowski,26.00%
37,Niepełnosprawność,2011,gmina,Zakliczyn,powiat tarnowski,13.00%
37,Niepełnosprawność,2011,gmina,Żabno,powiat tarnowski,24.00%
37,Niepełnosprawność,2011,powiat,powiat tatrzański,powiat tatrzański,32.10%
37,Niepełnosprawność,2011,gmina,Biały Dunajec,powiat tatrzański,20.00%
37,Niepełnosprawność,2011,gmina,Bukowina Tatrzańska,powiat tatrzański,56.00%
37,Niepełnosprawność,2011,gmina,Kościelisko,powiat tatrzański,33.00%
37,Niepełnosprawność,2011,gmina,Poronin,powiat tatrzański,42.00%
37,Niepełnosprawność,2011,gmina,Zakopane,powiat tatrzański,30.00%
37,Niepełnosprawność,2011,powiat,powiat wadowicki,powiat wadowicki,30.46%
37,Niepełnosprawność,2011,gmina,Andrychów,powiat wadowicki,28.00%
37,Niepełnosprawność,2011,gmina,Brzeźnica,powiat wadowicki,37.00%
37,Niepełnosprawność,2011,gmina,Kalwaria Zebrzydowska,powiat wadowicki,40.00%
37,Niepełnosprawność,2011,gmina,Lanckorona,powiat wadowicki,33.00%
37,Niepełnosprawność,2011,gmina,Mucharz,powiat wadowicki,23.00%
37,Niepełnosprawność,2011,gmina,Spytkowice,powiat wadowicki,35.00%
37,Niepełnosprawność,2011,gmina,Stryszów,powiat wadowicki,32.00%
37,Niepełnosprawność,2011,gmina,Tomice,powiat wadowicki,20.00%
37,Niepełnosprawność,2011,gmina,Wadowice,powiat wadowicki,38.00%
37,Niepełnosprawność,2011,gmina,Wieprz,powiat wadowicki,23.00%
37,Niepełnosprawność,2011,powiat,powiat wielicki,powiat wielicki,28.86%
37,Niepełnosprawność,2011,gmina,Biskupice,powiat wielicki,33.00%
37,Niepełnosprawność,2011,gmina,Gdów,powiat wielicki,29.00%
37,Niepełnosprawność,2011,gmina,Kłaj,powiat wielicki,36.00%
37,Niepełnosprawność,2011,gmina,Niepołomice,powiat wielicki,38.00%
37,Niepełnosprawność,2011,gmina,Wieliczka,powiat wielicki,23.00%
37,Niepełnosprawność,2010,powiat,powiat bocheński,powiat bocheński,26.28%
37,Niepełnosprawność,2010,gmina,Bochnia (miasto),powiat bocheński,43.69%
37,Niepełnosprawność,2010,gmina,Bochnia (wieś),powiat bocheński,12.87%
37,Niepełnosprawność,2010,gmina,Drwinia,powiat bocheński,22.86%
37,Niepełnosprawność,2010,gmina,Lipnica Murowana,powiat bocheński,23.88%
37,Niepełnosprawność,2010,gmina,Łapanów,powiat bocheński,22.51%
37,Niepełnosprawność,2010,gmina,Nowy Wiśnicz,powiat bocheński,40.64%
37,Niepełnosprawność,2010,gmina,Rzezawa,powiat bocheński,34.14%
37,Niepełnosprawność,2010,gmina,Trzciana,powiat bocheński,25.15%
37,Niepełnosprawność,2010,gmina,Żegocina,powiat bocheński,32.57%
37,Niepełnosprawność,2010,powiat,powiat brzeski,powiat brzeski,23.62%
37,Niepełnosprawność,2010,gmina,Borzęcin,powiat brzeski,38.36%
37,Niepełnosprawność,2010,gmina,Brzesko,powiat brzeski,24.72%
37,Niepełnosprawność,2010,gmina,Czchów,powiat brzeski,39.69%
37,Niepełnosprawność,2010,gmina,Dębno,powiat brzeski,25.66%
37,Niepełnosprawność,2010,gmina,Gnojnik,powiat brzeski,4.93%
37,Niepełnosprawność,2010,gmina,Iwkowa,powiat brzeski,25.24%
37,Niepełnosprawność,2010,gmina,Szczurowa,powiat brzeski,24.67%
37,Niepełnosprawność,2010,powiat,powiat chrzanowski,powiat chrzanowski,32.67%
37,Niepełnosprawność,2010,gmina,Alwernia,powiat chrzanowski,14.75%
37,Niepełnosprawność,2010,gmina,Babice,powiat chrzanowski,29.15%
37,Niepełnosprawność,2010,gmina,Chrzanów,powiat chrzanowski,36.36%
37,Niepełnosprawność,2010,gmina,Libiąż,powiat chrzanowski,38.10%
37,Niepełnosprawność,2010,gmina,Trzebinia,powiat chrzanowski,35.83%
37,Niepełnosprawność,2010,powiat,powiat dąbrowski,powiat dąbrowski,20.98%
37,Niepełnosprawność,2010,gmina,Bolesław,powiat dąbrowski,11.16%
37,Niepełnosprawność,2010,gmina,Dąbrowa Tarnowska,powiat dąbrowski,25.63%
37,Niepełnosprawność,2010,gmina,Gręboszów,powiat dąbrowski,29.26%
37,Niepełnosprawność,2010,gmina,Mędrzechów,powiat dąbrowski,11.61%
37,Niepełnosprawność,2010,gmina,Olesno,powiat dąbrowski,41.41%
37,Niepełnosprawność,2010,gmina,Radgoszcz,powiat dąbrowski,10.89%
37,Niepełnosprawność,2010,gmina,Szczucin,powiat dąbrowski,22.33%
37,Niepełnosprawność,2010,powiat,powiat gorlicki,powiat gorlicki,31.56%
37,Niepełnosprawność,2010,gmina,Biecz,powiat gorlicki,42.76%
37,Niepełnosprawność,2010,gmina,Bobowa,powiat gorlicki,23.84%
37,Niepełnosprawność,2010,gmina,Gorlice (miasto),powiat gorlicki,47.69%
37,Niepełnosprawność,2010,gmina,Gorlice (wieś),powiat gorlicki,25.50%
37,Niepełnosprawność,2010,gmina,Lipinki,powiat gorlicki,40.17%
37,Niepełnosprawność,2010,gmina,Łużna,powiat gorlicki,31.83%
37,Niepełnosprawność,2010,gmina,Moszczenica,powiat gorlicki,46.12%
37,Niepełnosprawność,2010,gmina,Ropa,powiat gorlicki,22.67%
37,Niepełnosprawność,2010,gmina,Sękowa,powiat gorlicki,15.54%
37,Niepełnosprawność,2010,gmina,Uście Gorlickie,powiat gorlicki,25.88%
37,Niepełnosprawność,2010,powiat,powiat krakowski,powiat krakowski,31.38%
37,Niepełnosprawność,2010,gmina,Czernichów,powiat krakowski,37.42%
37,Niepełnosprawność,2010,gmina,Igołomia-Wawrzeńczyce,powiat krakowski,17.79%
37,Niepełnosprawność,2010,gmina,Iwanowice,powiat krakowski,33.57%
37,Niepełnosprawność,2010,gmina,Jerzmanowice-Przeginia,powiat krakowski,32.24%
37,Niepełnosprawność,2010,gmina,Kocmyrzów-Luborzyca,powiat krakowski,44.62%
37,Niepełnosprawność,2010,gmina,Krzeszowice,powiat krakowski,34.21%
37,Niepełnosprawność,2010,gmina,Liszki,powiat krakowski,41.22%
37,Niepełnosprawność,2010,gmina,Michałowice,powiat krakowski,27.48%
37,Niepełnosprawność,2010,gmina,Mogilany,powiat krakowski,34.74%
37,Niepełnosprawność,2010,gmina,Skała,powiat krakowski,12.86%
37,Niepełnosprawność,2010,gmina,Skawina,powiat krakowski,30.94%
37,Niepełnosprawność,2010,gmina,Słomniki,powiat krakowski,23.55%
37,Niepełnosprawność,2010,gmina,Sułoszowa,powiat krakowski,32.80%
37,Niepełnosprawność,2010,gmina,Świątniki Górne,powiat krakowski,47.43%
37,Niepełnosprawność,2010,gmina,Wielka Wieś,powiat krakowski,36.79%
37,Niepełnosprawność,2010,gmina,Zabierzów,powiat krakowski,39.75%
37,Niepełnosprawność,2010,gmina,Zielonki,powiat krakowski,45.22%
37,Niepełnosprawność,2010,powiat,powiat limanowski,powiat limanowski,26.36%
37,Niepełnosprawność,2010,gmina,Dobra,powiat limanowski,39.74%
37,Niepełnosprawność,2010,gmina,Jodłownik,powiat limanowski,23.13%
37,Niepełnosprawność,2010,gmina,Kamienica,powiat limanowski,9.59%
37,Niepełnosprawność,2010,gmina,Laskowa,powiat limanowski,40.38%
37,Niepełnosprawność,2010,gmina,Limanowa (miasto),powiat limanowski,21.41%
37,Niepełnosprawność,2010,gmina,Limanowa (wieś),powiat limanowski,37.81%
37,Niepełnosprawność,2010,gmina,Łukowica,powiat limanowski,11.32%
37,Niepełnosprawność,2010,gmina,Mszana Dolna (miasto),powiat limanowski,13.31%
37,Niepełnosprawność,2010,gmina,Mszana Dolna (wieś),powiat limanowski,39.73%
37,Niepełnosprawność,2010,gmina,Niedźwiedź,powiat limanowski,30.75%
37,Niepełnosprawność,2010,gmina,Słopnice,powiat limanowski,27.43%
37,Niepełnosprawność,2010,gmina,Tymbark,powiat limanowski,29.75%
37,Niepełnosprawność,2010,powiat,powiat m. Kraków,powiat m. Kraków,46.18%
37,Niepełnosprawność,2010,powiat,powiat m. Nowy Sącz,powiat m. Nowy Sącz,45.58%
37,Niepełnosprawność,2010,powiat,powiat m. Tarnów,powiat m. Tarnów,35.34%
37,Niepełnosprawność,2010,powiat,powiat miechowski,powiat miechowski,26.97%
37,Niepełnosprawność,2010,gmina,Charsznica,powiat miechowski,17.72%
37,Niepełnosprawność,2010,gmina,Gołcza,powiat miechowski,32.92%
37,Niepełnosprawność,2010,gmina,Kozłów,powiat miechowski,9.01%
37,Niepełnosprawność,2010,gmina,Książ Wielki,powiat miechowski,35.45%
37,Niepełnosprawność,2010,gmina,Miechów,powiat miechowski,43.64%
37,Niepełnosprawność,2010,gmina,Racławice,powiat miechowski,52.68%
37,Niepełnosprawność,2010,gmina,Słaboszów,powiat miechowski,14.95%
37,Niepełnosprawność,2010,powiat,powiat myślenicki,powiat myślenicki,32.27%
37,Niepełnosprawność,2010,gmina,Dobczyce,powiat myślenicki,22.95%
37,Niepełnosprawność,2010,gmina,Lubień,powiat myślenicki,31.04%
37,Niepełnosprawność,2010,gmina,Myślenice,powiat myślenicki,42.43%
37,Niepełnosprawność,2010,gmina,Pcim,powiat myślenicki,38.01%
37,Niepełnosprawność,2010,gmina,Raciechowice,powiat myślenicki,26.35%
37,Niepełnosprawność,2010,gmina,Siepraw,powiat myślenicki,16.95%
37,Niepełnosprawność,2010,gmina,Sułkowice,powiat myślenicki,44.35%
37,Niepełnosprawność,2010,gmina,Tokarnia,powiat myślenicki,29.12%
37,Niepełnosprawność,2010,gmina,Wiśniowa,powiat myślenicki,24.38%
37,Niepełnosprawność,2010,powiat,powiat nowosądecki,powiat nowosądecki,24.85%
37,Niepełnosprawność,2010,gmina,Podegrodzie,powiat nowosądecki,28.11%
37,Niepełnosprawność,2010,gmina,Rytro,powiat nowosądecki,45.55%
37,Niepełnosprawność,2010,gmina,Stary Sącz,powiat nowosądecki,36.22%
37,Niepełnosprawność,2010,gmina,Chełmiec,powiat nowosądecki,27.99%
37,Niepełnosprawność,2010,gmina,Gródek nad Dunajcem,powiat nowosądecki,25.34%
37,Niepełnosprawność,2010,gmina,Grybów (miasto),powiat nowosądecki,12.71%
37,Niepełnosprawność,2010,gmina,Grybów (wieś),powiat nowosądecki,18.62%
37,Niepełnosprawność,2010,gmina,Kamionka Wielka,powiat nowosądecki,28.67%
37,Niepełnosprawność,2010,gmina,Korzenna,powiat nowosądecki,31.72%
37,Niepełnosprawność,2010,gmina,Krynica-Zdrój,powiat nowosądecki,11.62%
37,Niepełnosprawność,2010,gmina,Łabowa,powiat nowosądecki,31.43%
37,Niepełnosprawność,2010,gmina,Łącko,powiat nowosądecki,39.93%
37,Niepełnosprawność,2010,gmina,Łososina Dolna,powiat nowosądecki,13.62%
37,Niepełnosprawność,2010,gmina,Muszyna,powiat nowosądecki,22.29%
37,Niepełnosprawność,2010,gmina,Nawojowa,powiat nowosądecki,27.79%
37,Niepełnosprawność,2010,gmina,Piwniczna-Zdrój,powiat nowosądecki,24.66%
37,Niepełnosprawność,2010,powiat,powiat nowotarski,powiat nowotarski,26.43%
37,Niepełnosprawność,2010,gmina,Czarny Dunajec,powiat nowotarski,9.66%
37,Niepełnosprawność,2010,gmina,Czorsztyn,powiat nowotarski,41.52%
37,Niepełnosprawność,2010,gmina,Jabłonka,powiat nowotarski,21.06%
37,Niepełnosprawność,2010,gmina,Krościenko nad Dunajcem,powiat nowotarski,34.32%
37,Niepełnosprawność,2010,gmina,Lipnica Wielka,powiat nowotarski,23.09%
37,Niepełnosprawność,2010,gmina,Łapsze Niżne,powiat nowotarski,14.93%
37,Niepełnosprawność,2010,gmina,Nowy Targ (miasto),powiat nowotarski,36.08%
37,Niepełnosprawność,2010,gmina,Nowy Targ (wieś),powiat nowotarski,17.71%
37,Niepełnosprawność,2010,gmina,Ochotnica Dolna,powiat nowotarski,44.63%
37,Niepełnosprawność,2010,gmina,Raba Wyżna,powiat nowotarski,43.41%
37,Niepełnosprawność,2010,gmina,Rabka-Zdrój,powiat nowotarski,36.18%
37,Niepełnosprawność,2010,gmina,Spytkowice,powiat nowotarski,24.93%
37,Niepełnosprawność,2010,gmina,Szaflary,powiat nowotarski,30.74%
37,Niepełnosprawność,2010,gmina,Szczawnica,powiat nowotarski,25.95%
37,Niepełnosprawność,2010,powiat,powiat olkuski,powiat olkuski,29.59%
37,Niepełnosprawność,2010,gmina,Bolesław,powiat olkuski,32.92%
37,Niepełnosprawność,2010,gmina,Bukowno,powiat olkuski,18.91%
37,Niepełnosprawność,2010,gmina,Klucze,powiat olkuski,30.42%
37,Niepełnosprawność,2010,gmina,Olkusz,powiat olkuski,30.21%
37,Niepełnosprawność,2010,gmina,Trzyciąż,powiat olkuski,31.92%
37,Niepełnosprawność,2010,gmina,Wolbrom,powiat olkuski,38.64%
37,Niepełnosprawność,2010,powiat,powiat oświęcimski,powiat oświęcimski,26.76%
37,Niepełnosprawność,2010,gmina,Brzeszcze,powiat oświęcimski,31.76%
37,Niepełnosprawność,2010,gmina,Chełmek,powiat oświęcimski,45.55%
37,Niepełnosprawność,2010,gmina,Kęty,powiat oświęcimski,30.02%
37,Niepełnosprawność,2010,gmina,Osiek,powiat oświęcimski,28.57%
37,Niepełnosprawność,2010,gmina,Oświęcim (miasto),powiat oświęcimski,26.26%
37,Niepełnosprawność,2010,gmina,Oświęcim (wieś),powiat oświęcimski,31.38%
37,Niepełnosprawność,2010,gmina,Polanka Wielka,powiat oświęcimski,39.06%
37,Niepełnosprawność,2010,gmina,Przeciszów,powiat oświęcimski,19.85%
37,Niepełnosprawność,2010,gmina,Zator,powiat oświęcimski,14.64%
37,Niepełnosprawność,2010,powiat,powiat proszowicki,powiat proszowicki,18.51%
37,Niepełnosprawność,2010,gmina,Koniusza,powiat proszowicki,6.12%
37,Niepełnosprawność,2010,gmina,Koszyce,powiat proszowicki,7.63%
37,Niepełnosprawność,2010,gmina,Nowe Brzesko,powiat proszowicki,32.92%
37,Niepełnosprawność,2010,gmina,Pałecznica,powiat proszowicki,33.93%
37,Niepełnosprawność,2010,gmina,Proszowice,powiat proszowicki,29.21%
37,Niepełnosprawność,2010,gmina,Radziemice,powiat proszowicki,22.22%
37,Niepełnosprawność,2010,powiat,powiat suski,powiat suski,31.12%
37,Niepełnosprawność,2010,gmina,Budzów,powiat suski,29.74%
37,Niepełnosprawność,2010,gmina,Bystra-Sidzina,powiat suski,38.50%
37,Niepełnosprawność,2010,gmina,Jordanów (miasto),powiat suski,41.94%
37,Niepełnosprawność,2010,gmina,Jordanów (wieś),powiat suski,31.51%
37,Niepełnosprawność,2010,gmina,Maków Podhalański,powiat suski,34.06%
37,Niepełnosprawność,2010,gmina,Stryszawa,powiat suski,28.08%
37,Niepełnosprawność,2010,gmina,Sucha Beskidzka,powiat suski,40.75%
37,Niepełnosprawność,2010,gmina,Zawoja,powiat suski,23.65%
37,Niepełnosprawność,2010,gmina,Zembrzyce,powiat suski,33.15%
37,Niepełnosprawność,2010,powiat,powiat tarnowski,powiat tarnowski,19.23%
37,Niepełnosprawność,2010,gmina,Ciężkowice,powiat tarnowski,23.82%
37,Niepełnosprawność,2010,gmina,Gromnik,powiat tarnowski,36.98%
37,Niepełnosprawność,2010,gmina,Lisia Góra,powiat tarnowski,21.00%
37,Niepełnosprawność,2010,gmina,Pleśna,powiat tarnowski,38.15%
37,Niepełnosprawność,2010,gmina,Radłów,powiat tarnowski,23.52%
37,Niepełnosprawność,2010,gmina,Ryglice,powiat tarnowski,15.76%
37,Niepełnosprawność,2010,gmina,Rzepiennik Strzyżewski,powiat tarnowski,2.46%
37,Niepełnosprawność,2010,gmina,Skrzyszów,powiat tarnowski,31.41%
37,Niepełnosprawność,2010,gmina,Szerzyny,powiat tarnowski,5.49%
37,Niepełnosprawność,2010,gmina,Tarnów (wieś),powiat tarnowski,17.68%
37,Niepełnosprawność,2010,gmina,Tuchów,powiat tarnowski,22.12%
37,Niepełnosprawność,2010,gmina,Wierzchosławice,powiat tarnowski,12.96%
37,Niepełnosprawność,2010,gmina,Wietrzychowice,powiat tarnowski,17.60%
37,Niepełnosprawność,2010,gmina,Wojnicz,powiat tarnowski,26.94%
37,Niepełnosprawność,2010,gmina,Zakliczyn,powiat tarnowski,12.12%
37,Niepełnosprawność,2010,gmina,Żabno,powiat tarnowski,20.65%
37,Niepełnosprawność,2010,powiat,powiat tatrzański,powiat tatrzański,36.71%
37,Niepełnosprawność,2010,gmina,Biały Dunajec,powiat tatrzański,32.89%
37,Niepełnosprawność,2010,gmina,Bukowina Tatrzańska,powiat tatrzański,61.20%
37,Niepełnosprawność,2010,gmina,Kościelisko,powiat tatrzański,34.47%
37,Niepełnosprawność,2010,gmina,Poronin,powiat tatrzański,45.25%
37,Niepełnosprawność,2010,gmina,Zakopane,powiat tatrzański,30.17%
37,Niepełnosprawność,2010,powiat,powiat wadowicki,powiat wadowicki,30.60%
37,Niepełnosprawność,2010,gmina,Andrychów,powiat wadowicki,28.04%
37,Niepełnosprawność,2010,gmina,Brzeźnica,powiat wadowicki,35.52%
37,Niepełnosprawność,2010,gmina,Kalwaria Zebrzydowska,powiat wadowicki,42.21%
37,Niepełnosprawność,2010,gmina,Lanckorona,powiat wadowicki,34.54%
37,Niepełnosprawność,2010,gmina,Mucharz,powiat wadowicki,25.57%
37,Niepełnosprawność,2010,gmina,Spytkowice,powiat wadowicki,35.68%
37,Niepełnosprawność,2010,gmina,Stryszów,powiat wadowicki,19.04%
37,Niepełnosprawność,2010,gmina,Tomice,powiat wadowicki,16.57%
37,Niepełnosprawność,2010,gmina,Wadowice,powiat wadowicki,37.64%
37,Niepełnosprawność,2010,gmina,Wieprz,powiat wadowicki,27.40%
37,Niepełnosprawność,2010,powiat,powiat wielicki,powiat wielicki,30.40%
37,Niepełnosprawność,2010,gmina,Biskupice,powiat wielicki,30.74%
37,Niepełnosprawność,2010,gmina,Gdów,powiat wielicki,35.31%
37,Niepełnosprawność,2010,gmina,Kłaj,powiat wielicki,35.94%
37,Niepełnosprawność,2010,gmina,Niepołomice,powiat wielicki,43.01%
37,Niepełnosprawność,2010,gmina,Wieliczka,powiat wielicki,25.73%
37,Niepełnosprawność,2009,powiat,powiat bocheński,powiat bocheński,28.91%
37,Niepełnosprawność,2009,gmina,Bochnia (miasto),powiat bocheński,41.00%
37,Niepełnosprawność,2009,gmina,Bochnia (wieś),powiat bocheński,15.00%
37,Niepełnosprawność,2009,gmina,Drwinia,powiat bocheński,27.00%
37,Niepełnosprawność,2009,gmina,Lipnica Murowana,powiat bocheński,11.00%
37,Niepełnosprawność,2009,gmina,Łapanów,powiat bocheński,41.00%
37,Niepełnosprawność,2009,gmina,Nowy Wiśnicz,powiat bocheński,39.00%
37,Niepełnosprawność,2009,gmina,Rzezawa,powiat bocheński,34.00%
37,Niepełnosprawność,2009,gmina,Trzciana,powiat bocheński,36.00%
37,Niepełnosprawność,2009,gmina,Żegocina,powiat bocheński,40.00%
37,Niepełnosprawność,2009,powiat,powiat brzeski,powiat brzeski,23.80%
37,Niepełnosprawność,2009,gmina,Borzęcin,powiat brzeski,16.00%
37,Niepełnosprawność,2009,gmina,Brzesko,powiat brzeski,29.00%
37,Niepełnosprawność,2009,gmina,Czchów,powiat brzeski,37.00%
37,Niepełnosprawność,2009,gmina,Dębno,powiat brzeski,26.00%
37,Niepełnosprawność,2009,gmina,Gnojnik,powiat brzeski,5.00%
37,Niepełnosprawność,2009,gmina,Iwkowa,powiat brzeski,27.00%
37,Niepełnosprawność,2009,gmina,Szczurowa,powiat brzeski,24.00%
37,Niepełnosprawność,2009,powiat,powiat chrzanowski,powiat chrzanowski,34.60%
37,Niepełnosprawność,2009,gmina,Alwernia,powiat chrzanowski,18.00%
37,Niepełnosprawność,2009,gmina,Babice,powiat chrzanowski,19.00%
37,Niepełnosprawność,2009,gmina,Chrzanów,powiat chrzanowski,38.00%
37,Niepełnosprawność,2009,gmina,Libiąż,powiat chrzanowski,45.00%
37,Niepełnosprawność,2009,gmina,Trzebinia,powiat chrzanowski,39.00%
37,Niepełnosprawność,2009,powiat,powiat dąbrowski,powiat dąbrowski,18.95%
37,Niepełnosprawność,2009,gmina,Bolesław,powiat dąbrowski,7.00%
37,Niepełnosprawność,2009,gmina,Dąbrowa Tarnowska,powiat dąbrowski,25.00%
37,Niepełnosprawność,2009,gmina,Gręboszów,powiat dąbrowski,23.00%
37,Niepełnosprawność,2009,gmina,Mędrzechów,powiat dąbrowski,14.00%
37,Niepełnosprawność,2009,gmina,Olesno,powiat dąbrowski,33.00%
37,Niepełnosprawność,2009,gmina,Radgoszcz,powiat dąbrowski,19.00%
37,Niepełnosprawność,2009,gmina,Szczucin,powiat dąbrowski,13.00%
37,Niepełnosprawność,2009,powiat,powiat gorlicki,powiat gorlicki,32.24%
37,Niepełnosprawność,2009,gmina,Biecz,powiat gorlicki,47.00%
37,Niepełnosprawność,2009,gmina,Bobowa,powiat gorlicki,25.00%
37,Niepełnosprawność,2009,gmina,Gorlice (miasto),powiat gorlicki,50.00%
37,Niepełnosprawność,2009,gmina,Gorlice (wieś),powiat gorlicki,28.00%
37,Niepełnosprawność,2009,gmina,Lipinki,powiat gorlicki,40.00%
37,Niepełnosprawność,2009,gmina,Łużna,powiat gorlicki,36.00%
37,Niepełnosprawność,2009,gmina,Moszczenica,powiat gorlicki,42.00%
37,Niepełnosprawność,2009,gmina,Ropa,powiat gorlicki,20.00%
37,Niepełnosprawność,2009,gmina,Sękowa,powiat gorlicki,14.00%
37,Niepełnosprawność,2009,gmina,Uście Gorlickie,powiat gorlicki,29.00%
37,Niepełnosprawność,2009,powiat,powiat krakowski,powiat krakowski,32.41%
37,Niepełnosprawność,2009,gmina,Czernichów,powiat krakowski,38.00%
37,Niepełnosprawność,2009,gmina,Igołomia-Wawrzeńczyce,powiat krakowski,12.00%
37,Niepełnosprawność,2009,gmina,Iwanowice,powiat krakowski,27.00%
37,Niepełnosprawność,2009,gmina,Jerzmanowice-Przeginia,powiat krakowski,39.00%
37,Niepełnosprawność,2009,gmina,Kocmyrzów-Luborzyca,powiat krakowski,39.00%
37,Niepełnosprawność,2009,gmina,Krzeszowice,powiat krakowski,38.00%
37,Niepełnosprawność,2009,gmina,Liszki,powiat krakowski,47.00%
37,Niepełnosprawność,2009,gmina,Michałowice,powiat krakowski,28.00%
37,Niepełnosprawność,2009,gmina,Mogilany,powiat krakowski,34.00%
37,Niepełnosprawność,2009,gmina,Skała,powiat krakowski,16.00%
37,Niepełnosprawność,2009,gmina,Skawina,powiat krakowski,35.00%
37,Niepełnosprawność,2009,gmina,Słomniki,powiat krakowski,28.00%
37,Niepełnosprawność,2009,gmina,Sułoszowa,powiat krakowski,33.00%
37,Niepełnosprawność,2009,gmina,Świątniki Górne,powiat krakowski,45.00%
37,Niepełnosprawność,2009,gmina,Wielka Wieś,powiat krakowski,37.00%
37,Niepełnosprawność,2009,gmina,Zabierzów,powiat krakowski,42.00%
37,Niepełnosprawność,2009,gmina,Zielonki,powiat krakowski,45.00%
37,Niepełnosprawność,2009,powiat,powiat limanowski,powiat limanowski,28.05%
37,Niepełnosprawność,2009,gmina,Dobra,powiat limanowski,39.00%
37,Niepełnosprawność,2009,gmina,Jodłownik,powiat limanowski,23.00%
37,Niepełnosprawność,2009,gmina,Kamienica,powiat limanowski,9.00%
37,Niepełnosprawność,2009,gmina,Laskowa,powiat limanowski,39.00%
37,Niepełnosprawność,2009,gmina,Limanowa (miasto),powiat limanowski,23.00%
37,Niepełnosprawność,2009,gmina,Limanowa (wieś),powiat limanowski,41.00%
37,Niepełnosprawność,2009,gmina,Łukowica,powiat limanowski,14.00%
37,Niepełnosprawność,2009,gmina,Mszana Dolna (miasto),powiat limanowski,21.00%
37,Niepełnosprawność,2009,gmina,Mszana Dolna (wieś),powiat limanowski,43.00%
37,Niepełnosprawność,2009,gmina,Niedźwiedź,powiat limanowski,31.00%
37,Niepełnosprawność,2009,gmina,Słopnice,powiat limanowski,29.00%
37,Niepełnosprawność,2009,gmina,Tymbark,powiat limanowski,29.00%
37,Niepełnosprawność,2009,powiat,powiat m. Kraków,powiat m. Kraków,48.58%
37,Niepełnosprawność,2009,powiat,powiat m. Nowy Sącz,powiat m. Nowy Sącz,44.94%
37,Niepełnosprawność,2009,powiat,powiat m. Tarnów,powiat m. Tarnów,33.07%
37,Niepełnosprawność,2009,powiat,powiat miechowski,powiat miechowski,27.24%
37,Niepełnosprawność,2009,gmina,Charsznica,powiat miechowski,14.00%
37,Niepełnosprawność,2009,gmina,Gołcza,powiat miechowski,29.00%
37,Niepełnosprawność,2009,gmina,Kozłów,powiat miechowski,17.00%
37,Niepełnosprawność,2009,gmina,Książ Wielki,powiat miechowski,35.00%
37,Niepełnosprawność,2009,gmina,Miechów,powiat miechowski,43.00%
37,Niepełnosprawność,2009,gmina,Racławice,powiat miechowski,46.00%
37,Niepełnosprawność,2009,gmina,Słaboszów,powiat miechowski,15.00%
37,Niepełnosprawność,2009,powiat,powiat myślenicki,powiat myślenicki,30.05%
37,Niepełnosprawność,2009,gmina,Dobczyce,powiat myślenicki,17.00%
37,Niepełnosprawność,2009,gmina,Lubień,powiat myślenicki,35.00%
37,Niepełnosprawność,2009,gmina,Myślenice,powiat myślenicki,44.00%
37,Niepełnosprawność,2009,gmina,Pcim,powiat myślenicki,36.00%
37,Niepełnosprawność,2009,gmina,Raciechowice,powiat myślenicki,22.00%
37,Niepełnosprawność,2009,gmina,Siepraw,powiat myślenicki,24.00%
37,Niepełnosprawność,2009,gmina,Sułkowice,powiat myślenicki,35.00%
37,Niepełnosprawność,2009,gmina,Tokarnia,powiat myślenicki,27.00%
37,Niepełnosprawność,2009,gmina,Wiśniowa,powiat myślenicki,25.00%
37,Niepełnosprawność,2009,powiat,powiat nowosądecki,powiat nowosądecki,28.07%
37,Niepełnosprawność,2009,gmina,Podegrodzie,powiat nowosądecki,36.00%
37,Niepełnosprawność,2009,gmina,Rytro,powiat nowosądecki,45.00%
37,Niepełnosprawność,2009,gmina,Stary Sącz,powiat nowosądecki,37.00%
37,Niepełnosprawność,2009,gmina,Chełmiec,powiat nowosądecki,25.00%
37,Niepełnosprawność,2009,gmina,Gródek nad Dunajcem,powiat nowosądecki,30.00%
37,Niepełnosprawność,2009,gmina,Grybów (miasto),powiat nowosądecki,12.00%
37,Niepełnosprawność,2009,gmina,Grybów (wieś),powiat nowosądecki,27.00%
37,Niepełnosprawność,2009,gmina,Kamionka Wielka,powiat nowosądecki,29.00%
37,Niepełnosprawność,2009,gmina,Korzenna,powiat nowosądecki,36.00%
37,Niepełnosprawność,2009,gmina,Krynica-Zdrój,powiat nowosądecki,11.00%
37,Niepełnosprawność,2009,gmina,Łabowa,powiat nowosądecki,14.00%
37,Niepełnosprawność,2009,gmina,Łącko,powiat nowosądecki,43.00%
37,Niepełnosprawność,2009,gmina,Łososina Dolna,powiat nowosądecki,17.00%
37,Niepełnosprawność,2009,gmina,Muszyna,powiat nowosądecki,40.00%
37,Niepełnosprawność,2009,gmina,Nawojowa,powiat nowosądecki,26.00%
37,Niepełnosprawność,2009,gmina,Piwniczna-Zdrój,powiat nowosądecki,31.00%
37,Niepełnosprawność,2009,powiat,powiat nowotarski,powiat nowotarski,27.67%
37,Niepełnosprawność,2009,gmina,Czarny Dunajec,powiat nowotarski,9.00%
37,Niepełnosprawność,2009,gmina,Czorsztyn,powiat nowotarski,45.00%
37,Niepełnosprawność,2009,gmina,Jabłonka,powiat nowotarski,24.00%
37,Niepełnosprawność,2009,gmina,Krościenko nad Dunajcem,powiat nowotarski,52.00%
37,Niepełnosprawność,2009,gmina,Lipnica Wielka,powiat nowotarski,32.00%
37,Niepełnosprawność,2009,gmina,Łapsze Niżne,powiat nowotarski,11.00%
37,Niepełnosprawność,2009,gmina,Nowy Targ (miasto),powiat nowotarski,42.00%
37,Niepełnosprawność,2009,gmina,Nowy Targ (wieś),powiat nowotarski,19.00%
37,Niepełnosprawność,2009,gmina,Ochotnica Dolna,powiat nowotarski,43.00%
37,Niepełnosprawność,2009,gmina,Raba Wyżna,powiat nowotarski,42.00%
37,Niepełnosprawność,2009,gmina,Rabka-Zdrój,powiat nowotarski,37.00%
37,Niepełnosprawność,2009,gmina,Spytkowice,powiat nowotarski,26.00%
37,Niepełnosprawność,2009,gmina,Szaflary,powiat nowotarski,30.00%
37,Niepełnosprawność,2009,gmina,Szczawnica,powiat nowotarski,25.00%
37,Niepełnosprawność,2009,powiat,powiat olkuski,powiat olkuski,30.13%
37,Niepełnosprawność,2009,gmina,Bolesław,powiat olkuski,31.00%
37,Niepełnosprawność,2009,gmina,Bukowno,powiat olkuski,13.00%
37,Niepełnosprawność,2009,gmina,Klucze,powiat olkuski,25.00%
37,Niepełnosprawność,2009,gmina,Olkusz,powiat olkuski,33.00%
37,Niepełnosprawność,2009,gmina,Trzyciąż,powiat olkuski,46.00%
37,Niepełnosprawność,2009,gmina,Wolbrom,powiat olkuski,39.00%
37,Niepełnosprawność,2009,powiat,powiat oświęcimski,powiat oświęcimski,32.73%
37,Niepełnosprawność,2009,gmina,Brzeszcze,powiat oświęcimski,36.00%
37,Niepełnosprawność,2009,gmina,Chełmek,powiat oświęcimski,41.00%
37,Niepełnosprawność,2009,gmina,Kęty,powiat oświęcimski,34.00%
37,Niepełnosprawność,2009,gmina,Osiek,powiat oświęcimski,28.00%
37,Niepełnosprawność,2009,gmina,Oświęcim (miasto),powiat oświęcimski,39.00%
37,Niepełnosprawność,2009,gmina,Oświęcim (wieś),powiat oświęcimski,36.00%
37,Niepełnosprawność,2009,gmina,Polanka Wielka,powiat oświęcimski,41.00%
37,Niepełnosprawność,2009,gmina,Przeciszów,powiat oświęcimski,19.00%
37,Niepełnosprawność,2009,gmina,Zator,powiat oświęcimski,17.00%
37,Niepełnosprawność,2009,powiat,powiat proszowicki,powiat proszowicki,21.43%
37,Niepełnosprawność,2009,gmina,Koniusza,powiat proszowicki,7.00%
37,Niepełnosprawność,2009,gmina,Koszyce,powiat proszowicki,14.00%
37,Niepełnosprawność,2009,gmina,Nowe Brzesko,powiat proszowicki,30.00%
37,Niepełnosprawność,2009,gmina,Pałecznica,powiat proszowicki,40.00%
37,Niepełnosprawność,2009,gmina,Proszowice,powiat proszowicki,30.00%
37,Niepełnosprawność,2009,gmina,Radziemice,powiat proszowicki,31.00%
37,Niepełnosprawność,2009,powiat,powiat suski,powiat suski,32.29%
37,Niepełnosprawność,2009,gmina,Budzów,powiat suski,30.00%
37,Niepełnosprawność,2009,gmina,Bystra-Sidzina,powiat suski,38.00%
37,Niepełnosprawność,2009,gmina,Jordanów (miasto),powiat suski,38.00%
37,Niepełnosprawność,2009,gmina,Jordanów (wieś),powiat suski,28.00%
37,Niepełnosprawność,2009,gmina,Maków Podhalański,powiat suski,46.00%
37,Niepełnosprawność,2009,gmina,Stryszawa,powiat suski,27.00%
37,Niepełnosprawność,2009,gmina,Sucha Beskidzka,powiat suski,42.00%
37,Niepełnosprawność,2009,gmina,Zawoja,powiat suski,25.00%
37,Niepełnosprawność,2009,gmina,Zembrzyce,powiat suski,40.00%
37,Niepełnosprawność,2009,powiat,powiat tarnowski,powiat tarnowski,19.41%
37,Niepełnosprawność,2009,gmina,Ciężkowice,powiat tarnowski,24.00%
37,Niepełnosprawność,2009,gmina,Gromnik,powiat tarnowski,38.00%
37,Niepełnosprawność,2009,gmina,Lisia Góra,powiat tarnowski,24.00%
37,Niepełnosprawność,2009,gmina,Pleśna,powiat tarnowski,32.00%
37,Niepełnosprawność,2009,gmina,Radłów,powiat tarnowski,29.00%
37,Niepełnosprawność,2009,gmina,Ryglice,powiat tarnowski,13.00%
37,Niepełnosprawność,2009,gmina,Rzepiennik Strzyżewski,powiat tarnowski,3.00%
37,Niepełnosprawność,2009,gmina,Skrzyszów,powiat tarnowski,34.00%
37,Niepełnosprawność,2009,gmina,Szerzyny,powiat tarnowski,3.00%
37,Niepełnosprawność,2009,gmina,Tarnów (wieś),powiat tarnowski,14.00%
37,Niepełnosprawność,2009,gmina,Tuchów,powiat tarnowski,26.00%
37,Niepełnosprawność,2009,gmina,Wierzchosławice,powiat tarnowski,26.00%
37,Niepełnosprawność,2009,gmina,Wietrzychowice,powiat tarnowski,22.00%
37,Niepełnosprawność,2009,gmina,Wojnicz,powiat tarnowski,25.00%
37,Niepełnosprawność,2009,gmina,Zakliczyn,powiat tarnowski,11.00%
37,Niepełnosprawność,2009,gmina,Żabno,powiat tarnowski,16.00%
37,Niepełnosprawność,2009,powiat,powiat tatrzański,powiat tatrzański,38.74%
37,Niepełnosprawność,2009,gmina,Biały Dunajec,powiat tatrzański,37.00%
37,Niepełnosprawność,2009,gmina,Bukowina Tatrzańska,powiat tatrzański,60.00%
37,Niepełnosprawność,2009,gmina,Kościelisko,powiat tatrzański,39.00%
37,Niepełnosprawność,2009,gmina,Poronin,powiat tatrzański,35.00%
37,Niepełnosprawność,2009,gmina,Zakopane,powiat tatrzański,35.00%
37,Niepełnosprawność,2009,powiat,powiat wadowicki,powiat wadowicki,30.85%
37,Niepełnosprawność,2009,gmina,Andrychów,powiat wadowicki,23.00%
37,Niepełnosprawność,2009,gmina,Brzeźnica,powiat wadowicki,41.00%
37,Niepełnosprawność,2009,gmina,Kalwaria Zebrzydowska,powiat wadowicki,40.00%
37,Niepełnosprawność,2009,gmina,Lanckorona,powiat wadowicki,35.00%
37,Niepełnosprawność,2009,gmina,Mucharz,powiat wadowicki,24.00%
37,Niepełnosprawność,2009,gmina,Spytkowice,powiat wadowicki,35.00%
37,Niepełnosprawność,2009,gmina,Stryszów,powiat wadowicki,23.00%
37,Niepełnosprawność,2009,gmina,Tomice,powiat wadowicki,26.00%
37,Niepełnosprawność,2009,gmina,Wadowice,powiat wadowicki,39.00%
37,Niepełnosprawność,2009,gmina,Wieprz,powiat wadowicki,30.00%
37,Niepełnosprawność,2009,powiat,powiat wielicki,powiat wielicki,34.04%
37,Niepełnosprawność,2009,gmina,Biskupice,powiat wielicki,36.00%
37,Niepełnosprawność,2009,gmina,Gdów,powiat wielicki,36.00%
37,Niepełnosprawność,2009,gmina,Kłaj,powiat wielicki,34.00%
37,Niepełnosprawność,2009,gmina,Niepołomice,powiat wielicki,50.00%
37,Niepełnosprawność,2009,gmina,Wieliczka,powiat wielicki,30.00%
37,Niepełnosprawność,2008,powiat,powiat bocheński,powiat bocheński,30.48%
37,Niepełnosprawność,2008,gmina,Bochnia (miasto),powiat bocheński,47.00%
37,Niepełnosprawność,2008,gmina,Bochnia (wieś),powiat bocheński,17.00%
37,Niepełnosprawność,2008,gmina,Drwinia,powiat bocheński,27.00%
37,Niepełnosprawność,2008,gmina,Lipnica Murowana,powiat bocheński,17.00%
37,Niepełnosprawność,2008,gmina,Łapanów,powiat bocheński,35.00%
37,Niepełnosprawność,2008,gmina,Nowy Wiśnicz,powiat bocheński,40.00%
37,Niepełnosprawność,2008,gmina,Rzezawa,powiat bocheński,41.00%
37,Niepełnosprawność,2008,gmina,Trzciana,powiat bocheński,28.00%
37,Niepełnosprawność,2008,gmina,Żegocina,powiat bocheński,39.00%
37,Niepełnosprawność,2008,powiat,powiat brzeski,powiat brzeski,22.88%
37,Niepełnosprawność,2008,gmina,Borzęcin,powiat brzeski,20.00%
37,Niepełnosprawność,2008,gmina,Brzesko,powiat brzeski,25.00%
37,Niepełnosprawność,2008,gmina,Czchów,powiat brzeski,36.00%
37,Niepełnosprawność,2008,gmina,Dębno,powiat brzeski,25.00%
37,Niepełnosprawność,2008,gmina,Gnojnik,powiat brzeski,4.00%
37,Niepełnosprawność,2008,gmina,Iwkowa,powiat brzeski,27.00%
37,Niepełnosprawność,2008,gmina,Szczurowa,powiat brzeski,30.00%
37,Niepełnosprawność,2008,powiat,powiat chrzanowski,powiat chrzanowski,35.92%
37,Niepełnosprawność,2008,gmina,Alwernia,powiat chrzanowski,24.00%
37,Niepełnosprawność,2008,gmina,Babice,powiat chrzanowski,20.00%
37,Niepełnosprawność,2008,gmina,Chrzanów,powiat chrzanowski,38.00%
37,Niepełnosprawność,2008,gmina,Libiąż,powiat chrzanowski,45.00%
37,Niepełnosprawność,2008,gmina,Trzebinia,powiat chrzanowski,39.00%
37,Niepełnosprawność,2008,powiat,powiat dąbrowski,powiat dąbrowski,20.05%
37,Niepełnosprawność,2008,gmina,Bolesław,powiat dąbrowski,3.00%
37,Niepełnosprawność,2008,gmina,Dąbrowa Tarnowska,powiat dąbrowski,29.00%
37,Niepełnosprawność,2008,gmina,Gręboszów,powiat dąbrowski,26.00%
37,Niepełnosprawność,2008,gmina,Mędrzechów,powiat dąbrowski,14.00%
37,Niepełnosprawność,2008,gmina,Olesno,powiat dąbrowski,34.00%
37,Niepełnosprawność,2008,gmina,Radgoszcz,powiat dąbrowski,17.00%
37,Niepełnosprawność,2008,gmina,Szczucin,powiat dąbrowski,13.00%
37,Niepełnosprawność,2008,powiat,powiat gorlicki,powiat gorlicki,31.83%
37,Niepełnosprawność,2008,gmina,Biecz,powiat gorlicki,45.00%
37,Niepełnosprawność,2008,gmina,Bobowa,powiat gorlicki,26.00%
37,Niepełnosprawność,2008,gmina,Gorlice (miasto),powiat gorlicki,50.00%
37,Niepełnosprawność,2008,gmina,Gorlice (wieś),powiat gorlicki,29.00%
37,Niepełnosprawność,2008,gmina,Lipinki,powiat gorlicki,39.00%
37,Niepełnosprawność,2008,gmina,Łużna,powiat gorlicki,25.00%
37,Niepełnosprawność,2008,gmina,Moszczenica,powiat gorlicki,51.00%
37,Niepełnosprawność,2008,gmina,Ropa,powiat gorlicki,25.00%
37,Niepełnosprawność,2008,gmina,Sękowa,powiat gorlicki,11.00%
37,Niepełnosprawność,2008,gmina,Uście Gorlickie,powiat gorlicki,26.00%
37,Niepełnosprawność,2008,powiat,powiat krakowski,powiat krakowski,34.88%
37,Niepełnosprawność,2008,gmina,Czernichów,powiat krakowski,35.00%
37,Niepełnosprawność,2008,gmina,Igołomia-Wawrzeńczyce,powiat krakowski,20.00%
37,Niepełnosprawność,2008,gmina,Iwanowice,powiat krakowski,49.00%
37,Niepełnosprawność,2008,gmina,Jerzmanowice-Przeginia,powiat krakowski,48.00%
37,Niepełnosprawność,2008,gmina,Kocmyrzów-Luborzyca,powiat krakowski,49.00%
37,Niepełnosprawność,2008,gmina,Krzeszowice,powiat krakowski,40.00%
37,Niepełnosprawność,2008,gmina,Liszki,powiat krakowski,39.00%
37,Niepełnosprawność,2008,gmina,Michałowice,powiat krakowski,19.00%
37,Niepełnosprawność,2008,gmina,Mogilany,powiat krakowski,35.00%
37,Niepełnosprawność,2008,gmina,Skała,powiat krakowski,18.00%
37,Niepełnosprawność,2008,gmina,Skawina,powiat krakowski,38.00%
37,Niepełnosprawność,2008,gmina,Słomniki,powiat krakowski,31.00%
37,Niepełnosprawność,2008,gmina,Sułoszowa,powiat krakowski,39.00%
37,Niepełnosprawność,2008,gmina,Świątniki Górne,powiat krakowski,53.00%
37,Niepełnosprawność,2008,gmina,Wielka Wieś,powiat krakowski,47.00%
37,Niepełnosprawność,2008,gmina,Zabierzów,powiat krakowski,44.00%
37,Niepełnosprawność,2008,gmina,Zielonki,powiat krakowski,45.00%
37,Niepełnosprawność,2008,powiat,powiat limanowski,powiat limanowski,28.91%
37,Niepełnosprawność,2008,gmina,Dobra,powiat limanowski,42.00%
37,Niepełnosprawność,2008,gmina,Jodłownik,powiat limanowski,32.00%
37,Niepełnosprawność,2008,gmina,Kamienica,powiat limanowski,7.00%
37,Niepełnosprawność,2008,gmina,Laskowa,powiat limanowski,38.00%
37,Niepełnosprawność,2008,gmina,Limanowa (miasto),powiat limanowski,23.00%
37,Niepełnosprawność,2008,gmina,Limanowa (wieś),powiat limanowski,41.00%
37,Niepełnosprawność,2008,gmina,Łukowica,powiat limanowski,13.00%
37,Niepełnosprawność,2008,gmina,Mszana Dolna (miasto),powiat limanowski,11.00%
37,Niepełnosprawność,2008,gmina,Mszana Dolna (wieś),powiat limanowski,46.00%
37,Niepełnosprawność,2008,gmina,Niedźwiedź,powiat limanowski,31.00%
37,Niepełnosprawność,2008,gmina,Słopnice,powiat limanowski,34.00%
37,Niepełnosprawność,2008,gmina,Tymbark,powiat limanowski,27.00%
37,Niepełnosprawność,2008,powiat,powiat m. Kraków,powiat m. Kraków,47.55%
37,Niepełnosprawność,2008,powiat,powiat m. Nowy Sącz,powiat m. Nowy Sącz,48.53%
37,Niepełnosprawność,2008,powiat,powiat m. Tarnów,powiat m. Tarnów,34.84%
37,Niepełnosprawność,2008,powiat,powiat miechowski,powiat miechowski,27.48%
37,Niepełnosprawność,2008,gmina,Charsznica,powiat miechowski,15.00%
37,Niepełnosprawność,2008,gmina,Gołcza,powiat miechowski,30.00%
37,Niepełnosprawność,2008,gmina,Kozłów,powiat miechowski,15.00%
37,Niepełnosprawność,2008,gmina,Książ Wielki,powiat miechowski,33.00%
37,Niepełnosprawność,2008,gmina,Miechów,powiat miechowski,44.00%
37,Niepełnosprawność,2008,gmina,Racławice,powiat miechowski,48.00%
37,Niepełnosprawność,2008,gmina,Słaboszów,powiat miechowski,11.00%
37,Niepełnosprawność,2008,powiat,powiat myślenicki,powiat myślenicki,32.73%
37,Niepełnosprawność,2008,gmina,Dobczyce,powiat myślenicki,25.00%
37,Niepełnosprawność,2008,gmina,Lubień,powiat myślenicki,35.00%
37,Niepełnosprawność,2008,gmina,Myślenice,powiat myślenicki,45.00%
37,Niepełnosprawność,2008,gmina,Pcim,powiat myślenicki,49.00%
37,Niepełnosprawność,2008,gmina,Raciechowice,powiat myślenicki,21.00%
37,Niepełnosprawność,2008,gmina,Siepraw,powiat myślenicki,26.00%
37,Niepełnosprawność,2008,gmina,Sułkowice,powiat myślenicki,45.00%
37,Niepełnosprawność,2008,gmina,Tokarnia,powiat myślenicki,26.00%
37,Niepełnosprawność,2008,gmina,Wiśniowa,powiat myślenicki,24.00%
37,Niepełnosprawność,2008,powiat,powiat nowosądecki,powiat nowosądecki,28.59%
37,Niepełnosprawność,2008,gmina,Podegrodzie,powiat nowosądecki,36.00%
37,Niepełnosprawność,2008,gmina,Rytro,powiat nowosądecki,44.00%
37,Niepełnosprawność,2008,gmina,Stary Sącz,powiat nowosądecki,40.00%
37,Niepełnosprawność,2008,gmina,Chełmiec,powiat nowosądecki,22.00%
37,Niepełnosprawność,2008,gmina,Gródek nad Dunajcem,powiat nowosądecki,30.00%
37,Niepełnosprawność,2008,gmina,Grybów (miasto),powiat nowosądecki,16.00%
37,Niepełnosprawność,2008,gmina,Grybów (wieś),powiat nowosądecki,28.00%
37,Niepełnosprawność,2008,gmina,Kamionka Wielka,powiat nowosądecki,35.00%
37,Niepełnosprawność,2008,gmina,Korzenna,powiat nowosądecki,35.00%
37,Niepełnosprawność,2008,gmina,Krynica-Zdrój,powiat nowosądecki,14.00%
37,Niepełnosprawność,2008,gmina,Łabowa,powiat nowosądecki,7.00%
37,Niepełnosprawność,2008,gmina,Łącko,powiat nowosądecki,46.00%
37,Niepełnosprawność,2008,gmina,Łososina Dolna,powiat nowosądecki,13.00%
37,Niepełnosprawność,2008,gmina,Muszyna,powiat nowosądecki,38.00%
37,Niepełnosprawność,2008,gmina,Nawojowa,powiat nowosądecki,29.00%
37,Niepełnosprawność,2008,gmina,Piwniczna-Zdrój,powiat nowosądecki,32.00%
37,Niepełnosprawność,2008,powiat,powiat nowotarski,powiat nowotarski,30.68%
37,Niepełnosprawność,2008,gmina,Czarny Dunajec,powiat nowotarski,10.00%
37,Niepełnosprawność,2008,gmina,Czorsztyn,powiat nowotarski,38.00%
37,Niepełnosprawność,2008,gmina,Jabłonka,powiat nowotarski,24.00%
37,Niepełnosprawność,2008,gmina,Krościenko nad Dunajcem,powiat nowotarski,50.00%
37,Niepełnosprawność,2008,gmina,Lipnica Wielka,powiat nowotarski,34.00%
37,Niepełnosprawność,2008,gmina,Łapsze Niżne,powiat nowotarski,30.00%
37,Niepełnosprawność,2008,gmina,Nowy Targ (miasto),powiat nowotarski,42.00%
37,Niepełnosprawność,2008,gmina,Nowy Targ (wieś),powiat nowotarski,21.00%
37,Niepełnosprawność,2008,gmina,Ochotnica Dolna,powiat nowotarski,48.00%
37,Niepełnosprawność,2008,gmina,Raba Wyżna,powiat nowotarski,38.00%
37,Niepełnosprawność,2008,gmina,Rabka-Zdrój,powiat nowotarski,38.00%
37,Niepełnosprawność,2008,gmina,Spytkowice,powiat nowotarski,29.00%
37,Niepełnosprawność,2008,gmina,Szaflary,powiat nowotarski,31.00%
37,Niepełnosprawność,2008,gmina,Szczawnica,powiat nowotarski,31.00%
37,Niepełnosprawność,2008,powiat,powiat olkuski,powiat olkuski,30.92%
37,Niepełnosprawność,2008,gmina,Bolesław,powiat olkuski,31.00%
37,Niepełnosprawność,2008,gmina,Bukowno,powiat olkuski,22.00%
37,Niepełnosprawność,2008,gmina,Klucze,powiat olkuski,24.00%
37,Niepełnosprawność,2008,gmina,Olkusz,powiat olkuski,34.00%
37,Niepełnosprawność,2008,gmina,Trzyciąż,powiat olkuski,44.00%
37,Niepełnosprawność,2008,gmina,Wolbrom,powiat olkuski,43.00%
37,Niepełnosprawność,2008,powiat,powiat oświęcimski,powiat oświęcimski,29.45%
37,Niepełnosprawność,2008,gmina,Brzeszcze,powiat oświęcimski,36.00%
37,Niepełnosprawność,2008,gmina,Chełmek,powiat oświęcimski,42.00%
37,Niepełnosprawność,2008,gmina,Kęty,powiat oświęcimski,36.00%
37,Niepełnosprawność,2008,gmina,Osiek,powiat oświęcimski,31.00%
37,Niepełnosprawność,2008,gmina,Oświęcim (miasto),powiat oświęcimski,26.00%
37,Niepełnosprawność,2008,gmina,Oświęcim (wieś),powiat oświęcimski,38.00%
37,Niepełnosprawność,2008,gmina,Polanka Wielka,powiat oświęcimski,44.00%
37,Niepełnosprawność,2008,gmina,Przeciszów,powiat oświęcimski,29.00%
37,Niepełnosprawność,2008,gmina,Zator,powiat oświęcimski,23.00%
37,Niepełnosprawność,2008,powiat,powiat proszowicki,powiat proszowicki,19.35%
37,Niepełnosprawność,2008,gmina,Koniusza,powiat proszowicki,6.00%
37,Niepełnosprawność,2008,gmina,Koszyce,powiat proszowicki,15.00%
37,Niepełnosprawność,2008,gmina,Nowe Brzesko,powiat proszowicki,29.00%
37,Niepełnosprawność,2008,gmina,Pałecznica,powiat proszowicki,18.00%
37,Niepełnosprawność,2008,gmina,Proszowice,powiat proszowicki,30.00%
37,Niepełnosprawność,2008,gmina,Radziemice,powiat proszowicki,38.00%
37,Niepełnosprawność,2008,powiat,powiat suski,powiat suski,29.70%
37,Niepełnosprawność,2008,gmina,Budzów,powiat suski,35.00%
37,Niepełnosprawność,2008,gmina,Bystra-Sidzina,powiat suski,33.00%
37,Niepełnosprawność,2008,gmina,Jordanów (miasto),powiat suski,47.00%
37,Niepełnosprawność,2008,gmina,Jordanów (wieś),powiat suski,25.00%
37,Niepełnosprawność,2008,gmina,Maków Podhalański,powiat suski,45.00%
37,Niepełnosprawność,2008,gmina,Stryszawa,powiat suski,23.00%
37,Niepełnosprawność,2008,gmina,Sucha Beskidzka,powiat suski,38.00%
37,Niepełnosprawność,2008,gmina,Zawoja,powiat suski,23.00%
37,Niepełnosprawność,2008,gmina,Zembrzyce,powiat suski,39.00%
37,Niepełnosprawność,2008,powiat,powiat tarnowski,powiat tarnowski,20.38%
37,Niepełnosprawność,2008,gmina,Ciężkowice,powiat tarnowski,23.00%
37,Niepełnosprawność,2008,gmina,Gromnik,powiat tarnowski,35.00%
37,Niepełnosprawność,2008,gmina,Lisia Góra,powiat tarnowski,29.00%
37,Niepełnosprawność,2008,gmina,Pleśna,powiat tarnowski,28.00%
37,Niepełnosprawność,2008,gmina,Radłów,powiat tarnowski,29.00%
37,Niepełnosprawność,2008,gmina,Ryglice,powiat tarnowski,15.00%
37,Niepełnosprawność,2008,gmina,Rzepiennik Strzyżewski,powiat tarnowski,2.00%
37,Niepełnosprawność,2008,gmina,Skrzyszów,powiat tarnowski,38.00%
37,Niepełnosprawność,2008,gmina,Szerzyny,powiat tarnowski,8.00%
37,Niepełnosprawność,2008,gmina,Tarnów (wieś),powiat tarnowski,19.00%
37,Niepełnosprawność,2008,gmina,Tuchów,powiat tarnowski,29.00%
37,Niepełnosprawność,2008,gmina,Wierzchosławice,powiat tarnowski,25.00%
37,Niepełnosprawność,2008,gmina,Wietrzychowice,powiat tarnowski,32.00%
37,Niepełnosprawność,2008,gmina,Wojnicz,powiat tarnowski,17.00%
37,Niepełnosprawność,2008,gmina,Zakliczyn,powiat tarnowski,13.00%
37,Niepełnosprawność,2008,gmina,Żabno,powiat tarnowski,13.00%
37,Niepełnosprawność,2008,powiat,powiat tatrzański,powiat tatrzański,34.03%
37,Niepełnosprawność,2008,gmina,Biały Dunajec,powiat tatrzański,39.00%
37,Niepełnosprawność,2008,gmina,Bukowina Tatrzańska,powiat tatrzański,52.00%
37,Niepełnosprawność,2008,gmina,Kościelisko,powiat tatrzański,27.00%
37,Niepełnosprawność,2008,gmina,Poronin,powiat tatrzański,24.00%
37,Niepełnosprawność,2008,gmina,Zakopane,powiat tatrzański,30.00%
37,Niepełnosprawność,2008,powiat,powiat wadowicki,powiat wadowicki,33.04%
37,Niepełnosprawność,2008,gmina,Andrychów,powiat wadowicki,26.00%
37,Niepełnosprawność,2008,gmina,Brzeźnica,powiat wadowicki,40.00%
37,Niepełnosprawność,2008,gmina,Kalwaria Zebrzydowska,powiat wadowicki,41.00%
37,Niepełnosprawność,2008,gmina,Lanckorona,powiat wadowicki,40.00%
37,Niepełnosprawność,2008,gmina,Mucharz,powiat wadowicki,27.00%
37,Niepełnosprawność,2008,gmina,Spytkowice,powiat wadowicki,32.00%
37,Niepełnosprawność,2008,gmina,Stryszów,powiat wadowicki,24.00%
37,Niepełnosprawność,2008,gmina,Tomice,powiat wadowicki,26.00%
37,Niepełnosprawność,2008,gmina,Wadowice,powiat wadowicki,48.00%
37,Niepełnosprawność,2008,gmina,Wieprz,powiat wadowicki,31.00%
37,Niepełnosprawność,2008,powiat,powiat wielicki,powiat wielicki,34.75%
37,Niepełnosprawność,2008,gmina,Biskupice,powiat wielicki,39.00%
37,Niepełnosprawność,2008,gmina,Gdów,powiat wielicki,39.00%
37,Niepełnosprawność,2008,gmina,Kłaj,powiat wielicki,37.00%
37,Niepełnosprawność,2008,gmina,Niepołomice,powiat wielicki,49.00%
37,Niepełnosprawność,2008,gmina,Wieliczka,powiat wielicki,31.00%
37,Niepełnosprawność,2007,powiat,powiat bocheński,powiat bocheński,31.56%
37,Niepełnosprawność,2007,gmina,Bochnia (miasto),powiat bocheński,48.00%
37,Niepełnosprawność,2007,gmina,Bochnia (wieś),powiat bocheński,26.00%
37,Niepełnosprawność,2007,gmina,Drwinia,powiat bocheński,25.00%
37,Niepełnosprawność,2007,gmina,Lipnica Murowana,powiat bocheński,26.00%
37,Niepełnosprawność,2007,gmina,Łapanów,powiat bocheński,23.00%
37,Niepełnosprawność,2007,gmina,Nowy Wiśnicz,powiat bocheński,34.00%
37,Niepełnosprawność,2007,gmina,Rzezawa,powiat bocheński,32.00%
37,Niepełnosprawność,2007,gmina,Trzciana,powiat bocheński,32.00%
37,Niepełnosprawność,2007,gmina,Żegocina,powiat bocheński,38.00%
37,Niepełnosprawność,2007,powiat,powiat brzeski,powiat brzeski,20.31%
37,Niepełnosprawność,2007,gmina,Borzęcin,powiat brzeski,14.00%
37,Niepełnosprawność,2007,gmina,Brzesko,powiat brzeski,21.00%
37,Niepełnosprawność,2007,gmina,Czchów,powiat brzeski,34.00%
37,Niepełnosprawność,2007,gmina,Dębno,powiat brzeski,34.00%
37,Niepełnosprawność,2007,gmina,Gnojnik,powiat brzeski,3.00%
37,Niepełnosprawność,2007,gmina,Iwkowa,powiat brzeski,27.00%
37,Niepełnosprawność,2007,gmina,Szczurowa,powiat brzeski,28.00%
37,Niepełnosprawność,2007,powiat,powiat chrzanowski,powiat chrzanowski,33.58%
37,Niepełnosprawność,2007,gmina,Alwernia,powiat chrzanowski,33.00%
37,Niepełnosprawność,2007,gmina,Babice,powiat chrzanowski,15.00%
37,Niepełnosprawność,2007,gmina,Chrzanów,powiat chrzanowski,33.00%
37,Niepełnosprawność,2007,gmina,Libiąż,powiat chrzanowski,39.00%
37,Niepełnosprawność,2007,gmina,Trzebinia,powiat chrzanowski,39.00%
37,Niepełnosprawność,2007,powiat,powiat dąbrowski,powiat dąbrowski,18.34%
37,Niepełnosprawność,2007,gmina,Bolesław,powiat dąbrowski,13.00%
37,Niepełnosprawność,2007,gmina,Dąbrowa Tarnowska,powiat dąbrowski,25.00%
37,Niepełnosprawność,2007,gmina,Gręboszów,powiat dąbrowski,21.00%
37,Niepełnosprawność,2007,gmina,Mędrzechów,powiat dąbrowski,14.00%
37,Niepełnosprawność,2007,gmina,Olesno,powiat dąbrowski,40.00%
37,Niepełnosprawność,2007,gmina,Radgoszcz,powiat dąbrowski,14.00%
37,Niepełnosprawność,2007,gmina,Szczucin,powiat dąbrowski,10.00%
37,Niepełnosprawność,2007,powiat,powiat gorlicki,powiat gorlicki,31.41%
37,Niepełnosprawność,2007,gmina,Biecz,powiat gorlicki,45.00%
37,Niepełnosprawność,2007,gmina,Bobowa,powiat gorlicki,18.00%
37,Niepełnosprawność,2007,gmina,Gorlice (miasto),powiat gorlicki,50.00%
37,Niepełnosprawność,2007,gmina,Gorlice (wieś),powiat gorlicki,29.00%
37,Niepełnosprawność,2007,gmina,Lipinki,powiat gorlicki,39.00%
37,Niepełnosprawność,2007,gmina,Łużna,powiat gorlicki,28.00%
37,Niepełnosprawność,2007,gmina,Moszczenica,powiat gorlicki,43.00%
37,Niepełnosprawność,2007,gmina,Ropa,powiat gorlicki,23.00%
37,Niepełnosprawność,2007,gmina,Sękowa,powiat gorlicki,15.00%
37,Niepełnosprawność,2007,gmina,Uście Gorlickie,powiat gorlicki,30.00%
37,Niepełnosprawność,2007,powiat,powiat krakowski,powiat krakowski,31.73%
37,Niepełnosprawność,2007,gmina,Czernichów,powiat krakowski,38.00%
37,Niepełnosprawność,2007,gmina,Igołomia-Wawrzeńczyce,powiat krakowski,11.00%
37,Niepełnosprawność,2007,gmina,Iwanowice,powiat krakowski,43.00%
37,Niepełnosprawność,2007,gmina,Jerzmanowice-Przeginia,powiat krakowski,44.00%
37,Niepełnosprawność,2007,gmina,Kocmyrzów-Luborzyca,powiat krakowski,48.00%
37,Niepełnosprawność,2007,gmina,Krzeszowice,powiat krakowski,31.00%
37,Niepełnosprawność,2007,gmina,Liszki,powiat krakowski,28.00%
37,Niepełnosprawność,2007,gmina,Michałowice,powiat krakowski,12.00%
37,Niepełnosprawność,2007,gmina,Mogilany,powiat krakowski,35.00%
37,Niepełnosprawność,2007,gmina,Skała,powiat krakowski,21.00%
37,Niepełnosprawność,2007,gmina,Skawina,powiat krakowski,39.00%
37,Niepełnosprawność,2007,gmina,Słomniki,powiat krakowski,31.00%
37,Niepełnosprawność,2007,gmina,Sułoszowa,powiat krakowski,36.00%
37,Niepełnosprawność,2007,gmina,Świątniki Górne,powiat krakowski,40.00%
37,Niepełnosprawność,2007,gmina,Wielka Wieś,powiat krakowski,45.00%
37,Niepełnosprawność,2007,gmina,Zabierzów,powiat krakowski,40.00%
37,Niepełnosprawność,2007,gmina,Zielonki,powiat krakowski,38.00%
37,Niepełnosprawność,2007,powiat,powiat limanowski,powiat limanowski,26.89%
37,Niepełnosprawność,2007,gmina,Dobra,powiat limanowski,25.00%
37,Niepełnosprawność,2007,gmina,Jodłownik,powiat limanowski,32.00%
37,Niepełnosprawność,2007,gmina,Kamienica,powiat limanowski,15.00%
37,Niepełnosprawność,2007,gmina,Laskowa,powiat limanowski,41.00%
37,Niepełnosprawność,2007,gmina,Limanowa (miasto),powiat limanowski,14.00%
37,Niepełnosprawność,2007,gmina,Limanowa (wieś),powiat limanowski,38.00%
37,Niepełnosprawność,2007,gmina,Łukowica,powiat limanowski,9.00%
37,Niepełnosprawność,2007,gmina,Mszana Dolna (miasto),powiat limanowski,13.00%
37,Niepełnosprawność,2007,gmina,Mszana Dolna (wieś),powiat limanowski,47.00%
37,Niepełnosprawność,2007,gmina,Niedźwiedź,powiat limanowski,26.00%
37,Niepełnosprawność,2007,gmina,Słopnice,powiat limanowski,34.00%
37,Niepełnosprawność,2007,gmina,Tymbark,powiat limanowski,23.00%
37,Niepełnosprawność,2007,powiat,powiat m. Kraków,powiat m. Kraków,44.31%
37,Niepełnosprawność,2007,powiat,powiat m. Nowy Sącz,powiat m. Nowy Sącz,47.39%
37,Niepełnosprawność,2007,powiat,powiat m. Tarnów,powiat m. Tarnów,33.45%
37,Niepełnosprawność,2007,powiat,powiat miechowski,powiat miechowski,25.01%
37,Niepełnosprawność,2007,gmina,Charsznica,powiat miechowski,12.00%
37,Niepełnosprawność,2007,gmina,Gołcza,powiat miechowski,24.00%
37,Niepełnosprawność,2007,gmina,Kozłów,powiat miechowski,16.00%
37,Niepełnosprawność,2007,gmina,Książ Wielki,powiat miechowski,27.00%
37,Niepełnosprawność,2007,gmina,Miechów,powiat miechowski,41.00%
37,Niepełnosprawność,2007,gmina,Racławice,powiat miechowski,48.00%
37,Niepełnosprawność,2007,gmina,Słaboszów,powiat miechowski,11.00%
37,Niepełnosprawność,2007,powiat,powiat myślenicki,powiat myślenicki,29.07%
37,Niepełnosprawność,2007,gmina,Dobczyce,powiat myślenicki,26.00%
37,Niepełnosprawność,2007,gmina,Lubień,powiat myślenicki,37.00%
37,Niepełnosprawność,2007,gmina,Myślenice,powiat myślenicki,46.00%
37,Niepełnosprawność,2007,gmina,Pcim,powiat myślenicki,43.00%
37,Niepełnosprawność,2007,gmina,Raciechowice,powiat myślenicki,14.00%
37,Niepełnosprawność,2007,gmina,Siepraw,powiat myślenicki,29.00%
37,Niepełnosprawność,2007,gmina,Sułkowice,powiat myślenicki,35.00%
37,Niepełnosprawność,2007,gmina,Tokarnia,powiat myślenicki,23.00%
37,Niepełnosprawność,2007,gmina,Wiśniowa,powiat myślenicki,16.00%
37,Niepełnosprawność,2007,powiat,powiat nowosądecki,powiat nowosądecki,25.90%
37,Niepełnosprawność,2007,gmina,Podegrodzie,powiat nowosądecki,28.00%
37,Niepełnosprawność,2007,gmina,Rytro,powiat nowosądecki,49.00%
37,Niepełnosprawność,2007,gmina,Stary Sącz,powiat nowosądecki,38.00%
37,Niepełnosprawność,2007,gmina,Chełmiec,powiat nowosądecki,21.00%
37,Niepełnosprawność,2007,gmina,Gródek nad Dunajcem,powiat nowosądecki,30.00%
37,Niepełnosprawność,2007,gmina,Grybów (miasto),powiat nowosądecki,9.00%
37,Niepełnosprawność,2007,gmina,Grybów (wieś),powiat nowosądecki,20.00%
37,Niepełnosprawność,2007,gmina,Kamionka Wielka,powiat nowosądecki,30.00%
37,Niepełnosprawność,2007,gmina,Korzenna,powiat nowosądecki,37.00%
37,Niepełnosprawność,2007,gmina,Krynica-Zdrój,powiat nowosądecki,12.00%
37,Niepełnosprawność,2007,gmina,Łabowa,powiat nowosądecki,7.00%
37,Niepełnosprawność,2007,gmina,Łącko,powiat nowosądecki,46.00%
37,Niepełnosprawność,2007,gmina,Łososina Dolna,powiat nowosądecki,13.00%
37,Niepełnosprawność,2007,gmina,Muszyna,powiat nowosądecki,33.00%
37,Niepełnosprawność,2007,gmina,Nawojowa,powiat nowosądecki,28.00%
37,Niepełnosprawność,2007,gmina,Piwniczna-Zdrój,powiat nowosądecki,27.00%
37,Niepełnosprawność,2007,powiat,powiat nowotarski,powiat nowotarski,28.27%
37,Niepełnosprawność,2007,gmina,Czarny Dunajec,powiat nowotarski,8.00%
37,Niepełnosprawność,2007,gmina,Czorsztyn,powiat nowotarski,38.00%
37,Niepełnosprawność,2007,gmina,Jabłonka,powiat nowotarski,25.00%
37,Niepełnosprawność,2007,gmina,Krościenko nad Dunajcem,powiat nowotarski,59.00%
37,Niepełnosprawność,2007,gmina,Lipnica Wielka,powiat nowotarski,31.00%
37,Niepełnosprawność,2007,gmina,Łapsze Niżne,powiat nowotarski,25.00%
37,Niepełnosprawność,2007,gmina,Nowy Targ (miasto),powiat nowotarski,37.00%
37,Niepełnosprawność,2007,gmina,Nowy Targ (wieś),powiat nowotarski,33.00%
37,Niepełnosprawność,2007,gmina,Ochotnica Dolna,powiat nowotarski,30.00%
37,Niepełnosprawność,2007,gmina,Raba Wyżna,powiat nowotarski,22.00%
37,Niepełnosprawność,2007,gmina,Rabka-Zdrój,powiat nowotarski,39.00%
37,Niepełnosprawność,2007,gmina,Spytkowice,powiat nowotarski,24.00%
37,Niepełnosprawność,2007,gmina,Szaflary,powiat nowotarski,22.00%
37,Niepełnosprawność,2007,gmina,Szczawnica,powiat nowotarski,26.00%
37,Niepełnosprawność,2007,powiat,powiat olkuski,powiat olkuski,28.58%
37,Niepełnosprawność,2007,gmina,Bolesław,powiat olkuski,24.00%
37,Niepełnosprawność,2007,gmina,Bukowno,powiat olkuski,9.00%
37,Niepełnosprawność,2007,gmina,Klucze,powiat olkuski,23.00%
37,Niepełnosprawność,2007,gmina,Olkusz,powiat olkuski,33.00%
37,Niepełnosprawność,2007,gmina,Trzyciąż,powiat olkuski,34.00%
37,Niepełnosprawność,2007,gmina,Wolbrom,powiat olkuski,44.00%
37,Niepełnosprawność,2007,powiat,powiat oświęcimski,powiat oświęcimski,27.25%
37,Niepełnosprawność,2007,gmina,Brzeszcze,powiat oświęcimski,28.00%
37,Niepełnosprawność,2007,gmina,Chełmek,powiat oświęcimski,43.00%
37,Niepełnosprawność,2007,gmina,Kęty,powiat oświęcimski,34.00%
37,Niepełnosprawność,2007,gmina,Osiek,powiat oświęcimski,25.00%
37,Niepełnosprawność,2007,gmina,Oświęcim (miasto),powiat oświęcimski,28.00%
37,Niepełnosprawność,2007,gmina,Oświęcim (wieś),powiat oświęcimski,24.00%
37,Niepełnosprawność,2007,gmina,Polanka Wielka,powiat oświęcimski,36.00%
37,Niepełnosprawność,2007,gmina,Przeciszów,powiat oświęcimski,22.00%
37,Niepełnosprawność,2007,gmina,Zator,powiat oświęcimski,17.00%
37,Niepełnosprawność,2007,powiat,powiat proszowicki,powiat proszowicki,16.76%
37,Niepełnosprawność,2007,gmina,Koniusza,powiat proszowicki,5.00%
37,Niepełnosprawność,2007,gmina,Koszyce,powiat proszowicki,10.00%
37,Niepełnosprawność,2007,gmina,Nowe Brzesko,powiat proszowicki,32.00%
37,Niepełnosprawność,2007,gmina,Pałecznica,powiat proszowicki,22.00%
37,Niepełnosprawność,2007,gmina,Proszowice,powiat proszowicki,23.00%
37,Niepełnosprawność,2007,gmina,Radziemice,powiat proszowicki,20.00%
37,Niepełnosprawność,2007,powiat,powiat suski,powiat suski,27.60%
37,Niepełnosprawność,2007,gmina,Budzów,powiat suski,32.00%
37,Niepełnosprawność,2007,gmina,Bystra-Sidzina,powiat suski,21.00%
37,Niepełnosprawność,2007,gmina,Jordanów (miasto),powiat suski,60.00%
37,Niepełnosprawność,2007,gmina,Jordanów (wieś),powiat suski,27.00%
37,Niepełnosprawność,2007,gmina,Maków Podhalański,powiat suski,42.00%
37,Niepełnosprawność,2007,gmina,Stryszawa,powiat suski,23.00%
37,Niepełnosprawność,2007,gmina,Sucha Beskidzka,powiat suski,35.00%
37,Niepełnosprawność,2007,gmina,Zawoja,powiat suski,17.00%
37,Niepełnosprawność,2007,gmina,Zembrzyce,powiat suski,25.00%
37,Niepełnosprawność,2007,powiat,powiat tarnowski,powiat tarnowski,15.99%
37,Niepełnosprawność,2007,gmina,Ciężkowice,powiat tarnowski,23.00%
37,Niepełnosprawność,2007,gmina,Gromnik,powiat tarnowski,33.00%
37,Niepełnosprawność,2007,gmina,Lisia Góra,powiat tarnowski,17.00%
37,Niepełnosprawność,2007,gmina,Pleśna,powiat tarnowski,18.00%
37,Niepełnosprawność,2007,gmina,Radłów,powiat tarnowski,29.00%
37,Niepełnosprawność,2007,gmina,Ryglice,powiat tarnowski,10.00%
37,Niepełnosprawność,2007,gmina,Rzepiennik Strzyżewski,powiat tarnowski,3.00%
37,Niepełnosprawność,2007,gmina,Skrzyszów,powiat tarnowski,14.00%
37,Niepełnosprawność,2007,gmina,Szerzyny,powiat tarnowski,6.00%
37,Niepełnosprawność,2007,gmina,Tarnów (wieś),powiat tarnowski,10.00%
37,Niepełnosprawność,2007,gmina,Tuchów,powiat tarnowski,26.00%
37,Niepełnosprawność,2007,gmina,Wierzchosławice,powiat tarnowski,13.00%
37,Niepełnosprawność,2007,gmina,Wietrzychowice,powiat tarnowski,22.00%
37,Niepełnosprawność,2007,gmina,Wojnicz,powiat tarnowski,27.00%
37,Niepełnosprawność,2007,gmina,Zakliczyn,powiat tarnowski,12.00%
37,Niepełnosprawność,2007,gmina,Żabno,powiat tarnowski,17.00%
37,Niepełnosprawność,2007,powiat,powiat tatrzański,powiat tatrzański,38.84%
37,Niepełnosprawność,2007,gmina,Biały Dunajec,powiat tatrzański,39.00%
37,Niepełnosprawność,2007,gmina,Bukowina Tatrzańska,powiat tatrzański,55.00%
37,Niepełnosprawność,2007,gmina,Kościelisko,powiat tatrzański,30.00%
37,Niepełnosprawność,2007,gmina,Poronin,powiat tatrzański,34.00%
37,Niepełnosprawność,2007,gmina,Zakopane,powiat tatrzański,39.00%
37,Niepełnosprawność,2007,powiat,powiat wadowicki,powiat wadowicki,27.59%
37,Niepełnosprawność,2007,gmina,Andrychów,powiat wadowicki,30.00%
37,Niepełnosprawność,2007,gmina,Brzeźnica,powiat wadowicki,22.00%
37,Niepełnosprawność,2007,gmina,Kalwaria Zebrzydowska,powiat wadowicki,32.00%
37,Niepełnosprawność,2007,gmina,Lanckorona,powiat wadowicki,38.00%
37,Niepełnosprawność,2007,gmina,Mucharz,powiat wadowicki,11.00%
37,Niepełnosprawność,2007,gmina,Spytkowice,powiat wadowicki,26.00%
37,Niepełnosprawność,2007,gmina,Stryszów,powiat wadowicki,19.00%
37,Niepełnosprawność,2007,gmina,Tomice,powiat wadowicki,25.00%
37,Niepełnosprawność,2007,gmina,Wadowice,powiat wadowicki,42.00%
37,Niepełnosprawność,2007,gmina,Wieprz,powiat wadowicki,28.00%
37,Niepełnosprawność,2007,powiat,powiat wielicki,powiat wielicki,32.08%
37,Niepełnosprawność,2007,gmina,Biskupice,powiat wielicki,38.00%
37,Niepełnosprawność,2007,gmina,Gdów,powiat wielicki,37.00%
37,Niepełnosprawność,2007,gmina,Kłaj,powiat wielicki,32.00%
37,Niepełnosprawność,2007,gmina,Niepołomice,powiat wielicki,35.00%
37,Niepełnosprawność,2007,gmina,Wieliczka,powiat wielicki,31.00%
