indicator_id,indicator,year,level,area,powiat,value
38,Bezradność w sprawach opiekuńczo-wychowawczych i prowadzenia gosp. dom.,2024,powiat,powiat bocheński,powiat bocheński,21.53%
38,Bezradność w sprawach opiekuńczo-wychowawczych i prowadzenia gosp. dom.,2024,gmina,Bochnia (miasto),powiat bocheński,23.36%
38,Bezradność w sprawach opiekuńczo-wychowawczych i prowadzenia gosp. dom.,2024,gmina,Bochnia (wieś),powiat bocheński,6.55%
38,Bezradność w sprawach opiekuńczo-wychowawczych i prowadzenia gosp. dom.,2024,gmina,Drwinia,powiat bocheński,29.30%
38,Bezradność w sprawach opiekuńczo-wychowawczych i prowadzenia gosp. dom.,2024,gmina,Lipnica Murowana,powiat bocheński,17.50%
38,Bezradność w sprawach opiekuńczo-wychowawczych i prowadzenia gosp. dom.,2024,gmina,Łapanów,powiat bocheński,28.71%
38,Bezradność w sprawach opiekuńczo-wychowawczych i prowadzenia gosp. dom.,2024,gmina,Nowy Wiśnicz,powiat bocheński,8.15%
38,Bezradność w sprawach opiekuńczo-wychowawczych i prowadzenia gosp. dom.,2024,gmina,Rzezawa,powiat bocheński,11.07%
38,Bezradność w sprawach opiekuńczo-wychowawczych i prowadzenia gosp. dom.,2024,gmina,Trzciana,powiat bocheński,63.43%
38,Bezradność w sprawach opiekuńczo-wychowawczych i prowadzenia gosp. dom.,2024,gmina,Żegocina,powiat bocheński,23.41%
38,Bezradność w sprawach opiekuńczo-wychowawczych i prowadzenia gosp. dom.,2024,powiat,powiat brzeski,powiat brzeski,16.36%
38,Bezradność w sprawach opiekuńczo-wychowawczych i prowadzenia gosp. dom.,2024,gmina,Borzęcin,powiat brzeski,8.27%
38,Bezradność w sprawach opiekuńczo-wychowawczych i prowadzenia gosp. dom.,2024,gmina,Brzesko,powiat brzeski,30.61%
38,Bezradność w sprawach opiekuńczo-wychowawczych i prowadzenia gosp. dom.,2024,gmina,Czchów,powiat brzeski,20.32%
38,Bezradność w sprawach opiekuńczo-wychowawczych i prowadzenia gosp. dom.,2024,gmina,Dębno,powiat brzeski,7.17%
38,Bezradność w sprawach opiekuńczo-wychowawczych i prowadzenia gosp. dom.,2024,gmina,Gnojnik,powiat brzeski,9.73%
38,Bezradność w sprawach opiekuńczo-wychowawczych i prowadzenia gosp. dom.,2024,gmina,Iwkowa,powiat brzeski,6.58%
38,Bezradność w sprawach opiekuńczo-wychowawczych i prowadzenia gosp. dom.,2024,gmina,Szczurowa,powiat brzeski,7.88%
38,Bezradność w sprawach opiekuńczo-wychowawczych i prowadzenia gosp. dom.,2024,powiat,powiat chrzanowski,powiat chrzanowski,35.33%
38,Bezradność w sprawach opiekuńczo-wychowawczych i prowadzenia gosp. dom.,2024,gmina,Alwernia,powiat chrzanowski,32.95%
38,Bezradność w sprawach opiekuńczo-wychowawczych i prowadzenia gosp. dom.,2024,gmina,Babice,powiat chrzanowski,27.64%
38,Bezradność w sprawach opiekuńczo-wychowawczych i prowadzenia gosp. dom.,2024,gmina,Chrzanów,powiat chrzanowski,21.27%
38,Bezradność w sprawach opiekuńczo-wychowawczych i prowadzenia gosp. dom.,2024,gmina,Libiąż,powiat chrzanowski,14.47%
38,Bezradność w sprawach opiekuńczo-wychowawczych i prowadzenia gosp. dom.,2024,gmina,Trzebinia,powiat chrzanowski,62.45%
38,Bezradność w sprawach opiekuńczo-wychowawczych i prowadzenia gosp. dom.,2024,powiat,powiat dąbrowski,powiat dąbrowski,16.35%
38,Bezradność w sprawach opiekuńczo-wychowawczych i prowadzenia gosp. dom.,2024,gmina,Bolesław,powiat dąbrowski,1.28%
38,Bezradność w sprawach opiekuńczo-wychowawczych i prowadzenia gosp. dom.,2024,gmina,Dąbrowa Tarnowska,powiat dąbrowski,13.45%
38,Bezradność w sprawach opiekuńczo-wychowawczych i prowadzenia gosp. dom.,2024,gmina,Gręboszów,powiat dąbrowski,13.04%
38,Bezradność w sprawach opiekuńczo-wychowawczych i prowadzenia gosp. dom.,2024,gmina,Mędrzechów,powiat dąbrowski,5.76%
38,Bezradność w sprawach opiekuńczo-wychowawczych i prowadzenia gosp. dom.,2024,gmina,Olesno,powiat dąbrowski,4.31%
38,Bezradność w sprawach opiekuńczo-wychowawczych i prowadzenia gosp. dom.,2024,gmina,Radgoszcz,powiat dąbrowski,2.04%
38,Bezradność w sprawach opiekuńczo-wychowawczych i prowadzenia gosp. dom.,2024,gmina,Szczucin,powiat dąbrowski,32.21%
38,Bezradność w sprawach opiekuńczo-wychowawczych i prowadzenia gosp. dom.,2024,powiat,powiat gorlicki,powiat gorlicki,10.24%
38,Bezradność w sprawach opiekuńczo-wychowawczych i prowadzenia gosp. dom.,2024,gmina,Biecz,powiat gorlicki,12.25%
38,Bezradność w sprawach opiekuńczo-wychowawczych i prowadzenia gosp. dom.,2024,gmina,Bobowa,powiat gorlicki,4.31%
38,Bezradność w sprawach opiekuńczo-wychowawczych i prowadzenia gosp. dom.,2024,gmina,Gorlice (miasto),powiat gorlicki,41.82%
38,Bezradność w sprawach opiekuńczo-wychowawczych i prowadzenia gosp. dom.,2024,gmina,Gorlice (wieś),powiat gorlicki,6.72%
38,Bezradność w sprawach opiekuńczo-wychowawczych i prowadzenia gosp. dom.,2024,gmina,Lipinki,powiat gorlicki,3.01%
38,Bezradność w sprawach opiekuńczo-wychowawczych i prowadzenia gosp. dom.,2024,gmina,Łużna,powiat gorlicki,6.81%
38,Bezradność w sprawach opiekuńczo-wychowawczych i prowadzenia gosp. dom.,2024,gmina,Moszczenica,powiat gorlicki,3.30%
38,Bezradność w sprawach opiekuńczo-wychowawczych i prowadzenia gosp. dom.,2024,gmina,Ropa,powiat gorlicki,1.69%
38,Bezradność w sprawach opiekuńczo-wychowawczych i prowadzenia gosp. dom.,2024,gmina,Sękowa,powiat gorlicki,8.53%
38,Bezradność w sprawach opiekuńczo-wychowawczych i prowadzenia gosp. dom.,2024,gmina,Uście Gorlickie,powiat gorlicki,3.04%
38,Bezradność w sprawach opiekuńczo-wychowawczych i prowadzenia gosp. dom.,2024,powiat,powiat krakowski,powiat krakowski,15.46%
38,Bezradność w sprawach opiekuńczo-wychowawczych i prowadzenia gosp. dom.,2024,gmina,Czernichów,powiat krakowski,2.21%
38,Bezradność w sprawach opiekuńczo-wychowawczych i prowadzenia gosp. dom.,2024,gmina,Igołomia-Wawrzeńczyce,powiat krakowski,24.62%
38,Bezradność w sprawach opiekuńczo-wychowawczych i prowadzenia gosp. dom.,2024,gmina,Iwanowice,powiat krakowski,28.00%
38,Bezradność w sprawach opiekuńczo-wychowawczych i prowadzenia gosp. dom.,2024,gmina,Jerzmanowice-Przeginia,powiat krakowski,11.94%
38,Bezradność w sprawach opiekuńczo-wychowawczych i prowadzenia gosp. dom.,2024,gmina,Kocmyrzów-Luborzyca,powiat krakowski,13.64%
38,Bezradność w sprawach opiekuńczo-wychowawczych i prowadzenia gosp. dom.,2024,gmina,Krzeszowice,powiat krakowski,7.91%
38,Bezradność w sprawach opiekuńczo-wychowawczych i prowadzenia gosp. dom.,2024,gmina,Liszki,powiat krakowski,0.00%
38,Bezradność w sprawach opiekuńczo-wychowawczych i prowadzenia gosp. dom.,2024,gmina,Michałowice,powiat krakowski,53.71%
38,Bezradność w sprawach opiekuńczo-wychowawczych i prowadzenia gosp. dom.,2024,gmina,Mogilany,powiat krakowski,11.21%
38,Bezradność w sprawach opiekuńczo-wychowawczych i prowadzenia gosp. dom.,2024,gmina,Skała,powiat krakowski,22.32%
38,Bezradność w sprawach opiekuńczo-wychowawczych i prowadzenia gosp. dom.,2024,gmina,Skawina,powiat krakowski,8.59%
38,Bezradność w sprawach opiekuńczo-wychowawczych i prowadzenia gosp. dom.,2024,gmina,Słomniki,powiat krakowski,14.86%
38,Bezradność w sprawach opiekuńczo-wychowawczych i prowadzenia gosp. dom.,2024,gmina,Sułoszowa,powiat krakowski,31.18%
38,Bezradność w sprawach opiekuńczo-wychowawczych i prowadzenia gosp. dom.,2024,gmina,Świątniki Górne,powiat krakowski,36.25%
38,Bezradność w sprawach opiekuńczo-wychowawczych i prowadzenia gosp. dom.,2024,gmina,Wielka Wieś,powiat krakowski,9.62%
38,Bezradność w sprawach opiekuńczo-wychowawczych i prowadzenia gosp. dom.,2024,gmina,Zabierzów,powiat krakowski,9.38%
38,Bezradność w sprawach opiekuńczo-wychowawczych i prowadzenia gosp. dom.,2024,gmina,Zielonki,powiat krakowski,15.54%
38,Bezradność w sprawach opiekuńczo-wychowawczych i prowadzenia gosp. dom.,2024,powiat,powiat limanowski,powiat limanowski,8.01%
38,Bezradność w sprawach opiekuńczo-wychowawczych i prowadzenia gosp. dom.,2024,gmina,Dobra,powiat limanowski,7.91%
38,Bezradność w sprawach opiekuńczo-wychowawczych i prowadzenia gosp. dom.,2024,gmina,Jodłownik,powiat limanowski,4.71%
38,Bezradność w sprawach opiekuńczo-wychowawczych i prowadzenia gosp. dom.,2024,gmina,Kamienica,powiat limanowski,4.41%
38,Bezradność w sprawach opiekuńczo-wychowawczych i prowadzenia gosp. dom.,2024,gmina,Laskowa,powiat limanowski,1.86%
38,Bezradność w sprawach opiekuńczo-wychowawczych i prowadzenia gosp. dom.,2024,gmina,Limanowa (miasto),powiat limanowski,7.07%
38,Bezradność w sprawach opiekuńczo-wychowawczych i prowadzenia gosp. dom.,2024,gmina,Limanowa (wieś),powiat limanowski,7.31%
38,Bezradność w sprawach opiekuńczo-wychowawczych i prowadzenia gosp. dom.,2024,gmina,Łukowica,powiat limanowski,4.04%
38,Bezradność w sprawach opiekuńczo-wychowawczych i prowadzenia gosp. dom.,2024,gmina,Mszana Dolna (miasto),powiat limanowski,39.02%
38,Bezradność w sprawach opiekuńczo-wychowawczych i prowadzenia gosp. dom.,2024,gmina,Mszana Dolna (wieś),powiat limanowski,13.25%
38,Bezradność w sprawach opiekuńczo-wychowawczych i prowadzenia gosp. dom.,2024,gmina,Niedźwiedź,powiat limanowski,6.76%
38,Bezradność w sprawach opiekuńczo-wychowawczych i prowadzenia gosp. dom.,2024,gmina,Słopnice,powiat limanowski,0.00%
38,Bezradność w sprawach opiekuńczo-wychowawczych i prowadzenia gosp. dom.,2024,gmina,Tymbark,powiat limanowski,7.02%
38,Bezradność w sprawach opiekuńczo-wychowawczych i prowadzenia gosp. dom.,2024,powiat,powiat m. Kraków,powiat m. Kraków,23.85%
38,Bezradność w sprawach opiekuńczo-wychowawczych i prowadzenia gosp. dom.,2024,powiat,powiat m. Nowy Sącz,powiat m. Nowy Sącz,43.19%
38,Bezradność w sprawach opiekuńczo-wychowawczych i prowadzenia gosp. dom.,2024,powiat,powiat m. Tarnów,powiat m. Tarnów,7.42%
38,Bezradność w sprawach opiekuńczo-wychowawczych i prowadzenia gosp. dom.,2024,powiat,powiat miechowski,powiat miechowski,22.24%
38,Bezradność w sprawach opiekuńczo-wychowawczych i prowadzenia gosp. dom.,2024,gmina,Charsznica,powiat miechowski,30.54%
38,Bezradność w sprawach opiekuńczo-wychowawczych i prowadzenia gosp. dom.,2024,gmina,Gołcza,powiat miechowski,7.19%
38,Bezradność w sprawach opiekuńczo-wychowawczych i prowadzenia gosp. dom.,2024,gmina,Kozłów,powiat miechowski,17.19%
38,Bezradność w sprawach opiekuńczo-wychowawczych i prowadzenia gosp. dom.,2024,gmina,Książ Wielki,powiat miechowski,31.91%
38,Bezradność w sprawach opiekuńczo-wychowawczych i prowadzenia gosp. dom.,2024,gmina,Miechów,powiat miechowski,25.95%
38,Bezradność w sprawach opiekuńczo-wychowawczych i prowadzenia gosp. dom.,2024,gmina,Racławice,powiat miechowski,12.68%
38,Bezradność w sprawach opiekuńczo-wychowawczych i prowadzenia gosp. dom.,2024,gmina,Słaboszów,powiat miechowski,9.18%
38,Bezradność w sprawach opiekuńczo-wychowawczych i prowadzenia gosp. dom.,2024,powiat,powiat myślenicki,powiat myślenicki,13.22%
38,Bezradność w sprawach opiekuńczo-wychowawczych i prowadzenia gosp. dom.,2024,gmina,Dobczyce,powiat myślenicki,11.44%
38,Bezradność w sprawach opiekuńczo-wychowawczych i prowadzenia gosp. dom.,2024,gmina,Lubień,powiat myślenicki,5.39%
38,Bezradność w sprawach opiekuńczo-wychowawczych i prowadzenia gosp. dom.,2024,gmina,Myślenice,powiat myślenicki,19.37%
38,Bezradność w sprawach opiekuńczo-wychowawczych i prowadzenia gosp. dom.,2024,gmina,Pcim,powiat myślenicki,14.24%
38,Bezradność w sprawach opiekuńczo-wychowawczych i prowadzenia gosp. dom.,2024,gmina,Raciechowice,powiat myślenicki,4.17%
38,Bezradność w sprawach opiekuńczo-wychowawczych i prowadzenia gosp. dom.,2024,gmina,Siepraw,powiat myślenicki,20.95%
38,Bezradność w sprawach opiekuńczo-wychowawczych i prowadzenia gosp. dom.,2024,gmina,Sułkowice,powiat myślenicki,11.72%
38,Bezradność w sprawach opiekuńczo-wychowawczych i prowadzenia gosp. dom.,2024,gmina,Tokarnia,powiat myślenicki,11.45%
38,Bezradność w sprawach opiekuńczo-wychowawczych i prowadzenia gosp. dom.,2024,gmina,Wiśniowa,powiat myślenicki,12.68%
38,Bezradność w sprawach opiekuńczo-wychowawczych i prowadzenia gosp. dom.,2024,powiat,powiat nowosądecki,powiat nowosądecki,6.18%
38,Bezradność w sprawach opiekuńczo-wychowawczych i prowadzenia gosp. dom.,2024,gmina,Podegrodzie,powiat nowosądecki,10.24%
38,Bezradność w sprawach opiekuńczo-wychowawczych i prowadzenia gosp. dom.,2024,gmina,Rytro,powiat nowosądecki,8.02%
38,Bezradność w sprawach opiekuńczo-wychowawczych i prowadzenia gosp. dom.,2024,gmina,Stary Sącz,powiat nowosądecki,5.98%
38,Bezradność w sprawach opiekuńczo-wychowawczych i prowadzenia gosp. dom.,2024,gmina,Chełmiec,powiat nowosądecki,11.36%
38,Bezradność w sprawach opiekuńczo-wychowawczych i prowadzenia gosp. dom.,2024,gmina,Gródek nad Dunajcem,powiat nowosądecki,1.69%
38,Bezradność w sprawach opiekuńczo-wychowawczych i prowadzenia gosp. dom.,2024,gmina,Grybów (miasto),powiat nowosądecki,15.11%
38,Bezradność w sprawach opiekuńczo-wychowawczych i prowadzenia gosp. dom.,2024,gmina,Grybów (wieś),powiat nowosądecki,9.30%
38,Bezradność w sprawach opiekuńczo-wychowawczych i prowadzenia gosp. dom.,2024,gmina,Kamionka Wielka,powiat nowosądecki,2.96%
38,Bezradność w sprawach opiekuńczo-wychowawczych i prowadzenia gosp. dom.,2024,gmina,Korzenna,powiat nowosądecki,1.44%
38,Bezradność w sprawach opiekuńczo-wychowawczych i prowadzenia gosp. dom.,2024,gmina,Krynica-Zdrój,powiat nowosądecki,4.26%
38,Bezradność w sprawach opiekuńczo-wychowawczych i prowadzenia gosp. dom.,2024,gmina,Łabowa,powiat nowosądecki,5.49%
38,Bezradność w sprawach opiekuńczo-wychowawczych i prowadzenia gosp. dom.,2024,gmina,Łącko,powiat nowosądecki,2.63%
38,Bezradność w sprawach opiekuńczo-wychowawczych i prowadzenia gosp. dom.,2024,gmina,Łososina Dolna,powiat nowosądecki,3.91%
38,Bezradność w sprawach opiekuńczo-wychowawczych i prowadzenia gosp. dom.,2024,gmina,Muszyna,powiat nowosądecki,6.59%
38,Bezradność w sprawach opiekuńczo-wychowawczych i prowadzenia gosp. dom.,2024,gmina,Nawojowa,powiat nowosądecki,14.08%
38,Bezradność w sprawach opiekuńczo-wychowawczych i prowadzenia gosp. dom.,2024,gmina,Piwniczna-Zdrój,powiat nowosądecki,7.29%
38,Bezradność w sprawach opiekuńczo-wychowawczych i prowadzenia gosp. dom.,2024,powiat,powiat nowotarski,powiat nowotarski,25.25%
38,Bezradność w sprawach opiekuńczo-wychowawczych i prowadzenia gosp. dom.,2024,gmina,Czarny Dunajec,powiat nowotarski,26.24%
38,Bezradność w sprawach opiekuńczo-wychowawczych i prowadzenia gosp. dom.,2024,gmina,Czorsztyn,powiat nowotarski,7.95%
38,Bezradność w sprawach opiekuńczo-wychowawczych i prowadzenia gosp. dom.,2024,gmina,Jabłonka,powiat nowotarski,23.79%
38,Bezradność w sprawach opiekuńczo-wychowawczych i prowadzenia gosp. dom.,2024,gmina,Krościenko nad Dunajcem,powiat nowotarski,11.54%
38,Bezradność w sprawach opiekuńczo-wychowawczych i prowadzenia gosp. dom.,2024,gmina,Lipnica Wielka,powiat nowotarski,28.84%
38,Bezradność w sprawach opiekuńczo-wychowawczych i prowadzenia gosp. dom.,2024,gmina,Łapsze Niżne,powiat nowotarski,17.95%
38,Bezradność w sprawach opiekuńczo-wychowawczych i prowadzenia gosp. dom.,2024,gmina,Nowy Targ (miasto),powiat nowotarski,29.43%
38,Bezradność w sprawach opiekuńczo-wychowawczych i prowadzenia gosp. dom.,2024,gmina,Nowy Targ (wieś),powiat nowotarski,56.91%
38,Bezradność w sprawach opiekuńczo-wychowawczych i prowadzenia gosp. dom.,2024,gmina,Ochotnica Dolna,powiat nowotarski,16.37%
38,Bezradność w sprawach opiekuńczo-wychowawczych i prowadzenia gosp. dom.,2024,gmina,Raba Wyżna,powiat nowotarski,6.48%
38,Bezradność w sprawach opiekuńczo-wychowawczych i prowadzenia gosp. dom.,2024,gmina,Rabka-Zdrój,powiat nowotarski,19.60%
38,Bezradność w sprawach opiekuńczo-wychowawczych i prowadzenia gosp. dom.,2024,gmina,Spytkowice,powiat nowotarski,2.40%
38,Bezradność w sprawach opiekuńczo-wychowawczych i prowadzenia gosp. dom.,2024,gmina,Szaflary,powiat nowotarski,33.59%
38,Bezradność w sprawach opiekuńczo-wychowawczych i prowadzenia gosp. dom.,2024,gmina,Szczawnica,powiat nowotarski,13.50%
38,Bezradność w sprawach opiekuńczo-wychowawczych i prowadzenia gosp. dom.,2024,powiat,powiat olkuski,powiat olkuski,16.58%
38,Bezradność w sprawach opiekuńczo-wychowawczych i prowadzenia gosp. dom.,2024,gmina,Bolesław,powiat olkuski,30.68%
38,Bezradność w sprawach opiekuńczo-wychowawczych i prowadzenia gosp. dom.,2024,gmina,Bukowno,powiat olkuski,13.64%
38,Bezradność w sprawach opiekuńczo-wychowawczych i prowadzenia gosp. dom.,2024,gmina,Klucze,powiat olkuski,26.35%
38,Bezradność w sprawach opiekuńczo-wychowawczych i prowadzenia gosp. dom.,2024,gmina,Olkusz,powiat olkuski,12.01%
38,Bezradność w sprawach opiekuńczo-wychowawczych i prowadzenia gosp. dom.,2024,gmina,Trzyciąż,powiat olkuski,35.05%
38,Bezradność w sprawach opiekuńczo-wychowawczych i prowadzenia gosp. dom.,2024,gmina,Wolbrom,powiat olkuski,13.69%
38,Bezradność w sprawach opiekuńczo-wychowawczych i prowadzenia gosp. dom.,2024,powiat,powiat oświęcimski,powiat oświęcimski,30.68%
38,Bezradność w sprawach opiekuńczo-wychowawczych i prowadzenia gosp. dom.,2024,gmina,Brzeszcze,powiat oświęcimski,13.66%
38,Bezradność w sprawach opiekuńczo-wychowawczych i prowadzenia gosp. dom.,2024,gmina,Chełmek,powiat oświęcimski,22.73%
38,Bezradność w sprawach opiekuńczo-wychowawczych i prowadzenia gosp. dom.,2024,gmina,Kęty,powiat oświęcimski,33.74%
38,Bezradność w sprawach opiekuńczo-wychowawczych i prowadzenia gosp. dom.,2024,gmina,Osiek,powiat oświęcimski,42.52%
38,Bezradność w sprawach opiekuńczo-wychowawczych i prowadzenia gosp. dom.,2024,gmina,Oświęcim (miasto),powiat oświęcimski,33.89%
38,Bezradność w sprawach opiekuńczo-wychowawczych i prowadzenia gosp. dom.,2024,gmina,Oświęcim (wieś),powiat oświęcimski,34.94%
38,Bezradność w sprawach opiekuńczo-wychowawczych i prowadzenia gosp. dom.,2024,gmina,Polanka Wielka,powiat oświęcimski,0.00%
38,Bezradność w sprawach opiekuńczo-wychowawczych i prowadzenia gosp. dom.,2024,gmina,Przeciszów,powiat oświęcimski,26.51%
38,Bezradność w sprawach opiekuńczo-wychowawczych i prowadzenia gosp. dom.,2024,gmina,Zator,powiat oświęcimski,28.25%
38,Bezradność w sprawach opiekuńczo-wychowawczych i prowadzenia gosp. dom.,2024,powiat,powiat proszowicki,powiat proszowicki,8.71%
38,Bezradność w sprawach opiekuńczo-wychowawczych i prowadzenia gosp. dom.,2024,gmina,Koniusza,powiat proszowicki,0.00%
38,Bezradność w sprawach opiekuńczo-wychowawczych i prowadzenia gosp. dom.,2024,gmina,Koszyce,powiat proszowicki,3.55%
38,Bezradność w sprawach opiekuńczo-wychowawczych i prowadzenia gosp. dom.,2024,gmina,Nowe Brzesko,powiat proszowicki,16.37%
38,Bezradność w sprawach opiekuńczo-wychowawczych i prowadzenia gosp. dom.,2024,gmina,Pałecznica,powiat proszowicki,0.00%
38,Bezradność w sprawach opiekuńczo-wychowawczych i prowadzenia gosp. dom.,2024,gmina,Proszowice,powiat proszowicki,17.31%
38,Bezradność w sprawach opiekuńczo-wychowawczych i prowadzenia gosp. dom.,2024,gmina,Radziemice,powiat proszowicki,0.00%
38,Bezradność w sprawach opiekuńczo-wychowawczych i prowadzenia gosp. dom.,2024,powiat,powiat suski,powiat suski,13.71%
38,Bezradność w sprawach opiekuńczo-wychowawczych i prowadzenia gosp. dom.,2024,gmina,Budzów,powiat suski,19.47%
38,Bezradność w sprawach opiekuńczo-wychowawczych i prowadzenia gosp. dom.,2024,gmina,Bystra-Sidzina,powiat suski,7.05%
38,Bezradność w sprawach opiekuńczo-wychowawczych i prowadzenia gosp. dom.,2024,gmina,Jordanów (miasto),powiat suski,12.82%
38,Bezradność w sprawach opiekuńczo-wychowawczych i prowadzenia gosp. dom.,2024,gmina,Jordanów (wieś),powiat suski,12.21%
38,Bezradność w sprawach opiekuńczo-wychowawczych i prowadzenia gosp. dom.,2024,gmina,Maków Podhalański,powiat suski,19.32%
38,Bezradność w sprawach opiekuńczo-wychowawczych i prowadzenia gosp. dom.,2024,gmina,Stryszawa,powiat suski,7.89%
38,Bezradność w sprawach opiekuńczo-wychowawczych i prowadzenia gosp. dom.,2024,gmina,Sucha Beskidzka,powiat suski,21.77%
38,Bezradność w sprawach opiekuńczo-wychowawczych i prowadzenia gosp. dom.,2024,gmina,Zawoja,powiat suski,13.56%
38,Bezradność w sprawach opiekuńczo-wychowawczych i prowadzenia gosp. dom.,2024,gmina,Zembrzyce,powiat suski,12.41%
38,Bezradność w sprawach opiekuńczo-wychowawczych i prowadzenia gosp. dom.,2024,powiat,powiat tarnowski,powiat tarnowski,9.76%
38,Bezradność w sprawach opiekuńczo-wychowawczych i prowadzenia gosp. dom.,2024,gmina,Ciężkowice,powiat tarnowski,0.00%
38,Bezradność w sprawach opiekuńczo-wychowawczych i prowadzenia gosp. dom.,2024,gmina,Gromnik,powiat tarnowski,11.11%
38,Bezradność w sprawach opiekuńczo-wychowawczych i prowadzenia gosp. dom.,2024,gmina,Lisia Góra,powiat tarnowski,5.73%
38,Bezradność w sprawach opiekuńczo-wychowawczych i prowadzenia gosp. dom.,2024,gmina,Pleśna,powiat tarnowski,10.47%
38,Bezradność w sprawach opiekuńczo-wychowawczych i prowadzenia gosp. dom.,2024,gmina,Radłów,powiat tarnowski,12.01%
38,Bezradność w sprawach opiekuńczo-wychowawczych i prowadzenia gosp. dom.,2024,gmina,Ryglice,powiat tarnowski,2.48%
38,Bezradność w sprawach opiekuńczo-wychowawczych i prowadzenia gosp. dom.,2024,gmina,Rzepiennik Strzyżewski,powiat tarnowski,1.06%
38,Bezradność w sprawach opiekuńczo-wychowawczych i prowadzenia gosp. dom.,2024,gmina,Skrzyszów,powiat tarnowski,6.51%
38,Bezradność w sprawach opiekuńczo-wychowawczych i prowadzenia gosp. dom.,2024,gmina,Szerzyny,powiat tarnowski,14.75%
38,Bezradność w sprawach opiekuńczo-wychowawczych i prowadzenia gosp. dom.,2024,gmina,Tarnów (wieś),powiat tarnowski,14.16%
38,Bezradność w sprawach opiekuńczo-wychowawczych i prowadzenia gosp. dom.,2024,gmina,Tuchów,powiat tarnowski,11.53%
38,Bezradność w sprawach opiekuńczo-wychowawczych i prowadzenia gosp. dom.,2024,gmina,Wierzchosławice,powiat tarnowski,4.64%
38,Bezradność w sprawach opiekuńczo-wychowawczych i prowadzenia gosp. dom.,2024,gmina,Wietrzychowice,powiat tarnowski,2.26%
38,Bezradność w sprawach opiekuńczo-wychowawczych i prowadzenia gosp. dom.,2024,gmina,Wojnicz,powiat tarnowski,2.12%
38,Bezradność w sprawach opiekuńczo-wychowawczych i prowadzenia gosp. dom.,2024,gmina,Zakliczyn,powiat tarnowski,31.50%
38,Bezradność w sprawach opiekuńczo-wychowawczych i prowadzenia gosp. dom.,2024,gmina,Żabno,powiat tarnowski,14.64%
38,Bezradność w sprawach opiekuńczo-wychowawczych i prowadzenia gosp. dom.,2024,powiat,powiat tatrzański,powiat tatrzański,23.15%
38,Bezradność w sprawach opiekuńczo-wychowawczych i prowadzenia gosp. dom.,2024,gmina,Biały Dunajec,powiat tatrzański,22.60%
38,Bezradność w sprawach opiekuńczo-wychowawczych i prowadzenia gosp. dom.,2024,gmina,Bukowina Tatrzańska,powiat tatrzański,11.95%
38,Bezradność w sprawach opiekuńczo-wychowawczych i prowadzenia gosp. dom.,2024,gmina,Kościelisko,powiat tatrzański,23.40%
38,Bezradność w sprawach opiekuńczo-wychowawczych i prowadzenia gosp. dom.,2024,gmina,Poronin,powiat tatrzański,48.67%
38,Bezradność w sprawach opiekuńczo-wychowawczych i prowadzenia gosp. dom.,2024,gmina,Zakopane,powiat tatrzański,24.65%
38,Bezradność w sprawach opiekuńczo-wychowawczych i prowadzenia gosp. dom.,2024,powiat,powiat wadowicki,powiat wadowicki,21.78%
38,Bezradność w sprawach opiekuńczo-wychowawczych i prowadzenia gosp. dom.,2024,gmina,Andrychów,powiat wadowicki,27.44%
38,Bezradność w sprawach opiekuńczo-wychowawczych i prowadzenia gosp. dom.,2024,gmina,Brzeźnica,powiat wadowicki,29.19%
38,Bezradność w sprawach opiekuńczo-wychowawczych i prowadzenia gosp. dom.,2024,gmina,Kalwaria Zebrzydowska,powiat wadowicki,18.75%
38,Bezradność w sprawach opiekuńczo-wychowawczych i prowadzenia gosp. dom.,2024,gmina,Lanckorona,powiat wadowicki,3.13%
38,Bezradność w sprawach opiekuńczo-wychowawczych i prowadzenia gosp. dom.,2024,gmina,Mucharz,powiat wadowicki,7.97%
38,Bezradność w sprawach opiekuńczo-wychowawczych i prowadzenia gosp. dom.,2024,gmina,Spytkowice,powiat wadowicki,27.63%
38,Bezradność w sprawach opiekuńczo-wychowawczych i prowadzenia gosp. dom.,2024,gmina,Stryszów,powiat wadowicki,30.70%
38,Bezradność w sprawach opiekuńczo-wychowawczych i prowadzenia gosp. dom.,2024,gmina,Tomice,powiat wadowicki,34.57%
38,Bezradność w sprawach opiekuńczo-wychowawczych i prowadzenia gosp. dom.,2024,gmina,Wadowice,powiat wadowicki,12.73%
38,Bezradność w sprawach opiekuńczo-wychowawczych i prowadzenia gosp. dom.,2024,gmina,Wieprz,powiat wadowicki,12.29%
38,Bezradność w sprawach opiekuńczo-wychowawczych i prowadzenia gosp. dom.,2024,powiat,powiat wielicki,powiat wielicki,17.06%
38,Bezradność w sprawach opiekuńczo-wychowawczych i prowadzenia gosp. dom.,2024,gmina,Biskupice,powiat wielicki,11.81%
38,Bezradność w sprawach opiekuńczo-wychowawczych i prowadzenia gosp. dom.,2024,gmina,Gdów,powiat wielicki,23.62%
38,Bezradność w sprawach opiekuńczo-wychowawczych i prowadzenia gosp. dom.,2024,gmina,Kłaj,powiat wielicki,31.82%
38,Bezradność w sprawach opiekuńczo-wychowawczych i prowadzenia gosp. dom.,2024,gmina,Niepołomice,powiat wielicki,29.09%
38,Bezradność w sprawach opiekuńczo-wychowawczych i prowadzenia gosp. dom.,2024,gmina,Wieliczka,powiat wielicki,7.48%
38,Bezradność w sprawach opiekuńczo-wychowawczych i prowadzenia gosp. dom.,2023,powiat,powiat bocheński,powiat bocheński,17.44%
38,Bezradność w sprawach opiekuńczo-wychowawczych i prowadzenia gosp. dom.,2023,gmina,Bochnia (miasto),powiat bocheński,19.23%
38,Bezradność w sprawach opiekuńczo-wychowawczych i prowadzenia gosp. dom.,2023,gmina,Bochnia (wieś),powiat bocheński,4.26%
38,Bezradność w sprawach opiekuńczo-wychowawczych i prowadzenia gosp. dom.,2023,gmina,Drwinia,powiat bocheński,24.26%
38,Bezradność w sprawach opiekuńczo-wychowawczych i prowadzenia gosp. dom.,2023,gmina,Lipnica Murowana,powiat bocheński,11.98%
38,Bezradność w sprawach opiekuńczo-wychowawczych i prowadzenia gosp. dom.,2023,gmina,Łapanów,powiat bocheński,14.88%
38,Bezradność w sprawach opiekuńczo-wychowawczych i prowadzenia gosp. dom.,2023,gmina,Nowy Wiśnicz,powiat bocheński,6.06%
38,Bezradność w sprawach opiekuńczo-wychowawczych i prowadzenia gosp. dom.,2023,gmina,Rzezawa,powiat bocheński,12.77%
38,Bezradność w sprawach opiekuńczo-wychowawczych i prowadzenia gosp. dom.,2023,gmina,Trzciana,powiat bocheński,64.46%
38,Bezradność w sprawach opiekuńczo-wychowawczych i prowadzenia gosp. dom.,2023,gmina,Żegocina,powiat bocheński,19.40%
38,Bezradność w sprawach opiekuńczo-wychowawczych i prowadzenia gosp. dom.,2023,powiat,powiat brzeski,powiat brzeski,20.37%
38,Bezradność w sprawach opiekuńczo-wychowawczych i prowadzenia gosp. dom.,2023,gmina,Borzęcin,powiat brzeski,11.45%
38,Bezradność w sprawach opiekuńczo-wychowawczych i prowadzenia gosp. dom.,2023,gmina,Brzesko,powiat brzeski,33.95%
38,Bezradność w sprawach opiekuńczo-wychowawczych i prowadzenia gosp. dom.,2023,gmina,Czchów,powiat brzeski,15.76%
38,Bezradność w sprawach opiekuńczo-wychowawczych i prowadzenia gosp. dom.,2023,gmina,Dębno,powiat brzeski,16.30%
38,Bezradność w sprawach opiekuńczo-wychowawczych i prowadzenia gosp. dom.,2023,gmina,Gnojnik,powiat brzeski,8.89%
38,Bezradność w sprawach opiekuńczo-wychowawczych i prowadzenia gosp. dom.,2023,gmina,Iwkowa,powiat brzeski,3.51%
38,Bezradność w sprawach opiekuńczo-wychowawczych i prowadzenia gosp. dom.,2023,gmina,Szczurowa,powiat brzeski,48.22%
38,Bezradność w sprawach opiekuńczo-wychowawczych i prowadzenia gosp. dom.,2023,powiat,powiat chrzanowski,powiat chrzanowski,41.47%
38,Bezradność w sprawach opiekuńczo-wychowawczych i prowadzenia gosp. dom.,2023,gmina,Alwernia,powiat chrzanowski,20.13%
38,Bezradność w sprawach opiekuńczo-wychowawczych i prowadzenia gosp. dom.,2023,gmina,Babice,powiat chrzanowski,23.38%
38,Bezradność w sprawach opiekuńczo-wychowawczych i prowadzenia gosp. dom.,2023,gmina,Chrzanów,powiat chrzanowski,20.48%
38,Bezradność w sprawach opiekuńczo-wychowawczych i prowadzenia gosp. dom.,2023,gmina,Libiąż,powiat chrzanowski,26.12%
38,Bezradność w sprawach opiekuńczo-wychowawczych i prowadzenia gosp. dom.,2023,gmina,Trzebinia,powiat chrzanowski,81.29%
38,Bezradność w sprawach opiekuńczo-wychowawczych i prowadzenia gosp. dom.,2023,powiat,powiat dąbrowski,powiat dąbrowski,15.95%
38,Bezradność w sprawach opiekuńczo-wychowawczych i prowadzenia gosp. dom.,2023,gmina,Bolesław,powiat dąbrowski,0.47%
38,Bezradność w sprawach opiekuńczo-wychowawczych i prowadzenia gosp. dom.,2023,gmina,Dąbrowa Tarnowska,powiat dąbrowski,11.52%
38,Bezradność w sprawach opiekuńczo-wychowawczych i prowadzenia gosp. dom.,2023,gmina,Gręboszów,powiat dąbrowski,12.07%
38,Bezradność w sprawach opiekuńczo-wychowawczych i prowadzenia gosp. dom.,2023,gmina,Mędrzechów,powiat dąbrowski,6.49%
38,Bezradność w sprawach opiekuńczo-wychowawczych i prowadzenia gosp. dom.,2023,gmina,Olesno,powiat dąbrowski,6.02%
38,Bezradność w sprawach opiekuńczo-wychowawczych i prowadzenia gosp. dom.,2023,gmina,Radgoszcz,powiat dąbrowski,4.49%
38,Bezradność w sprawach opiekuńczo-wychowawczych i prowadzenia gosp. dom.,2023,gmina,Szczucin,powiat dąbrowski,31.96%
38,Bezradność w sprawach opiekuńczo-wychowawczych i prowadzenia gosp. dom.,2023,powiat,powiat gorlicki,powiat gorlicki,11.66%
38,Bezradność w sprawach opiekuńczo-wychowawczych i prowadzenia gosp. dom.,2023,gmina,Biecz,powiat gorlicki,9.72%
38,Bezradność w sprawach opiekuńczo-wychowawczych i prowadzenia gosp. dom.,2023,gmina,Bobowa,powiat gorlicki,4.93%
38,Bezradność w sprawach opiekuńczo-wychowawczych i prowadzenia gosp. dom.,2023,gmina,Gorlice (miasto),powiat gorlicki,48.92%
38,Bezradność w sprawach opiekuńczo-wychowawczych i prowadzenia gosp. dom.,2023,gmina,Gorlice (wieś),powiat gorlicki,5.73%
38,Bezradność w sprawach opiekuńczo-wychowawczych i prowadzenia gosp. dom.,2023,gmina,Lipinki,powiat gorlicki,8.49%
38,Bezradność w sprawach opiekuńczo-wychowawczych i prowadzenia gosp. dom.,2023,gmina,Łużna,powiat gorlicki,9.36%
38,Bezradność w sprawach opiekuńczo-wychowawczych i prowadzenia gosp. dom.,2023,gmina,Moszczenica,powiat gorlicki,5.45%
38,Bezradność w sprawach opiekuńczo-wychowawczych i prowadzenia gosp. dom.,2023,gmina,Ropa,powiat gorlicki,0.35%
38,Bezradność w sprawach opiekuńczo-wychowawczych i prowadzenia gosp. dom.,2023,gmina,Sękowa,powiat gorlicki,9.18%
38,Bezradność w sprawach opiekuńczo-wychowawczych i prowadzenia gosp. dom.,2023,gmina,Uście Gorlickie,powiat gorlicki,1.76%
38,Bezradność w sprawach opiekuńczo-wychowawczych i prowadzenia gosp. dom.,2023,powiat,powiat krakowski,powiat krakowski,16.98%
38,Bezradność w sprawach opiekuńczo-wychowawczych i prowadzenia gosp. dom.,2023,gmina,Czernichów,powiat krakowski,8.93%
38,Bezradność w sprawach opiekuńczo-wychowawczych i prowadzenia gosp. dom.,2023,gmina,Igołomia-Wawrzeńczyce,powiat krakowski,31.82%
38,Bezradność w sprawach opiekuńczo-wychowawczych i prowadzenia gosp. dom.,2023,gmina,Iwanowice,powiat krakowski,33.10%
38,Bezradność w sprawach opiekuńczo-wychowawczych i prowadzenia gosp. dom.,2023,gmina,Jerzmanowice-Przeginia,powiat krakowski,11.25%
38,Bezradność w sprawach opiekuńczo-wychowawczych i prowadzenia gosp. dom.,2023,gmina,Kocmyrzów-Luborzyca,powiat krakowski,32.78%
38,Bezradność w sprawach opiekuńczo-wychowawczych i prowadzenia gosp. dom.,2023,gmina,Krzeszowice,powiat krakowski,7.99%
38,Bezradność w sprawach opiekuńczo-wychowawczych i prowadzenia gosp. dom.,2023,gmina,Liszki,powiat krakowski,13.66%
38,Bezradność w sprawach opiekuńczo-wychowawczych i prowadzenia gosp. dom.,2023,gmina,Michałowice,powiat krakowski,46.18%
38,Bezradność w sprawach opiekuńczo-wychowawczych i prowadzenia gosp. dom.,2023,gmina,Mogilany,powiat krakowski,9.92%
38,Bezradność w sprawach opiekuńczo-wychowawczych i prowadzenia gosp. dom.,2023,gmina,Skała,powiat krakowski,17.88%
38,Bezradność w sprawach opiekuńczo-wychowawczych i prowadzenia gosp. dom.,2023,gmina,Skawina,powiat krakowski,7.94%
38,Bezradność w sprawach opiekuńczo-wychowawczych i prowadzenia gosp. dom.,2023,gmina,Słomniki,powiat krakowski,14.40%
38,Bezradność w sprawach opiekuńczo-wychowawczych i prowadzenia gosp. dom.,2023,gmina,Sułoszowa,powiat krakowski,29.70%
38,Bezradność w sprawach opiekuńczo-wychowawczych i prowadzenia gosp. dom.,2023,gmina,Świątniki Górne,powiat krakowski,40.36%
38,Bezradność w sprawach opiekuńczo-wychowawczych i prowadzenia gosp. dom.,2023,gmina,Wielka Wieś,powiat krakowski,12.50%
38,Bezradność w sprawach opiekuńczo-wychowawczych i prowadzenia gosp. dom.,2023,gmina,Zabierzów,powiat krakowski,8.42%
38,Bezradność w sprawach opiekuńczo-wychowawczych i prowadzenia gosp. dom.,2023,gmina,Zielonki,powiat krakowski,12.42%
38,Bezradność w sprawach opiekuńczo-wychowawczych i prowadzenia gosp. dom.,2023,powiat,powiat limanowski,powiat limanowski,7.37%
38,Bezradność w sprawach opiekuńczo-wychowawczych i prowadzenia gosp. dom.,2023,gmina,Dobra,powiat limanowski,9.64%
38,Bezradność w sprawach opiekuńczo-wychowawczych i prowadzenia gosp. dom.,2023,gmina,Jodłownik,powiat limanowski,9.24%
38,Bezradność w sprawach opiekuńczo-wychowawczych i prowadzenia gosp. dom.,2023,gmina,Kamienica,powiat limanowski,3.28%
38,Bezradność w sprawach opiekuńczo-wychowawczych i prowadzenia gosp. dom.,2023,gmina,Laskowa,powiat limanowski,3.11%
38,Bezradność w sprawach opiekuńczo-wychowawczych i prowadzenia gosp. dom.,2023,gmina,Limanowa (miasto),powiat limanowski,5.88%
38,Bezradność w sprawach opiekuńczo-wychowawczych i prowadzenia gosp. dom.,2023,gmina,Limanowa (wieś),powiat limanowski,3.58%
38,Bezradność w sprawach opiekuńczo-wychowawczych i prowadzenia gosp. dom.,2023,gmina,Łukowica,powiat limanowski,1.69%
38,Bezradność w sprawach opiekuńczo-wychowawczych i prowadzenia gosp. dom.,2023,gmina,Mszana Dolna (miasto),powiat limanowski,35.80%
38,Bezradność w sprawach opiekuńczo-wychowawczych i prowadzenia gosp. dom.,2023,gmina,Mszana Dolna (wieś),powiat limanowski,9.34%
38,Bezradność w sprawach opiekuńczo-wychowawczych i prowadzenia gosp. dom.,2023,gmina,Niedźwiedź,powiat limanowski,13.02%
38,Bezradność w sprawach opiekuńczo-wychowawczych i prowadzenia gosp. dom.,2023,gmina,Słopnice,powiat limanowski,0.00%
38,Bezradność w sprawach opiekuńczo-wychowawczych i prowadzenia gosp. dom.,2023,gmina,Tymbark,powiat limanowski,11.88%
38,Bezradność w sprawach opiekuńczo-wychowawczych i prowadzenia gosp. dom.,2023,powiat,powiat m. Kraków,powiat m. Kraków,24.05%
38,Bezradność w sprawach opiekuńczo-wychowawczych i prowadzenia gosp. dom.,2023,powiat,powiat m. Nowy Sącz,powiat m. Nowy Sącz,37.28%
38,Bezradność w sprawach opiekuńczo-wychowawczych i prowadzenia gosp. dom.,2023,powiat,powiat m. Tarnów,powiat m. Tarnów,8.59%
38,Bezradność w sprawach opiekuńczo-wychowawczych i prowadzenia gosp. dom.,2023,powiat,powiat miechowski,powiat miechowski,21.33%
38,Bezradność w sprawach opiekuńczo-wychowawczych i prowadzenia gosp. dom.,2023,gmina,Charsznica,powiat miechowski,24.88%
38,Bezradność w sprawach opiekuńczo-wychowawczych i prowadzenia gosp. dom.,2023,gmina,Gołcza,powiat miechowski,11.61%
38,Bezradność w sprawach opiekuńczo-wychowawczych i prowadzenia gosp. dom.,2023,gmina,Kozłów,powiat miechowski,6.84%
38,Bezradność w sprawach opiekuńczo-wychowawczych i prowadzenia gosp. dom.,2023,gmina,Książ Wielki,powiat miechowski,33.96%
38,Bezradność w sprawach opiekuńczo-wychowawczych i prowadzenia gosp. dom.,2023,gmina,Miechów,powiat miechowski,25.69%
38,Bezradność w sprawach opiekuńczo-wychowawczych i prowadzenia gosp. dom.,2023,gmina,Racławice,powiat miechowski,14.75%
38,Bezradność w sprawach opiekuńczo-wychowawczych i prowadzenia gosp. dom.,2023,gmina,Słaboszów,powiat miechowski,7.48%
38,Bezradność w sprawach opiekuńczo-wychowawczych i prowadzenia gosp. dom.,2023,powiat,powiat myślenicki,powiat myślenicki,12.30%
38,Bezradność w sprawach opiekuńczo-wychowawczych i prowadzenia gosp. dom.,2023,gmina,Dobczyce,powiat myślenicki,8.05%
38,Bezradność w sprawach opiekuńczo-wychowawczych i prowadzenia gosp. dom.,2023,gmina,Lubień,powiat myślenicki,4.68%
38,Bezradność w sprawach opiekuńczo-wychowawczych i prowadzenia gosp. dom.,2023,gmina,Myślenice,powiat myślenicki,23.72%
38,Bezradność w sprawach opiekuńczo-wychowawczych i prowadzenia gosp. dom.,2023,gmina,Pcim,powiat myślenicki,7.02%
38,Bezradność w sprawach opiekuńczo-wychowawczych i prowadzenia gosp. dom.,2023,gmina,Raciechowice,powiat myślenicki,2.75%
38,Bezradność w sprawach opiekuńczo-wychowawczych i prowadzenia gosp. dom.,2023,gmina,Siepraw,powiat myślenicki,20.00%
38,Bezradność w sprawach opiekuńczo-wychowawczych i prowadzenia gosp. dom.,2023,gmina,Sułkowice,powiat myślenicki,6.62%
38,Bezradność w sprawach opiekuńczo-wychowawczych i prowadzenia gosp. dom.,2023,gmina,Tokarnia,powiat myślenicki,5.43%
38,Bezradność w sprawach opiekuńczo-wychowawczych i prowadzenia gosp. dom.,2023,gmina,Wiśniowa,powiat myślenicki,21.29%
38,Bezradność w sprawach opiekuńczo-wychowawczych i prowadzenia gosp. dom.,2023,powiat,powiat nowosądecki,powiat nowosądecki,7.49%
38,Bezradność w sprawach opiekuńczo-wychowawczych i prowadzenia gosp. dom.,2023,gmina,Podegrodzie,powiat nowosądecki,12.78%
38,Bezradność w sprawach opiekuńczo-wychowawczych i prowadzenia gosp. dom.,2023,gmina,Rytro,powiat nowosądecki,2.28%
38,Bezradność w sprawach opiekuńczo-wychowawczych i prowadzenia gosp. dom.,2023,gmina,Stary Sącz,powiat nowosądecki,13.24%
38,Bezradność w sprawach opiekuńczo-wychowawczych i prowadzenia gosp. dom.,2023,gmina,Chełmiec,powiat nowosądecki,10.18%
38,Bezradność w sprawach opiekuńczo-wychowawczych i prowadzenia gosp. dom.,2023,gmina,Gródek nad Dunajcem,powiat nowosądecki,4.35%
38,Bezradność w sprawach opiekuńczo-wychowawczych i prowadzenia gosp. dom.,2023,gmina,Grybów (miasto),powiat nowosądecki,5.36%
38,Bezradność w sprawach opiekuńczo-wychowawczych i prowadzenia gosp. dom.,2023,gmina,Grybów (wieś),powiat nowosądecki,5.77%
38,Bezradność w sprawach opiekuńczo-wychowawczych i prowadzenia gosp. dom.,2023,gmina,Kamionka Wielka,powiat nowosądecki,6.71%
38,Bezradność w sprawach opiekuńczo-wychowawczych i prowadzenia gosp. dom.,2023,gmina,Korzenna,powiat nowosądecki,2.65%
38,Bezradność w sprawach opiekuńczo-wychowawczych i prowadzenia gosp. dom.,2023,gmina,Krynica-Zdrój,powiat nowosądecki,4.84%
38,Bezradność w sprawach opiekuńczo-wychowawczych i prowadzenia gosp. dom.,2023,gmina,Łabowa,powiat nowosądecki,4.68%
38,Bezradność w sprawach opiekuńczo-wychowawczych i prowadzenia gosp. dom.,2023,gmina,Łącko,powiat nowosądecki,13.10%
38,Bezradność w sprawach opiekuńczo-wychowawczych i prowadzenia gosp. dom.,2023,gmina,Łososina Dolna,powiat nowosądecki,8.88%
38,Bezradność w sprawach opiekuńczo-wychowawczych i prowadzenia gosp. dom.,2023,gmina,Muszyna,powiat nowosądecki,12.28%
38,Bezradność w sprawach opiekuńczo-wychowawczych i prowadzenia gosp. dom.,2023,gmina,Nawojowa,powiat nowosądecki,6.78%
38,Bezradność w sprawach opiekuńczo-wychowawczych i prowadzenia gosp. dom.,2023,gmina,Piwniczna-Zdrój,powiat nowosądecki,6.84%
38,Bezradność w sprawach opiekuńczo-wychowawczych i prowadzenia gosp. dom.,2023,powiat,powiat nowotarski,powiat nowotarski,27.66%
38,Bezradność w sprawach opiekuńczo-wychowawczych i prowadzenia gosp. dom.,2023,gmina,Czarny Dunajec,powiat nowotarski,19.64%
38,Bezradność w sprawach opiekuńczo-wychowawczych i prowadzenia gosp. dom.,2023,gmina,Czorsztyn,powiat nowotarski,17.04%
38,Bezradność w sprawach opiekuńczo-wychowawczych i prowadzenia gosp. dom.,2023,gmina,Jabłonka,powiat nowotarski,70.00%
38,Bezradność w sprawach opiekuńczo-wychowawczych i prowadzenia gosp. dom.,2023,gmina,Krościenko nad Dunajcem,powiat nowotarski,6.08%
38,Bezradność w sprawach opiekuńczo-wychowawczych i prowadzenia gosp. dom.,2023,gmina,Lipnica Wielka,powiat nowotarski,31.85%
38,Bezradność w sprawach opiekuńczo-wychowawczych i prowadzenia gosp. dom.,2023,gmina,Łapsze Niżne,powiat nowotarski,2.63%
38,Bezradność w sprawach opiekuńczo-wychowawczych i prowadzenia gosp. dom.,2023,gmina,Nowy Targ (miasto),powiat nowotarski,25.54%
38,Bezradność w sprawach opiekuńczo-wychowawczych i prowadzenia gosp. dom.,2023,gmina,Nowy Targ (wieś),powiat nowotarski,63.85%
38,Bezradność w sprawach opiekuńczo-wychowawczych i prowadzenia gosp. dom.,2023,gmina,Ochotnica Dolna,powiat nowotarski,11.79%
38,Bezradność w sprawach opiekuńczo-wychowawczych i prowadzenia gosp. dom.,2023,gmina,Raba Wyżna,powiat nowotarski,5.59%
38,Bezradność w sprawach opiekuńczo-wychowawczych i prowadzenia gosp. dom.,2023,gmina,Rabka-Zdrój,powiat nowotarski,20.88%
38,Bezradność w sprawach opiekuńczo-wychowawczych i prowadzenia gosp. dom.,2023,gmina,Spytkowice,powiat nowotarski,7.05%
38,Bezradność w sprawach opiekuńczo-wychowawczych i prowadzenia gosp. dom.,2023,gmina,Szaflary,powiat nowotarski,38.91%
38,Bezradność w sprawach opiekuńczo-wychowawczych i prowadzenia gosp. dom.,2023,gmina,Szczawnica,powiat nowotarski,12.99%
38,Bezradność w sprawach opiekuńczo-wychowawczych i prowadzenia gosp. dom.,2023,powiat,powiat olkuski,powiat olkuski,22.26%
38,Bezradność w sprawach opiekuńczo-wychowawczych i prowadzenia gosp. dom.,2023,gmina,Bolesław,powiat olkuski,34.13%
38,Bezradność w sprawach opiekuńczo-wychowawczych i prowadzenia gosp. dom.,2023,gmina,Bukowno,powiat olkuski,48.23%
38,Bezradność w sprawach opiekuńczo-wychowawczych i prowadzenia gosp. dom.,2023,gmina,Klucze,powiat olkuski,25.90%
38,Bezradność w sprawach opiekuńczo-wychowawczych i prowadzenia gosp. dom.,2023,gmina,Olkusz,powiat olkuski,15.51%
38,Bezradność w sprawach opiekuńczo-wychowawczych i prowadzenia gosp. dom.,2023,gmina,Trzyciąż,powiat olkuski,33.33%
38,Bezradność w sprawach opiekuńczo-wychowawczych i prowadzenia gosp. dom.,2023,gmina,Wolbrom,powiat olkuski,18.35%
38,Bezradność w sprawach opiekuńczo-wychowawczych i prowadzenia gosp. dom.,2023,powiat,powiat oświęcimski,powiat oświęcimski,35.23%
38,Bezradność w sprawach opiekuńczo-wychowawczych i prowadzenia gosp. dom.,2023,gmina,Brzeszcze,powiat oświęcimski,23.33%
38,Bezradność w sprawach opiekuńczo-wychowawczych i prowadzenia gosp. dom.,2023,gmina,Chełmek,powiat oświęcimski,27.98%
38,Bezradność w sprawach opiekuńczo-wychowawczych i prowadzenia gosp. dom.,2023,gmina,Kęty,powiat oświęcimski,40.00%
38,Bezradność w sprawach opiekuńczo-wychowawczych i prowadzenia gosp. dom.,2023,gmina,Osiek,powiat oświęcimski,35.94%
38,Bezradność w sprawach opiekuńczo-wychowawczych i prowadzenia gosp. dom.,2023,gmina,Oświęcim (miasto),powiat oświęcimski,38.38%
38,Bezradność w sprawach opiekuńczo-wychowawczych i prowadzenia gosp. dom.,2023,gmina,Oświęcim (wieś),powiat oświęcimski,42.78%
38,Bezradność w sprawach opiekuńczo-wychowawczych i prowadzenia gosp. dom.,2023,gmina,Polanka Wielka,powiat oświęcimski,0.00%
38,Bezradność w sprawach opiekuńczo-wychowawczych i prowadzenia gosp. dom.,2023,gmina,Przeciszów,powiat oświęcimski,19.23%
38,Bezradność w sprawach opiekuńczo-wychowawczych i prowadzenia gosp. dom.,2023,gmina,Zator,powiat oświęcimski,27.40%
38,Bezradność w sprawach opiekuńczo-wychowawczych i prowadzenia gosp. dom.,2023,powiat,powiat proszowicki,powiat proszowicki,11.20%
38,Bezradność w sprawach opiekuńczo-wychowawczych i prowadzenia gosp. dom.,2023,gmina,Koniusza,powiat proszowicki,3.50%
38,Bezradność w sprawach opiekuńczo-wychowawczych i prowadzenia gosp. dom.,2023,gmina,Koszyce,powiat proszowicki,1.12%
38,Bezradność w sprawach opiekuńczo-wychowawczych i prowadzenia gosp. dom.,2023,gmina,Nowe Brzesko,powiat proszowicki,18.34%
38,Bezradność w sprawach opiekuńczo-wychowawczych i prowadzenia gosp. dom.,2023,gmina,Pałecznica,powiat proszowicki,6.34%
38,Bezradność w sprawach opiekuńczo-wychowawczych i prowadzenia gosp. dom.,2023,gmina,Proszowice,powiat proszowicki,22.58%
38,Bezradność w sprawach opiekuńczo-wychowawczych i prowadzenia gosp. dom.,2023,gmina,Radziemice,powiat proszowicki,0.00%
38,Bezradność w sprawach opiekuńczo-wychowawczych i prowadzenia gosp. dom.,2023,powiat,powiat suski,powiat suski,20.02%
38,Bezradność w sprawach opiekuńczo-wychowawczych i prowadzenia gosp. dom.,2023,gmina,Budzów,powiat suski,16.30%
38,Bezradność w sprawach opiekuńczo-wychowawczych i prowadzenia gosp. dom.,2023,gmina,Bystra-Sidzina,powiat suski,7.96%
38,Bezradność w sprawach opiekuńczo-wychowawczych i prowadzenia gosp. dom.,2023,gmina,Jordanów (miasto),powiat suski,39.39%
38,Bezradność w sprawach opiekuńczo-wychowawczych i prowadzenia gosp. dom.,2023,gmina,Jordanów (wieś),powiat suski,31.94%
38,Bezradność w sprawach opiekuńczo-wychowawczych i prowadzenia gosp. dom.,2023,gmina,Maków Podhalański,powiat suski,29.93%
38,Bezradność w sprawach opiekuńczo-wychowawczych i prowadzenia gosp. dom.,2023,gmina,Stryszawa,powiat suski,5.92%
38,Bezradność w sprawach opiekuńczo-wychowawczych i prowadzenia gosp. dom.,2023,gmina,Sucha Beskidzka,powiat suski,15.38%
38,Bezradność w sprawach opiekuńczo-wychowawczych i prowadzenia gosp. dom.,2023,gmina,Zawoja,powiat suski,11.20%
38,Bezradność w sprawach opiekuńczo-wychowawczych i prowadzenia gosp. dom.,2023,gmina,Zembrzyce,powiat suski,14.77%
38,Bezradność w sprawach opiekuńczo-wychowawczych i prowadzenia gosp. dom.,2023,powiat,powiat tarnowski,powiat tarnowski,10.82%
38,Bezradność w sprawach opiekuńczo-wychowawczych i prowadzenia gosp. dom.,2023,gmina,Ciężkowice,powiat tarnowski,0.43%
38,Bezradność w sprawach opiekuńczo-wychowawczych i prowadzenia gosp. dom.,2023,gmina,Gromnik,powiat tarnowski,7.64%
38,Bezradność w sprawach opiekuńczo-wychowawczych i prowadzenia gosp. dom.,2023,gmina,Lisia Góra,powiat tarnowski,6.37%
38,Bezradność w sprawach opiekuńczo-wychowawczych i prowadzenia gosp. dom.,2023,gmina,Pleśna,powiat tarnowski,12.83%
38,Bezradność w sprawach opiekuńczo-wychowawczych i prowadzenia gosp. dom.,2023,gmina,Radłów,powiat tarnowski,12.22%
38,Bezradność w sprawach opiekuńczo-wychowawczych i prowadzenia gosp. dom.,2023,gmina,Ryglice,powiat tarnowski,0.70%
38,Bezradność w sprawach opiekuńczo-wychowawczych i prowadzenia gosp. dom.,2023,gmina,Rzepiennik Strzyżewski,powiat tarnowski,1.29%
38,Bezradność w sprawach opiekuńczo-wychowawczych i prowadzenia gosp. dom.,2023,gmina,Skrzyszów,powiat tarnowski,9.82%
38,Bezradność w sprawach opiekuńczo-wychowawczych i prowadzenia gosp. dom.,2023,gmina,Szerzyny,powiat tarnowski,13.84%
38,Bezradność w sprawach opiekuńczo-wychowawczych i prowadzenia gosp. dom.,2023,gmina,Tarnów (wieś),powiat tarnowski,16.26%
38,Bezradność w sprawach opiekuńczo-wychowawczych i prowadzenia gosp. dom.,2023,gmina,Tuchów,powiat tarnowski,17.51%
38,Bezradność w sprawach opiekuńczo-wychowawczych i prowadzenia gosp. dom.,2023,gmina,Wierzchosławice,powiat tarnowski,14.87%
38,Bezradność w sprawach opiekuńczo-wychowawczych i prowadzenia gosp. dom.,2023,gmina,Wietrzychowice,powiat tarnowski,6.25%
38,Bezradność w sprawach opiekuńczo-wychowawczych i prowadzenia gosp. dom.,2023,gmina,Wojnicz,powiat tarnowski,4.31%
38,Bezradność w sprawach opiekuńczo-wychowawczych i prowadzenia gosp. dom.,2023,gmina,Zakliczyn,powiat tarnowski,32.04%
38,Bezradność w sprawach opiekuńczo-wychowawczych i prowadzenia gosp. dom.,2023,gmina,Żabno,powiat tarnowski,10.98%
38,Bezradność w sprawach opiekuńczo-wychowawczych i prowadzenia gosp. dom.,2023,powiat,powiat tatrzański,powiat tatrzański,23.78%
38,Bezradność w sprawach opiekuńczo-wychowawczych i prowadzenia gosp. dom.,2023,gmina,Biały Dunajec,powiat tatrzański,21.05%
38,Bezradność w sprawach opiekuńczo-wychowawczych i prowadzenia gosp. dom.,2023,gmina,Bukowina Tatrzańska,powiat tatrzański,12.47%
38,Bezradność w sprawach opiekuńczo-wychowawczych i prowadzenia gosp. dom.,2023,gmina,Kościelisko,powiat tatrzański,27.35%
38,Bezradność w sprawach opiekuńczo-wychowawczych i prowadzenia gosp. dom.,2023,gmina,Poronin,powiat tatrzański,32.78%
38,Bezradność w sprawach opiekuńczo-wychowawczych i prowadzenia gosp. dom.,2023,gmina,Zakopane,powiat tatrzański,26.71%
38,Bezradność w sprawach opiekuńczo-wychowawczych i prowadzenia gosp. dom.,2023,powiat,powiat wadowicki,powiat wadowicki,21.36%
38,Bezradność w sprawach opiekuńczo-wychowawczych i prowadzenia gosp. dom.,2023,gmina,Andrychów,powiat wadowicki,26.66%
38,Bezradność w sprawach opiekuńczo-wychowawczych i prowadzenia gosp. dom.,2023,gmina,Brzeźnica,powiat wadowicki,25.11%
38,Bezradność w sprawach opiekuńczo-wychowawczych i prowadzenia gosp. dom.,2023,gmina,Kalwaria Zebrzydowska,powiat wadowicki,25.28%
38,Bezradność w sprawach opiekuńczo-wychowawczych i prowadzenia gosp. dom.,2023,gmina,Lanckorona,powiat wadowicki,11.76%
38,Bezradność w sprawach opiekuńczo-wychowawczych i prowadzenia gosp. dom.,2023,gmina,Mucharz,powiat wadowicki,7.10%
38,Bezradność w sprawach opiekuńczo-wychowawczych i prowadzenia gosp. dom.,2023,gmina,Spytkowice,powiat wadowicki,21.84%
38,Bezradność w sprawach opiekuńczo-wychowawczych i prowadzenia gosp. dom.,2023,gmina,Stryszów,powiat wadowicki,16.67%
38,Bezradność w sprawach opiekuńczo-wychowawczych i prowadzenia gosp. dom.,2023,gmina,Tomice,powiat wadowicki,32.74%
38,Bezradność w sprawach opiekuńczo-wychowawczych i prowadzenia gosp. dom.,2023,gmina,Wadowice,powiat wadowicki,14.50%
38,Bezradność w sprawach opiekuńczo-wychowawczych i prowadzenia gosp. dom.,2023,gmina,Wieprz,powiat wadowicki,14.86%
38,Bezradność w sprawach opiekuńczo-wychowawczych i prowadzenia gosp. dom.,2023,powiat,powiat wielicki,powiat wielicki,17.27%
38,Bezradność w sprawach opiekuńczo-wychowawczych i prowadzenia gosp. dom.,2023,gmina,Biskupice,powiat wielicki,15.89%
38,Bezradność w sprawach opiekuńczo-wychowawczych i prowadzenia gosp. dom.,2023,gmina,Gdów,powiat wielicki,12.92%
38,Bezradność w sprawach opiekuńczo-wychowawczych i prowadzenia gosp. dom.,2023,gmina,Kłaj,powiat wielicki,43.81%
38,Bezradność w sprawach opiekuńczo-wychowawczych i prowadzenia gosp. dom.,2023,gmina,Niepołomice,powiat wielicki,24.72%
38,Bezradność w sprawach opiekuńczo-wychowawczych i prowadzenia gosp. dom.,2023,gmina,Wieliczka,powiat wielicki,8.27%
38,Bezradność w sprawach opiekuńczo-wychowawczych i prowadzenia gosp. dom.,2022,powiat,powiat bocheński,powiat bocheński,18.80%
38,Bezradność w sprawach opiekuńczo-wychowawczych i prowadzenia gosp. dom.,2022,gmina,Bochnia (miasto),powiat bocheński,23.24%
38,Bezradność w sprawach opiekuńczo-wychowawczych i prowadzenia gosp. dom.,2022,gmina,Bochnia (wieś),powiat bocheński,6.98%
38,Bezradność w sprawach opiekuńczo-wychowawczych i prowadzenia gosp. dom.,2022,gmina,Drwinia,powiat bocheński,11.57%
38,Bezradność w sprawach opiekuńczo-wychowawczych i prowadzenia gosp. dom.,2022,gmina,Lipnica Murowana,powiat bocheński,11.49%
38,Bezradność w sprawach opiekuńczo-wychowawczych i prowadzenia gosp. dom.,2022,gmina,Łapanów,powiat bocheński,27.06%
38,Bezradność w sprawach opiekuńczo-wychowawczych i prowadzenia gosp. dom.,2022,gmina,Nowy Wiśnicz,powiat bocheński,6.97%
38,Bezradność w sprawach opiekuńczo-wychowawczych i prowadzenia gosp. dom.,2022,gmina,Rzezawa,powiat bocheński,12.89%
38,Bezradność w sprawach opiekuńczo-wychowawczych i prowadzenia gosp. dom.,2022,gmina,Trzciana,powiat bocheński,63.68%
38,Bezradność w sprawach opiekuńczo-wychowawczych i prowadzenia gosp. dom.,2022,gmina,Żegocina,powiat bocheński,10.68%
38,Bezradność w sprawach opiekuńczo-wychowawczych i prowadzenia gosp. dom.,2022,powiat,powiat brzeski,powiat brzeski,17.21%
38,Bezradność w sprawach opiekuńczo-wychowawczych i prowadzenia gosp. dom.,2022,gmina,Borzęcin,powiat brzeski,10.00%
38,Bezradność w sprawach opiekuńczo-wychowawczych i prowadzenia gosp. dom.,2022,gmina,Brzesko,powiat brzeski,31.58%
38,Bezradność w sprawach opiekuńczo-wychowawczych i prowadzenia gosp. dom.,2022,gmina,Czchów,powiat brzeski,14.72%
38,Bezradność w sprawach opiekuńczo-wychowawczych i prowadzenia gosp. dom.,2022,gmina,Dębno,powiat brzeski,13.04%
38,Bezradność w sprawach opiekuńczo-wychowawczych i prowadzenia gosp. dom.,2022,gmina,Gnojnik,powiat brzeski,11.29%
38,Bezradność w sprawach opiekuńczo-wychowawczych i prowadzenia gosp. dom.,2022,gmina,Iwkowa,powiat brzeski,4.26%
38,Bezradność w sprawach opiekuńczo-wychowawczych i prowadzenia gosp. dom.,2022,gmina,Szczurowa,powiat brzeski,17.12%
38,Bezradność w sprawach opiekuńczo-wychowawczych i prowadzenia gosp. dom.,2022,powiat,powiat chrzanowski,powiat chrzanowski,39.82%
38,Bezradność w sprawach opiekuńczo-wychowawczych i prowadzenia gosp. dom.,2022,gmina,Alwernia,powiat chrzanowski,12.54%
38,Bezradność w sprawach opiekuńczo-wychowawczych i prowadzenia gosp. dom.,2022,gmina,Babice,powiat chrzanowski,25.19%
38,Bezradność w sprawach opiekuńczo-wychowawczych i prowadzenia gosp. dom.,2022,gmina,Chrzanów,powiat chrzanowski,20.35%
38,Bezradność w sprawach opiekuńczo-wychowawczych i prowadzenia gosp. dom.,2022,gmina,Libiąż,powiat chrzanowski,20.79%
38,Bezradność w sprawach opiekuńczo-wychowawczych i prowadzenia gosp. dom.,2022,gmina,Trzebinia,powiat chrzanowski,81.53%
38,Bezradność w sprawach opiekuńczo-wychowawczych i prowadzenia gosp. dom.,2022,powiat,powiat dąbrowski,powiat dąbrowski,16.57%
38,Bezradność w sprawach opiekuńczo-wychowawczych i prowadzenia gosp. dom.,2022,gmina,Bolesław,powiat dąbrowski,24.02%
38,Bezradność w sprawach opiekuńczo-wychowawczych i prowadzenia gosp. dom.,2022,gmina,Dąbrowa Tarnowska,powiat dąbrowski,10.39%
38,Bezradność w sprawach opiekuńczo-wychowawczych i prowadzenia gosp. dom.,2022,gmina,Gręboszów,powiat dąbrowski,10.67%
38,Bezradność w sprawach opiekuńczo-wychowawczych i prowadzenia gosp. dom.,2022,gmina,Mędrzechów,powiat dąbrowski,10.26%
38,Bezradność w sprawach opiekuńczo-wychowawczych i prowadzenia gosp. dom.,2022,gmina,Olesno,powiat dąbrowski,8.58%
38,Bezradność w sprawach opiekuńczo-wychowawczych i prowadzenia gosp. dom.,2022,gmina,Radgoszcz,powiat dąbrowski,1.20%
38,Bezradność w sprawach opiekuńczo-wychowawczych i prowadzenia gosp. dom.,2022,gmina,Szczucin,powiat dąbrowski,31.31%
38,Bezradność w sprawach opiekuńczo-wychowawczych i prowadzenia gosp. dom.,2022,powiat,powiat gorlicki,powiat gorlicki,11.58%
38,Bezradność w sprawach opiekuńczo-wychowawczych i prowadzenia gosp. dom.,2022,gmina,Biecz,powiat gorlicki,10.82%
38,Bezradność w sprawach opiekuńczo-wychowawczych i prowadzenia gosp. dom.,2022,gmina,Bobowa,powiat gorlicki,1.79%
38,Bezradność w sprawach opiekuńczo-wychowawczych i prowadzenia gosp. dom.,2022,gmina,Gorlice (miasto),powiat gorlicki,50.78%
38,Bezradność w sprawach opiekuńczo-wychowawczych i prowadzenia gosp. dom.,2022,gmina,Gorlice (wieś),powiat gorlicki,4.35%
38,Bezradność w sprawach opiekuńczo-wychowawczych i prowadzenia gosp. dom.,2022,gmina,Lipinki,powiat gorlicki,6.71%
38,Bezradność w sprawach opiekuńczo-wychowawczych i prowadzenia gosp. dom.,2022,gmina,Łużna,powiat gorlicki,9.54%
38,Bezradność w sprawach opiekuńczo-wychowawczych i prowadzenia gosp. dom.,2022,gmina,Moszczenica,powiat gorlicki,5.25%
38,Bezradność w sprawach opiekuńczo-wychowawczych i prowadzenia gosp. dom.,2022,gmina,Ropa,powiat gorlicki,10.65%
38,Bezradność w sprawach opiekuńczo-wychowawczych i prowadzenia gosp. dom.,2022,gmina,Sękowa,powiat gorlicki,7.54%
38,Bezradność w sprawach opiekuńczo-wychowawczych i prowadzenia gosp. dom.,2022,gmina,Uście Gorlickie,powiat gorlicki,4.28%
38,Bezradność w sprawach opiekuńczo-wychowawczych i prowadzenia gosp. dom.,2022,powiat,powiat krakowski,powiat krakowski,16.04%
38,Bezradność w sprawach opiekuńczo-wychowawczych i prowadzenia gosp. dom.,2022,gmina,Czernichów,powiat krakowski,4.76%
38,Bezradność w sprawach opiekuńczo-wychowawczych i prowadzenia gosp. dom.,2022,gmina,Igołomia-Wawrzeńczyce,powiat krakowski,51.59%
38,Bezradność w sprawach opiekuńczo-wychowawczych i prowadzenia gosp. dom.,2022,gmina,Iwanowice,powiat krakowski,35.21%
38,Bezradność w sprawach opiekuńczo-wychowawczych i prowadzenia gosp. dom.,2022,gmina,Jerzmanowice-Przeginia,powiat krakowski,6.93%
38,Bezradność w sprawach opiekuńczo-wychowawczych i prowadzenia gosp. dom.,2022,gmina,Kocmyrzów-Luborzyca,powiat krakowski,32.55%
38,Bezradność w sprawach opiekuńczo-wychowawczych i prowadzenia gosp. dom.,2022,gmina,Krzeszowice,powiat krakowski,8.14%
38,Bezradność w sprawach opiekuńczo-wychowawczych i prowadzenia gosp. dom.,2022,gmina,Liszki,powiat krakowski,15.25%
38,Bezradność w sprawach opiekuńczo-wychowawczych i prowadzenia gosp. dom.,2022,gmina,Michałowice,powiat krakowski,40.76%
38,Bezradność w sprawach opiekuńczo-wychowawczych i prowadzenia gosp. dom.,2022,gmina,Mogilany,powiat krakowski,0.00%
38,Bezradność w sprawach opiekuńczo-wychowawczych i prowadzenia gosp. dom.,2022,gmina,Skała,powiat krakowski,4.84%
38,Bezradność w sprawach opiekuńczo-wychowawczych i prowadzenia gosp. dom.,2022,gmina,Skawina,powiat krakowski,9.10%
38,Bezradność w sprawach opiekuńczo-wychowawczych i prowadzenia gosp. dom.,2022,gmina,Słomniki,powiat krakowski,10.85%
38,Bezradność w sprawach opiekuńczo-wychowawczych i prowadzenia gosp. dom.,2022,gmina,Sułoszowa,powiat krakowski,19.19%
38,Bezradność w sprawach opiekuńczo-wychowawczych i prowadzenia gosp. dom.,2022,gmina,Świątniki Górne,powiat krakowski,12.76%
38,Bezradność w sprawach opiekuńczo-wychowawczych i prowadzenia gosp. dom.,2022,gmina,Wielka Wieś,powiat krakowski,15.09%
38,Bezradność w sprawach opiekuńczo-wychowawczych i prowadzenia gosp. dom.,2022,gmina,Zabierzów,powiat krakowski,9.72%
38,Bezradność w sprawach opiekuńczo-wychowawczych i prowadzenia gosp. dom.,2022,gmina,Zielonki,powiat krakowski,15.19%
38,Bezradność w sprawach opiekuńczo-wychowawczych i prowadzenia gosp. dom.,2022,powiat,powiat limanowski,powiat limanowski,10.65%
38,Bezradność w sprawach opiekuńczo-wychowawczych i prowadzenia gosp. dom.,2022,gmina,Dobra,powiat limanowski,8.89%
38,Bezradność w sprawach opiekuńczo-wychowawczych i prowadzenia gosp. dom.,2022,gmina,Jodłownik,powiat limanowski,56.28%
38,Bezradność w sprawach opiekuńczo-wychowawczych i prowadzenia gosp. dom.,2022,gmina,Kamienica,powiat limanowski,7.03%
38,Bezradność w sprawach opiekuńczo-wychowawczych i prowadzenia gosp. dom.,2022,gmina,Laskowa,powiat limanowski,0.97%
38,Bezradność w sprawach opiekuńczo-wychowawczych i prowadzenia gosp. dom.,2022,gmina,Limanowa (miasto),powiat limanowski,3.65%
38,Bezradność w sprawach opiekuńczo-wychowawczych i prowadzenia gosp. dom.,2022,gmina,Limanowa (wieś),powiat limanowski,3.46%
38,Bezradność w sprawach opiekuńczo-wychowawczych i prowadzenia gosp. dom.,2022,gmina,Łukowica,powiat limanowski,2.10%
38,Bezradność w sprawach opiekuńczo-wychowawczych i prowadzenia gosp. dom.,2022,gmina,Mszana Dolna (miasto),powiat limanowski,60.18%
38,Bezradność w sprawach opiekuńczo-wychowawczych i prowadzenia gosp. dom.,2022,gmina,Mszana Dolna (wieś),powiat limanowski,5.51%
38,Bezradność w sprawach opiekuńczo-wychowawczych i prowadzenia gosp. dom.,2022,gmina,Niedźwiedź,powiat limanowski,10.87%
38,Bezradność w sprawach opiekuńczo-wychowawczych i prowadzenia gosp. dom.,2022,gmina,Słopnice,powiat limanowski,1.68%
38,Bezradność w sprawach opiekuńczo-wychowawczych i prowadzenia gosp. dom.,2022,gmina,Tymbark,powiat limanowski,12.46%
38,Bezradność w sprawach opiekuńczo-wychowawczych i prowadzenia gosp. dom.,2022,powiat,powiat m. Kraków,powiat m. Kraków,23.30%
38,Bezradność w sprawach opiekuńczo-wychowawczych i prowadzenia gosp. dom.,2022,powiat,powiat m. Nowy Sącz,powiat m. Nowy Sącz,20.86%
38,Bezradność w sprawach opiekuńczo-wychowawczych i prowadzenia gosp. dom.,2022,powiat,powiat m. Tarnów,powiat m. Tarnów,7.82%
38,Bezradność w sprawach opiekuńczo-wychowawczych i prowadzenia gosp. dom.,2022,powiat,powiat miechowski,powiat miechowski,18.98%
38,Bezradność w sprawach opiekuńczo-wychowawczych i prowadzenia gosp. dom.,2022,gmina,Charsznica,powiat miechowski,17.47%
38,Bezradność w sprawach opiekuńczo-wychowawczych i prowadzenia gosp. dom.,2022,gmina,Gołcza,powiat miechowski,10.26%
38,Bezradność w sprawach opiekuńczo-wychowawczych i prowadzenia gosp. dom.,2022,gmina,Kozłów,powiat miechowski,4.00%
38,Bezradność w sprawach opiekuńczo-wychowawczych i prowadzenia gosp. dom.,2022,gmina,Książ Wielki,powiat miechowski,26.42%
38,Bezradność w sprawach opiekuńczo-wychowawczych i prowadzenia gosp. dom.,2022,gmina,Miechów,powiat miechowski,25.76%
38,Bezradność w sprawach opiekuńczo-wychowawczych i prowadzenia gosp. dom.,2022,gmina,Racławice,powiat miechowski,12.00%
38,Bezradność w sprawach opiekuńczo-wychowawczych i prowadzenia gosp. dom.,2022,gmina,Słaboszów,powiat miechowski,8.70%
38,Bezradność w sprawach opiekuńczo-wychowawczych i prowadzenia gosp. dom.,2022,powiat,powiat myślenicki,powiat myślenicki,10.74%
38,Bezradność w sprawach opiekuńczo-wychowawczych i prowadzenia gosp. dom.,2022,gmina,Dobczyce,powiat myślenicki,7.65%
38,Bezradność w sprawach opiekuńczo-wychowawczych i prowadzenia gosp. dom.,2022,gmina,Lubień,powiat myślenicki,3.46%
38,Bezradność w sprawach opiekuńczo-wychowawczych i prowadzenia gosp. dom.,2022,gmina,Myślenice,powiat myślenicki,15.74%
38,Bezradność w sprawach opiekuńczo-wychowawczych i prowadzenia gosp. dom.,2022,gmina,Pcim,powiat myślenicki,11.92%
38,Bezradność w sprawach opiekuńczo-wychowawczych i prowadzenia gosp. dom.,2022,gmina,Raciechowice,powiat myślenicki,4.30%
38,Bezradność w sprawach opiekuńczo-wychowawczych i prowadzenia gosp. dom.,2022,gmina,Siepraw,powiat myślenicki,23.66%
38,Bezradność w sprawach opiekuńczo-wychowawczych i prowadzenia gosp. dom.,2022,gmina,Sułkowice,powiat myślenicki,8.30%
38,Bezradność w sprawach opiekuńczo-wychowawczych i prowadzenia gosp. dom.,2022,gmina,Tokarnia,powiat myślenicki,0.00%
38,Bezradność w sprawach opiekuńczo-wychowawczych i prowadzenia gosp. dom.,2022,gmina,Wiśniowa,powiat myślenicki,14.69%
38,Bezradność w sprawach opiekuńczo-wychowawczych i prowadzenia gosp. dom.,2022,powiat,powiat nowosądecki,powiat nowosądecki,7.24%
38,Bezradność w sprawach opiekuńczo-wychowawczych i prowadzenia gosp. dom.,2022,gmina,Podegrodzie,powiat nowosądecki,11.89%
38,Bezradność w sprawach opiekuńczo-wychowawczych i prowadzenia gosp. dom.,2022,gmina,Rytro,powiat nowosądecki,11.29%
38,Bezradność w sprawach opiekuńczo-wychowawczych i prowadzenia gosp. dom.,2022,gmina,Stary Sącz,powiat nowosądecki,4.93%
38,Bezradność w sprawach opiekuńczo-wychowawczych i prowadzenia gosp. dom.,2022,gmina,Chełmiec,powiat nowosądecki,9.55%
38,Bezradność w sprawach opiekuńczo-wychowawczych i prowadzenia gosp. dom.,2022,gmina,Gródek nad Dunajcem,powiat nowosądecki,3.78%
38,Bezradność w sprawach opiekuńczo-wychowawczych i prowadzenia gosp. dom.,2022,gmina,Grybów (miasto),powiat nowosądecki,25.19%
38,Bezradność w sprawach opiekuńczo-wychowawczych i prowadzenia gosp. dom.,2022,gmina,Grybów (wieś),powiat nowosądecki,10.61%
38,Bezradność w sprawach opiekuńczo-wychowawczych i prowadzenia gosp. dom.,2022,gmina,Kamionka Wielka,powiat nowosądecki,3.85%
38,Bezradność w sprawach opiekuńczo-wychowawczych i prowadzenia gosp. dom.,2022,gmina,Korzenna,powiat nowosądecki,5.77%
38,Bezradność w sprawach opiekuńczo-wychowawczych i prowadzenia gosp. dom.,2022,gmina,Krynica-Zdrój,powiat nowosądecki,9.08%
38,Bezradność w sprawach opiekuńczo-wychowawczych i prowadzenia gosp. dom.,2022,gmina,Łabowa,powiat nowosądecki,4.17%
38,Bezradność w sprawach opiekuńczo-wychowawczych i prowadzenia gosp. dom.,2022,gmina,Łącko,powiat nowosądecki,2.34%
38,Bezradność w sprawach opiekuńczo-wychowawczych i prowadzenia gosp. dom.,2022,gmina,Łososina Dolna,powiat nowosądecki,4.19%
38,Bezradność w sprawach opiekuńczo-wychowawczych i prowadzenia gosp. dom.,2022,gmina,Muszyna,powiat nowosądecki,4.83%
38,Bezradność w sprawach opiekuńczo-wychowawczych i prowadzenia gosp. dom.,2022,gmina,Nawojowa,powiat nowosądecki,5.68%
38,Bezradność w sprawach opiekuńczo-wychowawczych i prowadzenia gosp. dom.,2022,gmina,Piwniczna-Zdrój,powiat nowosądecki,10.39%
38,Bezradność w sprawach opiekuńczo-wychowawczych i prowadzenia gosp. dom.,2022,powiat,powiat nowotarski,powiat nowotarski,23.57%
38,Bezradność w sprawach opiekuńczo-wychowawczych i prowadzenia gosp. dom.,2022,gmina,Czarny Dunajec,powiat nowotarski,11.21%
38,Bezradność w sprawach opiekuńczo-wychowawczych i prowadzenia gosp. dom.,2022,gmina,Czorsztyn,powiat nowotarski,15.56%
38,Bezradność w sprawach opiekuńczo-wychowawczych i prowadzenia gosp. dom.,2022,gmina,Jabłonka,powiat nowotarski,15.00%
38,Bezradność w sprawach opiekuńczo-wychowawczych i prowadzenia gosp. dom.,2022,gmina,Krościenko nad Dunajcem,powiat nowotarski,7.69%
38,Bezradność w sprawach opiekuńczo-wychowawczych i prowadzenia gosp. dom.,2022,gmina,Lipnica Wielka,powiat nowotarski,27.87%
38,Bezradność w sprawach opiekuńczo-wychowawczych i prowadzenia gosp. dom.,2022,gmina,Łapsze Niżne,powiat nowotarski,1.85%
38,Bezradność w sprawach opiekuńczo-wychowawczych i prowadzenia gosp. dom.,2022,gmina,Nowy Targ (miasto),powiat nowotarski,22.55%
38,Bezradność w sprawach opiekuńczo-wychowawczych i prowadzenia gosp. dom.,2022,gmina,Nowy Targ (wieś),powiat nowotarski,62.14%
38,Bezradność w sprawach opiekuńczo-wychowawczych i prowadzenia gosp. dom.,2022,gmina,Ochotnica Dolna,powiat nowotarski,10.59%
38,Bezradność w sprawach opiekuńczo-wychowawczych i prowadzenia gosp. dom.,2022,gmina,Raba Wyżna,powiat nowotarski,8.29%
38,Bezradność w sprawach opiekuńczo-wychowawczych i prowadzenia gosp. dom.,2022,gmina,Rabka-Zdrój,powiat nowotarski,20.86%
38,Bezradność w sprawach opiekuńczo-wychowawczych i prowadzenia gosp. dom.,2022,gmina,Spytkowice,powiat nowotarski,7.89%
38,Bezradność w sprawach opiekuńczo-wychowawczych i prowadzenia gosp. dom.,2022,gmina,Szaflary,powiat nowotarski,38.70%
38,Bezradność w sprawach opiekuńczo-wychowawczych i prowadzenia gosp. dom.,2022,gmina,Szczawnica,powiat nowotarski,14.81%
38,Bezradność w sprawach opiekuńczo-wychowawczych i prowadzenia gosp. dom.,2022,powiat,powiat olkuski,powiat olkuski,22.21%
38,Bezradność w sprawach opiekuńczo-wychowawczych i prowadzenia gosp. dom.,2022,gmina,Bolesław,powiat olkuski,18.38%
38,Bezradność w sprawach opiekuńczo-wychowawczych i prowadzenia gosp. dom.,2022,gmina,Bukowno,powiat olkuski,33.00%
38,Bezradność w sprawach opiekuńczo-wychowawczych i prowadzenia gosp. dom.,2022,gmina,Klucze,powiat olkuski,24.56%
38,Bezradność w sprawach opiekuńczo-wychowawczych i prowadzenia gosp. dom.,2022,gmina,Olkusz,powiat olkuski,15.88%
38,Bezradność w sprawach opiekuńczo-wychowawczych i prowadzenia gosp. dom.,2022,gmina,Trzyciąż,powiat olkuski,36.36%
38,Bezradność w sprawach opiekuńczo-wychowawczych i prowadzenia gosp. dom.,2022,gmina,Wolbrom,powiat olkuski,28.90%
38,Bezradność w sprawach opiekuńczo-wychowawczych i prowadzenia gosp. dom.,2022,powiat,powiat oświęcimski,powiat oświęcimski,32.12%
38,Bezradność w sprawach opiekuńczo-wychowawczych i prowadzenia gosp. dom.,2022,gmina,Brzeszcze,powiat oświęcimski,23.30%
38,Bezradność w sprawach opiekuńczo-wychowawczych i prowadzenia gosp. dom.,2022,gmina,Chełmek,powiat oświęcimski,22.64%
38,Bezradność w sprawach opiekuńczo-wychowawczych i prowadzenia gosp. dom.,2022,gmina,Kęty,powiat oświęcimski,28.06%
38,Bezradność w sprawach opiekuńczo-wychowawczych i prowadzenia gosp. dom.,2022,gmina,Osiek,powiat oświęcimski,17.44%
38,Bezradność w sprawach opiekuńczo-wychowawczych i prowadzenia gosp. dom.,2022,gmina,Oświęcim (miasto),powiat oświęcimski,39.50%
38,Bezradność w sprawach opiekuńczo-wychowawczych i prowadzenia gosp. dom.,2022,gmina,Oświęcim (wieś),powiat oświęcimski,40.89%
38,Bezradność w sprawach opiekuńczo-wychowawczych i prowadzenia gosp. dom.,2022,gmina,Polanka Wielka,powiat oświęcimski,0.00%
38,Bezradność w sprawach opiekuńczo-wychowawczych i prowadzenia gosp. dom.,2022,gmina,Przeciszów,powiat oświęcimski,18.64%
38,Bezradność w sprawach opiekuńczo-wychowawczych i prowadzenia gosp. dom.,2022,gmina,Zator,powiat oświęcimski,31.79%
38,Bezradność w sprawach opiekuńczo-wychowawczych i prowadzenia gosp. dom.,2022,powiat,powiat proszowicki,powiat proszowicki,10.61%
38,Bezradność w sprawach opiekuńczo-wychowawczych i prowadzenia gosp. dom.,2022,gmina,Koniusza,powiat proszowicki,4.98%
38,Bezradność w sprawach opiekuńczo-wychowawczych i prowadzenia gosp. dom.,2022,gmina,Koszyce,powiat proszowicki,5.35%
38,Bezradność w sprawach opiekuńczo-wychowawczych i prowadzenia gosp. dom.,2022,gmina,Nowe Brzesko,powiat proszowicki,19.74%
38,Bezradność w sprawach opiekuńczo-wychowawczych i prowadzenia gosp. dom.,2022,gmina,Pałecznica,powiat proszowicki,7.53%
38,Bezradność w sprawach opiekuńczo-wychowawczych i prowadzenia gosp. dom.,2022,gmina,Proszowice,powiat proszowicki,15.79%
38,Bezradność w sprawach opiekuńczo-wychowawczych i prowadzenia gosp. dom.,2022,gmina,Radziemice,powiat proszowicki,0.00%
38,Bezradność w sprawach opiekuńczo-wychowawczych i prowadzenia gosp. dom.,2022,powiat,powiat suski,powiat suski,21.81%
38,Bezradność w sprawach opiekuńczo-wychowawczych i prowadzenia gosp. dom.,2022,gmina,Budzów,powiat suski,17.24%
38,Bezradność w sprawach opiekuńczo-wychowawczych i prowadzenia gosp. dom.,2022,gmina,Bystra-Sidzina,powiat suski,12.24%
38,Bezradność w sprawach opiekuńczo-wychowawczych i prowadzenia gosp. dom.,2022,gmina,Jordanów (miasto),powiat suski,48.25%
38,Bezradność w sprawach opiekuńczo-wychowawczych i prowadzenia gosp. dom.,2022,gmina,Jordanów (wieś),powiat suski,28.63%
38,Bezradność w sprawach opiekuńczo-wychowawczych i prowadzenia gosp. dom.,2022,gmina,Maków Podhalański,powiat suski,34.75%
38,Bezradność w sprawach opiekuńczo-wychowawczych i prowadzenia gosp. dom.,2022,gmina,Stryszawa,powiat suski,6.29%
38,Bezradność w sprawach opiekuńczo-wychowawczych i prowadzenia gosp. dom.,2022,gmina,Sucha Beskidzka,powiat suski,15.69%
38,Bezradność w sprawach opiekuńczo-wychowawczych i prowadzenia gosp. dom.,2022,gmina,Zawoja,powiat suski,11.58%
38,Bezradność w sprawach opiekuńczo-wychowawczych i prowadzenia gosp. dom.,2022,gmina,Zembrzyce,powiat suski,15.03%
38,Bezradność w sprawach opiekuńczo-wychowawczych i prowadzenia gosp. dom.,2022,powiat,powiat tarnowski,powiat tarnowski,10.86%
38,Bezradność w sprawach opiekuńczo-wychowawczych i prowadzenia gosp. dom.,2022,gmina,Ciężkowice,powiat tarnowski,1.32%
38,Bezradność w sprawach opiekuńczo-wychowawczych i prowadzenia gosp. dom.,2022,gmina,Gromnik,powiat tarnowski,13.47%
38,Bezradność w sprawach opiekuńczo-wychowawczych i prowadzenia gosp. dom.,2022,gmina,Lisia Góra,powiat tarnowski,5.38%
38,Bezradność w sprawach opiekuńczo-wychowawczych i prowadzenia gosp. dom.,2022,gmina,Pleśna,powiat tarnowski,16.33%
38,Bezradność w sprawach opiekuńczo-wychowawczych i prowadzenia gosp. dom.,2022,gmina,Radłów,powiat tarnowski,10.31%
38,Bezradność w sprawach opiekuńczo-wychowawczych i prowadzenia gosp. dom.,2022,gmina,Ryglice,powiat tarnowski,2.38%
38,Bezradność w sprawach opiekuńczo-wychowawczych i prowadzenia gosp. dom.,2022,gmina,Rzepiennik Strzyżewski,powiat tarnowski,1.17%
38,Bezradność w sprawach opiekuńczo-wychowawczych i prowadzenia gosp. dom.,2022,gmina,Skrzyszów,powiat tarnowski,6.20%
38,Bezradność w sprawach opiekuńczo-wychowawczych i prowadzenia gosp. dom.,2022,gmina,Szerzyny,powiat tarnowski,18.33%
38,Bezradność w sprawach opiekuńczo-wychowawczych i prowadzenia gosp. dom.,2022,gmina,Tarnów (wieś),powiat tarnowski,16.68%
38,Bezradność w sprawach opiekuńczo-wychowawczych i prowadzenia gosp. dom.,2022,gmina,Tuchów,powiat tarnowski,13.39%
38,Bezradność w sprawach opiekuńczo-wychowawczych i prowadzenia gosp. dom.,2022,gmina,Wierzchosławice,powiat tarnowski,10.07%
38,Bezradność w sprawach opiekuńczo-wychowawczych i prowadzenia gosp. dom.,2022,gmina,Wietrzychowice,powiat tarnowski,2.03%
38,Bezradność w sprawach opiekuńczo-wychowawczych i prowadzenia gosp. dom.,2022,gmina,Wojnicz,powiat tarnowski,3.34%
38,Bezradność w sprawach opiekuńczo-wychowawczych i prowadzenia gosp. dom.,2022,gmina,Zakliczyn,powiat tarnowski,30.69%
38,Bezradność w sprawach opiekuńczo-wychowawczych i prowadzenia gosp. dom.,2022,gmina,Żabno,powiat tarnowski,11.17%
38,Bezradność w sprawach opiekuńczo-wychowawczych i prowadzenia gosp. dom.,2022,powiat,powiat tatrzański,powiat tatrzański,25.52%
38,Bezradność w sprawach opiekuńczo-wychowawczych i prowadzenia gosp. dom.,2022,gmina,Biały Dunajec,powiat tatrzański,27.35%
38,Bezradność w sprawach opiekuńczo-wychowawczych i prowadzenia gosp. dom.,2022,gmina,Bukowina Tatrzańska,powiat tatrzański,14.86%
38,Bezradność w sprawach opiekuńczo-wychowawczych i prowadzenia gosp. dom.,2022,gmina,Kościelisko,powiat tatrzański,37.11%
38,Bezradność w sprawach opiekuńczo-wychowawczych i prowadzenia gosp. dom.,2022,gmina,Poronin,powiat tatrzański,38.53%
38,Bezradność w sprawach opiekuńczo-wychowawczych i prowadzenia gosp. dom.,2022,gmina,Zakopane,powiat tatrzański,22.76%
38,Bezradność w sprawach opiekuńczo-wychowawczych i prowadzenia gosp. dom.,2022,powiat,powiat wadowicki,powiat wadowicki,19.63%
38,Bezradność w sprawach opiekuńczo-wychowawczych i prowadzenia gosp. dom.,2022,gmina,Andrychów,powiat wadowicki,27.44%
38,Bezradność w sprawach opiekuńczo-wychowawczych i prowadzenia gosp. dom.,2022,gmina,Brzeźnica,powiat wadowicki,17.08%
38,Bezradność w sprawach opiekuńczo-wychowawczych i prowadzenia gosp. dom.,2022,gmina,Kalwaria Zebrzydowska,powiat wadowicki,20.84%
38,Bezradność w sprawach opiekuńczo-wychowawczych i prowadzenia gosp. dom.,2022,gmina,Lanckorona,powiat wadowicki,13.92%
38,Bezradność w sprawach opiekuńczo-wychowawczych i prowadzenia gosp. dom.,2022,gmina,Mucharz,powiat wadowicki,15.95%
38,Bezradność w sprawach opiekuńczo-wychowawczych i prowadzenia gosp. dom.,2022,gmina,Spytkowice,powiat wadowicki,12.54%
38,Bezradność w sprawach opiekuńczo-wychowawczych i prowadzenia gosp. dom.,2022,gmina,Stryszów,powiat wadowicki,20.71%
38,Bezradność w sprawach opiekuńczo-wychowawczych i prowadzenia gosp. dom.,2022,gmina,Tomice,powiat wadowicki,25.13%
38,Bezradność w sprawach opiekuńczo-wychowawczych i prowadzenia gosp. dom.,2022,gmina,Wadowice,powiat wadowicki,16.21%
38,Bezradność w sprawach opiekuńczo-wychowawczych i prowadzenia gosp. dom.,2022,gmina,Wieprz,powiat wadowicki,12.53%
38,Bezradność w sprawach opiekuńczo-wychowawczych i prowadzenia gosp. dom.,2022,powiat,powiat wielicki,powiat wielicki,17.35%
38,Bezradność w sprawach opiekuńczo-wychowawczych i prowadzenia gosp. dom.,2022,gmina,Biskupice,powiat wielicki,17.16%
38,Bezradność w sprawach opiekuńczo-wychowawczych i prowadzenia gosp. dom.,2022,gmina,Gdów,powiat wielicki,24.32%
38,Bezradność w sprawach opiekuńczo-wychowawczych i prowadzenia gosp. dom.,2022,gmina,Kłaj,powiat wielicki,42.81%
38,Bezradność w sprawach opiekuńczo-wychowawczych i prowadzenia gosp. dom.,2022,gmina,Niepołomice,powiat wielicki,23.34%
38,Bezradność w sprawach opiekuńczo-wychowawczych i prowadzenia gosp. dom.,2022,gmina,Wieliczka,powiat wielicki,7.01%
38,Bezradność w sprawach opiekuńczo-wychowawczych i prowadzenia gosp. dom.,2021,powiat,powiat bocheński,powiat bocheński,20.42%
38,Bezradność w sprawach opiekuńczo-wychowawczych i prowadzenia gosp. dom.,2021,gmina,Bochnia (miasto),powiat bocheński,31.51%
38,Bezradność w sprawach opiekuńczo-wychowawczych i prowadzenia gosp. dom.,2021,gmina,Bochnia (wieś),powiat bocheński,4.47%
38,Bezradność w sprawach opiekuńczo-wychowawczych i prowadzenia gosp. dom.,2021,gmina,Drwinia,powiat bocheński,9.95%
38,Bezradność w sprawach opiekuńczo-wychowawczych i prowadzenia gosp. dom.,2021,gmina,Lipnica Murowana,powiat bocheński,15.38%
38,Bezradność w sprawach opiekuńczo-wychowawczych i prowadzenia gosp. dom.,2021,gmina,Łapanów,powiat bocheński,23.99%
38,Bezradność w sprawach opiekuńczo-wychowawczych i prowadzenia gosp. dom.,2021,gmina,Nowy Wiśnicz,powiat bocheński,9.73%
38,Bezradność w sprawach opiekuńczo-wychowawczych i prowadzenia gosp. dom.,2021,gmina,Rzezawa,powiat bocheński,11.38%
38,Bezradność w sprawach opiekuńczo-wychowawczych i prowadzenia gosp. dom.,2021,gmina,Trzciana,powiat bocheński,53.45%
38,Bezradność w sprawach opiekuńczo-wychowawczych i prowadzenia gosp. dom.,2021,gmina,Żegocina,powiat bocheński,10.95%
38,Bezradność w sprawach opiekuńczo-wychowawczych i prowadzenia gosp. dom.,2021,powiat,powiat brzeski,powiat brzeski,18.04%
38,Bezradność w sprawach opiekuńczo-wychowawczych i prowadzenia gosp. dom.,2021,gmina,Borzęcin,powiat brzeski,8.72%
38,Bezradność w sprawach opiekuńczo-wychowawczych i prowadzenia gosp. dom.,2021,gmina,Brzesko,powiat brzeski,29.13%
38,Bezradność w sprawach opiekuńczo-wychowawczych i prowadzenia gosp. dom.,2021,gmina,Czchów,powiat brzeski,17.24%
38,Bezradność w sprawach opiekuńczo-wychowawczych i prowadzenia gosp. dom.,2021,gmina,Dębno,powiat brzeski,29.71%
38,Bezradność w sprawach opiekuńczo-wychowawczych i prowadzenia gosp. dom.,2021,gmina,Gnojnik,powiat brzeski,12.35%
38,Bezradność w sprawach opiekuńczo-wychowawczych i prowadzenia gosp. dom.,2021,gmina,Iwkowa,powiat brzeski,7.19%
38,Bezradność w sprawach opiekuńczo-wychowawczych i prowadzenia gosp. dom.,2021,gmina,Szczurowa,powiat brzeski,8.84%
38,Bezradność w sprawach opiekuńczo-wychowawczych i prowadzenia gosp. dom.,2021,powiat,powiat chrzanowski,powiat chrzanowski,38.22%
38,Bezradność w sprawach opiekuńczo-wychowawczych i prowadzenia gosp. dom.,2021,gmina,Alwernia,powiat chrzanowski,16.62%
38,Bezradność w sprawach opiekuńczo-wychowawczych i prowadzenia gosp. dom.,2021,gmina,Babice,powiat chrzanowski,19.57%
38,Bezradność w sprawach opiekuńczo-wychowawczych i prowadzenia gosp. dom.,2021,gmina,Chrzanów,powiat chrzanowski,16.28%
38,Bezradność w sprawach opiekuńczo-wychowawczych i prowadzenia gosp. dom.,2021,gmina,Libiąż,powiat chrzanowski,25.61%
38,Bezradność w sprawach opiekuńczo-wychowawczych i prowadzenia gosp. dom.,2021,gmina,Trzebinia,powiat chrzanowski,79.34%
38,Bezradność w sprawach opiekuńczo-wychowawczych i prowadzenia gosp. dom.,2021,powiat,powiat dąbrowski,powiat dąbrowski,15.40%
38,Bezradność w sprawach opiekuńczo-wychowawczych i prowadzenia gosp. dom.,2021,gmina,Bolesław,powiat dąbrowski,28.57%
38,Bezradność w sprawach opiekuńczo-wychowawczych i prowadzenia gosp. dom.,2021,gmina,Dąbrowa Tarnowska,powiat dąbrowski,9.05%
38,Bezradność w sprawach opiekuńczo-wychowawczych i prowadzenia gosp. dom.,2021,gmina,Gręboszów,powiat dąbrowski,9.64%
38,Bezradność w sprawach opiekuńczo-wychowawczych i prowadzenia gosp. dom.,2021,gmina,Mędrzechów,powiat dąbrowski,8.37%
38,Bezradność w sprawach opiekuńczo-wychowawczych i prowadzenia gosp. dom.,2021,gmina,Olesno,powiat dąbrowski,11.19%
38,Bezradność w sprawach opiekuńczo-wychowawczych i prowadzenia gosp. dom.,2021,gmina,Radgoszcz,powiat dąbrowski,5.50%
38,Bezradność w sprawach opiekuńczo-wychowawczych i prowadzenia gosp. dom.,2021,gmina,Szczucin,powiat dąbrowski,27.68%
38,Bezradność w sprawach opiekuńczo-wychowawczych i prowadzenia gosp. dom.,2021,powiat,powiat gorlicki,powiat gorlicki,12.69%
38,Bezradność w sprawach opiekuńczo-wychowawczych i prowadzenia gosp. dom.,2021,gmina,Biecz,powiat gorlicki,9.10%
38,Bezradność w sprawach opiekuńczo-wychowawczych i prowadzenia gosp. dom.,2021,gmina,Bobowa,powiat gorlicki,3.97%
38,Bezradność w sprawach opiekuńczo-wychowawczych i prowadzenia gosp. dom.,2021,gmina,Gorlice (miasto),powiat gorlicki,52.22%
38,Bezradność w sprawach opiekuńczo-wychowawczych i prowadzenia gosp. dom.,2021,gmina,Gorlice (wieś),powiat gorlicki,7.28%
38,Bezradność w sprawach opiekuńczo-wychowawczych i prowadzenia gosp. dom.,2021,gmina,Lipinki,powiat gorlicki,4.88%
38,Bezradność w sprawach opiekuńczo-wychowawczych i prowadzenia gosp. dom.,2021,gmina,Łużna,powiat gorlicki,14.16%
38,Bezradność w sprawach opiekuńczo-wychowawczych i prowadzenia gosp. dom.,2021,gmina,Moszczenica,powiat gorlicki,5.08%
38,Bezradność w sprawach opiekuńczo-wychowawczych i prowadzenia gosp. dom.,2021,gmina,Ropa,powiat gorlicki,10.66%
38,Bezradność w sprawach opiekuńczo-wychowawczych i prowadzenia gosp. dom.,2021,gmina,Sękowa,powiat gorlicki,8.93%
38,Bezradność w sprawach opiekuńczo-wychowawczych i prowadzenia gosp. dom.,2021,gmina,Uście Gorlickie,powiat gorlicki,7.99%
38,Bezradność w sprawach opiekuńczo-wychowawczych i prowadzenia gosp. dom.,2021,powiat,powiat krakowski,powiat krakowski,18.21%
38,Bezradność w sprawach opiekuńczo-wychowawczych i prowadzenia gosp. dom.,2021,gmina,Czernichów,powiat krakowski,6.45%
38,Bezradność w sprawach opiekuńczo-wychowawczych i prowadzenia gosp. dom.,2021,gmina,Igołomia-Wawrzeńczyce,powiat krakowski,13.65%
38,Bezradność w sprawach opiekuńczo-wychowawczych i prowadzenia gosp. dom.,2021,gmina,Iwanowice,powiat krakowski,24.29%
38,Bezradność w sprawach opiekuńczo-wychowawczych i prowadzenia gosp. dom.,2021,gmina,Jerzmanowice-Przeginia,powiat krakowski,7.26%
38,Bezradność w sprawach opiekuńczo-wychowawczych i prowadzenia gosp. dom.,2021,gmina,Kocmyrzów-Luborzyca,powiat krakowski,28.72%
38,Bezradność w sprawach opiekuńczo-wychowawczych i prowadzenia gosp. dom.,2021,gmina,Krzeszowice,powiat krakowski,11.05%
38,Bezradność w sprawach opiekuńczo-wychowawczych i prowadzenia gosp. dom.,2021,gmina,Liszki,powiat krakowski,25.24%
38,Bezradność w sprawach opiekuńczo-wychowawczych i prowadzenia gosp. dom.,2021,gmina,Michałowice,powiat krakowski,36.62%
38,Bezradność w sprawach opiekuńczo-wychowawczych i prowadzenia gosp. dom.,2021,gmina,Mogilany,powiat krakowski,6.12%
38,Bezradność w sprawach opiekuńczo-wychowawczych i prowadzenia gosp. dom.,2021,gmina,Skała,powiat krakowski,6.94%
38,Bezradność w sprawach opiekuńczo-wychowawczych i prowadzenia gosp. dom.,2021,gmina,Skawina,powiat krakowski,23.60%
38,Bezradność w sprawach opiekuńczo-wychowawczych i prowadzenia gosp. dom.,2021,gmina,Słomniki,powiat krakowski,9.15%
38,Bezradność w sprawach opiekuńczo-wychowawczych i prowadzenia gosp. dom.,2021,gmina,Sułoszowa,powiat krakowski,40.00%
38,Bezradność w sprawach opiekuńczo-wychowawczych i prowadzenia gosp. dom.,2021,gmina,Świątniki Górne,powiat krakowski,19.80%
38,Bezradność w sprawach opiekuńczo-wychowawczych i prowadzenia gosp. dom.,2021,gmina,Wielka Wieś,powiat krakowski,35.04%
38,Bezradność w sprawach opiekuńczo-wychowawczych i prowadzenia gosp. dom.,2021,gmina,Zabierzów,powiat krakowski,10.34%
38,Bezradność w sprawach opiekuńczo-wychowawczych i prowadzenia gosp. dom.,2021,gmina,Zielonki,powiat krakowski,14.03%
38,Bezradność w sprawach opiekuńczo-wychowawczych i prowadzenia gosp. dom.,2021,powiat,powiat limanowski,powiat limanowski,7.09%
38,Bezradność w sprawach opiekuńczo-wychowawczych i prowadzenia gosp. dom.,2021,gmina,Dobra,powiat limanowski,11.24%
38,Bezradność w sprawach opiekuńczo-wychowawczych i prowadzenia gosp. dom.,2021,gmina,Jodłownik,powiat limanowski,12.37%
38,Bezradność w sprawach opiekuńczo-wychowawczych i prowadzenia gosp. dom.,2021,gmina,Kamienica,powiat limanowski,6.36%
38,Bezradność w sprawach opiekuńczo-wychowawczych i prowadzenia gosp. dom.,2021,gmina,Laskowa,powiat limanowski,10.79%
38,Bezradność w sprawach opiekuńczo-wychowawczych i prowadzenia gosp. dom.,2021,gmina,Limanowa (miasto),powiat limanowski,3.12%
38,Bezradność w sprawach opiekuńczo-wychowawczych i prowadzenia gosp. dom.,2021,gmina,Limanowa (wieś),powiat limanowski,2.53%
38,Bezradność w sprawach opiekuńczo-wychowawczych i prowadzenia gosp. dom.,2021,gmina,Łukowica,powiat limanowski,0.69%
38,Bezradność w sprawach opiekuńczo-wychowawczych i prowadzenia gosp. dom.,2021,gmina,Mszana Dolna (miasto),powiat limanowski,20.46%
38,Bezradność w sprawach opiekuńczo-wychowawczych i prowadzenia gosp. dom.,2021,gmina,Mszana Dolna (wieś),powiat limanowski,2.72%
38,Bezradność w sprawach opiekuńczo-wychowawczych i prowadzenia gosp. dom.,2021,gmina,Niedźwiedź,powiat limanowski,14.36%
38,Bezradność w sprawach opiekuńczo-wychowawczych i prowadzenia gosp. dom.,2021,gmina,Słopnice,powiat limanowski,2.68%
38,Bezradność w sprawach opiekuńczo-wychowawczych i prowadzenia gosp. dom.,2021,gmina,Tymbark,powiat limanowski,10.48%
38,Bezradność w sprawach opiekuńczo-wychowawczych i prowadzenia gosp. dom.,2021,powiat,powiat m. Kraków,powiat m. Kraków,23.73%
38,Bezradność w sprawach opiekuńczo-wychowawczych i prowadzenia gosp. dom.,2021,powiat,powiat m. Nowy Sącz,powiat m. Nowy Sącz,20.06%
38,Bezradność w sprawach opiekuńczo-wychowawczych i prowadzenia gosp. dom.,2021,powiat,powiat m. Tarnów,powiat m. Tarnów,7.45%
38,Bezradność w sprawach opiekuńczo-wychowawczych i prowadzenia gosp. dom.,2021,powiat,powiat miechowski,powiat miechowski,18.32%
38,Bezradność w sprawach opiekuńczo-wychowawczych i prowadzenia gosp. dom.,2021,gmina,Charsznica,powiat miechowski,13.07%
38,Bezradność w sprawach opiekuńczo-wychowawczych i prowadzenia gosp. dom.,2021,gmina,Gołcza,powiat miechowski,28.30%
38,Bezradność w sprawach opiekuńczo-wychowawczych i prowadzenia gosp. dom.,2021,gmina,Kozłów,powiat miechowski,7.49%
38,Bezradność w sprawach opiekuńczo-wychowawczych i prowadzenia gosp. dom.,2021,gmina,Książ Wielki,powiat miechowski,15.77%
38,Bezradność w sprawach opiekuńczo-wychowawczych i prowadzenia gosp. dom.,2021,gmina,Miechów,powiat miechowski,24.12%
38,Bezradność w sprawach opiekuńczo-wychowawczych i prowadzenia gosp. dom.,2021,gmina,Racławice,powiat miechowski,9.40%
38,Bezradność w sprawach opiekuńczo-wychowawczych i prowadzenia gosp. dom.,2021,gmina,Słaboszów,powiat miechowski,11.96%
38,Bezradność w sprawach opiekuńczo-wychowawczych i prowadzenia gosp. dom.,2021,powiat,powiat myślenicki,powiat myślenicki,10.13%
38,Bezradność w sprawach opiekuńczo-wychowawczych i prowadzenia gosp. dom.,2021,gmina,Dobczyce,powiat myślenicki,9.52%
38,Bezradność w sprawach opiekuńczo-wychowawczych i prowadzenia gosp. dom.,2021,gmina,Lubień,powiat myślenicki,10.86%
38,Bezradność w sprawach opiekuńczo-wychowawczych i prowadzenia gosp. dom.,2021,gmina,Myślenice,powiat myślenicki,12.29%
38,Bezradność w sprawach opiekuńczo-wychowawczych i prowadzenia gosp. dom.,2021,gmina,Pcim,powiat myślenicki,8.06%
38,Bezradność w sprawach opiekuńczo-wychowawczych i prowadzenia gosp. dom.,2021,gmina,Raciechowice,powiat myślenicki,3.15%
38,Bezradność w sprawach opiekuńczo-wychowawczych i prowadzenia gosp. dom.,2021,gmina,Siepraw,powiat myślenicki,12.87%
38,Bezradność w sprawach opiekuńczo-wychowawczych i prowadzenia gosp. dom.,2021,gmina,Sułkowice,powiat myślenicki,8.48%
38,Bezradność w sprawach opiekuńczo-wychowawczych i prowadzenia gosp. dom.,2021,gmina,Tokarnia,powiat myślenicki,9.46%
38,Bezradność w sprawach opiekuńczo-wychowawczych i prowadzenia gosp. dom.,2021,gmina,Wiśniowa,powiat myślenicki,11.62%
38,Bezradność w sprawach opiekuńczo-wychowawczych i prowadzenia gosp. dom.,2021,powiat,powiat nowosądecki,powiat nowosądecki,7.76%
38,Bezradność w sprawach opiekuńczo-wychowawczych i prowadzenia gosp. dom.,2021,gmina,Podegrodzie,powiat nowosądecki,6.88%
38,Bezradność w sprawach opiekuńczo-wychowawczych i prowadzenia gosp. dom.,2021,gmina,Rytro,powiat nowosądecki,17.67%
38,Bezradność w sprawach opiekuńczo-wychowawczych i prowadzenia gosp. dom.,2021,gmina,Stary Sącz,powiat nowosądecki,6.23%
38,Bezradność w sprawach opiekuńczo-wychowawczych i prowadzenia gosp. dom.,2021,gmina,Chełmiec,powiat nowosądecki,12.99%
38,Bezradność w sprawach opiekuńczo-wychowawczych i prowadzenia gosp. dom.,2021,gmina,Gródek nad Dunajcem,powiat nowosądecki,6.15%
38,Bezradność w sprawach opiekuńczo-wychowawczych i prowadzenia gosp. dom.,2021,gmina,Grybów (miasto),powiat nowosądecki,7.38%
38,Bezradność w sprawach opiekuńczo-wychowawczych i prowadzenia gosp. dom.,2021,gmina,Grybów (wieś),powiat nowosądecki,10.61%
38,Bezradność w sprawach opiekuńczo-wychowawczych i prowadzenia gosp. dom.,2021,gmina,Kamionka Wielka,powiat nowosądecki,5.73%
38,Bezradność w sprawach opiekuńczo-wychowawczych i prowadzenia gosp. dom.,2021,gmina,Korzenna,powiat nowosądecki,6.68%
38,Bezradność w sprawach opiekuńczo-wychowawczych i prowadzenia gosp. dom.,2021,gmina,Krynica-Zdrój,powiat nowosądecki,10.46%
38,Bezradność w sprawach opiekuńczo-wychowawczych i prowadzenia gosp. dom.,2021,gmina,Łabowa,powiat nowosądecki,7.02%
38,Bezradność w sprawach opiekuńczo-wychowawczych i prowadzenia gosp. dom.,2021,gmina,Łącko,powiat nowosądecki,0.91%
38,Bezradność w sprawach opiekuńczo-wychowawczych i prowadzenia gosp. dom.,2021,gmina,Łososina Dolna,powiat nowosądecki,3.61%
38,Bezradność w sprawach opiekuńczo-wychowawczych i prowadzenia gosp. dom.,2021,gmina,Muszyna,powiat nowosądecki,7.10%
38,Bezradność w sprawach opiekuńczo-wychowawczych i prowadzenia gosp. dom.,2021,gmina,Nawojowa,powiat nowosądecki,3.99%
38,Bezradność w sprawach opiekuńczo-wychowawczych i prowadzenia gosp. dom.,2021,gmina,Piwniczna-Zdrój,powiat nowosądecki,13.71%
38,Bezradność w sprawach opiekuńczo-wychowawczych i prowadzenia gosp. dom.,2021,powiat,powiat nowotarski,powiat nowotarski,23.86%
38,Bezradność w sprawach opiekuńczo-wychowawczych i prowadzenia gosp. dom.,2021,gmina,Czarny Dunajec,powiat nowotarski,14.29%
38,Bezradność w sprawach opiekuńczo-wychowawczych i prowadzenia gosp. dom.,2021,gmina,Czorsztyn,powiat nowotarski,13.89%
38,Bezradność w sprawach opiekuńczo-wychowawczych i prowadzenia gosp. dom.,2021,gmina,Jabłonka,powiat nowotarski,15.32%
38,Bezradność w sprawach opiekuńczo-wychowawczych i prowadzenia gosp. dom.,2021,gmina,Krościenko nad Dunajcem,powiat nowotarski,7.26%
38,Bezradność w sprawach opiekuńczo-wychowawczych i prowadzenia gosp. dom.,2021,gmina,Lipnica Wielka,powiat nowotarski,20.83%
38,Bezradność w sprawach opiekuńczo-wychowawczych i prowadzenia gosp. dom.,2021,gmina,Łapsze Niżne,powiat nowotarski,7.50%
38,Bezradność w sprawach opiekuńczo-wychowawczych i prowadzenia gosp. dom.,2021,gmina,Nowy Targ (miasto),powiat nowotarski,23.54%
38,Bezradność w sprawach opiekuńczo-wychowawczych i prowadzenia gosp. dom.,2021,gmina,Nowy Targ (wieś),powiat nowotarski,53.80%
38,Bezradność w sprawach opiekuńczo-wychowawczych i prowadzenia gosp. dom.,2021,gmina,Ochotnica Dolna,powiat nowotarski,7.09%
38,Bezradność w sprawach opiekuńczo-wychowawczych i prowadzenia gosp. dom.,2021,gmina,Raba Wyżna,powiat nowotarski,9.04%
38,Bezradność w sprawach opiekuńczo-wychowawczych i prowadzenia gosp. dom.,2021,gmina,Rabka-Zdrój,powiat nowotarski,18.60%
38,Bezradność w sprawach opiekuńczo-wychowawczych i prowadzenia gosp. dom.,2021,gmina,Spytkowice,powiat nowotarski,2.78%
38,Bezradność w sprawach opiekuńczo-wychowawczych i prowadzenia gosp. dom.,2021,gmina,Szaflary,powiat nowotarski,41.30%
38,Bezradność w sprawach opiekuńczo-wychowawczych i prowadzenia gosp. dom.,2021,gmina,Szczawnica,powiat nowotarski,35.37%
38,Bezradność w sprawach opiekuńczo-wychowawczych i prowadzenia gosp. dom.,2021,powiat,powiat olkuski,powiat olkuski,24.74%
38,Bezradność w sprawach opiekuńczo-wychowawczych i prowadzenia gosp. dom.,2021,gmina,Bolesław,powiat olkuski,14.01%
38,Bezradność w sprawach opiekuńczo-wychowawczych i prowadzenia gosp. dom.,2021,gmina,Bukowno,powiat olkuski,33.11%
38,Bezradność w sprawach opiekuńczo-wychowawczych i prowadzenia gosp. dom.,2021,gmina,Klucze,powiat olkuski,17.79%
38,Bezradność w sprawach opiekuńczo-wychowawczych i prowadzenia gosp. dom.,2021,gmina,Olkusz,powiat olkuski,21.80%
38,Bezradność w sprawach opiekuńczo-wychowawczych i prowadzenia gosp. dom.,2021,gmina,Trzyciąż,powiat olkuski,34.88%
38,Bezradność w sprawach opiekuńczo-wychowawczych i prowadzenia gosp. dom.,2021,gmina,Wolbrom,powiat olkuski,37.24%
38,Bezradność w sprawach opiekuńczo-wychowawczych i prowadzenia gosp. dom.,2021,powiat,powiat oświęcimski,powiat oświęcimski,32.56%
38,Bezradność w sprawach opiekuńczo-wychowawczych i prowadzenia gosp. dom.,2021,gmina,Brzeszcze,powiat oświęcimski,30.77%
38,Bezradność w sprawach opiekuńczo-wychowawczych i prowadzenia gosp. dom.,2021,gmina,Chełmek,powiat oświęcimski,25.51%
38,Bezradność w sprawach opiekuńczo-wychowawczych i prowadzenia gosp. dom.,2021,gmina,Kęty,powiat oświęcimski,26.22%
38,Bezradność w sprawach opiekuńczo-wychowawczych i prowadzenia gosp. dom.,2021,gmina,Osiek,powiat oświęcimski,15.03%
38,Bezradność w sprawach opiekuńczo-wychowawczych i prowadzenia gosp. dom.,2021,gmina,Oświęcim (miasto),powiat oświęcimski,39.52%
38,Bezradność w sprawach opiekuńczo-wychowawczych i prowadzenia gosp. dom.,2021,gmina,Oświęcim (wieś),powiat oświęcimski,36.29%
38,Bezradność w sprawach opiekuńczo-wychowawczych i prowadzenia gosp. dom.,2021,gmina,Polanka Wielka,powiat oświęcimski,0.00%
38,Bezradność w sprawach opiekuńczo-wychowawczych i prowadzenia gosp. dom.,2021,gmina,Przeciszów,powiat oświęcimski,34.48%
38,Bezradność w sprawach opiekuńczo-wychowawczych i prowadzenia gosp. dom.,2021,gmina,Zator,powiat oświęcimski,25.86%
38,Bezradność w sprawach opiekuńczo-wychowawczych i prowadzenia gosp. dom.,2021,powiat,powiat proszowicki,powiat proszowicki,11.58%
38,Bezradność w sprawach opiekuńczo-wychowawczych i prowadzenia gosp. dom.,2021,gmina,Koniusza,powiat proszowicki,7.89%
38,Bezradność w sprawach opiekuńczo-wychowawczych i prowadzenia gosp. dom.,2021,gmina,Koszyce,powiat proszowicki,8.12%
38,Bezradność w sprawach opiekuńczo-wychowawczych i prowadzenia gosp. dom.,2021,gmina,Nowe Brzesko,powiat proszowicki,17.22%
38,Bezradność w sprawach opiekuńczo-wychowawczych i prowadzenia gosp. dom.,2021,gmina,Pałecznica,powiat proszowicki,9.05%
38,Bezradność w sprawach opiekuńczo-wychowawczych i prowadzenia gosp. dom.,2021,gmina,Proszowice,powiat proszowicki,16.76%
38,Bezradność w sprawach opiekuńczo-wychowawczych i prowadzenia gosp. dom.,2021,gmina,Radziemice,powiat proszowicki,0.00%
38,Bezradność w sprawach opiekuńczo-wychowawczych i prowadzenia gosp. dom.,2021,powiat,powiat suski,powiat suski,20.32%
38,Bezradność w sprawach opiekuńczo-wychowawczych i prowadzenia gosp. dom.,2021,gmina,Budzów,powiat suski,11.11%
38,Bezradność w sprawach opiekuńczo-wychowawczych i prowadzenia gosp. dom.,2021,gmina,Bystra-Sidzina,powiat suski,5.12%
38,Bezradność w sprawach opiekuńczo-wychowawczych i prowadzenia gosp. dom.,2021,gmina,Jordanów (miasto),powiat suski,44.35%
38,Bezradność w sprawach opiekuńczo-wychowawczych i prowadzenia gosp. dom.,2021,gmina,Jordanów (wieś),powiat suski,31.47%
38,Bezradność w sprawach opiekuńczo-wychowawczych i prowadzenia gosp. dom.,2021,gmina,Maków Podhalański,powiat suski,33.43%
38,Bezradność w sprawach opiekuńczo-wychowawczych i prowadzenia gosp. dom.,2021,gmina,Stryszawa,powiat suski,4.53%
38,Bezradność w sprawach opiekuńczo-wychowawczych i prowadzenia gosp. dom.,2021,gmina,Sucha Beskidzka,powiat suski,15.97%
38,Bezradność w sprawach opiekuńczo-wychowawczych i prowadzenia gosp. dom.,2021,gmina,Zawoja,powiat suski,16.67%
38,Bezradność w sprawach opiekuńczo-wychowawczych i prowadzenia gosp. dom.,2021,gmina,Zembrzyce,powiat suski,18.45%
38,Bezradność w sprawach opiekuńczo-wychowawczych i prowadzenia gosp. dom.,2021,powiat,powiat tarnowski,powiat tarnowski,12.17%
38,Bezradność w sprawach opiekuńczo-wychowawczych i prowadzenia gosp. dom.,2021,gmina,Ciężkowice,powiat tarnowski,2.47%
38,Bezradność w sprawach opiekuńczo-wychowawczych i prowadzenia gosp. dom.,2021,gmina,Gromnik,powiat tarnowski,10.22%
38,Bezradność w sprawach opiekuńczo-wychowawczych i prowadzenia gosp. dom.,2021,gmina,Lisia Góra,powiat tarnowski,6.19%
38,Bezradność w sprawach opiekuńczo-wychowawczych i prowadzenia gosp. dom.,2021,gmina,Pleśna,powiat tarnowski,13.93%
38,Bezradność w sprawach opiekuńczo-wychowawczych i prowadzenia gosp. dom.,2021,gmina,Radłów,powiat tarnowski,4.99%
38,Bezradność w sprawach opiekuńczo-wychowawczych i prowadzenia gosp. dom.,2021,gmina,Ryglice,powiat tarnowski,38.88%
38,Bezradność w sprawach opiekuńczo-wychowawczych i prowadzenia gosp. dom.,2021,gmina,Rzepiennik Strzyżewski,powiat tarnowski,2.28%
38,Bezradność w sprawach opiekuńczo-wychowawczych i prowadzenia gosp. dom.,2021,gmina,Skrzyszów,powiat tarnowski,5.02%
38,Bezradność w sprawach opiekuńczo-wychowawczych i prowadzenia gosp. dom.,2021,gmina,Szerzyny,powiat tarnowski,14.52%
38,Bezradność w sprawach opiekuńczo-wychowawczych i prowadzenia gosp. dom.,2021,gmina,Tarnów (wieś),powiat tarnowski,16.91%
38,Bezradność w sprawach opiekuńczo-wychowawczych i prowadzenia gosp. dom.,2021,gmina,Tuchów,powiat tarnowski,12.86%
38,Bezradność w sprawach opiekuńczo-wychowawczych i prowadzenia gosp. dom.,2021,gmina,Wierzchosławice,powiat tarnowski,9.20%
38,Bezradność w sprawach opiekuńczo-wychowawczych i prowadzenia gosp. dom.,2021,gmina,Wietrzychowice,powiat tarnowski,1.67%
38,Bezradność w sprawach opiekuńczo-wychowawczych i prowadzenia gosp. dom.,2021,gmina,Wojnicz,powiat tarnowski,13.60%
38,Bezradność w sprawach opiekuńczo-wychowawczych i prowadzenia gosp. dom.,2021,gmina,Zakliczyn,powiat tarnowski,21.66%
38,Bezradność w sprawach opiekuńczo-wychowawczych i prowadzenia gosp. dom.,2021,gmina,Żabno,powiat tarnowski,12.46%
38,Bezradność w sprawach opiekuńczo-wychowawczych i prowadzenia gosp. dom.,2021,powiat,powiat tatrzański,powiat tatrzański,26.74%
38,Bezradność w sprawach opiekuńczo-wychowawczych i prowadzenia gosp. dom.,2021,gmina,Biały Dunajec,powiat tatrzański,32.20%
38,Bezradność w sprawach opiekuńczo-wychowawczych i prowadzenia gosp. dom.,2021,gmina,Bukowina Tatrzańska,powiat tatrzański,10.20%
38,Bezradność w sprawach opiekuńczo-wychowawczych i prowadzenia gosp. dom.,2021,gmina,Kościelisko,powiat tatrzański,27.98%
38,Bezradność w sprawach opiekuńczo-wychowawczych i prowadzenia gosp. dom.,2021,gmina,Poronin,powiat tatrzański,45.56%
38,Bezradność w sprawach opiekuńczo-wychowawczych i prowadzenia gosp. dom.,2021,gmina,Zakopane,powiat tatrzański,26.62%
38,Bezradność w sprawach opiekuńczo-wychowawczych i prowadzenia gosp. dom.,2021,powiat,powiat wadowicki,powiat wadowicki,18.66%
38,Bezradność w sprawach opiekuńczo-wychowawczych i prowadzenia gosp. dom.,2021,gmina,Andrychów,powiat wadowicki,32.03%
38,Bezradność w sprawach opiekuńczo-wychowawczych i prowadzenia gosp. dom.,2021,gmina,Brzeźnica,powiat wadowicki,14.35%
38,Bezradność w sprawach opiekuńczo-wychowawczych i prowadzenia gosp. dom.,2021,gmina,Kalwaria Zebrzydowska,powiat wadowicki,18.53%
38,Bezradność w sprawach opiekuńczo-wychowawczych i prowadzenia gosp. dom.,2021,gmina,Lanckorona,powiat wadowicki,8.51%
38,Bezradność w sprawach opiekuńczo-wychowawczych i prowadzenia gosp. dom.,2021,gmina,Mucharz,powiat wadowicki,15.42%
38,Bezradność w sprawach opiekuńczo-wychowawczych i prowadzenia gosp. dom.,2021,gmina,Spytkowice,powiat wadowicki,10.78%
38,Bezradność w sprawach opiekuńczo-wychowawczych i prowadzenia gosp. dom.,2021,gmina,Stryszów,powiat wadowicki,14.88%
38,Bezradność w sprawach opiekuńczo-wychowawczych i prowadzenia gosp. dom.,2021,gmina,Tomice,powiat wadowicki,22.54%
38,Bezradność w sprawach opiekuńczo-wychowawczych i prowadzenia gosp. dom.,2021,gmina,Wadowice,powiat wadowicki,10.33%
38,Bezradność w sprawach opiekuńczo-wychowawczych i prowadzenia gosp. dom.,2021,gmina,Wieprz,powiat wadowicki,8.14%
38,Bezradność w sprawach opiekuńczo-wychowawczych i prowadzenia gosp. dom.,2021,powiat,powiat wielicki,powiat wielicki,13.37%
38,Bezradność w sprawach opiekuńczo-wychowawczych i prowadzenia gosp. dom.,2021,gmina,Biskupice,powiat wielicki,15.34%
38,Bezradność w sprawach opiekuńczo-wychowawczych i prowadzenia gosp. dom.,2021,gmina,Gdów,powiat wielicki,6.82%
38,Bezradność w sprawach opiekuńczo-wychowawczych i prowadzenia gosp. dom.,2021,gmina,Kłaj,powiat wielicki,43.70%
38,Bezradność w sprawach opiekuńczo-wychowawczych i prowadzenia gosp. dom.,2021,gmina,Niepołomice,powiat wielicki,20.63%
38,Bezradność w sprawach opiekuńczo-wychowawczych i prowadzenia gosp. dom.,2021,gmina,Wieliczka,powiat wielicki,5.29%
38,Bezradność w sprawach opiekuńczo-wychowawczych i prowadzenia gosp. dom.,2020,powiat,powiat bocheński,powiat bocheński,22.27%
38,Bezradność w sprawach opiekuńczo-wychowawczych i prowadzenia gosp. dom.,2020,gmina,Bochnia (miasto),powiat bocheński,35.36%
38,Bezradność w sprawach opiekuńczo-wychowawczych i prowadzenia gosp. dom.,2020,gmina,Bochnia (wieś),powiat bocheński,4.45%
38,Bezradność w sprawach opiekuńczo-wychowawczych i prowadzenia gosp. dom.,2020,gmina,Drwinia,powiat bocheński,10.54%
38,Bezradność w sprawach opiekuńczo-wychowawczych i prowadzenia gosp. dom.,2020,gmina,Lipnica Murowana,powiat bocheński,12.18%
38,Bezradność w sprawach opiekuńczo-wychowawczych i prowadzenia gosp. dom.,2020,gmina,Łapanów,powiat bocheński,27.53%
38,Bezradność w sprawach opiekuńczo-wychowawczych i prowadzenia gosp. dom.,2020,gmina,Nowy Wiśnicz,powiat bocheński,7.79%
38,Bezradność w sprawach opiekuńczo-wychowawczych i prowadzenia gosp. dom.,2020,gmina,Rzezawa,powiat bocheński,12.12%
38,Bezradność w sprawach opiekuńczo-wychowawczych i prowadzenia gosp. dom.,2020,gmina,Trzciana,powiat bocheński,67.62%
38,Bezradność w sprawach opiekuńczo-wychowawczych i prowadzenia gosp. dom.,2020,gmina,Żegocina,powiat bocheński,14.23%
38,Bezradność w sprawach opiekuńczo-wychowawczych i prowadzenia gosp. dom.,2020,powiat,powiat brzeski,powiat brzeski,19.00%
38,Bezradność w sprawach opiekuńczo-wychowawczych i prowadzenia gosp. dom.,2020,gmina,Borzęcin,powiat brzeski,5.25%
38,Bezradność w sprawach opiekuńczo-wychowawczych i prowadzenia gosp. dom.,2020,gmina,Brzesko,powiat brzeski,33.20%
38,Bezradność w sprawach opiekuńczo-wychowawczych i prowadzenia gosp. dom.,2020,gmina,Czchów,powiat brzeski,18.85%
38,Bezradność w sprawach opiekuńczo-wychowawczych i prowadzenia gosp. dom.,2020,gmina,Dębno,powiat brzeski,28.37%
38,Bezradność w sprawach opiekuńczo-wychowawczych i prowadzenia gosp. dom.,2020,gmina,Gnojnik,powiat brzeski,8.36%
38,Bezradność w sprawach opiekuńczo-wychowawczych i prowadzenia gosp. dom.,2020,gmina,Iwkowa,powiat brzeski,6.82%
38,Bezradność w sprawach opiekuńczo-wychowawczych i prowadzenia gosp. dom.,2020,gmina,Szczurowa,powiat brzeski,12.54%
38,Bezradność w sprawach opiekuńczo-wychowawczych i prowadzenia gosp. dom.,2020,powiat,powiat chrzanowski,powiat chrzanowski,39.66%
38,Bezradność w sprawach opiekuńczo-wychowawczych i prowadzenia gosp. dom.,2020,gmina,Alwernia,powiat chrzanowski,18.28%
38,Bezradność w sprawach opiekuńczo-wychowawczych i prowadzenia gosp. dom.,2020,gmina,Babice,powiat chrzanowski,9.92%
38,Bezradność w sprawach opiekuńczo-wychowawczych i prowadzenia gosp. dom.,2020,gmina,Chrzanów,powiat chrzanowski,20.38%
38,Bezradność w sprawach opiekuńczo-wychowawczych i prowadzenia gosp. dom.,2020,gmina,Libiąż,powiat chrzanowski,28.61%
38,Bezradność w sprawach opiekuńczo-wychowawczych i prowadzenia gosp. dom.,2020,gmina,Trzebinia,powiat chrzanowski,80.29%
38,Bezradność w sprawach opiekuńczo-wychowawczych i prowadzenia gosp. dom.,2020,powiat,powiat dąbrowski,powiat dąbrowski,17.50%
38,Bezradność w sprawach opiekuńczo-wychowawczych i prowadzenia gosp. dom.,2020,gmina,Bolesław,powiat dąbrowski,39.92%
38,Bezradność w sprawach opiekuńczo-wychowawczych i prowadzenia gosp. dom.,2020,gmina,Dąbrowa Tarnowska,powiat dąbrowski,14.33%
38,Bezradność w sprawach opiekuńczo-wychowawczych i prowadzenia gosp. dom.,2020,gmina,Gręboszów,powiat dąbrowski,10.43%
38,Bezradność w sprawach opiekuńczo-wychowawczych i prowadzenia gosp. dom.,2020,gmina,Mędrzechów,powiat dąbrowski,1.57%
38,Bezradność w sprawach opiekuńczo-wychowawczych i prowadzenia gosp. dom.,2020,gmina,Olesno,powiat dąbrowski,7.23%
38,Bezradność w sprawach opiekuńczo-wychowawczych i prowadzenia gosp. dom.,2020,gmina,Radgoszcz,powiat dąbrowski,1.72%
38,Bezradność w sprawach opiekuńczo-wychowawczych i prowadzenia gosp. dom.,2020,gmina,Szczucin,powiat dąbrowski,31.09%
38,Bezradność w sprawach opiekuńczo-wychowawczych i prowadzenia gosp. dom.,2020,powiat,powiat gorlicki,powiat gorlicki,12.37%
38,Bezradność w sprawach opiekuńczo-wychowawczych i prowadzenia gosp. dom.,2020,gmina,Biecz,powiat gorlicki,9.93%
38,Bezradność w sprawach opiekuńczo-wychowawczych i prowadzenia gosp. dom.,2020,gmina,Bobowa,powiat gorlicki,4.74%
38,Bezradność w sprawach opiekuńczo-wychowawczych i prowadzenia gosp. dom.,2020,gmina,Gorlice (miasto),powiat gorlicki,54.22%
38,Bezradność w sprawach opiekuńczo-wychowawczych i prowadzenia gosp. dom.,2020,gmina,Gorlice (wieś),powiat gorlicki,5.19%
38,Bezradność w sprawach opiekuńczo-wychowawczych i prowadzenia gosp. dom.,2020,gmina,Lipinki,powiat gorlicki,5.42%
38,Bezradność w sprawach opiekuńczo-wychowawczych i prowadzenia gosp. dom.,2020,gmina,Łużna,powiat gorlicki,17.05%
38,Bezradność w sprawach opiekuńczo-wychowawczych i prowadzenia gosp. dom.,2020,gmina,Moszczenica,powiat gorlicki,3.20%
38,Bezradność w sprawach opiekuńczo-wychowawczych i prowadzenia gosp. dom.,2020,gmina,Ropa,powiat gorlicki,6.47%
38,Bezradność w sprawach opiekuńczo-wychowawczych i prowadzenia gosp. dom.,2020,gmina,Sękowa,powiat gorlicki,6.14%
38,Bezradność w sprawach opiekuńczo-wychowawczych i prowadzenia gosp. dom.,2020,gmina,Uście Gorlickie,powiat gorlicki,7.92%
38,Bezradność w sprawach opiekuńczo-wychowawczych i prowadzenia gosp. dom.,2020,powiat,powiat krakowski,powiat krakowski,20.58%
38,Bezradność w sprawach opiekuńczo-wychowawczych i prowadzenia gosp. dom.,2020,gmina,Czernichów,powiat krakowski,12.02%
38,Bezradność w sprawach opiekuńczo-wychowawczych i prowadzenia gosp. dom.,2020,gmina,Igołomia-Wawrzeńczyce,powiat krakowski,19.18%
38,Bezradność w sprawach opiekuńczo-wychowawczych i prowadzenia gosp. dom.,2020,gmina,Iwanowice,powiat krakowski,30.56%
38,Bezradność w sprawach opiekuńczo-wychowawczych i prowadzenia gosp. dom.,2020,gmina,Jerzmanowice-Przeginia,powiat krakowski,6.00%
38,Bezradność w sprawach opiekuńczo-wychowawczych i prowadzenia gosp. dom.,2020,gmina,Kocmyrzów-Luborzyca,powiat krakowski,37.43%
38,Bezradność w sprawach opiekuńczo-wychowawczych i prowadzenia gosp. dom.,2020,gmina,Krzeszowice,powiat krakowski,7.84%
38,Bezradność w sprawach opiekuńczo-wychowawczych i prowadzenia gosp. dom.,2020,gmina,Liszki,powiat krakowski,32.65%
38,Bezradność w sprawach opiekuńczo-wychowawczych i prowadzenia gosp. dom.,2020,gmina,Michałowice,powiat krakowski,38.42%
38,Bezradność w sprawach opiekuńczo-wychowawczych i prowadzenia gosp. dom.,2020,gmina,Mogilany,powiat krakowski,16.46%
38,Bezradność w sprawach opiekuńczo-wychowawczych i prowadzenia gosp. dom.,2020,gmina,Skała,powiat krakowski,14.88%
38,Bezradność w sprawach opiekuńczo-wychowawczych i prowadzenia gosp. dom.,2020,gmina,Skawina,powiat krakowski,18.77%
38,Bezradność w sprawach opiekuńczo-wychowawczych i prowadzenia gosp. dom.,2020,gmina,Słomniki,powiat krakowski,8.44%
38,Bezradność w sprawach opiekuńczo-wychowawczych i prowadzenia gosp. dom.,2020,gmina,Sułoszowa,powiat krakowski,32.75%
38,Bezradność w sprawach opiekuńczo-wychowawczych i prowadzenia gosp. dom.,2020,gmina,Świątniki Górne,powiat krakowski,23.44%
38,Bezradność w sprawach opiekuńczo-wychowawczych i prowadzenia gosp. dom.,2020,gmina,Wielka Wieś,powiat krakowski,36.84%
38,Bezradność w sprawach opiekuńczo-wychowawczych i prowadzenia gosp. dom.,2020,gmina,Zabierzów,powiat krakowski,16.33%
38,Bezradność w sprawach opiekuńczo-wychowawczych i prowadzenia gosp. dom.,2020,gmina,Zielonki,powiat krakowski,13.33%
38,Bezradność w sprawach opiekuńczo-wychowawczych i prowadzenia gosp. dom.,2020,powiat,powiat limanowski,powiat limanowski,7.41%
38,Bezradność w sprawach opiekuńczo-wychowawczych i prowadzenia gosp. dom.,2020,gmina,Dobra,powiat limanowski,8.33%
38,Bezradność w sprawach opiekuńczo-wychowawczych i prowadzenia gosp. dom.,2020,gmina,Jodłownik,powiat limanowski,9.43%
38,Bezradność w sprawach opiekuńczo-wychowawczych i prowadzenia gosp. dom.,2020,gmina,Kamienica,powiat limanowski,8.15%
38,Bezradność w sprawach opiekuńczo-wychowawczych i prowadzenia gosp. dom.,2020,gmina,Laskowa,powiat limanowski,7.92%
38,Bezradność w sprawach opiekuńczo-wychowawczych i prowadzenia gosp. dom.,2020,gmina,Limanowa (miasto),powiat limanowski,4.20%
38,Bezradność w sprawach opiekuńczo-wychowawczych i prowadzenia gosp. dom.,2020,gmina,Limanowa (wieś),powiat limanowski,3.04%
38,Bezradność w sprawach opiekuńczo-wychowawczych i prowadzenia gosp. dom.,2020,gmina,Łukowica,powiat limanowski,1.44%
38,Bezradność w sprawach opiekuńczo-wychowawczych i prowadzenia gosp. dom.,2020,gmina,Mszana Dolna (miasto),powiat limanowski,41.75%
38,Bezradność w sprawach opiekuńczo-wychowawczych i prowadzenia gosp. dom.,2020,gmina,Mszana Dolna (wieś),powiat limanowski,3.14%
38,Bezradność w sprawach opiekuńczo-wychowawczych i prowadzenia gosp. dom.,2020,gmina,Niedźwiedź,powiat limanowski,12.79%
38,Bezradność w sprawach opiekuńczo-wychowawczych i prowadzenia gosp. dom.,2020,gmina,Słopnice,powiat limanowski,2.41%
38,Bezradność w sprawach opiekuńczo-wychowawczych i prowadzenia gosp. dom.,2020,gmina,Tymbark,powiat limanowski,7.85%
38,Bezradność w sprawach opiekuńczo-wychowawczych i prowadzenia gosp. dom.,2020,powiat,powiat m. Kraków,powiat m. Kraków,22.57%
38,Bezradność w sprawach opiekuńczo-wychowawczych i prowadzenia gosp. dom.,2020,powiat,powiat m. Nowy Sącz,powiat m. Nowy Sącz,25.26%
38,Bezradność w sprawach opiekuńczo-wychowawczych i prowadzenia gosp. dom.,2020,powiat,powiat m. Tarnów,powiat m. Tarnów,7.31%
38,Bezradność w sprawach opiekuńczo-wychowawczych i prowadzenia gosp. dom.,2020,powiat,powiat miechowski,powiat miechowski,21.60%
38,Bezradność w sprawach opiekuńczo-wychowawczych i prowadzenia gosp. dom.,2020,gmina,Charsznica,powiat miechowski,16.44%
38,Bezradność w sprawach opiekuńczo-wychowawczych i prowadzenia gosp. dom.,2020,gmina,Gołcza,powiat miechowski,36.63%
38,Bezradność w sprawach opiekuńczo-wychowawczych i prowadzenia gosp. dom.,2020,gmina,Kozłów,powiat miechowski,1.74%
38,Bezradność w sprawach opiekuńczo-wychowawczych i prowadzenia gosp. dom.,2020,gmina,Książ Wielki,powiat miechowski,20.33%
38,Bezradność w sprawach opiekuńczo-wychowawczych i prowadzenia gosp. dom.,2020,gmina,Miechów,powiat miechowski,28.35%
38,Bezradność w sprawach opiekuńczo-wychowawczych i prowadzenia gosp. dom.,2020,gmina,Racławice,powiat miechowski,13.13%
38,Bezradność w sprawach opiekuńczo-wychowawczych i prowadzenia gosp. dom.,2020,gmina,Słaboszów,powiat miechowski,7.75%
38,Bezradność w sprawach opiekuńczo-wychowawczych i prowadzenia gosp. dom.,2020,powiat,powiat myślenicki,powiat myślenicki,13.30%
38,Bezradność w sprawach opiekuńczo-wychowawczych i prowadzenia gosp. dom.,2020,gmina,Dobczyce,powiat myślenicki,10.42%
38,Bezradność w sprawach opiekuńczo-wychowawczych i prowadzenia gosp. dom.,2020,gmina,Lubień,powiat myślenicki,8.31%
38,Bezradność w sprawach opiekuńczo-wychowawczych i prowadzenia gosp. dom.,2020,gmina,Myślenice,powiat myślenicki,22.20%
38,Bezradność w sprawach opiekuńczo-wychowawczych i prowadzenia gosp. dom.,2020,gmina,Pcim,powiat myślenicki,14.43%
38,Bezradność w sprawach opiekuńczo-wychowawczych i prowadzenia gosp. dom.,2020,gmina,Raciechowice,powiat myślenicki,0.00%
38,Bezradność w sprawach opiekuńczo-wychowawczych i prowadzenia gosp. dom.,2020,gmina,Siepraw,powiat myślenicki,33.66%
38,Bezradność w sprawach opiekuńczo-wychowawczych i prowadzenia gosp. dom.,2020,gmina,Sułkowice,powiat myślenicki,9.89%
38,Bezradność w sprawach opiekuńczo-wychowawczych i prowadzenia gosp. dom.,2020,gmina,Tokarnia,powiat myślenicki,0.00%
38,Bezradność w sprawach opiekuńczo-wychowawczych i prowadzenia gosp. dom.,2020,gmina,Wiśniowa,powiat myślenicki,9.42%
38,Bezradność w sprawach opiekuńczo-wychowawczych i prowadzenia gosp. dom.,2020,powiat,powiat nowosądecki,powiat nowosądecki,7.04%
38,Bezradność w sprawach opiekuńczo-wychowawczych i prowadzenia gosp. dom.,2020,gmina,Podegrodzie,powiat nowosądecki,3.73%
38,Bezradność w sprawach opiekuńczo-wychowawczych i prowadzenia gosp. dom.,2020,gmina,Rytro,powiat nowosądecki,13.73%
38,Bezradność w sprawach opiekuńczo-wychowawczych i prowadzenia gosp. dom.,2020,gmina,Stary Sącz,powiat nowosądecki,5.06%
38,Bezradność w sprawach opiekuńczo-wychowawczych i prowadzenia gosp. dom.,2020,gmina,Chełmiec,powiat nowosądecki,13.80%
38,Bezradność w sprawach opiekuńczo-wychowawczych i prowadzenia gosp. dom.,2020,gmina,Gródek nad Dunajcem,powiat nowosądecki,7.77%
38,Bezradność w sprawach opiekuńczo-wychowawczych i prowadzenia gosp. dom.,2020,gmina,Grybów (miasto),powiat nowosądecki,14.93%
38,Bezradność w sprawach opiekuńczo-wychowawczych i prowadzenia gosp. dom.,2020,gmina,Grybów (wieś),powiat nowosądecki,5.41%
38,Bezradność w sprawach opiekuńczo-wychowawczych i prowadzenia gosp. dom.,2020,gmina,Kamionka Wielka,powiat nowosądecki,5.51%
38,Bezradność w sprawach opiekuńczo-wychowawczych i prowadzenia gosp. dom.,2020,gmina,Korzenna,powiat nowosądecki,6.77%
38,Bezradność w sprawach opiekuńczo-wychowawczych i prowadzenia gosp. dom.,2020,gmina,Krynica-Zdrój,powiat nowosądecki,8.74%
38,Bezradność w sprawach opiekuńczo-wychowawczych i prowadzenia gosp. dom.,2020,gmina,Łabowa,powiat nowosądecki,4.69%
38,Bezradność w sprawach opiekuńczo-wychowawczych i prowadzenia gosp. dom.,2020,gmina,Łącko,powiat nowosądecki,4.19%
38,Bezradność w sprawach opiekuńczo-wychowawczych i prowadzenia gosp. dom.,2020,gmina,Łososina Dolna,powiat nowosądecki,3.34%
38,Bezradność w sprawach opiekuńczo-wychowawczych i prowadzenia gosp. dom.,2020,gmina,Muszyna,powiat nowosądecki,5.18%
38,Bezradność w sprawach opiekuńczo-wychowawczych i prowadzenia gosp. dom.,2020,gmina,Nawojowa,powiat nowosądecki,4.34%
38,Bezradność w sprawach opiekuńczo-wychowawczych i prowadzenia gosp. dom.,2020,gmina,Piwniczna-Zdrój,powiat nowosądecki,11.93%
38,Bezradność w sprawach opiekuńczo-wychowawczych i prowadzenia gosp. dom.,2020,powiat,powiat nowotarski,powiat nowotarski,23.16%
38,Bezradność w sprawach opiekuńczo-wychowawczych i prowadzenia gosp. dom.,2020,gmina,Czarny Dunajec,powiat nowotarski,10.32%
38,Bezradność w sprawach opiekuńczo-wychowawczych i prowadzenia gosp. dom.,2020,gmina,Czorsztyn,powiat nowotarski,4.26%
38,Bezradność w sprawach opiekuńczo-wychowawczych i prowadzenia gosp. dom.,2020,gmina,Jabłonka,powiat nowotarski,21.24%
38,Bezradność w sprawach opiekuńczo-wychowawczych i prowadzenia gosp. dom.,2020,gmina,Krościenko nad Dunajcem,powiat nowotarski,11.55%
38,Bezradność w sprawach opiekuńczo-wychowawczych i prowadzenia gosp. dom.,2020,gmina,Lipnica Wielka,powiat nowotarski,18.33%
38,Bezradność w sprawach opiekuńczo-wychowawczych i prowadzenia gosp. dom.,2020,gmina,Łapsze Niżne,powiat nowotarski,19.19%
38,Bezradność w sprawach opiekuńczo-wychowawczych i prowadzenia gosp. dom.,2020,gmina,Nowy Targ (miasto),powiat nowotarski,23.70%
38,Bezradność w sprawach opiekuńczo-wychowawczych i prowadzenia gosp. dom.,2020,gmina,Nowy Targ (wieś),powiat nowotarski,69.01%
38,Bezradność w sprawach opiekuńczo-wychowawczych i prowadzenia gosp. dom.,2020,gmina,Ochotnica Dolna,powiat nowotarski,5.96%
38,Bezradność w sprawach opiekuńczo-wychowawczych i prowadzenia gosp. dom.,2020,gmina,Raba Wyżna,powiat nowotarski,7.20%
38,Bezradność w sprawach opiekuńczo-wychowawczych i prowadzenia gosp. dom.,2020,gmina,Rabka-Zdrój,powiat nowotarski,15.11%
38,Bezradność w sprawach opiekuńczo-wychowawczych i prowadzenia gosp. dom.,2020,gmina,Spytkowice,powiat nowotarski,5.06%
38,Bezradność w sprawach opiekuńczo-wychowawczych i prowadzenia gosp. dom.,2020,gmina,Szaflary,powiat nowotarski,34.72%
38,Bezradność w sprawach opiekuńczo-wychowawczych i prowadzenia gosp. dom.,2020,gmina,Szczawnica,powiat nowotarski,20.00%
38,Bezradność w sprawach opiekuńczo-wychowawczych i prowadzenia gosp. dom.,2020,powiat,powiat olkuski,powiat olkuski,20.73%
38,Bezradność w sprawach opiekuńczo-wychowawczych i prowadzenia gosp. dom.,2020,gmina,Bolesław,powiat olkuski,22.30%
38,Bezradność w sprawach opiekuńczo-wychowawczych i prowadzenia gosp. dom.,2020,gmina,Bukowno,powiat olkuski,16.86%
38,Bezradność w sprawach opiekuńczo-wychowawczych i prowadzenia gosp. dom.,2020,gmina,Klucze,powiat olkuski,13.70%
38,Bezradność w sprawach opiekuńczo-wychowawczych i prowadzenia gosp. dom.,2020,gmina,Olkusz,powiat olkuski,12.40%
38,Bezradność w sprawach opiekuńczo-wychowawczych i prowadzenia gosp. dom.,2020,gmina,Trzyciąż,powiat olkuski,25.87%
38,Bezradność w sprawach opiekuńczo-wychowawczych i prowadzenia gosp. dom.,2020,gmina,Wolbrom,powiat olkuski,51.40%
38,Bezradność w sprawach opiekuńczo-wychowawczych i prowadzenia gosp. dom.,2020,powiat,powiat oświęcimski,powiat oświęcimski,37.38%
38,Bezradność w sprawach opiekuńczo-wychowawczych i prowadzenia gosp. dom.,2020,gmina,Brzeszcze,powiat oświęcimski,53.07%
38,Bezradność w sprawach opiekuńczo-wychowawczych i prowadzenia gosp. dom.,2020,gmina,Chełmek,powiat oświęcimski,31.01%
38,Bezradność w sprawach opiekuńczo-wychowawczych i prowadzenia gosp. dom.,2020,gmina,Kęty,powiat oświęcimski,26.37%
38,Bezradność w sprawach opiekuńczo-wychowawczych i prowadzenia gosp. dom.,2020,gmina,Osiek,powiat oświęcimski,15.03%
38,Bezradność w sprawach opiekuńczo-wychowawczych i prowadzenia gosp. dom.,2020,gmina,Oświęcim (miasto),powiat oświęcimski,45.28%
38,Bezradność w sprawach opiekuńczo-wychowawczych i prowadzenia gosp. dom.,2020,gmina,Oświęcim (wieś),powiat oświęcimski,50.21%
38,Bezradność w sprawach opiekuńczo-wychowawczych i prowadzenia gosp. dom.,2020,gmina,Polanka Wielka,powiat oświęcimski,0.00%
38,Bezradność w sprawach opiekuńczo-wychowawczych i prowadzenia gosp. dom.,2020,gmina,Przeciszów,powiat oświęcimski,25.64%
38,Bezradność w sprawach opiekuńczo-wychowawczych i prowadzenia gosp. dom.,2020,gmina,Zator,powiat oświęcimski,25.00%
38,Bezradność w sprawach opiekuńczo-wychowawczych i prowadzenia gosp. dom.,2020,powiat,powiat proszowicki,powiat proszowicki,9.62%
38,Bezradność w sprawach opiekuńczo-wychowawczych i prowadzenia gosp. dom.,2020,gmina,Koniusza,powiat proszowicki,8.82%
38,Bezradność w sprawach opiekuńczo-wychowawczych i prowadzenia gosp. dom.,2020,gmina,Koszyce,powiat proszowicki,5.85%
38,Bezradność w sprawach opiekuńczo-wychowawczych i prowadzenia gosp. dom.,2020,gmina,Nowe Brzesko,powiat proszowicki,12.20%
38,Bezradność w sprawach opiekuńczo-wychowawczych i prowadzenia gosp. dom.,2020,gmina,Pałecznica,powiat proszowicki,5.69%
38,Bezradność w sprawach opiekuńczo-wychowawczych i prowadzenia gosp. dom.,2020,gmina,Proszowice,powiat proszowicki,13.82%
38,Bezradność w sprawach opiekuńczo-wychowawczych i prowadzenia gosp. dom.,2020,gmina,Radziemice,powiat proszowicki,5.88%
38,Bezradność w sprawach opiekuńczo-wychowawczych i prowadzenia gosp. dom.,2020,powiat,powiat suski,powiat suski,20.11%
38,Bezradność w sprawach opiekuńczo-wychowawczych i prowadzenia gosp. dom.,2020,gmina,Budzów,powiat suski,9.81%
38,Bezradność w sprawach opiekuńczo-wychowawczych i prowadzenia gosp. dom.,2020,gmina,Bystra-Sidzina,powiat suski,2.81%
38,Bezradność w sprawach opiekuńczo-wychowawczych i prowadzenia gosp. dom.,2020,gmina,Jordanów (miasto),powiat suski,40.89%
38,Bezradność w sprawach opiekuńczo-wychowawczych i prowadzenia gosp. dom.,2020,gmina,Jordanów (wieś),powiat suski,31.78%
38,Bezradność w sprawach opiekuńczo-wychowawczych i prowadzenia gosp. dom.,2020,gmina,Maków Podhalański,powiat suski,31.08%
38,Bezradność w sprawach opiekuńczo-wychowawczych i prowadzenia gosp. dom.,2020,gmina,Stryszawa,powiat suski,7.36%
38,Bezradność w sprawach opiekuńczo-wychowawczych i prowadzenia gosp. dom.,2020,gmina,Sucha Beskidzka,powiat suski,11.54%
38,Bezradność w sprawach opiekuńczo-wychowawczych i prowadzenia gosp. dom.,2020,gmina,Zawoja,powiat suski,23.91%
38,Bezradność w sprawach opiekuńczo-wychowawczych i prowadzenia gosp. dom.,2020,gmina,Zembrzyce,powiat suski,20.28%
38,Bezradność w sprawach opiekuńczo-wychowawczych i prowadzenia gosp. dom.,2020,powiat,powiat tarnowski,powiat tarnowski,11.01%
38,Bezradność w sprawach opiekuńczo-wychowawczych i prowadzenia gosp. dom.,2020,gmina,Ciężkowice,powiat tarnowski,2.90%
38,Bezradność w sprawach opiekuńczo-wychowawczych i prowadzenia gosp. dom.,2020,gmina,Gromnik,powiat tarnowski,6.70%
38,Bezradność w sprawach opiekuńczo-wychowawczych i prowadzenia gosp. dom.,2020,gmina,Lisia Góra,powiat tarnowski,4.79%
38,Bezradność w sprawach opiekuńczo-wychowawczych i prowadzenia gosp. dom.,2020,gmina,Pleśna,powiat tarnowski,21.00%
38,Bezradność w sprawach opiekuńczo-wychowawczych i prowadzenia gosp. dom.,2020,gmina,Radłów,powiat tarnowski,11.82%
38,Bezradność w sprawach opiekuńczo-wychowawczych i prowadzenia gosp. dom.,2020,gmina,Ryglice,powiat tarnowski,6.34%
38,Bezradność w sprawach opiekuńczo-wychowawczych i prowadzenia gosp. dom.,2020,gmina,Rzepiennik Strzyżewski,powiat tarnowski,5.33%
38,Bezradność w sprawach opiekuńczo-wychowawczych i prowadzenia gosp. dom.,2020,gmina,Skrzyszów,powiat tarnowski,9.38%
38,Bezradność w sprawach opiekuńczo-wychowawczych i prowadzenia gosp. dom.,2020,gmina,Szerzyny,powiat tarnowski,15.38%
38,Bezradność w sprawach opiekuńczo-wychowawczych i prowadzenia gosp. dom.,2020,gmina,Tarnów (wieś),powiat tarnowski,16.77%
38,Bezradność w sprawach opiekuńczo-wychowawczych i prowadzenia gosp. dom.,2020,gmina,Tuchów,powiat tarnowski,13.19%
38,Bezradność w sprawach opiekuńczo-wychowawczych i prowadzenia gosp. dom.,2020,gmina,Wierzchosławice,powiat tarnowski,10.08%
38,Bezradność w sprawach opiekuńczo-wychowawczych i prowadzenia gosp. dom.,2020,gmina,Wietrzychowice,powiat tarnowski,1.71%
38,Bezradność w sprawach opiekuńczo-wychowawczych i prowadzenia gosp. dom.,2020,gmina,Wojnicz,powiat tarnowski,4.65%
38,Bezradność w sprawach opiekuńczo-wychowawczych i prowadzenia gosp. dom.,2020,gmina,Zakliczyn,powiat tarnowski,27.48%
38,Bezradność w sprawach opiekuńczo-wychowawczych i prowadzenia gosp. dom.,2020,gmina,Żabno,powiat tarnowski,7.42%
38,Bezradność w sprawach opiekuńczo-wychowawczych i prowadzenia gosp. dom.,2020,powiat,powiat tatrzański,powiat tatrzański,28.18%
38,Bezradność w sprawach opiekuńczo-wychowawczych i prowadzenia gosp. dom.,2020,gmina,Biały Dunajec,powiat tatrzański,28.01%
38,Bezradność w sprawach opiekuńczo-wychowawczych i prowadzenia gosp. dom.,2020,gmina,Bukowina Tatrzańska,powiat tatrzański,8.52%
38,Bezradność w sprawach opiekuńczo-wychowawczych i prowadzenia gosp. dom.,2020,gmina,Kościelisko,powiat tatrzański,43.07%
38,Bezradność w sprawach opiekuńczo-wychowawczych i prowadzenia gosp. dom.,2020,gmina,Poronin,powiat tatrzański,41.78%
38,Bezradność w sprawach opiekuńczo-wychowawczych i prowadzenia gosp. dom.,2020,gmina,Zakopane,powiat tatrzański,31.15%
38,Bezradność w sprawach opiekuńczo-wychowawczych i prowadzenia gosp. dom.,2020,powiat,powiat wadowicki,powiat wadowicki,23.10%
38,Bezradność w sprawach opiekuńczo-wychowawczych i prowadzenia gosp. dom.,2020,gmina,Andrychów,powiat wadowicki,33.90%
38,Bezradność w sprawach opiekuńczo-wychowawczych i prowadzenia gosp. dom.,2020,gmina,Brzeźnica,powiat wadowicki,21.01%
38,Bezradność w sprawach opiekuńczo-wychowawczych i prowadzenia gosp. dom.,2020,gmina,Kalwaria Zebrzydowska,powiat wadowicki,29.55%
38,Bezradność w sprawach opiekuńczo-wychowawczych i prowadzenia gosp. dom.,2020,gmina,Lanckorona,powiat wadowicki,7.62%
38,Bezradność w sprawach opiekuńczo-wychowawczych i prowadzenia gosp. dom.,2020,gmina,Mucharz,powiat wadowicki,23.81%
38,Bezradność w sprawach opiekuńczo-wychowawczych i prowadzenia gosp. dom.,2020,gmina,Spytkowice,powiat wadowicki,15.51%
38,Bezradność w sprawach opiekuńczo-wychowawczych i prowadzenia gosp. dom.,2020,gmina,Stryszów,powiat wadowicki,8.18%
38,Bezradność w sprawach opiekuńczo-wychowawczych i prowadzenia gosp. dom.,2020,gmina,Tomice,powiat wadowicki,19.72%
38,Bezradność w sprawach opiekuńczo-wychowawczych i prowadzenia gosp. dom.,2020,gmina,Wadowice,powiat wadowicki,16.58%
38,Bezradność w sprawach opiekuńczo-wychowawczych i prowadzenia gosp. dom.,2020,gmina,Wieprz,powiat wadowicki,12.18%
38,Bezradność w sprawach opiekuńczo-wychowawczych i prowadzenia gosp. dom.,2020,powiat,powiat wielicki,powiat wielicki,13.64%
38,Bezradność w sprawach opiekuńczo-wychowawczych i prowadzenia gosp. dom.,2020,gmina,Biskupice,powiat wielicki,14.91%
38,Bezradność w sprawach opiekuńczo-wychowawczych i prowadzenia gosp. dom.,2020,gmina,Gdów,powiat wielicki,11.70%
38,Bezradność w sprawach opiekuńczo-wychowawczych i prowadzenia gosp. dom.,2020,gmina,Kłaj,powiat wielicki,40.53%
38,Bezradność w sprawach opiekuńczo-wychowawczych i prowadzenia gosp. dom.,2020,gmina,Niepołomice,powiat wielicki,21.29%
38,Bezradność w sprawach opiekuńczo-wychowawczych i prowadzenia gosp. dom.,2020,gmina,Wieliczka,powiat wielicki,5.17%
38,Bezradność w sprawach opiekuńczo-wychowawczych i prowadzenia gosp. dom.,2019,powiat,powiat bocheński,powiat bocheński,23.78%
38,Bezradność w sprawach opiekuńczo-wychowawczych i prowadzenia gosp. dom.,2019,gmina,Bochnia (miasto),powiat bocheński,40.22%
38,Bezradność w sprawach opiekuńczo-wychowawczych i prowadzenia gosp. dom.,2019,gmina,Bochnia (wieś),powiat bocheński,9.91%
38,Bezradność w sprawach opiekuńczo-wychowawczych i prowadzenia gosp. dom.,2019,gmina,Drwinia,powiat bocheński,4.99%
38,Bezradność w sprawach opiekuńczo-wychowawczych i prowadzenia gosp. dom.,2019,gmina,Lipnica Murowana,powiat bocheński,11.14%
38,Bezradność w sprawach opiekuńczo-wychowawczych i prowadzenia gosp. dom.,2019,gmina,Łapanów,powiat bocheński,23.73%
38,Bezradność w sprawach opiekuńczo-wychowawczych i prowadzenia gosp. dom.,2019,gmina,Nowy Wiśnicz,powiat bocheński,9.27%
38,Bezradność w sprawach opiekuńczo-wychowawczych i prowadzenia gosp. dom.,2019,gmina,Rzezawa,powiat bocheński,13.92%
38,Bezradność w sprawach opiekuńczo-wychowawczych i prowadzenia gosp. dom.,2019,gmina,Trzciana,powiat bocheński,82.00%
38,Bezradność w sprawach opiekuńczo-wychowawczych i prowadzenia gosp. dom.,2019,gmina,Żegocina,powiat bocheński,9.97%
38,Bezradność w sprawach opiekuńczo-wychowawczych i prowadzenia gosp. dom.,2019,powiat,powiat brzeski,powiat brzeski,22.08%
38,Bezradność w sprawach opiekuńczo-wychowawczych i prowadzenia gosp. dom.,2019,gmina,Borzęcin,powiat brzeski,9.78%
38,Bezradność w sprawach opiekuńczo-wychowawczych i prowadzenia gosp. dom.,2019,gmina,Brzesko,powiat brzeski,34.04%
38,Bezradność w sprawach opiekuńczo-wychowawczych i prowadzenia gosp. dom.,2019,gmina,Czchów,powiat brzeski,38.03%
38,Bezradność w sprawach opiekuńczo-wychowawczych i prowadzenia gosp. dom.,2019,gmina,Dębno,powiat brzeski,12.18%
38,Bezradność w sprawach opiekuńczo-wychowawczych i prowadzenia gosp. dom.,2019,gmina,Gnojnik,powiat brzeski,11.26%
38,Bezradność w sprawach opiekuńczo-wychowawczych i prowadzenia gosp. dom.,2019,gmina,Iwkowa,powiat brzeski,5.99%
38,Bezradność w sprawach opiekuńczo-wychowawczych i prowadzenia gosp. dom.,2019,gmina,Szczurowa,powiat brzeski,20.89%
38,Bezradność w sprawach opiekuńczo-wychowawczych i prowadzenia gosp. dom.,2019,powiat,powiat chrzanowski,powiat chrzanowski,39.00%
38,Bezradność w sprawach opiekuńczo-wychowawczych i prowadzenia gosp. dom.,2019,gmina,Alwernia,powiat chrzanowski,26.10%
38,Bezradność w sprawach opiekuńczo-wychowawczych i prowadzenia gosp. dom.,2019,gmina,Babice,powiat chrzanowski,11.58%
38,Bezradność w sprawach opiekuńczo-wychowawczych i prowadzenia gosp. dom.,2019,gmina,Chrzanów,powiat chrzanowski,18.43%
38,Bezradność w sprawach opiekuńczo-wychowawczych i prowadzenia gosp. dom.,2019,gmina,Libiąż,powiat chrzanowski,24.12%
38,Bezradność w sprawach opiekuńczo-wychowawczych i prowadzenia gosp. dom.,2019,gmina,Trzebinia,powiat chrzanowski,85.48%
38,Bezradność w sprawach opiekuńczo-wychowawczych i prowadzenia gosp. dom.,2019,powiat,powiat dąbrowski,powiat dąbrowski,20.77%
38,Bezradność w sprawach opiekuńczo-wychowawczych i prowadzenia gosp. dom.,2019,gmina,Bolesław,powiat dąbrowski,38.31%
38,Bezradność w sprawach opiekuńczo-wychowawczych i prowadzenia gosp. dom.,2019,gmina,Dąbrowa Tarnowska,powiat dąbrowski,16.40%
38,Bezradność w sprawach opiekuńczo-wychowawczych i prowadzenia gosp. dom.,2019,gmina,Gręboszów,powiat dąbrowski,12.34%
38,Bezradność w sprawach opiekuńczo-wychowawczych i prowadzenia gosp. dom.,2019,gmina,Mędrzechów,powiat dąbrowski,0.00%
38,Bezradność w sprawach opiekuńczo-wychowawczych i prowadzenia gosp. dom.,2019,gmina,Olesno,powiat dąbrowski,7.86%
38,Bezradność w sprawach opiekuńczo-wychowawczych i prowadzenia gosp. dom.,2019,gmina,Radgoszcz,powiat dąbrowski,3.31%
38,Bezradność w sprawach opiekuńczo-wychowawczych i prowadzenia gosp. dom.,2019,gmina,Szczucin,powiat dąbrowski,37.99%
38,Bezradność w sprawach opiekuńczo-wychowawczych i prowadzenia gosp. dom.,2019,powiat,powiat gorlicki,powiat gorlicki,12.87%
38,Bezradność w sprawach opiekuńczo-wychowawczych i prowadzenia gosp. dom.,2019,gmina,Biecz,powiat gorlicki,13.16%
38,Bezradność w sprawach opiekuńczo-wychowawczych i prowadzenia gosp. dom.,2019,gmina,Bobowa,powiat gorlicki,4.89%
38,Bezradność w sprawach opiekuńczo-wychowawczych i prowadzenia gosp. dom.,2019,gmina,Gorlice (miasto),powiat gorlicki,55.13%
38,Bezradność w sprawach opiekuńczo-wychowawczych i prowadzenia gosp. dom.,2019,gmina,Gorlice (wieś),powiat gorlicki,5.03%
38,Bezradność w sprawach opiekuńczo-wychowawczych i prowadzenia gosp. dom.,2019,gmina,Lipinki,powiat gorlicki,5.72%
38,Bezradność w sprawach opiekuńczo-wychowawczych i prowadzenia gosp. dom.,2019,gmina,Łużna,powiat gorlicki,15.57%
38,Bezradność w sprawach opiekuńczo-wychowawczych i prowadzenia gosp. dom.,2019,gmina,Moszczenica,powiat gorlicki,6.78%
38,Bezradność w sprawach opiekuńczo-wychowawczych i prowadzenia gosp. dom.,2019,gmina,Ropa,powiat gorlicki,8.83%
38,Bezradność w sprawach opiekuńczo-wychowawczych i prowadzenia gosp. dom.,2019,gmina,Sękowa,powiat gorlicki,8.01%
38,Bezradność w sprawach opiekuńczo-wychowawczych i prowadzenia gosp. dom.,2019,gmina,Uście Gorlickie,powiat gorlicki,4.71%
38,Bezradność w sprawach opiekuńczo-wychowawczych i prowadzenia gosp. dom.,2019,powiat,powiat krakowski,powiat krakowski,21.86%
38,Bezradność w sprawach opiekuńczo-wychowawczych i prowadzenia gosp. dom.,2019,gmina,Czernichów,powiat krakowski,8.23%
38,Bezradność w sprawach opiekuńczo-wychowawczych i prowadzenia gosp. dom.,2019,gmina,Igołomia-Wawrzeńczyce,powiat krakowski,0.00%
38,Bezradność w sprawach opiekuńczo-wychowawczych i prowadzenia gosp. dom.,2019,gmina,Iwanowice,powiat krakowski,41.82%
38,Bezradność w sprawach opiekuńczo-wychowawczych i prowadzenia gosp. dom.,2019,gmina,Jerzmanowice-Przeginia,powiat krakowski,8.82%
38,Bezradność w sprawach opiekuńczo-wychowawczych i prowadzenia gosp. dom.,2019,gmina,Kocmyrzów-Luborzyca,powiat krakowski,41.36%
38,Bezradność w sprawach opiekuńczo-wychowawczych i prowadzenia gosp. dom.,2019,gmina,Krzeszowice,powiat krakowski,8.41%
38,Bezradność w sprawach opiekuńczo-wychowawczych i prowadzenia gosp. dom.,2019,gmina,Liszki,powiat krakowski,32.42%
38,Bezradność w sprawach opiekuńczo-wychowawczych i prowadzenia gosp. dom.,2019,gmina,Michałowice,powiat krakowski,39.53%
38,Bezradność w sprawach opiekuńczo-wychowawczych i prowadzenia gosp. dom.,2019,gmina,Mogilany,powiat krakowski,12.11%
38,Bezradność w sprawach opiekuńczo-wychowawczych i prowadzenia gosp. dom.,2019,gmina,Skała,powiat krakowski,22.70%
38,Bezradność w sprawach opiekuńczo-wychowawczych i prowadzenia gosp. dom.,2019,gmina,Skawina,powiat krakowski,22.65%
38,Bezradność w sprawach opiekuńczo-wychowawczych i prowadzenia gosp. dom.,2019,gmina,Słomniki,powiat krakowski,9.23%
38,Bezradność w sprawach opiekuńczo-wychowawczych i prowadzenia gosp. dom.,2019,gmina,Sułoszowa,powiat krakowski,35.08%
38,Bezradność w sprawach opiekuńczo-wychowawczych i prowadzenia gosp. dom.,2019,gmina,Świątniki Górne,powiat krakowski,18.85%
38,Bezradność w sprawach opiekuńczo-wychowawczych i prowadzenia gosp. dom.,2019,gmina,Wielka Wieś,powiat krakowski,44.23%
38,Bezradność w sprawach opiekuńczo-wychowawczych i prowadzenia gosp. dom.,2019,gmina,Zabierzów,powiat krakowski,22.51%
38,Bezradność w sprawach opiekuńczo-wychowawczych i prowadzenia gosp. dom.,2019,gmina,Zielonki,powiat krakowski,20.17%
38,Bezradność w sprawach opiekuńczo-wychowawczych i prowadzenia gosp. dom.,2019,powiat,powiat limanowski,powiat limanowski,7.53%
38,Bezradność w sprawach opiekuńczo-wychowawczych i prowadzenia gosp. dom.,2019,gmina,Dobra,powiat limanowski,7.42%
38,Bezradność w sprawach opiekuńczo-wychowawczych i prowadzenia gosp. dom.,2019,gmina,Jodłownik,powiat limanowski,12.75%
38,Bezradność w sprawach opiekuńczo-wychowawczych i prowadzenia gosp. dom.,2019,gmina,Kamienica,powiat limanowski,5.32%
38,Bezradność w sprawach opiekuńczo-wychowawczych i prowadzenia gosp. dom.,2019,gmina,Laskowa,powiat limanowski,15.07%
38,Bezradność w sprawach opiekuńczo-wychowawczych i prowadzenia gosp. dom.,2019,gmina,Limanowa (miasto),powiat limanowski,5.12%
38,Bezradność w sprawach opiekuńczo-wychowawczych i prowadzenia gosp. dom.,2019,gmina,Limanowa (wieś),powiat limanowski,2.35%
38,Bezradność w sprawach opiekuńczo-wychowawczych i prowadzenia gosp. dom.,2019,gmina,Łukowica,powiat limanowski,0.97%
38,Bezradność w sprawach opiekuńczo-wychowawczych i prowadzenia gosp. dom.,2019,gmina,Mszana Dolna (miasto),powiat limanowski,42.25%
38,Bezradność w sprawach opiekuńczo-wychowawczych i prowadzenia gosp. dom.,2019,gmina,Mszana Dolna (wieś),powiat limanowski,4.81%
38,Bezradność w sprawach opiekuńczo-wychowawczych i prowadzenia gosp. dom.,2019,gmina,Niedźwiedź,powiat limanowski,11.89%
38,Bezradność w sprawach opiekuńczo-wychowawczych i prowadzenia gosp. dom.,2019,gmina,Słopnice,powiat limanowski,5.51%
38,Bezradność w sprawach opiekuńczo-wychowawczych i prowadzenia gosp. dom.,2019,gmina,Tymbark,powiat limanowski,2.46%
38,Bezradność w sprawach opiekuńczo-wychowawczych i prowadzenia gosp. dom.,2019,powiat,powiat m. Kraków,powiat m. Kraków,22.83%
38,Bezradność w sprawach opiekuńczo-wychowawczych i prowadzenia gosp. dom.,2019,powiat,powiat m. Nowy Sącz,powiat m. Nowy Sącz,34.68%
38,Bezradność w sprawach opiekuńczo-wychowawczych i prowadzenia gosp. dom.,2019,powiat,powiat m. Tarnów,powiat m. Tarnów,7.97%
38,Bezradność w sprawach opiekuńczo-wychowawczych i prowadzenia gosp. dom.,2019,powiat,powiat miechowski,powiat miechowski,25.34%
38,Bezradność w sprawach opiekuńczo-wychowawczych i prowadzenia gosp. dom.,2019,gmina,Charsznica,powiat miechowski,16.77%
38,Bezradność w sprawach opiekuńczo-wychowawczych i prowadzenia gosp. dom.,2019,gmina,Gołcza,powiat miechowski,34.01%
38,Bezradność w sprawach opiekuńczo-wychowawczych i prowadzenia gosp. dom.,2019,gmina,Kozłów,powiat miechowski,17.50%
38,Bezradność w sprawach opiekuńczo-wychowawczych i prowadzenia gosp. dom.,2019,gmina,Książ Wielki,powiat miechowski,21.37%
38,Bezradność w sprawach opiekuńczo-wychowawczych i prowadzenia gosp. dom.,2019,gmina,Miechów,powiat miechowski,33.43%
38,Bezradność w sprawach opiekuńczo-wychowawczych i prowadzenia gosp. dom.,2019,gmina,Racławice,powiat miechowski,10.09%
38,Bezradność w sprawach opiekuńczo-wychowawczych i prowadzenia gosp. dom.,2019,gmina,Słaboszów,powiat miechowski,12.80%
38,Bezradność w sprawach opiekuńczo-wychowawczych i prowadzenia gosp. dom.,2019,powiat,powiat myślenicki,powiat myślenicki,14.24%
38,Bezradność w sprawach opiekuńczo-wychowawczych i prowadzenia gosp. dom.,2019,gmina,Dobczyce,powiat myślenicki,9.53%
38,Bezradność w sprawach opiekuńczo-wychowawczych i prowadzenia gosp. dom.,2019,gmina,Lubień,powiat myślenicki,7.09%
38,Bezradność w sprawach opiekuńczo-wychowawczych i prowadzenia gosp. dom.,2019,gmina,Myślenice,powiat myślenicki,19.35%
38,Bezradność w sprawach opiekuńczo-wychowawczych i prowadzenia gosp. dom.,2019,gmina,Pcim,powiat myślenicki,22.91%
38,Bezradność w sprawach opiekuńczo-wychowawczych i prowadzenia gosp. dom.,2019,gmina,Raciechowice,powiat myślenicki,7.20%
38,Bezradność w sprawach opiekuńczo-wychowawczych i prowadzenia gosp. dom.,2019,gmina,Siepraw,powiat myślenicki,34.14%
38,Bezradność w sprawach opiekuńczo-wychowawczych i prowadzenia gosp. dom.,2019,gmina,Sułkowice,powiat myślenicki,11.85%
38,Bezradność w sprawach opiekuńczo-wychowawczych i prowadzenia gosp. dom.,2019,gmina,Tokarnia,powiat myślenicki,0.84%
38,Bezradność w sprawach opiekuńczo-wychowawczych i prowadzenia gosp. dom.,2019,gmina,Wiśniowa,powiat myślenicki,11.26%
38,Bezradność w sprawach opiekuńczo-wychowawczych i prowadzenia gosp. dom.,2019,powiat,powiat nowosądecki,powiat nowosądecki,7.27%
38,Bezradność w sprawach opiekuńczo-wychowawczych i prowadzenia gosp. dom.,2019,gmina,Podegrodzie,powiat nowosądecki,3.71%
38,Bezradność w sprawach opiekuńczo-wychowawczych i prowadzenia gosp. dom.,2019,gmina,Rytro,powiat nowosądecki,9.74%
38,Bezradność w sprawach opiekuńczo-wychowawczych i prowadzenia gosp. dom.,2019,gmina,Stary Sącz,powiat nowosądecki,5.27%
38,Bezradność w sprawach opiekuńczo-wychowawczych i prowadzenia gosp. dom.,2019,gmina,Chełmiec,powiat nowosądecki,15.39%
38,Bezradność w sprawach opiekuńczo-wychowawczych i prowadzenia gosp. dom.,2019,gmina,Gródek nad Dunajcem,powiat nowosądecki,7.53%
38,Bezradność w sprawach opiekuńczo-wychowawczych i prowadzenia gosp. dom.,2019,gmina,Grybów (miasto),powiat nowosądecki,9.22%
38,Bezradność w sprawach opiekuńczo-wychowawczych i prowadzenia gosp. dom.,2019,gmina,Grybów (wieś),powiat nowosądecki,4.72%
38,Bezradność w sprawach opiekuńczo-wychowawczych i prowadzenia gosp. dom.,2019,gmina,Kamionka Wielka,powiat nowosądecki,9.09%
38,Bezradność w sprawach opiekuńczo-wychowawczych i prowadzenia gosp. dom.,2019,gmina,Korzenna,powiat nowosądecki,8.92%
38,Bezradność w sprawach opiekuńczo-wychowawczych i prowadzenia gosp. dom.,2019,gmina,Krynica-Zdrój,powiat nowosądecki,7.79%
38,Bezradność w sprawach opiekuńczo-wychowawczych i prowadzenia gosp. dom.,2019,gmina,Łabowa,powiat nowosądecki,7.16%
38,Bezradność w sprawach opiekuńczo-wychowawczych i prowadzenia gosp. dom.,2019,gmina,Łącko,powiat nowosądecki,1.50%
38,Bezradność w sprawach opiekuńczo-wychowawczych i prowadzenia gosp. dom.,2019,gmina,Łososina Dolna,powiat nowosądecki,3.00%
38,Bezradność w sprawach opiekuńczo-wychowawczych i prowadzenia gosp. dom.,2019,gmina,Muszyna,powiat nowosądecki,3.98%
38,Bezradność w sprawach opiekuńczo-wychowawczych i prowadzenia gosp. dom.,2019,gmina,Nawojowa,powiat nowosądecki,6.39%
38,Bezradność w sprawach opiekuńczo-wychowawczych i prowadzenia gosp. dom.,2019,gmina,Piwniczna-Zdrój,powiat nowosądecki,13.44%
38,Bezradność w sprawach opiekuńczo-wychowawczych i prowadzenia gosp. dom.,2019,powiat,powiat nowotarski,powiat nowotarski,25.85%
38,Bezradność w sprawach opiekuńczo-wychowawczych i prowadzenia gosp. dom.,2019,gmina,Czarny Dunajec,powiat nowotarski,5.58%
38,Bezradność w sprawach opiekuńczo-wychowawczych i prowadzenia gosp. dom.,2019,gmina,Czorsztyn,powiat nowotarski,13.13%
38,Bezradność w sprawach opiekuńczo-wychowawczych i prowadzenia gosp. dom.,2019,gmina,Jabłonka,powiat nowotarski,29.61%
38,Bezradność w sprawach opiekuńczo-wychowawczych i prowadzenia gosp. dom.,2019,gmina,Krościenko nad Dunajcem,powiat nowotarski,10.76%
38,Bezradność w sprawach opiekuńczo-wychowawczych i prowadzenia gosp. dom.,2019,gmina,Lipnica Wielka,powiat nowotarski,25.20%
38,Bezradność w sprawach opiekuńczo-wychowawczych i prowadzenia gosp. dom.,2019,gmina,Łapsze Niżne,powiat nowotarski,43.42%
38,Bezradność w sprawach opiekuńczo-wychowawczych i prowadzenia gosp. dom.,2019,gmina,Nowy Targ (miasto),powiat nowotarski,21.43%
38,Bezradność w sprawach opiekuńczo-wychowawczych i prowadzenia gosp. dom.,2019,gmina,Nowy Targ (wieś),powiat nowotarski,69.11%
38,Bezradność w sprawach opiekuńczo-wychowawczych i prowadzenia gosp. dom.,2019,gmina,Ochotnica Dolna,powiat nowotarski,7.94%
38,Bezradność w sprawach opiekuńczo-wychowawczych i prowadzenia gosp. dom.,2019,gmina,Raba Wyżna,powiat nowotarski,10.88%
38,Bezradność w sprawach opiekuńczo-wychowawczych i prowadzenia gosp. dom.,2019,gmina,Rabka-Zdrój,powiat nowotarski,32.42%
38,Bezradność w sprawach opiekuńczo-wychowawczych i prowadzenia gosp. dom.,2019,gmina,Spytkowice,powiat nowotarski,1.66%
38,Bezradność w sprawach opiekuńczo-wychowawczych i prowadzenia gosp. dom.,2019,gmina,Szaflary,powiat nowotarski,28.67%
38,Bezradność w sprawach opiekuńczo-wychowawczych i prowadzenia gosp. dom.,2019,gmina,Szczawnica,powiat nowotarski,16.48%
38,Bezradność w sprawach opiekuńczo-wychowawczych i prowadzenia gosp. dom.,2019,powiat,powiat olkuski,powiat olkuski,23.84%
38,Bezradność w sprawach opiekuńczo-wychowawczych i prowadzenia gosp. dom.,2019,gmina,Bolesław,powiat olkuski,27.65%
38,Bezradność w sprawach opiekuńczo-wychowawczych i prowadzenia gosp. dom.,2019,gmina,Bukowno,powiat olkuski,26.38%
38,Bezradność w sprawach opiekuńczo-wychowawczych i prowadzenia gosp. dom.,2019,gmina,Klucze,powiat olkuski,17.14%
38,Bezradność w sprawach opiekuńczo-wychowawczych i prowadzenia gosp. dom.,2019,gmina,Olkusz,powiat olkuski,11.36%
38,Bezradność w sprawach opiekuńczo-wychowawczych i prowadzenia gosp. dom.,2019,gmina,Trzyciąż,powiat olkuski,31.25%
38,Bezradność w sprawach opiekuńczo-wychowawczych i prowadzenia gosp. dom.,2019,gmina,Wolbrom,powiat olkuski,59.29%
38,Bezradność w sprawach opiekuńczo-wychowawczych i prowadzenia gosp. dom.,2019,powiat,powiat oświęcimski,powiat oświęcimski,27.72%
38,Bezradność w sprawach opiekuńczo-wychowawczych i prowadzenia gosp. dom.,2019,gmina,Brzeszcze,powiat oświęcimski,55.59%
38,Bezradność w sprawach opiekuńczo-wychowawczych i prowadzenia gosp. dom.,2019,gmina,Chełmek,powiat oświęcimski,26.93%
38,Bezradność w sprawach opiekuńczo-wychowawczych i prowadzenia gosp. dom.,2019,gmina,Kęty,powiat oświęcimski,25.88%
38,Bezradność w sprawach opiekuńczo-wychowawczych i prowadzenia gosp. dom.,2019,gmina,Osiek,powiat oświęcimski,15.38%
38,Bezradność w sprawach opiekuńczo-wychowawczych i prowadzenia gosp. dom.,2019,gmina,Oświęcim (miasto),powiat oświęcimski,41.22%
38,Bezradność w sprawach opiekuńczo-wychowawczych i prowadzenia gosp. dom.,2019,gmina,Oświęcim (wieś),powiat oświęcimski,36.36%
38,Bezradność w sprawach opiekuńczo-wychowawczych i prowadzenia gosp. dom.,2019,gmina,Polanka Wielka,powiat oświęcimski,32.91%
38,Bezradność w sprawach opiekuńczo-wychowawczych i prowadzenia gosp. dom.,2019,gmina,Przeciszów,powiat oświęcimski,15.99%
38,Bezradność w sprawach opiekuńczo-wychowawczych i prowadzenia gosp. dom.,2019,gmina,Zator,powiat oświęcimski,24.74%
38,Bezradność w sprawach opiekuńczo-wychowawczych i prowadzenia gosp. dom.,2019,powiat,powiat proszowicki,powiat proszowicki,13.11%
38,Bezradność w sprawach opiekuńczo-wychowawczych i prowadzenia gosp. dom.,2019,gmina,Koniusza,powiat proszowicki,8.47%
38,Bezradność w sprawach opiekuńczo-wychowawczych i prowadzenia gosp. dom.,2019,gmina,Koszyce,powiat proszowicki,14.85%
38,Bezradność w sprawach opiekuńczo-wychowawczych i prowadzenia gosp. dom.,2019,gmina,Nowe Brzesko,powiat proszowicki,18.15%
38,Bezradność w sprawach opiekuńczo-wychowawczych i prowadzenia gosp. dom.,2019,gmina,Pałecznica,powiat proszowicki,11.20%
38,Bezradność w sprawach opiekuńczo-wychowawczych i prowadzenia gosp. dom.,2019,gmina,Proszowice,powiat proszowicki,13.80%
38,Bezradność w sprawach opiekuńczo-wychowawczych i prowadzenia gosp. dom.,2019,gmina,Radziemice,powiat proszowicki,7.96%
38,Bezradność w sprawach opiekuńczo-wychowawczych i prowadzenia gosp. dom.,2019,powiat,powiat suski,powiat suski,24.49%
38,Bezradność w sprawach opiekuńczo-wychowawczych i prowadzenia gosp. dom.,2019,gmina,Budzów,powiat suski,1.90%
38,Bezradność w sprawach opiekuńczo-wychowawczych i prowadzenia gosp. dom.,2019,gmina,Bystra-Sidzina,powiat suski,3.17%
38,Bezradność w sprawach opiekuńczo-wychowawczych i prowadzenia gosp. dom.,2019,gmina,Jordanów (miasto),powiat suski,46.82%
38,Bezradność w sprawach opiekuńczo-wychowawczych i prowadzenia gosp. dom.,2019,gmina,Jordanów (wieś),powiat suski,26.11%
38,Bezradność w sprawach opiekuńczo-wychowawczych i prowadzenia gosp. dom.,2019,gmina,Maków Podhalański,powiat suski,48.45%
38,Bezradność w sprawach opiekuńczo-wychowawczych i prowadzenia gosp. dom.,2019,gmina,Stryszawa,powiat suski,8.95%
38,Bezradność w sprawach opiekuńczo-wychowawczych i prowadzenia gosp. dom.,2019,gmina,Sucha Beskidzka,powiat suski,18.08%
38,Bezradność w sprawach opiekuńczo-wychowawczych i prowadzenia gosp. dom.,2019,gmina,Zawoja,powiat suski,25.52%
38,Bezradność w sprawach opiekuńczo-wychowawczych i prowadzenia gosp. dom.,2019,gmina,Zembrzyce,powiat suski,21.59%
38,Bezradność w sprawach opiekuńczo-wychowawczych i prowadzenia gosp. dom.,2019,powiat,powiat tarnowski,powiat tarnowski,10.86%
38,Bezradność w sprawach opiekuńczo-wychowawczych i prowadzenia gosp. dom.,2019,gmina,Ciężkowice,powiat tarnowski,2.13%
38,Bezradność w sprawach opiekuńczo-wychowawczych i prowadzenia gosp. dom.,2019,gmina,Gromnik,powiat tarnowski,12.70%
38,Bezradność w sprawach opiekuńczo-wychowawczych i prowadzenia gosp. dom.,2019,gmina,Lisia Góra,powiat tarnowski,4.56%
38,Bezradność w sprawach opiekuńczo-wychowawczych i prowadzenia gosp. dom.,2019,gmina,Pleśna,powiat tarnowski,15.30%
38,Bezradność w sprawach opiekuńczo-wychowawczych i prowadzenia gosp. dom.,2019,gmina,Radłów,powiat tarnowski,13.71%
38,Bezradność w sprawach opiekuńczo-wychowawczych i prowadzenia gosp. dom.,2019,gmina,Ryglice,powiat tarnowski,8.51%
38,Bezradność w sprawach opiekuńczo-wychowawczych i prowadzenia gosp. dom.,2019,gmina,Rzepiennik Strzyżewski,powiat tarnowski,5.18%
38,Bezradność w sprawach opiekuńczo-wychowawczych i prowadzenia gosp. dom.,2019,gmina,Skrzyszów,powiat tarnowski,7.40%
38,Bezradność w sprawach opiekuńczo-wychowawczych i prowadzenia gosp. dom.,2019,gmina,Szerzyny,powiat tarnowski,20.51%
38,Bezradność w sprawach opiekuńczo-wychowawczych i prowadzenia gosp. dom.,2019,gmina,Tarnów (wieś),powiat tarnowski,15.29%
38,Bezradność w sprawach opiekuńczo-wychowawczych i prowadzenia gosp. dom.,2019,gmina,Tuchów,powiat tarnowski,8.84%
38,Bezradność w sprawach opiekuńczo-wychowawczych i prowadzenia gosp. dom.,2019,gmina,Wierzchosławice,powiat tarnowski,12.09%
38,Bezradność w sprawach opiekuńczo-wychowawczych i prowadzenia gosp. dom.,2019,gmina,Wietrzychowice,powiat tarnowski,5.99%
38,Bezradność w sprawach opiekuńczo-wychowawczych i prowadzenia gosp. dom.,2019,gmina,Wojnicz,powiat tarnowski,7.14%
38,Bezradność w sprawach opiekuńczo-wychowawczych i prowadzenia gosp. dom.,2019,gmina,Zakliczyn,powiat tarnowski,27.56%
38,Bezradność w sprawach opiekuńczo-wychowawczych i prowadzenia gosp. dom.,2019,gmina,Żabno,powiat tarnowski,5.05%
38,Bezradność w sprawach opiekuńczo-wychowawczych i prowadzenia gosp. dom.,2019,powiat,powiat tatrzański,powiat tatrzański,29.92%
38,Bezradność w sprawach opiekuńczo-wychowawczych i prowadzenia gosp. dom.,2019,gmina,Biały Dunajec,powiat tatrzański,30.19%
38,Bezradność w sprawach opiekuńczo-wychowawczych i prowadzenia gosp. dom.,2019,gmina,Bukowina Tatrzańska,powiat tatrzański,9.81%
38,Bezradność w sprawach opiekuńczo-wychowawczych i prowadzenia gosp. dom.,2019,gmina,Kościelisko,powiat tatrzański,45.07%
38,Bezradność w sprawach opiekuńczo-wychowawczych i prowadzenia gosp. dom.,2019,gmina,Poronin,powiat tatrzański,51.90%
38,Bezradność w sprawach opiekuńczo-wychowawczych i prowadzenia gosp. dom.,2019,gmina,Zakopane,powiat tatrzański,27.58%
38,Bezradność w sprawach opiekuńczo-wychowawczych i prowadzenia gosp. dom.,2019,powiat,powiat wadowicki,powiat wadowicki,28.97%
38,Bezradność w sprawach opiekuńczo-wychowawczych i prowadzenia gosp. dom.,2019,gmina,Andrychów,powiat wadowicki,33.18%
38,Bezradność w sprawach opiekuńczo-wychowawczych i prowadzenia gosp. dom.,2019,gmina,Brzeźnica,powiat wadowicki,39.62%
38,Bezradność w sprawach opiekuńczo-wychowawczych i prowadzenia gosp. dom.,2019,gmina,Kalwaria Zebrzydowska,powiat wadowicki,60.79%
38,Bezradność w sprawach opiekuńczo-wychowawczych i prowadzenia gosp. dom.,2019,gmina,Lanckorona,powiat wadowicki,9.16%
38,Bezradność w sprawach opiekuńczo-wychowawczych i prowadzenia gosp. dom.,2019,gmina,Mucharz,powiat wadowicki,14.65%
38,Bezradność w sprawach opiekuńczo-wychowawczych i prowadzenia gosp. dom.,2019,gmina,Spytkowice,powiat wadowicki,16.16%
38,Bezradność w sprawach opiekuńczo-wychowawczych i prowadzenia gosp. dom.,2019,gmina,Stryszów,powiat wadowicki,7.47%
38,Bezradność w sprawach opiekuńczo-wychowawczych i prowadzenia gosp. dom.,2019,gmina,Tomice,powiat wadowicki,13.41%
38,Bezradność w sprawach opiekuńczo-wychowawczych i prowadzenia gosp. dom.,2019,gmina,Wadowice,powiat wadowicki,17.47%
38,Bezradność w sprawach opiekuńczo-wychowawczych i prowadzenia gosp. dom.,2019,gmina,Wieprz,powiat wadowicki,11.04%
38,Bezradność w sprawach opiekuńczo-wychowawczych i prowadzenia gosp. dom.,2019,powiat,powiat wielicki,powiat wielicki,17.86%
38,Bezradność w sprawach opiekuńczo-wychowawczych i prowadzenia gosp. dom.,2019,gmina,Biskupice,powiat wielicki,23.91%
38,Bezradność w sprawach opiekuńczo-wychowawczych i prowadzenia gosp. dom.,2019,gmina,Gdów,powiat wielicki,12.32%
38,Bezradność w sprawach opiekuńczo-wychowawczych i prowadzenia gosp. dom.,2019,gmina,Kłaj,powiat wielicki,41.90%
38,Bezradność w sprawach opiekuńczo-wychowawczych i prowadzenia gosp. dom.,2019,gmina,Niepołomice,powiat wielicki,34.01%
38,Bezradność w sprawach opiekuńczo-wychowawczych i prowadzenia gosp. dom.,2019,gmina,Wieliczka,powiat wielicki,6.24%
38,Bezradność w sprawach opiekuńczo-wychowawczych i prowadzenia gosp. dom.,2018,powiat,powiat bocheński,powiat bocheński,25.31%
38,Bezradność w sprawach opiekuńczo-wychowawczych i prowadzenia gosp. dom.,2018,gmina,Bochnia (miasto),powiat bocheński,48.32%
38,Bezradność w sprawach opiekuńczo-wychowawczych i prowadzenia gosp. dom.,2018,gmina,Bochnia (wieś),powiat bocheński,10.34%
38,Bezradność w sprawach opiekuńczo-wychowawczych i prowadzenia gosp. dom.,2018,gmina,Drwinia,powiat bocheński,6.16%
38,Bezradność w sprawach opiekuńczo-wychowawczych i prowadzenia gosp. dom.,2018,gmina,Lipnica Murowana,powiat bocheński,18.18%
38,Bezradność w sprawach opiekuńczo-wychowawczych i prowadzenia gosp. dom.,2018,gmina,Łapanów,powiat bocheński,20.20%
38,Bezradność w sprawach opiekuńczo-wychowawczych i prowadzenia gosp. dom.,2018,gmina,Nowy Wiśnicz,powiat bocheński,11.36%
38,Bezradność w sprawach opiekuńczo-wychowawczych i prowadzenia gosp. dom.,2018,gmina,Rzezawa,powiat bocheński,19.40%
38,Bezradność w sprawach opiekuńczo-wychowawczych i prowadzenia gosp. dom.,2018,gmina,Trzciana,powiat bocheński,68.59%
38,Bezradność w sprawach opiekuńczo-wychowawczych i prowadzenia gosp. dom.,2018,gmina,Żegocina,powiat bocheński,8.57%
38,Bezradność w sprawach opiekuńczo-wychowawczych i prowadzenia gosp. dom.,2018,powiat,powiat brzeski,powiat brzeski,31.97%
38,Bezradność w sprawach opiekuńczo-wychowawczych i prowadzenia gosp. dom.,2018,gmina,Borzęcin,powiat brzeski,15.87%
38,Bezradność w sprawach opiekuńczo-wychowawczych i prowadzenia gosp. dom.,2018,gmina,Brzesko,powiat brzeski,37.11%
38,Bezradność w sprawach opiekuńczo-wychowawczych i prowadzenia gosp. dom.,2018,gmina,Czchów,powiat brzeski,45.71%
38,Bezradność w sprawach opiekuńczo-wychowawczych i prowadzenia gosp. dom.,2018,gmina,Dębno,powiat brzeski,19.34%
38,Bezradność w sprawach opiekuńczo-wychowawczych i prowadzenia gosp. dom.,2018,gmina,Gnojnik,powiat brzeski,8.82%
38,Bezradność w sprawach opiekuńczo-wychowawczych i prowadzenia gosp. dom.,2018,gmina,Iwkowa,powiat brzeski,73.74%
38,Bezradność w sprawach opiekuńczo-wychowawczych i prowadzenia gosp. dom.,2018,gmina,Szczurowa,powiat brzeski,13.83%
38,Bezradność w sprawach opiekuńczo-wychowawczych i prowadzenia gosp. dom.,2018,powiat,powiat chrzanowski,powiat chrzanowski,37.73%
38,Bezradność w sprawach opiekuńczo-wychowawczych i prowadzenia gosp. dom.,2018,gmina,Alwernia,powiat chrzanowski,16.51%
38,Bezradność w sprawach opiekuńczo-wychowawczych i prowadzenia gosp. dom.,2018,gmina,Babice,powiat chrzanowski,7.69%
38,Bezradność w sprawach opiekuńczo-wychowawczych i prowadzenia gosp. dom.,2018,gmina,Chrzanów,powiat chrzanowski,27.28%
38,Bezradność w sprawach opiekuńczo-wychowawczych i prowadzenia gosp. dom.,2018,gmina,Libiąż,powiat chrzanowski,19.80%
38,Bezradność w sprawach opiekuńczo-wychowawczych i prowadzenia gosp. dom.,2018,gmina,Trzebinia,powiat chrzanowski,76.51%
38,Bezradność w sprawach opiekuńczo-wychowawczych i prowadzenia gosp. dom.,2018,powiat,powiat dąbrowski,powiat dąbrowski,21.91%
38,Bezradność w sprawach opiekuńczo-wychowawczych i prowadzenia gosp. dom.,2018,gmina,Bolesław,powiat dąbrowski,53.79%
38,Bezradność w sprawach opiekuńczo-wychowawczych i prowadzenia gosp. dom.,2018,gmina,Dąbrowa Tarnowska,powiat dąbrowski,15.40%
38,Bezradność w sprawach opiekuńczo-wychowawczych i prowadzenia gosp. dom.,2018,gmina,Gręboszów,powiat dąbrowski,23.02%
38,Bezradność w sprawach opiekuńczo-wychowawczych i prowadzenia gosp. dom.,2018,gmina,Mędrzechów,powiat dąbrowski,50.55%
38,Bezradność w sprawach opiekuńczo-wychowawczych i prowadzenia gosp. dom.,2018,gmina,Olesno,powiat dąbrowski,5.21%
38,Bezradność w sprawach opiekuńczo-wychowawczych i prowadzenia gosp. dom.,2018,gmina,Radgoszcz,powiat dąbrowski,4.60%
38,Bezradność w sprawach opiekuńczo-wychowawczych i prowadzenia gosp. dom.,2018,gmina,Szczucin,powiat dąbrowski,28.78%
38,Bezradność w sprawach opiekuńczo-wychowawczych i prowadzenia gosp. dom.,2018,powiat,powiat gorlicki,powiat gorlicki,13.12%
38,Bezradność w sprawach opiekuńczo-wychowawczych i prowadzenia gosp. dom.,2018,gmina,Biecz,powiat gorlicki,18.67%
38,Bezradność w sprawach opiekuńczo-wychowawczych i prowadzenia gosp. dom.,2018,gmina,Bobowa,powiat gorlicki,5.52%
38,Bezradność w sprawach opiekuńczo-wychowawczych i prowadzenia gosp. dom.,2018,gmina,Gorlice (miasto),powiat gorlicki,49.82%
38,Bezradność w sprawach opiekuńczo-wychowawczych i prowadzenia gosp. dom.,2018,gmina,Gorlice (wieś),powiat gorlicki,4.62%
38,Bezradność w sprawach opiekuńczo-wychowawczych i prowadzenia gosp. dom.,2018,gmina,Lipinki,powiat gorlicki,6.91%
38,Bezradność w sprawach opiekuńczo-wychowawczych i prowadzenia gosp. dom.,2018,gmina,Łużna,powiat gorlicki,12.73%
38,Bezradność w sprawach opiekuńczo-wychowawczych i prowadzenia gosp. dom.,2018,gmina,Moszczenica,powiat gorlicki,5.21%
38,Bezradność w sprawach opiekuńczo-wychowawczych i prowadzenia gosp. dom.,2018,gmina,Ropa,powiat gorlicki,8.01%
38,Bezradność w sprawach opiekuńczo-wychowawczych i prowadzenia gosp. dom.,2018,gmina,Sękowa,powiat gorlicki,9.28%
38,Bezradność w sprawach opiekuńczo-wychowawczych i prowadzenia gosp. dom.,2018,gmina,Uście Gorlickie,powiat gorlicki,4.86%
38,Bezradność w sprawach opiekuńczo-wychowawczych i prowadzenia gosp. dom.,2018,powiat,powiat krakowski,powiat krakowski,28.24%
38,Bezradność w sprawach opiekuńczo-wychowawczych i prowadzenia gosp. dom.,2018,gmina,Czernichów,powiat krakowski,3.72%
38,Bezradność w sprawach opiekuńczo-wychowawczych i prowadzenia gosp. dom.,2018,gmina,Igołomia-Wawrzeńczyce,powiat krakowski,83.05%
38,Bezradność w sprawach opiekuńczo-wychowawczych i prowadzenia gosp. dom.,2018,gmina,Iwanowice,powiat krakowski,27.84%
38,Bezradność w sprawach opiekuńczo-wychowawczych i prowadzenia gosp. dom.,2018,gmina,Jerzmanowice-Przeginia,powiat krakowski,13.86%
38,Bezradność w sprawach opiekuńczo-wychowawczych i prowadzenia gosp. dom.,2018,gmina,Kocmyrzów-Luborzyca,powiat krakowski,40.27%
38,Bezradność w sprawach opiekuńczo-wychowawczych i prowadzenia gosp. dom.,2018,gmina,Krzeszowice,powiat krakowski,11.22%
38,Bezradność w sprawach opiekuńczo-wychowawczych i prowadzenia gosp. dom.,2018,gmina,Liszki,powiat krakowski,34.54%
38,Bezradność w sprawach opiekuńczo-wychowawczych i prowadzenia gosp. dom.,2018,gmina,Michałowice,powiat krakowski,39.41%
38,Bezradność w sprawach opiekuńczo-wychowawczych i prowadzenia gosp. dom.,2018,gmina,Mogilany,powiat krakowski,9.86%
38,Bezradność w sprawach opiekuńczo-wychowawczych i prowadzenia gosp. dom.,2018,gmina,Skała,powiat krakowski,28.81%
38,Bezradność w sprawach opiekuńczo-wychowawczych i prowadzenia gosp. dom.,2018,gmina,Skawina,powiat krakowski,26.13%
38,Bezradność w sprawach opiekuńczo-wychowawczych i prowadzenia gosp. dom.,2018,gmina,Słomniki,powiat krakowski,3.62%
38,Bezradność w sprawach opiekuńczo-wychowawczych i prowadzenia gosp. dom.,2018,gmina,Sułoszowa,powiat krakowski,39.15%
38,Bezradność w sprawach opiekuńczo-wychowawczych i prowadzenia gosp. dom.,2018,gmina,Świątniki Górne,powiat krakowski,23.13%
38,Bezradność w sprawach opiekuńczo-wychowawczych i prowadzenia gosp. dom.,2018,gmina,Wielka Wieś,powiat krakowski,39.11%
38,Bezradność w sprawach opiekuńczo-wychowawczych i prowadzenia gosp. dom.,2018,gmina,Zabierzów,powiat krakowski,22.00%
38,Bezradność w sprawach opiekuńczo-wychowawczych i prowadzenia gosp. dom.,2018,gmina,Zielonki,powiat krakowski,32.46%
38,Bezradność w sprawach opiekuńczo-wychowawczych i prowadzenia gosp. dom.,2018,powiat,powiat limanowski,powiat limanowski,10.98%
38,Bezradność w sprawach opiekuńczo-wychowawczych i prowadzenia gosp. dom.,2018,gmina,Dobra,powiat limanowski,7.33%
38,Bezradność w sprawach opiekuńczo-wychowawczych i prowadzenia gosp. dom.,2018,gmina,Jodłownik,powiat limanowski,14.50%
38,Bezradność w sprawach opiekuńczo-wychowawczych i prowadzenia gosp. dom.,2018,gmina,Kamienica,powiat limanowski,3.49%
38,Bezradność w sprawach opiekuńczo-wychowawczych i prowadzenia gosp. dom.,2018,gmina,Laskowa,powiat limanowski,15.03%
38,Bezradność w sprawach opiekuńczo-wychowawczych i prowadzenia gosp. dom.,2018,gmina,Limanowa (miasto),powiat limanowski,6.69%
38,Bezradność w sprawach opiekuńczo-wychowawczych i prowadzenia gosp. dom.,2018,gmina,Limanowa (wieś),powiat limanowski,2.83%
38,Bezradność w sprawach opiekuńczo-wychowawczych i prowadzenia gosp. dom.,2018,gmina,Łukowica,powiat limanowski,1.97%
38,Bezradność w sprawach opiekuńczo-wychowawczych i prowadzenia gosp. dom.,2018,gmina,Mszana Dolna (miasto),powiat limanowski,33.33%
38,Bezradność w sprawach opiekuńczo-wychowawczych i prowadzenia gosp. dom.,2018,gmina,Mszana Dolna (wieś),powiat limanowski,51.21%
38,Bezradność w sprawach opiekuńczo-wychowawczych i prowadzenia gosp. dom.,2018,gmina,Niedźwiedź,powiat limanowski,12.86%
38,Bezradność w sprawach opiekuńczo-wychowawczych i prowadzenia gosp. dom.,2018,gmina,Słopnice,powiat limanowski,7.20%
38,Bezradność w sprawach opiekuńczo-wychowawczych i prowadzenia gosp. dom.,2018,gmina,Tymbark,powiat limanowski,3.05%
38,Bezradność w sprawach opiekuńczo-wychowawczych i prowadzenia gosp. dom.,2018,powiat,powiat m. Kraków,powiat m. Kraków,24.00%
38,Bezradność w sprawach opiekuńczo-wychowawczych i prowadzenia gosp. dom.,2018,powiat,powiat m. Nowy Sącz,powiat m. Nowy Sącz,28.87%
38,Bezradność w sprawach opiekuńczo-wychowawczych i prowadzenia gosp. dom.,2018,powiat,powiat m. Tarnów,powiat m. Tarnów,8.78%
38,Bezradność w sprawach opiekuńczo-wychowawczych i prowadzenia gosp. dom.,2018,powiat,powiat miechowski,powiat miechowski,27.22%
38,Bezradność w sprawach opiekuńczo-wychowawczych i prowadzenia gosp. dom.,2018,gmina,Charsznica,powiat miechowski,14.06%
38,Bezradność w sprawach opiekuńczo-wychowawczych i prowadzenia gosp. dom.,2018,gmina,Gołcza,powiat miechowski,30.31%
38,Bezradność w sprawach opiekuńczo-wychowawczych i prowadzenia gosp. dom.,2018,gmina,Kozłów,powiat miechowski,49.77%
38,Bezradność w sprawach opiekuńczo-wychowawczych i prowadzenia gosp. dom.,2018,gmina,Książ Wielki,powiat miechowski,27.67%
38,Bezradność w sprawach opiekuńczo-wychowawczych i prowadzenia gosp. dom.,2018,gmina,Miechów,powiat miechowski,31.43%
38,Bezradność w sprawach opiekuńczo-wychowawczych i prowadzenia gosp. dom.,2018,gmina,Racławice,powiat miechowski,1.96%
38,Bezradność w sprawach opiekuńczo-wychowawczych i prowadzenia gosp. dom.,2018,gmina,Słaboszów,powiat miechowski,11.64%
38,Bezradność w sprawach opiekuńczo-wychowawczych i prowadzenia gosp. dom.,2018,powiat,powiat myślenicki,powiat myślenicki,15.66%
38,Bezradność w sprawach opiekuńczo-wychowawczych i prowadzenia gosp. dom.,2018,gmina,Dobczyce,powiat myślenicki,8.20%
38,Bezradność w sprawach opiekuńczo-wychowawczych i prowadzenia gosp. dom.,2018,gmina,Lubień,powiat myślenicki,8.98%
38,Bezradność w sprawach opiekuńczo-wychowawczych i prowadzenia gosp. dom.,2018,gmina,Myślenice,powiat myślenicki,19.00%
38,Bezradność w sprawach opiekuńczo-wychowawczych i prowadzenia gosp. dom.,2018,gmina,Pcim,powiat myślenicki,32.34%
38,Bezradność w sprawach opiekuńczo-wychowawczych i prowadzenia gosp. dom.,2018,gmina,Raciechowice,powiat myślenicki,6.42%
38,Bezradność w sprawach opiekuńczo-wychowawczych i prowadzenia gosp. dom.,2018,gmina,Siepraw,powiat myślenicki,46.00%
38,Bezradność w sprawach opiekuńczo-wychowawczych i prowadzenia gosp. dom.,2018,gmina,Sułkowice,powiat myślenicki,10.42%
38,Bezradność w sprawach opiekuńczo-wychowawczych i prowadzenia gosp. dom.,2018,gmina,Tokarnia,powiat myślenicki,0.78%
38,Bezradność w sprawach opiekuńczo-wychowawczych i prowadzenia gosp. dom.,2018,gmina,Wiśniowa,powiat myślenicki,7.71%
38,Bezradność w sprawach opiekuńczo-wychowawczych i prowadzenia gosp. dom.,2018,powiat,powiat nowosądecki,powiat nowosądecki,10.14%
38,Bezradność w sprawach opiekuńczo-wychowawczych i prowadzenia gosp. dom.,2018,gmina,Podegrodzie,powiat nowosądecki,3.05%
38,Bezradność w sprawach opiekuńczo-wychowawczych i prowadzenia gosp. dom.,2018,gmina,Rytro,powiat nowosądecki,7.12%
38,Bezradność w sprawach opiekuńczo-wychowawczych i prowadzenia gosp. dom.,2018,gmina,Stary Sącz,powiat nowosądecki,4.62%
38,Bezradność w sprawach opiekuńczo-wychowawczych i prowadzenia gosp. dom.,2018,gmina,Chełmiec,powiat nowosądecki,16.49%
38,Bezradność w sprawach opiekuńczo-wychowawczych i prowadzenia gosp. dom.,2018,gmina,Gródek nad Dunajcem,powiat nowosądecki,8.05%
38,Bezradność w sprawach opiekuńczo-wychowawczych i prowadzenia gosp. dom.,2018,gmina,Grybów (miasto),powiat nowosądecki,5.33%
38,Bezradność w sprawach opiekuńczo-wychowawczych i prowadzenia gosp. dom.,2018,gmina,Grybów (wieś),powiat nowosądecki,5.22%
38,Bezradność w sprawach opiekuńczo-wychowawczych i prowadzenia gosp. dom.,2018,gmina,Kamionka Wielka,powiat nowosądecki,5.17%
38,Bezradność w sprawach opiekuńczo-wychowawczych i prowadzenia gosp. dom.,2018,gmina,Korzenna,powiat nowosądecki,14.73%
38,Bezradność w sprawach opiekuńczo-wychowawczych i prowadzenia gosp. dom.,2018,gmina,Krynica-Zdrój,powiat nowosądecki,2.72%
38,Bezradność w sprawach opiekuńczo-wychowawczych i prowadzenia gosp. dom.,2018,gmina,Łabowa,powiat nowosądecki,5.91%
38,Bezradność w sprawach opiekuńczo-wychowawczych i prowadzenia gosp. dom.,2018,gmina,Łącko,powiat nowosądecki,11.79%
38,Bezradność w sprawach opiekuńczo-wychowawczych i prowadzenia gosp. dom.,2018,gmina,Łososina Dolna,powiat nowosądecki,1.09%
38,Bezradność w sprawach opiekuńczo-wychowawczych i prowadzenia gosp. dom.,2018,gmina,Muszyna,powiat nowosądecki,4.69%
38,Bezradność w sprawach opiekuńczo-wychowawczych i prowadzenia gosp. dom.,2018,gmina,Nawojowa,powiat nowosądecki,5.92%
38,Bezradność w sprawach opiekuńczo-wychowawczych i prowadzenia gosp. dom.,2018,gmina,Piwniczna-Zdrój,powiat nowosądecki,45.16%
38,Bezradność w sprawach opiekuńczo-wychowawczych i prowadzenia gosp. dom.,2018,powiat,powiat nowotarski,powiat nowotarski,27.23%
38,Bezradność w sprawach opiekuńczo-wychowawczych i prowadzenia gosp. dom.,2018,gmina,Czarny Dunajec,powiat nowotarski,9.26%
38,Bezradność w sprawach opiekuńczo-wychowawczych i prowadzenia gosp. dom.,2018,gmina,Czorsztyn,powiat nowotarski,21.51%
38,Bezradność w sprawach opiekuńczo-wychowawczych i prowadzenia gosp. dom.,2018,gmina,Jabłonka,powiat nowotarski,24.67%
38,Bezradność w sprawach opiekuńczo-wychowawczych i prowadzenia gosp. dom.,2018,gmina,Krościenko nad Dunajcem,powiat nowotarski,12.32%
38,Bezradność w sprawach opiekuńczo-wychowawczych i prowadzenia gosp. dom.,2018,gmina,Lipnica Wielka,powiat nowotarski,30.70%
38,Bezradność w sprawach opiekuńczo-wychowawczych i prowadzenia gosp. dom.,2018,gmina,Łapsze Niżne,powiat nowotarski,35.19%
38,Bezradność w sprawach opiekuńczo-wychowawczych i prowadzenia gosp. dom.,2018,gmina,Nowy Targ (miasto),powiat nowotarski,17.46%
38,Bezradność w sprawach opiekuńczo-wychowawczych i prowadzenia gosp. dom.,2018,gmina,Nowy Targ (wieś),powiat nowotarski,68.80%
38,Bezradność w sprawach opiekuńczo-wychowawczych i prowadzenia gosp. dom.,2018,gmina,Ochotnica Dolna,powiat nowotarski,6.90%
38,Bezradność w sprawach opiekuńczo-wychowawczych i prowadzenia gosp. dom.,2018,gmina,Raba Wyżna,powiat nowotarski,11.59%
38,Bezradność w sprawach opiekuńczo-wychowawczych i prowadzenia gosp. dom.,2018,gmina,Rabka-Zdrój,powiat nowotarski,53.01%
38,Bezradność w sprawach opiekuńczo-wychowawczych i prowadzenia gosp. dom.,2018,gmina,Spytkowice,powiat nowotarski,0.00%
38,Bezradność w sprawach opiekuńczo-wychowawczych i prowadzenia gosp. dom.,2018,gmina,Szaflary,powiat nowotarski,28.76%
38,Bezradność w sprawach opiekuńczo-wychowawczych i prowadzenia gosp. dom.,2018,gmina,Szczawnica,powiat nowotarski,16.38%
38,Bezradność w sprawach opiekuńczo-wychowawczych i prowadzenia gosp. dom.,2018,powiat,powiat olkuski,powiat olkuski,32.96%
38,Bezradność w sprawach opiekuńczo-wychowawczych i prowadzenia gosp. dom.,2018,gmina,Bolesław,powiat olkuski,32.11%
38,Bezradność w sprawach opiekuńczo-wychowawczych i prowadzenia gosp. dom.,2018,gmina,Bukowno,powiat olkuski,29.22%
38,Bezradność w sprawach opiekuńczo-wychowawczych i prowadzenia gosp. dom.,2018,gmina,Klucze,powiat olkuski,15.97%
38,Bezradność w sprawach opiekuńczo-wychowawczych i prowadzenia gosp. dom.,2018,gmina,Olkusz,powiat olkuski,23.16%
38,Bezradność w sprawach opiekuńczo-wychowawczych i prowadzenia gosp. dom.,2018,gmina,Trzyciąż,powiat olkuski,39.84%
38,Bezradność w sprawach opiekuńczo-wychowawczych i prowadzenia gosp. dom.,2018,gmina,Wolbrom,powiat olkuski,64.00%
38,Bezradność w sprawach opiekuńczo-wychowawczych i prowadzenia gosp. dom.,2018,powiat,powiat oświęcimski,powiat oświęcimski,35.38%
38,Bezradność w sprawach opiekuńczo-wychowawczych i prowadzenia gosp. dom.,2018,gmina,Brzeszcze,powiat oświęcimski,60.87%
38,Bezradność w sprawach opiekuńczo-wychowawczych i prowadzenia gosp. dom.,2018,gmina,Chełmek,powiat oświęcimski,24.94%
38,Bezradność w sprawach opiekuńczo-wychowawczych i prowadzenia gosp. dom.,2018,gmina,Kęty,powiat oświęcimski,35.89%
38,Bezradność w sprawach opiekuńczo-wychowawczych i prowadzenia gosp. dom.,2018,gmina,Osiek,powiat oświęcimski,24.68%
38,Bezradność w sprawach opiekuńczo-wychowawczych i prowadzenia gosp. dom.,2018,gmina,Oświęcim (miasto),powiat oświęcimski,36.53%
38,Bezradność w sprawach opiekuńczo-wychowawczych i prowadzenia gosp. dom.,2018,gmina,Oświęcim (wieś),powiat oświęcimski,40.13%
38,Bezradność w sprawach opiekuńczo-wychowawczych i prowadzenia gosp. dom.,2018,gmina,Polanka Wielka,powiat oświęcimski,60.00%
38,Bezradność w sprawach opiekuńczo-wychowawczych i prowadzenia gosp. dom.,2018,gmina,Przeciszów,powiat oświęcimski,17.24%
38,Bezradność w sprawach opiekuńczo-wychowawczych i prowadzenia gosp. dom.,2018,gmina,Zator,powiat oświęcimski,18.37%
38,Bezradność w sprawach opiekuńczo-wychowawczych i prowadzenia gosp. dom.,2018,powiat,powiat proszowicki,powiat proszowicki,14.33%
38,Bezradność w sprawach opiekuńczo-wychowawczych i prowadzenia gosp. dom.,2018,gmina,Koniusza,powiat proszowicki,7.21%
38,Bezradność w sprawach opiekuńczo-wychowawczych i prowadzenia gosp. dom.,2018,gmina,Koszyce,powiat proszowicki,11.71%
38,Bezradność w sprawach opiekuńczo-wychowawczych i prowadzenia gosp. dom.,2018,gmina,Nowe Brzesko,powiat proszowicki,26.48%
38,Bezradność w sprawach opiekuńczo-wychowawczych i prowadzenia gosp. dom.,2018,gmina,Pałecznica,powiat proszowicki,8.26%
38,Bezradność w sprawach opiekuńczo-wychowawczych i prowadzenia gosp. dom.,2018,gmina,Proszowice,powiat proszowicki,16.38%
38,Bezradność w sprawach opiekuńczo-wychowawczych i prowadzenia gosp. dom.,2018,gmina,Radziemice,powiat proszowicki,14.40%
38,Bezradność w sprawach opiekuńczo-wychowawczych i prowadzenia gosp. dom.,2018,powiat,powiat suski,powiat suski,25.65%
38,Bezradność w sprawach opiekuńczo-wychowawczych i prowadzenia gosp. dom.,2018,gmina,Budzów,powiat suski,4.35%
38,Bezradność w sprawach opiekuńczo-wychowawczych i prowadzenia gosp. dom.,2018,gmina,Bystra-Sidzina,powiat suski,17.91%
38,Bezradność w sprawach opiekuńczo-wychowawczych i prowadzenia gosp. dom.,2018,gmina,Jordanów (miasto),powiat suski,50.00%
38,Bezradność w sprawach opiekuńczo-wychowawczych i prowadzenia gosp. dom.,2018,gmina,Jordanów (wieś),powiat suski,24.39%
38,Bezradność w sprawach opiekuńczo-wychowawczych i prowadzenia gosp. dom.,2018,gmina,Maków Podhalański,powiat suski,47.61%
38,Bezradność w sprawach opiekuńczo-wychowawczych i prowadzenia gosp. dom.,2018,gmina,Stryszawa,powiat suski,4.06%
38,Bezradność w sprawach opiekuńczo-wychowawczych i prowadzenia gosp. dom.,2018,gmina,Sucha Beskidzka,powiat suski,22.01%
38,Bezradność w sprawach opiekuńczo-wychowawczych i prowadzenia gosp. dom.,2018,gmina,Zawoja,powiat suski,25.30%
38,Bezradność w sprawach opiekuńczo-wychowawczych i prowadzenia gosp. dom.,2018,gmina,Zembrzyce,powiat suski,19.49%
38,Bezradność w sprawach opiekuńczo-wychowawczych i prowadzenia gosp. dom.,2018,powiat,powiat tarnowski,powiat tarnowski,15.67%
38,Bezradność w sprawach opiekuńczo-wychowawczych i prowadzenia gosp. dom.,2018,gmina,Ciężkowice,powiat tarnowski,3.27%
38,Bezradność w sprawach opiekuńczo-wychowawczych i prowadzenia gosp. dom.,2018,gmina,Gromnik,powiat tarnowski,51.65%
38,Bezradność w sprawach opiekuńczo-wychowawczych i prowadzenia gosp. dom.,2018,gmina,Lisia Góra,powiat tarnowski,13.52%
38,Bezradność w sprawach opiekuńczo-wychowawczych i prowadzenia gosp. dom.,2018,gmina,Pleśna,powiat tarnowski,16.45%
38,Bezradność w sprawach opiekuńczo-wychowawczych i prowadzenia gosp. dom.,2018,gmina,Radłów,powiat tarnowski,10.05%
38,Bezradność w sprawach opiekuńczo-wychowawczych i prowadzenia gosp. dom.,2018,gmina,Ryglice,powiat tarnowski,22.00%
38,Bezradność w sprawach opiekuńczo-wychowawczych i prowadzenia gosp. dom.,2018,gmina,Rzepiennik Strzyżewski,powiat tarnowski,4.92%
38,Bezradność w sprawach opiekuńczo-wychowawczych i prowadzenia gosp. dom.,2018,gmina,Skrzyszów,powiat tarnowski,15.23%
38,Bezradność w sprawach opiekuńczo-wychowawczych i prowadzenia gosp. dom.,2018,gmina,Szerzyny,powiat tarnowski,48.53%
38,Bezradność w sprawach opiekuńczo-wychowawczych i prowadzenia gosp. dom.,2018,gmina,Tarnów (wieś),powiat tarnowski,12.39%
38,Bezradność w sprawach opiekuńczo-wychowawczych i prowadzenia gosp. dom.,2018,gmina,Tuchów,powiat tarnowski,19.60%
38,Bezradność w sprawach opiekuńczo-wychowawczych i prowadzenia gosp. dom.,2018,gmina,Wierzchosławice,powiat tarnowski,10.91%
38,Bezradność w sprawach opiekuńczo-wychowawczych i prowadzenia gosp. dom.,2018,gmina,Wietrzychowice,powiat tarnowski,5.50%
38,Bezradność w sprawach opiekuńczo-wychowawczych i prowadzenia gosp. dom.,2018,gmina,Wojnicz,powiat tarnowski,8.02%
38,Bezradność w sprawach opiekuńczo-wychowawczych i prowadzenia gosp. dom.,2018,gmina,Zakliczyn,powiat tarnowski,24.47%
38,Bezradność w sprawach opiekuńczo-wychowawczych i prowadzenia gosp. dom.,2018,gmina,Żabno,powiat tarnowski,7.02%
38,Bezradność w sprawach opiekuńczo-wychowawczych i prowadzenia gosp. dom.,2018,powiat,powiat tatrzański,powiat tatrzański,29.04%
38,Bezradność w sprawach opiekuńczo-wychowawczych i prowadzenia gosp. dom.,2018,gmina,Biały Dunajec,powiat tatrzański,31.33%
38,Bezradność w sprawach opiekuńczo-wychowawczych i prowadzenia gosp. dom.,2018,gmina,Bukowina Tatrzańska,powiat tatrzański,7.13%
38,Bezradność w sprawach opiekuńczo-wychowawczych i prowadzenia gosp. dom.,2018,gmina,Kościelisko,powiat tatrzański,37.74%
38,Bezradność w sprawach opiekuńczo-wychowawczych i prowadzenia gosp. dom.,2018,gmina,Poronin,powiat tatrzański,48.52%
38,Bezradność w sprawach opiekuńczo-wychowawczych i prowadzenia gosp. dom.,2018,gmina,Zakopane,powiat tatrzański,30.78%
38,Bezradność w sprawach opiekuńczo-wychowawczych i prowadzenia gosp. dom.,2018,powiat,powiat wadowicki,powiat wadowicki,31.12%
38,Bezradność w sprawach opiekuńczo-wychowawczych i prowadzenia gosp. dom.,2018,gmina,Andrychów,powiat wadowicki,26.88%
38,Bezradność w sprawach opiekuńczo-wychowawczych i prowadzenia gosp. dom.,2018,gmina,Brzeźnica,powiat wadowicki,47.49%
38,Bezradność w sprawach opiekuńczo-wychowawczych i prowadzenia gosp. dom.,2018,gmina,Kalwaria Zebrzydowska,powiat wadowicki,70.97%
38,Bezradność w sprawach opiekuńczo-wychowawczych i prowadzenia gosp. dom.,2018,gmina,Lanckorona,powiat wadowicki,6.75%
38,Bezradność w sprawach opiekuńczo-wychowawczych i prowadzenia gosp. dom.,2018,gmina,Mucharz,powiat wadowicki,12.77%
38,Bezradność w sprawach opiekuńczo-wychowawczych i prowadzenia gosp. dom.,2018,gmina,Spytkowice,powiat wadowicki,16.96%
38,Bezradność w sprawach opiekuńczo-wychowawczych i prowadzenia gosp. dom.,2018,gmina,Stryszów,powiat wadowicki,8.28%
38,Bezradność w sprawach opiekuńczo-wychowawczych i prowadzenia gosp. dom.,2018,gmina,Tomice,powiat wadowicki,12.60%
38,Bezradność w sprawach opiekuńczo-wychowawczych i prowadzenia gosp. dom.,2018,gmina,Wadowice,powiat wadowicki,23.35%
38,Bezradność w sprawach opiekuńczo-wychowawczych i prowadzenia gosp. dom.,2018,gmina,Wieprz,powiat wadowicki,13.29%
38,Bezradność w sprawach opiekuńczo-wychowawczych i prowadzenia gosp. dom.,2018,powiat,powiat wielicki,powiat wielicki,17.02%
38,Bezradność w sprawach opiekuńczo-wychowawczych i prowadzenia gosp. dom.,2018,gmina,Biskupice,powiat wielicki,28.57%
38,Bezradność w sprawach opiekuńczo-wychowawczych i prowadzenia gosp. dom.,2018,gmina,Gdów,powiat wielicki,10.96%
38,Bezradność w sprawach opiekuńczo-wychowawczych i prowadzenia gosp. dom.,2018,gmina,Kłaj,powiat wielicki,42.74%
38,Bezradność w sprawach opiekuńczo-wychowawczych i prowadzenia gosp. dom.,2018,gmina,Niepołomice,powiat wielicki,33.83%
38,Bezradność w sprawach opiekuńczo-wychowawczych i prowadzenia gosp. dom.,2018,gmina,Wieliczka,powiat wielicki,3.80%
38,Bezradność w sprawach opiekuńczo-wychowawczych i prowadzenia gosp. dom.,2017,powiat,powiat bocheński,powiat bocheński,31.82%
38,Bezradność w sprawach opiekuńczo-wychowawczych i prowadzenia gosp. dom.,2017,gmina,Bochnia (miasto),powiat bocheński,47.87%
38,Bezradność w sprawach opiekuńczo-wychowawczych i prowadzenia gosp. dom.,2017,gmina,Bochnia (wieś),powiat bocheński,14.40%
38,Bezradność w sprawach opiekuńczo-wychowawczych i prowadzenia gosp. dom.,2017,gmina,Drwinia,powiat bocheński,17.10%
38,Bezradność w sprawach opiekuńczo-wychowawczych i prowadzenia gosp. dom.,2017,gmina,Lipnica Murowana,powiat bocheński,21.66%
38,Bezradność w sprawach opiekuńczo-wychowawczych i prowadzenia gosp. dom.,2017,gmina,Łapanów,powiat bocheński,15.00%
38,Bezradność w sprawach opiekuńczo-wychowawczych i prowadzenia gosp. dom.,2017,gmina,Nowy Wiśnicz,powiat bocheński,6.65%
38,Bezradność w sprawach opiekuńczo-wychowawczych i prowadzenia gosp. dom.,2017,gmina,Rzezawa,powiat bocheński,22.69%
38,Bezradność w sprawach opiekuńczo-wychowawczych i prowadzenia gosp. dom.,2017,gmina,Trzciana,powiat bocheński,75.52%
38,Bezradność w sprawach opiekuńczo-wychowawczych i prowadzenia gosp. dom.,2017,gmina,Żegocina,powiat bocheński,77.27%
38,Bezradność w sprawach opiekuńczo-wychowawczych i prowadzenia gosp. dom.,2017,powiat,powiat brzeski,powiat brzeski,24.47%
38,Bezradność w sprawach opiekuńczo-wychowawczych i prowadzenia gosp. dom.,2017,gmina,Borzęcin,powiat brzeski,3.52%
38,Bezradność w sprawach opiekuńczo-wychowawczych i prowadzenia gosp. dom.,2017,gmina,Brzesko,powiat brzeski,37.07%
38,Bezradność w sprawach opiekuńczo-wychowawczych i prowadzenia gosp. dom.,2017,gmina,Czchów,powiat brzeski,41.20%
38,Bezradność w sprawach opiekuńczo-wychowawczych i prowadzenia gosp. dom.,2017,gmina,Dębno,powiat brzeski,11.43%
38,Bezradność w sprawach opiekuńczo-wychowawczych i prowadzenia gosp. dom.,2017,gmina,Gnojnik,powiat brzeski,10.40%
38,Bezradność w sprawach opiekuńczo-wychowawczych i prowadzenia gosp. dom.,2017,gmina,Iwkowa,powiat brzeski,26.92%
38,Bezradność w sprawach opiekuńczo-wychowawczych i prowadzenia gosp. dom.,2017,gmina,Szczurowa,powiat brzeski,16.40%
38,Bezradność w sprawach opiekuńczo-wychowawczych i prowadzenia gosp. dom.,2017,powiat,powiat chrzanowski,powiat chrzanowski,40.64%
38,Bezradność w sprawach opiekuńczo-wychowawczych i prowadzenia gosp. dom.,2017,gmina,Alwernia,powiat chrzanowski,27.05%
38,Bezradność w sprawach opiekuńczo-wychowawczych i prowadzenia gosp. dom.,2017,gmina,Babice,powiat chrzanowski,6.30%
38,Bezradność w sprawach opiekuńczo-wychowawczych i prowadzenia gosp. dom.,2017,gmina,Chrzanów,powiat chrzanowski,35.68%
38,Bezradność w sprawach opiekuńczo-wychowawczych i prowadzenia gosp. dom.,2017,gmina,Libiąż,powiat chrzanowski,21.05%
38,Bezradność w sprawach opiekuńczo-wychowawczych i prowadzenia gosp. dom.,2017,gmina,Trzebinia,powiat chrzanowski,67.33%
38,Bezradność w sprawach opiekuńczo-wychowawczych i prowadzenia gosp. dom.,2017,powiat,powiat dąbrowski,powiat dąbrowski,26.34%
38,Bezradność w sprawach opiekuńczo-wychowawczych i prowadzenia gosp. dom.,2017,gmina,Bolesław,powiat dąbrowski,59.03%
38,Bezradność w sprawach opiekuńczo-wychowawczych i prowadzenia gosp. dom.,2017,gmina,Dąbrowa Tarnowska,powiat dąbrowski,18.64%
38,Bezradność w sprawach opiekuńczo-wychowawczych i prowadzenia gosp. dom.,2017,gmina,Gręboszów,powiat dąbrowski,55.74%
38,Bezradność w sprawach opiekuńczo-wychowawczych i prowadzenia gosp. dom.,2017,gmina,Mędrzechów,powiat dąbrowski,49.62%
38,Bezradność w sprawach opiekuńczo-wychowawczych i prowadzenia gosp. dom.,2017,gmina,Olesno,powiat dąbrowski,5.76%
38,Bezradność w sprawach opiekuńczo-wychowawczych i prowadzenia gosp. dom.,2017,gmina,Radgoszcz,powiat dąbrowski,6.24%
38,Bezradność w sprawach opiekuńczo-wychowawczych i prowadzenia gosp. dom.,2017,gmina,Szczucin,powiat dąbrowski,34.01%
38,Bezradność w sprawach opiekuńczo-wychowawczych i prowadzenia gosp. dom.,2017,powiat,powiat gorlicki,powiat gorlicki,13.15%
38,Bezradność w sprawach opiekuńczo-wychowawczych i prowadzenia gosp. dom.,2017,gmina,Biecz,powiat gorlicki,15.87%
38,Bezradność w sprawach opiekuńczo-wychowawczych i prowadzenia gosp. dom.,2017,gmina,Bobowa,powiat gorlicki,3.26%
38,Bezradność w sprawach opiekuńczo-wychowawczych i prowadzenia gosp. dom.,2017,gmina,Gorlice (miasto),powiat gorlicki,49.16%
38,Bezradność w sprawach opiekuńczo-wychowawczych i prowadzenia gosp. dom.,2017,gmina,Gorlice (wieś),powiat gorlicki,5.02%
38,Bezradność w sprawach opiekuńczo-wychowawczych i prowadzenia gosp. dom.,2017,gmina,Lipinki,powiat gorlicki,5.75%
38,Bezradność w sprawach opiekuńczo-wychowawczych i prowadzenia gosp. dom.,2017,gmina,Łużna,powiat gorlicki,15.40%
38,Bezradność w sprawach opiekuńczo-wychowawczych i prowadzenia gosp. dom.,2017,gmina,Moszczenica,powiat gorlicki,8.33%
38,Bezradność w sprawach opiekuńczo-wychowawczych i prowadzenia gosp. dom.,2017,gmina,Ropa,powiat gorlicki,11.55%
38,Bezradność w sprawach opiekuńczo-wychowawczych i prowadzenia gosp. dom.,2017,gmina,Sękowa,powiat gorlicki,11.34%
38,Bezradność w sprawach opiekuńczo-wychowawczych i prowadzenia gosp. dom.,2017,gmina,Uście Gorlickie,powiat gorlicki,3.91%
38,Bezradność w sprawach opiekuńczo-wychowawczych i prowadzenia gosp. dom.,2017,powiat,powiat krakowski,powiat krakowski,29.48%
38,Bezradność w sprawach opiekuńczo-wychowawczych i prowadzenia gosp. dom.,2017,gmina,Czernichów,powiat krakowski,7.11%
38,Bezradność w sprawach opiekuńczo-wychowawczych i prowadzenia gosp. dom.,2017,gmina,Igołomia-Wawrzeńczyce,powiat krakowski,57.37%
38,Bezradność w sprawach opiekuńczo-wychowawczych i prowadzenia gosp. dom.,2017,gmina,Iwanowice,powiat krakowski,29.15%
38,Bezradność w sprawach opiekuńczo-wychowawczych i prowadzenia gosp. dom.,2017,gmina,Jerzmanowice-Przeginia,powiat krakowski,17.75%
38,Bezradność w sprawach opiekuńczo-wychowawczych i prowadzenia gosp. dom.,2017,gmina,Kocmyrzów-Luborzyca,powiat krakowski,49.60%
38,Bezradność w sprawach opiekuńczo-wychowawczych i prowadzenia gosp. dom.,2017,gmina,Krzeszowice,powiat krakowski,19.41%
38,Bezradność w sprawach opiekuńczo-wychowawczych i prowadzenia gosp. dom.,2017,gmina,Liszki,powiat krakowski,35.14%
38,Bezradność w sprawach opiekuńczo-wychowawczych i prowadzenia gosp. dom.,2017,gmina,Michałowice,powiat krakowski,36.31%
38,Bezradność w sprawach opiekuńczo-wychowawczych i prowadzenia gosp. dom.,2017,gmina,Mogilany,powiat krakowski,9.95%
38,Bezradność w sprawach opiekuńczo-wychowawczych i prowadzenia gosp. dom.,2017,gmina,Skała,powiat krakowski,35.12%
38,Bezradność w sprawach opiekuńczo-wychowawczych i prowadzenia gosp. dom.,2017,gmina,Skawina,powiat krakowski,31.83%
38,Bezradność w sprawach opiekuńczo-wychowawczych i prowadzenia gosp. dom.,2017,gmina,Słomniki,powiat krakowski,2.57%
38,Bezradność w sprawach opiekuńczo-wychowawczych i prowadzenia gosp. dom.,2017,gmina,Sułoszowa,powiat krakowski,35.14%
38,Bezradność w sprawach opiekuńczo-wychowawczych i prowadzenia gosp. dom.,2017,gmina,Świątniki Górne,powiat krakowski,22.86%
38,Bezradność w sprawach opiekuńczo-wychowawczych i prowadzenia gosp. dom.,2017,gmina,Wielka Wieś,powiat krakowski,47.28%
38,Bezradność w sprawach opiekuńczo-wychowawczych i prowadzenia gosp. dom.,2017,gmina,Zabierzów,powiat krakowski,26.13%
38,Bezradność w sprawach opiekuńczo-wychowawczych i prowadzenia gosp. dom.,2017,gmina,Zielonki,powiat krakowski,42.71%
38,Bezradność w sprawach opiekuńczo-wychowawczych i prowadzenia gosp. dom.,2017,powiat,powiat limanowski,powiat limanowski,15.73%
38,Bezradność w sprawach opiekuńczo-wychowawczych i prowadzenia gosp. dom.,2017,gmina,Dobra,powiat limanowski,7.59%
38,Bezradność w sprawach opiekuńczo-wychowawczych i prowadzenia gosp. dom.,2017,gmina,Jodłownik,powiat limanowski,38.63%
38,Bezradność w sprawach opiekuńczo-wychowawczych i prowadzenia gosp. dom.,2017,gmina,Kamienica,powiat limanowski,3.79%
38,Bezradność w sprawach opiekuńczo-wychowawczych i prowadzenia gosp. dom.,2017,gmina,Laskowa,powiat limanowski,30.39%
38,Bezradność w sprawach opiekuńczo-wychowawczych i prowadzenia gosp. dom.,2017,gmina,Limanowa (miasto),powiat limanowski,7.33%
38,Bezradność w sprawach opiekuńczo-wychowawczych i prowadzenia gosp. dom.,2017,gmina,Limanowa (wieś),powiat limanowski,4.32%
38,Bezradność w sprawach opiekuńczo-wychowawczych i prowadzenia gosp. dom.,2017,gmina,Łukowica,powiat limanowski,1.52%
38,Bezradność w sprawach opiekuńczo-wychowawczych i prowadzenia gosp. dom.,2017,gmina,Mszana Dolna (miasto),powiat limanowski,50.75%
38,Bezradność w sprawach opiekuńczo-wychowawczych i prowadzenia gosp. dom.,2017,gmina,Mszana Dolna (wieś),powiat limanowski,62.79%
38,Bezradność w sprawach opiekuńczo-wychowawczych i prowadzenia gosp. dom.,2017,gmina,Niedźwiedź,powiat limanowski,13.43%
38,Bezradność w sprawach opiekuńczo-wychowawczych i prowadzenia gosp. dom.,2017,gmina,Słopnice,powiat limanowski,5.60%
38,Bezradność w sprawach opiekuńczo-wychowawczych i prowadzenia gosp. dom.,2017,gmina,Tymbark,powiat limanowski,8.65%
38,Bezradność w sprawach opiekuńczo-wychowawczych i prowadzenia gosp. dom.,2017,powiat,powiat m. Kraków,powiat m. Kraków,24.64%
38,Bezradność w sprawach opiekuńczo-wychowawczych i prowadzenia gosp. dom.,2017,powiat,powiat m. Nowy Sącz,powiat m. Nowy Sącz,37.75%
38,Bezradność w sprawach opiekuńczo-wychowawczych i prowadzenia gosp. dom.,2017,powiat,powiat m. Tarnów,powiat m. Tarnów,14.04%
38,Bezradność w sprawach opiekuńczo-wychowawczych i prowadzenia gosp. dom.,2017,powiat,powiat miechowski,powiat miechowski,27.66%
38,Bezradność w sprawach opiekuńczo-wychowawczych i prowadzenia gosp. dom.,2017,gmina,Charsznica,powiat miechowski,14.33%
38,Bezradność w sprawach opiekuńczo-wychowawczych i prowadzenia gosp. dom.,2017,gmina,Gołcza,powiat miechowski,29.17%
38,Bezradność w sprawach opiekuńczo-wychowawczych i prowadzenia gosp. dom.,2017,gmina,Kozłów,powiat miechowski,48.46%
38,Bezradność w sprawach opiekuńczo-wychowawczych i prowadzenia gosp. dom.,2017,gmina,Książ Wielki,powiat miechowski,30.56%
38,Bezradność w sprawach opiekuńczo-wychowawczych i prowadzenia gosp. dom.,2017,gmina,Miechów,powiat miechowski,31.33%
38,Bezradność w sprawach opiekuńczo-wychowawczych i prowadzenia gosp. dom.,2017,gmina,Racławice,powiat miechowski,8.18%
38,Bezradność w sprawach opiekuńczo-wychowawczych i prowadzenia gosp. dom.,2017,gmina,Słaboszów,powiat miechowski,14.05%
38,Bezradność w sprawach opiekuńczo-wychowawczych i prowadzenia gosp. dom.,2017,powiat,powiat myślenicki,powiat myślenicki,16.79%
38,Bezradność w sprawach opiekuńczo-wychowawczych i prowadzenia gosp. dom.,2017,gmina,Dobczyce,powiat myślenicki,10.86%
38,Bezradność w sprawach opiekuńczo-wychowawczych i prowadzenia gosp. dom.,2017,gmina,Lubień,powiat myślenicki,4.72%
38,Bezradność w sprawach opiekuńczo-wychowawczych i prowadzenia gosp. dom.,2017,gmina,Myślenice,powiat myślenicki,18.59%
38,Bezradność w sprawach opiekuńczo-wychowawczych i prowadzenia gosp. dom.,2017,gmina,Pcim,powiat myślenicki,31.69%
38,Bezradność w sprawach opiekuńczo-wychowawczych i prowadzenia gosp. dom.,2017,gmina,Raciechowice,powiat myślenicki,12.35%
38,Bezradność w sprawach opiekuńczo-wychowawczych i prowadzenia gosp. dom.,2017,gmina,Siepraw,powiat myślenicki,46.03%
38,Bezradność w sprawach opiekuńczo-wychowawczych i prowadzenia gosp. dom.,2017,gmina,Sułkowice,powiat myślenicki,18.18%
38,Bezradność w sprawach opiekuńczo-wychowawczych i prowadzenia gosp. dom.,2017,gmina,Tokarnia,powiat myślenicki,0.91%
38,Bezradność w sprawach opiekuńczo-wychowawczych i prowadzenia gosp. dom.,2017,gmina,Wiśniowa,powiat myślenicki,7.01%
38,Bezradność w sprawach opiekuńczo-wychowawczych i prowadzenia gosp. dom.,2017,powiat,powiat nowosądecki,powiat nowosądecki,15.24%
38,Bezradność w sprawach opiekuńczo-wychowawczych i prowadzenia gosp. dom.,2017,gmina,Podegrodzie,powiat nowosądecki,3.33%
38,Bezradność w sprawach opiekuńczo-wychowawczych i prowadzenia gosp. dom.,2017,gmina,Rytro,powiat nowosądecki,50.00%
38,Bezradność w sprawach opiekuńczo-wychowawczych i prowadzenia gosp. dom.,2017,gmina,Stary Sącz,powiat nowosądecki,7.45%
38,Bezradność w sprawach opiekuńczo-wychowawczych i prowadzenia gosp. dom.,2017,gmina,Chełmiec,powiat nowosądecki,24.78%
38,Bezradność w sprawach opiekuńczo-wychowawczych i prowadzenia gosp. dom.,2017,gmina,Gródek nad Dunajcem,powiat nowosądecki,10.99%
38,Bezradność w sprawach opiekuńczo-wychowawczych i prowadzenia gosp. dom.,2017,gmina,Grybów (miasto),powiat nowosądecki,6.91%
38,Bezradność w sprawach opiekuńczo-wychowawczych i prowadzenia gosp. dom.,2017,gmina,Grybów (wieś),powiat nowosądecki,4.85%
38,Bezradność w sprawach opiekuńczo-wychowawczych i prowadzenia gosp. dom.,2017,gmina,Kamionka Wielka,powiat nowosądecki,5.43%
38,Bezradność w sprawach opiekuńczo-wychowawczych i prowadzenia gosp. dom.,2017,gmina,Korzenna,powiat nowosądecki,21.06%
38,Bezradność w sprawach opiekuńczo-wychowawczych i prowadzenia gosp. dom.,2017,gmina,Krynica-Zdrój,powiat nowosądecki,2.23%
38,Bezradność w sprawach opiekuńczo-wychowawczych i prowadzenia gosp. dom.,2017,gmina,Łabowa,powiat nowosądecki,7.04%
38,Bezradność w sprawach opiekuńczo-wychowawczych i prowadzenia gosp. dom.,2017,gmina,Łącko,powiat nowosądecki,15.22%
38,Bezradność w sprawach opiekuńczo-wychowawczych i prowadzenia gosp. dom.,2017,gmina,Łososina Dolna,powiat nowosądecki,2.72%
38,Bezradność w sprawach opiekuńczo-wychowawczych i prowadzenia gosp. dom.,2017,gmina,Muszyna,powiat nowosądecki,3.68%
38,Bezradność w sprawach opiekuńczo-wychowawczych i prowadzenia gosp. dom.,2017,gmina,Nawojowa,powiat nowosądecki,6.82%
38,Bezradność w sprawach opiekuńczo-wychowawczych i prowadzenia gosp. dom.,2017,gmina,Piwniczna-Zdrój,powiat nowosądecki,69.81%
38,Bezradność w sprawach opiekuńczo-wychowawczych i prowadzenia gosp. dom.,2017,powiat,powiat nowotarski,powiat nowotarski,31.90%
38,Bezradność w sprawach opiekuńczo-wychowawczych i prowadzenia gosp. dom.,2017,gmina,Czarny Dunajec,powiat nowotarski,5.13%
38,Bezradność w sprawach opiekuńczo-wychowawczych i prowadzenia gosp. dom.,2017,gmina,Czorsztyn,powiat nowotarski,22.30%
38,Bezradność w sprawach opiekuńczo-wychowawczych i prowadzenia gosp. dom.,2017,gmina,Jabłonka,powiat nowotarski,39.93%
38,Bezradność w sprawach opiekuńczo-wychowawczych i prowadzenia gosp. dom.,2017,gmina,Krościenko nad Dunajcem,powiat nowotarski,15.86%
38,Bezradność w sprawach opiekuńczo-wychowawczych i prowadzenia gosp. dom.,2017,gmina,Lipnica Wielka,powiat nowotarski,77.78%
38,Bezradność w sprawach opiekuńczo-wychowawczych i prowadzenia gosp. dom.,2017,gmina,Łapsze Niżne,powiat nowotarski,36.49%
38,Bezradność w sprawach opiekuńczo-wychowawczych i prowadzenia gosp. dom.,2017,gmina,Nowy Targ (miasto),powiat nowotarski,18.10%
38,Bezradność w sprawach opiekuńczo-wychowawczych i prowadzenia gosp. dom.,2017,gmina,Nowy Targ (wieś),powiat nowotarski,66.30%
38,Bezradność w sprawach opiekuńczo-wychowawczych i prowadzenia gosp. dom.,2017,gmina,Ochotnica Dolna,powiat nowotarski,6.83%
38,Bezradność w sprawach opiekuńczo-wychowawczych i prowadzenia gosp. dom.,2017,gmina,Raba Wyżna,powiat nowotarski,9.15%
38,Bezradność w sprawach opiekuńczo-wychowawczych i prowadzenia gosp. dom.,2017,gmina,Rabka-Zdrój,powiat nowotarski,65.72%
38,Bezradność w sprawach opiekuńczo-wychowawczych i prowadzenia gosp. dom.,2017,gmina,Spytkowice,powiat nowotarski,26.19%
38,Bezradność w sprawach opiekuńczo-wychowawczych i prowadzenia gosp. dom.,2017,gmina,Szaflary,powiat nowotarski,29.22%
38,Bezradność w sprawach opiekuńczo-wychowawczych i prowadzenia gosp. dom.,2017,gmina,Szczawnica,powiat nowotarski,16.46%
38,Bezradność w sprawach opiekuńczo-wychowawczych i prowadzenia gosp. dom.,2017,powiat,powiat olkuski,powiat olkuski,35.99%
38,Bezradność w sprawach opiekuńczo-wychowawczych i prowadzenia gosp. dom.,2017,gmina,Bolesław,powiat olkuski,35.28%
38,Bezradność w sprawach opiekuńczo-wychowawczych i prowadzenia gosp. dom.,2017,gmina,Bukowno,powiat olkuski,43.56%
38,Bezradność w sprawach opiekuńczo-wychowawczych i prowadzenia gosp. dom.,2017,gmina,Klucze,powiat olkuski,16.65%
38,Bezradność w sprawach opiekuńczo-wychowawczych i prowadzenia gosp. dom.,2017,gmina,Olkusz,powiat olkuski,25.75%
38,Bezradność w sprawach opiekuńczo-wychowawczych i prowadzenia gosp. dom.,2017,gmina,Trzyciąż,powiat olkuski,39.22%
38,Bezradność w sprawach opiekuńczo-wychowawczych i prowadzenia gosp. dom.,2017,gmina,Wolbrom,powiat olkuski,67.36%
38,Bezradność w sprawach opiekuńczo-wychowawczych i prowadzenia gosp. dom.,2017,powiat,powiat oświęcimski,powiat oświęcimski,38.49%
38,Bezradność w sprawach opiekuńczo-wychowawczych i prowadzenia gosp. dom.,2017,gmina,Brzeszcze,powiat oświęcimski,62.47%
38,Bezradność w sprawach opiekuńczo-wychowawczych i prowadzenia gosp. dom.,2017,gmina,Chełmek,powiat oświęcimski,29.69%
38,Bezradność w sprawach opiekuńczo-wychowawczych i prowadzenia gosp. dom.,2017,gmina,Kęty,powiat oświęcimski,39.44%
38,Bezradność w sprawach opiekuńczo-wychowawczych i prowadzenia gosp. dom.,2017,gmina,Osiek,powiat oświęcimski,24.42%
38,Bezradność w sprawach opiekuńczo-wychowawczych i prowadzenia gosp. dom.,2017,gmina,Oświęcim (miasto),powiat oświęcimski,40.93%
38,Bezradność w sprawach opiekuńczo-wychowawczych i prowadzenia gosp. dom.,2017,gmina,Oświęcim (wieś),powiat oświęcimski,29.73%
38,Bezradność w sprawach opiekuńczo-wychowawczych i prowadzenia gosp. dom.,2017,gmina,Polanka Wielka,powiat oświęcimski,66.92%
38,Bezradność w sprawach opiekuńczo-wychowawczych i prowadzenia gosp. dom.,2017,gmina,Przeciszów,powiat oświęcimski,15.95%
38,Bezradność w sprawach opiekuńczo-wychowawczych i prowadzenia gosp. dom.,2017,gmina,Zator,powiat oświęcimski,21.32%
38,Bezradność w sprawach opiekuńczo-wychowawczych i prowadzenia gosp. dom.,2017,powiat,powiat proszowicki,powiat proszowicki,19.44%
38,Bezradność w sprawach opiekuńczo-wychowawczych i prowadzenia gosp. dom.,2017,gmina,Koniusza,powiat proszowicki,19.31%
38,Bezradność w sprawach opiekuńczo-wychowawczych i prowadzenia gosp. dom.,2017,gmina,Koszyce,powiat proszowicki,15.97%
38,Bezradność w sprawach opiekuńczo-wychowawczych i prowadzenia gosp. dom.,2017,gmina,Nowe Brzesko,powiat proszowicki,37.46%
38,Bezradność w sprawach opiekuńczo-wychowawczych i prowadzenia gosp. dom.,2017,gmina,Pałecznica,powiat proszowicki,8.27%
38,Bezradność w sprawach opiekuńczo-wychowawczych i prowadzenia gosp. dom.,2017,gmina,Proszowice,powiat proszowicki,18.30%
38,Bezradność w sprawach opiekuńczo-wychowawczych i prowadzenia gosp. dom.,2017,gmina,Radziemice,powiat proszowicki,15.57%
38,Bezradność w sprawach opiekuńczo-wychowawczych i prowadzenia gosp. dom.,2017,powiat,powiat suski,powiat suski,30.34%
38,Bezradność w sprawach opiekuńczo-wychowawczych i prowadzenia gosp. dom.,2017,gmina,Budzów,powiat suski,3.10%
38,Bezradność w sprawach opiekuńczo-wychowawczych i prowadzenia gosp. dom.,2017,gmina,Bystra-Sidzina,powiat suski,21.34%
38,Bezradność w sprawach opiekuńczo-wychowawczych i prowadzenia gosp. dom.,2017,gmina,Jordanów (miasto),powiat suski,72.12%
38,Bezradność w sprawach opiekuńczo-wychowawczych i prowadzenia gosp. dom.,2017,gmina,Jordanów (wieś),powiat suski,21.20%
38,Bezradność w sprawach opiekuńczo-wychowawczych i prowadzenia gosp. dom.,2017,gmina,Maków Podhalański,powiat suski,44.57%
38,Bezradność w sprawach opiekuńczo-wychowawczych i prowadzenia gosp. dom.,2017,gmina,Stryszawa,powiat suski,25.19%
38,Bezradność w sprawach opiekuńczo-wychowawczych i prowadzenia gosp. dom.,2017,gmina,Sucha Beskidzka,powiat suski,28.83%
38,Bezradność w sprawach opiekuńczo-wychowawczych i prowadzenia gosp. dom.,2017,gmina,Zawoja,powiat suski,27.61%
38,Bezradność w sprawach opiekuńczo-wychowawczych i prowadzenia gosp. dom.,2017,gmina,Zembrzyce,powiat suski,39.41%
38,Bezradność w sprawach opiekuńczo-wychowawczych i prowadzenia gosp. dom.,2017,powiat,powiat tarnowski,powiat tarnowski,26.89%
38,Bezradność w sprawach opiekuńczo-wychowawczych i prowadzenia gosp. dom.,2017,gmina,Ciężkowice,powiat tarnowski,58.21%
38,Bezradność w sprawach opiekuńczo-wychowawczych i prowadzenia gosp. dom.,2017,gmina,Gromnik,powiat tarnowski,61.01%
38,Bezradność w sprawach opiekuńczo-wychowawczych i prowadzenia gosp. dom.,2017,gmina,Lisia Góra,powiat tarnowski,20.61%
38,Bezradność w sprawach opiekuńczo-wychowawczych i prowadzenia gosp. dom.,2017,gmina,Pleśna,powiat tarnowski,21.25%
38,Bezradność w sprawach opiekuńczo-wychowawczych i prowadzenia gosp. dom.,2017,gmina,Radłów,powiat tarnowski,10.78%
38,Bezradność w sprawach opiekuńczo-wychowawczych i prowadzenia gosp. dom.,2017,gmina,Ryglice,powiat tarnowski,32.45%
38,Bezradność w sprawach opiekuńczo-wychowawczych i prowadzenia gosp. dom.,2017,gmina,Rzepiennik Strzyżewski,powiat tarnowski,5.26%
38,Bezradność w sprawach opiekuńczo-wychowawczych i prowadzenia gosp. dom.,2017,gmina,Skrzyszów,powiat tarnowski,20.56%
38,Bezradność w sprawach opiekuńczo-wychowawczych i prowadzenia gosp. dom.,2017,gmina,Szerzyny,powiat tarnowski,63.83%
38,Bezradność w sprawach opiekuńczo-wychowawczych i prowadzenia gosp. dom.,2017,gmina,Tarnów (wieś),powiat tarnowski,9.36%
38,Bezradność w sprawach opiekuńczo-wychowawczych i prowadzenia gosp. dom.,2017,gmina,Tuchów,powiat tarnowski,26.84%
38,Bezradność w sprawach opiekuńczo-wychowawczych i prowadzenia gosp. dom.,2017,gmina,Wierzchosławice,powiat tarnowski,14.58%
38,Bezradność w sprawach opiekuńczo-wychowawczych i prowadzenia gosp. dom.,2017,gmina,Wietrzychowice,powiat tarnowski,40.39%
38,Bezradność w sprawach opiekuńczo-wychowawczych i prowadzenia gosp. dom.,2017,gmina,Wojnicz,powiat tarnowski,22.16%
38,Bezradność w sprawach opiekuńczo-wychowawczych i prowadzenia gosp. dom.,2017,gmina,Zakliczyn,powiat tarnowski,24.46%
38,Bezradność w sprawach opiekuńczo-wychowawczych i prowadzenia gosp. dom.,2017,gmina,Żabno,powiat tarnowski,11.67%
38,Bezradność w sprawach opiekuńczo-wychowawczych i prowadzenia gosp. dom.,2017,powiat,powiat tatrzański,powiat tatrzański,31.17%
38,Bezradność w sprawach opiekuńczo-wychowawczych i prowadzenia gosp. dom.,2017,gmina,Biały Dunajec,powiat tatrzański,24.69%
38,Bezradność w sprawach opiekuńczo-wychowawczych i prowadzenia gosp. dom.,2017,gmina,Bukowina Tatrzańska,powiat tatrzański,9.91%
38,Bezradność w sprawach opiekuńczo-wychowawczych i prowadzenia gosp. dom.,2017,gmina,Kościelisko,powiat tatrzański,44.83%
38,Bezradność w sprawach opiekuńczo-wychowawczych i prowadzenia gosp. dom.,2017,gmina,Poronin,powiat tatrzański,48.23%
38,Bezradność w sprawach opiekuńczo-wychowawczych i prowadzenia gosp. dom.,2017,gmina,Zakopane,powiat tatrzański,33.65%
38,Bezradność w sprawach opiekuńczo-wychowawczych i prowadzenia gosp. dom.,2017,powiat,powiat wadowicki,powiat wadowicki,33.80%
38,Bezradność w sprawach opiekuńczo-wychowawczych i prowadzenia gosp. dom.,2017,gmina,Andrychów,powiat wadowicki,24.40%
38,Bezradność w sprawach opiekuńczo-wychowawczych i prowadzenia gosp. dom.,2017,gmina,Brzeźnica,powiat wadowicki,52.01%
38,Bezradność w sprawach opiekuńczo-wychowawczych i prowadzenia gosp. dom.,2017,gmina,Kalwaria Zebrzydowska,powiat wadowicki,71.31%
38,Bezradność w sprawach opiekuńczo-wychowawczych i prowadzenia gosp. dom.,2017,gmina,Lanckorona,powiat wadowicki,30.53%
38,Bezradność w sprawach opiekuńczo-wychowawczych i prowadzenia gosp. dom.,2017,gmina,Mucharz,powiat wadowicki,9.38%
38,Bezradność w sprawach opiekuńczo-wychowawczych i prowadzenia gosp. dom.,2017,gmina,Spytkowice,powiat wadowicki,27.93%
38,Bezradność w sprawach opiekuńczo-wychowawczych i prowadzenia gosp. dom.,2017,gmina,Stryszów,powiat wadowicki,15.77%
38,Bezradność w sprawach opiekuńczo-wychowawczych i prowadzenia gosp. dom.,2017,gmina,Tomice,powiat wadowicki,19.29%
38,Bezradność w sprawach opiekuńczo-wychowawczych i prowadzenia gosp. dom.,2017,gmina,Wadowice,powiat wadowicki,32.48%
38,Bezradność w sprawach opiekuńczo-wychowawczych i prowadzenia gosp. dom.,2017,gmina,Wieprz,powiat wadowicki,9.85%
38,Bezradność w sprawach opiekuńczo-wychowawczych i prowadzenia gosp. dom.,2017,powiat,powiat wielicki,powiat wielicki,20.13%
38,Bezradność w sprawach opiekuńczo-wychowawczych i prowadzenia gosp. dom.,2017,gmina,Biskupice,powiat wielicki,35.26%
38,Bezradność w sprawach opiekuńczo-wychowawczych i prowadzenia gosp. dom.,2017,gmina,Gdów,powiat wielicki,11.03%
38,Bezradność w sprawach opiekuńczo-wychowawczych i prowadzenia gosp. dom.,2017,gmina,Kłaj,powiat wielicki,37.94%
38,Bezradność w sprawach opiekuńczo-wychowawczych i prowadzenia gosp. dom.,2017,gmina,Niepołomice,powiat wielicki,36.85%
38,Bezradność w sprawach opiekuńczo-wychowawczych i prowadzenia gosp. dom.,2017,gmina,Wieliczka,powiat wielicki,8.81%
38,Bezradność w sprawach opiekuńczo-wychowawczych i prowadzenia gosp. dom.,2016,powiat,powiat bocheński,powiat bocheński,31.51%
38,Bezradność w sprawach opiekuńczo-wychowawczych i prowadzenia gosp. dom.,2016,gmina,Bochnia (miasto),powiat bocheński,50.62%
38,Bezradność w sprawach opiekuńczo-wychowawczych i prowadzenia gosp. dom.,2016,gmina,Bochnia (wieś),powiat bocheński,15.22%
38,Bezradność w sprawach opiekuńczo-wychowawczych i prowadzenia gosp. dom.,2016,gmina,Drwinia,powiat bocheński,20.65%
38,Bezradność w sprawach opiekuńczo-wychowawczych i prowadzenia gosp. dom.,2016,gmina,Lipnica Murowana,powiat bocheński,30.40%
38,Bezradność w sprawach opiekuńczo-wychowawczych i prowadzenia gosp. dom.,2016,gmina,Łapanów,powiat bocheński,17.11%
38,Bezradność w sprawach opiekuńczo-wychowawczych i prowadzenia gosp. dom.,2016,gmina,Nowy Wiśnicz,powiat bocheński,62.22%
38,Bezradność w sprawach opiekuńczo-wychowawczych i prowadzenia gosp. dom.,2016,gmina,Rzezawa,powiat bocheński,21.66%
38,Bezradność w sprawach opiekuńczo-wychowawczych i prowadzenia gosp. dom.,2016,gmina,Trzciana,powiat bocheński,16.18%
38,Bezradność w sprawach opiekuńczo-wychowawczych i prowadzenia gosp. dom.,2016,gmina,Żegocina,powiat bocheński,63.84%
38,Bezradność w sprawach opiekuńczo-wychowawczych i prowadzenia gosp. dom.,2016,powiat,powiat brzeski,powiat brzeski,31.93%
38,Bezradność w sprawach opiekuńczo-wychowawczych i prowadzenia gosp. dom.,2016,gmina,Borzęcin,powiat brzeski,29.74%
38,Bezradność w sprawach opiekuńczo-wychowawczych i prowadzenia gosp. dom.,2016,gmina,Brzesko,powiat brzeski,37.27%
38,Bezradność w sprawach opiekuńczo-wychowawczych i prowadzenia gosp. dom.,2016,gmina,Czchów,powiat brzeski,52.05%
38,Bezradność w sprawach opiekuńczo-wychowawczych i prowadzenia gosp. dom.,2016,gmina,Dębno,powiat brzeski,20.10%
38,Bezradność w sprawach opiekuńczo-wychowawczych i prowadzenia gosp. dom.,2016,gmina,Gnojnik,powiat brzeski,20.34%
38,Bezradność w sprawach opiekuńczo-wychowawczych i prowadzenia gosp. dom.,2016,gmina,Iwkowa,powiat brzeski,40.50%
38,Bezradność w sprawach opiekuńczo-wychowawczych i prowadzenia gosp. dom.,2016,gmina,Szczurowa,powiat brzeski,17.14%
38,Bezradność w sprawach opiekuńczo-wychowawczych i prowadzenia gosp. dom.,2016,powiat,powiat chrzanowski,powiat chrzanowski,56.95%
38,Bezradność w sprawach opiekuńczo-wychowawczych i prowadzenia gosp. dom.,2016,gmina,Alwernia,powiat chrzanowski,26.89%
38,Bezradność w sprawach opiekuńczo-wychowawczych i prowadzenia gosp. dom.,2016,gmina,Babice,powiat chrzanowski,26.46%
38,Bezradność w sprawach opiekuńczo-wychowawczych i prowadzenia gosp. dom.,2016,gmina,Chrzanów,powiat chrzanowski,61.28%
38,Bezradność w sprawach opiekuńczo-wychowawczych i prowadzenia gosp. dom.,2016,gmina,Libiąż,powiat chrzanowski,34.93%
38,Bezradność w sprawach opiekuńczo-wychowawczych i prowadzenia gosp. dom.,2016,gmina,Trzebinia,powiat chrzanowski,72.24%
38,Bezradność w sprawach opiekuńczo-wychowawczych i prowadzenia gosp. dom.,2016,powiat,powiat dąbrowski,powiat dąbrowski,31.83%
38,Bezradność w sprawach opiekuńczo-wychowawczych i prowadzenia gosp. dom.,2016,gmina,Bolesław,powiat dąbrowski,59.94%
38,Bezradność w sprawach opiekuńczo-wychowawczych i prowadzenia gosp. dom.,2016,gmina,Dąbrowa Tarnowska,powiat dąbrowski,22.67%
38,Bezradność w sprawach opiekuńczo-wychowawczych i prowadzenia gosp. dom.,2016,gmina,Gręboszów,powiat dąbrowski,76.45%
38,Bezradność w sprawach opiekuńczo-wychowawczych i prowadzenia gosp. dom.,2016,gmina,Mędrzechów,powiat dąbrowski,52.40%
38,Bezradność w sprawach opiekuńczo-wychowawczych i prowadzenia gosp. dom.,2016,gmina,Olesno,powiat dąbrowski,36.39%
38,Bezradność w sprawach opiekuńczo-wychowawczych i prowadzenia gosp. dom.,2016,gmina,Radgoszcz,powiat dąbrowski,8.49%
38,Bezradność w sprawach opiekuńczo-wychowawczych i prowadzenia gosp. dom.,2016,gmina,Szczucin,powiat dąbrowski,36.59%
38,Bezradność w sprawach opiekuńczo-wychowawczych i prowadzenia gosp. dom.,2016,powiat,powiat gorlicki,powiat gorlicki,19.72%
38,Bezradność w sprawach opiekuńczo-wychowawczych i prowadzenia gosp. dom.,2016,gmina,Biecz,powiat gorlicki,42.01%
38,Bezradność w sprawach opiekuńczo-wychowawczych i prowadzenia gosp. dom.,2016,gmina,Bobowa,powiat gorlicki,4.95%
38,Bezradność w sprawach opiekuńczo-wychowawczych i prowadzenia gosp. dom.,2016,gmina,Gorlice (miasto),powiat gorlicki,50.58%
38,Bezradność w sprawach opiekuńczo-wychowawczych i prowadzenia gosp. dom.,2016,gmina,Gorlice (wieś),powiat gorlicki,9.34%
38,Bezradność w sprawach opiekuńczo-wychowawczych i prowadzenia gosp. dom.,2016,gmina,Lipinki,powiat gorlicki,12.06%
38,Bezradność w sprawach opiekuńczo-wychowawczych i prowadzenia gosp. dom.,2016,gmina,Łużna,powiat gorlicki,16.49%
38,Bezradność w sprawach opiekuńczo-wychowawczych i prowadzenia gosp. dom.,2016,gmina,Moszczenica,powiat gorlicki,5.85%
38,Bezradność w sprawach opiekuńczo-wychowawczych i prowadzenia gosp. dom.,2016,gmina,Ropa,powiat gorlicki,12.74%
38,Bezradność w sprawach opiekuńczo-wychowawczych i prowadzenia gosp. dom.,2016,gmina,Sękowa,powiat gorlicki,7.75%
38,Bezradność w sprawach opiekuńczo-wychowawczych i prowadzenia gosp. dom.,2016,gmina,Uście Gorlickie,powiat gorlicki,2.02%
38,Bezradność w sprawach opiekuńczo-wychowawczych i prowadzenia gosp. dom.,2016,powiat,powiat krakowski,powiat krakowski,29.82%
38,Bezradność w sprawach opiekuńczo-wychowawczych i prowadzenia gosp. dom.,2016,gmina,Czernichów,powiat krakowski,12.73%
38,Bezradność w sprawach opiekuńczo-wychowawczych i prowadzenia gosp. dom.,2016,gmina,Igołomia-Wawrzeńczyce,powiat krakowski,57.29%
38,Bezradność w sprawach opiekuńczo-wychowawczych i prowadzenia gosp. dom.,2016,gmina,Iwanowice,powiat krakowski,36.24%
38,Bezradność w sprawach opiekuńczo-wychowawczych i prowadzenia gosp. dom.,2016,gmina,Jerzmanowice-Przeginia,powiat krakowski,19.46%
38,Bezradność w sprawach opiekuńczo-wychowawczych i prowadzenia gosp. dom.,2016,gmina,Kocmyrzów-Luborzyca,powiat krakowski,61.32%
38,Bezradność w sprawach opiekuńczo-wychowawczych i prowadzenia gosp. dom.,2016,gmina,Krzeszowice,powiat krakowski,25.78%
38,Bezradność w sprawach opiekuńczo-wychowawczych i prowadzenia gosp. dom.,2016,gmina,Liszki,powiat krakowski,38.75%
38,Bezradność w sprawach opiekuńczo-wychowawczych i prowadzenia gosp. dom.,2016,gmina,Michałowice,powiat krakowski,31.26%
38,Bezradność w sprawach opiekuńczo-wychowawczych i prowadzenia gosp. dom.,2016,gmina,Mogilany,powiat krakowski,13.97%
38,Bezradność w sprawach opiekuńczo-wychowawczych i prowadzenia gosp. dom.,2016,gmina,Skała,powiat krakowski,48.88%
38,Bezradność w sprawach opiekuńczo-wychowawczych i prowadzenia gosp. dom.,2016,gmina,Skawina,powiat krakowski,14.22%
38,Bezradność w sprawach opiekuńczo-wychowawczych i prowadzenia gosp. dom.,2016,gmina,Słomniki,powiat krakowski,3.59%
38,Bezradność w sprawach opiekuńczo-wychowawczych i prowadzenia gosp. dom.,2016,gmina,Sułoszowa,powiat krakowski,38.74%
38,Bezradność w sprawach opiekuńczo-wychowawczych i prowadzenia gosp. dom.,2016,gmina,Świątniki Górne,powiat krakowski,23.75%
38,Bezradność w sprawach opiekuńczo-wychowawczych i prowadzenia gosp. dom.,2016,gmina,Wielka Wieś,powiat krakowski,46.25%
38,Bezradność w sprawach opiekuńczo-wychowawczych i prowadzenia gosp. dom.,2016,gmina,Zabierzów,powiat krakowski,32.25%
38,Bezradność w sprawach opiekuńczo-wychowawczych i prowadzenia gosp. dom.,2016,gmina,Zielonki,powiat krakowski,45.06%
38,Bezradność w sprawach opiekuńczo-wychowawczych i prowadzenia gosp. dom.,2016,powiat,powiat limanowski,powiat limanowski,25.43%
38,Bezradność w sprawach opiekuńczo-wychowawczych i prowadzenia gosp. dom.,2016,gmina,Dobra,powiat limanowski,8.78%
38,Bezradność w sprawach opiekuńczo-wychowawczych i prowadzenia gosp. dom.,2016,gmina,Jodłownik,powiat limanowski,43.46%
38,Bezradność w sprawach opiekuńczo-wychowawczych i prowadzenia gosp. dom.,2016,gmina,Kamienica,powiat limanowski,59.72%
38,Bezradność w sprawach opiekuńczo-wychowawczych i prowadzenia gosp. dom.,2016,gmina,Laskowa,powiat limanowski,37.77%
38,Bezradność w sprawach opiekuńczo-wychowawczych i prowadzenia gosp. dom.,2016,gmina,Limanowa (miasto),powiat limanowski,16.52%
38,Bezradność w sprawach opiekuńczo-wychowawczych i prowadzenia gosp. dom.,2016,gmina,Limanowa (wieś),powiat limanowski,10.53%
38,Bezradność w sprawach opiekuńczo-wychowawczych i prowadzenia gosp. dom.,2016,gmina,Łukowica,powiat limanowski,1.95%
38,Bezradność w sprawach opiekuńczo-wychowawczych i prowadzenia gosp. dom.,2016,gmina,Mszana Dolna (miasto),powiat limanowski,49.58%
38,Bezradność w sprawach opiekuńczo-wychowawczych i prowadzenia gosp. dom.,2016,gmina,Mszana Dolna (wieś),powiat limanowski,72.63%
38,Bezradność w sprawach opiekuńczo-wychowawczych i prowadzenia gosp. dom.,2016,gmina,Niedźwiedź,powiat limanowski,16.13%
38,Bezradność w sprawach opiekuńczo-wychowawczych i prowadzenia gosp. dom.,2016,gmina,Słopnice,powiat limanowski,9.80%
38,Bezradność w sprawach opiekuńczo-wychowawczych i prowadzenia gosp. dom.,2016,gmina,Tymbark,powiat limanowski,8.68%
38,Bezradność w sprawach opiekuńczo-wychowawczych i prowadzenia gosp. dom.,2016,powiat,powiat m. Kraków,powiat m. Kraków,24.54%
38,Bezradność w sprawach opiekuńczo-wychowawczych i prowadzenia gosp. dom.,2016,powiat,powiat m. Nowy Sącz,powiat m. Nowy Sącz,38.99%
38,Bezradność w sprawach opiekuńczo-wychowawczych i prowadzenia gosp. dom.,2016,powiat,powiat m. Tarnów,powiat m. Tarnów,19.11%
38,Bezradność w sprawach opiekuńczo-wychowawczych i prowadzenia gosp. dom.,2016,powiat,powiat miechowski,powiat miechowski,30.61%
38,Bezradność w sprawach opiekuńczo-wychowawczych i prowadzenia gosp. dom.,2016,gmina,Charsznica,powiat miechowski,16.49%
38,Bezradność w sprawach opiekuńczo-wychowawczych i prowadzenia gosp. dom.,2016,gmina,Gołcza,powiat miechowski,19.67%
38,Bezradność w sprawach opiekuńczo-wychowawczych i prowadzenia gosp. dom.,2016,gmina,Kozłów,powiat miechowski,27.68%
38,Bezradność w sprawach opiekuńczo-wychowawczych i prowadzenia gosp. dom.,2016,gmina,Książ Wielki,powiat miechowski,58.50%
38,Bezradność w sprawach opiekuńczo-wychowawczych i prowadzenia gosp. dom.,2016,gmina,Miechów,powiat miechowski,33.63%
38,Bezradność w sprawach opiekuńczo-wychowawczych i prowadzenia gosp. dom.,2016,gmina,Racławice,powiat miechowski,27.78%
38,Bezradność w sprawach opiekuńczo-wychowawczych i prowadzenia gosp. dom.,2016,gmina,Słaboszów,powiat miechowski,33.15%
38,Bezradność w sprawach opiekuńczo-wychowawczych i prowadzenia gosp. dom.,2016,powiat,powiat myślenicki,powiat myślenicki,17.99%
38,Bezradność w sprawach opiekuńczo-wychowawczych i prowadzenia gosp. dom.,2016,gmina,Dobczyce,powiat myślenicki,9.69%
38,Bezradność w sprawach opiekuńczo-wychowawczych i prowadzenia gosp. dom.,2016,gmina,Lubień,powiat myślenicki,12.80%
38,Bezradność w sprawach opiekuńczo-wychowawczych i prowadzenia gosp. dom.,2016,gmina,Myślenice,powiat myślenicki,20.92%
38,Bezradność w sprawach opiekuńczo-wychowawczych i prowadzenia gosp. dom.,2016,gmina,Pcim,powiat myślenicki,29.46%
38,Bezradność w sprawach opiekuńczo-wychowawczych i prowadzenia gosp. dom.,2016,gmina,Raciechowice,powiat myślenicki,5.51%
38,Bezradność w sprawach opiekuńczo-wychowawczych i prowadzenia gosp. dom.,2016,gmina,Siepraw,powiat myślenicki,47.07%
38,Bezradność w sprawach opiekuńczo-wychowawczych i prowadzenia gosp. dom.,2016,gmina,Sułkowice,powiat myślenicki,26.04%
38,Bezradność w sprawach opiekuńczo-wychowawczych i prowadzenia gosp. dom.,2016,gmina,Tokarnia,powiat myślenicki,8.15%
38,Bezradność w sprawach opiekuńczo-wychowawczych i prowadzenia gosp. dom.,2016,gmina,Wiśniowa,powiat myślenicki,7.53%
38,Bezradność w sprawach opiekuńczo-wychowawczych i prowadzenia gosp. dom.,2016,powiat,powiat nowosądecki,powiat nowosądecki,24.34%
38,Bezradność w sprawach opiekuńczo-wychowawczych i prowadzenia gosp. dom.,2016,gmina,Podegrodzie,powiat nowosądecki,20.98%
38,Bezradność w sprawach opiekuńczo-wychowawczych i prowadzenia gosp. dom.,2016,gmina,Rytro,powiat nowosądecki,53.51%
38,Bezradność w sprawach opiekuńczo-wychowawczych i prowadzenia gosp. dom.,2016,gmina,Stary Sącz,powiat nowosądecki,7.79%
38,Bezradność w sprawach opiekuńczo-wychowawczych i prowadzenia gosp. dom.,2016,gmina,Chełmiec,powiat nowosądecki,48.50%
38,Bezradność w sprawach opiekuńczo-wychowawczych i prowadzenia gosp. dom.,2016,gmina,Gródek nad Dunajcem,powiat nowosądecki,12.29%
38,Bezradność w sprawach opiekuńczo-wychowawczych i prowadzenia gosp. dom.,2016,gmina,Grybów (miasto),powiat nowosądecki,11.97%
38,Bezradność w sprawach opiekuńczo-wychowawczych i prowadzenia gosp. dom.,2016,gmina,Grybów (wieś),powiat nowosądecki,15.00%
38,Bezradność w sprawach opiekuńczo-wychowawczych i prowadzenia gosp. dom.,2016,gmina,Kamionka Wielka,powiat nowosądecki,17.11%
38,Bezradność w sprawach opiekuńczo-wychowawczych i prowadzenia gosp. dom.,2016,gmina,Korzenna,powiat nowosądecki,39.89%
38,Bezradność w sprawach opiekuńczo-wychowawczych i prowadzenia gosp. dom.,2016,gmina,Krynica-Zdrój,powiat nowosądecki,10.97%
38,Bezradność w sprawach opiekuńczo-wychowawczych i prowadzenia gosp. dom.,2016,gmina,Łabowa,powiat nowosądecki,9.76%
38,Bezradność w sprawach opiekuńczo-wychowawczych i prowadzenia gosp. dom.,2016,gmina,Łącko,powiat nowosądecki,10.73%
38,Bezradność w sprawach opiekuńczo-wychowawczych i prowadzenia gosp. dom.,2016,gmina,Łososina Dolna,powiat nowosądecki,7.97%
38,Bezradność w sprawach opiekuńczo-wychowawczych i prowadzenia gosp. dom.,2016,gmina,Muszyna,powiat nowosądecki,7.56%
38,Bezradność w sprawach opiekuńczo-wychowawczych i prowadzenia gosp. dom.,2016,gmina,Nawojowa,powiat nowosądecki,9.14%
38,Bezradność w sprawach opiekuńczo-wychowawczych i prowadzenia gosp. dom.,2016,gmina,Piwniczna-Zdrój,powiat nowosądecki,66.37%
38,Bezradność w sprawach opiekuńczo-wychowawczych i prowadzenia gosp. dom.,2016,powiat,powiat nowotarski,powiat nowotarski,36.45%
38,Bezradność w sprawach opiekuńczo-wychowawczych i prowadzenia gosp. dom.,2016,gmina,Czarny Dunajec,powiat nowotarski,14.25%
38,Bezradność w sprawach opiekuńczo-wychowawczych i prowadzenia gosp. dom.,2016,gmina,Czorsztyn,powiat nowotarski,21.58%
38,Bezradność w sprawach opiekuńczo-wychowawczych i prowadzenia gosp. dom.,2016,gmina,Jabłonka,powiat nowotarski,47.89%
38,Bezradność w sprawach opiekuńczo-wychowawczych i prowadzenia gosp. dom.,2016,gmina,Krościenko nad Dunajcem,powiat nowotarski,20.62%
38,Bezradność w sprawach opiekuńczo-wychowawczych i prowadzenia gosp. dom.,2016,gmina,Lipnica Wielka,powiat nowotarski,68.38%
38,Bezradność w sprawach opiekuńczo-wychowawczych i prowadzenia gosp. dom.,2016,gmina,Łapsze Niżne,powiat nowotarski,88.29%
38,Bezradność w sprawach opiekuńczo-wychowawczych i prowadzenia gosp. dom.,2016,gmina,Nowy Targ (miasto),powiat nowotarski,16.56%
38,Bezradność w sprawach opiekuńczo-wychowawczych i prowadzenia gosp. dom.,2016,gmina,Nowy Targ (wieś),powiat nowotarski,67.06%
38,Bezradność w sprawach opiekuńczo-wychowawczych i prowadzenia gosp. dom.,2016,gmina,Ochotnica Dolna,powiat nowotarski,5.32%
38,Bezradność w sprawach opiekuńczo-wychowawczych i prowadzenia gosp. dom.,2016,gmina,Raba Wyżna,powiat nowotarski,10.08%
38,Bezradność w sprawach opiekuńczo-wychowawczych i prowadzenia gosp. dom.,2016,gmina,Rabka-Zdrój,powiat nowotarski,65.81%
38,Bezradność w sprawach opiekuńczo-wychowawczych i prowadzenia gosp. dom.,2016,gmina,Spytkowice,powiat nowotarski,30.17%
38,Bezradność w sprawach opiekuńczo-wychowawczych i prowadzenia gosp. dom.,2016,gmina,Szaflary,powiat nowotarski,34.24%
38,Bezradność w sprawach opiekuńczo-wychowawczych i prowadzenia gosp. dom.,2016,gmina,Szczawnica,powiat nowotarski,44.96%
38,Bezradność w sprawach opiekuńczo-wychowawczych i prowadzenia gosp. dom.,2016,powiat,powiat olkuski,powiat olkuski,33.32%
38,Bezradność w sprawach opiekuńczo-wychowawczych i prowadzenia gosp. dom.,2016,gmina,Bolesław,powiat olkuski,40.10%
38,Bezradność w sprawach opiekuńczo-wychowawczych i prowadzenia gosp. dom.,2016,gmina,Bukowno,powiat olkuski,28.48%
38,Bezradność w sprawach opiekuńczo-wychowawczych i prowadzenia gosp. dom.,2016,gmina,Klucze,powiat olkuski,9.59%
38,Bezradność w sprawach opiekuńczo-wychowawczych i prowadzenia gosp. dom.,2016,gmina,Olkusz,powiat olkuski,28.94%
38,Bezradność w sprawach opiekuńczo-wychowawczych i prowadzenia gosp. dom.,2016,gmina,Trzyciąż,powiat olkuski,64.10%
38,Bezradność w sprawach opiekuńczo-wychowawczych i prowadzenia gosp. dom.,2016,gmina,Wolbrom,powiat olkuski,66.43%
38,Bezradność w sprawach opiekuńczo-wychowawczych i prowadzenia gosp. dom.,2016,powiat,powiat oświęcimski,powiat oświęcimski,53.87%
38,Bezradność w sprawach opiekuńczo-wychowawczych i prowadzenia gosp. dom.,2016,gmina,Brzeszcze,powiat oświęcimski,64.58%
38,Bezradność w sprawach opiekuńczo-wychowawczych i prowadzenia gosp. dom.,2016,gmina,Chełmek,powiat oświęcimski,28.51%
38,Bezradność w sprawach opiekuńczo-wychowawczych i prowadzenia gosp. dom.,2016,gmina,Kęty,powiat oświęcimski,39.81%
38,Bezradność w sprawach opiekuńczo-wychowawczych i prowadzenia gosp. dom.,2016,gmina,Osiek,powiat oświęcimski,39.39%
38,Bezradność w sprawach opiekuńczo-wychowawczych i prowadzenia gosp. dom.,2016,gmina,Oświęcim (miasto),powiat oświęcimski,67.59%
38,Bezradność w sprawach opiekuńczo-wychowawczych i prowadzenia gosp. dom.,2016,gmina,Oświęcim (wieś),powiat oświęcimski,55.19%
38,Bezradność w sprawach opiekuńczo-wychowawczych i prowadzenia gosp. dom.,2016,gmina,Polanka Wielka,powiat oświęcimski,49.08%
38,Bezradność w sprawach opiekuńczo-wychowawczych i prowadzenia gosp. dom.,2016,gmina,Przeciszów,powiat oświęcimski,30.82%
38,Bezradność w sprawach opiekuńczo-wychowawczych i prowadzenia gosp. dom.,2016,gmina,Zator,powiat oświęcimski,17.04%
38,Bezradność w sprawach opiekuńczo-wychowawczych i prowadzenia gosp. dom.,2016,powiat,powiat proszowicki,powiat proszowicki,21.87%
38,Bezradność w sprawach opiekuńczo-wychowawczych i prowadzenia gosp. dom.,2016,gmina,Koniusza,powiat proszowicki,18.46%
38,Bezradność w sprawach opiekuńczo-wychowawczych i prowadzenia gosp. dom.,2016,gmina,Koszyce,powiat proszowicki,13.02%
38,Bezradność w sprawach opiekuńczo-wychowawczych i prowadzenia gosp. dom.,2016,gmina,Nowe Brzesko,powiat proszowicki,43.40%
38,Bezradność w sprawach opiekuńczo-wychowawczych i prowadzenia gosp. dom.,2016,gmina,Pałecznica,powiat proszowicki,15.14%
38,Bezradność w sprawach opiekuńczo-wychowawczych i prowadzenia gosp. dom.,2016,gmina,Proszowice,powiat proszowicki,20.87%
38,Bezradność w sprawach opiekuńczo-wychowawczych i prowadzenia gosp. dom.,2016,gmina,Radziemice,powiat proszowicki,25.20%
38,Bezradność w sprawach opiekuńczo-wychowawczych i prowadzenia gosp. dom.,2016,powiat,powiat suski,powiat suski,28.49%
38,Bezradność w sprawach opiekuńczo-wychowawczych i prowadzenia gosp. dom.,2016,gmina,Budzów,powiat suski,3.31%
38,Bezradność w sprawach opiekuńczo-wychowawczych i prowadzenia gosp. dom.,2016,gmina,Bystra-Sidzina,powiat suski,18.70%
38,Bezradność w sprawach opiekuńczo-wychowawczych i prowadzenia gosp. dom.,2016,gmina,Jordanów (miasto),powiat suski,75.18%
38,Bezradność w sprawach opiekuńczo-wychowawczych i prowadzenia gosp. dom.,2016,gmina,Jordanów (wieś),powiat suski,20.26%
38,Bezradność w sprawach opiekuńczo-wychowawczych i prowadzenia gosp. dom.,2016,gmina,Maków Podhalański,powiat suski,39.34%
38,Bezradność w sprawach opiekuńczo-wychowawczych i prowadzenia gosp. dom.,2016,gmina,Stryszawa,powiat suski,25.23%
38,Bezradność w sprawach opiekuńczo-wychowawczych i prowadzenia gosp. dom.,2016,gmina,Sucha Beskidzka,powiat suski,29.46%
38,Bezradność w sprawach opiekuńczo-wychowawczych i prowadzenia gosp. dom.,2016,gmina,Zawoja,powiat suski,26.69%
38,Bezradność w sprawach opiekuńczo-wychowawczych i prowadzenia gosp. dom.,2016,gmina,Zembrzyce,powiat suski,35.81%
38,Bezradność w sprawach opiekuńczo-wychowawczych i prowadzenia gosp. dom.,2016,powiat,powiat tarnowski,powiat tarnowski,31.66%
38,Bezradność w sprawach opiekuńczo-wychowawczych i prowadzenia gosp. dom.,2016,gmina,Ciężkowice,powiat tarnowski,59.88%
38,Bezradność w sprawach opiekuńczo-wychowawczych i prowadzenia gosp. dom.,2016,gmina,Gromnik,powiat tarnowski,67.49%
38,Bezradność w sprawach opiekuńczo-wychowawczych i prowadzenia gosp. dom.,2016,gmina,Lisia Góra,powiat tarnowski,23.96%
38,Bezradność w sprawach opiekuńczo-wychowawczych i prowadzenia gosp. dom.,2016,gmina,Pleśna,powiat tarnowski,35.32%
38,Bezradność w sprawach opiekuńczo-wychowawczych i prowadzenia gosp. dom.,2016,gmina,Radłów,powiat tarnowski,9.72%
38,Bezradność w sprawach opiekuńczo-wychowawczych i prowadzenia gosp. dom.,2016,gmina,Ryglice,powiat tarnowski,32.77%
38,Bezradność w sprawach opiekuńczo-wychowawczych i prowadzenia gosp. dom.,2016,gmina,Rzepiennik Strzyżewski,powiat tarnowski,4.60%
38,Bezradność w sprawach opiekuńczo-wychowawczych i prowadzenia gosp. dom.,2016,gmina,Skrzyszów,powiat tarnowski,32.38%
38,Bezradność w sprawach opiekuńczo-wychowawczych i prowadzenia gosp. dom.,2016,gmina,Szerzyny,powiat tarnowski,77.76%
38,Bezradność w sprawach opiekuńczo-wychowawczych i prowadzenia gosp. dom.,2016,gmina,Tarnów (wieś),powiat tarnowski,12.55%
38,Bezradność w sprawach opiekuńczo-wychowawczych i prowadzenia gosp. dom.,2016,gmina,Tuchów,powiat tarnowski,35.78%
38,Bezradność w sprawach opiekuńczo-wychowawczych i prowadzenia gosp. dom.,2016,gmina,Wierzchosławice,powiat tarnowski,22.20%
38,Bezradność w sprawach opiekuńczo-wychowawczych i prowadzenia gosp. dom.,2016,gmina,Wietrzychowice,powiat tarnowski,51.09%
38,Bezradność w sprawach opiekuńczo-wychowawczych i prowadzenia gosp. dom.,2016,gmina,Wojnicz,powiat tarnowski,42.21%
38,Bezradność w sprawach opiekuńczo-wychowawczych i prowadzenia gosp. dom.,2016,gmina,Zakliczyn,powiat tarnowski,24.75%
38,Bezradność w sprawach opiekuńczo-wychowawczych i prowadzenia gosp. dom.,2016,gmina,Żabno,powiat tarnowski,18.46%
38,Bezradność w sprawach opiekuńczo-wychowawczych i prowadzenia gosp. dom.,2016,powiat,powiat tatrzański,powiat tatrzański,35.87%
38,Bezradność w sprawach opiekuńczo-wychowawczych i prowadzenia gosp. dom.,2016,gmina,Biały Dunajec,powiat tatrzański,21.66%
38,Bezradność w sprawach opiekuńczo-wychowawczych i prowadzenia gosp. dom.,2016,gmina,Bukowina Tatrzańska,powiat tatrzański,30.62%
38,Bezradność w sprawach opiekuńczo-wychowawczych i prowadzenia gosp. dom.,2016,gmina,Kościelisko,powiat tatrzański,48.16%
38,Bezradność w sprawach opiekuńczo-wychowawczych i prowadzenia gosp. dom.,2016,gmina,Poronin,powiat tatrzański,48.61%
38,Bezradność w sprawach opiekuńczo-wychowawczych i prowadzenia gosp. dom.,2016,gmina,Zakopane,powiat tatrzański,34.65%
38,Bezradność w sprawach opiekuńczo-wychowawczych i prowadzenia gosp. dom.,2016,powiat,powiat wadowicki,powiat wadowicki,35.65%
38,Bezradność w sprawach opiekuńczo-wychowawczych i prowadzenia gosp. dom.,2016,gmina,Andrychów,powiat wadowicki,21.76%
38,Bezradność w sprawach opiekuńczo-wychowawczych i prowadzenia gosp. dom.,2016,gmina,Brzeźnica,powiat wadowicki,51.63%
38,Bezradność w sprawach opiekuńczo-wychowawczych i prowadzenia gosp. dom.,2016,gmina,Kalwaria Zebrzydowska,powiat wadowicki,68.91%
38,Bezradność w sprawach opiekuńczo-wychowawczych i prowadzenia gosp. dom.,2016,gmina,Lanckorona,powiat wadowicki,34.98%
38,Bezradność w sprawach opiekuńczo-wychowawczych i prowadzenia gosp. dom.,2016,gmina,Mucharz,powiat wadowicki,14.13%
38,Bezradność w sprawach opiekuńczo-wychowawczych i prowadzenia gosp. dom.,2016,gmina,Spytkowice,powiat wadowicki,29.19%
38,Bezradność w sprawach opiekuńczo-wychowawczych i prowadzenia gosp. dom.,2016,gmina,Stryszów,powiat wadowicki,18.06%
38,Bezradność w sprawach opiekuńczo-wychowawczych i prowadzenia gosp. dom.,2016,gmina,Tomice,powiat wadowicki,48.44%
38,Bezradność w sprawach opiekuńczo-wychowawczych i prowadzenia gosp. dom.,2016,gmina,Wadowice,powiat wadowicki,34.88%
38,Bezradność w sprawach opiekuńczo-wychowawczych i prowadzenia gosp. dom.,2016,gmina,Wieprz,powiat wadowicki,12.98%
38,Bezradność w sprawach opiekuńczo-wychowawczych i prowadzenia gosp. dom.,2016,powiat,powiat wielicki,powiat wielicki,21.32%
38,Bezradność w sprawach opiekuńczo-wychowawczych i prowadzenia gosp. dom.,2016,gmina,Biskupice,powiat wielicki,43.96%
38,Bezradność w sprawach opiekuńczo-wychowawczych i prowadzenia gosp. dom.,2016,gmina,Gdów,powiat wielicki,12.14%
38,Bezradność w sprawach opiekuńczo-wychowawczych i prowadzenia gosp. dom.,2016,gmina,Kłaj,powiat wielicki,36.22%
38,Bezradność w sprawach opiekuńczo-wychowawczych i prowadzenia gosp. dom.,2016,gmina,Niepołomice,powiat wielicki,33.40%
38,Bezradność w sprawach opiekuńczo-wychowawczych i prowadzenia gosp. dom.,2016,gmina,Wieliczka,powiat wielicki,11.73%
38,Bezradność w sprawach opiekuńczo-wychowawczych i prowadzenia gosp. dom.,2015,powiat,powiat bocheński,powiat bocheński,34.13%
38,Bezradność w sprawach opiekuńczo-wychowawczych i prowadzenia gosp. dom.,2015,gmina,Bochnia (miasto),powiat bocheński,54.23%
38,Bezradność w sprawach opiekuńczo-wychowawczych i prowadzenia gosp. dom.,2015,gmina,Bochnia (wieś),powiat bocheński,15.28%
38,Bezradność w sprawach opiekuńczo-wychowawczych i prowadzenia gosp. dom.,2015,gmina,Drwinia,powiat bocheński,20.19%
38,Bezradność w sprawach opiekuńczo-wychowawczych i prowadzenia gosp. dom.,2015,gmina,Lipnica Murowana,powiat bocheński,32.59%
38,Bezradność w sprawach opiekuńczo-wychowawczych i prowadzenia gosp. dom.,2015,gmina,Łapanów,powiat bocheński,18.56%
38,Bezradność w sprawach opiekuńczo-wychowawczych i prowadzenia gosp. dom.,2015,gmina,Nowy Wiśnicz,powiat bocheński,64.07%
38,Bezradność w sprawach opiekuńczo-wychowawczych i prowadzenia gosp. dom.,2015,gmina,Rzezawa,powiat bocheński,24.44%
38,Bezradność w sprawach opiekuńczo-wychowawczych i prowadzenia gosp. dom.,2015,gmina,Trzciana,powiat bocheński,24.49%
38,Bezradność w sprawach opiekuńczo-wychowawczych i prowadzenia gosp. dom.,2015,gmina,Żegocina,powiat bocheński,70.51%
38,Bezradność w sprawach opiekuńczo-wychowawczych i prowadzenia gosp. dom.,2015,powiat,powiat brzeski,powiat brzeski,35.87%
38,Bezradność w sprawach opiekuńczo-wychowawczych i prowadzenia gosp. dom.,2015,gmina,Borzęcin,powiat brzeski,49.93%
38,Bezradność w sprawach opiekuńczo-wychowawczych i prowadzenia gosp. dom.,2015,gmina,Brzesko,powiat brzeski,39.25%
38,Bezradność w sprawach opiekuńczo-wychowawczych i prowadzenia gosp. dom.,2015,gmina,Czchów,powiat brzeski,46.92%
38,Bezradność w sprawach opiekuńczo-wychowawczych i prowadzenia gosp. dom.,2015,gmina,Dębno,powiat brzeski,20.09%
38,Bezradność w sprawach opiekuńczo-wychowawczych i prowadzenia gosp. dom.,2015,gmina,Gnojnik,powiat brzeski,31.91%
38,Bezradność w sprawach opiekuńczo-wychowawczych i prowadzenia gosp. dom.,2015,gmina,Iwkowa,powiat brzeski,36.42%
38,Bezradność w sprawach opiekuńczo-wychowawczych i prowadzenia gosp. dom.,2015,gmina,Szczurowa,powiat brzeski,17.57%
38,Bezradność w sprawach opiekuńczo-wychowawczych i prowadzenia gosp. dom.,2015,powiat,powiat chrzanowski,powiat chrzanowski,56.71%
38,Bezradność w sprawach opiekuńczo-wychowawczych i prowadzenia gosp. dom.,2015,gmina,Alwernia,powiat chrzanowski,33.47%
38,Bezradność w sprawach opiekuńczo-wychowawczych i prowadzenia gosp. dom.,2015,gmina,Babice,powiat chrzanowski,28.27%
38,Bezradność w sprawach opiekuńczo-wychowawczych i prowadzenia gosp. dom.,2015,gmina,Chrzanów,powiat chrzanowski,61.98%
38,Bezradność w sprawach opiekuńczo-wychowawczych i prowadzenia gosp. dom.,2015,gmina,Libiąż,powiat chrzanowski,39.46%
38,Bezradność w sprawach opiekuńczo-wychowawczych i prowadzenia gosp. dom.,2015,gmina,Trzebinia,powiat chrzanowski,69.44%
38,Bezradność w sprawach opiekuńczo-wychowawczych i prowadzenia gosp. dom.,2015,powiat,powiat dąbrowski,powiat dąbrowski,33.67%
38,Bezradność w sprawach opiekuńczo-wychowawczych i prowadzenia gosp. dom.,2015,gmina,Bolesław,powiat dąbrowski,62.54%
38,Bezradność w sprawach opiekuńczo-wychowawczych i prowadzenia gosp. dom.,2015,gmina,Dąbrowa Tarnowska,powiat dąbrowski,24.25%
38,Bezradność w sprawach opiekuńczo-wychowawczych i prowadzenia gosp. dom.,2015,gmina,Gręboszów,powiat dąbrowski,67.67%
38,Bezradność w sprawach opiekuńczo-wychowawczych i prowadzenia gosp. dom.,2015,gmina,Mędrzechów,powiat dąbrowski,58.30%
38,Bezradność w sprawach opiekuńczo-wychowawczych i prowadzenia gosp. dom.,2015,gmina,Olesno,powiat dąbrowski,48.02%
38,Bezradność w sprawach opiekuńczo-wychowawczych i prowadzenia gosp. dom.,2015,gmina,Radgoszcz,powiat dąbrowski,6.06%
38,Bezradność w sprawach opiekuńczo-wychowawczych i prowadzenia gosp. dom.,2015,gmina,Szczucin,powiat dąbrowski,39.08%
38,Bezradność w sprawach opiekuńczo-wychowawczych i prowadzenia gosp. dom.,2015,powiat,powiat gorlicki,powiat gorlicki,20.33%
38,Bezradność w sprawach opiekuńczo-wychowawczych i prowadzenia gosp. dom.,2015,gmina,Biecz,powiat gorlicki,22.97%
38,Bezradność w sprawach opiekuńczo-wychowawczych i prowadzenia gosp. dom.,2015,gmina,Bobowa,powiat gorlicki,6.49%
38,Bezradność w sprawach opiekuńczo-wychowawczych i prowadzenia gosp. dom.,2015,gmina,Gorlice (miasto),powiat gorlicki,50.48%
38,Bezradność w sprawach opiekuńczo-wychowawczych i prowadzenia gosp. dom.,2015,gmina,Gorlice (wieś),powiat gorlicki,22.10%
38,Bezradność w sprawach opiekuńczo-wychowawczych i prowadzenia gosp. dom.,2015,gmina,Lipinki,powiat gorlicki,31.26%
38,Bezradność w sprawach opiekuńczo-wychowawczych i prowadzenia gosp. dom.,2015,gmina,Łużna,powiat gorlicki,15.22%
38,Bezradność w sprawach opiekuńczo-wychowawczych i prowadzenia gosp. dom.,2015,gmina,Moszczenica,powiat gorlicki,9.60%
38,Bezradność w sprawach opiekuńczo-wychowawczych i prowadzenia gosp. dom.,2015,gmina,Ropa,powiat gorlicki,8.78%
38,Bezradność w sprawach opiekuńczo-wychowawczych i prowadzenia gosp. dom.,2015,gmina,Sękowa,powiat gorlicki,8.11%
38,Bezradność w sprawach opiekuńczo-wychowawczych i prowadzenia gosp. dom.,2015,gmina,Uście Gorlickie,powiat gorlicki,6.45%
38,Bezradność w sprawach opiekuńczo-wychowawczych i prowadzenia gosp. dom.,2015,powiat,powiat krakowski,powiat krakowski,30.18%
38,Bezradność w sprawach opiekuńczo-wychowawczych i prowadzenia gosp. dom.,2015,gmina,Czernichów,powiat krakowski,14.78%
38,Bezradność w sprawach opiekuńczo-wychowawczych i prowadzenia gosp. dom.,2015,gmina,Igołomia-Wawrzeńczyce,powiat krakowski,52.65%
38,Bezradność w sprawach opiekuńczo-wychowawczych i prowadzenia gosp. dom.,2015,gmina,Iwanowice,powiat krakowski,36.92%
38,Bezradność w sprawach opiekuńczo-wychowawczych i prowadzenia gosp. dom.,2015,gmina,Jerzmanowice-Przeginia,powiat krakowski,14.31%
38,Bezradność w sprawach opiekuńczo-wychowawczych i prowadzenia gosp. dom.,2015,gmina,Kocmyrzów-Luborzyca,powiat krakowski,59.93%
38,Bezradność w sprawach opiekuńczo-wychowawczych i prowadzenia gosp. dom.,2015,gmina,Krzeszowice,powiat krakowski,28.47%
38,Bezradność w sprawach opiekuńczo-wychowawczych i prowadzenia gosp. dom.,2015,gmina,Liszki,powiat krakowski,32.03%
38,Bezradność w sprawach opiekuńczo-wychowawczych i prowadzenia gosp. dom.,2015,gmina,Michałowice,powiat krakowski,34.88%
38,Bezradność w sprawach opiekuńczo-wychowawczych i prowadzenia gosp. dom.,2015,gmina,Mogilany,powiat krakowski,11.32%
38,Bezradność w sprawach opiekuńczo-wychowawczych i prowadzenia gosp. dom.,2015,gmina,Skała,powiat krakowski,44.37%
38,Bezradność w sprawach opiekuńczo-wychowawczych i prowadzenia gosp. dom.,2015,gmina,Skawina,powiat krakowski,20.87%
38,Bezradność w sprawach opiekuńczo-wychowawczych i prowadzenia gosp. dom.,2015,gmina,Słomniki,powiat krakowski,4.39%
38,Bezradność w sprawach opiekuńczo-wychowawczych i prowadzenia gosp. dom.,2015,gmina,Sułoszowa,powiat krakowski,34.52%
38,Bezradność w sprawach opiekuńczo-wychowawczych i prowadzenia gosp. dom.,2015,gmina,Świątniki Górne,powiat krakowski,25.07%
38,Bezradność w sprawach opiekuńczo-wychowawczych i prowadzenia gosp. dom.,2015,gmina,Wielka Wieś,powiat krakowski,51.61%
38,Bezradność w sprawach opiekuńczo-wychowawczych i prowadzenia gosp. dom.,2015,gmina,Zabierzów,powiat krakowski,34.71%
38,Bezradność w sprawach opiekuńczo-wychowawczych i prowadzenia gosp. dom.,2015,gmina,Zielonki,powiat krakowski,53.46%
38,Bezradność w sprawach opiekuńczo-wychowawczych i prowadzenia gosp. dom.,2015,powiat,powiat limanowski,powiat limanowski,28.62%
38,Bezradność w sprawach opiekuńczo-wychowawczych i prowadzenia gosp. dom.,2015,gmina,Dobra,powiat limanowski,9.74%
38,Bezradność w sprawach opiekuńczo-wychowawczych i prowadzenia gosp. dom.,2015,gmina,Jodłownik,powiat limanowski,43.49%
38,Bezradność w sprawach opiekuńczo-wychowawczych i prowadzenia gosp. dom.,2015,gmina,Kamienica,powiat limanowski,62.85%
38,Bezradność w sprawach opiekuńczo-wychowawczych i prowadzenia gosp. dom.,2015,gmina,Laskowa,powiat limanowski,48.47%
38,Bezradność w sprawach opiekuńczo-wychowawczych i prowadzenia gosp. dom.,2015,gmina,Limanowa (miasto),powiat limanowski,20.77%
38,Bezradność w sprawach opiekuńczo-wychowawczych i prowadzenia gosp. dom.,2015,gmina,Limanowa (wieś),powiat limanowski,11.34%
38,Bezradność w sprawach opiekuńczo-wychowawczych i prowadzenia gosp. dom.,2015,gmina,Łukowica,powiat limanowski,1.84%
38,Bezradność w sprawach opiekuńczo-wychowawczych i prowadzenia gosp. dom.,2015,gmina,Mszana Dolna (miasto),powiat limanowski,59.87%
38,Bezradność w sprawach opiekuńczo-wychowawczych i prowadzenia gosp. dom.,2015,gmina,Mszana Dolna (wieś),powiat limanowski,77.18%
38,Bezradność w sprawach opiekuńczo-wychowawczych i prowadzenia gosp. dom.,2015,gmina,Niedźwiedź,powiat limanowski,17.50%
38,Bezradność w sprawach opiekuńczo-wychowawczych i prowadzenia gosp. dom.,2015,gmina,Słopnice,powiat limanowski,17.94%
38,Bezradność w sprawach opiekuńczo-wychowawczych i prowadzenia gosp. dom.,2015,gmina,Tymbark,powiat limanowski,8.51%
38,Bezradność w sprawach opiekuńczo-wychowawczych i prowadzenia gosp. dom.,2015,powiat,powiat m. Kraków,powiat m. Kraków,28.27%
38,Bezradność w sprawach opiekuńczo-wychowawczych i prowadzenia gosp. dom.,2015,powiat,powiat m. Nowy Sącz,powiat m. Nowy Sącz,44.45%
38,Bezradność w sprawach opiekuńczo-wychowawczych i prowadzenia gosp. dom.,2015,powiat,powiat m. Tarnów,powiat m. Tarnów,24.71%
38,Bezradność w sprawach opiekuńczo-wychowawczych i prowadzenia gosp. dom.,2015,powiat,powiat miechowski,powiat miechowski,35.12%
38,Bezradność w sprawach opiekuńczo-wychowawczych i prowadzenia gosp. dom.,2015,gmina,Charsznica,powiat miechowski,15.36%
38,Bezradność w sprawach opiekuńczo-wychowawczych i prowadzenia gosp. dom.,2015,gmina,Gołcza,powiat miechowski,27.14%
38,Bezradność w sprawach opiekuńczo-wychowawczych i prowadzenia gosp. dom.,2015,gmina,Kozłów,powiat miechowski,57.83%
38,Bezradność w sprawach opiekuńczo-wychowawczych i prowadzenia gosp. dom.,2015,gmina,Książ Wielki,powiat miechowski,63.06%
38,Bezradność w sprawach opiekuńczo-wychowawczych i prowadzenia gosp. dom.,2015,gmina,Miechów,powiat miechowski,33.96%
38,Bezradność w sprawach opiekuńczo-wychowawczych i prowadzenia gosp. dom.,2015,gmina,Racławice,powiat miechowski,33.33%
38,Bezradność w sprawach opiekuńczo-wychowawczych i prowadzenia gosp. dom.,2015,gmina,Słaboszów,powiat miechowski,30.30%
38,Bezradność w sprawach opiekuńczo-wychowawczych i prowadzenia gosp. dom.,2015,powiat,powiat myślenicki,powiat myślenicki,22.48%
38,Bezradność w sprawach opiekuńczo-wychowawczych i prowadzenia gosp. dom.,2015,gmina,Dobczyce,powiat myślenicki,10.23%
38,Bezradność w sprawach opiekuńczo-wychowawczych i prowadzenia gosp. dom.,2015,gmina,Lubień,powiat myślenicki,10.48%
38,Bezradność w sprawach opiekuńczo-wychowawczych i prowadzenia gosp. dom.,2015,gmina,Myślenice,powiat myślenicki,18.84%
38,Bezradność w sprawach opiekuńczo-wychowawczych i prowadzenia gosp. dom.,2015,gmina,Pcim,powiat myślenicki,34.61%
38,Bezradność w sprawach opiekuńczo-wychowawczych i prowadzenia gosp. dom.,2015,gmina,Raciechowice,powiat myślenicki,28.71%
38,Bezradność w sprawach opiekuńczo-wychowawczych i prowadzenia gosp. dom.,2015,gmina,Siepraw,powiat myślenicki,45.19%
38,Bezradność w sprawach opiekuńczo-wychowawczych i prowadzenia gosp. dom.,2015,gmina,Sułkowice,powiat myślenicki,52.90%
38,Bezradność w sprawach opiekuńczo-wychowawczych i prowadzenia gosp. dom.,2015,gmina,Tokarnia,powiat myślenicki,7.07%
38,Bezradność w sprawach opiekuńczo-wychowawczych i prowadzenia gosp. dom.,2015,gmina,Wiśniowa,powiat myślenicki,5.70%
38,Bezradność w sprawach opiekuńczo-wychowawczych i prowadzenia gosp. dom.,2015,powiat,powiat nowosądecki,powiat nowosądecki,26.66%
38,Bezradność w sprawach opiekuńczo-wychowawczych i prowadzenia gosp. dom.,2015,gmina,Podegrodzie,powiat nowosądecki,18.35%
38,Bezradność w sprawach opiekuńczo-wychowawczych i prowadzenia gosp. dom.,2015,gmina,Rytro,powiat nowosądecki,46.42%
38,Bezradność w sprawach opiekuńczo-wychowawczych i prowadzenia gosp. dom.,2015,gmina,Stary Sącz,powiat nowosądecki,8.33%
38,Bezradność w sprawach opiekuńczo-wychowawczych i prowadzenia gosp. dom.,2015,gmina,Chełmiec,powiat nowosądecki,49.30%
38,Bezradność w sprawach opiekuńczo-wychowawczych i prowadzenia gosp. dom.,2015,gmina,Gródek nad Dunajcem,powiat nowosądecki,15.49%
38,Bezradność w sprawach opiekuńczo-wychowawczych i prowadzenia gosp. dom.,2015,gmina,Grybów (miasto),powiat nowosądecki,11.05%
38,Bezradność w sprawach opiekuńczo-wychowawczych i prowadzenia gosp. dom.,2015,gmina,Grybów (wieś),powiat nowosądecki,20.18%
38,Bezradność w sprawach opiekuńczo-wychowawczych i prowadzenia gosp. dom.,2015,gmina,Kamionka Wielka,powiat nowosądecki,19.95%
38,Bezradność w sprawach opiekuńczo-wychowawczych i prowadzenia gosp. dom.,2015,gmina,Korzenna,powiat nowosądecki,43.30%
38,Bezradność w sprawach opiekuńczo-wychowawczych i prowadzenia gosp. dom.,2015,gmina,Krynica-Zdrój,powiat nowosądecki,14.45%
38,Bezradność w sprawach opiekuńczo-wychowawczych i prowadzenia gosp. dom.,2015,gmina,Łabowa,powiat nowosądecki,7.91%
38,Bezradność w sprawach opiekuńczo-wychowawczych i prowadzenia gosp. dom.,2015,gmina,Łącko,powiat nowosądecki,14.02%
38,Bezradność w sprawach opiekuńczo-wychowawczych i prowadzenia gosp. dom.,2015,gmina,Łososina Dolna,powiat nowosądecki,28.70%
38,Bezradność w sprawach opiekuńczo-wychowawczych i prowadzenia gosp. dom.,2015,gmina,Muszyna,powiat nowosądecki,8.74%
38,Bezradność w sprawach opiekuńczo-wychowawczych i prowadzenia gosp. dom.,2015,gmina,Nawojowa,powiat nowosądecki,11.60%
38,Bezradność w sprawach opiekuńczo-wychowawczych i prowadzenia gosp. dom.,2015,gmina,Piwniczna-Zdrój,powiat nowosądecki,61.36%
38,Bezradność w sprawach opiekuńczo-wychowawczych i prowadzenia gosp. dom.,2015,powiat,powiat nowotarski,powiat nowotarski,36.72%
38,Bezradność w sprawach opiekuńczo-wychowawczych i prowadzenia gosp. dom.,2015,gmina,Czarny Dunajec,powiat nowotarski,16.43%
38,Bezradność w sprawach opiekuńczo-wychowawczych i prowadzenia gosp. dom.,2015,gmina,Czorsztyn,powiat nowotarski,25.07%
38,Bezradność w sprawach opiekuńczo-wychowawczych i prowadzenia gosp. dom.,2015,gmina,Jabłonka,powiat nowotarski,46.91%
38,Bezradność w sprawach opiekuńczo-wychowawczych i prowadzenia gosp. dom.,2015,gmina,Krościenko nad Dunajcem,powiat nowotarski,17.25%
38,Bezradność w sprawach opiekuńczo-wychowawczych i prowadzenia gosp. dom.,2015,gmina,Lipnica Wielka,powiat nowotarski,64.04%
38,Bezradność w sprawach opiekuńczo-wychowawczych i prowadzenia gosp. dom.,2015,gmina,Łapsze Niżne,powiat nowotarski,47.65%
38,Bezradność w sprawach opiekuńczo-wychowawczych i prowadzenia gosp. dom.,2015,gmina,Nowy Targ (miasto),powiat nowotarski,18.27%
38,Bezradność w sprawach opiekuńczo-wychowawczych i prowadzenia gosp. dom.,2015,gmina,Nowy Targ (wieś),powiat nowotarski,70.06%
38,Bezradność w sprawach opiekuńczo-wychowawczych i prowadzenia gosp. dom.,2015,gmina,Ochotnica Dolna,powiat nowotarski,47.66%
38,Bezradność w sprawach opiekuńczo-wychowawczych i prowadzenia gosp. dom.,2015,gmina,Raba Wyżna,powiat nowotarski,6.71%
38,Bezradność w sprawach opiekuńczo-wychowawczych i prowadzenia gosp. dom.,2015,gmina,Rabka-Zdrój,powiat nowotarski,61.55%
38,Bezradność w sprawach opiekuńczo-wychowawczych i prowadzenia gosp. dom.,2015,gmina,Spytkowice,powiat nowotarski,34.76%
38,Bezradność w sprawach opiekuńczo-wychowawczych i prowadzenia gosp. dom.,2015,gmina,Szaflary,powiat nowotarski,33.10%
38,Bezradność w sprawach opiekuńczo-wychowawczych i prowadzenia gosp. dom.,2015,gmina,Szczawnica,powiat nowotarski,47.56%
38,Bezradność w sprawach opiekuńczo-wychowawczych i prowadzenia gosp. dom.,2015,powiat,powiat olkuski,powiat olkuski,36.43%
38,Bezradność w sprawach opiekuńczo-wychowawczych i prowadzenia gosp. dom.,2015,gmina,Bolesław,powiat olkuski,41.35%
38,Bezradność w sprawach opiekuńczo-wychowawczych i prowadzenia gosp. dom.,2015,gmina,Bukowno,powiat olkuski,33.00%
38,Bezradność w sprawach opiekuńczo-wychowawczych i prowadzenia gosp. dom.,2015,gmina,Klucze,powiat olkuski,6.84%
38,Bezradność w sprawach opiekuńczo-wychowawczych i prowadzenia gosp. dom.,2015,gmina,Olkusz,powiat olkuski,32.86%
38,Bezradność w sprawach opiekuńczo-wychowawczych i prowadzenia gosp. dom.,2015,gmina,Trzyciąż,powiat olkuski,64.48%
38,Bezradność w sprawach opiekuńczo-wychowawczych i prowadzenia gosp. dom.,2015,gmina,Wolbrom,powiat olkuski,72.41%
38,Bezradność w sprawach opiekuńczo-wychowawczych i prowadzenia gosp. dom.,2015,powiat,powiat oświęcimski,powiat oświęcimski,39.19%
38,Bezradność w sprawach opiekuńczo-wychowawczych i prowadzenia gosp. dom.,2015,gmina,Brzeszcze,powiat oświęcimski,60.91%
38,Bezradność w sprawach opiekuńczo-wychowawczych i prowadzenia gosp. dom.,2015,gmina,Chełmek,powiat oświęcimski,32.36%
38,Bezradność w sprawach opiekuńczo-wychowawczych i prowadzenia gosp. dom.,2015,gmina,Kęty,powiat oświęcimski,35.89%
38,Bezradność w sprawach opiekuńczo-wychowawczych i prowadzenia gosp. dom.,2015,gmina,Osiek,powiat oświęcimski,38.24%
38,Bezradność w sprawach opiekuńczo-wychowawczych i prowadzenia gosp. dom.,2015,gmina,Oświęcim (miasto),powiat oświęcimski,40.07%
38,Bezradność w sprawach opiekuńczo-wychowawczych i prowadzenia gosp. dom.,2015,gmina,Oświęcim (wieś),powiat oświęcimski,43.30%
38,Bezradność w sprawach opiekuńczo-wychowawczych i prowadzenia gosp. dom.,2015,gmina,Polanka Wielka,powiat oświęcimski,49.74%
38,Bezradność w sprawach opiekuńczo-wychowawczych i prowadzenia gosp. dom.,2015,gmina,Przeciszów,powiat oświęcimski,27.64%
38,Bezradność w sprawach opiekuńczo-wychowawczych i prowadzenia gosp. dom.,2015,gmina,Zator,powiat oświęcimski,17.40%
38,Bezradność w sprawach opiekuńczo-wychowawczych i prowadzenia gosp. dom.,2015,powiat,powiat proszowicki,powiat proszowicki,20.58%
38,Bezradność w sprawach opiekuńczo-wychowawczych i prowadzenia gosp. dom.,2015,gmina,Koniusza,powiat proszowicki,19.93%
38,Bezradność w sprawach opiekuńczo-wychowawczych i prowadzenia gosp. dom.,2015,gmina,Koszyce,powiat proszowicki,4.83%
38,Bezradność w sprawach opiekuńczo-wychowawczych i prowadzenia gosp. dom.,2015,gmina,Nowe Brzesko,powiat proszowicki,41.38%
38,Bezradność w sprawach opiekuńczo-wychowawczych i prowadzenia gosp. dom.,2015,gmina,Pałecznica,powiat proszowicki,4.51%
38,Bezradność w sprawach opiekuńczo-wychowawczych i prowadzenia gosp. dom.,2015,gmina,Proszowice,powiat proszowicki,23.39%
38,Bezradność w sprawach opiekuńczo-wychowawczych i prowadzenia gosp. dom.,2015,gmina,Radziemice,powiat proszowicki,35.83%
38,Bezradność w sprawach opiekuńczo-wychowawczych i prowadzenia gosp. dom.,2015,powiat,powiat suski,powiat suski,28.77%
38,Bezradność w sprawach opiekuńczo-wychowawczych i prowadzenia gosp. dom.,2015,gmina,Budzów,powiat suski,0.00%
38,Bezradność w sprawach opiekuńczo-wychowawczych i prowadzenia gosp. dom.,2015,gmina,Bystra-Sidzina,powiat suski,16.28%
38,Bezradność w sprawach opiekuńczo-wychowawczych i prowadzenia gosp. dom.,2015,gmina,Jordanów (miasto),powiat suski,84.67%
38,Bezradność w sprawach opiekuńczo-wychowawczych i prowadzenia gosp. dom.,2015,gmina,Jordanów (wieś),powiat suski,20.28%
38,Bezradność w sprawach opiekuńczo-wychowawczych i prowadzenia gosp. dom.,2015,gmina,Maków Podhalański,powiat suski,47.11%
38,Bezradność w sprawach opiekuńczo-wychowawczych i prowadzenia gosp. dom.,2015,gmina,Stryszawa,powiat suski,25.00%
38,Bezradność w sprawach opiekuńczo-wychowawczych i prowadzenia gosp. dom.,2015,gmina,Sucha Beskidzka,powiat suski,32.44%
38,Bezradność w sprawach opiekuńczo-wychowawczych i prowadzenia gosp. dom.,2015,gmina,Zawoja,powiat suski,17.70%
38,Bezradność w sprawach opiekuńczo-wychowawczych i prowadzenia gosp. dom.,2015,gmina,Zembrzyce,powiat suski,36.54%
38,Bezradność w sprawach opiekuńczo-wychowawczych i prowadzenia gosp. dom.,2015,powiat,powiat tarnowski,powiat tarnowski,32.77%
38,Bezradność w sprawach opiekuńczo-wychowawczych i prowadzenia gosp. dom.,2015,gmina,Ciężkowice,powiat tarnowski,59.28%
38,Bezradność w sprawach opiekuńczo-wychowawczych i prowadzenia gosp. dom.,2015,gmina,Gromnik,powiat tarnowski,64.62%
38,Bezradność w sprawach opiekuńczo-wychowawczych i prowadzenia gosp. dom.,2015,gmina,Lisia Góra,powiat tarnowski,21.66%
38,Bezradność w sprawach opiekuńczo-wychowawczych i prowadzenia gosp. dom.,2015,gmina,Pleśna,powiat tarnowski,38.89%
38,Bezradność w sprawach opiekuńczo-wychowawczych i prowadzenia gosp. dom.,2015,gmina,Radłów,powiat tarnowski,17.95%
38,Bezradność w sprawach opiekuńczo-wychowawczych i prowadzenia gosp. dom.,2015,gmina,Ryglice,powiat tarnowski,33.05%
38,Bezradność w sprawach opiekuńczo-wychowawczych i prowadzenia gosp. dom.,2015,gmina,Rzepiennik Strzyżewski,powiat tarnowski,6.52%
38,Bezradność w sprawach opiekuńczo-wychowawczych i prowadzenia gosp. dom.,2015,gmina,Skrzyszów,powiat tarnowski,34.48%
38,Bezradność w sprawach opiekuńczo-wychowawczych i prowadzenia gosp. dom.,2015,gmina,Szerzyny,powiat tarnowski,66.97%
38,Bezradność w sprawach opiekuńczo-wychowawczych i prowadzenia gosp. dom.,2015,gmina,Tarnów (wieś),powiat tarnowski,14.22%
38,Bezradność w sprawach opiekuńczo-wychowawczych i prowadzenia gosp. dom.,2015,gmina,Tuchów,powiat tarnowski,35.15%
38,Bezradność w sprawach opiekuńczo-wychowawczych i prowadzenia gosp. dom.,2015,gmina,Wierzchosławice,powiat tarnowski,27.12%
38,Bezradność w sprawach opiekuńczo-wychowawczych i prowadzenia gosp. dom.,2015,gmina,Wietrzychowice,powiat tarnowski,50.33%
38,Bezradność w sprawach opiekuńczo-wychowawczych i prowadzenia gosp. dom.,2015,gmina,Wojnicz,powiat tarnowski,50.21%
38,Bezradność w sprawach opiekuńczo-wychowawczych i prowadzenia gosp. dom.,2015,gmina,Zakliczyn,powiat tarnowski,28.58%
38,Bezradność w sprawach opiekuńczo-wychowawczych i prowadzenia gosp. dom.,2015,gmina,Żabno,powiat tarnowski,18.31%
38,Bezradność w sprawach opiekuńczo-wychowawczych i prowadzenia gosp. dom.,2015,powiat,powiat tatrzański,powiat tatrzański,30.35%
38,Bezradność w sprawach opiekuńczo-wychowawczych i prowadzenia gosp. dom.,2015,gmina,Biały Dunajec,powiat tatrzański,16.61%
38,Bezradność w sprawach opiekuńczo-wychowawczych i prowadzenia gosp. dom.,2015,gmina,Bukowina Tatrzańska,powiat tatrzański,31.45%
38,Bezradność w sprawach opiekuńczo-wychowawczych i prowadzenia gosp. dom.,2015,gmina,Kościelisko,powiat tatrzański,24.94%
38,Bezradność w sprawach opiekuńczo-wychowawczych i prowadzenia gosp. dom.,2015,gmina,Poronin,powiat tatrzański,46.73%
38,Bezradność w sprawach opiekuńczo-wychowawczych i prowadzenia gosp. dom.,2015,gmina,Zakopane,powiat tatrzański,33.45%
38,Bezradność w sprawach opiekuńczo-wychowawczych i prowadzenia gosp. dom.,2015,powiat,powiat wadowicki,powiat wadowicki,36.00%
38,Bezradność w sprawach opiekuńczo-wychowawczych i prowadzenia gosp. dom.,2015,gmina,Andrychów,powiat wadowicki,22.37%
38,Bezradność w sprawach opiekuńczo-wychowawczych i prowadzenia gosp. dom.,2015,gmina,Brzeźnica,powiat wadowicki,52.85%
38,Bezradność w sprawach opiekuńczo-wychowawczych i prowadzenia gosp. dom.,2015,gmina,Kalwaria Zebrzydowska,powiat wadowicki,68.04%
38,Bezradność w sprawach opiekuńczo-wychowawczych i prowadzenia gosp. dom.,2015,gmina,Lanckorona,powiat wadowicki,45.29%
38,Bezradność w sprawach opiekuńczo-wychowawczych i prowadzenia gosp. dom.,2015,gmina,Mucharz,powiat wadowicki,16.61%
38,Bezradność w sprawach opiekuńczo-wychowawczych i prowadzenia gosp. dom.,2015,gmina,Spytkowice,powiat wadowicki,29.58%
38,Bezradność w sprawach opiekuńczo-wychowawczych i prowadzenia gosp. dom.,2015,gmina,Stryszów,powiat wadowicki,16.41%
38,Bezradność w sprawach opiekuńczo-wychowawczych i prowadzenia gosp. dom.,2015,gmina,Tomice,powiat wadowicki,51.57%
38,Bezradność w sprawach opiekuńczo-wychowawczych i prowadzenia gosp. dom.,2015,gmina,Wadowice,powiat wadowicki,34.48%
38,Bezradność w sprawach opiekuńczo-wychowawczych i prowadzenia gosp. dom.,2015,gmina,Wieprz,powiat wadowicki,9.76%
38,Bezradność w sprawach opiekuńczo-wychowawczych i prowadzenia gosp. dom.,2015,powiat,powiat wielicki,powiat wielicki,20.60%
38,Bezradność w sprawach opiekuńczo-wychowawczych i prowadzenia gosp. dom.,2015,gmina,Biskupice,powiat wielicki,42.76%
38,Bezradność w sprawach opiekuńczo-wychowawczych i prowadzenia gosp. dom.,2015,gmina,Gdów,powiat wielicki,14.30%
38,Bezradność w sprawach opiekuńczo-wychowawczych i prowadzenia gosp. dom.,2015,gmina,Kłaj,powiat wielicki,40.90%
38,Bezradność w sprawach opiekuńczo-wychowawczych i prowadzenia gosp. dom.,2015,gmina,Niepołomice,powiat wielicki,27.10%
38,Bezradność w sprawach opiekuńczo-wychowawczych i prowadzenia gosp. dom.,2015,gmina,Wieliczka,powiat wielicki,10.54%
38,Bezradność w sprawach opiekuńczo-wychowawczych i prowadzenia gosp. dom.,2014,powiat,powiat bocheński,powiat bocheński,30.70%
38,Bezradność w sprawach opiekuńczo-wychowawczych i prowadzenia gosp. dom.,2014,gmina,Bochnia (miasto),powiat bocheński,52.42%
38,Bezradność w sprawach opiekuńczo-wychowawczych i prowadzenia gosp. dom.,2014,gmina,Bochnia (wieś),powiat bocheński,9.74%
38,Bezradność w sprawach opiekuńczo-wychowawczych i prowadzenia gosp. dom.,2014,gmina,Drwinia,powiat bocheński,17.21%
38,Bezradność w sprawach opiekuńczo-wychowawczych i prowadzenia gosp. dom.,2014,gmina,Lipnica Murowana,powiat bocheński,31.38%
38,Bezradność w sprawach opiekuńczo-wychowawczych i prowadzenia gosp. dom.,2014,gmina,Łapanów,powiat bocheński,18.92%
38,Bezradność w sprawach opiekuńczo-wychowawczych i prowadzenia gosp. dom.,2014,gmina,Nowy Wiśnicz,powiat bocheński,60.61%
38,Bezradność w sprawach opiekuńczo-wychowawczych i prowadzenia gosp. dom.,2014,gmina,Rzezawa,powiat bocheński,18.67%
38,Bezradność w sprawach opiekuńczo-wychowawczych i prowadzenia gosp. dom.,2014,gmina,Trzciana,powiat bocheński,27.21%
38,Bezradność w sprawach opiekuńczo-wychowawczych i prowadzenia gosp. dom.,2014,gmina,Żegocina,powiat bocheński,62.31%
38,Bezradność w sprawach opiekuńczo-wychowawczych i prowadzenia gosp. dom.,2014,powiat,powiat brzeski,powiat brzeski,34.07%
38,Bezradność w sprawach opiekuńczo-wychowawczych i prowadzenia gosp. dom.,2014,gmina,Borzęcin,powiat brzeski,43.55%
38,Bezradność w sprawach opiekuńczo-wychowawczych i prowadzenia gosp. dom.,2014,gmina,Brzesko,powiat brzeski,42.16%
38,Bezradność w sprawach opiekuńczo-wychowawczych i prowadzenia gosp. dom.,2014,gmina,Czchów,powiat brzeski,40.16%
38,Bezradność w sprawach opiekuńczo-wychowawczych i prowadzenia gosp. dom.,2014,gmina,Dębno,powiat brzeski,19.30%
38,Bezradność w sprawach opiekuńczo-wychowawczych i prowadzenia gosp. dom.,2014,gmina,Gnojnik,powiat brzeski,33.47%
38,Bezradność w sprawach opiekuńczo-wychowawczych i prowadzenia gosp. dom.,2014,gmina,Iwkowa,powiat brzeski,22.78%
38,Bezradność w sprawach opiekuńczo-wychowawczych i prowadzenia gosp. dom.,2014,gmina,Szczurowa,powiat brzeski,15.66%
38,Bezradność w sprawach opiekuńczo-wychowawczych i prowadzenia gosp. dom.,2014,powiat,powiat chrzanowski,powiat chrzanowski,54.93%
38,Bezradność w sprawach opiekuńczo-wychowawczych i prowadzenia gosp. dom.,2014,gmina,Alwernia,powiat chrzanowski,37.12%
38,Bezradność w sprawach opiekuńczo-wychowawczych i prowadzenia gosp. dom.,2014,gmina,Babice,powiat chrzanowski,30.65%
38,Bezradność w sprawach opiekuńczo-wychowawczych i prowadzenia gosp. dom.,2014,gmina,Chrzanów,powiat chrzanowski,58.03%
38,Bezradność w sprawach opiekuńczo-wychowawczych i prowadzenia gosp. dom.,2014,gmina,Libiąż,powiat chrzanowski,43.50%
38,Bezradność w sprawach opiekuńczo-wychowawczych i prowadzenia gosp. dom.,2014,gmina,Trzebinia,powiat chrzanowski,65.27%
38,Bezradność w sprawach opiekuńczo-wychowawczych i prowadzenia gosp. dom.,2014,powiat,powiat dąbrowski,powiat dąbrowski,34.04%
38,Bezradność w sprawach opiekuńczo-wychowawczych i prowadzenia gosp. dom.,2014,gmina,Bolesław,powiat dąbrowski,68.13%
38,Bezradność w sprawach opiekuńczo-wychowawczych i prowadzenia gosp. dom.,2014,gmina,Dąbrowa Tarnowska,powiat dąbrowski,21.98%
38,Bezradność w sprawach opiekuńczo-wychowawczych i prowadzenia gosp. dom.,2014,gmina,Gręboszów,powiat dąbrowski,71.23%
38,Bezradność w sprawach opiekuńczo-wychowawczych i prowadzenia gosp. dom.,2014,gmina,Mędrzechów,powiat dąbrowski,32.09%
38,Bezradność w sprawach opiekuńczo-wychowawczych i prowadzenia gosp. dom.,2014,gmina,Olesno,powiat dąbrowski,48.98%
38,Bezradność w sprawach opiekuńczo-wychowawczych i prowadzenia gosp. dom.,2014,gmina,Radgoszcz,powiat dąbrowski,15.09%
38,Bezradność w sprawach opiekuńczo-wychowawczych i prowadzenia gosp. dom.,2014,gmina,Szczucin,powiat dąbrowski,41.20%
38,Bezradność w sprawach opiekuńczo-wychowawczych i prowadzenia gosp. dom.,2014,powiat,powiat gorlicki,powiat gorlicki,21.54%
38,Bezradność w sprawach opiekuńczo-wychowawczych i prowadzenia gosp. dom.,2014,gmina,Biecz,powiat gorlicki,42.61%
38,Bezradność w sprawach opiekuńczo-wychowawczych i prowadzenia gosp. dom.,2014,gmina,Bobowa,powiat gorlicki,4.97%
38,Bezradność w sprawach opiekuńczo-wychowawczych i prowadzenia gosp. dom.,2014,gmina,Gorlice (miasto),powiat gorlicki,45.30%
38,Bezradność w sprawach opiekuńczo-wychowawczych i prowadzenia gosp. dom.,2014,gmina,Gorlice (wieś),powiat gorlicki,20.13%
38,Bezradność w sprawach opiekuńczo-wychowawczych i prowadzenia gosp. dom.,2014,gmina,Lipinki,powiat gorlicki,29.71%
38,Bezradność w sprawach opiekuńczo-wychowawczych i prowadzenia gosp. dom.,2014,gmina,Łużna,powiat gorlicki,13.60%
38,Bezradność w sprawach opiekuńczo-wychowawczych i prowadzenia gosp. dom.,2014,gmina,Moszczenica,powiat gorlicki,9.52%
38,Bezradność w sprawach opiekuńczo-wychowawczych i prowadzenia gosp. dom.,2014,gmina,Ropa,powiat gorlicki,10.20%
38,Bezradność w sprawach opiekuńczo-wychowawczych i prowadzenia gosp. dom.,2014,gmina,Sękowa,powiat gorlicki,10.09%
38,Bezradność w sprawach opiekuńczo-wychowawczych i prowadzenia gosp. dom.,2014,gmina,Uście Gorlickie,powiat gorlicki,7.87%
38,Bezradność w sprawach opiekuńczo-wychowawczych i prowadzenia gosp. dom.,2014,powiat,powiat krakowski,powiat krakowski,33.20%
38,Bezradność w sprawach opiekuńczo-wychowawczych i prowadzenia gosp. dom.,2014,gmina,Czernichów,powiat krakowski,16.07%
38,Bezradność w sprawach opiekuńczo-wychowawczych i prowadzenia gosp. dom.,2014,gmina,Igołomia-Wawrzeńczyce,powiat krakowski,51.08%
38,Bezradność w sprawach opiekuńczo-wychowawczych i prowadzenia gosp. dom.,2014,gmina,Iwanowice,powiat krakowski,46.77%
38,Bezradność w sprawach opiekuńczo-wychowawczych i prowadzenia gosp. dom.,2014,gmina,Jerzmanowice-Przeginia,powiat krakowski,20.26%
38,Bezradność w sprawach opiekuńczo-wychowawczych i prowadzenia gosp. dom.,2014,gmina,Kocmyrzów-Luborzyca,powiat krakowski,73.55%
38,Bezradność w sprawach opiekuńczo-wychowawczych i prowadzenia gosp. dom.,2014,gmina,Krzeszowice,powiat krakowski,31.97%
38,Bezradność w sprawach opiekuńczo-wychowawczych i prowadzenia gosp. dom.,2014,gmina,Liszki,powiat krakowski,42.37%
38,Bezradność w sprawach opiekuńczo-wychowawczych i prowadzenia gosp. dom.,2014,gmina,Michałowice,powiat krakowski,36.03%
38,Bezradność w sprawach opiekuńczo-wychowawczych i prowadzenia gosp. dom.,2014,gmina,Mogilany,powiat krakowski,12.43%
38,Bezradność w sprawach opiekuńczo-wychowawczych i prowadzenia gosp. dom.,2014,gmina,Skała,powiat krakowski,59.81%
38,Bezradność w sprawach opiekuńczo-wychowawczych i prowadzenia gosp. dom.,2014,gmina,Skawina,powiat krakowski,19.95%
38,Bezradność w sprawach opiekuńczo-wychowawczych i prowadzenia gosp. dom.,2014,gmina,Słomniki,powiat krakowski,6.77%
38,Bezradność w sprawach opiekuńczo-wychowawczych i prowadzenia gosp. dom.,2014,gmina,Sułoszowa,powiat krakowski,36.68%
38,Bezradność w sprawach opiekuńczo-wychowawczych i prowadzenia gosp. dom.,2014,gmina,Świątniki Górne,powiat krakowski,21.46%
38,Bezradność w sprawach opiekuńczo-wychowawczych i prowadzenia gosp. dom.,2014,gmina,Wielka Wieś,powiat krakowski,49.41%
38,Bezradność w sprawach opiekuńczo-wychowawczych i prowadzenia gosp. dom.,2014,gmina,Zabierzów,powiat krakowski,43.64%
38,Bezradność w sprawach opiekuńczo-wychowawczych i prowadzenia gosp. dom.,2014,gmina,Zielonki,powiat krakowski,56.19%
38,Bezradność w sprawach opiekuńczo-wychowawczych i prowadzenia gosp. dom.,2014,powiat,powiat limanowski,powiat limanowski,28.61%
38,Bezradność w sprawach opiekuńczo-wychowawczych i prowadzenia gosp. dom.,2014,gmina,Dobra,powiat limanowski,13.12%
38,Bezradność w sprawach opiekuńczo-wychowawczych i prowadzenia gosp. dom.,2014,gmina,Jodłownik,powiat limanowski,47.44%
38,Bezradność w sprawach opiekuńczo-wychowawczych i prowadzenia gosp. dom.,2014,gmina,Kamienica,powiat limanowski,57.88%
38,Bezradność w sprawach opiekuńczo-wychowawczych i prowadzenia gosp. dom.,2014,gmina,Laskowa,powiat limanowski,55.55%
38,Bezradność w sprawach opiekuńczo-wychowawczych i prowadzenia gosp. dom.,2014,gmina,Limanowa (miasto),powiat limanowski,21.46%
38,Bezradność w sprawach opiekuńczo-wychowawczych i prowadzenia gosp. dom.,2014,gmina,Limanowa (wieś),powiat limanowski,12.52%
38,Bezradność w sprawach opiekuńczo-wychowawczych i prowadzenia gosp. dom.,2014,gmina,Łukowica,powiat limanowski,1.75%
38,Bezradność w sprawach opiekuńczo-wychowawczych i prowadzenia gosp. dom.,2014,gmina,Mszana Dolna (miasto),powiat limanowski,40.34%
38,Bezradność w sprawach opiekuńczo-wychowawczych i prowadzenia gosp. dom.,2014,gmina,Mszana Dolna (wieś),powiat limanowski,70.99%
38,Bezradność w sprawach opiekuńczo-wychowawczych i prowadzenia gosp. dom.,2014,gmina,Niedźwiedź,powiat limanowski,18.69%
38,Bezradność w sprawach opiekuńczo-wychowawczych i prowadzenia gosp. dom.,2014,gmina,Słopnice,powiat limanowski,20.57%
38,Bezradność w sprawach opiekuńczo-wychowawczych i prowadzenia gosp. dom.,2014,gmina,Tymbark,powiat limanowski,7.91%
38,Bezradność w sprawach opiekuńczo-wychowawczych i prowadzenia gosp. dom.,2014,powiat,powiat m. Kraków,powiat m. Kraków,29.62%
38,Bezradność w sprawach opiekuńczo-wychowawczych i prowadzenia gosp. dom.,2014,powiat,powiat m. Nowy Sącz,powiat m. Nowy Sącz,41.36%
38,Bezradność w sprawach opiekuńczo-wychowawczych i prowadzenia gosp. dom.,2014,powiat,powiat m. Tarnów,powiat m. Tarnów,27.68%
38,Bezradność w sprawach opiekuńczo-wychowawczych i prowadzenia gosp. dom.,2014,powiat,powiat miechowski,powiat miechowski,32.48%
38,Bezradność w sprawach opiekuńczo-wychowawczych i prowadzenia gosp. dom.,2014,gmina,Charsznica,powiat miechowski,15.47%
38,Bezradność w sprawach opiekuńczo-wychowawczych i prowadzenia gosp. dom.,2014,gmina,Gołcza,powiat miechowski,31.58%
38,Bezradność w sprawach opiekuńczo-wychowawczych i prowadzenia gosp. dom.,2014,gmina,Kozłów,powiat miechowski,36.06%
38,Bezradność w sprawach opiekuńczo-wychowawczych i prowadzenia gosp. dom.,2014,gmina,Książ Wielki,powiat miechowski,51.50%
38,Bezradność w sprawach opiekuńczo-wychowawczych i prowadzenia gosp. dom.,2014,gmina,Miechów,powiat miechowski,32.35%
38,Bezradność w sprawach opiekuńczo-wychowawczych i prowadzenia gosp. dom.,2014,gmina,Racławice,powiat miechowski,30.28%
38,Bezradność w sprawach opiekuńczo-wychowawczych i prowadzenia gosp. dom.,2014,gmina,Słaboszów,powiat miechowski,41.43%
38,Bezradność w sprawach opiekuńczo-wychowawczych i prowadzenia gosp. dom.,2014,powiat,powiat myślenicki,powiat myślenicki,19.23%
38,Bezradność w sprawach opiekuńczo-wychowawczych i prowadzenia gosp. dom.,2014,gmina,Dobczyce,powiat myślenicki,10.76%
38,Bezradność w sprawach opiekuńczo-wychowawczych i prowadzenia gosp. dom.,2014,gmina,Lubień,powiat myślenicki,9.52%
38,Bezradność w sprawach opiekuńczo-wychowawczych i prowadzenia gosp. dom.,2014,gmina,Myślenice,powiat myślenicki,20.67%
38,Bezradność w sprawach opiekuńczo-wychowawczych i prowadzenia gosp. dom.,2014,gmina,Pcim,powiat myślenicki,33.29%
38,Bezradność w sprawach opiekuńczo-wychowawczych i prowadzenia gosp. dom.,2014,gmina,Raciechowice,powiat myślenicki,28.96%
38,Bezradność w sprawach opiekuńczo-wychowawczych i prowadzenia gosp. dom.,2014,gmina,Siepraw,powiat myślenicki,32.64%
38,Bezradność w sprawach opiekuńczo-wychowawczych i prowadzenia gosp. dom.,2014,gmina,Sułkowice,powiat myślenicki,28.12%
38,Bezradność w sprawach opiekuńczo-wychowawczych i prowadzenia gosp. dom.,2014,gmina,Tokarnia,powiat myślenicki,5.14%
38,Bezradność w sprawach opiekuńczo-wychowawczych i prowadzenia gosp. dom.,2014,gmina,Wiśniowa,powiat myślenicki,5.61%
38,Bezradność w sprawach opiekuńczo-wychowawczych i prowadzenia gosp. dom.,2014,powiat,powiat nowosądecki,powiat nowosądecki,30.51%
38,Bezradność w sprawach opiekuńczo-wychowawczych i prowadzenia gosp. dom.,2014,gmina,Podegrodzie,powiat nowosądecki,19.83%
38,Bezradność w sprawach opiekuńczo-wychowawczych i prowadzenia gosp. dom.,2014,gmina,Rytro,powiat nowosądecki,35.48%
38,Bezradność w sprawach opiekuńczo-wychowawczych i prowadzenia gosp. dom.,2014,gmina,Stary Sącz,powiat nowosądecki,12.02%
38,Bezradność w sprawach opiekuńczo-wychowawczych i prowadzenia gosp. dom.,2014,gmina,Chełmiec,powiat nowosądecki,48.49%
38,Bezradność w sprawach opiekuńczo-wychowawczych i prowadzenia gosp. dom.,2014,gmina,Gródek nad Dunajcem,powiat nowosądecki,14.06%
38,Bezradność w sprawach opiekuńczo-wychowawczych i prowadzenia gosp. dom.,2014,gmina,Grybów (miasto),powiat nowosądecki,9.42%
38,Bezradność w sprawach opiekuńczo-wychowawczych i prowadzenia gosp. dom.,2014,gmina,Grybów (wieś),powiat nowosądecki,23.13%
38,Bezradność w sprawach opiekuńczo-wychowawczych i prowadzenia gosp. dom.,2014,gmina,Kamionka Wielka,powiat nowosądecki,41.59%
38,Bezradność w sprawach opiekuńczo-wychowawczych i prowadzenia gosp. dom.,2014,gmina,Korzenna,powiat nowosądecki,49.75%
38,Bezradność w sprawach opiekuńczo-wychowawczych i prowadzenia gosp. dom.,2014,gmina,Krynica-Zdrój,powiat nowosądecki,17.19%
38,Bezradność w sprawach opiekuńczo-wychowawczych i prowadzenia gosp. dom.,2014,gmina,Łabowa,powiat nowosądecki,5.33%
38,Bezradność w sprawach opiekuńczo-wychowawczych i prowadzenia gosp. dom.,2014,gmina,Łącko,powiat nowosądecki,9.83%
38,Bezradność w sprawach opiekuńczo-wychowawczych i prowadzenia gosp. dom.,2014,gmina,Łososina Dolna,powiat nowosądecki,46.44%
38,Bezradność w sprawach opiekuńczo-wychowawczych i prowadzenia gosp. dom.,2014,gmina,Muszyna,powiat nowosądecki,7.66%
38,Bezradność w sprawach opiekuńczo-wychowawczych i prowadzenia gosp. dom.,2014,gmina,Nawojowa,powiat nowosądecki,13.45%
38,Bezradność w sprawach opiekuńczo-wychowawczych i prowadzenia gosp. dom.,2014,gmina,Piwniczna-Zdrój,powiat nowosądecki,71.17%
38,Bezradność w sprawach opiekuńczo-wychowawczych i prowadzenia gosp. dom.,2014,powiat,powiat nowotarski,powiat nowotarski,35.98%
38,Bezradność w sprawach opiekuńczo-wychowawczych i prowadzenia gosp. dom.,2014,gmina,Czarny Dunajec,powiat nowotarski,11.79%
38,Bezradność w sprawach opiekuńczo-wychowawczych i prowadzenia gosp. dom.,2014,gmina,Czorsztyn,powiat nowotarski,35.19%
38,Bezradność w sprawach opiekuńczo-wychowawczych i prowadzenia gosp. dom.,2014,gmina,Jabłonka,powiat nowotarski,51.86%
38,Bezradność w sprawach opiekuńczo-wychowawczych i prowadzenia gosp. dom.,2014,gmina,Krościenko nad Dunajcem,powiat nowotarski,20.84%
38,Bezradność w sprawach opiekuńczo-wychowawczych i prowadzenia gosp. dom.,2014,gmina,Lipnica Wielka,powiat nowotarski,69.14%
38,Bezradność w sprawach opiekuńczo-wychowawczych i prowadzenia gosp. dom.,2014,gmina,Łapsze Niżne,powiat nowotarski,14.01%
38,Bezradność w sprawach opiekuńczo-wychowawczych i prowadzenia gosp. dom.,2014,gmina,Nowy Targ (miasto),powiat nowotarski,22.88%
38,Bezradność w sprawach opiekuńczo-wychowawczych i prowadzenia gosp. dom.,2014,gmina,Nowy Targ (wieś),powiat nowotarski,65.52%
38,Bezradność w sprawach opiekuńczo-wychowawczych i prowadzenia gosp. dom.,2014,gmina,Ochotnica Dolna,powiat nowotarski,51.56%
38,Bezradność w sprawach opiekuńczo-wychowawczych i prowadzenia gosp. dom.,2014,gmina,Raba Wyżna,powiat nowotarski,7.41%
38,Bezradność w sprawach opiekuńczo-wychowawczych i prowadzenia gosp. dom.,2014,gmina,Rabka-Zdrój,powiat nowotarski,63.15%
38,Bezradność w sprawach opiekuńczo-wychowawczych i prowadzenia gosp. dom.,2014,gmina,Spytkowice,powiat nowotarski,23.32%
38,Bezradność w sprawach opiekuńczo-wychowawczych i prowadzenia gosp. dom.,2014,gmina,Szaflary,powiat nowotarski,30.14%
38,Bezradność w sprawach opiekuńczo-wychowawczych i prowadzenia gosp. dom.,2014,gmina,Szczawnica,powiat nowotarski,45.36%
38,Bezradność w sprawach opiekuńczo-wychowawczych i prowadzenia gosp. dom.,2014,powiat,powiat olkuski,powiat olkuski,34.25%
38,Bezradność w sprawach opiekuńczo-wychowawczych i prowadzenia gosp. dom.,2014,gmina,Bolesław,powiat olkuski,37.50%
38,Bezradność w sprawach opiekuńczo-wychowawczych i prowadzenia gosp. dom.,2014,gmina,Bukowno,powiat olkuski,43.69%
38,Bezradność w sprawach opiekuńczo-wychowawczych i prowadzenia gosp. dom.,2014,gmina,Klucze,powiat olkuski,7.79%
38,Bezradność w sprawach opiekuńczo-wychowawczych i prowadzenia gosp. dom.,2014,gmina,Olkusz,powiat olkuski,30.53%
38,Bezradność w sprawach opiekuńczo-wychowawczych i prowadzenia gosp. dom.,2014,gmina,Trzyciąż,powiat olkuski,20.72%
38,Bezradność w sprawach opiekuńczo-wychowawczych i prowadzenia gosp. dom.,2014,gmina,Wolbrom,powiat olkuski,63.47%
38,Bezradność w sprawach opiekuńczo-wychowawczych i prowadzenia gosp. dom.,2014,powiat,powiat oświęcimski,powiat oświęcimski,41.34%
38,Bezradność w sprawach opiekuńczo-wychowawczych i prowadzenia gosp. dom.,2014,gmina,Brzeszcze,powiat oświęcimski,61.77%
38,Bezradność w sprawach opiekuńczo-wychowawczych i prowadzenia gosp. dom.,2014,gmina,Chełmek,powiat oświęcimski,28.97%
38,Bezradność w sprawach opiekuńczo-wychowawczych i prowadzenia gosp. dom.,2014,gmina,Kęty,powiat oświęcimski,39.81%
38,Bezradność w sprawach opiekuńczo-wychowawczych i prowadzenia gosp. dom.,2014,gmina,Osiek,powiat oświęcimski,35.93%
38,Bezradność w sprawach opiekuńczo-wychowawczych i prowadzenia gosp. dom.,2014,gmina,Oświęcim (miasto),powiat oświęcimski,42.53%
38,Bezradność w sprawach opiekuńczo-wychowawczych i prowadzenia gosp. dom.,2014,gmina,Oświęcim (wieś),powiat oświęcimski,50.75%
38,Bezradność w sprawach opiekuńczo-wychowawczych i prowadzenia gosp. dom.,2014,gmina,Polanka Wielka,powiat oświęcimski,74.71%
38,Bezradność w sprawach opiekuńczo-wychowawczych i prowadzenia gosp. dom.,2014,gmina,Przeciszów,powiat oświęcimski,24.83%
38,Bezradność w sprawach opiekuńczo-wychowawczych i prowadzenia gosp. dom.,2014,gmina,Zator,powiat oświęcimski,15.31%
38,Bezradność w sprawach opiekuńczo-wychowawczych i prowadzenia gosp. dom.,2014,powiat,powiat proszowicki,powiat proszowicki,19.00%
38,Bezradność w sprawach opiekuńczo-wychowawczych i prowadzenia gosp. dom.,2014,gmina,Koniusza,powiat proszowicki,22.76%
38,Bezradność w sprawach opiekuńczo-wychowawczych i prowadzenia gosp. dom.,2014,gmina,Koszyce,powiat proszowicki,2.77%
38,Bezradność w sprawach opiekuńczo-wychowawczych i prowadzenia gosp. dom.,2014,gmina,Nowe Brzesko,powiat proszowicki,34.07%
38,Bezradność w sprawach opiekuńczo-wychowawczych i prowadzenia gosp. dom.,2014,gmina,Pałecznica,powiat proszowicki,7.51%
38,Bezradność w sprawach opiekuńczo-wychowawczych i prowadzenia gosp. dom.,2014,gmina,Proszowice,powiat proszowicki,20.97%
38,Bezradność w sprawach opiekuńczo-wychowawczych i prowadzenia gosp. dom.,2014,gmina,Radziemice,powiat proszowicki,32.33%
38,Bezradność w sprawach opiekuńczo-wychowawczych i prowadzenia gosp. dom.,2014,powiat,powiat suski,powiat suski,23.04%
38,Bezradność w sprawach opiekuńczo-wychowawczych i prowadzenia gosp. dom.,2014,gmina,Budzów,powiat suski,0.00%
38,Bezradność w sprawach opiekuńczo-wychowawczych i prowadzenia gosp. dom.,2014,gmina,Bystra-Sidzina,powiat suski,18.18%
38,Bezradność w sprawach opiekuńczo-wychowawczych i prowadzenia gosp. dom.,2014,gmina,Jordanów (miasto),powiat suski,86.05%
38,Bezradność w sprawach opiekuńczo-wychowawczych i prowadzenia gosp. dom.,2014,gmina,Jordanów (wieś),powiat suski,14.48%
38,Bezradność w sprawach opiekuńczo-wychowawczych i prowadzenia gosp. dom.,2014,gmina,Maków Podhalański,powiat suski,23.52%
38,Bezradność w sprawach opiekuńczo-wychowawczych i prowadzenia gosp. dom.,2014,gmina,Stryszawa,powiat suski,25.48%
38,Bezradność w sprawach opiekuńczo-wychowawczych i prowadzenia gosp. dom.,2014,gmina,Sucha Beskidzka,powiat suski,34.39%
38,Bezradność w sprawach opiekuńczo-wychowawczych i prowadzenia gosp. dom.,2014,gmina,Zawoja,powiat suski,13.43%
38,Bezradność w sprawach opiekuńczo-wychowawczych i prowadzenia gosp. dom.,2014,gmina,Zembrzyce,powiat suski,41.08%
38,Bezradność w sprawach opiekuńczo-wychowawczych i prowadzenia gosp. dom.,2014,powiat,powiat tarnowski,powiat tarnowski,31.19%
38,Bezradność w sprawach opiekuńczo-wychowawczych i prowadzenia gosp. dom.,2014,gmina,Ciężkowice,powiat tarnowski,60.00%
38,Bezradność w sprawach opiekuńczo-wychowawczych i prowadzenia gosp. dom.,2014,gmina,Gromnik,powiat tarnowski,58.18%
38,Bezradność w sprawach opiekuńczo-wychowawczych i prowadzenia gosp. dom.,2014,gmina,Lisia Góra,powiat tarnowski,22.82%
38,Bezradność w sprawach opiekuńczo-wychowawczych i prowadzenia gosp. dom.,2014,gmina,Pleśna,powiat tarnowski,35.01%
38,Bezradność w sprawach opiekuńczo-wychowawczych i prowadzenia gosp. dom.,2014,gmina,Radłów,powiat tarnowski,19.47%
38,Bezradność w sprawach opiekuńczo-wychowawczych i prowadzenia gosp. dom.,2014,gmina,Ryglice,powiat tarnowski,30.29%
38,Bezradność w sprawach opiekuńczo-wychowawczych i prowadzenia gosp. dom.,2014,gmina,Rzepiennik Strzyżewski,powiat tarnowski,5.24%
38,Bezradność w sprawach opiekuńczo-wychowawczych i prowadzenia gosp. dom.,2014,gmina,Skrzyszów,powiat tarnowski,39.95%
38,Bezradność w sprawach opiekuńczo-wychowawczych i prowadzenia gosp. dom.,2014,gmina,Szerzyny,powiat tarnowski,47.63%
38,Bezradność w sprawach opiekuńczo-wychowawczych i prowadzenia gosp. dom.,2014,gmina,Tarnów (wieś),powiat tarnowski,14.94%
38,Bezradność w sprawach opiekuńczo-wychowawczych i prowadzenia gosp. dom.,2014,gmina,Tuchów,powiat tarnowski,30.37%
38,Bezradność w sprawach opiekuńczo-wychowawczych i prowadzenia gosp. dom.,2014,gmina,Wierzchosławice,powiat tarnowski,32.30%
38,Bezradność w sprawach opiekuńczo-wychowawczych i prowadzenia gosp. dom.,2014,gmina,Wietrzychowice,powiat tarnowski,49.49%
38,Bezradność w sprawach opiekuńczo-wychowawczych i prowadzenia gosp. dom.,2014,gmina,Wojnicz,powiat tarnowski,47.62%
38,Bezradność w sprawach opiekuńczo-wychowawczych i prowadzenia gosp. dom.,2014,gmina,Zakliczyn,powiat tarnowski,20.26%
38,Bezradność w sprawach opiekuńczo-wychowawczych i prowadzenia gosp. dom.,2014,gmina,Żabno,powiat tarnowski,15.43%
38,Bezradność w sprawach opiekuńczo-wychowawczych i prowadzenia gosp. dom.,2014,powiat,powiat tatrzański,powiat tatrzański,34.70%
38,Bezradność w sprawach opiekuńczo-wychowawczych i prowadzenia gosp. dom.,2014,gmina,Biały Dunajec,powiat tatrzański,17.01%
38,Bezradność w sprawach opiekuńczo-wychowawczych i prowadzenia gosp. dom.,2014,gmina,Bukowina Tatrzańska,powiat tatrzański,32.35%
38,Bezradność w sprawach opiekuńczo-wychowawczych i prowadzenia gosp. dom.,2014,gmina,Kościelisko,powiat tatrzański,55.89%
38,Bezradność w sprawach opiekuńczo-wychowawczych i prowadzenia gosp. dom.,2014,gmina,Poronin,powiat tatrzański,48.86%
38,Bezradność w sprawach opiekuńczo-wychowawczych i prowadzenia gosp. dom.,2014,gmina,Zakopane,powiat tatrzański,28.34%
38,Bezradność w sprawach opiekuńczo-wychowawczych i prowadzenia gosp. dom.,2014,powiat,powiat wadowicki,powiat wadowicki,35.60%
38,Bezradność w sprawach opiekuńczo-wychowawczych i prowadzenia gosp. dom.,2014,gmina,Andrychów,powiat wadowicki,25.64%
38,Bezradność w sprawach opiekuńczo-wychowawczych i prowadzenia gosp. dom.,2014,gmina,Brzeźnica,powiat wadowicki,49.06%
38,Bezradność w sprawach opiekuńczo-wychowawczych i prowadzenia gosp. dom.,2014,gmina,Kalwaria Zebrzydowska,powiat wadowicki,65.44%
38,Bezradność w sprawach opiekuńczo-wychowawczych i prowadzenia gosp. dom.,2014,gmina,Lanckorona,powiat wadowicki,40.49%
38,Bezradność w sprawach opiekuńczo-wychowawczych i prowadzenia gosp. dom.,2014,gmina,Mucharz,powiat wadowicki,14.11%
38,Bezradność w sprawach opiekuńczo-wychowawczych i prowadzenia gosp. dom.,2014,gmina,Spytkowice,powiat wadowicki,26.39%
38,Bezradność w sprawach opiekuńczo-wychowawczych i prowadzenia gosp. dom.,2014,gmina,Stryszów,powiat wadowicki,20.93%
38,Bezradność w sprawach opiekuńczo-wychowawczych i prowadzenia gosp. dom.,2014,gmina,Tomice,powiat wadowicki,50.00%
38,Bezradność w sprawach opiekuńczo-wychowawczych i prowadzenia gosp. dom.,2014,gmina,Wadowice,powiat wadowicki,33.15%
38,Bezradność w sprawach opiekuńczo-wychowawczych i prowadzenia gosp. dom.,2014,gmina,Wieprz,powiat wadowicki,11.54%
38,Bezradność w sprawach opiekuńczo-wychowawczych i prowadzenia gosp. dom.,2014,powiat,powiat wielicki,powiat wielicki,19.98%
38,Bezradność w sprawach opiekuńczo-wychowawczych i prowadzenia gosp. dom.,2014,gmina,Biskupice,powiat wielicki,36.53%
38,Bezradność w sprawach opiekuńczo-wychowawczych i prowadzenia gosp. dom.,2014,gmina,Gdów,powiat wielicki,12.12%
38,Bezradność w sprawach opiekuńczo-wychowawczych i prowadzenia gosp. dom.,2014,gmina,Kłaj,powiat wielicki,34.31%
38,Bezradność w sprawach opiekuńczo-wychowawczych i prowadzenia gosp. dom.,2014,gmina,Niepołomice,powiat wielicki,29.09%
38,Bezradność w sprawach opiekuńczo-wychowawczych i prowadzenia gosp. dom.,2014,gmina,Wieliczka,powiat wielicki,12.01%
38,Bezradność w sprawach opiekuńczo-wychowawczych i prowadzenia gosp. dom.,2013,powiat,powiat bocheński,powiat bocheński,32.40%
38,Bezradność w sprawach opiekuńczo-wychowawczych i prowadzenia gosp. dom.,2013,gmina,Bochnia (miasto),powiat bocheński,52.98%
38,Bezradność w sprawach opiekuńczo-wychowawczych i prowadzenia gosp. dom.,2013,gmina,Bochnia (wieś),powiat bocheński,8.78%
38,Bezradność w sprawach opiekuńczo-wychowawczych i prowadzenia gosp. dom.,2013,gmina,Drwinia,powiat bocheński,15.99%
38,Bezradność w sprawach opiekuńczo-wychowawczych i prowadzenia gosp. dom.,2013,gmina,Lipnica Murowana,powiat bocheński,28.60%
38,Bezradność w sprawach opiekuńczo-wychowawczych i prowadzenia gosp. dom.,2013,gmina,Łapanów,powiat bocheński,26.89%
38,Bezradność w sprawach opiekuńczo-wychowawczych i prowadzenia gosp. dom.,2013,gmina,Nowy Wiśnicz,powiat bocheński,61.90%
38,Bezradność w sprawach opiekuńczo-wychowawczych i prowadzenia gosp. dom.,2013,gmina,Rzezawa,powiat bocheński,25.46%
38,Bezradność w sprawach opiekuńczo-wychowawczych i prowadzenia gosp. dom.,2013,gmina,Trzciana,powiat bocheński,27.08%
38,Bezradność w sprawach opiekuńczo-wychowawczych i prowadzenia gosp. dom.,2013,gmina,Żegocina,powiat bocheński,64.66%
38,Bezradność w sprawach opiekuńczo-wychowawczych i prowadzenia gosp. dom.,2013,powiat,powiat brzeski,powiat brzeski,35.99%
38,Bezradność w sprawach opiekuńczo-wychowawczych i prowadzenia gosp. dom.,2013,gmina,Borzęcin,powiat brzeski,26.55%
38,Bezradność w sprawach opiekuńczo-wychowawczych i prowadzenia gosp. dom.,2013,gmina,Brzesko,powiat brzeski,43.23%
38,Bezradność w sprawach opiekuńczo-wychowawczych i prowadzenia gosp. dom.,2013,gmina,Czchów,powiat brzeski,41.74%
38,Bezradność w sprawach opiekuńczo-wychowawczych i prowadzenia gosp. dom.,2013,gmina,Dębno,powiat brzeski,19.32%
38,Bezradność w sprawach opiekuńczo-wychowawczych i prowadzenia gosp. dom.,2013,gmina,Gnojnik,powiat brzeski,32.90%
38,Bezradność w sprawach opiekuńczo-wychowawczych i prowadzenia gosp. dom.,2013,gmina,Iwkowa,powiat brzeski,48.67%
38,Bezradność w sprawach opiekuńczo-wychowawczych i prowadzenia gosp. dom.,2013,gmina,Szczurowa,powiat brzeski,18.93%
38,Bezradność w sprawach opiekuńczo-wychowawczych i prowadzenia gosp. dom.,2013,powiat,powiat chrzanowski,powiat chrzanowski,50.07%
38,Bezradność w sprawach opiekuńczo-wychowawczych i prowadzenia gosp. dom.,2013,gmina,Alwernia,powiat chrzanowski,23.94%
38,Bezradność w sprawach opiekuńczo-wychowawczych i prowadzenia gosp. dom.,2013,gmina,Babice,powiat chrzanowski,26.29%
38,Bezradność w sprawach opiekuńczo-wychowawczych i prowadzenia gosp. dom.,2013,gmina,Chrzanów,powiat chrzanowski,55.00%
38,Bezradność w sprawach opiekuńczo-wychowawczych i prowadzenia gosp. dom.,2013,gmina,Libiąż,powiat chrzanowski,50.24%
38,Bezradność w sprawach opiekuńczo-wychowawczych i prowadzenia gosp. dom.,2013,gmina,Trzebinia,powiat chrzanowski,54.52%
38,Bezradność w sprawach opiekuńczo-wychowawczych i prowadzenia gosp. dom.,2013,powiat,powiat dąbrowski,powiat dąbrowski,31.14%
38,Bezradność w sprawach opiekuńczo-wychowawczych i prowadzenia gosp. dom.,2013,gmina,Bolesław,powiat dąbrowski,71.40%
38,Bezradność w sprawach opiekuńczo-wychowawczych i prowadzenia gosp. dom.,2013,gmina,Dąbrowa Tarnowska,powiat dąbrowski,24.20%
38,Bezradność w sprawach opiekuńczo-wychowawczych i prowadzenia gosp. dom.,2013,gmina,Gręboszów,powiat dąbrowski,45.19%
38,Bezradność w sprawach opiekuńczo-wychowawczych i prowadzenia gosp. dom.,2013,gmina,Mędrzechów,powiat dąbrowski,33.20%
38,Bezradność w sprawach opiekuńczo-wychowawczych i prowadzenia gosp. dom.,2013,gmina,Olesno,powiat dąbrowski,52.82%
38,Bezradność w sprawach opiekuńczo-wychowawczych i prowadzenia gosp. dom.,2013,gmina,Radgoszcz,powiat dąbrowski,8.18%
38,Bezradność w sprawach opiekuńczo-wychowawczych i prowadzenia gosp. dom.,2013,gmina,Szczucin,powiat dąbrowski,41.44%
38,Bezradność w sprawach opiekuńczo-wychowawczych i prowadzenia gosp. dom.,2013,powiat,powiat gorlicki,powiat gorlicki,17.60%
38,Bezradność w sprawach opiekuńczo-wychowawczych i prowadzenia gosp. dom.,2013,gmina,Biecz,powiat gorlicki,24.76%
38,Bezradność w sprawach opiekuńczo-wychowawczych i prowadzenia gosp. dom.,2013,gmina,Bobowa,powiat gorlicki,5.86%
38,Bezradność w sprawach opiekuńczo-wychowawczych i prowadzenia gosp. dom.,2013,gmina,Gorlice (miasto),powiat gorlicki,30.77%
38,Bezradność w sprawach opiekuńczo-wychowawczych i prowadzenia gosp. dom.,2013,gmina,Gorlice (wieś),powiat gorlicki,14.24%
38,Bezradność w sprawach opiekuńczo-wychowawczych i prowadzenia gosp. dom.,2013,gmina,Lipinki,powiat gorlicki,30.25%
38,Bezradność w sprawach opiekuńczo-wychowawczych i prowadzenia gosp. dom.,2013,gmina,Łużna,powiat gorlicki,13.81%
38,Bezradność w sprawach opiekuńczo-wychowawczych i prowadzenia gosp. dom.,2013,gmina,Moszczenica,powiat gorlicki,7.57%
38,Bezradność w sprawach opiekuńczo-wychowawczych i prowadzenia gosp. dom.,2013,gmina,Ropa,powiat gorlicki,13.06%
38,Bezradność w sprawach opiekuńczo-wychowawczych i prowadzenia gosp. dom.,2013,gmina,Sękowa,powiat gorlicki,6.61%
38,Bezradność w sprawach opiekuńczo-wychowawczych i prowadzenia gosp. dom.,2013,gmina,Uście Gorlickie,powiat gorlicki,23.57%
38,Bezradność w sprawach opiekuńczo-wychowawczych i prowadzenia gosp. dom.,2013,powiat,powiat krakowski,powiat krakowski,34.56%
38,Bezradność w sprawach opiekuńczo-wychowawczych i prowadzenia gosp. dom.,2013,gmina,Czernichów,powiat krakowski,8.42%
38,Bezradność w sprawach opiekuńczo-wychowawczych i prowadzenia gosp. dom.,2013,gmina,Igołomia-Wawrzeńczyce,powiat krakowski,52.52%
38,Bezradność w sprawach opiekuńczo-wychowawczych i prowadzenia gosp. dom.,2013,gmina,Iwanowice,powiat krakowski,49.88%
38,Bezradność w sprawach opiekuńczo-wychowawczych i prowadzenia gosp. dom.,2013,gmina,Jerzmanowice-Przeginia,powiat krakowski,47.37%
38,Bezradność w sprawach opiekuńczo-wychowawczych i prowadzenia gosp. dom.,2013,gmina,Kocmyrzów-Luborzyca,powiat krakowski,69.51%
38,Bezradność w sprawach opiekuńczo-wychowawczych i prowadzenia gosp. dom.,2013,gmina,Krzeszowice,powiat krakowski,29.69%
38,Bezradność w sprawach opiekuńczo-wychowawczych i prowadzenia gosp. dom.,2013,gmina,Liszki,powiat krakowski,48.31%
38,Bezradność w sprawach opiekuńczo-wychowawczych i prowadzenia gosp. dom.,2013,gmina,Michałowice,powiat krakowski,44.54%
38,Bezradność w sprawach opiekuńczo-wychowawczych i prowadzenia gosp. dom.,2013,gmina,Mogilany,powiat krakowski,10.70%
38,Bezradność w sprawach opiekuńczo-wychowawczych i prowadzenia gosp. dom.,2013,gmina,Skała,powiat krakowski,58.61%
38,Bezradność w sprawach opiekuńczo-wychowawczych i prowadzenia gosp. dom.,2013,gmina,Skawina,powiat krakowski,18.56%
38,Bezradność w sprawach opiekuńczo-wychowawczych i prowadzenia gosp. dom.,2013,gmina,Słomniki,powiat krakowski,9.28%
38,Bezradność w sprawach opiekuńczo-wychowawczych i prowadzenia gosp. dom.,2013,gmina,Sułoszowa,powiat krakowski,45.13%
38,Bezradność w sprawach opiekuńczo-wychowawczych i prowadzenia gosp. dom.,2013,gmina,Świątniki Górne,powiat krakowski,20.43%
38,Bezradność w sprawach opiekuńczo-wychowawczych i prowadzenia gosp. dom.,2013,gmina,Wielka Wieś,powiat krakowski,49.91%
38,Bezradność w sprawach opiekuńczo-wychowawczych i prowadzenia gosp. dom.,2013,gmina,Zabierzów,powiat krakowski,48.51%
38,Bezradność w sprawach opiekuńczo-wychowawczych i prowadzenia gosp. dom.,2013,gmina,Zielonki,powiat krakowski,48.92%
38,Bezradność w sprawach opiekuńczo-wychowawczych i prowadzenia gosp. dom.,2013,powiat,powiat limanowski,powiat limanowski,30.73%
38,Bezradność w sprawach opiekuńczo-wychowawczych i prowadzenia gosp. dom.,2013,gmina,Dobra,powiat limanowski,14.18%
38,Bezradność w sprawach opiekuńczo-wychowawczych i prowadzenia gosp. dom.,2013,gmina,Jodłownik,powiat limanowski,47.12%
38,Bezradność w sprawach opiekuńczo-wychowawczych i prowadzenia gosp. dom.,2013,gmina,Kamienica,powiat limanowski,58.74%
38,Bezradność w sprawach opiekuńczo-wychowawczych i prowadzenia gosp. dom.,2013,gmina,Laskowa,powiat limanowski,57.70%
38,Bezradność w sprawach opiekuńczo-wychowawczych i prowadzenia gosp. dom.,2013,gmina,Limanowa (miasto),powiat limanowski,21.39%
38,Bezradność w sprawach opiekuńczo-wychowawczych i prowadzenia gosp. dom.,2013,gmina,Limanowa (wieś),powiat limanowski,15.41%
38,Bezradność w sprawach opiekuńczo-wychowawczych i prowadzenia gosp. dom.,2013,gmina,Łukowica,powiat limanowski,2.30%
38,Bezradność w sprawach opiekuńczo-wychowawczych i prowadzenia gosp. dom.,2013,gmina,Mszana Dolna (miasto),powiat limanowski,43.19%
38,Bezradność w sprawach opiekuńczo-wychowawczych i prowadzenia gosp. dom.,2013,gmina,Mszana Dolna (wieś),powiat limanowski,73.33%
38,Bezradność w sprawach opiekuńczo-wychowawczych i prowadzenia gosp. dom.,2013,gmina,Niedźwiedź,powiat limanowski,26.25%
38,Bezradność w sprawach opiekuńczo-wychowawczych i prowadzenia gosp. dom.,2013,gmina,Słopnice,powiat limanowski,23.10%
38,Bezradność w sprawach opiekuńczo-wychowawczych i prowadzenia gosp. dom.,2013,gmina,Tymbark,powiat limanowski,8.25%
38,Bezradność w sprawach opiekuńczo-wychowawczych i prowadzenia gosp. dom.,2013,powiat,powiat m. Kraków,powiat m. Kraków,30.15%
38,Bezradność w sprawach opiekuńczo-wychowawczych i prowadzenia gosp. dom.,2013,powiat,powiat m. Nowy Sącz,powiat m. Nowy Sącz,45.89%
38,Bezradność w sprawach opiekuńczo-wychowawczych i prowadzenia gosp. dom.,2013,powiat,powiat m. Tarnów,powiat m. Tarnów,29.14%
38,Bezradność w sprawach opiekuńczo-wychowawczych i prowadzenia gosp. dom.,2013,powiat,powiat miechowski,powiat miechowski,30.45%
38,Bezradność w sprawach opiekuńczo-wychowawczych i prowadzenia gosp. dom.,2013,gmina,Charsznica,powiat miechowski,11.42%
38,Bezradność w sprawach opiekuńczo-wychowawczych i prowadzenia gosp. dom.,2013,gmina,Gołcza,powiat miechowski,33.61%
38,Bezradność w sprawach opiekuńczo-wychowawczych i prowadzenia gosp. dom.,2013,gmina,Kozłów,powiat miechowski,24.76%
38,Bezradność w sprawach opiekuńczo-wychowawczych i prowadzenia gosp. dom.,2013,gmina,Książ Wielki,powiat miechowski,46.65%
38,Bezradność w sprawach opiekuńczo-wychowawczych i prowadzenia gosp. dom.,2013,gmina,Miechów,powiat miechowski,30.55%
38,Bezradność w sprawach opiekuńczo-wychowawczych i prowadzenia gosp. dom.,2013,gmina,Racławice,powiat miechowski,27.10%
38,Bezradność w sprawach opiekuńczo-wychowawczych i prowadzenia gosp. dom.,2013,gmina,Słaboszów,powiat miechowski,55.49%
38,Bezradność w sprawach opiekuńczo-wychowawczych i prowadzenia gosp. dom.,2013,powiat,powiat myślenicki,powiat myślenicki,21.36%
38,Bezradność w sprawach opiekuńczo-wychowawczych i prowadzenia gosp. dom.,2013,gmina,Dobczyce,powiat myślenicki,11.42%
38,Bezradność w sprawach opiekuńczo-wychowawczych i prowadzenia gosp. dom.,2013,gmina,Lubień,powiat myślenicki,8.46%
38,Bezradność w sprawach opiekuńczo-wychowawczych i prowadzenia gosp. dom.,2013,gmina,Myślenice,powiat myślenicki,26.35%
38,Bezradność w sprawach opiekuńczo-wychowawczych i prowadzenia gosp. dom.,2013,gmina,Pcim,powiat myślenicki,35.21%
38,Bezradność w sprawach opiekuńczo-wychowawczych i prowadzenia gosp. dom.,2013,gmina,Raciechowice,powiat myślenicki,33.57%
38,Bezradność w sprawach opiekuńczo-wychowawczych i prowadzenia gosp. dom.,2013,gmina,Siepraw,powiat myślenicki,30.40%
38,Bezradność w sprawach opiekuńczo-wychowawczych i prowadzenia gosp. dom.,2013,gmina,Sułkowice,powiat myślenicki,28.06%
38,Bezradność w sprawach opiekuńczo-wychowawczych i prowadzenia gosp. dom.,2013,gmina,Tokarnia,powiat myślenicki,5.77%
38,Bezradność w sprawach opiekuńczo-wychowawczych i prowadzenia gosp. dom.,2013,gmina,Wiśniowa,powiat myślenicki,6.17%
38,Bezradność w sprawach opiekuńczo-wychowawczych i prowadzenia gosp. dom.,2013,powiat,powiat nowosądecki,powiat nowosądecki,29.36%
38,Bezradność w sprawach opiekuńczo-wychowawczych i prowadzenia gosp. dom.,2013,gmina,Podegrodzie,powiat nowosądecki,16.72%
38,Bezradność w sprawach opiekuńczo-wychowawczych i prowadzenia gosp. dom.,2013,gmina,Rytro,powiat nowosądecki,40.72%
38,Bezradność w sprawach opiekuńczo-wychowawczych i prowadzenia gosp. dom.,2013,gmina,Stary Sącz,powiat nowosądecki,14.66%
38,Bezradność w sprawach opiekuńczo-wychowawczych i prowadzenia gosp. dom.,2013,gmina,Chełmiec,powiat nowosądecki,47.23%
38,Bezradność w sprawach opiekuńczo-wychowawczych i prowadzenia gosp. dom.,2013,gmina,Gródek nad Dunajcem,powiat nowosądecki,18.27%
38,Bezradność w sprawach opiekuńczo-wychowawczych i prowadzenia gosp. dom.,2013,gmina,Grybów (miasto),powiat nowosądecki,16.61%
38,Bezradność w sprawach opiekuńczo-wychowawczych i prowadzenia gosp. dom.,2013,gmina,Grybów (wieś),powiat nowosądecki,23.28%
38,Bezradność w sprawach opiekuńczo-wychowawczych i prowadzenia gosp. dom.,2013,gmina,Kamionka Wielka,powiat nowosądecki,37.25%
38,Bezradność w sprawach opiekuńczo-wychowawczych i prowadzenia gosp. dom.,2013,gmina,Korzenna,powiat nowosądecki,52.81%
38,Bezradność w sprawach opiekuńczo-wychowawczych i prowadzenia gosp. dom.,2013,gmina,Krynica-Zdrój,powiat nowosądecki,14.31%
38,Bezradność w sprawach opiekuńczo-wychowawczych i prowadzenia gosp. dom.,2013,gmina,Łabowa,powiat nowosądecki,7.89%
38,Bezradność w sprawach opiekuńczo-wychowawczych i prowadzenia gosp. dom.,2013,gmina,Łącko,powiat nowosądecki,10.49%
38,Bezradność w sprawach opiekuńczo-wychowawczych i prowadzenia gosp. dom.,2013,gmina,Łososina Dolna,powiat nowosądecki,30.41%
38,Bezradność w sprawach opiekuńczo-wychowawczych i prowadzenia gosp. dom.,2013,gmina,Muszyna,powiat nowosądecki,4.95%
38,Bezradność w sprawach opiekuńczo-wychowawczych i prowadzenia gosp. dom.,2013,gmina,Nawojowa,powiat nowosądecki,14.36%
38,Bezradność w sprawach opiekuńczo-wychowawczych i prowadzenia gosp. dom.,2013,gmina,Piwniczna-Zdrój,powiat nowosądecki,62.30%
38,Bezradność w sprawach opiekuńczo-wychowawczych i prowadzenia gosp. dom.,2013,powiat,powiat nowotarski,powiat nowotarski,41.03%
38,Bezradność w sprawach opiekuńczo-wychowawczych i prowadzenia gosp. dom.,2013,gmina,Czarny Dunajec,powiat nowotarski,14.79%
38,Bezradność w sprawach opiekuńczo-wychowawczych i prowadzenia gosp. dom.,2013,gmina,Czorsztyn,powiat nowotarski,26.32%
38,Bezradność w sprawach opiekuńczo-wychowawczych i prowadzenia gosp. dom.,2013,gmina,Jabłonka,powiat nowotarski,60.19%
38,Bezradność w sprawach opiekuńczo-wychowawczych i prowadzenia gosp. dom.,2013,gmina,Krościenko nad Dunajcem,powiat nowotarski,31.66%
38,Bezradność w sprawach opiekuńczo-wychowawczych i prowadzenia gosp. dom.,2013,gmina,Lipnica Wielka,powiat nowotarski,83.94%
38,Bezradność w sprawach opiekuńczo-wychowawczych i prowadzenia gosp. dom.,2013,gmina,Łapsze Niżne,powiat nowotarski,18.58%
38,Bezradność w sprawach opiekuńczo-wychowawczych i prowadzenia gosp. dom.,2013,gmina,Nowy Targ (miasto),powiat nowotarski,24.11%
38,Bezradność w sprawach opiekuńczo-wychowawczych i prowadzenia gosp. dom.,2013,gmina,Nowy Targ (wieś),powiat nowotarski,71.90%
38,Bezradność w sprawach opiekuńczo-wychowawczych i prowadzenia gosp. dom.,2013,gmina,Ochotnica Dolna,powiat nowotarski,39.07%
38,Bezradność w sprawach opiekuńczo-wychowawczych i prowadzenia gosp. dom.,2013,gmina,Raba Wyżna,powiat nowotarski,8.79%
38,Bezradność w sprawach opiekuńczo-wychowawczych i prowadzenia gosp. dom.,2013,gmina,Rabka-Zdrój,powiat nowotarski,70.40%
38,Bezradność w sprawach opiekuńczo-wychowawczych i prowadzenia gosp. dom.,2013,gmina,Spytkowice,powiat nowotarski,30.25%
38,Bezradność w sprawach opiekuńczo-wychowawczych i prowadzenia gosp. dom.,2013,gmina,Szaflary,powiat nowotarski,34.88%
38,Bezradność w sprawach opiekuńczo-wychowawczych i prowadzenia gosp. dom.,2013,gmina,Szczawnica,powiat nowotarski,49.79%
38,Bezradność w sprawach opiekuńczo-wychowawczych i prowadzenia gosp. dom.,2013,powiat,powiat olkuski,powiat olkuski,34.79%
38,Bezradność w sprawach opiekuńczo-wychowawczych i prowadzenia gosp. dom.,2013,gmina,Bolesław,powiat olkuski,33.27%
38,Bezradność w sprawach opiekuńczo-wychowawczych i prowadzenia gosp. dom.,2013,gmina,Bukowno,powiat olkuski,46.22%
38,Bezradność w sprawach opiekuńczo-wychowawczych i prowadzenia gosp. dom.,2013,gmina,Klucze,powiat olkuski,9.01%
38,Bezradność w sprawach opiekuńczo-wychowawczych i prowadzenia gosp. dom.,2013,gmina,Olkusz,powiat olkuski,27.37%
38,Bezradność w sprawach opiekuńczo-wychowawczych i prowadzenia gosp. dom.,2013,gmina,Trzyciąż,powiat olkuski,21.95%
38,Bezradność w sprawach opiekuńczo-wychowawczych i prowadzenia gosp. dom.,2013,gmina,Wolbrom,powiat olkuski,63.75%
38,Bezradność w sprawach opiekuńczo-wychowawczych i prowadzenia gosp. dom.,2013,powiat,powiat oświęcimski,powiat oświęcimski,38.37%
38,Bezradność w sprawach opiekuńczo-wychowawczych i prowadzenia gosp. dom.,2013,gmina,Brzeszcze,powiat oświęcimski,63.99%
38,Bezradność w sprawach opiekuńczo-wychowawczych i prowadzenia gosp. dom.,2013,gmina,Chełmek,powiat oświęcimski,31.59%
38,Bezradność w sprawach opiekuńczo-wychowawczych i prowadzenia gosp. dom.,2013,gmina,Kęty,powiat oświęcimski,40.19%
38,Bezradność w sprawach opiekuńczo-wychowawczych i prowadzenia gosp. dom.,2013,gmina,Osiek,powiat oświęcimski,42.31%
38,Bezradność w sprawach opiekuńczo-wychowawczych i prowadzenia gosp. dom.,2013,gmina,Oświęcim (miasto),powiat oświęcimski,32.31%
38,Bezradność w sprawach opiekuńczo-wychowawczych i prowadzenia gosp. dom.,2013,gmina,Oświęcim (wieś),powiat oświęcimski,50.57%
38,Bezradność w sprawach opiekuńczo-wychowawczych i prowadzenia gosp. dom.,2013,gmina,Polanka Wielka,powiat oświęcimski,59.51%
38,Bezradność w sprawach opiekuńczo-wychowawczych i prowadzenia gosp. dom.,2013,gmina,Przeciszów,powiat oświęcimski,53.06%
38,Bezradność w sprawach opiekuńczo-wychowawczych i prowadzenia gosp. dom.,2013,gmina,Zator,powiat oświęcimski,11.37%
38,Bezradność w sprawach opiekuńczo-wychowawczych i prowadzenia gosp. dom.,2013,powiat,powiat proszowicki,powiat proszowicki,16.53%
38,Bezradność w sprawach opiekuńczo-wychowawczych i prowadzenia gosp. dom.,2013,gmina,Koniusza,powiat proszowicki,24.87%
38,Bezradność w sprawach opiekuńczo-wychowawczych i prowadzenia gosp. dom.,2013,gmina,Koszyce,powiat proszowicki,3.13%
38,Bezradność w sprawach opiekuńczo-wychowawczych i prowadzenia gosp. dom.,2013,gmina,Nowe Brzesko,powiat proszowicki,18.15%
38,Bezradność w sprawach opiekuńczo-wychowawczych i prowadzenia gosp. dom.,2013,gmina,Pałecznica,powiat proszowicki,6.85%
38,Bezradność w sprawach opiekuńczo-wychowawczych i prowadzenia gosp. dom.,2013,gmina,Proszowice,powiat proszowicki,17.54%
38,Bezradność w sprawach opiekuńczo-wychowawczych i prowadzenia gosp. dom.,2013,gmina,Radziemice,powiat proszowicki,30.00%
38,Bezradność w sprawach opiekuńczo-wychowawczych i prowadzenia gosp. dom.,2013,powiat,powiat suski,powiat suski,30.34%
38,Bezradność w sprawach opiekuńczo-wychowawczych i prowadzenia gosp. dom.,2013,gmina,Budzów,powiat suski,2.32%
38,Bezradność w sprawach opiekuńczo-wychowawczych i prowadzenia gosp. dom.,2013,gmina,Bystra-Sidzina,powiat suski,16.79%
38,Bezradność w sprawach opiekuńczo-wychowawczych i prowadzenia gosp. dom.,2013,gmina,Jordanów (miasto),powiat suski,85.68%
38,Bezradność w sprawach opiekuńczo-wychowawczych i prowadzenia gosp. dom.,2013,gmina,Jordanów (wieś),powiat suski,41.00%
38,Bezradność w sprawach opiekuńczo-wychowawczych i prowadzenia gosp. dom.,2013,gmina,Maków Podhalański,powiat suski,27.44%
38,Bezradność w sprawach opiekuńczo-wychowawczych i prowadzenia gosp. dom.,2013,gmina,Stryszawa,powiat suski,24.40%
38,Bezradność w sprawach opiekuńczo-wychowawczych i prowadzenia gosp. dom.,2013,gmina,Sucha Beskidzka,powiat suski,32.64%
38,Bezradność w sprawach opiekuńczo-wychowawczych i prowadzenia gosp. dom.,2013,gmina,Zawoja,powiat suski,23.54%
38,Bezradność w sprawach opiekuńczo-wychowawczych i prowadzenia gosp. dom.,2013,gmina,Zembrzyce,powiat suski,36.11%
38,Bezradność w sprawach opiekuńczo-wychowawczych i prowadzenia gosp. dom.,2013,powiat,powiat tarnowski,powiat tarnowski,35.70%
38,Bezradność w sprawach opiekuńczo-wychowawczych i prowadzenia gosp. dom.,2013,gmina,Ciężkowice,powiat tarnowski,59.70%
38,Bezradność w sprawach opiekuńczo-wychowawczych i prowadzenia gosp. dom.,2013,gmina,Gromnik,powiat tarnowski,62.19%
38,Bezradność w sprawach opiekuńczo-wychowawczych i prowadzenia gosp. dom.,2013,gmina,Lisia Góra,powiat tarnowski,37.27%
38,Bezradność w sprawach opiekuńczo-wychowawczych i prowadzenia gosp. dom.,2013,gmina,Pleśna,powiat tarnowski,32.16%
38,Bezradność w sprawach opiekuńczo-wychowawczych i prowadzenia gosp. dom.,2013,gmina,Radłów,powiat tarnowski,15.91%
38,Bezradność w sprawach opiekuńczo-wychowawczych i prowadzenia gosp. dom.,2013,gmina,Ryglice,powiat tarnowski,37.42%
38,Bezradność w sprawach opiekuńczo-wychowawczych i prowadzenia gosp. dom.,2013,gmina,Rzepiennik Strzyżewski,powiat tarnowski,5.06%
38,Bezradność w sprawach opiekuńczo-wychowawczych i prowadzenia gosp. dom.,2013,gmina,Skrzyszów,powiat tarnowski,38.54%
38,Bezradność w sprawach opiekuńczo-wychowawczych i prowadzenia gosp. dom.,2013,gmina,Szerzyny,powiat tarnowski,93.94%
38,Bezradność w sprawach opiekuńczo-wychowawczych i prowadzenia gosp. dom.,2013,gmina,Tarnów (wieś),powiat tarnowski,11.10%
38,Bezradność w sprawach opiekuńczo-wychowawczych i prowadzenia gosp. dom.,2013,gmina,Tuchów,powiat tarnowski,30.63%
38,Bezradność w sprawach opiekuńczo-wychowawczych i prowadzenia gosp. dom.,2013,gmina,Wierzchosławice,powiat tarnowski,32.19%
38,Bezradność w sprawach opiekuńczo-wychowawczych i prowadzenia gosp. dom.,2013,gmina,Wietrzychowice,powiat tarnowski,59.96%
38,Bezradność w sprawach opiekuńczo-wychowawczych i prowadzenia gosp. dom.,2013,gmina,Wojnicz,powiat tarnowski,50.74%
38,Bezradność w sprawach opiekuńczo-wychowawczych i prowadzenia gosp. dom.,2013,gmina,Zakliczyn,powiat tarnowski,14.52%
38,Bezradność w sprawach opiekuńczo-wychowawczych i prowadzenia gosp. dom.,2013,gmina,Żabno,powiat tarnowski,15.03%
38,Bezradność w sprawach opiekuńczo-wychowawczych i prowadzenia gosp. dom.,2013,powiat,powiat tatrzański,powiat tatrzański,39.08%
38,Bezradność w sprawach opiekuńczo-wychowawczych i prowadzenia gosp. dom.,2013,gmina,Biały Dunajec,powiat tatrzański,52.43%
38,Bezradność w sprawach opiekuńczo-wychowawczych i prowadzenia gosp. dom.,2013,gmina,Bukowina Tatrzańska,powiat tatrzański,34.95%
38,Bezradność w sprawach opiekuńczo-wychowawczych i prowadzenia gosp. dom.,2013,gmina,Kościelisko,powiat tatrzański,42.35%
38,Bezradność w sprawach opiekuńczo-wychowawczych i prowadzenia gosp. dom.,2013,gmina,Poronin,powiat tatrzański,49.42%
38,Bezradność w sprawach opiekuńczo-wychowawczych i prowadzenia gosp. dom.,2013,gmina,Zakopane,powiat tatrzański,28.76%
38,Bezradność w sprawach opiekuńczo-wychowawczych i prowadzenia gosp. dom.,2013,powiat,powiat wadowicki,powiat wadowicki,39.88%
38,Bezradność w sprawach opiekuńczo-wychowawczych i prowadzenia gosp. dom.,2013,gmina,Andrychów,powiat wadowicki,21.84%
38,Bezradność w sprawach opiekuńczo-wychowawczych i prowadzenia gosp. dom.,2013,gmina,Brzeźnica,powiat wadowicki,47.69%
38,Bezradność w sprawach opiekuńczo-wychowawczych i prowadzenia gosp. dom.,2013,gmina,Kalwaria Zebrzydowska,powiat wadowicki,65.99%
38,Bezradność w sprawach opiekuńczo-wychowawczych i prowadzenia gosp. dom.,2013,gmina,Lanckorona,powiat wadowicki,42.05%
38,Bezradność w sprawach opiekuńczo-wychowawczych i prowadzenia gosp. dom.,2013,gmina,Mucharz,powiat wadowicki,13.19%
38,Bezradność w sprawach opiekuńczo-wychowawczych i prowadzenia gosp. dom.,2013,gmina,Spytkowice,powiat wadowicki,31.74%
38,Bezradność w sprawach opiekuńczo-wychowawczych i prowadzenia gosp. dom.,2013,gmina,Stryszów,powiat wadowicki,30.42%
38,Bezradność w sprawach opiekuńczo-wychowawczych i prowadzenia gosp. dom.,2013,gmina,Tomice,powiat wadowicki,49.09%
38,Bezradność w sprawach opiekuńczo-wychowawczych i prowadzenia gosp. dom.,2013,gmina,Wadowice,powiat wadowicki,37.12%
38,Bezradność w sprawach opiekuńczo-wychowawczych i prowadzenia gosp. dom.,2013,gmina,Wieprz,powiat wadowicki,47.53%
38,Bezradność w sprawach opiekuńczo-wychowawczych i prowadzenia gosp. dom.,2013,powiat,powiat wielicki,powiat wielicki,19.17%
38,Bezradność w sprawach opiekuńczo-wychowawczych i prowadzenia gosp. dom.,2013,gmina,Biskupice,powiat wielicki,24.42%
38,Bezradność w sprawach opiekuńczo-wychowawczych i prowadzenia gosp. dom.,2013,gmina,Gdów,powiat wielicki,10.80%
38,Bezradność w sprawach opiekuńczo-wychowawczych i prowadzenia gosp. dom.,2013,gmina,Kłaj,powiat wielicki,33.89%
38,Bezradność w sprawach opiekuńczo-wychowawczych i prowadzenia gosp. dom.,2013,gmina,Niepołomice,powiat wielicki,27.46%
38,Bezradność w sprawach opiekuńczo-wychowawczych i prowadzenia gosp. dom.,2013,gmina,Wieliczka,powiat wielicki,13.45%
38,Bezradność w sprawach opiekuńczo-wychowawczych i prowadzenia gosp. dom.,2012,powiat,powiat bocheński,powiat bocheński,32.53%
38,Bezradność w sprawach opiekuńczo-wychowawczych i prowadzenia gosp. dom.,2012,gmina,Bochnia (miasto),powiat bocheński,57.00%
38,Bezradność w sprawach opiekuńczo-wychowawczych i prowadzenia gosp. dom.,2012,gmina,Bochnia (wieś),powiat bocheński,8.00%
38,Bezradność w sprawach opiekuńczo-wychowawczych i prowadzenia gosp. dom.,2012,gmina,Drwinia,powiat bocheński,19.00%
38,Bezradność w sprawach opiekuńczo-wychowawczych i prowadzenia gosp. dom.,2012,gmina,Lipnica Murowana,powiat bocheński,28.00%
38,Bezradność w sprawach opiekuńczo-wychowawczych i prowadzenia gosp. dom.,2012,gmina,Łapanów,powiat bocheński,16.00%
38,Bezradność w sprawach opiekuńczo-wychowawczych i prowadzenia gosp. dom.,2012,gmina,Nowy Wiśnicz,powiat bocheński,58.00%
38,Bezradność w sprawach opiekuńczo-wychowawczych i prowadzenia gosp. dom.,2012,gmina,Rzezawa,powiat bocheński,31.00%
38,Bezradność w sprawach opiekuńczo-wychowawczych i prowadzenia gosp. dom.,2012,gmina,Trzciana,powiat bocheński,33.00%
38,Bezradność w sprawach opiekuńczo-wychowawczych i prowadzenia gosp. dom.,2012,gmina,Żegocina,powiat bocheński,64.00%
38,Bezradność w sprawach opiekuńczo-wychowawczych i prowadzenia gosp. dom.,2012,powiat,powiat brzeski,powiat brzeski,29.43%
38,Bezradność w sprawach opiekuńczo-wychowawczych i prowadzenia gosp. dom.,2012,gmina,Borzęcin,powiat brzeski,35.00%
38,Bezradność w sprawach opiekuńczo-wychowawczych i prowadzenia gosp. dom.,2012,gmina,Brzesko,powiat brzeski,49.00%
38,Bezradność w sprawach opiekuńczo-wychowawczych i prowadzenia gosp. dom.,2012,gmina,Czchów,powiat brzeski,25.00%
38,Bezradność w sprawach opiekuńczo-wychowawczych i prowadzenia gosp. dom.,2012,gmina,Dębno,powiat brzeski,17.00%
38,Bezradność w sprawach opiekuńczo-wychowawczych i prowadzenia gosp. dom.,2012,gmina,Gnojnik,powiat brzeski,15.00%
38,Bezradność w sprawach opiekuńczo-wychowawczych i prowadzenia gosp. dom.,2012,gmina,Iwkowa,powiat brzeski,18.00%
38,Bezradność w sprawach opiekuńczo-wychowawczych i prowadzenia gosp. dom.,2012,gmina,Szczurowa,powiat brzeski,14.00%
38,Bezradność w sprawach opiekuńczo-wychowawczych i prowadzenia gosp. dom.,2012,powiat,powiat chrzanowski,powiat chrzanowski,44.76%
38,Bezradność w sprawach opiekuńczo-wychowawczych i prowadzenia gosp. dom.,2012,gmina,Alwernia,powiat chrzanowski,24.00%
38,Bezradność w sprawach opiekuńczo-wychowawczych i prowadzenia gosp. dom.,2012,gmina,Babice,powiat chrzanowski,33.00%
38,Bezradność w sprawach opiekuńczo-wychowawczych i prowadzenia gosp. dom.,2012,gmina,Chrzanów,powiat chrzanowski,51.00%
38,Bezradność w sprawach opiekuńczo-wychowawczych i prowadzenia gosp. dom.,2012,gmina,Libiąż,powiat chrzanowski,35.00%
38,Bezradność w sprawach opiekuńczo-wychowawczych i prowadzenia gosp. dom.,2012,gmina,Trzebinia,powiat chrzanowski,48.00%
38,Bezradność w sprawach opiekuńczo-wychowawczych i prowadzenia gosp. dom.,2012,powiat,powiat dąbrowski,powiat dąbrowski,34.22%
38,Bezradność w sprawach opiekuńczo-wychowawczych i prowadzenia gosp. dom.,2012,gmina,Bolesław,powiat dąbrowski,67.00%
38,Bezradność w sprawach opiekuńczo-wychowawczych i prowadzenia gosp. dom.,2012,gmina,Dąbrowa Tarnowska,powiat dąbrowski,26.00%
38,Bezradność w sprawach opiekuńczo-wychowawczych i prowadzenia gosp. dom.,2012,gmina,Gręboszów,powiat dąbrowski,62.00%
38,Bezradność w sprawach opiekuńczo-wychowawczych i prowadzenia gosp. dom.,2012,gmina,Mędrzechów,powiat dąbrowski,39.00%
38,Bezradność w sprawach opiekuńczo-wychowawczych i prowadzenia gosp. dom.,2012,gmina,Olesno,powiat dąbrowski,32.00%
38,Bezradność w sprawach opiekuńczo-wychowawczych i prowadzenia gosp. dom.,2012,gmina,Radgoszcz,powiat dąbrowski,12.00%
38,Bezradność w sprawach opiekuńczo-wychowawczych i prowadzenia gosp. dom.,2012,gmina,Szczucin,powiat dąbrowski,45.00%
38,Bezradność w sprawach opiekuńczo-wychowawczych i prowadzenia gosp. dom.,2012,powiat,powiat gorlicki,powiat gorlicki,22.01%
38,Bezradność w sprawach opiekuńczo-wychowawczych i prowadzenia gosp. dom.,2012,gmina,Biecz,powiat gorlicki,61.00%
38,Bezradność w sprawach opiekuńczo-wychowawczych i prowadzenia gosp. dom.,2012,gmina,Bobowa,powiat gorlicki,5.00%
38,Bezradność w sprawach opiekuńczo-wychowawczych i prowadzenia gosp. dom.,2012,gmina,Gorlice (miasto),powiat gorlicki,34.00%
38,Bezradność w sprawach opiekuńczo-wychowawczych i prowadzenia gosp. dom.,2012,gmina,Gorlice (wieś),powiat gorlicki,14.00%
38,Bezradność w sprawach opiekuńczo-wychowawczych i prowadzenia gosp. dom.,2012,gmina,Lipinki,powiat gorlicki,41.00%
38,Bezradność w sprawach opiekuńczo-wychowawczych i prowadzenia gosp. dom.,2012,gmina,Łużna,powiat gorlicki,12.00%
38,Bezradność w sprawach opiekuńczo-wychowawczych i prowadzenia gosp. dom.,2012,gmina,Moszczenica,powiat gorlicki,11.00%
38,Bezradność w sprawach opiekuńczo-wychowawczych i prowadzenia gosp. dom.,2012,gmina,Ropa,powiat gorlicki,9.00%
38,Bezradność w sprawach opiekuńczo-wychowawczych i prowadzenia gosp. dom.,2012,gmina,Sękowa,powiat gorlicki,15.00%
38,Bezradność w sprawach opiekuńczo-wychowawczych i prowadzenia gosp. dom.,2012,gmina,Uście Gorlickie,powiat gorlicki,2.00%
38,Bezradność w sprawach opiekuńczo-wychowawczych i prowadzenia gosp. dom.,2012,powiat,powiat krakowski,powiat krakowski,31.23%
38,Bezradność w sprawach opiekuńczo-wychowawczych i prowadzenia gosp. dom.,2012,gmina,Czernichów,powiat krakowski,19.00%
38,Bezradność w sprawach opiekuńczo-wychowawczych i prowadzenia gosp. dom.,2012,gmina,Igołomia-Wawrzeńczyce,powiat krakowski,58.00%
38,Bezradność w sprawach opiekuńczo-wychowawczych i prowadzenia gosp. dom.,2012,gmina,Iwanowice,powiat krakowski,35.00%
38,Bezradność w sprawach opiekuńczo-wychowawczych i prowadzenia gosp. dom.,2012,gmina,Jerzmanowice-Przeginia,powiat krakowski,15.00%
38,Bezradność w sprawach opiekuńczo-wychowawczych i prowadzenia gosp. dom.,2012,gmina,Kocmyrzów-Luborzyca,powiat krakowski,73.00%
38,Bezradność w sprawach opiekuńczo-wychowawczych i prowadzenia gosp. dom.,2012,gmina,Krzeszowice,powiat krakowski,32.00%
38,Bezradność w sprawach opiekuńczo-wychowawczych i prowadzenia gosp. dom.,2012,gmina,Liszki,powiat krakowski,49.00%
38,Bezradność w sprawach opiekuńczo-wychowawczych i prowadzenia gosp. dom.,2012,gmina,Michałowice,powiat krakowski,29.00%
38,Bezradność w sprawach opiekuńczo-wychowawczych i prowadzenia gosp. dom.,2012,gmina,Mogilany,powiat krakowski,9.00%
38,Bezradność w sprawach opiekuńczo-wychowawczych i prowadzenia gosp. dom.,2012,gmina,Skała,powiat krakowski,73.00%
38,Bezradność w sprawach opiekuńczo-wychowawczych i prowadzenia gosp. dom.,2012,gmina,Skawina,powiat krakowski,12.00%
38,Bezradność w sprawach opiekuńczo-wychowawczych i prowadzenia gosp. dom.,2012,gmina,Słomniki,powiat krakowski,10.00%
38,Bezradność w sprawach opiekuńczo-wychowawczych i prowadzenia gosp. dom.,2012,gmina,Sułoszowa,powiat krakowski,46.00%
38,Bezradność w sprawach opiekuńczo-wychowawczych i prowadzenia gosp. dom.,2012,gmina,Świątniki Górne,powiat krakowski,24.00%
38,Bezradność w sprawach opiekuńczo-wychowawczych i prowadzenia gosp. dom.,2012,gmina,Wielka Wieś,powiat krakowski,54.00%
38,Bezradność w sprawach opiekuńczo-wychowawczych i prowadzenia gosp. dom.,2012,gmina,Zabierzów,powiat krakowski,37.00%
38,Bezradność w sprawach opiekuńczo-wychowawczych i prowadzenia gosp. dom.,2012,gmina,Zielonki,powiat krakowski,42.00%
38,Bezradność w sprawach opiekuńczo-wychowawczych i prowadzenia gosp. dom.,2012,powiat,powiat limanowski,powiat limanowski,32.62%
38,Bezradność w sprawach opiekuńczo-wychowawczych i prowadzenia gosp. dom.,2012,gmina,Dobra,powiat limanowski,16.00%
38,Bezradność w sprawach opiekuńczo-wychowawczych i prowadzenia gosp. dom.,2012,gmina,Jodłownik,powiat limanowski,51.00%
38,Bezradność w sprawach opiekuńczo-wychowawczych i prowadzenia gosp. dom.,2012,gmina,Kamienica,powiat limanowski,53.00%
38,Bezradność w sprawach opiekuńczo-wychowawczych i prowadzenia gosp. dom.,2012,gmina,Laskowa,powiat limanowski,66.00%
38,Bezradność w sprawach opiekuńczo-wychowawczych i prowadzenia gosp. dom.,2012,gmina,Limanowa (miasto),powiat limanowski,36.00%
38,Bezradność w sprawach opiekuńczo-wychowawczych i prowadzenia gosp. dom.,2012,gmina,Limanowa (wieś),powiat limanowski,17.00%
38,Bezradność w sprawach opiekuńczo-wychowawczych i prowadzenia gosp. dom.,2012,gmina,Łukowica,powiat limanowski,3.00%
38,Bezradność w sprawach opiekuńczo-wychowawczych i prowadzenia gosp. dom.,2012,gmina,Mszana Dolna (miasto),powiat limanowski,43.00%
38,Bezradność w sprawach opiekuńczo-wychowawczych i prowadzenia gosp. dom.,2012,gmina,Mszana Dolna (wieś),powiat limanowski,73.00%
38,Bezradność w sprawach opiekuńczo-wychowawczych i prowadzenia gosp. dom.,2012,gmina,Niedźwiedź,powiat limanowski,32.00%
38,Bezradność w sprawach opiekuńczo-wychowawczych i prowadzenia gosp. dom.,2012,gmina,Słopnice,powiat limanowski,14.00%
38,Bezradność w sprawach opiekuńczo-wychowawczych i prowadzenia gosp. dom.,2012,gmina,Tymbark,powiat limanowski,10.00%
38,Bezradność w sprawach opiekuńczo-wychowawczych i prowadzenia gosp. dom.,2012,powiat,powiat m. Kraków,powiat m. Kraków,33.58%
38,Bezradność w sprawach opiekuńczo-wychowawczych i prowadzenia gosp. dom.,2012,powiat,powiat m. Nowy Sącz,powiat m. Nowy Sącz,48.62%
38,Bezradność w sprawach opiekuńczo-wychowawczych i prowadzenia gosp. dom.,2012,powiat,powiat m. Tarnów,powiat m. Tarnów,28.42%
38,Bezradność w sprawach opiekuńczo-wychowawczych i prowadzenia gosp. dom.,2012,powiat,powiat miechowski,powiat miechowski,29.75%
38,Bezradność w sprawach opiekuńczo-wychowawczych i prowadzenia gosp. dom.,2012,gmina,Charsznica,powiat miechowski,17.00%
38,Bezradność w sprawach opiekuńczo-wychowawczych i prowadzenia gosp. dom.,2012,gmina,Gołcza,powiat miechowski,31.00%
38,Bezradność w sprawach opiekuńczo-wychowawczych i prowadzenia gosp. dom.,2012,gmina,Kozłów,powiat miechowski,26.00%
38,Bezradność w sprawach opiekuńczo-wychowawczych i prowadzenia gosp. dom.,2012,gmina,Książ Wielki,powiat miechowski,46.00%
38,Bezradność w sprawach opiekuńczo-wychowawczych i prowadzenia gosp. dom.,2012,gmina,Miechów,powiat miechowski,31.00%
38,Bezradność w sprawach opiekuńczo-wychowawczych i prowadzenia gosp. dom.,2012,gmina,Racławice,powiat miechowski,41.00%
38,Bezradność w sprawach opiekuńczo-wychowawczych i prowadzenia gosp. dom.,2012,gmina,Słaboszów,powiat miechowski,26.00%
38,Bezradność w sprawach opiekuńczo-wychowawczych i prowadzenia gosp. dom.,2012,powiat,powiat myślenicki,powiat myślenicki,24.61%
38,Bezradność w sprawach opiekuńczo-wychowawczych i prowadzenia gosp. dom.,2012,gmina,Dobczyce,powiat myślenicki,14.00%
38,Bezradność w sprawach opiekuńczo-wychowawczych i prowadzenia gosp. dom.,2012,gmina,Lubień,powiat myślenicki,14.00%
38,Bezradność w sprawach opiekuńczo-wychowawczych i prowadzenia gosp. dom.,2012,gmina,Myślenice,powiat myślenicki,31.00%
38,Bezradność w sprawach opiekuńczo-wychowawczych i prowadzenia gosp. dom.,2012,gmina,Pcim,powiat myślenicki,41.00%
38,Bezradność w sprawach opiekuńczo-wychowawczych i prowadzenia gosp. dom.,2012,gmina,Raciechowice,powiat myślenicki,33.00%
38,Bezradność w sprawach opiekuńczo-wychowawczych i prowadzenia gosp. dom.,2012,gmina,Siepraw,powiat myślenicki,35.00%
38,Bezradność w sprawach opiekuńczo-wychowawczych i prowadzenia gosp. dom.,2012,gmina,Sułkowice,powiat myślenicki,34.00%
38,Bezradność w sprawach opiekuńczo-wychowawczych i prowadzenia gosp. dom.,2012,gmina,Tokarnia,powiat myślenicki,5.00%
38,Bezradność w sprawach opiekuńczo-wychowawczych i prowadzenia gosp. dom.,2012,gmina,Wiśniowa,powiat myślenicki,5.00%
38,Bezradność w sprawach opiekuńczo-wychowawczych i prowadzenia gosp. dom.,2012,powiat,powiat nowosądecki,powiat nowosądecki,34.79%
38,Bezradność w sprawach opiekuńczo-wychowawczych i prowadzenia gosp. dom.,2012,gmina,Podegrodzie,powiat nowosądecki,18.00%
38,Bezradność w sprawach opiekuńczo-wychowawczych i prowadzenia gosp. dom.,2012,gmina,Rytro,powiat nowosądecki,35.00%
38,Bezradność w sprawach opiekuńczo-wychowawczych i prowadzenia gosp. dom.,2012,gmina,Stary Sącz,powiat nowosądecki,14.00%
38,Bezradność w sprawach opiekuńczo-wychowawczych i prowadzenia gosp. dom.,2012,gmina,Chełmiec,powiat nowosądecki,49.00%
38,Bezradność w sprawach opiekuńczo-wychowawczych i prowadzenia gosp. dom.,2012,gmina,Gródek nad Dunajcem,powiat nowosądecki,32.00%
38,Bezradność w sprawach opiekuńczo-wychowawczych i prowadzenia gosp. dom.,2012,gmina,Grybów (miasto),powiat nowosądecki,13.00%
38,Bezradność w sprawach opiekuńczo-wychowawczych i prowadzenia gosp. dom.,2012,gmina,Grybów (wieś),powiat nowosądecki,27.00%
38,Bezradność w sprawach opiekuńczo-wychowawczych i prowadzenia gosp. dom.,2012,gmina,Kamionka Wielka,powiat nowosądecki,34.00%
38,Bezradność w sprawach opiekuńczo-wychowawczych i prowadzenia gosp. dom.,2012,gmina,Korzenna,powiat nowosądecki,55.00%
38,Bezradność w sprawach opiekuńczo-wychowawczych i prowadzenia gosp. dom.,2012,gmina,Krynica-Zdrój,powiat nowosądecki,12.00%
38,Bezradność w sprawach opiekuńczo-wychowawczych i prowadzenia gosp. dom.,2012,gmina,Łabowa,powiat nowosądecki,9.00%
38,Bezradność w sprawach opiekuńczo-wychowawczych i prowadzenia gosp. dom.,2012,gmina,Łącko,powiat nowosądecki,13.00%
38,Bezradność w sprawach opiekuńczo-wychowawczych i prowadzenia gosp. dom.,2012,gmina,Łososina Dolna,powiat nowosądecki,91.00%
38,Bezradność w sprawach opiekuńczo-wychowawczych i prowadzenia gosp. dom.,2012,gmina,Muszyna,powiat nowosądecki,9.00%
38,Bezradność w sprawach opiekuńczo-wychowawczych i prowadzenia gosp. dom.,2012,gmina,Nawojowa,powiat nowosądecki,16.00%
38,Bezradność w sprawach opiekuńczo-wychowawczych i prowadzenia gosp. dom.,2012,gmina,Piwniczna-Zdrój,powiat nowosądecki,69.00%
38,Bezradność w sprawach opiekuńczo-wychowawczych i prowadzenia gosp. dom.,2012,powiat,powiat nowotarski,powiat nowotarski,39.93%
38,Bezradność w sprawach opiekuńczo-wychowawczych i prowadzenia gosp. dom.,2012,gmina,Czarny Dunajec,powiat nowotarski,16.00%
38,Bezradność w sprawach opiekuńczo-wychowawczych i prowadzenia gosp. dom.,2012,gmina,Czorsztyn,powiat nowotarski,39.00%
38,Bezradność w sprawach opiekuńczo-wychowawczych i prowadzenia gosp. dom.,2012,gmina,Jabłonka,powiat nowotarski,51.00%
38,Bezradność w sprawach opiekuńczo-wychowawczych i prowadzenia gosp. dom.,2012,gmina,Krościenko nad Dunajcem,powiat nowotarski,34.00%
38,Bezradność w sprawach opiekuńczo-wychowawczych i prowadzenia gosp. dom.,2012,gmina,Lipnica Wielka,powiat nowotarski,69.00%
38,Bezradność w sprawach opiekuńczo-wychowawczych i prowadzenia gosp. dom.,2012,gmina,Łapsze Niżne,powiat nowotarski,18.00%
38,Bezradność w sprawach opiekuńczo-wychowawczych i prowadzenia gosp. dom.,2012,gmina,Nowy Targ (miasto),powiat nowotarski,16.00%
38,Bezradność w sprawach opiekuńczo-wychowawczych i prowadzenia gosp. dom.,2012,gmina,Nowy Targ (wieś),powiat nowotarski,76.00%
38,Bezradność w sprawach opiekuńczo-wychowawczych i prowadzenia gosp. dom.,2012,gmina,Ochotnica Dolna,powiat nowotarski,52.00%
38,Bezradność w sprawach opiekuńczo-wychowawczych i prowadzenia gosp. dom.,2012,gmina,Raba Wyżna,powiat nowotarski,9.00%
38,Bezradność w sprawach opiekuńczo-wychowawczych i prowadzenia gosp. dom.,2012,gmina,Rabka-Zdrój,powiat nowotarski,72.00%
38,Bezradność w sprawach opiekuńczo-wychowawczych i prowadzenia gosp. dom.,2012,gmina,Spytkowice,powiat nowotarski,33.00%
38,Bezradność w sprawach opiekuńczo-wychowawczych i prowadzenia gosp. dom.,2012,gmina,Szaflary,powiat nowotarski,41.00%
38,Bezradność w sprawach opiekuńczo-wychowawczych i prowadzenia gosp. dom.,2012,gmina,Szczawnica,powiat nowotarski,53.00%
38,Bezradność w sprawach opiekuńczo-wychowawczych i prowadzenia gosp. dom.,2012,powiat,powiat olkuski,powiat olkuski,36.54%
38,Bezradność w sprawach opiekuńczo-wychowawczych i prowadzenia gosp. dom.,2012,gmina,Bolesław,powiat olkuski,38.00%
38,Bezradność w sprawach opiekuńczo-wychowawczych i prowadzenia gosp. dom.,2012,gmina,Bukowno,powiat olkuski,49.00%
38,Bezradność w sprawach opiekuńczo-wychowawczych i prowadzenia gosp. dom.,2012,gmina,Klucze,powiat olkuski,15.00%
38,Bezradność w sprawach opiekuńczo-wychowawczych i prowadzenia gosp. dom.,2012,gmina,Olkusz,powiat olkuski,26.00%
38,Bezradność w sprawach opiekuńczo-wychowawczych i prowadzenia gosp. dom.,2012,gmina,Trzyciąż,powiat olkuski,51.00%
38,Bezradność w sprawach opiekuńczo-wychowawczych i prowadzenia gosp. dom.,2012,gmina,Wolbrom,powiat olkuski,59.00%
38,Bezradność w sprawach opiekuńczo-wychowawczych i prowadzenia gosp. dom.,2012,powiat,powiat oświęcimski,powiat oświęcimski,35.42%
38,Bezradność w sprawach opiekuńczo-wychowawczych i prowadzenia gosp. dom.,2012,gmina,Brzeszcze,powiat oświęcimski,51.00%
38,Bezradność w sprawach opiekuńczo-wychowawczych i prowadzenia gosp. dom.,2012,gmina,Chełmek,powiat oświęcimski,24.00%
38,Bezradność w sprawach opiekuńczo-wychowawczych i prowadzenia gosp. dom.,2012,gmina,Kęty,powiat oświęcimski,41.00%
38,Bezradność w sprawach opiekuńczo-wychowawczych i prowadzenia gosp. dom.,2012,gmina,Osiek,powiat oświęcimski,48.00%
38,Bezradność w sprawach opiekuńczo-wychowawczych i prowadzenia gosp. dom.,2012,gmina,Oświęcim (miasto),powiat oświęcimski,33.00%
38,Bezradność w sprawach opiekuńczo-wychowawczych i prowadzenia gosp. dom.,2012,gmina,Oświęcim (wieś),powiat oświęcimski,38.00%
38,Bezradność w sprawach opiekuńczo-wychowawczych i prowadzenia gosp. dom.,2012,gmina,Polanka Wielka,powiat oświęcimski,60.00%
38,Bezradność w sprawach opiekuńczo-wychowawczych i prowadzenia gosp. dom.,2012,gmina,Przeciszów,powiat oświęcimski,35.00%
38,Bezradność w sprawach opiekuńczo-wychowawczych i prowadzenia gosp. dom.,2012,gmina,Zator,powiat oświęcimski,13.00%
38,Bezradność w sprawach opiekuńczo-wychowawczych i prowadzenia gosp. dom.,2012,powiat,powiat proszowicki,powiat proszowicki,15.95%
38,Bezradność w sprawach opiekuńczo-wychowawczych i prowadzenia gosp. dom.,2012,gmina,Koniusza,powiat proszowicki,18.00%
38,Bezradność w sprawach opiekuńczo-wychowawczych i prowadzenia gosp. dom.,2012,gmina,Koszyce,powiat proszowicki,4.00%
38,Bezradność w sprawach opiekuńczo-wychowawczych i prowadzenia gosp. dom.,2012,gmina,Nowe Brzesko,powiat proszowicki,27.00%
38,Bezradność w sprawach opiekuńczo-wychowawczych i prowadzenia gosp. dom.,2012,gmina,Pałecznica,powiat proszowicki,8.00%
38,Bezradność w sprawach opiekuńczo-wychowawczych i prowadzenia gosp. dom.,2012,gmina,Proszowice,powiat proszowicki,16.00%
38,Bezradność w sprawach opiekuńczo-wychowawczych i prowadzenia gosp. dom.,2012,gmina,Radziemice,powiat proszowicki,22.00%
38,Bezradność w sprawach opiekuńczo-wychowawczych i prowadzenia gosp. dom.,2012,powiat,powiat suski,powiat suski,29.08%
38,Bezradność w sprawach opiekuńczo-wychowawczych i prowadzenia gosp. dom.,2012,gmina,Budzów,powiat suski,1.00%
38,Bezradność w sprawach opiekuńczo-wychowawczych i prowadzenia gosp. dom.,2012,gmina,Bystra-Sidzina,powiat suski,16.00%
38,Bezradność w sprawach opiekuńczo-wychowawczych i prowadzenia gosp. dom.,2012,gmina,Jordanów (miasto),powiat suski,84.00%
38,Bezradność w sprawach opiekuńczo-wychowawczych i prowadzenia gosp. dom.,2012,gmina,Jordanów (wieś),powiat suski,33.00%
38,Bezradność w sprawach opiekuńczo-wychowawczych i prowadzenia gosp. dom.,2012,gmina,Maków Podhalański,powiat suski,30.00%
38,Bezradność w sprawach opiekuńczo-wychowawczych i prowadzenia gosp. dom.,2012,gmina,Stryszawa,powiat suski,23.00%
38,Bezradność w sprawach opiekuńczo-wychowawczych i prowadzenia gosp. dom.,2012,gmina,Sucha Beskidzka,powiat suski,33.00%
38,Bezradność w sprawach opiekuńczo-wychowawczych i prowadzenia gosp. dom.,2012,gmina,Zawoja,powiat suski,27.00%
38,Bezradność w sprawach opiekuńczo-wychowawczych i prowadzenia gosp. dom.,2012,gmina,Zembrzyce,powiat suski,31.00%
38,Bezradność w sprawach opiekuńczo-wychowawczych i prowadzenia gosp. dom.,2012,powiat,powiat tarnowski,powiat tarnowski,37.27%
38,Bezradność w sprawach opiekuńczo-wychowawczych i prowadzenia gosp. dom.,2012,gmina,Ciężkowice,powiat tarnowski,59.00%
38,Bezradność w sprawach opiekuńczo-wychowawczych i prowadzenia gosp. dom.,2012,gmina,Gromnik,powiat tarnowski,51.00%
38,Bezradność w sprawach opiekuńczo-wychowawczych i prowadzenia gosp. dom.,2012,gmina,Lisia Góra,powiat tarnowski,53.00%
38,Bezradność w sprawach opiekuńczo-wychowawczych i prowadzenia gosp. dom.,2012,gmina,Pleśna,powiat tarnowski,36.00%
38,Bezradność w sprawach opiekuńczo-wychowawczych i prowadzenia gosp. dom.,2012,gmina,Radłów,powiat tarnowski,15.00%
38,Bezradność w sprawach opiekuńczo-wychowawczych i prowadzenia gosp. dom.,2012,gmina,Ryglice,powiat tarnowski,40.00%
38,Bezradność w sprawach opiekuńczo-wychowawczych i prowadzenia gosp. dom.,2012,gmina,Rzepiennik Strzyżewski,powiat tarnowski,6.00%
38,Bezradność w sprawach opiekuńczo-wychowawczych i prowadzenia gosp. dom.,2012,gmina,Skrzyszów,powiat tarnowski,39.00%
38,Bezradność w sprawach opiekuńczo-wychowawczych i prowadzenia gosp. dom.,2012,gmina,Szerzyny,powiat tarnowski,92.00%
38,Bezradność w sprawach opiekuńczo-wychowawczych i prowadzenia gosp. dom.,2012,gmina,Tarnów (wieś),powiat tarnowski,12.00%
38,Bezradność w sprawach opiekuńczo-wychowawczych i prowadzenia gosp. dom.,2012,gmina,Tuchów,powiat tarnowski,28.00%
38,Bezradność w sprawach opiekuńczo-wychowawczych i prowadzenia gosp. dom.,2012,gmina,Wierzchosławice,powiat tarnowski,34.00%
38,Bezradność w sprawach opiekuńczo-wychowawczych i prowadzenia gosp. dom.,2012,gmina,Wietrzychowice,powiat tarnowski,58.00%
38,Bezradność w sprawach opiekuńczo-wychowawczych i prowadzenia gosp. dom.,2012,gmina,Wojnicz,powiat tarnowski,54.00%
38,Bezradność w sprawach opiekuńczo-wychowawczych i prowadzenia gosp. dom.,2012,gmina,Zakliczyn,powiat tarnowski,12.00%
38,Bezradność w sprawach opiekuńczo-wychowawczych i prowadzenia gosp. dom.,2012,gmina,Żabno,powiat tarnowski,17.00%
38,Bezradność w sprawach opiekuńczo-wychowawczych i prowadzenia gosp. dom.,2012,powiat,powiat tatrzański,powiat tatrzański,42.57%
38,Bezradność w sprawach opiekuńczo-wychowawczych i prowadzenia gosp. dom.,2012,gmina,Biały Dunajec,powiat tatrzański,42.00%
38,Bezradność w sprawach opiekuńczo-wychowawczych i prowadzenia gosp. dom.,2012,gmina,Bukowina Tatrzańska,powiat tatrzański,55.00%
38,Bezradność w sprawach opiekuńczo-wychowawczych i prowadzenia gosp. dom.,2012,gmina,Kościelisko,powiat tatrzański,47.00%
38,Bezradność w sprawach opiekuńczo-wychowawczych i prowadzenia gosp. dom.,2012,gmina,Poronin,powiat tatrzański,50.00%
38,Bezradność w sprawach opiekuńczo-wychowawczych i prowadzenia gosp. dom.,2012,gmina,Zakopane,powiat tatrzański,29.00%
38,Bezradność w sprawach opiekuńczo-wychowawczych i prowadzenia gosp. dom.,2012,powiat,powiat wadowicki,powiat wadowicki,34.83%
38,Bezradność w sprawach opiekuńczo-wychowawczych i prowadzenia gosp. dom.,2012,gmina,Andrychów,powiat wadowicki,21.00%
38,Bezradność w sprawach opiekuńczo-wychowawczych i prowadzenia gosp. dom.,2012,gmina,Brzeźnica,powiat wadowicki,41.00%
38,Bezradność w sprawach opiekuńczo-wychowawczych i prowadzenia gosp. dom.,2012,gmina,Kalwaria Zebrzydowska,powiat wadowicki,67.00%
38,Bezradność w sprawach opiekuńczo-wychowawczych i prowadzenia gosp. dom.,2012,gmina,Lanckorona,powiat wadowicki,38.00%
38,Bezradność w sprawach opiekuńczo-wychowawczych i prowadzenia gosp. dom.,2012,gmina,Mucharz,powiat wadowicki,10.00%
38,Bezradność w sprawach opiekuńczo-wychowawczych i prowadzenia gosp. dom.,2012,gmina,Spytkowice,powiat wadowicki,32.00%
38,Bezradność w sprawach opiekuńczo-wychowawczych i prowadzenia gosp. dom.,2012,gmina,Stryszów,powiat wadowicki,29.00%
38,Bezradność w sprawach opiekuńczo-wychowawczych i prowadzenia gosp. dom.,2012,gmina,Tomice,powiat wadowicki,46.00%
38,Bezradność w sprawach opiekuńczo-wychowawczych i prowadzenia gosp. dom.,2012,gmina,Wadowice,powiat wadowicki,36.00%
38,Bezradność w sprawach opiekuńczo-wychowawczych i prowadzenia gosp. dom.,2012,gmina,Wieprz,powiat wadowicki,7.00%
38,Bezradność w sprawach opiekuńczo-wychowawczych i prowadzenia gosp. dom.,2012,powiat,powiat wielicki,powiat wielicki,18.67%
38,Bezradność w sprawach opiekuńczo-wychowawczych i prowadzenia gosp. dom.,2012,gmina,Biskupice,powiat wielicki,22.00%
38,Bezradność w sprawach opiekuńczo-wychowawczych i prowadzenia gosp. dom.,2012,gmina,Gdów,powiat wielicki,16.00%
38,Bezradność w sprawach opiekuńczo-wychowawczych i prowadzenia gosp. dom.,2012,gmina,Kłaj,powiat wielicki,30.00%
38,Bezradność w sprawach opiekuńczo-wychowawczych i prowadzenia gosp. dom.,2012,gmina,Niepołomice,powiat wielicki,21.00%
38,Bezradność w sprawach opiekuńczo-wychowawczych i prowadzenia gosp. dom.,2012,gmina,Wieliczka,powiat wielicki,14.00%
38,Bezradność w sprawach opiekuńczo-wychowawczych i prowadzenia gosp. dom.,2011,powiat,powiat bocheński,powiat bocheński,44.47%
38,Bezradność w sprawach opiekuńczo-wychowawczych i prowadzenia gosp. dom.,2011,gmina,Bochnia (miasto),powiat bocheński,55.00%
38,Bezradność w sprawach opiekuńczo-wychowawczych i prowadzenia gosp. dom.,2011,gmina,Bochnia (wieś),powiat bocheński,11.00%
38,Bezradność w sprawach opiekuńczo-wychowawczych i prowadzenia gosp. dom.,2011,gmina,Drwinia,powiat bocheński,15.00%
38,Bezradność w sprawach opiekuńczo-wychowawczych i prowadzenia gosp. dom.,2011,gmina,Lipnica Murowana,powiat bocheński,139.00%
38,Bezradność w sprawach opiekuńczo-wychowawczych i prowadzenia gosp. dom.,2011,gmina,Łapanów,powiat bocheński,15.00%
38,Bezradność w sprawach opiekuńczo-wychowawczych i prowadzenia gosp. dom.,2011,gmina,Nowy Wiśnicz,powiat bocheński,63.00%
38,Bezradność w sprawach opiekuńczo-wychowawczych i prowadzenia gosp. dom.,2011,gmina,Rzezawa,powiat bocheński,29.00%
38,Bezradność w sprawach opiekuńczo-wychowawczych i prowadzenia gosp. dom.,2011,gmina,Trzciana,powiat bocheński,89.00%
38,Bezradność w sprawach opiekuńczo-wychowawczych i prowadzenia gosp. dom.,2011,gmina,Żegocina,powiat bocheński,73.00%
38,Bezradność w sprawach opiekuńczo-wychowawczych i prowadzenia gosp. dom.,2011,powiat,powiat brzeski,powiat brzeski,35.52%
38,Bezradność w sprawach opiekuńczo-wychowawczych i prowadzenia gosp. dom.,2011,gmina,Borzęcin,powiat brzeski,45.00%
38,Bezradność w sprawach opiekuńczo-wychowawczych i prowadzenia gosp. dom.,2011,gmina,Brzesko,powiat brzeski,51.00%
38,Bezradność w sprawach opiekuńczo-wychowawczych i prowadzenia gosp. dom.,2011,gmina,Czchów,powiat brzeski,48.00%
38,Bezradność w sprawach opiekuńczo-wychowawczych i prowadzenia gosp. dom.,2011,gmina,Dębno,powiat brzeski,17.00%
38,Bezradność w sprawach opiekuńczo-wychowawczych i prowadzenia gosp. dom.,2011,gmina,Gnojnik,powiat brzeski,23.00%
38,Bezradność w sprawach opiekuńczo-wychowawczych i prowadzenia gosp. dom.,2011,gmina,Iwkowa,powiat brzeski,35.00%
38,Bezradność w sprawach opiekuńczo-wychowawczych i prowadzenia gosp. dom.,2011,gmina,Szczurowa,powiat brzeski,11.00%
38,Bezradność w sprawach opiekuńczo-wychowawczych i prowadzenia gosp. dom.,2011,powiat,powiat chrzanowski,powiat chrzanowski,41.99%
38,Bezradność w sprawach opiekuńczo-wychowawczych i prowadzenia gosp. dom.,2011,gmina,Alwernia,powiat chrzanowski,26.00%
38,Bezradność w sprawach opiekuńczo-wychowawczych i prowadzenia gosp. dom.,2011,gmina,Babice,powiat chrzanowski,36.00%
38,Bezradność w sprawach opiekuńczo-wychowawczych i prowadzenia gosp. dom.,2011,gmina,Chrzanów,powiat chrzanowski,49.00%
38,Bezradność w sprawach opiekuńczo-wychowawczych i prowadzenia gosp. dom.,2011,gmina,Libiąż,powiat chrzanowski,41.00%
38,Bezradność w sprawach opiekuńczo-wychowawczych i prowadzenia gosp. dom.,2011,gmina,Trzebinia,powiat chrzanowski,45.00%
38,Bezradność w sprawach opiekuńczo-wychowawczych i prowadzenia gosp. dom.,2011,powiat,powiat dąbrowski,powiat dąbrowski,28.97%
38,Bezradność w sprawach opiekuńczo-wychowawczych i prowadzenia gosp. dom.,2011,gmina,Bolesław,powiat dąbrowski,52.00%
38,Bezradność w sprawach opiekuńczo-wychowawczych i prowadzenia gosp. dom.,2011,gmina,Dąbrowa Tarnowska,powiat dąbrowski,24.00%
38,Bezradność w sprawach opiekuńczo-wychowawczych i prowadzenia gosp. dom.,2011,gmina,Gręboszów,powiat dąbrowski,31.00%
38,Bezradność w sprawach opiekuńczo-wychowawczych i prowadzenia gosp. dom.,2011,gmina,Mędrzechów,powiat dąbrowski,56.00%
38,Bezradność w sprawach opiekuńczo-wychowawczych i prowadzenia gosp. dom.,2011,gmina,Olesno,powiat dąbrowski,43.00%
38,Bezradność w sprawach opiekuńczo-wychowawczych i prowadzenia gosp. dom.,2011,gmina,Radgoszcz,powiat dąbrowski,4.00%
38,Bezradność w sprawach opiekuńczo-wychowawczych i prowadzenia gosp. dom.,2011,gmina,Szczucin,powiat dąbrowski,39.00%
38,Bezradność w sprawach opiekuńczo-wychowawczych i prowadzenia gosp. dom.,2011,powiat,powiat gorlicki,powiat gorlicki,19.24%
38,Bezradność w sprawach opiekuńczo-wychowawczych i prowadzenia gosp. dom.,2011,gmina,Biecz,powiat gorlicki,37.00%
38,Bezradność w sprawach opiekuńczo-wychowawczych i prowadzenia gosp. dom.,2011,gmina,Bobowa,powiat gorlicki,5.00%
38,Bezradność w sprawach opiekuńczo-wychowawczych i prowadzenia gosp. dom.,2011,gmina,Gorlice (miasto),powiat gorlicki,32.00%
38,Bezradność w sprawach opiekuńczo-wychowawczych i prowadzenia gosp. dom.,2011,gmina,Gorlice (wieś),powiat gorlicki,15.00%
38,Bezradność w sprawach opiekuńczo-wychowawczych i prowadzenia gosp. dom.,2011,gmina,Lipinki,powiat gorlicki,38.00%
38,Bezradność w sprawach opiekuńczo-wychowawczych i prowadzenia gosp. dom.,2011,gmina,Łużna,powiat gorlicki,12.00%
38,Bezradność w sprawach opiekuńczo-wychowawczych i prowadzenia gosp. dom.,2011,gmina,Moszczenica,powiat gorlicki,13.00%
38,Bezradność w sprawach opiekuńczo-wychowawczych i prowadzenia gosp. dom.,2011,gmina,Ropa,powiat gorlicki,10.00%
38,Bezradność w sprawach opiekuńczo-wychowawczych i prowadzenia gosp. dom.,2011,gmina,Sękowa,powiat gorlicki,25.00%
38,Bezradność w sprawach opiekuńczo-wychowawczych i prowadzenia gosp. dom.,2011,gmina,Uście Gorlickie,powiat gorlicki,10.00%
38,Bezradność w sprawach opiekuńczo-wychowawczych i prowadzenia gosp. dom.,2011,powiat,powiat krakowski,powiat krakowski,27.83%
38,Bezradność w sprawach opiekuńczo-wychowawczych i prowadzenia gosp. dom.,2011,gmina,Czernichów,powiat krakowski,20.00%
38,Bezradność w sprawach opiekuńczo-wychowawczych i prowadzenia gosp. dom.,2011,gmina,Igołomia-Wawrzeńczyce,powiat krakowski,39.00%
38,Bezradność w sprawach opiekuńczo-wychowawczych i prowadzenia gosp. dom.,2011,gmina,Iwanowice,powiat krakowski,46.00%
38,Bezradność w sprawach opiekuńczo-wychowawczych i prowadzenia gosp. dom.,2011,gmina,Jerzmanowice-Przeginia,powiat krakowski,10.00%
38,Bezradność w sprawach opiekuńczo-wychowawczych i prowadzenia gosp. dom.,2011,gmina,Kocmyrzów-Luborzyca,powiat krakowski,73.00%
38,Bezradność w sprawach opiekuńczo-wychowawczych i prowadzenia gosp. dom.,2011,gmina,Krzeszowice,powiat krakowski,28.00%
38,Bezradność w sprawach opiekuńczo-wychowawczych i prowadzenia gosp. dom.,2011,gmina,Liszki,powiat krakowski,49.00%
38,Bezradność w sprawach opiekuńczo-wychowawczych i prowadzenia gosp. dom.,2011,gmina,Michałowice,powiat krakowski,23.00%
38,Bezradność w sprawach opiekuńczo-wychowawczych i prowadzenia gosp. dom.,2011,gmina,Mogilany,powiat krakowski,10.00%
38,Bezradność w sprawach opiekuńczo-wychowawczych i prowadzenia gosp. dom.,2011,gmina,Skała,powiat krakowski,60.00%
38,Bezradność w sprawach opiekuńczo-wychowawczych i prowadzenia gosp. dom.,2011,gmina,Skawina,powiat krakowski,21.00%
38,Bezradność w sprawach opiekuńczo-wychowawczych i prowadzenia gosp. dom.,2011,gmina,Słomniki,powiat krakowski,8.00%
38,Bezradność w sprawach opiekuńczo-wychowawczych i prowadzenia gosp. dom.,2011,gmina,Sułoszowa,powiat krakowski,44.00%
38,Bezradność w sprawach opiekuńczo-wychowawczych i prowadzenia gosp. dom.,2011,gmina,Świątniki Górne,powiat krakowski,24.00%
38,Bezradność w sprawach opiekuńczo-wychowawczych i prowadzenia gosp. dom.,2011,gmina,Wielka Wieś,powiat krakowski,56.00%
38,Bezradność w sprawach opiekuńczo-wychowawczych i prowadzenia gosp. dom.,2011,gmina,Zabierzów,powiat krakowski,41.00%
38,Bezradność w sprawach opiekuńczo-wychowawczych i prowadzenia gosp. dom.,2011,gmina,Zielonki,powiat krakowski,29.00%
38,Bezradność w sprawach opiekuńczo-wychowawczych i prowadzenia gosp. dom.,2011,powiat,powiat limanowski,powiat limanowski,29.47%
38,Bezradność w sprawach opiekuńczo-wychowawczych i prowadzenia gosp. dom.,2011,gmina,Dobra,powiat limanowski,11.00%
38,Bezradność w sprawach opiekuńczo-wychowawczych i prowadzenia gosp. dom.,2011,gmina,Jodłownik,powiat limanowski,33.00%
38,Bezradność w sprawach opiekuńczo-wychowawczych i prowadzenia gosp. dom.,2011,gmina,Kamienica,powiat limanowski,52.00%
38,Bezradność w sprawach opiekuńczo-wychowawczych i prowadzenia gosp. dom.,2011,gmina,Laskowa,powiat limanowski,75.00%
38,Bezradność w sprawach opiekuńczo-wychowawczych i prowadzenia gosp. dom.,2011,gmina,Limanowa (miasto),powiat limanowski,15.00%
38,Bezradność w sprawach opiekuńczo-wychowawczych i prowadzenia gosp. dom.,2011,gmina,Limanowa (wieś),powiat limanowski,20.00%
38,Bezradność w sprawach opiekuńczo-wychowawczych i prowadzenia gosp. dom.,2011,gmina,Łukowica,powiat limanowski,4.00%
38,Bezradność w sprawach opiekuńczo-wychowawczych i prowadzenia gosp. dom.,2011,gmina,Mszana Dolna (miasto),powiat limanowski,40.00%
38,Bezradność w sprawach opiekuńczo-wychowawczych i prowadzenia gosp. dom.,2011,gmina,Mszana Dolna (wieś),powiat limanowski,69.00%
38,Bezradność w sprawach opiekuńczo-wychowawczych i prowadzenia gosp. dom.,2011,gmina,Niedźwiedź,powiat limanowski,36.00%
38,Bezradność w sprawach opiekuńczo-wychowawczych i prowadzenia gosp. dom.,2011,gmina,Słopnice,powiat limanowski,16.00%
38,Bezradność w sprawach opiekuńczo-wychowawczych i prowadzenia gosp. dom.,2011,gmina,Tymbark,powiat limanowski,10.00%
38,Bezradność w sprawach opiekuńczo-wychowawczych i prowadzenia gosp. dom.,2011,powiat,powiat m. Kraków,powiat m. Kraków,35.68%
38,Bezradność w sprawach opiekuńczo-wychowawczych i prowadzenia gosp. dom.,2011,powiat,powiat m. Nowy Sącz,powiat m. Nowy Sącz,45.30%
38,Bezradność w sprawach opiekuńczo-wychowawczych i prowadzenia gosp. dom.,2011,powiat,powiat m. Tarnów,powiat m. Tarnów,25.96%
38,Bezradność w sprawach opiekuńczo-wychowawczych i prowadzenia gosp. dom.,2011,powiat,powiat miechowski,powiat miechowski,25.76%
38,Bezradność w sprawach opiekuńczo-wychowawczych i prowadzenia gosp. dom.,2011,gmina,Charsznica,powiat miechowski,17.00%
38,Bezradność w sprawach opiekuńczo-wychowawczych i prowadzenia gosp. dom.,2011,gmina,Gołcza,powiat miechowski,22.00%
38,Bezradność w sprawach opiekuńczo-wychowawczych i prowadzenia gosp. dom.,2011,gmina,Kozłów,powiat miechowski,28.00%
38,Bezradność w sprawach opiekuńczo-wychowawczych i prowadzenia gosp. dom.,2011,gmina,Książ Wielki,powiat miechowski,47.00%
38,Bezradność w sprawach opiekuńczo-wychowawczych i prowadzenia gosp. dom.,2011,gmina,Miechów,powiat miechowski,22.00%
38,Bezradność w sprawach opiekuńczo-wychowawczych i prowadzenia gosp. dom.,2011,gmina,Racławice,powiat miechowski,43.00%
38,Bezradność w sprawach opiekuńczo-wychowawczych i prowadzenia gosp. dom.,2011,gmina,Słaboszów,powiat miechowski,34.00%
38,Bezradność w sprawach opiekuńczo-wychowawczych i prowadzenia gosp. dom.,2011,powiat,powiat myślenicki,powiat myślenicki,24.98%
38,Bezradność w sprawach opiekuńczo-wychowawczych i prowadzenia gosp. dom.,2011,gmina,Dobczyce,powiat myślenicki,18.00%
38,Bezradność w sprawach opiekuńczo-wychowawczych i prowadzenia gosp. dom.,2011,gmina,Lubień,powiat myślenicki,11.00%
38,Bezradność w sprawach opiekuńczo-wychowawczych i prowadzenia gosp. dom.,2011,gmina,Myślenice,powiat myślenicki,30.00%
38,Bezradność w sprawach opiekuńczo-wychowawczych i prowadzenia gosp. dom.,2011,gmina,Pcim,powiat myślenicki,39.00%
38,Bezradność w sprawach opiekuńczo-wychowawczych i prowadzenia gosp. dom.,2011,gmina,Raciechowice,powiat myślenicki,34.00%
38,Bezradność w sprawach opiekuńczo-wychowawczych i prowadzenia gosp. dom.,2011,gmina,Siepraw,powiat myślenicki,34.00%
38,Bezradność w sprawach opiekuńczo-wychowawczych i prowadzenia gosp. dom.,2011,gmina,Sułkowice,powiat myślenicki,41.00%
38,Bezradność w sprawach opiekuńczo-wychowawczych i prowadzenia gosp. dom.,2011,gmina,Tokarnia,powiat myślenicki,5.00%
38,Bezradność w sprawach opiekuńczo-wychowawczych i prowadzenia gosp. dom.,2011,gmina,Wiśniowa,powiat myślenicki,5.00%
38,Bezradność w sprawach opiekuńczo-wychowawczych i prowadzenia gosp. dom.,2011,powiat,powiat nowosądecki,powiat nowosądecki,37.43%
38,Bezradność w sprawach opiekuńczo-wychowawczych i prowadzenia gosp. dom.,2011,gmina,Podegrodzie,powiat nowosądecki,16.00%
38,Bezradność w sprawach opiekuńczo-wychowawczych i prowadzenia gosp. dom.,2011,gmina,Rytro,powiat nowosądecki,31.00%
38,Bezradność w sprawach opiekuńczo-wychowawczych i prowadzenia gosp. dom.,2011,gmina,Stary Sącz,powiat nowosądecki,16.00%
38,Bezradność w sprawach opiekuńczo-wychowawczych i prowadzenia gosp. dom.,2011,gmina,Chełmiec,powiat nowosądecki,52.00%
38,Bezradność w sprawach opiekuńczo-wychowawczych i prowadzenia gosp. dom.,2011,gmina,Gródek nad Dunajcem,powiat nowosądecki,48.00%
38,Bezradność w sprawach opiekuńczo-wychowawczych i prowadzenia gosp. dom.,2011,gmina,Grybów (miasto),powiat nowosądecki,21.00%
38,Bezradność w sprawach opiekuńczo-wychowawczych i prowadzenia gosp. dom.,2011,gmina,Grybów (wieś),powiat nowosądecki,29.00%
38,Bezradność w sprawach opiekuńczo-wychowawczych i prowadzenia gosp. dom.,2011,gmina,Kamionka Wielka,powiat nowosądecki,39.00%
38,Bezradność w sprawach opiekuńczo-wychowawczych i prowadzenia gosp. dom.,2011,gmina,Korzenna,powiat nowosądecki,60.00%
38,Bezradność w sprawach opiekuńczo-wychowawczych i prowadzenia gosp. dom.,2011,gmina,Krynica-Zdrój,powiat nowosądecki,15.00%
38,Bezradność w sprawach opiekuńczo-wychowawczych i prowadzenia gosp. dom.,2011,gmina,Łabowa,powiat nowosądecki,9.00%
38,Bezradność w sprawach opiekuńczo-wychowawczych i prowadzenia gosp. dom.,2011,gmina,Łącko,powiat nowosądecki,12.00%
38,Bezradność w sprawach opiekuńczo-wychowawczych i prowadzenia gosp. dom.,2011,gmina,Łososina Dolna,powiat nowosądecki,95.00%
38,Bezradność w sprawach opiekuńczo-wychowawczych i prowadzenia gosp. dom.,2011,gmina,Muszyna,powiat nowosądecki,6.00%
38,Bezradność w sprawach opiekuńczo-wychowawczych i prowadzenia gosp. dom.,2011,gmina,Nawojowa,powiat nowosądecki,17.00%
38,Bezradność w sprawach opiekuńczo-wychowawczych i prowadzenia gosp. dom.,2011,gmina,Piwniczna-Zdrój,powiat nowosądecki,71.00%
38,Bezradność w sprawach opiekuńczo-wychowawczych i prowadzenia gosp. dom.,2011,powiat,powiat nowotarski,powiat nowotarski,41.48%
38,Bezradność w sprawach opiekuńczo-wychowawczych i prowadzenia gosp. dom.,2011,gmina,Czarny Dunajec,powiat nowotarski,15.00%
38,Bezradność w sprawach opiekuńczo-wychowawczych i prowadzenia gosp. dom.,2011,gmina,Czorsztyn,powiat nowotarski,37.00%
38,Bezradność w sprawach opiekuńczo-wychowawczych i prowadzenia gosp. dom.,2011,gmina,Jabłonka,powiat nowotarski,57.00%
38,Bezradność w sprawach opiekuńczo-wychowawczych i prowadzenia gosp. dom.,2011,gmina,Krościenko nad Dunajcem,powiat nowotarski,26.00%
38,Bezradność w sprawach opiekuńczo-wychowawczych i prowadzenia gosp. dom.,2011,gmina,Lipnica Wielka,powiat nowotarski,62.00%
38,Bezradność w sprawach opiekuńczo-wychowawczych i prowadzenia gosp. dom.,2011,gmina,Łapsze Niżne,powiat nowotarski,14.00%
38,Bezradność w sprawach opiekuńczo-wychowawczych i prowadzenia gosp. dom.,2011,gmina,Nowy Targ (miasto),powiat nowotarski,24.00%
38,Bezradność w sprawach opiekuńczo-wychowawczych i prowadzenia gosp. dom.,2011,gmina,Nowy Targ (wieś),powiat nowotarski,76.00%
38,Bezradność w sprawach opiekuńczo-wychowawczych i prowadzenia gosp. dom.,2011,gmina,Ochotnica Dolna,powiat nowotarski,61.00%
38,Bezradność w sprawach opiekuńczo-wychowawczych i prowadzenia gosp. dom.,2011,gmina,Raba Wyżna,powiat nowotarski,6.00%
38,Bezradność w sprawach opiekuńczo-wychowawczych i prowadzenia gosp. dom.,2011,gmina,Rabka-Zdrój,powiat nowotarski,70.00%
38,Bezradność w sprawach opiekuńczo-wychowawczych i prowadzenia gosp. dom.,2011,gmina,Spytkowice,powiat nowotarski,23.00%
38,Bezradność w sprawach opiekuńczo-wychowawczych i prowadzenia gosp. dom.,2011,gmina,Szaflary,powiat nowotarski,63.00%
38,Bezradność w sprawach opiekuńczo-wychowawczych i prowadzenia gosp. dom.,2011,gmina,Szczawnica,powiat nowotarski,42.00%
38,Bezradność w sprawach opiekuńczo-wychowawczych i prowadzenia gosp. dom.,2011,powiat,powiat olkuski,powiat olkuski,33.97%
38,Bezradność w sprawach opiekuńczo-wychowawczych i prowadzenia gosp. dom.,2011,gmina,Bolesław,powiat olkuski,40.00%
38,Bezradność w sprawach opiekuńczo-wychowawczych i prowadzenia gosp. dom.,2011,gmina,Bukowno,powiat olkuski,31.00%
38,Bezradność w sprawach opiekuńczo-wychowawczych i prowadzenia gosp. dom.,2011,gmina,Klucze,powiat olkuski,43.00%
38,Bezradność w sprawach opiekuńczo-wychowawczych i prowadzenia gosp. dom.,2011,gmina,Olkusz,powiat olkuski,25.00%
38,Bezradność w sprawach opiekuńczo-wychowawczych i prowadzenia gosp. dom.,2011,gmina,Trzyciąż,powiat olkuski,44.00%
38,Bezradność w sprawach opiekuńczo-wychowawczych i prowadzenia gosp. dom.,2011,gmina,Wolbrom,powiat olkuski,48.00%
38,Bezradność w sprawach opiekuńczo-wychowawczych i prowadzenia gosp. dom.,2011,powiat,powiat oświęcimski,powiat oświęcimski,31.97%
38,Bezradność w sprawach opiekuńczo-wychowawczych i prowadzenia gosp. dom.,2011,gmina,Brzeszcze,powiat oświęcimski,45.00%
38,Bezradność w sprawach opiekuńczo-wychowawczych i prowadzenia gosp. dom.,2011,gmina,Chełmek,powiat oświęcimski,29.00%
38,Bezradność w sprawach opiekuńczo-wychowawczych i prowadzenia gosp. dom.,2011,gmina,Kęty,powiat oświęcimski,38.00%
38,Bezradność w sprawach opiekuńczo-wychowawczych i prowadzenia gosp. dom.,2011,gmina,Osiek,powiat oświęcimski,49.00%
38,Bezradność w sprawach opiekuńczo-wychowawczych i prowadzenia gosp. dom.,2011,gmina,Oświęcim (miasto),powiat oświęcimski,33.00%
38,Bezradność w sprawach opiekuńczo-wychowawczych i prowadzenia gosp. dom.,2011,gmina,Oświęcim (wieś),powiat oświęcimski,26.00%
38,Bezradność w sprawach opiekuńczo-wychowawczych i prowadzenia gosp. dom.,2011,gmina,Polanka Wielka,powiat oświęcimski,56.00%
38,Bezradność w sprawach opiekuńczo-wychowawczych i prowadzenia gosp. dom.,2011,gmina,Przeciszów,powiat oświęcimski,41.00%
38,Bezradność w sprawach opiekuńczo-wychowawczych i prowadzenia gosp. dom.,2011,gmina,Zator,powiat oświęcimski,8.00%
38,Bezradność w sprawach opiekuńczo-wychowawczych i prowadzenia gosp. dom.,2011,powiat,powiat proszowicki,powiat proszowicki,15.73%
38,Bezradność w sprawach opiekuńczo-wychowawczych i prowadzenia gosp. dom.,2011,gmina,Koniusza,powiat proszowicki,12.00%
38,Bezradność w sprawach opiekuńczo-wychowawczych i prowadzenia gosp. dom.,2011,gmina,Koszyce,powiat proszowicki,5.00%
38,Bezradność w sprawach opiekuńczo-wychowawczych i prowadzenia gosp. dom.,2011,gmina,Nowe Brzesko,powiat proszowicki,29.00%
38,Bezradność w sprawach opiekuńczo-wychowawczych i prowadzenia gosp. dom.,2011,gmina,Pałecznica,powiat proszowicki,6.00%
38,Bezradność w sprawach opiekuńczo-wychowawczych i prowadzenia gosp. dom.,2011,gmina,Proszowice,powiat proszowicki,20.00%
38,Bezradność w sprawach opiekuńczo-wychowawczych i prowadzenia gosp. dom.,2011,gmina,Radziemice,powiat proszowicki,24.00%
38,Bezradność w sprawach opiekuńczo-wychowawczych i prowadzenia gosp. dom.,2011,powiat,powiat suski,powiat suski,31.37%
38,Bezradność w sprawach opiekuńczo-wychowawczych i prowadzenia gosp. dom.,2011,gmina,Budzów,powiat suski,1.00%
38,Bezradność w sprawach opiekuńczo-wychowawczych i prowadzenia gosp. dom.,2011,gmina,Bystra-Sidzina,powiat suski,10.00%
38,Bezradność w sprawach opiekuńczo-wychowawczych i prowadzenia gosp. dom.,2011,gmina,Jordanów (miasto),powiat suski,77.00%
38,Bezradność w sprawach opiekuńczo-wychowawczych i prowadzenia gosp. dom.,2011,gmina,Jordanów (wieś),powiat suski,47.00%
38,Bezradność w sprawach opiekuńczo-wychowawczych i prowadzenia gosp. dom.,2011,gmina,Maków Podhalański,powiat suski,20.00%
38,Bezradność w sprawach opiekuńczo-wychowawczych i prowadzenia gosp. dom.,2011,gmina,Stryszawa,powiat suski,23.00%
38,Bezradność w sprawach opiekuńczo-wychowawczych i prowadzenia gosp. dom.,2011,gmina,Sucha Beskidzka,powiat suski,37.00%
38,Bezradność w sprawach opiekuńczo-wychowawczych i prowadzenia gosp. dom.,2011,gmina,Zawoja,powiat suski,30.00%
38,Bezradność w sprawach opiekuńczo-wychowawczych i prowadzenia gosp. dom.,2011,gmina,Zembrzyce,powiat suski,26.00%
38,Bezradność w sprawach opiekuńczo-wychowawczych i prowadzenia gosp. dom.,2011,powiat,powiat tarnowski,powiat tarnowski,34.94%
38,Bezradność w sprawach opiekuńczo-wychowawczych i prowadzenia gosp. dom.,2011,gmina,Ciężkowice,powiat tarnowski,56.00%
38,Bezradność w sprawach opiekuńczo-wychowawczych i prowadzenia gosp. dom.,2011,gmina,Gromnik,powiat tarnowski,46.00%
38,Bezradność w sprawach opiekuńczo-wychowawczych i prowadzenia gosp. dom.,2011,gmina,Lisia Góra,powiat tarnowski,19.00%
38,Bezradność w sprawach opiekuńczo-wychowawczych i prowadzenia gosp. dom.,2011,gmina,Pleśna,powiat tarnowski,37.00%
38,Bezradność w sprawach opiekuńczo-wychowawczych i prowadzenia gosp. dom.,2011,gmina,Radłów,powiat tarnowski,17.00%
38,Bezradność w sprawach opiekuńczo-wychowawczych i prowadzenia gosp. dom.,2011,gmina,Ryglice,powiat tarnowski,42.00%
38,Bezradność w sprawach opiekuńczo-wychowawczych i prowadzenia gosp. dom.,2011,gmina,Rzepiennik Strzyżewski,powiat tarnowski,6.00%
38,Bezradność w sprawach opiekuńczo-wychowawczych i prowadzenia gosp. dom.,2011,gmina,Skrzyszów,powiat tarnowski,37.00%
38,Bezradność w sprawach opiekuńczo-wychowawczych i prowadzenia gosp. dom.,2011,gmina,Szerzyny,powiat tarnowski,91.00%
38,Bezradność w sprawach opiekuńczo-wychowawczych i prowadzenia gosp. dom.,2011,gmina,Tarnów (wieś),powiat tarnowski,11.00%
38,Bezradność w sprawach opiekuńczo-wychowawczych i prowadzenia gosp. dom.,2011,gmina,Tuchów,powiat tarnowski,39.00%
38,Bezradność w sprawach opiekuńczo-wychowawczych i prowadzenia gosp. dom.,2011,gmina,Wierzchosławice,powiat tarnowski,34.00%
38,Bezradność w sprawach opiekuńczo-wychowawczych i prowadzenia gosp. dom.,2011,gmina,Wietrzychowice,powiat tarnowski,56.00%
38,Bezradność w sprawach opiekuńczo-wychowawczych i prowadzenia gosp. dom.,2011,gmina,Wojnicz,powiat tarnowski,56.00%
38,Bezradność w sprawach opiekuńczo-wychowawczych i prowadzenia gosp. dom.,2011,gmina,Zakliczyn,powiat tarnowski,13.00%
38,Bezradność w sprawach opiekuńczo-wychowawczych i prowadzenia gosp. dom.,2011,gmina,Żabno,powiat tarnowski,20.00%
38,Bezradność w sprawach opiekuńczo-wychowawczych i prowadzenia gosp. dom.,2011,powiat,powiat tatrzański,powiat tatrzański,37.71%
38,Bezradność w sprawach opiekuńczo-wychowawczych i prowadzenia gosp. dom.,2011,gmina,Biały Dunajec,powiat tatrzański,20.00%
38,Bezradność w sprawach opiekuńczo-wychowawczych i prowadzenia gosp. dom.,2011,gmina,Bukowina Tatrzańska,powiat tatrzański,59.00%
38,Bezradność w sprawach opiekuńczo-wychowawczych i prowadzenia gosp. dom.,2011,gmina,Kościelisko,powiat tatrzański,54.00%
38,Bezradność w sprawach opiekuńczo-wychowawczych i prowadzenia gosp. dom.,2011,gmina,Poronin,powiat tatrzański,62.00%
38,Bezradność w sprawach opiekuńczo-wychowawczych i prowadzenia gosp. dom.,2011,gmina,Zakopane,powiat tatrzański,31.00%
38,Bezradność w sprawach opiekuńczo-wychowawczych i prowadzenia gosp. dom.,2011,powiat,powiat wadowicki,powiat wadowicki,29.45%
38,Bezradność w sprawach opiekuńczo-wychowawczych i prowadzenia gosp. dom.,2011,gmina,Andrychów,powiat wadowicki,20.00%
38,Bezradność w sprawach opiekuńczo-wychowawczych i prowadzenia gosp. dom.,2011,gmina,Brzeźnica,powiat wadowicki,39.00%
38,Bezradność w sprawach opiekuńczo-wychowawczych i prowadzenia gosp. dom.,2011,gmina,Kalwaria Zebrzydowska,powiat wadowicki,58.00%
38,Bezradność w sprawach opiekuńczo-wychowawczych i prowadzenia gosp. dom.,2011,gmina,Lanckorona,powiat wadowicki,35.00%
38,Bezradność w sprawach opiekuńczo-wychowawczych i prowadzenia gosp. dom.,2011,gmina,Mucharz,powiat wadowicki,17.00%
38,Bezradność w sprawach opiekuńczo-wychowawczych i prowadzenia gosp. dom.,2011,gmina,Spytkowice,powiat wadowicki,33.00%
38,Bezradność w sprawach opiekuńczo-wychowawczych i prowadzenia gosp. dom.,2011,gmina,Stryszów,powiat wadowicki,30.00%
38,Bezradność w sprawach opiekuńczo-wychowawczych i prowadzenia gosp. dom.,2011,gmina,Tomice,powiat wadowicki,42.00%
38,Bezradność w sprawach opiekuńczo-wychowawczych i prowadzenia gosp. dom.,2011,gmina,Wadowice,powiat wadowicki,26.00%
38,Bezradność w sprawach opiekuńczo-wychowawczych i prowadzenia gosp. dom.,2011,gmina,Wieprz,powiat wadowicki,4.00%
38,Bezradność w sprawach opiekuńczo-wychowawczych i prowadzenia gosp. dom.,2011,powiat,powiat wielicki,powiat wielicki,17.38%
38,Bezradność w sprawach opiekuńczo-wychowawczych i prowadzenia gosp. dom.,2011,gmina,Biskupice,powiat wielicki,30.00%
38,Bezradność w sprawach opiekuńczo-wychowawczych i prowadzenia gosp. dom.,2011,gmina,Gdów,powiat wielicki,18.00%
38,Bezradność w sprawach opiekuńczo-wychowawczych i prowadzenia gosp. dom.,2011,gmina,Kłaj,powiat wielicki,26.00%
38,Bezradność w sprawach opiekuńczo-wychowawczych i prowadzenia gosp. dom.,2011,gmina,Niepołomice,powiat wielicki,18.00%
38,Bezradność w sprawach opiekuńczo-wychowawczych i prowadzenia gosp. dom.,2011,gmina,Wieliczka,powiat wielicki,13.00%
38,Bezradność w sprawach opiekuńczo-wychowawczych i prowadzenia gosp. dom.,2010,powiat,powiat bocheński,powiat bocheński,33.08%
38,Bezradność w sprawach opiekuńczo-wychowawczych i prowadzenia gosp. dom.,2010,gmina,Bochnia (miasto),powiat bocheński,49.49%
38,Bezradność w sprawach opiekuńczo-wychowawczych i prowadzenia gosp. dom.,2010,gmina,Bochnia (wieś),powiat bocheński,11.01%
38,Bezradność w sprawach opiekuńczo-wychowawczych i prowadzenia gosp. dom.,2010,gmina,Drwinia,powiat bocheński,9.92%
38,Bezradność w sprawach opiekuńczo-wychowawczych i prowadzenia gosp. dom.,2010,gmina,Lipnica Murowana,powiat bocheński,28.25%
38,Bezradność w sprawach opiekuńczo-wychowawczych i prowadzenia gosp. dom.,2010,gmina,Łapanów,powiat bocheński,15.08%
38,Bezradność w sprawach opiekuńczo-wychowawczych i prowadzenia gosp. dom.,2010,gmina,Nowy Wiśnicz,powiat bocheński,62.92%
38,Bezradność w sprawach opiekuńczo-wychowawczych i prowadzenia gosp. dom.,2010,gmina,Rzezawa,powiat bocheński,28.92%
38,Bezradność w sprawach opiekuńczo-wychowawczych i prowadzenia gosp. dom.,2010,gmina,Trzciana,powiat bocheński,86.47%
38,Bezradność w sprawach opiekuńczo-wychowawczych i prowadzenia gosp. dom.,2010,gmina,Żegocina,powiat bocheński,65.90%
38,Bezradność w sprawach opiekuńczo-wychowawczych i prowadzenia gosp. dom.,2010,powiat,powiat brzeski,powiat brzeski,37.93%
38,Bezradność w sprawach opiekuńczo-wychowawczych i prowadzenia gosp. dom.,2010,gmina,Borzęcin,powiat brzeski,39.64%
38,Bezradność w sprawach opiekuńczo-wychowawczych i prowadzenia gosp. dom.,2010,gmina,Brzesko,powiat brzeski,49.05%
38,Bezradność w sprawach opiekuńczo-wychowawczych i prowadzenia gosp. dom.,2010,gmina,Czchów,powiat brzeski,60.09%
38,Bezradność w sprawach opiekuńczo-wychowawczych i prowadzenia gosp. dom.,2010,gmina,Dębno,powiat brzeski,19.96%
38,Bezradność w sprawach opiekuńczo-wychowawczych i prowadzenia gosp. dom.,2010,gmina,Gnojnik,powiat brzeski,24.82%
38,Bezradność w sprawach opiekuńczo-wychowawczych i prowadzenia gosp. dom.,2010,gmina,Iwkowa,powiat brzeski,14.61%
38,Bezradność w sprawach opiekuńczo-wychowawczych i prowadzenia gosp. dom.,2010,gmina,Szczurowa,powiat brzeski,37.36%
38,Bezradność w sprawach opiekuńczo-wychowawczych i prowadzenia gosp. dom.,2010,powiat,powiat chrzanowski,powiat chrzanowski,37.80%
38,Bezradność w sprawach opiekuńczo-wychowawczych i prowadzenia gosp. dom.,2010,gmina,Alwernia,powiat chrzanowski,26.98%
38,Bezradność w sprawach opiekuńczo-wychowawczych i prowadzenia gosp. dom.,2010,gmina,Babice,powiat chrzanowski,28.39%
38,Bezradność w sprawach opiekuńczo-wychowawczych i prowadzenia gosp. dom.,2010,gmina,Chrzanów,powiat chrzanowski,44.86%
38,Bezradność w sprawach opiekuńczo-wychowawczych i prowadzenia gosp. dom.,2010,gmina,Libiąż,powiat chrzanowski,39.36%
38,Bezradność w sprawach opiekuńczo-wychowawczych i prowadzenia gosp. dom.,2010,gmina,Trzebinia,powiat chrzanowski,38.46%
38,Bezradność w sprawach opiekuńczo-wychowawczych i prowadzenia gosp. dom.,2010,powiat,powiat dąbrowski,powiat dąbrowski,26.14%
38,Bezradność w sprawach opiekuńczo-wychowawczych i prowadzenia gosp. dom.,2010,gmina,Bolesław,powiat dąbrowski,58.26%
38,Bezradność w sprawach opiekuńczo-wychowawczych i prowadzenia gosp. dom.,2010,gmina,Dąbrowa Tarnowska,powiat dąbrowski,23.04%
38,Bezradność w sprawach opiekuńczo-wychowawczych i prowadzenia gosp. dom.,2010,gmina,Gręboszów,powiat dąbrowski,34.32%
38,Bezradność w sprawach opiekuńczo-wychowawczych i prowadzenia gosp. dom.,2010,gmina,Mędrzechów,powiat dąbrowski,53.07%
38,Bezradność w sprawach opiekuńczo-wychowawczych i prowadzenia gosp. dom.,2010,gmina,Olesno,powiat dąbrowski,43.17%
38,Bezradność w sprawach opiekuńczo-wychowawczych i prowadzenia gosp. dom.,2010,gmina,Radgoszcz,powiat dąbrowski,5.77%
38,Bezradność w sprawach opiekuńczo-wychowawczych i prowadzenia gosp. dom.,2010,gmina,Szczucin,powiat dąbrowski,27.99%
38,Bezradność w sprawach opiekuńczo-wychowawczych i prowadzenia gosp. dom.,2010,powiat,powiat gorlicki,powiat gorlicki,13.51%
38,Bezradność w sprawach opiekuńczo-wychowawczych i prowadzenia gosp. dom.,2010,gmina,Biecz,powiat gorlicki,11.05%
38,Bezradność w sprawach opiekuńczo-wychowawczych i prowadzenia gosp. dom.,2010,gmina,Bobowa,powiat gorlicki,4.69%
38,Bezradność w sprawach opiekuńczo-wychowawczych i prowadzenia gosp. dom.,2010,gmina,Gorlice (miasto),powiat gorlicki,33.43%
38,Bezradność w sprawach opiekuńczo-wychowawczych i prowadzenia gosp. dom.,2010,gmina,Gorlice (wieś),powiat gorlicki,9.76%
38,Bezradność w sprawach opiekuńczo-wychowawczych i prowadzenia gosp. dom.,2010,gmina,Lipinki,powiat gorlicki,23.42%
38,Bezradność w sprawach opiekuńczo-wychowawczych i prowadzenia gosp. dom.,2010,gmina,Łużna,powiat gorlicki,12.18%
38,Bezradność w sprawach opiekuńczo-wychowawczych i prowadzenia gosp. dom.,2010,gmina,Moszczenica,powiat gorlicki,9.30%
38,Bezradność w sprawach opiekuńczo-wychowawczych i prowadzenia gosp. dom.,2010,gmina,Ropa,powiat gorlicki,7.76%
38,Bezradność w sprawach opiekuńczo-wychowawczych i prowadzenia gosp. dom.,2010,gmina,Sękowa,powiat gorlicki,20.72%
38,Bezradność w sprawach opiekuńczo-wychowawczych i prowadzenia gosp. dom.,2010,gmina,Uście Gorlickie,powiat gorlicki,3.95%
38,Bezradność w sprawach opiekuńczo-wychowawczych i prowadzenia gosp. dom.,2010,powiat,powiat krakowski,powiat krakowski,25.49%
38,Bezradność w sprawach opiekuńczo-wychowawczych i prowadzenia gosp. dom.,2010,gmina,Czernichów,powiat krakowski,17.42%
38,Bezradność w sprawach opiekuńczo-wychowawczych i prowadzenia gosp. dom.,2010,gmina,Igołomia-Wawrzeńczyce,powiat krakowski,25.75%
38,Bezradność w sprawach opiekuńczo-wychowawczych i prowadzenia gosp. dom.,2010,gmina,Iwanowice,powiat krakowski,37.44%
38,Bezradność w sprawach opiekuńczo-wychowawczych i prowadzenia gosp. dom.,2010,gmina,Jerzmanowice-Przeginia,powiat krakowski,15.44%
38,Bezradność w sprawach opiekuńczo-wychowawczych i prowadzenia gosp. dom.,2010,gmina,Kocmyrzów-Luborzyca,powiat krakowski,57.89%
38,Bezradność w sprawach opiekuńczo-wychowawczych i prowadzenia gosp. dom.,2010,gmina,Krzeszowice,powiat krakowski,26.07%
38,Bezradność w sprawach opiekuńczo-wychowawczych i prowadzenia gosp. dom.,2010,gmina,Liszki,powiat krakowski,51.81%
38,Bezradność w sprawach opiekuńczo-wychowawczych i prowadzenia gosp. dom.,2010,gmina,Michałowice,powiat krakowski,16.09%
38,Bezradność w sprawach opiekuńczo-wychowawczych i prowadzenia gosp. dom.,2010,gmina,Mogilany,powiat krakowski,9.34%
38,Bezradność w sprawach opiekuńczo-wychowawczych i prowadzenia gosp. dom.,2010,gmina,Skała,powiat krakowski,74.86%
38,Bezradność w sprawach opiekuńczo-wychowawczych i prowadzenia gosp. dom.,2010,gmina,Skawina,powiat krakowski,13.58%
38,Bezradność w sprawach opiekuńczo-wychowawczych i prowadzenia gosp. dom.,2010,gmina,Słomniki,powiat krakowski,7.63%
38,Bezradność w sprawach opiekuńczo-wychowawczych i prowadzenia gosp. dom.,2010,gmina,Sułoszowa,powiat krakowski,42.86%
38,Bezradność w sprawach opiekuńczo-wychowawczych i prowadzenia gosp. dom.,2010,gmina,Świątniki Górne,powiat krakowski,16.21%
38,Bezradność w sprawach opiekuńczo-wychowawczych i prowadzenia gosp. dom.,2010,gmina,Wielka Wieś,powiat krakowski,59.87%
38,Bezradność w sprawach opiekuńczo-wychowawczych i prowadzenia gosp. dom.,2010,gmina,Zabierzów,powiat krakowski,37.79%
38,Bezradność w sprawach opiekuńczo-wychowawczych i prowadzenia gosp. dom.,2010,gmina,Zielonki,powiat krakowski,23.21%
38,Bezradność w sprawach opiekuńczo-wychowawczych i prowadzenia gosp. dom.,2010,powiat,powiat limanowski,powiat limanowski,30.79%
38,Bezradność w sprawach opiekuńczo-wychowawczych i prowadzenia gosp. dom.,2010,gmina,Dobra,powiat limanowski,10.18%
38,Bezradność w sprawach opiekuńczo-wychowawczych i prowadzenia gosp. dom.,2010,gmina,Jodłownik,powiat limanowski,29.49%
38,Bezradność w sprawach opiekuńczo-wychowawczych i prowadzenia gosp. dom.,2010,gmina,Kamienica,powiat limanowski,52.06%
38,Bezradność w sprawach opiekuńczo-wychowawczych i prowadzenia gosp. dom.,2010,gmina,Laskowa,powiat limanowski,88.53%
38,Bezradność w sprawach opiekuńczo-wychowawczych i prowadzenia gosp. dom.,2010,gmina,Limanowa (miasto),powiat limanowski,25.64%
38,Bezradność w sprawach opiekuńczo-wychowawczych i prowadzenia gosp. dom.,2010,gmina,Limanowa (wieś),powiat limanowski,18.00%
38,Bezradność w sprawach opiekuńczo-wychowawczych i prowadzenia gosp. dom.,2010,gmina,Łukowica,powiat limanowski,3.43%
38,Bezradność w sprawach opiekuńczo-wychowawczych i prowadzenia gosp. dom.,2010,gmina,Mszana Dolna (miasto),powiat limanowski,30.23%
38,Bezradność w sprawach opiekuńczo-wychowawczych i prowadzenia gosp. dom.,2010,gmina,Mszana Dolna (wieś),powiat limanowski,69.32%
38,Bezradność w sprawach opiekuńczo-wychowawczych i prowadzenia gosp. dom.,2010,gmina,Niedźwiedź,powiat limanowski,44.18%
38,Bezradność w sprawach opiekuńczo-wychowawczych i prowadzenia gosp. dom.,2010,gmina,Słopnice,powiat limanowski,13.93%
38,Bezradność w sprawach opiekuńczo-wychowawczych i prowadzenia gosp. dom.,2010,gmina,Tymbark,powiat limanowski,11.24%
38,Bezradność w sprawach opiekuńczo-wychowawczych i prowadzenia gosp. dom.,2010,powiat,powiat m. Kraków,powiat m. Kraków,35.07%
38,Bezradność w sprawach opiekuńczo-wychowawczych i prowadzenia gosp. dom.,2010,powiat,powiat m. Nowy Sącz,powiat m. Nowy Sącz,35.81%
38,Bezradność w sprawach opiekuńczo-wychowawczych i prowadzenia gosp. dom.,2010,powiat,powiat m. Tarnów,powiat m. Tarnów,24.62%
38,Bezradność w sprawach opiekuńczo-wychowawczych i prowadzenia gosp. dom.,2010,powiat,powiat miechowski,powiat miechowski,22.25%
38,Bezradność w sprawach opiekuńczo-wychowawczych i prowadzenia gosp. dom.,2010,gmina,Charsznica,powiat miechowski,16.93%
38,Bezradność w sprawach opiekuńczo-wychowawczych i prowadzenia gosp. dom.,2010,gmina,Gołcza,powiat miechowski,24.69%
38,Bezradność w sprawach opiekuńczo-wychowawczych i prowadzenia gosp. dom.,2010,gmina,Kozłów,powiat miechowski,15.42%
38,Bezradność w sprawach opiekuńczo-wychowawczych i prowadzenia gosp. dom.,2010,gmina,Książ Wielki,powiat miechowski,45.95%
38,Bezradność w sprawach opiekuńczo-wychowawczych i prowadzenia gosp. dom.,2010,gmina,Miechów,powiat miechowski,19.50%
38,Bezradność w sprawach opiekuńczo-wychowawczych i prowadzenia gosp. dom.,2010,gmina,Racławice,powiat miechowski,41.96%
38,Bezradność w sprawach opiekuńczo-wychowawczych i prowadzenia gosp. dom.,2010,gmina,Słaboszów,powiat miechowski,23.99%
38,Bezradność w sprawach opiekuńczo-wychowawczych i prowadzenia gosp. dom.,2010,powiat,powiat myślenicki,powiat myślenicki,22.53%
38,Bezradność w sprawach opiekuńczo-wychowawczych i prowadzenia gosp. dom.,2010,gmina,Dobczyce,powiat myślenicki,19.19%
38,Bezradność w sprawach opiekuńczo-wychowawczych i prowadzenia gosp. dom.,2010,gmina,Lubień,powiat myślenicki,11.92%
38,Bezradność w sprawach opiekuńczo-wychowawczych i prowadzenia gosp. dom.,2010,gmina,Myślenice,powiat myślenicki,24.26%
38,Bezradność w sprawach opiekuńczo-wychowawczych i prowadzenia gosp. dom.,2010,gmina,Pcim,powiat myślenicki,50.69%
38,Bezradność w sprawach opiekuńczo-wychowawczych i prowadzenia gosp. dom.,2010,gmina,Raciechowice,powiat myślenicki,27.01%
38,Bezradność w sprawach opiekuńczo-wychowawczych i prowadzenia gosp. dom.,2010,gmina,Siepraw,powiat myślenicki,30.17%
38,Bezradność w sprawach opiekuńczo-wychowawczych i prowadzenia gosp. dom.,2010,gmina,Sułkowice,powiat myślenicki,32.75%
38,Bezradność w sprawach opiekuńczo-wychowawczych i prowadzenia gosp. dom.,2010,gmina,Tokarnia,powiat myślenicki,3.81%
38,Bezradność w sprawach opiekuńczo-wychowawczych i prowadzenia gosp. dom.,2010,gmina,Wiśniowa,powiat myślenicki,7.29%
38,Bezradność w sprawach opiekuńczo-wychowawczych i prowadzenia gosp. dom.,2010,powiat,powiat nowosądecki,powiat nowosądecki,36.31%
38,Bezradność w sprawach opiekuńczo-wychowawczych i prowadzenia gosp. dom.,2010,gmina,Podegrodzie,powiat nowosądecki,13.11%
38,Bezradność w sprawach opiekuńczo-wychowawczych i prowadzenia gosp. dom.,2010,gmina,Rytro,powiat nowosądecki,28.60%
38,Bezradność w sprawach opiekuńczo-wychowawczych i prowadzenia gosp. dom.,2010,gmina,Stary Sącz,powiat nowosądecki,18.01%
38,Bezradność w sprawach opiekuńczo-wychowawczych i prowadzenia gosp. dom.,2010,gmina,Chełmiec,powiat nowosądecki,50.85%
38,Bezradność w sprawach opiekuńczo-wychowawczych i prowadzenia gosp. dom.,2010,gmina,Gródek nad Dunajcem,powiat nowosądecki,54.62%
38,Bezradność w sprawach opiekuńczo-wychowawczych i prowadzenia gosp. dom.,2010,gmina,Grybów (miasto),powiat nowosądecki,20.79%
38,Bezradność w sprawach opiekuńczo-wychowawczych i prowadzenia gosp. dom.,2010,gmina,Grybów (wieś),powiat nowosądecki,31.97%
38,Bezradność w sprawach opiekuńczo-wychowawczych i prowadzenia gosp. dom.,2010,gmina,Kamionka Wielka,powiat nowosądecki,33.24%
38,Bezradność w sprawach opiekuńczo-wychowawczych i prowadzenia gosp. dom.,2010,gmina,Korzenna,powiat nowosądecki,64.42%
38,Bezradność w sprawach opiekuńczo-wychowawczych i prowadzenia gosp. dom.,2010,gmina,Krynica-Zdrój,powiat nowosądecki,9.26%
38,Bezradność w sprawach opiekuńczo-wychowawczych i prowadzenia gosp. dom.,2010,gmina,Łabowa,powiat nowosądecki,15.86%
38,Bezradność w sprawach opiekuńczo-wychowawczych i prowadzenia gosp. dom.,2010,gmina,Łącko,powiat nowosądecki,11.65%
38,Bezradność w sprawach opiekuńczo-wychowawczych i prowadzenia gosp. dom.,2010,gmina,Łososina Dolna,powiat nowosądecki,81.43%
38,Bezradność w sprawach opiekuńczo-wychowawczych i prowadzenia gosp. dom.,2010,gmina,Muszyna,powiat nowosądecki,3.61%
38,Bezradność w sprawach opiekuńczo-wychowawczych i prowadzenia gosp. dom.,2010,gmina,Nawojowa,powiat nowosądecki,16.82%
38,Bezradność w sprawach opiekuńczo-wychowawczych i prowadzenia gosp. dom.,2010,gmina,Piwniczna-Zdrój,powiat nowosądecki,56.23%
38,Bezradność w sprawach opiekuńczo-wychowawczych i prowadzenia gosp. dom.,2010,powiat,powiat nowotarski,powiat nowotarski,37.94%
38,Bezradność w sprawach opiekuńczo-wychowawczych i prowadzenia gosp. dom.,2010,gmina,Czarny Dunajec,powiat nowotarski,12.74%
38,Bezradność w sprawach opiekuńczo-wychowawczych i prowadzenia gosp. dom.,2010,gmina,Czorsztyn,powiat nowotarski,55.85%
38,Bezradność w sprawach opiekuńczo-wychowawczych i prowadzenia gosp. dom.,2010,gmina,Jabłonka,powiat nowotarski,54.26%
38,Bezradność w sprawach opiekuńczo-wychowawczych i prowadzenia gosp. dom.,2010,gmina,Krościenko nad Dunajcem,powiat nowotarski,11.08%
38,Bezradność w sprawach opiekuńczo-wychowawczych i prowadzenia gosp. dom.,2010,gmina,Lipnica Wielka,powiat nowotarski,58.03%
38,Bezradność w sprawach opiekuńczo-wychowawczych i prowadzenia gosp. dom.,2010,gmina,Łapsze Niżne,powiat nowotarski,13.03%
38,Bezradność w sprawach opiekuńczo-wychowawczych i prowadzenia gosp. dom.,2010,gmina,Nowy Targ (miasto),powiat nowotarski,17.73%
38,Bezradność w sprawach opiekuńczo-wychowawczych i prowadzenia gosp. dom.,2010,gmina,Nowy Targ (wieś),powiat nowotarski,73.81%
38,Bezradność w sprawach opiekuńczo-wychowawczych i prowadzenia gosp. dom.,2010,gmina,Ochotnica Dolna,powiat nowotarski,60.93%
38,Bezradność w sprawach opiekuńczo-wychowawczych i prowadzenia gosp. dom.,2010,gmina,Raba Wyżna,powiat nowotarski,4.35%
38,Bezradność w sprawach opiekuńczo-wychowawczych i prowadzenia gosp. dom.,2010,gmina,Rabka-Zdrój,powiat nowotarski,67.51%
38,Bezradność w sprawach opiekuńczo-wychowawczych i prowadzenia gosp. dom.,2010,gmina,Spytkowice,powiat nowotarski,18.30%
38,Bezradność w sprawach opiekuńczo-wychowawczych i prowadzenia gosp. dom.,2010,gmina,Szaflary,powiat nowotarski,71.32%
38,Bezradność w sprawach opiekuńczo-wychowawczych i prowadzenia gosp. dom.,2010,gmina,Szczawnica,powiat nowotarski,38.40%
38,Bezradność w sprawach opiekuńczo-wychowawczych i prowadzenia gosp. dom.,2010,powiat,powiat olkuski,powiat olkuski,30.32%
38,Bezradność w sprawach opiekuńczo-wychowawczych i prowadzenia gosp. dom.,2010,gmina,Bolesław,powiat olkuski,36.63%
38,Bezradność w sprawach opiekuńczo-wychowawczych i prowadzenia gosp. dom.,2010,gmina,Bukowno,powiat olkuski,35.45%
38,Bezradność w sprawach opiekuńczo-wychowawczych i prowadzenia gosp. dom.,2010,gmina,Klucze,powiat olkuski,35.68%
38,Bezradność w sprawach opiekuńczo-wychowawczych i prowadzenia gosp. dom.,2010,gmina,Olkusz,powiat olkuski,21.30%
38,Bezradność w sprawach opiekuńczo-wychowawczych i prowadzenia gosp. dom.,2010,gmina,Trzyciąż,powiat olkuski,31.54%
38,Bezradność w sprawach opiekuńczo-wychowawczych i prowadzenia gosp. dom.,2010,gmina,Wolbrom,powiat olkuski,46.05%
38,Bezradność w sprawach opiekuńczo-wychowawczych i prowadzenia gosp. dom.,2010,powiat,powiat oświęcimski,powiat oświęcimski,41.95%
38,Bezradność w sprawach opiekuńczo-wychowawczych i prowadzenia gosp. dom.,2010,gmina,Brzeszcze,powiat oświęcimski,41.89%
38,Bezradność w sprawach opiekuńczo-wychowawczych i prowadzenia gosp. dom.,2010,gmina,Chełmek,powiat oświęcimski,25.74%
38,Bezradność w sprawach opiekuńczo-wychowawczych i prowadzenia gosp. dom.,2010,gmina,Kęty,powiat oświęcimski,35.30%
38,Bezradność w sprawach opiekuńczo-wychowawczych i prowadzenia gosp. dom.,2010,gmina,Osiek,powiat oświęcimski,68.22%
38,Bezradność w sprawach opiekuńczo-wychowawczych i prowadzenia gosp. dom.,2010,gmina,Oświęcim (miasto),powiat oświęcimski,58.00%
38,Bezradność w sprawach opiekuńczo-wychowawczych i prowadzenia gosp. dom.,2010,gmina,Oświęcim (wieś),powiat oświęcimski,27.15%
38,Bezradność w sprawach opiekuńczo-wychowawczych i prowadzenia gosp. dom.,2010,gmina,Polanka Wielka,powiat oświęcimski,49.22%
38,Bezradność w sprawach opiekuńczo-wychowawczych i prowadzenia gosp. dom.,2010,gmina,Przeciszów,powiat oświęcimski,38.98%
38,Bezradność w sprawach opiekuńczo-wychowawczych i prowadzenia gosp. dom.,2010,gmina,Zator,powiat oświęcimski,10.10%
38,Bezradność w sprawach opiekuńczo-wychowawczych i prowadzenia gosp. dom.,2010,powiat,powiat proszowicki,powiat proszowicki,15.32%
38,Bezradność w sprawach opiekuńczo-wychowawczych i prowadzenia gosp. dom.,2010,gmina,Koniusza,powiat proszowicki,14.92%
38,Bezradność w sprawach opiekuńczo-wychowawczych i prowadzenia gosp. dom.,2010,gmina,Koszyce,powiat proszowicki,3.76%
38,Bezradność w sprawach opiekuńczo-wychowawczych i prowadzenia gosp. dom.,2010,gmina,Nowe Brzesko,powiat proszowicki,31.49%
38,Bezradność w sprawach opiekuńczo-wychowawczych i prowadzenia gosp. dom.,2010,gmina,Pałecznica,powiat proszowicki,6.61%
38,Bezradność w sprawach opiekuńczo-wychowawczych i prowadzenia gosp. dom.,2010,gmina,Proszowice,powiat proszowicki,21.45%
38,Bezradność w sprawach opiekuńczo-wychowawczych i prowadzenia gosp. dom.,2010,gmina,Radziemice,powiat proszowicki,26.67%
38,Bezradność w sprawach opiekuńczo-wychowawczych i prowadzenia gosp. dom.,2010,powiat,powiat suski,powiat suski,42.64%
38,Bezradność w sprawach opiekuńczo-wychowawczych i prowadzenia gosp. dom.,2010,gmina,Budzów,powiat suski,1.83%
38,Bezradność w sprawach opiekuńczo-wychowawczych i prowadzenia gosp. dom.,2010,gmina,Bystra-Sidzina,powiat suski,9.81%
38,Bezradność w sprawach opiekuńczo-wychowawczych i prowadzenia gosp. dom.,2010,gmina,Jordanów (miasto),powiat suski,79.54%
38,Bezradność w sprawach opiekuńczo-wychowawczych i prowadzenia gosp. dom.,2010,gmina,Jordanów (wieś),powiat suski,86.07%
38,Bezradność w sprawach opiekuńczo-wychowawczych i prowadzenia gosp. dom.,2010,gmina,Maków Podhalański,powiat suski,25.76%
38,Bezradność w sprawach opiekuńczo-wychowawczych i prowadzenia gosp. dom.,2010,gmina,Stryszawa,powiat suski,21.14%
38,Bezradność w sprawach opiekuńczo-wychowawczych i prowadzenia gosp. dom.,2010,gmina,Sucha Beskidzka,powiat suski,41.79%
38,Bezradność w sprawach opiekuńczo-wychowawczych i prowadzenia gosp. dom.,2010,gmina,Zawoja,powiat suski,25.52%
38,Bezradność w sprawach opiekuńczo-wychowawczych i prowadzenia gosp. dom.,2010,gmina,Zembrzyce,powiat suski,22.22%
38,Bezradność w sprawach opiekuńczo-wychowawczych i prowadzenia gosp. dom.,2010,powiat,powiat tarnowski,powiat tarnowski,41.96%
38,Bezradność w sprawach opiekuńczo-wychowawczych i prowadzenia gosp. dom.,2010,gmina,Ciężkowice,powiat tarnowski,47.89%
38,Bezradność w sprawach opiekuńczo-wychowawczych i prowadzenia gosp. dom.,2010,gmina,Gromnik,powiat tarnowski,41.41%
38,Bezradność w sprawach opiekuńczo-wychowawczych i prowadzenia gosp. dom.,2010,gmina,Lisia Góra,powiat tarnowski,75.25%
38,Bezradność w sprawach opiekuńczo-wychowawczych i prowadzenia gosp. dom.,2010,gmina,Pleśna,powiat tarnowski,39.20%
38,Bezradność w sprawach opiekuńczo-wychowawczych i prowadzenia gosp. dom.,2010,gmina,Radłów,powiat tarnowski,39.35%
38,Bezradność w sprawach opiekuńczo-wychowawczych i prowadzenia gosp. dom.,2010,gmina,Ryglice,powiat tarnowski,48.23%
38,Bezradność w sprawach opiekuńczo-wychowawczych i prowadzenia gosp. dom.,2010,gmina,Rzepiennik Strzyżewski,powiat tarnowski,5.96%
38,Bezradność w sprawach opiekuńczo-wychowawczych i prowadzenia gosp. dom.,2010,gmina,Skrzyszów,powiat tarnowski,44.59%
38,Bezradność w sprawach opiekuńczo-wychowawczych i prowadzenia gosp. dom.,2010,gmina,Szerzyny,powiat tarnowski,87.88%
38,Bezradność w sprawach opiekuńczo-wychowawczych i prowadzenia gosp. dom.,2010,gmina,Tarnów (wieś),powiat tarnowski,11.57%
38,Bezradność w sprawach opiekuńczo-wychowawczych i prowadzenia gosp. dom.,2010,gmina,Tuchów,powiat tarnowski,49.01%
38,Bezradność w sprawach opiekuńczo-wychowawczych i prowadzenia gosp. dom.,2010,gmina,Wierzchosławice,powiat tarnowski,20.75%
38,Bezradność w sprawach opiekuńczo-wychowawczych i prowadzenia gosp. dom.,2010,gmina,Wietrzychowice,powiat tarnowski,37.64%
38,Bezradność w sprawach opiekuńczo-wychowawczych i prowadzenia gosp. dom.,2010,gmina,Wojnicz,powiat tarnowski,50.28%
38,Bezradność w sprawach opiekuńczo-wychowawczych i prowadzenia gosp. dom.,2010,gmina,Zakliczyn,powiat tarnowski,64.19%
38,Bezradność w sprawach opiekuńczo-wychowawczych i prowadzenia gosp. dom.,2010,gmina,Żabno,powiat tarnowski,20.04%
38,Bezradność w sprawach opiekuńczo-wychowawczych i prowadzenia gosp. dom.,2010,powiat,powiat tatrzański,powiat tatrzański,41.47%
38,Bezradność w sprawach opiekuńczo-wychowawczych i prowadzenia gosp. dom.,2010,gmina,Biały Dunajec,powiat tatrzański,40.35%
38,Bezradność w sprawach opiekuńczo-wychowawczych i prowadzenia gosp. dom.,2010,gmina,Bukowina Tatrzańska,powiat tatrzański,60.77%
38,Bezradność w sprawach opiekuńczo-wychowawczych i prowadzenia gosp. dom.,2010,gmina,Kościelisko,powiat tatrzański,51.06%
38,Bezradność w sprawach opiekuńczo-wychowawczych i prowadzenia gosp. dom.,2010,gmina,Poronin,powiat tatrzański,59.75%
38,Bezradność w sprawach opiekuńczo-wychowawczych i prowadzenia gosp. dom.,2010,gmina,Zakopane,powiat tatrzański,28.60%
38,Bezradność w sprawach opiekuńczo-wychowawczych i prowadzenia gosp. dom.,2010,powiat,powiat wadowicki,powiat wadowicki,29.85%
38,Bezradność w sprawach opiekuńczo-wychowawczych i prowadzenia gosp. dom.,2010,gmina,Andrychów,powiat wadowicki,22.11%
38,Bezradność w sprawach opiekuńczo-wychowawczych i prowadzenia gosp. dom.,2010,gmina,Brzeźnica,powiat wadowicki,38.33%
38,Bezradność w sprawach opiekuńczo-wychowawczych i prowadzenia gosp. dom.,2010,gmina,Kalwaria Zebrzydowska,powiat wadowicki,49.79%
38,Bezradność w sprawach opiekuńczo-wychowawczych i prowadzenia gosp. dom.,2010,gmina,Lanckorona,powiat wadowicki,35.82%
38,Bezradność w sprawach opiekuńczo-wychowawczych i prowadzenia gosp. dom.,2010,gmina,Mucharz,powiat wadowicki,23.28%
38,Bezradność w sprawach opiekuńczo-wychowawczych i prowadzenia gosp. dom.,2010,gmina,Spytkowice,powiat wadowicki,48.41%
38,Bezradność w sprawach opiekuńczo-wychowawczych i prowadzenia gosp. dom.,2010,gmina,Stryszów,powiat wadowicki,24.29%
38,Bezradność w sprawach opiekuńczo-wychowawczych i prowadzenia gosp. dom.,2010,gmina,Tomice,powiat wadowicki,42.12%
38,Bezradność w sprawach opiekuńczo-wychowawczych i prowadzenia gosp. dom.,2010,gmina,Wadowice,powiat wadowicki,27.13%
38,Bezradność w sprawach opiekuńczo-wychowawczych i prowadzenia gosp. dom.,2010,gmina,Wieprz,powiat wadowicki,4.68%
38,Bezradność w sprawach opiekuńczo-wychowawczych i prowadzenia gosp. dom.,2010,powiat,powiat wielicki,powiat wielicki,17.14%
38,Bezradność w sprawach opiekuńczo-wychowawczych i prowadzenia gosp. dom.,2010,gmina,Biskupice,powiat wielicki,40.13%
38,Bezradność w sprawach opiekuńczo-wychowawczych i prowadzenia gosp. dom.,2010,gmina,Gdów,powiat wielicki,17.49%
38,Bezradność w sprawach opiekuńczo-wychowawczych i prowadzenia gosp. dom.,2010,gmina,Kłaj,powiat wielicki,23.91%
38,Bezradność w sprawach opiekuńczo-wychowawczych i prowadzenia gosp. dom.,2010,gmina,Niepołomice,powiat wielicki,15.94%
38,Bezradność w sprawach opiekuńczo-wychowawczych i prowadzenia gosp. dom.,2010,gmina,Wieliczka,powiat wielicki,13.03%
38,Bezradność w sprawach opiekuńczo-wychowawczych i prowadzenia gosp. dom.,2009,powiat,powiat bocheński,powiat bocheński,34.92%
38,Bezradność w sprawach opiekuńczo-wychowawczych i prowadzenia gosp. dom.,2009,gmina,Bochnia (miasto),powiat bocheński,45.00%
38,Bezradność w sprawach opiekuńczo-wychowawczych i prowadzenia gosp. dom.,2009,gmina,Bochnia (wieś),powiat bocheński,12.00%
38,Bezradność w sprawach opiekuńczo-wychowawczych i prowadzenia gosp. dom.,2009,gmina,Drwinia,powiat bocheński,8.00%
38,Bezradność w sprawach opiekuńczo-wychowawczych i prowadzenia gosp. dom.,2009,gmina,Lipnica Murowana,powiat bocheński,27.00%
38,Bezradność w sprawach opiekuńczo-wychowawczych i prowadzenia gosp. dom.,2009,gmina,Łapanów,powiat bocheński,22.00%
38,Bezradność w sprawach opiekuńczo-wychowawczych i prowadzenia gosp. dom.,2009,gmina,Nowy Wiśnicz,powiat bocheński,64.00%
38,Bezradność w sprawach opiekuńczo-wychowawczych i prowadzenia gosp. dom.,2009,gmina,Rzezawa,powiat bocheński,43.00%
38,Bezradność w sprawach opiekuńczo-wychowawczych i prowadzenia gosp. dom.,2009,gmina,Trzciana,powiat bocheński,75.00%
38,Bezradność w sprawach opiekuńczo-wychowawczych i prowadzenia gosp. dom.,2009,gmina,Żegocina,powiat bocheński,66.00%
38,Bezradność w sprawach opiekuńczo-wychowawczych i prowadzenia gosp. dom.,2009,powiat,powiat brzeski,powiat brzeski,40.28%
38,Bezradność w sprawach opiekuńczo-wychowawczych i prowadzenia gosp. dom.,2009,gmina,Borzęcin,powiat brzeski,48.00%
38,Bezradność w sprawach opiekuńczo-wychowawczych i prowadzenia gosp. dom.,2009,gmina,Brzesko,powiat brzeski,55.00%
38,Bezradność w sprawach opiekuńczo-wychowawczych i prowadzenia gosp. dom.,2009,gmina,Czchów,powiat brzeski,84.00%
38,Bezradność w sprawach opiekuńczo-wychowawczych i prowadzenia gosp. dom.,2009,gmina,Dębno,powiat brzeski,20.00%
38,Bezradność w sprawach opiekuńczo-wychowawczych i prowadzenia gosp. dom.,2009,gmina,Gnojnik,powiat brzeski,6.00%
38,Bezradność w sprawach opiekuńczo-wychowawczych i prowadzenia gosp. dom.,2009,gmina,Iwkowa,powiat brzeski,13.00%
38,Bezradność w sprawach opiekuńczo-wychowawczych i prowadzenia gosp. dom.,2009,gmina,Szczurowa,powiat brzeski,38.00%
38,Bezradność w sprawach opiekuńczo-wychowawczych i prowadzenia gosp. dom.,2009,powiat,powiat chrzanowski,powiat chrzanowski,35.79%
38,Bezradność w sprawach opiekuńczo-wychowawczych i prowadzenia gosp. dom.,2009,gmina,Alwernia,powiat chrzanowski,27.00%
38,Bezradność w sprawach opiekuńczo-wychowawczych i prowadzenia gosp. dom.,2009,gmina,Babice,powiat chrzanowski,20.00%
38,Bezradność w sprawach opiekuńczo-wychowawczych i prowadzenia gosp. dom.,2009,gmina,Chrzanów,powiat chrzanowski,46.00%
38,Bezradność w sprawach opiekuńczo-wychowawczych i prowadzenia gosp. dom.,2009,gmina,Libiąż,powiat chrzanowski,38.00%
38,Bezradność w sprawach opiekuńczo-wychowawczych i prowadzenia gosp. dom.,2009,gmina,Trzebinia,powiat chrzanowski,32.00%
38,Bezradność w sprawach opiekuńczo-wychowawczych i prowadzenia gosp. dom.,2009,powiat,powiat dąbrowski,powiat dąbrowski,26.49%
38,Bezradność w sprawach opiekuńczo-wychowawczych i prowadzenia gosp. dom.,2009,gmina,Bolesław,powiat dąbrowski,51.00%
38,Bezradność w sprawach opiekuńczo-wychowawczych i prowadzenia gosp. dom.,2009,gmina,Dąbrowa Tarnowska,powiat dąbrowski,27.00%
38,Bezradność w sprawach opiekuńczo-wychowawczych i prowadzenia gosp. dom.,2009,gmina,Gręboszów,powiat dąbrowski,35.00%
38,Bezradność w sprawach opiekuńczo-wychowawczych i prowadzenia gosp. dom.,2009,gmina,Mędrzechów,powiat dąbrowski,54.00%
38,Bezradność w sprawach opiekuńczo-wychowawczych i prowadzenia gosp. dom.,2009,gmina,Olesno,powiat dąbrowski,38.00%
38,Bezradność w sprawach opiekuńczo-wychowawczych i prowadzenia gosp. dom.,2009,gmina,Radgoszcz,powiat dąbrowski,4.00%
38,Bezradność w sprawach opiekuńczo-wychowawczych i prowadzenia gosp. dom.,2009,gmina,Szczucin,powiat dąbrowski,28.00%
38,Bezradność w sprawach opiekuńczo-wychowawczych i prowadzenia gosp. dom.,2009,powiat,powiat gorlicki,powiat gorlicki,27.08%
38,Bezradność w sprawach opiekuńczo-wychowawczych i prowadzenia gosp. dom.,2009,gmina,Biecz,powiat gorlicki,42.00%
38,Bezradność w sprawach opiekuńczo-wychowawczych i prowadzenia gosp. dom.,2009,gmina,Bobowa,powiat gorlicki,34.00%
38,Bezradność w sprawach opiekuńczo-wychowawczych i prowadzenia gosp. dom.,2009,gmina,Gorlice (miasto),powiat gorlicki,35.00%
38,Bezradność w sprawach opiekuńczo-wychowawczych i prowadzenia gosp. dom.,2009,gmina,Gorlice (wieś),powiat gorlicki,29.00%
38,Bezradność w sprawach opiekuńczo-wychowawczych i prowadzenia gosp. dom.,2009,gmina,Lipinki,powiat gorlicki,24.00%
38,Bezradność w sprawach opiekuńczo-wychowawczych i prowadzenia gosp. dom.,2009,gmina,Łużna,powiat gorlicki,17.00%
38,Bezradność w sprawach opiekuńczo-wychowawczych i prowadzenia gosp. dom.,2009,gmina,Moszczenica,powiat gorlicki,10.00%
38,Bezradność w sprawach opiekuńczo-wychowawczych i prowadzenia gosp. dom.,2009,gmina,Ropa,powiat gorlicki,9.00%
38,Bezradność w sprawach opiekuńczo-wychowawczych i prowadzenia gosp. dom.,2009,gmina,Sękowa,powiat gorlicki,48.00%
38,Bezradność w sprawach opiekuńczo-wychowawczych i prowadzenia gosp. dom.,2009,gmina,Uście Gorlickie,powiat gorlicki,6.00%
38,Bezradność w sprawach opiekuńczo-wychowawczych i prowadzenia gosp. dom.,2009,powiat,powiat krakowski,powiat krakowski,27.37%
38,Bezradność w sprawach opiekuńczo-wychowawczych i prowadzenia gosp. dom.,2009,gmina,Czernichów,powiat krakowski,18.00%
38,Bezradność w sprawach opiekuńczo-wychowawczych i prowadzenia gosp. dom.,2009,gmina,Igołomia-Wawrzeńczyce,powiat krakowski,29.00%
38,Bezradność w sprawach opiekuńczo-wychowawczych i prowadzenia gosp. dom.,2009,gmina,Iwanowice,powiat krakowski,27.00%
38,Bezradność w sprawach opiekuńczo-wychowawczych i prowadzenia gosp. dom.,2009,gmina,Jerzmanowice-Przeginia,powiat krakowski,17.00%
38,Bezradność w sprawach opiekuńczo-wychowawczych i prowadzenia gosp. dom.,2009,gmina,Kocmyrzów-Luborzyca,powiat krakowski,69.00%
38,Bezradność w sprawach opiekuńczo-wychowawczych i prowadzenia gosp. dom.,2009,gmina,Krzeszowice,powiat krakowski,32.00%
38,Bezradność w sprawach opiekuńczo-wychowawczych i prowadzenia gosp. dom.,2009,gmina,Liszki,powiat krakowski,56.00%
38,Bezradność w sprawach opiekuńczo-wychowawczych i prowadzenia gosp. dom.,2009,gmina,Michałowice,powiat krakowski,17.00%
38,Bezradność w sprawach opiekuńczo-wychowawczych i prowadzenia gosp. dom.,2009,gmina,Mogilany,powiat krakowski,10.00%
38,Bezradność w sprawach opiekuńczo-wychowawczych i prowadzenia gosp. dom.,2009,gmina,Skała,powiat krakowski,75.00%
38,Bezradność w sprawach opiekuńczo-wychowawczych i prowadzenia gosp. dom.,2009,gmina,Skawina,powiat krakowski,16.00%
38,Bezradność w sprawach opiekuńczo-wychowawczych i prowadzenia gosp. dom.,2009,gmina,Słomniki,powiat krakowski,6.00%
38,Bezradność w sprawach opiekuńczo-wychowawczych i prowadzenia gosp. dom.,2009,gmina,Sułoszowa,powiat krakowski,51.00%
38,Bezradność w sprawach opiekuńczo-wychowawczych i prowadzenia gosp. dom.,2009,gmina,Świątniki Górne,powiat krakowski,20.00%
38,Bezradność w sprawach opiekuńczo-wychowawczych i prowadzenia gosp. dom.,2009,gmina,Wielka Wieś,powiat krakowski,55.00%
38,Bezradność w sprawach opiekuńczo-wychowawczych i prowadzenia gosp. dom.,2009,gmina,Zabierzów,powiat krakowski,39.00%
38,Bezradność w sprawach opiekuńczo-wychowawczych i prowadzenia gosp. dom.,2009,gmina,Zielonki,powiat krakowski,20.00%
38,Bezradność w sprawach opiekuńczo-wychowawczych i prowadzenia gosp. dom.,2009,powiat,powiat limanowski,powiat limanowski,31.82%
38,Bezradność w sprawach opiekuńczo-wychowawczych i prowadzenia gosp. dom.,2009,gmina,Dobra,powiat limanowski,34.00%
38,Bezradność w sprawach opiekuńczo-wychowawczych i prowadzenia gosp. dom.,2009,gmina,Jodłownik,powiat limanowski,25.00%
38,Bezradność w sprawach opiekuńczo-wychowawczych i prowadzenia gosp. dom.,2009,gmina,Kamienica,powiat limanowski,49.00%
38,Bezradność w sprawach opiekuńczo-wychowawczych i prowadzenia gosp. dom.,2009,gmina,Laskowa,powiat limanowski,64.00%
38,Bezradność w sprawach opiekuńczo-wychowawczych i prowadzenia gosp. dom.,2009,gmina,Limanowa (miasto),powiat limanowski,29.00%
38,Bezradność w sprawach opiekuńczo-wychowawczych i prowadzenia gosp. dom.,2009,gmina,Limanowa (wieś),powiat limanowski,22.00%
38,Bezradność w sprawach opiekuńczo-wychowawczych i prowadzenia gosp. dom.,2009,gmina,Łukowica,powiat limanowski,4.00%
38,Bezradność w sprawach opiekuńczo-wychowawczych i prowadzenia gosp. dom.,2009,gmina,Mszana Dolna (miasto),powiat limanowski,26.00%
38,Bezradność w sprawach opiekuńczo-wychowawczych i prowadzenia gosp. dom.,2009,gmina,Mszana Dolna (wieś),powiat limanowski,76.00%
38,Bezradność w sprawach opiekuńczo-wychowawczych i prowadzenia gosp. dom.,2009,gmina,Niedźwiedź,powiat limanowski,47.00%
38,Bezradność w sprawach opiekuńczo-wychowawczych i prowadzenia gosp. dom.,2009,gmina,Słopnice,powiat limanowski,12.00%
38,Bezradność w sprawach opiekuńczo-wychowawczych i prowadzenia gosp. dom.,2009,gmina,Tymbark,powiat limanowski,15.00%
38,Bezradność w sprawach opiekuńczo-wychowawczych i prowadzenia gosp. dom.,2009,powiat,powiat m. Kraków,powiat m. Kraków,35.62%
38,Bezradność w sprawach opiekuńczo-wychowawczych i prowadzenia gosp. dom.,2009,powiat,powiat m. Nowy Sącz,powiat m. Nowy Sącz,35.18%
38,Bezradność w sprawach opiekuńczo-wychowawczych i prowadzenia gosp. dom.,2009,powiat,powiat m. Tarnów,powiat m. Tarnów,25.70%
38,Bezradność w sprawach opiekuńczo-wychowawczych i prowadzenia gosp. dom.,2009,powiat,powiat miechowski,powiat miechowski,22.59%
38,Bezradność w sprawach opiekuńczo-wychowawczych i prowadzenia gosp. dom.,2009,gmina,Charsznica,powiat miechowski,20.00%
38,Bezradność w sprawach opiekuńczo-wychowawczych i prowadzenia gosp. dom.,2009,gmina,Gołcza,powiat miechowski,27.00%
38,Bezradność w sprawach opiekuńczo-wychowawczych i prowadzenia gosp. dom.,2009,gmina,Kozłów,powiat miechowski,28.00%
38,Bezradność w sprawach opiekuńczo-wychowawczych i prowadzenia gosp. dom.,2009,gmina,Książ Wielki,powiat miechowski,43.00%
38,Bezradność w sprawach opiekuńczo-wychowawczych i prowadzenia gosp. dom.,2009,gmina,Miechów,powiat miechowski,18.00%
38,Bezradność w sprawach opiekuńczo-wychowawczych i prowadzenia gosp. dom.,2009,gmina,Racławice,powiat miechowski,51.00%
38,Bezradność w sprawach opiekuńczo-wychowawczych i prowadzenia gosp. dom.,2009,gmina,Słaboszów,powiat miechowski,17.00%
38,Bezradność w sprawach opiekuńczo-wychowawczych i prowadzenia gosp. dom.,2009,powiat,powiat myślenicki,powiat myślenicki,20.92%
38,Bezradność w sprawach opiekuńczo-wychowawczych i prowadzenia gosp. dom.,2009,gmina,Dobczyce,powiat myślenicki,15.00%
38,Bezradność w sprawach opiekuńczo-wychowawczych i prowadzenia gosp. dom.,2009,gmina,Lubień,powiat myślenicki,14.00%
38,Bezradność w sprawach opiekuńczo-wychowawczych i prowadzenia gosp. dom.,2009,gmina,Myślenice,powiat myślenicki,30.00%
38,Bezradność w sprawach opiekuńczo-wychowawczych i prowadzenia gosp. dom.,2009,gmina,Pcim,powiat myślenicki,35.00%
38,Bezradność w sprawach opiekuńczo-wychowawczych i prowadzenia gosp. dom.,2009,gmina,Raciechowice,powiat myślenicki,24.00%
38,Bezradność w sprawach opiekuńczo-wychowawczych i prowadzenia gosp. dom.,2009,gmina,Siepraw,powiat myślenicki,19.00%
38,Bezradność w sprawach opiekuńczo-wychowawczych i prowadzenia gosp. dom.,2009,gmina,Sułkowice,powiat myślenicki,36.00%
38,Bezradność w sprawach opiekuńczo-wychowawczych i prowadzenia gosp. dom.,2009,gmina,Tokarnia,powiat myślenicki,6.00%
38,Bezradność w sprawach opiekuńczo-wychowawczych i prowadzenia gosp. dom.,2009,gmina,Wiśniowa,powiat myślenicki,6.00%
38,Bezradność w sprawach opiekuńczo-wychowawczych i prowadzenia gosp. dom.,2009,powiat,powiat nowosądecki,powiat nowosądecki,36.18%
38,Bezradność w sprawach opiekuńczo-wychowawczych i prowadzenia gosp. dom.,2009,gmina,Podegrodzie,powiat nowosądecki,16.00%
38,Bezradność w sprawach opiekuńczo-wychowawczych i prowadzenia gosp. dom.,2009,gmina,Rytro,powiat nowosądecki,38.00%
38,Bezradność w sprawach opiekuńczo-wychowawczych i prowadzenia gosp. dom.,2009,gmina,Stary Sącz,powiat nowosądecki,18.00%
38,Bezradność w sprawach opiekuńczo-wychowawczych i prowadzenia gosp. dom.,2009,gmina,Chełmiec,powiat nowosądecki,42.00%
38,Bezradność w sprawach opiekuńczo-wychowawczych i prowadzenia gosp. dom.,2009,gmina,Gródek nad Dunajcem,powiat nowosądecki,69.00%
38,Bezradność w sprawach opiekuńczo-wychowawczych i prowadzenia gosp. dom.,2009,gmina,Grybów (miasto),powiat nowosądecki,20.00%
38,Bezradność w sprawach opiekuńczo-wychowawczych i prowadzenia gosp. dom.,2009,gmina,Grybów (wieś),powiat nowosądecki,14.00%
38,Bezradność w sprawach opiekuńczo-wychowawczych i prowadzenia gosp. dom.,2009,gmina,Kamionka Wielka,powiat nowosądecki,31.00%
38,Bezradność w sprawach opiekuńczo-wychowawczych i prowadzenia gosp. dom.,2009,gmina,Korzenna,powiat nowosądecki,70.00%
38,Bezradność w sprawach opiekuńczo-wychowawczych i prowadzenia gosp. dom.,2009,gmina,Krynica-Zdrój,powiat nowosądecki,21.00%
38,Bezradność w sprawach opiekuńczo-wychowawczych i prowadzenia gosp. dom.,2009,gmina,Łabowa,powiat nowosądecki,39.00%
38,Bezradność w sprawach opiekuńczo-wychowawczych i prowadzenia gosp. dom.,2009,gmina,Łącko,powiat nowosądecki,14.00%
38,Bezradność w sprawach opiekuńczo-wychowawczych i prowadzenia gosp. dom.,2009,gmina,Łososina Dolna,powiat nowosądecki,97.00%
38,Bezradność w sprawach opiekuńczo-wychowawczych i prowadzenia gosp. dom.,2009,gmina,Muszyna,powiat nowosądecki,9.00%
38,Bezradność w sprawach opiekuńczo-wychowawczych i prowadzenia gosp. dom.,2009,gmina,Nawojowa,powiat nowosądecki,41.00%
38,Bezradność w sprawach opiekuńczo-wychowawczych i prowadzenia gosp. dom.,2009,gmina,Piwniczna-Zdrój,powiat nowosądecki,57.00%
38,Bezradność w sprawach opiekuńczo-wychowawczych i prowadzenia gosp. dom.,2009,powiat,powiat nowotarski,powiat nowotarski,44.18%
38,Bezradność w sprawach opiekuńczo-wychowawczych i prowadzenia gosp. dom.,2009,gmina,Czarny Dunajec,powiat nowotarski,13.00%
38,Bezradność w sprawach opiekuńczo-wychowawczych i prowadzenia gosp. dom.,2009,gmina,Czorsztyn,powiat nowotarski,50.00%
38,Bezradność w sprawach opiekuńczo-wychowawczych i prowadzenia gosp. dom.,2009,gmina,Jabłonka,powiat nowotarski,52.00%
38,Bezradność w sprawach opiekuńczo-wychowawczych i prowadzenia gosp. dom.,2009,gmina,Krościenko nad Dunajcem,powiat nowotarski,23.00%
38,Bezradność w sprawach opiekuńczo-wychowawczych i prowadzenia gosp. dom.,2009,gmina,Lipnica Wielka,powiat nowotarski,69.00%
38,Bezradność w sprawach opiekuńczo-wychowawczych i prowadzenia gosp. dom.,2009,gmina,Łapsze Niżne,powiat nowotarski,31.00%
38,Bezradność w sprawach opiekuńczo-wychowawczych i prowadzenia gosp. dom.,2009,gmina,Nowy Targ (miasto),powiat nowotarski,25.00%
38,Bezradność w sprawach opiekuńczo-wychowawczych i prowadzenia gosp. dom.,2009,gmina,Nowy Targ (wieś),powiat nowotarski,74.00%
38,Bezradność w sprawach opiekuńczo-wychowawczych i prowadzenia gosp. dom.,2009,gmina,Ochotnica Dolna,powiat nowotarski,62.00%
38,Bezradność w sprawach opiekuńczo-wychowawczych i prowadzenia gosp. dom.,2009,gmina,Raba Wyżna,powiat nowotarski,6.00%
38,Bezradność w sprawach opiekuńczo-wychowawczych i prowadzenia gosp. dom.,2009,gmina,Rabka-Zdrój,powiat nowotarski,74.00%
38,Bezradność w sprawach opiekuńczo-wychowawczych i prowadzenia gosp. dom.,2009,gmina,Spytkowice,powiat nowotarski,26.00%
38,Bezradność w sprawach opiekuńczo-wychowawczych i prowadzenia gosp. dom.,2009,gmina,Szaflary,powiat nowotarski,78.00%
38,Bezradność w sprawach opiekuńczo-wychowawczych i prowadzenia gosp. dom.,2009,gmina,Szczawnica,powiat nowotarski,39.00%
38,Bezradność w sprawach opiekuńczo-wychowawczych i prowadzenia gosp. dom.,2009,powiat,powiat olkuski,powiat olkuski,31.58%
38,Bezradność w sprawach opiekuńczo-wychowawczych i prowadzenia gosp. dom.,2009,gmina,Bolesław,powiat olkuski,40.00%
38,Bezradność w sprawach opiekuńczo-wychowawczych i prowadzenia gosp. dom.,2009,gmina,Bukowno,powiat olkuski,32.00%
38,Bezradność w sprawach opiekuńczo-wychowawczych i prowadzenia gosp. dom.,2009,gmina,Klucze,powiat olkuski,32.00%
38,Bezradność w sprawach opiekuńczo-wychowawczych i prowadzenia gosp. dom.,2009,gmina,Olkusz,powiat olkuski,23.00%
38,Bezradność w sprawach opiekuńczo-wychowawczych i prowadzenia gosp. dom.,2009,gmina,Trzyciąż,powiat olkuski,62.00%
38,Bezradność w sprawach opiekuńczo-wychowawczych i prowadzenia gosp. dom.,2009,gmina,Wolbrom,powiat olkuski,44.00%
38,Bezradność w sprawach opiekuńczo-wychowawczych i prowadzenia gosp. dom.,2009,powiat,powiat oświęcimski,powiat oświęcimski,47.88%
38,Bezradność w sprawach opiekuńczo-wychowawczych i prowadzenia gosp. dom.,2009,gmina,Brzeszcze,powiat oświęcimski,47.00%
38,Bezradność w sprawach opiekuńczo-wychowawczych i prowadzenia gosp. dom.,2009,gmina,Chełmek,powiat oświęcimski,26.00%
38,Bezradność w sprawach opiekuńczo-wychowawczych i prowadzenia gosp. dom.,2009,gmina,Kęty,powiat oświęcimski,36.00%
38,Bezradność w sprawach opiekuńczo-wychowawczych i prowadzenia gosp. dom.,2009,gmina,Osiek,powiat oświęcimski,48.00%
38,Bezradność w sprawach opiekuńczo-wychowawczych i prowadzenia gosp. dom.,2009,gmina,Oświęcim (miasto),powiat oświęcimski,74.00%
38,Bezradność w sprawach opiekuńczo-wychowawczych i prowadzenia gosp. dom.,2009,gmina,Oświęcim (wieś),powiat oświęcimski,27.00%
38,Bezradność w sprawach opiekuńczo-wychowawczych i prowadzenia gosp. dom.,2009,gmina,Polanka Wielka,powiat oświęcimski,52.00%
38,Bezradność w sprawach opiekuńczo-wychowawczych i prowadzenia gosp. dom.,2009,gmina,Przeciszów,powiat oświęcimski,39.00%
38,Bezradność w sprawach opiekuńczo-wychowawczych i prowadzenia gosp. dom.,2009,gmina,Zator,powiat oświęcimski,10.00%
38,Bezradność w sprawach opiekuńczo-wychowawczych i prowadzenia gosp. dom.,2009,powiat,powiat proszowicki,powiat proszowicki,16.77%
38,Bezradność w sprawach opiekuńczo-wychowawczych i prowadzenia gosp. dom.,2009,gmina,Koniusza,powiat proszowicki,15.00%
38,Bezradność w sprawach opiekuńczo-wychowawczych i prowadzenia gosp. dom.,2009,gmina,Koszyce,powiat proszowicki,7.00%
38,Bezradność w sprawach opiekuńczo-wychowawczych i prowadzenia gosp. dom.,2009,gmina,Nowe Brzesko,powiat proszowicki,35.00%
38,Bezradność w sprawach opiekuńczo-wychowawczych i prowadzenia gosp. dom.,2009,gmina,Pałecznica,powiat proszowicki,9.00%
38,Bezradność w sprawach opiekuńczo-wychowawczych i prowadzenia gosp. dom.,2009,gmina,Proszowice,powiat proszowicki,17.00%
38,Bezradność w sprawach opiekuńczo-wychowawczych i prowadzenia gosp. dom.,2009,gmina,Radziemice,powiat proszowicki,45.00%
38,Bezradność w sprawach opiekuńczo-wychowawczych i prowadzenia gosp. dom.,2009,powiat,powiat suski,powiat suski,28.67%
38,Bezradność w sprawach opiekuńczo-wychowawczych i prowadzenia gosp. dom.,2009,gmina,Budzów,powiat suski,4.00%
38,Bezradność w sprawach opiekuńczo-wychowawczych i prowadzenia gosp. dom.,2009,gmina,Bystra-Sidzina,powiat suski,10.00%
38,Bezradność w sprawach opiekuńczo-wychowawczych i prowadzenia gosp. dom.,2009,gmina,Jordanów (miasto),powiat suski,78.00%
38,Bezradność w sprawach opiekuńczo-wychowawczych i prowadzenia gosp. dom.,2009,gmina,Jordanów (wieś),powiat suski,38.00%
38,Bezradność w sprawach opiekuńczo-wychowawczych i prowadzenia gosp. dom.,2009,gmina,Maków Podhalański,powiat suski,30.00%
38,Bezradność w sprawach opiekuńczo-wychowawczych i prowadzenia gosp. dom.,2009,gmina,Stryszawa,powiat suski,18.00%
38,Bezradność w sprawach opiekuńczo-wychowawczych i prowadzenia gosp. dom.,2009,gmina,Sucha Beskidzka,powiat suski,23.00%
38,Bezradność w sprawach opiekuńczo-wychowawczych i prowadzenia gosp. dom.,2009,gmina,Zawoja,powiat suski,26.00%
38,Bezradność w sprawach opiekuńczo-wychowawczych i prowadzenia gosp. dom.,2009,gmina,Zembrzyce,powiat suski,52.00%
38,Bezradność w sprawach opiekuńczo-wychowawczych i prowadzenia gosp. dom.,2009,powiat,powiat tarnowski,powiat tarnowski,31.97%
38,Bezradność w sprawach opiekuńczo-wychowawczych i prowadzenia gosp. dom.,2009,gmina,Ciężkowice,powiat tarnowski,46.00%
38,Bezradność w sprawach opiekuńczo-wychowawczych i prowadzenia gosp. dom.,2009,gmina,Gromnik,powiat tarnowski,39.00%
38,Bezradność w sprawach opiekuńczo-wychowawczych i prowadzenia gosp. dom.,2009,gmina,Lisia Góra,powiat tarnowski,18.00%
38,Bezradność w sprawach opiekuńczo-wychowawczych i prowadzenia gosp. dom.,2009,gmina,Pleśna,powiat tarnowski,31.00%
38,Bezradność w sprawach opiekuńczo-wychowawczych i prowadzenia gosp. dom.,2009,gmina,Radłów,powiat tarnowski,30.00%
38,Bezradność w sprawach opiekuńczo-wychowawczych i prowadzenia gosp. dom.,2009,gmina,Ryglice,powiat tarnowski,44.00%
38,Bezradność w sprawach opiekuńczo-wychowawczych i prowadzenia gosp. dom.,2009,gmina,Rzepiennik Strzyżewski,powiat tarnowski,6.00%
38,Bezradność w sprawach opiekuńczo-wychowawczych i prowadzenia gosp. dom.,2009,gmina,Skrzyszów,powiat tarnowski,47.00%
38,Bezradność w sprawach opiekuńczo-wychowawczych i prowadzenia gosp. dom.,2009,gmina,Szerzyny,powiat tarnowski,52.00%
38,Bezradność w sprawach opiekuńczo-wychowawczych i prowadzenia gosp. dom.,2009,gmina,Tarnów (wieś),powiat tarnowski,9.00%
38,Bezradność w sprawach opiekuńczo-wychowawczych i prowadzenia gosp. dom.,2009,gmina,Tuchów,powiat tarnowski,37.00%
38,Bezradność w sprawach opiekuńczo-wychowawczych i prowadzenia gosp. dom.,2009,gmina,Wierzchosławice,powiat tarnowski,71.00%
38,Bezradność w sprawach opiekuńczo-wychowawczych i prowadzenia gosp. dom.,2009,gmina,Wietrzychowice,powiat tarnowski,42.00%
38,Bezradność w sprawach opiekuńczo-wychowawczych i prowadzenia gosp. dom.,2009,gmina,Wojnicz,powiat tarnowski,45.00%
38,Bezradność w sprawach opiekuńczo-wychowawczych i prowadzenia gosp. dom.,2009,gmina,Zakliczyn,powiat tarnowski,43.00%
38,Bezradność w sprawach opiekuńczo-wychowawczych i prowadzenia gosp. dom.,2009,gmina,Żabno,powiat tarnowski,13.00%
38,Bezradność w sprawach opiekuńczo-wychowawczych i prowadzenia gosp. dom.,2009,powiat,powiat tatrzański,powiat tatrzański,39.49%
38,Bezradność w sprawach opiekuńczo-wychowawczych i prowadzenia gosp. dom.,2009,gmina,Biały Dunajec,powiat tatrzański,32.00%
38,Bezradność w sprawach opiekuńczo-wychowawczych i prowadzenia gosp. dom.,2009,gmina,Bukowina Tatrzańska,powiat tatrzański,61.00%
38,Bezradność w sprawach opiekuńczo-wychowawczych i prowadzenia gosp. dom.,2009,gmina,Kościelisko,powiat tatrzański,51.00%
38,Bezradność w sprawach opiekuńczo-wychowawczych i prowadzenia gosp. dom.,2009,gmina,Poronin,powiat tatrzański,43.00%
38,Bezradność w sprawach opiekuńczo-wychowawczych i prowadzenia gosp. dom.,2009,gmina,Zakopane,powiat tatrzański,31.00%
38,Bezradność w sprawach opiekuńczo-wychowawczych i prowadzenia gosp. dom.,2009,powiat,powiat wadowicki,powiat wadowicki,26.14%
38,Bezradność w sprawach opiekuńczo-wychowawczych i prowadzenia gosp. dom.,2009,gmina,Andrychów,powiat wadowicki,21.00%
38,Bezradność w sprawach opiekuńczo-wychowawczych i prowadzenia gosp. dom.,2009,gmina,Brzeźnica,powiat wadowicki,40.00%
38,Bezradność w sprawach opiekuńczo-wychowawczych i prowadzenia gosp. dom.,2009,gmina,Kalwaria Zebrzydowska,powiat wadowicki,33.00%
38,Bezradność w sprawach opiekuńczo-wychowawczych i prowadzenia gosp. dom.,2009,gmina,Lanckorona,powiat wadowicki,22.00%
38,Bezradność w sprawach opiekuńczo-wychowawczych i prowadzenia gosp. dom.,2009,gmina,Mucharz,powiat wadowicki,23.00%
38,Bezradność w sprawach opiekuńczo-wychowawczych i prowadzenia gosp. dom.,2009,gmina,Spytkowice,powiat wadowicki,42.00%
38,Bezradność w sprawach opiekuńczo-wychowawczych i prowadzenia gosp. dom.,2009,gmina,Stryszów,powiat wadowicki,32.00%
38,Bezradność w sprawach opiekuńczo-wychowawczych i prowadzenia gosp. dom.,2009,gmina,Tomice,powiat wadowicki,46.00%
38,Bezradność w sprawach opiekuńczo-wychowawczych i prowadzenia gosp. dom.,2009,gmina,Wadowice,powiat wadowicki,23.00%
38,Bezradność w sprawach opiekuńczo-wychowawczych i prowadzenia gosp. dom.,2009,gmina,Wieprz,powiat wadowicki,5.00%
38,Bezradność w sprawach opiekuńczo-wychowawczych i prowadzenia gosp. dom.,2009,powiat,powiat wielicki,powiat wielicki,19.07%
38,Bezradność w sprawach opiekuńczo-wychowawczych i prowadzenia gosp. dom.,2009,gmina,Biskupice,powiat wielicki,40.00%
38,Bezradność w sprawach opiekuńczo-wychowawczych i prowadzenia gosp. dom.,2009,gmina,Gdów,powiat wielicki,17.00%
38,Bezradność w sprawach opiekuńczo-wychowawczych i prowadzenia gosp. dom.,2009,gmina,Kłaj,powiat wielicki,27.00%
38,Bezradność w sprawach opiekuńczo-wychowawczych i prowadzenia gosp. dom.,2009,gmina,Niepołomice,powiat wielicki,13.00%
38,Bezradność w sprawach opiekuńczo-wychowawczych i prowadzenia gosp. dom.,2009,gmina,Wieliczka,powiat wielicki,17.00%
38,Bezradność w sprawach opiekuńczo-wychowawczych i prowadzenia gosp. dom.,2008,powiat,powiat bocheński,powiat bocheński,35.47%
38,Bezradność w sprawach opiekuńczo-wychowawczych i prowadzenia gosp. dom.,2008,gmina,Bochnia (miasto),powiat bocheński,41.00%
38,Bezradność w sprawach opiekuńczo-wychowawczych i prowadzenia gosp. dom.,2008,gmina,Bochnia (wieś),powiat bocheński,10.00%
38,Bezradność w sprawach opiekuńczo-wychowawczych i prowadzenia gosp. dom.,2008,gmina,Drwinia,powiat bocheński,6.00%
38,Bezradność w sprawach opiekuńczo-wychowawczych i prowadzenia gosp. dom.,2008,gmina,Lipnica Murowana,powiat bocheński,36.00%
38,Bezradność w sprawach opiekuńczo-wychowawczych i prowadzenia gosp. dom.,2008,gmina,Łapanów,powiat bocheński,24.00%
38,Bezradność w sprawach opiekuńczo-wychowawczych i prowadzenia gosp. dom.,2008,gmina,Nowy Wiśnicz,powiat bocheński,70.00%
38,Bezradność w sprawach opiekuńczo-wychowawczych i prowadzenia gosp. dom.,2008,gmina,Rzezawa,powiat bocheński,49.00%
38,Bezradność w sprawach opiekuńczo-wychowawczych i prowadzenia gosp. dom.,2008,gmina,Trzciana,powiat bocheński,91.00%
38,Bezradność w sprawach opiekuńczo-wychowawczych i prowadzenia gosp. dom.,2008,gmina,Żegocina,powiat bocheński,42.00%
38,Bezradność w sprawach opiekuńczo-wychowawczych i prowadzenia gosp. dom.,2008,powiat,powiat brzeski,powiat brzeski,42.14%
38,Bezradność w sprawach opiekuńczo-wychowawczych i prowadzenia gosp. dom.,2008,gmina,Borzęcin,powiat brzeski,49.00%
38,Bezradność w sprawach opiekuńczo-wychowawczych i prowadzenia gosp. dom.,2008,gmina,Brzesko,powiat brzeski,62.00%
38,Bezradność w sprawach opiekuńczo-wychowawczych i prowadzenia gosp. dom.,2008,gmina,Czchów,powiat brzeski,80.00%
38,Bezradność w sprawach opiekuńczo-wychowawczych i prowadzenia gosp. dom.,2008,gmina,Dębno,powiat brzeski,43.00%
38,Bezradność w sprawach opiekuńczo-wychowawczych i prowadzenia gosp. dom.,2008,gmina,Gnojnik,powiat brzeski,7.00%
38,Bezradność w sprawach opiekuńczo-wychowawczych i prowadzenia gosp. dom.,2008,gmina,Iwkowa,powiat brzeski,10.00%
38,Bezradność w sprawach opiekuńczo-wychowawczych i prowadzenia gosp. dom.,2008,gmina,Szczurowa,powiat brzeski,26.00%
38,Bezradność w sprawach opiekuńczo-wychowawczych i prowadzenia gosp. dom.,2008,powiat,powiat chrzanowski,powiat chrzanowski,34.14%
38,Bezradność w sprawach opiekuńczo-wychowawczych i prowadzenia gosp. dom.,2008,gmina,Alwernia,powiat chrzanowski,23.00%
38,Bezradność w sprawach opiekuńczo-wychowawczych i prowadzenia gosp. dom.,2008,gmina,Babice,powiat chrzanowski,27.00%
38,Bezradność w sprawach opiekuńczo-wychowawczych i prowadzenia gosp. dom.,2008,gmina,Chrzanów,powiat chrzanowski,41.00%
38,Bezradność w sprawach opiekuńczo-wychowawczych i prowadzenia gosp. dom.,2008,gmina,Libiąż,powiat chrzanowski,37.00%
38,Bezradność w sprawach opiekuńczo-wychowawczych i prowadzenia gosp. dom.,2008,gmina,Trzebinia,powiat chrzanowski,32.00%
38,Bezradność w sprawach opiekuńczo-wychowawczych i prowadzenia gosp. dom.,2008,powiat,powiat dąbrowski,powiat dąbrowski,24.74%
38,Bezradność w sprawach opiekuńczo-wychowawczych i prowadzenia gosp. dom.,2008,gmina,Bolesław,powiat dąbrowski,23.00%
38,Bezradność w sprawach opiekuńczo-wychowawczych i prowadzenia gosp. dom.,2008,gmina,Dąbrowa Tarnowska,powiat dąbrowski,24.00%
38,Bezradność w sprawach opiekuńczo-wychowawczych i prowadzenia gosp. dom.,2008,gmina,Gręboszów,powiat dąbrowski,41.00%
38,Bezradność w sprawach opiekuńczo-wychowawczych i prowadzenia gosp. dom.,2008,gmina,Mędrzechów,powiat dąbrowski,49.00%
38,Bezradność w sprawach opiekuńczo-wychowawczych i prowadzenia gosp. dom.,2008,gmina,Olesno,powiat dąbrowski,36.00%
38,Bezradność w sprawach opiekuńczo-wychowawczych i prowadzenia gosp. dom.,2008,gmina,Radgoszcz,powiat dąbrowski,4.00%
38,Bezradność w sprawach opiekuńczo-wychowawczych i prowadzenia gosp. dom.,2008,gmina,Szczucin,powiat dąbrowski,30.00%
38,Bezradność w sprawach opiekuńczo-wychowawczych i prowadzenia gosp. dom.,2008,powiat,powiat gorlicki,powiat gorlicki,18.84%
38,Bezradność w sprawach opiekuńczo-wychowawczych i prowadzenia gosp. dom.,2008,gmina,Biecz,powiat gorlicki,51.00%
38,Bezradność w sprawach opiekuńczo-wychowawczych i prowadzenia gosp. dom.,2008,gmina,Bobowa,powiat gorlicki,4.00%
38,Bezradność w sprawach opiekuńczo-wychowawczych i prowadzenia gosp. dom.,2008,gmina,Gorlice (miasto),powiat gorlicki,29.00%
38,Bezradność w sprawach opiekuńczo-wychowawczych i prowadzenia gosp. dom.,2008,gmina,Gorlice (wieś),powiat gorlicki,24.00%
38,Bezradność w sprawach opiekuńczo-wychowawczych i prowadzenia gosp. dom.,2008,gmina,Lipinki,powiat gorlicki,22.00%
38,Bezradność w sprawach opiekuńczo-wychowawczych i prowadzenia gosp. dom.,2008,gmina,Łużna,powiat gorlicki,17.00%
38,Bezradność w sprawach opiekuńczo-wychowawczych i prowadzenia gosp. dom.,2008,gmina,Moszczenica,powiat gorlicki,10.00%
38,Bezradność w sprawach opiekuńczo-wychowawczych i prowadzenia gosp. dom.,2008,gmina,Ropa,powiat gorlicki,8.00%
38,Bezradność w sprawach opiekuńczo-wychowawczych i prowadzenia gosp. dom.,2008,gmina,Sękowa,powiat gorlicki,8.00%
38,Bezradność w sprawach opiekuńczo-wychowawczych i prowadzenia gosp. dom.,2008,gmina,Uście Gorlickie,powiat gorlicki,6.00%
38,Bezradność w sprawach opiekuńczo-wychowawczych i prowadzenia gosp. dom.,2008,powiat,powiat krakowski,powiat krakowski,28.82%
38,Bezradność w sprawach opiekuńczo-wychowawczych i prowadzenia gosp. dom.,2008,gmina,Czernichów,powiat krakowski,10.00%
38,Bezradność w sprawach opiekuńczo-wychowawczych i prowadzenia gosp. dom.,2008,gmina,Igołomia-Wawrzeńczyce,powiat krakowski,46.00%
38,Bezradność w sprawach opiekuńczo-wychowawczych i prowadzenia gosp. dom.,2008,gmina,Iwanowice,powiat krakowski,51.00%
38,Bezradność w sprawach opiekuńczo-wychowawczych i prowadzenia gosp. dom.,2008,gmina,Jerzmanowice-Przeginia,powiat krakowski,12.00%
38,Bezradność w sprawach opiekuńczo-wychowawczych i prowadzenia gosp. dom.,2008,gmina,Kocmyrzów-Luborzyca,powiat krakowski,59.00%
38,Bezradność w sprawach opiekuńczo-wychowawczych i prowadzenia gosp. dom.,2008,gmina,Krzeszowice,powiat krakowski,29.00%
38,Bezradność w sprawach opiekuńczo-wychowawczych i prowadzenia gosp. dom.,2008,gmina,Liszki,powiat krakowski,58.00%
38,Bezradność w sprawach opiekuńczo-wychowawczych i prowadzenia gosp. dom.,2008,gmina,Michałowice,powiat krakowski,12.00%
38,Bezradność w sprawach opiekuńczo-wychowawczych i prowadzenia gosp. dom.,2008,gmina,Mogilany,powiat krakowski,11.00%
38,Bezradność w sprawach opiekuńczo-wychowawczych i prowadzenia gosp. dom.,2008,gmina,Skała,powiat krakowski,71.00%
38,Bezradność w sprawach opiekuńczo-wychowawczych i prowadzenia gosp. dom.,2008,gmina,Skawina,powiat krakowski,21.00%
38,Bezradność w sprawach opiekuńczo-wychowawczych i prowadzenia gosp. dom.,2008,gmina,Słomniki,powiat krakowski,7.00%
38,Bezradność w sprawach opiekuńczo-wychowawczych i prowadzenia gosp. dom.,2008,gmina,Sułoszowa,powiat krakowski,38.00%
38,Bezradność w sprawach opiekuńczo-wychowawczych i prowadzenia gosp. dom.,2008,gmina,Świątniki Górne,powiat krakowski,21.00%
38,Bezradność w sprawach opiekuńczo-wychowawczych i prowadzenia gosp. dom.,2008,gmina,Wielka Wieś,powiat krakowski,63.00%
38,Bezradność w sprawach opiekuńczo-wychowawczych i prowadzenia gosp. dom.,2008,gmina,Zabierzów,powiat krakowski,42.00%
38,Bezradność w sprawach opiekuńczo-wychowawczych i prowadzenia gosp. dom.,2008,gmina,Zielonki,powiat krakowski,28.00%
38,Bezradność w sprawach opiekuńczo-wychowawczych i prowadzenia gosp. dom.,2008,powiat,powiat limanowski,powiat limanowski,35.80%
38,Bezradność w sprawach opiekuńczo-wychowawczych i prowadzenia gosp. dom.,2008,gmina,Dobra,powiat limanowski,17.00%
38,Bezradność w sprawach opiekuńczo-wychowawczych i prowadzenia gosp. dom.,2008,gmina,Jodłownik,powiat limanowski,36.00%
38,Bezradność w sprawach opiekuńczo-wychowawczych i prowadzenia gosp. dom.,2008,gmina,Kamienica,powiat limanowski,54.00%
38,Bezradność w sprawach opiekuńczo-wychowawczych i prowadzenia gosp. dom.,2008,gmina,Laskowa,powiat limanowski,63.00%
38,Bezradność w sprawach opiekuńczo-wychowawczych i prowadzenia gosp. dom.,2008,gmina,Limanowa (miasto),powiat limanowski,73.00%
38,Bezradność w sprawach opiekuńczo-wychowawczych i prowadzenia gosp. dom.,2008,gmina,Limanowa (wieś),powiat limanowski,24.00%
38,Bezradność w sprawach opiekuńczo-wychowawczych i prowadzenia gosp. dom.,2008,gmina,Łukowica,powiat limanowski,4.00%
38,Bezradność w sprawach opiekuńczo-wychowawczych i prowadzenia gosp. dom.,2008,gmina,Mszana Dolna (miasto),powiat limanowski,33.00%
38,Bezradność w sprawach opiekuńczo-wychowawczych i prowadzenia gosp. dom.,2008,gmina,Mszana Dolna (wieś),powiat limanowski,63.00%
38,Bezradność w sprawach opiekuńczo-wychowawczych i prowadzenia gosp. dom.,2008,gmina,Niedźwiedź,powiat limanowski,50.00%
38,Bezradność w sprawach opiekuńczo-wychowawczych i prowadzenia gosp. dom.,2008,gmina,Słopnice,powiat limanowski,9.00%
38,Bezradność w sprawach opiekuńczo-wychowawczych i prowadzenia gosp. dom.,2008,gmina,Tymbark,powiat limanowski,38.00%
38,Bezradność w sprawach opiekuńczo-wychowawczych i prowadzenia gosp. dom.,2008,powiat,powiat m. Kraków,powiat m. Kraków,28.91%
38,Bezradność w sprawach opiekuńczo-wychowawczych i prowadzenia gosp. dom.,2008,powiat,powiat m. Nowy Sącz,powiat m. Nowy Sącz,36.62%
38,Bezradność w sprawach opiekuńczo-wychowawczych i prowadzenia gosp. dom.,2008,powiat,powiat m. Tarnów,powiat m. Tarnów,27.40%
38,Bezradność w sprawach opiekuńczo-wychowawczych i prowadzenia gosp. dom.,2008,powiat,powiat miechowski,powiat miechowski,24.00%
38,Bezradność w sprawach opiekuńczo-wychowawczych i prowadzenia gosp. dom.,2008,gmina,Charsznica,powiat miechowski,19.00%
38,Bezradność w sprawach opiekuńczo-wychowawczych i prowadzenia gosp. dom.,2008,gmina,Gołcza,powiat miechowski,25.00%
38,Bezradność w sprawach opiekuńczo-wychowawczych i prowadzenia gosp. dom.,2008,gmina,Kozłów,powiat miechowski,46.00%
38,Bezradność w sprawach opiekuńczo-wychowawczych i prowadzenia gosp. dom.,2008,gmina,Książ Wielki,powiat miechowski,37.00%
38,Bezradność w sprawach opiekuńczo-wychowawczych i prowadzenia gosp. dom.,2008,gmina,Miechów,powiat miechowski,18.00%
38,Bezradność w sprawach opiekuńczo-wychowawczych i prowadzenia gosp. dom.,2008,gmina,Racławice,powiat miechowski,51.00%
38,Bezradność w sprawach opiekuńczo-wychowawczych i prowadzenia gosp. dom.,2008,gmina,Słaboszów,powiat miechowski,24.00%
38,Bezradność w sprawach opiekuńczo-wychowawczych i prowadzenia gosp. dom.,2008,powiat,powiat myślenicki,powiat myślenicki,22.83%
38,Bezradność w sprawach opiekuńczo-wychowawczych i prowadzenia gosp. dom.,2008,gmina,Dobczyce,powiat myślenicki,22.00%
38,Bezradność w sprawach opiekuńczo-wychowawczych i prowadzenia gosp. dom.,2008,gmina,Lubień,powiat myślenicki,16.00%
38,Bezradność w sprawach opiekuńczo-wychowawczych i prowadzenia gosp. dom.,2008,gmina,Myślenice,powiat myślenicki,31.00%
38,Bezradność w sprawach opiekuńczo-wychowawczych i prowadzenia gosp. dom.,2008,gmina,Pcim,powiat myślenicki,42.00%
38,Bezradność w sprawach opiekuńczo-wychowawczych i prowadzenia gosp. dom.,2008,gmina,Raciechowice,powiat myślenicki,20.00%
38,Bezradność w sprawach opiekuńczo-wychowawczych i prowadzenia gosp. dom.,2008,gmina,Siepraw,powiat myślenicki,10.00%
38,Bezradność w sprawach opiekuńczo-wychowawczych i prowadzenia gosp. dom.,2008,gmina,Sułkowice,powiat myślenicki,51.00%
38,Bezradność w sprawach opiekuńczo-wychowawczych i prowadzenia gosp. dom.,2008,gmina,Tokarnia,powiat myślenicki,5.00%
38,Bezradność w sprawach opiekuńczo-wychowawczych i prowadzenia gosp. dom.,2008,gmina,Wiśniowa,powiat myślenicki,6.00%
38,Bezradność w sprawach opiekuńczo-wychowawczych i prowadzenia gosp. dom.,2008,powiat,powiat nowosądecki,powiat nowosądecki,33.57%
38,Bezradność w sprawach opiekuńczo-wychowawczych i prowadzenia gosp. dom.,2008,gmina,Podegrodzie,powiat nowosądecki,16.00%
38,Bezradność w sprawach opiekuńczo-wychowawczych i prowadzenia gosp. dom.,2008,gmina,Rytro,powiat nowosądecki,43.00%
38,Bezradność w sprawach opiekuńczo-wychowawczych i prowadzenia gosp. dom.,2008,gmina,Stary Sącz,powiat nowosądecki,22.00%
38,Bezradność w sprawach opiekuńczo-wychowawczych i prowadzenia gosp. dom.,2008,gmina,Chełmiec,powiat nowosądecki,9.00%
38,Bezradność w sprawach opiekuńczo-wychowawczych i prowadzenia gosp. dom.,2008,gmina,Gródek nad Dunajcem,powiat nowosądecki,69.00%
38,Bezradność w sprawach opiekuńczo-wychowawczych i prowadzenia gosp. dom.,2008,gmina,Grybów (miasto),powiat nowosądecki,15.00%
38,Bezradność w sprawach opiekuńczo-wychowawczych i prowadzenia gosp. dom.,2008,gmina,Grybów (wieś),powiat nowosądecki,23.00%
38,Bezradność w sprawach opiekuńczo-wychowawczych i prowadzenia gosp. dom.,2008,gmina,Kamionka Wielka,powiat nowosądecki,36.00%
38,Bezradność w sprawach opiekuńczo-wychowawczych i prowadzenia gosp. dom.,2008,gmina,Korzenna,powiat nowosądecki,63.00%
38,Bezradność w sprawach opiekuńczo-wychowawczych i prowadzenia gosp. dom.,2008,gmina,Krynica-Zdrój,powiat nowosądecki,16.00%
38,Bezradność w sprawach opiekuńczo-wychowawczych i prowadzenia gosp. dom.,2008,gmina,Łabowa,powiat nowosądecki,26.00%
38,Bezradność w sprawach opiekuńczo-wychowawczych i prowadzenia gosp. dom.,2008,gmina,Łącko,powiat nowosądecki,14.00%
38,Bezradność w sprawach opiekuńczo-wychowawczych i prowadzenia gosp. dom.,2008,gmina,Łososina Dolna,powiat nowosądecki,68.00%
38,Bezradność w sprawach opiekuńczo-wychowawczych i prowadzenia gosp. dom.,2008,gmina,Muszyna,powiat nowosądecki,7.00%
38,Bezradność w sprawach opiekuńczo-wychowawczych i prowadzenia gosp. dom.,2008,gmina,Nawojowa,powiat nowosądecki,31.00%
38,Bezradność w sprawach opiekuńczo-wychowawczych i prowadzenia gosp. dom.,2008,gmina,Piwniczna-Zdrój,powiat nowosądecki,80.00%
38,Bezradność w sprawach opiekuńczo-wychowawczych i prowadzenia gosp. dom.,2008,powiat,powiat nowotarski,powiat nowotarski,45.84%
38,Bezradność w sprawach opiekuńczo-wychowawczych i prowadzenia gosp. dom.,2008,gmina,Czarny Dunajec,powiat nowotarski,12.00%
38,Bezradność w sprawach opiekuńczo-wychowawczych i prowadzenia gosp. dom.,2008,gmina,Czorsztyn,powiat nowotarski,62.00%
38,Bezradność w sprawach opiekuńczo-wychowawczych i prowadzenia gosp. dom.,2008,gmina,Jabłonka,powiat nowotarski,51.00%
38,Bezradność w sprawach opiekuńczo-wychowawczych i prowadzenia gosp. dom.,2008,gmina,Krościenko nad Dunajcem,powiat nowotarski,12.00%
38,Bezradność w sprawach opiekuńczo-wychowawczych i prowadzenia gosp. dom.,2008,gmina,Lipnica Wielka,powiat nowotarski,66.00%
38,Bezradność w sprawach opiekuńczo-wychowawczych i prowadzenia gosp. dom.,2008,gmina,Łapsze Niżne,powiat nowotarski,45.00%
38,Bezradność w sprawach opiekuńczo-wychowawczych i prowadzenia gosp. dom.,2008,gmina,Nowy Targ (miasto),powiat nowotarski,31.00%
38,Bezradność w sprawach opiekuńczo-wychowawczych i prowadzenia gosp. dom.,2008,gmina,Nowy Targ (wieś),powiat nowotarski,66.00%
38,Bezradność w sprawach opiekuńczo-wychowawczych i prowadzenia gosp. dom.,2008,gmina,Ochotnica Dolna,powiat nowotarski,61.00%
38,Bezradność w sprawach opiekuńczo-wychowawczych i prowadzenia gosp. dom.,2008,gmina,Raba Wyżna,powiat nowotarski,4.00%
38,Bezradność w sprawach opiekuńczo-wychowawczych i prowadzenia gosp. dom.,2008,gmina,Rabka-Zdrój,powiat nowotarski,68.00%
38,Bezradność w sprawach opiekuńczo-wychowawczych i prowadzenia gosp. dom.,2008,gmina,Spytkowice,powiat nowotarski,33.00%
38,Bezradność w sprawach opiekuńczo-wychowawczych i prowadzenia gosp. dom.,2008,gmina,Szaflary,powiat nowotarski,90.00%
38,Bezradność w sprawach opiekuńczo-wychowawczych i prowadzenia gosp. dom.,2008,gmina,Szczawnica,powiat nowotarski,36.00%
38,Bezradność w sprawach opiekuńczo-wychowawczych i prowadzenia gosp. dom.,2008,powiat,powiat olkuski,powiat olkuski,32.08%
38,Bezradność w sprawach opiekuńczo-wychowawczych i prowadzenia gosp. dom.,2008,gmina,Bolesław,powiat olkuski,35.00%
38,Bezradność w sprawach opiekuńczo-wychowawczych i prowadzenia gosp. dom.,2008,gmina,Bukowno,powiat olkuski,27.00%
38,Bezradność w sprawach opiekuńczo-wychowawczych i prowadzenia gosp. dom.,2008,gmina,Klucze,powiat olkuski,35.00%
38,Bezradność w sprawach opiekuńczo-wychowawczych i prowadzenia gosp. dom.,2008,gmina,Olkusz,powiat olkuski,26.00%
38,Bezradność w sprawach opiekuńczo-wychowawczych i prowadzenia gosp. dom.,2008,gmina,Trzyciąż,powiat olkuski,82.00%
38,Bezradność w sprawach opiekuńczo-wychowawczych i prowadzenia gosp. dom.,2008,gmina,Wolbrom,powiat olkuski,40.00%
38,Bezradność w sprawach opiekuńczo-wychowawczych i prowadzenia gosp. dom.,2008,powiat,powiat oświęcimski,powiat oświęcimski,38.37%
38,Bezradność w sprawach opiekuńczo-wychowawczych i prowadzenia gosp. dom.,2008,gmina,Brzeszcze,powiat oświęcimski,33.00%
38,Bezradność w sprawach opiekuńczo-wychowawczych i prowadzenia gosp. dom.,2008,gmina,Chełmek,powiat oświęcimski,15.00%
38,Bezradność w sprawach opiekuńczo-wychowawczych i prowadzenia gosp. dom.,2008,gmina,Kęty,powiat oświęcimski,38.00%
38,Bezradność w sprawach opiekuńczo-wychowawczych i prowadzenia gosp. dom.,2008,gmina,Osiek,powiat oświęcimski,60.00%
38,Bezradność w sprawach opiekuńczo-wychowawczych i prowadzenia gosp. dom.,2008,gmina,Oświęcim (miasto),powiat oświęcimski,54.00%
38,Bezradność w sprawach opiekuńczo-wychowawczych i prowadzenia gosp. dom.,2008,gmina,Oświęcim (wieś),powiat oświęcimski,29.00%
38,Bezradność w sprawach opiekuńczo-wychowawczych i prowadzenia gosp. dom.,2008,gmina,Polanka Wielka,powiat oświęcimski,54.00%
38,Bezradność w sprawach opiekuńczo-wychowawczych i prowadzenia gosp. dom.,2008,gmina,Przeciszów,powiat oświęcimski,52.00%
38,Bezradność w sprawach opiekuńczo-wychowawczych i prowadzenia gosp. dom.,2008,gmina,Zator,powiat oświęcimski,12.00%
38,Bezradność w sprawach opiekuńczo-wychowawczych i prowadzenia gosp. dom.,2008,powiat,powiat proszowicki,powiat proszowicki,15.97%
38,Bezradność w sprawach opiekuńczo-wychowawczych i prowadzenia gosp. dom.,2008,gmina,Koniusza,powiat proszowicki,15.00%
38,Bezradność w sprawach opiekuńczo-wychowawczych i prowadzenia gosp. dom.,2008,gmina,Koszyce,powiat proszowicki,9.00%
38,Bezradność w sprawach opiekuńczo-wychowawczych i prowadzenia gosp. dom.,2008,gmina,Nowe Brzesko,powiat proszowicki,32.00%
38,Bezradność w sprawach opiekuńczo-wychowawczych i prowadzenia gosp. dom.,2008,gmina,Pałecznica,powiat proszowicki,10.00%
38,Bezradność w sprawach opiekuńczo-wychowawczych i prowadzenia gosp. dom.,2008,gmina,Proszowice,powiat proszowicki,16.00%
38,Bezradność w sprawach opiekuńczo-wychowawczych i prowadzenia gosp. dom.,2008,gmina,Radziemice,powiat proszowicki,33.00%
38,Bezradność w sprawach opiekuńczo-wychowawczych i prowadzenia gosp. dom.,2008,powiat,powiat suski,powiat suski,24.73%
38,Bezradność w sprawach opiekuńczo-wychowawczych i prowadzenia gosp. dom.,2008,gmina,Budzów,powiat suski,5.00%
38,Bezradność w sprawach opiekuńczo-wychowawczych i prowadzenia gosp. dom.,2008,gmina,Bystra-Sidzina,powiat suski,12.00%
38,Bezradność w sprawach opiekuńczo-wychowawczych i prowadzenia gosp. dom.,2008,gmina,Jordanów (miasto),powiat suski,54.00%
38,Bezradność w sprawach opiekuńczo-wychowawczych i prowadzenia gosp. dom.,2008,gmina,Jordanów (wieś),powiat suski,33.00%
38,Bezradność w sprawach opiekuńczo-wychowawczych i prowadzenia gosp. dom.,2008,gmina,Maków Podhalański,powiat suski,32.00%
38,Bezradność w sprawach opiekuńczo-wychowawczych i prowadzenia gosp. dom.,2008,gmina,Stryszawa,powiat suski,17.00%
38,Bezradność w sprawach opiekuńczo-wychowawczych i prowadzenia gosp. dom.,2008,gmina,Sucha Beskidzka,powiat suski,12.00%
38,Bezradność w sprawach opiekuńczo-wychowawczych i prowadzenia gosp. dom.,2008,gmina,Zawoja,powiat suski,20.00%
38,Bezradność w sprawach opiekuńczo-wychowawczych i prowadzenia gosp. dom.,2008,gmina,Zembrzyce,powiat suski,41.00%
38,Bezradność w sprawach opiekuńczo-wychowawczych i prowadzenia gosp. dom.,2008,powiat,powiat tarnowski,powiat tarnowski,37.66%
38,Bezradność w sprawach opiekuńczo-wychowawczych i prowadzenia gosp. dom.,2008,gmina,Ciężkowice,powiat tarnowski,41.00%
38,Bezradność w sprawach opiekuńczo-wychowawczych i prowadzenia gosp. dom.,2008,gmina,Gromnik,powiat tarnowski,36.00%
38,Bezradność w sprawach opiekuńczo-wychowawczych i prowadzenia gosp. dom.,2008,gmina,Lisia Góra,powiat tarnowski,83.00%
38,Bezradność w sprawach opiekuńczo-wychowawczych i prowadzenia gosp. dom.,2008,gmina,Pleśna,powiat tarnowski,37.00%
38,Bezradność w sprawach opiekuńczo-wychowawczych i prowadzenia gosp. dom.,2008,gmina,Radłów,powiat tarnowski,38.00%
38,Bezradność w sprawach opiekuńczo-wychowawczych i prowadzenia gosp. dom.,2008,gmina,Ryglice,powiat tarnowski,44.00%
38,Bezradność w sprawach opiekuńczo-wychowawczych i prowadzenia gosp. dom.,2008,gmina,Rzepiennik Strzyżewski,powiat tarnowski,5.00%
38,Bezradność w sprawach opiekuńczo-wychowawczych i prowadzenia gosp. dom.,2008,gmina,Skrzyszów,powiat tarnowski,53.00%
38,Bezradność w sprawach opiekuńczo-wychowawczych i prowadzenia gosp. dom.,2008,gmina,Szerzyny,powiat tarnowski,83.00%
38,Bezradność w sprawach opiekuńczo-wychowawczych i prowadzenia gosp. dom.,2008,gmina,Tarnów (wieś),powiat tarnowski,10.00%
38,Bezradność w sprawach opiekuńczo-wychowawczych i prowadzenia gosp. dom.,2008,gmina,Tuchów,powiat tarnowski,40.00%
38,Bezradność w sprawach opiekuńczo-wychowawczych i prowadzenia gosp. dom.,2008,gmina,Wierzchosławice,powiat tarnowski,65.00%
38,Bezradność w sprawach opiekuńczo-wychowawczych i prowadzenia gosp. dom.,2008,gmina,Wietrzychowice,powiat tarnowski,43.00%
38,Bezradność w sprawach opiekuńczo-wychowawczych i prowadzenia gosp. dom.,2008,gmina,Wojnicz,powiat tarnowski,37.00%
38,Bezradność w sprawach opiekuńczo-wychowawczych i prowadzenia gosp. dom.,2008,gmina,Zakliczyn,powiat tarnowski,7.00%
38,Bezradność w sprawach opiekuńczo-wychowawczych i prowadzenia gosp. dom.,2008,gmina,Żabno,powiat tarnowski,16.00%
38,Bezradność w sprawach opiekuńczo-wychowawczych i prowadzenia gosp. dom.,2008,powiat,powiat tatrzański,powiat tatrzański,31.08%
38,Bezradność w sprawach opiekuńczo-wychowawczych i prowadzenia gosp. dom.,2008,gmina,Biały Dunajec,powiat tatrzański,24.00%
38,Bezradność w sprawach opiekuńczo-wychowawczych i prowadzenia gosp. dom.,2008,gmina,Bukowina Tatrzańska,powiat tatrzański,47.00%
38,Bezradność w sprawach opiekuńczo-wychowawczych i prowadzenia gosp. dom.,2008,gmina,Kościelisko,powiat tatrzański,55.00%
38,Bezradność w sprawach opiekuńczo-wychowawczych i prowadzenia gosp. dom.,2008,gmina,Poronin,powiat tatrzański,26.00%
38,Bezradność w sprawach opiekuńczo-wychowawczych i prowadzenia gosp. dom.,2008,gmina,Zakopane,powiat tatrzański,22.00%
38,Bezradność w sprawach opiekuńczo-wychowawczych i prowadzenia gosp. dom.,2008,powiat,powiat wadowicki,powiat wadowicki,24.59%
38,Bezradność w sprawach opiekuńczo-wychowawczych i prowadzenia gosp. dom.,2008,gmina,Andrychów,powiat wadowicki,24.00%
38,Bezradność w sprawach opiekuńczo-wychowawczych i prowadzenia gosp. dom.,2008,gmina,Brzeźnica,powiat wadowicki,41.00%
38,Bezradność w sprawach opiekuńczo-wychowawczych i prowadzenia gosp. dom.,2008,gmina,Kalwaria Zebrzydowska,powiat wadowicki,11.00%
38,Bezradność w sprawach opiekuńczo-wychowawczych i prowadzenia gosp. dom.,2008,gmina,Lanckorona,powiat wadowicki,34.00%
38,Bezradność w sprawach opiekuńczo-wychowawczych i prowadzenia gosp. dom.,2008,gmina,Mucharz,powiat wadowicki,37.00%
38,Bezradność w sprawach opiekuńczo-wychowawczych i prowadzenia gosp. dom.,2008,gmina,Spytkowice,powiat wadowicki,39.00%
38,Bezradność w sprawach opiekuńczo-wychowawczych i prowadzenia gosp. dom.,2008,gmina,Stryszów,powiat wadowicki,32.00%
38,Bezradność w sprawach opiekuńczo-wychowawczych i prowadzenia gosp. dom.,2008,gmina,Tomice,powiat wadowicki,45.00%
38,Bezradność w sprawach opiekuńczo-wychowawczych i prowadzenia gosp. dom.,2008,gmina,Wadowice,powiat wadowicki,23.00%
38,Bezradność w sprawach opiekuńczo-wychowawczych i prowadzenia gosp. dom.,2008,gmina,Wieprz,powiat wadowicki,6.00%
38,Bezradność w sprawach opiekuńczo-wychowawczych i prowadzenia gosp. dom.,2008,powiat,powiat wielicki,powiat wielicki,17.78%
38,Bezradność w sprawach opiekuńczo-wychowawczych i prowadzenia gosp. dom.,2008,gmina,Biskupice,powiat wielicki,45.00%
38,Bezradność w sprawach opiekuńczo-wychowawczych i prowadzenia gosp. dom.,2008,gmina,Gdów,powiat wielicki,14.00%
38,Bezradność w sprawach opiekuńczo-wychowawczych i prowadzenia gosp. dom.,2008,gmina,Kłaj,powiat wielicki,23.00%
38,Bezradność w sprawach opiekuńczo-wychowawczych i prowadzenia gosp. dom.,2008,gmina,Niepołomice,powiat wielicki,10.00%
38,Bezradność w sprawach opiekuńczo-wychowawczych i prowadzenia gosp. dom.,2008,gmina,Wieliczka,powiat wielicki,17.00%
38,Bezradność w sprawach opiekuńczo-wychowawczych i prowadzenia gosp. dom.,2007,powiat,powiat bocheński,powiat bocheński,31.42%
38,Bezradność w sprawach opiekuńczo-wychowawczych i prowadzenia gosp. dom.,2007,gmina,Bochnia (miasto),powiat bocheński,35.00%
38,Bezradność w sprawach opiekuńczo-wychowawczych i prowadzenia gosp. dom.,2007,gmina,Bochnia (wieś),powiat bocheński,7.00%
38,Bezradność w sprawach opiekuńczo-wychowawczych i prowadzenia gosp. dom.,2007,gmina,Drwinia,powiat bocheński,6.00%
38,Bezradność w sprawach opiekuńczo-wychowawczych i prowadzenia gosp. dom.,2007,gmina,Lipnica Murowana,powiat bocheński,38.00%
38,Bezradność w sprawach opiekuńczo-wychowawczych i prowadzenia gosp. dom.,2007,gmina,Łapanów,powiat bocheński,14.00%
38,Bezradność w sprawach opiekuńczo-wychowawczych i prowadzenia gosp. dom.,2007,gmina,Nowy Wiśnicz,powiat bocheński,59.00%
38,Bezradność w sprawach opiekuńczo-wychowawczych i prowadzenia gosp. dom.,2007,gmina,Rzezawa,powiat bocheński,35.00%
38,Bezradność w sprawach opiekuńczo-wychowawczych i prowadzenia gosp. dom.,2007,gmina,Trzciana,powiat bocheński,92.00%
38,Bezradność w sprawach opiekuńczo-wychowawczych i prowadzenia gosp. dom.,2007,gmina,Żegocina,powiat bocheński,49.00%
38,Bezradność w sprawach opiekuńczo-wychowawczych i prowadzenia gosp. dom.,2007,powiat,powiat brzeski,powiat brzeski,61.23%
38,Bezradność w sprawach opiekuńczo-wychowawczych i prowadzenia gosp. dom.,2007,gmina,Borzęcin,powiat brzeski,50.00%
38,Bezradność w sprawach opiekuńczo-wychowawczych i prowadzenia gosp. dom.,2007,gmina,Brzesko,powiat brzeski,91.00%
38,Bezradność w sprawach opiekuńczo-wychowawczych i prowadzenia gosp. dom.,2007,gmina,Czchów,powiat brzeski,77.00%
38,Bezradność w sprawach opiekuńczo-wychowawczych i prowadzenia gosp. dom.,2007,gmina,Dębno,powiat brzeski,20.00%
38,Bezradność w sprawach opiekuńczo-wychowawczych i prowadzenia gosp. dom.,2007,gmina,Gnojnik,powiat brzeski,5.00%
38,Bezradność w sprawach opiekuńczo-wychowawczych i prowadzenia gosp. dom.,2007,gmina,Iwkowa,powiat brzeski,82.00%
38,Bezradność w sprawach opiekuńczo-wychowawczych i prowadzenia gosp. dom.,2007,gmina,Szczurowa,powiat brzeski,54.00%
38,Bezradność w sprawach opiekuńczo-wychowawczych i prowadzenia gosp. dom.,2007,powiat,powiat chrzanowski,powiat chrzanowski,30.11%
38,Bezradność w sprawach opiekuńczo-wychowawczych i prowadzenia gosp. dom.,2007,gmina,Alwernia,powiat chrzanowski,26.00%
38,Bezradność w sprawach opiekuńczo-wychowawczych i prowadzenia gosp. dom.,2007,gmina,Babice,powiat chrzanowski,21.00%
38,Bezradność w sprawach opiekuńczo-wychowawczych i prowadzenia gosp. dom.,2007,gmina,Chrzanów,powiat chrzanowski,33.00%
38,Bezradność w sprawach opiekuńczo-wychowawczych i prowadzenia gosp. dom.,2007,gmina,Libiąż,powiat chrzanowski,31.00%
38,Bezradność w sprawach opiekuńczo-wychowawczych i prowadzenia gosp. dom.,2007,gmina,Trzebinia,powiat chrzanowski,32.00%
38,Bezradność w sprawach opiekuńczo-wychowawczych i prowadzenia gosp. dom.,2007,powiat,powiat dąbrowski,powiat dąbrowski,29.87%
38,Bezradność w sprawach opiekuńczo-wychowawczych i prowadzenia gosp. dom.,2007,gmina,Bolesław,powiat dąbrowski,31.00%
38,Bezradność w sprawach opiekuńczo-wychowawczych i prowadzenia gosp. dom.,2007,gmina,Dąbrowa Tarnowska,powiat dąbrowski,20.00%
38,Bezradność w sprawach opiekuńczo-wychowawczych i prowadzenia gosp. dom.,2007,gmina,Gręboszów,powiat dąbrowski,34.00%
38,Bezradność w sprawach opiekuńczo-wychowawczych i prowadzenia gosp. dom.,2007,gmina,Mędrzechów,powiat dąbrowski,49.00%
38,Bezradność w sprawach opiekuńczo-wychowawczych i prowadzenia gosp. dom.,2007,gmina,Olesno,powiat dąbrowski,42.00%
38,Bezradność w sprawach opiekuńczo-wychowawczych i prowadzenia gosp. dom.,2007,gmina,Radgoszcz,powiat dąbrowski,4.00%
38,Bezradność w sprawach opiekuńczo-wychowawczych i prowadzenia gosp. dom.,2007,gmina,Szczucin,powiat dąbrowski,53.00%
38,Bezradność w sprawach opiekuńczo-wychowawczych i prowadzenia gosp. dom.,2007,powiat,powiat gorlicki,powiat gorlicki,26.35%
38,Bezradność w sprawach opiekuńczo-wychowawczych i prowadzenia gosp. dom.,2007,gmina,Biecz,powiat gorlicki,47.00%
38,Bezradność w sprawach opiekuńczo-wychowawczych i prowadzenia gosp. dom.,2007,gmina,Bobowa,powiat gorlicki,47.00%
38,Bezradność w sprawach opiekuńczo-wychowawczych i prowadzenia gosp. dom.,2007,gmina,Gorlice (miasto),powiat gorlicki,27.00%
38,Bezradność w sprawach opiekuńczo-wychowawczych i prowadzenia gosp. dom.,2007,gmina,Gorlice (wieś),powiat gorlicki,21.00%
38,Bezradność w sprawach opiekuńczo-wychowawczych i prowadzenia gosp. dom.,2007,gmina,Lipinki,powiat gorlicki,41.00%
38,Bezradność w sprawach opiekuńczo-wychowawczych i prowadzenia gosp. dom.,2007,gmina,Łużna,powiat gorlicki,18.00%
38,Bezradność w sprawach opiekuńczo-wychowawczych i prowadzenia gosp. dom.,2007,gmina,Moszczenica,powiat gorlicki,11.00%
38,Bezradność w sprawach opiekuńczo-wychowawczych i prowadzenia gosp. dom.,2007,gmina,Ropa,powiat gorlicki,8.00%
38,Bezradność w sprawach opiekuńczo-wychowawczych i prowadzenia gosp. dom.,2007,gmina,Sękowa,powiat gorlicki,6.00%
38,Bezradność w sprawach opiekuńczo-wychowawczych i prowadzenia gosp. dom.,2007,gmina,Uście Gorlickie,powiat gorlicki,8.00%
38,Bezradność w sprawach opiekuńczo-wychowawczych i prowadzenia gosp. dom.,2007,powiat,powiat krakowski,powiat krakowski,28.32%
38,Bezradność w sprawach opiekuńczo-wychowawczych i prowadzenia gosp. dom.,2007,gmina,Czernichów,powiat krakowski,15.00%
38,Bezradność w sprawach opiekuńczo-wychowawczych i prowadzenia gosp. dom.,2007,gmina,Igołomia-Wawrzeńczyce,powiat krakowski,26.00%
38,Bezradność w sprawach opiekuńczo-wychowawczych i prowadzenia gosp. dom.,2007,gmina,Iwanowice,powiat krakowski,42.00%
38,Bezradność w sprawach opiekuńczo-wychowawczych i prowadzenia gosp. dom.,2007,gmina,Jerzmanowice-Przeginia,powiat krakowski,9.00%
38,Bezradność w sprawach opiekuńczo-wychowawczych i prowadzenia gosp. dom.,2007,gmina,Kocmyrzów-Luborzyca,powiat krakowski,55.00%
38,Bezradność w sprawach opiekuńczo-wychowawczych i prowadzenia gosp. dom.,2007,gmina,Krzeszowice,powiat krakowski,33.00%
38,Bezradność w sprawach opiekuńczo-wychowawczych i prowadzenia gosp. dom.,2007,gmina,Liszki,powiat krakowski,53.00%
38,Bezradność w sprawach opiekuńczo-wychowawczych i prowadzenia gosp. dom.,2007,gmina,Michałowice,powiat krakowski,35.00%
38,Bezradność w sprawach opiekuńczo-wychowawczych i prowadzenia gosp. dom.,2007,gmina,Mogilany,powiat krakowski,12.00%
38,Bezradność w sprawach opiekuńczo-wychowawczych i prowadzenia gosp. dom.,2007,gmina,Skała,powiat krakowski,58.00%
38,Bezradność w sprawach opiekuńczo-wychowawczych i prowadzenia gosp. dom.,2007,gmina,Skawina,powiat krakowski,21.00%
38,Bezradność w sprawach opiekuńczo-wychowawczych i prowadzenia gosp. dom.,2007,gmina,Słomniki,powiat krakowski,4.00%
38,Bezradność w sprawach opiekuńczo-wychowawczych i prowadzenia gosp. dom.,2007,gmina,Sułoszowa,powiat krakowski,34.00%
38,Bezradność w sprawach opiekuńczo-wychowawczych i prowadzenia gosp. dom.,2007,gmina,Świątniki Górne,powiat krakowski,21.00%
38,Bezradność w sprawach opiekuńczo-wychowawczych i prowadzenia gosp. dom.,2007,gmina,Wielka Wieś,powiat krakowski,51.00%
38,Bezradność w sprawach opiekuńczo-wychowawczych i prowadzenia gosp. dom.,2007,gmina,Zabierzów,powiat krakowski,35.00%
38,Bezradność w sprawach opiekuńczo-wychowawczych i prowadzenia gosp. dom.,2007,gmina,Zielonki,powiat krakowski,41.00%
38,Bezradność w sprawach opiekuńczo-wychowawczych i prowadzenia gosp. dom.,2007,powiat,powiat limanowski,powiat limanowski,32.37%
38,Bezradność w sprawach opiekuńczo-wychowawczych i prowadzenia gosp. dom.,2007,gmina,Dobra,powiat limanowski,20.00%
38,Bezradność w sprawach opiekuńczo-wychowawczych i prowadzenia gosp. dom.,2007,gmina,Jodłownik,powiat limanowski,38.00%
38,Bezradność w sprawach opiekuńczo-wychowawczych i prowadzenia gosp. dom.,2007,gmina,Kamienica,powiat limanowski,52.00%
38,Bezradność w sprawach opiekuńczo-wychowawczych i prowadzenia gosp. dom.,2007,gmina,Laskowa,powiat limanowski,60.00%
38,Bezradność w sprawach opiekuńczo-wychowawczych i prowadzenia gosp. dom.,2007,gmina,Limanowa (miasto),powiat limanowski,34.00%
38,Bezradność w sprawach opiekuńczo-wychowawczych i prowadzenia gosp. dom.,2007,gmina,Limanowa (wieś),powiat limanowski,25.00%
38,Bezradność w sprawach opiekuńczo-wychowawczych i prowadzenia gosp. dom.,2007,gmina,Łukowica,powiat limanowski,5.00%
38,Bezradność w sprawach opiekuńczo-wychowawczych i prowadzenia gosp. dom.,2007,gmina,Mszana Dolna (miasto),powiat limanowski,25.00%
38,Bezradność w sprawach opiekuńczo-wychowawczych i prowadzenia gosp. dom.,2007,gmina,Mszana Dolna (wieś),powiat limanowski,62.00%
38,Bezradność w sprawach opiekuńczo-wychowawczych i prowadzenia gosp. dom.,2007,gmina,Niedźwiedź,powiat limanowski,58.00%
38,Bezradność w sprawach opiekuńczo-wychowawczych i prowadzenia gosp. dom.,2007,gmina,Słopnice,powiat limanowski,8.00%
38,Bezradność w sprawach opiekuńczo-wychowawczych i prowadzenia gosp. dom.,2007,gmina,Tymbark,powiat limanowski,27.00%
38,Bezradność w sprawach opiekuńczo-wychowawczych i prowadzenia gosp. dom.,2007,powiat,powiat m. Kraków,powiat m. Kraków,26.58%
38,Bezradność w sprawach opiekuńczo-wychowawczych i prowadzenia gosp. dom.,2007,powiat,powiat m. Nowy Sącz,powiat m. Nowy Sącz,30.10%
38,Bezradność w sprawach opiekuńczo-wychowawczych i prowadzenia gosp. dom.,2007,powiat,powiat m. Tarnów,powiat m. Tarnów,24.70%
38,Bezradność w sprawach opiekuńczo-wychowawczych i prowadzenia gosp. dom.,2007,powiat,powiat miechowski,powiat miechowski,38.19%
38,Bezradność w sprawach opiekuńczo-wychowawczych i prowadzenia gosp. dom.,2007,gmina,Charsznica,powiat miechowski,17.00%
38,Bezradność w sprawach opiekuńczo-wychowawczych i prowadzenia gosp. dom.,2007,gmina,Gołcza,powiat miechowski,31.00%
38,Bezradność w sprawach opiekuńczo-wychowawczych i prowadzenia gosp. dom.,2007,gmina,Kozłów,powiat miechowski,37.00%
38,Bezradność w sprawach opiekuńczo-wychowawczych i prowadzenia gosp. dom.,2007,gmina,Książ Wielki,powiat miechowski,67.00%
38,Bezradność w sprawach opiekuńczo-wychowawczych i prowadzenia gosp. dom.,2007,gmina,Miechów,powiat miechowski,53.00%
38,Bezradność w sprawach opiekuńczo-wychowawczych i prowadzenia gosp. dom.,2007,gmina,Racławice,powiat miechowski,45.00%
38,Bezradność w sprawach opiekuńczo-wychowawczych i prowadzenia gosp. dom.,2007,gmina,Słaboszów,powiat miechowski,20.00%
38,Bezradność w sprawach opiekuńczo-wychowawczych i prowadzenia gosp. dom.,2007,powiat,powiat myślenicki,powiat myślenicki,22.65%
38,Bezradność w sprawach opiekuńczo-wychowawczych i prowadzenia gosp. dom.,2007,gmina,Dobczyce,powiat myślenicki,17.00%
38,Bezradność w sprawach opiekuńczo-wychowawczych i prowadzenia gosp. dom.,2007,gmina,Lubień,powiat myślenicki,24.00%
38,Bezradność w sprawach opiekuńczo-wychowawczych i prowadzenia gosp. dom.,2007,gmina,Myślenice,powiat myślenicki,29.00%
38,Bezradność w sprawach opiekuńczo-wychowawczych i prowadzenia gosp. dom.,2007,gmina,Pcim,powiat myślenicki,43.00%
38,Bezradność w sprawach opiekuńczo-wychowawczych i prowadzenia gosp. dom.,2007,gmina,Raciechowice,powiat myślenicki,21.00%
38,Bezradność w sprawach opiekuńczo-wychowawczych i prowadzenia gosp. dom.,2007,gmina,Siepraw,powiat myślenicki,14.00%
38,Bezradność w sprawach opiekuńczo-wychowawczych i prowadzenia gosp. dom.,2007,gmina,Sułkowice,powiat myślenicki,48.00%
38,Bezradność w sprawach opiekuńczo-wychowawczych i prowadzenia gosp. dom.,2007,gmina,Tokarnia,powiat myślenicki,6.00%
38,Bezradność w sprawach opiekuńczo-wychowawczych i prowadzenia gosp. dom.,2007,gmina,Wiśniowa,powiat myślenicki,3.00%
38,Bezradność w sprawach opiekuńczo-wychowawczych i prowadzenia gosp. dom.,2007,powiat,powiat nowosądecki,powiat nowosądecki,29.21%
38,Bezradność w sprawach opiekuńczo-wychowawczych i prowadzenia gosp. dom.,2007,gmina,Podegrodzie,powiat nowosądecki,13.00%
38,Bezradność w sprawach opiekuńczo-wychowawczych i prowadzenia gosp. dom.,2007,gmina,Rytro,powiat nowosądecki,38.00%
38,Bezradność w sprawach opiekuńczo-wychowawczych i prowadzenia gosp. dom.,2007,gmina,Stary Sącz,powiat nowosądecki,24.00%
38,Bezradność w sprawach opiekuńczo-wychowawczych i prowadzenia gosp. dom.,2007,gmina,Chełmiec,powiat nowosądecki,11.00%
38,Bezradność w sprawach opiekuńczo-wychowawczych i prowadzenia gosp. dom.,2007,gmina,Gródek nad Dunajcem,powiat nowosądecki,70.00%
38,Bezradność w sprawach opiekuńczo-wychowawczych i prowadzenia gosp. dom.,2007,gmina,Grybów (miasto),powiat nowosądecki,14.00%
38,Bezradność w sprawach opiekuńczo-wychowawczych i prowadzenia gosp. dom.,2007,gmina,Grybów (wieś),powiat nowosądecki,35.00%
38,Bezradność w sprawach opiekuńczo-wychowawczych i prowadzenia gosp. dom.,2007,gmina,Kamionka Wielka,powiat nowosądecki,30.00%
38,Bezradność w sprawach opiekuńczo-wychowawczych i prowadzenia gosp. dom.,2007,gmina,Korzenna,powiat nowosądecki,28.00%
38,Bezradność w sprawach opiekuńczo-wychowawczych i prowadzenia gosp. dom.,2007,gmina,Krynica-Zdrój,powiat nowosądecki,24.00%
38,Bezradność w sprawach opiekuńczo-wychowawczych i prowadzenia gosp. dom.,2007,gmina,Łabowa,powiat nowosądecki,40.00%
38,Bezradność w sprawach opiekuńczo-wychowawczych i prowadzenia gosp. dom.,2007,gmina,Łącko,powiat nowosądecki,13.00%
38,Bezradność w sprawach opiekuńczo-wychowawczych i prowadzenia gosp. dom.,2007,gmina,Łososina Dolna,powiat nowosądecki,58.00%
38,Bezradność w sprawach opiekuńczo-wychowawczych i prowadzenia gosp. dom.,2007,gmina,Muszyna,powiat nowosądecki,6.00%
38,Bezradność w sprawach opiekuńczo-wychowawczych i prowadzenia gosp. dom.,2007,gmina,Nawojowa,powiat nowosądecki,20.00%
38,Bezradność w sprawach opiekuńczo-wychowawczych i prowadzenia gosp. dom.,2007,gmina,Piwniczna-Zdrój,powiat nowosądecki,52.00%
38,Bezradność w sprawach opiekuńczo-wychowawczych i prowadzenia gosp. dom.,2007,powiat,powiat nowotarski,powiat nowotarski,42.72%
38,Bezradność w sprawach opiekuńczo-wychowawczych i prowadzenia gosp. dom.,2007,gmina,Czarny Dunajec,powiat nowotarski,6.00%
38,Bezradność w sprawach opiekuńczo-wychowawczych i prowadzenia gosp. dom.,2007,gmina,Czorsztyn,powiat nowotarski,28.00%
38,Bezradność w sprawach opiekuńczo-wychowawczych i prowadzenia gosp. dom.,2007,gmina,Jabłonka,powiat nowotarski,52.00%
38,Bezradność w sprawach opiekuńczo-wychowawczych i prowadzenia gosp. dom.,2007,gmina,Krościenko nad Dunajcem,powiat nowotarski,22.00%
38,Bezradność w sprawach opiekuńczo-wychowawczych i prowadzenia gosp. dom.,2007,gmina,Lipnica Wielka,powiat nowotarski,74.00%
38,Bezradność w sprawach opiekuńczo-wychowawczych i prowadzenia gosp. dom.,2007,gmina,Łapsze Niżne,powiat nowotarski,33.00%
38,Bezradność w sprawach opiekuńczo-wychowawczych i prowadzenia gosp. dom.,2007,gmina,Nowy Targ (miasto),powiat nowotarski,29.00%
38,Bezradność w sprawach opiekuńczo-wychowawczych i prowadzenia gosp. dom.,2007,gmina,Nowy Targ (wieś),powiat nowotarski,63.00%
38,Bezradność w sprawach opiekuńczo-wychowawczych i prowadzenia gosp. dom.,2007,gmina,Ochotnica Dolna,powiat nowotarski,68.00%
38,Bezradność w sprawach opiekuńczo-wychowawczych i prowadzenia gosp. dom.,2007,gmina,Raba Wyżna,powiat nowotarski,3.00%
38,Bezradność w sprawach opiekuńczo-wychowawczych i prowadzenia gosp. dom.,2007,gmina,Rabka-Zdrój,powiat nowotarski,68.00%
38,Bezradność w sprawach opiekuńczo-wychowawczych i prowadzenia gosp. dom.,2007,gmina,Spytkowice,powiat nowotarski,31.00%
38,Bezradność w sprawach opiekuńczo-wychowawczych i prowadzenia gosp. dom.,2007,gmina,Szaflary,powiat nowotarski,78.00%
38,Bezradność w sprawach opiekuńczo-wychowawczych i prowadzenia gosp. dom.,2007,gmina,Szczawnica,powiat nowotarski,41.00%
38,Bezradność w sprawach opiekuńczo-wychowawczych i prowadzenia gosp. dom.,2007,powiat,powiat olkuski,powiat olkuski,27.86%
38,Bezradność w sprawach opiekuńczo-wychowawczych i prowadzenia gosp. dom.,2007,gmina,Bolesław,powiat olkuski,31.00%
38,Bezradność w sprawach opiekuńczo-wychowawczych i prowadzenia gosp. dom.,2007,gmina,Bukowno,powiat olkuski,28.00%
38,Bezradność w sprawach opiekuńczo-wychowawczych i prowadzenia gosp. dom.,2007,gmina,Klucze,powiat olkuski,32.00%
38,Bezradność w sprawach opiekuńczo-wychowawczych i prowadzenia gosp. dom.,2007,gmina,Olkusz,powiat olkuski,22.00%
38,Bezradność w sprawach opiekuńczo-wychowawczych i prowadzenia gosp. dom.,2007,gmina,Trzyciąż,powiat olkuski,45.00%
38,Bezradność w sprawach opiekuńczo-wychowawczych i prowadzenia gosp. dom.,2007,gmina,Wolbrom,powiat olkuski,35.00%
38,Bezradność w sprawach opiekuńczo-wychowawczych i prowadzenia gosp. dom.,2007,powiat,powiat oświęcimski,powiat oświęcimski,38.73%
38,Bezradność w sprawach opiekuńczo-wychowawczych i prowadzenia gosp. dom.,2007,gmina,Brzeszcze,powiat oświęcimski,28.00%
38,Bezradność w sprawach opiekuńczo-wychowawczych i prowadzenia gosp. dom.,2007,gmina,Chełmek,powiat oświęcimski,11.00%
38,Bezradność w sprawach opiekuńczo-wychowawczych i prowadzenia gosp. dom.,2007,gmina,Kęty,powiat oświęcimski,35.00%
38,Bezradność w sprawach opiekuńczo-wychowawczych i prowadzenia gosp. dom.,2007,gmina,Osiek,powiat oświęcimski,65.00%
38,Bezradność w sprawach opiekuńczo-wychowawczych i prowadzenia gosp. dom.,2007,gmina,Oświęcim (miasto),powiat oświęcimski,61.00%
38,Bezradność w sprawach opiekuńczo-wychowawczych i prowadzenia gosp. dom.,2007,gmina,Oświęcim (wieś),powiat oświęcimski,15.00%
38,Bezradność w sprawach opiekuńczo-wychowawczych i prowadzenia gosp. dom.,2007,gmina,Polanka Wielka,powiat oświęcimski,15.00%
38,Bezradność w sprawach opiekuńczo-wychowawczych i prowadzenia gosp. dom.,2007,gmina,Przeciszów,powiat oświęcimski,48.00%
38,Bezradność w sprawach opiekuńczo-wychowawczych i prowadzenia gosp. dom.,2007,gmina,Zator,powiat oświęcimski,7.00%
38,Bezradność w sprawach opiekuńczo-wychowawczych i prowadzenia gosp. dom.,2007,powiat,powiat proszowicki,powiat proszowicki,12.81%
38,Bezradność w sprawach opiekuńczo-wychowawczych i prowadzenia gosp. dom.,2007,gmina,Koniusza,powiat proszowicki,15.00%
38,Bezradność w sprawach opiekuńczo-wychowawczych i prowadzenia gosp. dom.,2007,gmina,Koszyce,powiat proszowicki,4.00%
38,Bezradność w sprawach opiekuńczo-wychowawczych i prowadzenia gosp. dom.,2007,gmina,Nowe Brzesko,powiat proszowicki,21.00%
38,Bezradność w sprawach opiekuńczo-wychowawczych i prowadzenia gosp. dom.,2007,gmina,Pałecznica,powiat proszowicki,23.00%
38,Bezradność w sprawach opiekuńczo-wychowawczych i prowadzenia gosp. dom.,2007,gmina,Proszowice,powiat proszowicki,11.00%
38,Bezradność w sprawach opiekuńczo-wychowawczych i prowadzenia gosp. dom.,2007,gmina,Radziemice,powiat proszowicki,24.00%
38,Bezradność w sprawach opiekuńczo-wychowawczych i prowadzenia gosp. dom.,2007,powiat,powiat suski,powiat suski,25.84%
38,Bezradność w sprawach opiekuńczo-wychowawczych i prowadzenia gosp. dom.,2007,gmina,Budzów,powiat suski,58.00%
38,Bezradność w sprawach opiekuńczo-wychowawczych i prowadzenia gosp. dom.,2007,gmina,Bystra-Sidzina,powiat suski,9.00%
38,Bezradność w sprawach opiekuńczo-wychowawczych i prowadzenia gosp. dom.,2007,gmina,Jordanów (miasto),powiat suski,57.00%
38,Bezradność w sprawach opiekuńczo-wychowawczych i prowadzenia gosp. dom.,2007,gmina,Jordanów (wieś),powiat suski,38.00%
38,Bezradność w sprawach opiekuńczo-wychowawczych i prowadzenia gosp. dom.,2007,gmina,Maków Podhalański,powiat suski,23.00%
38,Bezradność w sprawach opiekuńczo-wychowawczych i prowadzenia gosp. dom.,2007,gmina,Stryszawa,powiat suski,13.00%
38,Bezradność w sprawach opiekuńczo-wychowawczych i prowadzenia gosp. dom.,2007,gmina,Sucha Beskidzka,powiat suski,9.00%
38,Bezradność w sprawach opiekuńczo-wychowawczych i prowadzenia gosp. dom.,2007,gmina,Zawoja,powiat suski,22.00%
38,Bezradność w sprawach opiekuńczo-wychowawczych i prowadzenia gosp. dom.,2007,gmina,Zembrzyce,powiat suski,34.00%
38,Bezradność w sprawach opiekuńczo-wychowawczych i prowadzenia gosp. dom.,2007,powiat,powiat tarnowski,powiat tarnowski,36.63%
38,Bezradność w sprawach opiekuńczo-wychowawczych i prowadzenia gosp. dom.,2007,gmina,Ciężkowice,powiat tarnowski,45.00%
38,Bezradność w sprawach opiekuńczo-wychowawczych i prowadzenia gosp. dom.,2007,gmina,Gromnik,powiat tarnowski,52.00%
38,Bezradność w sprawach opiekuńczo-wychowawczych i prowadzenia gosp. dom.,2007,gmina,Lisia Góra,powiat tarnowski,65.00%
38,Bezradność w sprawach opiekuńczo-wychowawczych i prowadzenia gosp. dom.,2007,gmina,Pleśna,powiat tarnowski,36.00%
38,Bezradność w sprawach opiekuńczo-wychowawczych i prowadzenia gosp. dom.,2007,gmina,Radłów,powiat tarnowski,40.00%
38,Bezradność w sprawach opiekuńczo-wychowawczych i prowadzenia gosp. dom.,2007,gmina,Ryglice,powiat tarnowski,24.00%
38,Bezradność w sprawach opiekuńczo-wychowawczych i prowadzenia gosp. dom.,2007,gmina,Rzepiennik Strzyżewski,powiat tarnowski,4.00%
38,Bezradność w sprawach opiekuńczo-wychowawczych i prowadzenia gosp. dom.,2007,gmina,Skrzyszów,powiat tarnowski,52.00%
38,Bezradność w sprawach opiekuńczo-wychowawczych i prowadzenia gosp. dom.,2007,gmina,Szerzyny,powiat tarnowski,70.00%
38,Bezradność w sprawach opiekuńczo-wychowawczych i prowadzenia gosp. dom.,2007,gmina,Tarnów (wieś),powiat tarnowski,9.00%
38,Bezradność w sprawach opiekuńczo-wychowawczych i prowadzenia gosp. dom.,2007,gmina,Tuchów,powiat tarnowski,30.00%
38,Bezradność w sprawach opiekuńczo-wychowawczych i prowadzenia gosp. dom.,2007,gmina,Wierzchosławice,powiat tarnowski,50.00%
38,Bezradność w sprawach opiekuńczo-wychowawczych i prowadzenia gosp. dom.,2007,gmina,Wietrzychowice,powiat tarnowski,33.00%
38,Bezradność w sprawach opiekuńczo-wychowawczych i prowadzenia gosp. dom.,2007,gmina,Wojnicz,powiat tarnowski,60.00%
38,Bezradność w sprawach opiekuńczo-wychowawczych i prowadzenia gosp. dom.,2007,gmina,Zakliczyn,powiat tarnowski,42.00%
38,Bezradność w sprawach opiekuńczo-wychowawczych i prowadzenia gosp. dom.,2007,gmina,Żabno,powiat tarnowski,11.00%
38,Bezradność w sprawach opiekuńczo-wychowawczych i prowadzenia gosp. dom.,2007,powiat,powiat tatrzański,powiat tatrzański,31.77%
38,Bezradność w sprawach opiekuńczo-wychowawczych i prowadzenia gosp. dom.,2007,gmina,Biały Dunajec,powiat tatrzański,12.00%
38,Bezradność w sprawach opiekuńczo-wychowawczych i prowadzenia gosp. dom.,2007,gmina,Bukowina Tatrzańska,powiat tatrzański,48.00%
38,Bezradność w sprawach opiekuńczo-wychowawczych i prowadzenia gosp. dom.,2007,gmina,Kościelisko,powiat tatrzański,55.00%
38,Bezradność w sprawach opiekuńczo-wychowawczych i prowadzenia gosp. dom.,2007,gmina,Poronin,powiat tatrzański,44.00%
38,Bezradność w sprawach opiekuńczo-wychowawczych i prowadzenia gosp. dom.,2007,gmina,Zakopane,powiat tatrzański,27.00%
38,Bezradność w sprawach opiekuńczo-wychowawczych i prowadzenia gosp. dom.,2007,powiat,powiat wadowicki,powiat wadowicki,32.00%
38,Bezradność w sprawach opiekuńczo-wychowawczych i prowadzenia gosp. dom.,2007,gmina,Andrychów,powiat wadowicki,66.00%
38,Bezradność w sprawach opiekuńczo-wychowawczych i prowadzenia gosp. dom.,2007,gmina,Brzeźnica,powiat wadowicki,47.00%
38,Bezradność w sprawach opiekuńczo-wychowawczych i prowadzenia gosp. dom.,2007,gmina,Kalwaria Zebrzydowska,powiat wadowicki,4.00%
38,Bezradność w sprawach opiekuńczo-wychowawczych i prowadzenia gosp. dom.,2007,gmina,Lanckorona,powiat wadowicki,46.00%
38,Bezradność w sprawach opiekuńczo-wychowawczych i prowadzenia gosp. dom.,2007,gmina,Mucharz,powiat wadowicki,25.00%
38,Bezradność w sprawach opiekuńczo-wychowawczych i prowadzenia gosp. dom.,2007,gmina,Spytkowice,powiat wadowicki,31.00%
38,Bezradność w sprawach opiekuńczo-wychowawczych i prowadzenia gosp. dom.,2007,gmina,Stryszów,powiat wadowicki,60.00%
38,Bezradność w sprawach opiekuńczo-wychowawczych i prowadzenia gosp. dom.,2007,gmina,Tomice,powiat wadowicki,40.00%
38,Bezradność w sprawach opiekuńczo-wychowawczych i prowadzenia gosp. dom.,2007,gmina,Wadowice,powiat wadowicki,24.00%
38,Bezradność w sprawach opiekuńczo-wychowawczych i prowadzenia gosp. dom.,2007,gmina,Wieprz,powiat wadowicki,5.00%
38,Bezradność w sprawach opiekuńczo-wychowawczych i prowadzenia gosp. dom.,2007,powiat,powiat wielicki,powiat wielicki,18.26%
38,Bezradność w sprawach opiekuńczo-wychowawczych i prowadzenia gosp. dom.,2007,gmina,Biskupice,powiat wielicki,41.00%
38,Bezradność w sprawach opiekuńczo-wychowawczych i prowadzenia gosp. dom.,2007,gmina,Gdów,powiat wielicki,18.00%
38,Bezradność w sprawach opiekuńczo-wychowawczych i prowadzenia gosp. dom.,2007,gmina,Kłaj,powiat wielicki,21.00%
38,Bezradność w sprawach opiekuńczo-wychowawczych i prowadzenia gosp. dom.,2007,gmina,Niepołomice,powiat wielicki,7.00%
38,Bezradność w sprawach opiekuńczo-wychowawczych i prowadzenia gosp. dom.,2007,gmina,Wieliczka,powiat wielicki,18.00%
