indicator_id,indicator,year,level,area,powiat,value
55,Ludność w wieku przedprodukcyjnym,2024,powiat,powiat bocheński,powiat bocheński,21.09%
55,Ludność w wieku przedprodukcyjnym,2024,gmina,Bochnia (miasto),powiat bocheński,18.43%
55,Ludność w wieku przedprodukcyjnym,2024,gmina,Bochnia (wieś),powiat bocheński,21.48%
55,Ludność w wieku przedprodukcyjnym,2024,gmina,Drwinia,powiat bocheński,19.53%
55,Ludność w wieku przedprodukcyjnym,2024,gmina,Lipnica Murowana,powiat bocheński,22.25%
55,Ludność w wieku przedprodukcyjnym,2024,gmina,Łapanów,powiat bocheński,22.55%
55,Ludność w wieku przedprodukcyjnym,2024,gmina,Nowy Wiśnicz,powiat bocheński,22.74%
55,Ludność w wieku przedprodukcyjnym,2024,gmina,Rzezawa,powiat bocheński,21.38%
55,Ludność w wieku przedprodukcyjnym,2024,gmina,Trzciana,powiat bocheński,23.48%
55,Ludność w wieku przedprodukcyjnym,2024,gmina,Żegocina,powiat bocheński,24.20%
55,Ludność w wieku przedprodukcyjnym,2024,powiat,powiat brzeski,powiat brzeski,19.55%
55,Ludność w wieku przedprodukcyjnym,2024,gmina,Borzęcin,powiat brzeski,18.00%
55,Ludność w wieku przedprodukcyjnym,2024,gmina,Brzesko,powiat brzeski,18.40%
55,Ludność w wieku przedprodukcyjnym,2024,gmina,Czchów,powiat brzeski,21.21%
55,Ludność w wieku przedprodukcyjnym,2024,gmina,Dębno,powiat brzeski,20.23%
55,Ludność w wieku przedprodukcyjnym,2024,gmina,Gnojnik,powiat brzeski,22.20%
55,Ludność w wieku przedprodukcyjnym,2024,gmina,Iwkowa,powiat brzeski,22.86%
55,Ludność w wieku przedprodukcyjnym,2024,gmina,Szczurowa,powiat brzeski,17.74%
55,Ludność w wieku przedprodukcyjnym,2024,powiat,powiat chrzanowski,powiat chrzanowski,16.18%
55,Ludność w wieku przedprodukcyjnym,2024,gmina,Alwernia,powiat chrzanowski,17.61%
55,Ludność w wieku przedprodukcyjnym,2024,gmina,Babice,powiat chrzanowski,17.22%
55,Ludność w wieku przedprodukcyjnym,2024,gmina,Chrzanów,powiat chrzanowski,15.02%
55,Ludność w wieku przedprodukcyjnym,2024,gmina,Libiąż,powiat chrzanowski,16.85%
55,Ludność w wieku przedprodukcyjnym,2024,gmina,Trzebinia,powiat chrzanowski,16.48%
55,Ludność w wieku przedprodukcyjnym,2024,powiat,powiat dąbrowski,powiat dąbrowski,18.09%
55,Ludność w wieku przedprodukcyjnym,2024,gmina,Bolesław,powiat dąbrowski,15.68%
55,Ludność w wieku przedprodukcyjnym,2024,gmina,Dąbrowa Tarnowska,powiat dąbrowski,18.51%
55,Ludność w wieku przedprodukcyjnym,2024,gmina,Gręboszów,powiat dąbrowski,13.13%
55,Ludność w wieku przedprodukcyjnym,2024,gmina,Mędrzechów,powiat dąbrowski,16.19%
55,Ludność w wieku przedprodukcyjnym,2024,gmina,Olesno,powiat dąbrowski,18.71%
55,Ludność w wieku przedprodukcyjnym,2024,gmina,Radgoszcz,powiat dąbrowski,19.90%
55,Ludność w wieku przedprodukcyjnym,2024,gmina,Szczucin,powiat dąbrowski,18.21%
55,Ludność w wieku przedprodukcyjnym,2024,powiat,powiat gorlicki,powiat gorlicki,19.28%
55,Ludność w wieku przedprodukcyjnym,2024,gmina,Biecz,powiat gorlicki,18.09%
55,Ludność w wieku przedprodukcyjnym,2024,gmina,Bobowa,powiat gorlicki,23.29%
55,Ludność w wieku przedprodukcyjnym,2024,gmina,Gorlice (miasto),powiat gorlicki,16.14%
55,Ludność w wieku przedprodukcyjnym,2024,gmina,Gorlice (wieś),powiat gorlicki,19.23%
55,Ludność w wieku przedprodukcyjnym,2024,gmina,Lipinki,powiat gorlicki,19.34%
55,Ludność w wieku przedprodukcyjnym,2024,gmina,Łużna,powiat gorlicki,20.83%
55,Ludność w wieku przedprodukcyjnym,2024,gmina,Moszczenica,powiat gorlicki,22.09%
55,Ludność w wieku przedprodukcyjnym,2024,gmina,Ropa,powiat gorlicki,22.34%
55,Ludność w wieku przedprodukcyjnym,2024,gmina,Sękowa,powiat gorlicki,19.46%
55,Ludność w wieku przedprodukcyjnym,2024,gmina,Uście Gorlickie,powiat gorlicki,21.56%
55,Ludność w wieku przedprodukcyjnym,2024,powiat,powiat krakowski,powiat krakowski,20.84%
55,Ludność w wieku przedprodukcyjnym,2024,gmina,Czernichów,powiat krakowski,21.05%
55,Ludność w wieku przedprodukcyjnym,2024,gmina,Igołomia-Wawrzeńczyce,powiat krakowski,19.21%
55,Ludność w wieku przedprodukcyjnym,2024,gmina,Iwanowice,powiat krakowski,20.18%
55,Ludność w wieku przedprodukcyjnym,2024,gmina,Jerzmanowice-Przeginia,powiat krakowski,19.68%
55,Ludność w wieku przedprodukcyjnym,2024,gmina,Kocmyrzów-Luborzyca,powiat krakowski,21.34%
55,Ludność w wieku przedprodukcyjnym,2024,gmina,Krzeszowice,powiat krakowski,17.48%
55,Ludność w wieku przedprodukcyjnym,2024,gmina,Liszki,powiat krakowski,22.89%
55,Ludność w wieku przedprodukcyjnym,2024,gmina,Michałowice,powiat krakowski,23.06%
55,Ludność w wieku przedprodukcyjnym,2024,gmina,Mogilany,powiat krakowski,22.63%
55,Ludność w wieku przedprodukcyjnym,2024,gmina,Skała,powiat krakowski,19.79%
55,Ludność w wieku przedprodukcyjnym,2024,gmina,Skawina,powiat krakowski,19.20%
55,Ludność w wieku przedprodukcyjnym,2024,gmina,Słomniki,powiat krakowski,18.66%
55,Ludność w wieku przedprodukcyjnym,2024,gmina,Sułoszowa,powiat krakowski,19.49%
55,Ludność w wieku przedprodukcyjnym,2024,gmina,Świątniki Górne,powiat krakowski,21.60%
55,Ludność w wieku przedprodukcyjnym,2024,gmina,Wielka Wieś,powiat krakowski,24.36%
55,Ludność w wieku przedprodukcyjnym,2024,gmina,Zabierzów,powiat krakowski,20.61%
55,Ludność w wieku przedprodukcyjnym,2024,gmina,Zielonki,powiat krakowski,23.90%
55,Ludność w wieku przedprodukcyjnym,2024,powiat,powiat limanowski,powiat limanowski,23.29%
55,Ludność w wieku przedprodukcyjnym,2024,gmina,Dobra,powiat limanowski,22.26%
55,Ludność w wieku przedprodukcyjnym,2024,gmina,Jodłownik,powiat limanowski,24.00%
55,Ludność w wieku przedprodukcyjnym,2024,gmina,Kamienica,powiat limanowski,22.88%
55,Ludność w wieku przedprodukcyjnym,2024,gmina,Laskowa,powiat limanowski,24.67%
55,Ludność w wieku przedprodukcyjnym,2024,gmina,Limanowa (miasto),powiat limanowski,21.55%
55,Ludność w wieku przedprodukcyjnym,2024,gmina,Limanowa (wieś),powiat limanowski,24.42%
55,Ludność w wieku przedprodukcyjnym,2024,gmina,Łukowica,powiat limanowski,24.80%
55,Ludność w wieku przedprodukcyjnym,2024,gmina,Mszana Dolna (miasto),powiat limanowski,19.74%
55,Ludność w wieku przedprodukcyjnym,2024,gmina,Mszana Dolna (wieś),powiat limanowski,22.53%
55,Ludność w wieku przedprodukcyjnym,2024,gmina,Niedźwiedź,powiat limanowski,22.74%
55,Ludność w wieku przedprodukcyjnym,2024,gmina,Słopnice,powiat limanowski,25.54%
55,Ludność w wieku przedprodukcyjnym,2024,gmina,Tymbark,powiat limanowski,24.22%
55,Ludność w wieku przedprodukcyjnym,2024,powiat,powiat m. Kraków,powiat m. Kraków,16.47%
55,Ludność w wieku przedprodukcyjnym,2024,powiat,powiat m. Nowy Sącz,powiat m. Nowy Sącz,18.75%
55,Ludność w wieku przedprodukcyjnym,2024,powiat,powiat m. Tarnów,powiat m. Tarnów,15.25%
55,Ludność w wieku przedprodukcyjnym,2024,powiat,powiat miechowski,powiat miechowski,16.96%
55,Ludność w wieku przedprodukcyjnym,2024,gmina,Charsznica,powiat miechowski,15.88%
55,Ludność w wieku przedprodukcyjnym,2024,gmina,Gołcza,powiat miechowski,18.20%
55,Ludność w wieku przedprodukcyjnym,2024,gmina,Kozłów,powiat miechowski,16.12%
55,Ludność w wieku przedprodukcyjnym,2024,gmina,Książ Wielki,powiat miechowski,16.92%
55,Ludność w wieku przedprodukcyjnym,2024,gmina,Miechów,powiat miechowski,17.08%
55,Ludność w wieku przedprodukcyjnym,2024,gmina,Racławice,powiat miechowski,20.20%
55,Ludność w wieku przedprodukcyjnym,2024,gmina,Słaboszów,powiat miechowski,15.20%
55,Ludność w wieku przedprodukcyjnym,2024,powiat,powiat myślenicki,powiat myślenicki,21.61%
55,Ludność w wieku przedprodukcyjnym,2024,gmina,Dobczyce,powiat myślenicki,21.20%
55,Ludność w wieku przedprodukcyjnym,2024,gmina,Lubień,powiat myślenicki,22.44%
55,Ludność w wieku przedprodukcyjnym,2024,gmina,Myślenice,powiat myślenicki,21.14%
55,Ludność w wieku przedprodukcyjnym,2024,gmina,Pcim,powiat myślenicki,21.46%
55,Ludność w wieku przedprodukcyjnym,2024,gmina,Raciechowice,powiat myślenicki,21.76%
55,Ludność w wieku przedprodukcyjnym,2024,gmina,Siepraw,powiat myślenicki,22.41%
55,Ludność w wieku przedprodukcyjnym,2024,gmina,Sułkowice,powiat myślenicki,21.17%
55,Ludność w wieku przedprodukcyjnym,2024,gmina,Tokarnia,powiat myślenicki,23.11%
55,Ludność w wieku przedprodukcyjnym,2024,gmina,Wiśniowa,powiat myślenicki,22.39%
55,Ludność w wieku przedprodukcyjnym,2024,powiat,powiat nowosądecki,powiat nowosądecki,22.71%
55,Ludność w wieku przedprodukcyjnym,2024,gmina,Podegrodzie,powiat nowosądecki,25.36%
55,Ludność w wieku przedprodukcyjnym,2024,gmina,Rytro,powiat nowosądecki,19.81%
55,Ludność w wieku przedprodukcyjnym,2024,gmina,Stary Sącz,powiat nowosądecki,21.56%
55,Ludność w wieku przedprodukcyjnym,2024,gmina,Chełmiec,powiat nowosądecki,23.27%
55,Ludność w wieku przedprodukcyjnym,2024,gmina,Gródek nad Dunajcem,powiat nowosądecki,21.30%
55,Ludność w wieku przedprodukcyjnym,2024,gmina,Grybów (miasto),powiat nowosądecki,20.70%
55,Ludność w wieku przedprodukcyjnym,2024,gmina,Grybów (wieś),powiat nowosądecki,24.42%
55,Ludność w wieku przedprodukcyjnym,2024,gmina,Kamionka Wielka,powiat nowosądecki,24.23%
55,Ludność w wieku przedprodukcyjnym,2024,gmina,Korzenna,powiat nowosądecki,24.01%
55,Ludność w wieku przedprodukcyjnym,2024,gmina,Krynica-Zdrój,powiat nowosądecki,18.04%
55,Ludność w wieku przedprodukcyjnym,2024,gmina,Łabowa,powiat nowosądecki,25.40%
55,Ludność w wieku przedprodukcyjnym,2024,gmina,Łącko,powiat nowosądecki,24.57%
55,Ludność w wieku przedprodukcyjnym,2024,gmina,Łososina Dolna,powiat nowosądecki,24.32%
55,Ludność w wieku przedprodukcyjnym,2024,gmina,Muszyna,powiat nowosądecki,18.91%
55,Ludność w wieku przedprodukcyjnym,2024,gmina,Nawojowa,powiat nowosądecki,24.17%
55,Ludność w wieku przedprodukcyjnym,2024,gmina,Piwniczna-Zdrój,powiat nowosądecki,19.40%
55,Ludność w wieku przedprodukcyjnym,2024,powiat,powiat nowotarski,powiat nowotarski,20.02%
55,Ludność w wieku przedprodukcyjnym,2024,gmina,Czarny Dunajec,powiat nowotarski,19.69%
55,Ludność w wieku przedprodukcyjnym,2024,gmina,Czorsztyn,powiat nowotarski,20.59%
55,Ludność w wieku przedprodukcyjnym,2024,gmina,Jabłonka,powiat nowotarski,23.40%
55,Ludność w wieku przedprodukcyjnym,2024,gmina,Krościenko nad Dunajcem,powiat nowotarski,20.57%
55,Ludność w wieku przedprodukcyjnym,2024,gmina,Lipnica Wielka,powiat nowotarski,24.17%
55,Ludność w wieku przedprodukcyjnym,2024,gmina,Łapsze Niżne,powiat nowotarski,19.89%
55,Ludność w wieku przedprodukcyjnym,2024,gmina,Nowy Targ (miasto),powiat nowotarski,17.56%
55,Ludność w wieku przedprodukcyjnym,2024,gmina,Nowy Targ (wieś),powiat nowotarski,20.19%
55,Ludność w wieku przedprodukcyjnym,2024,gmina,Ochotnica Dolna,powiat nowotarski,21.66%
55,Ludność w wieku przedprodukcyjnym,2024,gmina,Raba Wyżna,powiat nowotarski,20.64%
55,Ludność w wieku przedprodukcyjnym,2024,gmina,Rabka-Zdrój,powiat nowotarski,17.73%
55,Ludność w wieku przedprodukcyjnym,2024,gmina,Spytkowice,powiat nowotarski,21.73%
55,Ludność w wieku przedprodukcyjnym,2024,gmina,Szaflary,powiat nowotarski,21.34%
55,Ludność w wieku przedprodukcyjnym,2024,gmina,Szczawnica,powiat nowotarski,17.02%
55,Ludność w wieku przedprodukcyjnym,2024,powiat,powiat olkuski,powiat olkuski,16.49%
55,Ludność w wieku przedprodukcyjnym,2024,gmina,Bolesław,powiat olkuski,15.54%
55,Ludność w wieku przedprodukcyjnym,2024,gmina,Bukowno,powiat olkuski,15.00%
55,Ludność w wieku przedprodukcyjnym,2024,gmina,Klucze,powiat olkuski,16.54%
55,Ludność w wieku przedprodukcyjnym,2024,gmina,Olkusz,powiat olkuski,16.52%
55,Ludność w wieku przedprodukcyjnym,2024,gmina,Trzyciąż,powiat olkuski,18.88%
55,Ludność w wieku przedprodukcyjnym,2024,gmina,Wolbrom,powiat olkuski,16.61%
55,Ludność w wieku przedprodukcyjnym,2024,powiat,powiat oświęcimski,powiat oświęcimski,17.69%
55,Ludność w wieku przedprodukcyjnym,2024,gmina,Brzeszcze,powiat oświęcimski,17.15%
55,Ludność w wieku przedprodukcyjnym,2024,gmina,Chełmek,powiat oświęcimski,16.06%
55,Ludność w wieku przedprodukcyjnym,2024,gmina,Kęty,powiat oświęcimski,18.55%
55,Ludność w wieku przedprodukcyjnym,2024,gmina,Osiek,powiat oświęcimski,19.87%
55,Ludność w wieku przedprodukcyjnym,2024,gmina,Oświęcim (miasto),powiat oświęcimski,15.87%
55,Ludność w wieku przedprodukcyjnym,2024,gmina,Oświęcim (wieś),powiat oświęcimski,18.68%
55,Ludność w wieku przedprodukcyjnym,2024,gmina,Polanka Wielka,powiat oświęcimski,20.60%
55,Ludność w wieku przedprodukcyjnym,2024,gmina,Przeciszów,powiat oświęcimski,18.43%
55,Ludność w wieku przedprodukcyjnym,2024,gmina,Zator,powiat oświęcimski,19.19%
55,Ludność w wieku przedprodukcyjnym,2024,powiat,powiat proszowicki,powiat proszowicki,17.53%
55,Ludność w wieku przedprodukcyjnym,2024,gmina,Koniusza,powiat proszowicki,20.21%
55,Ludność w wieku przedprodukcyjnym,2024,gmina,Koszyce,powiat proszowicki,14.83%
55,Ludność w wieku przedprodukcyjnym,2024,gmina,Nowe Brzesko,powiat proszowicki,16.60%
55,Ludność w wieku przedprodukcyjnym,2024,gmina,Pałecznica,powiat proszowicki,18.99%
55,Ludność w wieku przedprodukcyjnym,2024,gmina,Proszowice,powiat proszowicki,17.06%
55,Ludność w wieku przedprodukcyjnym,2024,gmina,Radziemice,powiat proszowicki,16.58%
55,Ludność w wieku przedprodukcyjnym,2024,powiat,powiat suski,powiat suski,19.66%
55,Ludność w wieku przedprodukcyjnym,2024,gmina,Budzów,powiat suski,22.68%
55,Ludność w wieku przedprodukcyjnym,2024,gmina,Bystra-Sidzina,powiat suski,21.16%
55,Ludność w wieku przedprodukcyjnym,2024,gmina,Jordanów (miasto),powiat suski,20.44%
55,Ludność w wieku przedprodukcyjnym,2024,gmina,Jordanów (wieś),powiat suski,21.22%
55,Ludność w wieku przedprodukcyjnym,2024,gmina,Maków Podhalański,powiat suski,18.71%
55,Ludność w wieku przedprodukcyjnym,2024,gmina,Stryszawa,powiat suski,19.58%
55,Ludność w wieku przedprodukcyjnym,2024,gmina,Sucha Beskidzka,powiat suski,16.76%
55,Ludność w wieku przedprodukcyjnym,2024,gmina,Zawoja,powiat suski,18.48%
55,Ludność w wieku przedprodukcyjnym,2024,gmina,Zembrzyce,powiat suski,18.32%
55,Ludność w wieku przedprodukcyjnym,2024,powiat,powiat tarnowski,powiat tarnowski,19.35%
55,Ludność w wieku przedprodukcyjnym,2024,gmina,Ciężkowice,powiat tarnowski,21.26%
55,Ludność w wieku przedprodukcyjnym,2024,gmina,Gromnik,powiat tarnowski,21.60%
55,Ludność w wieku przedprodukcyjnym,2024,gmina,Lisia Góra,powiat tarnowski,21.95%
55,Ludność w wieku przedprodukcyjnym,2024,gmina,Pleśna,powiat tarnowski,19.05%
55,Ludność w wieku przedprodukcyjnym,2024,gmina,Radłów,powiat tarnowski,17.32%
55,Ludność w wieku przedprodukcyjnym,2024,gmina,Ryglice,powiat tarnowski,19.94%
55,Ludność w wieku przedprodukcyjnym,2024,gmina,Rzepiennik Strzyżewski,powiat tarnowski,20.29%
55,Ludność w wieku przedprodukcyjnym,2024,gmina,Skrzyszów,powiat tarnowski,19.90%
55,Ludność w wieku przedprodukcyjnym,2024,gmina,Szerzyny,powiat tarnowski,18.99%
55,Ludność w wieku przedprodukcyjnym,2024,gmina,Tarnów (wieś),powiat tarnowski,18.90%
55,Ludność w wieku przedprodukcyjnym,2024,gmina,Tuchów,powiat tarnowski,18.91%
55,Ludność w wieku przedprodukcyjnym,2024,gmina,Wierzchosławice,powiat tarnowski,17.52%
55,Ludność w wieku przedprodukcyjnym,2024,gmina,Wietrzychowice,powiat tarnowski,13.39%
55,Ludność w wieku przedprodukcyjnym,2024,gmina,Wojnicz,powiat tarnowski,19.40%
55,Ludność w wieku przedprodukcyjnym,2024,gmina,Zakliczyn,powiat tarnowski,21.10%
55,Ludność w wieku przedprodukcyjnym,2024,gmina,Żabno,powiat tarnowski,17.27%
55,Ludność w wieku przedprodukcyjnym,2024,powiat,powiat tatrzański,powiat tatrzański,18.91%
55,Ludność w wieku przedprodukcyjnym,2024,gmina,Biały Dunajec,powiat tatrzański,20.10%
55,Ludność w wieku przedprodukcyjnym,2024,gmina,Bukowina Tatrzańska,powiat tatrzański,21.18%
55,Ludność w wieku przedprodukcyjnym,2024,gmina,Kościelisko,powiat tatrzański,19.79%
55,Ludność w wieku przedprodukcyjnym,2024,gmina,Poronin,powiat tatrzański,21.65%
55,Ludność w wieku przedprodukcyjnym,2024,gmina,Zakopane,powiat tatrzański,15.73%
55,Ludność w wieku przedprodukcyjnym,2024,powiat,powiat wadowicki,powiat wadowicki,19.67%
55,Ludność w wieku przedprodukcyjnym,2024,gmina,Andrychów,powiat wadowicki,19.20%
55,Ludność w wieku przedprodukcyjnym,2024,gmina,Brzeźnica,powiat wadowicki,20.60%
55,Ludność w wieku przedprodukcyjnym,2024,gmina,Kalwaria Zebrzydowska,powiat wadowicki,19.48%
55,Ludność w wieku przedprodukcyjnym,2024,gmina,Lanckorona,powiat wadowicki,20.30%
55,Ludność w wieku przedprodukcyjnym,2024,gmina,Mucharz,powiat wadowicki,20.36%
55,Ludność w wieku przedprodukcyjnym,2024,gmina,Spytkowice,powiat wadowicki,20.09%
55,Ludność w wieku przedprodukcyjnym,2024,gmina,Stryszów,powiat wadowicki,19.23%
55,Ludność w wieku przedprodukcyjnym,2024,gmina,Tomice,powiat wadowicki,22.14%
55,Ludność w wieku przedprodukcyjnym,2024,gmina,Wadowice,powiat wadowicki,18.18%
55,Ludność w wieku przedprodukcyjnym,2024,gmina,Wieprz,powiat wadowicki,22.72%
55,Ludność w wieku przedprodukcyjnym,2024,powiat,powiat wielicki,powiat wielicki,22.05%
55,Ludność w wieku przedprodukcyjnym,2024,gmina,Biskupice,powiat wielicki,22.86%
55,Ludność w wieku przedprodukcyjnym,2024,gmina,Gdów,powiat wielicki,21.45%
55,Ludność w wieku przedprodukcyjnym,2024,gmina,Kłaj,powiat wielicki,19.59%
55,Ludność w wieku przedprodukcyjnym,2024,gmina,Niepołomice,powiat wielicki,23.49%
55,Ludność w wieku przedprodukcyjnym,2024,gmina,Wieliczka,powiat wielicki,21.77%
55,Ludność w wieku przedprodukcyjnym,2023,powiat,powiat bocheński,powiat bocheński,21.32%
55,Ludność w wieku przedprodukcyjnym,2023,gmina,Bochnia (miasto),powiat bocheński,18.68%
55,Ludność w wieku przedprodukcyjnym,2023,gmina,Bochnia (wieś),powiat bocheński,21.79%
55,Ludność w wieku przedprodukcyjnym,2023,gmina,Drwinia,powiat bocheński,19.55%
55,Ludność w wieku przedprodukcyjnym,2023,gmina,Lipnica Murowana,powiat bocheński,22.65%
55,Ludność w wieku przedprodukcyjnym,2023,gmina,Łapanów,powiat bocheński,22.69%
55,Ludność w wieku przedprodukcyjnym,2023,gmina,Nowy Wiśnicz,powiat bocheński,23.04%
55,Ludność w wieku przedprodukcyjnym,2023,gmina,Rzezawa,powiat bocheński,21.45%
55,Ludność w wieku przedprodukcyjnym,2023,gmina,Trzciana,powiat bocheński,23.92%
55,Ludność w wieku przedprodukcyjnym,2023,gmina,Żegocina,powiat bocheński,24.27%
55,Ludność w wieku przedprodukcyjnym,2023,powiat,powiat brzeski,powiat brzeski,19.83%
55,Ludność w wieku przedprodukcyjnym,2023,gmina,Borzęcin,powiat brzeski,18.23%
55,Ludność w wieku przedprodukcyjnym,2023,gmina,Brzesko,powiat brzeski,18.65%
55,Ludność w wieku przedprodukcyjnym,2023,gmina,Czchów,powiat brzeski,22.11%
55,Ludność w wieku przedprodukcyjnym,2023,gmina,Dębno,powiat brzeski,20.43%
55,Ludność w wieku przedprodukcyjnym,2023,gmina,Gnojnik,powiat brzeski,22.17%
55,Ludność w wieku przedprodukcyjnym,2023,gmina,Iwkowa,powiat brzeski,23.37%
55,Ludność w wieku przedprodukcyjnym,2023,gmina,Szczurowa,powiat brzeski,17.83%
55,Ludność w wieku przedprodukcyjnym,2023,powiat,powiat chrzanowski,powiat chrzanowski,16.42%
55,Ludność w wieku przedprodukcyjnym,2023,gmina,Alwernia,powiat chrzanowski,17.71%
55,Ludność w wieku przedprodukcyjnym,2023,gmina,Babice,powiat chrzanowski,17.27%
55,Ludność w wieku przedprodukcyjnym,2023,gmina,Chrzanów,powiat chrzanowski,15.24%
55,Ludność w wieku przedprodukcyjnym,2023,gmina,Libiąż,powiat chrzanowski,17.17%
55,Ludność w wieku przedprodukcyjnym,2023,gmina,Trzebinia,powiat chrzanowski,16.79%
55,Ludność w wieku przedprodukcyjnym,2023,powiat,powiat dąbrowski,powiat dąbrowski,18.24%
55,Ludność w wieku przedprodukcyjnym,2023,gmina,Bolesław,powiat dąbrowski,15.49%
55,Ludność w wieku przedprodukcyjnym,2023,gmina,Dąbrowa Tarnowska,powiat dąbrowski,18.71%
55,Ludność w wieku przedprodukcyjnym,2023,gmina,Gręboszów,powiat dąbrowski,13.06%
55,Ludność w wieku przedprodukcyjnym,2023,gmina,Mędrzechów,powiat dąbrowski,16.13%
55,Ludność w wieku przedprodukcyjnym,2023,gmina,Olesno,powiat dąbrowski,18.95%
55,Ludność w wieku przedprodukcyjnym,2023,gmina,Radgoszcz,powiat dąbrowski,20.19%
55,Ludność w wieku przedprodukcyjnym,2023,gmina,Szczucin,powiat dąbrowski,18.29%
55,Ludność w wieku przedprodukcyjnym,2023,powiat,powiat gorlicki,powiat gorlicki,19.67%
55,Ludność w wieku przedprodukcyjnym,2023,gmina,Biecz,powiat gorlicki,18.56%
55,Ludność w wieku przedprodukcyjnym,2023,gmina,Bobowa,powiat gorlicki,23.87%
55,Ludność w wieku przedprodukcyjnym,2023,gmina,Gorlice (miasto),powiat gorlicki,16.57%
55,Ludność w wieku przedprodukcyjnym,2023,gmina,Gorlice (wieś),powiat gorlicki,19.50%
55,Ludność w wieku przedprodukcyjnym,2023,gmina,Lipinki,powiat gorlicki,19.53%
55,Ludność w wieku przedprodukcyjnym,2023,gmina,Łużna,powiat gorlicki,21.26%
55,Ludność w wieku przedprodukcyjnym,2023,gmina,Moszczenica,powiat gorlicki,22.09%
55,Ludność w wieku przedprodukcyjnym,2023,gmina,Ropa,powiat gorlicki,22.85%
55,Ludność w wieku przedprodukcyjnym,2023,gmina,Sękowa,powiat gorlicki,20.05%
55,Ludność w wieku przedprodukcyjnym,2023,gmina,Uście Gorlickie,powiat gorlicki,22.07%
55,Ludność w wieku przedprodukcyjnym,2023,powiat,powiat krakowski,powiat krakowski,21.06%
55,Ludność w wieku przedprodukcyjnym,2023,gmina,Czernichów,powiat krakowski,21.24%
55,Ludność w wieku przedprodukcyjnym,2023,gmina,Igołomia-Wawrzeńczyce,powiat krakowski,19.05%
55,Ludność w wieku przedprodukcyjnym,2023,gmina,Iwanowice,powiat krakowski,20.70%
55,Ludność w wieku przedprodukcyjnym,2023,gmina,Jerzmanowice-Przeginia,powiat krakowski,20.01%
55,Ludność w wieku przedprodukcyjnym,2023,gmina,Kocmyrzów-Luborzyca,powiat krakowski,21.45%
55,Ludność w wieku przedprodukcyjnym,2023,gmina,Krzeszowice,powiat krakowski,17.88%
55,Ludność w wieku przedprodukcyjnym,2023,gmina,Liszki,powiat krakowski,23.00%
55,Ludność w wieku przedprodukcyjnym,2023,gmina,Michałowice,powiat krakowski,23.55%
55,Ludność w wieku przedprodukcyjnym,2023,gmina,Mogilany,powiat krakowski,23.09%
55,Ludność w wieku przedprodukcyjnym,2023,gmina,Skała,powiat krakowski,19.84%
55,Ludność w wieku przedprodukcyjnym,2023,gmina,Skawina,powiat krakowski,19.49%
55,Ludność w wieku przedprodukcyjnym,2023,gmina,Słomniki,powiat krakowski,18.65%
55,Ludność w wieku przedprodukcyjnym,2023,gmina,Sułoszowa,powiat krakowski,19.50%
55,Ludność w wieku przedprodukcyjnym,2023,gmina,Świątniki Górne,powiat krakowski,21.75%
55,Ludność w wieku przedprodukcyjnym,2023,gmina,Wielka Wieś,powiat krakowski,24.52%
55,Ludność w wieku przedprodukcyjnym,2023,gmina,Zabierzów,powiat krakowski,20.87%
55,Ludność w wieku przedprodukcyjnym,2023,gmina,Zielonki,powiat krakowski,24.11%
55,Ludność w wieku przedprodukcyjnym,2023,powiat,powiat limanowski,powiat limanowski,23.62%
55,Ludność w wieku przedprodukcyjnym,2023,gmina,Dobra,powiat limanowski,22.53%
55,Ludność w wieku przedprodukcyjnym,2023,gmina,Jodłownik,powiat limanowski,24.13%
55,Ludność w wieku przedprodukcyjnym,2023,gmina,Kamienica,powiat limanowski,23.38%
55,Ludność w wieku przedprodukcyjnym,2023,gmina,Laskowa,powiat limanowski,25.02%
55,Ludność w wieku przedprodukcyjnym,2023,gmina,Limanowa (miasto),powiat limanowski,21.60%
55,Ludność w wieku przedprodukcyjnym,2023,gmina,Limanowa (wieś),powiat limanowski,24.75%
55,Ludność w wieku przedprodukcyjnym,2023,gmina,Łukowica,powiat limanowski,25.33%
55,Ludność w wieku przedprodukcyjnym,2023,gmina,Mszana Dolna (miasto),powiat limanowski,20.09%
55,Ludność w wieku przedprodukcyjnym,2023,gmina,Mszana Dolna (wieś),powiat limanowski,23.00%
55,Ludność w wieku przedprodukcyjnym,2023,gmina,Niedźwiedź,powiat limanowski,22.79%
55,Ludność w wieku przedprodukcyjnym,2023,gmina,Słopnice,powiat limanowski,26.16%
55,Ludność w wieku przedprodukcyjnym,2023,gmina,Tymbark,powiat limanowski,24.62%
55,Ludność w wieku przedprodukcyjnym,2023,powiat,powiat m. Kraków,powiat m. Kraków,16.47%
55,Ludność w wieku przedprodukcyjnym,2023,powiat,powiat m. Nowy Sącz,powiat m. Nowy Sącz,19.04%
55,Ludność w wieku przedprodukcyjnym,2023,powiat,powiat m. Tarnów,powiat m. Tarnów,15.51%
55,Ludność w wieku przedprodukcyjnym,2023,powiat,powiat miechowski,powiat miechowski,17.24%
55,Ludność w wieku przedprodukcyjnym,2023,gmina,Charsznica,powiat miechowski,16.03%
55,Ludność w wieku przedprodukcyjnym,2023,gmina,Gołcza,powiat miechowski,18.52%
55,Ludność w wieku przedprodukcyjnym,2023,gmina,Kozłów,powiat miechowski,16.73%
55,Ludność w wieku przedprodukcyjnym,2023,gmina,Książ Wielki,powiat miechowski,17.61%
55,Ludność w wieku przedprodukcyjnym,2023,gmina,Miechów,powiat miechowski,17.14%
55,Ludność w wieku przedprodukcyjnym,2023,gmina,Racławice,powiat miechowski,20.11%
55,Ludność w wieku przedprodukcyjnym,2023,gmina,Słaboszów,powiat miechowski,16.19%
55,Ludność w wieku przedprodukcyjnym,2023,powiat,powiat myślenicki,powiat myślenicki,21.78%
55,Ludność w wieku przedprodukcyjnym,2023,gmina,Dobczyce,powiat myślenicki,21.31%
55,Ludność w wieku przedprodukcyjnym,2023,gmina,Lubień,powiat myślenicki,22.66%
55,Ludność w wieku przedprodukcyjnym,2023,gmina,Myślenice,powiat myślenicki,21.28%
55,Ludność w wieku przedprodukcyjnym,2023,gmina,Pcim,powiat myślenicki,21.63%
55,Ludność w wieku przedprodukcyjnym,2023,gmina,Raciechowice,powiat myślenicki,21.81%
55,Ludność w wieku przedprodukcyjnym,2023,gmina,Siepraw,powiat myślenicki,22.65%
55,Ludność w wieku przedprodukcyjnym,2023,gmina,Sułkowice,powiat myślenicki,21.46%
55,Ludność w wieku przedprodukcyjnym,2023,gmina,Tokarnia,powiat myślenicki,23.28%
55,Ludność w wieku przedprodukcyjnym,2023,gmina,Wiśniowa,powiat myślenicki,22.59%
55,Ludność w wieku przedprodukcyjnym,2023,powiat,powiat nowosądecki,powiat nowosądecki,23.05%
55,Ludność w wieku przedprodukcyjnym,2023,gmina,Podegrodzie,powiat nowosądecki,25.95%
55,Ludność w wieku przedprodukcyjnym,2023,gmina,Rytro,powiat nowosądecki,20.15%
55,Ludność w wieku przedprodukcyjnym,2023,gmina,Stary Sącz,powiat nowosądecki,21.94%
55,Ludność w wieku przedprodukcyjnym,2023,gmina,Chełmiec,powiat nowosądecki,23.56%
55,Ludność w wieku przedprodukcyjnym,2023,gmina,Gródek nad Dunajcem,powiat nowosądecki,21.83%
55,Ludność w wieku przedprodukcyjnym,2023,gmina,Grybów (miasto),powiat nowosądecki,20.82%
55,Ludność w wieku przedprodukcyjnym,2023,gmina,Grybów (wieś),powiat nowosądecki,24.81%
55,Ludność w wieku przedprodukcyjnym,2023,gmina,Kamionka Wielka,powiat nowosądecki,24.39%
55,Ludność w wieku przedprodukcyjnym,2023,gmina,Korzenna,powiat nowosądecki,24.13%
55,Ludność w wieku przedprodukcyjnym,2023,gmina,Krynica-Zdrój,powiat nowosądecki,18.42%
55,Ludność w wieku przedprodukcyjnym,2023,gmina,Łabowa,powiat nowosądecki,25.40%
55,Ludność w wieku przedprodukcyjnym,2023,gmina,Łącko,powiat nowosądecki,24.90%
55,Ludność w wieku przedprodukcyjnym,2023,gmina,Łososina Dolna,powiat nowosądecki,24.66%
55,Ludność w wieku przedprodukcyjnym,2023,gmina,Muszyna,powiat nowosądecki,19.32%
55,Ludność w wieku przedprodukcyjnym,2023,gmina,Nawojowa,powiat nowosądecki,24.66%
55,Ludność w wieku przedprodukcyjnym,2023,gmina,Piwniczna-Zdrój,powiat nowosądecki,19.95%
55,Ludność w wieku przedprodukcyjnym,2023,powiat,powiat nowotarski,powiat nowotarski,20.29%
55,Ludność w wieku przedprodukcyjnym,2023,gmina,Czarny Dunajec,powiat nowotarski,19.97%
55,Ludność w wieku przedprodukcyjnym,2023,gmina,Czorsztyn,powiat nowotarski,20.87%
55,Ludność w wieku przedprodukcyjnym,2023,gmina,Jabłonka,powiat nowotarski,23.56%
55,Ludność w wieku przedprodukcyjnym,2023,gmina,Krościenko nad Dunajcem,powiat nowotarski,20.76%
55,Ludność w wieku przedprodukcyjnym,2023,gmina,Lipnica Wielka,powiat nowotarski,24.24%
55,Ludność w wieku przedprodukcyjnym,2023,gmina,Łapsze Niżne,powiat nowotarski,20.03%
55,Ludność w wieku przedprodukcyjnym,2023,gmina,Nowy Targ (miasto),powiat nowotarski,17.86%
55,Ludność w wieku przedprodukcyjnym,2023,gmina,Nowy Targ (wieś),powiat nowotarski,20.49%
55,Ludność w wieku przedprodukcyjnym,2023,gmina,Ochotnica Dolna,powiat nowotarski,22.18%
55,Ludność w wieku przedprodukcyjnym,2023,gmina,Raba Wyżna,powiat nowotarski,20.99%
55,Ludność w wieku przedprodukcyjnym,2023,gmina,Rabka-Zdrój,powiat nowotarski,18.02%
55,Ludność w wieku przedprodukcyjnym,2023,gmina,Spytkowice,powiat nowotarski,21.98%
55,Ludność w wieku przedprodukcyjnym,2023,gmina,Szaflary,powiat nowotarski,21.57%
55,Ludność w wieku przedprodukcyjnym,2023,gmina,Szczawnica,powiat nowotarski,17.38%
55,Ludność w wieku przedprodukcyjnym,2023,powiat,powiat olkuski,powiat olkuski,16.69%
55,Ludność w wieku przedprodukcyjnym,2023,gmina,Bolesław,powiat olkuski,15.98%
55,Ludność w wieku przedprodukcyjnym,2023,gmina,Bukowno,powiat olkuski,15.11%
55,Ludność w wieku przedprodukcyjnym,2023,gmina,Klucze,powiat olkuski,16.68%
55,Ludność w wieku przedprodukcyjnym,2023,gmina,Olkusz,powiat olkuski,16.74%
55,Ludność w wieku przedprodukcyjnym,2023,gmina,Trzyciąż,powiat olkuski,18.92%
55,Ludność w wieku przedprodukcyjnym,2023,gmina,Wolbrom,powiat olkuski,16.82%
55,Ludność w wieku przedprodukcyjnym,2023,powiat,powiat oświęcimski,powiat oświęcimski,17.98%
55,Ludność w wieku przedprodukcyjnym,2023,gmina,Brzeszcze,powiat oświęcimski,17.46%
55,Ludność w wieku przedprodukcyjnym,2023,gmina,Chełmek,powiat oświęcimski,16.35%
55,Ludność w wieku przedprodukcyjnym,2023,gmina,Kęty,powiat oświęcimski,18.82%
55,Ludność w wieku przedprodukcyjnym,2023,gmina,Osiek,powiat oświęcimski,20.25%
55,Ludność w wieku przedprodukcyjnym,2023,gmina,Oświęcim (miasto),powiat oświęcimski,16.05%
55,Ludność w wieku przedprodukcyjnym,2023,gmina,Oświęcim (wieś),powiat oświęcimski,19.19%
55,Ludność w wieku przedprodukcyjnym,2023,gmina,Polanka Wielka,powiat oświęcimski,20.70%
55,Ludność w wieku przedprodukcyjnym,2023,gmina,Przeciszów,powiat oświęcimski,18.66%
55,Ludność w wieku przedprodukcyjnym,2023,gmina,Zator,powiat oświęcimski,19.49%
55,Ludność w wieku przedprodukcyjnym,2023,powiat,powiat proszowicki,powiat proszowicki,17.73%
55,Ludność w wieku przedprodukcyjnym,2023,gmina,Koniusza,powiat proszowicki,20.28%
55,Ludność w wieku przedprodukcyjnym,2023,gmina,Koszyce,powiat proszowicki,15.41%
55,Ludność w wieku przedprodukcyjnym,2023,gmina,Nowe Brzesko,powiat proszowicki,17.02%
55,Ludność w wieku przedprodukcyjnym,2023,gmina,Pałecznica,powiat proszowicki,19.01%
55,Ludność w wieku przedprodukcyjnym,2023,gmina,Proszowice,powiat proszowicki,17.22%
55,Ludność w wieku przedprodukcyjnym,2023,gmina,Radziemice,powiat proszowicki,16.59%
55,Ludność w wieku przedprodukcyjnym,2023,powiat,powiat suski,powiat suski,19.94%
55,Ludność w wieku przedprodukcyjnym,2023,gmina,Budzów,powiat suski,23.13%
55,Ludność w wieku przedprodukcyjnym,2023,gmina,Bystra-Sidzina,powiat suski,21.65%
55,Ludność w wieku przedprodukcyjnym,2023,gmina,Jordanów (miasto),powiat suski,19.82%
55,Ludność w wieku przedprodukcyjnym,2023,gmina,Jordanów (wieś),powiat suski,21.57%
55,Ludność w wieku przedprodukcyjnym,2023,gmina,Maków Podhalański,powiat suski,19.14%
55,Ludność w wieku przedprodukcyjnym,2023,gmina,Stryszawa,powiat suski,19.72%
55,Ludność w wieku przedprodukcyjnym,2023,gmina,Sucha Beskidzka,powiat suski,17.23%
55,Ludność w wieku przedprodukcyjnym,2023,gmina,Zawoja,powiat suski,18.90%
55,Ludność w wieku przedprodukcyjnym,2023,gmina,Zembrzyce,powiat suski,18.28%
55,Ludność w wieku przedprodukcyjnym,2023,powiat,powiat tarnowski,powiat tarnowski,19.59%
55,Ludność w wieku przedprodukcyjnym,2023,gmina,Ciężkowice,powiat tarnowski,21.40%
55,Ludność w wieku przedprodukcyjnym,2023,gmina,Gromnik,powiat tarnowski,22.14%
55,Ludność w wieku przedprodukcyjnym,2023,gmina,Lisia Góra,powiat tarnowski,22.09%
55,Ludność w wieku przedprodukcyjnym,2023,gmina,Pleśna,powiat tarnowski,19.37%
55,Ludność w wieku przedprodukcyjnym,2023,gmina,Radłów,powiat tarnowski,17.29%
55,Ludność w wieku przedprodukcyjnym,2023,gmina,Ryglice,powiat tarnowski,20.16%
55,Ludność w wieku przedprodukcyjnym,2023,gmina,Rzepiennik Strzyżewski,powiat tarnowski,20.74%
55,Ludność w wieku przedprodukcyjnym,2023,gmina,Skrzyszów,powiat tarnowski,20.24%
55,Ludność w wieku przedprodukcyjnym,2023,gmina,Szerzyny,powiat tarnowski,19.14%
55,Ludność w wieku przedprodukcyjnym,2023,gmina,Tarnów (wieś),powiat tarnowski,19.20%
55,Ludność w wieku przedprodukcyjnym,2023,gmina,Tuchów,powiat tarnowski,19.07%
55,Ludność w wieku przedprodukcyjnym,2023,gmina,Wierzchosławice,powiat tarnowski,18.08%
55,Ludność w wieku przedprodukcyjnym,2023,gmina,Wietrzychowice,powiat tarnowski,13.78%
55,Ludność w wieku przedprodukcyjnym,2023,gmina,Wojnicz,powiat tarnowski,19.72%
55,Ludność w wieku przedprodukcyjnym,2023,gmina,Zakliczyn,powiat tarnowski,21.13%
55,Ludność w wieku przedprodukcyjnym,2023,gmina,Żabno,powiat tarnowski,17.36%
55,Ludność w wieku przedprodukcyjnym,2023,powiat,powiat tatrzański,powiat tatrzański,19.11%
55,Ludność w wieku przedprodukcyjnym,2023,gmina,Biały Dunajec,powiat tatrzański,20.43%
55,Ludność w wieku przedprodukcyjnym,2023,gmina,Bukowina Tatrzańska,powiat tatrzański,21.56%
55,Ludność w wieku przedprodukcyjnym,2023,gmina,Kościelisko,powiat tatrzański,19.99%
55,Ludność w wieku przedprodukcyjnym,2023,gmina,Poronin,powiat tatrzański,21.90%
55,Ludność w wieku przedprodukcyjnym,2023,gmina,Zakopane,powiat tatrzański,15.81%
55,Ludność w wieku przedprodukcyjnym,2023,powiat,powiat wadowicki,powiat wadowicki,19.94%
55,Ludność w wieku przedprodukcyjnym,2023,gmina,Andrychów,powiat wadowicki,19.53%
55,Ludność w wieku przedprodukcyjnym,2023,gmina,Brzeźnica,powiat wadowicki,20.84%
55,Ludność w wieku przedprodukcyjnym,2023,gmina,Kalwaria Zebrzydowska,powiat wadowicki,19.77%
55,Ludność w wieku przedprodukcyjnym,2023,gmina,Lanckorona,powiat wadowicki,20.38%
55,Ludność w wieku przedprodukcyjnym,2023,gmina,Mucharz,powiat wadowicki,20.72%
55,Ludność w wieku przedprodukcyjnym,2023,gmina,Spytkowice,powiat wadowicki,20.34%
55,Ludność w wieku przedprodukcyjnym,2023,gmina,Stryszów,powiat wadowicki,19.50%
55,Ludność w wieku przedprodukcyjnym,2023,gmina,Tomice,powiat wadowicki,22.39%
55,Ludność w wieku przedprodukcyjnym,2023,gmina,Wadowice,powiat wadowicki,18.49%
55,Ludność w wieku przedprodukcyjnym,2023,gmina,Wieprz,powiat wadowicki,22.82%
55,Ludność w wieku przedprodukcyjnym,2023,powiat,powiat wielicki,powiat wielicki,22.21%
55,Ludność w wieku przedprodukcyjnym,2023,gmina,Biskupice,powiat wielicki,23.08%
55,Ludność w wieku przedprodukcyjnym,2023,gmina,Gdów,powiat wielicki,21.76%
55,Ludność w wieku przedprodukcyjnym,2023,gmina,Kłaj,powiat wielicki,19.58%
55,Ludność w wieku przedprodukcyjnym,2023,gmina,Niepołomice,powiat wielicki,23.48%
55,Ludność w wieku przedprodukcyjnym,2023,gmina,Wieliczka,powiat wielicki,21.99%
55,Ludność w wieku przedprodukcyjnym,2022,powiat,powiat bocheński,powiat bocheński,21.51%
55,Ludność w wieku przedprodukcyjnym,2022,gmina,Bochnia (miasto),powiat bocheński,19.02%
55,Ludność w wieku przedprodukcyjnym,2022,gmina,Bochnia (wieś),powiat bocheński,21.75%
55,Ludność w wieku przedprodukcyjnym,2022,gmina,Drwinia,powiat bocheński,19.51%
55,Ludność w wieku przedprodukcyjnym,2022,gmina,Lipnica Murowana,powiat bocheński,22.95%
55,Ludność w wieku przedprodukcyjnym,2022,gmina,Łapanów,powiat bocheński,22.85%
55,Ludność w wieku przedprodukcyjnym,2022,gmina,Nowy Wiśnicz,powiat bocheński,23.62%
55,Ludność w wieku przedprodukcyjnym,2022,gmina,Rzezawa,powiat bocheński,21.50%
55,Ludność w wieku przedprodukcyjnym,2022,gmina,Trzciana,powiat bocheński,24.04%
55,Ludność w wieku przedprodukcyjnym,2022,gmina,Żegocina,powiat bocheński,24.38%
55,Ludność w wieku przedprodukcyjnym,2022,powiat,powiat brzeski,powiat brzeski,20.09%
55,Ludność w wieku przedprodukcyjnym,2022,gmina,Borzęcin,powiat brzeski,18.43%
55,Ludność w wieku przedprodukcyjnym,2022,gmina,Brzesko,powiat brzeski,18.93%
55,Ludność w wieku przedprodukcyjnym,2022,gmina,Czchów,powiat brzeski,22.26%
55,Ludność w wieku przedprodukcyjnym,2022,gmina,Dębno,powiat brzeski,20.69%
55,Ludność w wieku przedprodukcyjnym,2022,gmina,Gnojnik,powiat brzeski,22.72%
55,Ludność w wieku przedprodukcyjnym,2022,gmina,Iwkowa,powiat brzeski,23.55%
55,Ludność w wieku przedprodukcyjnym,2022,gmina,Szczurowa,powiat brzeski,18.03%
55,Ludność w wieku przedprodukcyjnym,2022,powiat,powiat chrzanowski,powiat chrzanowski,16.59%
55,Ludność w wieku przedprodukcyjnym,2022,gmina,Alwernia,powiat chrzanowski,17.59%
55,Ludność w wieku przedprodukcyjnym,2022,gmina,Babice,powiat chrzanowski,17.70%
55,Ludność w wieku przedprodukcyjnym,2022,gmina,Chrzanów,powiat chrzanowski,15.40%
55,Ludność w wieku przedprodukcyjnym,2022,gmina,Libiąż,powiat chrzanowski,17.35%
55,Ludność w wieku przedprodukcyjnym,2022,gmina,Trzebinia,powiat chrzanowski,17.02%
55,Ludność w wieku przedprodukcyjnym,2022,powiat,powiat dąbrowski,powiat dąbrowski,18.50%
55,Ludność w wieku przedprodukcyjnym,2022,gmina,Bolesław,powiat dąbrowski,15.16%
55,Ludność w wieku przedprodukcyjnym,2022,gmina,Dąbrowa Tarnowska,powiat dąbrowski,18.93%
55,Ludność w wieku przedprodukcyjnym,2022,gmina,Gręboszów,powiat dąbrowski,13.72%
55,Ludność w wieku przedprodukcyjnym,2022,gmina,Mędrzechów,powiat dąbrowski,16.76%
55,Ludność w wieku przedprodukcyjnym,2022,gmina,Olesno,powiat dąbrowski,19.33%
55,Ludność w wieku przedprodukcyjnym,2022,gmina,Radgoszcz,powiat dąbrowski,20.41%
55,Ludność w wieku przedprodukcyjnym,2022,gmina,Szczucin,powiat dąbrowski,18.53%
55,Ludność w wieku przedprodukcyjnym,2022,powiat,powiat gorlicki,powiat gorlicki,19.87%
55,Ludność w wieku przedprodukcyjnym,2022,gmina,Biecz,powiat gorlicki,18.82%
55,Ludność w wieku przedprodukcyjnym,2022,gmina,Bobowa,powiat gorlicki,23.71%
55,Ludność w wieku przedprodukcyjnym,2022,gmina,Gorlice (miasto),powiat gorlicki,16.79%
55,Ludność w wieku przedprodukcyjnym,2022,gmina,Gorlice (wieś),powiat gorlicki,19.79%
55,Ludność w wieku przedprodukcyjnym,2022,gmina,Lipinki,powiat gorlicki,19.51%
55,Ludność w wieku przedprodukcyjnym,2022,gmina,Łużna,powiat gorlicki,21.48%
55,Ludność w wieku przedprodukcyjnym,2022,gmina,Moszczenica,powiat gorlicki,22.28%
55,Ludność w wieku przedprodukcyjnym,2022,gmina,Ropa,powiat gorlicki,23.33%
55,Ludność w wieku przedprodukcyjnym,2022,gmina,Sękowa,powiat gorlicki,20.29%
55,Ludność w wieku przedprodukcyjnym,2022,gmina,Uście Gorlickie,powiat gorlicki,22.36%
55,Ludność w wieku przedprodukcyjnym,2022,powiat,powiat krakowski,powiat krakowski,21.25%
55,Ludność w wieku przedprodukcyjnym,2022,gmina,Czernichów,powiat krakowski,21.22%
55,Ludność w wieku przedprodukcyjnym,2022,gmina,Igołomia-Wawrzeńczyce,powiat krakowski,19.36%
55,Ludność w wieku przedprodukcyjnym,2022,gmina,Iwanowice,powiat krakowski,21.05%
55,Ludność w wieku przedprodukcyjnym,2022,gmina,Jerzmanowice-Przeginia,powiat krakowski,20.16%
55,Ludność w wieku przedprodukcyjnym,2022,gmina,Kocmyrzów-Luborzyca,powiat krakowski,21.47%
55,Ludność w wieku przedprodukcyjnym,2022,gmina,Krzeszowice,powiat krakowski,18.20%
55,Ludność w wieku przedprodukcyjnym,2022,gmina,Liszki,powiat krakowski,22.78%
55,Ludność w wieku przedprodukcyjnym,2022,gmina,Michałowice,powiat krakowski,23.77%
55,Ludność w wieku przedprodukcyjnym,2022,gmina,Mogilany,powiat krakowski,23.26%
55,Ludność w wieku przedprodukcyjnym,2022,gmina,Skała,powiat krakowski,20.27%
55,Ludność w wieku przedprodukcyjnym,2022,gmina,Skawina,powiat krakowski,19.59%
55,Ludność w wieku przedprodukcyjnym,2022,gmina,Słomniki,powiat krakowski,18.92%
55,Ludność w wieku przedprodukcyjnym,2022,gmina,Sułoszowa,powiat krakowski,19.69%
55,Ludność w wieku przedprodukcyjnym,2022,gmina,Świątniki Górne,powiat krakowski,22.14%
55,Ludność w wieku przedprodukcyjnym,2022,gmina,Wielka Wieś,powiat krakowski,24.91%
55,Ludność w wieku przedprodukcyjnym,2022,gmina,Zabierzów,powiat krakowski,21.18%
55,Ludność w wieku przedprodukcyjnym,2022,gmina,Zielonki,powiat krakowski,24.39%
55,Ludność w wieku przedprodukcyjnym,2022,powiat,powiat limanowski,powiat limanowski,23.77%
55,Ludność w wieku przedprodukcyjnym,2022,gmina,Dobra,powiat limanowski,22.71%
55,Ludność w wieku przedprodukcyjnym,2022,gmina,Jodłownik,powiat limanowski,24.11%
55,Ludność w wieku przedprodukcyjnym,2022,gmina,Kamienica,powiat limanowski,23.86%
55,Ludność w wieku przedprodukcyjnym,2022,gmina,Laskowa,powiat limanowski,25.29%
55,Ludność w wieku przedprodukcyjnym,2022,gmina,Limanowa (miasto),powiat limanowski,21.63%
55,Ludność w wieku przedprodukcyjnym,2022,gmina,Limanowa (wieś),powiat limanowski,24.79%
55,Ludność w wieku przedprodukcyjnym,2022,gmina,Łukowica,powiat limanowski,25.46%
55,Ludność w wieku przedprodukcyjnym,2022,gmina,Mszana Dolna (miasto),powiat limanowski,20.24%
55,Ludność w wieku przedprodukcyjnym,2022,gmina,Mszana Dolna (wieś),powiat limanowski,23.14%
55,Ludność w wieku przedprodukcyjnym,2022,gmina,Niedźwiedź,powiat limanowski,23.65%
55,Ludność w wieku przedprodukcyjnym,2022,gmina,Słopnice,powiat limanowski,26.19%
55,Ludność w wieku przedprodukcyjnym,2022,gmina,Tymbark,powiat limanowski,24.52%
55,Ludność w wieku przedprodukcyjnym,2022,powiat,powiat m. Kraków,powiat m. Kraków,16.37%
55,Ludność w wieku przedprodukcyjnym,2022,powiat,powiat m. Nowy Sącz,powiat m. Nowy Sącz,19.14%
55,Ludność w wieku przedprodukcyjnym,2022,powiat,powiat m. Tarnów,powiat m. Tarnów,15.52%
55,Ludność w wieku przedprodukcyjnym,2022,powiat,powiat miechowski,powiat miechowski,17.31%
55,Ludność w wieku przedprodukcyjnym,2022,gmina,Charsznica,powiat miechowski,16.08%
55,Ludność w wieku przedprodukcyjnym,2022,gmina,Gołcza,powiat miechowski,18.59%
55,Ludność w wieku przedprodukcyjnym,2022,gmina,Kozłów,powiat miechowski,17.00%
55,Ludność w wieku przedprodukcyjnym,2022,gmina,Książ Wielki,powiat miechowski,17.57%
55,Ludność w wieku przedprodukcyjnym,2022,gmina,Miechów,powiat miechowski,17.11%
55,Ludność w wieku przedprodukcyjnym,2022,gmina,Racławice,powiat miechowski,20.19%
55,Ludność w wieku przedprodukcyjnym,2022,gmina,Słaboszów,powiat miechowski,16.77%
55,Ludność w wieku przedprodukcyjnym,2022,powiat,powiat myślenicki,powiat myślenicki,22.01%
55,Ludność w wieku przedprodukcyjnym,2022,gmina,Dobczyce,powiat myślenicki,21.48%
55,Ludność w wieku przedprodukcyjnym,2022,gmina,Lubień,powiat myślenicki,22.88%
55,Ludność w wieku przedprodukcyjnym,2022,gmina,Myślenice,powiat myślenicki,21.46%
55,Ludność w wieku przedprodukcyjnym,2022,gmina,Pcim,powiat myślenicki,22.04%
55,Ludność w wieku przedprodukcyjnym,2022,gmina,Raciechowice,powiat myślenicki,21.91%
55,Ludność w wieku przedprodukcyjnym,2022,gmina,Siepraw,powiat myślenicki,22.89%
55,Ludność w wieku przedprodukcyjnym,2022,gmina,Sułkowice,powiat myślenicki,21.69%
55,Ludność w wieku przedprodukcyjnym,2022,gmina,Tokarnia,powiat myślenicki,23.56%
55,Ludność w wieku przedprodukcyjnym,2022,gmina,Wiśniowa,powiat myślenicki,23.04%
55,Ludność w wieku przedprodukcyjnym,2022,powiat,powiat nowosądecki,powiat nowosądecki,23.32%
55,Ludność w wieku przedprodukcyjnym,2022,gmina,Podegrodzie,powiat nowosądecki,26.10%
55,Ludność w wieku przedprodukcyjnym,2022,gmina,Rytro,powiat nowosądecki,20.38%
55,Ludność w wieku przedprodukcyjnym,2022,gmina,Stary Sącz,powiat nowosądecki,22.04%
55,Ludność w wieku przedprodukcyjnym,2022,gmina,Chełmiec,powiat nowosądecki,23.87%
55,Ludność w wieku przedprodukcyjnym,2022,gmina,Gródek nad Dunajcem,powiat nowosądecki,22.20%
55,Ludność w wieku przedprodukcyjnym,2022,gmina,Grybów (miasto),powiat nowosądecki,20.73%
55,Ludność w wieku przedprodukcyjnym,2022,gmina,Grybów (wieś),powiat nowosądecki,25.31%
55,Ludność w wieku przedprodukcyjnym,2022,gmina,Kamionka Wielka,powiat nowosądecki,24.50%
55,Ludność w wieku przedprodukcyjnym,2022,gmina,Korzenna,powiat nowosądecki,24.12%
55,Ludność w wieku przedprodukcyjnym,2022,gmina,Krynica-Zdrój,powiat nowosądecki,18.94%
55,Ludność w wieku przedprodukcyjnym,2022,gmina,Łabowa,powiat nowosądecki,25.34%
55,Ludność w wieku przedprodukcyjnym,2022,gmina,Łącko,powiat nowosądecki,25.23%
55,Ludność w wieku przedprodukcyjnym,2022,gmina,Łososina Dolna,powiat nowosądecki,24.97%
55,Ludność w wieku przedprodukcyjnym,2022,gmina,Muszyna,powiat nowosądecki,20.08%
55,Ludność w wieku przedprodukcyjnym,2022,gmina,Nawojowa,powiat nowosądecki,24.81%
55,Ludność w wieku przedprodukcyjnym,2022,gmina,Piwniczna-Zdrój,powiat nowosądecki,20.08%
55,Ludność w wieku przedprodukcyjnym,2022,powiat,powiat nowotarski,powiat nowotarski,20.52%
55,Ludność w wieku przedprodukcyjnym,2022,gmina,Czarny Dunajec,powiat nowotarski,20.14%
55,Ludność w wieku przedprodukcyjnym,2022,gmina,Czorsztyn,powiat nowotarski,21.47%
55,Ludność w wieku przedprodukcyjnym,2022,gmina,Jabłonka,powiat nowotarski,23.79%
55,Ludność w wieku przedprodukcyjnym,2022,gmina,Krościenko nad Dunajcem,powiat nowotarski,21.26%
55,Ludność w wieku przedprodukcyjnym,2022,gmina,Lipnica Wielka,powiat nowotarski,24.38%
55,Ludność w wieku przedprodukcyjnym,2022,gmina,Łapsze Niżne,powiat nowotarski,20.23%
55,Ludność w wieku przedprodukcyjnym,2022,gmina,Nowy Targ (miasto),powiat nowotarski,18.07%
55,Ludność w wieku przedprodukcyjnym,2022,gmina,Nowy Targ (wieś),powiat nowotarski,20.59%
55,Ludność w wieku przedprodukcyjnym,2022,gmina,Ochotnica Dolna,powiat nowotarski,22.18%
55,Ludność w wieku przedprodukcyjnym,2022,gmina,Raba Wyżna,powiat nowotarski,21.09%
55,Ludność w wieku przedprodukcyjnym,2022,gmina,Rabka-Zdrój,powiat nowotarski,18.32%
55,Ludność w wieku przedprodukcyjnym,2022,gmina,Spytkowice,powiat nowotarski,22.93%
55,Ludność w wieku przedprodukcyjnym,2022,gmina,Szaflary,powiat nowotarski,21.70%
55,Ludność w wieku przedprodukcyjnym,2022,gmina,Szczawnica,powiat nowotarski,17.77%
55,Ludność w wieku przedprodukcyjnym,2022,powiat,powiat olkuski,powiat olkuski,16.94%
55,Ludność w wieku przedprodukcyjnym,2022,gmina,Bolesław,powiat olkuski,16.15%
55,Ludność w wieku przedprodukcyjnym,2022,gmina,Bukowno,powiat olkuski,15.61%
55,Ludność w wieku przedprodukcyjnym,2022,gmina,Klucze,powiat olkuski,16.87%
55,Ludność w wieku przedprodukcyjnym,2022,gmina,Olkusz,powiat olkuski,17.00%
55,Ludność w wieku przedprodukcyjnym,2022,gmina,Trzyciąż,powiat olkuski,18.87%
55,Ludność w wieku przedprodukcyjnym,2022,gmina,Wolbrom,powiat olkuski,17.11%
55,Ludność w wieku przedprodukcyjnym,2022,powiat,powiat oświęcimski,powiat oświęcimski,18.17%
55,Ludność w wieku przedprodukcyjnym,2022,gmina,Brzeszcze,powiat oświęcimski,17.70%
55,Ludność w wieku przedprodukcyjnym,2022,gmina,Chełmek,powiat oświęcimski,16.61%
55,Ludność w wieku przedprodukcyjnym,2022,gmina,Kęty,powiat oświęcimski,19.07%
55,Ludność w wieku przedprodukcyjnym,2022,gmina,Osiek,powiat oświęcimski,20.61%
55,Ludność w wieku przedprodukcyjnym,2022,gmina,Oświęcim (miasto),powiat oświęcimski,16.25%
55,Ludność w wieku przedprodukcyjnym,2022,gmina,Oświęcim (wieś),powiat oświęcimski,19.24%
55,Ludność w wieku przedprodukcyjnym,2022,gmina,Polanka Wielka,powiat oświęcimski,20.37%
55,Ludność w wieku przedprodukcyjnym,2022,gmina,Przeciszów,powiat oświęcimski,19.10%
55,Ludność w wieku przedprodukcyjnym,2022,gmina,Zator,powiat oświęcimski,19.61%
55,Ludność w wieku przedprodukcyjnym,2022,powiat,powiat proszowicki,powiat proszowicki,18.05%
55,Ludność w wieku przedprodukcyjnym,2022,gmina,Koniusza,powiat proszowicki,20.58%
55,Ludność w wieku przedprodukcyjnym,2022,gmina,Koszyce,powiat proszowicki,15.56%
55,Ludność w wieku przedprodukcyjnym,2022,gmina,Nowe Brzesko,powiat proszowicki,17.25%
55,Ludność w wieku przedprodukcyjnym,2022,gmina,Pałecznica,powiat proszowicki,19.60%
55,Ludność w wieku przedprodukcyjnym,2022,gmina,Proszowice,powiat proszowicki,17.35%
55,Ludność w wieku przedprodukcyjnym,2022,gmina,Radziemice,powiat proszowicki,18.09%
55,Ludność w wieku przedprodukcyjnym,2022,powiat,powiat suski,powiat suski,20.21%
55,Ludność w wieku przedprodukcyjnym,2022,gmina,Budzów,powiat suski,23.32%
55,Ludność w wieku przedprodukcyjnym,2022,gmina,Bystra-Sidzina,powiat suski,21.62%
55,Ludność w wieku przedprodukcyjnym,2022,gmina,Jordanów (miasto),powiat suski,19.80%
55,Ludność w wieku przedprodukcyjnym,2022,gmina,Jordanów (wieś),powiat suski,21.96%
55,Ludność w wieku przedprodukcyjnym,2022,gmina,Maków Podhalański,powiat suski,19.59%
55,Ludność w wieku przedprodukcyjnym,2022,gmina,Stryszawa,powiat suski,19.84%
55,Ludność w wieku przedprodukcyjnym,2022,gmina,Sucha Beskidzka,powiat suski,17.56%
55,Ludność w wieku przedprodukcyjnym,2022,gmina,Zawoja,powiat suski,19.41%
55,Ludność w wieku przedprodukcyjnym,2022,gmina,Zembrzyce,powiat suski,18.41%
55,Ludność w wieku przedprodukcyjnym,2022,powiat,powiat tarnowski,powiat tarnowski,19.84%
55,Ludność w wieku przedprodukcyjnym,2022,gmina,Ciężkowice,powiat tarnowski,21.58%
55,Ludność w wieku przedprodukcyjnym,2022,gmina,Gromnik,powiat tarnowski,21.94%
55,Ludność w wieku przedprodukcyjnym,2022,gmina,Lisia Góra,powiat tarnowski,22.39%
55,Ludność w wieku przedprodukcyjnym,2022,gmina,Pleśna,powiat tarnowski,19.58%
55,Ludność w wieku przedprodukcyjnym,2022,gmina,Radłów,powiat tarnowski,17.40%
55,Ludność w wieku przedprodukcyjnym,2022,gmina,Ryglice,powiat tarnowski,20.45%
55,Ludność w wieku przedprodukcyjnym,2022,gmina,Rzepiennik Strzyżewski,powiat tarnowski,21.04%
55,Ludność w wieku przedprodukcyjnym,2022,gmina,Skrzyszów,powiat tarnowski,20.40%
55,Ludność w wieku przedprodukcyjnym,2022,gmina,Szerzyny,powiat tarnowski,19.53%
55,Ludność w wieku przedprodukcyjnym,2022,gmina,Tarnów (wieś),powiat tarnowski,19.57%
55,Ludność w wieku przedprodukcyjnym,2022,gmina,Tuchów,powiat tarnowski,19.43%
55,Ludność w wieku przedprodukcyjnym,2022,gmina,Wierzchosławice,powiat tarnowski,18.51%
55,Ludność w wieku przedprodukcyjnym,2022,gmina,Wietrzychowice,powiat tarnowski,14.26%
55,Ludność w wieku przedprodukcyjnym,2022,gmina,Wojnicz,powiat tarnowski,19.80%
55,Ludność w wieku przedprodukcyjnym,2022,gmina,Zakliczyn,powiat tarnowski,21.41%
55,Ludność w wieku przedprodukcyjnym,2022,gmina,Żabno,powiat tarnowski,17.60%
55,Ludność w wieku przedprodukcyjnym,2022,powiat,powiat tatrzański,powiat tatrzański,19.34%
55,Ludność w wieku przedprodukcyjnym,2022,gmina,Biały Dunajec,powiat tatrzański,20.59%
55,Ludność w wieku przedprodukcyjnym,2022,gmina,Bukowina Tatrzańska,powiat tatrzański,21.84%
55,Ludność w wieku przedprodukcyjnym,2022,gmina,Kościelisko,powiat tatrzański,20.11%
55,Ludność w wieku przedprodukcyjnym,2022,gmina,Poronin,powiat tatrzański,22.37%
55,Ludność w wieku przedprodukcyjnym,2022,gmina,Zakopane,powiat tatrzański,15.98%
55,Ludność w wieku przedprodukcyjnym,2022,powiat,powiat wadowicki,powiat wadowicki,20.19%
55,Ludność w wieku przedprodukcyjnym,2022,gmina,Andrychów,powiat wadowicki,19.74%
55,Ludność w wieku przedprodukcyjnym,2022,gmina,Brzeźnica,powiat wadowicki,21.04%
55,Ludność w wieku przedprodukcyjnym,2022,gmina,Kalwaria Zebrzydowska,powiat wadowicki,20.03%
55,Ludność w wieku przedprodukcyjnym,2022,gmina,Lanckorona,powiat wadowicki,20.42%
55,Ludność w wieku przedprodukcyjnym,2022,gmina,Mucharz,powiat wadowicki,20.90%
55,Ludność w wieku przedprodukcyjnym,2022,gmina,Spytkowice,powiat wadowicki,20.74%
55,Ludność w wieku przedprodukcyjnym,2022,gmina,Stryszów,powiat wadowicki,19.91%
55,Ludność w wieku przedprodukcyjnym,2022,gmina,Tomice,powiat wadowicki,22.51%
55,Ludność w wieku przedprodukcyjnym,2022,gmina,Wadowice,powiat wadowicki,18.80%
55,Ludność w wieku przedprodukcyjnym,2022,gmina,Wieprz,powiat wadowicki,23.03%
55,Ludność w wieku przedprodukcyjnym,2022,powiat,powiat wielicki,powiat wielicki,22.40%
55,Ludność w wieku przedprodukcyjnym,2022,gmina,Biskupice,powiat wielicki,23.37%
55,Ludność w wieku przedprodukcyjnym,2022,gmina,Gdów,powiat wielicki,22.03%
55,Ludność w wieku przedprodukcyjnym,2022,gmina,Kłaj,powiat wielicki,20.06%
55,Ludność w wieku przedprodukcyjnym,2022,gmina,Niepołomice,powiat wielicki,23.55%
55,Ludność w wieku przedprodukcyjnym,2022,gmina,Wieliczka,powiat wielicki,22.16%
55,Ludność w wieku przedprodukcyjnym,2021,powiat,powiat bocheński,powiat bocheński,20.93%
55,Ludność w wieku przedprodukcyjnym,2021,gmina,Bochnia (miasto),powiat bocheński,19.26%
55,Ludność w wieku przedprodukcyjnym,2021,gmina,Bochnia (wieś),powiat bocheński,20.66%
55,Ludność w wieku przedprodukcyjnym,2021,gmina,Drwinia,powiat bocheński,19.00%
55,Ludność w wieku przedprodukcyjnym,2021,gmina,Lipnica Murowana,powiat bocheński,22.59%
55,Ludność w wieku przedprodukcyjnym,2021,gmina,Łapanów,powiat bocheński,22.05%
55,Ludność w wieku przedprodukcyjnym,2021,gmina,Nowy Wiśnicz,powiat bocheński,23.12%
55,Ludność w wieku przedprodukcyjnym,2021,gmina,Rzezawa,powiat bocheński,20.21%
55,Ludność w wieku przedprodukcyjnym,2021,gmina,Trzciana,powiat bocheński,22.90%
55,Ludność w wieku przedprodukcyjnym,2021,gmina,Żegocina,powiat bocheński,23.44%
55,Ludność w wieku przedprodukcyjnym,2021,powiat,powiat brzeski,powiat brzeski,19.42%
55,Ludność w wieku przedprodukcyjnym,2021,gmina,Borzęcin,powiat brzeski,16.94%
55,Ludność w wieku przedprodukcyjnym,2021,gmina,Brzesko,powiat brzeski,18.30%
55,Ludność w wieku przedprodukcyjnym,2021,gmina,Czchów,powiat brzeski,21.52%
55,Ludność w wieku przedprodukcyjnym,2021,gmina,Dębno,powiat brzeski,20.16%
55,Ludność w wieku przedprodukcyjnym,2021,gmina,Gnojnik,powiat brzeski,22.38%
55,Ludność w wieku przedprodukcyjnym,2021,gmina,Iwkowa,powiat brzeski,23.24%
55,Ludność w wieku przedprodukcyjnym,2021,gmina,Szczurowa,powiat brzeski,17.43%
55,Ludność w wieku przedprodukcyjnym,2021,powiat,powiat chrzanowski,powiat chrzanowski,16.28%
55,Ludność w wieku przedprodukcyjnym,2021,gmina,Alwernia,powiat chrzanowski,16.64%
55,Ludność w wieku przedprodukcyjnym,2021,gmina,Babice,powiat chrzanowski,16.38%
55,Ludność w wieku przedprodukcyjnym,2021,gmina,Chrzanów,powiat chrzanowski,15.54%
55,Ludność w wieku przedprodukcyjnym,2021,gmina,Libiąż,powiat chrzanowski,17.05%
55,Ludność w wieku przedprodukcyjnym,2021,gmina,Trzebinia,powiat chrzanowski,16.62%
55,Ludność w wieku przedprodukcyjnym,2021,powiat,powiat dąbrowski,powiat dąbrowski,17.84%
55,Ludność w wieku przedprodukcyjnym,2021,gmina,Bolesław,powiat dąbrowski,16.75%
55,Ludność w wieku przedprodukcyjnym,2021,gmina,Dąbrowa Tarnowska,powiat dąbrowski,18.55%
55,Ludność w wieku przedprodukcyjnym,2021,gmina,Gręboszów,powiat dąbrowski,12.10%
55,Ludność w wieku przedprodukcyjnym,2021,gmina,Mędrzechów,powiat dąbrowski,15.96%
55,Ludność w wieku przedprodukcyjnym,2021,gmina,Olesno,powiat dąbrowski,18.30%
55,Ludność w wieku przedprodukcyjnym,2021,gmina,Radgoszcz,powiat dąbrowski,19.31%
55,Ludność w wieku przedprodukcyjnym,2021,gmina,Szczucin,powiat dąbrowski,17.73%
55,Ludność w wieku przedprodukcyjnym,2021,powiat,powiat gorlicki,powiat gorlicki,19.18%
55,Ludność w wieku przedprodukcyjnym,2021,gmina,Biecz,powiat gorlicki,18.48%
55,Ludność w wieku przedprodukcyjnym,2021,gmina,Bobowa,powiat gorlicki,23.52%
55,Ludność w wieku przedprodukcyjnym,2021,gmina,Gorlice (miasto),powiat gorlicki,16.00%
55,Ludność w wieku przedprodukcyjnym,2021,gmina,Gorlice (wieś),powiat gorlicki,18.75%
55,Ludność w wieku przedprodukcyjnym,2021,gmina,Lipinki,powiat gorlicki,18.55%
55,Ludność w wieku przedprodukcyjnym,2021,gmina,Łużna,powiat gorlicki,21.14%
55,Ludność w wieku przedprodukcyjnym,2021,gmina,Moszczenica,powiat gorlicki,21.50%
55,Ludność w wieku przedprodukcyjnym,2021,gmina,Ropa,powiat gorlicki,23.12%
55,Ludność w wieku przedprodukcyjnym,2021,gmina,Sękowa,powiat gorlicki,18.53%
55,Ludność w wieku przedprodukcyjnym,2021,gmina,Uście Gorlickie,powiat gorlicki,21.78%
55,Ludność w wieku przedprodukcyjnym,2021,powiat,powiat krakowski,powiat krakowski,20.12%
55,Ludność w wieku przedprodukcyjnym,2021,gmina,Czernichów,powiat krakowski,20.05%
55,Ludność w wieku przedprodukcyjnym,2021,gmina,Igołomia-Wawrzeńczyce,powiat krakowski,18.74%
55,Ludność w wieku przedprodukcyjnym,2021,gmina,Iwanowice,powiat krakowski,20.39%
55,Ludność w wieku przedprodukcyjnym,2021,gmina,Jerzmanowice-Przeginia,powiat krakowski,18.71%
55,Ludność w wieku przedprodukcyjnym,2021,gmina,Kocmyrzów-Luborzyca,powiat krakowski,19.54%
55,Ludność w wieku przedprodukcyjnym,2021,gmina,Krzeszowice,powiat krakowski,17.81%
55,Ludność w wieku przedprodukcyjnym,2021,gmina,Liszki,powiat krakowski,22.03%
55,Ludność w wieku przedprodukcyjnym,2021,gmina,Michałowice,powiat krakowski,21.40%
55,Ludność w wieku przedprodukcyjnym,2021,gmina,Mogilany,powiat krakowski,21.87%
55,Ludność w wieku przedprodukcyjnym,2021,gmina,Skała,powiat krakowski,19.74%
55,Ludność w wieku przedprodukcyjnym,2021,gmina,Skawina,powiat krakowski,18.96%
55,Ludność w wieku przedprodukcyjnym,2021,gmina,Słomniki,powiat krakowski,18.12%
55,Ludność w wieku przedprodukcyjnym,2021,gmina,Sułoszowa,powiat krakowski,19.76%
55,Ludność w wieku przedprodukcyjnym,2021,gmina,Świątniki Górne,powiat krakowski,20.96%
55,Ludność w wieku przedprodukcyjnym,2021,gmina,Wielka Wieś,powiat krakowski,22.57%
55,Ludność w wieku przedprodukcyjnym,2021,gmina,Zabierzów,powiat krakowski,19.70%
55,Ludność w wieku przedprodukcyjnym,2021,gmina,Zielonki,powiat krakowski,23.77%
55,Ludność w wieku przedprodukcyjnym,2021,powiat,powiat limanowski,powiat limanowski,23.11%
55,Ludność w wieku przedprodukcyjnym,2021,gmina,Dobra,powiat limanowski,21.79%
55,Ludność w wieku przedprodukcyjnym,2021,gmina,Jodłownik,powiat limanowski,23.88%
55,Ludność w wieku przedprodukcyjnym,2021,gmina,Kamienica,powiat limanowski,22.86%
55,Ludność w wieku przedprodukcyjnym,2021,gmina,Laskowa,powiat limanowski,24.42%
55,Ludność w wieku przedprodukcyjnym,2021,gmina,Limanowa (miasto),powiat limanowski,21.90%
55,Ludność w wieku przedprodukcyjnym,2021,gmina,Limanowa (wieś),powiat limanowski,23.57%
55,Ludność w wieku przedprodukcyjnym,2021,gmina,Łukowica,powiat limanowski,24.72%
55,Ludność w wieku przedprodukcyjnym,2021,gmina,Mszana Dolna (miasto),powiat limanowski,19.62%
55,Ludność w wieku przedprodukcyjnym,2021,gmina,Mszana Dolna (wieś),powiat limanowski,22.60%
55,Ludność w wieku przedprodukcyjnym,2021,gmina,Niedźwiedź,powiat limanowski,23.09%
55,Ludność w wieku przedprodukcyjnym,2021,gmina,Słopnice,powiat limanowski,25.59%
55,Ludność w wieku przedprodukcyjnym,2021,gmina,Tymbark,powiat limanowski,24.17%
55,Ludność w wieku przedprodukcyjnym,2021,powiat,powiat m. Kraków,powiat m. Kraków,17.79%
55,Ludność w wieku przedprodukcyjnym,2021,powiat,powiat m. Nowy Sącz,powiat m. Nowy Sącz,19.11%
55,Ludność w wieku przedprodukcyjnym,2021,powiat,powiat m. Tarnów,powiat m. Tarnów,15.53%
55,Ludność w wieku przedprodukcyjnym,2021,powiat,powiat miechowski,powiat miechowski,16.99%
55,Ludność w wieku przedprodukcyjnym,2021,gmina,Charsznica,powiat miechowski,16.00%
55,Ludność w wieku przedprodukcyjnym,2021,gmina,Gołcza,powiat miechowski,17.36%
55,Ludność w wieku przedprodukcyjnym,2021,gmina,Kozłów,powiat miechowski,16.49%
55,Ludność w wieku przedprodukcyjnym,2021,gmina,Książ Wielki,powiat miechowski,17.87%
55,Ludność w wieku przedprodukcyjnym,2021,gmina,Miechów,powiat miechowski,16.65%
55,Ludność w wieku przedprodukcyjnym,2021,gmina,Racławice,powiat miechowski,20.36%
55,Ludność w wieku przedprodukcyjnym,2021,gmina,Słaboszów,powiat miechowski,17.30%
55,Ludność w wieku przedprodukcyjnym,2021,powiat,powiat myślenicki,powiat myślenicki,21.46%
55,Ludność w wieku przedprodukcyjnym,2021,gmina,Dobczyce,powiat myślenicki,20.63%
55,Ludność w wieku przedprodukcyjnym,2021,gmina,Lubień,powiat myślenicki,21.80%
55,Ludność w wieku przedprodukcyjnym,2021,gmina,Myślenice,powiat myślenicki,21.00%
55,Ludność w wieku przedprodukcyjnym,2021,gmina,Pcim,powiat myślenicki,21.42%
55,Ludność w wieku przedprodukcyjnym,2021,gmina,Raciechowice,powiat myślenicki,21.90%
55,Ludność w wieku przedprodukcyjnym,2021,gmina,Siepraw,powiat myślenicki,22.23%
55,Ludność w wieku przedprodukcyjnym,2021,gmina,Sułkowice,powiat myślenicki,21.48%
55,Ludność w wieku przedprodukcyjnym,2021,gmina,Tokarnia,powiat myślenicki,22.90%
55,Ludność w wieku przedprodukcyjnym,2021,gmina,Wiśniowa,powiat myślenicki,22.50%
55,Ludność w wieku przedprodukcyjnym,2021,powiat,powiat nowosądecki,powiat nowosądecki,22.43%
55,Ludność w wieku przedprodukcyjnym,2021,gmina,Podegrodzie,powiat nowosądecki,24.56%
55,Ludność w wieku przedprodukcyjnym,2021,gmina,Rytro,powiat nowosądecki,20.44%
55,Ludność w wieku przedprodukcyjnym,2021,gmina,Stary Sącz,powiat nowosądecki,21.22%
55,Ludność w wieku przedprodukcyjnym,2021,gmina,Chełmiec,powiat nowosądecki,22.49%
55,Ludność w wieku przedprodukcyjnym,2021,gmina,Gródek nad Dunajcem,powiat nowosądecki,21.58%
55,Ludność w wieku przedprodukcyjnym,2021,gmina,Grybów (miasto),powiat nowosądecki,20.14%
55,Ludność w wieku przedprodukcyjnym,2021,gmina,Grybów (wieś),powiat nowosądecki,24.61%
55,Ludność w wieku przedprodukcyjnym,2021,gmina,Kamionka Wielka,powiat nowosądecki,23.86%
55,Ludność w wieku przedprodukcyjnym,2021,gmina,Korzenna,powiat nowosądecki,23.06%
55,Ludność w wieku przedprodukcyjnym,2021,gmina,Krynica-Zdrój,powiat nowosądecki,18.29%
55,Ludność w wieku przedprodukcyjnym,2021,gmina,Łabowa,powiat nowosądecki,24.59%
55,Ludność w wieku przedprodukcyjnym,2021,gmina,Łącko,powiat nowosądecki,24.60%
55,Ludność w wieku przedprodukcyjnym,2021,gmina,Łososina Dolna,powiat nowosądecki,24.16%
55,Ludność w wieku przedprodukcyjnym,2021,gmina,Muszyna,powiat nowosądecki,19.09%
55,Ludność w wieku przedprodukcyjnym,2021,gmina,Nawojowa,powiat nowosądecki,23.89%
55,Ludność w wieku przedprodukcyjnym,2021,gmina,Piwniczna-Zdrój,powiat nowosądecki,19.66%
55,Ludność w wieku przedprodukcyjnym,2021,powiat,powiat nowotarski,powiat nowotarski,19.82%
55,Ludność w wieku przedprodukcyjnym,2021,gmina,Czarny Dunajec,powiat nowotarski,19.33%
55,Ludność w wieku przedprodukcyjnym,2021,gmina,Czorsztyn,powiat nowotarski,20.01%
55,Ludność w wieku przedprodukcyjnym,2021,gmina,Jabłonka,powiat nowotarski,23.01%
55,Ludność w wieku przedprodukcyjnym,2021,gmina,Krościenko nad Dunajcem,powiat nowotarski,21.26%
55,Ludność w wieku przedprodukcyjnym,2021,gmina,Lipnica Wielka,powiat nowotarski,23.62%
55,Ludność w wieku przedprodukcyjnym,2021,gmina,Łapsze Niżne,powiat nowotarski,19.96%
55,Ludność w wieku przedprodukcyjnym,2021,gmina,Nowy Targ (miasto),powiat nowotarski,17.93%
55,Ludność w wieku przedprodukcyjnym,2021,gmina,Nowy Targ (wieś),powiat nowotarski,20.24%
55,Ludność w wieku przedprodukcyjnym,2021,gmina,Ochotnica Dolna,powiat nowotarski,21.42%
55,Ludność w wieku przedprodukcyjnym,2021,gmina,Raba Wyżna,powiat nowotarski,20.28%
55,Ludność w wieku przedprodukcyjnym,2021,gmina,Rabka-Zdrój,powiat nowotarski,17.09%
55,Ludność w wieku przedprodukcyjnym,2021,gmina,Spytkowice,powiat nowotarski,20.03%
55,Ludność w wieku przedprodukcyjnym,2021,gmina,Szaflary,powiat nowotarski,20.69%
55,Ludność w wieku przedprodukcyjnym,2021,gmina,Szczawnica,powiat nowotarski,17.37%
55,Ludność w wieku przedprodukcyjnym,2021,powiat,powiat olkuski,powiat olkuski,16.50%
55,Ludność w wieku przedprodukcyjnym,2021,gmina,Bolesław,powiat olkuski,14.64%
55,Ludność w wieku przedprodukcyjnym,2021,gmina,Bukowno,powiat olkuski,14.59%
55,Ludność w wieku przedprodukcyjnym,2021,gmina,Klucze,powiat olkuski,16.36%
55,Ludność w wieku przedprodukcyjnym,2021,gmina,Olkusz,powiat olkuski,16.92%
55,Ludność w wieku przedprodukcyjnym,2021,gmina,Trzyciąż,powiat olkuski,18.00%
55,Ludność w wieku przedprodukcyjnym,2021,gmina,Wolbrom,powiat olkuski,16.74%
55,Ludność w wieku przedprodukcyjnym,2021,powiat,powiat oświęcimski,powiat oświęcimski,17.82%
55,Ludność w wieku przedprodukcyjnym,2021,gmina,Brzeszcze,powiat oświęcimski,17.34%
55,Ludność w wieku przedprodukcyjnym,2021,gmina,Chełmek,powiat oświęcimski,16.24%
55,Ludność w wieku przedprodukcyjnym,2021,gmina,Kęty,powiat oświęcimski,18.65%
55,Ludność w wieku przedprodukcyjnym,2021,gmina,Osiek,powiat oświęcimski,20.16%
55,Ludność w wieku przedprodukcyjnym,2021,gmina,Oświęcim (miasto),powiat oświęcimski,16.64%
55,Ludność w wieku przedprodukcyjnym,2021,gmina,Oświęcim (wieś),powiat oświęcimski,18.15%
55,Ludność w wieku przedprodukcyjnym,2021,gmina,Polanka Wielka,powiat oświęcimski,19.30%
55,Ludność w wieku przedprodukcyjnym,2021,gmina,Przeciszów,powiat oświęcimski,18.55%
55,Ludność w wieku przedprodukcyjnym,2021,gmina,Zator,powiat oświęcimski,18.86%
55,Ludność w wieku przedprodukcyjnym,2021,powiat,powiat proszowicki,powiat proszowicki,17.52%
55,Ludność w wieku przedprodukcyjnym,2021,gmina,Koniusza,powiat proszowicki,19.99%
55,Ludność w wieku przedprodukcyjnym,2021,gmina,Koszyce,powiat proszowicki,14.57%
55,Ludność w wieku przedprodukcyjnym,2021,gmina,Nowe Brzesko,powiat proszowicki,17.35%
55,Ludność w wieku przedprodukcyjnym,2021,gmina,Pałecznica,powiat proszowicki,18.76%
55,Ludność w wieku przedprodukcyjnym,2021,gmina,Proszowice,powiat proszowicki,16.76%
55,Ludność w wieku przedprodukcyjnym,2021,gmina,Radziemice,powiat proszowicki,18.23%
55,Ludność w wieku przedprodukcyjnym,2021,powiat,powiat suski,powiat suski,19.62%
55,Ludność w wieku przedprodukcyjnym,2021,gmina,Budzów,powiat suski,22.60%
55,Ludność w wieku przedprodukcyjnym,2021,gmina,Bystra-Sidzina,powiat suski,20.67%
55,Ludność w wieku przedprodukcyjnym,2021,gmina,Jordanów (miasto),powiat suski,18.47%
55,Ludność w wieku przedprodukcyjnym,2021,gmina,Jordanów (wieś),powiat suski,21.00%
55,Ludność w wieku przedprodukcyjnym,2021,gmina,Maków Podhalański,powiat suski,18.84%
55,Ludność w wieku przedprodukcyjnym,2021,gmina,Stryszawa,powiat suski,18.96%
55,Ludność w wieku przedprodukcyjnym,2021,gmina,Sucha Beskidzka,powiat suski,18.07%
55,Ludność w wieku przedprodukcyjnym,2021,gmina,Zawoja,powiat suski,19.24%
55,Ludność w wieku przedprodukcyjnym,2021,gmina,Zembrzyce,powiat suski,18.65%
55,Ludność w wieku przedprodukcyjnym,2021,powiat,powiat tarnowski,powiat tarnowski,19.16%
55,Ludność w wieku przedprodukcyjnym,2021,gmina,Ciężkowice,powiat tarnowski,20.58%
55,Ludność w wieku przedprodukcyjnym,2021,gmina,Gromnik,powiat tarnowski,21.57%
55,Ludność w wieku przedprodukcyjnym,2021,gmina,Lisia Góra,powiat tarnowski,21.74%
55,Ludność w wieku przedprodukcyjnym,2021,gmina,Pleśna,powiat tarnowski,18.71%
55,Ludność w wieku przedprodukcyjnym,2021,gmina,Radłów,powiat tarnowski,17.19%
55,Ludność w wieku przedprodukcyjnym,2021,gmina,Ryglice,powiat tarnowski,19.87%
55,Ludność w wieku przedprodukcyjnym,2021,gmina,Rzepiennik Strzyżewski,powiat tarnowski,20.15%
55,Ludność w wieku przedprodukcyjnym,2021,gmina,Skrzyszów,powiat tarnowski,19.56%
55,Ludność w wieku przedprodukcyjnym,2021,gmina,Szerzyny,powiat tarnowski,19.40%
55,Ludność w wieku przedprodukcyjnym,2021,gmina,Tarnów (wieś),powiat tarnowski,18.81%
55,Ludność w wieku przedprodukcyjnym,2021,gmina,Tuchów,powiat tarnowski,19.24%
55,Ludność w wieku przedprodukcyjnym,2021,gmina,Wierzchosławice,powiat tarnowski,17.72%
55,Ludność w wieku przedprodukcyjnym,2021,gmina,Wietrzychowice,powiat tarnowski,12.54%
55,Ludność w wieku przedprodukcyjnym,2021,gmina,Wojnicz,powiat tarnowski,19.05%
55,Ludność w wieku przedprodukcyjnym,2021,gmina,Zakliczyn,powiat tarnowski,20.65%
55,Ludność w wieku przedprodukcyjnym,2021,gmina,Żabno,powiat tarnowski,16.84%
55,Ludność w wieku przedprodukcyjnym,2021,powiat,powiat tatrzański,powiat tatrzański,19.06%
55,Ludność w wieku przedprodukcyjnym,2021,gmina,Biały Dunajec,powiat tatrzański,20.05%
55,Ludność w wieku przedprodukcyjnym,2021,gmina,Bukowina Tatrzańska,powiat tatrzański,21.29%
55,Ludność w wieku przedprodukcyjnym,2021,gmina,Kościelisko,powiat tatrzański,18.87%
55,Ludność w wieku przedprodukcyjnym,2021,gmina,Poronin,powiat tatrzański,21.82%
55,Ludność w wieku przedprodukcyjnym,2021,gmina,Zakopane,powiat tatrzański,16.50%
55,Ludność w wieku przedprodukcyjnym,2021,powiat,powiat wadowicki,powiat wadowicki,19.82%
55,Ludność w wieku przedprodukcyjnym,2021,gmina,Andrychów,powiat wadowicki,19.45%
55,Ludność w wieku przedprodukcyjnym,2021,gmina,Brzeźnica,powiat wadowicki,20.93%
55,Ludność w wieku przedprodukcyjnym,2021,gmina,Kalwaria Zebrzydowska,powiat wadowicki,19.40%
55,Ludność w wieku przedprodukcyjnym,2021,gmina,Lanckorona,powiat wadowicki,20.19%
55,Ludność w wieku przedprodukcyjnym,2021,gmina,Mucharz,powiat wadowicki,20.32%
55,Ludność w wieku przedprodukcyjnym,2021,gmina,Spytkowice,powiat wadowicki,20.42%
55,Ludność w wieku przedprodukcyjnym,2021,gmina,Stryszów,powiat wadowicki,19.26%
55,Ludność w wieku przedprodukcyjnym,2021,gmina,Tomice,powiat wadowicki,22.09%
55,Ludność w wieku przedprodukcyjnym,2021,gmina,Wadowice,powiat wadowicki,18.76%
55,Ludność w wieku przedprodukcyjnym,2021,gmina,Wieprz,powiat wadowicki,21.93%
55,Ludność w wieku przedprodukcyjnym,2021,powiat,powiat wielicki,powiat wielicki,21.57%
55,Ludność w wieku przedprodukcyjnym,2021,gmina,Biskupice,powiat wielicki,21.91%
55,Ludność w wieku przedprodukcyjnym,2021,gmina,Gdów,powiat wielicki,21.40%
55,Ludność w wieku przedprodukcyjnym,2021,gmina,Kłaj,powiat wielicki,19.28%
55,Ludność w wieku przedprodukcyjnym,2021,gmina,Niepołomice,powiat wielicki,22.79%
55,Ludność w wieku przedprodukcyjnym,2021,gmina,Wieliczka,powiat wielicki,21.36%
55,Ludność w wieku przedprodukcyjnym,2020,powiat,powiat bocheński,powiat bocheński,20.97%
55,Ludność w wieku przedprodukcyjnym,2020,gmina,Bochnia (miasto),powiat bocheński,19.32%
55,Ludność w wieku przedprodukcyjnym,2020,gmina,Bochnia (wieś),powiat bocheński,20.67%
55,Ludność w wieku przedprodukcyjnym,2020,gmina,Drwinia,powiat bocheński,18.89%
55,Ludność w wieku przedprodukcyjnym,2020,gmina,Lipnica Murowana,powiat bocheński,22.53%
55,Ludność w wieku przedprodukcyjnym,2020,gmina,Łapanów,powiat bocheński,22.01%
55,Ludność w wieku przedprodukcyjnym,2020,gmina,Nowy Wiśnicz,powiat bocheński,23.41%
55,Ludność w wieku przedprodukcyjnym,2020,gmina,Rzezawa,powiat bocheński,20.19%
55,Ludność w wieku przedprodukcyjnym,2020,gmina,Trzciana,powiat bocheński,23.06%
55,Ludność w wieku przedprodukcyjnym,2020,gmina,Żegocina,powiat bocheński,23.45%
55,Ludność w wieku przedprodukcyjnym,2020,powiat,powiat brzeski,powiat brzeski,19.48%
55,Ludność w wieku przedprodukcyjnym,2020,gmina,Borzęcin,powiat brzeski,16.84%
55,Ludność w wieku przedprodukcyjnym,2020,gmina,Brzesko,powiat brzeski,18.32%
55,Ludność w wieku przedprodukcyjnym,2020,gmina,Czchów,powiat brzeski,21.73%
55,Ludność w wieku przedprodukcyjnym,2020,gmina,Dębno,powiat brzeski,20.18%
55,Ludność w wieku przedprodukcyjnym,2020,gmina,Gnojnik,powiat brzeski,22.67%
55,Ludność w wieku przedprodukcyjnym,2020,gmina,Iwkowa,powiat brzeski,23.14%
55,Ludność w wieku przedprodukcyjnym,2020,gmina,Szczurowa,powiat brzeski,17.55%
55,Ludność w wieku przedprodukcyjnym,2020,powiat,powiat chrzanowski,powiat chrzanowski,16.29%
55,Ludność w wieku przedprodukcyjnym,2020,gmina,Alwernia,powiat chrzanowski,16.86%
55,Ludność w wieku przedprodukcyjnym,2020,gmina,Babice,powiat chrzanowski,16.35%
55,Ludność w wieku przedprodukcyjnym,2020,gmina,Chrzanów,powiat chrzanowski,15.61%
55,Ludność w wieku przedprodukcyjnym,2020,gmina,Libiąż,powiat chrzanowski,17.04%
55,Ludność w wieku przedprodukcyjnym,2020,gmina,Trzebinia,powiat chrzanowski,16.49%
55,Ludność w wieku przedprodukcyjnym,2020,powiat,powiat dąbrowski,powiat dąbrowski,17.78%
55,Ludność w wieku przedprodukcyjnym,2020,gmina,Bolesław,powiat dąbrowski,16.63%
55,Ludność w wieku przedprodukcyjnym,2020,gmina,Dąbrowa Tarnowska,powiat dąbrowski,18.49%
55,Ludność w wieku przedprodukcyjnym,2020,gmina,Gręboszów,powiat dąbrowski,12.48%
55,Ludność w wieku przedprodukcyjnym,2020,gmina,Mędrzechów,powiat dąbrowski,16.04%
55,Ludność w wieku przedprodukcyjnym,2020,gmina,Olesno,powiat dąbrowski,17.75%
55,Ludność w wieku przedprodukcyjnym,2020,gmina,Radgoszcz,powiat dąbrowski,19.28%
55,Ludność w wieku przedprodukcyjnym,2020,gmina,Szczucin,powiat dąbrowski,17.82%
55,Ludność w wieku przedprodukcyjnym,2020,powiat,powiat gorlicki,powiat gorlicki,19.28%
55,Ludność w wieku przedprodukcyjnym,2020,gmina,Biecz,powiat gorlicki,18.66%
55,Ludność w wieku przedprodukcyjnym,2020,gmina,Bobowa,powiat gorlicki,23.47%
55,Ludność w wieku przedprodukcyjnym,2020,gmina,Gorlice (miasto),powiat gorlicki,16.25%
55,Ludność w wieku przedprodukcyjnym,2020,gmina,Gorlice (wieś),powiat gorlicki,18.77%
55,Ludność w wieku przedprodukcyjnym,2020,gmina,Lipinki,powiat gorlicki,18.49%
55,Ludność w wieku przedprodukcyjnym,2020,gmina,Łużna,powiat gorlicki,21.26%
55,Ludność w wieku przedprodukcyjnym,2020,gmina,Moszczenica,powiat gorlicki,21.69%
55,Ludność w wieku przedprodukcyjnym,2020,gmina,Ropa,powiat gorlicki,23.34%
55,Ludność w wieku przedprodukcyjnym,2020,gmina,Sękowa,powiat gorlicki,18.47%
55,Ludność w wieku przedprodukcyjnym,2020,gmina,Uście Gorlickie,powiat gorlicki,21.88%
55,Ludność w wieku przedprodukcyjnym,2020,powiat,powiat krakowski,powiat krakowski,19.96%
55,Ludność w wieku przedprodukcyjnym,2020,gmina,Czernichów,powiat krakowski,19.77%
55,Ludność w wieku przedprodukcyjnym,2020,gmina,Igołomia-Wawrzeńczyce,powiat krakowski,18.54%
55,Ludność w wieku przedprodukcyjnym,2020,gmina,Iwanowice,powiat krakowski,20.28%
55,Ludność w wieku przedprodukcyjnym,2020,gmina,Jerzmanowice-Przeginia,powiat krakowski,18.66%
55,Ludność w wieku przedprodukcyjnym,2020,gmina,Kocmyrzów-Luborzyca,powiat krakowski,19.48%
55,Ludność w wieku przedprodukcyjnym,2020,gmina,Krzeszowice,powiat krakowski,17.73%
55,Ludność w wieku przedprodukcyjnym,2020,gmina,Liszki,powiat krakowski,21.64%
55,Ludność w wieku przedprodukcyjnym,2020,gmina,Michałowice,powiat krakowski,21.46%
55,Ludność w wieku przedprodukcyjnym,2020,gmina,Mogilany,powiat krakowski,21.90%
55,Ludność w wieku przedprodukcyjnym,2020,gmina,Skała,powiat krakowski,19.72%
55,Ludność w wieku przedprodukcyjnym,2020,gmina,Skawina,powiat krakowski,18.84%
55,Ludność w wieku przedprodukcyjnym,2020,gmina,Słomniki,powiat krakowski,18.24%
55,Ludność w wieku przedprodukcyjnym,2020,gmina,Sułoszowa,powiat krakowski,19.86%
55,Ludność w wieku przedprodukcyjnym,2020,gmina,Świątniki Górne,powiat krakowski,20.69%
55,Ludność w wieku przedprodukcyjnym,2020,gmina,Wielka Wieś,powiat krakowski,22.03%
55,Ludność w wieku przedprodukcyjnym,2020,gmina,Zabierzów,powiat krakowski,19.51%
55,Ludność w wieku przedprodukcyjnym,2020,gmina,Zielonki,powiat krakowski,23.55%
55,Ludność w wieku przedprodukcyjnym,2020,powiat,powiat limanowski,powiat limanowski,23.09%
55,Ludność w wieku przedprodukcyjnym,2020,gmina,Dobra,powiat limanowski,21.73%
55,Ludność w wieku przedprodukcyjnym,2020,gmina,Jodłownik,powiat limanowski,23.48%
55,Ludność w wieku przedprodukcyjnym,2020,gmina,Kamienica,powiat limanowski,22.87%
55,Ludność w wieku przedprodukcyjnym,2020,gmina,Laskowa,powiat limanowski,24.61%
55,Ludność w wieku przedprodukcyjnym,2020,gmina,Limanowa (miasto),powiat limanowski,21.58%
55,Ludność w wieku przedprodukcyjnym,2020,gmina,Limanowa (wieś),powiat limanowski,23.56%
55,Ludność w wieku przedprodukcyjnym,2020,gmina,Łukowica,powiat limanowski,24.74%
55,Ludność w wieku przedprodukcyjnym,2020,gmina,Mszana Dolna (miasto),powiat limanowski,19.90%
55,Ludność w wieku przedprodukcyjnym,2020,gmina,Mszana Dolna (wieś),powiat limanowski,22.66%
55,Ludność w wieku przedprodukcyjnym,2020,gmina,Niedźwiedź,powiat limanowski,23.27%
55,Ludność w wieku przedprodukcyjnym,2020,gmina,Słopnice,powiat limanowski,25.61%
55,Ludność w wieku przedprodukcyjnym,2020,gmina,Tymbark,powiat limanowski,24.24%
55,Ludność w wieku przedprodukcyjnym,2020,powiat,powiat m. Kraków,powiat m. Kraków,17.56%
55,Ludność w wieku przedprodukcyjnym,2020,powiat,powiat m. Nowy Sącz,powiat m. Nowy Sącz,19.01%
55,Ludność w wieku przedprodukcyjnym,2020,powiat,powiat m. Tarnów,powiat m. Tarnów,15.61%
55,Ludność w wieku przedprodukcyjnym,2020,powiat,powiat miechowski,powiat miechowski,17.10%
55,Ludność w wieku przedprodukcyjnym,2020,gmina,Charsznica,powiat miechowski,16.13%
55,Ludność w wieku przedprodukcyjnym,2020,gmina,Gołcza,powiat miechowski,16.94%
55,Ludność w wieku przedprodukcyjnym,2020,gmina,Kozłów,powiat miechowski,16.59%
55,Ludność w wieku przedprodukcyjnym,2020,gmina,Książ Wielki,powiat miechowski,17.81%
55,Ludność w wieku przedprodukcyjnym,2020,gmina,Miechów,powiat miechowski,16.98%
55,Ludność w wieku przedprodukcyjnym,2020,gmina,Racławice,powiat miechowski,19.72%
55,Ludność w wieku przedprodukcyjnym,2020,gmina,Słaboszów,powiat miechowski,17.87%
55,Ludność w wieku przedprodukcyjnym,2020,powiat,powiat myślenicki,powiat myślenicki,21.43%
55,Ludność w wieku przedprodukcyjnym,2020,gmina,Dobczyce,powiat myślenicki,20.69%
55,Ludność w wieku przedprodukcyjnym,2020,gmina,Lubień,powiat myślenicki,21.72%
55,Ludność w wieku przedprodukcyjnym,2020,gmina,Myślenice,powiat myślenicki,20.82%
55,Ludność w wieku przedprodukcyjnym,2020,gmina,Pcim,powiat myślenicki,21.50%
55,Ludność w wieku przedprodukcyjnym,2020,gmina,Raciechowice,powiat myślenicki,21.45%
55,Ludność w wieku przedprodukcyjnym,2020,gmina,Siepraw,powiat myślenicki,22.23%
55,Ludność w wieku przedprodukcyjnym,2020,gmina,Sułkowice,powiat myślenicki,21.65%
55,Ludność w wieku przedprodukcyjnym,2020,gmina,Tokarnia,powiat myślenicki,23.05%
55,Ludność w wieku przedprodukcyjnym,2020,gmina,Wiśniowa,powiat myślenicki,22.76%
55,Ludność w wieku przedprodukcyjnym,2020,powiat,powiat nowosądecki,powiat nowosądecki,22.50%
55,Ludność w wieku przedprodukcyjnym,2020,gmina,Podegrodzie,powiat nowosądecki,24.75%
55,Ludność w wieku przedprodukcyjnym,2020,gmina,Rytro,powiat nowosądecki,20.76%
55,Ludność w wieku przedprodukcyjnym,2020,gmina,Stary Sącz,powiat nowosądecki,21.00%
55,Ludność w wieku przedprodukcyjnym,2020,gmina,Chełmiec,powiat nowosądecki,22.66%
55,Ludność w wieku przedprodukcyjnym,2020,gmina,Gródek nad Dunajcem,powiat nowosądecki,21.85%
55,Ludność w wieku przedprodukcyjnym,2020,gmina,Grybów (miasto),powiat nowosądecki,19.86%
55,Ludność w wieku przedprodukcyjnym,2020,gmina,Grybów (wieś),powiat nowosądecki,24.74%
55,Ludność w wieku przedprodukcyjnym,2020,gmina,Kamionka Wielka,powiat nowosądecki,23.74%
55,Ludność w wieku przedprodukcyjnym,2020,gmina,Korzenna,powiat nowosądecki,23.17%
55,Ludność w wieku przedprodukcyjnym,2020,gmina,Krynica-Zdrój,powiat nowosądecki,18.36%
55,Ludność w wieku przedprodukcyjnym,2020,gmina,Łabowa,powiat nowosądecki,24.87%
55,Ludność w wieku przedprodukcyjnym,2020,gmina,Łącko,powiat nowosądecki,24.59%
55,Ludność w wieku przedprodukcyjnym,2020,gmina,Łososina Dolna,powiat nowosądecki,24.33%
55,Ludność w wieku przedprodukcyjnym,2020,gmina,Muszyna,powiat nowosądecki,19.39%
55,Ludność w wieku przedprodukcyjnym,2020,gmina,Nawojowa,powiat nowosądecki,24.08%
55,Ludność w wieku przedprodukcyjnym,2020,gmina,Piwniczna-Zdrój,powiat nowosądecki,19.71%
55,Ludność w wieku przedprodukcyjnym,2020,powiat,powiat nowotarski,powiat nowotarski,19.91%
55,Ludność w wieku przedprodukcyjnym,2020,gmina,Czarny Dunajec,powiat nowotarski,19.44%
55,Ludność w wieku przedprodukcyjnym,2020,gmina,Czorsztyn,powiat nowotarski,20.29%
55,Ludność w wieku przedprodukcyjnym,2020,gmina,Jabłonka,powiat nowotarski,22.96%
55,Ludność w wieku przedprodukcyjnym,2020,gmina,Krościenko nad Dunajcem,powiat nowotarski,21.31%
55,Ludność w wieku przedprodukcyjnym,2020,gmina,Lipnica Wielka,powiat nowotarski,23.44%
55,Ludność w wieku przedprodukcyjnym,2020,gmina,Łapsze Niżne,powiat nowotarski,20.04%
55,Ludność w wieku przedprodukcyjnym,2020,gmina,Nowy Targ (miasto),powiat nowotarski,17.93%
55,Ludność w wieku przedprodukcyjnym,2020,gmina,Nowy Targ (wieś),powiat nowotarski,20.35%
55,Ludność w wieku przedprodukcyjnym,2020,gmina,Ochotnica Dolna,powiat nowotarski,21.80%
55,Ludność w wieku przedprodukcyjnym,2020,gmina,Raba Wyżna,powiat nowotarski,20.63%
55,Ludność w wieku przedprodukcyjnym,2020,gmina,Rabka-Zdrój,powiat nowotarski,16.97%
55,Ludność w wieku przedprodukcyjnym,2020,gmina,Spytkowice,powiat nowotarski,20.86%
55,Ludność w wieku przedprodukcyjnym,2020,gmina,Szaflary,powiat nowotarski,20.62%
55,Ludność w wieku przedprodukcyjnym,2020,gmina,Szczawnica,powiat nowotarski,17.84%
55,Ludność w wieku przedprodukcyjnym,2020,powiat,powiat olkuski,powiat olkuski,16.58%
55,Ludność w wieku przedprodukcyjnym,2020,gmina,Bolesław,powiat olkuski,15.06%
55,Ludność w wieku przedprodukcyjnym,2020,gmina,Bukowno,powiat olkuski,14.60%
55,Ludność w wieku przedprodukcyjnym,2020,gmina,Klucze,powiat olkuski,16.67%
55,Ludność w wieku przedprodukcyjnym,2020,gmina,Olkusz,powiat olkuski,16.89%
55,Ludność w wieku przedprodukcyjnym,2020,gmina,Trzyciąż,powiat olkuski,18.24%
55,Ludność w wieku przedprodukcyjnym,2020,gmina,Wolbrom,powiat olkuski,16.73%
55,Ludność w wieku przedprodukcyjnym,2020,powiat,powiat oświęcimski,powiat oświęcimski,17.73%
55,Ludność w wieku przedprodukcyjnym,2020,gmina,Brzeszcze,powiat oświęcimski,17.35%
55,Ludność w wieku przedprodukcyjnym,2020,gmina,Chełmek,powiat oświęcimski,16.23%
55,Ludność w wieku przedprodukcyjnym,2020,gmina,Kęty,powiat oświęcimski,18.53%
55,Ludność w wieku przedprodukcyjnym,2020,gmina,Osiek,powiat oświęcimski,19.93%
55,Ludność w wieku przedprodukcyjnym,2020,gmina,Oświęcim (miasto),powiat oświęcimski,16.51%
55,Ludność w wieku przedprodukcyjnym,2020,gmina,Oświęcim (wieś),powiat oświęcimski,18.05%
55,Ludność w wieku przedprodukcyjnym,2020,gmina,Polanka Wielka,powiat oświęcimski,19.22%
55,Ludność w wieku przedprodukcyjnym,2020,gmina,Przeciszów,powiat oświęcimski,18.62%
55,Ludność w wieku przedprodukcyjnym,2020,gmina,Zator,powiat oświęcimski,18.81%
55,Ludność w wieku przedprodukcyjnym,2020,powiat,powiat proszowicki,powiat proszowicki,17.56%
55,Ludność w wieku przedprodukcyjnym,2020,gmina,Koniusza,powiat proszowicki,19.74%
55,Ludność w wieku przedprodukcyjnym,2020,gmina,Koszyce,powiat proszowicki,15.17%
55,Ludność w wieku przedprodukcyjnym,2020,gmina,Nowe Brzesko,powiat proszowicki,17.51%
55,Ludność w wieku przedprodukcyjnym,2020,gmina,Pałecznica,powiat proszowicki,18.47%
55,Ludność w wieku przedprodukcyjnym,2020,gmina,Proszowice,powiat proszowicki,16.74%
55,Ludność w wieku przedprodukcyjnym,2020,gmina,Radziemice,powiat proszowicki,18.65%
55,Ludność w wieku przedprodukcyjnym,2020,powiat,powiat suski,powiat suski,19.58%
55,Ludność w wieku przedprodukcyjnym,2020,gmina,Budzów,powiat suski,22.43%
55,Ludność w wieku przedprodukcyjnym,2020,gmina,Bystra-Sidzina,powiat suski,20.48%
55,Ludność w wieku przedprodukcyjnym,2020,gmina,Jordanów (miasto),powiat suski,18.19%
55,Ludność w wieku przedprodukcyjnym,2020,gmina,Jordanów (wieś),powiat suski,20.71%
55,Ludność w wieku przedprodukcyjnym,2020,gmina,Maków Podhalański,powiat suski,19.04%
55,Ludność w wieku przedprodukcyjnym,2020,gmina,Stryszawa,powiat suski,18.97%
55,Ludność w wieku przedprodukcyjnym,2020,gmina,Sucha Beskidzka,powiat suski,18.29%
55,Ludność w wieku przedprodukcyjnym,2020,gmina,Zawoja,powiat suski,19.22%
55,Ludność w wieku przedprodukcyjnym,2020,gmina,Zembrzyce,powiat suski,18.41%
55,Ludność w wieku przedprodukcyjnym,2020,powiat,powiat tarnowski,powiat tarnowski,19.20%
55,Ludność w wieku przedprodukcyjnym,2020,gmina,Ciężkowice,powiat tarnowski,20.53%
55,Ludność w wieku przedprodukcyjnym,2020,gmina,Gromnik,powiat tarnowski,21.78%
55,Ludność w wieku przedprodukcyjnym,2020,gmina,Lisia Góra,powiat tarnowski,21.33%
55,Ludność w wieku przedprodukcyjnym,2020,gmina,Pleśna,powiat tarnowski,19.06%
55,Ludność w wieku przedprodukcyjnym,2020,gmina,Radłów,powiat tarnowski,17.15%
55,Ludność w wieku przedprodukcyjnym,2020,gmina,Ryglice,powiat tarnowski,19.98%
55,Ludność w wieku przedprodukcyjnym,2020,gmina,Rzepiennik Strzyżewski,powiat tarnowski,20.13%
55,Ludność w wieku przedprodukcyjnym,2020,gmina,Skrzyszów,powiat tarnowski,19.75%
55,Ludność w wieku przedprodukcyjnym,2020,gmina,Szerzyny,powiat tarnowski,19.37%
55,Ludność w wieku przedprodukcyjnym,2020,gmina,Tarnów (wieś),powiat tarnowski,18.77%
55,Ludność w wieku przedprodukcyjnym,2020,gmina,Tuchów,powiat tarnowski,19.71%
55,Ludność w wieku przedprodukcyjnym,2020,gmina,Wierzchosławice,powiat tarnowski,17.81%
55,Ludność w wieku przedprodukcyjnym,2020,gmina,Wietrzychowice,powiat tarnowski,12.74%
55,Ludność w wieku przedprodukcyjnym,2020,gmina,Wojnicz,powiat tarnowski,18.98%
55,Ludność w wieku przedprodukcyjnym,2020,gmina,Zakliczyn,powiat tarnowski,20.52%
55,Ludność w wieku przedprodukcyjnym,2020,gmina,Żabno,powiat tarnowski,16.82%
55,Ludność w wieku przedprodukcyjnym,2020,powiat,powiat tatrzański,powiat tatrzański,19.03%
55,Ludność w wieku przedprodukcyjnym,2020,gmina,Biały Dunajec,powiat tatrzański,20.23%
55,Ludność w wieku przedprodukcyjnym,2020,gmina,Bukowina Tatrzańska,powiat tatrzański,21.18%
55,Ludność w wieku przedprodukcyjnym,2020,gmina,Kościelisko,powiat tatrzański,18.77%
55,Ludność w wieku przedprodukcyjnym,2020,gmina,Poronin,powiat tatrzański,21.66%
55,Ludność w wieku przedprodukcyjnym,2020,gmina,Zakopane,powiat tatrzański,16.58%
55,Ludność w wieku przedprodukcyjnym,2020,powiat,powiat wadowicki,powiat wadowicki,19.81%
55,Ludność w wieku przedprodukcyjnym,2020,gmina,Andrychów,powiat wadowicki,19.47%
55,Ludność w wieku przedprodukcyjnym,2020,gmina,Brzeźnica,powiat wadowicki,20.67%
55,Ludność w wieku przedprodukcyjnym,2020,gmina,Kalwaria Zebrzydowska,powiat wadowicki,19.34%
55,Ludność w wieku przedprodukcyjnym,2020,gmina,Lanckorona,powiat wadowicki,20.82%
55,Ludność w wieku przedprodukcyjnym,2020,gmina,Mucharz,powiat wadowicki,20.62%
55,Ludność w wieku przedprodukcyjnym,2020,gmina,Spytkowice,powiat wadowicki,20.29%
55,Ludność w wieku przedprodukcyjnym,2020,gmina,Stryszów,powiat wadowicki,19.30%
55,Ludność w wieku przedprodukcyjnym,2020,gmina,Tomice,powiat wadowicki,22.10%
55,Ludność w wieku przedprodukcyjnym,2020,gmina,Wadowice,powiat wadowicki,18.78%
55,Ludność w wieku przedprodukcyjnym,2020,gmina,Wieprz,powiat wadowicki,21.71%
55,Ludność w wieku przedprodukcyjnym,2020,powiat,powiat wielicki,powiat wielicki,21.36%
55,Ludność w wieku przedprodukcyjnym,2020,gmina,Biskupice,powiat wielicki,21.94%
55,Ludność w wieku przedprodukcyjnym,2020,gmina,Gdów,powiat wielicki,21.31%
55,Ludność w wieku przedprodukcyjnym,2020,gmina,Kłaj,powiat wielicki,19.22%
55,Ludność w wieku przedprodukcyjnym,2020,gmina,Niepołomice,powiat wielicki,22.32%
55,Ludność w wieku przedprodukcyjnym,2020,gmina,Wieliczka,powiat wielicki,21.19%
55,Ludność w wieku przedprodukcyjnym,2019,powiat,powiat bocheński,powiat bocheński,20.91%
55,Ludność w wieku przedprodukcyjnym,2019,gmina,Bochnia (miasto),powiat bocheński,19.26%
55,Ludność w wieku przedprodukcyjnym,2019,gmina,Bochnia (wieś),powiat bocheński,20.56%
55,Ludność w wieku przedprodukcyjnym,2019,gmina,Drwinia,powiat bocheński,18.78%
55,Ludność w wieku przedprodukcyjnym,2019,gmina,Lipnica Murowana,powiat bocheński,22.35%
55,Ludność w wieku przedprodukcyjnym,2019,gmina,Łapanów,powiat bocheński,21.95%
55,Ludność w wieku przedprodukcyjnym,2019,gmina,Nowy Wiśnicz,powiat bocheński,23.26%
55,Ludność w wieku przedprodukcyjnym,2019,gmina,Rzezawa,powiat bocheński,20.21%
55,Ludność w wieku przedprodukcyjnym,2019,gmina,Trzciana,powiat bocheński,23.36%
55,Ludność w wieku przedprodukcyjnym,2019,gmina,Żegocina,powiat bocheński,23.36%
55,Ludność w wieku przedprodukcyjnym,2019,powiat,powiat brzeski,powiat brzeski,19.54%
55,Ludność w wieku przedprodukcyjnym,2019,gmina,Borzęcin,powiat brzeski,17.09%
55,Ludność w wieku przedprodukcyjnym,2019,gmina,Brzesko,powiat brzeski,18.46%
55,Ludność w wieku przedprodukcyjnym,2019,gmina,Czchów,powiat brzeski,21.65%
55,Ludność w wieku przedprodukcyjnym,2019,gmina,Dębno,powiat brzeski,20.05%
55,Ludność w wieku przedprodukcyjnym,2019,gmina,Gnojnik,powiat brzeski,22.80%
55,Ludność w wieku przedprodukcyjnym,2019,gmina,Iwkowa,powiat brzeski,23.03%
55,Ludność w wieku przedprodukcyjnym,2019,gmina,Szczurowa,powiat brzeski,17.70%
55,Ludność w wieku przedprodukcyjnym,2019,powiat,powiat chrzanowski,powiat chrzanowski,16.32%
55,Ludność w wieku przedprodukcyjnym,2019,gmina,Alwernia,powiat chrzanowski,16.79%
55,Ludność w wieku przedprodukcyjnym,2019,gmina,Babice,powiat chrzanowski,16.32%
55,Ludność w wieku przedprodukcyjnym,2019,gmina,Chrzanów,powiat chrzanowski,15.64%
55,Ludność w wieku przedprodukcyjnym,2019,gmina,Libiąż,powiat chrzanowski,17.16%
55,Ludność w wieku przedprodukcyjnym,2019,gmina,Trzebinia,powiat chrzanowski,16.54%
55,Ludność w wieku przedprodukcyjnym,2019,powiat,powiat dąbrowski,powiat dąbrowski,17.76%
55,Ludność w wieku przedprodukcyjnym,2019,gmina,Bolesław,powiat dąbrowski,15.88%
55,Ludność w wieku przedprodukcyjnym,2019,gmina,Dąbrowa Tarnowska,powiat dąbrowski,18.39%
55,Ludność w wieku przedprodukcyjnym,2019,gmina,Gręboszów,powiat dąbrowski,12.39%
55,Ludność w wieku przedprodukcyjnym,2019,gmina,Mędrzechów,powiat dąbrowski,16.05%
55,Ludność w wieku przedprodukcyjnym,2019,gmina,Olesno,powiat dąbrowski,17.90%
55,Ludność w wieku przedprodukcyjnym,2019,gmina,Radgoszcz,powiat dąbrowski,19.44%
55,Ludność w wieku przedprodukcyjnym,2019,gmina,Szczucin,powiat dąbrowski,17.89%
55,Ludność w wieku przedprodukcyjnym,2019,powiat,powiat gorlicki,powiat gorlicki,19.39%
55,Ludność w wieku przedprodukcyjnym,2019,gmina,Biecz,powiat gorlicki,18.86%
55,Ludność w wieku przedprodukcyjnym,2019,gmina,Bobowa,powiat gorlicki,23.70%
55,Ludność w wieku przedprodukcyjnym,2019,gmina,Gorlice (miasto),powiat gorlicki,16.44%
55,Ludność w wieku przedprodukcyjnym,2019,gmina,Gorlice (wieś),powiat gorlicki,18.64%
55,Ludność w wieku przedprodukcyjnym,2019,gmina,Lipinki,powiat gorlicki,18.43%
55,Ludność w wieku przedprodukcyjnym,2019,gmina,Łużna,powiat gorlicki,21.51%
55,Ludność w wieku przedprodukcyjnym,2019,gmina,Moszczenica,powiat gorlicki,21.71%
55,Ludność w wieku przedprodukcyjnym,2019,gmina,Ropa,powiat gorlicki,23.33%
55,Ludność w wieku przedprodukcyjnym,2019,gmina,Sękowa,powiat gorlicki,18.86%
55,Ludność w wieku przedprodukcyjnym,2019,gmina,Uście Gorlickie,powiat gorlicki,22.04%
55,Ludność w wieku przedprodukcyjnym,2019,powiat,powiat krakowski,powiat krakowski,19.85%
55,Ludność w wieku przedprodukcyjnym,2019,gmina,Czernichów,powiat krakowski,19.81%
55,Ludność w wieku przedprodukcyjnym,2019,gmina,Igołomia-Wawrzeńczyce,powiat krakowski,18.47%
55,Ludność w wieku przedprodukcyjnym,2019,gmina,Iwanowice,powiat krakowski,20.27%
55,Ludność w wieku przedprodukcyjnym,2019,gmina,Jerzmanowice-Przeginia,powiat krakowski,18.68%
55,Ludność w wieku przedprodukcyjnym,2019,gmina,Kocmyrzów-Luborzyca,powiat krakowski,19.45%
55,Ludność w wieku przedprodukcyjnym,2019,gmina,Krzeszowice,powiat krakowski,17.46%
55,Ludność w wieku przedprodukcyjnym,2019,gmina,Liszki,powiat krakowski,21.64%
55,Ludność w wieku przedprodukcyjnym,2019,gmina,Michałowice,powiat krakowski,21.39%
55,Ludność w wieku przedprodukcyjnym,2019,gmina,Mogilany,powiat krakowski,21.81%
55,Ludność w wieku przedprodukcyjnym,2019,gmina,Skała,powiat krakowski,20.01%
55,Ludność w wieku przedprodukcyjnym,2019,gmina,Skawina,powiat krakowski,18.78%
55,Ludność w wieku przedprodukcyjnym,2019,gmina,Słomniki,powiat krakowski,18.18%
55,Ludność w wieku przedprodukcyjnym,2019,gmina,Sułoszowa,powiat krakowski,20.26%
55,Ludność w wieku przedprodukcyjnym,2019,gmina,Świątniki Górne,powiat krakowski,20.69%
55,Ludność w wieku przedprodukcyjnym,2019,gmina,Wielka Wieś,powiat krakowski,21.66%
55,Ludność w wieku przedprodukcyjnym,2019,gmina,Zabierzów,powiat krakowski,19.22%
55,Ludność w wieku przedprodukcyjnym,2019,gmina,Zielonki,powiat krakowski,23.29%
55,Ludność w wieku przedprodukcyjnym,2019,powiat,powiat limanowski,powiat limanowski,23.08%
55,Ludność w wieku przedprodukcyjnym,2019,gmina,Dobra,powiat limanowski,21.73%
55,Ludność w wieku przedprodukcyjnym,2019,gmina,Jodłownik,powiat limanowski,23.25%
55,Ludność w wieku przedprodukcyjnym,2019,gmina,Kamienica,powiat limanowski,22.73%
55,Ludność w wieku przedprodukcyjnym,2019,gmina,Laskowa,powiat limanowski,24.71%
55,Ludność w wieku przedprodukcyjnym,2019,gmina,Limanowa (miasto),powiat limanowski,21.27%
55,Ludność w wieku przedprodukcyjnym,2019,gmina,Limanowa (wieś),powiat limanowski,23.59%
55,Ludność w wieku przedprodukcyjnym,2019,gmina,Łukowica,powiat limanowski,24.88%
55,Ludność w wieku przedprodukcyjnym,2019,gmina,Mszana Dolna (miasto),powiat limanowski,20.07%
55,Ludność w wieku przedprodukcyjnym,2019,gmina,Mszana Dolna (wieś),powiat limanowski,22.78%
55,Ludność w wieku przedprodukcyjnym,2019,gmina,Niedźwiedź,powiat limanowski,23.44%
55,Ludność w wieku przedprodukcyjnym,2019,gmina,Słopnice,powiat limanowski,25.89%
55,Ludność w wieku przedprodukcyjnym,2019,gmina,Tymbark,powiat limanowski,23.76%
55,Ludność w wieku przedprodukcyjnym,2019,powiat,powiat m. Kraków,powiat m. Kraków,17.25%
55,Ludność w wieku przedprodukcyjnym,2019,powiat,powiat m. Nowy Sącz,powiat m. Nowy Sącz,18.85%
55,Ludność w wieku przedprodukcyjnym,2019,powiat,powiat m. Tarnów,powiat m. Tarnów,15.61%
55,Ludność w wieku przedprodukcyjnym,2019,powiat,powiat miechowski,powiat miechowski,17.03%
55,Ludność w wieku przedprodukcyjnym,2019,gmina,Charsznica,powiat miechowski,16.13%
55,Ludność w wieku przedprodukcyjnym,2019,gmina,Gołcza,powiat miechowski,16.88%
55,Ludność w wieku przedprodukcyjnym,2019,gmina,Kozłów,powiat miechowski,16.39%
55,Ludność w wieku przedprodukcyjnym,2019,gmina,Książ Wielki,powiat miechowski,17.56%
55,Ludność w wieku przedprodukcyjnym,2019,gmina,Miechów,powiat miechowski,17.01%
55,Ludność w wieku przedprodukcyjnym,2019,gmina,Racławice,powiat miechowski,19.22%
55,Ludność w wieku przedprodukcyjnym,2019,gmina,Słaboszów,powiat miechowski,17.86%
55,Ludność w wieku przedprodukcyjnym,2019,powiat,powiat myślenicki,powiat myślenicki,21.42%
55,Ludność w wieku przedprodukcyjnym,2019,gmina,Dobczyce,powiat myślenicki,20.91%
55,Ludność w wieku przedprodukcyjnym,2019,gmina,Lubień,powiat myślenicki,21.84%
55,Ludność w wieku przedprodukcyjnym,2019,gmina,Myślenice,powiat myślenicki,20.78%
55,Ludność w wieku przedprodukcyjnym,2019,gmina,Pcim,powiat myślenicki,21.71%
55,Ludność w wieku przedprodukcyjnym,2019,gmina,Raciechowice,powiat myślenicki,21.13%
55,Ludność w wieku przedprodukcyjnym,2019,gmina,Siepraw,powiat myślenicki,22.28%
55,Ludność w wieku przedprodukcyjnym,2019,gmina,Sułkowice,powiat myślenicki,21.55%
55,Ludność w wieku przedprodukcyjnym,2019,gmina,Tokarnia,powiat myślenicki,22.87%
55,Ludność w wieku przedprodukcyjnym,2019,gmina,Wiśniowa,powiat myślenicki,22.58%
55,Ludność w wieku przedprodukcyjnym,2019,powiat,powiat nowosądecki,powiat nowosądecki,22.57%
55,Ludność w wieku przedprodukcyjnym,2019,gmina,Podegrodzie,powiat nowosądecki,24.73%
55,Ludność w wieku przedprodukcyjnym,2019,gmina,Rytro,powiat nowosądecki,21.00%
55,Ludność w wieku przedprodukcyjnym,2019,gmina,Stary Sącz,powiat nowosądecki,21.13%
55,Ludność w wieku przedprodukcyjnym,2019,gmina,Chełmiec,powiat nowosądecki,22.72%
55,Ludność w wieku przedprodukcyjnym,2019,gmina,Gródek nad Dunajcem,powiat nowosądecki,22.06%
55,Ludność w wieku przedprodukcyjnym,2019,gmina,Grybów (miasto),powiat nowosądecki,20.00%
55,Ludność w wieku przedprodukcyjnym,2019,gmina,Grybów (wieś),powiat nowosądecki,24.83%
55,Ludność w wieku przedprodukcyjnym,2019,gmina,Kamionka Wielka,powiat nowosądecki,24.11%
55,Ludność w wieku przedprodukcyjnym,2019,gmina,Korzenna,powiat nowosądecki,23.12%
55,Ludność w wieku przedprodukcyjnym,2019,gmina,Krynica-Zdrój,powiat nowosądecki,18.17%
55,Ludność w wieku przedprodukcyjnym,2019,gmina,Łabowa,powiat nowosądecki,25.08%
55,Ludność w wieku przedprodukcyjnym,2019,gmina,Łącko,powiat nowosądecki,24.40%
55,Ludność w wieku przedprodukcyjnym,2019,gmina,Łososina Dolna,powiat nowosądecki,24.69%
55,Ludność w wieku przedprodukcyjnym,2019,gmina,Muszyna,powiat nowosądecki,19.49%
55,Ludność w wieku przedprodukcyjnym,2019,gmina,Nawojowa,powiat nowosądecki,24.33%
55,Ludność w wieku przedprodukcyjnym,2019,gmina,Piwniczna-Zdrój,powiat nowosądecki,19.84%
55,Ludność w wieku przedprodukcyjnym,2019,powiat,powiat nowotarski,powiat nowotarski,19.99%
55,Ludność w wieku przedprodukcyjnym,2019,gmina,Czarny Dunajec,powiat nowotarski,19.54%
55,Ludność w wieku przedprodukcyjnym,2019,gmina,Czorsztyn,powiat nowotarski,20.29%
55,Ludność w wieku przedprodukcyjnym,2019,gmina,Jabłonka,powiat nowotarski,22.92%
55,Ludność w wieku przedprodukcyjnym,2019,gmina,Krościenko nad Dunajcem,powiat nowotarski,21.71%
55,Ludność w wieku przedprodukcyjnym,2019,gmina,Lipnica Wielka,powiat nowotarski,23.69%
55,Ludność w wieku przedprodukcyjnym,2019,gmina,Łapsze Niżne,powiat nowotarski,20.07%
55,Ludność w wieku przedprodukcyjnym,2019,gmina,Nowy Targ (miasto),powiat nowotarski,17.90%
55,Ludność w wieku przedprodukcyjnym,2019,gmina,Nowy Targ (wieś),powiat nowotarski,20.44%
55,Ludność w wieku przedprodukcyjnym,2019,gmina,Ochotnica Dolna,powiat nowotarski,22.19%
55,Ludność w wieku przedprodukcyjnym,2019,gmina,Raba Wyżna,powiat nowotarski,20.92%
55,Ludność w wieku przedprodukcyjnym,2019,gmina,Rabka-Zdrój,powiat nowotarski,16.95%
55,Ludność w wieku przedprodukcyjnym,2019,gmina,Spytkowice,powiat nowotarski,21.31%
55,Ludność w wieku przedprodukcyjnym,2019,gmina,Szaflary,powiat nowotarski,20.53%
55,Ludność w wieku przedprodukcyjnym,2019,gmina,Szczawnica,powiat nowotarski,17.87%
55,Ludność w wieku przedprodukcyjnym,2019,powiat,powiat olkuski,powiat olkuski,16.51%
55,Ludność w wieku przedprodukcyjnym,2019,gmina,Bolesław,powiat olkuski,15.15%
55,Ludność w wieku przedprodukcyjnym,2019,gmina,Bukowno,powiat olkuski,14.47%
55,Ludność w wieku przedprodukcyjnym,2019,gmina,Klucze,powiat olkuski,16.66%
55,Ludność w wieku przedprodukcyjnym,2019,gmina,Olkusz,powiat olkuski,16.80%
55,Ludność w wieku przedprodukcyjnym,2019,gmina,Trzyciąż,powiat olkuski,18.10%
55,Ludność w wieku przedprodukcyjnym,2019,gmina,Wolbrom,powiat olkuski,16.70%
55,Ludność w wieku przedprodukcyjnym,2019,powiat,powiat oświęcimski,powiat oświęcimski,17.73%
55,Ludność w wieku przedprodukcyjnym,2019,gmina,Brzeszcze,powiat oświęcimski,17.49%
55,Ludność w wieku przedprodukcyjnym,2019,gmina,Chełmek,powiat oświęcimski,16.30%
55,Ludność w wieku przedprodukcyjnym,2019,gmina,Kęty,powiat oświęcimski,18.48%
55,Ludność w wieku przedprodukcyjnym,2019,gmina,Osiek,powiat oświęcimski,19.67%
55,Ludność w wieku przedprodukcyjnym,2019,gmina,Oświęcim (miasto),powiat oświęcimski,16.43%
55,Ludność w wieku przedprodukcyjnym,2019,gmina,Oświęcim (wieś),powiat oświęcimski,18.29%
55,Ludność w wieku przedprodukcyjnym,2019,gmina,Polanka Wielka,powiat oświęcimski,19.45%
55,Ludność w wieku przedprodukcyjnym,2019,gmina,Przeciszów,powiat oświęcimski,18.71%
55,Ludność w wieku przedprodukcyjnym,2019,gmina,Zator,powiat oświęcimski,18.54%
55,Ludność w wieku przedprodukcyjnym,2019,powiat,powiat proszowicki,powiat proszowicki,17.49%
55,Ludność w wieku przedprodukcyjnym,2019,gmina,Koniusza,powiat proszowicki,19.57%
55,Ludność w wieku przedprodukcyjnym,2019,gmina,Koszyce,powiat proszowicki,17.51%
55,Ludność w wieku przedprodukcyjnym,2019,gmina,Nowe Brzesko,powiat proszowicki,24.75%
55,Ludność w wieku przedprodukcyjnym,2019,gmina,Pałecznica,powiat proszowicki,18.50%
55,Ludność w wieku przedprodukcyjnym,2019,gmina,Proszowice,powiat proszowicki,16.62%
55,Ludność w wieku przedprodukcyjnym,2019,gmina,Radziemice,powiat proszowicki,19.03%
55,Ludność w wieku przedprodukcyjnym,2019,powiat,powiat suski,powiat suski,19.74%
55,Ludność w wieku przedprodukcyjnym,2019,gmina,Budzów,powiat suski,22.64%
55,Ludność w wieku przedprodukcyjnym,2019,gmina,Bystra-Sidzina,powiat suski,20.77%
55,Ludność w wieku przedprodukcyjnym,2019,gmina,Jordanów (miasto),powiat suski,19.49%
55,Ludność w wieku przedprodukcyjnym,2019,gmina,Jordanów (wieś),powiat suski,20.68%
55,Ludność w wieku przedprodukcyjnym,2019,gmina,Maków Podhalański,powiat suski,19.32%
55,Ludność w wieku przedprodukcyjnym,2019,gmina,Stryszawa,powiat suski,19.02%
55,Ludność w wieku przedprodukcyjnym,2019,gmina,Sucha Beskidzka,powiat suski,17.84%
55,Ludność w wieku przedprodukcyjnym,2019,gmina,Zawoja,powiat suski,19.61%
55,Ludność w wieku przedprodukcyjnym,2019,gmina,Zembrzyce,powiat suski,18.29%
55,Ludność w wieku przedprodukcyjnym,2019,powiat,powiat tarnowski,powiat tarnowski,19.30%
55,Ludność w wieku przedprodukcyjnym,2019,gmina,Ciężkowice,powiat tarnowski,20.45%
55,Ludność w wieku przedprodukcyjnym,2019,gmina,Gromnik,powiat tarnowski,21.78%
55,Ludność w wieku przedprodukcyjnym,2019,gmina,Lisia Góra,powiat tarnowski,21.19%
55,Ludność w wieku przedprodukcyjnym,2019,gmina,Pleśna,powiat tarnowski,19.18%
55,Ludność w wieku przedprodukcyjnym,2019,gmina,Radłów,powiat tarnowski,23.99%
55,Ludność w wieku przedprodukcyjnym,2019,gmina,Ryglice,powiat tarnowski,20.31%
55,Ludność w wieku przedprodukcyjnym,2019,gmina,Rzepiennik Strzyżewski,powiat tarnowski,20.23%
55,Ludność w wieku przedprodukcyjnym,2019,gmina,Skrzyszów,powiat tarnowski,19.86%
55,Ludność w wieku przedprodukcyjnym,2019,gmina,Szerzyny,powiat tarnowski,19.59%
55,Ludność w wieku przedprodukcyjnym,2019,gmina,Tarnów (wieś),powiat tarnowski,19.05%
55,Ludność w wieku przedprodukcyjnym,2019,gmina,Tuchów,powiat tarnowski,19.75%
55,Ludność w wieku przedprodukcyjnym,2019,gmina,Wierzchosławice,powiat tarnowski,17.91%
55,Ludność w wieku przedprodukcyjnym,2019,gmina,Wietrzychowice,powiat tarnowski,12.90%
55,Ludność w wieku przedprodukcyjnym,2019,gmina,Wojnicz,powiat tarnowski,19.10%
55,Ludność w wieku przedprodukcyjnym,2019,gmina,Zakliczyn,powiat tarnowski,20.52%
55,Ludność w wieku przedprodukcyjnym,2019,gmina,Żabno,powiat tarnowski,16.92%
55,Ludność w wieku przedprodukcyjnym,2019,powiat,powiat tatrzański,powiat tatrzański,19.07%
55,Ludność w wieku przedprodukcyjnym,2019,gmina,Biały Dunajec,powiat tatrzański,20.48%
55,Ludność w wieku przedprodukcyjnym,2019,gmina,Bukowina Tatrzańska,powiat tatrzański,21.05%
55,Ludność w wieku przedprodukcyjnym,2019,gmina,Kościelisko,powiat tatrzański,18.95%
55,Ludność w wieku przedprodukcyjnym,2019,gmina,Poronin,powiat tatrzański,21.72%
55,Ludność w wieku przedprodukcyjnym,2019,gmina,Zakopane,powiat tatrzański,16.62%
55,Ludność w wieku przedprodukcyjnym,2019,powiat,powiat wadowicki,powiat wadowicki,19.78%
55,Ludność w wieku przedprodukcyjnym,2019,gmina,Andrychów,powiat wadowicki,19.44%
55,Ludność w wieku przedprodukcyjnym,2019,gmina,Brzeźnica,powiat wadowicki,20.54%
55,Ludność w wieku przedprodukcyjnym,2019,gmina,Kalwaria Zebrzydowska,powiat wadowicki,19.23%
55,Ludność w wieku przedprodukcyjnym,2019,gmina,Lanckorona,powiat wadowicki,20.96%
55,Ludność w wieku przedprodukcyjnym,2019,gmina,Mucharz,powiat wadowicki,20.82%
55,Ludność w wieku przedprodukcyjnym,2019,gmina,Spytkowice,powiat wadowicki,20.13%
55,Ludność w wieku przedprodukcyjnym,2019,gmina,Stryszów,powiat wadowicki,19.53%
55,Ludność w wieku przedprodukcyjnym,2019,gmina,Tomice,powiat wadowicki,22.20%
55,Ludność w wieku przedprodukcyjnym,2019,gmina,Wadowice,powiat wadowicki,18.79%
55,Ludność w wieku przedprodukcyjnym,2019,gmina,Wieprz,powiat wadowicki,21.59%
55,Ludność w wieku przedprodukcyjnym,2019,powiat,powiat wielicki,powiat wielicki,21.16%
55,Ludność w wieku przedprodukcyjnym,2019,gmina,Biskupice,powiat wielicki,21.60%
55,Ludność w wieku przedprodukcyjnym,2019,gmina,Gdów,powiat wielicki,21.35%
55,Ludność w wieku przedprodukcyjnym,2019,gmina,Kłaj,powiat wielicki,19.21%
55,Ludność w wieku przedprodukcyjnym,2019,gmina,Niepołomice,powiat wielicki,21.88%
55,Ludność w wieku przedprodukcyjnym,2019,gmina,Wieliczka,powiat wielicki,21.03%
55,Ludność w wieku przedprodukcyjnym,2018,powiat,powiat bocheński,powiat bocheński,20.83%
55,Ludność w wieku przedprodukcyjnym,2018,gmina,Bochnia (miasto),powiat bocheński,19.27%
55,Ludność w wieku przedprodukcyjnym,2018,gmina,Bochnia (wieś),powiat bocheński,20.53%
55,Ludność w wieku przedprodukcyjnym,2018,gmina,Drwinia,powiat bocheński,18.66%
55,Ludność w wieku przedprodukcyjnym,2018,gmina,Lipnica Murowana,powiat bocheński,22.10%
55,Ludność w wieku przedprodukcyjnym,2018,gmina,Łapanów,powiat bocheński,21.96%
55,Ludność w wieku przedprodukcyjnym,2018,gmina,Nowy Wiśnicz,powiat bocheński,23.11%
55,Ludność w wieku przedprodukcyjnym,2018,gmina,Rzezawa,powiat bocheński,20.02%
55,Ludność w wieku przedprodukcyjnym,2018,gmina,Trzciana,powiat bocheński,23.00%
55,Ludność w wieku przedprodukcyjnym,2018,gmina,Żegocina,powiat bocheński,23.60%
55,Ludność w wieku przedprodukcyjnym,2018,powiat,powiat brzeski,powiat brzeski,19.58%
55,Ludność w wieku przedprodukcyjnym,2018,gmina,Borzęcin,powiat brzeski,17.46%
55,Ludność w wieku przedprodukcyjnym,2018,gmina,Brzesko,powiat brzeski,18.46%
55,Ludność w wieku przedprodukcyjnym,2018,gmina,Czchów,powiat brzeski,21.77%
55,Ludność w wieku przedprodukcyjnym,2018,gmina,Dębno,powiat brzeski,20.11%
55,Ludność w wieku przedprodukcyjnym,2018,gmina,Gnojnik,powiat brzeski,22.80%
55,Ludność w wieku przedprodukcyjnym,2018,gmina,Iwkowa,powiat brzeski,22.89%
55,Ludność w wieku przedprodukcyjnym,2018,gmina,Szczurowa,powiat brzeski,17.73%
55,Ludność w wieku przedprodukcyjnym,2018,powiat,powiat chrzanowski,powiat chrzanowski,16.38%
55,Ludność w wieku przedprodukcyjnym,2018,gmina,Alwernia,powiat chrzanowski,16.84%
55,Ludność w wieku przedprodukcyjnym,2018,gmina,Babice,powiat chrzanowski,16.42%
55,Ludność w wieku przedprodukcyjnym,2018,gmina,Chrzanów,powiat chrzanowski,15.69%
55,Ludność w wieku przedprodukcyjnym,2018,gmina,Libiąż,powiat chrzanowski,17.26%
55,Ludność w wieku przedprodukcyjnym,2018,gmina,Trzebinia,powiat chrzanowski,16.59%
55,Ludność w wieku przedprodukcyjnym,2018,powiat,powiat dąbrowski,powiat dąbrowski,17.85%
55,Ludność w wieku przedprodukcyjnym,2018,gmina,Bolesław,powiat dąbrowski,15.44%
55,Ludność w wieku przedprodukcyjnym,2018,gmina,Dąbrowa Tarnowska,powiat dąbrowski,18.54%
55,Ludność w wieku przedprodukcyjnym,2018,gmina,Gręboszów,powiat dąbrowski,12.26%
55,Ludność w wieku przedprodukcyjnym,2018,gmina,Mędrzechów,powiat dąbrowski,16.16%
55,Ludność w wieku przedprodukcyjnym,2018,gmina,Olesno,powiat dąbrowski,17.90%
55,Ludność w wieku przedprodukcyjnym,2018,gmina,Radgoszcz,powiat dąbrowski,19.91%
55,Ludność w wieku przedprodukcyjnym,2018,gmina,Szczucin,powiat dąbrowski,17.90%
55,Ludność w wieku przedprodukcyjnym,2018,powiat,powiat gorlicki,powiat gorlicki,19.41%
55,Ludność w wieku przedprodukcyjnym,2018,gmina,Biecz,powiat gorlicki,18.82%
55,Ludność w wieku przedprodukcyjnym,2018,gmina,Bobowa,powiat gorlicki,23.68%
55,Ludność w wieku przedprodukcyjnym,2018,gmina,Gorlice (miasto),powiat gorlicki,16.49%
55,Ludność w wieku przedprodukcyjnym,2018,gmina,Gorlice (wieś),powiat gorlicki,18.57%
55,Ludność w wieku przedprodukcyjnym,2018,gmina,Lipinki,powiat gorlicki,18.42%
55,Ludność w wieku przedprodukcyjnym,2018,gmina,Łużna,powiat gorlicki,21.32%
55,Ludność w wieku przedprodukcyjnym,2018,gmina,Moszczenica,powiat gorlicki,21.90%
55,Ludność w wieku przedprodukcyjnym,2018,gmina,Ropa,powiat gorlicki,23.61%
55,Ludność w wieku przedprodukcyjnym,2018,gmina,Sękowa,powiat gorlicki,19.41%
55,Ludność w wieku przedprodukcyjnym,2018,gmina,Uście Gorlickie,powiat gorlicki,22.11%
55,Ludność w wieku przedprodukcyjnym,2018,powiat,powiat krakowski,powiat krakowski,19.86%
55,Ludność w wieku przedprodukcyjnym,2018,gmina,Czernichów,powiat krakowski,19.90%
55,Ludność w wieku przedprodukcyjnym,2018,gmina,Igołomia-Wawrzeńczyce,powiat krakowski,18.40%
55,Ludność w wieku przedprodukcyjnym,2018,gmina,Iwanowice,powiat krakowski,20.57%
55,Ludność w wieku przedprodukcyjnym,2018,gmina,Jerzmanowice-Przeginia,powiat krakowski,18.81%
55,Ludność w wieku przedprodukcyjnym,2018,gmina,Kocmyrzów-Luborzyca,powiat krakowski,19.37%
55,Ludność w wieku przedprodukcyjnym,2018,gmina,Krzeszowice,powiat krakowski,17.61%
55,Ludność w wieku przedprodukcyjnym,2018,gmina,Liszki,powiat krakowski,21.41%
55,Ludność w wieku przedprodukcyjnym,2018,gmina,Michałowice,powiat krakowski,21.64%
55,Ludność w wieku przedprodukcyjnym,2018,gmina,Mogilany,powiat krakowski,21.83%
55,Ludność w wieku przedprodukcyjnym,2018,gmina,Skała,powiat krakowski,20.09%
55,Ludność w wieku przedprodukcyjnym,2018,gmina,Skawina,powiat krakowski,18.73%
55,Ludność w wieku przedprodukcyjnym,2018,gmina,Słomniki,powiat krakowski,18.30%
55,Ludność w wieku przedprodukcyjnym,2018,gmina,Sułoszowa,powiat krakowski,20.12%
55,Ludność w wieku przedprodukcyjnym,2018,gmina,Świątniki Górne,powiat krakowski,20.69%
55,Ludność w wieku przedprodukcyjnym,2018,gmina,Wielka Wieś,powiat krakowski,21.47%
55,Ludność w wieku przedprodukcyjnym,2018,gmina,Zabierzów,powiat krakowski,19.26%
55,Ludność w wieku przedprodukcyjnym,2018,gmina,Zielonki,powiat krakowski,23.25%
55,Ludność w wieku przedprodukcyjnym,2018,powiat,powiat limanowski,powiat limanowski,23.14%
55,Ludność w wieku przedprodukcyjnym,2018,gmina,Dobra,powiat limanowski,21.60%
55,Ludność w wieku przedprodukcyjnym,2018,gmina,Jodłownik,powiat limanowski,23.00%
55,Ludność w wieku przedprodukcyjnym,2018,gmina,Kamienica,powiat limanowski,22.97%
55,Ludność w wieku przedprodukcyjnym,2018,gmina,Laskowa,powiat limanowski,24.63%
55,Ludność w wieku przedprodukcyjnym,2018,gmina,Limanowa (miasto),powiat limanowski,21.15%
55,Ludność w wieku przedprodukcyjnym,2018,gmina,Limanowa (wieś),powiat limanowski,23.75%
55,Ludność w wieku przedprodukcyjnym,2018,gmina,Łukowica,powiat limanowski,25.09%
55,Ludność w wieku przedprodukcyjnym,2018,gmina,Mszana Dolna (miasto),powiat limanowski,20.27%
55,Ludność w wieku przedprodukcyjnym,2018,gmina,Mszana Dolna (wieś),powiat limanowski,22.92%
55,Ludność w wieku przedprodukcyjnym,2018,gmina,Niedźwiedź,powiat limanowski,23.67%
55,Ludność w wieku przedprodukcyjnym,2018,gmina,Słopnice,powiat limanowski,26.58%
55,Ludność w wieku przedprodukcyjnym,2018,gmina,Tymbark,powiat limanowski,23.20%
55,Ludność w wieku przedprodukcyjnym,2018,powiat,powiat m. Kraków,powiat m. Kraków,16.91%
55,Ludność w wieku przedprodukcyjnym,2018,powiat,powiat m. Nowy Sącz,powiat m. Nowy Sącz,18.82%
55,Ludność w wieku przedprodukcyjnym,2018,powiat,powiat m. Tarnów,powiat m. Tarnów,15.69%
55,Ludność w wieku przedprodukcyjnym,2018,powiat,powiat miechowski,powiat miechowski,17.14%
55,Ludność w wieku przedprodukcyjnym,2018,gmina,Charsznica,powiat miechowski,16.35%
55,Ludność w wieku przedprodukcyjnym,2018,gmina,Gołcza,powiat miechowski,17.14%
55,Ludność w wieku przedprodukcyjnym,2018,gmina,Kozłów,powiat miechowski,16.56%
55,Ludność w wieku przedprodukcyjnym,2018,gmina,Książ Wielki,powiat miechowski,17.30%
55,Ludność w wieku przedprodukcyjnym,2018,gmina,Miechów,powiat miechowski,17.20%
55,Ludność w wieku przedprodukcyjnym,2018,gmina,Racławice,powiat miechowski,18.58%
55,Ludność w wieku przedprodukcyjnym,2018,gmina,Słaboszów,powiat miechowski,17.97%
55,Ludność w wieku przedprodukcyjnym,2018,powiat,powiat myślenicki,powiat myślenicki,21.44%
55,Ludność w wieku przedprodukcyjnym,2018,gmina,Dobczyce,powiat myślenicki,20.91%
55,Ludność w wieku przedprodukcyjnym,2018,gmina,Lubień,powiat myślenicki,21.90%
55,Ludność w wieku przedprodukcyjnym,2018,gmina,Myślenice,powiat myślenicki,20.79%
55,Ludność w wieku przedprodukcyjnym,2018,gmina,Pcim,powiat myślenicki,21.67%
55,Ludność w wieku przedprodukcyjnym,2018,gmina,Raciechowice,powiat myślenicki,21.11%
55,Ludność w wieku przedprodukcyjnym,2018,gmina,Siepraw,powiat myślenicki,22.29%
55,Ludność w wieku przedprodukcyjnym,2018,gmina,Sułkowice,powiat myślenicki,21.47%
55,Ludność w wieku przedprodukcyjnym,2018,gmina,Tokarnia,powiat myślenicki,23.11%
55,Ludność w wieku przedprodukcyjnym,2018,gmina,Wiśniowa,powiat myślenicki,22.61%
55,Ludność w wieku przedprodukcyjnym,2018,powiat,powiat nowosądecki,powiat nowosądecki,22.71%
55,Ludność w wieku przedprodukcyjnym,2018,gmina,Podegrodzie,powiat nowosądecki,24.98%
55,Ludność w wieku przedprodukcyjnym,2018,gmina,Rytro,powiat nowosądecki,21.28%
55,Ludność w wieku przedprodukcyjnym,2018,gmina,Stary Sącz,powiat nowosądecki,21.10%
55,Ludność w wieku przedprodukcyjnym,2018,gmina,Chełmiec,powiat nowosądecki,22.85%
55,Ludność w wieku przedprodukcyjnym,2018,gmina,Gródek nad Dunajcem,powiat nowosądecki,22.35%
55,Ludność w wieku przedprodukcyjnym,2018,gmina,Grybów (miasto),powiat nowosądecki,20.11%
55,Ludność w wieku przedprodukcyjnym,2018,gmina,Grybów (wieś),powiat nowosądecki,24.97%
55,Ludność w wieku przedprodukcyjnym,2018,gmina,Kamionka Wielka,powiat nowosądecki,24.38%
55,Ludność w wieku przedprodukcyjnym,2018,gmina,Korzenna,powiat nowosądecki,23.26%
55,Ludność w wieku przedprodukcyjnym,2018,gmina,Krynica-Zdrój,powiat nowosądecki,18.17%
55,Ludność w wieku przedprodukcyjnym,2018,gmina,Łabowa,powiat nowosądecki,25.56%
55,Ludność w wieku przedprodukcyjnym,2018,gmina,Łącko,powiat nowosądecki,24.44%
55,Ludność w wieku przedprodukcyjnym,2018,gmina,Łososina Dolna,powiat nowosądecki,24.63%
55,Ludność w wieku przedprodukcyjnym,2018,gmina,Muszyna,powiat nowosądecki,19.75%
55,Ludność w wieku przedprodukcyjnym,2018,gmina,Nawojowa,powiat nowosądecki,24.58%
55,Ludność w wieku przedprodukcyjnym,2018,gmina,Piwniczna-Zdrój,powiat nowosądecki,20.21%
55,Ludność w wieku przedprodukcyjnym,2018,powiat,powiat nowotarski,powiat nowotarski,20.11%
55,Ludność w wieku przedprodukcyjnym,2018,gmina,Czarny Dunajec,powiat nowotarski,19.63%
55,Ludność w wieku przedprodukcyjnym,2018,gmina,Czorsztyn,powiat nowotarski,20.39%
55,Ludność w wieku przedprodukcyjnym,2018,gmina,Jabłonka,powiat nowotarski,23.22%
55,Ludność w wieku przedprodukcyjnym,2018,gmina,Krościenko nad Dunajcem,powiat nowotarski,21.49%
55,Ludność w wieku przedprodukcyjnym,2018,gmina,Lipnica Wielka,powiat nowotarski,23.54%
55,Ludność w wieku przedprodukcyjnym,2018,gmina,Łapsze Niżne,powiat nowotarski,20.14%
55,Ludność w wieku przedprodukcyjnym,2018,gmina,Nowy Targ (miasto),powiat nowotarski,17.97%
55,Ludność w wieku przedprodukcyjnym,2018,gmina,Nowy Targ (wieś),powiat nowotarski,20.77%
55,Ludność w wieku przedprodukcyjnym,2018,gmina,Ochotnica Dolna,powiat nowotarski,22.77%
55,Ludność w wieku przedprodukcyjnym,2018,gmina,Raba Wyżna,powiat nowotarski,21.02%
55,Ludność w wieku przedprodukcyjnym,2018,gmina,Rabka-Zdrój,powiat nowotarski,16.96%
55,Ludność w wieku przedprodukcyjnym,2018,gmina,Spytkowice,powiat nowotarski,21.44%
55,Ludność w wieku przedprodukcyjnym,2018,gmina,Szaflary,powiat nowotarski,20.46%
55,Ludność w wieku przedprodukcyjnym,2018,gmina,Szczawnica,powiat nowotarski,17.87%
55,Ludność w wieku przedprodukcyjnym,2018,powiat,powiat olkuski,powiat olkuski,16.56%
55,Ludność w wieku przedprodukcyjnym,2018,gmina,Bolesław,powiat olkuski,15.27%
55,Ludność w wieku przedprodukcyjnym,2018,gmina,Bukowno,powiat olkuski,14.53%
55,Ludność w wieku przedprodukcyjnym,2018,gmina,Klucze,powiat olkuski,16.78%
55,Ludność w wieku przedprodukcyjnym,2018,gmina,Olkusz,powiat olkuski,16.69%
55,Ludność w wieku przedprodukcyjnym,2018,gmina,Trzyciąż,powiat olkuski,18.36%
55,Ludność w wieku przedprodukcyjnym,2018,gmina,Wolbrom,powiat olkuski,16.90%
55,Ludność w wieku przedprodukcyjnym,2018,powiat,powiat oświęcimski,powiat oświęcimski,17.62%
55,Ludność w wieku przedprodukcyjnym,2018,gmina,Brzeszcze,powiat oświęcimski,17.43%
55,Ludność w wieku przedprodukcyjnym,2018,gmina,Chełmek,powiat oświęcimski,16.28%
55,Ludność w wieku przedprodukcyjnym,2018,gmina,Kęty,powiat oświęcimski,18.30%
55,Ludność w wieku przedprodukcyjnym,2018,gmina,Osiek,powiat oświęcimski,19.89%
55,Ludność w wieku przedprodukcyjnym,2018,gmina,Oświęcim (miasto),powiat oświęcimski,16.18%
55,Ludność w wieku przedprodukcyjnym,2018,gmina,Oświęcim (wieś),powiat oświęcimski,18.29%
55,Ludność w wieku przedprodukcyjnym,2018,gmina,Polanka Wielka,powiat oświęcimski,19.25%
55,Ludność w wieku przedprodukcyjnym,2018,gmina,Przeciszów,powiat oświęcimski,18.72%
55,Ludność w wieku przedprodukcyjnym,2018,gmina,Zator,powiat oświęcimski,18.43%
55,Ludność w wieku przedprodukcyjnym,2018,powiat,powiat proszowicki,powiat proszowicki,17.59%
55,Ludność w wieku przedprodukcyjnym,2018,gmina,Koniusza,powiat proszowicki,19.73%
55,Ludność w wieku przedprodukcyjnym,2018,gmina,Koszyce,powiat proszowicki,15.11%
55,Ludność w wieku przedprodukcyjnym,2018,gmina,Nowe Brzesko,powiat proszowicki,17.65%
55,Ludność w wieku przedprodukcyjnym,2018,gmina,Pałecznica,powiat proszowicki,19.01%
55,Ludność w wieku przedprodukcyjnym,2018,gmina,Proszowice,powiat proszowicki,16.66%
55,Ludność w wieku przedprodukcyjnym,2018,gmina,Radziemice,powiat proszowicki,18.73%
55,Ludność w wieku przedprodukcyjnym,2018,powiat,powiat suski,powiat suski,19.84%
55,Ludność w wieku przedprodukcyjnym,2018,gmina,Budzów,powiat suski,22.65%
55,Ludność w wieku przedprodukcyjnym,2018,gmina,Bystra-Sidzina,powiat suski,21.11%
55,Ludność w wieku przedprodukcyjnym,2018,gmina,Jordanów (miasto),powiat suski,19.49%
55,Ludność w wieku przedprodukcyjnym,2018,gmina,Jordanów (wieś),powiat suski,20.97%
55,Ludność w wieku przedprodukcyjnym,2018,gmina,Maków Podhalański,powiat suski,19.29%
55,Ludność w wieku przedprodukcyjnym,2018,gmina,Stryszawa,powiat suski,18.94%
55,Ludność w wieku przedprodukcyjnym,2018,gmina,Sucha Beskidzka,powiat suski,17.77%
55,Ludność w wieku przedprodukcyjnym,2018,gmina,Zawoja,powiat suski,20.03%
55,Ludność w wieku przedprodukcyjnym,2018,gmina,Zembrzyce,powiat suski,18.52%
55,Ludność w wieku przedprodukcyjnym,2018,powiat,powiat tarnowski,powiat tarnowski,19.35%
55,Ludność w wieku przedprodukcyjnym,2018,gmina,Ciężkowice,powiat tarnowski,20.15%
55,Ludność w wieku przedprodukcyjnym,2018,gmina,Gromnik,powiat tarnowski,21.74%
55,Ludność w wieku przedprodukcyjnym,2018,gmina,Lisia Góra,powiat tarnowski,21.31%
55,Ludność w wieku przedprodukcyjnym,2018,gmina,Pleśna,powiat tarnowski,19.46%
55,Ludność w wieku przedprodukcyjnym,2018,gmina,Radłów,powiat tarnowski,17.47%
55,Ludność w wieku przedprodukcyjnym,2018,gmina,Ryglice,powiat tarnowski,20.50%
55,Ludność w wieku przedprodukcyjnym,2018,gmina,Rzepiennik Strzyżewski,powiat tarnowski,20.26%
55,Ludność w wieku przedprodukcyjnym,2018,gmina,Skrzyszów,powiat tarnowski,19.79%
55,Ludność w wieku przedprodukcyjnym,2018,gmina,Szerzyny,powiat tarnowski,20.01%
55,Ludność w wieku przedprodukcyjnym,2018,gmina,Tarnów (wieś),powiat tarnowski,18.91%
55,Ludność w wieku przedprodukcyjnym,2018,gmina,Tuchów,powiat tarnowski,19.90%
55,Ludność w wieku przedprodukcyjnym,2018,gmina,Wierzchosławice,powiat tarnowski,17.96%
55,Ludność w wieku przedprodukcyjnym,2018,gmina,Wietrzychowice,powiat tarnowski,13.49%
55,Ludność w wieku przedprodukcyjnym,2018,gmina,Wojnicz,powiat tarnowski,19.20%
55,Ludność w wieku przedprodukcyjnym,2018,gmina,Zakliczyn,powiat tarnowski,20.39%
55,Ludność w wieku przedprodukcyjnym,2018,gmina,Żabno,powiat tarnowski,17.00%
55,Ludność w wieku przedprodukcyjnym,2018,powiat,powiat tatrzański,powiat tatrzański,19.19%
55,Ludność w wieku przedprodukcyjnym,2018,gmina,Biały Dunajec,powiat tatrzański,20.71%
55,Ludność w wieku przedprodukcyjnym,2018,gmina,Bukowina Tatrzańska,powiat tatrzański,21.21%
55,Ludność w wieku przedprodukcyjnym,2018,gmina,Kościelisko,powiat tatrzański,19.15%
55,Ludność w wieku przedprodukcyjnym,2018,gmina,Poronin,powiat tatrzański,21.96%
55,Ludność w wieku przedprodukcyjnym,2018,gmina,Zakopane,powiat tatrzański,16.63%
55,Ludność w wieku przedprodukcyjnym,2018,powiat,powiat wadowicki,powiat wadowicki,19.76%
55,Ludność w wieku przedprodukcyjnym,2018,gmina,Andrychów,powiat wadowicki,19.45%
55,Ludność w wieku przedprodukcyjnym,2018,gmina,Brzeźnica,powiat wadowicki,20.35%
55,Ludność w wieku przedprodukcyjnym,2018,gmina,Kalwaria Zebrzydowska,powiat wadowicki,19.18%
55,Ludność w wieku przedprodukcyjnym,2018,gmina,Lanckorona,powiat wadowicki,21.23%
55,Ludność w wieku przedprodukcyjnym,2018,gmina,Mucharz,powiat wadowicki,20.67%
55,Ludność w wieku przedprodukcyjnym,2018,gmina,Spytkowice,powiat wadowicki,20.08%
55,Ludność w wieku przedprodukcyjnym,2018,gmina,Stryszów,powiat wadowicki,19.54%
55,Ludność w wieku przedprodukcyjnym,2018,gmina,Tomice,powiat wadowicki,22.22%
55,Ludność w wieku przedprodukcyjnym,2018,gmina,Wadowice,powiat wadowicki,18.68%
55,Ludność w wieku przedprodukcyjnym,2018,gmina,Wieprz,powiat wadowicki,21.80%
55,Ludność w wieku przedprodukcyjnym,2018,powiat,powiat wielicki,powiat wielicki,21.02%
55,Ludność w wieku przedprodukcyjnym,2018,gmina,Biskupice,powiat wielicki,21.61%
55,Ludność w wieku przedprodukcyjnym,2018,gmina,Gdów,powiat wielicki,21.31%
55,Ludność w wieku przedprodukcyjnym,2018,gmina,Kłaj,powiat wielicki,19.52%
55,Ludność w wieku przedprodukcyjnym,2018,gmina,Niepołomice,powiat wielicki,21.56%
55,Ludność w wieku przedprodukcyjnym,2018,gmina,Wieliczka,powiat wielicki,20.85%
55,Ludność w wieku przedprodukcyjnym,2017,powiat,powiat bocheński,powiat bocheński,20.84%
55,Ludność w wieku przedprodukcyjnym,2017,gmina,Bochnia (miasto),powiat bocheński,19.44%
55,Ludność w wieku przedprodukcyjnym,2017,gmina,Bochnia (wieś),powiat bocheński,20.41%
55,Ludność w wieku przedprodukcyjnym,2017,gmina,Drwinia,powiat bocheński,18.71%
55,Ludność w wieku przedprodukcyjnym,2017,gmina,Lipnica Murowana,powiat bocheński,22.42%
55,Ludność w wieku przedprodukcyjnym,2017,gmina,Łapanów,powiat bocheński,22.15%
55,Ludność w wieku przedprodukcyjnym,2017,gmina,Nowy Wiśnicz,powiat bocheński,22.94%
55,Ludność w wieku przedprodukcyjnym,2017,gmina,Rzezawa,powiat bocheński,20.11%
55,Ludność w wieku przedprodukcyjnym,2017,gmina,Trzciana,powiat bocheński,22.66%
55,Ludność w wieku przedprodukcyjnym,2017,gmina,Żegocina,powiat bocheński,23.47%
55,Ludność w wieku przedprodukcyjnym,2017,powiat,powiat brzeski,powiat brzeski,19.68%
55,Ludność w wieku przedprodukcyjnym,2017,gmina,Borzęcin,powiat brzeski,17.69%
55,Ludność w wieku przedprodukcyjnym,2017,gmina,Brzesko,powiat brzeski,18.51%
55,Ludność w wieku przedprodukcyjnym,2017,gmina,Czchów,powiat brzeski,21.84%
55,Ludność w wieku przedprodukcyjnym,2017,gmina,Dębno,powiat brzeski,20.02%
55,Ludność w wieku przedprodukcyjnym,2017,gmina,Gnojnik,powiat brzeski,22.94%
55,Ludność w wieku przedprodukcyjnym,2017,gmina,Iwkowa,powiat brzeski,23.16%
55,Ludność w wieku przedprodukcyjnym,2017,gmina,Szczurowa,powiat brzeski,18.04%
55,Ludność w wieku przedprodukcyjnym,2017,powiat,powiat chrzanowski,powiat chrzanowski,16.28%
55,Ludność w wieku przedprodukcyjnym,2017,gmina,Alwernia,powiat chrzanowski,16.68%
55,Ludność w wieku przedprodukcyjnym,2017,gmina,Babice,powiat chrzanowski,16.41%
55,Ludność w wieku przedprodukcyjnym,2017,gmina,Chrzanów,powiat chrzanowski,15.45%
55,Ludność w wieku przedprodukcyjnym,2017,gmina,Libiąż,powiat chrzanowski,17.24%
55,Ludność w wieku przedprodukcyjnym,2017,gmina,Trzebinia,powiat chrzanowski,16.63%
55,Ludność w wieku przedprodukcyjnym,2017,powiat,powiat dąbrowski,powiat dąbrowski,17.97%
55,Ludność w wieku przedprodukcyjnym,2017,gmina,Bolesław,powiat dąbrowski,15.43%
55,Ludność w wieku przedprodukcyjnym,2017,gmina,Dąbrowa Tarnowska,powiat dąbrowski,18.72%
55,Ludność w wieku przedprodukcyjnym,2017,gmina,Gręboszów,powiat dąbrowski,11.72%
55,Ludność w wieku przedprodukcyjnym,2017,gmina,Mędrzechów,powiat dąbrowski,16.08%
55,Ludność w wieku przedprodukcyjnym,2017,gmina,Olesno,powiat dąbrowski,18.19%
55,Ludność w wieku przedprodukcyjnym,2017,gmina,Radgoszcz,powiat dąbrowski,20.05%
55,Ludność w wieku przedprodukcyjnym,2017,gmina,Szczucin,powiat dąbrowski,18.07%
55,Ludność w wieku przedprodukcyjnym,2017,powiat,powiat gorlicki,powiat gorlicki,19.52%
55,Ludność w wieku przedprodukcyjnym,2017,gmina,Biecz,powiat gorlicki,19.10%
55,Ludność w wieku przedprodukcyjnym,2017,gmina,Bobowa,powiat gorlicki,23.90%
55,Ludność w wieku przedprodukcyjnym,2017,gmina,Gorlice (miasto),powiat gorlicki,16.56%
55,Ludność w wieku przedprodukcyjnym,2017,gmina,Gorlice (wieś),powiat gorlicki,18.80%
55,Ludność w wieku przedprodukcyjnym,2017,gmina,Lipinki,powiat gorlicki,18.33%
55,Ludność w wieku przedprodukcyjnym,2017,gmina,Łużna,powiat gorlicki,21.12%
55,Ludność w wieku przedprodukcyjnym,2017,gmina,Moszczenica,powiat gorlicki,21.85%
55,Ludność w wieku przedprodukcyjnym,2017,gmina,Ropa,powiat gorlicki,23.69%
55,Ludność w wieku przedprodukcyjnym,2017,gmina,Sękowa,powiat gorlicki,19.39%
55,Ludność w wieku przedprodukcyjnym,2017,gmina,Uście Gorlickie,powiat gorlicki,22.42%
55,Ludność w wieku przedprodukcyjnym,2017,powiat,powiat krakowski,powiat krakowski,19.79%
55,Ludność w wieku przedprodukcyjnym,2017,gmina,Czernichów,powiat krakowski,19.75%
55,Ludność w wieku przedprodukcyjnym,2017,gmina,Igołomia-Wawrzeńczyce,powiat krakowski,18.63%
55,Ludność w wieku przedprodukcyjnym,2017,gmina,Iwanowice,powiat krakowski,20.46%
55,Ludność w wieku przedprodukcyjnym,2017,gmina,Jerzmanowice-Przeginia,powiat krakowski,18.77%
55,Ludność w wieku przedprodukcyjnym,2017,gmina,Kocmyrzów-Luborzyca,powiat krakowski,19.52%
55,Ludność w wieku przedprodukcyjnym,2017,gmina,Krzeszowice,powiat krakowski,17.45%
55,Ludność w wieku przedprodukcyjnym,2017,gmina,Liszki,powiat krakowski,21.29%
55,Ludność w wieku przedprodukcyjnym,2017,gmina,Michałowice,powiat krakowski,21.72%
55,Ludność w wieku przedprodukcyjnym,2017,gmina,Mogilany,powiat krakowski,21.71%
55,Ludność w wieku przedprodukcyjnym,2017,gmina,Skała,powiat krakowski,20.08%
55,Ludność w wieku przedprodukcyjnym,2017,gmina,Skawina,powiat krakowski,18.74%
55,Ludność w wieku przedprodukcyjnym,2017,gmina,Słomniki,powiat krakowski,18.32%
55,Ludność w wieku przedprodukcyjnym,2017,gmina,Sułoszowa,powiat krakowski,19.99%
55,Ludność w wieku przedprodukcyjnym,2017,gmina,Świątniki Górne,powiat krakowski,20.44%
55,Ludność w wieku przedprodukcyjnym,2017,gmina,Wielka Wieś,powiat krakowski,21.42%
55,Ludność w wieku przedprodukcyjnym,2017,gmina,Zabierzów,powiat krakowski,19.06%
55,Ludność w wieku przedprodukcyjnym,2017,gmina,Zielonki,powiat krakowski,23.30%
55,Ludność w wieku przedprodukcyjnym,2017,powiat,powiat limanowski,powiat limanowski,23.36%
55,Ludność w wieku przedprodukcyjnym,2017,gmina,Dobra,powiat limanowski,21.68%
55,Ludność w wieku przedprodukcyjnym,2017,gmina,Jodłownik,powiat limanowski,22.92%
55,Ludność w wieku przedprodukcyjnym,2017,gmina,Kamienica,powiat limanowski,23.30%
55,Ludność w wieku przedprodukcyjnym,2017,gmina,Laskowa,powiat limanowski,24.78%
55,Ludność w wieku przedprodukcyjnym,2017,gmina,Limanowa (miasto),powiat limanowski,20.83%
55,Ludność w wieku przedprodukcyjnym,2017,gmina,Limanowa (wieś),powiat limanowski,23.86%
55,Ludność w wieku przedprodukcyjnym,2017,gmina,Łukowica,powiat limanowski,25.42%
55,Ludność w wieku przedprodukcyjnym,2017,gmina,Mszana Dolna (miasto),powiat limanowski,20.72%
55,Ludność w wieku przedprodukcyjnym,2017,gmina,Mszana Dolna (wieś),powiat limanowski,23.23%
55,Ludność w wieku przedprodukcyjnym,2017,gmina,Niedźwiedź,powiat limanowski,24.16%
55,Ludność w wieku przedprodukcyjnym,2017,gmina,Słopnice,powiat limanowski,27.44%
55,Ludność w wieku przedprodukcyjnym,2017,gmina,Tymbark,powiat limanowski,24.05%
55,Ludność w wieku przedprodukcyjnym,2017,powiat,powiat m. Kraków,powiat m. Kraków,16.56%
55,Ludność w wieku przedprodukcyjnym,2017,powiat,powiat m. Nowy Sącz,powiat m. Nowy Sącz,18.82%
55,Ludność w wieku przedprodukcyjnym,2017,powiat,powiat m. Tarnów,powiat m. Tarnów,15.69%
55,Ludność w wieku przedprodukcyjnym,2017,powiat,powiat miechowski,powiat miechowski,17.13%
55,Ludność w wieku przedprodukcyjnym,2017,gmina,Charsznica,powiat miechowski,16.35%
55,Ludność w wieku przedprodukcyjnym,2017,gmina,Gołcza,powiat miechowski,17.48%
55,Ludność w wieku przedprodukcyjnym,2017,gmina,Kozłów,powiat miechowski,16.68%
55,Ludność w wieku przedprodukcyjnym,2017,gmina,Książ Wielki,powiat miechowski,17.08%
55,Ludność w wieku przedprodukcyjnym,2017,gmina,Miechów,powiat miechowski,17.12%
55,Ludność w wieku przedprodukcyjnym,2017,gmina,Racławice,powiat miechowski,18.27%
55,Ludność w wieku przedprodukcyjnym,2017,gmina,Słaboszów,powiat miechowski,18.04%
55,Ludność w wieku przedprodukcyjnym,2017,powiat,powiat myślenicki,powiat myślenicki,21.49%
55,Ludność w wieku przedprodukcyjnym,2017,gmina,Dobczyce,powiat myślenicki,20.93%
55,Ludność w wieku przedprodukcyjnym,2017,gmina,Lubień,powiat myślenicki,22.27%
55,Ludność w wieku przedprodukcyjnym,2017,gmina,Myślenice,powiat myślenicki,20.91%
55,Ludność w wieku przedprodukcyjnym,2017,gmina,Pcim,powiat myślenicki,21.59%
55,Ludność w wieku przedprodukcyjnym,2017,gmina,Raciechowice,powiat myślenicki,20.88%
55,Ludność w wieku przedprodukcyjnym,2017,gmina,Siepraw,powiat myślenicki,22.15%
55,Ludność w wieku przedprodukcyjnym,2017,gmina,Sułkowice,powiat myślenicki,21.44%
55,Ludność w wieku przedprodukcyjnym,2017,gmina,Tokarnia,powiat myślenicki,23.24%
55,Ludność w wieku przedprodukcyjnym,2017,gmina,Wiśniowa,powiat myślenicki,22.71%
55,Ludność w wieku przedprodukcyjnym,2017,powiat,powiat nowosądecki,powiat nowosądecki,22.85%
55,Ludność w wieku przedprodukcyjnym,2017,gmina,Podegrodzie,powiat nowosądecki,25.20%
55,Ludność w wieku przedprodukcyjnym,2017,gmina,Rytro,powiat nowosądecki,21.43%
55,Ludność w wieku przedprodukcyjnym,2017,gmina,Stary Sącz,powiat nowosądecki,21.15%
55,Ludność w wieku przedprodukcyjnym,2017,gmina,Chełmiec,powiat nowosądecki,23.03%
55,Ludność w wieku przedprodukcyjnym,2017,gmina,Gródek nad Dunajcem,powiat nowosądecki,22.62%
55,Ludność w wieku przedprodukcyjnym,2017,gmina,Grybów (miasto),powiat nowosądecki,20.55%
55,Ludność w wieku przedprodukcyjnym,2017,gmina,Grybów (wieś),powiat nowosądecki,24.92%
55,Ludność w wieku przedprodukcyjnym,2017,gmina,Kamionka Wielka,powiat nowosądecki,24.69%
55,Ludność w wieku przedprodukcyjnym,2017,gmina,Korzenna,powiat nowosądecki,23.65%
55,Ludność w wieku przedprodukcyjnym,2017,gmina,Krynica-Zdrój,powiat nowosądecki,17.93%
55,Ludność w wieku przedprodukcyjnym,2017,gmina,Łabowa,powiat nowosądecki,25.81%
55,Ludność w wieku przedprodukcyjnym,2017,gmina,Łącko,powiat nowosądecki,24.69%
55,Ludność w wieku przedprodukcyjnym,2017,gmina,Łososina Dolna,powiat nowosądecki,24.60%
55,Ludność w wieku przedprodukcyjnym,2017,gmina,Muszyna,powiat nowosądecki,20.04%
55,Ludność w wieku przedprodukcyjnym,2017,gmina,Nawojowa,powiat nowosądecki,24.84%
55,Ludność w wieku przedprodukcyjnym,2017,gmina,Piwniczna-Zdrój,powiat nowosądecki,20.38%
55,Ludność w wieku przedprodukcyjnym,2017,powiat,powiat nowotarski,powiat nowotarski,20.33%
55,Ludność w wieku przedprodukcyjnym,2017,gmina,Czarny Dunajec,powiat nowotarski,19.75%
55,Ludność w wieku przedprodukcyjnym,2017,gmina,Czorsztyn,powiat nowotarski,20.53%
55,Ludność w wieku przedprodukcyjnym,2017,gmina,Jabłonka,powiat nowotarski,23.63%
55,Ludność w wieku przedprodukcyjnym,2017,gmina,Krościenko nad Dunajcem,powiat nowotarski,21.64%
55,Ludność w wieku przedprodukcyjnym,2017,gmina,Lipnica Wielka,powiat nowotarski,23.71%
55,Ludność w wieku przedprodukcyjnym,2017,gmina,Łapsze Niżne,powiat nowotarski,20.41%
55,Ludność w wieku przedprodukcyjnym,2017,gmina,Nowy Targ (miasto),powiat nowotarski,18.02%
55,Ludność w wieku przedprodukcyjnym,2017,gmina,Nowy Targ (wieś),powiat nowotarski,20.85%
55,Ludność w wieku przedprodukcyjnym,2017,gmina,Ochotnica Dolna,powiat nowotarski,23.21%
55,Ludność w wieku przedprodukcyjnym,2017,gmina,Raba Wyżna,powiat nowotarski,21.16%
55,Ludność w wieku przedprodukcyjnym,2017,gmina,Rabka-Zdrój,powiat nowotarski,17.42%
55,Ludność w wieku przedprodukcyjnym,2017,gmina,Spytkowice,powiat nowotarski,22.20%
55,Ludność w wieku przedprodukcyjnym,2017,gmina,Szaflary,powiat nowotarski,20.69%
55,Ludność w wieku przedprodukcyjnym,2017,gmina,Szczawnica,powiat nowotarski,18.27%
55,Ludność w wieku przedprodukcyjnym,2017,powiat,powiat olkuski,powiat olkuski,16.56%
55,Ludność w wieku przedprodukcyjnym,2017,gmina,Bolesław,powiat olkuski,15.31%
55,Ludność w wieku przedprodukcyjnym,2017,gmina,Bukowno,powiat olkuski,14.67%
55,Ludność w wieku przedprodukcyjnym,2017,gmina,Klucze,powiat olkuski,16.73%
55,Ludność w wieku przedprodukcyjnym,2017,gmina,Olkusz,powiat olkuski,16.60%
55,Ludność w wieku przedprodukcyjnym,2017,gmina,Trzyciąż,powiat olkuski,18.44%
55,Ludność w wieku przedprodukcyjnym,2017,gmina,Wolbrom,powiat olkuski,17.04%
55,Ludność w wieku przedprodukcyjnym,2017,powiat,powiat oświęcimski,powiat oświęcimski,17.61%
55,Ludność w wieku przedprodukcyjnym,2017,gmina,Brzeszcze,powiat oświęcimski,17.40%
55,Ludność w wieku przedprodukcyjnym,2017,gmina,Chełmek,powiat oświęcimski,16.26%
55,Ludność w wieku przedprodukcyjnym,2017,gmina,Kęty,powiat oświęcimski,18.26%
55,Ludność w wieku przedprodukcyjnym,2017,gmina,Osiek,powiat oświęcimski,19.87%
55,Ludność w wieku przedprodukcyjnym,2017,gmina,Oświęcim (miasto),powiat oświęcimski,16.16%
55,Ludność w wieku przedprodukcyjnym,2017,gmina,Oświęcim (wieś),powiat oświęcimski,18.60%
55,Ludność w wieku przedprodukcyjnym,2017,gmina,Polanka Wielka,powiat oświęcimski,19.34%
55,Ludność w wieku przedprodukcyjnym,2017,gmina,Przeciszów,powiat oświęcimski,18.62%
55,Ludność w wieku przedprodukcyjnym,2017,gmina,Zator,powiat oświęcimski,18.17%
55,Ludność w wieku przedprodukcyjnym,2017,powiat,powiat proszowicki,powiat proszowicki,17.75%
55,Ludność w wieku przedprodukcyjnym,2017,gmina,Koniusza,powiat proszowicki,19.62%
55,Ludność w wieku przedprodukcyjnym,2017,gmina,Koszyce,powiat proszowicki,15.44%
55,Ludność w wieku przedprodukcyjnym,2017,gmina,Nowe Brzesko,powiat proszowicki,17.83%
55,Ludność w wieku przedprodukcyjnym,2017,gmina,Pałecznica,powiat proszowicki,19.82%
55,Ludność w wieku przedprodukcyjnym,2017,gmina,Proszowice,powiat proszowicki,16.81%
55,Ludność w wieku przedprodukcyjnym,2017,gmina,Radziemice,powiat proszowicki,18.75%
55,Ludność w wieku przedprodukcyjnym,2017,powiat,powiat suski,powiat suski,19.96%
55,Ludność w wieku przedprodukcyjnym,2017,gmina,Budzów,powiat suski,22.86%
55,Ludność w wieku przedprodukcyjnym,2017,gmina,Bystra-Sidzina,powiat suski,21.69%
55,Ludność w wieku przedprodukcyjnym,2017,gmina,Jordanów (miasto),powiat suski,19.19%
55,Ludność w wieku przedprodukcyjnym,2017,gmina,Jordanów (wieś),powiat suski,21.19%
55,Ludność w wieku przedprodukcyjnym,2017,gmina,Maków Podhalański,powiat suski,19.59%
55,Ludność w wieku przedprodukcyjnym,2017,gmina,Stryszawa,powiat suski,18.77%
55,Ludność w wieku przedprodukcyjnym,2017,gmina,Sucha Beskidzka,powiat suski,17.74%
55,Ludność w wieku przedprodukcyjnym,2017,gmina,Zawoja,powiat suski,20.25%
55,Ludność w wieku przedprodukcyjnym,2017,gmina,Zembrzyce,powiat suski,18.27%
55,Ludność w wieku przedprodukcyjnym,2017,powiat,powiat tarnowski,powiat tarnowski,19.56%
55,Ludność w wieku przedprodukcyjnym,2017,gmina,Ciężkowice,powiat tarnowski,20.17%
55,Ludność w wieku przedprodukcyjnym,2017,gmina,Gromnik,powiat tarnowski,21.93%
55,Ludność w wieku przedprodukcyjnym,2017,gmina,Lisia Góra,powiat tarnowski,21.47%
55,Ludność w wieku przedprodukcyjnym,2017,gmina,Pleśna,powiat tarnowski,19.86%
55,Ludność w wieku przedprodukcyjnym,2017,gmina,Radłów,powiat tarnowski,17.45%
55,Ludność w wieku przedprodukcyjnym,2017,gmina,Ryglice,powiat tarnowski,20.65%
55,Ludność w wieku przedprodukcyjnym,2017,gmina,Rzepiennik Strzyżewski,powiat tarnowski,20.73%
55,Ludność w wieku przedprodukcyjnym,2017,gmina,Skrzyszów,powiat tarnowski,20.04%
55,Ludność w wieku przedprodukcyjnym,2017,gmina,Szerzyny,powiat tarnowski,20.10%
55,Ludność w wieku przedprodukcyjnym,2017,gmina,Tarnów (wieś),powiat tarnowski,19.33%
55,Ludność w wieku przedprodukcyjnym,2017,gmina,Tuchów,powiat tarnowski,19.95%
55,Ludność w wieku przedprodukcyjnym,2017,gmina,Wierzchosławice,powiat tarnowski,18.09%
55,Ludność w wieku przedprodukcyjnym,2017,gmina,Wietrzychowice,powiat tarnowski,14.00%
55,Ludność w wieku przedprodukcyjnym,2017,gmina,Wojnicz,powiat tarnowski,19.63%
55,Ludność w wieku przedprodukcyjnym,2017,gmina,Zakliczyn,powiat tarnowski,20.17%
55,Ludność w wieku przedprodukcyjnym,2017,gmina,Żabno,powiat tarnowski,17.35%
55,Ludność w wieku przedprodukcyjnym,2017,powiat,powiat tatrzański,powiat tatrzański,19.27%
55,Ludność w wieku przedprodukcyjnym,2017,gmina,Biały Dunajec,powiat tatrzański,20.59%
55,Ludność w wieku przedprodukcyjnym,2017,gmina,Bukowina Tatrzańska,powiat tatrzański,21.13%
55,Ludność w wieku przedprodukcyjnym,2017,gmina,Kościelisko,powiat tatrzański,19.08%
55,Ludność w wieku przedprodukcyjnym,2017,gmina,Poronin,powiat tatrzański,22.36%
55,Ludność w wieku przedprodukcyjnym,2017,gmina,Zakopane,powiat tatrzański,16.76%
55,Ludność w wieku przedprodukcyjnym,2017,powiat,powiat wadowicki,powiat wadowicki,19.78%
55,Ludność w wieku przedprodukcyjnym,2017,gmina,Andrychów,powiat wadowicki,19.51%
55,Ludność w wieku przedprodukcyjnym,2017,gmina,Brzeźnica,powiat wadowicki,20.23%
55,Ludność w wieku przedprodukcyjnym,2017,gmina,Kalwaria Zebrzydowska,powiat wadowicki,19.28%
55,Ludność w wieku przedprodukcyjnym,2017,gmina,Lanckorona,powiat wadowicki,21.59%
55,Ludność w wieku przedprodukcyjnym,2017,gmina,Mucharz,powiat wadowicki,20.85%
55,Ludność w wieku przedprodukcyjnym,2017,gmina,Spytkowice,powiat wadowicki,19.64%
55,Ludność w wieku przedprodukcyjnym,2017,gmina,Stryszów,powiat wadowicki,19.93%
55,Ludność w wieku przedprodukcyjnym,2017,gmina,Tomice,powiat wadowicki,21.98%
55,Ludność w wieku przedprodukcyjnym,2017,gmina,Wadowice,powiat wadowicki,18.70%
55,Ludność w wieku przedprodukcyjnym,2017,gmina,Wieprz,powiat wadowicki,21.83%
55,Ludność w wieku przedprodukcyjnym,2017,powiat,powiat wielicki,powiat wielicki,21.05%
55,Ludność w wieku przedprodukcyjnym,2017,gmina,Biskupice,powiat wielicki,21.74%
55,Ludność w wieku przedprodukcyjnym,2017,gmina,Gdów,powiat wielicki,21.63%
55,Ludność w wieku przedprodukcyjnym,2017,gmina,Kłaj,powiat wielicki,19.72%
55,Ludność w wieku przedprodukcyjnym,2017,gmina,Niepołomice,powiat wielicki,21.33%
55,Ludność w wieku przedprodukcyjnym,2017,gmina,Wieliczka,powiat wielicki,20.86%
55,Ludność w wieku przedprodukcyjnym,2016,powiat,powiat bocheński,powiat bocheński,20.87%
55,Ludność w wieku przedprodukcyjnym,2016,gmina,Bochnia (miasto),powiat bocheński,19.48%
55,Ludność w wieku przedprodukcyjnym,2016,gmina,Bochnia (wieś),powiat bocheński,20.34%
55,Ludność w wieku przedprodukcyjnym,2016,gmina,Drwinia,powiat bocheński,19.04%
55,Ludność w wieku przedprodukcyjnym,2016,gmina,Lipnica Murowana,powiat bocheński,22.28%
55,Ludność w wieku przedprodukcyjnym,2016,gmina,Łapanów,powiat bocheński,22.51%
55,Ludność w wieku przedprodukcyjnym,2016,gmina,Nowy Wiśnicz,powiat bocheński,22.93%
55,Ludność w wieku przedprodukcyjnym,2016,gmina,Rzezawa,powiat bocheński,20.05%
55,Ludność w wieku przedprodukcyjnym,2016,gmina,Trzciana,powiat bocheński,22.79%
55,Ludność w wieku przedprodukcyjnym,2016,gmina,Żegocina,powiat bocheński,23.20%
55,Ludność w wieku przedprodukcyjnym,2016,powiat,powiat brzeski,powiat brzeski,19.85%
55,Ludność w wieku przedprodukcyjnym,2016,gmina,Borzęcin,powiat brzeski,18.12%
55,Ludność w wieku przedprodukcyjnym,2016,gmina,Brzesko,powiat brzeski,18.81%
55,Ludność w wieku przedprodukcyjnym,2016,gmina,Czchów,powiat brzeski,21.94%
55,Ludność w wieku przedprodukcyjnym,2016,gmina,Dębno,powiat brzeski,19.92%
55,Ludność w wieku przedprodukcyjnym,2016,gmina,Gnojnik,powiat brzeski,23.03%
55,Ludność w wieku przedprodukcyjnym,2016,gmina,Iwkowa,powiat brzeski,23.36%
55,Ludność w wieku przedprodukcyjnym,2016,gmina,Szczurowa,powiat brzeski,18.06%
55,Ludność w wieku przedprodukcyjnym,2016,powiat,powiat chrzanowski,powiat chrzanowski,16.30%
55,Ludność w wieku przedprodukcyjnym,2016,gmina,Alwernia,powiat chrzanowski,16.70%
55,Ludność w wieku przedprodukcyjnym,2016,gmina,Babice,powiat chrzanowski,16.68%
55,Ludność w wieku przedprodukcyjnym,2016,gmina,Chrzanów,powiat chrzanowski,15.43%
55,Ludność w wieku przedprodukcyjnym,2016,gmina,Libiąż,powiat chrzanowski,17.23%
55,Ludność w wieku przedprodukcyjnym,2016,gmina,Trzebinia,powiat chrzanowski,16.66%
55,Ludność w wieku przedprodukcyjnym,2016,powiat,powiat dąbrowski,powiat dąbrowski,18.05%
55,Ludność w wieku przedprodukcyjnym,2016,gmina,Bolesław,powiat dąbrowski,15.80%
55,Ludność w wieku przedprodukcyjnym,2016,gmina,Dąbrowa Tarnowska,powiat dąbrowski,18.75%
55,Ludność w wieku przedprodukcyjnym,2016,gmina,Gręboszów,powiat dąbrowski,11.84%
55,Ludność w wieku przedprodukcyjnym,2016,gmina,Mędrzechów,powiat dąbrowski,16.67%
55,Ludność w wieku przedprodukcyjnym,2016,gmina,Olesno,powiat dąbrowski,18.23%
55,Ludność w wieku przedprodukcyjnym,2016,gmina,Radgoszcz,powiat dąbrowski,20.35%
55,Ludność w wieku przedprodukcyjnym,2016,gmina,Szczucin,powiat dąbrowski,17.95%
55,Ludność w wieku przedprodukcyjnym,2016,powiat,powiat gorlicki,powiat gorlicki,19.63%
55,Ludność w wieku przedprodukcyjnym,2016,gmina,Biecz,powiat gorlicki,19.22%
55,Ludność w wieku przedprodukcyjnym,2016,gmina,Bobowa,powiat gorlicki,24.35%
55,Ludność w wieku przedprodukcyjnym,2016,gmina,Gorlice (miasto),powiat gorlicki,16.52%
55,Ludność w wieku przedprodukcyjnym,2016,gmina,Gorlice (wieś),powiat gorlicki,18.99%
55,Ludność w wieku przedprodukcyjnym,2016,gmina,Lipinki,powiat gorlicki,18.46%
55,Ludność w wieku przedprodukcyjnym,2016,gmina,Łużna,powiat gorlicki,21.17%
55,Ludność w wieku przedprodukcyjnym,2016,gmina,Moszczenica,powiat gorlicki,22.15%
55,Ludność w wieku przedprodukcyjnym,2016,gmina,Ropa,powiat gorlicki,23.61%
55,Ludność w wieku przedprodukcyjnym,2016,gmina,Sękowa,powiat gorlicki,19.32%
55,Ludność w wieku przedprodukcyjnym,2016,gmina,Uście Gorlickie,powiat gorlicki,22.74%
55,Ludność w wieku przedprodukcyjnym,2016,powiat,powiat krakowski,powiat krakowski,19.74%
55,Ludność w wieku przedprodukcyjnym,2016,gmina,Czernichów,powiat krakowski,20.17%
55,Ludność w wieku przedprodukcyjnym,2016,gmina,Igołomia-Wawrzeńczyce,powiat krakowski,18.72%
55,Ludność w wieku przedprodukcyjnym,2016,gmina,Iwanowice,powiat krakowski,20.48%
55,Ludność w wieku przedprodukcyjnym,2016,gmina,Jerzmanowice-Przeginia,powiat krakowski,18.83%
55,Ludność w wieku przedprodukcyjnym,2016,gmina,Kocmyrzów-Luborzyca,powiat krakowski,19.57%
55,Ludność w wieku przedprodukcyjnym,2016,gmina,Krzeszowice,powiat krakowski,17.35%
55,Ludność w wieku przedprodukcyjnym,2016,gmina,Liszki,powiat krakowski,21.08%
55,Ludność w wieku przedprodukcyjnym,2016,gmina,Michałowice,powiat krakowski,21.70%
55,Ludność w wieku przedprodukcyjnym,2016,gmina,Mogilany,powiat krakowski,21.84%
55,Ludność w wieku przedprodukcyjnym,2016,gmina,Skała,powiat krakowski,20.06%
55,Ludność w wieku przedprodukcyjnym,2016,gmina,Skawina,powiat krakowski,18.80%
55,Ludność w wieku przedprodukcyjnym,2016,gmina,Słomniki,powiat krakowski,18.30%
55,Ludność w wieku przedprodukcyjnym,2016,gmina,Sułoszowa,powiat krakowski,19.66%
55,Ludność w wieku przedprodukcyjnym,2016,gmina,Świątniki Górne,powiat krakowski,20.33%
55,Ludność w wieku przedprodukcyjnym,2016,gmina,Wielka Wieś,powiat krakowski,20.90%
55,Ludność w wieku przedprodukcyjnym,2016,gmina,Zabierzów,powiat krakowski,18.88%
55,Ludność w wieku przedprodukcyjnym,2016,gmina,Zielonki,powiat krakowski,23.14%
55,Ludność w wieku przedprodukcyjnym,2016,powiat,powiat limanowski,powiat limanowski,23.52%
55,Ludność w wieku przedprodukcyjnym,2016,gmina,Dobra,powiat limanowski,21.75%
55,Ludność w wieku przedprodukcyjnym,2016,gmina,Jodłownik,powiat limanowski,22.91%
55,Ludność w wieku przedprodukcyjnym,2016,gmina,Kamienica,powiat limanowski,23.70%
55,Ludność w wieku przedprodukcyjnym,2016,gmina,Laskowa,powiat limanowski,25.30%
55,Ludność w wieku przedprodukcyjnym,2016,gmina,Limanowa (miasto),powiat limanowski,20.84%
55,Ludność w wieku przedprodukcyjnym,2016,gmina,Limanowa (wieś),powiat limanowski,23.97%
55,Ludność w wieku przedprodukcyjnym,2016,gmina,Łukowica,powiat limanowski,25.44%
55,Ludność w wieku przedprodukcyjnym,2016,gmina,Mszana Dolna (miasto),powiat limanowski,20.79%
55,Ludność w wieku przedprodukcyjnym,2016,gmina,Mszana Dolna (wieś),powiat limanowski,23.50%
55,Ludność w wieku przedprodukcyjnym,2016,gmina,Niedźwiedź,powiat limanowski,24.35%
55,Ludność w wieku przedprodukcyjnym,2016,gmina,Słopnice,powiat limanowski,27.82%
55,Ludność w wieku przedprodukcyjnym,2016,gmina,Tymbark,powiat limanowski,24.36%
55,Ludność w wieku przedprodukcyjnym,2016,powiat,powiat m. Kraków,powiat m. Kraków,16.19%
55,Ludność w wieku przedprodukcyjnym,2016,powiat,powiat m. Nowy Sącz,powiat m. Nowy Sącz,18.73%
55,Ludność w wieku przedprodukcyjnym,2016,powiat,powiat m. Tarnów,powiat m. Tarnów,15.73%
55,Ludność w wieku przedprodukcyjnym,2016,powiat,powiat miechowski,powiat miechowski,17.09%
55,Ludność w wieku przedprodukcyjnym,2016,gmina,Charsznica,powiat miechowski,16.43%
55,Ludność w wieku przedprodukcyjnym,2016,gmina,Gołcza,powiat miechowski,17.58%
55,Ludność w wieku przedprodukcyjnym,2016,gmina,Kozłów,powiat miechowski,16.62%
55,Ludność w wieku przedprodukcyjnym,2016,gmina,Książ Wielki,powiat miechowski,17.03%
55,Ludność w wieku przedprodukcyjnym,2016,gmina,Miechów,powiat miechowski,17.07%
55,Ludność w wieku przedprodukcyjnym,2016,gmina,Racławice,powiat miechowski,17.83%
55,Ludność w wieku przedprodukcyjnym,2016,gmina,Słaboszów,powiat miechowski,17.91%
55,Ludność w wieku przedprodukcyjnym,2016,powiat,powiat myślenicki,powiat myślenicki,21.53%
55,Ludność w wieku przedprodukcyjnym,2016,gmina,Dobczyce,powiat myślenicki,21.05%
55,Ludność w wieku przedprodukcyjnym,2016,gmina,Lubień,powiat myślenicki,22.78%
55,Ludność w wieku przedprodukcyjnym,2016,gmina,Myślenice,powiat myślenicki,20.86%
55,Ludność w wieku przedprodukcyjnym,2016,gmina,Pcim,powiat myślenicki,22.06%
55,Ludność w wieku przedprodukcyjnym,2016,gmina,Raciechowice,powiat myślenicki,20.81%
55,Ludność w wieku przedprodukcyjnym,2016,gmina,Siepraw,powiat myślenicki,21.74%
55,Ludność w wieku przedprodukcyjnym,2016,gmina,Sułkowice,powiat myślenicki,21.47%
55,Ludność w wieku przedprodukcyjnym,2016,gmina,Tokarnia,powiat myślenicki,23.14%
55,Ludność w wieku przedprodukcyjnym,2016,gmina,Wiśniowa,powiat myślenicki,22.70%
55,Ludność w wieku przedprodukcyjnym,2016,powiat,powiat nowosądecki,powiat nowosądecki,23.07%
55,Ludność w wieku przedprodukcyjnym,2016,gmina,Podegrodzie,powiat nowosądecki,25.25%
55,Ludność w wieku przedprodukcyjnym,2016,gmina,Rytro,powiat nowosądecki,21.12%
55,Ludność w wieku przedprodukcyjnym,2016,gmina,Stary Sącz,powiat nowosądecki,21.43%
55,Ludność w wieku przedprodukcyjnym,2016,gmina,Chełmiec,powiat nowosądecki,23.33%
55,Ludność w wieku przedprodukcyjnym,2016,gmina,Gródek nad Dunajcem,powiat nowosądecki,23.23%
55,Ludność w wieku przedprodukcyjnym,2016,gmina,Grybów (miasto),powiat nowosądecki,20.51%
55,Ludność w wieku przedprodukcyjnym,2016,gmina,Grybów (wieś),powiat nowosądecki,25.02%
55,Ludność w wieku przedprodukcyjnym,2016,gmina,Kamionka Wielka,powiat nowosądecki,24.67%
55,Ludność w wieku przedprodukcyjnym,2016,gmina,Korzenna,powiat nowosądecki,23.84%
55,Ludność w wieku przedprodukcyjnym,2016,gmina,Krynica-Zdrój,powiat nowosądecki,18.18%
55,Ludność w wieku przedprodukcyjnym,2016,gmina,Łabowa,powiat nowosądecki,26.33%
55,Ludność w wieku przedprodukcyjnym,2016,gmina,Łącko,powiat nowosądecki,24.70%
55,Ludność w wieku przedprodukcyjnym,2016,gmina,Łososina Dolna,powiat nowosądecki,24.81%
55,Ludność w wieku przedprodukcyjnym,2016,gmina,Muszyna,powiat nowosądecki,20.32%
55,Ludność w wieku przedprodukcyjnym,2016,gmina,Nawojowa,powiat nowosądecki,25.37%
55,Ludność w wieku przedprodukcyjnym,2016,gmina,Piwniczna-Zdrój,powiat nowosądecki,20.98%
55,Ludność w wieku przedprodukcyjnym,2016,powiat,powiat nowotarski,powiat nowotarski,20.50%
55,Ludność w wieku przedprodukcyjnym,2016,gmina,Czarny Dunajec,powiat nowotarski,19.97%
55,Ludność w wieku przedprodukcyjnym,2016,gmina,Czorsztyn,powiat nowotarski,20.81%
55,Ludność w wieku przedprodukcyjnym,2016,gmina,Jabłonka,powiat nowotarski,23.86%
55,Ludność w wieku przedprodukcyjnym,2016,gmina,Krościenko nad Dunajcem,powiat nowotarski,21.63%
55,Ludność w wieku przedprodukcyjnym,2016,gmina,Lipnica Wielka,powiat nowotarski,24.01%
55,Ludność w wieku przedprodukcyjnym,2016,gmina,Łapsze Niżne,powiat nowotarski,20.82%
55,Ludność w wieku przedprodukcyjnym,2016,gmina,Nowy Targ (miasto),powiat nowotarski,18.04%
55,Ludność w wieku przedprodukcyjnym,2016,gmina,Nowy Targ (wieś),powiat nowotarski,21.14%
55,Ludność w wieku przedprodukcyjnym,2016,gmina,Ochotnica Dolna,powiat nowotarski,23.40%
55,Ludność w wieku przedprodukcyjnym,2016,gmina,Raba Wyżna,powiat nowotarski,21.15%
55,Ludność w wieku przedprodukcyjnym,2016,gmina,Rabka-Zdrój,powiat nowotarski,17.60%
55,Ludność w wieku przedprodukcyjnym,2016,gmina,Spytkowice,powiat nowotarski,23.18%
55,Ludność w wieku przedprodukcyjnym,2016,gmina,Szaflary,powiat nowotarski,20.76%
55,Ludność w wieku przedprodukcyjnym,2016,gmina,Szczawnica,powiat nowotarski,18.38%
55,Ludność w wieku przedprodukcyjnym,2016,powiat,powiat olkuski,powiat olkuski,16.56%
55,Ludność w wieku przedprodukcyjnym,2016,gmina,Bolesław,powiat olkuski,15.47%
55,Ludność w wieku przedprodukcyjnym,2016,gmina,Bukowno,powiat olkuski,14.60%
55,Ludność w wieku przedprodukcyjnym,2016,gmina,Klucze,powiat olkuski,19.73%
55,Ludność w wieku przedprodukcyjnym,2016,gmina,Olkusz,powiat olkuski,16.54%
55,Ludność w wieku przedprodukcyjnym,2016,gmina,Trzyciąż,powiat olkuski,18.53%
55,Ludność w wieku przedprodukcyjnym,2016,gmina,Wolbrom,powiat olkuski,17.12%
55,Ludność w wieku przedprodukcyjnym,2016,powiat,powiat oświęcimski,powiat oświęcimski,17.58%
55,Ludność w wieku przedprodukcyjnym,2016,gmina,Brzeszcze,powiat oświęcimski,17.41%
55,Ludność w wieku przedprodukcyjnym,2016,gmina,Chełmek,powiat oświęcimski,16.40%
55,Ludność w wieku przedprodukcyjnym,2016,gmina,Kęty,powiat oświęcimski,18.25%
55,Ludność w wieku przedprodukcyjnym,2016,gmina,Osiek,powiat oświęcimski,19.72%
55,Ludność w wieku przedprodukcyjnym,2016,gmina,Oświęcim (miasto),powiat oświęcimski,15.99%
55,Ludność w wieku przedprodukcyjnym,2016,gmina,Oświęcim (wieś),powiat oświęcimski,18.66%
55,Ludność w wieku przedprodukcyjnym,2016,gmina,Polanka Wielka,powiat oświęcimski,19.43%
55,Ludność w wieku przedprodukcyjnym,2016,gmina,Przeciszów,powiat oświęcimski,18.69%
55,Ludność w wieku przedprodukcyjnym,2016,gmina,Zator,powiat oświęcimski,18.09%
55,Ludność w wieku przedprodukcyjnym,2016,powiat,powiat proszowicki,powiat proszowicki,17.79%
55,Ludność w wieku przedprodukcyjnym,2016,gmina,Koniusza,powiat proszowicki,19.46%
55,Ludność w wieku przedprodukcyjnym,2016,gmina,Koszyce,powiat proszowicki,15.81%
55,Ludność w wieku przedprodukcyjnym,2016,gmina,Nowe Brzesko,powiat proszowicki,17.75%
55,Ludność w wieku przedprodukcyjnym,2016,gmina,Pałecznica,powiat proszowicki,20.08%
55,Ludność w wieku przedprodukcyjnym,2016,gmina,Proszowice,powiat proszowicki,16.86%
55,Ludność w wieku przedprodukcyjnym,2016,gmina,Radziemice,powiat proszowicki,18.72%
55,Ludność w wieku przedprodukcyjnym,2016,powiat,powiat suski,powiat suski,20.09%
55,Ludność w wieku przedprodukcyjnym,2016,gmina,Budzów,powiat suski,23.30%
55,Ludność w wieku przedprodukcyjnym,2016,gmina,Bystra-Sidzina,powiat suski,22.04%
55,Ludność w wieku przedprodukcyjnym,2016,gmina,Jordanów (miasto),powiat suski,19.36%
55,Ludność w wieku przedprodukcyjnym,2016,gmina,Jordanów (wieś),powiat suski,21.39%
55,Ludność w wieku przedprodukcyjnym,2016,gmina,Maków Podhalański,powiat suski,19.61%
55,Ludność w wieku przedprodukcyjnym,2016,gmina,Stryszawa,powiat suski,18.69%
55,Ludność w wieku przedprodukcyjnym,2016,gmina,Sucha Beskidzka,powiat suski,17.86%
55,Ludność w wieku przedprodukcyjnym,2016,gmina,Zawoja,powiat suski,20.47%
55,Ludność w wieku przedprodukcyjnym,2016,gmina,Zembrzyce,powiat suski,18.30%
55,Ludność w wieku przedprodukcyjnym,2016,powiat,powiat tarnowski,powiat tarnowski,19.80%
55,Ludność w wieku przedprodukcyjnym,2016,gmina,Ciężkowice,powiat tarnowski,20.26%
55,Ludność w wieku przedprodukcyjnym,2016,gmina,Gromnik,powiat tarnowski,22.04%
55,Ludność w wieku przedprodukcyjnym,2016,gmina,Lisia Góra,powiat tarnowski,21.62%
55,Ludność w wieku przedprodukcyjnym,2016,gmina,Pleśna,powiat tarnowski,20.16%
55,Ludność w wieku przedprodukcyjnym,2016,gmina,Radłów,powiat tarnowski,17.67%
55,Ludność w wieku przedprodukcyjnym,2016,gmina,Ryglice,powiat tarnowski,20.90%
55,Ludność w wieku przedprodukcyjnym,2016,gmina,Rzepiennik Strzyżewski,powiat tarnowski,21.15%
55,Ludność w wieku przedprodukcyjnym,2016,gmina,Skrzyszów,powiat tarnowski,20.50%
55,Ludność w wieku przedprodukcyjnym,2016,gmina,Szerzyny,powiat tarnowski,20.09%
55,Ludność w wieku przedprodukcyjnym,2016,gmina,Tarnów (wieś),powiat tarnowski,19.46%
55,Ludność w wieku przedprodukcyjnym,2016,gmina,Tuchów,powiat tarnowski,20.27%
55,Ludność w wieku przedprodukcyjnym,2016,gmina,Wierzchosławice,powiat tarnowski,18.31%
55,Ludność w wieku przedprodukcyjnym,2016,gmina,Wietrzychowice,powiat tarnowski,14.60%
55,Ludność w wieku przedprodukcyjnym,2016,gmina,Wojnicz,powiat tarnowski,19.89%
55,Ludność w wieku przedprodukcyjnym,2016,gmina,Zakliczyn,powiat tarnowski,20.56%
55,Ludność w wieku przedprodukcyjnym,2016,gmina,Żabno,powiat tarnowski,17.55%
55,Ludność w wieku przedprodukcyjnym,2016,powiat,powiat tatrzański,powiat tatrzański,19.25%
55,Ludność w wieku przedprodukcyjnym,2016,gmina,Biały Dunajec,powiat tatrzański,20.78%
55,Ludność w wieku przedprodukcyjnym,2016,gmina,Bukowina Tatrzańska,powiat tatrzański,21.09%
55,Ludność w wieku przedprodukcyjnym,2016,gmina,Kościelisko,powiat tatrzański,19.43%
55,Ludność w wieku przedprodukcyjnym,2016,gmina,Poronin,powiat tatrzański,22.38%
55,Ludność w wieku przedprodukcyjnym,2016,gmina,Zakopane,powiat tatrzański,16.59%
55,Ludność w wieku przedprodukcyjnym,2016,powiat,powiat wadowicki,powiat wadowicki,19.79%
55,Ludność w wieku przedprodukcyjnym,2016,gmina,Andrychów,powiat wadowicki,19.55%
55,Ludność w wieku przedprodukcyjnym,2016,gmina,Brzeźnica,powiat wadowicki,20.21%
55,Ludność w wieku przedprodukcyjnym,2016,gmina,Kalwaria Zebrzydowska,powiat wadowicki,19.33%
55,Ludność w wieku przedprodukcyjnym,2016,gmina,Lanckorona,powiat wadowicki,21.38%
55,Ludność w wieku przedprodukcyjnym,2016,gmina,Mucharz,powiat wadowicki,20.82%
55,Ludność w wieku przedprodukcyjnym,2016,gmina,Spytkowice,powiat wadowicki,19.72%
55,Ludność w wieku przedprodukcyjnym,2016,gmina,Stryszów,powiat wadowicki,19.85%
55,Ludność w wieku przedprodukcyjnym,2016,gmina,Tomice,powiat wadowicki,21.98%
55,Ludność w wieku przedprodukcyjnym,2016,gmina,Wadowice,powiat wadowicki,18.73%
55,Ludność w wieku przedprodukcyjnym,2016,gmina,Wieprz,powiat wadowicki,21.79%
55,Ludność w wieku przedprodukcyjnym,2016,powiat,powiat wielicki,powiat wielicki,20.83%
55,Ludność w wieku przedprodukcyjnym,2016,gmina,Biskupice,powiat wielicki,21.51%
55,Ludność w wieku przedprodukcyjnym,2016,gmina,Gdów,powiat wielicki,21.53%
55,Ludność w wieku przedprodukcyjnym,2016,gmina,Kłaj,powiat wielicki,16.77%
55,Ludność w wieku przedprodukcyjnym,2016,gmina,Niepołomice,powiat wielicki,21.00%
55,Ludność w wieku przedprodukcyjnym,2016,gmina,Wieliczka,powiat wielicki,20.63%
55,Ludność w wieku przedprodukcyjnym,2015,powiat,powiat bocheński,powiat bocheński,20.91%
55,Ludność w wieku przedprodukcyjnym,2015,gmina,Bochnia (miasto),powiat bocheński,19.61%
55,Ludność w wieku przedprodukcyjnym,2015,gmina,Bochnia (wieś),powiat bocheński,20.58%
55,Ludność w wieku przedprodukcyjnym,2015,gmina,Drwinia,powiat bocheński,19.48%
55,Ludność w wieku przedprodukcyjnym,2015,gmina,Lipnica Murowana,powiat bocheński,21.89%
55,Ludność w wieku przedprodukcyjnym,2015,gmina,Łapanów,powiat bocheński,22.49%
55,Ludność w wieku przedprodukcyjnym,2015,gmina,Nowy Wiśnicz,powiat bocheński,22.65%
55,Ludność w wieku przedprodukcyjnym,2015,gmina,Rzezawa,powiat bocheński,20.32%
55,Ludność w wieku przedprodukcyjnym,2015,gmina,Trzciana,powiat bocheński,22.44%
55,Ludność w wieku przedprodukcyjnym,2015,gmina,Żegocina,powiat bocheński,23.05%
55,Ludność w wieku przedprodukcyjnym,2015,powiat,powiat brzeski,powiat brzeski,20.06%
55,Ludność w wieku przedprodukcyjnym,2015,gmina,Borzęcin,powiat brzeski,18.42%
55,Ludność w wieku przedprodukcyjnym,2015,gmina,Brzesko,powiat brzeski,18.92%
55,Ludność w wieku przedprodukcyjnym,2015,gmina,Czchów,powiat brzeski,22.30%
55,Ludność w wieku przedprodukcyjnym,2015,gmina,Dębno,powiat brzeski,20.17%
55,Ludność w wieku przedprodukcyjnym,2015,gmina,Gnojnik,powiat brzeski,23.39%
55,Ludność w wieku przedprodukcyjnym,2015,gmina,Iwkowa,powiat brzeski,23.72%
55,Ludność w wieku przedprodukcyjnym,2015,gmina,Szczurowa,powiat brzeski,18.25%
55,Ludność w wieku przedprodukcyjnym,2015,powiat,powiat chrzanowski,powiat chrzanowski,16.28%
55,Ludność w wieku przedprodukcyjnym,2015,gmina,Alwernia,powiat chrzanowski,16.60%
55,Ludność w wieku przedprodukcyjnym,2015,gmina,Babice,powiat chrzanowski,17.01%
55,Ludność w wieku przedprodukcyjnym,2015,gmina,Chrzanów,powiat chrzanowski,15.39%
55,Ludność w wieku przedprodukcyjnym,2015,gmina,Libiąż,powiat chrzanowski,17.31%
55,Ludność w wieku przedprodukcyjnym,2015,gmina,Trzebinia,powiat chrzanowski,16.53%
55,Ludność w wieku przedprodukcyjnym,2015,powiat,powiat dąbrowski,powiat dąbrowski,18.24%
55,Ludność w wieku przedprodukcyjnym,2015,gmina,Bolesław,powiat dąbrowski,44.73%
55,Ludność w wieku przedprodukcyjnym,2015,gmina,Dąbrowa Tarnowska,powiat dąbrowski,18.96%
55,Ludność w wieku przedprodukcyjnym,2015,gmina,Gręboszów,powiat dąbrowski,12.33%
55,Ludność w wieku przedprodukcyjnym,2015,gmina,Mędrzechów,powiat dąbrowski,16.65%
55,Ludność w wieku przedprodukcyjnym,2015,gmina,Olesno,powiat dąbrowski,18.41%
55,Ludność w wieku przedprodukcyjnym,2015,gmina,Radgoszcz,powiat dąbrowski,20.64%
55,Ludność w wieku przedprodukcyjnym,2015,gmina,Szczucin,powiat dąbrowski,18.15%
55,Ludność w wieku przedprodukcyjnym,2015,powiat,powiat gorlicki,powiat gorlicki,19.81%
55,Ludność w wieku przedprodukcyjnym,2015,gmina,Biecz,powiat gorlicki,19.35%
55,Ludność w wieku przedprodukcyjnym,2015,gmina,Bobowa,powiat gorlicki,24.81%
55,Ludność w wieku przedprodukcyjnym,2015,gmina,Gorlice (miasto),powiat gorlicki,16.48%
55,Ludność w wieku przedprodukcyjnym,2015,gmina,Gorlice (wieś),powiat gorlicki,19.35%
55,Ludność w wieku przedprodukcyjnym,2015,gmina,Lipinki,powiat gorlicki,18.53%
55,Ludność w wieku przedprodukcyjnym,2015,gmina,Łużna,powiat gorlicki,21.50%
55,Ludność w wieku przedprodukcyjnym,2015,gmina,Moszczenica,powiat gorlicki,22.30%
55,Ludność w wieku przedprodukcyjnym,2015,gmina,Ropa,powiat gorlicki,23.95%
55,Ludność w wieku przedprodukcyjnym,2015,gmina,Sękowa,powiat gorlicki,19.68%
55,Ludność w wieku przedprodukcyjnym,2015,gmina,Uście Gorlickie,powiat gorlicki,22.88%
55,Ludność w wieku przedprodukcyjnym,2015,powiat,powiat krakowski,powiat krakowski,19.77%
55,Ludność w wieku przedprodukcyjnym,2015,gmina,Czernichów,powiat krakowski,20.42%
55,Ludność w wieku przedprodukcyjnym,2015,gmina,Igołomia-Wawrzeńczyce,powiat krakowski,19.03%
55,Ludność w wieku przedprodukcyjnym,2015,gmina,Iwanowice,powiat krakowski,20.69%
55,Ludność w wieku przedprodukcyjnym,2015,gmina,Jerzmanowice-Przeginia,powiat krakowski,19.06%
55,Ludność w wieku przedprodukcyjnym,2015,gmina,Kocmyrzów-Luborzyca,powiat krakowski,19.60%
55,Ludność w wieku przedprodukcyjnym,2015,gmina,Krzeszowice,powiat krakowski,17.46%
55,Ludność w wieku przedprodukcyjnym,2015,gmina,Liszki,powiat krakowski,20.90%
55,Ludność w wieku przedprodukcyjnym,2015,gmina,Michałowice,powiat krakowski,21.59%
55,Ludność w wieku przedprodukcyjnym,2015,gmina,Mogilany,powiat krakowski,21.78%
55,Ludność w wieku przedprodukcyjnym,2015,gmina,Skała,powiat krakowski,20.10%
55,Ludność w wieku przedprodukcyjnym,2015,gmina,Skawina,powiat krakowski,18.92%
55,Ludność w wieku przedprodukcyjnym,2015,gmina,Słomniki,powiat krakowski,18.23%
55,Ludność w wieku przedprodukcyjnym,2015,gmina,Sułoszowa,powiat krakowski,20.07%
55,Ludność w wieku przedprodukcyjnym,2015,gmina,Świątniki Górne,powiat krakowski,20.52%
55,Ludność w wieku przedprodukcyjnym,2015,gmina,Wielka Wieś,powiat krakowski,20.90%
55,Ludność w wieku przedprodukcyjnym,2015,gmina,Zabierzów,powiat krakowski,18.85%
55,Ludność w wieku przedprodukcyjnym,2015,gmina,Zielonki,powiat krakowski,22.79%
55,Ludność w wieku przedprodukcyjnym,2015,powiat,powiat limanowski,powiat limanowski,23.77%
55,Ludność w wieku przedprodukcyjnym,2015,gmina,Dobra,powiat limanowski,21.87%
55,Ludność w wieku przedprodukcyjnym,2015,gmina,Jodłownik,powiat limanowski,23.01%
55,Ludność w wieku przedprodukcyjnym,2015,gmina,Kamienica,powiat limanowski,24.16%
55,Ludność w wieku przedprodukcyjnym,2015,gmina,Laskowa,powiat limanowski,25.81%
55,Ludność w wieku przedprodukcyjnym,2015,gmina,Limanowa (miasto),powiat limanowski,20.75%
55,Ludność w wieku przedprodukcyjnym,2015,gmina,Limanowa (wieś),powiat limanowski,24.31%
55,Ludność w wieku przedprodukcyjnym,2015,gmina,Łukowica,powiat limanowski,25.63%
55,Ludność w wieku przedprodukcyjnym,2015,gmina,Mszana Dolna (miasto),powiat limanowski,21.37%
55,Ludność w wieku przedprodukcyjnym,2015,gmina,Mszana Dolna (wieś),powiat limanowski,23.60%
55,Ludność w wieku przedprodukcyjnym,2015,gmina,Niedźwiedź,powiat limanowski,24.43%
55,Ludność w wieku przedprodukcyjnym,2015,gmina,Słopnice,powiat limanowski,28.70%
55,Ludność w wieku przedprodukcyjnym,2015,gmina,Tymbark,powiat limanowski,24.54%
55,Ludność w wieku przedprodukcyjnym,2015,powiat,powiat m. Kraków,powiat m. Kraków,15.89%
55,Ludność w wieku przedprodukcyjnym,2015,powiat,powiat m. Nowy Sącz,powiat m. Nowy Sącz,18.72%
55,Ludność w wieku przedprodukcyjnym,2015,powiat,powiat m. Tarnów,powiat m. Tarnów,15.89%
55,Ludność w wieku przedprodukcyjnym,2015,powiat,powiat miechowski,powiat miechowski,17.08%
55,Ludność w wieku przedprodukcyjnym,2015,gmina,Charsznica,powiat miechowski,16.86%
55,Ludność w wieku przedprodukcyjnym,2015,gmina,Gołcza,powiat miechowski,17.39%
55,Ludność w wieku przedprodukcyjnym,2015,gmina,Kozłów,powiat miechowski,16.69%
55,Ludność w wieku przedprodukcyjnym,2015,gmina,Książ Wielki,powiat miechowski,17.19%
55,Ludność w wieku przedprodukcyjnym,2015,gmina,Miechów,powiat miechowski,16.99%
55,Ludność w wieku przedprodukcyjnym,2015,gmina,Racławice,powiat miechowski,17.10%
55,Ludność w wieku przedprodukcyjnym,2015,gmina,Słaboszów,powiat miechowski,17.77%
55,Ludność w wieku przedprodukcyjnym,2015,powiat,powiat myślenicki,powiat myślenicki,21.66%
55,Ludność w wieku przedprodukcyjnym,2015,gmina,Dobczyce,powiat myślenicki,21.10%
55,Ludność w wieku przedprodukcyjnym,2015,gmina,Lubień,powiat myślenicki,23.27%
55,Ludność w wieku przedprodukcyjnym,2015,gmina,Myślenice,powiat myślenicki,20.98%
55,Ludność w wieku przedprodukcyjnym,2015,gmina,Pcim,powiat myślenicki,22.38%
55,Ludność w wieku przedprodukcyjnym,2015,gmina,Raciechowice,powiat myślenicki,20.41%
55,Ludność w wieku przedprodukcyjnym,2015,gmina,Siepraw,powiat myślenicki,21.70%
55,Ludność w wieku przedprodukcyjnym,2015,gmina,Sułkowice,powiat myślenicki,21.60%
55,Ludność w wieku przedprodukcyjnym,2015,gmina,Tokarnia,powiat myślenicki,23.26%
55,Ludność w wieku przedprodukcyjnym,2015,gmina,Wiśniowa,powiat myślenicki,22.86%
55,Ludność w wieku przedprodukcyjnym,2015,powiat,powiat nowosądecki,powiat nowosądecki,23.27%
55,Ludność w wieku przedprodukcyjnym,2015,gmina,Podegrodzie,powiat nowosądecki,25.51%
55,Ludność w wieku przedprodukcyjnym,2015,gmina,Rytro,powiat nowosądecki,21.60%
55,Ludność w wieku przedprodukcyjnym,2015,gmina,Stary Sącz,powiat nowosądecki,21.68%
55,Ludność w wieku przedprodukcyjnym,2015,gmina,Chełmiec,powiat nowosądecki,23.37%
55,Ludność w wieku przedprodukcyjnym,2015,gmina,Gródek nad Dunajcem,powiat nowosądecki,23.95%
55,Ludność w wieku przedprodukcyjnym,2015,gmina,Grybów (miasto),powiat nowosądecki,20.34%
55,Ludność w wieku przedprodukcyjnym,2015,gmina,Grybów (wieś),powiat nowosądecki,25.33%
55,Ludność w wieku przedprodukcyjnym,2015,gmina,Kamionka Wielka,powiat nowosądecki,25.11%
55,Ludność w wieku przedprodukcyjnym,2015,gmina,Korzenna,powiat nowosądecki,23.99%
55,Ludność w wieku przedprodukcyjnym,2015,gmina,Krynica-Zdrój,powiat nowosądecki,18.26%
55,Ludność w wieku przedprodukcyjnym,2015,gmina,Łabowa,powiat nowosądecki,26.82%
55,Ludność w wieku przedprodukcyjnym,2015,gmina,Łącko,powiat nowosądecki,24.87%
55,Ludność w wieku przedprodukcyjnym,2015,gmina,Łososina Dolna,powiat nowosądecki,24.94%
55,Ludność w wieku przedprodukcyjnym,2015,gmina,Muszyna,powiat nowosądecki,20.84%
55,Ludność w wieku przedprodukcyjnym,2015,gmina,Nawojowa,powiat nowosądecki,25.26%
55,Ludność w wieku przedprodukcyjnym,2015,gmina,Piwniczna-Zdrój,powiat nowosądecki,21.00%
55,Ludność w wieku przedprodukcyjnym,2015,powiat,powiat nowotarski,powiat nowotarski,20.76%
55,Ludność w wieku przedprodukcyjnym,2015,gmina,Czarny Dunajec,powiat nowotarski,20.16%
55,Ludność w wieku przedprodukcyjnym,2015,gmina,Czorsztyn,powiat nowotarski,21.05%
55,Ludność w wieku przedprodukcyjnym,2015,gmina,Jabłonka,powiat nowotarski,24.18%
55,Ludność w wieku przedprodukcyjnym,2015,gmina,Krościenko nad Dunajcem,powiat nowotarski,21.52%
55,Ludność w wieku przedprodukcyjnym,2015,gmina,Lipnica Wielka,powiat nowotarski,24.39%
55,Ludność w wieku przedprodukcyjnym,2015,gmina,Łapsze Niżne,powiat nowotarski,20.76%
55,Ludność w wieku przedprodukcyjnym,2015,gmina,Nowy Targ (miasto),powiat nowotarski,18.25%
55,Ludność w wieku przedprodukcyjnym,2015,gmina,Nowy Targ (wieś),powiat nowotarski,21.51%
55,Ludność w wieku przedprodukcyjnym,2015,gmina,Ochotnica Dolna,powiat nowotarski,23.86%
55,Ludność w wieku przedprodukcyjnym,2015,gmina,Raba Wyżna,powiat nowotarski,21.38%
55,Ludność w wieku przedprodukcyjnym,2015,gmina,Rabka-Zdrój,powiat nowotarski,17.92%
55,Ludność w wieku przedprodukcyjnym,2015,gmina,Spytkowice,powiat nowotarski,45.76%
55,Ludność w wieku przedprodukcyjnym,2015,gmina,Szaflary,powiat nowotarski,21.07%
55,Ludność w wieku przedprodukcyjnym,2015,gmina,Szczawnica,powiat nowotarski,18.81%
55,Ludność w wieku przedprodukcyjnym,2015,powiat,powiat olkuski,powiat olkuski,16.61%
55,Ludność w wieku przedprodukcyjnym,2015,gmina,Bolesław,powiat olkuski,5.49%
55,Ludność w wieku przedprodukcyjnym,2015,gmina,Bukowno,powiat olkuski,14.47%
55,Ludność w wieku przedprodukcyjnym,2015,gmina,Klucze,powiat olkuski,16.92%
55,Ludność w wieku przedprodukcyjnym,2015,gmina,Olkusz,powiat olkuski,16.44%
55,Ludność w wieku przedprodukcyjnym,2015,gmina,Trzyciąż,powiat olkuski,18.76%
55,Ludność w wieku przedprodukcyjnym,2015,gmina,Wolbrom,powiat olkuski,17.35%
55,Ludność w wieku przedprodukcyjnym,2015,powiat,powiat oświęcimski,powiat oświęcimski,17.64%
55,Ludność w wieku przedprodukcyjnym,2015,gmina,Brzeszcze,powiat oświęcimski,17.53%
55,Ludność w wieku przedprodukcyjnym,2015,gmina,Chełmek,powiat oświęcimski,16.56%
55,Ludność w wieku przedprodukcyjnym,2015,gmina,Kęty,powiat oświęcimski,18.30%
55,Ludność w wieku przedprodukcyjnym,2015,gmina,Osiek,powiat oświęcimski,19.98%
55,Ludność w wieku przedprodukcyjnym,2015,gmina,Oświęcim (miasto),powiat oświęcimski,15.93%
55,Ludność w wieku przedprodukcyjnym,2015,gmina,Oświęcim (wieś),powiat oświęcimski,18.77%
55,Ludność w wieku przedprodukcyjnym,2015,gmina,Polanka Wielka,powiat oświęcimski,19.48%
55,Ludność w wieku przedprodukcyjnym,2015,gmina,Przeciszów,powiat oświęcimski,18.77%
55,Ludność w wieku przedprodukcyjnym,2015,gmina,Zator,powiat oświęcimski,18.22%
55,Ludność w wieku przedprodukcyjnym,2015,powiat,powiat proszowicki,powiat proszowicki,17.87%
55,Ludność w wieku przedprodukcyjnym,2015,gmina,Koniusza,powiat proszowicki,19.41%
55,Ludność w wieku przedprodukcyjnym,2015,gmina,Koszyce,powiat proszowicki,16.29%
55,Ludność w wieku przedprodukcyjnym,2015,gmina,Nowe Brzesko,powiat proszowicki,17.63%
55,Ludność w wieku przedprodukcyjnym,2015,gmina,Pałecznica,powiat proszowicki,20.05%
55,Ludność w wieku przedprodukcyjnym,2015,gmina,Proszowice,powiat proszowicki,17.01%
55,Ludność w wieku przedprodukcyjnym,2015,gmina,Radziemice,powiat proszowicki,18.70%
55,Ludność w wieku przedprodukcyjnym,2015,powiat,powiat suski,powiat suski,20.37%
55,Ludność w wieku przedprodukcyjnym,2015,gmina,Budzów,powiat suski,23.52%
55,Ludność w wieku przedprodukcyjnym,2015,gmina,Bystra-Sidzina,powiat suski,22.63%
55,Ludność w wieku przedprodukcyjnym,2015,gmina,Jordanów (miasto),powiat suski,19.21%
55,Ludność w wieku przedprodukcyjnym,2015,gmina,Jordanów (wieś),powiat suski,21.88%
55,Ludność w wieku przedprodukcyjnym,2015,gmina,Maków Podhalański,powiat suski,19.67%
55,Ludność w wieku przedprodukcyjnym,2015,gmina,Stryszawa,powiat suski,18.80%
55,Ludność w wieku przedprodukcyjnym,2015,gmina,Sucha Beskidzka,powiat suski,18.37%
55,Ludność w wieku przedprodukcyjnym,2015,gmina,Zawoja,powiat suski,20.94%
55,Ludność w wieku przedprodukcyjnym,2015,gmina,Zembrzyce,powiat suski,18.59%
55,Ludność w wieku przedprodukcyjnym,2015,powiat,powiat tarnowski,powiat tarnowski,20.12%
55,Ludność w wieku przedprodukcyjnym,2015,gmina,Ciężkowice,powiat tarnowski,20.45%
55,Ludność w wieku przedprodukcyjnym,2015,gmina,Gromnik,powiat tarnowski,22.02%
55,Ludność w wieku przedprodukcyjnym,2015,gmina,Lisia Góra,powiat tarnowski,21.96%
55,Ludność w wieku przedprodukcyjnym,2015,gmina,Pleśna,powiat tarnowski,20.73%
55,Ludność w wieku przedprodukcyjnym,2015,gmina,Radłów,powiat tarnowski,17.86%
55,Ludność w wieku przedprodukcyjnym,2015,gmina,Ryglice,powiat tarnowski,21.33%
55,Ludność w wieku przedprodukcyjnym,2015,gmina,Rzepiennik Strzyżewski,powiat tarnowski,21.57%
55,Ludność w wieku przedprodukcyjnym,2015,gmina,Skrzyszów,powiat tarnowski,20.89%
55,Ludność w wieku przedprodukcyjnym,2015,gmina,Szerzyny,powiat tarnowski,20.15%
55,Ludność w wieku przedprodukcyjnym,2015,gmina,Tarnów (wieś),powiat tarnowski,19.93%
55,Ludność w wieku przedprodukcyjnym,2015,gmina,Tuchów,powiat tarnowski,20.51%
55,Ludność w wieku przedprodukcyjnym,2015,gmina,Wierzchosławice,powiat tarnowski,18.67%
55,Ludność w wieku przedprodukcyjnym,2015,gmina,Wietrzychowice,powiat tarnowski,14.89%
55,Ludność w wieku przedprodukcyjnym,2015,gmina,Wojnicz,powiat tarnowski,20.10%
55,Ludność w wieku przedprodukcyjnym,2015,gmina,Zakliczyn,powiat tarnowski,20.75%
55,Ludność w wieku przedprodukcyjnym,2015,gmina,Żabno,powiat tarnowski,17.90%
55,Ludność w wieku przedprodukcyjnym,2015,powiat,powiat tatrzański,powiat tatrzański,19.34%
55,Ludność w wieku przedprodukcyjnym,2015,gmina,Biały Dunajec,powiat tatrzański,21.03%
55,Ludność w wieku przedprodukcyjnym,2015,gmina,Bukowina Tatrzańska,powiat tatrzański,21.20%
55,Ludność w wieku przedprodukcyjnym,2015,gmina,Kościelisko,powiat tatrzański,19.68%
55,Ludność w wieku przedprodukcyjnym,2015,gmina,Poronin,powiat tatrzański,22.50%
55,Ludność w wieku przedprodukcyjnym,2015,gmina,Zakopane,powiat tatrzański,16.59%
55,Ludność w wieku przedprodukcyjnym,2015,powiat,powiat wadowicki,powiat wadowicki,19.95%
55,Ludność w wieku przedprodukcyjnym,2015,gmina,Andrychów,powiat wadowicki,19.63%
55,Ludność w wieku przedprodukcyjnym,2015,gmina,Brzeźnica,powiat wadowicki,20.55%
55,Ludność w wieku przedprodukcyjnym,2015,gmina,Kalwaria Zebrzydowska,powiat wadowicki,19.45%
55,Ludność w wieku przedprodukcyjnym,2015,gmina,Lanckorona,powiat wadowicki,21.60%
55,Ludność w wieku przedprodukcyjnym,2015,gmina,Mucharz,powiat wadowicki,20.92%
55,Ludność w wieku przedprodukcyjnym,2015,gmina,Spytkowice,powiat wadowicki,10.31%
55,Ludność w wieku przedprodukcyjnym,2015,gmina,Stryszów,powiat wadowicki,20.21%
55,Ludność w wieku przedprodukcyjnym,2015,gmina,Tomice,powiat wadowicki,22.02%
55,Ludność w wieku przedprodukcyjnym,2015,gmina,Wadowice,powiat wadowicki,18.94%
55,Ludność w wieku przedprodukcyjnym,2015,gmina,Wieprz,powiat wadowicki,21.90%
55,Ludność w wieku przedprodukcyjnym,2015,powiat,powiat wielicki,powiat wielicki,20.77%
55,Ludność w wieku przedprodukcyjnym,2015,gmina,Biskupice,powiat wielicki,21.50%
55,Ludność w wieku przedprodukcyjnym,2015,gmina,Gdów,powiat wielicki,21.74%
55,Ludność w wieku przedprodukcyjnym,2015,gmina,Kłaj,powiat wielicki,19.84%
55,Ludność w wieku przedprodukcyjnym,2015,gmina,Niepołomice,powiat wielicki,20.75%
55,Ludność w wieku przedprodukcyjnym,2015,gmina,Wieliczka,powiat wielicki,20.52%
55,Ludność w wieku przedprodukcyjnym,2014,powiat,powiat bocheński,powiat bocheński,21.08%
55,Ludność w wieku przedprodukcyjnym,2014,gmina,Bochnia (miasto),powiat bocheński,19.60%
55,Ludność w wieku przedprodukcyjnym,2014,gmina,Bochnia (wieś),powiat bocheński,20.91%
55,Ludność w wieku przedprodukcyjnym,2014,gmina,Drwinia,powiat bocheński,19.42%
55,Ludność w wieku przedprodukcyjnym,2014,gmina,Lipnica Murowana,powiat bocheński,22.32%
55,Ludność w wieku przedprodukcyjnym,2014,gmina,Łapanów,powiat bocheński,22.72%
55,Ludność w wieku przedprodukcyjnym,2014,gmina,Nowy Wiśnicz,powiat bocheński,22.84%
55,Ludność w wieku przedprodukcyjnym,2014,gmina,Rzezawa,powiat bocheński,20.66%
55,Ludność w wieku przedprodukcyjnym,2014,gmina,Trzciana,powiat bocheński,22.57%
55,Ludność w wieku przedprodukcyjnym,2014,gmina,Żegocina,powiat bocheński,23.15%
55,Ludność w wieku przedprodukcyjnym,2014,powiat,powiat brzeski,powiat brzeski,20.41%
55,Ludność w wieku przedprodukcyjnym,2014,gmina,Borzęcin,powiat brzeski,19.25%
55,Ludność w wieku przedprodukcyjnym,2014,gmina,Brzesko,powiat brzeski,19.28%
55,Ludność w wieku przedprodukcyjnym,2014,gmina,Czchów,powiat brzeski,22.13%
55,Ludność w wieku przedprodukcyjnym,2014,gmina,Dębno,powiat brzeski,20.84%
55,Ludność w wieku przedprodukcyjnym,2014,gmina,Gnojnik,powiat brzeski,23.70%
55,Ludność w wieku przedprodukcyjnym,2014,gmina,Iwkowa,powiat brzeski,23.81%
55,Ludność w wieku przedprodukcyjnym,2014,gmina,Szczurowa,powiat brzeski,18.45%
55,Ludność w wieku przedprodukcyjnym,2014,powiat,powiat chrzanowski,powiat chrzanowski,16.30%
55,Ludność w wieku przedprodukcyjnym,2014,gmina,Alwernia,powiat chrzanowski,16.60%
55,Ludność w wieku przedprodukcyjnym,2014,gmina,Babice,powiat chrzanowski,17.29%
55,Ludność w wieku przedprodukcyjnym,2014,gmina,Chrzanów,powiat chrzanowski,15.42%
55,Ludność w wieku przedprodukcyjnym,2014,gmina,Libiąż,powiat chrzanowski,17.30%
55,Ludność w wieku przedprodukcyjnym,2014,gmina,Trzebinia,powiat chrzanowski,16.52%
55,Ludność w wieku przedprodukcyjnym,2014,powiat,powiat dąbrowski,powiat dąbrowski,18.48%
55,Ludność w wieku przedprodukcyjnym,2014,gmina,Bolesław,powiat dąbrowski,15.44%
55,Ludność w wieku przedprodukcyjnym,2014,gmina,Dąbrowa Tarnowska,powiat dąbrowski,19.16%
55,Ludność w wieku przedprodukcyjnym,2014,gmina,Gręboszów,powiat dąbrowski,12.64%
55,Ludność w wieku przedprodukcyjnym,2014,gmina,Mędrzechów,powiat dąbrowski,17.07%
55,Ludność w wieku przedprodukcyjnym,2014,gmina,Olesno,powiat dąbrowski,18.67%
55,Ludność w wieku przedprodukcyjnym,2014,gmina,Radgoszcz,powiat dąbrowski,21.11%
55,Ludność w wieku przedprodukcyjnym,2014,gmina,Szczucin,powiat dąbrowski,18.37%
55,Ludność w wieku przedprodukcyjnym,2014,powiat,powiat gorlicki,powiat gorlicki,20.07%
55,Ludność w wieku przedprodukcyjnym,2014,gmina,Biecz,powiat gorlicki,19.78%
55,Ludność w wieku przedprodukcyjnym,2014,gmina,Bobowa,powiat gorlicki,25.21%
55,Ludność w wieku przedprodukcyjnym,2014,gmina,Gorlice (miasto),powiat gorlicki,16.60%
55,Ludność w wieku przedprodukcyjnym,2014,gmina,Gorlice (wieś),powiat gorlicki,19.87%
55,Ludność w wieku przedprodukcyjnym,2014,gmina,Lipinki,powiat gorlicki,18.82%
55,Ludność w wieku przedprodukcyjnym,2014,gmina,Łużna,powiat gorlicki,21.74%
55,Ludność w wieku przedprodukcyjnym,2014,gmina,Moszczenica,powiat gorlicki,22.22%
55,Ludność w wieku przedprodukcyjnym,2014,gmina,Ropa,powiat gorlicki,24.04%
55,Ludność w wieku przedprodukcyjnym,2014,gmina,Sękowa,powiat gorlicki,20.30%
55,Ludność w wieku przedprodukcyjnym,2014,gmina,Uście Gorlickie,powiat gorlicki,22.86%
55,Ludność w wieku przedprodukcyjnym,2014,powiat,powiat krakowski,powiat krakowski,19.78%
55,Ludność w wieku przedprodukcyjnym,2014,gmina,Czernichów,powiat krakowski,20.42%
55,Ludność w wieku przedprodukcyjnym,2014,gmina,Igołomia-Wawrzeńczyce,powiat krakowski,19.16%
55,Ludność w wieku przedprodukcyjnym,2014,gmina,Iwanowice,powiat krakowski,20.69%
55,Ludność w wieku przedprodukcyjnym,2014,gmina,Jerzmanowice-Przeginia,powiat krakowski,19.22%
55,Ludność w wieku przedprodukcyjnym,2014,gmina,Kocmyrzów-Luborzyca,powiat krakowski,19.64%
55,Ludność w wieku przedprodukcyjnym,2014,gmina,Krzeszowice,powiat krakowski,17.55%
55,Ludność w wieku przedprodukcyjnym,2014,gmina,Liszki,powiat krakowski,20.77%
55,Ludność w wieku przedprodukcyjnym,2014,gmina,Michałowice,powiat krakowski,21.91%
55,Ludność w wieku przedprodukcyjnym,2014,gmina,Mogilany,powiat krakowski,21.80%
55,Ludność w wieku przedprodukcyjnym,2014,gmina,Skała,powiat krakowski,20.42%
55,Ludność w wieku przedprodukcyjnym,2014,gmina,Skawina,powiat krakowski,18.89%
55,Ludność w wieku przedprodukcyjnym,2014,gmina,Słomniki,powiat krakowski,18.28%
55,Ludność w wieku przedprodukcyjnym,2014,gmina,Sułoszowa,powiat krakowski,20.61%
55,Ludność w wieku przedprodukcyjnym,2014,gmina,Świątniki Górne,powiat krakowski,20.71%
55,Ludność w wieku przedprodukcyjnym,2014,gmina,Wielka Wieś,powiat krakowski,20.96%
55,Ludność w wieku przedprodukcyjnym,2014,gmina,Zabierzów,powiat krakowski,18.74%
55,Ludność w wieku przedprodukcyjnym,2014,gmina,Zielonki,powiat krakowski,22.46%
55,Ludność w wieku przedprodukcyjnym,2014,powiat,powiat limanowski,powiat limanowski,24.09%
55,Ludność w wieku przedprodukcyjnym,2014,gmina,Dobra,powiat limanowski,22.29%
55,Ludność w wieku przedprodukcyjnym,2014,gmina,Jodłownik,powiat limanowski,23.38%
55,Ludność w wieku przedprodukcyjnym,2014,gmina,Kamienica,powiat limanowski,24.92%
55,Ludność w wieku przedprodukcyjnym,2014,gmina,Laskowa,powiat limanowski,26.23%
55,Ludność w wieku przedprodukcyjnym,2014,gmina,Limanowa (miasto),powiat limanowski,20.60%
55,Ludność w wieku przedprodukcyjnym,2014,gmina,Limanowa (wieś),powiat limanowski,24.59%
55,Ludność w wieku przedprodukcyjnym,2014,gmina,Łukowica,powiat limanowski,25.76%
55,Ludność w wieku przedprodukcyjnym,2014,gmina,Mszana Dolna (miasto),powiat limanowski,21.51%
55,Ludność w wieku przedprodukcyjnym,2014,gmina,Mszana Dolna (wieś),powiat limanowski,23.94%
55,Ludność w wieku przedprodukcyjnym,2014,gmina,Niedźwiedź,powiat limanowski,24.84%
55,Ludność w wieku przedprodukcyjnym,2014,gmina,Słopnice,powiat limanowski,29.55%
55,Ludność w wieku przedprodukcyjnym,2014,gmina,Tymbark,powiat limanowski,24.94%
55,Ludność w wieku przedprodukcyjnym,2014,powiat,powiat m. Kraków,powiat m. Kraków,15.67%
55,Ludność w wieku przedprodukcyjnym,2014,powiat,powiat m. Nowy Sącz,powiat m. Nowy Sącz,18.92%
55,Ludność w wieku przedprodukcyjnym,2014,powiat,powiat m. Tarnów,powiat m. Tarnów,16.07%
55,Ludność w wieku przedprodukcyjnym,2014,powiat,powiat miechowski,powiat miechowski,17.21%
55,Ludność w wieku przedprodukcyjnym,2014,gmina,Charsznica,powiat miechowski,17.23%
55,Ludność w wieku przedprodukcyjnym,2014,gmina,Gołcza,powiat miechowski,17.10%
55,Ludność w wieku przedprodukcyjnym,2014,gmina,Kozłów,powiat miechowski,17.10%
55,Ludność w wieku przedprodukcyjnym,2014,gmina,Książ Wielki,powiat miechowski,17.29%
55,Ludność w wieku przedprodukcyjnym,2014,gmina,Miechów,powiat miechowski,17.22%
55,Ludność w wieku przedprodukcyjnym,2014,gmina,Racławice,powiat miechowski,16.90%
55,Ludność w wieku przedprodukcyjnym,2014,gmina,Słaboszów,powiat miechowski,17.58%
55,Ludność w wieku przedprodukcyjnym,2014,powiat,powiat myślenicki,powiat myślenicki,21.78%
55,Ludność w wieku przedprodukcyjnym,2014,gmina,Dobczyce,powiat myślenicki,21.22%
55,Ludność w wieku przedprodukcyjnym,2014,gmina,Lubień,powiat myślenicki,23.56%
55,Ludność w wieku przedprodukcyjnym,2014,gmina,Myślenice,powiat myślenicki,20.99%
55,Ludność w wieku przedprodukcyjnym,2014,gmina,Pcim,powiat myślenicki,22.55%
55,Ludność w wieku przedprodukcyjnym,2014,gmina,Raciechowice,powiat myślenicki,20.41%
55,Ludność w wieku przedprodukcyjnym,2014,gmina,Siepraw,powiat myślenicki,21.96%
55,Ludność w wieku przedprodukcyjnym,2014,gmina,Sułkowice,powiat myślenicki,21.77%
55,Ludność w wieku przedprodukcyjnym,2014,gmina,Tokarnia,powiat myślenicki,23.69%
55,Ludność w wieku przedprodukcyjnym,2014,gmina,Wiśniowa,powiat myślenicki,22.78%
55,Ludność w wieku przedprodukcyjnym,2014,powiat,powiat nowosądecki,powiat nowosądecki,23.61%
55,Ludność w wieku przedprodukcyjnym,2014,gmina,Podegrodzie,powiat nowosądecki,25.75%
55,Ludność w wieku przedprodukcyjnym,2014,gmina,Rytro,powiat nowosądecki,21.93%
55,Ludność w wieku przedprodukcyjnym,2014,gmina,Stary Sącz,powiat nowosądecki,22.16%
55,Ludność w wieku przedprodukcyjnym,2014,gmina,Chełmiec,powiat nowosądecki,23.87%
55,Ludność w wieku przedprodukcyjnym,2014,gmina,Gródek nad Dunajcem,powiat nowosądecki,24.49%
55,Ludność w wieku przedprodukcyjnym,2014,gmina,Grybów (miasto),powiat nowosądecki,20.11%
55,Ludność w wieku przedprodukcyjnym,2014,gmina,Grybów (wieś),powiat nowosądecki,25.65%
55,Ludność w wieku przedprodukcyjnym,2014,gmina,Kamionka Wielka,powiat nowosądecki,25.55%
55,Ludność w wieku przedprodukcyjnym,2014,gmina,Korzenna,powiat nowosądecki,24.46%
55,Ludność w wieku przedprodukcyjnym,2014,gmina,Krynica-Zdrój,powiat nowosądecki,18.39%
55,Ludność w wieku przedprodukcyjnym,2014,gmina,Łabowa,powiat nowosądecki,27.15%
55,Ludność w wieku przedprodukcyjnym,2014,gmina,Łącko,powiat nowosądecki,25.02%
55,Ludność w wieku przedprodukcyjnym,2014,gmina,Łososina Dolna,powiat nowosądecki,25.25%
55,Ludność w wieku przedprodukcyjnym,2014,gmina,Muszyna,powiat nowosądecki,21.17%
55,Ludność w wieku przedprodukcyjnym,2014,gmina,Nawojowa,powiat nowosądecki,25.80%
55,Ludność w wieku przedprodukcyjnym,2014,gmina,Piwniczna-Zdrój,powiat nowosądecki,21.32%
55,Ludność w wieku przedprodukcyjnym,2014,powiat,powiat nowotarski,powiat nowotarski,21.15%
55,Ludność w wieku przedprodukcyjnym,2014,gmina,Czarny Dunajec,powiat nowotarski,20.49%
55,Ludność w wieku przedprodukcyjnym,2014,gmina,Czorsztyn,powiat nowotarski,21.63%
55,Ludność w wieku przedprodukcyjnym,2014,gmina,Jabłonka,powiat nowotarski,24.64%
55,Ludność w wieku przedprodukcyjnym,2014,gmina,Krościenko nad Dunajcem,powiat nowotarski,21.50%
55,Ludność w wieku przedprodukcyjnym,2014,gmina,Lipnica Wielka,powiat nowotarski,24.71%
55,Ludność w wieku przedprodukcyjnym,2014,gmina,Łapsze Niżne,powiat nowotarski,20.96%
55,Ludność w wieku przedprodukcyjnym,2014,gmina,Nowy Targ (miasto),powiat nowotarski,18.46%
55,Ludność w wieku przedprodukcyjnym,2014,gmina,Nowy Targ (wieś),powiat nowotarski,22.09%
55,Ludność w wieku przedprodukcyjnym,2014,gmina,Ochotnica Dolna,powiat nowotarski,24.39%
55,Ludność w wieku przedprodukcyjnym,2014,gmina,Raba Wyżna,powiat nowotarski,22.10%
55,Ludność w wieku przedprodukcyjnym,2014,gmina,Rabka-Zdrój,powiat nowotarski,18.22%
55,Ludność w wieku przedprodukcyjnym,2014,gmina,Spytkowice,powiat nowotarski,23.99%
55,Ludność w wieku przedprodukcyjnym,2014,gmina,Szaflary,powiat nowotarski,21.67%
55,Ludność w wieku przedprodukcyjnym,2014,gmina,Szczawnica,powiat nowotarski,19.23%
55,Ludność w wieku przedprodukcyjnym,2014,powiat,powiat olkuski,powiat olkuski,16.81%
55,Ludność w wieku przedprodukcyjnym,2014,gmina,Bolesław,powiat olkuski,19.41%
55,Ludność w wieku przedprodukcyjnym,2014,gmina,Bukowno,powiat olkuski,12.26%
55,Ludność w wieku przedprodukcyjnym,2014,gmina,Klucze,powiat olkuski,16.97%
55,Ludność w wieku przedprodukcyjnym,2014,gmina,Olkusz,powiat olkuski,16.53%
55,Ludność w wieku przedprodukcyjnym,2014,gmina,Trzyciąż,powiat olkuski,19.22%
55,Ludność w wieku przedprodukcyjnym,2014,gmina,Wolbrom,powiat olkuski,17.70%
55,Ludność w wieku przedprodukcyjnym,2014,powiat,powiat oświęcimski,powiat oświęcimski,17.66%
55,Ludność w wieku przedprodukcyjnym,2014,gmina,Brzeszcze,powiat oświęcimski,17.42%
55,Ludność w wieku przedprodukcyjnym,2014,gmina,Chełmek,powiat oświęcimski,16.60%
55,Ludność w wieku przedprodukcyjnym,2014,gmina,Kęty,powiat oświęcimski,18.30%
55,Ludność w wieku przedprodukcyjnym,2014,gmina,Osiek,powiat oświęcimski,20.09%
55,Ludność w wieku przedprodukcyjnym,2014,gmina,Oświęcim (miasto),powiat oświęcimski,15.91%
55,Ludność w wieku przedprodukcyjnym,2014,gmina,Oświęcim (wieś),powiat oświęcimski,18.73%
55,Ludność w wieku przedprodukcyjnym,2014,gmina,Polanka Wielka,powiat oświęcimski,20.00%
55,Ludność w wieku przedprodukcyjnym,2014,gmina,Przeciszów,powiat oświęcimski,18.89%
55,Ludność w wieku przedprodukcyjnym,2014,gmina,Zator,powiat oświęcimski,18.58%
55,Ludność w wieku przedprodukcyjnym,2014,powiat,powiat proszowicki,powiat proszowicki,18.11%
55,Ludność w wieku przedprodukcyjnym,2014,gmina,Koniusza,powiat proszowicki,19.53%
55,Ludność w wieku przedprodukcyjnym,2014,gmina,Koszyce,powiat proszowicki,16.55%
55,Ludność w wieku przedprodukcyjnym,2014,gmina,Nowe Brzesko,powiat proszowicki,17.83%
55,Ludność w wieku przedprodukcyjnym,2014,gmina,Pałecznica,powiat proszowicki,19.96%
55,Ludność w wieku przedprodukcyjnym,2014,gmina,Proszowice,powiat proszowicki,17.42%
55,Ludność w wieku przedprodukcyjnym,2014,gmina,Radziemice,powiat proszowicki,18.76%
55,Ludność w wieku przedprodukcyjnym,2014,powiat,powiat suski,powiat suski,20.60%
55,Ludność w wieku przedprodukcyjnym,2014,gmina,Budzów,powiat suski,23.69%
55,Ludność w wieku przedprodukcyjnym,2014,gmina,Bystra-Sidzina,powiat suski,23.28%
55,Ludność w wieku przedprodukcyjnym,2014,gmina,Jordanów (miasto),powiat suski,19.08%
55,Ludność w wieku przedprodukcyjnym,2014,gmina,Jordanów (wieś),powiat suski,22.33%
55,Ludność w wieku przedprodukcyjnym,2014,gmina,Maków Podhalański,powiat suski,19.66%
55,Ludność w wieku przedprodukcyjnym,2014,gmina,Stryszawa,powiat suski,19.00%
55,Ludność w wieku przedprodukcyjnym,2014,gmina,Sucha Beskidzka,powiat suski,18.42%
55,Ludność w wieku przedprodukcyjnym,2014,gmina,Zawoja,powiat suski,21.11%
55,Ludność w wieku przedprodukcyjnym,2014,gmina,Zembrzyce,powiat suski,19.46%
55,Ludność w wieku przedprodukcyjnym,2014,powiat,powiat tarnowski,powiat tarnowski,20.45%
55,Ludność w wieku przedprodukcyjnym,2014,gmina,Ciężkowice,powiat tarnowski,20.93%
55,Ludność w wieku przedprodukcyjnym,2014,gmina,Gromnik,powiat tarnowski,22.36%
55,Ludność w wieku przedprodukcyjnym,2014,gmina,Lisia Góra,powiat tarnowski,22.32%
55,Ludność w wieku przedprodukcyjnym,2014,gmina,Pleśna,powiat tarnowski,21.15%
55,Ludność w wieku przedprodukcyjnym,2014,gmina,Radłów,powiat tarnowski,18.05%
55,Ludność w wieku przedprodukcyjnym,2014,gmina,Ryglice,powiat tarnowski,21.83%
55,Ludność w wieku przedprodukcyjnym,2014,gmina,Rzepiennik Strzyżewski,powiat tarnowski,21.82%
55,Ludność w wieku przedprodukcyjnym,2014,gmina,Skrzyszów,powiat tarnowski,21.11%
55,Ludność w wieku przedprodukcyjnym,2014,gmina,Szerzyny,powiat tarnowski,20.50%
55,Ludność w wieku przedprodukcyjnym,2014,gmina,Tarnów (wieś),powiat tarnowski,20.18%
55,Ludność w wieku przedprodukcyjnym,2014,gmina,Tuchów,powiat tarnowski,20.83%
55,Ludność w wieku przedprodukcyjnym,2014,gmina,Wierzchosławice,powiat tarnowski,19.15%
55,Ludność w wieku przedprodukcyjnym,2014,gmina,Wietrzychowice,powiat tarnowski,15.75%
55,Ludność w wieku przedprodukcyjnym,2014,gmina,Wojnicz,powiat tarnowski,20.49%
55,Ludność w wieku przedprodukcyjnym,2014,gmina,Zakliczyn,powiat tarnowski,20.83%
55,Ludność w wieku przedprodukcyjnym,2014,gmina,Żabno,powiat tarnowski,18.23%
55,Ludność w wieku przedprodukcyjnym,2014,powiat,powiat tatrzański,powiat tatrzański,19.54%
55,Ludność w wieku przedprodukcyjnym,2014,gmina,Biały Dunajec,powiat tatrzański,21.36%
55,Ludność w wieku przedprodukcyjnym,2014,gmina,Bukowina Tatrzańska,powiat tatrzański,21.49%
55,Ludność w wieku przedprodukcyjnym,2014,gmina,Kościelisko,powiat tatrzański,19.83%
55,Ludność w wieku przedprodukcyjnym,2014,gmina,Poronin,powiat tatrzański,22.75%
55,Ludność w wieku przedprodukcyjnym,2014,gmina,Zakopane,powiat tatrzański,16.71%
55,Ludność w wieku przedprodukcyjnym,2014,powiat,powiat wadowicki,powiat wadowicki,20.10%
55,Ludność w wieku przedprodukcyjnym,2014,gmina,Andrychów,powiat wadowicki,19.67%
55,Ludność w wieku przedprodukcyjnym,2014,gmina,Brzeźnica,powiat wadowicki,20.47%
55,Ludność w wieku przedprodukcyjnym,2014,gmina,Kalwaria Zebrzydowska,powiat wadowicki,19.71%
55,Ludność w wieku przedprodukcyjnym,2014,gmina,Lanckorona,powiat wadowicki,21.46%
55,Ludność w wieku przedprodukcyjnym,2014,gmina,Mucharz,powiat wadowicki,20.83%
55,Ludność w wieku przedprodukcyjnym,2014,gmina,Spytkowice,powiat wadowicki,20.11%
55,Ludność w wieku przedprodukcyjnym,2014,gmina,Stryszów,powiat wadowicki,20.69%
55,Ludność w wieku przedprodukcyjnym,2014,gmina,Tomice,powiat wadowicki,22.32%
55,Ludność w wieku przedprodukcyjnym,2014,gmina,Wadowice,powiat wadowicki,19.15%
55,Ludność w wieku przedprodukcyjnym,2014,gmina,Wieprz,powiat wadowicki,22.22%
55,Ludność w wieku przedprodukcyjnym,2014,powiat,powiat wielicki,powiat wielicki,20.76%
55,Ludność w wieku przedprodukcyjnym,2014,gmina,Biskupice,powiat wielicki,21.69%
55,Ludność w wieku przedprodukcyjnym,2014,gmina,Gdów,powiat wielicki,22.13%
55,Ludność w wieku przedprodukcyjnym,2014,gmina,Kłaj,powiat wielicki,20.00%
55,Ludność w wieku przedprodukcyjnym,2014,gmina,Niepołomice,powiat wielicki,20.61%
55,Ludność w wieku przedprodukcyjnym,2014,gmina,Wieliczka,powiat wielicki,20.39%
55,Ludność w wieku przedprodukcyjnym,2013,powiat,powiat bocheński,powiat bocheński,21.21%
55,Ludność w wieku przedprodukcyjnym,2013,gmina,Bochnia (miasto),powiat bocheński,19.63%
55,Ludność w wieku przedprodukcyjnym,2013,gmina,Bochnia (wieś),powiat bocheński,21.00%
55,Ludność w wieku przedprodukcyjnym,2013,gmina,Drwinia,powiat bocheński,19.73%
55,Ludność w wieku przedprodukcyjnym,2013,gmina,Lipnica Murowana,powiat bocheński,22.41%
55,Ludność w wieku przedprodukcyjnym,2013,gmina,Łapanów,powiat bocheński,22.97%
55,Ludność w wieku przedprodukcyjnym,2013,gmina,Nowy Wiśnicz,powiat bocheński,23.09%
55,Ludność w wieku przedprodukcyjnym,2013,gmina,Rzezawa,powiat bocheński,21.02%
55,Ludność w wieku przedprodukcyjnym,2013,gmina,Trzciana,powiat bocheński,22.69%
55,Ludność w wieku przedprodukcyjnym,2013,gmina,Żegocina,powiat bocheński,22.97%
55,Ludność w wieku przedprodukcyjnym,2013,powiat,powiat brzeski,powiat brzeski,20.78%
55,Ludność w wieku przedprodukcyjnym,2013,gmina,Borzęcin,powiat brzeski,19.81%
55,Ludność w wieku przedprodukcyjnym,2013,gmina,Brzesko,powiat brzeski,19.57%
55,Ludność w wieku przedprodukcyjnym,2013,gmina,Czchów,powiat brzeski,22.41%
55,Ludność w wieku przedprodukcyjnym,2013,gmina,Dębno,powiat brzeski,21.21%
55,Ludność w wieku przedprodukcyjnym,2013,gmina,Gnojnik,powiat brzeski,24.08%
55,Ludność w wieku przedprodukcyjnym,2013,gmina,Iwkowa,powiat brzeski,24.55%
55,Ludność w wieku przedprodukcyjnym,2013,gmina,Szczurowa,powiat brzeski,18.76%
55,Ludność w wieku przedprodukcyjnym,2013,powiat,powiat chrzanowski,powiat chrzanowski,16.42%
55,Ludność w wieku przedprodukcyjnym,2013,gmina,Alwernia,powiat chrzanowski,16.72%
55,Ludność w wieku przedprodukcyjnym,2013,gmina,Babice,powiat chrzanowski,17.58%
55,Ludność w wieku przedprodukcyjnym,2013,gmina,Chrzanów,powiat chrzanowski,15.50%
55,Ludność w wieku przedprodukcyjnym,2013,gmina,Libiąż,powiat chrzanowski,17.48%
55,Ludność w wieku przedprodukcyjnym,2013,gmina,Trzebinia,powiat chrzanowski,16.60%
55,Ludność w wieku przedprodukcyjnym,2013,powiat,powiat dąbrowski,powiat dąbrowski,18.90%
55,Ludność w wieku przedprodukcyjnym,2013,gmina,Bolesław,powiat dąbrowski,15.93%
55,Ludność w wieku przedprodukcyjnym,2013,gmina,Dąbrowa Tarnowska,powiat dąbrowski,19.45%
55,Ludność w wieku przedprodukcyjnym,2013,gmina,Gręboszów,powiat dąbrowski,13.08%
55,Ludność w wieku przedprodukcyjnym,2013,gmina,Mędrzechów,powiat dąbrowski,17.48%
55,Ludność w wieku przedprodukcyjnym,2013,gmina,Olesno,powiat dąbrowski,19.16%
55,Ludność w wieku przedprodukcyjnym,2013,gmina,Radgoszcz,powiat dąbrowski,21.84%
55,Ludność w wieku przedprodukcyjnym,2013,gmina,Szczucin,powiat dąbrowski,18.74%
55,Ludność w wieku przedprodukcyjnym,2013,powiat,powiat gorlicki,powiat gorlicki,20.30%
55,Ludność w wieku przedprodukcyjnym,2013,gmina,Biecz,powiat gorlicki,19.65%
55,Ludność w wieku przedprodukcyjnym,2013,gmina,Bobowa,powiat gorlicki,25.46%
55,Ludność w wieku przedprodukcyjnym,2013,gmina,Gorlice (miasto),powiat gorlicki,16.83%
55,Ludność w wieku przedprodukcyjnym,2013,gmina,Gorlice (wieś),powiat gorlicki,20.34%
55,Ludność w wieku przedprodukcyjnym,2013,gmina,Lipinki,powiat gorlicki,19.54%
55,Ludność w wieku przedprodukcyjnym,2013,gmina,Łużna,powiat gorlicki,21.72%
55,Ludność w wieku przedprodukcyjnym,2013,gmina,Moszczenica,powiat gorlicki,22.46%
55,Ludność w wieku przedprodukcyjnym,2013,gmina,Ropa,powiat gorlicki,24.53%
55,Ludność w wieku przedprodukcyjnym,2013,gmina,Sękowa,powiat gorlicki,20.28%
55,Ludność w wieku przedprodukcyjnym,2013,gmina,Uście Gorlickie,powiat gorlicki,23.28%
55,Ludność w wieku przedprodukcyjnym,2013,powiat,powiat krakowski,powiat krakowski,19.88%
55,Ludność w wieku przedprodukcyjnym,2013,gmina,Czernichów,powiat krakowski,20.29%
55,Ludność w wieku przedprodukcyjnym,2013,gmina,Igołomia-Wawrzeńczyce,powiat krakowski,19.45%
55,Ludność w wieku przedprodukcyjnym,2013,gmina,Iwanowice,powiat krakowski,20.91%
55,Ludność w wieku przedprodukcyjnym,2013,gmina,Jerzmanowice-Przeginia,powiat krakowski,19.57%
55,Ludność w wieku przedprodukcyjnym,2013,gmina,Kocmyrzów-Luborzyca,powiat krakowski,20.08%
55,Ludność w wieku przedprodukcyjnym,2013,gmina,Krzeszowice,powiat krakowski,17.78%
55,Ludność w wieku przedprodukcyjnym,2013,gmina,Liszki,powiat krakowski,21.00%
55,Ludność w wieku przedprodukcyjnym,2013,gmina,Michałowice,powiat krakowski,21.91%
55,Ludność w wieku przedprodukcyjnym,2013,gmina,Mogilany,powiat krakowski,22.30%
55,Ludność w wieku przedprodukcyjnym,2013,gmina,Skała,powiat krakowski,20.38%
55,Ludność w wieku przedprodukcyjnym,2013,gmina,Skawina,powiat krakowski,18.97%
55,Ludność w wieku przedprodukcyjnym,2013,gmina,Słomniki,powiat krakowski,18.44%
55,Ludność w wieku przedprodukcyjnym,2013,gmina,Sułoszowa,powiat krakowski,20.78%
55,Ludność w wieku przedprodukcyjnym,2013,gmina,Świątniki Górne,powiat krakowski,20.87%
55,Ludność w wieku przedprodukcyjnym,2013,gmina,Wielka Wieś,powiat krakowski,21.04%
55,Ludność w wieku przedprodukcyjnym,2013,gmina,Zabierzów,powiat krakowski,18.40%
55,Ludność w wieku przedprodukcyjnym,2013,gmina,Zielonki,powiat krakowski,22.43%
55,Ludność w wieku przedprodukcyjnym,2013,powiat,powiat limanowski,powiat limanowski,24.42%
55,Ludność w wieku przedprodukcyjnym,2013,gmina,Dobra,powiat limanowski,22.46%
55,Ludność w wieku przedprodukcyjnym,2013,gmina,Jodłownik,powiat limanowski,23.54%
55,Ludność w wieku przedprodukcyjnym,2013,gmina,Kamienica,powiat limanowski,25.23%
55,Ludność w wieku przedprodukcyjnym,2013,gmina,Laskowa,powiat limanowski,26.69%
55,Ludność w wieku przedprodukcyjnym,2013,gmina,Limanowa (miasto),powiat limanowski,20.70%
55,Ludność w wieku przedprodukcyjnym,2013,gmina,Limanowa (wieś),powiat limanowski,24.89%
55,Ludność w wieku przedprodukcyjnym,2013,gmina,Łukowica,powiat limanowski,25.94%
55,Ludność w wieku przedprodukcyjnym,2013,gmina,Mszana Dolna (miasto),powiat limanowski,21.93%
55,Ludność w wieku przedprodukcyjnym,2013,gmina,Mszana Dolna (wieś),powiat limanowski,24.54%
55,Ludność w wieku przedprodukcyjnym,2013,gmina,Niedźwiedź,powiat limanowski,25.61%
55,Ludność w wieku przedprodukcyjnym,2013,gmina,Słopnice,powiat limanowski,30.00%
55,Ludność w wieku przedprodukcyjnym,2013,gmina,Tymbark,powiat limanowski,25.27%
55,Ludność w wieku przedprodukcyjnym,2013,powiat,powiat m. Kraków,powiat m. Kraków,15.57%
55,Ludność w wieku przedprodukcyjnym,2013,powiat,powiat m. Nowy Sącz,powiat m. Nowy Sącz,19.04%
55,Ludność w wieku przedprodukcyjnym,2013,powiat,powiat m. Tarnów,powiat m. Tarnów,16.28%
55,Ludność w wieku przedprodukcyjnym,2013,powiat,powiat miechowski,powiat miechowski,17.37%
55,Ludność w wieku przedprodukcyjnym,2013,gmina,Charsznica,powiat miechowski,17.54%
55,Ludność w wieku przedprodukcyjnym,2013,gmina,Gołcza,powiat miechowski,17.11%
55,Ludność w wieku przedprodukcyjnym,2013,gmina,Kozłów,powiat miechowski,17.24%
55,Ludność w wieku przedprodukcyjnym,2013,gmina,Książ Wielki,powiat miechowski,17.65%
55,Ludność w wieku przedprodukcyjnym,2013,gmina,Miechów,powiat miechowski,17.21%
55,Ludność w wieku przedprodukcyjnym,2013,gmina,Racławice,powiat miechowski,17.41%
55,Ludność w wieku przedprodukcyjnym,2013,gmina,Słaboszów,powiat miechowski,18.09%
55,Ludność w wieku przedprodukcyjnym,2013,powiat,powiat myślenicki,powiat myślenicki,21.99%
55,Ludność w wieku przedprodukcyjnym,2013,gmina,Dobczyce,powiat myślenicki,21.65%
55,Ludność w wieku przedprodukcyjnym,2013,gmina,Lubień,powiat myślenicki,23.65%
55,Ludność w wieku przedprodukcyjnym,2013,gmina,Myślenice,powiat myślenicki,21.10%
55,Ludność w wieku przedprodukcyjnym,2013,gmina,Pcim,powiat myślenicki,23.00%
55,Ludność w wieku przedprodukcyjnym,2013,gmina,Raciechowice,powiat myślenicki,20.74%
55,Ludność w wieku przedprodukcyjnym,2013,gmina,Siepraw,powiat myślenicki,22.02%
55,Ludność w wieku przedprodukcyjnym,2013,gmina,Sułkowice,powiat myślenicki,21.90%
55,Ludność w wieku przedprodukcyjnym,2013,gmina,Tokarnia,powiat myślenicki,24.17%
55,Ludność w wieku przedprodukcyjnym,2013,gmina,Wiśniowa,powiat myślenicki,22.78%
55,Ludność w wieku przedprodukcyjnym,2013,powiat,powiat nowosądecki,powiat nowosądecki,24.02%
55,Ludność w wieku przedprodukcyjnym,2013,gmina,Podegrodzie,powiat nowosądecki,25.91%
55,Ludność w wieku przedprodukcyjnym,2013,gmina,Rytro,powiat nowosądecki,22.51%
55,Ludność w wieku przedprodukcyjnym,2013,gmina,Stary Sącz,powiat nowosądecki,22.74%
55,Ludność w wieku przedprodukcyjnym,2013,gmina,Chełmiec,powiat nowosądecki,24.36%
55,Ludność w wieku przedprodukcyjnym,2013,gmina,Gródek nad Dunajcem,powiat nowosądecki,24.93%
55,Ludność w wieku przedprodukcyjnym,2013,gmina,Grybów (miasto),powiat nowosądecki,20.33%
55,Ludność w wieku przedprodukcyjnym,2013,gmina,Grybów (wieś),powiat nowosądecki,26.09%
55,Ludność w wieku przedprodukcyjnym,2013,gmina,Kamionka Wielka,powiat nowosądecki,26.18%
55,Ludność w wieku przedprodukcyjnym,2013,gmina,Korzenna,powiat nowosądecki,24.83%
55,Ludność w wieku przedprodukcyjnym,2013,gmina,Krynica-Zdrój,powiat nowosądecki,18.53%
55,Ludność w wieku przedprodukcyjnym,2013,gmina,Łabowa,powiat nowosądecki,27.03%
55,Ludność w wieku przedprodukcyjnym,2013,gmina,Łącko,powiat nowosądecki,25.39%
55,Ludność w wieku przedprodukcyjnym,2013,gmina,Łososina Dolna,powiat nowosądecki,25.77%
55,Ludność w wieku przedprodukcyjnym,2013,gmina,Muszyna,powiat nowosądecki,21.65%
55,Ludność w wieku przedprodukcyjnym,2013,gmina,Nawojowa,powiat nowosądecki,26.37%
55,Ludność w wieku przedprodukcyjnym,2013,gmina,Piwniczna-Zdrój,powiat nowosądecki,21.74%
55,Ludność w wieku przedprodukcyjnym,2013,powiat,powiat nowotarski,powiat nowotarski,21.53%
55,Ludność w wieku przedprodukcyjnym,2013,gmina,Czarny Dunajec,powiat nowotarski,20.84%
55,Ludność w wieku przedprodukcyjnym,2013,gmina,Czorsztyn,powiat nowotarski,21.87%
55,Ludność w wieku przedprodukcyjnym,2013,gmina,Jabłonka,powiat nowotarski,25.02%
55,Ludność w wieku przedprodukcyjnym,2013,gmina,Krościenko nad Dunajcem,powiat nowotarski,21.68%
55,Ludność w wieku przedprodukcyjnym,2013,gmina,Lipnica Wielka,powiat nowotarski,25.22%
55,Ludność w wieku przedprodukcyjnym,2013,gmina,Łapsze Niżne,powiat nowotarski,21.30%
55,Ludność w wieku przedprodukcyjnym,2013,gmina,Nowy Targ (miasto),powiat nowotarski,18.79%
55,Ludność w wieku przedprodukcyjnym,2013,gmina,Nowy Targ (wieś),powiat nowotarski,22.58%
55,Ludność w wieku przedprodukcyjnym,2013,gmina,Ochotnica Dolna,powiat nowotarski,24.82%
55,Ludność w wieku przedprodukcyjnym,2013,gmina,Raba Wyżna,powiat nowotarski,22.50%
55,Ludność w wieku przedprodukcyjnym,2013,gmina,Rabka-Zdrój,powiat nowotarski,18.87%
55,Ludność w wieku przedprodukcyjnym,2013,gmina,Spytkowice,powiat nowotarski,24.47%
55,Ludność w wieku przedprodukcyjnym,2013,gmina,Szaflary,powiat nowotarski,22.16%
55,Ludność w wieku przedprodukcyjnym,2013,gmina,Szczawnica,powiat nowotarski,19.14%
55,Ludność w wieku przedprodukcyjnym,2013,powiat,powiat olkuski,powiat olkuski,17.02%
55,Ludność w wieku przedprodukcyjnym,2013,gmina,Bolesław,powiat olkuski,16.66%
55,Ludność w wieku przedprodukcyjnym,2013,gmina,Bukowno,powiat olkuski,14.88%
55,Ludność w wieku przedprodukcyjnym,2013,gmina,Klucze,powiat olkuski,17.29%
55,Ludność w wieku przedprodukcyjnym,2013,gmina,Olkusz,powiat olkuski,16.68%
55,Ludność w wieku przedprodukcyjnym,2013,gmina,Trzyciąż,powiat olkuski,19.78%
55,Ludność w wieku przedprodukcyjnym,2013,gmina,Wolbrom,powiat olkuski,17.81%
55,Ludność w wieku przedprodukcyjnym,2013,powiat,powiat oświęcimski,powiat oświęcimski,17.78%
55,Ludność w wieku przedprodukcyjnym,2013,gmina,Brzeszcze,powiat oświęcimski,17.40%
55,Ludność w wieku przedprodukcyjnym,2013,gmina,Chełmek,powiat oświęcimski,16.62%
55,Ludność w wieku przedprodukcyjnym,2013,gmina,Kęty,powiat oświęcimski,18.50%
55,Ludność w wieku przedprodukcyjnym,2013,gmina,Osiek,powiat oświęcimski,20.31%
55,Ludność w wieku przedprodukcyjnym,2013,gmina,Oświęcim (miasto),powiat oświęcimski,16.09%
55,Ludność w wieku przedprodukcyjnym,2013,gmina,Oświęcim (wieś),powiat oświęcimski,18.80%
55,Ludność w wieku przedprodukcyjnym,2013,gmina,Polanka Wielka,powiat oświęcimski,19.92%
55,Ludność w wieku przedprodukcyjnym,2013,gmina,Przeciszów,powiat oświęcimski,19.21%
55,Ludność w wieku przedprodukcyjnym,2013,gmina,Zator,powiat oświęcimski,18.71%
55,Ludność w wieku przedprodukcyjnym,2013,powiat,powiat proszowicki,powiat proszowicki,18.37%
55,Ludność w wieku przedprodukcyjnym,2013,gmina,Koniusza,powiat proszowicki,20.06%
55,Ludność w wieku przedprodukcyjnym,2013,gmina,Koszyce,powiat proszowicki,16.72%
55,Ludność w wieku przedprodukcyjnym,2013,gmina,Nowe Brzesko,powiat proszowicki,18.03%
55,Ludność w wieku przedprodukcyjnym,2013,gmina,Pałecznica,powiat proszowicki,19.97%
55,Ludność w wieku przedprodukcyjnym,2013,gmina,Proszowice,powiat proszowicki,17.59%
55,Ludność w wieku przedprodukcyjnym,2013,gmina,Radziemice,powiat proszowicki,19.29%
55,Ludność w wieku przedprodukcyjnym,2013,powiat,powiat suski,powiat suski,20.95%
55,Ludność w wieku przedprodukcyjnym,2013,gmina,Budzów,powiat suski,24.22%
55,Ludność w wieku przedprodukcyjnym,2013,gmina,Bystra-Sidzina,powiat suski,23.86%
55,Ludność w wieku przedprodukcyjnym,2013,gmina,Jordanów (miasto),powiat suski,18.92%
55,Ludność w wieku przedprodukcyjnym,2013,gmina,Jordanów (wieś),powiat suski,22.81%
55,Ludność w wieku przedprodukcyjnym,2013,gmina,Maków Podhalański,powiat suski,20.13%
55,Ludność w wieku przedprodukcyjnym,2013,gmina,Stryszawa,powiat suski,19.27%
55,Ludność w wieku przedprodukcyjnym,2013,gmina,Sucha Beskidzka,powiat suski,18.37%
55,Ludność w wieku przedprodukcyjnym,2013,gmina,Zawoja,powiat suski,21.85%
55,Ludność w wieku przedprodukcyjnym,2013,gmina,Zembrzyce,powiat suski,19.44%
55,Ludność w wieku przedprodukcyjnym,2013,powiat,powiat tarnowski,powiat tarnowski,20.88%
55,Ludność w wieku przedprodukcyjnym,2013,gmina,Ciężkowice,powiat tarnowski,21.53%
55,Ludność w wieku przedprodukcyjnym,2013,gmina,Gromnik,powiat tarnowski,22.73%
55,Ludność w wieku przedprodukcyjnym,2013,gmina,Lisia Góra,powiat tarnowski,22.44%
55,Ludność w wieku przedprodukcyjnym,2013,gmina,Pleśna,powiat tarnowski,21.82%
55,Ludność w wieku przedprodukcyjnym,2013,gmina,Radłów,powiat tarnowski,18.63%
55,Ludność w wieku przedprodukcyjnym,2013,gmina,Ryglice,powiat tarnowski,22.38%
55,Ludność w wieku przedprodukcyjnym,2013,gmina,Rzepiennik Strzyżewski,powiat tarnowski,22.29%
55,Ludność w wieku przedprodukcyjnym,2013,gmina,Skrzyszów,powiat tarnowski,21.60%
55,Ludność w wieku przedprodukcyjnym,2013,gmina,Szerzyny,powiat tarnowski,20.97%
55,Ludność w wieku przedprodukcyjnym,2013,gmina,Tarnów (wieś),powiat tarnowski,20.59%
55,Ludność w wieku przedprodukcyjnym,2013,gmina,Tuchów,powiat tarnowski,21.22%
55,Ludność w wieku przedprodukcyjnym,2013,gmina,Wierzchosławice,powiat tarnowski,19.47%
55,Ludność w wieku przedprodukcyjnym,2013,gmina,Wietrzychowice,powiat tarnowski,16.63%
55,Ludność w wieku przedprodukcyjnym,2013,gmina,Wojnicz,powiat tarnowski,20.94%
55,Ludność w wieku przedprodukcyjnym,2013,gmina,Zakliczyn,powiat tarnowski,21.31%
55,Ludność w wieku przedprodukcyjnym,2013,gmina,Żabno,powiat tarnowski,18.46%
55,Ludność w wieku przedprodukcyjnym,2013,powiat,powiat tatrzański,powiat tatrzański,19.68%
55,Ludność w wieku przedprodukcyjnym,2013,gmina,Biały Dunajec,powiat tatrzański,21.72%
55,Ludność w wieku przedprodukcyjnym,2013,gmina,Bukowina Tatrzańska,powiat tatrzański,21.69%
55,Ludność w wieku przedprodukcyjnym,2013,gmina,Kościelisko,powiat tatrzański,20.13%
55,Ludność w wieku przedprodukcyjnym,2013,gmina,Poronin,powiat tatrzański,22.96%
55,Ludność w wieku przedprodukcyjnym,2013,gmina,Zakopane,powiat tatrzański,16.73%
55,Ludność w wieku przedprodukcyjnym,2013,powiat,powiat wadowicki,powiat wadowicki,20.26%
55,Ludność w wieku przedprodukcyjnym,2013,gmina,Andrychów,powiat wadowicki,19.73%
55,Ludność w wieku przedprodukcyjnym,2013,gmina,Brzeźnica,powiat wadowicki,20.53%
55,Ludność w wieku przedprodukcyjnym,2013,gmina,Kalwaria Zebrzydowska,powiat wadowicki,20.08%
55,Ludność w wieku przedprodukcyjnym,2013,gmina,Lanckorona,powiat wadowicki,21.72%
55,Ludność w wieku przedprodukcyjnym,2013,gmina,Mucharz,powiat wadowicki,20.90%
55,Ludność w wieku przedprodukcyjnym,2013,gmina,Spytkowice,powiat wadowicki,20.25%
55,Ludność w wieku przedprodukcyjnym,2013,gmina,Stryszów,powiat wadowicki,20.62%
55,Ludność w wieku przedprodukcyjnym,2013,gmina,Tomice,powiat wadowicki,22.42%
55,Ludność w wieku przedprodukcyjnym,2013,gmina,Wadowice,powiat wadowicki,19.38%
55,Ludność w wieku przedprodukcyjnym,2013,gmina,Wieprz,powiat wadowicki,22.45%
55,Ludność w wieku przedprodukcyjnym,2013,powiat,powiat wielicki,powiat wielicki,20.85%
55,Ludność w wieku przedprodukcyjnym,2013,gmina,Biskupice,powiat wielicki,21.70%
55,Ludność w wieku przedprodukcyjnym,2013,gmina,Gdów,powiat wielicki,22.56%
55,Ludność w wieku przedprodukcyjnym,2013,gmina,Kłaj,powiat wielicki,20.04%
55,Ludność w wieku przedprodukcyjnym,2013,gmina,Niepołomice,powiat wielicki,20.49%
55,Ludność w wieku przedprodukcyjnym,2013,gmina,Wieliczka,powiat wielicki,20.49%
55,Ludność w wieku przedprodukcyjnym,2012,powiat,powiat bocheński,powiat bocheński,21.43%
55,Ludność w wieku przedprodukcyjnym,2012,gmina,Bochnia (miasto),powiat bocheński,19.64%
55,Ludność w wieku przedprodukcyjnym,2012,gmina,Bochnia (wieś),powiat bocheński,21.09%
55,Ludność w wieku przedprodukcyjnym,2012,gmina,Drwinia,powiat bocheński,20.11%
55,Ludność w wieku przedprodukcyjnym,2012,gmina,Lipnica Murowana,powiat bocheński,22.94%
55,Ludność w wieku przedprodukcyjnym,2012,gmina,Łapanów,powiat bocheński,23.30%
55,Ludność w wieku przedprodukcyjnym,2012,gmina,Nowy Wiśnicz,powiat bocheński,23.10%
55,Ludność w wieku przedprodukcyjnym,2012,gmina,Rzezawa,powiat bocheński,21.51%
55,Ludność w wieku przedprodukcyjnym,2012,gmina,Trzciana,powiat bocheński,23.80%
55,Ludność w wieku przedprodukcyjnym,2012,gmina,Żegocina,powiat bocheński,23.41%
55,Ludność w wieku przedprodukcyjnym,2012,powiat,powiat brzeski,powiat brzeski,21.21%
55,Ludność w wieku przedprodukcyjnym,2012,gmina,Borzęcin,powiat brzeski,20.58%
55,Ludność w wieku przedprodukcyjnym,2012,gmina,Brzesko,powiat brzeski,19.92%
55,Ludność w wieku przedprodukcyjnym,2012,gmina,Czchów,powiat brzeski,22.85%
55,Ludność w wieku przedprodukcyjnym,2012,gmina,Dębno,powiat brzeski,21.77%
55,Ludność w wieku przedprodukcyjnym,2012,gmina,Gnojnik,powiat brzeski,24.17%
55,Ludność w wieku przedprodukcyjnym,2012,gmina,Iwkowa,powiat brzeski,25.06%
55,Ludność w wieku przedprodukcyjnym,2012,gmina,Szczurowa,powiat brzeski,19.34%
55,Ludność w wieku przedprodukcyjnym,2012,powiat,powiat chrzanowski,powiat chrzanowski,16.55%
55,Ludność w wieku przedprodukcyjnym,2012,gmina,Alwernia,powiat chrzanowski,17.05%
55,Ludność w wieku przedprodukcyjnym,2012,gmina,Babice,powiat chrzanowski,18.00%
55,Ludność w wieku przedprodukcyjnym,2012,gmina,Chrzanów,powiat chrzanowski,15.64%
55,Ludność w wieku przedprodukcyjnym,2012,gmina,Libiąż,powiat chrzanowski,17.55%
55,Ludność w wieku przedprodukcyjnym,2012,gmina,Trzebinia,powiat chrzanowski,16.62%
55,Ludność w wieku przedprodukcyjnym,2012,powiat,powiat dąbrowski,powiat dąbrowski,19.49%
55,Ludność w wieku przedprodukcyjnym,2012,gmina,Bolesław,powiat dąbrowski,16.25%
55,Ludność w wieku przedprodukcyjnym,2012,gmina,Dąbrowa Tarnowska,powiat dąbrowski,19.90%
55,Ludność w wieku przedprodukcyjnym,2012,gmina,Gręboszów,powiat dąbrowski,13.65%
55,Ludność w wieku przedprodukcyjnym,2012,gmina,Mędrzechów,powiat dąbrowski,18.43%
55,Ludność w wieku przedprodukcyjnym,2012,gmina,Olesno,powiat dąbrowski,19.97%
55,Ludność w wieku przedprodukcyjnym,2012,gmina,Radgoszcz,powiat dąbrowski,22.60%
55,Ludność w wieku przedprodukcyjnym,2012,gmina,Szczucin,powiat dąbrowski,19.28%
55,Ludność w wieku przedprodukcyjnym,2012,powiat,powiat gorlicki,powiat gorlicki,20.61%
55,Ludność w wieku przedprodukcyjnym,2012,gmina,Biecz,powiat gorlicki,20.08%
55,Ludność w wieku przedprodukcyjnym,2012,gmina,Bobowa,powiat gorlicki,25.64%
55,Ludność w wieku przedprodukcyjnym,2012,gmina,Gorlice (miasto),powiat gorlicki,16.90%
55,Ludność w wieku przedprodukcyjnym,2012,gmina,Gorlice (wieś),powiat gorlicki,20.65%
55,Ludność w wieku przedprodukcyjnym,2012,gmina,Lipinki,powiat gorlicki,20.07%
55,Ludność w wieku przedprodukcyjnym,2012,gmina,Łużna,powiat gorlicki,22.32%
55,Ludność w wieku przedprodukcyjnym,2012,gmina,Moszczenica,powiat gorlicki,22.72%
55,Ludność w wieku przedprodukcyjnym,2012,gmina,Ropa,powiat gorlicki,24.80%
55,Ludność w wieku przedprodukcyjnym,2012,gmina,Sękowa,powiat gorlicki,20.65%
55,Ludność w wieku przedprodukcyjnym,2012,gmina,Uście Gorlickie,powiat gorlicki,23.96%
55,Ludność w wieku przedprodukcyjnym,2012,powiat,powiat krakowski,powiat krakowski,20.02%
55,Ludność w wieku przedprodukcyjnym,2012,gmina,Czernichów,powiat krakowski,20.37%
55,Ludność w wieku przedprodukcyjnym,2012,gmina,Igołomia-Wawrzeńczyce,powiat krakowski,20.05%
55,Ludność w wieku przedprodukcyjnym,2012,gmina,Iwanowice,powiat krakowski,21.00%
55,Ludność w wieku przedprodukcyjnym,2012,gmina,Jerzmanowice-Przeginia,powiat krakowski,20.34%
55,Ludność w wieku przedprodukcyjnym,2012,gmina,Kocmyrzów-Luborzyca,powiat krakowski,20.20%
55,Ludność w wieku przedprodukcyjnym,2012,gmina,Krzeszowice,powiat krakowski,17.85%
55,Ludność w wieku przedprodukcyjnym,2012,gmina,Liszki,powiat krakowski,20.70%
55,Ludność w wieku przedprodukcyjnym,2012,gmina,Michałowice,powiat krakowski,22.38%
55,Ludność w wieku przedprodukcyjnym,2012,gmina,Mogilany,powiat krakowski,22.47%
55,Ludność w wieku przedprodukcyjnym,2012,gmina,Skała,powiat krakowski,20.40%
55,Ludność w wieku przedprodukcyjnym,2012,gmina,Skawina,powiat krakowski,19.27%
55,Ludność w wieku przedprodukcyjnym,2012,gmina,Słomniki,powiat krakowski,18.65%
55,Ludność w wieku przedprodukcyjnym,2012,gmina,Sułoszowa,powiat krakowski,20.99%
55,Ludność w wieku przedprodukcyjnym,2012,gmina,Świątniki Górne,powiat krakowski,21.08%
55,Ludność w wieku przedprodukcyjnym,2012,gmina,Wielka Wieś,powiat krakowski,20.98%
55,Ludność w wieku przedprodukcyjnym,2012,gmina,Zabierzów,powiat krakowski,18.52%
55,Ludność w wieku przedprodukcyjnym,2012,gmina,Zielonki,powiat krakowski,22.21%
55,Ludność w wieku przedprodukcyjnym,2012,powiat,powiat limanowski,powiat limanowski,24.83%
55,Ludność w wieku przedprodukcyjnym,2012,gmina,Dobra,powiat limanowski,22.77%
55,Ludność w wieku przedprodukcyjnym,2012,gmina,Jodłownik,powiat limanowski,23.97%
55,Ludność w wieku przedprodukcyjnym,2012,gmina,Kamienica,powiat limanowski,25.90%
55,Ludność w wieku przedprodukcyjnym,2012,gmina,Laskowa,powiat limanowski,26.80%
55,Ludność w wieku przedprodukcyjnym,2012,gmina,Limanowa (miasto),powiat limanowski,20.71%
55,Ludność w wieku przedprodukcyjnym,2012,gmina,Limanowa (wieś),powiat limanowski,25.33%
55,Ludność w wieku przedprodukcyjnym,2012,gmina,Łukowica,powiat limanowski,26.58%
55,Ludność w wieku przedprodukcyjnym,2012,gmina,Mszana Dolna (miasto),powiat limanowski,22.45%
55,Ludność w wieku przedprodukcyjnym,2012,gmina,Mszana Dolna (wieś),powiat limanowski,25.14%
55,Ludność w wieku przedprodukcyjnym,2012,gmina,Niedźwiedź,powiat limanowski,26.33%
55,Ludność w wieku przedprodukcyjnym,2012,gmina,Słopnice,powiat limanowski,30.25%
55,Ludność w wieku przedprodukcyjnym,2012,gmina,Tymbark,powiat limanowski,25.47%
55,Ludność w wieku przedprodukcyjnym,2012,powiat,powiat m. Kraków,powiat m. Kraków,15.45%
55,Ludność w wieku przedprodukcyjnym,2012,powiat,powiat m. Nowy Sącz,powiat m. Nowy Sącz,19.17%
55,Ludność w wieku przedprodukcyjnym,2012,powiat,powiat m. Tarnów,powiat m. Tarnów,16.28%
55,Ludność w wieku przedprodukcyjnym,2012,powiat,powiat miechowski,powiat miechowski,17.73%
55,Ludność w wieku przedprodukcyjnym,2012,gmina,Charsznica,powiat miechowski,17.93%
55,Ludność w wieku przedprodukcyjnym,2012,gmina,Gołcza,powiat miechowski,17.29%
55,Ludność w wieku przedprodukcyjnym,2012,gmina,Kozłów,powiat miechowski,17.68%
55,Ludność w wieku przedprodukcyjnym,2012,gmina,Książ Wielki,powiat miechowski,17.84%
55,Ludność w wieku przedprodukcyjnym,2012,gmina,Miechów,powiat miechowski,17.49%
55,Ludność w wieku przedprodukcyjnym,2012,gmina,Racławice,powiat miechowski,17.87%
55,Ludność w wieku przedprodukcyjnym,2012,gmina,Słaboszów,powiat miechowski,19.08%
55,Ludność w wieku przedprodukcyjnym,2012,powiat,powiat myślenicki,powiat myślenicki,22.33%
55,Ludność w wieku przedprodukcyjnym,2012,gmina,Dobczyce,powiat myślenicki,22.00%
55,Ludność w wieku przedprodukcyjnym,2012,gmina,Lubień,powiat myślenicki,24.09%
55,Ludność w wieku przedprodukcyjnym,2012,gmina,Myślenice,powiat myślenicki,21.28%
55,Ludność w wieku przedprodukcyjnym,2012,gmina,Pcim,powiat myślenicki,23.53%
55,Ludność w wieku przedprodukcyjnym,2012,gmina,Raciechowice,powiat myślenicki,20.93%
55,Ludność w wieku przedprodukcyjnym,2012,gmina,Siepraw,powiat myślenicki,22.30%
55,Ludność w wieku przedprodukcyjnym,2012,gmina,Sułkowice,powiat myślenicki,22.51%
55,Ludność w wieku przedprodukcyjnym,2012,gmina,Tokarnia,powiat myślenicki,24.76%
55,Ludność w wieku przedprodukcyjnym,2012,gmina,Wiśniowa,powiat myślenicki,23.10%
55,Ludność w wieku przedprodukcyjnym,2012,powiat,powiat nowosądecki,powiat nowosądecki,24.43%
55,Ludność w wieku przedprodukcyjnym,2012,gmina,Podegrodzie,powiat nowosądecki,26.39%
55,Ludność w wieku przedprodukcyjnym,2012,gmina,Rytro,powiat nowosądecki,22.65%
55,Ludność w wieku przedprodukcyjnym,2012,gmina,Stary Sącz,powiat nowosądecki,23.07%
55,Ludność w wieku przedprodukcyjnym,2012,gmina,Chełmiec,powiat nowosądecki,24.83%
55,Ludność w wieku przedprodukcyjnym,2012,gmina,Gródek nad Dunajcem,powiat nowosądecki,25.49%
55,Ludność w wieku przedprodukcyjnym,2012,gmina,Grybów (miasto),powiat nowosądecki,20.62%
55,Ludność w wieku przedprodukcyjnym,2012,gmina,Grybów (wieś),powiat nowosądecki,26.58%
55,Ludność w wieku przedprodukcyjnym,2012,gmina,Kamionka Wielka,powiat nowosądecki,26.62%
55,Ludność w wieku przedprodukcyjnym,2012,gmina,Korzenna,powiat nowosądecki,25.36%
55,Ludność w wieku przedprodukcyjnym,2012,gmina,Krynica-Zdrój,powiat nowosądecki,19.10%
55,Ludność w wieku przedprodukcyjnym,2012,gmina,Łabowa,powiat nowosądecki,27.32%
55,Ludność w wieku przedprodukcyjnym,2012,gmina,Łącko,powiat nowosądecki,25.65%
55,Ludność w wieku przedprodukcyjnym,2012,gmina,Łososina Dolna,powiat nowosądecki,26.02%
55,Ludność w wieku przedprodukcyjnym,2012,gmina,Muszyna,powiat nowosądecki,22.32%
55,Ludność w wieku przedprodukcyjnym,2012,gmina,Nawojowa,powiat nowosądecki,26.53%
55,Ludność w wieku przedprodukcyjnym,2012,gmina,Piwniczna-Zdrój,powiat nowosądecki,22.07%
55,Ludność w wieku przedprodukcyjnym,2012,powiat,powiat nowotarski,powiat nowotarski,22.01%
55,Ludność w wieku przedprodukcyjnym,2012,gmina,Czarny Dunajec,powiat nowotarski,21.34%
55,Ludność w wieku przedprodukcyjnym,2012,gmina,Czorsztyn,powiat nowotarski,22.41%
55,Ludność w wieku przedprodukcyjnym,2012,gmina,Jabłonka,powiat nowotarski,25.58%
55,Ludność w wieku przedprodukcyjnym,2012,gmina,Krościenko nad Dunajcem,powiat nowotarski,21.83%
55,Ludność w wieku przedprodukcyjnym,2012,gmina,Lipnica Wielka,powiat nowotarski,25.58%
55,Ludność w wieku przedprodukcyjnym,2012,gmina,Łapsze Niżne,powiat nowotarski,21.95%
55,Ludność w wieku przedprodukcyjnym,2012,gmina,Nowy Targ (miasto),powiat nowotarski,19.10%
55,Ludność w wieku przedprodukcyjnym,2012,gmina,Nowy Targ (wieś),powiat nowotarski,22.98%
55,Ludność w wieku przedprodukcyjnym,2012,gmina,Ochotnica Dolna,powiat nowotarski,25.66%
55,Ludność w wieku przedprodukcyjnym,2012,gmina,Raba Wyżna,powiat nowotarski,22.92%
55,Ludność w wieku przedprodukcyjnym,2012,gmina,Rabka-Zdrój,powiat nowotarski,19.35%
55,Ludność w wieku przedprodukcyjnym,2012,gmina,Spytkowice,powiat nowotarski,25.51%
55,Ludność w wieku przedprodukcyjnym,2012,gmina,Szaflary,powiat nowotarski,22.81%
55,Ludność w wieku przedprodukcyjnym,2012,gmina,Szczawnica,powiat nowotarski,19.65%
55,Ludność w wieku przedprodukcyjnym,2012,powiat,powiat olkuski,powiat olkuski,17.19%
55,Ludność w wieku przedprodukcyjnym,2012,gmina,Bolesław,powiat olkuski,16.72%
55,Ludność w wieku przedprodukcyjnym,2012,gmina,Bukowno,powiat olkuski,15.06%
55,Ludność w wieku przedprodukcyjnym,2012,gmina,Klucze,powiat olkuski,17.46%
55,Ludność w wieku przedprodukcyjnym,2012,gmina,Olkusz,powiat olkuski,16.85%
55,Ludność w wieku przedprodukcyjnym,2012,gmina,Trzyciąż,powiat olkuski,19.90%
55,Ludność w wieku przedprodukcyjnym,2012,gmina,Wolbrom,powiat olkuski,18.02%
55,Ludność w wieku przedprodukcyjnym,2012,powiat,powiat oświęcimski,powiat oświęcimski,17.87%
55,Ludność w wieku przedprodukcyjnym,2012,gmina,Brzeszcze,powiat oświęcimski,17.41%
55,Ludność w wieku przedprodukcyjnym,2012,gmina,Chełmek,powiat oświęcimski,17.09%
55,Ludność w wieku przedprodukcyjnym,2012,gmina,Kęty,powiat oświęcimski,18.46%
55,Ludność w wieku przedprodukcyjnym,2012,gmina,Osiek,powiat oświęcimski,20.49%
55,Ludność w wieku przedprodukcyjnym,2012,gmina,Oświęcim (miasto),powiat oświęcimski,16.09%
55,Ludność w wieku przedprodukcyjnym,2012,gmina,Oświęcim (wieś),powiat oświęcimski,18.97%
55,Ludność w wieku przedprodukcyjnym,2012,gmina,Polanka Wielka,powiat oświęcimski,20.17%
55,Ludność w wieku przedprodukcyjnym,2012,gmina,Przeciszów,powiat oświęcimski,19.24%
55,Ludność w wieku przedprodukcyjnym,2012,gmina,Zator,powiat oświęcimski,19.07%
55,Ludność w wieku przedprodukcyjnym,2012,powiat,powiat proszowicki,powiat proszowicki,18.76%
55,Ludność w wieku przedprodukcyjnym,2012,gmina,Koniusza,powiat proszowicki,19.94%
55,Ludność w wieku przedprodukcyjnym,2012,gmina,Koszyce,powiat proszowicki,17.05%
55,Ludność w wieku przedprodukcyjnym,2012,gmina,Nowe Brzesko,powiat proszowicki,18.54%
55,Ludność w wieku przedprodukcyjnym,2012,gmina,Pałecznica,powiat proszowicki,20.43%
55,Ludność w wieku przedprodukcyjnym,2012,gmina,Proszowice,powiat proszowicki,18.16%
55,Ludność w wieku przedprodukcyjnym,2012,gmina,Radziemice,powiat proszowicki,20.02%
55,Ludność w wieku przedprodukcyjnym,2012,powiat,powiat suski,powiat suski,21.46%
55,Ludność w wieku przedprodukcyjnym,2012,gmina,Budzów,powiat suski,24.66%
55,Ludność w wieku przedprodukcyjnym,2012,gmina,Bystra-Sidzina,powiat suski,25.16%
55,Ludność w wieku przedprodukcyjnym,2012,gmina,Jordanów (miasto),powiat suski,20.75%
55,Ludność w wieku przedprodukcyjnym,2012,gmina,Jordanów (wieś),powiat suski,22.88%
55,Ludność w wieku przedprodukcyjnym,2012,gmina,Maków Podhalański,powiat suski,20.49%
55,Ludność w wieku przedprodukcyjnym,2012,gmina,Stryszawa,powiat suski,19.62%
55,Ludność w wieku przedprodukcyjnym,2012,gmina,Sucha Beskidzka,powiat suski,18.75%
55,Ludność w wieku przedprodukcyjnym,2012,gmina,Zawoja,powiat suski,22.41%
55,Ludność w wieku przedprodukcyjnym,2012,gmina,Zembrzyce,powiat suski,19.75%
55,Ludność w wieku przedprodukcyjnym,2012,powiat,powiat tarnowski,powiat tarnowski,21.35%
55,Ludność w wieku przedprodukcyjnym,2012,gmina,Ciężkowice,powiat tarnowski,22.15%
55,Ludność w wieku przedprodukcyjnym,2012,gmina,Gromnik,powiat tarnowski,22.79%
55,Ludność w wieku przedprodukcyjnym,2012,gmina,Lisia Góra,powiat tarnowski,22.90%
55,Ludność w wieku przedprodukcyjnym,2012,gmina,Pleśna,powiat tarnowski,22.16%
55,Ludność w wieku przedprodukcyjnym,2012,gmina,Radłów,powiat tarnowski,18.94%
55,Ludność w wieku przedprodukcyjnym,2012,gmina,Ryglice,powiat tarnowski,22.88%
55,Ludność w wieku przedprodukcyjnym,2012,gmina,Rzepiennik Strzyżewski,powiat tarnowski,22.97%
55,Ludność w wieku przedprodukcyjnym,2012,gmina,Skrzyszów,powiat tarnowski,21.99%
55,Ludność w wieku przedprodukcyjnym,2012,gmina,Szerzyny,powiat tarnowski,21.38%
55,Ludność w wieku przedprodukcyjnym,2012,gmina,Tarnów (wieś),powiat tarnowski,21.06%
55,Ludność w wieku przedprodukcyjnym,2012,gmina,Tuchów,powiat tarnowski,21.54%
55,Ludność w wieku przedprodukcyjnym,2012,gmina,Wierzchosławice,powiat tarnowski,20.10%
55,Ludność w wieku przedprodukcyjnym,2012,gmina,Wietrzychowice,powiat tarnowski,17.71%
55,Ludność w wieku przedprodukcyjnym,2012,gmina,Wojnicz,powiat tarnowski,21.13%
55,Ludność w wieku przedprodukcyjnym,2012,gmina,Zakliczyn,powiat tarnowski,22.04%
55,Ludność w wieku przedprodukcyjnym,2012,gmina,Żabno,powiat tarnowski,19.10%
55,Ludność w wieku przedprodukcyjnym,2012,powiat,powiat tatrzański,powiat tatrzański,19.95%
55,Ludność w wieku przedprodukcyjnym,2012,gmina,Biały Dunajec,powiat tatrzański,21.89%
55,Ludność w wieku przedprodukcyjnym,2012,gmina,Bukowina Tatrzańska,powiat tatrzański,22.00%
55,Ludność w wieku przedprodukcyjnym,2012,gmina,Kościelisko,powiat tatrzański,20.57%
55,Ludność w wieku przedprodukcyjnym,2012,gmina,Poronin,powiat tatrzański,23.36%
55,Ludność w wieku przedprodukcyjnym,2012,gmina,Zakopane,powiat tatrzański,16.92%
55,Ludność w wieku przedprodukcyjnym,2012,powiat,powiat wadowicki,powiat wadowicki,20.52%
55,Ludność w wieku przedprodukcyjnym,2012,gmina,Andrychów,powiat wadowicki,19.99%
55,Ludność w wieku przedprodukcyjnym,2012,gmina,Brzeźnica,powiat wadowicki,20.68%
55,Ludność w wieku przedprodukcyjnym,2012,gmina,Kalwaria Zebrzydowska,powiat wadowicki,20.27%
55,Ludność w wieku przedprodukcyjnym,2012,gmina,Lanckorona,powiat wadowicki,22.08%
55,Ludność w wieku przedprodukcyjnym,2012,gmina,Mucharz,powiat wadowicki,21.49%
55,Ludność w wieku przedprodukcyjnym,2012,gmina,Spytkowice,powiat wadowicki,20.52%
55,Ludność w wieku przedprodukcyjnym,2012,gmina,Stryszów,powiat wadowicki,20.98%
55,Ludność w wieku przedprodukcyjnym,2012,gmina,Tomice,powiat wadowicki,22.64%
55,Ludność w wieku przedprodukcyjnym,2012,gmina,Wadowice,powiat wadowicki,19.59%
55,Ludność w wieku przedprodukcyjnym,2012,gmina,Wieprz,powiat wadowicki,22.86%
55,Ludność w wieku przedprodukcyjnym,2012,powiat,powiat wielicki,powiat wielicki,20.96%
55,Ludność w wieku przedprodukcyjnym,2012,gmina,Biskupice,powiat wielicki,21.90%
55,Ludność w wieku przedprodukcyjnym,2012,gmina,Gdów,powiat wielicki,22.99%
55,Ludność w wieku przedprodukcyjnym,2012,gmina,Kłaj,powiat wielicki,20.26%
55,Ludność w wieku przedprodukcyjnym,2012,gmina,Niepołomice,powiat wielicki,20.43%
55,Ludność w wieku przedprodukcyjnym,2012,gmina,Wieliczka,powiat wielicki,20.53%
55,Ludność w wieku przedprodukcyjnym,2011,powiat,powiat bocheński,powiat bocheński,21.71%
55,Ludność w wieku przedprodukcyjnym,2011,gmina,Bochnia (miasto),powiat bocheński,19.84%
55,Ludność w wieku przedprodukcyjnym,2011,gmina,Bochnia (wieś),powiat bocheński,21.37%
55,Ludność w wieku przedprodukcyjnym,2011,gmina,Drwinia,powiat bocheński,20.40%
55,Ludność w wieku przedprodukcyjnym,2011,gmina,Lipnica Murowana,powiat bocheński,23.58%
55,Ludność w wieku przedprodukcyjnym,2011,gmina,Łapanów,powiat bocheński,23.61%
55,Ludność w wieku przedprodukcyjnym,2011,gmina,Nowy Wiśnicz,powiat bocheński,23.44%
55,Ludność w wieku przedprodukcyjnym,2011,gmina,Rzezawa,powiat bocheński,21.77%
55,Ludność w wieku przedprodukcyjnym,2011,gmina,Trzciana,powiat bocheński,24.08%
55,Ludność w wieku przedprodukcyjnym,2011,gmina,Żegocina,powiat bocheński,23.63%
55,Ludność w wieku przedprodukcyjnym,2011,powiat,powiat brzeski,powiat brzeski,21.63%
55,Ludność w wieku przedprodukcyjnym,2011,gmina,Borzęcin,powiat brzeski,21.39%
55,Ludność w wieku przedprodukcyjnym,2011,gmina,Brzesko,powiat brzeski,20.38%
55,Ludność w wieku przedprodukcyjnym,2011,gmina,Czchów,powiat brzeski,23.30%
55,Ludność w wieku przedprodukcyjnym,2011,gmina,Dębno,powiat brzeski,22.01%
55,Ludność w wieku przedprodukcyjnym,2011,gmina,Gnojnik,powiat brzeski,24.23%
55,Ludność w wieku przedprodukcyjnym,2011,gmina,Iwkowa,powiat brzeski,25.50%
55,Ludność w wieku przedprodukcyjnym,2011,gmina,Szczurowa,powiat brzeski,19.77%
55,Ludność w wieku przedprodukcyjnym,2011,powiat,powiat chrzanowski,powiat chrzanowski,16.75%
55,Ludność w wieku przedprodukcyjnym,2011,gmina,Alwernia,powiat chrzanowski,17.40%
55,Ludność w wieku przedprodukcyjnym,2011,gmina,Babice,powiat chrzanowski,18.48%
55,Ludność w wieku przedprodukcyjnym,2011,gmina,Chrzanów,powiat chrzanowski,15.77%
55,Ludność w wieku przedprodukcyjnym,2011,gmina,Libiąż,powiat chrzanowski,17.73%
55,Ludność w wieku przedprodukcyjnym,2011,gmina,Trzebinia,powiat chrzanowski,16.79%
55,Ludność w wieku przedprodukcyjnym,2011,powiat,powiat dąbrowski,powiat dąbrowski,19.94%
55,Ludność w wieku przedprodukcyjnym,2011,gmina,Bolesław,powiat dąbrowski,16.24%
55,Ludność w wieku przedprodukcyjnym,2011,gmina,Dąbrowa Tarnowska,powiat dąbrowski,20.26%
55,Ludność w wieku przedprodukcyjnym,2011,gmina,Gręboszów,powiat dąbrowski,14.94%
55,Ludność w wieku przedprodukcyjnym,2011,gmina,Mędrzechów,powiat dąbrowski,19.06%
55,Ludność w wieku przedprodukcyjnym,2011,gmina,Olesno,powiat dąbrowski,20.09%
55,Ludność w wieku przedprodukcyjnym,2011,gmina,Radgoszcz,powiat dąbrowski,23.33%
55,Ludność w wieku przedprodukcyjnym,2011,gmina,Szczucin,powiat dąbrowski,19.81%
55,Ludność w wieku przedprodukcyjnym,2011,powiat,powiat gorlicki,powiat gorlicki,21.01%
55,Ludność w wieku przedprodukcyjnym,2011,gmina,Biecz,powiat gorlicki,20.54%
55,Ludność w wieku przedprodukcyjnym,2011,gmina,Bobowa,powiat gorlicki,26.42%
55,Ludność w wieku przedprodukcyjnym,2011,gmina,Gorlice (miasto),powiat gorlicki,17.01%
55,Ludność w wieku przedprodukcyjnym,2011,gmina,Gorlice (wieś),powiat gorlicki,21.22%
55,Ludność w wieku przedprodukcyjnym,2011,gmina,Lipinki,powiat gorlicki,20.28%
55,Ludność w wieku przedprodukcyjnym,2011,gmina,Łużna,powiat gorlicki,22.78%
55,Ludność w wieku przedprodukcyjnym,2011,gmina,Moszczenica,powiat gorlicki,23.10%
55,Ludność w wieku przedprodukcyjnym,2011,gmina,Ropa,powiat gorlicki,25.14%
55,Ludność w wieku przedprodukcyjnym,2011,gmina,Sękowa,powiat gorlicki,21.29%
55,Ludność w wieku przedprodukcyjnym,2011,gmina,Uście Gorlickie,powiat gorlicki,24.70%
55,Ludność w wieku przedprodukcyjnym,2011,powiat,powiat krakowski,powiat krakowski,20.11%
55,Ludność w wieku przedprodukcyjnym,2011,gmina,Czernichów,powiat krakowski,20.55%
55,Ludność w wieku przedprodukcyjnym,2011,gmina,Igołomia-Wawrzeńczyce,powiat krakowski,20.18%
55,Ludność w wieku przedprodukcyjnym,2011,gmina,Iwanowice,powiat krakowski,21.19%
55,Ludność w wieku przedprodukcyjnym,2011,gmina,Jerzmanowice-Przeginia,powiat krakowski,20.78%
55,Ludność w wieku przedprodukcyjnym,2011,gmina,Kocmyrzów-Luborzyca,powiat krakowski,20.57%
55,Ludność w wieku przedprodukcyjnym,2011,gmina,Krzeszowice,powiat krakowski,17.81%
55,Ludność w wieku przedprodukcyjnym,2011,gmina,Liszki,powiat krakowski,20.39%
55,Ludność w wieku przedprodukcyjnym,2011,gmina,Michałowice,powiat krakowski,22.91%
55,Ludność w wieku przedprodukcyjnym,2011,gmina,Mogilany,powiat krakowski,22.53%
55,Ludność w wieku przedprodukcyjnym,2011,gmina,Skała,powiat krakowski,20.53%
55,Ludność w wieku przedprodukcyjnym,2011,gmina,Skawina,powiat krakowski,19.52%
55,Ludność w wieku przedprodukcyjnym,2011,gmina,Słomniki,powiat krakowski,19.03%
55,Ludność w wieku przedprodukcyjnym,2011,gmina,Sułoszowa,powiat krakowski,21.34%
55,Ludność w wieku przedprodukcyjnym,2011,gmina,Świątniki Górne,powiat krakowski,21.18%
55,Ludność w wieku przedprodukcyjnym,2011,gmina,Wielka Wieś,powiat krakowski,20.74%
55,Ludność w wieku przedprodukcyjnym,2011,gmina,Zabierzów,powiat krakowski,18.51%
55,Ludność w wieku przedprodukcyjnym,2011,gmina,Zielonki,powiat krakowski,22.00%
55,Ludność w wieku przedprodukcyjnym,2011,powiat,powiat limanowski,powiat limanowski,25.29%
55,Ludność w wieku przedprodukcyjnym,2011,gmina,Dobra,powiat limanowski,23.15%
55,Ludność w wieku przedprodukcyjnym,2011,gmina,Jodłownik,powiat limanowski,24.38%
55,Ludność w wieku przedprodukcyjnym,2011,gmina,Kamienica,powiat limanowski,26.39%
55,Ludność w wieku przedprodukcyjnym,2011,gmina,Laskowa,powiat limanowski,27.28%
55,Ludność w wieku przedprodukcyjnym,2011,gmina,Limanowa (miasto),powiat limanowski,21.07%
55,Ludność w wieku przedprodukcyjnym,2011,gmina,Limanowa (wieś),powiat limanowski,25.85%
55,Ludność w wieku przedprodukcyjnym,2011,gmina,Łukowica,powiat limanowski,26.91%
55,Ludność w wieku przedprodukcyjnym,2011,gmina,Mszana Dolna (miasto),powiat limanowski,22.85%
55,Ludność w wieku przedprodukcyjnym,2011,gmina,Mszana Dolna (wieś),powiat limanowski,25.93%
55,Ludność w wieku przedprodukcyjnym,2011,gmina,Niedźwiedź,powiat limanowski,27.09%
55,Ludność w wieku przedprodukcyjnym,2011,gmina,Słopnice,powiat limanowski,30.54%
55,Ludność w wieku przedprodukcyjnym,2011,gmina,Tymbark,powiat limanowski,25.35%
55,Ludność w wieku przedprodukcyjnym,2011,powiat,powiat m. Kraków,powiat m. Kraków,15.38%
55,Ludność w wieku przedprodukcyjnym,2011,powiat,powiat m. Nowy Sącz,powiat m. Nowy Sącz,19.36%
55,Ludność w wieku przedprodukcyjnym,2011,powiat,powiat m. Tarnów,powiat m. Tarnów,16.54%
55,Ludność w wieku przedprodukcyjnym,2011,powiat,powiat miechowski,powiat miechowski,18.05%
55,Ludność w wieku przedprodukcyjnym,2011,gmina,Charsznica,powiat miechowski,18.34%
55,Ludność w wieku przedprodukcyjnym,2011,gmina,Gołcza,powiat miechowski,18.02%
55,Ludność w wieku przedprodukcyjnym,2011,gmina,Kozłów,powiat miechowski,17.69%
55,Ludność w wieku przedprodukcyjnym,2011,gmina,Książ Wielki,powiat miechowski,18.07%
55,Ludność w wieku przedprodukcyjnym,2011,gmina,Miechów,powiat miechowski,17.73%
55,Ludność w wieku przedprodukcyjnym,2011,gmina,Racławice,powiat miechowski,18.67%
55,Ludność w wieku przedprodukcyjnym,2011,gmina,Słaboszów,powiat miechowski,19.15%
55,Ludność w wieku przedprodukcyjnym,2011,powiat,powiat myślenicki,powiat myślenicki,22.68%
55,Ludność w wieku przedprodukcyjnym,2011,gmina,Dobczyce,powiat myślenicki,22.45%
55,Ludność w wieku przedprodukcyjnym,2011,gmina,Lubień,powiat myślenicki,24.53%
55,Ludność w wieku przedprodukcyjnym,2011,gmina,Myślenice,powiat myślenicki,21.68%
55,Ludność w wieku przedprodukcyjnym,2011,gmina,Pcim,powiat myślenicki,23.95%
55,Ludność w wieku przedprodukcyjnym,2011,gmina,Raciechowice,powiat myślenicki,21.35%
55,Ludność w wieku przedprodukcyjnym,2011,gmina,Siepraw,powiat myślenicki,22.34%
55,Ludność w wieku przedprodukcyjnym,2011,gmina,Sułkowice,powiat myślenicki,22.58%
55,Ludność w wieku przedprodukcyjnym,2011,gmina,Tokarnia,powiat myślenicki,25.12%
55,Ludność w wieku przedprodukcyjnym,2011,gmina,Wiśniowa,powiat myślenicki,23.44%
55,Ludność w wieku przedprodukcyjnym,2011,powiat,powiat nowosądecki,powiat nowosądecki,24.89%
55,Ludność w wieku przedprodukcyjnym,2011,gmina,Podegrodzie,powiat nowosądecki,26.97%
55,Ludność w wieku przedprodukcyjnym,2011,gmina,Rytro,powiat nowosądecki,22.71%
55,Ludność w wieku przedprodukcyjnym,2011,gmina,Stary Sącz,powiat nowosądecki,23.61%
55,Ludność w wieku przedprodukcyjnym,2011,gmina,Chełmiec,powiat nowosądecki,25.38%
55,Ludność w wieku przedprodukcyjnym,2011,gmina,Gródek nad Dunajcem,powiat nowosądecki,26.17%
55,Ludność w wieku przedprodukcyjnym,2011,gmina,Grybów (miasto),powiat nowosądecki,21.10%
55,Ludność w wieku przedprodukcyjnym,2011,gmina,Grybów (wieś),powiat nowosądecki,26.93%
55,Ludność w wieku przedprodukcyjnym,2011,gmina,Kamionka Wielka,powiat nowosądecki,27.05%
55,Ludność w wieku przedprodukcyjnym,2011,gmina,Korzenna,powiat nowosądecki,25.86%
55,Ludność w wieku przedprodukcyjnym,2011,gmina,Krynica-Zdrój,powiat nowosądecki,19.59%
55,Ludność w wieku przedprodukcyjnym,2011,gmina,Łabowa,powiat nowosądecki,27.84%
55,Ludność w wieku przedprodukcyjnym,2011,gmina,Łącko,powiat nowosądecki,26.03%
55,Ludność w wieku przedprodukcyjnym,2011,gmina,Łososina Dolna,powiat nowosądecki,26.32%
55,Ludność w wieku przedprodukcyjnym,2011,gmina,Muszyna,powiat nowosądecki,22.78%
55,Ludność w wieku przedprodukcyjnym,2011,gmina,Nawojowa,powiat nowosądecki,26.89%
55,Ludność w wieku przedprodukcyjnym,2011,gmina,Piwniczna-Zdrój,powiat nowosądecki,22.62%
55,Ludność w wieku przedprodukcyjnym,2011,powiat,powiat nowotarski,powiat nowotarski,22.55%
55,Ludność w wieku przedprodukcyjnym,2011,gmina,Czarny Dunajec,powiat nowotarski,22.29%
55,Ludność w wieku przedprodukcyjnym,2011,gmina,Czorsztyn,powiat nowotarski,23.06%
55,Ludność w wieku przedprodukcyjnym,2011,gmina,Jabłonka,powiat nowotarski,26.07%
55,Ludność w wieku przedprodukcyjnym,2011,gmina,Krościenko nad Dunajcem,powiat nowotarski,22.05%
55,Ludność w wieku przedprodukcyjnym,2011,gmina,Lipnica Wielka,powiat nowotarski,26.32%
55,Ludność w wieku przedprodukcyjnym,2011,gmina,Łapsze Niżne,powiat nowotarski,22.39%
55,Ludność w wieku przedprodukcyjnym,2011,gmina,Nowy Targ (miasto),powiat nowotarski,19.56%
55,Ludność w wieku przedprodukcyjnym,2011,gmina,Nowy Targ (wieś),powiat nowotarski,23.64%
55,Ludność w wieku przedprodukcyjnym,2011,gmina,Ochotnica Dolna,powiat nowotarski,26.05%
55,Ludność w wieku przedprodukcyjnym,2011,gmina,Raba Wyżna,powiat nowotarski,23.40%
55,Ludność w wieku przedprodukcyjnym,2011,gmina,Rabka-Zdrój,powiat nowotarski,19.84%
55,Ludność w wieku przedprodukcyjnym,2011,gmina,Spytkowice,powiat nowotarski,25.80%
55,Ludność w wieku przedprodukcyjnym,2011,gmina,Szaflary,powiat nowotarski,23.42%
55,Ludność w wieku przedprodukcyjnym,2011,gmina,Szczawnica,powiat nowotarski,19.87%
55,Ludność w wieku przedprodukcyjnym,2011,powiat,powiat olkuski,powiat olkuski,17.37%
55,Ludność w wieku przedprodukcyjnym,2011,gmina,Bolesław,powiat olkuski,17.14%
55,Ludność w wieku przedprodukcyjnym,2011,gmina,Bukowno,powiat olkuski,15.40%
55,Ludność w wieku przedprodukcyjnym,2011,gmina,Klucze,powiat olkuski,17.47%
55,Ludność w wieku przedprodukcyjnym,2011,gmina,Olkusz,powiat olkuski,16.94%
55,Ludność w wieku przedprodukcyjnym,2011,gmina,Trzyciąż,powiat olkuski,20.37%
55,Ludność w wieku przedprodukcyjnym,2011,gmina,Wolbrom,powiat olkuski,18.25%
55,Ludność w wieku przedprodukcyjnym,2011,powiat,powiat oświęcimski,powiat oświęcimski,18.09%
55,Ludność w wieku przedprodukcyjnym,2011,gmina,Brzeszcze,powiat oświęcimski,17.46%
55,Ludność w wieku przedprodukcyjnym,2011,gmina,Chełmek,powiat oświęcimski,17.55%
55,Ludność w wieku przedprodukcyjnym,2011,gmina,Kęty,powiat oświęcimski,18.69%
55,Ludność w wieku przedprodukcyjnym,2011,gmina,Osiek,powiat oświęcimski,20.72%
55,Ludność w wieku przedprodukcyjnym,2011,gmina,Oświęcim (miasto),powiat oświęcimski,16.18%
55,Ludność w wieku przedprodukcyjnym,2011,gmina,Oświęcim (wieś),powiat oświęcimski,19.31%
55,Ludność w wieku przedprodukcyjnym,2011,gmina,Polanka Wielka,powiat oświęcimski,20.84%
55,Ludność w wieku przedprodukcyjnym,2011,gmina,Przeciszów,powiat oświęcimski,19.54%
55,Ludność w wieku przedprodukcyjnym,2011,gmina,Zator,powiat oświęcimski,19.41%
55,Ludność w wieku przedprodukcyjnym,2011,powiat,powiat proszowicki,powiat proszowicki,19.26%
55,Ludność w wieku przedprodukcyjnym,2011,gmina,Koniusza,powiat proszowicki,20.23%
55,Ludność w wieku przedprodukcyjnym,2011,gmina,Koszyce,powiat proszowicki,17.44%
55,Ludność w wieku przedprodukcyjnym,2011,gmina,Nowe Brzesko,powiat proszowicki,19.27%
55,Ludność w wieku przedprodukcyjnym,2011,gmina,Pałecznica,powiat proszowicki,21.29%
55,Ludność w wieku przedprodukcyjnym,2011,gmina,Proszowice,powiat proszowicki,18.73%
55,Ludność w wieku przedprodukcyjnym,2011,gmina,Radziemice,powiat proszowicki,20.16%
55,Ludność w wieku przedprodukcyjnym,2011,powiat,powiat suski,powiat suski,21.85%
55,Ludność w wieku przedprodukcyjnym,2011,gmina,Budzów,powiat suski,25.08%
55,Ludność w wieku przedprodukcyjnym,2011,gmina,Bystra-Sidzina,powiat suski,25.85%
55,Ludność w wieku przedprodukcyjnym,2011,gmina,Jordanów (miasto),powiat suski,19.68%
55,Ludność w wieku przedprodukcyjnym,2011,gmina,Jordanów (wieś),powiat suski,24.22%
55,Ludność w wieku przedprodukcyjnym,2011,gmina,Maków Podhalański,powiat suski,20.97%
55,Ludność w wieku przedprodukcyjnym,2011,gmina,Stryszawa,powiat suski,19.96%
55,Ludność w wieku przedprodukcyjnym,2011,gmina,Sucha Beskidzka,powiat suski,18.82%
55,Ludność w wieku przedprodukcyjnym,2011,gmina,Zawoja,powiat suski,22.53%
55,Ludność w wieku przedprodukcyjnym,2011,gmina,Zembrzyce,powiat suski,20.14%
55,Ludność w wieku przedprodukcyjnym,2011,powiat,powiat tarnowski,powiat tarnowski,21.82%
55,Ludność w wieku przedprodukcyjnym,2011,gmina,Ciężkowice,powiat tarnowski,22.47%
55,Ludność w wieku przedprodukcyjnym,2011,gmina,Gromnik,powiat tarnowski,22.96%
55,Ludność w wieku przedprodukcyjnym,2011,gmina,Lisia Góra,powiat tarnowski,23.30%
55,Ludność w wieku przedprodukcyjnym,2011,gmina,Pleśna,powiat tarnowski,22.38%
55,Ludność w wieku przedprodukcyjnym,2011,gmina,Radłów,powiat tarnowski,19.54%
55,Ludność w wieku przedprodukcyjnym,2011,gmina,Ryglice,powiat tarnowski,23.58%
55,Ludność w wieku przedprodukcyjnym,2011,gmina,Rzepiennik Strzyżewski,powiat tarnowski,23.59%
55,Ludność w wieku przedprodukcyjnym,2011,gmina,Skrzyszów,powiat tarnowski,22.63%
55,Ludność w wieku przedprodukcyjnym,2011,gmina,Szerzyny,powiat tarnowski,21.84%
55,Ludność w wieku przedprodukcyjnym,2011,gmina,Tarnów (wieś),powiat tarnowski,21.49%
55,Ludność w wieku przedprodukcyjnym,2011,gmina,Tuchów,powiat tarnowski,21.88%
55,Ludność w wieku przedprodukcyjnym,2011,gmina,Wierzchosławice,powiat tarnowski,20.71%
55,Ludność w wieku przedprodukcyjnym,2011,gmina,Wietrzychowice,powiat tarnowski,18.76%
55,Ludność w wieku przedprodukcyjnym,2011,gmina,Wojnicz,powiat tarnowski,21.47%
55,Ludność w wieku przedprodukcyjnym,2011,gmina,Zakliczyn,powiat tarnowski,22.57%
55,Ludność w wieku przedprodukcyjnym,2011,gmina,Żabno,powiat tarnowski,19.72%
55,Ludność w wieku przedprodukcyjnym,2011,powiat,powiat tatrzański,powiat tatrzański,20.22%
55,Ludność w wieku przedprodukcyjnym,2011,gmina,Biały Dunajec,powiat tatrzański,22.33%
55,Ludność w wieku przedprodukcyjnym,2011,gmina,Bukowina Tatrzańska,powiat tatrzański,22.27%
55,Ludność w wieku przedprodukcyjnym,2011,gmina,Kościelisko,powiat tatrzański,21.11%
55,Ludność w wieku przedprodukcyjnym,2011,gmina,Poronin,powiat tatrzański,23.59%
55,Ludność w wieku przedprodukcyjnym,2011,gmina,Zakopane,powiat tatrzański,17.10%
55,Ludność w wieku przedprodukcyjnym,2011,powiat,powiat wadowicki,powiat wadowicki,20.78%
55,Ludność w wieku przedprodukcyjnym,2011,gmina,Andrychów,powiat wadowicki,20.09%
55,Ludność w wieku przedprodukcyjnym,2011,gmina,Brzeźnica,powiat wadowicki,21.01%
55,Ludność w wieku przedprodukcyjnym,2011,gmina,Kalwaria Zebrzydowska,powiat wadowicki,20.56%
55,Ludność w wieku przedprodukcyjnym,2011,gmina,Lanckorona,powiat wadowicki,22.22%
55,Ludność w wieku przedprodukcyjnym,2011,gmina,Mucharz,powiat wadowicki,21.88%
55,Ludność w wieku przedprodukcyjnym,2011,gmina,Spytkowice,powiat wadowicki,21.00%
55,Ludność w wieku przedprodukcyjnym,2011,gmina,Stryszów,powiat wadowicki,21.09%
55,Ludność w wieku przedprodukcyjnym,2011,gmina,Tomice,powiat wadowicki,22.84%
55,Ludność w wieku przedprodukcyjnym,2011,gmina,Wadowice,powiat wadowicki,19.91%
55,Ludność w wieku przedprodukcyjnym,2011,gmina,Wieprz,powiat wadowicki,23.41%
55,Ludność w wieku przedprodukcyjnym,2011,powiat,powiat wielicki,powiat wielicki,21.14%
55,Ludność w wieku przedprodukcyjnym,2011,gmina,Biskupice,powiat wielicki,21.77%
55,Ludność w wieku przedprodukcyjnym,2011,gmina,Gdów,powiat wielicki,23.39%
55,Ludność w wieku przedprodukcyjnym,2011,gmina,Kłaj,powiat wielicki,20.50%
55,Ludność w wieku przedprodukcyjnym,2011,gmina,Niepołomice,powiat wielicki,20.61%
55,Ludność w wieku przedprodukcyjnym,2011,gmina,Wieliczka,powiat wielicki,20.69%
55,Ludność w wieku przedprodukcyjnym,2010,powiat,powiat bocheński,powiat bocheński,22.00%
55,Ludność w wieku przedprodukcyjnym,2010,gmina,Bochnia (miasto),powiat bocheński,20.00%
55,Ludność w wieku przedprodukcyjnym,2010,gmina,Bochnia (wieś),powiat bocheński,22.00%
55,Ludność w wieku przedprodukcyjnym,2010,gmina,Drwinia,powiat bocheński,21.00%
55,Ludność w wieku przedprodukcyjnym,2010,gmina,Lipnica Murowana,powiat bocheński,24.00%
55,Ludność w wieku przedprodukcyjnym,2010,gmina,Łapanów,powiat bocheński,24.00%
55,Ludność w wieku przedprodukcyjnym,2010,gmina,Nowy Wiśnicz,powiat bocheński,24.00%
55,Ludność w wieku przedprodukcyjnym,2010,gmina,Rzezawa,powiat bocheński,23.00%
55,Ludność w wieku przedprodukcyjnym,2010,gmina,Trzciana,powiat bocheński,24.00%
55,Ludność w wieku przedprodukcyjnym,2010,gmina,Żegocina,powiat bocheński,24.00%
55,Ludność w wieku przedprodukcyjnym,2010,powiat,powiat brzeski,powiat brzeski,22.00%
55,Ludność w wieku przedprodukcyjnym,2010,gmina,Borzęcin,powiat brzeski,22.00%
55,Ludność w wieku przedprodukcyjnym,2010,gmina,Brzesko,powiat brzeski,21.00%
55,Ludność w wieku przedprodukcyjnym,2010,gmina,Czchów,powiat brzeski,24.00%
55,Ludność w wieku przedprodukcyjnym,2010,gmina,Dębno,powiat brzeski,23.00%
55,Ludność w wieku przedprodukcyjnym,2010,gmina,Gnojnik,powiat brzeski,25.00%
55,Ludność w wieku przedprodukcyjnym,2010,gmina,Iwkowa,powiat brzeski,26.00%
55,Ludność w wieku przedprodukcyjnym,2010,gmina,Szczurowa,powiat brzeski,20.00%
55,Ludność w wieku przedprodukcyjnym,2010,powiat,powiat chrzanowski,powiat chrzanowski,17.00%
55,Ludność w wieku przedprodukcyjnym,2010,gmina,Alwernia,powiat chrzanowski,18.00%
55,Ludność w wieku przedprodukcyjnym,2010,gmina,Babice,powiat chrzanowski,19.00%
55,Ludność w wieku przedprodukcyjnym,2010,gmina,Chrzanów,powiat chrzanowski,16.00%
55,Ludność w wieku przedprodukcyjnym,2010,gmina,Libiąż,powiat chrzanowski,18.00%
55,Ludność w wieku przedprodukcyjnym,2010,gmina,Trzebinia,powiat chrzanowski,17.00%
55,Ludność w wieku przedprodukcyjnym,2010,powiat,powiat dąbrowski,powiat dąbrowski,21.00%
55,Ludność w wieku przedprodukcyjnym,2010,gmina,Bolesław,powiat dąbrowski,17.00%
55,Ludność w wieku przedprodukcyjnym,2010,gmina,Dąbrowa Tarnowska,powiat dąbrowski,21.00%
55,Ludność w wieku przedprodukcyjnym,2010,gmina,Gręboszów,powiat dąbrowski,16.00%
55,Ludność w wieku przedprodukcyjnym,2010,gmina,Mędrzechów,powiat dąbrowski,20.00%
55,Ludność w wieku przedprodukcyjnym,2010,gmina,Olesno,powiat dąbrowski,21.00%
55,Ludność w wieku przedprodukcyjnym,2010,gmina,Radgoszcz,powiat dąbrowski,24.00%
55,Ludność w wieku przedprodukcyjnym,2010,gmina,Szczucin,powiat dąbrowski,20.00%
55,Ludność w wieku przedprodukcyjnym,2010,powiat,powiat gorlicki,powiat gorlicki,21.00%
55,Ludność w wieku przedprodukcyjnym,2010,gmina,Biecz,powiat gorlicki,21.00%
55,Ludność w wieku przedprodukcyjnym,2010,gmina,Bobowa,powiat gorlicki,27.00%
55,Ludność w wieku przedprodukcyjnym,2010,gmina,Gorlice (miasto),powiat gorlicki,17.00%
55,Ludność w wieku przedprodukcyjnym,2010,gmina,Gorlice (wieś),powiat gorlicki,22.00%
55,Ludność w wieku przedprodukcyjnym,2010,gmina,Lipinki,powiat gorlicki,21.00%
55,Ludność w wieku przedprodukcyjnym,2010,gmina,Łużna,powiat gorlicki,23.00%
55,Ludność w wieku przedprodukcyjnym,2010,gmina,Moszczenica,powiat gorlicki,24.00%
55,Ludność w wieku przedprodukcyjnym,2010,gmina,Ropa,powiat gorlicki,26.00%
55,Ludność w wieku przedprodukcyjnym,2010,gmina,Sękowa,powiat gorlicki,22.00%
55,Ludność w wieku przedprodukcyjnym,2010,gmina,Uście Gorlickie,powiat gorlicki,25.00%
55,Ludność w wieku przedprodukcyjnym,2010,powiat,powiat krakowski,powiat krakowski,20.00%
55,Ludność w wieku przedprodukcyjnym,2010,gmina,Czernichów,powiat krakowski,21.00%
55,Ludność w wieku przedprodukcyjnym,2010,gmina,Igołomia-Wawrzeńczyce,powiat krakowski,20.00%
55,Ludność w wieku przedprodukcyjnym,2010,gmina,Iwanowice,powiat krakowski,21.00%
55,Ludność w wieku przedprodukcyjnym,2010,gmina,Jerzmanowice-Przeginia,powiat krakowski,21.00%
55,Ludność w wieku przedprodukcyjnym,2010,gmina,Kocmyrzów-Luborzyca,powiat krakowski,21.00%
55,Ludność w wieku przedprodukcyjnym,2010,gmina,Krzeszowice,powiat krakowski,18.00%
55,Ludność w wieku przedprodukcyjnym,2010,gmina,Liszki,powiat krakowski,21.00%
55,Ludność w wieku przedprodukcyjnym,2010,gmina,Michałowice,powiat krakowski,23.00%
55,Ludność w wieku przedprodukcyjnym,2010,gmina,Mogilany,powiat krakowski,23.00%
55,Ludność w wieku przedprodukcyjnym,2010,gmina,Skała,powiat krakowski,21.00%
55,Ludność w wieku przedprodukcyjnym,2010,gmina,Skawina,powiat krakowski,20.00%
55,Ludność w wieku przedprodukcyjnym,2010,gmina,Słomniki,powiat krakowski,19.00%
55,Ludność w wieku przedprodukcyjnym,2010,gmina,Sułoszowa,powiat krakowski,21.00%
55,Ludność w wieku przedprodukcyjnym,2010,gmina,Świątniki Górne,powiat krakowski,22.00%
55,Ludność w wieku przedprodukcyjnym,2010,gmina,Wielka Wieś,powiat krakowski,21.00%
55,Ludność w wieku przedprodukcyjnym,2010,gmina,Zabierzów,powiat krakowski,19.00%
55,Ludność w wieku przedprodukcyjnym,2010,gmina,Zielonki,powiat krakowski,22.00%
55,Ludność w wieku przedprodukcyjnym,2010,powiat,powiat limanowski,powiat limanowski,26.00%
55,Ludność w wieku przedprodukcyjnym,2010,gmina,Dobra,powiat limanowski,23.00%
55,Ludność w wieku przedprodukcyjnym,2010,gmina,Jodłownik,powiat limanowski,25.00%
55,Ludność w wieku przedprodukcyjnym,2010,gmina,Kamienica,powiat limanowski,27.00%
55,Ludność w wieku przedprodukcyjnym,2010,gmina,Laskowa,powiat limanowski,28.00%
55,Ludność w wieku przedprodukcyjnym,2010,gmina,Limanowa (miasto),powiat limanowski,21.00%
55,Ludność w wieku przedprodukcyjnym,2010,gmina,Limanowa (wieś),powiat limanowski,26.00%
55,Ludność w wieku przedprodukcyjnym,2010,gmina,Łukowica,powiat limanowski,27.00%
55,Ludność w wieku przedprodukcyjnym,2010,gmina,Mszana Dolna (miasto),powiat limanowski,23.00%
55,Ludność w wieku przedprodukcyjnym,2010,gmina,Mszana Dolna (wieś),powiat limanowski,26.00%
55,Ludność w wieku przedprodukcyjnym,2010,gmina,Niedźwiedź,powiat limanowski,28.00%
55,Ludność w wieku przedprodukcyjnym,2010,gmina,Słopnice,powiat limanowski,31.00%
55,Ludność w wieku przedprodukcyjnym,2010,gmina,Tymbark,powiat limanowski,27.00%
55,Ludność w wieku przedprodukcyjnym,2010,powiat,powiat m. Kraków,powiat m. Kraków,15.00%
55,Ludność w wieku przedprodukcyjnym,2010,powiat,powiat m. Nowy Sącz,powiat m. Nowy Sącz,20.00%
55,Ludność w wieku przedprodukcyjnym,2010,powiat,powiat m. Tarnów,powiat m. Tarnów,17.00%
55,Ludność w wieku przedprodukcyjnym,2010,powiat,powiat miechowski,powiat miechowski,18.00%
55,Ludność w wieku przedprodukcyjnym,2010,gmina,Charsznica,powiat miechowski,19.00%
55,Ludność w wieku przedprodukcyjnym,2010,gmina,Gołcza,powiat miechowski,18.00%
55,Ludność w wieku przedprodukcyjnym,2010,gmina,Kozłów,powiat miechowski,19.00%
55,Ludność w wieku przedprodukcyjnym,2010,gmina,Książ Wielki,powiat miechowski,18.00%
55,Ludność w wieku przedprodukcyjnym,2010,gmina,Miechów,powiat miechowski,18.00%
55,Ludność w wieku przedprodukcyjnym,2010,gmina,Racławice,powiat miechowski,19.00%
55,Ludność w wieku przedprodukcyjnym,2010,gmina,Słaboszów,powiat miechowski,19.00%
55,Ludność w wieku przedprodukcyjnym,2010,powiat,powiat myślenicki,powiat myślenicki,23.00%
55,Ludność w wieku przedprodukcyjnym,2010,gmina,Dobczyce,powiat myślenicki,23.00%
55,Ludność w wieku przedprodukcyjnym,2010,gmina,Lubień,powiat myślenicki,25.00%
55,Ludność w wieku przedprodukcyjnym,2010,gmina,Myślenice,powiat myślenicki,22.00%
55,Ludność w wieku przedprodukcyjnym,2010,gmina,Pcim,powiat myślenicki,24.00%
55,Ludność w wieku przedprodukcyjnym,2010,gmina,Raciechowice,powiat myślenicki,21.00%
55,Ludność w wieku przedprodukcyjnym,2010,gmina,Siepraw,powiat myślenicki,23.00%
55,Ludność w wieku przedprodukcyjnym,2010,gmina,Sułkowice,powiat myślenicki,23.00%
55,Ludność w wieku przedprodukcyjnym,2010,gmina,Tokarnia,powiat myślenicki,26.00%
55,Ludność w wieku przedprodukcyjnym,2010,gmina,Wiśniowa,powiat myślenicki,24.00%
55,Ludność w wieku przedprodukcyjnym,2010,powiat,powiat nowosądecki,powiat nowosądecki,25.00%
55,Ludność w wieku przedprodukcyjnym,2010,gmina,Podegrodzie,powiat nowosądecki,27.00%
55,Ludność w wieku przedprodukcyjnym,2010,gmina,Rytro,powiat nowosądecki,23.00%
55,Ludność w wieku przedprodukcyjnym,2010,gmina,Stary Sącz,powiat nowosądecki,24.00%
55,Ludność w wieku przedprodukcyjnym,2010,gmina,Chełmiec,powiat nowosądecki,26.00%
55,Ludność w wieku przedprodukcyjnym,2010,gmina,Gródek nad Dunajcem,powiat nowosądecki,27.00%
55,Ludność w wieku przedprodukcyjnym,2010,gmina,Grybów (miasto),powiat nowosądecki,22.00%
55,Ludność w wieku przedprodukcyjnym,2010,gmina,Grybów (wieś),powiat nowosądecki,27.00%
55,Ludność w wieku przedprodukcyjnym,2010,gmina,Kamionka Wielka,powiat nowosądecki,28.00%
55,Ludność w wieku przedprodukcyjnym,2010,gmina,Korzenna,powiat nowosądecki,26.00%
55,Ludność w wieku przedprodukcyjnym,2010,gmina,Krynica-Zdrój,powiat nowosądecki,20.00%
55,Ludność w wieku przedprodukcyjnym,2010,gmina,Łabowa,powiat nowosądecki,28.00%
55,Ludność w wieku przedprodukcyjnym,2010,gmina,Łącko,powiat nowosądecki,27.00%
55,Ludność w wieku przedprodukcyjnym,2010,gmina,Łososina Dolna,powiat nowosądecki,27.00%
55,Ludność w wieku przedprodukcyjnym,2010,gmina,Muszyna,powiat nowosądecki,23.00%
55,Ludność w wieku przedprodukcyjnym,2010,gmina,Nawojowa,powiat nowosądecki,28.00%
55,Ludność w wieku przedprodukcyjnym,2010,gmina,Piwniczna-Zdrój,powiat nowosądecki,23.00%
55,Ludność w wieku przedprodukcyjnym,2010,powiat,powiat nowotarski,powiat nowotarski,23.00%
55,Ludność w wieku przedprodukcyjnym,2010,gmina,Czarny Dunajec,powiat nowotarski,23.00%
55,Ludność w wieku przedprodukcyjnym,2010,gmina,Czorsztyn,powiat nowotarski,23.00%
55,Ludność w wieku przedprodukcyjnym,2010,gmina,Jabłonka,powiat nowotarski,27.00%
55,Ludność w wieku przedprodukcyjnym,2010,gmina,Krościenko nad Dunajcem,powiat nowotarski,22.00%
55,Ludność w wieku przedprodukcyjnym,2010,gmina,Lipnica Wielka,powiat nowotarski,27.00%
55,Ludność w wieku przedprodukcyjnym,2010,gmina,Łapsze Niżne,powiat nowotarski,23.00%
55,Ludność w wieku przedprodukcyjnym,2010,gmina,Nowy Targ (miasto),powiat nowotarski,20.00%
55,Ludność w wieku przedprodukcyjnym,2010,gmina,Nowy Targ (wieś),powiat nowotarski,24.00%
55,Ludność w wieku przedprodukcyjnym,2010,gmina,Ochotnica Dolna,powiat nowotarski,26.00%
55,Ludność w wieku przedprodukcyjnym,2010,gmina,Raba Wyżna,powiat nowotarski,24.00%
55,Ludność w wieku przedprodukcyjnym,2010,gmina,Rabka-Zdrój,powiat nowotarski,20.00%
55,Ludność w wieku przedprodukcyjnym,2010,gmina,Spytkowice,powiat nowotarski,26.00%
55,Ludność w wieku przedprodukcyjnym,2010,gmina,Szaflary,powiat nowotarski,24.00%
55,Ludność w wieku przedprodukcyjnym,2010,gmina,Szczawnica,powiat nowotarski,20.00%
55,Ludność w wieku przedprodukcyjnym,2010,powiat,powiat olkuski,powiat olkuski,18.00%
55,Ludność w wieku przedprodukcyjnym,2010,gmina,Bolesław,powiat olkuski,17.00%
55,Ludność w wieku przedprodukcyjnym,2010,gmina,Bukowno,powiat olkuski,16.00%
55,Ludność w wieku przedprodukcyjnym,2010,gmina,Klucze,powiat olkuski,18.00%
55,Ludność w wieku przedprodukcyjnym,2010,gmina,Olkusz,powiat olkuski,17.00%
55,Ludność w wieku przedprodukcyjnym,2010,gmina,Trzyciąż,powiat olkuski,21.00%
55,Ludność w wieku przedprodukcyjnym,2010,gmina,Wolbrom,powiat olkuski,19.00%
55,Ludność w wieku przedprodukcyjnym,2010,powiat,powiat oświęcimski,powiat oświęcimski,18.00%
55,Ludność w wieku przedprodukcyjnym,2010,gmina,Brzeszcze,powiat oświęcimski,18.00%
55,Ludność w wieku przedprodukcyjnym,2010,gmina,Chełmek,powiat oświęcimski,18.00%
55,Ludność w wieku przedprodukcyjnym,2010,gmina,Kęty,powiat oświęcimski,19.00%
55,Ludność w wieku przedprodukcyjnym,2010,gmina,Osiek,powiat oświęcimski,21.00%
55,Ludność w wieku przedprodukcyjnym,2010,gmina,Oświęcim (miasto),powiat oświęcimski,16.00%
55,Ludność w wieku przedprodukcyjnym,2010,gmina,Oświęcim (wieś),powiat oświęcimski,20.00%
55,Ludność w wieku przedprodukcyjnym,2010,gmina,Polanka Wielka,powiat oświęcimski,22.00%
55,Ludność w wieku przedprodukcyjnym,2010,gmina,Przeciszów,powiat oświęcimski,20.00%
55,Ludność w wieku przedprodukcyjnym,2010,gmina,Zator,powiat oświęcimski,20.00%
55,Ludność w wieku przedprodukcyjnym,2010,powiat,powiat proszowicki,powiat proszowicki,20.00%
55,Ludność w wieku przedprodukcyjnym,2010,gmina,Koniusza,powiat proszowicki,21.00%
55,Ludność w wieku przedprodukcyjnym,2010,gmina,Koszyce,powiat proszowicki,18.00%
55,Ludność w wieku przedprodukcyjnym,2010,gmina,Nowe Brzesko,powiat proszowicki,20.00%
55,Ludność w wieku przedprodukcyjnym,2010,gmina,Pałecznica,powiat proszowicki,21.00%
55,Ludność w wieku przedprodukcyjnym,2010,gmina,Proszowice,powiat proszowicki,19.00%
55,Ludność w wieku przedprodukcyjnym,2010,gmina,Radziemice,powiat proszowicki,20.00%
55,Ludność w wieku przedprodukcyjnym,2010,powiat,powiat suski,powiat suski,22.00%
55,Ludność w wieku przedprodukcyjnym,2010,gmina,Budzów,powiat suski,25.00%
55,Ludność w wieku przedprodukcyjnym,2010,gmina,Bystra-Sidzina,powiat suski,26.00%
55,Ludność w wieku przedprodukcyjnym,2010,gmina,Jordanów (miasto),powiat suski,20.00%
55,Ludność w wieku przedprodukcyjnym,2010,gmina,Jordanów (wieś),powiat suski,24.00%
55,Ludność w wieku przedprodukcyjnym,2010,gmina,Maków Podhalański,powiat suski,21.00%
55,Ludność w wieku przedprodukcyjnym,2010,gmina,Stryszawa,powiat suski,20.00%
55,Ludność w wieku przedprodukcyjnym,2010,gmina,Sucha Beskidzka,powiat suski,19.00%
55,Ludność w wieku przedprodukcyjnym,2010,gmina,Zawoja,powiat suski,23.00%
55,Ludność w wieku przedprodukcyjnym,2010,gmina,Zembrzyce,powiat suski,20.00%
55,Ludność w wieku przedprodukcyjnym,2010,powiat,powiat tarnowski,powiat tarnowski,22.00%
55,Ludność w wieku przedprodukcyjnym,2010,gmina,Ciężkowice,powiat tarnowski,23.00%
55,Ludność w wieku przedprodukcyjnym,2010,gmina,Gromnik,powiat tarnowski,24.00%
55,Ludność w wieku przedprodukcyjnym,2010,gmina,Lisia Góra,powiat tarnowski,24.00%
55,Ludność w wieku przedprodukcyjnym,2010,gmina,Pleśna,powiat tarnowski,23.00%
55,Ludność w wieku przedprodukcyjnym,2010,gmina,Radłów,powiat tarnowski,20.00%
55,Ludność w wieku przedprodukcyjnym,2010,gmina,Ryglice,powiat tarnowski,24.00%
55,Ludność w wieku przedprodukcyjnym,2010,gmina,Rzepiennik Strzyżewski,powiat tarnowski,24.00%
55,Ludność w wieku przedprodukcyjnym,2010,gmina,Skrzyszów,powiat tarnowski,23.00%
55,Ludność w wieku przedprodukcyjnym,2010,gmina,Szerzyny,powiat tarnowski,22.00%
55,Ludność w wieku przedprodukcyjnym,2010,gmina,Tarnów (wieś),powiat tarnowski,22.00%
55,Ludność w wieku przedprodukcyjnym,2010,gmina,Tuchów,powiat tarnowski,23.00%
55,Ludność w wieku przedprodukcyjnym,2010,gmina,Wierzchosławice,powiat tarnowski,21.00%
55,Ludność w wieku przedprodukcyjnym,2010,gmina,Wietrzychowice,powiat tarnowski,19.00%
55,Ludność w wieku przedprodukcyjnym,2010,gmina,Wojnicz,powiat tarnowski,22.00%
55,Ludność w wieku przedprodukcyjnym,2010,gmina,Zakliczyn,powiat tarnowski,23.00%
55,Ludność w wieku przedprodukcyjnym,2010,gmina,Żabno,powiat tarnowski,20.00%
55,Ludność w wieku przedprodukcyjnym,2010,powiat,powiat tatrzański,powiat tatrzański,21.00%
55,Ludność w wieku przedprodukcyjnym,2010,gmina,Biały Dunajec,powiat tatrzański,23.00%
55,Ludność w wieku przedprodukcyjnym,2010,gmina,Bukowina Tatrzańska,powiat tatrzański,23.00%
55,Ludność w wieku przedprodukcyjnym,2010,gmina,Kościelisko,powiat tatrzański,22.00%
55,Ludność w wieku przedprodukcyjnym,2010,gmina,Poronin,powiat tatrzański,24.00%
55,Ludność w wieku przedprodukcyjnym,2010,gmina,Zakopane,powiat tatrzański,17.00%
55,Ludność w wieku przedprodukcyjnym,2010,powiat,powiat wadowicki,powiat wadowicki,21.00%
55,Ludność w wieku przedprodukcyjnym,2010,gmina,Andrychów,powiat wadowicki,20.00%
55,Ludność w wieku przedprodukcyjnym,2010,gmina,Brzeźnica,powiat wadowicki,21.00%
55,Ludność w wieku przedprodukcyjnym,2010,gmina,Kalwaria Zebrzydowska,powiat wadowicki,21.00%
55,Ludność w wieku przedprodukcyjnym,2010,gmina,Lanckorona,powiat wadowicki,23.00%
55,Ludność w wieku przedprodukcyjnym,2010,gmina,Mucharz,powiat wadowicki,22.00%
55,Ludność w wieku przedprodukcyjnym,2010,gmina,Spytkowice,powiat wadowicki,21.00%
55,Ludność w wieku przedprodukcyjnym,2010,gmina,Stryszów,powiat wadowicki,21.00%
55,Ludność w wieku przedprodukcyjnym,2010,gmina,Tomice,powiat wadowicki,23.00%
55,Ludność w wieku przedprodukcyjnym,2010,gmina,Wadowice,powiat wadowicki,20.00%
55,Ludność w wieku przedprodukcyjnym,2010,gmina,Wieprz,powiat wadowicki,24.00%
55,Ludność w wieku przedprodukcyjnym,2010,powiat,powiat wielicki,powiat wielicki,21.00%
55,Ludność w wieku przedprodukcyjnym,2010,gmina,Biskupice,powiat wielicki,22.00%
55,Ludność w wieku przedprodukcyjnym,2010,gmina,Gdów,powiat wielicki,24.00%
55,Ludność w wieku przedprodukcyjnym,2010,gmina,Kłaj,powiat wielicki,21.00%
55,Ludność w wieku przedprodukcyjnym,2010,gmina,Niepołomice,powiat wielicki,21.00%
55,Ludność w wieku przedprodukcyjnym,2010,gmina,Wieliczka,powiat wielicki,21.00%
55,Ludność w wieku przedprodukcyjnym,2009,powiat,powiat bocheński,powiat bocheński,22.00%
55,Ludność w wieku przedprodukcyjnym,2009,gmina,Bochnia (miasto),powiat bocheński,21.00%
55,Ludność w wieku przedprodukcyjnym,2009,gmina,Bochnia (wieś),powiat bocheński,22.00%
55,Ludność w wieku przedprodukcyjnym,2009,gmina,Drwinia,powiat bocheński,21.00%
55,Ludność w wieku przedprodukcyjnym,2009,gmina,Lipnica Murowana,powiat bocheński,24.00%
55,Ludność w wieku przedprodukcyjnym,2009,gmina,Łapanów,powiat bocheński,25.00%
55,Ludność w wieku przedprodukcyjnym,2009,gmina,Nowy Wiśnicz,powiat bocheński,25.00%
55,Ludność w wieku przedprodukcyjnym,2009,gmina,Rzezawa,powiat bocheński,23.00%
55,Ludność w wieku przedprodukcyjnym,2009,gmina,Trzciana,powiat bocheński,24.00%
55,Ludność w wieku przedprodukcyjnym,2009,gmina,Żegocina,powiat bocheński,24.00%
55,Ludność w wieku przedprodukcyjnym,2009,powiat,powiat brzeski,powiat brzeski,22.00%
55,Ludność w wieku przedprodukcyjnym,2009,gmina,Borzęcin,powiat brzeski,21.00%
55,Ludność w wieku przedprodukcyjnym,2009,gmina,Brzesko,powiat brzeski,21.00%
55,Ludność w wieku przedprodukcyjnym,2009,gmina,Czchów,powiat brzeski,24.00%
55,Ludność w wieku przedprodukcyjnym,2009,gmina,Dębno,powiat brzeski,23.00%
55,Ludność w wieku przedprodukcyjnym,2009,gmina,Gnojnik,powiat brzeski,24.00%
55,Ludność w wieku przedprodukcyjnym,2009,gmina,Iwkowa,powiat brzeski,26.00%
55,Ludność w wieku przedprodukcyjnym,2009,gmina,Szczurowa,powiat brzeski,20.00%
55,Ludność w wieku przedprodukcyjnym,2009,powiat,powiat chrzanowski,powiat chrzanowski,17.00%
55,Ludność w wieku przedprodukcyjnym,2009,gmina,Alwernia,powiat chrzanowski,18.00%
55,Ludność w wieku przedprodukcyjnym,2009,gmina,Babice,powiat chrzanowski,19.00%
55,Ludność w wieku przedprodukcyjnym,2009,gmina,Chrzanów,powiat chrzanowski,16.00%
55,Ludność w wieku przedprodukcyjnym,2009,gmina,Libiąż,powiat chrzanowski,18.00%
55,Ludność w wieku przedprodukcyjnym,2009,gmina,Trzebinia,powiat chrzanowski,17.00%
55,Ludność w wieku przedprodukcyjnym,2009,powiat,powiat dąbrowski,powiat dąbrowski,21.00%
55,Ludność w wieku przedprodukcyjnym,2009,gmina,Bolesław,powiat dąbrowski,18.00%
55,Ludność w wieku przedprodukcyjnym,2009,gmina,Dąbrowa Tarnowska,powiat dąbrowski,21.00%
55,Ludność w wieku przedprodukcyjnym,2009,gmina,Gręboszów,powiat dąbrowski,16.00%
55,Ludność w wieku przedprodukcyjnym,2009,gmina,Mędrzechów,powiat dąbrowski,20.00%
55,Ludność w wieku przedprodukcyjnym,2009,gmina,Olesno,powiat dąbrowski,21.00%
55,Ludność w wieku przedprodukcyjnym,2009,gmina,Radgoszcz,powiat dąbrowski,24.00%
55,Ludność w wieku przedprodukcyjnym,2009,gmina,Szczucin,powiat dąbrowski,21.00%
55,Ludność w wieku przedprodukcyjnym,2009,powiat,powiat gorlicki,powiat gorlicki,22.00%
55,Ludność w wieku przedprodukcyjnym,2009,gmina,Biecz,powiat gorlicki,21.00%
55,Ludność w wieku przedprodukcyjnym,2009,gmina,Bobowa,powiat gorlicki,27.00%
55,Ludność w wieku przedprodukcyjnym,2009,gmina,Gorlice (miasto),powiat gorlicki,17.00%
55,Ludność w wieku przedprodukcyjnym,2009,gmina,Gorlice (wieś),powiat gorlicki,22.00%
55,Ludność w wieku przedprodukcyjnym,2009,gmina,Lipinki,powiat gorlicki,21.00%
55,Ludność w wieku przedprodukcyjnym,2009,gmina,Łużna,powiat gorlicki,24.00%
55,Ludność w wieku przedprodukcyjnym,2009,gmina,Moszczenica,powiat gorlicki,24.00%
55,Ludność w wieku przedprodukcyjnym,2009,gmina,Ropa,powiat gorlicki,26.00%
55,Ludność w wieku przedprodukcyjnym,2009,gmina,Sękowa,powiat gorlicki,23.00%
55,Ludność w wieku przedprodukcyjnym,2009,gmina,Uście Gorlickie,powiat gorlicki,25.00%
55,Ludność w wieku przedprodukcyjnym,2009,powiat,powiat krakowski,powiat krakowski,20.00%
55,Ludność w wieku przedprodukcyjnym,2009,gmina,Czernichów,powiat krakowski,21.00%
55,Ludność w wieku przedprodukcyjnym,2009,gmina,Igołomia-Wawrzeńczyce,powiat krakowski,21.00%
55,Ludność w wieku przedprodukcyjnym,2009,gmina,Iwanowice,powiat krakowski,21.00%
55,Ludność w wieku przedprodukcyjnym,2009,gmina,Jerzmanowice-Przeginia,powiat krakowski,21.00%
55,Ludność w wieku przedprodukcyjnym,2009,gmina,Kocmyrzów-Luborzyca,powiat krakowski,21.00%
55,Ludność w wieku przedprodukcyjnym,2009,gmina,Krzeszowice,powiat krakowski,18.00%
55,Ludność w wieku przedprodukcyjnym,2009,gmina,Liszki,powiat krakowski,21.00%
55,Ludność w wieku przedprodukcyjnym,2009,gmina,Michałowice,powiat krakowski,23.00%
55,Ludność w wieku przedprodukcyjnym,2009,gmina,Mogilany,powiat krakowski,22.00%
55,Ludność w wieku przedprodukcyjnym,2009,gmina,Skała,powiat krakowski,20.00%
55,Ludność w wieku przedprodukcyjnym,2009,gmina,Skawina,powiat krakowski,20.00%
55,Ludność w wieku przedprodukcyjnym,2009,gmina,Słomniki,powiat krakowski,20.00%
55,Ludność w wieku przedprodukcyjnym,2009,gmina,Sułoszowa,powiat krakowski,22.00%
55,Ludność w wieku przedprodukcyjnym,2009,gmina,Świątniki Górne,powiat krakowski,22.00%
55,Ludność w wieku przedprodukcyjnym,2009,gmina,Wielka Wieś,powiat krakowski,21.00%
55,Ludność w wieku przedprodukcyjnym,2009,gmina,Zabierzów,powiat krakowski,18.00%
55,Ludność w wieku przedprodukcyjnym,2009,gmina,Zielonki,powiat krakowski,21.00%
55,Ludność w wieku przedprodukcyjnym,2009,powiat,powiat limanowski,powiat limanowski,26.00%
55,Ludność w wieku przedprodukcyjnym,2009,gmina,Dobra,powiat limanowski,24.00%
55,Ludność w wieku przedprodukcyjnym,2009,gmina,Jodłownik,powiat limanowski,25.00%
55,Ludność w wieku przedprodukcyjnym,2009,gmina,Kamienica,powiat limanowski,27.00%
55,Ludność w wieku przedprodukcyjnym,2009,gmina,Laskowa,powiat limanowski,28.00%
55,Ludność w wieku przedprodukcyjnym,2009,gmina,Limanowa (miasto),powiat limanowski,22.00%
55,Ludność w wieku przedprodukcyjnym,2009,gmina,Limanowa (wieś),powiat limanowski,27.00%
55,Ludność w wieku przedprodukcyjnym,2009,gmina,Łukowica,powiat limanowski,28.00%
55,Ludność w wieku przedprodukcyjnym,2009,gmina,Mszana Dolna (miasto),powiat limanowski,23.00%
55,Ludność w wieku przedprodukcyjnym,2009,gmina,Mszana Dolna (wieś),powiat limanowski,27.00%
55,Ludność w wieku przedprodukcyjnym,2009,gmina,Niedźwiedź,powiat limanowski,28.00%
55,Ludność w wieku przedprodukcyjnym,2009,gmina,Słopnice,powiat limanowski,32.00%
55,Ludność w wieku przedprodukcyjnym,2009,gmina,Tymbark,powiat limanowski,27.00%
55,Ludność w wieku przedprodukcyjnym,2009,powiat,powiat m. Kraków,powiat m. Kraków,15.00%
55,Ludność w wieku przedprodukcyjnym,2009,powiat,powiat m. Nowy Sącz,powiat m. Nowy Sącz,20.00%
55,Ludność w wieku przedprodukcyjnym,2009,powiat,powiat m. Tarnów,powiat m. Tarnów,17.00%
55,Ludność w wieku przedprodukcyjnym,2009,powiat,powiat miechowski,powiat miechowski,19.00%
55,Ludność w wieku przedprodukcyjnym,2009,gmina,Charsznica,powiat miechowski,19.00%
55,Ludność w wieku przedprodukcyjnym,2009,gmina,Gołcza,powiat miechowski,19.00%
55,Ludność w wieku przedprodukcyjnym,2009,gmina,Kozłów,powiat miechowski,19.00%
55,Ludność w wieku przedprodukcyjnym,2009,gmina,Książ Wielki,powiat miechowski,18.00%
55,Ludność w wieku przedprodukcyjnym,2009,gmina,Miechów,powiat miechowski,18.00%
55,Ludność w wieku przedprodukcyjnym,2009,gmina,Racławice,powiat miechowski,20.00%
55,Ludność w wieku przedprodukcyjnym,2009,gmina,Słaboszów,powiat miechowski,20.00%
55,Ludność w wieku przedprodukcyjnym,2009,powiat,powiat myślenicki,powiat myślenicki,23.00%
55,Ludność w wieku przedprodukcyjnym,2009,gmina,Dobczyce,powiat myślenicki,23.00%
55,Ludność w wieku przedprodukcyjnym,2009,gmina,Lubień,powiat myślenicki,25.00%
55,Ludność w wieku przedprodukcyjnym,2009,gmina,Myślenice,powiat myślenicki,23.00%
55,Ludność w wieku przedprodukcyjnym,2009,gmina,Pcim,powiat myślenicki,24.00%
55,Ludność w wieku przedprodukcyjnym,2009,gmina,Raciechowice,powiat myślenicki,22.00%
55,Ludność w wieku przedprodukcyjnym,2009,gmina,Siepraw,powiat myślenicki,23.00%
55,Ludność w wieku przedprodukcyjnym,2009,gmina,Sułkowice,powiat myślenicki,23.00%
55,Ludność w wieku przedprodukcyjnym,2009,gmina,Tokarnia,powiat myślenicki,26.00%
55,Ludność w wieku przedprodukcyjnym,2009,gmina,Wiśniowa,powiat myślenicki,24.00%
55,Ludność w wieku przedprodukcyjnym,2009,powiat,powiat nowosądecki,powiat nowosądecki,26.00%
55,Ludność w wieku przedprodukcyjnym,2009,gmina,Podegrodzie,powiat nowosądecki,28.00%
55,Ludność w wieku przedprodukcyjnym,2009,gmina,Rytro,powiat nowosądecki,24.00%
55,Ludność w wieku przedprodukcyjnym,2009,gmina,Stary Sącz,powiat nowosądecki,25.00%
55,Ludność w wieku przedprodukcyjnym,2009,gmina,Chełmiec,powiat nowosądecki,26.00%
55,Ludność w wieku przedprodukcyjnym,2009,gmina,Gródek nad Dunajcem,powiat nowosądecki,27.00%
55,Ludność w wieku przedprodukcyjnym,2009,gmina,Grybów (miasto),powiat nowosądecki,21.00%
55,Ludność w wieku przedprodukcyjnym,2009,gmina,Grybów (wieś),powiat nowosądecki,28.00%
55,Ludność w wieku przedprodukcyjnym,2009,gmina,Kamionka Wielka,powiat nowosądecki,28.00%
55,Ludność w wieku przedprodukcyjnym,2009,gmina,Korzenna,powiat nowosądecki,26.00%
55,Ludność w wieku przedprodukcyjnym,2009,gmina,Krynica-Zdrój,powiat nowosądecki,21.00%
55,Ludność w wieku przedprodukcyjnym,2009,gmina,Łabowa,powiat nowosądecki,29.00%
55,Ludność w wieku przedprodukcyjnym,2009,gmina,Łącko,powiat nowosądecki,27.00%
55,Ludność w wieku przedprodukcyjnym,2009,gmina,Łososina Dolna,powiat nowosądecki,27.00%
55,Ludność w wieku przedprodukcyjnym,2009,gmina,Muszyna,powiat nowosądecki,23.00%
55,Ludność w wieku przedprodukcyjnym,2009,gmina,Nawojowa,powiat nowosądecki,28.00%
55,Ludność w wieku przedprodukcyjnym,2009,gmina,Piwniczna-Zdrój,powiat nowosądecki,23.00%
55,Ludność w wieku przedprodukcyjnym,2009,powiat,powiat nowotarski,powiat nowotarski,23.00%
55,Ludność w wieku przedprodukcyjnym,2009,gmina,Czarny Dunajec,powiat nowotarski,23.00%
55,Ludność w wieku przedprodukcyjnym,2009,gmina,Czorsztyn,powiat nowotarski,24.00%
55,Ludność w wieku przedprodukcyjnym,2009,gmina,Jabłonka,powiat nowotarski,27.00%
55,Ludność w wieku przedprodukcyjnym,2009,gmina,Krościenko nad Dunajcem,powiat nowotarski,22.00%
55,Ludność w wieku przedprodukcyjnym,2009,gmina,Lipnica Wielka,powiat nowotarski,27.00%
55,Ludność w wieku przedprodukcyjnym,2009,gmina,Łapsze Niżne,powiat nowotarski,23.00%
55,Ludność w wieku przedprodukcyjnym,2009,gmina,Nowy Targ (miasto),powiat nowotarski,20.00%
55,Ludność w wieku przedprodukcyjnym,2009,gmina,Nowy Targ (wieś),powiat nowotarski,25.00%
55,Ludność w wieku przedprodukcyjnym,2009,gmina,Ochotnica Dolna,powiat nowotarski,27.00%
55,Ludność w wieku przedprodukcyjnym,2009,gmina,Raba Wyżna,powiat nowotarski,24.00%
55,Ludność w wieku przedprodukcyjnym,2009,gmina,Rabka-Zdrój,powiat nowotarski,20.00%
55,Ludność w wieku przedprodukcyjnym,2009,gmina,Spytkowice,powiat nowotarski,27.00%
55,Ludność w wieku przedprodukcyjnym,2009,gmina,Szaflary,powiat nowotarski,24.00%
55,Ludność w wieku przedprodukcyjnym,2009,gmina,Szczawnica,powiat nowotarski,21.00%
55,Ludność w wieku przedprodukcyjnym,2009,powiat,powiat olkuski,powiat olkuski,18.00%
55,Ludność w wieku przedprodukcyjnym,2009,gmina,Bolesław,powiat olkuski,16.00%
55,Ludność w wieku przedprodukcyjnym,2009,gmina,Bukowno,powiat olkuski,16.00%
55,Ludność w wieku przedprodukcyjnym,2009,gmina,Klucze,powiat olkuski,17.00%
55,Ludność w wieku przedprodukcyjnym,2009,gmina,Olkusz,powiat olkuski,17.00%
55,Ludność w wieku przedprodukcyjnym,2009,gmina,Trzyciąż,powiat olkuski,21.00%
55,Ludność w wieku przedprodukcyjnym,2009,gmina,Wolbrom,powiat olkuski,19.00%
55,Ludność w wieku przedprodukcyjnym,2009,powiat,powiat oświęcimski,powiat oświęcimski,19.00%
55,Ludność w wieku przedprodukcyjnym,2009,gmina,Brzeszcze,powiat oświęcimski,18.00%
55,Ludność w wieku przedprodukcyjnym,2009,gmina,Chełmek,powiat oświęcimski,18.00%
55,Ludność w wieku przedprodukcyjnym,2009,gmina,Kęty,powiat oświęcimski,19.00%
55,Ludność w wieku przedprodukcyjnym,2009,gmina,Osiek,powiat oświęcimski,21.00%
55,Ludność w wieku przedprodukcyjnym,2009,gmina,Oświęcim (miasto),powiat oświęcimski,17.00%
55,Ludność w wieku przedprodukcyjnym,2009,gmina,Oświęcim (wieś),powiat oświęcimski,19.00%
55,Ludność w wieku przedprodukcyjnym,2009,gmina,Polanka Wielka,powiat oświęcimski,22.00%
55,Ludność w wieku przedprodukcyjnym,2009,gmina,Przeciszów,powiat oświęcimski,20.00%
55,Ludność w wieku przedprodukcyjnym,2009,gmina,Zator,powiat oświęcimski,20.00%
55,Ludność w wieku przedprodukcyjnym,2009,powiat,powiat proszowicki,powiat proszowicki,20.00%
55,Ludność w wieku przedprodukcyjnym,2009,gmina,Koniusza,powiat proszowicki,20.00%
55,Ludność w wieku przedprodukcyjnym,2009,gmina,Koszyce,powiat proszowicki,18.00%
55,Ludność w wieku przedprodukcyjnym,2009,gmina,Nowe Brzesko,powiat proszowicki,20.00%
55,Ludność w wieku przedprodukcyjnym,2009,gmina,Pałecznica,powiat proszowicki,21.00%
55,Ludność w wieku przedprodukcyjnym,2009,gmina,Proszowice,powiat proszowicki,19.00%
55,Ludność w wieku przedprodukcyjnym,2009,gmina,Radziemice,powiat proszowicki,20.00%
55,Ludność w wieku przedprodukcyjnym,2009,powiat,powiat suski,powiat suski,22.00%
55,Ludność w wieku przedprodukcyjnym,2009,gmina,Budzów,powiat suski,25.00%
55,Ludność w wieku przedprodukcyjnym,2009,gmina,Bystra-Sidzina,powiat suski,26.00%
55,Ludność w wieku przedprodukcyjnym,2009,gmina,Jordanów (miasto),powiat suski,20.00%
55,Ludność w wieku przedprodukcyjnym,2009,gmina,Jordanów (wieś),powiat suski,24.00%
55,Ludność w wieku przedprodukcyjnym,2009,gmina,Maków Podhalański,powiat suski,22.00%
55,Ludność w wieku przedprodukcyjnym,2009,gmina,Stryszawa,powiat suski,20.00%
55,Ludność w wieku przedprodukcyjnym,2009,gmina,Sucha Beskidzka,powiat suski,20.00%
55,Ludność w wieku przedprodukcyjnym,2009,gmina,Zawoja,powiat suski,23.00%
55,Ludność w wieku przedprodukcyjnym,2009,gmina,Zembrzyce,powiat suski,21.00%
55,Ludność w wieku przedprodukcyjnym,2009,powiat,powiat tarnowski,powiat tarnowski,23.00%
55,Ludność w wieku przedprodukcyjnym,2009,gmina,Ciężkowice,powiat tarnowski,23.00%
55,Ludność w wieku przedprodukcyjnym,2009,gmina,Gromnik,powiat tarnowski,24.00%
55,Ludność w wieku przedprodukcyjnym,2009,gmina,Lisia Góra,powiat tarnowski,24.00%
55,Ludność w wieku przedprodukcyjnym,2009,gmina,Pleśna,powiat tarnowski,23.00%
55,Ludność w wieku przedprodukcyjnym,2009,gmina,Radłów,powiat tarnowski,20.00%
55,Ludność w wieku przedprodukcyjnym,2009,gmina,Ryglice,powiat tarnowski,25.00%
55,Ludność w wieku przedprodukcyjnym,2009,gmina,Rzepiennik Strzyżewski,powiat tarnowski,24.00%
55,Ludność w wieku przedprodukcyjnym,2009,gmina,Skrzyszów,powiat tarnowski,23.00%
55,Ludność w wieku przedprodukcyjnym,2009,gmina,Szerzyny,powiat tarnowski,22.00%
55,Ludność w wieku przedprodukcyjnym,2009,gmina,Tarnów (wieś),powiat tarnowski,23.00%
55,Ludność w wieku przedprodukcyjnym,2009,gmina,Tuchów,powiat tarnowski,23.00%
55,Ludność w wieku przedprodukcyjnym,2009,gmina,Wierzchosławice,powiat tarnowski,21.00%
55,Ludność w wieku przedprodukcyjnym,2009,gmina,Wietrzychowice,powiat tarnowski,19.00%
55,Ludność w wieku przedprodukcyjnym,2009,gmina,Wojnicz,powiat tarnowski,23.00%
55,Ludność w wieku przedprodukcyjnym,2009,gmina,Zakliczyn,powiat tarnowski,23.00%
55,Ludność w wieku przedprodukcyjnym,2009,gmina,Żabno,powiat tarnowski,20.00%
55,Ludność w wieku przedprodukcyjnym,2009,powiat,powiat tatrzański,powiat tatrzański,21.00%
55,Ludność w wieku przedprodukcyjnym,2009,gmina,Biały Dunajec,powiat tatrzański,23.00%
55,Ludność w wieku przedprodukcyjnym,2009,gmina,Bukowina Tatrzańska,powiat tatrzański,23.00%
55,Ludność w wieku przedprodukcyjnym,2009,gmina,Kościelisko,powiat tatrzański,22.00%
55,Ludność w wieku przedprodukcyjnym,2009,gmina,Poronin,powiat tatrzański,24.00%
55,Ludność w wieku przedprodukcyjnym,2009,gmina,Zakopane,powiat tatrzański,18.00%
55,Ludność w wieku przedprodukcyjnym,2009,powiat,powiat wadowicki,powiat wadowicki,21.00%
55,Ludność w wieku przedprodukcyjnym,2009,gmina,Andrychów,powiat wadowicki,20.00%
55,Ludność w wieku przedprodukcyjnym,2009,gmina,Brzeźnica,powiat wadowicki,21.00%
55,Ludność w wieku przedprodukcyjnym,2009,gmina,Kalwaria Zebrzydowska,powiat wadowicki,21.00%
55,Ludność w wieku przedprodukcyjnym,2009,gmina,Lanckorona,powiat wadowicki,23.00%
55,Ludność w wieku przedprodukcyjnym,2009,gmina,Mucharz,powiat wadowicki,22.00%
55,Ludność w wieku przedprodukcyjnym,2009,gmina,Spytkowice,powiat wadowicki,22.00%
55,Ludność w wieku przedprodukcyjnym,2009,gmina,Stryszów,powiat wadowicki,21.00%
55,Ludność w wieku przedprodukcyjnym,2009,gmina,Tomice,powiat wadowicki,23.00%
55,Ludność w wieku przedprodukcyjnym,2009,gmina,Wadowice,powiat wadowicki,20.00%
55,Ludność w wieku przedprodukcyjnym,2009,gmina,Wieprz,powiat wadowicki,24.00%
55,Ludność w wieku przedprodukcyjnym,2009,powiat,powiat wielicki,powiat wielicki,21.00%
55,Ludność w wieku przedprodukcyjnym,2009,gmina,Biskupice,powiat wielicki,22.00%
55,Ludność w wieku przedprodukcyjnym,2009,gmina,Gdów,powiat wielicki,24.00%
55,Ludność w wieku przedprodukcyjnym,2009,gmina,Kłaj,powiat wielicki,20.00%
55,Ludność w wieku przedprodukcyjnym,2009,gmina,Niepołomice,powiat wielicki,21.00%
55,Ludność w wieku przedprodukcyjnym,2009,gmina,Wieliczka,powiat wielicki,21.00%
55,Ludność w wieku przedprodukcyjnym,2008,powiat,powiat bocheński,powiat bocheński,23.00%
55,Ludność w wieku przedprodukcyjnym,2008,gmina,Bochnia (miasto),powiat bocheński,21.00%
55,Ludność w wieku przedprodukcyjnym,2008,gmina,Bochnia (wieś),powiat bocheński,22.00%
55,Ludność w wieku przedprodukcyjnym,2008,gmina,Drwinia,powiat bocheński,21.00%
55,Ludność w wieku przedprodukcyjnym,2008,gmina,Lipnica Murowana,powiat bocheński,25.00%
55,Ludność w wieku przedprodukcyjnym,2008,gmina,Łapanów,powiat bocheński,25.00%
55,Ludność w wieku przedprodukcyjnym,2008,gmina,Nowy Wiśnicz,powiat bocheński,25.00%
55,Ludność w wieku przedprodukcyjnym,2008,gmina,Rzezawa,powiat bocheński,23.00%
55,Ludność w wieku przedprodukcyjnym,2008,gmina,Trzciana,powiat bocheński,25.00%
55,Ludność w wieku przedprodukcyjnym,2008,gmina,Żegocina,powiat bocheński,24.00%
55,Ludność w wieku przedprodukcyjnym,2008,powiat,powiat brzeski,powiat brzeski,23.00%
55,Ludność w wieku przedprodukcyjnym,2008,gmina,Borzęcin,powiat brzeski,22.00%
55,Ludność w wieku przedprodukcyjnym,2008,gmina,Brzesko,powiat brzeski,21.00%
55,Ludność w wieku przedprodukcyjnym,2008,gmina,Czchów,powiat brzeski,25.00%
55,Ludność w wieku przedprodukcyjnym,2008,gmina,Dębno,powiat brzeski,24.00%
55,Ludność w wieku przedprodukcyjnym,2008,gmina,Gnojnik,powiat brzeski,25.00%
55,Ludność w wieku przedprodukcyjnym,2008,gmina,Iwkowa,powiat brzeski,26.00%
55,Ludność w wieku przedprodukcyjnym,2008,gmina,Szczurowa,powiat brzeski,21.00%
55,Ludność w wieku przedprodukcyjnym,2008,powiat,powiat chrzanowski,powiat chrzanowski,18.00%
55,Ludność w wieku przedprodukcyjnym,2008,gmina,Alwernia,powiat chrzanowski,19.00%
55,Ludność w wieku przedprodukcyjnym,2008,gmina,Babice,powiat chrzanowski,20.00%
55,Ludność w wieku przedprodukcyjnym,2008,gmina,Chrzanów,powiat chrzanowski,17.00%
55,Ludność w wieku przedprodukcyjnym,2008,gmina,Libiąż,powiat chrzanowski,19.00%
55,Ludność w wieku przedprodukcyjnym,2008,gmina,Trzebinia,powiat chrzanowski,17.00%
55,Ludność w wieku przedprodukcyjnym,2008,powiat,powiat dąbrowski,powiat dąbrowski,21.00%
55,Ludność w wieku przedprodukcyjnym,2008,gmina,Bolesław,powiat dąbrowski,19.00%
55,Ludność w wieku przedprodukcyjnym,2008,gmina,Dąbrowa Tarnowska,powiat dąbrowski,21.00%
55,Ludność w wieku przedprodukcyjnym,2008,gmina,Gręboszów,powiat dąbrowski,17.00%
55,Ludność w wieku przedprodukcyjnym,2008,gmina,Mędrzechów,powiat dąbrowski,21.00%
55,Ludność w wieku przedprodukcyjnym,2008,gmina,Olesno,powiat dąbrowski,22.00%
55,Ludność w wieku przedprodukcyjnym,2008,gmina,Radgoszcz,powiat dąbrowski,25.00%
55,Ludność w wieku przedprodukcyjnym,2008,gmina,Szczucin,powiat dąbrowski,21.00%
55,Ludność w wieku przedprodukcyjnym,2008,powiat,powiat gorlicki,powiat gorlicki,22.00%
55,Ludność w wieku przedprodukcyjnym,2008,gmina,Biecz,powiat gorlicki,22.00%
55,Ludność w wieku przedprodukcyjnym,2008,gmina,Bobowa,powiat gorlicki,28.00%
55,Ludność w wieku przedprodukcyjnym,2008,gmina,Gorlice (miasto),powiat gorlicki,17.00%
55,Ludność w wieku przedprodukcyjnym,2008,gmina,Gorlice (wieś),powiat gorlicki,23.00%
55,Ludność w wieku przedprodukcyjnym,2008,gmina,Lipinki,powiat gorlicki,21.00%
55,Ludność w wieku przedprodukcyjnym,2008,gmina,Łużna,powiat gorlicki,24.00%
55,Ludność w wieku przedprodukcyjnym,2008,gmina,Moszczenica,powiat gorlicki,24.00%
55,Ludność w wieku przedprodukcyjnym,2008,gmina,Ropa,powiat gorlicki,26.00%
55,Ludność w wieku przedprodukcyjnym,2008,gmina,Sękowa,powiat gorlicki,23.00%
55,Ludność w wieku przedprodukcyjnym,2008,gmina,Uście Gorlickie,powiat gorlicki,25.00%
55,Ludność w wieku przedprodukcyjnym,2008,powiat,powiat krakowski,powiat krakowski,21.00%
55,Ludność w wieku przedprodukcyjnym,2008,gmina,Czernichów,powiat krakowski,21.00%
55,Ludność w wieku przedprodukcyjnym,2008,gmina,Igołomia-Wawrzeńczyce,powiat krakowski,21.00%
55,Ludność w wieku przedprodukcyjnym,2008,gmina,Iwanowice,powiat krakowski,21.00%
55,Ludność w wieku przedprodukcyjnym,2008,gmina,Jerzmanowice-Przeginia,powiat krakowski,21.00%
55,Ludność w wieku przedprodukcyjnym,2008,gmina,Kocmyrzów-Luborzyca,powiat krakowski,21.00%
55,Ludność w wieku przedprodukcyjnym,2008,gmina,Krzeszowice,powiat krakowski,18.00%
55,Ludność w wieku przedprodukcyjnym,2008,gmina,Liszki,powiat krakowski,22.00%
55,Ludność w wieku przedprodukcyjnym,2008,gmina,Michałowice,powiat krakowski,23.00%
55,Ludność w wieku przedprodukcyjnym,2008,gmina,Mogilany,powiat krakowski,23.00%
55,Ludność w wieku przedprodukcyjnym,2008,gmina,Skała,powiat krakowski,20.00%
55,Ludność w wieku przedprodukcyjnym,2008,gmina,Skawina,powiat krakowski,20.00%
55,Ludność w wieku przedprodukcyjnym,2008,gmina,Słomniki,powiat krakowski,20.00%
55,Ludność w wieku przedprodukcyjnym,2008,gmina,Sułoszowa,powiat krakowski,22.00%
55,Ludność w wieku przedprodukcyjnym,2008,gmina,Świątniki Górne,powiat krakowski,22.00%
55,Ludność w wieku przedprodukcyjnym,2008,gmina,Wielka Wieś,powiat krakowski,21.00%
55,Ludność w wieku przedprodukcyjnym,2008,gmina,Zabierzów,powiat krakowski,19.00%
55,Ludność w wieku przedprodukcyjnym,2008,gmina,Zielonki,powiat krakowski,20.00%
55,Ludność w wieku przedprodukcyjnym,2008,powiat,powiat limanowski,powiat limanowski,27.00%
55,Ludność w wieku przedprodukcyjnym,2008,gmina,Dobra,powiat limanowski,24.00%
55,Ludność w wieku przedprodukcyjnym,2008,gmina,Jodłownik,powiat limanowski,26.00%
55,Ludność w wieku przedprodukcyjnym,2008,gmina,Kamienica,powiat limanowski,28.00%
55,Ludność w wieku przedprodukcyjnym,2008,gmina,Laskowa,powiat limanowski,29.00%
55,Ludność w wieku przedprodukcyjnym,2008,gmina,Limanowa (miasto),powiat limanowski,22.00%
55,Ludność w wieku przedprodukcyjnym,2008,gmina,Limanowa (wieś),powiat limanowski,27.00%
55,Ludność w wieku przedprodukcyjnym,2008,gmina,Łukowica,powiat limanowski,28.00%
55,Ludność w wieku przedprodukcyjnym,2008,gmina,Mszana Dolna (miasto),powiat limanowski,24.00%
55,Ludność w wieku przedprodukcyjnym,2008,gmina,Mszana Dolna (wieś),powiat limanowski,27.00%
55,Ludność w wieku przedprodukcyjnym,2008,gmina,Niedźwiedź,powiat limanowski,28.00%
55,Ludność w wieku przedprodukcyjnym,2008,gmina,Słopnice,powiat limanowski,33.00%
55,Ludność w wieku przedprodukcyjnym,2008,gmina,Tymbark,powiat limanowski,28.00%
55,Ludność w wieku przedprodukcyjnym,2008,powiat,powiat m. Kraków,powiat m. Kraków,16.00%
55,Ludność w wieku przedprodukcyjnym,2008,powiat,powiat m. Nowy Sącz,powiat m. Nowy Sącz,20.00%
55,Ludność w wieku przedprodukcyjnym,2008,powiat,powiat m. Tarnów,powiat m. Tarnów,18.00%
55,Ludność w wieku przedprodukcyjnym,2008,powiat,powiat miechowski,powiat miechowski,19.00%
55,Ludność w wieku przedprodukcyjnym,2008,gmina,Charsznica,powiat miechowski,19.00%
55,Ludność w wieku przedprodukcyjnym,2008,gmina,Gołcza,powiat miechowski,19.00%
55,Ludność w wieku przedprodukcyjnym,2008,gmina,Kozłów,powiat miechowski,19.00%
55,Ludność w wieku przedprodukcyjnym,2008,gmina,Książ Wielki,powiat miechowski,18.00%
55,Ludność w wieku przedprodukcyjnym,2008,gmina,Miechów,powiat miechowski,19.00%
55,Ludność w wieku przedprodukcyjnym,2008,gmina,Racławice,powiat miechowski,20.00%
55,Ludność w wieku przedprodukcyjnym,2008,gmina,Słaboszów,powiat miechowski,20.00%
55,Ludność w wieku przedprodukcyjnym,2008,powiat,powiat myślenicki,powiat myślenicki,24.00%
55,Ludność w wieku przedprodukcyjnym,2008,gmina,Dobczyce,powiat myślenicki,23.00%
55,Ludność w wieku przedprodukcyjnym,2008,gmina,Lubień,powiat myślenicki,26.00%
55,Ludność w wieku przedprodukcyjnym,2008,gmina,Myślenice,powiat myślenicki,23.00%
55,Ludność w wieku przedprodukcyjnym,2008,gmina,Pcim,powiat myślenicki,25.00%
55,Ludność w wieku przedprodukcyjnym,2008,gmina,Raciechowice,powiat myślenicki,22.00%
55,Ludność w wieku przedprodukcyjnym,2008,gmina,Siepraw,powiat myślenicki,24.00%
55,Ludność w wieku przedprodukcyjnym,2008,gmina,Sułkowice,powiat myślenicki,24.00%
55,Ludność w wieku przedprodukcyjnym,2008,gmina,Tokarnia,powiat myślenicki,27.00%
55,Ludność w wieku przedprodukcyjnym,2008,gmina,Wiśniowa,powiat myślenicki,25.00%
55,Ludność w wieku przedprodukcyjnym,2008,powiat,powiat nowosądecki,powiat nowosądecki,26.00%
55,Ludność w wieku przedprodukcyjnym,2008,gmina,Podegrodzie,powiat nowosądecki,28.00%
55,Ludność w wieku przedprodukcyjnym,2008,gmina,Rytro,powiat nowosądecki,24.00%
55,Ludność w wieku przedprodukcyjnym,2008,gmina,Stary Sącz,powiat nowosądecki,25.00%
55,Ludność w wieku przedprodukcyjnym,2008,gmina,Chełmiec,powiat nowosądecki,27.00%
55,Ludność w wieku przedprodukcyjnym,2008,gmina,Gródek nad Dunajcem,powiat nowosądecki,28.00%
55,Ludność w wieku przedprodukcyjnym,2008,gmina,Grybów (miasto),powiat nowosądecki,21.00%
55,Ludność w wieku przedprodukcyjnym,2008,gmina,Grybów (wieś),powiat nowosądecki,28.00%
55,Ludność w wieku przedprodukcyjnym,2008,gmina,Kamionka Wielka,powiat nowosądecki,29.00%
55,Ludność w wieku przedprodukcyjnym,2008,gmina,Korzenna,powiat nowosądecki,27.00%
55,Ludność w wieku przedprodukcyjnym,2008,gmina,Krynica-Zdrój,powiat nowosądecki,21.00%
55,Ludność w wieku przedprodukcyjnym,2008,gmina,Łabowa,powiat nowosądecki,29.00%
55,Ludność w wieku przedprodukcyjnym,2008,gmina,Łącko,powiat nowosądecki,27.00%
55,Ludność w wieku przedprodukcyjnym,2008,gmina,Łososina Dolna,powiat nowosądecki,27.00%
55,Ludność w wieku przedprodukcyjnym,2008,gmina,Muszyna,powiat nowosądecki,24.00%
55,Ludność w wieku przedprodukcyjnym,2008,gmina,Nawojowa,powiat nowosądecki,28.00%
55,Ludność w wieku przedprodukcyjnym,2008,gmina,Piwniczna-Zdrój,powiat nowosądecki,24.00%
55,Ludność w wieku przedprodukcyjnym,2008,powiat,powiat nowotarski,powiat nowotarski,24.00%
55,Ludność w wieku przedprodukcyjnym,2008,gmina,Czarny Dunajec,powiat nowotarski,24.00%
55,Ludność w wieku przedprodukcyjnym,2008,gmina,Czorsztyn,powiat nowotarski,24.00%
55,Ludność w wieku przedprodukcyjnym,2008,gmina,Jabłonka,powiat nowotarski,27.00%
55,Ludność w wieku przedprodukcyjnym,2008,gmina,Krościenko nad Dunajcem,powiat nowotarski,23.00%
55,Ludność w wieku przedprodukcyjnym,2008,gmina,Lipnica Wielka,powiat nowotarski,28.00%
55,Ludność w wieku przedprodukcyjnym,2008,gmina,Łapsze Niżne,powiat nowotarski,24.00%
55,Ludność w wieku przedprodukcyjnym,2008,gmina,Nowy Targ (miasto),powiat nowotarski,21.00%
55,Ludność w wieku przedprodukcyjnym,2008,gmina,Nowy Targ (wieś),powiat nowotarski,25.00%
55,Ludność w wieku przedprodukcyjnym,2008,gmina,Ochotnica Dolna,powiat nowotarski,27.00%
55,Ludność w wieku przedprodukcyjnym,2008,gmina,Raba Wyżna,powiat nowotarski,24.00%
55,Ludność w wieku przedprodukcyjnym,2008,gmina,Rabka-Zdrój,powiat nowotarski,21.00%
55,Ludność w wieku przedprodukcyjnym,2008,gmina,Spytkowice,powiat nowotarski,27.00%
55,Ludność w wieku przedprodukcyjnym,2008,gmina,Szaflary,powiat nowotarski,25.00%
55,Ludność w wieku przedprodukcyjnym,2008,gmina,Szczawnica,powiat nowotarski,21.00%
55,Ludność w wieku przedprodukcyjnym,2008,powiat,powiat olkuski,powiat olkuski,18.00%
55,Ludność w wieku przedprodukcyjnym,2008,gmina,Bolesław,powiat olkuski,17.00%
55,Ludność w wieku przedprodukcyjnym,2008,gmina,Bukowno,powiat olkuski,17.00%
55,Ludność w wieku przedprodukcyjnym,2008,gmina,Klucze,powiat olkuski,18.00%
55,Ludność w wieku przedprodukcyjnym,2008,gmina,Olkusz,powiat olkuski,18.00%
55,Ludność w wieku przedprodukcyjnym,2008,gmina,Trzyciąż,powiat olkuski,21.00%
55,Ludność w wieku przedprodukcyjnym,2008,gmina,Wolbrom,powiat olkuski,20.00%
55,Ludność w wieku przedprodukcyjnym,2008,powiat,powiat oświęcimski,powiat oświęcimski,19.00%
55,Ludność w wieku przedprodukcyjnym,2008,gmina,Brzeszcze,powiat oświęcimski,18.00%
55,Ludność w wieku przedprodukcyjnym,2008,gmina,Chełmek,powiat oświęcimski,18.00%
55,Ludność w wieku przedprodukcyjnym,2008,gmina,Kęty,powiat oświęcimski,20.00%
55,Ludność w wieku przedprodukcyjnym,2008,gmina,Osiek,powiat oświęcimski,22.00%
55,Ludność w wieku przedprodukcyjnym,2008,gmina,Oświęcim (miasto),powiat oświęcimski,17.00%
55,Ludność w wieku przedprodukcyjnym,2008,gmina,Oświęcim (wieś),powiat oświęcimski,20.00%
55,Ludność w wieku przedprodukcyjnym,2008,gmina,Polanka Wielka,powiat oświęcimski,23.00%
55,Ludność w wieku przedprodukcyjnym,2008,gmina,Przeciszów,powiat oświęcimski,20.00%
55,Ludność w wieku przedprodukcyjnym,2008,gmina,Zator,powiat oświęcimski,21.00%
55,Ludność w wieku przedprodukcyjnym,2008,powiat,powiat proszowicki,powiat proszowicki,20.00%
55,Ludność w wieku przedprodukcyjnym,2008,gmina,Koniusza,powiat proszowicki,21.00%
55,Ludność w wieku przedprodukcyjnym,2008,gmina,Koszyce,powiat proszowicki,18.00%
55,Ludność w wieku przedprodukcyjnym,2008,gmina,Nowe Brzesko,powiat proszowicki,20.00%
55,Ludność w wieku przedprodukcyjnym,2008,gmina,Pałecznica,powiat proszowicki,21.00%
55,Ludność w wieku przedprodukcyjnym,2008,gmina,Proszowice,powiat proszowicki,20.00%
55,Ludność w wieku przedprodukcyjnym,2008,gmina,Radziemice,powiat proszowicki,21.00%
55,Ludność w wieku przedprodukcyjnym,2008,powiat,powiat suski,powiat suski,23.00%
55,Ludność w wieku przedprodukcyjnym,2008,gmina,Budzów,powiat suski,26.00%
55,Ludność w wieku przedprodukcyjnym,2008,gmina,Bystra-Sidzina,powiat suski,27.00%
55,Ludność w wieku przedprodukcyjnym,2008,gmina,Jordanów (miasto),powiat suski,21.00%
55,Ludność w wieku przedprodukcyjnym,2008,gmina,Jordanów (wieś),powiat suski,25.00%
55,Ludność w wieku przedprodukcyjnym,2008,gmina,Maków Podhalański,powiat suski,22.00%
55,Ludność w wieku przedprodukcyjnym,2008,gmina,Stryszawa,powiat suski,21.00%
55,Ludność w wieku przedprodukcyjnym,2008,gmina,Sucha Beskidzka,powiat suski,20.00%
55,Ludność w wieku przedprodukcyjnym,2008,gmina,Zawoja,powiat suski,23.00%
55,Ludność w wieku przedprodukcyjnym,2008,gmina,Zembrzyce,powiat suski,22.00%
55,Ludność w wieku przedprodukcyjnym,2008,powiat,powiat tarnowski,powiat tarnowski,23.00%
55,Ludność w wieku przedprodukcyjnym,2008,gmina,Ciężkowice,powiat tarnowski,24.00%
55,Ludność w wieku przedprodukcyjnym,2008,gmina,Gromnik,powiat tarnowski,25.00%
55,Ludność w wieku przedprodukcyjnym,2008,gmina,Lisia Góra,powiat tarnowski,25.00%
55,Ludność w wieku przedprodukcyjnym,2008,gmina,Pleśna,powiat tarnowski,24.00%
55,Ludność w wieku przedprodukcyjnym,2008,gmina,Radłów,powiat tarnowski,21.00%
55,Ludność w wieku przedprodukcyjnym,2008,gmina,Ryglice,powiat tarnowski,25.00%
55,Ludność w wieku przedprodukcyjnym,2008,gmina,Rzepiennik Strzyżewski,powiat tarnowski,24.00%
55,Ludność w wieku przedprodukcyjnym,2008,gmina,Skrzyszów,powiat tarnowski,24.00%
55,Ludność w wieku przedprodukcyjnym,2008,gmina,Szerzyny,powiat tarnowski,23.00%
55,Ludność w wieku przedprodukcyjnym,2008,gmina,Tarnów (wieś),powiat tarnowski,23.00%
55,Ludność w wieku przedprodukcyjnym,2008,gmina,Tuchów,powiat tarnowski,24.00%
55,Ludność w wieku przedprodukcyjnym,2008,gmina,Wierzchosławice,powiat tarnowski,22.00%
55,Ludność w wieku przedprodukcyjnym,2008,gmina,Wietrzychowice,powiat tarnowski,20.00%
55,Ludność w wieku przedprodukcyjnym,2008,gmina,Wojnicz,powiat tarnowski,23.00%
55,Ludność w wieku przedprodukcyjnym,2008,gmina,Zakliczyn,powiat tarnowski,24.00%
55,Ludność w wieku przedprodukcyjnym,2008,gmina,Żabno,powiat tarnowski,21.00%
55,Ludność w wieku przedprodukcyjnym,2008,powiat,powiat tatrzański,powiat tatrzański,22.00%
55,Ludność w wieku przedprodukcyjnym,2008,gmina,Biały Dunajec,powiat tatrzański,24.00%
55,Ludność w wieku przedprodukcyjnym,2008,gmina,Bukowina Tatrzańska,powiat tatrzański,23.00%
55,Ludność w wieku przedprodukcyjnym,2008,gmina,Kościelisko,powiat tatrzański,23.00%
55,Ludność w wieku przedprodukcyjnym,2008,gmina,Poronin,powiat tatrzański,24.00%
55,Ludność w wieku przedprodukcyjnym,2008,gmina,Zakopane,powiat tatrzański,18.00%
55,Ludność w wieku przedprodukcyjnym,2008,powiat,powiat wadowicki,powiat wadowicki,22.00%
55,Ludność w wieku przedprodukcyjnym,2008,gmina,Andrychów,powiat wadowicki,21.00%
55,Ludność w wieku przedprodukcyjnym,2008,gmina,Brzeźnica,powiat wadowicki,22.00%
55,Ludność w wieku przedprodukcyjnym,2008,gmina,Kalwaria Zebrzydowska,powiat wadowicki,22.00%
55,Ludność w wieku przedprodukcyjnym,2008,gmina,Lanckorona,powiat wadowicki,24.00%
55,Ludność w wieku przedprodukcyjnym,2008,gmina,Mucharz,powiat wadowicki,22.00%
55,Ludność w wieku przedprodukcyjnym,2008,gmina,Spytkowice,powiat wadowicki,22.00%
55,Ludność w wieku przedprodukcyjnym,2008,gmina,Stryszów,powiat wadowicki,22.00%
55,Ludność w wieku przedprodukcyjnym,2008,gmina,Tomice,powiat wadowicki,24.00%
55,Ludność w wieku przedprodukcyjnym,2008,gmina,Wadowice,powiat wadowicki,21.00%
55,Ludność w wieku przedprodukcyjnym,2008,gmina,Wieprz,powiat wadowicki,24.00%
55,Ludność w wieku przedprodukcyjnym,2008,powiat,powiat wielicki,powiat wielicki,21.00%
55,Ludność w wieku przedprodukcyjnym,2008,gmina,Biskupice,powiat wielicki,22.00%
55,Ludność w wieku przedprodukcyjnym,2008,gmina,Gdów,powiat wielicki,24.00%
55,Ludność w wieku przedprodukcyjnym,2008,gmina,Kłaj,powiat wielicki,21.00%
55,Ludność w wieku przedprodukcyjnym,2008,gmina,Niepołomice,powiat wielicki,21.00%
55,Ludność w wieku przedprodukcyjnym,2008,gmina,Wieliczka,powiat wielicki,21.00%
55,Ludność w wieku przedprodukcyjnym,2007,powiat,powiat bocheński,powiat bocheński,23.00%
55,Ludność w wieku przedprodukcyjnym,2007,gmina,Bochnia (miasto),powiat bocheński,21.00%
55,Ludność w wieku przedprodukcyjnym,2007,gmina,Bochnia (wieś),powiat bocheński,23.00%
55,Ludność w wieku przedprodukcyjnym,2007,gmina,Drwinia,powiat bocheński,22.00%
55,Ludność w wieku przedprodukcyjnym,2007,gmina,Lipnica Murowana,powiat bocheński,25.00%
55,Ludność w wieku przedprodukcyjnym,2007,gmina,Łapanów,powiat bocheński,26.00%
55,Ludność w wieku przedprodukcyjnym,2007,gmina,Nowy Wiśnicz,powiat bocheński,26.00%
55,Ludność w wieku przedprodukcyjnym,2007,gmina,Rzezawa,powiat bocheński,24.00%
55,Ludność w wieku przedprodukcyjnym,2007,gmina,Trzciana,powiat bocheński,25.00%
55,Ludność w wieku przedprodukcyjnym,2007,gmina,Żegocina,powiat bocheński,25.00%
55,Ludność w wieku przedprodukcyjnym,2007,powiat,powiat brzeski,powiat brzeski,23.00%
55,Ludność w wieku przedprodukcyjnym,2007,gmina,Borzęcin,powiat brzeski,23.00%
55,Ludność w wieku przedprodukcyjnym,2007,gmina,Brzesko,powiat brzeski,22.00%
55,Ludność w wieku przedprodukcyjnym,2007,gmina,Czchów,powiat brzeski,25.00%
55,Ludność w wieku przedprodukcyjnym,2007,gmina,Dębno,powiat brzeski,24.00%
55,Ludność w wieku przedprodukcyjnym,2007,gmina,Gnojnik,powiat brzeski,26.00%
55,Ludność w wieku przedprodukcyjnym,2007,gmina,Iwkowa,powiat brzeski,27.00%
55,Ludność w wieku przedprodukcyjnym,2007,gmina,Szczurowa,powiat brzeski,21.00%
55,Ludność w wieku przedprodukcyjnym,2007,powiat,powiat chrzanowski,powiat chrzanowski,18.00%
55,Ludność w wieku przedprodukcyjnym,2007,gmina,Alwernia,powiat chrzanowski,19.00%
55,Ludność w wieku przedprodukcyjnym,2007,gmina,Babice,powiat chrzanowski,20.00%
55,Ludność w wieku przedprodukcyjnym,2007,gmina,Chrzanów,powiat chrzanowski,17.00%
55,Ludność w wieku przedprodukcyjnym,2007,gmina,Libiąż,powiat chrzanowski,19.00%
55,Ludność w wieku przedprodukcyjnym,2007,gmina,Trzebinia,powiat chrzanowski,18.00%
55,Ludność w wieku przedprodukcyjnym,2007,powiat,powiat dąbrowski,powiat dąbrowski,22.00%
55,Ludność w wieku przedprodukcyjnym,2007,gmina,Bolesław,powiat dąbrowski,20.00%
55,Ludność w wieku przedprodukcyjnym,2007,gmina,Dąbrowa Tarnowska,powiat dąbrowski,22.00%
55,Ludność w wieku przedprodukcyjnym,2007,gmina,Gręboszów,powiat dąbrowski,18.00%
55,Ludność w wieku przedprodukcyjnym,2007,gmina,Mędrzechów,powiat dąbrowski,22.00%
55,Ludność w wieku przedprodukcyjnym,2007,gmina,Olesno,powiat dąbrowski,22.00%
55,Ludność w wieku przedprodukcyjnym,2007,gmina,Radgoszcz,powiat dąbrowski,26.00%
55,Ludność w wieku przedprodukcyjnym,2007,gmina,Szczucin,powiat dąbrowski,22.00%
55,Ludność w wieku przedprodukcyjnym,2007,powiat,powiat gorlicki,powiat gorlicki,23.00%
55,Ludność w wieku przedprodukcyjnym,2007,gmina,Biecz,powiat gorlicki,23.00%
55,Ludność w wieku przedprodukcyjnym,2007,gmina,Bobowa,powiat gorlicki,28.00%
55,Ludność w wieku przedprodukcyjnym,2007,gmina,Gorlice (miasto),powiat gorlicki,18.00%
55,Ludność w wieku przedprodukcyjnym,2007,gmina,Gorlice (wieś),powiat gorlicki,23.00%
55,Ludność w wieku przedprodukcyjnym,2007,gmina,Lipinki,powiat gorlicki,22.00%
55,Ludność w wieku przedprodukcyjnym,2007,gmina,Łużna,powiat gorlicki,24.00%
55,Ludność w wieku przedprodukcyjnym,2007,gmina,Moszczenica,powiat gorlicki,24.00%
55,Ludność w wieku przedprodukcyjnym,2007,gmina,Ropa,powiat gorlicki,27.00%
55,Ludność w wieku przedprodukcyjnym,2007,gmina,Sękowa,powiat gorlicki,24.00%
55,Ludność w wieku przedprodukcyjnym,2007,gmina,Uście Gorlickie,powiat gorlicki,26.00%
55,Ludność w wieku przedprodukcyjnym,2007,powiat,powiat krakowski,powiat krakowski,21.00%
55,Ludność w wieku przedprodukcyjnym,2007,gmina,Czernichów,powiat krakowski,22.00%
55,Ludność w wieku przedprodukcyjnym,2007,gmina,Igołomia-Wawrzeńczyce,powiat krakowski,21.00%
55,Ludność w wieku przedprodukcyjnym,2007,gmina,Iwanowice,powiat krakowski,21.00%
55,Ludność w wieku przedprodukcyjnym,2007,gmina,Jerzmanowice-Przeginia,powiat krakowski,22.00%
55,Ludność w wieku przedprodukcyjnym,2007,gmina,Kocmyrzów-Luborzyca,powiat krakowski,22.00%
55,Ludność w wieku przedprodukcyjnym,2007,gmina,Krzeszowice,powiat krakowski,19.00%
55,Ludność w wieku przedprodukcyjnym,2007,gmina,Liszki,powiat krakowski,22.00%
55,Ludność w wieku przedprodukcyjnym,2007,gmina,Michałowice,powiat krakowski,22.00%
55,Ludność w wieku przedprodukcyjnym,2007,gmina,Mogilany,powiat krakowski,23.00%
55,Ludność w wieku przedprodukcyjnym,2007,gmina,Skała,powiat krakowski,21.00%
55,Ludność w wieku przedprodukcyjnym,2007,gmina,Skawina,powiat krakowski,21.00%
55,Ludność w wieku przedprodukcyjnym,2007,gmina,Słomniki,powiat krakowski,21.00%
55,Ludność w wieku przedprodukcyjnym,2007,gmina,Sułoszowa,powiat krakowski,22.00%
55,Ludność w wieku przedprodukcyjnym,2007,gmina,Świątniki Górne,powiat krakowski,23.00%
55,Ludność w wieku przedprodukcyjnym,2007,gmina,Wielka Wieś,powiat krakowski,21.00%
55,Ludność w wieku przedprodukcyjnym,2007,gmina,Zabierzów,powiat krakowski,19.00%
55,Ludność w wieku przedprodukcyjnym,2007,gmina,Zielonki,powiat krakowski,21.00%
55,Ludność w wieku przedprodukcyjnym,2007,powiat,powiat limanowski,powiat limanowski,27.00%
55,Ludność w wieku przedprodukcyjnym,2007,gmina,Dobra,powiat limanowski,25.00%
55,Ludność w wieku przedprodukcyjnym,2007,gmina,Jodłownik,powiat limanowski,26.00%
55,Ludność w wieku przedprodukcyjnym,2007,gmina,Kamienica,powiat limanowski,28.00%
55,Ludność w wieku przedprodukcyjnym,2007,gmina,Laskowa,powiat limanowski,29.00%
55,Ludność w wieku przedprodukcyjnym,2007,gmina,Limanowa (miasto),powiat limanowski,23.00%
55,Ludność w wieku przedprodukcyjnym,2007,gmina,Limanowa (wieś),powiat limanowski,28.00%
55,Ludność w wieku przedprodukcyjnym,2007,gmina,Łukowica,powiat limanowski,28.00%
55,Ludność w wieku przedprodukcyjnym,2007,gmina,Mszana Dolna (miasto),powiat limanowski,24.00%
55,Ludność w wieku przedprodukcyjnym,2007,gmina,Mszana Dolna (wieś),powiat limanowski,28.00%
55,Ludność w wieku przedprodukcyjnym,2007,gmina,Niedźwiedź,powiat limanowski,29.00%
55,Ludność w wieku przedprodukcyjnym,2007,gmina,Słopnice,powiat limanowski,33.00%
55,Ludność w wieku przedprodukcyjnym,2007,gmina,Tymbark,powiat limanowski,29.00%
55,Ludność w wieku przedprodukcyjnym,2007,powiat,powiat m. Kraków,powiat m. Kraków,16.00%
55,Ludność w wieku przedprodukcyjnym,2007,powiat,powiat m. Nowy Sącz,powiat m. Nowy Sącz,21.00%
55,Ludność w wieku przedprodukcyjnym,2007,powiat,powiat m. Tarnów,powiat m. Tarnów,18.00%
55,Ludność w wieku przedprodukcyjnym,2007,powiat,powiat miechowski,powiat miechowski,19.00%
55,Ludność w wieku przedprodukcyjnym,2007,gmina,Charsznica,powiat miechowski,20.00%
55,Ludność w wieku przedprodukcyjnym,2007,gmina,Gołcza,powiat miechowski,20.00%
55,Ludność w wieku przedprodukcyjnym,2007,gmina,Kozłów,powiat miechowski,20.00%
55,Ludność w wieku przedprodukcyjnym,2007,gmina,Książ Wielki,powiat miechowski,18.00%
55,Ludność w wieku przedprodukcyjnym,2007,gmina,Miechów,powiat miechowski,19.00%
55,Ludność w wieku przedprodukcyjnym,2007,gmina,Racławice,powiat miechowski,21.00%
55,Ludność w wieku przedprodukcyjnym,2007,gmina,Słaboszów,powiat miechowski,20.00%
55,Ludność w wieku przedprodukcyjnym,2007,powiat,powiat myślenicki,powiat myślenicki,24.00%
55,Ludność w wieku przedprodukcyjnym,2007,gmina,Dobczyce,powiat myślenicki,24.00%
55,Ludność w wieku przedprodukcyjnym,2007,gmina,Lubień,powiat myślenicki,26.00%
55,Ludność w wieku przedprodukcyjnym,2007,gmina,Myślenice,powiat myślenicki,23.00%
55,Ludność w wieku przedprodukcyjnym,2007,gmina,Pcim,powiat myślenicki,26.00%
55,Ludność w wieku przedprodukcyjnym,2007,gmina,Raciechowice,powiat myślenicki,23.00%
55,Ludność w wieku przedprodukcyjnym,2007,gmina,Siepraw,powiat myślenicki,24.00%
55,Ludność w wieku przedprodukcyjnym,2007,gmina,Sułkowice,powiat myślenicki,25.00%
55,Ludność w wieku przedprodukcyjnym,2007,gmina,Tokarnia,powiat myślenicki,27.00%
55,Ludność w wieku przedprodukcyjnym,2007,gmina,Wiśniowa,powiat myślenicki,26.00%
55,Ludność w wieku przedprodukcyjnym,2007,powiat,powiat nowosądecki,powiat nowosądecki,27.00%
55,Ludność w wieku przedprodukcyjnym,2007,gmina,Podegrodzie,powiat nowosądecki,29.00%
55,Ludność w wieku przedprodukcyjnym,2007,gmina,Rytro,powiat nowosądecki,25.00%
55,Ludność w wieku przedprodukcyjnym,2007,gmina,Stary Sącz,powiat nowosądecki,26.00%
55,Ludność w wieku przedprodukcyjnym,2007,gmina,Chełmiec,powiat nowosądecki,28.00%
55,Ludność w wieku przedprodukcyjnym,2007,gmina,Gródek nad Dunajcem,powiat nowosądecki,28.00%
55,Ludność w wieku przedprodukcyjnym,2007,gmina,Grybów (miasto),powiat nowosądecki,21.00%
55,Ludność w wieku przedprodukcyjnym,2007,gmina,Grybów (wieś),powiat nowosądecki,29.00%
55,Ludność w wieku przedprodukcyjnym,2007,gmina,Kamionka Wielka,powiat nowosądecki,29.00%
55,Ludność w wieku przedprodukcyjnym,2007,gmina,Korzenna,powiat nowosądecki,28.00%
55,Ludność w wieku przedprodukcyjnym,2007,gmina,Krynica-Zdrój,powiat nowosądecki,22.00%
55,Ludność w wieku przedprodukcyjnym,2007,gmina,Łabowa,powiat nowosądecki,31.00%
55,Ludność w wieku przedprodukcyjnym,2007,gmina,Łącko,powiat nowosądecki,27.00%
55,Ludność w wieku przedprodukcyjnym,2007,gmina,Łososina Dolna,powiat nowosądecki,28.00%
55,Ludność w wieku przedprodukcyjnym,2007,gmina,Muszyna,powiat nowosądecki,25.00%
55,Ludność w wieku przedprodukcyjnym,2007,gmina,Nawojowa,powiat nowosądecki,29.00%
55,Ludność w wieku przedprodukcyjnym,2007,gmina,Piwniczna-Zdrój,powiat nowosądecki,25.00%
55,Ludność w wieku przedprodukcyjnym,2007,powiat,powiat nowotarski,powiat nowotarski,24.00%
55,Ludność w wieku przedprodukcyjnym,2007,gmina,Czarny Dunajec,powiat nowotarski,25.00%
55,Ludność w wieku przedprodukcyjnym,2007,gmina,Czorsztyn,powiat nowotarski,25.00%
55,Ludność w wieku przedprodukcyjnym,2007,gmina,Jabłonka,powiat nowotarski,28.00%
55,Ludność w wieku przedprodukcyjnym,2007,gmina,Krościenko nad Dunajcem,powiat nowotarski,23.00%
55,Ludność w wieku przedprodukcyjnym,2007,gmina,Lipnica Wielka,powiat nowotarski,29.00%
55,Ludność w wieku przedprodukcyjnym,2007,gmina,Łapsze Niżne,powiat nowotarski,24.00%
55,Ludność w wieku przedprodukcyjnym,2007,gmina,Nowy Targ (miasto),powiat nowotarski,21.00%
55,Ludność w wieku przedprodukcyjnym,2007,gmina,Nowy Targ (wieś),powiat nowotarski,26.00%
55,Ludność w wieku przedprodukcyjnym,2007,gmina,Ochotnica Dolna,powiat nowotarski,28.00%
55,Ludność w wieku przedprodukcyjnym,2007,gmina,Raba Wyżna,powiat nowotarski,25.00%
55,Ludność w wieku przedprodukcyjnym,2007,gmina,Rabka-Zdrój,powiat nowotarski,22.00%
55,Ludność w wieku przedprodukcyjnym,2007,gmina,Spytkowice,powiat nowotarski,28.00%
55,Ludność w wieku przedprodukcyjnym,2007,gmina,Szaflary,powiat nowotarski,26.00%
55,Ludność w wieku przedprodukcyjnym,2007,gmina,Szczawnica,powiat nowotarski,22.00%
55,Ludność w wieku przedprodukcyjnym,2007,powiat,powiat olkuski,powiat olkuski,19.00%
55,Ludność w wieku przedprodukcyjnym,2007,gmina,Bolesław,powiat olkuski,18.00%
55,Ludność w wieku przedprodukcyjnym,2007,gmina,Bukowno,powiat olkuski,17.00%
55,Ludność w wieku przedprodukcyjnym,2007,gmina,Klucze,powiat olkuski,19.00%
55,Ludność w wieku przedprodukcyjnym,2007,gmina,Olkusz,powiat olkuski,18.00%
55,Ludność w wieku przedprodukcyjnym,2007,gmina,Trzyciąż,powiat olkuski,22.00%
55,Ludność w wieku przedprodukcyjnym,2007,gmina,Wolbrom,powiat olkuski,20.00%
55,Ludność w wieku przedprodukcyjnym,2007,powiat,powiat oświęcimski,powiat oświęcimski,19.00%
55,Ludność w wieku przedprodukcyjnym,2007,gmina,Brzeszcze,powiat oświęcimski,19.00%
55,Ludność w wieku przedprodukcyjnym,2007,gmina,Chełmek,powiat oświęcimski,19.00%
55,Ludność w wieku przedprodukcyjnym,2007,gmina,Kęty,powiat oświęcimski,20.00%
55,Ludność w wieku przedprodukcyjnym,2007,gmina,Osiek,powiat oświęcimski,22.00%
55,Ludność w wieku przedprodukcyjnym,2007,gmina,Oświęcim (miasto),powiat oświęcimski,18.00%
55,Ludność w wieku przedprodukcyjnym,2007,gmina,Oświęcim (wieś),powiat oświęcimski,20.00%
55,Ludność w wieku przedprodukcyjnym,2007,gmina,Polanka Wielka,powiat oświęcimski,23.00%
55,Ludność w wieku przedprodukcyjnym,2007,gmina,Przeciszów,powiat oświęcimski,21.00%
55,Ludność w wieku przedprodukcyjnym,2007,gmina,Zator,powiat oświęcimski,22.00%
55,Ludność w wieku przedprodukcyjnym,2007,powiat,powiat proszowicki,powiat proszowicki,21.00%
55,Ludność w wieku przedprodukcyjnym,2007,gmina,Koniusza,powiat proszowicki,22.00%
55,Ludność w wieku przedprodukcyjnym,2007,gmina,Koszyce,powiat proszowicki,19.00%
55,Ludność w wieku przedprodukcyjnym,2007,gmina,Nowe Brzesko,powiat proszowicki,21.00%
55,Ludność w wieku przedprodukcyjnym,2007,gmina,Pałecznica,powiat proszowicki,21.00%
55,Ludność w wieku przedprodukcyjnym,2007,gmina,Proszowice,powiat proszowicki,20.00%
55,Ludność w wieku przedprodukcyjnym,2007,gmina,Radziemice,powiat proszowicki,21.00%
55,Ludność w wieku przedprodukcyjnym,2007,powiat,powiat suski,powiat suski,23.00%
55,Ludność w wieku przedprodukcyjnym,2007,gmina,Budzów,powiat suski,26.00%
55,Ludność w wieku przedprodukcyjnym,2007,gmina,Bystra-Sidzina,powiat suski,27.00%
55,Ludność w wieku przedprodukcyjnym,2007,gmina,Jordanów (miasto),powiat suski,21.00%
55,Ludność w wieku przedprodukcyjnym,2007,gmina,Jordanów (wieś),powiat suski,25.00%
55,Ludność w wieku przedprodukcyjnym,2007,gmina,Maków Podhalański,powiat suski,23.00%
55,Ludność w wieku przedprodukcyjnym,2007,gmina,Stryszawa,powiat suski,21.00%
55,Ludność w wieku przedprodukcyjnym,2007,gmina,Sucha Beskidzka,powiat suski,21.00%
55,Ludność w wieku przedprodukcyjnym,2007,gmina,Zawoja,powiat suski,24.00%
55,Ludność w wieku przedprodukcyjnym,2007,gmina,Zembrzyce,powiat suski,22.00%
55,Ludność w wieku przedprodukcyjnym,2007,powiat,powiat tarnowski,powiat tarnowski,24.00%
55,Ludność w wieku przedprodukcyjnym,2007,gmina,Ciężkowice,powiat tarnowski,25.00%
55,Ludność w wieku przedprodukcyjnym,2007,gmina,Gromnik,powiat tarnowski,26.00%
55,Ludność w wieku przedprodukcyjnym,2007,gmina,Lisia Góra,powiat tarnowski,25.00%
55,Ludność w wieku przedprodukcyjnym,2007,gmina,Pleśna,powiat tarnowski,25.00%
55,Ludność w wieku przedprodukcyjnym,2007,gmina,Radłów,powiat tarnowski,22.00%
55,Ludność w wieku przedprodukcyjnym,2007,gmina,Ryglice,powiat tarnowski,26.00%
55,Ludność w wieku przedprodukcyjnym,2007,gmina,Rzepiennik Strzyżewski,powiat tarnowski,25.00%
55,Ludność w wieku przedprodukcyjnym,2007,gmina,Skrzyszów,powiat tarnowski,25.00%
55,Ludność w wieku przedprodukcyjnym,2007,gmina,Szerzyny,powiat tarnowski,23.00%
55,Ludność w wieku przedprodukcyjnym,2007,gmina,Tarnów (wieś),powiat tarnowski,24.00%
55,Ludność w wieku przedprodukcyjnym,2007,gmina,Tuchów,powiat tarnowski,24.00%
55,Ludność w wieku przedprodukcyjnym,2007,gmina,Wierzchosławice,powiat tarnowski,22.00%
55,Ludność w wieku przedprodukcyjnym,2007,gmina,Wietrzychowice,powiat tarnowski,20.00%
55,Ludność w wieku przedprodukcyjnym,2007,gmina,Wojnicz,powiat tarnowski,24.00%
55,Ludność w wieku przedprodukcyjnym,2007,gmina,Zakliczyn,powiat tarnowski,24.00%
55,Ludność w wieku przedprodukcyjnym,2007,gmina,Żabno,powiat tarnowski,22.00%
55,Ludność w wieku przedprodukcyjnym,2007,powiat,powiat tatrzański,powiat tatrzański,22.00%
55,Ludność w wieku przedprodukcyjnym,2007,gmina,Biały Dunajec,powiat tatrzański,24.00%
55,Ludność w wieku przedprodukcyjnym,2007,gmina,Bukowina Tatrzańska,powiat tatrzański,24.00%
55,Ludność w wieku przedprodukcyjnym,2007,gmina,Kościelisko,powiat tatrzański,24.00%
55,Ludność w wieku przedprodukcyjnym,2007,gmina,Poronin,powiat tatrzański,25.00%
55,Ludność w wieku przedprodukcyjnym,2007,gmina,Zakopane,powiat tatrzański,19.00%
55,Ludność w wieku przedprodukcyjnym,2007,powiat,powiat wadowicki,powiat wadowicki,22.00%
55,Ludność w wieku przedprodukcyjnym,2007,gmina,Andrychów,powiat wadowicki,21.00%
55,Ludność w wieku przedprodukcyjnym,2007,gmina,Brzeźnica,powiat wadowicki,23.00%
55,Ludność w wieku przedprodukcyjnym,2007,gmina,Kalwaria Zebrzydowska,powiat wadowicki,22.00%
55,Ludność w wieku przedprodukcyjnym,2007,gmina,Lanckorona,powiat wadowicki,24.00%
55,Ludność w wieku przedprodukcyjnym,2007,gmina,Mucharz,powiat wadowicki,23.00%
55,Ludność w wieku przedprodukcyjnym,2007,gmina,Spytkowice,powiat wadowicki,23.00%
55,Ludność w wieku przedprodukcyjnym,2007,gmina,Stryszów,powiat wadowicki,23.00%
55,Ludność w wieku przedprodukcyjnym,2007,gmina,Tomice,powiat wadowicki,24.00%
55,Ludność w wieku przedprodukcyjnym,2007,gmina,Wadowice,powiat wadowicki,21.00%
55,Ludność w wieku przedprodukcyjnym,2007,gmina,Wieprz,powiat wadowicki,25.00%
55,Ludność w wieku przedprodukcyjnym,2007,powiat,powiat wielicki,powiat wielicki,22.00%
55,Ludność w wieku przedprodukcyjnym,2007,gmina,Biskupice,powiat wielicki,23.00%
55,Ludność w wieku przedprodukcyjnym,2007,gmina,Gdów,powiat wielicki,25.00%
55,Ludność w wieku przedprodukcyjnym,2007,gmina,Kłaj,powiat wielicki,21.00%
55,Ludność w wieku przedprodukcyjnym,2007,gmina,Niepołomice,powiat wielicki,21.00%
55,Ludność w wieku przedprodukcyjnym,2007,gmina,Wieliczka,powiat wielicki,21.00%
