indicator_id,indicator,year,level,area,powiat,value
7,Wskaźnik gęstości zaludnienia,2024,powiat,powiat bocheński,powiat bocheński,164.90
7,Wskaźnik gęstości zaludnienia,2024,gmina,Bochnia (miasto),powiat bocheński,948.10
7,Wskaźnik gęstości zaludnienia,2024,gmina,Bochnia (wieś),powiat bocheński,159.40
7,Wskaźnik gęstości zaludnienia,2024,gmina,Drwinia,powiat bocheński,58.50
7,Wskaźnik gęstości zaludnienia,2024,gmina,Lipnica Murowana,powiat bocheński,91.40
7,Wskaźnik gęstości zaludnienia,2024,gmina,Łapanów,powiat bocheński,120.70
7,Wskaźnik gęstości zaludnienia,2024,gmina,Nowy Wiśnicz,powiat bocheński,176.30
7,Wskaźnik gęstości zaludnienia,2024,gmina,Rzezawa,powiat bocheński,133.80
7,Wskaźnik gęstości zaludnienia,2024,gmina,Trzciana,powiat bocheński,129.30
7,Wskaźnik gęstości zaludnienia,2024,gmina,Żegocina,powiat bocheński,158.40
7,Wskaźnik gęstości zaludnienia,2024,powiat,powiat brzeski,powiat brzeski,154.60
7,Wskaźnik gęstości zaludnienia,2024,gmina,Borzęcin,powiat brzeski,78.70
7,Wskaźnik gęstości zaludnienia,2024,gmina,Brzesko,powiat brzeski,343.70
7,Wskaźnik gęstości zaludnienia,2024,gmina,Czchów,powiat brzeski,145.50
7,Wskaźnik gęstości zaludnienia,2024,gmina,Dębno,powiat brzeski,177.50
7,Wskaźnik gęstości zaludnienia,2024,gmina,Gnojnik,powiat brzeski,147.40
7,Wskaźnik gęstości zaludnienia,2024,gmina,Iwkowa,powiat brzeski,140.80
7,Wskaźnik gęstości zaludnienia,2024,gmina,Szczurowa,powiat brzeski,67.20
7,Wskaźnik gęstości zaludnienia,2024,powiat,powiat chrzanowski,powiat chrzanowski,318.40
7,Wskaźnik gęstości zaludnienia,2024,gmina,Alwernia,powiat chrzanowski,166.60
7,Wskaźnik gęstości zaludnienia,2024,gmina,Babice,powiat chrzanowski,165.60
7,Wskaźnik gęstości zaludnienia,2024,gmina,Chrzanów,powiat chrzanowski,547.50
7,Wskaźnik gęstości zaludnienia,2024,gmina,Libiąż,powiat chrzanowski,367.30
7,Wskaźnik gęstości zaludnienia,2024,gmina,Trzebinia,powiat chrzanowski,304.40
7,Wskaźnik gęstości zaludnienia,2024,powiat,powiat dąbrowski,powiat dąbrowski,108.00
7,Wskaźnik gęstości zaludnienia,2024,gmina,Bolesław,powiat dąbrowski,73.60
7,Wskaźnik gęstości zaludnienia,2024,gmina,Dąbrowa Tarnowska,powiat dąbrowski,179.20
7,Wskaźnik gęstości zaludnienia,2024,gmina,Gręboszów,powiat dąbrowski,64.70
7,Wskaźnik gęstości zaludnienia,2024,gmina,Mędrzechów,powiat dąbrowski,73.20
7,Wskaźnik gęstości zaludnienia,2024,gmina,Olesno,powiat dąbrowski,98.20
7,Wskaźnik gęstości zaludnienia,2024,gmina,Radgoszcz,powiat dąbrowski,83.80
7,Wskaźnik gęstości zaludnienia,2024,gmina,Szczucin,powiat dąbrowski,103.50
7,Wskaźnik gęstości zaludnienia,2024,powiat,powiat gorlicki,powiat gorlicki,108.20
7,Wskaźnik gęstości zaludnienia,2024,gmina,Biecz,powiat gorlicki,162.50
7,Wskaźnik gęstości zaludnienia,2024,gmina,Bobowa,powiat gorlicki,192.70
7,Wskaźnik gęstości zaludnienia,2024,gmina,Gorlice (miasto),powiat gorlicki,1069.50
7,Wskaźnik gęstości zaludnienia,2024,gmina,Gorlice (wieś),powiat gorlicki,164.30
7,Wskaźnik gęstości zaludnienia,2024,gmina,Lipinki,powiat gorlicki,100.10
7,Wskaźnik gęstości zaludnienia,2024,gmina,Łużna,powiat gorlicki,146.70
7,Wskaźnik gęstości zaludnienia,2024,gmina,Moszczenica,powiat gorlicki,130.80
7,Wskaźnik gęstości zaludnienia,2024,gmina,Ropa,powiat gorlicki,112.10
7,Wskaźnik gęstości zaludnienia,2024,gmina,Sękowa,powiat gorlicki,25.10
7,Wskaźnik gęstości zaludnienia,2024,gmina,Uście Gorlickie,powiat gorlicki,23.40
7,Wskaźnik gęstości zaludnienia,2024,powiat,powiat krakowski,powiat krakowski,247.30
7,Wskaźnik gęstości zaludnienia,2024,gmina,Czernichów,powiat krakowski,183.40
7,Wskaźnik gęstości zaludnienia,2024,gmina,Igołomia-Wawrzeńczyce,powiat krakowski,125.10
7,Wskaźnik gęstości zaludnienia,2024,gmina,Iwanowice,powiat krakowski,138.40
7,Wskaźnik gęstości zaludnienia,2024,gmina,Jerzmanowice-Przeginia,powiat krakowski,163.50
7,Wskaźnik gęstości zaludnienia,2024,gmina,Kocmyrzów-Luborzyca,powiat krakowski,224.80
7,Wskaźnik gęstości zaludnienia,2024,gmina,Krzeszowice,powiat krakowski,229.00
7,Wskaźnik gęstości zaludnienia,2024,gmina,Liszki,powiat krakowski,260.20
7,Wskaźnik gęstości zaludnienia,2024,gmina,Michałowice,powiat krakowski,265.00
7,Wskaźnik gęstości zaludnienia,2024,gmina,Mogilany,powiat krakowski,378.20
7,Wskaźnik gęstości zaludnienia,2024,gmina,Skała,powiat krakowski,146.20
7,Wskaźnik gęstości zaludnienia,2024,gmina,Skawina,powiat krakowski,440.70
7,Wskaźnik gęstości zaludnienia,2024,gmina,Słomniki,powiat krakowski,123.20
7,Wskaźnik gęstości zaludnienia,2024,gmina,Sułoszowa,powiat krakowski,105.60
7,Wskaźnik gęstości zaludnienia,2024,gmina,Świątniki Górne,powiat krakowski,550.80
7,Wskaźnik gęstości zaludnienia,2024,gmina,Wielka Wieś,powiat krakowski,359.30
7,Wskaźnik gęstości zaludnienia,2024,gmina,Zabierzów,powiat krakowski,300.10
7,Wskaźnik gęstości zaludnienia,2024,gmina,Zielonki,powiat krakowski,578.00
7,Wskaźnik gęstości zaludnienia,2024,powiat,powiat limanowski,powiat limanowski,138.40
7,Wskaźnik gęstości zaludnienia,2024,gmina,Dobra,powiat limanowski,92.10
7,Wskaźnik gęstości zaludnienia,2024,gmina,Jodłownik,powiat limanowski,121.50
7,Wskaźnik gęstości zaludnienia,2024,gmina,Kamienica,powiat limanowski,81.90
7,Wskaźnik gęstości zaludnienia,2024,gmina,Laskowa,powiat limanowski,112.40
7,Wskaźnik gęstości zaludnienia,2024,gmina,Limanowa (miasto),powiat limanowski,768.20
7,Wskaźnik gęstości zaludnienia,2024,gmina,Limanowa (wieś),powiat limanowski,171.60
7,Wskaźnik gęstości zaludnienia,2024,gmina,Łukowica,powiat limanowski,146.40
7,Wskaźnik gęstości zaludnienia,2024,gmina,Mszana Dolna (miasto),powiat limanowski,288.10
7,Wskaźnik gęstości zaludnienia,2024,gmina,Mszana Dolna (wieś),powiat limanowski,103.80
7,Wskaźnik gęstości zaludnienia,2024,gmina,Niedźwiedź,powiat limanowski,98.70
7,Wskaźnik gęstości zaludnienia,2024,gmina,Słopnice,powiat limanowski,123.70
7,Wskaźnik gęstości zaludnienia,2024,gmina,Tymbark,powiat limanowski,192.30
7,Wskaźnik gęstości zaludnienia,2024,powiat,powiat m. Kraków,powiat m. Kraków,2475.70
7,Wskaźnik gęstości zaludnienia,2024,powiat,powiat m. Nowy Sącz,powiat m. Nowy Sącz,1385.80
7,Wskaźnik gęstości zaludnienia,2024,powiat,powiat m. Tarnów,powiat m. Tarnów,1411.10
7,Wskaźnik gęstości zaludnienia,2024,powiat,powiat miechowski,powiat miechowski,68.50
7,Wskaźnik gęstości zaludnienia,2024,gmina,Charsznica,powiat miechowski,89.20
7,Wskaźnik gęstości zaludnienia,2024,gmina,Gołcza,powiat miechowski,65.30
7,Wskaźnik gęstości zaludnienia,2024,gmina,Kozłów,powiat miechowski,51.10
7,Wskaźnik gęstości zaludnienia,2024,gmina,Książ Wielki,powiat miechowski,34.80
7,Wskaźnik gęstości zaludnienia,2024,gmina,Miechów,powiat miechowski,125.10
7,Wskaźnik gęstości zaludnienia,2024,gmina,Racławice,powiat miechowski,40.60
7,Wskaźnik gęstości zaludnienia,2024,gmina,Słaboszów,powiat miechowski,42.80
7,Wskaźnik gęstości zaludnienia,2024,powiat,powiat myślenicki,powiat myślenicki,193.10
7,Wskaźnik gęstości zaludnienia,2024,gmina,Dobczyce,powiat myślenicki,234.30
7,Wskaźnik gęstości zaludnienia,2024,gmina,Lubień,powiat myślenicki,134.60
7,Wskaźnik gęstości zaludnienia,2024,gmina,Myślenice,powiat myślenicki,296.90
7,Wskaźnik gęstości zaludnienia,2024,gmina,Pcim,powiat myślenicki,124.40
7,Wskaźnik gęstości zaludnienia,2024,gmina,Raciechowice,powiat myślenicki,105.30
7,Wskaźnik gęstości zaludnienia,2024,gmina,Siepraw,powiat myślenicki,305.00
7,Wskaźnik gęstości zaludnienia,2024,gmina,Sułkowice,powiat myślenicki,252.20
7,Wskaźnik gęstości zaludnienia,2024,gmina,Tokarnia,powiat myślenicki,128.00
7,Wskaźnik gęstości zaludnienia,2024,gmina,Wiśniowa,powiat myślenicki,112.40
7,Wskaźnik gęstości zaludnienia,2024,powiat,powiat nowosądecki,powiat nowosądecki,138.60
7,Wskaźnik gęstości zaludnienia,2024,gmina,Podegrodzie,powiat nowosądecki,210.70
7,Wskaźnik gęstości zaludnienia,2024,gmina,Rytro,powiat nowosądecki,86.70
7,Wskaźnik gęstości zaludnienia,2024,gmina,Stary Sącz,powiat nowosądecki,232.60
7,Wskaźnik gęstości zaludnienia,2024,gmina,Chełmiec,powiat nowosądecki,267.00
7,Wskaźnik gęstości zaludnienia,2024,gmina,Gródek nad Dunajcem,powiat nowosądecki,100.40
7,Wskaźnik gęstości zaludnienia,2024,gmina,Grybów (miasto),powiat nowosądecki,348.90
7,Wskaźnik gęstości zaludnienia,2024,gmina,Grybów (wieś),powiat nowosądecki,165.50
7,Wskaźnik gęstości zaludnienia,2024,gmina,Kamionka Wielka,powiat nowosądecki,161.40
7,Wskaźnik gęstości zaludnienia,2024,gmina,Korzenna,powiat nowosądecki,135.00
7,Wskaźnik gęstości zaludnienia,2024,gmina,Krynica-Zdrój,powiat nowosądecki,106.30
7,Wskaźnik gęstości zaludnienia,2024,gmina,Łabowa,powiat nowosądecki,50.90
7,Wskaźnik gęstości zaludnienia,2024,gmina,Łącko,powiat nowosądecki,125.80
7,Wskaźnik gęstości zaludnienia,2024,gmina,Łososina Dolna,powiat nowosądecki,132.00
7,Wskaźnik gęstości zaludnienia,2024,gmina,Muszyna,powiat nowosądecki,78.50
7,Wskaźnik gęstości zaludnienia,2024,gmina,Nawojowa,powiat nowosądecki,176.60
7,Wskaźnik gęstości zaludnienia,2024,gmina,Piwniczna-Zdrój,powiat nowosądecki,77.70
7,Wskaźnik gęstości zaludnienia,2024,powiat,powiat nowotarski,powiat nowotarski,128.80
7,Wskaźnik gęstości zaludnienia,2024,gmina,Czarny Dunajec,powiat nowotarski,101.80
7,Wskaźnik gęstości zaludnienia,2024,gmina,Czorsztyn,powiat nowotarski,122.30
7,Wskaźnik gęstości zaludnienia,2024,gmina,Jabłonka,powiat nowotarski,90.30
7,Wskaźnik gęstości zaludnienia,2024,gmina,Krościenko nad Dunajcem,powiat nowotarski,115.50
7,Wskaźnik gęstości zaludnienia,2024,gmina,Lipnica Wielka,powiat nowotarski,89.90
7,Wskaźnik gęstości zaludnienia,2024,gmina,Łapsze Niżne,powiat nowotarski,73.70
7,Wskaźnik gęstości zaludnienia,2024,gmina,Nowy Targ (miasto),powiat nowotarski,647.00
7,Wskaźnik gęstości zaludnienia,2024,gmina,Nowy Targ (wieś),powiat nowotarski,115.80
7,Wskaźnik gęstości zaludnienia,2024,gmina,Ochotnica Dolna,powiat nowotarski,60.20
7,Wskaźnik gęstości zaludnienia,2024,gmina,Raba Wyżna,powiat nowotarski,162.20
7,Wskaźnik gęstości zaludnienia,2024,gmina,Rabka-Zdrój,powiat nowotarski,237.90
7,Wskaźnik gęstości zaludnienia,2024,gmina,Spytkowice,powiat nowotarski,146.00
7,Wskaźnik gęstości zaludnienia,2024,gmina,Szaflary,powiat nowotarski,208.30
7,Wskaźnik gęstości zaludnienia,2024,gmina,Szczawnica,powiat nowotarski,75.40
7,Wskaźnik gęstości zaludnienia,2024,powiat,powiat olkuski,powiat olkuski,169.90
7,Wskaźnik gęstości zaludnienia,2024,gmina,Bolesław,powiat olkuski,183.70
7,Wskaźnik gęstości zaludnienia,2024,gmina,Bukowno,powiat olkuski,144.00
7,Wskaźnik gęstości zaludnienia,2024,gmina,Klucze,powiat olkuski,120.20
7,Wskaźnik gęstości zaludnienia,2024,gmina,Olkusz,powiat olkuski,299.50
7,Wskaźnik gęstości zaludnienia,2024,gmina,Trzyciąż,powiat olkuski,72.10
7,Wskaźnik gęstości zaludnienia,2024,gmina,Wolbrom,powiat olkuski,148.20
7,Wskaźnik gęstości zaludnienia,2024,powiat,powiat oświęcimski,powiat oświęcimski,363.60
7,Wskaźnik gęstości zaludnienia,2024,gmina,Brzeszcze,powiat oświęcimski,443.90
7,Wskaźnik gęstości zaludnienia,2024,gmina,Chełmek,powiat oświęcimski,447.50
7,Wskaźnik gęstości zaludnienia,2024,gmina,Kęty,powiat oświęcimski,433.60
7,Wskaźnik gęstości zaludnienia,2024,gmina,Osiek,powiat oświęcimski,198.10
7,Wskaźnik gęstości zaludnienia,2024,gmina,Oświęcim (miasto),powiat oświęcimski,1171.60
7,Wskaźnik gęstości zaludnienia,2024,gmina,Oświęcim (wieś),powiat oświęcimski,253.70
7,Wskaźnik gęstości zaludnienia,2024,gmina,Polanka Wielka,powiat oświęcimski,180.20
7,Wskaźnik gęstości zaludnienia,2024,gmina,Przeciszów,powiat oświęcimski,178.00
7,Wskaźnik gęstości zaludnienia,2024,gmina,Zator,powiat oświęcimski,175.20
7,Wskaźnik gęstości zaludnienia,2024,powiat,powiat proszowicki,powiat proszowicki,101.10
7,Wskaźnik gęstości zaludnienia,2024,gmina,Koniusza,powiat proszowicki,102.90
7,Wskaźnik gęstości zaludnienia,2024,gmina,Koszyce,powiat proszowicki,78.80
7,Wskaźnik gęstości zaludnienia,2024,gmina,Nowe Brzesko,powiat proszowicki,103.30
7,Wskaźnik gęstości zaludnienia,2024,gmina,Pałecznica,powiat proszowicki,72.00
7,Wskaźnik gęstości zaludnienia,2024,gmina,Proszowice,powiat proszowicki,153.70
7,Wskaźnik gęstości zaludnienia,2024,gmina,Radziemice,powiat proszowicki,54.50
7,Wskaźnik gęstości zaludnienia,2024,powiat,powiat suski,powiat suski,120.40
7,Wskaźnik gęstości zaludnienia,2024,gmina,Budzów,powiat suski,119.50
7,Wskaźnik gęstości zaludnienia,2024,gmina,Bystra-Sidzina,powiat suski,84.80
7,Wskaźnik gęstości zaludnienia,2024,gmina,Jordanów (miasto),powiat suski,256.60
7,Wskaźnik gęstości zaludnienia,2024,gmina,Jordanów (wieś),powiat suski,120.60
7,Wskaźnik gęstości zaludnienia,2024,gmina,Maków Podhalański,powiat suski,144.10
7,Wskaźnik gęstości zaludnienia,2024,gmina,Stryszawa,powiat suski,104.30
7,Wskaźnik gęstości zaludnienia,2024,gmina,Sucha Beskidzka,powiat suski,315.60
7,Wskaźnik gęstości zaludnienia,2024,gmina,Zawoja,powiat suski,68.00
7,Wskaźnik gęstości zaludnienia,2024,gmina,Zembrzyce,powiat suski,137.20
7,Wskaźnik gęstości zaludnienia,2024,powiat,powiat tarnowski,powiat tarnowski,139.60
7,Wskaźnik gęstości zaludnienia,2024,gmina,Ciężkowice,powiat tarnowski,106.30
7,Wskaźnik gęstości zaludnienia,2024,gmina,Gromnik,powiat tarnowski,125.50
7,Wskaźnik gęstości zaludnienia,2024,gmina,Lisia Góra,powiat tarnowski,149.70
7,Wskaźnik gęstości zaludnienia,2024,gmina,Pleśna,powiat tarnowski,141.00
7,Wskaźnik gęstości zaludnienia,2024,gmina,Radłów,powiat tarnowski,108.70
7,Wskaźnik gęstości zaludnienia,2024,gmina,Ryglice,powiat tarnowski,95.10
7,Wskaźnik gęstości zaludnienia,2024,gmina,Rzepiennik Strzyżewski,powiat tarnowski,92.00
7,Wskaźnik gęstości zaludnienia,2024,gmina,Skrzyszów,powiat tarnowski,164.90
7,Wskaźnik gęstości zaludnienia,2024,gmina,Szerzyny,powiat tarnowski,91.10
7,Wskaźnik gęstości zaludnienia,2024,gmina,Tarnów (wieś),powiat tarnowski,320.30
7,Wskaźnik gęstości zaludnienia,2024,gmina,Tuchów,powiat tarnowski,169.70
7,Wskaźnik gęstości zaludnienia,2024,gmina,Wierzchosławice,powiat tarnowski,139.40
7,Wskaźnik gęstości zaludnienia,2024,gmina,Wietrzychowice,powiat tarnowski,76.40
7,Wskaźnik gęstości zaludnienia,2024,gmina,Wojnicz,powiat tarnowski,164.60
7,Wskaźnik gęstości zaludnienia,2024,gmina,Zakliczyn,powiat tarnowski,101.10
7,Wskaźnik gęstości zaludnienia,2024,gmina,Żabno,powiat tarnowski,180.50
7,Wskaźnik gęstości zaludnienia,2024,powiat,powiat tatrzański,powiat tatrzański,140.70
7,Wskaźnik gęstości zaludnienia,2024,gmina,Biały Dunajec,powiat tatrzański,193.30
7,Wskaźnik gęstości zaludnienia,2024,gmina,Bukowina Tatrzańska,powiat tatrzański,102.70
7,Wskaźnik gęstości zaludnienia,2024,gmina,Kościelisko,powiat tatrzański,66.70
7,Wskaźnik gęstości zaludnienia,2024,gmina,Poronin,powiat tatrzański,141.30
7,Wskaźnik gęstości zaludnienia,2024,gmina,Zakopane,powiat tatrzański,297.40
7,Wskaźnik gęstości zaludnienia,2024,powiat,powiat wadowicki,powiat wadowicki,243.20
7,Wskaźnik gęstości zaludnienia,2024,gmina,Andrychów,powiat wadowicki,415.90
7,Wskaźnik gęstości zaludnienia,2024,gmina,Brzeźnica,powiat wadowicki,163.70
7,Wskaźnik gęstości zaludnienia,2024,gmina,Kalwaria Zebrzydowska,powiat wadowicki,263.30
7,Wskaźnik gęstości zaludnienia,2024,gmina,Lanckorona,powiat wadowicki,154.60
7,Wskaźnik gęstości zaludnienia,2024,gmina,Mucharz,powiat wadowicki,112.30
7,Wskaźnik gęstości zaludnienia,2024,gmina,Spytkowice,powiat wadowicki,195.50
7,Wskaźnik gęstości zaludnienia,2024,gmina,Stryszów,powiat wadowicki,147.30
7,Wskaźnik gęstości zaludnienia,2024,gmina,Tomice,powiat wadowicki,200.20
7,Wskaźnik gęstości zaludnienia,2024,gmina,Wadowice,powiat wadowicki,321.40
7,Wskaźnik gęstości zaludnienia,2024,gmina,Wieprz,powiat wadowicki,172.40
7,Wskaźnik gęstości zaludnienia,2024,powiat,powiat wielicki,powiat wielicki,353.80
7,Wskaźnik gęstości zaludnienia,2024,gmina,Biskupice,powiat wielicki,290.00
7,Wskaźnik gęstości zaludnienia,2024,gmina,Gdów,powiat wielicki,172.00
7,Wskaźnik gęstości zaludnienia,2024,gmina,Kłaj,powiat wielicki,173.80
7,Wskaźnik gęstości zaludnienia,2024,gmina,Niepołomice,powiat wielicki,348.90
7,Wskaźnik gęstości zaludnienia,2024,gmina,Wieliczka,powiat wielicki,700.20
7,Wskaźnik gęstości zaludnienia,2023,powiat,powiat bocheński,powiat bocheński,165.00
7,Wskaźnik gęstości zaludnienia,2023,gmina,Bochnia (miasto),powiat bocheński,952
7,Wskaźnik gęstości zaludnienia,2023,gmina,Bochnia (wieś),powiat bocheński,159
7,Wskaźnik gęstości zaludnienia,2023,gmina,Drwinia,powiat bocheński,59
7,Wskaźnik gęstości zaludnienia,2023,gmina,Lipnica Murowana,powiat bocheński,92
7,Wskaźnik gęstości zaludnienia,2023,gmina,Łapanów,powiat bocheński,120
7,Wskaźnik gęstości zaludnienia,2023,gmina,Nowy Wiśnicz,powiat bocheński,176
7,Wskaźnik gęstości zaludnienia,2023,gmina,Rzezawa,powiat bocheński,133
7,Wskaźnik gęstości zaludnienia,2023,gmina,Trzciana,powiat bocheński,130
7,Wskaźnik gęstości zaludnienia,2023,gmina,Żegocina,powiat bocheński,158
7,Wskaźnik gęstości zaludnienia,2023,powiat,powiat brzeski,powiat brzeski,155.00
7,Wskaźnik gęstości zaludnienia,2023,gmina,Borzęcin,powiat brzeski,79
7,Wskaźnik gęstości zaludnienia,2023,gmina,Brzesko,powiat brzeski,346
7,Wskaźnik gęstości zaludnienia,2023,gmina,Czchów,powiat brzeski,146
7,Wskaźnik gęstości zaludnienia,2023,gmina,Dębno,powiat brzeski,178
7,Wskaźnik gęstości zaludnienia,2023,gmina,Gnojnik,powiat brzeski,148
7,Wskaźnik gęstości zaludnienia,2023,gmina,Iwkowa,powiat brzeski,140
7,Wskaźnik gęstości zaludnienia,2023,gmina,Szczurowa,powiat brzeski,68
7,Wskaźnik gęstości zaludnienia,2023,powiat,powiat chrzanowski,powiat chrzanowski,321.00
7,Wskaźnik gęstości zaludnienia,2023,gmina,Alwernia,powiat chrzanowski,167
7,Wskaźnik gęstości zaludnienia,2023,gmina,Babice,powiat chrzanowski,166
7,Wskaźnik gęstości zaludnienia,2023,gmina,Chrzanów,powiat chrzanowski,553
7,Wskaźnik gęstości zaludnienia,2023,gmina,Libiąż,powiat chrzanowski,370
7,Wskaźnik gęstości zaludnienia,2023,gmina,Trzebinia,powiat chrzanowski,307
7,Wskaźnik gęstości zaludnienia,2023,powiat,powiat dąbrowski,powiat dąbrowski,108.00
7,Wskaźnik gęstości zaludnienia,2023,gmina,Bolesław,powiat dąbrowski,74
7,Wskaźnik gęstości zaludnienia,2023,gmina,Dąbrowa Tarnowska,powiat dąbrowski,180
7,Wskaźnik gęstości zaludnienia,2023,gmina,Gręboszów,powiat dąbrowski,65
7,Wskaźnik gęstości zaludnienia,2023,gmina,Mędrzechów,powiat dąbrowski,74
7,Wskaźnik gęstości zaludnienia,2023,gmina,Olesno,powiat dąbrowski,98
7,Wskaźnik gęstości zaludnienia,2023,gmina,Radgoszcz,powiat dąbrowski,85
7,Wskaźnik gęstości zaludnienia,2023,gmina,Szczucin,powiat dąbrowski,104
7,Wskaźnik gęstości zaludnienia,2023,powiat,powiat gorlicki,powiat gorlicki,109.00
7,Wskaźnik gęstości zaludnienia,2023,gmina,Biecz,powiat gorlicki,164
7,Wskaźnik gęstości zaludnienia,2023,gmina,Bobowa,powiat gorlicki,193
7,Wskaźnik gęstości zaludnienia,2023,gmina,Gorlice (miasto),powiat gorlicki,1085
7,Wskaźnik gęstości zaludnienia,2023,gmina,Gorlice (wieś),powiat gorlicki,165
7,Wskaźnik gęstości zaludnienia,2023,gmina,Lipinki,powiat gorlicki,100
7,Wskaźnik gęstości zaludnienia,2023,gmina,Łużna,powiat gorlicki,148
7,Wskaźnik gęstości zaludnienia,2023,gmina,Moszczenica,powiat gorlicki,130
7,Wskaźnik gęstości zaludnienia,2023,gmina,Ropa,powiat gorlicki,112
7,Wskaźnik gęstości zaludnienia,2023,gmina,Sękowa,powiat gorlicki,25
7,Wskaźnik gęstości zaludnienia,2023,gmina,Uście Gorlickie,powiat gorlicki,24
7,Wskaźnik gęstości zaludnienia,2023,powiat,powiat krakowski,powiat krakowski,246.00
7,Wskaźnik gęstości zaludnienia,2023,gmina,Czernichów,powiat krakowski,183
7,Wskaźnik gęstości zaludnienia,2023,gmina,Igołomia-Wawrzeńczyce,powiat krakowski,125
7,Wskaźnik gęstości zaludnienia,2023,gmina,Iwanowice,powiat krakowski,138
7,Wskaźnik gęstości zaludnienia,2023,gmina,Jerzmanowice-Przeginia,powiat krakowski,164
7,Wskaźnik gęstości zaludnienia,2023,gmina,Kocmyrzów-Luborzyca,powiat krakowski,220
7,Wskaźnik gęstości zaludnienia,2023,gmina,Krzeszowice,powiat krakowski,229
7,Wskaźnik gęstości zaludnienia,2023,gmina,Liszki,powiat krakowski,258
7,Wskaźnik gęstości zaludnienia,2023,gmina,Michałowice,powiat krakowski,262
7,Wskaźnik gęstości zaludnienia,2023,gmina,Mogilany,powiat krakowski,373
7,Wskaźnik gęstości zaludnienia,2023,gmina,Skała,powiat krakowski,146
7,Wskaźnik gęstości zaludnienia,2023,gmina,Skawina,powiat krakowski,441
7,Wskaźnik gęstości zaludnienia,2023,gmina,Słomniki,powiat krakowski,123
7,Wskaźnik gęstości zaludnienia,2023,gmina,Sułoszowa,powiat krakowski,106
7,Wskaźnik gęstości zaludnienia,2023,gmina,Świątniki Górne,powiat krakowski,547
7,Wskaźnik gęstości zaludnienia,2023,gmina,Wielka Wieś,powiat krakowski,350
7,Wskaźnik gęstości zaludnienia,2023,gmina,Zabierzów,powiat krakowski,298
7,Wskaźnik gęstości zaludnienia,2023,gmina,Zielonki,powiat krakowski,571
7,Wskaźnik gęstości zaludnienia,2023,powiat,powiat limanowski,powiat limanowski,138.00
7,Wskaźnik gęstości zaludnienia,2023,gmina,Dobra,powiat limanowski,92
7,Wskaźnik gęstości zaludnienia,2023,gmina,Jodłownik,powiat limanowski,122
7,Wskaźnik gęstości zaludnienia,2023,gmina,Kamienica,powiat limanowski,82
7,Wskaźnik gęstości zaludnienia,2023,gmina,Laskowa,powiat limanowski,113
7,Wskaźnik gęstości zaludnienia,2023,gmina,Limanowa (miasto),powiat limanowski,772
7,Wskaźnik gęstości zaludnienia,2023,gmina,Limanowa (wieś),powiat limanowski,171
7,Wskaźnik gęstości zaludnienia,2023,gmina,Łukowica,powiat limanowski,146
7,Wskaźnik gęstości zaludnienia,2023,gmina,Mszana Dolna (miasto),powiat limanowski,289
7,Wskaźnik gęstości zaludnienia,2023,gmina,Mszana Dolna (wieś),powiat limanowski,104
7,Wskaźnik gęstości zaludnienia,2023,gmina,Niedźwiedź,powiat limanowski,98
7,Wskaźnik gęstości zaludnienia,2023,gmina,Słopnice,powiat limanowski,123
7,Wskaźnik gęstości zaludnienia,2023,gmina,Tymbark,powiat limanowski,195
7,Wskaźnik gęstości zaludnienia,2023,powiat,powiat m. Kraków,powiat m. Kraków,2467.00
7,Wskaźnik gęstości zaludnienia,2023,powiat,powiat m. Nowy Sącz,powiat m. Nowy Sącz,1395.00
7,Wskaźnik gęstości zaludnienia,2023,powiat,powiat m. Tarnów,powiat m. Tarnów,1425.00
7,Wskaźnik gęstości zaludnienia,2023,powiat,powiat miechowski,powiat miechowski,69.00
7,Wskaźnik gęstości zaludnienia,2023,gmina,Charsznica,powiat miechowski,90
7,Wskaźnik gęstości zaludnienia,2023,gmina,Gołcza,powiat miechowski,66
7,Wskaźnik gęstości zaludnienia,2023,gmina,Kozłów,powiat miechowski,52
7,Wskaźnik gęstości zaludnienia,2023,gmina,Książ Wielki,powiat miechowski,35
7,Wskaźnik gęstości zaludnienia,2023,gmina,Miechów,powiat miechowski,126
7,Wskaźnik gęstości zaludnienia,2023,gmina,Racławice,powiat miechowski,41
7,Wskaźnik gęstości zaludnienia,2023,gmina,Słaboszów,powiat miechowski,43
7,Wskaźnik gęstości zaludnienia,2023,powiat,powiat myślenicki,powiat myślenicki,193.00
7,Wskaźnik gęstości zaludnienia,2023,gmina,Dobczyce,powiat myślenicki,234
7,Wskaźnik gęstości zaludnienia,2023,gmina,Lubień,powiat myślenicki,134
7,Wskaźnik gęstości zaludnienia,2023,gmina,Myślenice,powiat myślenicki,297
7,Wskaźnik gęstości zaludnienia,2023,gmina,Pcim,powiat myślenicki,125
7,Wskaźnik gęstości zaludnienia,2023,gmina,Raciechowice,powiat myślenicki,105
7,Wskaźnik gęstości zaludnienia,2023,gmina,Siepraw,powiat myślenicki,303
7,Wskaźnik gęstości zaludnienia,2023,gmina,Sułkowice,powiat myślenicki,252
7,Wskaźnik gęstości zaludnienia,2023,gmina,Tokarnia,powiat myślenicki,128
7,Wskaźnik gęstości zaludnienia,2023,gmina,Wiśniowa,powiat myślenicki,112
7,Wskaźnik gęstości zaludnienia,2023,powiat,powiat nowosądecki,powiat nowosądecki,139.00
7,Wskaźnik gęstości zaludnienia,2023,gmina,Podegrodzie,powiat nowosądecki,210
7,Wskaźnik gęstości zaludnienia,2023,gmina,Rytro,powiat nowosądecki,88
7,Wskaźnik gęstości zaludnienia,2023,gmina,Stary Sącz,powiat nowosądecki,233
7,Wskaźnik gęstości zaludnienia,2023,gmina,Chełmiec,powiat nowosądecki,266
7,Wskaźnik gęstości zaludnienia,2023,gmina,Gródek nad Dunajcem,powiat nowosądecki,101
7,Wskaźnik gęstości zaludnienia,2023,gmina,Grybów (miasto),powiat nowosądecki,351
7,Wskaźnik gęstości zaludnienia,2023,gmina,Grybów (wieś),powiat nowosądecki,166
7,Wskaźnik gęstości zaludnienia,2023,gmina,Kamionka Wielka,powiat nowosądecki,161
7,Wskaźnik gęstości zaludnienia,2023,gmina,Korzenna,powiat nowosądecki,135
7,Wskaźnik gęstości zaludnienia,2023,gmina,Krynica-Zdrój,powiat nowosądecki,108
7,Wskaźnik gęstości zaludnienia,2023,gmina,Łabowa,powiat nowosądecki,50
7,Wskaźnik gęstości zaludnienia,2023,gmina,Łącko,powiat nowosądecki,125
7,Wskaźnik gęstości zaludnienia,2023,gmina,Łososina Dolna,powiat nowosądecki,132
7,Wskaźnik gęstości zaludnienia,2023,gmina,Muszyna,powiat nowosądecki,78
7,Wskaźnik gęstości zaludnienia,2023,gmina,Nawojowa,powiat nowosądecki,176
7,Wskaźnik gęstości zaludnienia,2023,gmina,Piwniczna-Zdrój,powiat nowosądecki,79
7,Wskaźnik gęstości zaludnienia,2023,powiat,powiat nowotarski,powiat nowotarski,129.00
7,Wskaźnik gęstości zaludnienia,2023,gmina,Czarny Dunajec,powiat nowotarski,102
7,Wskaźnik gęstości zaludnienia,2023,gmina,Czorsztyn,powiat nowotarski,122
7,Wskaźnik gęstości zaludnienia,2023,gmina,Jabłonka,powiat nowotarski,90
7,Wskaźnik gęstości zaludnienia,2023,gmina,Krościenko nad Dunajcem,powiat nowotarski,116
7,Wskaźnik gęstości zaludnienia,2023,gmina,Lipnica Wielka,powiat nowotarski,90
7,Wskaźnik gęstości zaludnienia,2023,gmina,Łapsze Niżne,powiat nowotarski,74
7,Wskaźnik gęstości zaludnienia,2023,gmina,Nowy Targ (miasto),powiat nowotarski,647
7,Wskaźnik gęstości zaludnienia,2023,gmina,Nowy Targ (wieś),powiat nowotarski,116
7,Wskaźnik gęstości zaludnienia,2023,gmina,Ochotnica Dolna,powiat nowotarski,60
7,Wskaźnik gęstości zaludnienia,2023,gmina,Raba Wyżna,powiat nowotarski,162
7,Wskaźnik gęstości zaludnienia,2023,gmina,Rabka-Zdrój,powiat nowotarski,239
7,Wskaźnik gęstości zaludnienia,2023,gmina,Spytkowice,powiat nowotarski,146
7,Wskaźnik gęstości zaludnienia,2023,gmina,Szaflary,powiat nowotarski,208
7,Wskaźnik gęstości zaludnienia,2023,gmina,Szczawnica,powiat nowotarski,76
7,Wskaźnik gęstości zaludnienia,2023,powiat,powiat olkuski,powiat olkuski,171.00
7,Wskaźnik gęstości zaludnienia,2023,gmina,Bolesław,powiat olkuski,186
7,Wskaźnik gęstości zaludnienia,2023,gmina,Bukowno,powiat olkuski,147
7,Wskaźnik gęstości zaludnienia,2023,gmina,Klucze,powiat olkuski,121
7,Wskaźnik gęstości zaludnienia,2023,gmina,Olkusz,powiat olkuski,302
7,Wskaźnik gęstości zaludnienia,2023,gmina,Trzyciąż,powiat olkuski,72
7,Wskaźnik gęstości zaludnienia,2023,gmina,Wolbrom,powiat olkuski,149
7,Wskaźnik gęstości zaludnienia,2023,powiat,powiat oświęcimski,powiat oświęcimski,365.00
7,Wskaźnik gęstości zaludnienia,2023,gmina,Brzeszcze,powiat oświęcimski,446
7,Wskaźnik gęstości zaludnienia,2023,gmina,Chełmek,powiat oświęcimski,451
7,Wskaźnik gęstości zaludnienia,2023,gmina,Kęty,powiat oświęcimski,435
7,Wskaźnik gęstości zaludnienia,2023,gmina,Osiek,powiat oświęcimski,199
7,Wskaźnik gęstości zaludnienia,2023,gmina,Oświęcim (miasto),powiat oświęcimski,1180
7,Wskaźnik gęstości zaludnienia,2023,gmina,Oświęcim (wieś),powiat oświęcimski,254
7,Wskaźnik gęstości zaludnienia,2023,gmina,Polanka Wielka,powiat oświęcimski,180
7,Wskaźnik gęstości zaludnienia,2023,gmina,Przeciszów,powiat oświęcimski,179
7,Wskaźnik gęstości zaludnienia,2023,gmina,Zator,powiat oświęcimski,177
7,Wskaźnik gęstości zaludnienia,2023,powiat,powiat proszowicki,powiat proszowicki,101.00
7,Wskaźnik gęstości zaludnienia,2023,gmina,Koniusza,powiat proszowicki,103
7,Wskaźnik gęstości zaludnienia,2023,gmina,Koszyce,powiat proszowicki,79
7,Wskaźnik gęstości zaludnienia,2023,gmina,Nowe Brzesko,powiat proszowicki,103
7,Wskaźnik gęstości zaludnienia,2023,gmina,Pałecznica,powiat proszowicki,72
7,Wskaźnik gęstości zaludnienia,2023,gmina,Proszowice,powiat proszowicki,155
7,Wskaźnik gęstości zaludnienia,2023,gmina,Radziemice,powiat proszowicki,55
7,Wskaźnik gęstości zaludnienia,2023,powiat,powiat suski,powiat suski,121.00
7,Wskaźnik gęstości zaludnienia,2023,gmina,Budzów,powiat suski,120
7,Wskaźnik gęstości zaludnienia,2023,gmina,Bystra-Sidzina,powiat suski,84
7,Wskaźnik gęstości zaludnienia,2023,gmina,Jordanów (miasto),powiat suski,257
7,Wskaźnik gęstości zaludnienia,2023,gmina,Jordanów (wieś),powiat suski,121
7,Wskaźnik gęstości zaludnienia,2023,gmina,Maków Podhalański,powiat suski,145
7,Wskaźnik gęstości zaludnienia,2023,gmina,Stryszawa,powiat suski,104
7,Wskaźnik gęstości zaludnienia,2023,gmina,Sucha Beskidzka,powiat suski,321
7,Wskaźnik gęstości zaludnienia,2023,gmina,Zawoja,powiat suski,68
7,Wskaźnik gęstości zaludnienia,2023,gmina,Zembrzyce,powiat suski,138
7,Wskaźnik gęstości zaludnienia,2023,powiat,powiat tarnowski,powiat tarnowski,140.00
7,Wskaźnik gęstości zaludnienia,2023,gmina,Ciężkowice,powiat tarnowski,106
7,Wskaźnik gęstości zaludnienia,2023,gmina,Gromnik,powiat tarnowski,125
7,Wskaźnik gęstości zaludnienia,2023,gmina,Lisia Góra,powiat tarnowski,149
7,Wskaźnik gęstości zaludnienia,2023,gmina,Pleśna,powiat tarnowski,141
7,Wskaźnik gęstości zaludnienia,2023,gmina,Radłów,powiat tarnowski,109
7,Wskaźnik gęstości zaludnienia,2023,gmina,Ryglice,powiat tarnowski,96
7,Wskaźnik gęstości zaludnienia,2023,gmina,Rzepiennik Strzyżewski,powiat tarnowski,92
7,Wskaźnik gęstości zaludnienia,2023,gmina,Skrzyszów,powiat tarnowski,165
7,Wskaźnik gęstości zaludnienia,2023,gmina,Szerzyny,powiat tarnowski,92
7,Wskaźnik gęstości zaludnienia,2023,gmina,Tarnów (wieś),powiat tarnowski,319
7,Wskaźnik gęstości zaludnienia,2023,gmina,Tuchów,powiat tarnowski,170
7,Wskaźnik gęstości zaludnienia,2023,gmina,Wierzchosławice,powiat tarnowski,140
7,Wskaźnik gęstości zaludnienia,2023,gmina,Wietrzychowice,powiat tarnowski,77
7,Wskaźnik gęstości zaludnienia,2023,gmina,Wojnicz,powiat tarnowski,165
7,Wskaźnik gęstości zaludnienia,2023,gmina,Zakliczyn,powiat tarnowski,101
7,Wskaźnik gęstości zaludnienia,2023,gmina,Żabno,powiat tarnowski,181
7,Wskaźnik gęstości zaludnienia,2023,powiat,powiat tatrzański,powiat tatrzański,141.00
7,Wskaźnik gęstości zaludnienia,2023,gmina,Biały Dunajec,powiat tatrzański,194
7,Wskaźnik gęstości zaludnienia,2023,gmina,Bukowina Tatrzańska,powiat tatrzański,103
7,Wskaźnik gęstości zaludnienia,2023,gmina,Kościelisko,powiat tatrzański,66
7,Wskaźnik gęstości zaludnienia,2023,gmina,Poronin,powiat tatrzański,141
7,Wskaźnik gęstości zaludnienia,2023,gmina,Zakopane,powiat tatrzański,299
7,Wskaźnik gęstości zaludnienia,2023,powiat,powiat wadowicki,powiat wadowicki,244.00
7,Wskaźnik gęstości zaludnienia,2023,gmina,Andrychów,powiat wadowicki,418
7,Wskaźnik gęstości zaludnienia,2023,gmina,Brzeźnica,powiat wadowicki,163
7,Wskaźnik gęstości zaludnienia,2023,gmina,Kalwaria Zebrzydowska,powiat wadowicki,264
7,Wskaźnik gęstości zaludnienia,2023,gmina,Lanckorona,powiat wadowicki,155
7,Wskaźnik gęstości zaludnienia,2023,gmina,Mucharz,powiat wadowicki,112
7,Wskaźnik gęstości zaludnienia,2023,gmina,Spytkowice,powiat wadowicki,196
7,Wskaźnik gęstości zaludnienia,2023,gmina,Stryszów,powiat wadowicki,148
7,Wskaźnik gęstości zaludnienia,2023,gmina,Tomice,powiat wadowicki,198
7,Wskaźnik gęstości zaludnienia,2023,gmina,Wadowice,powiat wadowicki,323
7,Wskaźnik gęstości zaludnienia,2023,gmina,Wieprz,powiat wadowicki,171
7,Wskaźnik gęstości zaludnienia,2023,powiat,powiat wielicki,powiat wielicki,350.00
7,Wskaźnik gęstości zaludnienia,2023,gmina,Biskupice,powiat wielicki,285
7,Wskaźnik gęstości zaludnienia,2023,gmina,Gdów,powiat wielicki,172
7,Wskaźnik gęstości zaludnienia,2023,gmina,Kłaj,powiat wielicki,172
7,Wskaźnik gęstości zaludnienia,2023,gmina,Niepołomice,powiat wielicki,344
7,Wskaźnik gęstości zaludnienia,2023,gmina,Wieliczka,powiat wielicki,691
7,Wskaźnik gęstości zaludnienia,2022,powiat,powiat bocheński,powiat bocheński,165.00
7,Wskaźnik gęstości zaludnienia,2022,gmina,Bochnia (miasto),powiat bocheński,960
7,Wskaźnik gęstości zaludnienia,2022,gmina,Bochnia (wieś),powiat bocheński,157
7,Wskaźnik gęstości zaludnienia,2022,gmina,Drwinia,powiat bocheński,60
7,Wskaźnik gęstości zaludnienia,2022,gmina,Lipnica Murowana,powiat bocheński,92
7,Wskaźnik gęstości zaludnienia,2022,gmina,Łapanów,powiat bocheński,120
7,Wskaźnik gęstości zaludnienia,2022,gmina,Nowy Wiśnicz,powiat bocheński,175
7,Wskaźnik gęstości zaludnienia,2022,gmina,Rzezawa,powiat bocheński,132
7,Wskaźnik gęstości zaludnienia,2022,gmina,Trzciana,powiat bocheński,129
7,Wskaźnik gęstości zaludnienia,2022,gmina,Żegocina,powiat bocheński,158
7,Wskaźnik gęstości zaludnienia,2022,powiat,powiat brzeski,powiat brzeski,156.00
7,Wskaźnik gęstości zaludnienia,2022,gmina,Borzęcin,powiat brzeski,79
7,Wskaźnik gęstości zaludnienia,2022,gmina,Brzesko,powiat brzeski,346
7,Wskaźnik gęstości zaludnienia,2022,gmina,Czchów,powiat brzeski,147
7,Wskaźnik gęstości zaludnienia,2022,gmina,Dębno,powiat brzeski,178
7,Wskaźnik gęstości zaludnienia,2022,gmina,Gnojnik,powiat brzeski,147
7,Wskaźnik gęstości zaludnienia,2022,gmina,Iwkowa,powiat brzeski,140
7,Wskaźnik gęstości zaludnienia,2022,gmina,Szczurowa,powiat brzeski,68
7,Wskaźnik gęstości zaludnienia,2022,powiat,powiat chrzanowski,powiat chrzanowski,324.00
7,Wskaźnik gęstości zaludnienia,2022,gmina,Alwernia,powiat chrzanowski,167
7,Wskaźnik gęstości zaludnienia,2022,gmina,Babice,powiat chrzanowski,166
7,Wskaźnik gęstości zaludnienia,2022,gmina,Chrzanów,powiat chrzanowski,559
7,Wskaźnik gęstości zaludnienia,2022,gmina,Libiąż,powiat chrzanowski,374
7,Wskaźnik gęstości zaludnienia,2022,gmina,Trzebinia,powiat chrzanowski,309
7,Wskaźnik gęstości zaludnienia,2022,powiat,powiat dąbrowski,powiat dąbrowski,109.00
7,Wskaźnik gęstości zaludnienia,2022,gmina,Bolesław,powiat dąbrowski,74
7,Wskaźnik gęstości zaludnienia,2022,gmina,Dąbrowa Tarnowska,powiat dąbrowski,180
7,Wskaźnik gęstości zaludnienia,2022,gmina,Gręboszów,powiat dąbrowski,66
7,Wskaźnik gęstości zaludnienia,2022,gmina,Mędrzechów,powiat dąbrowski,75
7,Wskaźnik gęstości zaludnienia,2022,gmina,Olesno,powiat dąbrowski,99
7,Wskaźnik gęstości zaludnienia,2022,gmina,Radgoszcz,powiat dąbrowski,85
7,Wskaźnik gęstości zaludnienia,2022,gmina,Szczucin,powiat dąbrowski,105
7,Wskaźnik gęstości zaludnienia,2022,powiat,powiat gorlicki,powiat gorlicki,110.00
7,Wskaźnik gęstości zaludnienia,2022,gmina,Biecz,powiat gorlicki,165
7,Wskaźnik gęstości zaludnienia,2022,gmina,Bobowa,powiat gorlicki,192
7,Wskaźnik gęstości zaludnienia,2022,gmina,Gorlice (miasto),powiat gorlicki,1097
7,Wskaźnik gęstości zaludnienia,2022,gmina,Gorlice (wieś),powiat gorlicki,165
7,Wskaźnik gęstości zaludnienia,2022,gmina,Lipinki,powiat gorlicki,101
7,Wskaźnik gęstości zaludnienia,2022,gmina,Łużna,powiat gorlicki,149
7,Wskaźnik gęstości zaludnienia,2022,gmina,Moszczenica,powiat gorlicki,130
7,Wskaźnik gęstości zaludnienia,2022,gmina,Ropa,powiat gorlicki,112
7,Wskaźnik gęstości zaludnienia,2022,gmina,Sękowa,powiat gorlicki,25
7,Wskaźnik gęstości zaludnienia,2022,gmina,Uście Gorlickie,powiat gorlicki,24
7,Wskaźnik gęstości zaludnienia,2022,powiat,powiat krakowski,powiat krakowski,244.00
7,Wskaźnik gęstości zaludnienia,2022,gmina,Czernichów,powiat krakowski,182
7,Wskaźnik gęstości zaludnienia,2022,gmina,Igołomia-Wawrzeńczyce,powiat krakowski,125
7,Wskaźnik gęstości zaludnienia,2022,gmina,Iwanowice,powiat krakowski,138
7,Wskaźnik gęstości zaludnienia,2022,gmina,Jerzmanowice-Przeginia,powiat krakowski,164
7,Wskaźnik gęstości zaludnienia,2022,gmina,Kocmyrzów-Luborzyca,powiat krakowski,217
7,Wskaźnik gęstości zaludnienia,2022,gmina,Krzeszowice,powiat krakowski,230
7,Wskaźnik gęstości zaludnienia,2022,gmina,Liszki,powiat krakowski,256
7,Wskaźnik gęstości zaludnienia,2022,gmina,Michałowice,powiat krakowski,258
7,Wskaźnik gęstości zaludnienia,2022,gmina,Mogilany,powiat krakowski,370
7,Wskaźnik gęstości zaludnienia,2022,gmina,Skała,powiat krakowski,146
7,Wskaźnik gęstości zaludnienia,2022,gmina,Skawina,powiat krakowski,441
7,Wskaźnik gęstości zaludnienia,2022,gmina,Słomniki,powiat krakowski,124
7,Wskaźnik gęstości zaludnienia,2022,gmina,Sułoszowa,powiat krakowski,107
7,Wskaźnik gęstości zaludnienia,2022,gmina,Świątniki Górne,powiat krakowski,545
7,Wskaźnik gęstości zaludnienia,2022,gmina,Wielka Wieś,powiat krakowski,341
7,Wskaźnik gęstości zaludnienia,2022,gmina,Zabierzów,powiat krakowski,294
7,Wskaźnik gęstości zaludnienia,2022,gmina,Zielonki,powiat krakowski,559
7,Wskaźnik gęstości zaludnienia,2022,powiat,powiat limanowski,powiat limanowski,138.00
7,Wskaźnik gęstości zaludnienia,2022,gmina,Dobra,powiat limanowski,92
7,Wskaźnik gęstości zaludnienia,2022,gmina,Jodłownik,powiat limanowski,121
7,Wskaźnik gęstości zaludnienia,2022,gmina,Kamienica,powiat limanowski,82
7,Wskaźnik gęstości zaludnienia,2022,gmina,Laskowa,powiat limanowski,113
7,Wskaźnik gęstości zaludnienia,2022,gmina,Limanowa (miasto),powiat limanowski,776
7,Wskaźnik gęstości zaludnienia,2022,gmina,Limanowa (wieś),powiat limanowski,170
7,Wskaźnik gęstości zaludnienia,2022,gmina,Łukowica,powiat limanowski,146
7,Wskaźnik gęstości zaludnienia,2022,gmina,Mszana Dolna (miasto),powiat limanowski,288
7,Wskaźnik gęstości zaludnienia,2022,gmina,Mszana Dolna (wieś),powiat limanowski,104
7,Wskaźnik gęstości zaludnienia,2022,gmina,Niedźwiedź,powiat limanowski,99
7,Wskaźnik gęstości zaludnienia,2022,gmina,Słopnice,powiat limanowski,122
7,Wskaźnik gęstości zaludnienia,2022,gmina,Tymbark,powiat limanowski,196
7,Wskaźnik gęstości zaludnienia,2022,powiat,powiat m. Kraków,powiat m. Kraków,2458.00
7,Wskaźnik gęstości zaludnienia,2022,powiat,powiat m. Nowy Sącz,powiat m. Nowy Sącz,1399.00
7,Wskaźnik gęstości zaludnienia,2022,powiat,powiat m. Tarnów,powiat m. Tarnów,1436.00
7,Wskaźnik gęstości zaludnienia,2022,powiat,powiat miechowski,powiat miechowski,70.00
7,Wskaźnik gęstości zaludnienia,2022,gmina,Charsznica,powiat miechowski,91
7,Wskaźnik gęstości zaludnienia,2022,gmina,Gołcza,powiat miechowski,66
7,Wskaźnik gęstości zaludnienia,2022,gmina,Kozłów,powiat miechowski,52
7,Wskaźnik gęstości zaludnienia,2022,gmina,Książ Wielki,powiat miechowski,35
7,Wskaźnik gęstości zaludnienia,2022,gmina,Miechów,powiat miechowski,127
7,Wskaźnik gęstości zaludnienia,2022,gmina,Racławice,powiat miechowski,41
7,Wskaźnik gęstości zaludnienia,2022,gmina,Słaboszów,powiat miechowski,44
7,Wskaźnik gęstości zaludnienia,2022,powiat,powiat myślenicki,powiat myślenicki,192.00
7,Wskaźnik gęstości zaludnienia,2022,gmina,Dobczyce,powiat myślenicki,234
7,Wskaźnik gęstości zaludnienia,2022,gmina,Lubień,powiat myślenicki,134
7,Wskaźnik gęstości zaludnienia,2022,gmina,Myślenice,powiat myślenicki,296
7,Wskaźnik gęstości zaludnienia,2022,gmina,Pcim,powiat myślenicki,125
7,Wskaźnik gęstości zaludnienia,2022,gmina,Raciechowice,powiat myślenicki,105
7,Wskaźnik gęstości zaludnienia,2022,gmina,Siepraw,powiat myślenicki,300
7,Wskaźnik gęstości zaludnienia,2022,gmina,Sułkowice,powiat myślenicki,251
7,Wskaźnik gęstości zaludnienia,2022,gmina,Tokarnia,powiat myślenicki,128
7,Wskaźnik gęstości zaludnienia,2022,gmina,Wiśniowa,powiat myślenicki,112
7,Wskaźnik gęstości zaludnienia,2022,powiat,powiat nowosądecki,powiat nowosądecki,139.00
7,Wskaźnik gęstości zaludnienia,2022,gmina,Podegrodzie,powiat nowosądecki,209
7,Wskaźnik gęstości zaludnienia,2022,gmina,Rytro,powiat nowosądecki,88
7,Wskaźnik gęstości zaludnienia,2022,gmina,Stary Sącz,powiat nowosądecki,234
7,Wskaźnik gęstości zaludnienia,2022,gmina,Chełmiec,powiat nowosądecki,264
7,Wskaźnik gęstości zaludnienia,2022,gmina,Gródek nad Dunajcem,powiat nowosądecki,101
7,Wskaźnik gęstości zaludnienia,2022,gmina,Grybów (miasto),powiat nowosądecki,351
7,Wskaźnik gęstości zaludnienia,2022,gmina,Grybów (wieś),powiat nowosądecki,166
7,Wskaźnik gęstości zaludnienia,2022,gmina,Kamionka Wielka,powiat nowosądecki,161
7,Wskaźnik gęstości zaludnienia,2022,gmina,Korzenna,powiat nowosądecki,134
7,Wskaźnik gęstości zaludnienia,2022,gmina,Krynica-Zdrój,powiat nowosądecki,108
7,Wskaźnik gęstości zaludnienia,2022,gmina,Łabowa,powiat nowosądecki,50
7,Wskaźnik gęstości zaludnienia,2022,gmina,Łącko,powiat nowosądecki,125
7,Wskaźnik gęstości zaludnienia,2022,gmina,Łososina Dolna,powiat nowosądecki,132
7,Wskaźnik gęstości zaludnienia,2022,gmina,Muszyna,powiat nowosądecki,79
7,Wskaźnik gęstości zaludnienia,2022,gmina,Nawojowa,powiat nowosądecki,176
7,Wskaźnik gęstości zaludnienia,2022,gmina,Piwniczna-Zdrój,powiat nowosądecki,79
7,Wskaźnik gęstości zaludnienia,2022,powiat,powiat nowotarski,powiat nowotarski,129.00
7,Wskaźnik gęstości zaludnienia,2022,gmina,Czarny Dunajec,powiat nowotarski,102
7,Wskaźnik gęstości zaludnienia,2022,gmina,Czorsztyn,powiat nowotarski,122
7,Wskaźnik gęstości zaludnienia,2022,gmina,Jabłonka,powiat nowotarski,90
7,Wskaźnik gęstości zaludnienia,2022,gmina,Krościenko nad Dunajcem,powiat nowotarski,117
7,Wskaźnik gęstości zaludnienia,2022,gmina,Lipnica Wielka,powiat nowotarski,90
7,Wskaźnik gęstości zaludnienia,2022,gmina,Łapsze Niżne,powiat nowotarski,74
7,Wskaźnik gęstości zaludnienia,2022,gmina,Nowy Targ (miasto),powiat nowotarski,648
7,Wskaźnik gęstości zaludnienia,2022,gmina,Nowy Targ (wieś),powiat nowotarski,116
7,Wskaźnik gęstości zaludnienia,2022,gmina,Ochotnica Dolna,powiat nowotarski,60
7,Wskaźnik gęstości zaludnienia,2022,gmina,Raba Wyżna,powiat nowotarski,162
7,Wskaźnik gęstości zaludnienia,2022,gmina,Rabka-Zdrój,powiat nowotarski,241
7,Wskaźnik gęstości zaludnienia,2022,gmina,Spytkowice,powiat nowotarski,146
7,Wskaźnik gęstości zaludnienia,2022,gmina,Szaflary,powiat nowotarski,207
7,Wskaźnik gęstości zaludnienia,2022,gmina,Szczawnica,powiat nowotarski,77
7,Wskaźnik gęstości zaludnienia,2022,powiat,powiat olkuski,powiat olkuski,173.00
7,Wskaźnik gęstości zaludnienia,2022,gmina,Bolesław,powiat olkuski,186
7,Wskaźnik gęstości zaludnienia,2022,gmina,Bukowno,powiat olkuski,149
7,Wskaźnik gęstości zaludnienia,2022,gmina,Klucze,powiat olkuski,122
7,Wskaźnik gęstości zaludnienia,2022,gmina,Olkusz,powiat olkuski,305
7,Wskaźnik gęstości zaludnienia,2022,gmina,Trzyciąż,powiat olkuski,72
7,Wskaźnik gęstości zaludnienia,2022,gmina,Wolbrom,powiat olkuski,150
7,Wskaźnik gęstości zaludnienia,2022,powiat,powiat oświęcimski,powiat oświęcimski,368.00
7,Wskaźnik gęstości zaludnienia,2022,gmina,Brzeszcze,powiat oświęcimski,450
7,Wskaźnik gęstości zaludnienia,2022,gmina,Chełmek,powiat oświęcimski,454
7,Wskaźnik gęstości zaludnienia,2022,gmina,Kęty,powiat oświęcimski,437
7,Wskaźnik gęstości zaludnienia,2022,gmina,Osiek,powiat oświęcimski,199
7,Wskaźnik gęstości zaludnienia,2022,gmina,Oświęcim (miasto),powiat oświęcimski,1196
7,Wskaźnik gęstości zaludnienia,2022,gmina,Oświęcim (wieś),powiat oświęcimski,253
7,Wskaźnik gęstości zaludnienia,2022,gmina,Polanka Wielka,powiat oświęcimski,180
7,Wskaźnik gęstości zaludnienia,2022,gmina,Przeciszów,powiat oświęcimski,181
7,Wskaźnik gęstości zaludnienia,2022,gmina,Zator,powiat oświęcimski,177
7,Wskaźnik gęstości zaludnienia,2022,powiat,powiat proszowicki,powiat proszowicki,102.00
7,Wskaźnik gęstości zaludnienia,2022,gmina,Koniusza,powiat proszowicki,102
7,Wskaźnik gęstości zaludnienia,2022,gmina,Koszyce,powiat proszowicki,80
7,Wskaźnik gęstości zaludnienia,2022,gmina,Nowe Brzesko,powiat proszowicki,104
7,Wskaźnik gęstości zaludnienia,2022,gmina,Pałecznica,powiat proszowicki,73
7,Wskaźnik gęstości zaludnienia,2022,gmina,Proszowice,powiat proszowicki,156
7,Wskaźnik gęstości zaludnienia,2022,gmina,Radziemice,powiat proszowicki,55
7,Wskaźnik gęstości zaludnienia,2022,powiat,powiat suski,powiat suski,121.00
7,Wskaźnik gęstości zaludnienia,2022,gmina,Budzów,powiat suski,120
7,Wskaźnik gęstości zaludnienia,2022,gmina,Bystra-Sidzina,powiat suski,84
7,Wskaźnik gęstości zaludnienia,2022,gmina,Jordanów (miasto),powiat suski,258
7,Wskaźnik gęstości zaludnienia,2022,gmina,Jordanów (wieś),powiat suski,121
7,Wskaźnik gęstości zaludnienia,2022,gmina,Maków Podhalański,powiat suski,145
7,Wskaźnik gęstości zaludnienia,2022,gmina,Stryszawa,powiat suski,105
7,Wskaźnik gęstości zaludnienia,2022,gmina,Sucha Beskidzka,powiat suski,323
7,Wskaźnik gęstości zaludnienia,2022,gmina,Zawoja,powiat suski,69
7,Wskaźnik gęstości zaludnienia,2022,gmina,Zembrzyce,powiat suski,138
7,Wskaźnik gęstości zaludnienia,2022,powiat,powiat tarnowski,powiat tarnowski,140.00
7,Wskaźnik gęstości zaludnienia,2022,gmina,Ciężkowice,powiat tarnowski,107
7,Wskaźnik gęstości zaludnienia,2022,gmina,Gromnik,powiat tarnowski,125
7,Wskaźnik gęstości zaludnienia,2022,gmina,Lisia Góra,powiat tarnowski,148
7,Wskaźnik gęstości zaludnienia,2022,gmina,Pleśna,powiat tarnowski,142
7,Wskaźnik gęstości zaludnienia,2022,gmina,Radłów,powiat tarnowski,109
7,Wskaźnik gęstości zaludnienia,2022,gmina,Ryglice,powiat tarnowski,96
7,Wskaźnik gęstości zaludnienia,2022,gmina,Rzepiennik Strzyżewski,powiat tarnowski,93
7,Wskaźnik gęstości zaludnienia,2022,gmina,Skrzyszów,powiat tarnowski,165
7,Wskaźnik gęstości zaludnienia,2022,gmina,Szerzyny,powiat tarnowski,92
7,Wskaźnik gęstości zaludnienia,2022,gmina,Tarnów (wieś),powiat tarnowski,319
7,Wskaźnik gęstości zaludnienia,2022,gmina,Tuchów,powiat tarnowski,171
7,Wskaźnik gęstości zaludnienia,2022,gmina,Wierzchosławice,powiat tarnowski,141
7,Wskaźnik gęstości zaludnienia,2022,gmina,Wietrzychowice,powiat tarnowski,78
7,Wskaźnik gęstości zaludnienia,2022,gmina,Wojnicz,powiat tarnowski,165
7,Wskaźnik gęstości zaludnienia,2022,gmina,Zakliczyn,powiat tarnowski,101
7,Wskaźnik gęstości zaludnienia,2022,gmina,Żabno,powiat tarnowski,182
7,Wskaźnik gęstości zaludnienia,2022,powiat,powiat tatrzański,powiat tatrzański,141.00
7,Wskaźnik gęstości zaludnienia,2022,gmina,Biały Dunajec,powiat tatrzański,194
7,Wskaźnik gęstości zaludnienia,2022,gmina,Bukowina Tatrzańska,powiat tatrzański,102
7,Wskaźnik gęstości zaludnienia,2022,gmina,Kościelisko,powiat tatrzański,66
7,Wskaźnik gęstości zaludnienia,2022,gmina,Poronin,powiat tatrzański,141
7,Wskaźnik gęstości zaludnienia,2022,gmina,Zakopane,powiat tatrzański,301
7,Wskaźnik gęstości zaludnienia,2022,powiat,powiat wadowicki,powiat wadowicki,244.00
7,Wskaźnik gęstości zaludnienia,2022,gmina,Andrychów,powiat wadowicki,420
7,Wskaźnik gęstości zaludnienia,2022,gmina,Brzeźnica,powiat wadowicki,162
7,Wskaźnik gęstości zaludnienia,2022,gmina,Kalwaria Zebrzydowska,powiat wadowicki,265
7,Wskaźnik gęstości zaludnienia,2022,gmina,Lanckorona,powiat wadowicki,154
7,Wskaźnik gęstości zaludnienia,2022,gmina,Mucharz,powiat wadowicki,111
7,Wskaźnik gęstości zaludnienia,2022,gmina,Spytkowice,powiat wadowicki,197
7,Wskaźnik gęstości zaludnienia,2022,gmina,Stryszów,powiat wadowicki,148
7,Wskaźnik gęstości zaludnienia,2022,gmina,Tomice,powiat wadowicki,198
7,Wskaźnik gęstości zaludnienia,2022,gmina,Wadowice,powiat wadowicki,326
7,Wskaźnik gęstości zaludnienia,2022,gmina,Wieprz,powiat wadowicki,171
7,Wskaźnik gęstości zaludnienia,2022,powiat,powiat wielicki,powiat wielicki,346.00
7,Wskaźnik gęstości zaludnienia,2022,gmina,Biskupice,powiat wielicki,281
7,Wskaźnik gęstości zaludnienia,2022,gmina,Gdów,powiat wielicki,171
7,Wskaźnik gęstości zaludnienia,2022,gmina,Kłaj,powiat wielicki,171
7,Wskaźnik gęstości zaludnienia,2022,gmina,Niepołomice,powiat wielicki,340
7,Wskaźnik gęstości zaludnienia,2022,gmina,Wieliczka,powiat wielicki,682
7,Wskaźnik gęstości zaludnienia,2021,powiat,powiat bocheński,powiat bocheński,165.00
7,Wskaźnik gęstości zaludnienia,2021,gmina,Bochnia (miasto),powiat bocheński,981
7,Wskaźnik gęstości zaludnienia,2021,gmina,Bochnia (wieś),powiat bocheński,154
7,Wskaźnik gęstości zaludnienia,2021,gmina,Drwinia,powiat bocheński,60
7,Wskaźnik gęstości zaludnienia,2021,gmina,Lipnica Murowana,powiat bocheński,94
7,Wskaźnik gęstości zaludnienia,2021,gmina,Łapanów,powiat bocheński,115
7,Wskaźnik gęstości zaludnienia,2021,gmina,Nowy Wiśnicz,powiat bocheński,174
7,Wskaźnik gęstości zaludnienia,2021,gmina,Rzezawa,powiat bocheński,133
7,Wskaźnik gęstości zaludnienia,2021,gmina,Trzciana,powiat bocheński,128
7,Wskaźnik gęstości zaludnienia,2021,gmina,Żegocina,powiat bocheński,161
7,Wskaźnik gęstości zaludnienia,2021,powiat,powiat brzeski,powiat brzeski,157.00
7,Wskaźnik gęstości zaludnienia,2021,gmina,Borzęcin,powiat brzeski,80
7,Wskaźnik gęstości zaludnienia,2021,gmina,Brzesko,powiat brzeski,352
7,Wskaźnik gęstości zaludnienia,2021,gmina,Czchów,powiat brzeski,147
7,Wskaźnik gęstości zaludnienia,2021,gmina,Dębno,powiat brzeski,181
7,Wskaźnik gęstości zaludnienia,2021,gmina,Gnojnik,powiat brzeski,146
7,Wskaźnik gęstości zaludnienia,2021,gmina,Iwkowa,powiat brzeski,139
7,Wskaźnik gęstości zaludnienia,2021,gmina,Szczurowa,powiat brzeski,69
7,Wskaźnik gęstości zaludnienia,2021,powiat,powiat chrzanowski,powiat chrzanowski,331.00
7,Wskaźnik gęstości zaludnienia,2021,gmina,Alwernia,powiat chrzanowski,167
7,Wskaźnik gęstości zaludnienia,2021,gmina,Babice,powiat chrzanowski,167
7,Wskaźnik gęstości zaludnienia,2021,gmina,Chrzanów,powiat chrzanowski,576
7,Wskaźnik gęstości zaludnienia,2021,gmina,Libiąż,powiat chrzanowski,385
7,Wskaźnik gęstości zaludnienia,2021,gmina,Trzebinia,powiat chrzanowski,317
7,Wskaźnik gęstości zaludnienia,2021,powiat,powiat dąbrowski,powiat dąbrowski,111.00
7,Wskaźnik gęstości zaludnienia,2021,gmina,Bolesław,powiat dąbrowski,71
7,Wskaźnik gęstości zaludnienia,2021,gmina,Dąbrowa Tarnowska,powiat dąbrowski,182
7,Wskaźnik gęstości zaludnienia,2021,gmina,Gręboszów,powiat dąbrowski,67
7,Wskaźnik gęstości zaludnienia,2021,gmina,Mędrzechów,powiat dąbrowski,77
7,Wskaźnik gęstości zaludnienia,2021,gmina,Olesno,powiat dąbrowski,102
7,Wskaźnik gęstości zaludnienia,2021,gmina,Radgoszcz,powiat dąbrowski,84
7,Wskaźnik gęstości zaludnienia,2021,gmina,Szczucin,powiat dąbrowski,109
7,Wskaźnik gęstości zaludnienia,2021,powiat,powiat gorlicki,powiat gorlicki,112.00
7,Wskaźnik gęstości zaludnienia,2021,gmina,Biecz,powiat gorlicki,169
7,Wskaźnik gęstości zaludnienia,2021,gmina,Bobowa,powiat gorlicki,197
7,Wskaźnik gęstości zaludnienia,2021,gmina,Gorlice (miasto),powiat gorlicki,1128
7,Wskaźnik gęstości zaludnienia,2021,gmina,Gorlice (wieś),powiat gorlicki,168
7,Wskaźnik gęstości zaludnienia,2021,gmina,Lipinki,powiat gorlicki,102
7,Wskaźnik gęstości zaludnienia,2021,gmina,Łużna,powiat gorlicki,151
7,Wskaźnik gęstości zaludnienia,2021,gmina,Moszczenica,powiat gorlicki,133
7,Wskaźnik gęstości zaludnienia,2021,gmina,Ropa,powiat gorlicki,113
7,Wskaźnik gęstości zaludnienia,2021,gmina,Sękowa,powiat gorlicki,25
7,Wskaźnik gęstości zaludnienia,2021,gmina,Uście Gorlickie,powiat gorlicki,24
7,Wskaźnik gęstości zaludnienia,2021,powiat,powiat krakowski,powiat krakowski,231.00
7,Wskaźnik gęstości zaludnienia,2021,gmina,Czernichów,powiat krakowski,176
7,Wskaźnik gęstości zaludnienia,2021,gmina,Igołomia-Wawrzeńczyce,powiat krakowski,122
7,Wskaźnik gęstości zaludnienia,2021,gmina,Iwanowice,powiat krakowski,130
7,Wskaźnik gęstości zaludnienia,2021,gmina,Jerzmanowice-Przeginia,powiat krakowski,160
7,Wskaźnik gęstości zaludnienia,2021,gmina,Kocmyrzów-Luborzyca,powiat krakowski,201
7,Wskaźnik gęstości zaludnienia,2021,gmina,Krzeszowice,powiat krakowski,230
7,Wskaźnik gęstości zaludnienia,2021,gmina,Liszki,powiat krakowski,244
7,Wskaźnik gęstości zaludnienia,2021,gmina,Michałowice,powiat krakowski,218
7,Wskaźnik gęstości zaludnienia,2021,gmina,Mogilany,powiat krakowski,336
7,Wskaźnik gęstości zaludnienia,2021,gmina,Skała,powiat krakowski,142
7,Wskaźnik gęstości zaludnienia,2021,gmina,Skawina,powiat krakowski,439
7,Wskaźnik gęstości zaludnienia,2021,gmina,Słomniki,powiat krakowski,120
7,Wskaźnik gęstości zaludnienia,2021,gmina,Sułoszowa,powiat krakowski,108
7,Wskaźnik gęstości zaludnienia,2021,gmina,Świątniki Górne,powiat krakowski,511
7,Wskaźnik gęstości zaludnienia,2021,gmina,Wielka Wieś,powiat krakowski,284
7,Wskaźnik gęstości zaludnienia,2021,gmina,Zabierzów,powiat krakowski,276
7,Wskaźnik gęstości zaludnienia,2021,gmina,Zielonki,powiat krakowski,501
7,Wskaźnik gęstości zaludnienia,2021,powiat,powiat limanowski,powiat limanowski,139.00
7,Wskaźnik gęstości zaludnienia,2021,gmina,Dobra,powiat limanowski,91
7,Wskaźnik gęstości zaludnienia,2021,gmina,Jodłownik,powiat limanowski,121
7,Wskaźnik gęstości zaludnienia,2021,gmina,Kamienica,powiat limanowski,83
7,Wskaźnik gęstości zaludnienia,2021,gmina,Laskowa,powiat limanowski,113
7,Wskaźnik gęstości zaludnienia,2021,gmina,Limanowa (miasto),powiat limanowski,803
7,Wskaźnik gęstości zaludnienia,2021,gmina,Limanowa (wieś),powiat limanowski,170
7,Wskaźnik gęstości zaludnienia,2021,gmina,Łukowica,powiat limanowski,147
7,Wskaźnik gęstości zaludnienia,2021,gmina,Mszana Dolna (miasto),powiat limanowski,291
7,Wskaźnik gęstości zaludnienia,2021,gmina,Mszana Dolna (wieś),powiat limanowski,103
7,Wskaźnik gęstości zaludnienia,2021,gmina,Niedźwiedź,powiat limanowski,99
7,Wskaźnik gęstości zaludnienia,2021,gmina,Słopnice,powiat limanowski,121
7,Wskaźnik gęstości zaludnienia,2021,gmina,Tymbark,powiat limanowski,202
7,Wskaźnik gęstości zaludnienia,2021,powiat,powiat m. Kraków,powiat m. Kraków,2393.00
7,Wskaźnik gęstości zaludnienia,2021,powiat,powiat m. Nowy Sącz,powiat m. Nowy Sącz,1443.00
7,Wskaźnik gęstości zaludnienia,2021,powiat,powiat m. Tarnów,powiat m. Tarnów,1463.00
7,Wskaźnik gęstości zaludnienia,2021,powiat,powiat miechowski,powiat miechowski,71.00
7,Wskaźnik gęstości zaludnienia,2021,gmina,Charsznica,powiat miechowski,93
7,Wskaźnik gęstości zaludnienia,2021,gmina,Gołcza,powiat miechowski,67
7,Wskaźnik gęstości zaludnienia,2021,gmina,Kozłów,powiat miechowski,53
7,Wskaźnik gęstości zaludnienia,2021,gmina,Książ Wielki,powiat miechowski,36
7,Wskaźnik gęstości zaludnienia,2021,gmina,Miechów,powiat miechowski,130
7,Wskaźnik gęstości zaludnienia,2021,gmina,Racławice,powiat miechowski,42
7,Wskaźnik gęstości zaludnienia,2021,gmina,Słaboszów,powiat miechowski,45
7,Wskaźnik gęstości zaludnienia,2021,powiat,powiat myślenicki,powiat myślenicki,191.00
7,Wskaźnik gęstości zaludnienia,2021,gmina,Dobczyce,powiat myślenicki,231
7,Wskaźnik gęstości zaludnienia,2021,gmina,Lubień,powiat myślenicki,134
7,Wskaźnik gęstości zaludnienia,2021,gmina,Myślenice,powiat myślenicki,291
7,Wskaźnik gęstości zaludnienia,2021,gmina,Pcim,powiat myślenicki,125
7,Wskaźnik gęstości zaludnienia,2021,gmina,Raciechowice,powiat myślenicki,106
7,Wskaźnik gęstości zaludnienia,2021,gmina,Siepraw,powiat myślenicki,288
7,Wskaźnik gęstości zaludnienia,2021,gmina,Sułkowice,powiat myślenicki,251
7,Wskaźnik gęstości zaludnienia,2021,gmina,Tokarnia,powiat myślenicki,128
7,Wskaźnik gęstości zaludnienia,2021,gmina,Wiśniowa,powiat myślenicki,110
7,Wskaźnik gęstości zaludnienia,2021,powiat,powiat nowosądecki,powiat nowosądecki,140.00
7,Wskaźnik gęstości zaludnienia,2021,gmina,Podegrodzie,powiat nowosądecki,208
7,Wskaźnik gęstości zaludnienia,2021,gmina,Rytro,powiat nowosądecki,89
7,Wskaźnik gęstości zaludnienia,2021,gmina,Stary Sącz,powiat nowosądecki,236
7,Wskaźnik gęstości zaludnienia,2021,gmina,Chełmiec,powiat nowosądecki,260
7,Wskaźnik gęstości zaludnienia,2021,gmina,Gródek nad Dunajcem,powiat nowosądecki,104
7,Wskaźnik gęstości zaludnienia,2021,gmina,Grybów (miasto),powiat nowosądecki,350
7,Wskaźnik gęstości zaludnienia,2021,gmina,Grybów (wieś),powiat nowosądecki,168
7,Wskaźnik gęstości zaludnienia,2021,gmina,Kamionka Wielka,powiat nowosądecki,162
7,Wskaźnik gęstości zaludnienia,2021,gmina,Korzenna,powiat nowosądecki,136
7,Wskaźnik gęstości zaludnienia,2021,gmina,Krynica-Zdrój,powiat nowosądecki,113
7,Wskaźnik gęstości zaludnienia,2021,gmina,Łabowa,powiat nowosądecki,51
7,Wskaźnik gęstości zaludnienia,2021,gmina,Łącko,powiat nowosądecki,125
7,Wskaźnik gęstości zaludnienia,2021,gmina,Łososina Dolna,powiat nowosądecki,132
7,Wskaźnik gęstości zaludnienia,2021,gmina,Muszyna,powiat nowosądecki,81
7,Wskaźnik gęstości zaludnienia,2021,gmina,Nawojowa,powiat nowosądecki,175
7,Wskaźnik gęstości zaludnienia,2021,gmina,Piwniczna-Zdrój,powiat nowosądecki,83
7,Wskaźnik gęstości zaludnienia,2021,powiat,powiat nowotarski,powiat nowotarski,130.00
7,Wskaźnik gęstości zaludnienia,2021,gmina,Czarny Dunajec,powiat nowotarski,104
7,Wskaźnik gęstości zaludnienia,2021,gmina,Czorsztyn,powiat nowotarski,123
7,Wskaźnik gęstości zaludnienia,2021,gmina,Jabłonka,powiat nowotarski,88
7,Wskaźnik gęstości zaludnienia,2021,gmina,Krościenko nad Dunajcem,powiat nowotarski,118
7,Wskaźnik gęstości zaludnienia,2021,gmina,Lipnica Wielka,powiat nowotarski,88
7,Wskaźnik gęstości zaludnienia,2021,gmina,Łapsze Niżne,powiat nowotarski,74
7,Wskaźnik gęstości zaludnienia,2021,gmina,Nowy Targ (miasto),powiat nowotarski,648
7,Wskaźnik gęstości zaludnienia,2021,gmina,Nowy Targ (wieś),powiat nowotarski,116
7,Wskaźnik gęstości zaludnienia,2021,gmina,Ochotnica Dolna,powiat nowotarski,60
7,Wskaźnik gęstości zaludnienia,2021,gmina,Raba Wyżna,powiat nowotarski,165
7,Wskaźnik gęstości zaludnienia,2021,gmina,Rabka-Zdrój,powiat nowotarski,245
7,Wskaźnik gęstości zaludnienia,2021,gmina,Spytkowice,powiat nowotarski,145
7,Wskaźnik gęstości zaludnienia,2021,gmina,Szaflary,powiat nowotarski,206
7,Wskaźnik gęstości zaludnienia,2021,gmina,Szczawnica,powiat nowotarski,80
7,Wskaźnik gęstości zaludnienia,2021,powiat,powiat olkuski,powiat olkuski,177.00
7,Wskaźnik gęstości zaludnienia,2021,gmina,Bolesław,powiat olkuski,189
7,Wskaźnik gęstości zaludnienia,2021,gmina,Bukowno,powiat olkuski,153
7,Wskaźnik gęstości zaludnienia,2021,gmina,Klucze,powiat olkuski,123
7,Wskaźnik gęstości zaludnienia,2021,gmina,Olkusz,powiat olkuski,316
7,Wskaźnik gęstości zaludnienia,2021,gmina,Trzyciąż,powiat olkuski,73
7,Wskaźnik gęstości zaludnienia,2021,gmina,Wolbrom,powiat olkuski,153
7,Wskaźnik gęstości zaludnienia,2021,powiat,powiat oświęcimski,powiat oświęcimski,374.00
7,Wskaźnik gęstości zaludnienia,2021,gmina,Brzeszcze,powiat oświęcimski,459
7,Wskaźnik gęstości zaludnienia,2021,gmina,Chełmek,powiat oświęcimski,465
7,Wskaźnik gęstości zaludnienia,2021,gmina,Kęty,powiat oświęcimski,445
7,Wskaźnik gęstości zaludnienia,2021,gmina,Osiek,powiat oświęcimski,202
7,Wskaźnik gęstości zaludnienia,2021,gmina,Oświęcim (miasto),powiat oświęcimski,1234
7,Wskaźnik gęstości zaludnienia,2021,gmina,Oświęcim (wieś),powiat oświęcimski,249
7,Wskaźnik gęstości zaludnienia,2021,gmina,Polanka Wielka,powiat oświęcimski,180
7,Wskaźnik gęstości zaludnienia,2021,gmina,Przeciszów,powiat oświęcimski,188
7,Wskaźnik gęstości zaludnienia,2021,gmina,Zator,powiat oświęcimski,178
7,Wskaźnik gęstości zaludnienia,2021,powiat,powiat proszowicki,powiat proszowicki,103.00
7,Wskaźnik gęstości zaludnienia,2021,gmina,Koniusza,powiat proszowicki,102
7,Wskaźnik gęstości zaludnienia,2021,gmina,Koszyce,powiat proszowicki,81
7,Wskaźnik gęstości zaludnienia,2021,gmina,Nowe Brzesko,powiat proszowicki,104
7,Wskaźnik gęstości zaludnienia,2021,gmina,Pałecznica,powiat proszowicki,74
7,Wskaźnik gęstości zaludnienia,2021,gmina,Proszowice,powiat proszowicki,160
7,Wskaźnik gęstości zaludnienia,2021,gmina,Radziemice,powiat proszowicki,57
7,Wskaźnik gęstości zaludnienia,2021,powiat,powiat suski,powiat suski,122.00
7,Wskaźnik gęstości zaludnienia,2021,gmina,Budzów,powiat suski,121
7,Wskaźnik gęstości zaludnienia,2021,gmina,Bystra-Sidzina,powiat suski,86
7,Wskaźnik gęstości zaludnienia,2021,gmina,Jordanów (miasto),powiat suski,249
7,Wskaźnik gęstości zaludnienia,2021,gmina,Jordanów (wieś),powiat suski,122
7,Wskaźnik gęstości zaludnienia,2021,gmina,Maków Podhalański,powiat suski,146
7,Wskaźnik gęstości zaludnienia,2021,gmina,Stryszawa,powiat suski,104
7,Wskaźnik gęstości zaludnienia,2021,gmina,Sucha Beskidzka,powiat suski,324
7,Wskaźnik gęstości zaludnienia,2021,gmina,Zawoja,powiat suski,70
7,Wskaźnik gęstości zaludnienia,2021,gmina,Zembrzyce,powiat suski,142
7,Wskaźnik gęstości zaludnienia,2021,powiat,powiat tarnowski,powiat tarnowski,142.00
7,Wskaźnik gęstości zaludnienia,2021,gmina,Ciężkowice,powiat tarnowski,108
7,Wskaźnik gęstości zaludnienia,2021,gmina,Gromnik,powiat tarnowski,128
7,Wskaźnik gęstości zaludnienia,2021,gmina,Lisia Góra,powiat tarnowski,148
7,Wskaźnik gęstości zaludnienia,2021,gmina,Pleśna,powiat tarnowski,143
7,Wskaźnik gęstości zaludnienia,2021,gmina,Radłów,powiat tarnowski,111
7,Wskaźnik gęstości zaludnienia,2021,gmina,Ryglice,powiat tarnowski,99
7,Wskaźnik gęstości zaludnienia,2021,gmina,Rzepiennik Strzyżewski,powiat tarnowski,95
7,Wskaźnik gęstości zaludnienia,2021,gmina,Skrzyszów,powiat tarnowski,167
7,Wskaźnik gęstości zaludnienia,2021,gmina,Szerzyny,powiat tarnowski,95
7,Wskaźnik gęstości zaludnienia,2021,gmina,Tarnów (wieś),powiat tarnowski,319
7,Wskaźnik gęstości zaludnienia,2021,gmina,Tuchów,powiat tarnowski,176
7,Wskaźnik gęstości zaludnienia,2021,gmina,Wierzchosławice,powiat tarnowski,143
7,Wskaźnik gęstości zaludnienia,2021,gmina,Wietrzychowice,powiat tarnowski,81
7,Wskaźnik gęstości zaludnienia,2021,gmina,Wojnicz,powiat tarnowski,167
7,Wskaźnik gęstości zaludnienia,2021,gmina,Zakliczyn,powiat tarnowski,103
7,Wskaźnik gęstości zaludnienia,2021,gmina,Żabno,powiat tarnowski,185
7,Wskaźnik gęstości zaludnienia,2021,powiat,powiat tatrzański,powiat tatrzański,144.00
7,Wskaźnik gęstości zaludnienia,2021,gmina,Biały Dunajec,powiat tatrzański,201
7,Wskaźnik gęstości zaludnienia,2021,gmina,Bukowina Tatrzańska,powiat tatrzański,102
7,Wskaźnik gęstości zaludnienia,2021,gmina,Kościelisko,powiat tatrzański,65
7,Wskaźnik gęstości zaludnienia,2021,gmina,Poronin,powiat tatrzański,140
7,Wskaźnik gęstości zaludnienia,2021,gmina,Zakopane,powiat tatrzański,315
7,Wskaźnik gęstości zaludnienia,2021,powiat,powiat wadowicki,powiat wadowicki,246.00
7,Wskaźnik gęstości zaludnienia,2021,gmina,Andrychów,powiat wadowicki,429
7,Wskaźnik gęstości zaludnienia,2021,gmina,Brzeźnica,powiat wadowicki,159
7,Wskaźnik gęstości zaludnienia,2021,gmina,Kalwaria Zebrzydowska,powiat wadowicki,265
7,Wskaźnik gęstości zaludnienia,2021,gmina,Lanckorona,powiat wadowicki,154
7,Wskaźnik gęstości zaludnienia,2021,gmina,Mucharz,powiat wadowicki,111
7,Wskaźnik gęstości zaludnienia,2021,gmina,Spytkowice,powiat wadowicki,199
7,Wskaźnik gęstości zaludnienia,2021,gmina,Stryszów,powiat wadowicki,149
7,Wskaźnik gęstości zaludnienia,2021,gmina,Tomice,powiat wadowicki,198
7,Wskaźnik gęstości zaludnienia,2021,gmina,Wadowice,powiat wadowicki,331
7,Wskaźnik gęstości zaludnienia,2021,gmina,Wieprz,powiat wadowicki,169
7,Wskaźnik gęstości zaludnienia,2021,powiat,powiat wielicki,powiat wielicki,322.00
7,Wskaźnik gęstości zaludnienia,2021,gmina,Biskupice,powiat wielicki,259
7,Wskaźnik gęstości zaludnienia,2021,gmina,Gdów,powiat wielicki,169
7,Wskaźnik gęstości zaludnienia,2021,gmina,Kłaj,powiat wielicki,168
7,Wskaźnik gęstości zaludnienia,2021,gmina,Niepołomice,powiat wielicki,314
7,Wskaźnik gęstości zaludnienia,2021,gmina,Wieliczka,powiat wielicki,624
7,Wskaźnik gęstości zaludnienia,2020,powiat,powiat bocheński,powiat bocheński,165.00
7,Wskaźnik gęstości zaludnienia,2020,gmina,Bochnia (miasto),powiat bocheński,989
7,Wskaźnik gęstości zaludnienia,2020,gmina,Bochnia (wieś),powiat bocheński,154
7,Wskaźnik gęstości zaludnienia,2020,gmina,Drwinia,powiat bocheński,60
7,Wskaźnik gęstości zaludnienia,2020,gmina,Lipnica Murowana,powiat bocheński,94
7,Wskaźnik gęstości zaludnienia,2020,gmina,Łapanów,powiat bocheński,114
7,Wskaźnik gęstości zaludnienia,2020,gmina,Nowy Wiśnicz,powiat bocheński,173
7,Wskaźnik gęstości zaludnienia,2020,gmina,Rzezawa,powiat bocheński,132
7,Wskaźnik gęstości zaludnienia,2020,gmina,Trzciana,powiat bocheński,128
7,Wskaźnik gęstości zaludnienia,2020,gmina,Żegocina,powiat bocheński,160
7,Wskaźnik gęstości zaludnienia,2020,powiat,powiat brzeski,powiat brzeski,158.00
7,Wskaźnik gęstości zaludnienia,2020,gmina,Borzęcin,powiat brzeski,80
7,Wskaźnik gęstości zaludnienia,2020,gmina,Brzesko,powiat brzeski,353
7,Wskaźnik gęstości zaludnienia,2020,gmina,Czchów,powiat brzeski,148
7,Wskaźnik gęstości zaludnienia,2020,gmina,Dębno,powiat brzeski,181
7,Wskaźnik gęstości zaludnienia,2020,gmina,Gnojnik,powiat brzeski,146
7,Wskaźnik gęstości zaludnienia,2020,gmina,Iwkowa,powiat brzeski,138
7,Wskaźnik gęstości zaludnienia,2020,gmina,Szczurowa,powiat brzeski,70
7,Wskaźnik gęstości zaludnienia,2020,powiat,powiat chrzanowski,powiat chrzanowski,334.00
7,Wskaźnik gęstości zaludnienia,2020,gmina,Alwernia,powiat chrzanowski,168
7,Wskaźnik gęstości zaludnienia,2020,gmina,Babice,powiat chrzanowski,168
7,Wskaźnik gęstości zaludnienia,2020,gmina,Chrzanów,powiat chrzanowski,583
7,Wskaźnik gęstości zaludnienia,2020,gmina,Libiąż,powiat chrzanowski,388
7,Wskaźnik gęstości zaludnienia,2020,gmina,Trzebinia,powiat chrzanowski,319
7,Wskaźnik gęstości zaludnienia,2020,powiat,powiat dąbrowski,powiat dąbrowski,111.00
7,Wskaźnik gęstości zaludnienia,2020,gmina,Bolesław,powiat dąbrowski,72
7,Wskaźnik gęstości zaludnienia,2020,gmina,Dąbrowa Tarnowska,powiat dąbrowski,182
7,Wskaźnik gęstości zaludnienia,2020,gmina,Gręboszów,powiat dąbrowski,68
7,Wskaźnik gęstości zaludnienia,2020,gmina,Mędrzechów,powiat dąbrowski,77
7,Wskaźnik gęstości zaludnienia,2020,gmina,Olesno,powiat dąbrowski,102
7,Wskaźnik gęstości zaludnienia,2020,gmina,Radgoszcz,powiat dąbrowski,85
7,Wskaźnik gęstości zaludnienia,2020,gmina,Szczucin,powiat dąbrowski,110
7,Wskaźnik gęstości zaludnienia,2020,powiat,powiat gorlicki,powiat gorlicki,112.00
7,Wskaźnik gęstości zaludnienia,2020,gmina,Biecz,powiat gorlicki,170
7,Wskaźnik gęstości zaludnienia,2020,gmina,Bobowa,powiat gorlicki,197
7,Wskaźnik gęstości zaludnienia,2020,gmina,Gorlice (miasto),powiat gorlicki,1146
7,Wskaźnik gęstości zaludnienia,2020,gmina,Gorlice (wieś),powiat gorlicki,168
7,Wskaźnik gęstości zaludnienia,2020,gmina,Lipinki,powiat gorlicki,102
7,Wskaźnik gęstości zaludnienia,2020,gmina,Łużna,powiat gorlicki,151
7,Wskaźnik gęstości zaludnienia,2020,gmina,Moszczenica,powiat gorlicki,134
7,Wskaźnik gęstości zaludnienia,2020,gmina,Ropa,powiat gorlicki,113
7,Wskaźnik gęstości zaludnienia,2020,gmina,Sękowa,powiat gorlicki,25
7,Wskaźnik gęstości zaludnienia,2020,gmina,Uście Gorlickie,powiat gorlicki,24
7,Wskaźnik gęstości zaludnienia,2020,powiat,powiat krakowski,powiat krakowski,229.00
7,Wskaźnik gęstości zaludnienia,2020,gmina,Czernichów,powiat krakowski,175
7,Wskaźnik gęstości zaludnienia,2020,gmina,Igołomia-Wawrzeńczyce,powiat krakowski,123
7,Wskaźnik gęstości zaludnienia,2020,gmina,Iwanowice,powiat krakowski,130
7,Wskaźnik gęstości zaludnienia,2020,gmina,Jerzmanowice-Przeginia,powiat krakowski,161
7,Wskaźnik gęstości zaludnienia,2020,gmina,Kocmyrzów-Luborzyca,powiat krakowski,198
7,Wskaźnik gęstości zaludnienia,2020,gmina,Krzeszowice,powiat krakowski,231
7,Wskaźnik gęstości zaludnienia,2020,gmina,Liszki,powiat krakowski,243
7,Wskaźnik gęstości zaludnienia,2020,gmina,Michałowice,powiat krakowski,213
7,Wskaźnik gęstości zaludnienia,2020,gmina,Mogilany,powiat krakowski,331
7,Wskaźnik gęstości zaludnienia,2020,gmina,Skała,powiat krakowski,141
7,Wskaźnik gęstości zaludnienia,2020,gmina,Skawina,powiat krakowski,438
7,Wskaźnik gęstości zaludnienia,2020,gmina,Słomniki,powiat krakowski,120
7,Wskaźnik gęstości zaludnienia,2020,gmina,Sułoszowa,powiat krakowski,109
7,Wskaźnik gęstości zaludnienia,2020,gmina,Świątniki Górne,powiat krakowski,506
7,Wskaźnik gęstości zaludnienia,2020,gmina,Wielka Wieś,powiat krakowski,273
7,Wskaźnik gęstości zaludnienia,2020,gmina,Zabierzów,powiat krakowski,272
7,Wskaźnik gęstości zaludnienia,2020,gmina,Zielonki,powiat krakowski,488
7,Wskaźnik gęstości zaludnienia,2020,powiat,powiat limanowski,powiat limanowski,139.00
7,Wskaźnik gęstości zaludnienia,2020,gmina,Dobra,powiat limanowski,91
7,Wskaźnik gęstości zaludnienia,2020,gmina,Jodłownik,powiat limanowski,121
7,Wskaźnik gęstości zaludnienia,2020,gmina,Kamienica,powiat limanowski,83
7,Wskaźnik gęstości zaludnienia,2020,gmina,Laskowa,powiat limanowski,113
7,Wskaźnik gęstości zaludnienia,2020,gmina,Limanowa (miasto),powiat limanowski,806
7,Wskaźnik gęstości zaludnienia,2020,gmina,Limanowa (wieś),powiat limanowski,169
7,Wskaźnik gęstości zaludnienia,2020,gmina,Łukowica,powiat limanowski,145
7,Wskaźnik gęstości zaludnienia,2020,gmina,Mszana Dolna (miasto),powiat limanowski,291
7,Wskaźnik gęstości zaludnienia,2020,gmina,Mszana Dolna (wieś),powiat limanowski,104
7,Wskaźnik gęstości zaludnienia,2020,gmina,Niedźwiedź,powiat limanowski,99
7,Wskaźnik gęstości zaludnienia,2020,gmina,Słopnice,powiat limanowski,120
7,Wskaźnik gęstości zaludnienia,2020,gmina,Tymbark,powiat limanowski,202
7,Wskaźnik gęstości zaludnienia,2020,powiat,powiat m. Kraków,powiat m. Kraków,2386.00
7,Wskaźnik gęstości zaludnienia,2020,powiat,powiat m. Nowy Sącz,powiat m. Nowy Sącz,1451.00
7,Wskaźnik gęstości zaludnienia,2020,powiat,powiat m. Tarnów,powiat m. Tarnów,1485.00
7,Wskaźnik gęstości zaludnienia,2020,powiat,powiat miechowski,powiat miechowski,72.00
7,Wskaźnik gęstości zaludnienia,2020,gmina,Charsznica,powiat miechowski,94
7,Wskaźnik gęstości zaludnienia,2020,gmina,Gołcza,powiat miechowski,67
7,Wskaźnik gęstości zaludnienia,2020,gmina,Kozłów,powiat miechowski,53
7,Wskaźnik gęstości zaludnienia,2020,gmina,Książ Wielki,powiat miechowski,36
7,Wskaźnik gęstości zaludnienia,2020,gmina,Miechów,powiat miechowski,131
7,Wskaźnik gęstości zaludnienia,2020,gmina,Racławice,powiat miechowski,42
7,Wskaźnik gęstości zaludnienia,2020,gmina,Słaboszów,powiat miechowski,45
7,Wskaźnik gęstości zaludnienia,2020,powiat,powiat myślenicki,powiat myślenicki,190.00
7,Wskaźnik gęstości zaludnienia,2020,gmina,Dobczyce,powiat myślenicki,231
7,Wskaźnik gęstości zaludnienia,2020,gmina,Lubień,powiat myślenicki,134
7,Wskaźnik gęstości zaludnienia,2020,gmina,Myślenice,powiat myślenicki,290
7,Wskaźnik gęstości zaludnienia,2020,gmina,Pcim,powiat myślenicki,125
7,Wskaźnik gęstości zaludnienia,2020,gmina,Raciechowice,powiat myślenicki,106
7,Wskaźnik gęstości zaludnienia,2020,gmina,Siepraw,powiat myślenicki,285
7,Wskaźnik gęstości zaludnienia,2020,gmina,Sułkowice,powiat myślenicki,249
7,Wskaźnik gęstości zaludnienia,2020,gmina,Tokarnia,powiat myślenicki,129
7,Wskaźnik gęstości zaludnienia,2020,gmina,Wiśniowa,powiat myślenicki,111
7,Wskaźnik gęstości zaludnienia,2020,powiat,powiat nowosądecki,powiat nowosądecki,140.00
7,Wskaźnik gęstości zaludnienia,2020,gmina,Podegrodzie,powiat nowosądecki,207
7,Wskaźnik gęstości zaludnienia,2020,gmina,Rytro,powiat nowosądecki,90
7,Wskaźnik gęstości zaludnienia,2020,gmina,Stary Sącz,powiat nowosądecki,236
7,Wskaźnik gęstości zaludnienia,2020,gmina,Chełmiec,powiat nowosądecki,259
7,Wskaźnik gęstości zaludnienia,2020,gmina,Gródek nad Dunajcem,powiat nowosądecki,105
7,Wskaźnik gęstości zaludnienia,2020,gmina,Grybów (miasto),powiat nowosądecki,353
7,Wskaźnik gęstości zaludnienia,2020,gmina,Grybów (wieś),powiat nowosądecki,167
7,Wskaźnik gęstości zaludnienia,2020,gmina,Kamionka Wielka,powiat nowosądecki,161
7,Wskaźnik gęstości zaludnienia,2020,gmina,Korzenna,powiat nowosądecki,136
7,Wskaźnik gęstości zaludnienia,2020,gmina,Krynica-Zdrój,powiat nowosądecki,114
7,Wskaźnik gęstości zaludnienia,2020,gmina,Łabowa,powiat nowosądecki,51
7,Wskaźnik gęstości zaludnienia,2020,gmina,Łącko,powiat nowosądecki,125
7,Wskaźnik gęstości zaludnienia,2020,gmina,Łososina Dolna,powiat nowosądecki,132
7,Wskaźnik gęstości zaludnienia,2020,gmina,Muszyna,powiat nowosądecki,82
7,Wskaźnik gęstości zaludnienia,2020,gmina,Nawojowa,powiat nowosądecki,175
7,Wskaźnik gęstości zaludnienia,2020,gmina,Piwniczna-Zdrój,powiat nowosądecki,83
7,Wskaźnik gęstości zaludnienia,2020,powiat,powiat nowotarski,powiat nowotarski,130.00
7,Wskaźnik gęstości zaludnienia,2020,gmina,Czarny Dunajec,powiat nowotarski,104
7,Wskaźnik gęstości zaludnienia,2020,gmina,Czorsztyn,powiat nowotarski,123
7,Wskaźnik gęstości zaludnienia,2020,gmina,Jabłonka,powiat nowotarski,88
7,Wskaźnik gęstości zaludnienia,2020,gmina,Krościenko nad Dunajcem,powiat nowotarski,118
7,Wskaźnik gęstości zaludnienia,2020,gmina,Lipnica Wielka,powiat nowotarski,89
7,Wskaźnik gęstości zaludnienia,2020,gmina,Łapsze Niżne,powiat nowotarski,74
7,Wskaźnik gęstości zaludnienia,2020,gmina,Nowy Targ (miasto),powiat nowotarski,651
7,Wskaźnik gęstości zaludnienia,2020,gmina,Nowy Targ (wieś),powiat nowotarski,116
7,Wskaźnik gęstości zaludnienia,2020,gmina,Ochotnica Dolna,powiat nowotarski,60
7,Wskaźnik gęstości zaludnienia,2020,gmina,Raba Wyżna,powiat nowotarski,166
7,Wskaźnik gęstości zaludnienia,2020,gmina,Rabka-Zdrój,powiat nowotarski,246
7,Wskaźnik gęstości zaludnienia,2020,gmina,Spytkowice,powiat nowotarski,144
7,Wskaźnik gęstości zaludnienia,2020,gmina,Szaflary,powiat nowotarski,205
7,Wskaźnik gęstości zaludnienia,2020,gmina,Szczawnica,powiat nowotarski,81
7,Wskaźnik gęstości zaludnienia,2020,powiat,powiat olkuski,powiat olkuski,179.00
7,Wskaźnik gęstości zaludnienia,2020,gmina,Bolesław,powiat olkuski,190
7,Wskaźnik gęstości zaludnienia,2020,gmina,Bukowno,powiat olkuski,154
7,Wskaźnik gęstości zaludnienia,2020,gmina,Klucze,powiat olkuski,125
7,Wskaźnik gęstości zaludnienia,2020,gmina,Olkusz,powiat olkuski,320
7,Wskaźnik gęstości zaludnienia,2020,gmina,Trzyciąż,powiat olkuski,74
7,Wskaźnik gęstości zaludnienia,2020,gmina,Wolbrom,powiat olkuski,154
7,Wskaźnik gęstości zaludnienia,2020,powiat,powiat oświęcimski,powiat oświęcimski,376.00
7,Wskaźnik gęstości zaludnienia,2020,gmina,Brzeszcze,powiat oświęcimski,463
7,Wskaźnik gęstości zaludnienia,2020,gmina,Chełmek,powiat oświęcimski,470
7,Wskaźnik gęstości zaludnienia,2020,gmina,Kęty,powiat oświęcimski,447
7,Wskaźnik gęstości zaludnienia,2020,gmina,Osiek,powiat oświęcimski,203
7,Wskaźnik gęstości zaludnienia,2020,gmina,Oświęcim (miasto),powiat oświęcimski,1252
7,Wskaźnik gęstości zaludnienia,2020,gmina,Oświęcim (wieś),powiat oświęcimski,249
7,Wskaźnik gęstości zaludnienia,2020,gmina,Polanka Wielka,powiat oświęcimski,181
7,Wskaźnik gęstości zaludnienia,2020,gmina,Przeciszów,powiat oświęcimski,190
7,Wskaźnik gęstości zaludnienia,2020,gmina,Zator,powiat oświęcimski,179
7,Wskaźnik gęstości zaludnienia,2020,powiat,powiat proszowicki,powiat proszowicki,104.00
7,Wskaźnik gęstości zaludnienia,2020,gmina,Koniusza,powiat proszowicki,102
7,Wskaźnik gęstości zaludnienia,2020,gmina,Koszyce,powiat proszowicki,82
7,Wskaźnik gęstości zaludnienia,2020,gmina,Nowe Brzesko,powiat proszowicki,104
7,Wskaźnik gęstości zaludnienia,2020,gmina,Pałecznica,powiat proszowicki,75
7,Wskaźnik gęstości zaludnienia,2020,gmina,Proszowice,powiat proszowicki,161
7,Wskaźnik gęstości zaludnienia,2020,gmina,Radziemice,powiat proszowicki,57
7,Wskaźnik gęstości zaludnienia,2020,powiat,powiat suski,powiat suski,122.00
7,Wskaźnik gęstości zaludnienia,2020,gmina,Budzów,powiat suski,121
7,Wskaźnik gęstości zaludnienia,2020,gmina,Bystra-Sidzina,powiat suski,86
7,Wskaźnik gęstości zaludnienia,2020,gmina,Jordanów (miasto),powiat suski,245
7,Wskaźnik gęstości zaludnienia,2020,gmina,Jordanów (wieś),powiat suski,122
7,Wskaźnik gęstości zaludnienia,2020,gmina,Maków Podhalański,powiat suski,147
7,Wskaźnik gęstości zaludnienia,2020,gmina,Stryszawa,powiat suski,105
7,Wskaźnik gęstości zaludnienia,2020,gmina,Sucha Beskidzka,powiat suski,327
7,Wskaźnik gęstości zaludnienia,2020,gmina,Zawoja,powiat suski,70
7,Wskaźnik gęstości zaludnienia,2020,gmina,Zembrzyce,powiat suski,143
7,Wskaźnik gęstości zaludnienia,2020,powiat,powiat tarnowski,powiat tarnowski,143.00
7,Wskaźnik gęstości zaludnienia,2020,gmina,Ciężkowice,powiat tarnowski,109
7,Wskaźnik gęstości zaludnienia,2020,gmina,Gromnik,powiat tarnowski,128
7,Wskaźnik gęstości zaludnienia,2020,gmina,Lisia Góra,powiat tarnowski,148
7,Wskaźnik gęstości zaludnienia,2020,gmina,Pleśna,powiat tarnowski,144
7,Wskaźnik gęstości zaludnienia,2020,gmina,Radłów,powiat tarnowski,111
7,Wskaźnik gęstości zaludnienia,2020,gmina,Ryglice,powiat tarnowski,99
7,Wskaźnik gęstości zaludnienia,2020,gmina,Rzepiennik Strzyżewski,powiat tarnowski,95
7,Wskaźnik gęstości zaludnienia,2020,gmina,Skrzyszów,powiat tarnowski,167
7,Wskaźnik gęstości zaludnienia,2020,gmina,Szerzyny,powiat tarnowski,96
7,Wskaźnik gęstości zaludnienia,2020,gmina,Tarnów (wieś),powiat tarnowski,317
7,Wskaźnik gęstości zaludnienia,2020,gmina,Tuchów,powiat tarnowski,178
7,Wskaźnik gęstości zaludnienia,2020,gmina,Wierzchosławice,powiat tarnowski,144
7,Wskaźnik gęstości zaludnienia,2020,gmina,Wietrzychowice,powiat tarnowski,81
7,Wskaźnik gęstości zaludnienia,2020,gmina,Wojnicz,powiat tarnowski,168
7,Wskaźnik gęstości zaludnienia,2020,gmina,Zakliczyn,powiat tarnowski,103
7,Wskaźnik gęstości zaludnienia,2020,gmina,Żabno,powiat tarnowski,186
7,Wskaźnik gęstości zaludnienia,2020,powiat,powiat tatrzański,powiat tatrzański,144.00
7,Wskaźnik gęstości zaludnienia,2020,gmina,Biały Dunajec,powiat tatrzański,203
7,Wskaźnik gęstości zaludnienia,2020,gmina,Bukowina Tatrzańska,powiat tatrzański,102
7,Wskaźnik gęstości zaludnienia,2020,gmina,Kościelisko,powiat tatrzański,65
7,Wskaźnik gęstości zaludnienia,2020,gmina,Poronin,powiat tatrzański,140
7,Wskaźnik gęstości zaludnienia,2020,gmina,Zakopane,powiat tatrzański,319
7,Wskaźnik gęstości zaludnienia,2020,powiat,powiat wadowicki,powiat wadowicki,247.00
7,Wskaźnik gęstości zaludnienia,2020,gmina,Andrychów,powiat wadowicki,431
7,Wskaźnik gęstości zaludnienia,2020,gmina,Brzeźnica,powiat wadowicki,158
7,Wskaźnik gęstości zaludnienia,2020,gmina,Kalwaria Zebrzydowska,powiat wadowicki,266
7,Wskaźnik gęstości zaludnienia,2020,gmina,Lanckorona,powiat wadowicki,154
7,Wskaźnik gęstości zaludnienia,2020,gmina,Mucharz,powiat wadowicki,111
7,Wskaźnik gęstości zaludnienia,2020,gmina,Spytkowice,powiat wadowicki,201
7,Wskaźnik gęstości zaludnienia,2020,gmina,Stryszów,powiat wadowicki,149
7,Wskaźnik gęstości zaludnienia,2020,gmina,Tomice,powiat wadowicki,198
7,Wskaźnik gęstości zaludnienia,2020,gmina,Wadowice,powiat wadowicki,333
7,Wskaźnik gęstości zaludnienia,2020,gmina,Wieprz,powiat wadowicki,168
7,Wskaźnik gęstości zaludnienia,2020,powiat,powiat wielicki,powiat wielicki,318.00
7,Wskaźnik gęstości zaludnienia,2020,gmina,Biskupice,powiat wielicki,257
7,Wskaźnik gęstości zaludnienia,2020,gmina,Gdów,powiat wielicki,169
7,Wskaźnik gęstości zaludnienia,2020,gmina,Kłaj,powiat wielicki,167
7,Wskaźnik gęstości zaludnienia,2020,gmina,Niepołomice,powiat wielicki,308
7,Wskaźnik gęstości zaludnienia,2020,gmina,Wieliczka,powiat wielicki,614
7,Wskaźnik gęstości zaludnienia,2019,powiat,powiat bocheński,powiat bocheński,165.00
7,Wskaźnik gęstości zaludnienia,2019,gmina,Bochnia (miasto),powiat bocheński,995
7,Wskaźnik gęstości zaludnienia,2019,gmina,Bochnia (wieś),powiat bocheński,153
7,Wskaźnik gęstości zaludnienia,2019,gmina,Drwinia,powiat bocheński,60
7,Wskaźnik gęstości zaludnienia,2019,gmina,Lipnica Murowana,powiat bocheński,94
7,Wskaźnik gęstości zaludnienia,2019,gmina,Łapanów,powiat bocheński,114
7,Wskaźnik gęstości zaludnienia,2019,gmina,Nowy Wiśnicz,powiat bocheński,173
7,Wskaźnik gęstości zaludnienia,2019,gmina,Rzezawa,powiat bocheński,131
7,Wskaźnik gęstości zaludnienia,2019,gmina,Trzciana,powiat bocheński,128
7,Wskaźnik gęstości zaludnienia,2019,gmina,Żegocina,powiat bocheński,159
7,Wskaźnik gęstości zaludnienia,2019,powiat,powiat brzeski,powiat brzeski,158.00
7,Wskaźnik gęstości zaludnienia,2019,gmina,Borzęcin,powiat brzeski,81
7,Wskaźnik gęstości zaludnienia,2019,gmina,Brzesko,powiat brzeski,354
7,Wskaźnik gęstości zaludnienia,2019,gmina,Czchów,powiat brzeski,148
7,Wskaźnik gęstości zaludnienia,2019,gmina,Dębno,powiat brzeski,181
7,Wskaźnik gęstości zaludnienia,2019,gmina,Gnojnik,powiat brzeski,146
7,Wskaźnik gęstości zaludnienia,2019,gmina,Iwkowa,powiat brzeski,137
7,Wskaźnik gęstości zaludnienia,2019,gmina,Szczurowa,powiat brzeski,70
7,Wskaźnik gęstości zaludnienia,2019,powiat,powiat chrzanowski,powiat chrzanowski,336.00
7,Wskaźnik gęstości zaludnienia,2019,gmina,Alwernia,powiat chrzanowski,169
7,Wskaźnik gęstości zaludnienia,2019,gmina,Babice,powiat chrzanowski,168
7,Wskaźnik gęstości zaludnienia,2019,gmina,Chrzanów,powiat chrzanowski,589
7,Wskaźnik gęstości zaludnienia,2019,gmina,Libiąż,powiat chrzanowski,391
7,Wskaźnik gęstości zaludnienia,2019,gmina,Trzebinia,powiat chrzanowski,321
7,Wskaźnik gęstości zaludnienia,2019,powiat,powiat dąbrowski,powiat dąbrowski,112.00
7,Wskaźnik gęstości zaludnienia,2019,gmina,Bolesław,powiat dąbrowski,73
7,Wskaźnik gęstości zaludnienia,2019,gmina,Dąbrowa Tarnowska,powiat dąbrowski,183
7,Wskaźnik gęstości zaludnienia,2019,gmina,Gręboszów,powiat dąbrowski,69
7,Wskaźnik gęstości zaludnienia,2019,gmina,Mędrzechów,powiat dąbrowski,77
7,Wskaźnik gęstości zaludnienia,2019,gmina,Olesno,powiat dąbrowski,103
7,Wskaźnik gęstości zaludnienia,2019,gmina,Radgoszcz,powiat dąbrowski,84
7,Wskaźnik gęstości zaludnienia,2019,gmina,Szczucin,powiat dąbrowski,110
7,Wskaźnik gęstości zaludnienia,2019,powiat,powiat gorlicki,powiat gorlicki,113.00
7,Wskaźnik gęstości zaludnienia,2019,gmina,Biecz,powiat gorlicki,171
7,Wskaźnik gęstości zaludnienia,2019,gmina,Bobowa,powiat gorlicki,197
7,Wskaźnik gęstości zaludnienia,2019,gmina,Gorlice (miasto),powiat gorlicki,1163
7,Wskaźnik gęstości zaludnienia,2019,gmina,Gorlice (wieś),powiat gorlicki,168
7,Wskaźnik gęstości zaludnienia,2019,gmina,Lipinki,powiat gorlicki,102
7,Wskaźnik gęstości zaludnienia,2019,gmina,Łużna,powiat gorlicki,152
7,Wskaźnik gęstości zaludnienia,2019,gmina,Moszczenica,powiat gorlicki,132
7,Wskaźnik gęstości zaludnienia,2019,gmina,Ropa,powiat gorlicki,112
7,Wskaźnik gęstości zaludnienia,2019,gmina,Sękowa,powiat gorlicki,26
7,Wskaźnik gęstości zaludnienia,2019,gmina,Uście Gorlickie,powiat gorlicki,24
7,Wskaźnik gęstości zaludnienia,2019,powiat,powiat krakowski,powiat krakowski,227.00
7,Wskaźnik gęstości zaludnienia,2019,gmina,Czernichów,powiat krakowski,175
7,Wskaźnik gęstości zaludnienia,2019,gmina,Igołomia-Wawrzeńczyce,powiat krakowski,123
7,Wskaźnik gęstości zaludnienia,2019,gmina,Iwanowice,powiat krakowski,129
7,Wskaźnik gęstości zaludnienia,2019,gmina,Jerzmanowice-Przeginia,powiat krakowski,161
7,Wskaźnik gęstości zaludnienia,2019,gmina,Kocmyrzów-Luborzyca,powiat krakowski,195
7,Wskaźnik gęstości zaludnienia,2019,gmina,Krzeszowice,powiat krakowski,231
7,Wskaźnik gęstości zaludnienia,2019,gmina,Liszki,powiat krakowski,242
7,Wskaźnik gęstości zaludnienia,2019,gmina,Michałowice,powiat krakowski,210
7,Wskaźnik gęstości zaludnienia,2019,gmina,Mogilany,powiat krakowski,326
7,Wskaźnik gęstości zaludnienia,2019,gmina,Skała,powiat krakowski,141
7,Wskaźnik gęstości zaludnienia,2019,gmina,Skawina,powiat krakowski,437
7,Wskaźnik gęstości zaludnienia,2019,gmina,Słomniki,powiat krakowski,121
7,Wskaźnik gęstości zaludnienia,2019,gmina,Sułoszowa,powiat krakowski,109
7,Wskaźnik gęstości zaludnienia,2019,gmina,Świątniki Górne,powiat krakowski,501
7,Wskaźnik gęstości zaludnienia,2019,gmina,Wielka Wieś,powiat krakowski,264
7,Wskaźnik gęstości zaludnienia,2019,gmina,Zabierzów,powiat krakowski,269
7,Wskaźnik gęstości zaludnienia,2019,gmina,Zielonki,powiat krakowski,475
7,Wskaźnik gęstości zaludnienia,2019,powiat,powiat limanowski,powiat limanowski,139.00
7,Wskaźnik gęstości zaludnienia,2019,gmina,Dobra,powiat limanowski,91
7,Wskaźnik gęstości zaludnienia,2019,gmina,Jodłownik,powiat limanowski,120
7,Wskaźnik gęstości zaludnienia,2019,gmina,Kamienica,powiat limanowski,82
7,Wskaźnik gęstości zaludnienia,2019,gmina,Laskowa,powiat limanowski,113
7,Wskaźnik gęstości zaludnienia,2019,gmina,Limanowa (miasto),powiat limanowski,811
7,Wskaźnik gęstości zaludnienia,2019,gmina,Limanowa (wieś),powiat limanowski,168
7,Wskaźnik gęstości zaludnienia,2019,gmina,Łukowica,powiat limanowski,144
7,Wskaźnik gęstości zaludnienia,2019,gmina,Mszana Dolna (miasto),powiat limanowski,291
7,Wskaźnik gęstości zaludnienia,2019,gmina,Mszana Dolna (wieś),powiat limanowski,104
7,Wskaźnik gęstości zaludnienia,2019,gmina,Niedźwiedź,powiat limanowski,99
7,Wskaźnik gęstości zaludnienia,2019,gmina,Słopnice,powiat limanowski,119
7,Wskaźnik gęstości zaludnienia,2019,gmina,Tymbark,powiat limanowski,202
7,Wskaźnik gęstości zaludnienia,2019,powiat,powiat m. Kraków,powiat m. Kraków,2384.00
7,Wskaźnik gęstości zaludnienia,2019,powiat,powiat m. Nowy Sącz,powiat m. Nowy Sącz,1455.00
7,Wskaźnik gęstości zaludnienia,2019,powiat,powiat m. Tarnów,powiat m. Tarnów,1499.00
7,Wskaźnik gęstości zaludnienia,2019,powiat,powiat miechowski,powiat miechowski,72.00
7,Wskaźnik gęstości zaludnienia,2019,gmina,Charsznica,powiat miechowski,95
7,Wskaźnik gęstości zaludnienia,2019,gmina,Gołcza,powiat miechowski,67
7,Wskaźnik gęstości zaludnienia,2019,gmina,Kozłów,powiat miechowski,53
7,Wskaźnik gęstości zaludnienia,2019,gmina,Książ Wielki,powiat miechowski,37
7,Wskaźnik gęstości zaludnienia,2019,gmina,Miechów,powiat miechowski,132
7,Wskaźnik gęstości zaludnienia,2019,gmina,Racławice,powiat miechowski,42
7,Wskaźnik gęstości zaludnienia,2019,gmina,Słaboszów,powiat miechowski,46
7,Wskaźnik gęstości zaludnienia,2019,powiat,powiat myślenicki,powiat myślenicki,190.00
7,Wskaźnik gęstości zaludnienia,2019,gmina,Dobczyce,powiat myślenicki,231
7,Wskaźnik gęstości zaludnienia,2019,gmina,Lubień,powiat myślenicki,134
7,Wskaźnik gęstości zaludnienia,2019,gmina,Myślenice,powiat myślenicki,289
7,Wskaźnik gęstości zaludnienia,2019,gmina,Pcim,powiat myślenicki,125
7,Wskaźnik gęstości zaludnienia,2019,gmina,Raciechowice,powiat myślenicki,105
7,Wskaźnik gęstości zaludnienia,2019,gmina,Siepraw,powiat myślenicki,283
7,Wskaźnik gęstości zaludnienia,2019,gmina,Sułkowice,powiat myślenicki,248
7,Wskaźnik gęstości zaludnienia,2019,gmina,Tokarnia,powiat myślenicki,129
7,Wskaźnik gęstości zaludnienia,2019,gmina,Wiśniowa,powiat myślenicki,110
7,Wskaźnik gęstości zaludnienia,2019,powiat,powiat nowosądecki,powiat nowosądecki,140.00
7,Wskaźnik gęstości zaludnienia,2019,gmina,Podegrodzie,powiat nowosądecki,205
7,Wskaźnik gęstości zaludnienia,2019,gmina,Rytro,powiat nowosądecki,90
7,Wskaźnik gęstości zaludnienia,2019,gmina,Stary Sącz,powiat nowosądecki,236
7,Wskaźnik gęstości zaludnienia,2019,gmina,Chełmiec,powiat nowosądecki,258
7,Wskaźnik gęstości zaludnienia,2019,gmina,Gródek nad Dunajcem,powiat nowosądecki,105
7,Wskaźnik gęstości zaludnienia,2019,gmina,Grybów (miasto),powiat nowosądecki,356
7,Wskaźnik gęstości zaludnienia,2019,gmina,Grybów (wieś),powiat nowosądecki,167
7,Wskaźnik gęstości zaludnienia,2019,gmina,Kamionka Wielka,powiat nowosądecki,161
7,Wskaźnik gęstości zaludnienia,2019,gmina,Korzenna,powiat nowosądecki,136
7,Wskaźnik gęstości zaludnienia,2019,gmina,Krynica-Zdrój,powiat nowosądecki,115
7,Wskaźnik gęstości zaludnienia,2019,gmina,Łabowa,powiat nowosądecki,51
7,Wskaźnik gęstości zaludnienia,2019,gmina,Łącko,powiat nowosądecki,124
7,Wskaźnik gęstości zaludnienia,2019,gmina,Łososina Dolna,powiat nowosądecki,131
7,Wskaźnik gęstości zaludnienia,2019,gmina,Muszyna,powiat nowosądecki,82
7,Wskaźnik gęstości zaludnienia,2019,gmina,Nawojowa,powiat nowosądecki,174
7,Wskaźnik gęstości zaludnienia,2019,gmina,Piwniczna-Zdrój,powiat nowosądecki,84
7,Wskaźnik gęstości zaludnienia,2019,powiat,powiat nowotarski,powiat nowotarski,130.00
7,Wskaźnik gęstości zaludnienia,2019,gmina,Czarny Dunajec,powiat nowotarski,104
7,Wskaźnik gęstości zaludnienia,2019,gmina,Czorsztyn,powiat nowotarski,123
7,Wskaźnik gęstości zaludnienia,2019,gmina,Jabłonka,powiat nowotarski,88
7,Wskaźnik gęstości zaludnienia,2019,gmina,Krościenko nad Dunajcem,powiat nowotarski,119
7,Wskaźnik gęstości zaludnienia,2019,gmina,Lipnica Wielka,powiat nowotarski,89
7,Wskaźnik gęstości zaludnienia,2019,gmina,Łapsze Niżne,powiat nowotarski,75
7,Wskaźnik gęstości zaludnienia,2019,gmina,Nowy Targ (miasto),powiat nowotarski,652
7,Wskaźnik gęstości zaludnienia,2019,gmina,Nowy Targ (wieś),powiat nowotarski,116
7,Wskaźnik gęstości zaludnienia,2019,gmina,Ochotnica Dolna,powiat nowotarski,60
7,Wskaźnik gęstości zaludnienia,2019,gmina,Raba Wyżna,powiat nowotarski,166
7,Wskaźnik gęstości zaludnienia,2019,gmina,Rabka-Zdrój,powiat nowotarski,247
7,Wskaźnik gęstości zaludnienia,2019,gmina,Spytkowice,powiat nowotarski,143
7,Wskaźnik gęstości zaludnienia,2019,gmina,Szaflary,powiat nowotarski,205
7,Wskaźnik gęstości zaludnienia,2019,gmina,Szczawnica,powiat nowotarski,82
7,Wskaźnik gęstości zaludnienia,2019,powiat,powiat olkuski,powiat olkuski,180.00
7,Wskaźnik gęstości zaludnienia,2019,gmina,Bolesław,powiat olkuski,190
7,Wskaźnik gęstości zaludnienia,2019,gmina,Bukowno,powiat olkuski,156
7,Wskaźnik gęstości zaludnienia,2019,gmina,Klucze,powiat olkuski,125
7,Wskaźnik gęstości zaludnienia,2019,gmina,Olkusz,powiat olkuski,322
7,Wskaźnik gęstości zaludnienia,2019,gmina,Trzyciąż,powiat olkuski,74
7,Wskaźnik gęstości zaludnienia,2019,gmina,Wolbrom,powiat olkuski,155
7,Wskaźnik gęstości zaludnienia,2019,powiat,powiat oświęcimski,powiat oświęcimski,378.00
7,Wskaźnik gęstości zaludnienia,2019,gmina,Brzeszcze,powiat oświęcimski,465
7,Wskaźnik gęstości zaludnienia,2019,gmina,Chełmek,powiat oświęcimski,475
7,Wskaźnik gęstości zaludnienia,2019,gmina,Kęty,powiat oświęcimski,449
7,Wskaźnik gęstości zaludnienia,2019,gmina,Osiek,powiat oświęcimski,202
7,Wskaźnik gęstości zaludnienia,2019,gmina,Oświęcim (miasto),powiat oświęcimski,1267
7,Wskaźnik gęstości zaludnienia,2019,gmina,Oświęcim (wieś),powiat oświęcimski,247
7,Wskaźnik gęstości zaludnienia,2019,gmina,Polanka Wielka,powiat oświęcimski,181
7,Wskaźnik gęstości zaludnienia,2019,gmina,Przeciszów,powiat oświęcimski,191
7,Wskaźnik gęstości zaludnienia,2019,gmina,Zator,powiat oświęcimski,180
7,Wskaźnik gęstości zaludnienia,2019,powiat,powiat proszowicki,powiat proszowicki,104.00
7,Wskaźnik gęstości zaludnienia,2019,gmina,Koniusza,powiat proszowicki,102
7,Wskaźnik gęstości zaludnienia,2019,gmina,Koszyce,powiat proszowicki,83
7,Wskaźnik gęstości zaludnienia,2019,gmina,Nowe Brzesko,powiat proszowicki,105
7,Wskaźnik gęstości zaludnienia,2019,gmina,Pałecznica,powiat proszowicki,75
7,Wskaźnik gęstości zaludnienia,2019,gmina,Proszowice,powiat proszowicki,161
7,Wskaźnik gęstości zaludnienia,2019,gmina,Radziemice,powiat proszowicki,58
7,Wskaźnik gęstości zaludnienia,2019,powiat,powiat suski,powiat suski,123.00
7,Wskaźnik gęstości zaludnienia,2019,gmina,Budzów,powiat suski,122
7,Wskaźnik gęstości zaludnienia,2019,gmina,Bystra-Sidzina,powiat suski,86
7,Wskaźnik gęstości zaludnienia,2019,gmina,Jordanów (miasto),powiat suski,255
7,Wskaźnik gęstości zaludnienia,2019,gmina,Jordanów (wieś),powiat suski,121
7,Wskaźnik gęstości zaludnienia,2019,gmina,Maków Podhalański,powiat suski,148
7,Wskaźnik gęstości zaludnienia,2019,gmina,Stryszawa,powiat suski,105
7,Wskaźnik gęstości zaludnienia,2019,gmina,Sucha Beskidzka,powiat suski,329
7,Wskaźnik gęstości zaludnienia,2019,gmina,Zawoja,powiat suski,71
7,Wskaźnik gęstości zaludnienia,2019,gmina,Zembrzyce,powiat suski,144
7,Wskaźnik gęstości zaludnienia,2019,powiat,powiat tarnowski,powiat tarnowski,143.00
7,Wskaźnik gęstości zaludnienia,2019,gmina,Ciężkowice,powiat tarnowski,108
7,Wskaźnik gęstości zaludnienia,2019,gmina,Gromnik,powiat tarnowski,128
7,Wskaźnik gęstości zaludnienia,2019,gmina,Lisia Góra,powiat tarnowski,148
7,Wskaźnik gęstości zaludnienia,2019,gmina,Pleśna,powiat tarnowski,144
7,Wskaźnik gęstości zaludnienia,2019,gmina,Radłów,powiat tarnowski,112
7,Wskaźnik gęstości zaludnienia,2019,gmina,Ryglice,powiat tarnowski,99
7,Wskaźnik gęstości zaludnienia,2019,gmina,Rzepiennik Strzyżewski,powiat tarnowski,95
7,Wskaźnik gęstości zaludnienia,2019,gmina,Skrzyszów,powiat tarnowski,166
7,Wskaźnik gęstości zaludnienia,2019,gmina,Szerzyny,powiat tarnowski,97
7,Wskaźnik gęstości zaludnienia,2019,gmina,Tarnów (wieś),powiat tarnowski,317
7,Wskaźnik gęstości zaludnienia,2019,gmina,Tuchów,powiat tarnowski,179
7,Wskaźnik gęstości zaludnienia,2019,gmina,Wierzchosławice,powiat tarnowski,144
7,Wskaźnik gęstości zaludnienia,2019,gmina,Wietrzychowice,powiat tarnowski,81
7,Wskaźnik gęstości zaludnienia,2019,gmina,Wojnicz,powiat tarnowski,169
7,Wskaźnik gęstości zaludnienia,2019,gmina,Zakliczyn,powiat tarnowski,102
7,Wskaźnik gęstości zaludnienia,2019,gmina,Żabno,powiat tarnowski,186
7,Wskaźnik gęstości zaludnienia,2019,powiat,powiat tatrzański,powiat tatrzański,144.00
7,Wskaźnik gęstości zaludnienia,2019,gmina,Biały Dunajec,powiat tatrzański,204
7,Wskaźnik gęstości zaludnienia,2019,gmina,Bukowina Tatrzańska,powiat tatrzański,102
7,Wskaźnik gęstości zaludnienia,2019,gmina,Kościelisko,powiat tatrzański,65
7,Wskaźnik gęstości zaludnienia,2019,gmina,Poronin,powiat tatrzański,139
7,Wskaźnik gęstości zaludnienia,2019,gmina,Zakopane,powiat tatrzański,321
7,Wskaźnik gęstości zaludnienia,2019,powiat,powiat wadowicki,powiat wadowicki,248.00
7,Wskaźnik gęstości zaludnienia,2019,gmina,Andrychów,powiat wadowicki,433
7,Wskaźnik gęstości zaludnienia,2019,gmina,Brzeźnica,powiat wadowicki,157
7,Wskaźnik gęstości zaludnienia,2019,gmina,Kalwaria Zebrzydowska,powiat wadowicki,266
7,Wskaźnik gęstości zaludnienia,2019,gmina,Lanckorona,powiat wadowicki,154
7,Wskaźnik gęstości zaludnienia,2019,gmina,Mucharz,powiat wadowicki,110
7,Wskaźnik gęstości zaludnienia,2019,gmina,Spytkowice,powiat wadowicki,202
7,Wskaźnik gęstości zaludnienia,2019,gmina,Stryszów,powiat wadowicki,150
7,Wskaźnik gęstości zaludnienia,2019,gmina,Tomice,powiat wadowicki,197
7,Wskaźnik gęstości zaludnienia,2019,gmina,Wadowice,powiat wadowicki,336
7,Wskaźnik gęstości zaludnienia,2019,gmina,Wieprz,powiat wadowicki,167
7,Wskaźnik gęstości zaludnienia,2019,powiat,powiat wielicki,powiat wielicki,314.00
7,Wskaźnik gęstości zaludnienia,2019,gmina,Biskupice,powiat wielicki,254
7,Wskaźnik gęstości zaludnienia,2019,gmina,Gdów,powiat wielicki,168
7,Wskaźnik gęstości zaludnienia,2019,gmina,Kłaj,powiat wielicki,166
7,Wskaźnik gęstości zaludnienia,2019,gmina,Niepołomice,powiat wielicki,303
7,Wskaźnik gęstości zaludnienia,2019,gmina,Wieliczka,powiat wielicki,607
7,Wskaźnik gęstości zaludnienia,2018,powiat,powiat bocheński,powiat bocheński,164.00
7,Wskaźnik gęstości zaludnienia,2018,gmina,Bochnia (miasto),powiat bocheński,1002
7,Wskaźnik gęstości zaludnienia,2018,gmina,Bochnia (wieś),powiat bocheński,152
7,Wskaźnik gęstości zaludnienia,2018,gmina,Drwinia,powiat bocheński,60
7,Wskaźnik gęstości zaludnienia,2018,gmina,Lipnica Murowana,powiat bocheński,94
7,Wskaźnik gęstości zaludnienia,2018,gmina,Łapanów,powiat bocheński,114
7,Wskaźnik gęstości zaludnienia,2018,gmina,Nowy Wiśnicz,powiat bocheński,171
7,Wskaźnik gęstości zaludnienia,2018,gmina,Rzezawa,powiat bocheński,131
7,Wskaźnik gęstości zaludnienia,2018,gmina,Trzciana,powiat bocheński,127
7,Wskaźnik gęstości zaludnienia,2018,gmina,Żegocina,powiat bocheński,159
7,Wskaźnik gęstości zaludnienia,2018,powiat,powiat brzeski,powiat brzeski,158.00
7,Wskaźnik gęstości zaludnienia,2018,gmina,Borzęcin,powiat brzeski,82
7,Wskaźnik gęstości zaludnienia,2018,gmina,Brzesko,powiat brzeski,354
7,Wskaźnik gęstości zaludnienia,2018,gmina,Czchów,powiat brzeski,148
7,Wskaźnik gęstości zaludnienia,2018,gmina,Dębno,powiat brzeski,180
7,Wskaźnik gęstości zaludnienia,2018,gmina,Gnojnik,powiat brzeski,146
7,Wskaźnik gęstości zaludnienia,2018,gmina,Iwkowa,powiat brzeski,136
7,Wskaźnik gęstości zaludnienia,2018,gmina,Szczurowa,powiat brzeski,71
7,Wskaźnik gęstości zaludnienia,2018,powiat,powiat chrzanowski,powiat chrzanowski,339.00
7,Wskaźnik gęstości zaludnienia,2018,gmina,Alwernia,powiat chrzanowski,170
7,Wskaźnik gęstości zaludnienia,2018,gmina,Babice,powiat chrzanowski,169
7,Wskaźnik gęstości zaludnienia,2018,gmina,Chrzanów,powiat chrzanowski,594
7,Wskaźnik gęstości zaludnienia,2018,gmina,Libiąż,powiat chrzanowski,393
7,Wskaźnik gęstości zaludnienia,2018,gmina,Trzebinia,powiat chrzanowski,323
7,Wskaźnik gęstości zaludnienia,2018,powiat,powiat dąbrowski,powiat dąbrowski,112.00
7,Wskaźnik gęstości zaludnienia,2018,gmina,Bolesław,powiat dąbrowski,75
7,Wskaźnik gęstości zaludnienia,2018,gmina,Dąbrowa Tarnowska,powiat dąbrowski,183
7,Wskaźnik gęstości zaludnienia,2018,gmina,Gręboszów,powiat dąbrowski,69
7,Wskaźnik gęstości zaludnienia,2018,gmina,Mędrzechów,powiat dąbrowski,78
7,Wskaźnik gęstości zaludnienia,2018,gmina,Olesno,powiat dąbrowski,102
7,Wskaźnik gęstości zaludnienia,2018,gmina,Radgoszcz,powiat dąbrowski,84
7,Wskaźnik gęstości zaludnienia,2018,gmina,Szczucin,powiat dąbrowski,110
7,Wskaźnik gęstości zaludnienia,2018,powiat,powiat gorlicki,powiat gorlicki,113.00
7,Wskaźnik gęstości zaludnienia,2018,gmina,Biecz,powiat gorlicki,172
7,Wskaźnik gęstości zaludnienia,2018,gmina,Bobowa,powiat gorlicki,196
7,Wskaźnik gęstości zaludnienia,2018,gmina,Gorlice (miasto),powiat gorlicki,1173
7,Wskaźnik gęstości zaludnienia,2018,gmina,Gorlice (wieś),powiat gorlicki,168
7,Wskaźnik gęstości zaludnienia,2018,gmina,Lipinki,powiat gorlicki,102
7,Wskaźnik gęstości zaludnienia,2018,gmina,Łużna,powiat gorlicki,151
7,Wskaźnik gęstości zaludnienia,2018,gmina,Moszczenica,powiat gorlicki,131
7,Wskaźnik gęstości zaludnienia,2018,gmina,Ropa,powiat gorlicki,112
7,Wskaźnik gęstości zaludnienia,2018,gmina,Sękowa,powiat gorlicki,26
7,Wskaźnik gęstości zaludnienia,2018,gmina,Uście Gorlickie,powiat gorlicki,24
7,Wskaźnik gęstości zaludnienia,2018,powiat,powiat krakowski,powiat krakowski,225.00
7,Wskaźnik gęstości zaludnienia,2018,gmina,Czernichów,powiat krakowski,173
7,Wskaźnik gęstości zaludnienia,2018,gmina,Igołomia-Wawrzeńczyce,powiat krakowski,123
7,Wskaźnik gęstości zaludnienia,2018,gmina,Iwanowice,powiat krakowski,128
7,Wskaźnik gęstości zaludnienia,2018,gmina,Jerzmanowice-Przeginia,powiat krakowski,160
7,Wskaźnik gęstości zaludnienia,2018,gmina,Kocmyrzów-Luborzyca,powiat krakowski,193
7,Wskaźnik gęstości zaludnienia,2018,gmina,Krzeszowice,powiat krakowski,232
7,Wskaźnik gęstości zaludnienia,2018,gmina,Liszki,powiat krakowski,240
7,Wskaźnik gęstości zaludnienia,2018,gmina,Michałowice,powiat krakowski,207
7,Wskaźnik gęstości zaludnienia,2018,gmina,Mogilany,powiat krakowski,322
7,Wskaźnik gęstości zaludnienia,2018,gmina,Skała,powiat krakowski,141
7,Wskaźnik gęstości zaludnienia,2018,gmina,Skawina,powiat krakowski,436
7,Wskaźnik gęstości zaludnienia,2018,gmina,Słomniki,powiat krakowski,121
7,Wskaźnik gęstości zaludnienia,2018,gmina,Sułoszowa,powiat krakowski,109
7,Wskaźnik gęstości zaludnienia,2018,gmina,Świątniki Górne,powiat krakowski,495
7,Wskaźnik gęstości zaludnienia,2018,gmina,Wielka Wieś,powiat krakowski,256
7,Wskaźnik gęstości zaludnienia,2018,gmina,Zabierzów,powiat krakowski,267
7,Wskaźnik gęstości zaludnienia,2018,gmina,Zielonki,powiat krakowski,465
7,Wskaźnik gęstości zaludnienia,2018,powiat,powiat limanowski,powiat limanowski,138.00
7,Wskaźnik gęstości zaludnienia,2018,gmina,Dobra,powiat limanowski,91
7,Wskaźnik gęstości zaludnienia,2018,gmina,Jodłownik,powiat limanowski,120
7,Wskaźnik gęstości zaludnienia,2018,gmina,Kamienica,powiat limanowski,83
7,Wskaźnik gęstości zaludnienia,2018,gmina,Laskowa,powiat limanowski,112
7,Wskaźnik gęstości zaludnienia,2018,gmina,Limanowa (miasto),powiat limanowski,811
7,Wskaźnik gęstości zaludnienia,2018,gmina,Limanowa (wieś),powiat limanowski,167
7,Wskaźnik gęstości zaludnienia,2018,gmina,Łukowica,powiat limanowski,144
7,Wskaźnik gęstości zaludnienia,2018,gmina,Mszana Dolna (miasto),powiat limanowski,293
7,Wskaźnik gęstości zaludnienia,2018,gmina,Mszana Dolna (wieś),powiat limanowski,104
7,Wskaźnik gęstości zaludnienia,2018,gmina,Niedźwiedź,powiat limanowski,99
7,Wskaźnik gęstości zaludnienia,2018,gmina,Słopnice,powiat limanowski,118
7,Wskaźnik gęstości zaludnienia,2018,gmina,Tymbark,powiat limanowski,200
7,Wskaźnik gęstości zaludnienia,2018,powiat,powiat m. Kraków,powiat m. Kraków,2359.00
7,Wskaźnik gęstości zaludnienia,2018,powiat,powiat m. Nowy Sącz,powiat m. Nowy Sącz,1457.00
7,Wskaźnik gęstości zaludnienia,2018,powiat,powiat m. Tarnów,powiat m. Tarnów,1507.00
7,Wskaźnik gęstości zaludnienia,2018,powiat,powiat miechowski,powiat miechowski,73.00
7,Wskaźnik gęstości zaludnienia,2018,gmina,Charsznica,powiat miechowski,95
7,Wskaźnik gęstości zaludnienia,2018,gmina,Gołcza,powiat miechowski,68
7,Wskaźnik gęstości zaludnienia,2018,gmina,Kozłów,powiat miechowski,54
7,Wskaźnik gęstości zaludnienia,2018,gmina,Książ Wielki,powiat miechowski,37
7,Wskaźnik gęstości zaludnienia,2018,gmina,Miechów,powiat miechowski,133
7,Wskaźnik gęstości zaludnienia,2018,gmina,Racławice,powiat miechowski,43
7,Wskaźnik gęstości zaludnienia,2018,gmina,Słaboszów,powiat miechowski,46
7,Wskaźnik gęstości zaludnienia,2018,powiat,powiat myślenicki,powiat myślenicki,189.00
7,Wskaźnik gęstości zaludnienia,2018,gmina,Dobczyce,powiat myślenicki,230
7,Wskaźnik gęstości zaludnienia,2018,gmina,Lubień,powiat myślenicki,134
7,Wskaźnik gęstości zaludnienia,2018,gmina,Myślenice,powiat myślenicki,288
7,Wskaźnik gęstości zaludnienia,2018,gmina,Pcim,powiat myślenicki,125
7,Wskaźnik gęstości zaludnienia,2018,gmina,Raciechowice,powiat myślenicki,105
7,Wskaźnik gęstości zaludnienia,2018,gmina,Siepraw,powiat myślenicki,281
7,Wskaźnik gęstości zaludnienia,2018,gmina,Sułkowice,powiat myślenicki,247
7,Wskaźnik gęstości zaludnienia,2018,gmina,Tokarnia,powiat myślenicki,128
7,Wskaźnik gęstości zaludnienia,2018,gmina,Wiśniowa,powiat myślenicki,110
7,Wskaźnik gęstości zaludnienia,2018,powiat,powiat nowosądecki,powiat nowosądecki,139.00
7,Wskaźnik gęstości zaludnienia,2018,gmina,Podegrodzie,powiat nowosądecki,203
7,Wskaźnik gęstości zaludnienia,2018,gmina,Rytro,powiat nowosądecki,91
7,Wskaźnik gęstości zaludnienia,2018,gmina,Stary Sącz,powiat nowosądecki,235
7,Wskaźnik gęstości zaludnienia,2018,gmina,Chełmiec,powiat nowosądecki,255
7,Wskaźnik gęstości zaludnienia,2018,gmina,Gródek nad Dunajcem,powiat nowosądecki,105
7,Wskaźnik gęstości zaludnienia,2018,gmina,Grybów (miasto),powiat nowosądecki,356
7,Wskaźnik gęstości zaludnienia,2018,gmina,Grybów (wieś),powiat nowosądecki,166
7,Wskaźnik gęstości zaludnienia,2018,gmina,Kamionka Wielka,powiat nowosądecki,159
7,Wskaźnik gęstości zaludnienia,2018,gmina,Korzenna,powiat nowosądecki,136
7,Wskaźnik gęstości zaludnienia,2018,gmina,Krynica-Zdrój,powiat nowosądecki,116
7,Wskaźnik gęstości zaludnienia,2018,gmina,Łabowa,powiat nowosądecki,51
7,Wskaźnik gęstości zaludnienia,2018,gmina,Łącko,powiat nowosądecki,124
7,Wskaźnik gęstości zaludnienia,2018,gmina,Łososina Dolna,powiat nowosądecki,130
7,Wskaźnik gęstości zaludnienia,2018,gmina,Muszyna,powiat nowosądecki,82
7,Wskaźnik gęstości zaludnienia,2018,gmina,Nawojowa,powiat nowosądecki,173
7,Wskaźnik gęstości zaludnienia,2018,gmina,Piwniczna-Zdrój,powiat nowosądecki,84
7,Wskaźnik gęstości zaludnienia,2018,powiat,powiat nowotarski,powiat nowotarski,130.00
7,Wskaźnik gęstości zaludnienia,2018,gmina,Czarny Dunajec,powiat nowotarski,104
7,Wskaźnik gęstości zaludnienia,2018,gmina,Czorsztyn,powiat nowotarski,123
7,Wskaźnik gęstości zaludnienia,2018,gmina,Jabłonka,powiat nowotarski,87
7,Wskaźnik gęstości zaludnienia,2018,gmina,Krościenko nad Dunajcem,powiat nowotarski,119
7,Wskaźnik gęstości zaludnienia,2018,gmina,Lipnica Wielka,powiat nowotarski,89
7,Wskaźnik gęstości zaludnienia,2018,gmina,Łapsze Niżne,powiat nowotarski,74
7,Wskaźnik gęstości zaludnienia,2018,gmina,Nowy Targ (miasto),powiat nowotarski,653
7,Wskaźnik gęstości zaludnienia,2018,gmina,Nowy Targ (wieś),powiat nowotarski,116
7,Wskaźnik gęstości zaludnienia,2018,gmina,Ochotnica Dolna,powiat nowotarski,61
7,Wskaźnik gęstości zaludnienia,2018,gmina,Raba Wyżna,powiat nowotarski,165
7,Wskaźnik gęstości zaludnienia,2018,gmina,Rabka-Zdrój,powiat nowotarski,247
7,Wskaźnik gęstości zaludnienia,2018,gmina,Spytkowice,powiat nowotarski,141
7,Wskaźnik gęstości zaludnienia,2018,gmina,Szaflary,powiat nowotarski,204
7,Wskaźnik gęstości zaludnienia,2018,gmina,Szczawnica,powiat nowotarski,83
7,Wskaźnik gęstości zaludnienia,2018,powiat,powiat olkuski,powiat olkuski,181.00
7,Wskaźnik gęstości zaludnienia,2018,gmina,Bolesław,powiat olkuski,191
7,Wskaźnik gęstości zaludnienia,2018,gmina,Bukowno,powiat olkuski,158
7,Wskaźnik gęstości zaludnienia,2018,gmina,Klucze,powiat olkuski,126
7,Wskaźnik gęstości zaludnienia,2018,gmina,Olkusz,powiat olkuski,325
7,Wskaźnik gęstości zaludnienia,2018,gmina,Trzyciąż,powiat olkuski,74
7,Wskaźnik gęstości zaludnienia,2018,gmina,Wolbrom,powiat olkuski,156
7,Wskaźnik gęstości zaludnienia,2018,powiat,powiat oświęcimski,powiat oświęcimski,379.00
7,Wskaźnik gęstości zaludnienia,2018,gmina,Brzeszcze,powiat oświęcimski,466
7,Wskaźnik gęstości zaludnienia,2018,gmina,Chełmek,powiat oświęcimski,476
7,Wskaźnik gęstości zaludnienia,2018,gmina,Kęty,powiat oświęcimski,449
7,Wskaźnik gęstości zaludnienia,2018,gmina,Osiek,powiat oświęcimski,201
7,Wskaźnik gęstości zaludnienia,2018,gmina,Oświęcim (miasto),powiat oświęcimski,1277
7,Wskaźnik gęstości zaludnienia,2018,gmina,Oświęcim (wieś),powiat oświęcimski,246
7,Wskaźnik gęstości zaludnienia,2018,gmina,Polanka Wielka,powiat oświęcimski,180
7,Wskaźnik gęstości zaludnienia,2018,gmina,Przeciszów,powiat oświęcimski,190
7,Wskaźnik gęstości zaludnienia,2018,gmina,Zator,powiat oświęcimski,180
7,Wskaźnik gęstości zaludnienia,2018,powiat,powiat proszowicki,powiat proszowicki,105.00
7,Wskaźnik gęstości zaludnienia,2018,gmina,Koniusza,powiat proszowicki,102
7,Wskaźnik gęstości zaludnienia,2018,gmina,Koszyce,powiat proszowicki,83
7,Wskaźnik gęstości zaludnienia,2018,gmina,Nowe Brzesko,powiat proszowicki,106
7,Wskaźnik gęstości zaludnienia,2018,gmina,Pałecznica,powiat proszowicki,75
7,Wskaźnik gęstości zaludnienia,2018,gmina,Proszowice,powiat proszowicki,162
7,Wskaźnik gęstości zaludnienia,2018,gmina,Radziemice,powiat proszowicki,59
7,Wskaźnik gęstości zaludnienia,2018,powiat,powiat suski,powiat suski,123.00
7,Wskaźnik gęstości zaludnienia,2018,gmina,Budzów,powiat suski,122
7,Wskaźnik gęstości zaludnienia,2018,gmina,Bystra-Sidzina,powiat suski,85
7,Wskaźnik gęstości zaludnienia,2018,gmina,Jordanów (miasto),powiat suski,255
7,Wskaźnik gęstości zaludnienia,2018,gmina,Jordanów (wieś),powiat suski,121
7,Wskaźnik gęstości zaludnienia,2018,gmina,Maków Podhalański,powiat suski,148
7,Wskaźnik gęstości zaludnienia,2018,gmina,Stryszawa,powiat suski,104
7,Wskaźnik gęstości zaludnienia,2018,gmina,Sucha Beskidzka,powiat suski,331
7,Wskaźnik gęstości zaludnienia,2018,gmina,Zawoja,powiat suski,71
7,Wskaźnik gęstości zaludnienia,2018,gmina,Zembrzyce,powiat suski,143
7,Wskaźnik gęstości zaludnienia,2018,powiat,powiat tarnowski,powiat tarnowski,143.00
7,Wskaźnik gęstości zaludnienia,2018,gmina,Ciężkowice,powiat tarnowski,109
7,Wskaźnik gęstości zaludnienia,2018,gmina,Gromnik,powiat tarnowski,128
7,Wskaźnik gęstości zaludnienia,2018,gmina,Lisia Góra,powiat tarnowski,147
7,Wskaźnik gęstości zaludnienia,2018,gmina,Pleśna,powiat tarnowski,144
7,Wskaźnik gęstości zaludnienia,2018,gmina,Radłów,powiat tarnowski,113
7,Wskaźnik gęstości zaludnienia,2018,gmina,Ryglice,powiat tarnowski,100
7,Wskaźnik gęstości zaludnienia,2018,gmina,Rzepiennik Strzyżewski,powiat tarnowski,95
7,Wskaźnik gęstości zaludnienia,2018,gmina,Skrzyszów,powiat tarnowski,166
7,Wskaźnik gęstości zaludnienia,2018,gmina,Szerzyny,powiat tarnowski,97
7,Wskaźnik gęstości zaludnienia,2018,gmina,Tarnów (wieś),powiat tarnowski,315
7,Wskaźnik gęstości zaludnienia,2018,gmina,Tuchów,powiat tarnowski,181
7,Wskaźnik gęstości zaludnienia,2018,gmina,Wierzchosławice,powiat tarnowski,144
7,Wskaźnik gęstości zaludnienia,2018,gmina,Wietrzychowice,powiat tarnowski,82
7,Wskaźnik gęstości zaludnienia,2018,gmina,Wojnicz,powiat tarnowski,170
7,Wskaźnik gęstości zaludnienia,2018,gmina,Zakliczyn,powiat tarnowski,102
7,Wskaźnik gęstości zaludnienia,2018,gmina,Żabno,powiat tarnowski,186
7,Wskaźnik gęstości zaludnienia,2018,powiat,powiat tatrzański,powiat tatrzański,144.00
7,Wskaźnik gęstości zaludnienia,2018,gmina,Biały Dunajec,powiat tatrzański,204
7,Wskaźnik gęstości zaludnienia,2018,gmina,Bukowina Tatrzańska,powiat tatrzański,101
7,Wskaźnik gęstości zaludnienia,2018,gmina,Kościelisko,powiat tatrzański,64
7,Wskaźnik gęstości zaludnienia,2018,gmina,Poronin,powiat tatrzański,139
7,Wskaźnik gęstości zaludnienia,2018,gmina,Zakopane,powiat tatrzański,323
7,Wskaźnik gęstości zaludnienia,2018,powiat,powiat wadowicki,powiat wadowicki,248.00
7,Wskaźnik gęstości zaludnienia,2018,gmina,Andrychów,powiat wadowicki,435
7,Wskaźnik gęstości zaludnienia,2018,gmina,Brzeźnica,powiat wadowicki,156
7,Wskaźnik gęstości zaludnienia,2018,gmina,Kalwaria Zebrzydowska,powiat wadowicki,266
7,Wskaźnik gęstości zaludnienia,2018,gmina,Lanckorona,powiat wadowicki,154
7,Wskaźnik gęstości zaludnienia,2018,gmina,Mucharz,powiat wadowicki,110
7,Wskaźnik gęstości zaludnienia,2018,gmina,Spytkowice,powiat wadowicki,202
7,Wskaźnik gęstości zaludnienia,2018,gmina,Stryszów,powiat wadowicki,149
7,Wskaźnik gęstości zaludnienia,2018,gmina,Tomice,powiat wadowicki,197
7,Wskaźnik gęstości zaludnienia,2018,gmina,Wadowice,powiat wadowicki,336
7,Wskaźnik gęstości zaludnienia,2018,gmina,Wieprz,powiat wadowicki,166
7,Wskaźnik gęstości zaludnienia,2018,powiat,powiat wielicki,powiat wielicki,309.00
7,Wskaźnik gęstości zaludnienia,2018,gmina,Biskupice,powiat wielicki,251
7,Wskaźnik gęstości zaludnienia,2018,gmina,Gdów,powiat wielicki,167
7,Wskaźnik gęstości zaludnienia,2018,gmina,Kłaj,powiat wielicki,165
7,Wskaźnik gęstości zaludnienia,2018,gmina,Niepołomice,powiat wielicki,296
7,Wskaźnik gęstości zaludnienia,2018,gmina,Wieliczka,powiat wielicki,596
7,Wskaźnik gęstości zaludnienia,2017,powiat,powiat bocheński,powiat bocheński,164.00
7,Wskaźnik gęstości zaludnienia,2017,gmina,Bochnia (miasto),powiat bocheński,1004
7,Wskaźnik gęstości zaludnienia,2017,gmina,Bochnia (wieś),powiat bocheński,151
7,Wskaźnik gęstości zaludnienia,2017,gmina,Drwinia,powiat bocheński,60
7,Wskaźnik gęstości zaludnienia,2017,gmina,Lipnica Murowana,powiat bocheński,94
7,Wskaźnik gęstości zaludnienia,2017,gmina,Łapanów,powiat bocheński,112
7,Wskaźnik gęstości zaludnienia,2017,gmina,Nowy Wiśnicz,powiat bocheński,169
7,Wskaźnik gęstości zaludnienia,2017,gmina,Rzezawa,powiat bocheński,130
7,Wskaźnik gęstości zaludnienia,2017,gmina,Trzciana,powiat bocheński,125
7,Wskaźnik gęstości zaludnienia,2017,gmina,Żegocina,powiat bocheński,158
7,Wskaźnik gęstości zaludnienia,2017,powiat,powiat brzeski,powiat brzeski,158.00
7,Wskaźnik gęstości zaludnienia,2017,gmina,Borzęcin,powiat brzeski,82
7,Wskaźnik gęstości zaludnienia,2017,gmina,Brzesko,powiat brzeski,354
7,Wskaźnik gęstości zaludnienia,2017,gmina,Czchów,powiat brzeski,148
7,Wskaźnik gęstości zaludnienia,2017,gmina,Dębno,powiat brzeski,180
7,Wskaźnik gęstości zaludnienia,2017,gmina,Gnojnik,powiat brzeski,145
7,Wskaźnik gęstości zaludnienia,2017,gmina,Iwkowa,powiat brzeski,136
7,Wskaźnik gęstości zaludnienia,2017,gmina,Szczurowa,powiat brzeski,71
7,Wskaźnik gęstości zaludnienia,2017,powiat,powiat chrzanowski,powiat chrzanowski,340.00
7,Wskaźnik gęstości zaludnienia,2017,gmina,Alwernia,powiat chrzanowski,170
7,Wskaźnik gęstości zaludnienia,2017,gmina,Babice,powiat chrzanowski,169
7,Wskaźnik gęstości zaludnienia,2017,gmina,Chrzanów,powiat chrzanowski,596
7,Wskaźnik gęstości zaludnienia,2017,gmina,Libiąż,powiat chrzanowski,394
7,Wskaźnik gęstości zaludnienia,2017,gmina,Trzebinia,powiat chrzanowski,324
7,Wskaźnik gęstości zaludnienia,2017,powiat,powiat dąbrowski,powiat dąbrowski,112.00
7,Wskaźnik gęstości zaludnienia,2017,gmina,Bolesław,powiat dąbrowski,76
7,Wskaźnik gęstości zaludnienia,2017,gmina,Dąbrowa Tarnowska,powiat dąbrowski,182
7,Wskaźnik gęstości zaludnienia,2017,gmina,Gręboszów,powiat dąbrowski,69
7,Wskaźnik gęstości zaludnienia,2017,gmina,Mędrzechów,powiat dąbrowski,78
7,Wskaźnik gęstości zaludnienia,2017,gmina,Olesno,powiat dąbrowski,103
7,Wskaźnik gęstości zaludnienia,2017,gmina,Radgoszcz,powiat dąbrowski,84
7,Wskaźnik gęstości zaludnienia,2017,gmina,Szczucin,powiat dąbrowski,110
7,Wskaźnik gęstości zaludnienia,2017,powiat,powiat gorlicki,powiat gorlicki,113.00
7,Wskaźnik gęstości zaludnienia,2017,gmina,Biecz,powiat gorlicki,172
7,Wskaźnik gęstości zaludnienia,2017,gmina,Bobowa,powiat gorlicki,196
7,Wskaźnik gęstości zaludnienia,2017,gmina,Gorlice (miasto),powiat gorlicki,1181
7,Wskaźnik gęstości zaludnienia,2017,gmina,Gorlice (wieś),powiat gorlicki,167
7,Wskaźnik gęstości zaludnienia,2017,gmina,Lipinki,powiat gorlicki,102
7,Wskaźnik gęstości zaludnienia,2017,gmina,Łużna,powiat gorlicki,150
7,Wskaźnik gęstości zaludnienia,2017,gmina,Moszczenica,powiat gorlicki,131
7,Wskaźnik gęstości zaludnienia,2017,gmina,Ropa,powiat gorlicki,111
7,Wskaźnik gęstości zaludnienia,2017,gmina,Sękowa,powiat gorlicki,26
7,Wskaźnik gęstości zaludnienia,2017,gmina,Uście Gorlickie,powiat gorlicki,24
7,Wskaźnik gęstości zaludnienia,2017,powiat,powiat krakowski,powiat krakowski,223.00
7,Wskaźnik gęstości zaludnienia,2017,gmina,Czernichów,powiat krakowski,173
7,Wskaźnik gęstości zaludnienia,2017,gmina,Igołomia-Wawrzeńczyce,powiat krakowski,123
7,Wskaźnik gęstości zaludnienia,2017,gmina,Iwanowice,powiat krakowski,128
7,Wskaźnik gęstości zaludnienia,2017,gmina,Jerzmanowice-Przeginia,powiat krakowski,160
7,Wskaźnik gęstości zaludnienia,2017,gmina,Kocmyrzów-Luborzyca,powiat krakowski,189
7,Wskaźnik gęstości zaludnienia,2017,gmina,Krzeszowice,powiat krakowski,232
7,Wskaźnik gęstości zaludnienia,2017,gmina,Liszki,powiat krakowski,237
7,Wskaźnik gęstości zaludnienia,2017,gmina,Michałowice,powiat krakowski,203
7,Wskaźnik gęstości zaludnienia,2017,gmina,Mogilany,powiat krakowski,317
7,Wskaźnik gęstości zaludnienia,2017,gmina,Skała,powiat krakowski,141
7,Wskaźnik gęstości zaludnienia,2017,gmina,Skawina,powiat krakowski,434
7,Wskaźnik gęstości zaludnienia,2017,gmina,Słomniki,powiat krakowski,121
7,Wskaźnik gęstości zaludnienia,2017,gmina,Sułoszowa,powiat krakowski,109
7,Wskaźnik gęstości zaludnienia,2017,gmina,Świątniki Górne,powiat krakowski,489
7,Wskaźnik gęstości zaludnienia,2017,gmina,Wielka Wieś,powiat krakowski,248
7,Wskaźnik gęstości zaludnienia,2017,gmina,Zabierzów,powiat krakowski,264
7,Wskaźnik gęstości zaludnienia,2017,gmina,Zielonki,powiat krakowski,457
7,Wskaźnik gęstości zaludnienia,2017,powiat,powiat limanowski,powiat limanowski,138.00
7,Wskaźnik gęstości zaludnienia,2017,gmina,Dobra,powiat limanowski,91
7,Wskaźnik gęstości zaludnienia,2017,gmina,Jodłownik,powiat limanowski,119
7,Wskaźnik gęstości zaludnienia,2017,gmina,Kamienica,powiat limanowski,82
7,Wskaźnik gęstości zaludnienia,2017,gmina,Laskowa,powiat limanowski,112
7,Wskaźnik gęstości zaludnienia,2017,gmina,Limanowa (miasto),powiat limanowski,808
7,Wskaźnik gęstości zaludnienia,2017,gmina,Limanowa (wieś),powiat limanowski,166
7,Wskaźnik gęstości zaludnienia,2017,gmina,Łukowica,powiat limanowski,144
7,Wskaźnik gęstości zaludnienia,2017,gmina,Mszana Dolna (miasto),powiat limanowski,295
7,Wskaźnik gęstości zaludnienia,2017,gmina,Mszana Dolna (wieś),powiat limanowski,103
7,Wskaźnik gęstości zaludnienia,2017,gmina,Niedźwiedź,powiat limanowski,99
7,Wskaźnik gęstości zaludnienia,2017,gmina,Słopnice,powiat limanowski,118
7,Wskaźnik gęstości zaludnienia,2017,gmina,Tymbark,powiat limanowski,201
7,Wskaźnik gęstości zaludnienia,2017,powiat,powiat m. Kraków,powiat m. Kraków,2348.00
7,Wskaźnik gęstości zaludnienia,2017,powiat,powiat m. Nowy Sącz,powiat m. Nowy Sącz,1460.00
7,Wskaźnik gęstości zaludnienia,2017,powiat,powiat m. Tarnów,powiat m. Tarnów,1515.00
7,Wskaźnik gęstości zaludnienia,2017,powiat,powiat miechowski,powiat miechowski,73.00
7,Wskaźnik gęstości zaludnienia,2017,gmina,Charsznica,powiat miechowski,95
7,Wskaźnik gęstości zaludnienia,2017,gmina,Gołcza,powiat miechowski,68
7,Wskaźnik gęstości zaludnienia,2017,gmina,Kozłów,powiat miechowski,54
7,Wskaźnik gęstości zaludnienia,2017,gmina,Książ Wielki,powiat miechowski,37
7,Wskaźnik gęstości zaludnienia,2017,gmina,Miechów,powiat miechowski,133
7,Wskaźnik gęstości zaludnienia,2017,gmina,Racławice,powiat miechowski,42
7,Wskaźnik gęstości zaludnienia,2017,gmina,Słaboszów,powiat miechowski,47
7,Wskaźnik gęstości zaludnienia,2017,powiat,powiat myślenicki,powiat myślenicki,188.00
7,Wskaźnik gęstości zaludnienia,2017,gmina,Dobczyce,powiat myślenicki,229
7,Wskaźnik gęstości zaludnienia,2017,gmina,Lubień,powiat myślenicki,134
7,Wskaźnik gęstości zaludnienia,2017,gmina,Myślenice,powiat myślenicki,287
7,Wskaźnik gęstości zaludnienia,2017,gmina,Pcim,powiat myślenicki,124
7,Wskaźnik gęstości zaludnienia,2017,gmina,Raciechowice,powiat myślenicki,103
7,Wskaźnik gęstości zaludnienia,2017,gmina,Siepraw,powiat myślenicki,278
7,Wskaźnik gęstości zaludnienia,2017,gmina,Sułkowice,powiat myślenicki,246
7,Wskaźnik gęstości zaludnienia,2017,gmina,Tokarnia,powiat myślenicki,127
7,Wskaźnik gęstości zaludnienia,2017,gmina,Wiśniowa,powiat myślenicki,109
7,Wskaźnik gęstości zaludnienia,2017,powiat,powiat nowosądecki,powiat nowosądecki,139.00
7,Wskaźnik gęstości zaludnienia,2017,gmina,Podegrodzie,powiat nowosądecki,202
7,Wskaźnik gęstości zaludnienia,2017,gmina,Rytro,powiat nowosądecki,91
7,Wskaźnik gęstości zaludnienia,2017,gmina,Stary Sącz,powiat nowosądecki,234
7,Wskaźnik gęstości zaludnienia,2017,gmina,Chełmiec,powiat nowosądecki,252
7,Wskaźnik gęstości zaludnienia,2017,gmina,Gródek nad Dunajcem,powiat nowosądecki,105
7,Wskaźnik gęstości zaludnienia,2017,gmina,Grybów (miasto),powiat nowosądecki,359
7,Wskaźnik gęstości zaludnienia,2017,gmina,Grybów (wieś),powiat nowosądecki,164
7,Wskaźnik gęstości zaludnienia,2017,gmina,Kamionka Wielka,powiat nowosądecki,159
7,Wskaźnik gęstości zaludnienia,2017,gmina,Korzenna,powiat nowosądecki,135
7,Wskaźnik gęstości zaludnienia,2017,gmina,Krynica-Zdrój,powiat nowosądecki,116
7,Wskaźnik gęstości zaludnienia,2017,gmina,Łabowa,powiat nowosądecki,50
7,Wskaźnik gęstości zaludnienia,2017,gmina,Łącko,powiat nowosądecki,124
7,Wskaźnik gęstości zaludnienia,2017,gmina,Łososina Dolna,powiat nowosądecki,129
7,Wskaźnik gęstości zaludnienia,2017,gmina,Muszyna,powiat nowosądecki,82
7,Wskaźnik gęstości zaludnienia,2017,gmina,Nawojowa,powiat nowosądecki,171
7,Wskaźnik gęstości zaludnienia,2017,gmina,Piwniczna-Zdrój,powiat nowosądecki,84
7,Wskaźnik gęstości zaludnienia,2017,powiat,powiat nowotarski,powiat nowotarski,130.00
7,Wskaźnik gęstości zaludnienia,2017,gmina,Czarny Dunajec,powiat nowotarski,103
7,Wskaźnik gęstości zaludnienia,2017,gmina,Czorsztyn,powiat nowotarski,123
7,Wskaźnik gęstości zaludnienia,2017,gmina,Jabłonka,powiat nowotarski,87
7,Wskaźnik gęstości zaludnienia,2017,gmina,Krościenko nad Dunajcem,powiat nowotarski,119
7,Wskaźnik gęstości zaludnienia,2017,gmina,Lipnica Wielka,powiat nowotarski,89
7,Wskaźnik gęstości zaludnienia,2017,gmina,Łapsze Niżne,powiat nowotarski,74
7,Wskaźnik gęstości zaludnienia,2017,gmina,Nowy Targ (miasto),powiat nowotarski,653
7,Wskaźnik gęstości zaludnienia,2017,gmina,Nowy Targ (wieś),powiat nowotarski,115
7,Wskaźnik gęstości zaludnienia,2017,gmina,Ochotnica Dolna,powiat nowotarski,60
7,Wskaźnik gęstości zaludnienia,2017,gmina,Raba Wyżna,powiat nowotarski,165
7,Wskaźnik gęstości zaludnienia,2017,gmina,Rabka-Zdrój,powiat nowotarski,249
7,Wskaźnik gęstości zaludnienia,2017,gmina,Spytkowice,powiat nowotarski,140
7,Wskaźnik gęstości zaludnienia,2017,gmina,Szaflary,powiat nowotarski,203
7,Wskaźnik gęstości zaludnienia,2017,gmina,Szczawnica,powiat nowotarski,83
7,Wskaźnik gęstości zaludnienia,2017,powiat,powiat olkuski,powiat olkuski,182.00
7,Wskaźnik gęstości zaludnienia,2017,gmina,Bolesław,powiat olkuski,190
7,Wskaźnik gęstości zaludnienia,2017,gmina,Bukowno,powiat olkuski,159
7,Wskaźnik gęstości zaludnienia,2017,gmina,Klucze,powiat olkuski,127
7,Wskaźnik gęstości zaludnienia,2017,gmina,Olkusz,powiat olkuski,327
7,Wskaźnik gęstości zaludnienia,2017,gmina,Trzyciąż,powiat olkuski,74
7,Wskaźnik gęstości zaludnienia,2017,gmina,Wolbrom,powiat olkuski,157
7,Wskaźnik gęstości zaludnienia,2017,powiat,powiat oświęcimski,powiat oświęcimski,380.00
7,Wskaźnik gęstości zaludnienia,2017,gmina,Brzeszcze,powiat oświęcimski,469
7,Wskaźnik gęstości zaludnienia,2017,gmina,Chełmek,powiat oświęcimski,476
7,Wskaźnik gęstości zaludnienia,2017,gmina,Kęty,powiat oświęcimski,451
7,Wskaźnik gęstości zaludnienia,2017,gmina,Osiek,powiat oświęcimski,202
7,Wskaźnik gęstości zaludnienia,2017,gmina,Oświęcim (miasto),powiat oświęcimski,1289
7,Wskaźnik gęstości zaludnienia,2017,gmina,Oświęcim (wieś),powiat oświęcimski,245
7,Wskaźnik gęstości zaludnienia,2017,gmina,Polanka Wielka,powiat oświęcimski,180
7,Wskaźnik gęstości zaludnienia,2017,gmina,Przeciszów,powiat oświęcimski,190
7,Wskaźnik gęstości zaludnienia,2017,gmina,Zator,powiat oświęcimski,180
7,Wskaźnik gęstości zaludnienia,2017,powiat,powiat proszowicki,powiat proszowicki,105.00
7,Wskaźnik gęstości zaludnienia,2017,gmina,Koniusza,powiat proszowicki,102
7,Wskaźnik gęstości zaludnienia,2017,gmina,Koszyce,powiat proszowicki,84
7,Wskaźnik gęstości zaludnienia,2017,gmina,Nowe Brzesko,powiat proszowicki,106
7,Wskaźnik gęstości zaludnienia,2017,gmina,Pałecznica,powiat proszowicki,75
7,Wskaźnik gęstości zaludnienia,2017,gmina,Proszowice,powiat proszowicki,163
7,Wskaźnik gęstości zaludnienia,2017,gmina,Radziemice,powiat proszowicki,59
7,Wskaźnik gęstości zaludnienia,2017,powiat,powiat suski,powiat suski,123.00
7,Wskaźnik gęstości zaludnienia,2017,gmina,Budzów,powiat suski,121
7,Wskaźnik gęstości zaludnienia,2017,gmina,Bystra-Sidzina,powiat suski,85
7,Wskaźnik gęstości zaludnienia,2017,gmina,Jordanów (miasto),powiat suski,255
7,Wskaźnik gęstości zaludnienia,2017,gmina,Jordanów (wieś),powiat suski,120
7,Wskaźnik gęstości zaludnienia,2017,gmina,Maków Podhalański,powiat suski,149
7,Wskaźnik gęstości zaludnienia,2017,gmina,Stryszawa,powiat suski,104
7,Wskaźnik gęstości zaludnienia,2017,gmina,Sucha Beskidzka,powiat suski,336
7,Wskaźnik gęstości zaludnienia,2017,gmina,Zawoja,powiat suski,71
7,Wskaźnik gęstości zaludnienia,2017,gmina,Zembrzyce,powiat suski,142
7,Wskaźnik gęstości zaludnienia,2017,powiat,powiat tarnowski,powiat tarnowski,143.00
7,Wskaźnik gęstości zaludnienia,2017,gmina,Ciężkowice,powiat tarnowski,109
7,Wskaźnik gęstości zaludnienia,2017,gmina,Gromnik,powiat tarnowski,128
7,Wskaźnik gęstości zaludnienia,2017,gmina,Lisia Góra,powiat tarnowski,146
7,Wskaźnik gęstości zaludnienia,2017,gmina,Pleśna,powiat tarnowski,144
7,Wskaźnik gęstości zaludnienia,2017,gmina,Radłów,powiat tarnowski,113
7,Wskaźnik gęstości zaludnienia,2017,gmina,Ryglice,powiat tarnowski,100
7,Wskaźnik gęstości zaludnienia,2017,gmina,Rzepiennik Strzyżewski,powiat tarnowski,95
7,Wskaźnik gęstości zaludnienia,2017,gmina,Skrzyszów,powiat tarnowski,165
7,Wskaźnik gęstości zaludnienia,2017,gmina,Szerzyny,powiat tarnowski,97
7,Wskaźnik gęstości zaludnienia,2017,gmina,Tarnów (wieś),powiat tarnowski,313
7,Wskaźnik gęstości zaludnienia,2017,gmina,Tuchów,powiat tarnowski,181
7,Wskaźnik gęstości zaludnienia,2017,gmina,Wierzchosławice,powiat tarnowski,144
7,Wskaźnik gęstości zaludnienia,2017,gmina,Wietrzychowice,powiat tarnowski,83
7,Wskaźnik gęstości zaludnienia,2017,gmina,Wojnicz,powiat tarnowski,170
7,Wskaźnik gęstości zaludnienia,2017,gmina,Zakliczyn,powiat tarnowski,101
7,Wskaźnik gęstości zaludnienia,2017,gmina,Żabno,powiat tarnowski,187
7,Wskaźnik gęstości zaludnienia,2017,powiat,powiat tatrzański,powiat tatrzański,144.00
7,Wskaźnik gęstości zaludnienia,2017,gmina,Biały Dunajec,powiat tatrzański,203
7,Wskaźnik gęstości zaludnienia,2017,gmina,Bukowina Tatrzańska,powiat tatrzański,101
7,Wskaźnik gęstości zaludnienia,2017,gmina,Kościelisko,powiat tatrzański,64
7,Wskaźnik gęstości zaludnienia,2017,gmina,Poronin,powiat tatrzański,138
7,Wskaźnik gęstości zaludnienia,2017,gmina,Zakopane,powiat tatrzański,324
7,Wskaźnik gęstości zaludnienia,2017,powiat,powiat wadowicki,powiat wadowicki,248.00
7,Wskaźnik gęstości zaludnienia,2017,gmina,Andrychów,powiat wadowicki,437
7,Wskaźnik gęstości zaludnienia,2017,gmina,Brzeźnica,powiat wadowicki,155
7,Wskaźnik gęstości zaludnienia,2017,gmina,Kalwaria Zebrzydowska,powiat wadowicki,266
7,Wskaźnik gęstości zaludnienia,2017,gmina,Lanckorona,powiat wadowicki,154
7,Wskaźnik gęstości zaludnienia,2017,gmina,Mucharz,powiat wadowicki,110
7,Wskaźnik gęstości zaludnienia,2017,gmina,Spytkowice,powiat wadowicki,201
7,Wskaźnik gęstości zaludnienia,2017,gmina,Stryszów,powiat wadowicki,150
7,Wskaźnik gęstości zaludnienia,2017,gmina,Tomice,powiat wadowicki,195
7,Wskaźnik gęstości zaludnienia,2017,gmina,Wadowice,powiat wadowicki,336
7,Wskaźnik gęstości zaludnienia,2017,gmina,Wieprz,powiat wadowicki,165
7,Wskaźnik gęstości zaludnienia,2017,powiat,powiat wielicki,powiat wielicki,305.00
7,Wskaźnik gęstości zaludnienia,2017,gmina,Biskupice,powiat wielicki,248
7,Wskaźnik gęstości zaludnienia,2017,gmina,Gdów,powiat wielicki,166
7,Wskaźnik gęstości zaludnienia,2017,gmina,Kłaj,powiat wielicki,164
7,Wskaźnik gęstości zaludnienia,2017,gmina,Niepołomice,powiat wielicki,290
7,Wskaźnik gęstości zaludnienia,2017,gmina,Wieliczka,powiat wielicki,586
7,Wskaźnik gęstości zaludnienia,2016,powiat,powiat bocheński,powiat bocheński,163.00
7,Wskaźnik gęstości zaludnienia,2016,gmina,Bochnia (miasto),powiat bocheński,1006
7,Wskaźnik gęstości zaludnienia,2016,gmina,Bochnia (wieś),powiat bocheński,150
7,Wskaźnik gęstości zaludnienia,2016,gmina,Drwinia,powiat bocheński,60
7,Wskaźnik gęstości zaludnienia,2016,gmina,Lipnica Murowana,powiat bocheński,93
7,Wskaźnik gęstości zaludnienia,2016,gmina,Łapanów,powiat bocheński,112
7,Wskaźnik gęstości zaludnienia,2016,gmina,Nowy Wiśnicz,powiat bocheński,169
7,Wskaźnik gęstości zaludnienia,2016,gmina,Rzezawa,powiat bocheński,129
7,Wskaźnik gęstości zaludnienia,2016,gmina,Trzciana,powiat bocheński,125
7,Wskaźnik gęstości zaludnienia,2016,gmina,Żegocina,powiat bocheński,156
7,Wskaźnik gęstości zaludnienia,2016,powiat,powiat brzeski,powiat brzeski,157.00
7,Wskaźnik gęstości zaludnienia,2016,gmina,Borzęcin,powiat brzeski,82
7,Wskaźnik gęstości zaludnienia,2016,gmina,Brzesko,powiat brzeski,354
7,Wskaźnik gęstości zaludnienia,2016,gmina,Czchów,powiat brzeski,148
7,Wskaźnik gęstości zaludnienia,2016,gmina,Dębno,powiat brzeski,179
7,Wskaźnik gęstości zaludnienia,2016,gmina,Gnojnik,powiat brzeski,144
7,Wskaźnik gęstości zaludnienia,2016,gmina,Iwkowa,powiat brzeski,134
7,Wskaźnik gęstości zaludnienia,2016,gmina,Szczurowa,powiat brzeski,71
7,Wskaźnik gęstości zaludnienia,2016,powiat,powiat chrzanowski,powiat chrzanowski,339.00
7,Wskaźnik gęstości zaludnienia,2016,gmina,Alwernia,powiat chrzanowski,167
7,Wskaźnik gęstości zaludnienia,2016,gmina,Babice,powiat chrzanowski,169
7,Wskaźnik gęstości zaludnienia,2016,gmina,Chrzanów,powiat chrzanowski,598
7,Wskaźnik gęstości zaludnienia,2016,gmina,Libiąż,powiat chrzanowski,395
7,Wskaźnik gęstości zaludnienia,2016,gmina,Trzebinia,powiat chrzanowski,324
7,Wskaźnik gęstości zaludnienia,2016,powiat,powiat dąbrowski,powiat dąbrowski,112.00
7,Wskaźnik gęstości zaludnienia,2016,gmina,Bolesław,powiat dąbrowski,77
7,Wskaźnik gęstości zaludnienia,2016,gmina,Dąbrowa Tarnowska,powiat dąbrowski,182
7,Wskaźnik gęstości zaludnienia,2016,gmina,Gręboszów,powiat dąbrowski,70
7,Wskaźnik gęstości zaludnienia,2016,gmina,Mędrzechów,powiat dąbrowski,80
7,Wskaźnik gęstości zaludnienia,2016,gmina,Olesno,powiat dąbrowski,102
7,Wskaźnik gęstości zaludnienia,2016,gmina,Radgoszcz,powiat dąbrowski,84
7,Wskaźnik gęstości zaludnienia,2016,gmina,Szczucin,powiat dąbrowski,110
7,Wskaźnik gęstości zaludnienia,2016,powiat,powiat gorlicki,powiat gorlicki,113.00
7,Wskaźnik gęstości zaludnienia,2016,gmina,Biecz,powiat gorlicki,172
7,Wskaźnik gęstości zaludnienia,2016,gmina,Bobowa,powiat gorlicki,196
7,Wskaźnik gęstości zaludnienia,2016,gmina,Gorlice (miasto),powiat gorlicki,1186
7,Wskaźnik gęstości zaludnienia,2016,gmina,Gorlice (wieś),powiat gorlicki,167
7,Wskaźnik gęstości zaludnienia,2016,gmina,Lipinki,powiat gorlicki,102
7,Wskaźnik gęstości zaludnienia,2016,gmina,Łużna,powiat gorlicki,150
7,Wskaźnik gęstości zaludnienia,2016,gmina,Moszczenica,powiat gorlicki,130
7,Wskaźnik gęstości zaludnienia,2016,gmina,Ropa,powiat gorlicki,110
7,Wskaźnik gęstości zaludnienia,2016,gmina,Sękowa,powiat gorlicki,26
7,Wskaźnik gęstości zaludnienia,2016,gmina,Uście Gorlickie,powiat gorlicki,24
7,Wskaźnik gęstości zaludnienia,2016,powiat,powiat krakowski,powiat krakowski,222.00
7,Wskaźnik gęstości zaludnienia,2016,gmina,Czernichów,powiat krakowski,172
7,Wskaźnik gęstości zaludnienia,2016,gmina,Igołomia-Wawrzeńczyce,powiat krakowski,123
7,Wskaźnik gęstości zaludnienia,2016,gmina,Iwanowice,powiat krakowski,127
7,Wskaźnik gęstości zaludnienia,2016,gmina,Jerzmanowice-Przeginia,powiat krakowski,160
7,Wskaźnik gęstości zaludnienia,2016,gmina,Kocmyrzów-Luborzyca,powiat krakowski,187
7,Wskaźnik gęstości zaludnienia,2016,gmina,Krzeszowice,powiat krakowski,232
7,Wskaźnik gęstości zaludnienia,2016,gmina,Liszki,powiat krakowski,236
7,Wskaźnik gęstości zaludnienia,2016,gmina,Michałowice,powiat krakowski,199
7,Wskaźnik gęstości zaludnienia,2016,gmina,Mogilany,powiat krakowski,313
7,Wskaźnik gęstości zaludnienia,2016,gmina,Skała,powiat krakowski,141
7,Wskaźnik gęstości zaludnienia,2016,gmina,Skawina,powiat krakowski,434
7,Wskaźnik gęstości zaludnienia,2016,gmina,Słomniki,powiat krakowski,121
7,Wskaźnik gęstości zaludnienia,2016,gmina,Sułoszowa,powiat krakowski,109
7,Wskaźnik gęstości zaludnienia,2016,gmina,Świątniki Górne,powiat krakowski,483
7,Wskaźnik gęstości zaludnienia,2016,gmina,Wielka Wieś,powiat krakowski,239
7,Wskaźnik gęstości zaludnienia,2016,gmina,Zabierzów,powiat krakowski,260
7,Wskaźnik gęstości zaludnienia,2016,gmina,Zielonki,powiat krakowski,448
7,Wskaźnik gęstości zaludnienia,2016,powiat,powiat limanowski,powiat limanowski,137.00
7,Wskaźnik gęstości zaludnienia,2016,gmina,Dobra,powiat limanowski,90
7,Wskaźnik gęstości zaludnienia,2016,gmina,Jodłownik,powiat limanowski,118
7,Wskaźnik gęstości zaludnienia,2016,gmina,Kamienica,powiat limanowski,82
7,Wskaźnik gęstości zaludnienia,2016,gmina,Laskowa,powiat limanowski,111
7,Wskaźnik gęstości zaludnienia,2016,gmina,Limanowa (miasto),powiat limanowski,810
7,Wskaźnik gęstości zaludnienia,2016,gmina,Limanowa (wieś),powiat limanowski,164
7,Wskaźnik gęstości zaludnienia,2016,gmina,Łukowica,powiat limanowski,142
7,Wskaźnik gęstości zaludnienia,2016,gmina,Mszana Dolna (miasto),powiat limanowski,293
7,Wskaźnik gęstości zaludnienia,2016,gmina,Mszana Dolna (wieś),powiat limanowski,103
7,Wskaźnik gęstości zaludnienia,2016,gmina,Niedźwiedź,powiat limanowski,98
7,Wskaźnik gęstości zaludnienia,2016,gmina,Słopnice,powiat limanowski,116
7,Wskaźnik gęstości zaludnienia,2016,gmina,Tymbark,powiat limanowski,199
7,Wskaźnik gęstości zaludnienia,2016,powiat,powiat m. Kraków,powiat m. Kraków,2342.00
7,Wskaźnik gęstości zaludnienia,2016,powiat,powiat m. Nowy Sącz,powiat m. Nowy Sącz,1459.00
7,Wskaźnik gęstości zaludnienia,2016,powiat,powiat m. Tarnów,powiat m. Tarnów,1521.00
7,Wskaźnik gęstości zaludnienia,2016,powiat,powiat miechowski,powiat miechowski,73.00
7,Wskaźnik gęstości zaludnienia,2016,gmina,Charsznica,powiat miechowski,96
7,Wskaźnik gęstości zaludnienia,2016,gmina,Gołcza,powiat miechowski,69
7,Wskaźnik gęstości zaludnienia,2016,gmina,Kozłów,powiat miechowski,55
7,Wskaźnik gęstości zaludnienia,2016,gmina,Książ Wielki,powiat miechowski,37
7,Wskaźnik gęstości zaludnienia,2016,gmina,Miechów,powiat miechowski,134
7,Wskaźnik gęstości zaludnienia,2016,gmina,Racławice,powiat miechowski,42
7,Wskaźnik gęstości zaludnienia,2016,gmina,Słaboszów,powiat miechowski,47
7,Wskaźnik gęstości zaludnienia,2016,powiat,powiat myślenicki,powiat myślenicki,187.00
7,Wskaźnik gęstości zaludnienia,2016,gmina,Dobczyce,powiat myślenicki,229
7,Wskaźnik gęstości zaludnienia,2016,gmina,Lubień,powiat myślenicki,133
7,Wskaźnik gęstości zaludnienia,2016,gmina,Myślenice,powiat myślenicki,285
7,Wskaźnik gęstości zaludnienia,2016,gmina,Pcim,powiat myślenicki,123
7,Wskaźnik gęstości zaludnienia,2016,gmina,Raciechowice,powiat myślenicki,103
7,Wskaźnik gęstości zaludnienia,2016,gmina,Siepraw,powiat myślenicki,274
7,Wskaźnik gęstości zaludnienia,2016,gmina,Sułkowice,powiat myślenicki,244
7,Wskaźnik gęstości zaludnienia,2016,gmina,Tokarnia,powiat myślenicki,127
7,Wskaźnik gęstości zaludnienia,2016,gmina,Wiśniowa,powiat myślenicki,109
7,Wskaźnik gęstości zaludnienia,2016,powiat,powiat nowosądecki,powiat nowosądecki,138.00
7,Wskaźnik gęstości zaludnienia,2016,gmina,Podegrodzie,powiat nowosądecki,200
7,Wskaźnik gęstości zaludnienia,2016,gmina,Rytro,powiat nowosądecki,91
7,Wskaźnik gęstości zaludnienia,2016,gmina,Stary Sącz,powiat nowosądecki,233
7,Wskaźnik gęstości zaludnienia,2016,gmina,Chełmiec,powiat nowosądecki,250
7,Wskaźnik gęstości zaludnienia,2016,gmina,Gródek nad Dunajcem,powiat nowosądecki,104
7,Wskaźnik gęstości zaludnienia,2016,gmina,Grybów (miasto),powiat nowosądecki,358
7,Wskaźnik gęstości zaludnienia,2016,gmina,Grybów (wieś),powiat nowosądecki,163
7,Wskaźnik gęstości zaludnienia,2016,gmina,Kamionka Wielka,powiat nowosądecki,157
7,Wskaźnik gęstości zaludnienia,2016,gmina,Korzenna,powiat nowosądecki,134
7,Wskaźnik gęstości zaludnienia,2016,gmina,Krynica-Zdrój,powiat nowosądecki,116
7,Wskaźnik gęstości zaludnienia,2016,gmina,Łabowa,powiat nowosądecki,50
7,Wskaźnik gęstości zaludnienia,2016,gmina,Łącko,powiat nowosądecki,123
7,Wskaźnik gęstości zaludnienia,2016,gmina,Łososina Dolna,powiat nowosądecki,128
7,Wskaźnik gęstości zaludnienia,2016,gmina,Muszyna,powiat nowosądecki,82
7,Wskaźnik gęstości zaludnienia,2016,gmina,Nawojowa,powiat nowosądecki,171
7,Wskaźnik gęstości zaludnienia,2016,gmina,Piwniczna-Zdrój,powiat nowosądecki,84
7,Wskaźnik gęstości zaludnienia,2016,powiat,powiat nowotarski,powiat nowotarski,129.00
7,Wskaźnik gęstości zaludnienia,2016,gmina,Czarny Dunajec,powiat nowotarski,103
7,Wskaźnik gęstości zaludnienia,2016,gmina,Czorsztyn,powiat nowotarski,122
7,Wskaźnik gęstości zaludnienia,2016,gmina,Jabłonka,powiat nowotarski,87
7,Wskaźnik gęstości zaludnienia,2016,gmina,Krościenko nad Dunajcem,powiat nowotarski,119
7,Wskaźnik gęstości zaludnienia,2016,gmina,Lipnica Wielka,powiat nowotarski,89
7,Wskaźnik gęstości zaludnienia,2016,gmina,Łapsze Niżne,powiat nowotarski,74
7,Wskaźnik gęstości zaludnienia,2016,gmina,Nowy Targ (miasto),powiat nowotarski,654
7,Wskaźnik gęstości zaludnienia,2016,gmina,Nowy Targ (wieś),powiat nowotarski,115
7,Wskaźnik gęstości zaludnienia,2016,gmina,Ochotnica Dolna,powiat nowotarski,60
7,Wskaźnik gęstości zaludnienia,2016,gmina,Raba Wyżna,powiat nowotarski,164
7,Wskaźnik gęstości zaludnienia,2016,gmina,Rabka-Zdrój,powiat nowotarski,250
7,Wskaźnik gęstości zaludnienia,2016,gmina,Spytkowice,powiat nowotarski,140
7,Wskaźnik gęstości zaludnienia,2016,gmina,Szaflary,powiat nowotarski,202
7,Wskaźnik gęstości zaludnienia,2016,gmina,Szczawnica,powiat nowotarski,83
7,Wskaźnik gęstości zaludnienia,2016,powiat,powiat olkuski,powiat olkuski,183.00
7,Wskaźnik gęstości zaludnienia,2016,gmina,Bolesław,powiat olkuski,190
7,Wskaźnik gęstości zaludnienia,2016,gmina,Bukowno,powiat olkuski,160
7,Wskaźnik gęstości zaludnienia,2016,gmina,Klucze,powiat olkuski,127
7,Wskaźnik gęstości zaludnienia,2016,gmina,Olkusz,powiat olkuski,328
7,Wskaźnik gęstości zaludnienia,2016,gmina,Trzyciąż,powiat olkuski,74
7,Wskaźnik gęstości zaludnienia,2016,gmina,Wolbrom,powiat olkuski,157
7,Wskaźnik gęstości zaludnienia,2016,powiat,powiat oświęcimski,powiat oświęcimski,381.00
7,Wskaźnik gęstości zaludnienia,2016,gmina,Brzeszcze,powiat oświęcimski,471
7,Wskaźnik gęstości zaludnienia,2016,gmina,Chełmek,powiat oświęcimski,478
7,Wskaźnik gęstości zaludnienia,2016,gmina,Kęty,powiat oświęcimski,451
7,Wskaźnik gęstości zaludnienia,2016,gmina,Osiek,powiat oświęcimski,200
7,Wskaźnik gęstości zaludnienia,2016,gmina,Oświęcim (miasto),powiat oświęcimski,1299
7,Wskaźnik gęstości zaludnienia,2016,gmina,Oświęcim (wieś),powiat oświęcimski,243
7,Wskaźnik gęstości zaludnienia,2016,gmina,Polanka Wielka,powiat oświęcimski,180
7,Wskaźnik gęstości zaludnienia,2016,gmina,Przeciszów,powiat oświęcimski,190
7,Wskaźnik gęstości zaludnienia,2016,gmina,Zator,powiat oświęcimski,181
7,Wskaźnik gęstości zaludnienia,2016,powiat,powiat proszowicki,powiat proszowicki,105.00
7,Wskaźnik gęstości zaludnienia,2016,gmina,Koniusza,powiat proszowicki,101
7,Wskaźnik gęstości zaludnienia,2016,gmina,Koszyce,powiat proszowicki,84
7,Wskaźnik gęstości zaludnienia,2016,gmina,Nowe Brzesko,powiat proszowicki,105
7,Wskaźnik gęstości zaludnienia,2016,gmina,Pałecznica,powiat proszowicki,76
7,Wskaźnik gęstości zaludnienia,2016,gmina,Proszowice,powiat proszowicki,163
7,Wskaźnik gęstości zaludnienia,2016,gmina,Radziemice,powiat proszowicki,59
7,Wskaźnik gęstości zaludnienia,2016,powiat,powiat suski,powiat suski,123.00
7,Wskaźnik gęstości zaludnienia,2016,gmina,Budzów,powiat suski,120
7,Wskaźnik gęstości zaludnienia,2016,gmina,Bystra-Sidzina,powiat suski,85
7,Wskaźnik gęstości zaludnienia,2016,gmina,Jordanów (miasto),powiat suski,254
7,Wskaźnik gęstości zaludnienia,2016,gmina,Jordanów (wieś),powiat suski,119
7,Wskaźnik gęstości zaludnienia,2016,gmina,Maków Podhalański,powiat suski,149
7,Wskaźnik gęstości zaludnienia,2016,gmina,Stryszawa,powiat suski,104
7,Wskaźnik gęstości zaludnienia,2016,gmina,Sucha Beskidzka,powiat suski,339
7,Wskaźnik gęstości zaludnienia,2016,gmina,Zawoja,powiat suski,71
7,Wskaźnik gęstości zaludnienia,2016,gmina,Zembrzyce,powiat suski,143
7,Wskaźnik gęstości zaludnienia,2016,powiat,powiat tarnowski,powiat tarnowski,142.00
7,Wskaźnik gęstości zaludnienia,2016,gmina,Ciężkowice,powiat tarnowski,108
7,Wskaźnik gęstości zaludnienia,2016,gmina,Gromnik,powiat tarnowski,127
7,Wskaźnik gęstości zaludnienia,2016,gmina,Lisia Góra,powiat tarnowski,145
7,Wskaźnik gęstości zaludnienia,2016,gmina,Pleśna,powiat tarnowski,144
7,Wskaźnik gęstości zaludnienia,2016,gmina,Radłów,powiat tarnowski,113
7,Wskaźnik gęstości zaludnienia,2016,gmina,Ryglice,powiat tarnowski,100
7,Wskaźnik gęstości zaludnienia,2016,gmina,Rzepiennik Strzyżewski,powiat tarnowski,96
7,Wskaźnik gęstości zaludnienia,2016,gmina,Skrzyszów,powiat tarnowski,164
7,Wskaźnik gęstości zaludnienia,2016,gmina,Szerzyny,powiat tarnowski,97
7,Wskaźnik gęstości zaludnienia,2016,gmina,Tarnów (wieś),powiat tarnowski,311
7,Wskaźnik gęstości zaludnienia,2016,gmina,Tuchów,powiat tarnowski,181
7,Wskaźnik gęstości zaludnienia,2016,gmina,Wierzchosławice,powiat tarnowski,143
7,Wskaźnik gęstości zaludnienia,2016,gmina,Wietrzychowice,powiat tarnowski,83
7,Wskaźnik gęstości zaludnienia,2016,gmina,Wojnicz,powiat tarnowski,169
7,Wskaźnik gęstości zaludnienia,2016,gmina,Zakliczyn,powiat tarnowski,102
7,Wskaźnik gęstości zaludnienia,2016,gmina,Żabno,powiat tarnowski,187
7,Wskaźnik gęstości zaludnienia,2016,powiat,powiat tatrzański,powiat tatrzański,144.00
7,Wskaźnik gęstości zaludnienia,2016,gmina,Biały Dunajec,powiat tatrzański,202
7,Wskaźnik gęstości zaludnienia,2016,gmina,Bukowina Tatrzańska,powiat tatrzański,101
7,Wskaźnik gęstości zaludnienia,2016,gmina,Kościelisko,powiat tatrzański,64
7,Wskaźnik gęstości zaludnienia,2016,gmina,Poronin,powiat tatrzański,138
7,Wskaźnik gęstości zaludnienia,2016,gmina,Zakopane,powiat tatrzański,324
7,Wskaźnik gęstości zaludnienia,2016,powiat,powiat wadowicki,powiat wadowicki,248.00
7,Wskaźnik gęstości zaludnienia,2016,gmina,Andrychów,powiat wadowicki,437
7,Wskaźnik gęstości zaludnienia,2016,gmina,Brzeźnica,powiat wadowicki,153
7,Wskaźnik gęstości zaludnienia,2016,gmina,Kalwaria Zebrzydowska,powiat wadowicki,266
7,Wskaźnik gęstości zaludnienia,2016,gmina,Lanckorona,powiat wadowicki,153
7,Wskaźnik gęstości zaludnienia,2016,gmina,Mucharz,powiat wadowicki,109
7,Wskaźnik gęstości zaludnienia,2016,gmina,Spytkowice,powiat wadowicki,205
7,Wskaźnik gęstości zaludnienia,2016,gmina,Stryszów,powiat wadowicki,149
7,Wskaźnik gęstości zaludnienia,2016,gmina,Tomice,powiat wadowicki,193
7,Wskaźnik gęstości zaludnienia,2016,gmina,Wadowice,powiat wadowicki,337
7,Wskaźnik gęstości zaludnienia,2016,gmina,Wieprz,powiat wadowicki,164
7,Wskaźnik gęstości zaludnienia,2016,powiat,powiat wielicki,powiat wielicki,300.00
7,Wskaźnik gęstości zaludnienia,2016,gmina,Biskupice,powiat wielicki,243
7,Wskaźnik gęstości zaludnienia,2016,gmina,Gdów,powiat wielicki,164
7,Wskaźnik gęstości zaludnienia,2016,gmina,Kłaj,powiat wielicki,164
7,Wskaźnik gęstości zaludnienia,2016,gmina,Niepołomice,powiat wielicki,283
7,Wskaźnik gęstości zaludnienia,2016,gmina,Wieliczka,powiat wielicki,577
7,Wskaźnik gęstości zaludnienia,2015,powiat,powiat bocheński,powiat bocheński,163.00
7,Wskaźnik gęstości zaludnienia,2015,gmina,Bochnia (miasto),powiat bocheński,1008
7,Wskaźnik gęstości zaludnienia,2015,gmina,Bochnia (wieś),powiat bocheński,149
7,Wskaźnik gęstości zaludnienia,2015,gmina,Drwinia,powiat bocheński,60
7,Wskaźnik gęstości zaludnienia,2015,gmina,Lipnica Murowana,powiat bocheński,93
7,Wskaźnik gęstości zaludnienia,2015,gmina,Łapanów,powiat bocheński,111
7,Wskaźnik gęstości zaludnienia,2015,gmina,Nowy Wiśnicz,powiat bocheński,167
7,Wskaźnik gęstości zaludnienia,2015,gmina,Rzezawa,powiat bocheński,129
7,Wskaźnik gęstości zaludnienia,2015,gmina,Trzciana,powiat bocheński,123
7,Wskaźnik gęstości zaludnienia,2015,gmina,Żegocina,powiat bocheński,155
7,Wskaźnik gęstości zaludnienia,2015,powiat,powiat brzeski,powiat brzeski,157.00
7,Wskaźnik gęstości zaludnienia,2015,gmina,Borzęcin,powiat brzeski,82
7,Wskaźnik gęstości zaludnienia,2015,gmina,Brzesko,powiat brzeski,354
7,Wskaźnik gęstości zaludnienia,2015,gmina,Czchów,powiat brzeski,148
7,Wskaźnik gęstości zaludnienia,2015,gmina,Dębno,powiat brzeski,179
7,Wskaźnik gęstości zaludnienia,2015,gmina,Gnojnik,powiat brzeski,143
7,Wskaźnik gęstości zaludnienia,2015,gmina,Iwkowa,powiat brzeski,134
7,Wskaźnik gęstości zaludnienia,2015,gmina,Szczurowa,powiat brzeski,72
7,Wskaźnik gęstości zaludnienia,2015,powiat,powiat chrzanowski,powiat chrzanowski,340.00
7,Wskaźnik gęstości zaludnienia,2015,gmina,Alwernia,powiat chrzanowski,168
7,Wskaźnik gęstości zaludnienia,2015,gmina,Babice,powiat chrzanowski,168
7,Wskaźnik gęstości zaludnienia,2015,gmina,Chrzanów,powiat chrzanowski,602
7,Wskaźnik gęstości zaludnienia,2015,gmina,Libiąż,powiat chrzanowski,397
7,Wskaźnik gęstości zaludnienia,2015,gmina,Trzebinia,powiat chrzanowski,325
7,Wskaźnik gęstości zaludnienia,2015,powiat,powiat dąbrowski,powiat dąbrowski,112.00
7,Wskaźnik gęstości zaludnienia,2015,gmina,Bolesław,powiat dąbrowski,192
7,Wskaźnik gęstości zaludnienia,2015,gmina,Dąbrowa Tarnowska,powiat dąbrowski,182
7,Wskaźnik gęstości zaludnienia,2015,gmina,Gręboszów,powiat dąbrowski,70
7,Wskaźnik gęstości zaludnienia,2015,gmina,Mędrzechów,powiat dąbrowski,80
7,Wskaźnik gęstości zaludnienia,2015,gmina,Olesno,powiat dąbrowski,102
7,Wskaźnik gęstości zaludnienia,2015,gmina,Radgoszcz,powiat dąbrowski,84
7,Wskaźnik gęstości zaludnienia,2015,gmina,Szczucin,powiat dąbrowski,111
7,Wskaźnik gęstości zaludnienia,2015,powiat,powiat gorlicki,powiat gorlicki,113.00
7,Wskaźnik gęstości zaludnienia,2015,gmina,Biecz,powiat gorlicki,173
7,Wskaźnik gęstości zaludnienia,2015,gmina,Bobowa,powiat gorlicki,195
7,Wskaźnik gęstości zaludnienia,2015,gmina,Gorlice (miasto),powiat gorlicki,1192
7,Wskaźnik gęstości zaludnienia,2015,gmina,Gorlice (wieś),powiat gorlicki,167
7,Wskaźnik gęstości zaludnienia,2015,gmina,Lipinki,powiat gorlicki,102
7,Wskaźnik gęstości zaludnienia,2015,gmina,Łużna,powiat gorlicki,149
7,Wskaźnik gęstości zaludnienia,2015,gmina,Moszczenica,powiat gorlicki,130
7,Wskaźnik gęstości zaludnienia,2015,gmina,Ropa,powiat gorlicki,109
7,Wskaźnik gęstości zaludnienia,2015,gmina,Sękowa,powiat gorlicki,26
7,Wskaźnik gęstości zaludnienia,2015,gmina,Uście Gorlickie,powiat gorlicki,24
7,Wskaźnik gęstości zaludnienia,2015,powiat,powiat krakowski,powiat krakowski,220.00
7,Wskaźnik gęstości zaludnienia,2015,gmina,Czernichów,powiat krakowski,170
7,Wskaźnik gęstości zaludnienia,2015,gmina,Igołomia-Wawrzeńczyce,powiat krakowski,123
7,Wskaźnik gęstości zaludnienia,2015,gmina,Iwanowice,powiat krakowski,126
7,Wskaźnik gęstości zaludnienia,2015,gmina,Jerzmanowice-Przeginia,powiat krakowski,159
7,Wskaźnik gęstości zaludnienia,2015,gmina,Kocmyrzów-Luborzyca,powiat krakowski,185
7,Wskaźnik gęstości zaludnienia,2015,gmina,Krzeszowice,powiat krakowski,233
7,Wskaźnik gęstości zaludnienia,2015,gmina,Liszki,powiat krakowski,233
7,Wskaźnik gęstości zaludnienia,2015,gmina,Michałowice,powiat krakowski,195
7,Wskaźnik gęstości zaludnienia,2015,gmina,Mogilany,powiat krakowski,310
7,Wskaźnik gęstości zaludnienia,2015,gmina,Skała,powiat krakowski,140
7,Wskaźnik gęstości zaludnienia,2015,gmina,Skawina,powiat krakowski,433
7,Wskaźnik gęstości zaludnienia,2015,gmina,Słomniki,powiat krakowski,121
7,Wskaźnik gęstości zaludnienia,2015,gmina,Sułoszowa,powiat krakowski,109
7,Wskaźnik gęstości zaludnienia,2015,gmina,Świątniki Górne,powiat krakowski,480
7,Wskaźnik gęstości zaludnienia,2015,gmina,Wielka Wieś,powiat krakowski,233
7,Wskaźnik gęstości zaludnienia,2015,gmina,Zabierzów,powiat krakowski,257
7,Wskaźnik gęstości zaludnienia,2015,gmina,Zielonki,powiat krakowski,438
7,Wskaźnik gęstości zaludnienia,2015,powiat,powiat limanowski,powiat limanowski,136.00
7,Wskaźnik gęstości zaludnienia,2015,gmina,Dobra,powiat limanowski,90
7,Wskaźnik gęstości zaludnienia,2015,gmina,Jodłownik,powiat limanowski,118
7,Wskaźnik gęstości zaludnienia,2015,gmina,Kamienica,powiat limanowski,82
7,Wskaźnik gęstości zaludnienia,2015,gmina,Laskowa,powiat limanowski,111
7,Wskaźnik gęstości zaludnienia,2015,gmina,Limanowa (miasto),powiat limanowski,809
7,Wskaźnik gęstości zaludnienia,2015,gmina,Limanowa (wieś),powiat limanowski,163
7,Wskaźnik gęstości zaludnienia,2015,gmina,Łukowica,powiat limanowski,142
7,Wskaźnik gęstości zaludnienia,2015,gmina,Mszana Dolna (miasto),powiat limanowski,292
7,Wskaźnik gęstości zaludnienia,2015,gmina,Mszana Dolna (wieś),powiat limanowski,103
7,Wskaźnik gęstości zaludnienia,2015,gmina,Niedźwiedź,powiat limanowski,98
7,Wskaźnik gęstości zaludnienia,2015,gmina,Słopnice,powiat limanowski,115
7,Wskaźnik gęstości zaludnienia,2015,gmina,Tymbark,powiat limanowski,198
7,Wskaźnik gęstości zaludnienia,2015,powiat,powiat m. Kraków,powiat m. Kraków,2329.00
7,Wskaźnik gęstości zaludnienia,2015,powiat,powiat m. Nowy Sącz,powiat m. Nowy Sącz,1457.00
7,Wskaźnik gęstości zaludnienia,2015,powiat,powiat m. Tarnów,powiat m. Tarnów,1529.00
7,Wskaźnik gęstości zaludnienia,2015,powiat,powiat miechowski,powiat miechowski,73.00
7,Wskaźnik gęstości zaludnienia,2015,gmina,Charsznica,powiat miechowski,97
7,Wskaźnik gęstości zaludnienia,2015,gmina,Gołcza,powiat miechowski,68
7,Wskaźnik gęstości zaludnienia,2015,gmina,Kozłów,powiat miechowski,55
7,Wskaźnik gęstości zaludnienia,2015,gmina,Książ Wielki,powiat miechowski,38
7,Wskaźnik gęstości zaludnienia,2015,gmina,Miechów,powiat miechowski,134
7,Wskaźnik gęstości zaludnienia,2015,gmina,Racławice,powiat miechowski,42
7,Wskaźnik gęstości zaludnienia,2015,gmina,Słaboszów,powiat miechowski,48
7,Wskaźnik gęstości zaludnienia,2015,powiat,powiat myślenicki,powiat myślenicki,186.00
7,Wskaźnik gęstości zaludnienia,2015,gmina,Dobczyce,powiat myślenicki,228
7,Wskaźnik gęstości zaludnienia,2015,gmina,Lubień,powiat myślenicki,133
7,Wskaźnik gęstości zaludnienia,2015,gmina,Myślenice,powiat myślenicki,283
7,Wskaźnik gęstości zaludnienia,2015,gmina,Pcim,powiat myślenicki,123
7,Wskaźnik gęstości zaludnienia,2015,gmina,Raciechowice,powiat myślenicki,102
7,Wskaźnik gęstości zaludnienia,2015,gmina,Siepraw,powiat myślenicki,271
7,Wskaźnik gęstości zaludnienia,2015,gmina,Sułkowice,powiat myślenicki,243
7,Wskaźnik gęstości zaludnienia,2015,gmina,Tokarnia,powiat myślenicki,125
7,Wskaźnik gęstości zaludnienia,2015,gmina,Wiśniowa,powiat myślenicki,108
7,Wskaźnik gęstości zaludnienia,2015,powiat,powiat nowosądecki,powiat nowosądecki,137.00
7,Wskaźnik gęstości zaludnienia,2015,gmina,Podegrodzie,powiat nowosądecki,198
7,Wskaźnik gęstości zaludnienia,2015,gmina,Rytro,powiat nowosądecki,92
7,Wskaźnik gęstości zaludnienia,2015,gmina,Stary Sącz,powiat nowosądecki,232
7,Wskaźnik gęstości zaludnienia,2015,gmina,Chełmiec,powiat nowosądecki,247
7,Wskaźnik gęstości zaludnienia,2015,gmina,Gródek nad Dunajcem,powiat nowosądecki,104
7,Wskaźnik gęstości zaludnienia,2015,gmina,Grybów (miasto),powiat nowosądecki,357
7,Wskaźnik gęstości zaludnienia,2015,gmina,Grybów (wieś),powiat nowosądecki,162
7,Wskaźnik gęstości zaludnienia,2015,gmina,Kamionka Wielka,powiat nowosądecki,156
7,Wskaźnik gęstości zaludnienia,2015,gmina,Korzenna,powiat nowosądecki,133
7,Wskaźnik gęstości zaludnienia,2015,gmina,Krynica-Zdrój,powiat nowosądecki,116
7,Wskaźnik gęstości zaludnienia,2015,gmina,Łabowa,powiat nowosądecki,50
7,Wskaźnik gęstości zaludnienia,2015,gmina,Łącko,powiat nowosądecki,122
7,Wskaźnik gęstości zaludnienia,2015,gmina,Łososina Dolna,powiat nowosądecki,127
7,Wskaźnik gęstości zaludnienia,2015,gmina,Muszyna,powiat nowosądecki,83
7,Wskaźnik gęstości zaludnienia,2015,gmina,Nawojowa,powiat nowosądecki,169
7,Wskaźnik gęstości zaludnienia,2015,gmina,Piwniczna-Zdrój,powiat nowosądecki,84
7,Wskaźnik gęstości zaludnienia,2015,powiat,powiat nowotarski,powiat nowotarski,129.00
7,Wskaźnik gęstości zaludnienia,2015,gmina,Czarny Dunajec,powiat nowotarski,102
7,Wskaźnik gęstości zaludnienia,2015,gmina,Czorsztyn,powiat nowotarski,122
7,Wskaźnik gęstości zaludnienia,2015,gmina,Jabłonka,powiat nowotarski,86
7,Wskaźnik gęstości zaludnienia,2015,gmina,Krościenko nad Dunajcem,powiat nowotarski,118
7,Wskaźnik gęstości zaludnienia,2015,gmina,Lipnica Wielka,powiat nowotarski,89
7,Wskaźnik gęstości zaludnienia,2015,gmina,Łapsze Niżne,powiat nowotarski,73
7,Wskaźnik gęstości zaludnienia,2015,gmina,Nowy Targ (miasto),powiat nowotarski,656
7,Wskaźnik gęstości zaludnienia,2015,gmina,Nowy Targ (wieś),powiat nowotarski,114
7,Wskaźnik gęstości zaludnienia,2015,gmina,Ochotnica Dolna,powiat nowotarski,60
7,Wskaźnik gęstości zaludnienia,2015,gmina,Raba Wyżna,powiat nowotarski,164
7,Wskaźnik gęstości zaludnienia,2015,gmina,Rabka-Zdrój,powiat nowotarski,250
7,Wskaźnik gęstości zaludnienia,2015,gmina,Spytkowice,powiat nowotarski,205
7,Wskaźnik gęstości zaludnienia,2015,gmina,Szaflary,powiat nowotarski,201
7,Wskaźnik gęstości zaludnienia,2015,gmina,Szczawnica,powiat nowotarski,84
7,Wskaźnik gęstości zaludnienia,2015,powiat,powiat olkuski,powiat olkuski,183.00
7,Wskaźnik gęstości zaludnienia,2015,gmina,Bolesław,powiat olkuski,77
7,Wskaźnik gęstości zaludnienia,2015,gmina,Bukowno,powiat olkuski,160
7,Wskaźnik gęstości zaludnienia,2015,gmina,Klucze,powiat olkuski,127
7,Wskaźnik gęstości zaludnienia,2015,gmina,Olkusz,powiat olkuski,328
7,Wskaźnik gęstości zaludnienia,2015,gmina,Trzyciąż,powiat olkuski,74
7,Wskaźnik gęstości zaludnienia,2015,gmina,Wolbrom,powiat olkuski,158
7,Wskaźnik gęstości zaludnienia,2015,powiat,powiat oświęcimski,powiat oświęcimski,382.00
7,Wskaźnik gęstości zaludnienia,2015,gmina,Brzeszcze,powiat oświęcimski,472
7,Wskaźnik gęstości zaludnienia,2015,gmina,Chełmek,powiat oświęcimski,480
7,Wskaźnik gęstości zaludnienia,2015,gmina,Kęty,powiat oświęcimski,451
7,Wskaźnik gęstości zaludnienia,2015,gmina,Osiek,powiat oświęcimski,201
7,Wskaźnik gęstości zaludnienia,2015,gmina,Oświęcim (miasto),powiat oświęcimski,1307
7,Wskaźnik gęstości zaludnienia,2015,gmina,Oświęcim (wieś),powiat oświęcimski,242
7,Wskaźnik gęstości zaludnienia,2015,gmina,Polanka Wielka,powiat oświęcimski,179
7,Wskaźnik gęstości zaludnienia,2015,gmina,Przeciszów,powiat oświęcimski,190
7,Wskaźnik gęstości zaludnienia,2015,gmina,Zator,powiat oświęcimski,181
7,Wskaźnik gęstości zaludnienia,2015,powiat,powiat proszowicki,powiat proszowicki,105.00
7,Wskaźnik gęstości zaludnienia,2015,gmina,Koniusza,powiat proszowicki,100
7,Wskaźnik gęstości zaludnienia,2015,gmina,Koszyce,powiat proszowicki,85
7,Wskaźnik gęstości zaludnienia,2015,gmina,Nowe Brzesko,powiat proszowicki,106
7,Wskaźnik gęstości zaludnienia,2015,gmina,Pałecznica,powiat proszowicki,77
7,Wskaźnik gęstości zaludnienia,2015,gmina,Proszowice,powiat proszowicki,164
7,Wskaźnik gęstości zaludnienia,2015,gmina,Radziemice,powiat proszowicki,59
7,Wskaźnik gęstości zaludnienia,2015,powiat,powiat suski,powiat suski,123.00
7,Wskaźnik gęstości zaludnienia,2015,gmina,Budzów,powiat suski,120
7,Wskaźnik gęstości zaludnienia,2015,gmina,Bystra-Sidzina,powiat suski,84
7,Wskaźnik gęstości zaludnienia,2015,gmina,Jordanów (miasto),powiat suski,253
7,Wskaźnik gęstości zaludnienia,2015,gmina,Jordanów (wieś),powiat suski,119
7,Wskaźnik gęstości zaludnienia,2015,gmina,Maków Podhalański,powiat suski,150
7,Wskaźnik gęstości zaludnienia,2015,gmina,Stryszawa,powiat suski,103
7,Wskaźnik gęstości zaludnienia,2015,gmina,Sucha Beskidzka,powiat suski,341
7,Wskaźnik gęstości zaludnienia,2015,gmina,Zawoja,powiat suski,70
7,Wskaźnik gęstości zaludnienia,2015,gmina,Zembrzyce,powiat suski,143
7,Wskaźnik gęstości zaludnienia,2015,powiat,powiat tarnowski,powiat tarnowski,142.00
7,Wskaźnik gęstości zaludnienia,2015,gmina,Ciężkowice,powiat tarnowski,109
7,Wskaźnik gęstości zaludnienia,2015,gmina,Gromnik,powiat tarnowski,126
7,Wskaźnik gęstości zaludnienia,2015,gmina,Lisia Góra,powiat tarnowski,144
7,Wskaźnik gęstości zaludnienia,2015,gmina,Pleśna,powiat tarnowski,144
7,Wskaźnik gęstości zaludnienia,2015,gmina,Radłów,powiat tarnowski,114
7,Wskaźnik gęstości zaludnienia,2015,gmina,Ryglice,powiat tarnowski,100
7,Wskaźnik gęstości zaludnienia,2015,gmina,Rzepiennik Strzyżewski,powiat tarnowski,96
7,Wskaźnik gęstości zaludnienia,2015,gmina,Skrzyszów,powiat tarnowski,164
7,Wskaźnik gęstości zaludnienia,2015,gmina,Szerzyny,powiat tarnowski,98
7,Wskaźnik gęstości zaludnienia,2015,gmina,Tarnów (wieś),powiat tarnowski,309
7,Wskaźnik gęstości zaludnienia,2015,gmina,Tuchów,powiat tarnowski,182
7,Wskaźnik gęstości zaludnienia,2015,gmina,Wierzchosławice,powiat tarnowski,143
7,Wskaźnik gęstości zaludnienia,2015,gmina,Wietrzychowice,powiat tarnowski,83
7,Wskaźnik gęstości zaludnienia,2015,gmina,Wojnicz,powiat tarnowski,169
7,Wskaźnik gęstości zaludnienia,2015,gmina,Zakliczyn,powiat tarnowski,102
7,Wskaźnik gęstości zaludnienia,2015,gmina,Żabno,powiat tarnowski,187
7,Wskaźnik gęstości zaludnienia,2015,powiat,powiat tatrzański,powiat tatrzański,144.00
7,Wskaźnik gęstości zaludnienia,2015,gmina,Biały Dunajec,powiat tatrzański,202
7,Wskaźnik gęstości zaludnienia,2015,gmina,Bukowina Tatrzańska,powiat tatrzański,100
7,Wskaźnik gęstości zaludnienia,2015,gmina,Kościelisko,powiat tatrzański,63
7,Wskaźnik gęstości zaludnienia,2015,gmina,Poronin,powiat tatrzański,137
7,Wskaźnik gęstości zaludnienia,2015,gmina,Zakopane,powiat tatrzański,326
7,Wskaźnik gęstości zaludnienia,2015,powiat,powiat wadowicki,powiat wadowicki,248.00
7,Wskaźnik gęstości zaludnienia,2015,gmina,Andrychów,powiat wadowicki,438
7,Wskaźnik gęstości zaludnienia,2015,gmina,Brzeźnica,powiat wadowicki,153
7,Wskaźnik gęstości zaludnienia,2015,gmina,Kalwaria Zebrzydowska,powiat wadowicki,264
7,Wskaźnik gęstości zaludnienia,2015,gmina,Lanckorona,powiat wadowicki,152
7,Wskaźnik gęstości zaludnienia,2015,gmina,Mucharz,powiat wadowicki,108
7,Wskaźnik gęstości zaludnienia,2015,gmina,Spytkowice,powiat wadowicki,140
7,Wskaźnik gęstości zaludnienia,2015,gmina,Stryszów,powiat wadowicki,149
7,Wskaźnik gęstości zaludnienia,2015,gmina,Tomice,powiat wadowicki,191
7,Wskaźnik gęstości zaludnienia,2015,gmina,Wadowice,powiat wadowicki,338
7,Wskaźnik gęstości zaludnienia,2015,gmina,Wieprz,powiat wadowicki,164
7,Wskaźnik gęstości zaludnienia,2015,powiat,powiat wielicki,powiat wielicki,296.00
7,Wskaźnik gęstości zaludnienia,2015,gmina,Biskupice,powiat wielicki,240
7,Wskaźnik gęstości zaludnienia,2015,gmina,Gdów,powiat wielicki,163
7,Wskaźnik gęstości zaludnienia,2015,gmina,Kłaj,powiat wielicki,163
7,Wskaźnik gęstości zaludnienia,2015,gmina,Niepołomice,powiat wielicki,277
7,Wskaźnik gęstości zaludnienia,2015,gmina,Wieliczka,powiat wielicki,569
7,Wskaźnik gęstości zaludnienia,2014,powiat,powiat bocheński,powiat bocheński,162.00
7,Wskaźnik gęstości zaludnienia,2014,gmina,Bochnia (miasto),powiat bocheński,1008
7,Wskaźnik gęstości zaludnienia,2014,gmina,Bochnia (wieś),powiat bocheński,148
7,Wskaźnik gęstości zaludnienia,2014,gmina,Drwinia,powiat bocheński,60
7,Wskaźnik gęstości zaludnienia,2014,gmina,Lipnica Murowana,powiat bocheński,93
7,Wskaźnik gęstości zaludnienia,2014,gmina,Łapanów,powiat bocheński,110
7,Wskaźnik gęstości zaludnienia,2014,gmina,Nowy Wiśnicz,powiat bocheński,167
7,Wskaźnik gęstości zaludnienia,2014,gmina,Rzezawa,powiat bocheński,129
7,Wskaźnik gęstości zaludnienia,2014,gmina,Trzciana,powiat bocheński,123
7,Wskaźnik gęstości zaludnienia,2014,gmina,Żegocina,powiat bocheński,154
7,Wskaźnik gęstości zaludnienia,2014,powiat,powiat brzeski,powiat brzeski,157.00
7,Wskaźnik gęstości zaludnienia,2014,gmina,Borzęcin,powiat brzeski,82
7,Wskaźnik gęstości zaludnienia,2014,gmina,Brzesko,powiat brzeski,354
7,Wskaźnik gęstości zaludnienia,2014,gmina,Czchów,powiat brzeski,146
7,Wskaźnik gęstości zaludnienia,2014,gmina,Dębno,powiat brzeski,178
7,Wskaźnik gęstości zaludnienia,2014,gmina,Gnojnik,powiat brzeski,143
7,Wskaźnik gęstości zaludnienia,2014,gmina,Iwkowa,powiat brzeski,133
7,Wskaźnik gęstości zaludnienia,2014,gmina,Szczurowa,powiat brzeski,72
7,Wskaźnik gęstości zaludnienia,2014,powiat,powiat chrzanowski,powiat chrzanowski,341.00
7,Wskaźnik gęstości zaludnienia,2014,gmina,Alwernia,powiat chrzanowski,168
7,Wskaźnik gęstości zaludnienia,2014,gmina,Babice,powiat chrzanowski,168
7,Wskaźnik gęstości zaludnienia,2014,gmina,Chrzanów,powiat chrzanowski,606
7,Wskaźnik gęstości zaludnienia,2014,gmina,Libiąż,powiat chrzanowski,397
7,Wskaźnik gęstości zaludnienia,2014,gmina,Trzebinia,powiat chrzanowski,325
7,Wskaźnik gęstości zaludnienia,2014,powiat,powiat dąbrowski,powiat dąbrowski,112.00
7,Wskaźnik gęstości zaludnienia,2014,gmina,Bolesław,powiat dąbrowski,78
7,Wskaźnik gęstości zaludnienia,2014,gmina,Dąbrowa Tarnowska,powiat dąbrowski,181
7,Wskaźnik gęstości zaludnienia,2014,gmina,Gręboszów,powiat dąbrowski,71
7,Wskaźnik gęstości zaludnienia,2014,gmina,Mędrzechów,powiat dąbrowski,79
7,Wskaźnik gęstości zaludnienia,2014,gmina,Olesno,powiat dąbrowski,102
7,Wskaźnik gęstości zaludnienia,2014,gmina,Radgoszcz,powiat dąbrowski,84
7,Wskaźnik gęstości zaludnienia,2014,gmina,Szczucin,powiat dąbrowski,111
7,Wskaźnik gęstości zaludnienia,2014,powiat,powiat gorlicki,powiat gorlicki,113.00
7,Wskaźnik gęstości zaludnienia,2014,gmina,Biecz,powiat gorlicki,173
7,Wskaźnik gęstości zaludnienia,2014,gmina,Bobowa,powiat gorlicki,193
7,Wskaźnik gęstości zaludnienia,2014,gmina,Gorlice (miasto),powiat gorlicki,1201
7,Wskaźnik gęstości zaludnienia,2014,gmina,Gorlice (wieś),powiat gorlicki,167
7,Wskaźnik gęstości zaludnienia,2014,gmina,Lipinki,powiat gorlicki,102
7,Wskaźnik gęstości zaludnienia,2014,gmina,Łużna,powiat gorlicki,149
7,Wskaźnik gęstości zaludnienia,2014,gmina,Moszczenica,powiat gorlicki,130
7,Wskaźnik gęstości zaludnienia,2014,gmina,Ropa,powiat gorlicki,109
7,Wskaźnik gęstości zaludnienia,2014,gmina,Sękowa,powiat gorlicki,26
7,Wskaźnik gęstości zaludnienia,2014,gmina,Uście Gorlickie,powiat gorlicki,23
7,Wskaźnik gęstości zaludnienia,2014,powiat,powiat krakowski,powiat krakowski,218.00
7,Wskaźnik gęstości zaludnienia,2014,gmina,Czernichów,powiat krakowski,168
7,Wskaźnik gęstości zaludnienia,2014,gmina,Igołomia-Wawrzeńczyce,powiat krakowski,123
7,Wskaźnik gęstości zaludnienia,2014,gmina,Iwanowice,powiat krakowski,126
7,Wskaźnik gęstości zaludnienia,2014,gmina,Jerzmanowice-Przeginia,powiat krakowski,159
7,Wskaźnik gęstości zaludnienia,2014,gmina,Kocmyrzów-Luborzyca,powiat krakowski,183
7,Wskaźnik gęstości zaludnienia,2014,gmina,Krzeszowice,powiat krakowski,233
7,Wskaźnik gęstości zaludnienia,2014,gmina,Liszki,powiat krakowski,232
7,Wskaźnik gęstości zaludnienia,2014,gmina,Michałowice,powiat krakowski,193
7,Wskaźnik gęstości zaludnienia,2014,gmina,Mogilany,powiat krakowski,306
7,Wskaźnik gęstości zaludnienia,2014,gmina,Skała,powiat krakowski,140
7,Wskaźnik gęstości zaludnienia,2014,gmina,Skawina,powiat krakowski,432
7,Wskaźnik gęstości zaludnienia,2014,gmina,Słomniki,powiat krakowski,121
7,Wskaźnik gęstości zaludnienia,2014,gmina,Sułoszowa,powiat krakowski,109
7,Wskaźnik gęstości zaludnienia,2014,gmina,Świątniki Górne,powiat krakowski,476
7,Wskaźnik gęstości zaludnienia,2014,gmina,Wielka Wieś,powiat krakowski,229
7,Wskaźnik gęstości zaludnienia,2014,gmina,Zabierzów,powiat krakowski,255
7,Wskaźnik gęstości zaludnienia,2014,gmina,Zielonki,powiat krakowski,425
7,Wskaźnik gęstości zaludnienia,2014,powiat,powiat limanowski,powiat limanowski,136.00
7,Wskaźnik gęstości zaludnienia,2014,gmina,Dobra,powiat limanowski,90
7,Wskaźnik gęstości zaludnienia,2014,gmina,Jodłownik,powiat limanowski,117
7,Wskaźnik gęstości zaludnienia,2014,gmina,Kamienica,powiat limanowski,82
7,Wskaźnik gęstości zaludnienia,2014,gmina,Laskowa,powiat limanowski,110
7,Wskaźnik gęstości zaludnienia,2014,gmina,Limanowa (miasto),powiat limanowski,806
7,Wskaźnik gęstości zaludnienia,2014,gmina,Limanowa (wieś),powiat limanowski,162
7,Wskaźnik gęstości zaludnienia,2014,gmina,Łukowica,powiat limanowski,141
7,Wskaźnik gęstości zaludnienia,2014,gmina,Mszana Dolna (miasto),powiat limanowski,291
7,Wskaźnik gęstości zaludnienia,2014,gmina,Mszana Dolna (wieś),powiat limanowski,102
7,Wskaźnik gęstości zaludnienia,2014,gmina,Niedźwiedź,powiat limanowski,97
7,Wskaźnik gęstości zaludnienia,2014,gmina,Słopnice,powiat limanowski,115
7,Wskaźnik gęstości zaludnienia,2014,gmina,Tymbark,powiat limanowski,199
7,Wskaźnik gęstości zaludnienia,2014,powiat,powiat m. Kraków,powiat m. Kraków,2331.00
7,Wskaźnik gęstości zaludnienia,2014,powiat,powiat m. Nowy Sącz,powiat m. Nowy Sącz,1456.00
7,Wskaźnik gęstości zaludnienia,2014,powiat,powiat m. Tarnów,powiat m. Tarnów,1539.00
7,Wskaźnik gęstości zaludnienia,2014,powiat,powiat miechowski,powiat miechowski,74.00
7,Wskaźnik gęstości zaludnienia,2014,gmina,Charsznica,powiat miechowski,97
7,Wskaźnik gęstości zaludnienia,2014,gmina,Gołcza,powiat miechowski,69
7,Wskaźnik gęstości zaludnienia,2014,gmina,Kozłów,powiat miechowski,55
7,Wskaźnik gęstości zaludnienia,2014,gmina,Książ Wielki,powiat miechowski,38
7,Wskaźnik gęstości zaludnienia,2014,gmina,Miechów,powiat miechowski,134
7,Wskaźnik gęstości zaludnienia,2014,gmina,Racławice,powiat miechowski,42
7,Wskaźnik gęstości zaludnienia,2014,gmina,Słaboszów,powiat miechowski,48
7,Wskaźnik gęstości zaludnienia,2014,powiat,powiat myślenicki,powiat myślenicki,185.00
7,Wskaźnik gęstości zaludnienia,2014,gmina,Dobczyce,powiat myślenicki,228
7,Wskaźnik gęstości zaludnienia,2014,gmina,Lubień,powiat myślenicki,132
7,Wskaźnik gęstości zaludnienia,2014,gmina,Myślenice,powiat myślenicki,282
7,Wskaźnik gęstości zaludnienia,2014,gmina,Pcim,powiat myślenicki,123
7,Wskaźnik gęstości zaludnienia,2014,gmina,Raciechowice,powiat myślenicki,102
7,Wskaźnik gęstości zaludnienia,2014,gmina,Siepraw,powiat myślenicki,269
7,Wskaźnik gęstości zaludnienia,2014,gmina,Sułkowice,powiat myślenicki,243
7,Wskaźnik gęstości zaludnienia,2014,gmina,Tokarnia,powiat myślenicki,125
7,Wskaźnik gęstości zaludnienia,2014,gmina,Wiśniowa,powiat myślenicki,108
7,Wskaźnik gęstości zaludnienia,2014,powiat,powiat nowosądecki,powiat nowosądecki,137.00
7,Wskaźnik gęstości zaludnienia,2014,gmina,Podegrodzie,powiat nowosądecki,197
7,Wskaźnik gęstości zaludnienia,2014,gmina,Rytro,powiat nowosądecki,92
7,Wskaźnik gęstości zaludnienia,2014,gmina,Stary Sącz,powiat nowosądecki,232
7,Wskaźnik gęstości zaludnienia,2014,gmina,Chełmiec,powiat nowosądecki,245
7,Wskaźnik gęstości zaludnienia,2014,gmina,Gródek nad Dunajcem,powiat nowosądecki,104
7,Wskaźnik gęstości zaludnienia,2014,gmina,Grybów (miasto),powiat nowosądecki,358
7,Wskaźnik gęstości zaludnienia,2014,gmina,Grybów (wieś),powiat nowosądecki,161
7,Wskaźnik gęstości zaludnienia,2014,gmina,Kamionka Wielka,powiat nowosądecki,155
7,Wskaźnik gęstości zaludnienia,2014,gmina,Korzenna,powiat nowosądecki,133
7,Wskaźnik gęstości zaludnienia,2014,gmina,Krynica-Zdrój,powiat nowosądecki,116
7,Wskaźnik gęstości zaludnienia,2014,gmina,Łabowa,powiat nowosądecki,49
7,Wskaźnik gęstości zaludnienia,2014,gmina,Łącko,powiat nowosądecki,121
7,Wskaźnik gęstości zaludnienia,2014,gmina,Łososina Dolna,powiat nowosądecki,126
7,Wskaźnik gęstości zaludnienia,2014,gmina,Muszyna,powiat nowosądecki,83
7,Wskaźnik gęstości zaludnienia,2014,gmina,Nawojowa,powiat nowosądecki,168
7,Wskaźnik gęstości zaludnienia,2014,gmina,Piwniczna-Zdrój,powiat nowosądecki,84
7,Wskaźnik gęstości zaludnienia,2014,powiat,powiat nowotarski,powiat nowotarski,129.00
7,Wskaźnik gęstości zaludnienia,2014,gmina,Czarny Dunajec,powiat nowotarski,102
7,Wskaźnik gęstości zaludnienia,2014,gmina,Czorsztyn,powiat nowotarski,122
7,Wskaźnik gęstości zaludnienia,2014,gmina,Jabłonka,powiat nowotarski,85
7,Wskaźnik gęstości zaludnienia,2014,gmina,Krościenko nad Dunajcem,powiat nowotarski,118
7,Wskaźnik gęstości zaludnienia,2014,gmina,Lipnica Wielka,powiat nowotarski,88
7,Wskaźnik gęstości zaludnienia,2014,gmina,Łapsze Niżne,powiat nowotarski,73
7,Wskaźnik gęstości zaludnienia,2014,gmina,Nowy Targ (miasto),powiat nowotarski,658
7,Wskaźnik gęstości zaludnienia,2014,gmina,Nowy Targ (wieś),powiat nowotarski,114
7,Wskaźnik gęstości zaludnienia,2014,gmina,Ochotnica Dolna,powiat nowotarski,60
7,Wskaźnik gęstości zaludnienia,2014,gmina,Raba Wyżna,powiat nowotarski,164
7,Wskaźnik gęstości zaludnienia,2014,gmina,Rabka-Zdrój,powiat nowotarski,252
7,Wskaźnik gęstości zaludnienia,2014,gmina,Spytkowice,powiat nowotarski,138
7,Wskaźnik gęstości zaludnienia,2014,gmina,Szaflary,powiat nowotarski,200
7,Wskaźnik gęstości zaludnienia,2014,gmina,Szczawnica,powiat nowotarski,85
7,Wskaźnik gęstości zaludnienia,2014,powiat,powiat olkuski,powiat olkuski,184.00
7,Wskaźnik gęstości zaludnienia,2014,gmina,Bolesław,powiat olkuski,192
7,Wskaźnik gęstości zaludnienia,2014,gmina,Bukowno,powiat olkuski,160
7,Wskaźnik gęstości zaludnienia,2014,gmina,Klucze,powiat olkuski,128
7,Wskaźnik gęstości zaludnienia,2014,gmina,Olkusz,powiat olkuski,330
7,Wskaźnik gęstości zaludnienia,2014,gmina,Trzyciąż,powiat olkuski,74
7,Wskaźnik gęstości zaludnienia,2014,gmina,Wolbrom,powiat olkuski,159
7,Wskaźnik gęstości zaludnienia,2014,powiat,powiat oświęcimski,powiat oświęcimski,382.00
7,Wskaźnik gęstości zaludnienia,2014,gmina,Brzeszcze,powiat oświęcimski,473
7,Wskaźnik gęstości zaludnienia,2014,gmina,Chełmek,powiat oświęcimski,479
7,Wskaźnik gęstości zaludnienia,2014,gmina,Kęty,powiat oświęcimski,452
7,Wskaźnik gęstości zaludnienia,2014,gmina,Osiek,powiat oświęcimski,199
7,Wskaźnik gęstości zaludnienia,2014,gmina,Oświęcim (miasto),powiat oświęcimski,1315
7,Wskaźnik gęstości zaludnienia,2014,gmina,Oświęcim (wieś),powiat oświęcimski,241
7,Wskaźnik gęstości zaludnienia,2014,gmina,Polanka Wielka,powiat oświęcimski,179
7,Wskaźnik gęstości zaludnienia,2014,gmina,Przeciszów,powiat oświęcimski,190
7,Wskaźnik gęstości zaludnienia,2014,gmina,Zator,powiat oświęcimski,181
7,Wskaźnik gęstości zaludnienia,2014,powiat,powiat proszowicki,powiat proszowicki,106.00
7,Wskaźnik gęstości zaludnienia,2014,gmina,Koniusza,powiat proszowicki,101
7,Wskaźnik gęstości zaludnienia,2014,gmina,Koszyce,powiat proszowicki,86
7,Wskaźnik gęstości zaludnienia,2014,gmina,Nowe Brzesko,powiat proszowicki,107
7,Wskaźnik gęstości zaludnienia,2014,gmina,Pałecznica,powiat proszowicki,77
7,Wskaźnik gęstości zaludnienia,2014,gmina,Proszowice,powiat proszowicki,164
7,Wskaźnik gęstości zaludnienia,2014,gmina,Radziemice,powiat proszowicki,60
7,Wskaźnik gęstości zaludnienia,2014,powiat,powiat suski,powiat suski,123.00
7,Wskaźnik gęstości zaludnienia,2014,gmina,Budzów,powiat suski,119
7,Wskaźnik gęstości zaludnienia,2014,gmina,Bystra-Sidzina,powiat suski,84
7,Wskaźnik gęstości zaludnienia,2014,gmina,Jordanów (miasto),powiat suski,252
7,Wskaźnik gęstości zaludnienia,2014,gmina,Jordanów (wieś),powiat suski,119
7,Wskaźnik gęstości zaludnienia,2014,gmina,Maków Podhalański,powiat suski,151
7,Wskaźnik gęstości zaludnienia,2014,gmina,Stryszawa,powiat suski,104
7,Wskaźnik gęstości zaludnienia,2014,gmina,Sucha Beskidzka,powiat suski,340
7,Wskaźnik gęstości zaludnienia,2014,gmina,Zawoja,powiat suski,70
7,Wskaźnik gęstości zaludnienia,2014,gmina,Zembrzyce,powiat suski,144
7,Wskaźnik gęstości zaludnienia,2014,powiat,powiat tarnowski,powiat tarnowski,142.00
7,Wskaźnik gęstości zaludnienia,2014,gmina,Ciężkowice,powiat tarnowski,109
7,Wskaźnik gęstości zaludnienia,2014,gmina,Gromnik,powiat tarnowski,126
7,Wskaźnik gęstości zaludnienia,2014,gmina,Lisia Góra,powiat tarnowski,143
7,Wskaźnik gęstości zaludnienia,2014,gmina,Pleśna,powiat tarnowski,144
7,Wskaźnik gęstości zaludnienia,2014,gmina,Radłów,powiat tarnowski,113
7,Wskaźnik gęstości zaludnienia,2014,gmina,Ryglice,powiat tarnowski,100
7,Wskaźnik gęstości zaludnienia,2014,gmina,Rzepiennik Strzyżewski,powiat tarnowski,96
7,Wskaźnik gęstości zaludnienia,2014,gmina,Skrzyszów,powiat tarnowski,163
7,Wskaźnik gęstości zaludnienia,2014,gmina,Szerzyny,powiat tarnowski,98
7,Wskaźnik gęstości zaludnienia,2014,gmina,Tarnów (wieś),powiat tarnowski,305
7,Wskaźnik gęstości zaludnienia,2014,gmina,Tuchów,powiat tarnowski,182
7,Wskaźnik gęstości zaludnienia,2014,gmina,Wierzchosławice,powiat tarnowski,142
7,Wskaźnik gęstości zaludnienia,2014,gmina,Wietrzychowice,powiat tarnowski,83
7,Wskaźnik gęstości zaludnienia,2014,gmina,Wojnicz,powiat tarnowski,168
7,Wskaźnik gęstości zaludnienia,2014,gmina,Zakliczyn,powiat tarnowski,102
7,Wskaźnik gęstości zaludnienia,2014,gmina,Żabno,powiat tarnowski,187
7,Wskaźnik gęstości zaludnienia,2014,powiat,powiat tatrzański,powiat tatrzański,144.00
7,Wskaźnik gęstości zaludnienia,2014,gmina,Biały Dunajec,powiat tatrzański,201
7,Wskaźnik gęstości zaludnienia,2014,gmina,Bukowina Tatrzańska,powiat tatrzański,100
7,Wskaźnik gęstości zaludnienia,2014,gmina,Kościelisko,powiat tatrzański,63
7,Wskaźnik gęstości zaludnienia,2014,gmina,Poronin,powiat tatrzański,137
7,Wskaźnik gęstości zaludnienia,2014,gmina,Zakopane,powiat tatrzański,327
7,Wskaźnik gęstości zaludnienia,2014,powiat,powiat wadowicki,powiat wadowicki,247.00
7,Wskaźnik gęstości zaludnienia,2014,gmina,Andrychów,powiat wadowicki,437
7,Wskaźnik gęstości zaludnienia,2014,gmina,Brzeźnica,powiat wadowicki,152
7,Wskaźnik gęstości zaludnienia,2014,gmina,Kalwaria Zebrzydowska,powiat wadowicki,264
7,Wskaźnik gęstości zaludnienia,2014,gmina,Lanckorona,powiat wadowicki,152
7,Wskaźnik gęstości zaludnienia,2014,gmina,Mucharz,powiat wadowicki,108
7,Wskaźnik gęstości zaludnienia,2014,gmina,Spytkowice,powiat wadowicki,205
7,Wskaźnik gęstości zaludnienia,2014,gmina,Stryszów,powiat wadowicki,149
7,Wskaźnik gęstości zaludnienia,2014,gmina,Tomice,powiat wadowicki,190
7,Wskaźnik gęstości zaludnienia,2014,gmina,Wadowice,powiat wadowicki,338
7,Wskaźnik gęstości zaludnienia,2014,gmina,Wieprz,powiat wadowicki,163
7,Wskaźnik gęstości zaludnienia,2014,powiat,powiat wielicki,powiat wielicki,292.00
7,Wskaźnik gęstości zaludnienia,2014,gmina,Biskupice,powiat wielicki,237
7,Wskaźnik gęstości zaludnienia,2014,gmina,Gdów,powiat wielicki,162
7,Wskaźnik gęstości zaludnienia,2014,gmina,Kłaj,powiat wielicki,163
7,Wskaźnik gęstości zaludnienia,2014,gmina,Niepołomice,powiat wielicki,271
7,Wskaźnik gęstości zaludnienia,2014,gmina,Wieliczka,powiat wielicki,561
7,Wskaźnik gęstości zaludnienia,2013,powiat,powiat bocheński,powiat bocheński,162.00
7,Wskaźnik gęstości zaludnienia,2013,gmina,Bochnia (miasto),powiat bocheński,1012
7,Wskaźnik gęstości zaludnienia,2013,gmina,Bochnia (wieś),powiat bocheński,148
7,Wskaźnik gęstości zaludnienia,2013,gmina,Drwinia,powiat bocheński,60
7,Wskaźnik gęstości zaludnienia,2013,gmina,Lipnica Murowana,powiat bocheński,92
7,Wskaźnik gęstości zaludnienia,2013,gmina,Łapanów,powiat bocheński,109
7,Wskaźnik gęstości zaludnienia,2013,gmina,Nowy Wiśnicz,powiat bocheński,165
7,Wskaźnik gęstości zaludnienia,2013,gmina,Rzezawa,powiat bocheński,128
7,Wskaźnik gęstości zaludnienia,2013,gmina,Trzciana,powiat bocheński,122
7,Wskaźnik gęstości zaludnienia,2013,gmina,Żegocina,powiat bocheński,152
7,Wskaźnik gęstości zaludnienia,2013,powiat,powiat brzeski,powiat brzeski,157.00
7,Wskaźnik gęstości zaludnienia,2013,gmina,Borzęcin,powiat brzeski,82
7,Wskaźnik gęstości zaludnienia,2013,gmina,Brzesko,powiat brzeski,354
7,Wskaźnik gęstości zaludnienia,2013,gmina,Czchów,powiat brzeski,146
7,Wskaźnik gęstości zaludnienia,2013,gmina,Dębno,powiat brzeski,178
7,Wskaźnik gęstości zaludnienia,2013,gmina,Gnojnik,powiat brzeski,142
7,Wskaźnik gęstości zaludnienia,2013,gmina,Iwkowa,powiat brzeski,133
7,Wskaźnik gęstości zaludnienia,2013,gmina,Szczurowa,powiat brzeski,72
7,Wskaźnik gęstości zaludnienia,2013,powiat,powiat chrzanowski,powiat chrzanowski,343.00
7,Wskaźnik gęstości zaludnienia,2013,gmina,Alwernia,powiat chrzanowski,168
7,Wskaźnik gęstości zaludnienia,2013,gmina,Babice,powiat chrzanowski,167
7,Wskaźnik gęstości zaludnienia,2013,gmina,Chrzanów,powiat chrzanowski,609
7,Wskaźnik gęstości zaludnienia,2013,gmina,Libiąż,powiat chrzanowski,399
7,Wskaźnik gęstości zaludnienia,2013,gmina,Trzebinia,powiat chrzanowski,327
7,Wskaźnik gęstości zaludnienia,2013,powiat,powiat dąbrowski,powiat dąbrowski,112.00
7,Wskaźnik gęstości zaludnienia,2013,gmina,Bolesław,powiat dąbrowski,79
7,Wskaźnik gęstości zaludnienia,2013,gmina,Dąbrowa Tarnowska,powiat dąbrowski,181
7,Wskaźnik gęstości zaludnienia,2013,gmina,Gręboszów,powiat dąbrowski,72
7,Wskaźnik gęstości zaludnienia,2013,gmina,Mędrzechów,powiat dąbrowski,79
7,Wskaźnik gęstości zaludnienia,2013,gmina,Olesno,powiat dąbrowski,102
7,Wskaźnik gęstości zaludnienia,2013,gmina,Radgoszcz,powiat dąbrowski,84
7,Wskaźnik gęstości zaludnienia,2013,gmina,Szczucin,powiat dąbrowski,112
7,Wskaźnik gęstości zaludnienia,2013,powiat,powiat gorlicki,powiat gorlicki,113.00
7,Wskaźnik gęstości zaludnienia,2013,gmina,Biecz,powiat gorlicki,173
7,Wskaźnik gęstości zaludnienia,2013,gmina,Bobowa,powiat gorlicki,192
7,Wskaźnik gęstości zaludnienia,2013,gmina,Gorlice (miasto),powiat gorlicki,1208
7,Wskaźnik gęstości zaludnienia,2013,gmina,Gorlice (wieś),powiat gorlicki,167
7,Wskaźnik gęstości zaludnienia,2013,gmina,Lipinki,powiat gorlicki,102
7,Wskaźnik gęstości zaludnienia,2013,gmina,Łużna,powiat gorlicki,149
7,Wskaźnik gęstości zaludnienia,2013,gmina,Moszczenica,powiat gorlicki,129
7,Wskaźnik gęstości zaludnienia,2013,gmina,Ropa,powiat gorlicki,109
7,Wskaźnik gęstości zaludnienia,2013,gmina,Sękowa,powiat gorlicki,25
7,Wskaźnik gęstości zaludnienia,2013,gmina,Uście Gorlickie,powiat gorlicki,23
7,Wskaźnik gęstości zaludnienia,2013,powiat,powiat krakowski,powiat krakowski,217.00
7,Wskaźnik gęstości zaludnienia,2013,gmina,Czernichów,powiat krakowski,166
7,Wskaźnik gęstości zaludnienia,2013,gmina,Igołomia-Wawrzeńczyce,powiat krakowski,123
7,Wskaźnik gęstości zaludnienia,2013,gmina,Iwanowice,powiat krakowski,124
7,Wskaźnik gęstości zaludnienia,2013,gmina,Jerzmanowice-Przeginia,powiat krakowski,158
7,Wskaźnik gęstości zaludnienia,2013,gmina,Kocmyrzów-Luborzyca,powiat krakowski,181
7,Wskaźnik gęstości zaludnienia,2013,gmina,Krzeszowice,powiat krakowski,234
7,Wskaźnik gęstości zaludnienia,2013,gmina,Liszki,powiat krakowski,230
7,Wskaźnik gęstości zaludnienia,2013,gmina,Michałowice,powiat krakowski,190
7,Wskaźnik gęstości zaludnienia,2013,gmina,Mogilany,powiat krakowski,303
7,Wskaźnik gęstości zaludnienia,2013,gmina,Skała,powiat krakowski,138
7,Wskaźnik gęstości zaludnienia,2013,gmina,Skawina,powiat krakowski,432
7,Wskaźnik gęstości zaludnienia,2013,gmina,Słomniki,powiat krakowski,122
7,Wskaźnik gęstości zaludnienia,2013,gmina,Sułoszowa,powiat krakowski,109
7,Wskaźnik gęstości zaludnienia,2013,gmina,Świątniki Górne,powiat krakowski,473
7,Wskaźnik gęstości zaludnienia,2013,gmina,Wielka Wieś,powiat krakowski,227
7,Wskaźnik gęstości zaludnienia,2013,gmina,Zabierzów,powiat krakowski,252
7,Wskaźnik gęstości zaludnienia,2013,gmina,Zielonki,powiat krakowski,415
7,Wskaźnik gęstości zaludnienia,2013,powiat,powiat limanowski,powiat limanowski,135.00
7,Wskaźnik gęstości zaludnienia,2013,gmina,Dobra,powiat limanowski,89
7,Wskaźnik gęstości zaludnienia,2013,gmina,Jodłownik,powiat limanowski,116
7,Wskaźnik gęstości zaludnienia,2013,gmina,Kamienica,powiat limanowski,81
7,Wskaźnik gęstości zaludnienia,2013,gmina,Laskowa,powiat limanowski,110
7,Wskaźnik gęstości zaludnienia,2013,gmina,Limanowa (miasto),powiat limanowski,809
7,Wskaźnik gęstości zaludnienia,2013,gmina,Limanowa (wieś),powiat limanowski,160
7,Wskaźnik gęstości zaludnienia,2013,gmina,Łukowica,powiat limanowski,140
7,Wskaźnik gęstości zaludnienia,2013,gmina,Mszana Dolna (miasto),powiat limanowski,290
7,Wskaźnik gęstości zaludnienia,2013,gmina,Mszana Dolna (wieś),powiat limanowski,102
7,Wskaźnik gęstości zaludnienia,2013,gmina,Niedźwiedź,powiat limanowski,97
7,Wskaźnik gęstości zaludnienia,2013,gmina,Słopnice,powiat limanowski,114
7,Wskaźnik gęstości zaludnienia,2013,gmina,Tymbark,powiat limanowski,198
7,Wskaźnik gęstości zaludnienia,2013,powiat,powiat m. Kraków,powiat m. Kraków,2322.00
7,Wskaźnik gęstości zaludnienia,2013,powiat,powiat m. Nowy Sącz,powiat m. Nowy Sącz,1458.00
7,Wskaźnik gęstości zaludnienia,2013,powiat,powiat m. Tarnów,powiat m. Tarnów,1549.00
7,Wskaźnik gęstości zaludnienia,2013,powiat,powiat miechowski,powiat miechowski,74.00
7,Wskaźnik gęstości zaludnienia,2013,gmina,Charsznica,powiat miechowski,98
7,Wskaźnik gęstości zaludnienia,2013,gmina,Gołcza,powiat miechowski,69
7,Wskaźnik gęstości zaludnienia,2013,gmina,Kozłów,powiat miechowski,55
7,Wskaźnik gęstości zaludnienia,2013,gmina,Książ Wielki,powiat miechowski,38
7,Wskaźnik gęstości zaludnienia,2013,gmina,Miechów,powiat miechowski,134
7,Wskaźnik gęstości zaludnienia,2013,gmina,Racławice,powiat miechowski,42
7,Wskaźnik gęstości zaludnienia,2013,gmina,Słaboszów,powiat miechowski,48
7,Wskaźnik gęstości zaludnienia,2013,powiat,powiat myślenicki,powiat myślenicki,184.00
7,Wskaźnik gęstości zaludnienia,2013,gmina,Dobczyce,powiat myślenicki,228
7,Wskaźnik gęstości zaludnienia,2013,gmina,Lubień,powiat myślenicki,132
7,Wskaźnik gęstości zaludnienia,2013,gmina,Myślenice,powiat myślenicki,281
7,Wskaźnik gęstości zaludnienia,2013,gmina,Pcim,powiat myślenicki,122
7,Wskaźnik gęstości zaludnienia,2013,gmina,Raciechowice,powiat myślenicki,101
7,Wskaźnik gęstości zaludnienia,2013,gmina,Siepraw,powiat myślenicki,265
7,Wskaźnik gęstości zaludnienia,2013,gmina,Sułkowice,powiat myślenicki,241
7,Wskaźnik gęstości zaludnienia,2013,gmina,Tokarnia,powiat myślenicki,125
7,Wskaźnik gęstości zaludnienia,2013,gmina,Wiśniowa,powiat myślenicki,108
7,Wskaźnik gęstości zaludnienia,2013,powiat,powiat nowosądecki,powiat nowosądecki,136.00
7,Wskaźnik gęstości zaludnienia,2013,gmina,Podegrodzie,powiat nowosądecki,194
7,Wskaźnik gęstości zaludnienia,2013,gmina,Rytro,powiat nowosądecki,92
7,Wskaźnik gęstości zaludnienia,2013,gmina,Stary Sącz,powiat nowosądecki,232
7,Wskaźnik gęstości zaludnienia,2013,gmina,Chełmiec,powiat nowosądecki,242
7,Wskaźnik gęstości zaludnienia,2013,gmina,Gródek nad Dunajcem,powiat nowosądecki,104
7,Wskaźnik gęstości zaludnienia,2013,gmina,Grybów (miasto),powiat nowosądecki,359
7,Wskaźnik gęstości zaludnienia,2013,gmina,Grybów (wieś),powiat nowosądecki,159
7,Wskaźnik gęstości zaludnienia,2013,gmina,Kamionka Wielka,powiat nowosądecki,154
7,Wskaźnik gęstości zaludnienia,2013,gmina,Korzenna,powiat nowosądecki,132
7,Wskaźnik gęstości zaludnienia,2013,gmina,Krynica-Zdrój,powiat nowosądecki,117
7,Wskaźnik gęstości zaludnienia,2013,gmina,Łabowa,powiat nowosądecki,48
7,Wskaźnik gęstości zaludnienia,2013,gmina,Łącko,powiat nowosądecki,121
7,Wskaźnik gęstości zaludnienia,2013,gmina,Łososina Dolna,powiat nowosądecki,126
7,Wskaźnik gęstości zaludnienia,2013,gmina,Muszyna,powiat nowosądecki,83
7,Wskaźnik gęstości zaludnienia,2013,gmina,Nawojowa,powiat nowosądecki,167
7,Wskaźnik gęstości zaludnienia,2013,gmina,Piwniczna-Zdrój,powiat nowosądecki,84
7,Wskaźnik gęstości zaludnienia,2013,powiat,powiat nowotarski,powiat nowotarski,129.00
7,Wskaźnik gęstości zaludnienia,2013,gmina,Czarny Dunajec,powiat nowotarski,102
7,Wskaźnik gęstości zaludnienia,2013,gmina,Czorsztyn,powiat nowotarski,121
7,Wskaźnik gęstości zaludnienia,2013,gmina,Jabłonka,powiat nowotarski,85
7,Wskaźnik gęstości zaludnienia,2013,gmina,Krościenko nad Dunajcem,powiat nowotarski,118
7,Wskaźnik gęstości zaludnienia,2013,gmina,Lipnica Wielka,powiat nowotarski,88
7,Wskaźnik gęstości zaludnienia,2013,gmina,Łapsze Niżne,powiat nowotarski,73
7,Wskaźnik gęstości zaludnienia,2013,gmina,Nowy Targ (miasto),powiat nowotarski,659
7,Wskaźnik gęstości zaludnienia,2013,gmina,Nowy Targ (wieś),powiat nowotarski,113
7,Wskaźnik gęstości zaludnienia,2013,gmina,Ochotnica Dolna,powiat nowotarski,59
7,Wskaźnik gęstości zaludnienia,2013,gmina,Raba Wyżna,powiat nowotarski,163
7,Wskaźnik gęstości zaludnienia,2013,gmina,Rabka-Zdrój,powiat nowotarski,253
7,Wskaźnik gęstości zaludnienia,2013,gmina,Spytkowice,powiat nowotarski,136
7,Wskaźnik gęstości zaludnienia,2013,gmina,Szaflary,powiat nowotarski,199
7,Wskaźnik gęstości zaludnienia,2013,gmina,Szczawnica,powiat nowotarski,85
7,Wskaźnik gęstości zaludnienia,2013,powiat,powiat olkuski,powiat olkuski,185.00
7,Wskaźnik gęstości zaludnienia,2013,gmina,Bolesław,powiat olkuski,192
7,Wskaźnik gęstości zaludnienia,2013,gmina,Bukowno,powiat olkuski,161
7,Wskaźnik gęstości zaludnienia,2013,gmina,Klucze,powiat olkuski,128
7,Wskaźnik gęstości zaludnienia,2013,gmina,Olkusz,powiat olkuski,332
7,Wskaźnik gęstości zaludnienia,2013,gmina,Trzyciąż,powiat olkuski,74
7,Wskaźnik gęstości zaludnienia,2013,gmina,Wolbrom,powiat olkuski,160
7,Wskaźnik gęstości zaludnienia,2013,powiat,powiat oświęcimski,powiat oświęcimski,382.00
7,Wskaźnik gęstości zaludnienia,2013,gmina,Brzeszcze,powiat oświęcimski,476
7,Wskaźnik gęstości zaludnienia,2013,gmina,Chełmek,powiat oświęcimski,477
7,Wskaźnik gęstości zaludnienia,2013,gmina,Kęty,powiat oświęcimski,451
7,Wskaźnik gęstości zaludnienia,2013,gmina,Osiek,powiat oświęcimski,199
7,Wskaźnik gęstości zaludnienia,2013,gmina,Oświęcim (miasto),powiat oświęcimski,1322
7,Wskaźnik gęstości zaludnienia,2013,gmina,Oświęcim (wieś),powiat oświęcimski,239
7,Wskaźnik gęstości zaludnienia,2013,gmina,Polanka Wielka,powiat oświęcimski,179
7,Wskaźnik gęstości zaludnienia,2013,gmina,Przeciszów,powiat oświęcimski,191
7,Wskaźnik gęstości zaludnienia,2013,gmina,Zator,powiat oświęcimski,180
7,Wskaźnik gęstości zaludnienia,2013,powiat,powiat proszowicki,powiat proszowicki,106.00
7,Wskaźnik gęstości zaludnienia,2013,gmina,Koniusza,powiat proszowicki,100
7,Wskaźnik gęstości zaludnienia,2013,gmina,Koszyce,powiat proszowicki,86
7,Wskaźnik gęstości zaludnienia,2013,gmina,Nowe Brzesko,powiat proszowicki,107
7,Wskaźnik gęstości zaludnienia,2013,gmina,Pałecznica,powiat proszowicki,76
7,Wskaźnik gęstości zaludnienia,2013,gmina,Proszowice,powiat proszowicki,164
7,Wskaźnik gęstości zaludnienia,2013,gmina,Radziemice,powiat proszowicki,60
7,Wskaźnik gęstości zaludnienia,2013,powiat,powiat suski,powiat suski,123.00
7,Wskaźnik gęstości zaludnienia,2013,gmina,Budzów,powiat suski,119
7,Wskaźnik gęstości zaludnienia,2013,gmina,Bystra-Sidzina,powiat suski,84
7,Wskaźnik gęstości zaludnienia,2013,gmina,Jordanów (miasto),powiat suski,251
7,Wskaźnik gęstości zaludnienia,2013,gmina,Jordanów (wieś),powiat suski,118
7,Wskaźnik gęstości zaludnienia,2013,gmina,Maków Podhalański,powiat suski,151
7,Wskaźnik gęstości zaludnienia,2013,gmina,Stryszawa,powiat suski,103
7,Wskaźnik gęstości zaludnienia,2013,gmina,Sucha Beskidzka,powiat suski,343
7,Wskaźnik gęstości zaludnienia,2013,gmina,Zawoja,powiat suski,71
7,Wskaźnik gęstości zaludnienia,2013,gmina,Zembrzyce,powiat suski,145
7,Wskaźnik gęstości zaludnienia,2013,powiat,powiat tarnowski,powiat tarnowski,141.00
7,Wskaźnik gęstości zaludnienia,2013,gmina,Ciężkowice,powiat tarnowski,109
7,Wskaźnik gęstości zaludnienia,2013,gmina,Gromnik,powiat tarnowski,126
7,Wskaźnik gęstości zaludnienia,2013,gmina,Lisia Góra,powiat tarnowski,142
7,Wskaźnik gęstości zaludnienia,2013,gmina,Pleśna,powiat tarnowski,144
7,Wskaźnik gęstości zaludnienia,2013,gmina,Radłów,powiat tarnowski,114
7,Wskaźnik gęstości zaludnienia,2013,gmina,Ryglice,powiat tarnowski,100
7,Wskaźnik gęstości zaludnienia,2013,gmina,Rzepiennik Strzyżewski,powiat tarnowski,96
7,Wskaźnik gęstości zaludnienia,2013,gmina,Skrzyszów,powiat tarnowski,162
7,Wskaźnik gęstości zaludnienia,2013,gmina,Szerzyny,powiat tarnowski,98
7,Wskaźnik gęstości zaludnienia,2013,gmina,Tarnów (wieś),powiat tarnowski,303
7,Wskaźnik gęstości zaludnienia,2013,gmina,Tuchów,powiat tarnowski,182
7,Wskaźnik gęstości zaludnienia,2013,gmina,Wierzchosławice,powiat tarnowski,142
7,Wskaźnik gęstości zaludnienia,2013,gmina,Wietrzychowice,powiat tarnowski,83
7,Wskaźnik gęstości zaludnienia,2013,gmina,Wojnicz,powiat tarnowski,168
7,Wskaźnik gęstości zaludnienia,2013,gmina,Zakliczyn,powiat tarnowski,102
7,Wskaźnik gęstości zaludnienia,2013,gmina,Żabno,powiat tarnowski,187
7,Wskaźnik gęstości zaludnienia,2013,powiat,powiat tatrzański,powiat tatrzański,144.00
7,Wskaźnik gęstości zaludnienia,2013,gmina,Biały Dunajec,powiat tatrzański,201
7,Wskaźnik gęstości zaludnienia,2013,gmina,Bukowina Tatrzańska,powiat tatrzański,99
7,Wskaźnik gęstości zaludnienia,2013,gmina,Kościelisko,powiat tatrzański,63
7,Wskaźnik gęstości zaludnienia,2013,gmina,Poronin,powiat tatrzański,136
7,Wskaźnik gęstości zaludnienia,2013,gmina,Zakopane,powiat tatrzański,329
7,Wskaźnik gęstości zaludnienia,2013,powiat,powiat wadowicki,powiat wadowicki,247.00
7,Wskaźnik gęstości zaludnienia,2013,gmina,Andrychów,powiat wadowicki,437
7,Wskaźnik gęstości zaludnienia,2013,gmina,Brzeźnica,powiat wadowicki,152
7,Wskaźnik gęstości zaludnienia,2013,gmina,Kalwaria Zebrzydowska,powiat wadowicki,264
7,Wskaźnik gęstości zaludnienia,2013,gmina,Lanckorona,powiat wadowicki,152
7,Wskaźnik gęstości zaludnienia,2013,gmina,Mucharz,powiat wadowicki,108
7,Wskaźnik gęstości zaludnienia,2013,gmina,Spytkowice,powiat wadowicki,204
7,Wskaźnik gęstości zaludnienia,2013,gmina,Stryszów,powiat wadowicki,149
7,Wskaźnik gęstości zaludnienia,2013,gmina,Tomice,powiat wadowicki,188
7,Wskaźnik gęstości zaludnienia,2013,gmina,Wadowice,powiat wadowicki,338
7,Wskaźnik gęstości zaludnienia,2013,gmina,Wieprz,powiat wadowicki,162
7,Wskaźnik gęstości zaludnienia,2013,powiat,powiat wielicki,powiat wielicki,289.00
7,Wskaźnik gęstości zaludnienia,2013,gmina,Biskupice,powiat wielicki,234
7,Wskaźnik gęstości zaludnienia,2013,gmina,Gdów,powiat wielicki,161
7,Wskaźnik gęstości zaludnienia,2013,gmina,Kłaj,powiat wielicki,162
7,Wskaźnik gęstości zaludnienia,2013,gmina,Niepołomice,powiat wielicki,266
7,Wskaźnik gęstości zaludnienia,2013,gmina,Wieliczka,powiat wielicki,554
7,Wskaźnik gęstości zaludnienia,2012,powiat,powiat bocheński,powiat bocheński,161.00
7,Wskaźnik gęstości zaludnienia,2012,gmina,Bochnia (miasto),powiat bocheński,1014
7,Wskaźnik gęstości zaludnienia,2012,gmina,Bochnia (wieś),powiat bocheński,146
7,Wskaźnik gęstości zaludnienia,2012,gmina,Drwinia,powiat bocheński,60
7,Wskaźnik gęstości zaludnienia,2012,gmina,Lipnica Murowana,powiat bocheński,92
7,Wskaźnik gęstości zaludnienia,2012,gmina,Łapanów,powiat bocheński,108
7,Wskaźnik gęstości zaludnienia,2012,gmina,Nowy Wiśnicz,powiat bocheński,164
7,Wskaźnik gęstości zaludnienia,2012,gmina,Rzezawa,powiat bocheński,128
7,Wskaźnik gęstości zaludnienia,2012,gmina,Trzciana,powiat bocheński,121
7,Wskaźnik gęstości zaludnienia,2012,gmina,Żegocina,powiat bocheński,151
7,Wskaźnik gęstości zaludnienia,2012,powiat,powiat brzeski,powiat brzeski,157.00
7,Wskaźnik gęstości zaludnienia,2012,gmina,Borzęcin,powiat brzeski,82
7,Wskaźnik gęstości zaludnienia,2012,gmina,Brzesko,powiat brzeski,354
7,Wskaźnik gęstości zaludnienia,2012,gmina,Czchów,powiat brzeski,145
7,Wskaźnik gęstości zaludnienia,2012,gmina,Dębno,powiat brzeski,177
7,Wskaźnik gęstości zaludnienia,2012,gmina,Gnojnik,powiat brzeski,140
7,Wskaźnik gęstości zaludnienia,2012,gmina,Iwkowa,powiat brzeski,132
7,Wskaźnik gęstości zaludnienia,2012,gmina,Szczurowa,powiat brzeski,72
7,Wskaźnik gęstości zaludnienia,2012,powiat,powiat chrzanowski,powiat chrzanowski,343.00
7,Wskaźnik gęstości zaludnienia,2012,gmina,Alwernia,powiat chrzanowski,169
7,Wskaźnik gęstości zaludnienia,2012,gmina,Babice,powiat chrzanowski,167
7,Wskaźnik gęstości zaludnienia,2012,gmina,Chrzanów,powiat chrzanowski,612
7,Wskaźnik gęstości zaludnienia,2012,gmina,Libiąż,powiat chrzanowski,400
7,Wskaźnik gęstości zaludnienia,2012,gmina,Trzebinia,powiat chrzanowski,327
7,Wskaźnik gęstości zaludnienia,2012,powiat,powiat dąbrowski,powiat dąbrowski,112.00
7,Wskaźnik gęstości zaludnienia,2012,gmina,Bolesław,powiat dąbrowski,78
7,Wskaźnik gęstości zaludnienia,2012,gmina,Dąbrowa Tarnowska,powiat dąbrowski,181
7,Wskaźnik gęstości zaludnienia,2012,gmina,Gręboszów,powiat dąbrowski,71
7,Wskaźnik gęstości zaludnienia,2012,gmina,Mędrzechów,powiat dąbrowski,80
7,Wskaźnik gęstości zaludnienia,2012,gmina,Olesno,powiat dąbrowski,102
7,Wskaźnik gęstości zaludnienia,2012,gmina,Radgoszcz,powiat dąbrowski,84
7,Wskaźnik gęstości zaludnienia,2012,gmina,Szczucin,powiat dąbrowski,112
7,Wskaźnik gęstości zaludnienia,2012,powiat,powiat gorlicki,powiat gorlicki,113.00
7,Wskaźnik gęstości zaludnienia,2012,gmina,Biecz,powiat gorlicki,174
7,Wskaźnik gęstości zaludnienia,2012,gmina,Bobowa,powiat gorlicki,192
7,Wskaźnik gęstości zaludnienia,2012,gmina,Gorlice (miasto),powiat gorlicki,1214
7,Wskaźnik gęstości zaludnienia,2012,gmina,Gorlice (wieś),powiat gorlicki,166
7,Wskaźnik gęstości zaludnienia,2012,gmina,Lipinki,powiat gorlicki,102
7,Wskaźnik gęstości zaludnienia,2012,gmina,Łużna,powiat gorlicki,149
7,Wskaźnik gęstości zaludnienia,2012,gmina,Moszczenica,powiat gorlicki,130
7,Wskaźnik gęstości zaludnienia,2012,gmina,Ropa,powiat gorlicki,109
7,Wskaźnik gęstości zaludnienia,2012,gmina,Sękowa,powiat gorlicki,25
7,Wskaźnik gęstości zaludnienia,2012,gmina,Uście Gorlickie,powiat gorlicki,23
7,Wskaźnik gęstości zaludnienia,2012,powiat,powiat krakowski,powiat krakowski,215.00
7,Wskaźnik gęstości zaludnienia,2012,gmina,Czernichów,powiat krakowski,165
7,Wskaźnik gęstości zaludnienia,2012,gmina,Igołomia-Wawrzeńczyce,powiat krakowski,123
7,Wskaźnik gęstości zaludnienia,2012,gmina,Iwanowice,powiat krakowski,123
7,Wskaźnik gęstości zaludnienia,2012,gmina,Jerzmanowice-Przeginia,powiat krakowski,157
7,Wskaźnik gęstości zaludnienia,2012,gmina,Kocmyrzów-Luborzyca,powiat krakowski,180
7,Wskaźnik gęstości zaludnienia,2012,gmina,Krzeszowice,powiat krakowski,234
7,Wskaźnik gęstości zaludnienia,2012,gmina,Liszki,powiat krakowski,228
7,Wskaźnik gęstości zaludnienia,2012,gmina,Michałowice,powiat krakowski,187
7,Wskaźnik gęstości zaludnienia,2012,gmina,Mogilany,powiat krakowski,296
7,Wskaźnik gęstości zaludnienia,2012,gmina,Skała,powiat krakowski,137
7,Wskaźnik gęstości zaludnienia,2012,gmina,Skawina,powiat krakowski,431
7,Wskaźnik gęstości zaludnienia,2012,gmina,Słomniki,powiat krakowski,122
7,Wskaźnik gęstości zaludnienia,2012,gmina,Sułoszowa,powiat krakowski,109
7,Wskaźnik gęstości zaludnienia,2012,gmina,Świątniki Górne,powiat krakowski,468
7,Wskaźnik gęstości zaludnienia,2012,gmina,Wielka Wieś,powiat krakowski,223
7,Wskaźnik gęstości zaludnienia,2012,gmina,Zabierzów,powiat krakowski,249
7,Wskaźnik gęstości zaludnienia,2012,gmina,Zielonki,powiat krakowski,405
7,Wskaźnik gęstości zaludnienia,2012,powiat,powiat limanowski,powiat limanowski,135.00
7,Wskaźnik gęstości zaludnienia,2012,gmina,Dobra,powiat limanowski,88
7,Wskaźnik gęstości zaludnienia,2012,gmina,Jodłownik,powiat limanowski,116
7,Wskaźnik gęstości zaludnienia,2012,gmina,Kamienica,powiat limanowski,81
7,Wskaźnik gęstości zaludnienia,2012,gmina,Laskowa,powiat limanowski,108
7,Wskaźnik gęstości zaludnienia,2012,gmina,Limanowa (miasto),powiat limanowski,809
7,Wskaźnik gęstości zaludnienia,2012,gmina,Limanowa (wieś),powiat limanowski,160
7,Wskaźnik gęstości zaludnienia,2012,gmina,Łukowica,powiat limanowski,140
7,Wskaźnik gęstości zaludnienia,2012,gmina,Mszana Dolna (miasto),powiat limanowski,291
7,Wskaźnik gęstości zaludnienia,2012,gmina,Mszana Dolna (wieś),powiat limanowski,101
7,Wskaźnik gęstości zaludnienia,2012,gmina,Niedźwiedź,powiat limanowski,97
7,Wskaźnik gęstości zaludnienia,2012,gmina,Słopnice,powiat limanowski,113
7,Wskaźnik gęstości zaludnienia,2012,gmina,Tymbark,powiat limanowski,198
7,Wskaźnik gęstości zaludnienia,2012,powiat,powiat m. Kraków,powiat m. Kraków,2320.00
7,Wskaźnik gęstości zaludnienia,2012,powiat,powiat m. Nowy Sącz,powiat m. Nowy Sącz,1461.00
7,Wskaźnik gęstości zaludnienia,2012,powiat,powiat m. Tarnów,powiat m. Tarnów,1561.00
7,Wskaźnik gęstości zaludnienia,2012,powiat,powiat miechowski,powiat miechowski,74.00
7,Wskaźnik gęstości zaludnienia,2012,gmina,Charsznica,powiat miechowski,98
7,Wskaźnik gęstości zaludnienia,2012,gmina,Gołcza,powiat miechowski,69
7,Wskaźnik gęstości zaludnienia,2012,gmina,Kozłów,powiat miechowski,55
7,Wskaźnik gęstości zaludnienia,2012,gmina,Książ Wielki,powiat miechowski,38
7,Wskaźnik gęstości zaludnienia,2012,gmina,Miechów,powiat miechowski,134
7,Wskaźnik gęstości zaludnienia,2012,gmina,Racławice,powiat miechowski,42
7,Wskaźnik gęstości zaludnienia,2012,gmina,Słaboszów,powiat miechowski,49
7,Wskaźnik gęstości zaludnienia,2012,powiat,powiat myślenicki,powiat myślenicki,183.00
7,Wskaźnik gęstości zaludnienia,2012,gmina,Dobczyce,powiat myślenicki,226
7,Wskaźnik gęstości zaludnienia,2012,gmina,Lubień,powiat myślenicki,131
7,Wskaźnik gęstości zaludnienia,2012,gmina,Myślenice,powiat myślenicki,279
7,Wskaźnik gęstości zaludnienia,2012,gmina,Pcim,powiat myślenicki,122
7,Wskaźnik gęstości zaludnienia,2012,gmina,Raciechowice,powiat myślenicki,100
7,Wskaźnik gęstości zaludnienia,2012,gmina,Siepraw,powiat myślenicki,263
7,Wskaźnik gęstości zaludnienia,2012,gmina,Sułkowice,powiat myślenicki,241
7,Wskaźnik gęstości zaludnienia,2012,gmina,Tokarnia,powiat myślenicki,125
7,Wskaźnik gęstości zaludnienia,2012,gmina,Wiśniowa,powiat myślenicki,107
7,Wskaźnik gęstości zaludnienia,2012,powiat,powiat nowosądecki,powiat nowosądecki,135.00
7,Wskaźnik gęstości zaludnienia,2012,gmina,Podegrodzie,powiat nowosądecki,193
7,Wskaźnik gęstości zaludnienia,2012,gmina,Rytro,powiat nowosądecki,92
7,Wskaźnik gęstości zaludnienia,2012,gmina,Stary Sącz,powiat nowosądecki,231
7,Wskaźnik gęstości zaludnienia,2012,gmina,Chełmiec,powiat nowosądecki,240
7,Wskaźnik gęstości zaludnienia,2012,gmina,Gródek nad Dunajcem,powiat nowosądecki,104
7,Wskaźnik gęstości zaludnienia,2012,gmina,Grybów (miasto),powiat nowosądecki,364
7,Wskaźnik gęstości zaludnienia,2012,gmina,Grybów (wieś),powiat nowosądecki,158
7,Wskaźnik gęstości zaludnienia,2012,gmina,Kamionka Wielka,powiat nowosądecki,153
7,Wskaźnik gęstości zaludnienia,2012,gmina,Korzenna,powiat nowosądecki,131
7,Wskaźnik gęstości zaludnienia,2012,gmina,Krynica-Zdrój,powiat nowosądecki,117
7,Wskaźnik gęstości zaludnienia,2012,gmina,Łabowa,powiat nowosądecki,48
7,Wskaźnik gęstości zaludnienia,2012,gmina,Łącko,powiat nowosądecki,120
7,Wskaźnik gęstości zaludnienia,2012,gmina,Łososina Dolna,powiat nowosądecki,125
7,Wskaźnik gęstości zaludnienia,2012,gmina,Muszyna,powiat nowosądecki,83
7,Wskaźnik gęstości zaludnienia,2012,gmina,Nawojowa,powiat nowosądecki,164
7,Wskaźnik gęstości zaludnienia,2012,gmina,Piwniczna-Zdrój,powiat nowosądecki,85
7,Wskaźnik gęstości zaludnienia,2012,powiat,powiat nowotarski,powiat nowotarski,128.00
7,Wskaźnik gęstości zaludnienia,2012,gmina,Czarny Dunajec,powiat nowotarski,101
7,Wskaźnik gęstości zaludnienia,2012,gmina,Czorsztyn,powiat nowotarski,121
7,Wskaźnik gęstości zaludnienia,2012,gmina,Jabłonka,powiat nowotarski,84
7,Wskaźnik gęstości zaludnienia,2012,gmina,Krościenko nad Dunajcem,powiat nowotarski,117
7,Wskaźnik gęstości zaludnienia,2012,gmina,Lipnica Wielka,powiat nowotarski,88
7,Wskaźnik gęstości zaludnienia,2012,gmina,Łapsze Niżne,powiat nowotarski,73
7,Wskaźnik gęstości zaludnienia,2012,gmina,Nowy Targ (miasto),powiat nowotarski,662
7,Wskaźnik gęstości zaludnienia,2012,gmina,Nowy Targ (wieś),powiat nowotarski,113
7,Wskaźnik gęstości zaludnienia,2012,gmina,Ochotnica Dolna,powiat nowotarski,59
7,Wskaźnik gęstości zaludnienia,2012,gmina,Raba Wyżna,powiat nowotarski,163
7,Wskaźnik gęstości zaludnienia,2012,gmina,Rabka-Zdrój,powiat nowotarski,253
7,Wskaźnik gęstości zaludnienia,2012,gmina,Spytkowice,powiat nowotarski,137
7,Wskaźnik gęstości zaludnienia,2012,gmina,Szaflary,powiat nowotarski,199
7,Wskaźnik gęstości zaludnienia,2012,gmina,Szczawnica,powiat nowotarski,85
7,Wskaźnik gęstości zaludnienia,2012,powiat,powiat olkuski,powiat olkuski,185.00
7,Wskaźnik gęstości zaludnienia,2012,gmina,Bolesław,powiat olkuski,193
7,Wskaźnik gęstości zaludnienia,2012,gmina,Bukowno,powiat olkuski,162
7,Wskaźnik gęstości zaludnienia,2012,gmina,Klucze,powiat olkuski,128
7,Wskaźnik gęstości zaludnienia,2012,gmina,Olkusz,powiat olkuski,333
7,Wskaźnik gęstości zaludnienia,2012,gmina,Trzyciąż,powiat olkuski,74
7,Wskaźnik gęstości zaludnienia,2012,gmina,Wolbrom,powiat olkuski,160
7,Wskaźnik gęstości zaludnienia,2012,powiat,powiat oświęcimski,powiat oświęcimski,382.00
7,Wskaźnik gęstości zaludnienia,2012,gmina,Brzeszcze,powiat oświęcimski,475
7,Wskaźnik gęstości zaludnienia,2012,gmina,Chełmek,powiat oświęcimski,479
7,Wskaźnik gęstości zaludnienia,2012,gmina,Kęty,powiat oświęcimski,450
7,Wskaźnik gęstości zaludnienia,2012,gmina,Osiek,powiat oświęcimski,198
7,Wskaźnik gęstości zaludnienia,2012,gmina,Oświęcim (miasto),powiat oświęcimski,1330
7,Wskaźnik gęstości zaludnienia,2012,gmina,Oświęcim (wieś),powiat oświęcimski,237
7,Wskaźnik gęstości zaludnienia,2012,gmina,Polanka Wielka,powiat oświęcimski,178
7,Wskaźnik gęstości zaludnienia,2012,gmina,Przeciszów,powiat oświęcimski,191
7,Wskaźnik gęstości zaludnienia,2012,gmina,Zator,powiat oświęcimski,180
7,Wskaźnik gęstości zaludnienia,2012,powiat,powiat proszowicki,powiat proszowicki,106.00
7,Wskaźnik gęstości zaludnienia,2012,gmina,Koniusza,powiat proszowicki,100
7,Wskaźnik gęstości zaludnienia,2012,gmina,Koszyce,powiat proszowicki,86
7,Wskaźnik gęstości zaludnienia,2012,gmina,Nowe Brzesko,powiat proszowicki,107
7,Wskaźnik gęstości zaludnienia,2012,gmina,Pałecznica,powiat proszowicki,76
7,Wskaźnik gęstości zaludnienia,2012,gmina,Proszowice,powiat proszowicki,165
7,Wskaźnik gęstości zaludnienia,2012,gmina,Radziemice,powiat proszowicki,60
7,Wskaźnik gęstości zaludnienia,2012,powiat,powiat suski,powiat suski,122.00
7,Wskaźnik gęstości zaludnienia,2012,gmina,Budzów,powiat suski,118
7,Wskaźnik gęstości zaludnienia,2012,gmina,Bystra-Sidzina,powiat suski,84
7,Wskaźnik gęstości zaludnienia,2012,gmina,Jordanów (miasto),powiat suski,256
7,Wskaźnik gęstości zaludnienia,2012,gmina,Jordanów (wieś),powiat suski,116
7,Wskaźnik gęstości zaludnienia,2012,gmina,Maków Podhalański,powiat suski,150
7,Wskaźnik gęstości zaludnienia,2012,gmina,Stryszawa,powiat suski,103
7,Wskaźnik gęstości zaludnienia,2012,gmina,Sucha Beskidzka,powiat suski,344
7,Wskaźnik gęstości zaludnienia,2012,gmina,Zawoja,powiat suski,71
7,Wskaźnik gęstości zaludnienia,2012,gmina,Zembrzyce,powiat suski,144
7,Wskaźnik gęstości zaludnienia,2012,powiat,powiat tarnowski,powiat tarnowski,141.00
7,Wskaźnik gęstości zaludnienia,2012,gmina,Ciężkowice,powiat tarnowski,109
7,Wskaźnik gęstości zaludnienia,2012,gmina,Gromnik,powiat tarnowski,125
7,Wskaźnik gęstości zaludnienia,2012,gmina,Lisia Góra,powiat tarnowski,141
7,Wskaźnik gęstości zaludnienia,2012,gmina,Pleśna,powiat tarnowski,143
7,Wskaźnik gęstości zaludnienia,2012,gmina,Radłów,powiat tarnowski,113
7,Wskaźnik gęstości zaludnienia,2012,gmina,Ryglice,powiat tarnowski,100
7,Wskaźnik gęstości zaludnienia,2012,gmina,Rzepiennik Strzyżewski,powiat tarnowski,97
7,Wskaźnik gęstości zaludnienia,2012,gmina,Skrzyszów,powiat tarnowski,160
7,Wskaźnik gęstości zaludnienia,2012,gmina,Szerzyny,powiat tarnowski,98
7,Wskaźnik gęstości zaludnienia,2012,gmina,Tarnów (wieś),powiat tarnowski,300
7,Wskaźnik gęstości zaludnienia,2012,gmina,Tuchów,powiat tarnowski,182
7,Wskaźnik gęstości zaludnienia,2012,gmina,Wierzchosławice,powiat tarnowski,142
7,Wskaźnik gęstości zaludnienia,2012,gmina,Wietrzychowice,powiat tarnowski,84
7,Wskaźnik gęstości zaludnienia,2012,gmina,Wojnicz,powiat tarnowski,168
7,Wskaźnik gęstości zaludnienia,2012,gmina,Zakliczyn,powiat tarnowski,102
7,Wskaźnik gęstości zaludnienia,2012,gmina,Żabno,powiat tarnowski,188
7,Wskaźnik gęstości zaludnienia,2012,powiat,powiat tatrzański,powiat tatrzański,144.00
7,Wskaźnik gęstości zaludnienia,2012,gmina,Biały Dunajec,powiat tatrzański,201
7,Wskaźnik gęstości zaludnienia,2012,gmina,Bukowina Tatrzańska,powiat tatrzański,99
7,Wskaźnik gęstości zaludnienia,2012,gmina,Kościelisko,powiat tatrzański,63
7,Wskaźnik gęstości zaludnienia,2012,gmina,Poronin,powiat tatrzański,135
7,Wskaźnik gęstości zaludnienia,2012,gmina,Zakopane,powiat tatrzański,330
7,Wskaźnik gęstości zaludnienia,2012,powiat,powiat wadowicki,powiat wadowicki,246.00
7,Wskaźnik gęstości zaludnienia,2012,gmina,Andrychów,powiat wadowicki,437
7,Wskaźnik gęstości zaludnienia,2012,gmina,Brzeźnica,powiat wadowicki,151
7,Wskaźnik gęstości zaludnienia,2012,gmina,Kalwaria Zebrzydowska,powiat wadowicki,264
7,Wskaźnik gęstości zaludnienia,2012,gmina,Lanckorona,powiat wadowicki,153
7,Wskaźnik gęstości zaludnienia,2012,gmina,Mucharz,powiat wadowicki,108
7,Wskaźnik gęstości zaludnienia,2012,gmina,Spytkowice,powiat wadowicki,203
7,Wskaźnik gęstości zaludnienia,2012,gmina,Stryszów,powiat wadowicki,149
7,Wskaźnik gęstości zaludnienia,2012,gmina,Tomice,powiat wadowicki,186
7,Wskaźnik gęstości zaludnienia,2012,gmina,Wadowice,powiat wadowicki,337
7,Wskaźnik gęstości zaludnienia,2012,gmina,Wieprz,powiat wadowicki,161
7,Wskaźnik gęstości zaludnienia,2012,powiat,powiat wielicki,powiat wielicki,284.00
7,Wskaźnik gęstości zaludnienia,2012,gmina,Biskupice,powiat wielicki,230
7,Wskaźnik gęstości zaludnienia,2012,gmina,Gdów,powiat wielicki,160
7,Wskaźnik gęstości zaludnienia,2012,gmina,Kłaj,powiat wielicki,161
7,Wskaźnik gęstości zaludnienia,2012,gmina,Niepołomice,powiat wielicki,260
7,Wskaźnik gęstości zaludnienia,2012,gmina,Wieliczka,powiat wielicki,546
7,Wskaźnik gęstości zaludnienia,2011,powiat,powiat bocheński,powiat bocheński,160.00
7,Wskaźnik gęstości zaludnienia,2011,gmina,Bochnia (miasto),powiat bocheński,1014
7,Wskaźnik gęstości zaludnienia,2011,gmina,Bochnia (wieś),powiat bocheński,145
7,Wskaźnik gęstości zaludnienia,2011,gmina,Drwinia,powiat bocheński,60
7,Wskaźnik gęstości zaludnienia,2011,gmina,Lipnica Murowana,powiat bocheński,92
7,Wskaźnik gęstości zaludnienia,2011,gmina,Łapanów,powiat bocheński,108
7,Wskaźnik gęstości zaludnienia,2011,gmina,Nowy Wiśnicz,powiat bocheński,163
7,Wskaźnik gęstości zaludnienia,2011,gmina,Rzezawa,powiat bocheński,127
7,Wskaźnik gęstości zaludnienia,2011,gmina,Trzciana,powiat bocheński,119
7,Wskaźnik gęstości zaludnienia,2011,gmina,Żegocina,powiat bocheński,149
7,Wskaźnik gęstości zaludnienia,2011,powiat,powiat brzeski,powiat brzeski,156.00
7,Wskaźnik gęstości zaludnienia,2011,gmina,Borzęcin,powiat brzeski,82
7,Wskaźnik gęstości zaludnienia,2011,gmina,Brzesko,powiat brzeski,354
7,Wskaźnik gęstości zaludnienia,2011,gmina,Czchów,powiat brzeski,145
7,Wskaźnik gęstości zaludnienia,2011,gmina,Dębno,powiat brzeski,176
7,Wskaźnik gęstości zaludnienia,2011,gmina,Gnojnik,powiat brzeski,140
7,Wskaźnik gęstości zaludnienia,2011,gmina,Iwkowa,powiat brzeski,132
7,Wskaźnik gęstości zaludnienia,2011,gmina,Szczurowa,powiat brzeski,72
7,Wskaźnik gęstości zaludnienia,2011,powiat,powiat chrzanowski,powiat chrzanowski,344.00
7,Wskaźnik gęstości zaludnienia,2011,gmina,Alwernia,powiat chrzanowski,169
7,Wskaźnik gęstości zaludnienia,2011,gmina,Babice,powiat chrzanowski,166
7,Wskaźnik gęstości zaludnienia,2011,gmina,Chrzanów,powiat chrzanowski,615
7,Wskaźnik gęstości zaludnienia,2011,gmina,Libiąż,powiat chrzanowski,400
7,Wskaźnik gęstości zaludnienia,2011,gmina,Trzebinia,powiat chrzanowski,327
7,Wskaźnik gęstości zaludnienia,2011,powiat,powiat dąbrowski,powiat dąbrowski,112.00
7,Wskaźnik gęstości zaludnienia,2011,gmina,Bolesław,powiat dąbrowski,78
7,Wskaźnik gęstości zaludnienia,2011,gmina,Dąbrowa Tarnowska,powiat dąbrowski,181
7,Wskaźnik gęstości zaludnienia,2011,gmina,Gręboszów,powiat dąbrowski,72
7,Wskaźnik gęstości zaludnienia,2011,gmina,Mędrzechów,powiat dąbrowski,80
7,Wskaźnik gęstości zaludnienia,2011,gmina,Olesno,powiat dąbrowski,101
7,Wskaźnik gęstości zaludnienia,2011,gmina,Radgoszcz,powiat dąbrowski,84
7,Wskaźnik gęstości zaludnienia,2011,gmina,Szczucin,powiat dąbrowski,112
7,Wskaźnik gęstości zaludnienia,2011,powiat,powiat gorlicki,powiat gorlicki,113.00
7,Wskaźnik gęstości zaludnienia,2011,gmina,Biecz,powiat gorlicki,174
7,Wskaźnik gęstości zaludnienia,2011,gmina,Bobowa,powiat gorlicki,191
7,Wskaźnik gęstości zaludnienia,2011,gmina,Gorlice (miasto),powiat gorlicki,1219
7,Wskaźnik gęstości zaludnienia,2011,gmina,Gorlice (wieś),powiat gorlicki,165
7,Wskaźnik gęstości zaludnienia,2011,gmina,Lipinki,powiat gorlicki,103
7,Wskaźnik gęstości zaludnienia,2011,gmina,Łużna,powiat gorlicki,149
7,Wskaźnik gęstości zaludnienia,2011,gmina,Moszczenica,powiat gorlicki,130
7,Wskaźnik gęstości zaludnienia,2011,gmina,Ropa,powiat gorlicki,108
7,Wskaźnik gęstości zaludnienia,2011,gmina,Sękowa,powiat gorlicki,25
7,Wskaźnik gęstości zaludnienia,2011,gmina,Uście Gorlickie,powiat gorlicki,23
7,Wskaźnik gęstości zaludnienia,2011,powiat,powiat krakowski,powiat krakowski,213.00
7,Wskaźnik gęstości zaludnienia,2011,gmina,Czernichów,powiat krakowski,163
7,Wskaźnik gęstości zaludnienia,2011,gmina,Igołomia-Wawrzeńczyce,powiat krakowski,124
7,Wskaźnik gęstości zaludnienia,2011,gmina,Iwanowice,powiat krakowski,122
7,Wskaźnik gęstości zaludnienia,2011,gmina,Jerzmanowice-Przeginia,powiat krakowski,156
7,Wskaźnik gęstości zaludnienia,2011,gmina,Kocmyrzów-Luborzyca,powiat krakowski,177
7,Wskaźnik gęstości zaludnienia,2011,gmina,Krzeszowice,powiat krakowski,233
7,Wskaźnik gęstości zaludnienia,2011,gmina,Liszki,powiat krakowski,226
7,Wskaźnik gęstości zaludnienia,2011,gmina,Michałowice,powiat krakowski,183
7,Wskaźnik gęstości zaludnienia,2011,gmina,Mogilany,powiat krakowski,290
7,Wskaźnik gęstości zaludnienia,2011,gmina,Skała,powiat krakowski,136
7,Wskaźnik gęstości zaludnienia,2011,gmina,Skawina,powiat krakowski,429
7,Wskaźnik gęstości zaludnienia,2011,gmina,Słomniki,powiat krakowski,122
7,Wskaźnik gęstości zaludnienia,2011,gmina,Sułoszowa,powiat krakowski,109
7,Wskaźnik gęstości zaludnienia,2011,gmina,Świątniki Górne,powiat krakowski,462
7,Wskaźnik gęstości zaludnienia,2011,gmina,Wielka Wieś,powiat krakowski,218
7,Wskaźnik gęstości zaludnienia,2011,gmina,Zabierzów,powiat krakowski,246
7,Wskaźnik gęstości zaludnienia,2011,gmina,Zielonki,powiat krakowski,392
7,Wskaźnik gęstości zaludnienia,2011,powiat,powiat limanowski,powiat limanowski,134.00
7,Wskaźnik gęstości zaludnienia,2011,gmina,Dobra,powiat limanowski,88
7,Wskaźnik gęstości zaludnienia,2011,gmina,Jodłownik,powiat limanowski,115
7,Wskaźnik gęstości zaludnienia,2011,gmina,Kamienica,powiat limanowski,81
7,Wskaźnik gęstości zaludnienia,2011,gmina,Laskowa,powiat limanowski,108
7,Wskaźnik gęstości zaludnienia,2011,gmina,Limanowa (miasto),powiat limanowski,808
7,Wskaźnik gęstości zaludnienia,2011,gmina,Limanowa (wieś),powiat limanowski,159
7,Wskaźnik gęstości zaludnienia,2011,gmina,Łukowica,powiat limanowski,139
7,Wskaźnik gęstości zaludnienia,2011,gmina,Mszana Dolna (miasto),powiat limanowski,289
7,Wskaźnik gęstości zaludnienia,2011,gmina,Mszana Dolna (wieś),powiat limanowski,101
7,Wskaźnik gęstości zaludnienia,2011,gmina,Niedźwiedź,powiat limanowski,96
7,Wskaźnik gęstości zaludnienia,2011,gmina,Słopnice,powiat limanowski,111
7,Wskaźnik gęstości zaludnienia,2011,gmina,Tymbark,powiat limanowski,197
7,Wskaźnik gęstości zaludnienia,2011,powiat,powiat m. Kraków,powiat m. Kraków,2323.00
7,Wskaźnik gęstości zaludnienia,2011,powiat,powiat m. Nowy Sącz,powiat m. Nowy Sącz,1464.00
7,Wskaźnik gęstości zaludnienia,2011,powiat,powiat m. Tarnów,powiat m. Tarnów,1569.00
7,Wskaźnik gęstości zaludnienia,2011,powiat,powiat miechowski,powiat miechowski,74.00
7,Wskaźnik gęstości zaludnienia,2011,gmina,Charsznica,powiat miechowski,98
7,Wskaźnik gęstości zaludnienia,2011,gmina,Gołcza,powiat miechowski,69
7,Wskaźnik gęstości zaludnienia,2011,gmina,Kozłów,powiat miechowski,56
7,Wskaźnik gęstości zaludnienia,2011,gmina,Książ Wielki,powiat miechowski,39
7,Wskaźnik gęstości zaludnienia,2011,gmina,Miechów,powiat miechowski,135
7,Wskaźnik gęstości zaludnienia,2011,gmina,Racławice,powiat miechowski,42
7,Wskaźnik gęstości zaludnienia,2011,gmina,Słaboszów,powiat miechowski,49
7,Wskaźnik gęstości zaludnienia,2011,powiat,powiat myślenicki,powiat myślenicki,182.00
7,Wskaźnik gęstości zaludnienia,2011,gmina,Dobczyce,powiat myślenicki,224
7,Wskaźnik gęstości zaludnienia,2011,gmina,Lubień,powiat myślenicki,130
7,Wskaźnik gęstości zaludnienia,2011,gmina,Myślenice,powiat myślenicki,278
7,Wskaźnik gęstości zaludnienia,2011,gmina,Pcim,powiat myślenicki,121
7,Wskaźnik gęstości zaludnienia,2011,gmina,Raciechowice,powiat myślenicki,99
7,Wskaźnik gęstości zaludnienia,2011,gmina,Siepraw,powiat myślenicki,261
7,Wskaźnik gęstości zaludnienia,2011,gmina,Sułkowice,powiat myślenicki,239
7,Wskaźnik gęstości zaludnienia,2011,gmina,Tokarnia,powiat myślenicki,124
7,Wskaźnik gęstości zaludnienia,2011,gmina,Wiśniowa,powiat myślenicki,106
7,Wskaźnik gęstości zaludnienia,2011,powiat,powiat nowosądecki,powiat nowosądecki,135.00
7,Wskaźnik gęstości zaludnienia,2011,gmina,Podegrodzie,powiat nowosądecki,192
7,Wskaźnik gęstości zaludnienia,2011,gmina,Rytro,powiat nowosądecki,91
7,Wskaźnik gęstości zaludnienia,2011,gmina,Stary Sącz,powiat nowosądecki,230
7,Wskaźnik gęstości zaludnienia,2011,gmina,Chełmiec,powiat nowosądecki,237
7,Wskaźnik gęstości zaludnienia,2011,gmina,Gródek nad Dunajcem,powiat nowosądecki,104
7,Wskaźnik gęstości zaludnienia,2011,gmina,Grybów (miasto),powiat nowosądecki,367
7,Wskaźnik gęstości zaludnienia,2011,gmina,Grybów (wieś),powiat nowosądecki,157
7,Wskaźnik gęstości zaludnienia,2011,gmina,Kamionka Wielka,powiat nowosądecki,151
7,Wskaźnik gęstości zaludnienia,2011,gmina,Korzenna,powiat nowosądecki,130
7,Wskaźnik gęstości zaludnienia,2011,gmina,Krynica-Zdrój,powiat nowosądecki,117
7,Wskaźnik gęstości zaludnienia,2011,gmina,Łabowa,powiat nowosądecki,48
7,Wskaźnik gęstości zaludnienia,2011,gmina,Łącko,powiat nowosądecki,119
7,Wskaźnik gęstości zaludnienia,2011,gmina,Łososina Dolna,powiat nowosądecki,124
7,Wskaźnik gęstości zaludnienia,2011,gmina,Muszyna,powiat nowosądecki,83
7,Wskaźnik gęstości zaludnienia,2011,gmina,Nawojowa,powiat nowosądecki,163
7,Wskaźnik gęstości zaludnienia,2011,gmina,Piwniczna-Zdrój,powiat nowosądecki,85
7,Wskaźnik gęstości zaludnienia,2011,powiat,powiat nowotarski,powiat nowotarski,128.00
7,Wskaźnik gęstości zaludnienia,2011,gmina,Czarny Dunajec,powiat nowotarski,101
7,Wskaźnik gęstości zaludnienia,2011,gmina,Czorsztyn,powiat nowotarski,119
7,Wskaźnik gęstości zaludnienia,2011,gmina,Jabłonka,powiat nowotarski,84
7,Wskaźnik gęstości zaludnienia,2011,gmina,Krościenko nad Dunajcem,powiat nowotarski,117
7,Wskaźnik gęstości zaludnienia,2011,gmina,Lipnica Wielka,powiat nowotarski,88
7,Wskaźnik gęstości zaludnienia,2011,gmina,Łapsze Niżne,powiat nowotarski,72
7,Wskaźnik gęstości zaludnienia,2011,gmina,Nowy Targ (miasto),powiat nowotarski,662
7,Wskaźnik gęstości zaludnienia,2011,gmina,Nowy Targ (wieś),powiat nowotarski,112
7,Wskaźnik gęstości zaludnienia,2011,gmina,Ochotnica Dolna,powiat nowotarski,59
7,Wskaźnik gęstości zaludnienia,2011,gmina,Raba Wyżna,powiat nowotarski,161
7,Wskaźnik gęstości zaludnienia,2011,gmina,Rabka-Zdrój,powiat nowotarski,253
7,Wskaźnik gęstości zaludnienia,2011,gmina,Spytkowice,powiat nowotarski,135
7,Wskaźnik gęstości zaludnienia,2011,gmina,Szaflary,powiat nowotarski,197
7,Wskaźnik gęstości zaludnienia,2011,gmina,Szczawnica,powiat nowotarski,85
7,Wskaźnik gęstości zaludnienia,2011,powiat,powiat olkuski,powiat olkuski,186.00
7,Wskaźnik gęstości zaludnienia,2011,gmina,Bolesław,powiat olkuski,194
7,Wskaźnik gęstości zaludnienia,2011,gmina,Bukowno,powiat olkuski,163
7,Wskaźnik gęstości zaludnienia,2011,gmina,Klucze,powiat olkuski,128
7,Wskaźnik gęstości zaludnienia,2011,gmina,Olkusz,powiat olkuski,334
7,Wskaźnik gęstości zaludnienia,2011,gmina,Trzyciąż,powiat olkuski,74
7,Wskaźnik gęstości zaludnienia,2011,gmina,Wolbrom,powiat olkuski,160
7,Wskaźnik gęstości zaludnienia,2011,powiat,powiat oświęcimski,powiat oświęcimski,382.00
7,Wskaźnik gęstości zaludnienia,2011,gmina,Brzeszcze,powiat oświęcimski,476
7,Wskaźnik gęstości zaludnienia,2011,gmina,Chełmek,powiat oświęcimski,479
7,Wskaźnik gęstości zaludnienia,2011,gmina,Kęty,powiat oświęcimski,450
7,Wskaźnik gęstości zaludnienia,2011,gmina,Osiek,powiat oświęcimski,198
7,Wskaźnik gęstości zaludnienia,2011,gmina,Oświęcim (miasto),powiat oświęcimski,1338
7,Wskaźnik gęstości zaludnienia,2011,gmina,Oświęcim (wieś),powiat oświęcimski,236
7,Wskaźnik gęstości zaludnienia,2011,gmina,Polanka Wielka,powiat oświęcimski,178
7,Wskaźnik gęstości zaludnienia,2011,gmina,Przeciszów,powiat oświęcimski,190
7,Wskaźnik gęstości zaludnienia,2011,gmina,Zator,powiat oświęcimski,179
7,Wskaźnik gęstości zaludnienia,2011,powiat,powiat proszowicki,powiat proszowicki,106.00
7,Wskaźnik gęstości zaludnienia,2011,gmina,Koniusza,powiat proszowicki,99
7,Wskaźnik gęstości zaludnienia,2011,gmina,Koszyce,powiat proszowicki,87
7,Wskaźnik gęstości zaludnienia,2011,gmina,Nowe Brzesko,powiat proszowicki,107
7,Wskaźnik gęstości zaludnienia,2011,gmina,Pałecznica,powiat proszowicki,77
7,Wskaźnik gęstości zaludnienia,2011,gmina,Proszowice,powiat proszowicki,165
7,Wskaźnik gęstości zaludnienia,2011,gmina,Radziemice,powiat proszowicki,60
7,Wskaźnik gęstości zaludnienia,2011,powiat,powiat suski,powiat suski,123.00
7,Wskaźnik gęstości zaludnienia,2011,gmina,Budzów,powiat suski,118
7,Wskaźnik gęstości zaludnienia,2011,gmina,Bystra-Sidzina,powiat suski,84
7,Wskaźnik gęstości zaludnienia,2011,gmina,Jordanów (miasto),powiat suski,252
7,Wskaźnik gęstości zaludnienia,2011,gmina,Jordanów (wieś),powiat suski,117
7,Wskaźnik gęstości zaludnienia,2011,gmina,Maków Podhalański,powiat suski,151
7,Wskaźnik gęstości zaludnienia,2011,gmina,Stryszawa,powiat suski,104
7,Wskaźnik gęstości zaludnienia,2011,gmina,Sucha Beskidzka,powiat suski,345
7,Wskaźnik gęstości zaludnienia,2011,gmina,Zawoja,powiat suski,71
7,Wskaźnik gęstości zaludnienia,2011,gmina,Zembrzyce,powiat suski,145
7,Wskaźnik gęstości zaludnienia,2011,powiat,powiat tarnowski,powiat tarnowski,140.00
7,Wskaźnik gęstości zaludnienia,2011,gmina,Ciężkowice,powiat tarnowski,109
7,Wskaźnik gęstości zaludnienia,2011,gmina,Gromnik,powiat tarnowski,125
7,Wskaźnik gęstości zaludnienia,2011,gmina,Lisia Góra,powiat tarnowski,139
7,Wskaźnik gęstości zaludnienia,2011,gmina,Pleśna,powiat tarnowski,142
7,Wskaźnik gęstości zaludnienia,2011,gmina,Radłów,powiat tarnowski,113
7,Wskaźnik gęstości zaludnienia,2011,gmina,Ryglice,powiat tarnowski,100
7,Wskaźnik gęstości zaludnienia,2011,gmina,Rzepiennik Strzyżewski,powiat tarnowski,96
7,Wskaźnik gęstości zaludnienia,2011,gmina,Skrzyszów,powiat tarnowski,159
7,Wskaźnik gęstości zaludnienia,2011,gmina,Szerzyny,powiat tarnowski,98
7,Wskaźnik gęstości zaludnienia,2011,gmina,Tarnów (wieś),powiat tarnowski,297
7,Wskaźnik gęstości zaludnienia,2011,gmina,Tuchów,powiat tarnowski,181
7,Wskaźnik gęstości zaludnienia,2011,gmina,Wierzchosławice,powiat tarnowski,141
7,Wskaźnik gęstości zaludnienia,2011,gmina,Wietrzychowice,powiat tarnowski,85
7,Wskaźnik gęstości zaludnienia,2011,gmina,Wojnicz,powiat tarnowski,167
7,Wskaźnik gęstości zaludnienia,2011,gmina,Zakliczyn,powiat tarnowski,101
7,Wskaźnik gęstości zaludnienia,2011,gmina,Żabno,powiat tarnowski,187
7,Wskaźnik gęstości zaludnienia,2011,powiat,powiat tatrzański,powiat tatrzański,143.00
7,Wskaźnik gęstości zaludnienia,2011,gmina,Biały Dunajec,powiat tatrzański,200
7,Wskaźnik gęstości zaludnienia,2011,gmina,Bukowina Tatrzańska,powiat tatrzański,98
7,Wskaźnik gęstości zaludnienia,2011,gmina,Kościelisko,powiat tatrzański,62
7,Wskaźnik gęstości zaludnienia,2011,gmina,Poronin,powiat tatrzański,135
7,Wskaźnik gęstości zaludnienia,2011,gmina,Zakopane,powiat tatrzański,331
7,Wskaźnik gęstości zaludnienia,2011,powiat,powiat wadowicki,powiat wadowicki,246.00
7,Wskaźnik gęstości zaludnienia,2011,gmina,Andrychów,powiat wadowicki,437
7,Wskaźnik gęstości zaludnienia,2011,gmina,Brzeźnica,powiat wadowicki,150
7,Wskaźnik gęstości zaludnienia,2011,gmina,Kalwaria Zebrzydowska,powiat wadowicki,262
7,Wskaźnik gęstości zaludnienia,2011,gmina,Lanckorona,powiat wadowicki,152
7,Wskaźnik gęstości zaludnienia,2011,gmina,Mucharz,powiat wadowicki,107
7,Wskaźnik gęstości zaludnienia,2011,gmina,Spytkowice,powiat wadowicki,203
7,Wskaźnik gęstości zaludnienia,2011,gmina,Stryszów,powiat wadowicki,148
7,Wskaźnik gęstości zaludnienia,2011,gmina,Tomice,powiat wadowicki,185
7,Wskaźnik gęstości zaludnienia,2011,gmina,Wadowice,powiat wadowicki,337
7,Wskaźnik gęstości zaludnienia,2011,gmina,Wieprz,powiat wadowicki,161
7,Wskaźnik gęstości zaludnienia,2011,powiat,powiat wielicki,powiat wielicki,281.00
7,Wskaźnik gęstości zaludnienia,2011,gmina,Biskupice,powiat wielicki,227
7,Wskaźnik gęstości zaludnienia,2011,gmina,Gdów,powiat wielicki,158
7,Wskaźnik gęstości zaludnienia,2011,gmina,Kłaj,powiat wielicki,161
7,Wskaźnik gęstości zaludnienia,2011,gmina,Niepołomice,powiat wielicki,256
7,Wskaźnik gęstości zaludnienia,2011,gmina,Wieliczka,powiat wielicki,539
7,Wskaźnik gęstości zaludnienia,2010,powiat,powiat bocheński,powiat bocheński,159.00
7,Wskaźnik gęstości zaludnienia,2010,gmina,Bochnia (miasto),powiat bocheński,1010
7,Wskaźnik gęstości zaludnienia,2010,gmina,Bochnia (wieś),powiat bocheński,144
7,Wskaźnik gęstości zaludnienia,2010,gmina,Drwinia,powiat bocheński,60
7,Wskaźnik gęstości zaludnienia,2010,gmina,Lipnica Murowana,powiat bocheński,92
7,Wskaźnik gęstości zaludnienia,2010,gmina,Łapanów,powiat bocheński,108
7,Wskaźnik gęstości zaludnienia,2010,gmina,Nowy Wiśnicz,powiat bocheński,162
7,Wskaźnik gęstości zaludnienia,2010,gmina,Rzezawa,powiat bocheński,127
7,Wskaźnik gęstości zaludnienia,2010,gmina,Trzciana,powiat bocheński,118
7,Wskaźnik gęstości zaludnienia,2010,gmina,Żegocina,powiat bocheński,148
7,Wskaźnik gęstości zaludnienia,2010,powiat,powiat brzeski,powiat brzeski,156.00
7,Wskaźnik gęstości zaludnienia,2010,gmina,Borzęcin,powiat brzeski,82
7,Wskaźnik gęstości zaludnienia,2010,gmina,Brzesko,powiat brzeski,354
7,Wskaźnik gęstości zaludnienia,2010,gmina,Czchów,powiat brzeski,144
7,Wskaźnik gęstości zaludnienia,2010,gmina,Dębno,powiat brzeski,175
7,Wskaźnik gęstości zaludnienia,2010,gmina,Gnojnik,powiat brzeski,139
7,Wskaźnik gęstości zaludnienia,2010,gmina,Iwkowa,powiat brzeski,131
7,Wskaźnik gęstości zaludnienia,2010,gmina,Szczurowa,powiat brzeski,73
7,Wskaźnik gęstości zaludnienia,2010,powiat,powiat chrzanowski,powiat chrzanowski,345.00
7,Wskaźnik gęstości zaludnienia,2010,gmina,Alwernia,powiat chrzanowski,168
7,Wskaźnik gęstości zaludnienia,2010,gmina,Babice,powiat chrzanowski,166
7,Wskaźnik gęstości zaludnienia,2010,gmina,Chrzanów,powiat chrzanowski,618
7,Wskaźnik gęstości zaludnienia,2010,gmina,Libiąż,powiat chrzanowski,401
7,Wskaźnik gęstości zaludnienia,2010,gmina,Trzebinia,powiat chrzanowski,327
7,Wskaźnik gęstości zaludnienia,2010,powiat,powiat dąbrowski,powiat dąbrowski,112.00
7,Wskaźnik gęstości zaludnienia,2010,gmina,Bolesław,powiat dąbrowski,80
7,Wskaźnik gęstości zaludnienia,2010,gmina,Dąbrowa Tarnowska,powiat dąbrowski,180
7,Wskaźnik gęstości zaludnienia,2010,gmina,Gręboszów,powiat dąbrowski,72
7,Wskaźnik gęstości zaludnienia,2010,gmina,Mędrzechów,powiat dąbrowski,80
7,Wskaźnik gęstości zaludnienia,2010,gmina,Olesno,powiat dąbrowski,101
7,Wskaźnik gęstości zaludnienia,2010,gmina,Radgoszcz,powiat dąbrowski,84
7,Wskaźnik gęstości zaludnienia,2010,gmina,Szczucin,powiat dąbrowski,112
7,Wskaźnik gęstości zaludnienia,2010,powiat,powiat gorlicki,powiat gorlicki,113.00
7,Wskaźnik gęstości zaludnienia,2010,gmina,Biecz,powiat gorlicki,174
7,Wskaźnik gęstości zaludnienia,2010,gmina,Bobowa,powiat gorlicki,191
7,Wskaźnik gęstości zaludnienia,2010,gmina,Gorlice (miasto),powiat gorlicki,1227
7,Wskaźnik gęstości zaludnienia,2010,gmina,Gorlice (wieś),powiat gorlicki,164
7,Wskaźnik gęstości zaludnienia,2010,gmina,Lipinki,powiat gorlicki,103
7,Wskaźnik gęstości zaludnienia,2010,gmina,Łużna,powiat gorlicki,148
7,Wskaźnik gęstości zaludnienia,2010,gmina,Moszczenica,powiat gorlicki,129
7,Wskaźnik gęstości zaludnienia,2010,gmina,Ropa,powiat gorlicki,107
7,Wskaźnik gęstości zaludnienia,2010,gmina,Sękowa,powiat gorlicki,25
7,Wskaźnik gęstości zaludnienia,2010,gmina,Uście Gorlickie,powiat gorlicki,23
7,Wskaźnik gęstości zaludnienia,2010,powiat,powiat krakowski,powiat krakowski,211.00
7,Wskaźnik gęstości zaludnienia,2010,gmina,Czernichów,powiat krakowski,162
7,Wskaźnik gęstości zaludnienia,2010,gmina,Igołomia-Wawrzeńczyce,powiat krakowski,124
7,Wskaźnik gęstości zaludnienia,2010,gmina,Iwanowice,powiat krakowski,120
7,Wskaźnik gęstości zaludnienia,2010,gmina,Jerzmanowice-Przeginia,powiat krakowski,156
7,Wskaźnik gęstości zaludnienia,2010,gmina,Kocmyrzów-Luborzyca,powiat krakowski,174
7,Wskaźnik gęstości zaludnienia,2010,gmina,Krzeszowice,powiat krakowski,232
7,Wskaźnik gęstości zaludnienia,2010,gmina,Liszki,powiat krakowski,224
7,Wskaźnik gęstości zaludnienia,2010,gmina,Michałowice,powiat krakowski,180
7,Wskaźnik gęstości zaludnienia,2010,gmina,Mogilany,powiat krakowski,285
7,Wskaźnik gęstości zaludnienia,2010,gmina,Skała,powiat krakowski,134
7,Wskaźnik gęstości zaludnienia,2010,gmina,Skawina,powiat krakowski,428
7,Wskaźnik gęstości zaludnienia,2010,gmina,Słomniki,powiat krakowski,122
7,Wskaźnik gęstości zaludnienia,2010,gmina,Sułoszowa,powiat krakowski,109
7,Wskaźnik gęstości zaludnienia,2010,gmina,Świątniki Górne,powiat krakowski,456
7,Wskaźnik gęstości zaludnienia,2010,gmina,Wielka Wieś,powiat krakowski,214
7,Wskaźnik gęstości zaludnienia,2010,gmina,Zabierzów,powiat krakowski,243
7,Wskaźnik gęstości zaludnienia,2010,gmina,Zielonki,powiat krakowski,379
7,Wskaźnik gęstości zaludnienia,2010,powiat,powiat limanowski,powiat limanowski,133.00
7,Wskaźnik gęstości zaludnienia,2010,gmina,Dobra,powiat limanowski,88
7,Wskaźnik gęstości zaludnienia,2010,gmina,Jodłownik,powiat limanowski,115
7,Wskaźnik gęstości zaludnienia,2010,gmina,Kamienica,powiat limanowski,80
7,Wskaźnik gęstości zaludnienia,2010,gmina,Laskowa,powiat limanowski,108
7,Wskaźnik gęstości zaludnienia,2010,gmina,Limanowa (miasto),powiat limanowski,811
7,Wskaźnik gęstości zaludnienia,2010,gmina,Limanowa (wieś),powiat limanowski,157
7,Wskaźnik gęstości zaludnienia,2010,gmina,Łukowica,powiat limanowski,138
7,Wskaźnik gęstości zaludnienia,2010,gmina,Mszana Dolna (miasto),powiat limanowski,288
7,Wskaźnik gęstości zaludnienia,2010,gmina,Mszana Dolna (wieś),powiat limanowski,100
7,Wskaźnik gęstości zaludnienia,2010,gmina,Niedźwiedź,powiat limanowski,96
7,Wskaźnik gęstości zaludnienia,2010,gmina,Słopnice,powiat limanowski,110
7,Wskaźnik gęstości zaludnienia,2010,gmina,Tymbark,powiat limanowski,196
7,Wskaźnik gęstości zaludnienia,2010,powiat,powiat m. Kraków,powiat m. Kraków,2319.00
7,Wskaźnik gęstości zaludnienia,2010,powiat,powiat m. Nowy Sącz,powiat m. Nowy Sącz,1465.00
7,Wskaźnik gęstości zaludnienia,2010,powiat,powiat m. Tarnów,powiat m. Tarnów,1577.00
7,Wskaźnik gęstości zaludnienia,2010,powiat,powiat miechowski,powiat miechowski,75.00
7,Wskaźnik gęstości zaludnienia,2010,gmina,Charsznica,powiat miechowski,99
7,Wskaźnik gęstości zaludnienia,2010,gmina,Gołcza,powiat miechowski,69
7,Wskaźnik gęstości zaludnienia,2010,gmina,Kozłów,powiat miechowski,57
7,Wskaźnik gęstości zaludnienia,2010,gmina,Książ Wielki,powiat miechowski,39
7,Wskaźnik gęstości zaludnienia,2010,gmina,Miechów,powiat miechowski,135
7,Wskaźnik gęstości zaludnienia,2010,gmina,Racławice,powiat miechowski,43
7,Wskaźnik gęstości zaludnienia,2010,gmina,Słaboszów,powiat miechowski,49
7,Wskaźnik gęstości zaludnienia,2010,powiat,powiat myślenicki,powiat myślenicki,181.00
7,Wskaźnik gęstości zaludnienia,2010,gmina,Dobczyce,powiat myślenicki,221
7,Wskaźnik gęstości zaludnienia,2010,gmina,Lubień,powiat myślenicki,129
7,Wskaźnik gęstości zaludnienia,2010,gmina,Myślenice,powiat myślenicki,277
7,Wskaźnik gęstości zaludnienia,2010,gmina,Pcim,powiat myślenicki,121
7,Wskaźnik gęstości zaludnienia,2010,gmina,Raciechowice,powiat myślenicki,98
7,Wskaźnik gęstości zaludnienia,2010,gmina,Siepraw,powiat myślenicki,258
7,Wskaźnik gęstości zaludnienia,2010,gmina,Sułkowice,powiat myślenicki,237
7,Wskaźnik gęstości zaludnienia,2010,gmina,Tokarnia,powiat myślenicki,123
7,Wskaźnik gęstości zaludnienia,2010,gmina,Wiśniowa,powiat myślenicki,105
7,Wskaźnik gęstości zaludnienia,2010,powiat,powiat nowosądecki,powiat nowosądecki,134.00
7,Wskaźnik gęstości zaludnienia,2010,gmina,Podegrodzie,powiat nowosądecki,189
7,Wskaźnik gęstości zaludnienia,2010,gmina,Rytro,powiat nowosądecki,90
7,Wskaźnik gęstości zaludnienia,2010,gmina,Stary Sącz,powiat nowosądecki,229
7,Wskaźnik gęstości zaludnienia,2010,gmina,Chełmiec,powiat nowosądecki,235
7,Wskaźnik gęstości zaludnienia,2010,gmina,Gródek nad Dunajcem,powiat nowosądecki,103
7,Wskaźnik gęstości zaludnienia,2010,gmina,Grybów (miasto),powiat nowosądecki,370
7,Wskaźnik gęstości zaludnienia,2010,gmina,Grybów (wieś),powiat nowosądecki,155
7,Wskaźnik gęstości zaludnienia,2010,gmina,Kamionka Wielka,powiat nowosądecki,149
7,Wskaźnik gęstości zaludnienia,2010,gmina,Korzenna,powiat nowosądecki,129
7,Wskaźnik gęstości zaludnienia,2010,gmina,Krynica-Zdrój,powiat nowosądecki,118
7,Wskaźnik gęstości zaludnienia,2010,gmina,Łabowa,powiat nowosądecki,47
7,Wskaźnik gęstości zaludnienia,2010,gmina,Łącko,powiat nowosądecki,118
7,Wskaźnik gęstości zaludnienia,2010,gmina,Łososina Dolna,powiat nowosądecki,123
7,Wskaźnik gęstości zaludnienia,2010,gmina,Muszyna,powiat nowosądecki,82
7,Wskaźnik gęstości zaludnienia,2010,gmina,Nawojowa,powiat nowosądecki,162
7,Wskaźnik gęstości zaludnienia,2010,gmina,Piwniczna-Zdrój,powiat nowosądecki,85
7,Wskaźnik gęstości zaludnienia,2010,powiat,powiat nowotarski,powiat nowotarski,127.00
7,Wskaźnik gęstości zaludnienia,2010,gmina,Czarny Dunajec,powiat nowotarski,101
7,Wskaźnik gęstości zaludnienia,2010,gmina,Czorsztyn,powiat nowotarski,119
7,Wskaźnik gęstości zaludnienia,2010,gmina,Jabłonka,powiat nowotarski,83
7,Wskaźnik gęstości zaludnienia,2010,gmina,Krościenko nad Dunajcem,powiat nowotarski,116
7,Wskaźnik gęstości zaludnienia,2010,gmina,Lipnica Wielka,powiat nowotarski,88
7,Wskaźnik gęstości zaludnienia,2010,gmina,Łapsze Niżne,powiat nowotarski,72
7,Wskaźnik gęstości zaludnienia,2010,gmina,Nowy Targ (miasto),powiat nowotarski,662
7,Wskaźnik gęstości zaludnienia,2010,gmina,Nowy Targ (wieś),powiat nowotarski,111
7,Wskaźnik gęstości zaludnienia,2010,gmina,Ochotnica Dolna,powiat nowotarski,58
7,Wskaźnik gęstości zaludnienia,2010,gmina,Raba Wyżna,powiat nowotarski,161
7,Wskaźnik gęstości zaludnienia,2010,gmina,Rabka-Zdrój,powiat nowotarski,254
7,Wskaźnik gęstości zaludnienia,2010,gmina,Spytkowice,powiat nowotarski,135
7,Wskaźnik gęstości zaludnienia,2010,gmina,Szaflary,powiat nowotarski,195
7,Wskaźnik gęstości zaludnienia,2010,gmina,Szczawnica,powiat nowotarski,84
7,Wskaźnik gęstości zaludnienia,2010,powiat,powiat olkuski,powiat olkuski,186.00
7,Wskaźnik gęstości zaludnienia,2010,gmina,Bolesław,powiat olkuski,194
7,Wskaźnik gęstości zaludnienia,2010,gmina,Bukowno,powiat olkuski,163
7,Wskaźnik gęstości zaludnienia,2010,gmina,Klucze,powiat olkuski,128
7,Wskaźnik gęstości zaludnienia,2010,gmina,Olkusz,powiat olkuski,335
7,Wskaźnik gęstości zaludnienia,2010,gmina,Trzyciąż,powiat olkuski,74
7,Wskaźnik gęstości zaludnienia,2010,gmina,Wolbrom,powiat olkuski,161
7,Wskaźnik gęstości zaludnienia,2010,powiat,powiat oświęcimski,powiat oświęcimski,382.00
7,Wskaźnik gęstości zaludnienia,2010,gmina,Brzeszcze,powiat oświęcimski,476
7,Wskaźnik gęstości zaludnienia,2010,gmina,Chełmek,powiat oświęcimski,478
7,Wskaźnik gęstości zaludnienia,2010,gmina,Kęty,powiat oświęcimski,448
7,Wskaźnik gęstości zaludnienia,2010,gmina,Osiek,powiat oświęcimski,198
7,Wskaźnik gęstości zaludnienia,2010,gmina,Oświęcim (miasto),powiat oświęcimski,1349
7,Wskaźnik gęstości zaludnienia,2010,gmina,Oświęcim (wieś),powiat oświęcimski,233
7,Wskaźnik gęstości zaludnienia,2010,gmina,Polanka Wielka,powiat oświęcimski,178
7,Wskaźnik gęstości zaludnienia,2010,gmina,Przeciszów,powiat oświęcimski,191
7,Wskaźnik gęstości zaludnienia,2010,gmina,Zator,powiat oświęcimski,178
7,Wskaźnik gęstości zaludnienia,2010,powiat,powiat proszowicki,powiat proszowicki,106.00
7,Wskaźnik gęstości zaludnienia,2010,gmina,Koniusza,powiat proszowicki,99
7,Wskaźnik gęstości zaludnienia,2010,gmina,Koszyce,powiat proszowicki,87
7,Wskaźnik gęstości zaludnienia,2010,gmina,Nowe Brzesko,powiat proszowicki,106
7,Wskaźnik gęstości zaludnienia,2010,gmina,Pałecznica,powiat proszowicki,77
7,Wskaźnik gęstości zaludnienia,2010,gmina,Proszowice,powiat proszowicki,165
7,Wskaźnik gęstości zaludnienia,2010,gmina,Radziemice,powiat proszowicki,60
7,Wskaźnik gęstości zaludnienia,2010,powiat,powiat suski,powiat suski,122.00
7,Wskaźnik gęstości zaludnienia,2010,gmina,Budzów,powiat suski,117
7,Wskaźnik gęstości zaludnienia,2010,gmina,Bystra-Sidzina,powiat suski,83
7,Wskaźnik gęstości zaludnienia,2010,gmina,Jordanów (miasto),powiat suski,251
7,Wskaźnik gęstości zaludnienia,2010,gmina,Jordanów (wieś),powiat suski,117
7,Wskaźnik gęstości zaludnienia,2010,gmina,Maków Podhalański,powiat suski,150
7,Wskaźnik gęstości zaludnienia,2010,gmina,Stryszawa,powiat suski,104
7,Wskaźnik gęstości zaludnienia,2010,gmina,Sucha Beskidzka,powiat suski,346
7,Wskaźnik gęstości zaludnienia,2010,gmina,Zawoja,powiat suski,71
7,Wskaźnik gęstości zaludnienia,2010,gmina,Zembrzyce,powiat suski,144
7,Wskaźnik gęstości zaludnienia,2010,powiat,powiat tarnowski,powiat tarnowski,140.00
7,Wskaźnik gęstości zaludnienia,2010,gmina,Ciężkowice,powiat tarnowski,108
7,Wskaźnik gęstości zaludnienia,2010,gmina,Gromnik,powiat tarnowski,125
7,Wskaźnik gęstości zaludnienia,2010,gmina,Lisia Góra,powiat tarnowski,138
7,Wskaźnik gęstości zaludnienia,2010,gmina,Pleśna,powiat tarnowski,143
7,Wskaźnik gęstości zaludnienia,2010,gmina,Radłów,powiat tarnowski,113
7,Wskaźnik gęstości zaludnienia,2010,gmina,Ryglice,powiat tarnowski,100
7,Wskaźnik gęstości zaludnienia,2010,gmina,Rzepiennik Strzyżewski,powiat tarnowski,97
7,Wskaźnik gęstości zaludnienia,2010,gmina,Skrzyszów,powiat tarnowski,158
7,Wskaźnik gęstości zaludnienia,2010,gmina,Szerzyny,powiat tarnowski,99
7,Wskaźnik gęstości zaludnienia,2010,gmina,Tarnów (wieś),powiat tarnowski,293
7,Wskaźnik gęstości zaludnienia,2010,gmina,Tuchów,powiat tarnowski,181
7,Wskaźnik gęstości zaludnienia,2010,gmina,Wierzchosławice,powiat tarnowski,141
7,Wskaźnik gęstości zaludnienia,2010,gmina,Wietrzychowice,powiat tarnowski,85
7,Wskaźnik gęstości zaludnienia,2010,gmina,Wojnicz,powiat tarnowski,167
7,Wskaźnik gęstości zaludnienia,2010,gmina,Zakliczyn,powiat tarnowski,101
7,Wskaźnik gęstości zaludnienia,2010,gmina,Żabno,powiat tarnowski,187
7,Wskaźnik gęstości zaludnienia,2010,powiat,powiat tatrzański,powiat tatrzański,143.00
7,Wskaźnik gęstości zaludnienia,2010,gmina,Biały Dunajec,powiat tatrzański,199
7,Wskaźnik gęstości zaludnienia,2010,gmina,Bukowina Tatrzańska,powiat tatrzański,97
7,Wskaźnik gęstości zaludnienia,2010,gmina,Kościelisko,powiat tatrzański,62
7,Wskaźnik gęstości zaludnienia,2010,gmina,Poronin,powiat tatrzański,134
7,Wskaźnik gęstości zaludnienia,2010,gmina,Zakopane,powiat tatrzański,331
7,Wskaźnik gęstości zaludnienia,2010,powiat,powiat wadowicki,powiat wadowicki,245.00
7,Wskaźnik gęstości zaludnienia,2010,gmina,Andrychów,powiat wadowicki,437
7,Wskaźnik gęstości zaludnienia,2010,gmina,Brzeźnica,powiat wadowicki,149
7,Wskaźnik gęstości zaludnienia,2010,gmina,Kalwaria Zebrzydowska,powiat wadowicki,262
7,Wskaźnik gęstości zaludnienia,2010,gmina,Lanckorona,powiat wadowicki,151
7,Wskaźnik gęstości zaludnienia,2010,gmina,Mucharz,powiat wadowicki,106
7,Wskaźnik gęstości zaludnienia,2010,gmina,Spytkowice,powiat wadowicki,202
7,Wskaźnik gęstości zaludnienia,2010,gmina,Stryszów,powiat wadowicki,148
7,Wskaźnik gęstości zaludnienia,2010,gmina,Tomice,powiat wadowicki,184
7,Wskaźnik gęstości zaludnienia,2010,gmina,Wadowice,powiat wadowicki,337
7,Wskaźnik gęstości zaludnienia,2010,gmina,Wieprz,powiat wadowicki,160
7,Wskaźnik gęstości zaludnienia,2010,powiat,powiat wielicki,powiat wielicki,276.00
7,Wskaźnik gęstości zaludnienia,2010,gmina,Biskupice,powiat wielicki,225
7,Wskaźnik gęstości zaludnienia,2010,gmina,Gdów,powiat wielicki,157
7,Wskaźnik gęstości zaludnienia,2010,gmina,Kłaj,powiat wielicki,159
7,Wskaźnik gęstości zaludnienia,2010,gmina,Niepołomice,powiat wielicki,251
7,Wskaźnik gęstości zaludnienia,2010,gmina,Wieliczka,powiat wielicki,530
7,Wskaźnik gęstości zaludnienia,2009,powiat,powiat bocheński,powiat bocheński,158.00
7,Wskaźnik gęstości zaludnienia,2009,gmina,Bochnia (miasto),powiat bocheński,996
7,Wskaźnik gęstości zaludnienia,2009,gmina,Bochnia (wieś),powiat bocheński,143
7,Wskaźnik gęstości zaludnienia,2009,gmina,Drwinia,powiat bocheński,59
7,Wskaźnik gęstości zaludnienia,2009,gmina,Lipnica Murowana,powiat bocheński,92
7,Wskaźnik gęstości zaludnienia,2009,gmina,Łapanów,powiat bocheński,107
7,Wskaźnik gęstości zaludnienia,2009,gmina,Nowy Wiśnicz,powiat bocheński,160
7,Wskaźnik gęstości zaludnienia,2009,gmina,Rzezawa,powiat bocheński,124
7,Wskaźnik gęstości zaludnienia,2009,gmina,Trzciana,powiat bocheński,117
7,Wskaźnik gęstości zaludnienia,2009,gmina,Żegocina,powiat bocheński,146
7,Wskaźnik gęstości zaludnienia,2009,powiat,powiat brzeski,powiat brzeski,155.00
7,Wskaźnik gęstości zaludnienia,2009,gmina,Borzęcin,powiat brzeski,81
7,Wskaźnik gęstości zaludnienia,2009,gmina,Brzesko,powiat brzeski,348
7,Wskaźnik gęstości zaludnienia,2009,gmina,Czchów,powiat brzeski,142
7,Wskaźnik gęstości zaludnienia,2009,gmina,Dębno,powiat brzeski,173
7,Wskaźnik gęstości zaludnienia,2009,gmina,Gnojnik,powiat brzeski,137
7,Wskaźnik gęstości zaludnienia,2009,gmina,Iwkowa,powiat brzeski,132
7,Wskaźnik gęstości zaludnienia,2009,gmina,Szczurowa,powiat brzeski,73
7,Wskaźnik gęstości zaludnienia,2009,powiat,powiat chrzanowski,powiat chrzanowski,344.00
7,Wskaźnik gęstości zaludnienia,2009,gmina,Alwernia,powiat chrzanowski,168
7,Wskaźnik gęstości zaludnienia,2009,gmina,Babice,powiat chrzanowski,165
7,Wskaźnik gęstości zaludnienia,2009,gmina,Chrzanów,powiat chrzanowski,619
7,Wskaźnik gęstości zaludnienia,2009,gmina,Libiąż,powiat chrzanowski,397
7,Wskaźnik gęstości zaludnienia,2009,gmina,Trzebinia,powiat chrzanowski,324
7,Wskaźnik gęstości zaludnienia,2009,powiat,powiat dąbrowski,powiat dąbrowski,111.00
7,Wskaźnik gęstości zaludnienia,2009,gmina,Bolesław,powiat dąbrowski,79
7,Wskaźnik gęstości zaludnienia,2009,gmina,Dąbrowa Tarnowska,powiat dąbrowski,176
7,Wskaźnik gęstości zaludnienia,2009,gmina,Gręboszów,powiat dąbrowski,72
7,Wskaźnik gęstości zaludnienia,2009,gmina,Mędrzechów,powiat dąbrowski,80
7,Wskaźnik gęstości zaludnienia,2009,gmina,Olesno,powiat dąbrowski,99
7,Wskaźnik gęstości zaludnienia,2009,gmina,Radgoszcz,powiat dąbrowski,83
7,Wskaźnik gęstości zaludnienia,2009,gmina,Szczucin,powiat dąbrowski,111
7,Wskaźnik gęstości zaludnienia,2009,powiat,powiat gorlicki,powiat gorlicki,111.00
7,Wskaźnik gęstości zaludnienia,2009,gmina,Biecz,powiat gorlicki,172
7,Wskaźnik gęstości zaludnienia,2009,gmina,Bobowa,powiat gorlicki,187
7,Wskaźnik gęstości zaludnienia,2009,gmina,Gorlice (miasto),powiat gorlicki,1203
7,Wskaźnik gęstości zaludnienia,2009,gmina,Gorlice (wieś),powiat gorlicki,159
7,Wskaźnik gęstości zaludnienia,2009,gmina,Lipinki,powiat gorlicki,102
7,Wskaźnik gęstości zaludnienia,2009,gmina,Łużna,powiat gorlicki,147
7,Wskaźnik gęstości zaludnienia,2009,gmina,Moszczenica,powiat gorlicki,125
7,Wskaźnik gęstości zaludnienia,2009,gmina,Ropa,powiat gorlicki,106
7,Wskaźnik gęstości zaludnienia,2009,gmina,Sękowa,powiat gorlicki,25
7,Wskaźnik gęstości zaludnienia,2009,gmina,Uście Gorlickie,powiat gorlicki,22
7,Wskaźnik gęstości zaludnienia,2009,powiat,powiat krakowski,powiat krakowski,206.00
7,Wskaźnik gęstości zaludnienia,2009,gmina,Czernichów,powiat krakowski,157
7,Wskaźnik gęstości zaludnienia,2009,gmina,Igołomia-Wawrzeńczyce,powiat krakowski,123
7,Wskaźnik gęstości zaludnienia,2009,gmina,Iwanowice,powiat krakowski,121
7,Wskaźnik gęstości zaludnienia,2009,gmina,Jerzmanowice-Przeginia,powiat krakowski,156
7,Wskaźnik gęstości zaludnienia,2009,gmina,Kocmyrzów-Luborzyca,powiat krakowski,170
7,Wskaźnik gęstości zaludnienia,2009,gmina,Krzeszowice,powiat krakowski,229
7,Wskaźnik gęstości zaludnienia,2009,gmina,Liszki,powiat krakowski,224
7,Wskaźnik gęstości zaludnienia,2009,gmina,Michałowice,powiat krakowski,165
7,Wskaźnik gęstości zaludnienia,2009,gmina,Mogilany,powiat krakowski,274
7,Wskaźnik gęstości zaludnienia,2009,gmina,Skała,powiat krakowski,131
7,Wskaźnik gęstości zaludnienia,2009,gmina,Skawina,powiat krakowski,420
7,Wskaźnik gęstości zaludnienia,2009,gmina,Słomniki,powiat krakowski,121
7,Wskaźnik gęstości zaludnienia,2009,gmina,Sułoszowa,powiat krakowski,111
7,Wskaźnik gęstości zaludnienia,2009,gmina,Świątniki Górne,powiat krakowski,436
7,Wskaźnik gęstości zaludnienia,2009,gmina,Wielka Wieś,powiat krakowski,206
7,Wskaźnik gęstości zaludnienia,2009,gmina,Zabierzów,powiat krakowski,235
7,Wskaźnik gęstości zaludnienia,2009,gmina,Zielonki,powiat krakowski,359
7,Wskaźnik gęstości zaludnienia,2009,powiat,powiat limanowski,powiat limanowski,131.00
7,Wskaźnik gęstości zaludnienia,2009,gmina,Dobra,powiat limanowski,85
7,Wskaźnik gęstości zaludnienia,2009,gmina,Jodłownik,powiat limanowski,113
7,Wskaźnik gęstości zaludnienia,2009,gmina,Kamienica,powiat limanowski,79
7,Wskaźnik gęstości zaludnienia,2009,gmina,Laskowa,powiat limanowski,105
7,Wskaźnik gęstości zaludnienia,2009,gmina,Limanowa (miasto),powiat limanowski,795
7,Wskaźnik gęstości zaludnienia,2009,gmina,Limanowa (wieś),powiat limanowski,154
7,Wskaźnik gęstości zaludnienia,2009,gmina,Łukowica,powiat limanowski,136
7,Wskaźnik gęstości zaludnienia,2009,gmina,Mszana Dolna (miasto),powiat limanowski,278
7,Wskaźnik gęstości zaludnienia,2009,gmina,Mszana Dolna (wieś),powiat limanowski,99
7,Wskaźnik gęstości zaludnienia,2009,gmina,Niedźwiedź,powiat limanowski,94
7,Wskaźnik gęstości zaludnienia,2009,gmina,Słopnice,powiat limanowski,107
7,Wskaźnik gęstości zaludnienia,2009,gmina,Tymbark,powiat limanowski,194
7,Wskaźnik gęstości zaludnienia,2009,powiat,powiat m. Kraków,powiat m. Kraków,2310.00
7,Wskaźnik gęstości zaludnienia,2009,powiat,powiat m. Nowy Sącz,powiat m. Nowy Sącz,1468.00
7,Wskaźnik gęstości zaludnienia,2009,powiat,powiat m. Tarnów,powiat m. Tarnów,1591.00
7,Wskaźnik gęstości zaludnienia,2009,powiat,powiat miechowski,powiat miechowski,74.00
7,Wskaźnik gęstości zaludnienia,2009,gmina,Charsznica,powiat miechowski,98
7,Wskaźnik gęstości zaludnienia,2009,gmina,Gołcza,powiat miechowski,68
7,Wskaźnik gęstości zaludnienia,2009,gmina,Kozłów,powiat miechowski,58
7,Wskaźnik gęstości zaludnienia,2009,gmina,Książ Wielki,powiat miechowski,39
7,Wskaźnik gęstości zaludnienia,2009,gmina,Miechów,powiat miechowski,132
7,Wskaźnik gęstości zaludnienia,2009,gmina,Racławice,powiat miechowski,43
7,Wskaźnik gęstości zaludnienia,2009,gmina,Słaboszów,powiat miechowski,49
7,Wskaźnik gęstości zaludnienia,2009,powiat,powiat myślenicki,powiat myślenicki,178.00
7,Wskaźnik gęstości zaludnienia,2009,gmina,Dobczyce,powiat myślenicki,218
7,Wskaźnik gęstości zaludnienia,2009,gmina,Lubień,powiat myślenicki,128
7,Wskaźnik gęstości zaludnienia,2009,gmina,Myślenice,powiat myślenicki,273
7,Wskaźnik gęstości zaludnienia,2009,gmina,Pcim,powiat myślenicki,119
7,Wskaźnik gęstości zaludnienia,2009,gmina,Raciechowice,powiat myślenicki,97
7,Wskaźnik gęstości zaludnienia,2009,gmina,Siepraw,powiat myślenicki,251
7,Wskaźnik gęstości zaludnienia,2009,gmina,Sułkowice,powiat myślenicki,234
7,Wskaźnik gęstości zaludnienia,2009,gmina,Tokarnia,powiat myślenicki,121
7,Wskaźnik gęstości zaludnienia,2009,gmina,Wiśniowa,powiat myślenicki,104
7,Wskaźnik gęstości zaludnienia,2009,powiat,powiat nowosądecki,powiat nowosądecki,131.00
7,Wskaźnik gęstości zaludnienia,2009,gmina,Podegrodzie,powiat nowosądecki,184
7,Wskaźnik gęstości zaludnienia,2009,gmina,Rytro,powiat nowosądecki,87
7,Wskaźnik gęstości zaludnienia,2009,gmina,Stary Sącz,powiat nowosądecki,224
7,Wskaźnik gęstości zaludnienia,2009,gmina,Chełmiec,powiat nowosądecki,230
7,Wskaźnik gęstości zaludnienia,2009,gmina,Gródek nad Dunajcem,powiat nowosądecki,102
7,Wskaźnik gęstości zaludnienia,2009,gmina,Grybów (miasto),powiat nowosądecki,353
7,Wskaźnik gęstości zaludnienia,2009,gmina,Grybów (wieś),powiat nowosądecki,152
7,Wskaźnik gęstości zaludnienia,2009,gmina,Kamionka Wielka,powiat nowosądecki,148
7,Wskaźnik gęstości zaludnienia,2009,gmina,Korzenna,powiat nowosądecki,127
7,Wskaźnik gęstości zaludnienia,2009,gmina,Krynica-Zdrój,powiat nowosądecki,114
7,Wskaźnik gęstości zaludnienia,2009,gmina,Łabowa,powiat nowosądecki,45
7,Wskaźnik gęstości zaludnienia,2009,gmina,Łącko,powiat nowosądecki,115
7,Wskaźnik gęstości zaludnienia,2009,gmina,Łososina Dolna,powiat nowosądecki,119
7,Wskaźnik gęstości zaludnienia,2009,gmina,Muszyna,powiat nowosądecki,81
7,Wskaźnik gęstości zaludnienia,2009,gmina,Nawojowa,powiat nowosądecki,160
7,Wskaźnik gęstości zaludnienia,2009,gmina,Piwniczna-Zdrój,powiat nowosądecki,83
7,Wskaźnik gęstości zaludnienia,2009,powiat,powiat nowotarski,powiat nowotarski,126.00
7,Wskaźnik gęstości zaludnienia,2009,gmina,Czarny Dunajec,powiat nowotarski,100
7,Wskaźnik gęstości zaludnienia,2009,gmina,Czorsztyn,powiat nowotarski,117
7,Wskaźnik gęstości zaludnienia,2009,gmina,Jabłonka,powiat nowotarski,82
7,Wskaźnik gęstości zaludnienia,2009,gmina,Krościenko nad Dunajcem,powiat nowotarski,115
7,Wskaźnik gęstości zaludnienia,2009,gmina,Lipnica Wielka,powiat nowotarski,86
7,Wskaźnik gęstości zaludnienia,2009,gmina,Łapsze Niżne,powiat nowotarski,72
7,Wskaźnik gęstości zaludnienia,2009,gmina,Nowy Targ (miasto),powiat nowotarski,655
7,Wskaźnik gęstości zaludnienia,2009,gmina,Nowy Targ (wieś),powiat nowotarski,109
7,Wskaźnik gęstości zaludnienia,2009,gmina,Ochotnica Dolna,powiat nowotarski,57
7,Wskaźnik gęstości zaludnienia,2009,gmina,Raba Wyżna,powiat nowotarski,157
7,Wskaźnik gęstości zaludnienia,2009,gmina,Rabka-Zdrój,powiat nowotarski,250
7,Wskaźnik gęstości zaludnienia,2009,gmina,Spytkowice,powiat nowotarski,128
7,Wskaźnik gęstości zaludnienia,2009,gmina,Szaflary,powiat nowotarski,193
7,Wskaźnik gęstości zaludnienia,2009,gmina,Szczawnica,powiat nowotarski,84
7,Wskaźnik gęstości zaludnienia,2009,powiat,powiat olkuski,powiat olkuski,184.00
7,Wskaźnik gęstości zaludnienia,2009,gmina,Bolesław,powiat olkuski,193
7,Wskaźnik gęstości zaludnienia,2009,gmina,Bukowno,powiat olkuski,164
7,Wskaźnik gęstości zaludnienia,2009,gmina,Klucze,powiat olkuski,125
7,Wskaźnik gęstości zaludnienia,2009,gmina,Olkusz,powiat olkuski,331
7,Wskaźnik gęstości zaludnienia,2009,gmina,Trzyciąż,powiat olkuski,74
7,Wskaźnik gęstości zaludnienia,2009,gmina,Wolbrom,powiat olkuski,159
7,Wskaźnik gęstości zaludnienia,2009,powiat,powiat oświęcimski,powiat oświęcimski,379.00
7,Wskaźnik gęstości zaludnienia,2009,gmina,Brzeszcze,powiat oświęcimski,470
7,Wskaźnik gęstości zaludnienia,2009,gmina,Chełmek,powiat oświęcimski,471
7,Wskaźnik gęstości zaludnienia,2009,gmina,Kęty,powiat oświęcimski,443
7,Wskaźnik gęstości zaludnienia,2009,gmina,Osiek,powiat oświęcimski,196
7,Wskaźnik gęstości zaludnienia,2009,gmina,Oświęcim (miasto),powiat oświęcimski,1339
7,Wskaźnik gęstości zaludnienia,2009,gmina,Oświęcim (wieś),powiat oświęcimski,232
7,Wskaźnik gęstości zaludnienia,2009,gmina,Polanka Wielka,powiat oświęcimski,177
7,Wskaźnik gęstości zaludnienia,2009,gmina,Przeciszów,powiat oświęcimski,190
7,Wskaźnik gęstości zaludnienia,2009,gmina,Zator,powiat oświęcimski,177
7,Wskaźnik gęstości zaludnienia,2009,powiat,powiat proszowicki,powiat proszowicki,105.00
7,Wskaźnik gęstości zaludnienia,2009,gmina,Koniusza,powiat proszowicki,99
7,Wskaźnik gęstości zaludnienia,2009,gmina,Koszyce,powiat proszowicki,84
7,Wskaźnik gęstości zaludnienia,2009,gmina,Nowe Brzesko,powiat proszowicki,107
7,Wskaźnik gęstości zaludnienia,2009,gmina,Pałecznica,powiat proszowicki,78
7,Wskaźnik gęstości zaludnienia,2009,gmina,Proszowice,powiat proszowicki,162
7,Wskaźnik gęstości zaludnienia,2009,gmina,Radziemice,powiat proszowicki,58
7,Wskaźnik gęstości zaludnienia,2009,powiat,powiat suski,powiat suski,121.00
7,Wskaźnik gęstości zaludnienia,2009,gmina,Budzów,powiat suski,115
7,Wskaźnik gęstości zaludnienia,2009,gmina,Bystra-Sidzina,powiat suski,81
7,Wskaźnik gęstości zaludnienia,2009,gmina,Jordanów (miasto),powiat suski,248
7,Wskaźnik gęstości zaludnienia,2009,gmina,Jordanów (wieś),powiat suski,115
7,Wskaźnik gęstości zaludnienia,2009,gmina,Maków Podhalański,powiat suski,147
7,Wskaźnik gęstości zaludnienia,2009,gmina,Stryszawa,powiat suski,103
7,Wskaźnik gęstości zaludnienia,2009,gmina,Sucha Beskidzka,powiat suski,345
7,Wskaźnik gęstości zaludnienia,2009,gmina,Zawoja,powiat suski,70
7,Wskaźnik gęstości zaludnienia,2009,gmina,Zembrzyce,powiat suski,142
7,Wskaźnik gęstości zaludnienia,2009,powiat,powiat tarnowski,powiat tarnowski,139.00
7,Wskaźnik gęstości zaludnienia,2009,gmina,Ciężkowice,powiat tarnowski,107
7,Wskaźnik gęstości zaludnienia,2009,gmina,Gromnik,powiat tarnowski,123
7,Wskaźnik gęstości zaludnienia,2009,gmina,Lisia Góra,powiat tarnowski,135
7,Wskaźnik gęstości zaludnienia,2009,gmina,Pleśna,powiat tarnowski,141
7,Wskaźnik gęstości zaludnienia,2009,gmina,Radłów,powiat tarnowski,113
7,Wskaźnik gęstości zaludnienia,2009,gmina,Ryglice,powiat tarnowski,98
7,Wskaźnik gęstości zaludnienia,2009,gmina,Rzepiennik Strzyżewski,powiat tarnowski,97
7,Wskaźnik gęstości zaludnienia,2009,gmina,Skrzyszów,powiat tarnowski,156
7,Wskaźnik gęstości zaludnienia,2009,gmina,Szerzyny,powiat tarnowski,99
7,Wskaźnik gęstości zaludnienia,2009,gmina,Tarnów (wieś),powiat tarnowski,288
7,Wskaźnik gęstości zaludnienia,2009,gmina,Tuchów,powiat tarnowski,178
7,Wskaźnik gęstości zaludnienia,2009,gmina,Wierzchosławice,powiat tarnowski,142
7,Wskaźnik gęstości zaludnienia,2009,gmina,Wietrzychowice,powiat tarnowski,85
7,Wskaźnik gęstości zaludnienia,2009,gmina,Wojnicz,powiat tarnowski,166
7,Wskaźnik gęstości zaludnienia,2009,gmina,Zakliczyn,powiat tarnowski,101
7,Wskaźnik gęstości zaludnienia,2009,gmina,Żabno,powiat tarnowski,187
7,Wskaźnik gęstości zaludnienia,2009,powiat,powiat tatrzański,powiat tatrzański,138.00
7,Wskaźnik gęstości zaludnienia,2009,gmina,Biały Dunajec,powiat tatrzański,193
7,Wskaźnik gęstości zaludnienia,2009,gmina,Bukowina Tatrzańska,powiat tatrzański,96
7,Wskaźnik gęstości zaludnienia,2009,gmina,Kościelisko,powiat tatrzański,60
7,Wskaźnik gęstości zaludnienia,2009,gmina,Poronin,powiat tatrzański,131
7,Wskaźnik gęstości zaludnienia,2009,gmina,Zakopane,powiat tatrzański,317
7,Wskaźnik gęstości zaludnienia,2009,powiat,powiat wadowicki,powiat wadowicki,242.00
7,Wskaźnik gęstości zaludnienia,2009,gmina,Andrychów,powiat wadowicki,428
7,Wskaźnik gęstości zaludnienia,2009,gmina,Brzeźnica,powiat wadowicki,147
7,Wskaźnik gęstości zaludnienia,2009,gmina,Kalwaria Zebrzydowska,powiat wadowicki,259
7,Wskaźnik gęstości zaludnienia,2009,gmina,Lanckorona,powiat wadowicki,146
7,Wskaźnik gęstości zaludnienia,2009,gmina,Mucharz,powiat wadowicki,103
7,Wskaźnik gęstości zaludnienia,2009,gmina,Spytkowice,powiat wadowicki,201
7,Wskaźnik gęstości zaludnienia,2009,gmina,Stryszów,powiat wadowicki,145
7,Wskaźnik gęstości zaludnienia,2009,gmina,Tomice,powiat wadowicki,179
7,Wskaźnik gęstości zaludnienia,2009,gmina,Wadowice,powiat wadowicki,337
7,Wskaźnik gęstości zaludnienia,2009,gmina,Wieprz,powiat wadowicki,159
7,Wskaźnik gęstości zaludnienia,2009,powiat,powiat wielicki,powiat wielicki,269.00
7,Wskaźnik gęstości zaludnienia,2009,gmina,Biskupice,powiat wielicki,218
7,Wskaźnik gęstości zaludnienia,2009,gmina,Gdów,powiat wielicki,155
7,Wskaźnik gęstości zaludnienia,2009,gmina,Kłaj,powiat wielicki,155
7,Wskaźnik gęstości zaludnienia,2009,gmina,Niepołomice,powiat wielicki,244
7,Wskaźnik gęstości zaludnienia,2009,gmina,Wieliczka,powiat wielicki,512
7,Wskaźnik gęstości zaludnienia,2008,powiat,powiat bocheński,powiat bocheński,157.00
7,Wskaźnik gęstości zaludnienia,2008,gmina,Bochnia (miasto),powiat bocheński,991
7,Wskaźnik gęstości zaludnienia,2008,gmina,Bochnia (wieś),powiat bocheński,142
7,Wskaźnik gęstości zaludnienia,2008,gmina,Drwinia,powiat bocheński,59
7,Wskaźnik gęstości zaludnienia,2008,gmina,Lipnica Murowana,powiat bocheński,92
7,Wskaźnik gęstości zaludnienia,2008,gmina,Łapanów,powiat bocheński,106
7,Wskaźnik gęstości zaludnienia,2008,gmina,Nowy Wiśnicz,powiat bocheński,159
7,Wskaźnik gęstości zaludnienia,2008,gmina,Rzezawa,powiat bocheński,123
7,Wskaźnik gęstości zaludnienia,2008,gmina,Trzciana,powiat bocheński,115
7,Wskaźnik gęstości zaludnienia,2008,gmina,Żegocina,powiat bocheński,145
7,Wskaźnik gęstości zaludnienia,2008,powiat,powiat brzeski,powiat brzeski,154.00
7,Wskaźnik gęstości zaludnienia,2008,gmina,Borzęcin,powiat brzeski,82
7,Wskaźnik gęstości zaludnienia,2008,gmina,Brzesko,powiat brzeski,347
7,Wskaźnik gęstości zaludnienia,2008,gmina,Czchów,powiat brzeski,141
7,Wskaźnik gęstości zaludnienia,2008,gmina,Dębno,powiat brzeski,172
7,Wskaźnik gęstości zaludnienia,2008,gmina,Gnojnik,powiat brzeski,136
7,Wskaźnik gęstości zaludnienia,2008,gmina,Iwkowa,powiat brzeski,131
7,Wskaźnik gęstości zaludnienia,2008,gmina,Szczurowa,powiat brzeski,73
7,Wskaźnik gęstości zaludnienia,2008,powiat,powiat chrzanowski,powiat chrzanowski,344.00
7,Wskaźnik gęstości zaludnienia,2008,gmina,Alwernia,powiat chrzanowski,168
7,Wskaźnik gęstości zaludnienia,2008,gmina,Babice,powiat chrzanowski,165
7,Wskaźnik gęstości zaludnienia,2008,gmina,Chrzanów,powiat chrzanowski,621
7,Wskaźnik gęstości zaludnienia,2008,gmina,Libiąż,powiat chrzanowski,397
7,Wskaźnik gęstości zaludnienia,2008,gmina,Trzebinia,powiat chrzanowski,323
7,Wskaźnik gęstości zaludnienia,2008,powiat,powiat dąbrowski,powiat dąbrowski,111.00
7,Wskaźnik gęstości zaludnienia,2008,gmina,Bolesław,powiat dąbrowski,81
7,Wskaźnik gęstości zaludnienia,2008,gmina,Dąbrowa Tarnowska,powiat dąbrowski,175
7,Wskaźnik gęstości zaludnienia,2008,gmina,Gręboszów,powiat dąbrowski,73
7,Wskaźnik gęstości zaludnienia,2008,gmina,Mędrzechów,powiat dąbrowski,81
7,Wskaźnik gęstości zaludnienia,2008,gmina,Olesno,powiat dąbrowski,99
7,Wskaźnik gęstości zaludnienia,2008,gmina,Radgoszcz,powiat dąbrowski,83
7,Wskaźnik gęstości zaludnienia,2008,gmina,Szczucin,powiat dąbrowski,112
7,Wskaźnik gęstości zaludnienia,2008,powiat,powiat gorlicki,powiat gorlicki,111.00
7,Wskaźnik gęstości zaludnienia,2008,gmina,Biecz,powiat gorlicki,172
7,Wskaźnik gęstości zaludnienia,2008,gmina,Bobowa,powiat gorlicki,185
7,Wskaźnik gęstości zaludnienia,2008,gmina,Gorlice (miasto),powiat gorlicki,1209
7,Wskaźnik gęstości zaludnienia,2008,gmina,Gorlice (wieś),powiat gorlicki,159
7,Wskaźnik gęstości zaludnienia,2008,gmina,Lipinki,powiat gorlicki,102
7,Wskaźnik gęstości zaludnienia,2008,gmina,Łużna,powiat gorlicki,146
7,Wskaźnik gęstości zaludnienia,2008,gmina,Moszczenica,powiat gorlicki,125
7,Wskaźnik gęstości zaludnienia,2008,gmina,Ropa,powiat gorlicki,105
7,Wskaźnik gęstości zaludnienia,2008,gmina,Sękowa,powiat gorlicki,25
7,Wskaźnik gęstości zaludnienia,2008,gmina,Uście Gorlickie,powiat gorlicki,22
7,Wskaźnik gęstości zaludnienia,2008,powiat,powiat krakowski,powiat krakowski,203.00
7,Wskaźnik gęstości zaludnienia,2008,gmina,Czernichów,powiat krakowski,153
7,Wskaźnik gęstości zaludnienia,2008,gmina,Igołomia-Wawrzeńczyce,powiat krakowski,122
7,Wskaźnik gęstości zaludnienia,2008,gmina,Iwanowice,powiat krakowski,120
7,Wskaźnik gęstości zaludnienia,2008,gmina,Jerzmanowice-Przeginia,powiat krakowski,155
7,Wskaźnik gęstości zaludnienia,2008,gmina,Kocmyrzów-Luborzyca,powiat krakowski,167
7,Wskaźnik gęstości zaludnienia,2008,gmina,Krzeszowice,powiat krakowski,229
7,Wskaźnik gęstości zaludnienia,2008,gmina,Liszki,powiat krakowski,222
7,Wskaźnik gęstości zaludnienia,2008,gmina,Michałowice,powiat krakowski,161
7,Wskaźnik gęstości zaludnienia,2008,gmina,Mogilany,powiat krakowski,268
7,Wskaźnik gęstości zaludnienia,2008,gmina,Skała,powiat krakowski,130
7,Wskaźnik gęstości zaludnienia,2008,gmina,Skawina,powiat krakowski,418
7,Wskaźnik gęstości zaludnienia,2008,gmina,Słomniki,powiat krakowski,121
7,Wskaźnik gęstości zaludnienia,2008,gmina,Sułoszowa,powiat krakowski,111
7,Wskaźnik gęstości zaludnienia,2008,gmina,Świątniki Górne,powiat krakowski,432
7,Wskaźnik gęstości zaludnienia,2008,gmina,Wielka Wieś,powiat krakowski,201
7,Wskaźnik gęstości zaludnienia,2008,gmina,Zabierzów,powiat krakowski,233
7,Wskaźnik gęstości zaludnienia,2008,gmina,Zielonki,powiat krakowski,345
7,Wskaźnik gęstości zaludnienia,2008,powiat,powiat limanowski,powiat limanowski,130.00
7,Wskaźnik gęstości zaludnienia,2008,gmina,Dobra,powiat limanowski,85
7,Wskaźnik gęstości zaludnienia,2008,gmina,Jodłownik,powiat limanowski,112
7,Wskaźnik gęstości zaludnienia,2008,gmina,Kamienica,powiat limanowski,78
7,Wskaźnik gęstości zaludnienia,2008,gmina,Laskowa,powiat limanowski,104
7,Wskaźnik gęstości zaludnienia,2008,gmina,Limanowa (miasto),powiat limanowski,790
7,Wskaźnik gęstości zaludnienia,2008,gmina,Limanowa (wieś),powiat limanowski,153
7,Wskaźnik gęstości zaludnienia,2008,gmina,Łukowica,powiat limanowski,135
7,Wskaźnik gęstości zaludnienia,2008,gmina,Mszana Dolna (miasto),powiat limanowski,277
7,Wskaźnik gęstości zaludnienia,2008,gmina,Mszana Dolna (wieś),powiat limanowski,98
7,Wskaźnik gęstości zaludnienia,2008,gmina,Niedźwiedź,powiat limanowski,93
7,Wskaźnik gęstości zaludnienia,2008,gmina,Słopnice,powiat limanowski,106
7,Wskaźnik gęstości zaludnienia,2008,gmina,Tymbark,powiat limanowski,192
7,Wskaźnik gęstości zaludnienia,2008,powiat,powiat m. Kraków,powiat m. Kraków,2309.00
7,Wskaźnik gęstości zaludnienia,2008,powiat,powiat m. Nowy Sącz,powiat m. Nowy Sącz,1467.00
7,Wskaźnik gęstości zaludnienia,2008,powiat,powiat m. Tarnów,powiat m. Tarnów,1596.00
7,Wskaźnik gęstości zaludnienia,2008,powiat,powiat miechowski,powiat miechowski,74.00
7,Wskaźnik gęstości zaludnienia,2008,gmina,Charsznica,powiat miechowski,98
7,Wskaźnik gęstości zaludnienia,2008,gmina,Gołcza,powiat miechowski,69
7,Wskaźnik gęstości zaludnienia,2008,gmina,Kozłów,powiat miechowski,58
7,Wskaźnik gęstości zaludnienia,2008,gmina,Książ Wielki,powiat miechowski,40
7,Wskaźnik gęstości zaludnienia,2008,gmina,Miechów,powiat miechowski,133
7,Wskaźnik gęstości zaludnienia,2008,gmina,Racławice,powiat miechowski,43
7,Wskaźnik gęstości zaludnienia,2008,gmina,Słaboszów,powiat miechowski,49
7,Wskaźnik gęstości zaludnienia,2008,powiat,powiat myślenicki,powiat myślenicki,177.00
7,Wskaźnik gęstości zaludnienia,2008,gmina,Dobczyce,powiat myślenicki,216
7,Wskaźnik gęstości zaludnienia,2008,gmina,Lubień,powiat myślenicki,127
7,Wskaźnik gęstości zaludnienia,2008,gmina,Myślenice,powiat myślenicki,271
7,Wskaźnik gęstości zaludnienia,2008,gmina,Pcim,powiat myślenicki,118
7,Wskaźnik gęstości zaludnienia,2008,gmina,Raciechowice,powiat myślenicki,97
7,Wskaźnik gęstości zaludnienia,2008,gmina,Siepraw,powiat myślenicki,249
7,Wskaźnik gęstości zaludnienia,2008,gmina,Sułkowice,powiat myślenicki,232
7,Wskaźnik gęstości zaludnienia,2008,gmina,Tokarnia,powiat myślenicki,120
7,Wskaźnik gęstości zaludnienia,2008,gmina,Wiśniowa,powiat myślenicki,103
7,Wskaźnik gęstości zaludnienia,2008,powiat,powiat nowosądecki,powiat nowosądecki,130.00
7,Wskaźnik gęstości zaludnienia,2008,gmina,Podegrodzie,powiat nowosądecki,182
7,Wskaźnik gęstości zaludnienia,2008,gmina,Rytro,powiat nowosądecki,87
7,Wskaźnik gęstości zaludnienia,2008,gmina,Stary Sącz,powiat nowosądecki,223
7,Wskaźnik gęstości zaludnienia,2008,gmina,Chełmiec,powiat nowosądecki,228
7,Wskaźnik gęstości zaludnienia,2008,gmina,Gródek nad Dunajcem,powiat nowosądecki,102
7,Wskaźnik gęstości zaludnienia,2008,gmina,Grybów (miasto),powiat nowosądecki,354
7,Wskaźnik gęstości zaludnienia,2008,gmina,Grybów (wieś),powiat nowosądecki,150
7,Wskaźnik gęstości zaludnienia,2008,gmina,Kamionka Wielka,powiat nowosądecki,146
7,Wskaźnik gęstości zaludnienia,2008,gmina,Korzenna,powiat nowosądecki,127
7,Wskaźnik gęstości zaludnienia,2008,gmina,Krynica-Zdrój,powiat nowosądecki,115
7,Wskaźnik gęstości zaludnienia,2008,gmina,Łabowa,powiat nowosądecki,44
7,Wskaźnik gęstości zaludnienia,2008,gmina,Łącko,powiat nowosądecki,114
7,Wskaźnik gęstości zaludnienia,2008,gmina,Łososina Dolna,powiat nowosądecki,118
7,Wskaźnik gęstości zaludnienia,2008,gmina,Muszyna,powiat nowosądecki,81
7,Wskaźnik gęstości zaludnienia,2008,gmina,Nawojowa,powiat nowosądecki,158
7,Wskaźnik gęstości zaludnienia,2008,gmina,Piwniczna-Zdrój,powiat nowosądecki,83
7,Wskaźnik gęstości zaludnienia,2008,powiat,powiat nowotarski,powiat nowotarski,125.00
7,Wskaźnik gęstości zaludnienia,2008,gmina,Czarny Dunajec,powiat nowotarski,99
7,Wskaźnik gęstości zaludnienia,2008,gmina,Czorsztyn,powiat nowotarski,118
7,Wskaźnik gęstości zaludnienia,2008,gmina,Jabłonka,powiat nowotarski,81
7,Wskaźnik gęstości zaludnienia,2008,gmina,Krościenko nad Dunajcem,powiat nowotarski,115
7,Wskaźnik gęstości zaludnienia,2008,gmina,Lipnica Wielka,powiat nowotarski,85
7,Wskaźnik gęstości zaludnienia,2008,gmina,Łapsze Niżne,powiat nowotarski,71
7,Wskaźnik gęstości zaludnienia,2008,gmina,Nowy Targ (miasto),powiat nowotarski,653
7,Wskaźnik gęstości zaludnienia,2008,gmina,Nowy Targ (wieś),powiat nowotarski,108
7,Wskaźnik gęstości zaludnienia,2008,gmina,Ochotnica Dolna,powiat nowotarski,57
7,Wskaźnik gęstości zaludnienia,2008,gmina,Raba Wyżna,powiat nowotarski,155
7,Wskaźnik gęstości zaludnienia,2008,gmina,Rabka-Zdrój,powiat nowotarski,249
7,Wskaźnik gęstości zaludnienia,2008,gmina,Spytkowice,powiat nowotarski,127
7,Wskaźnik gęstości zaludnienia,2008,gmina,Szaflary,powiat nowotarski,192
7,Wskaźnik gęstości zaludnienia,2008,gmina,Szczawnica,powiat nowotarski,86
7,Wskaźnik gęstości zaludnienia,2008,powiat,powiat olkuski,powiat olkuski,184.00
7,Wskaźnik gęstości zaludnienia,2008,gmina,Bolesław,powiat olkuski,195
7,Wskaźnik gęstości zaludnienia,2008,gmina,Bukowno,powiat olkuski,164
7,Wskaźnik gęstości zaludnienia,2008,gmina,Klucze,powiat olkuski,125
7,Wskaźnik gęstości zaludnienia,2008,gmina,Olkusz,powiat olkuski,332
7,Wskaźnik gęstości zaludnienia,2008,gmina,Trzyciąż,powiat olkuski,74
7,Wskaźnik gęstości zaludnienia,2008,gmina,Wolbrom,powiat olkuski,159
7,Wskaźnik gęstości zaludnienia,2008,powiat,powiat oświęcimski,powiat oświęcimski,379.00
7,Wskaźnik gęstości zaludnienia,2008,gmina,Brzeszcze,powiat oświęcimski,472
7,Wskaźnik gęstości zaludnienia,2008,gmina,Chełmek,powiat oświęcimski,470
7,Wskaźnik gęstości zaludnienia,2008,gmina,Kęty,powiat oświęcimski,443
7,Wskaźnik gęstości zaludnienia,2008,gmina,Osiek,powiat oświęcimski,195
7,Wskaźnik gęstości zaludnienia,2008,gmina,Oświęcim (miasto),powiat oświęcimski,1344
7,Wskaźnik gęstości zaludnienia,2008,gmina,Oświęcim (wieś),powiat oświęcimski,229
7,Wskaźnik gęstości zaludnienia,2008,gmina,Polanka Wielka,powiat oświęcimski,174
7,Wskaźnik gęstości zaludnienia,2008,gmina,Przeciszów,powiat oświęcimski,189
7,Wskaźnik gęstości zaludnienia,2008,gmina,Zator,powiat oświęcimski,176
7,Wskaźnik gęstości zaludnienia,2008,powiat,powiat proszowicki,powiat proszowicki,105.00
7,Wskaźnik gęstości zaludnienia,2008,gmina,Koniusza,powiat proszowicki,98
7,Wskaźnik gęstości zaludnienia,2008,gmina,Koszyce,powiat proszowicki,85
7,Wskaźnik gęstości zaludnienia,2008,gmina,Nowe Brzesko,powiat proszowicki,106
7,Wskaźnik gęstości zaludnienia,2008,gmina,Pałecznica,powiat proszowicki,78
7,Wskaźnik gęstości zaludnienia,2008,gmina,Proszowice,powiat proszowicki,162
7,Wskaźnik gęstości zaludnienia,2008,gmina,Radziemice,powiat proszowicki,59
7,Wskaźnik gęstości zaludnienia,2008,powiat,powiat suski,powiat suski,120.00
7,Wskaźnik gęstości zaludnienia,2008,gmina,Budzów,powiat suski,114
7,Wskaźnik gęstości zaludnienia,2008,gmina,Bystra-Sidzina,powiat suski,81
7,Wskaźnik gęstości zaludnienia,2008,gmina,Jordanów (miasto),powiat suski,247
7,Wskaźnik gęstości zaludnienia,2008,gmina,Jordanów (wieś),powiat suski,115
7,Wskaźnik gęstości zaludnienia,2008,gmina,Maków Podhalański,powiat suski,147
7,Wskaźnik gęstości zaludnienia,2008,gmina,Stryszawa,powiat suski,103
7,Wskaźnik gęstości zaludnienia,2008,gmina,Sucha Beskidzka,powiat suski,348
7,Wskaźnik gęstości zaludnienia,2008,gmina,Zawoja,powiat suski,69
7,Wskaźnik gęstości zaludnienia,2008,gmina,Zembrzyce,powiat suski,143
7,Wskaźnik gęstości zaludnienia,2008,powiat,powiat tarnowski,powiat tarnowski,138.00
7,Wskaźnik gęstości zaludnienia,2008,gmina,Ciężkowice,powiat tarnowski,107
7,Wskaźnik gęstości zaludnienia,2008,gmina,Gromnik,powiat tarnowski,122
7,Wskaźnik gęstości zaludnienia,2008,gmina,Lisia Góra,powiat tarnowski,135
7,Wskaźnik gęstości zaludnienia,2008,gmina,Pleśna,powiat tarnowski,141
7,Wskaźnik gęstości zaludnienia,2008,gmina,Radłów,powiat tarnowski,112
7,Wskaźnik gęstości zaludnienia,2008,gmina,Ryglice,powiat tarnowski,98
7,Wskaźnik gęstości zaludnienia,2008,gmina,Rzepiennik Strzyżewski,powiat tarnowski,97
7,Wskaźnik gęstości zaludnienia,2008,gmina,Skrzyszów,powiat tarnowski,155
7,Wskaźnik gęstości zaludnienia,2008,gmina,Szerzyny,powiat tarnowski,99
7,Wskaźnik gęstości zaludnienia,2008,gmina,Tarnów (wieś),powiat tarnowski,284
7,Wskaźnik gęstości zaludnienia,2008,gmina,Tuchów,powiat tarnowski,177
7,Wskaźnik gęstości zaludnienia,2008,gmina,Wierzchosławice,powiat tarnowski,141
7,Wskaźnik gęstości zaludnienia,2008,gmina,Wietrzychowice,powiat tarnowski,86
7,Wskaźnik gęstości zaludnienia,2008,gmina,Wojnicz,powiat tarnowski,166
7,Wskaźnik gęstości zaludnienia,2008,gmina,Zakliczyn,powiat tarnowski,101
7,Wskaźnik gęstości zaludnienia,2008,gmina,Żabno,powiat tarnowski,186
7,Wskaźnik gęstości zaludnienia,2008,powiat,powiat tatrzański,powiat tatrzański,138.00
7,Wskaźnik gęstości zaludnienia,2008,gmina,Biały Dunajec,powiat tatrzański,192
7,Wskaźnik gęstości zaludnienia,2008,gmina,Bukowina Tatrzańska,powiat tatrzański,95
7,Wskaźnik gęstości zaludnienia,2008,gmina,Kościelisko,powiat tatrzański,59
7,Wskaźnik gęstości zaludnienia,2008,gmina,Poronin,powiat tatrzański,130
7,Wskaźnik gęstości zaludnienia,2008,gmina,Zakopane,powiat tatrzański,319
7,Wskaźnik gęstości zaludnienia,2008,powiat,powiat wadowicki,powiat wadowicki,242.00
7,Wskaźnik gęstości zaludnienia,2008,gmina,Andrychów,powiat wadowicki,428
7,Wskaźnik gęstości zaludnienia,2008,gmina,Brzeźnica,powiat wadowicki,149
7,Wskaźnik gęstości zaludnienia,2008,gmina,Kalwaria Zebrzydowska,powiat wadowicki,258
7,Wskaźnik gęstości zaludnienia,2008,gmina,Lanckorona,powiat wadowicki,146
7,Wskaźnik gęstości zaludnienia,2008,gmina,Mucharz,powiat wadowicki,103
7,Wskaźnik gęstości zaludnienia,2008,gmina,Spytkowice,powiat wadowicki,200
7,Wskaźnik gęstości zaludnienia,2008,gmina,Stryszów,powiat wadowicki,145
7,Wskaźnik gęstości zaludnienia,2008,gmina,Tomice,powiat wadowicki,178
7,Wskaźnik gęstości zaludnienia,2008,gmina,Wadowice,powiat wadowicki,336
7,Wskaźnik gęstości zaludnienia,2008,gmina,Wieprz,powiat wadowicki,157
7,Wskaźnik gęstości zaludnienia,2008,powiat,powiat wielicki,powiat wielicki,265.00
7,Wskaźnik gęstości zaludnienia,2008,gmina,Biskupice,powiat wielicki,215
7,Wskaźnik gęstości zaludnienia,2008,gmina,Gdów,powiat wielicki,153
7,Wskaźnik gęstości zaludnienia,2008,gmina,Kłaj,powiat wielicki,154
7,Wskaźnik gęstości zaludnienia,2008,gmina,Niepołomice,powiat wielicki,240
7,Wskaźnik gęstości zaludnienia,2008,gmina,Wieliczka,powiat wielicki,503
7,Wskaźnik gęstości zaludnienia,2007,powiat,powiat bocheński,powiat bocheński,156.00
7,Wskaźnik gęstości zaludnienia,2007,gmina,Bochnia (miasto),powiat bocheński,986
7,Wskaźnik gęstości zaludnienia,2007,gmina,Bochnia (wieś),powiat bocheński,142
7,Wskaźnik gęstości zaludnienia,2007,gmina,Drwinia,powiat bocheński,59
7,Wskaźnik gęstości zaludnienia,2007,gmina,Lipnica Murowana,powiat bocheński,92
7,Wskaźnik gęstości zaludnienia,2007,gmina,Łapanów,powiat bocheński,106
7,Wskaźnik gęstości zaludnienia,2007,gmina,Nowy Wiśnicz,powiat bocheński,159
7,Wskaźnik gęstości zaludnienia,2007,gmina,Rzezawa,powiat bocheński,123
7,Wskaźnik gęstości zaludnienia,2007,gmina,Trzciana,powiat bocheński,115
7,Wskaźnik gęstości zaludnienia,2007,gmina,Żegocina,powiat bocheński,144
7,Wskaźnik gęstości zaludnienia,2007,powiat,powiat brzeski,powiat brzeski,153.00
7,Wskaźnik gęstości zaludnienia,2007,gmina,Borzęcin,powiat brzeski,81
7,Wskaźnik gęstości zaludnienia,2007,gmina,Brzesko,powiat brzeski,346
7,Wskaźnik gęstości zaludnienia,2007,gmina,Czchów,powiat brzeski,139
7,Wskaźnik gęstości zaludnienia,2007,gmina,Dębno,powiat brzeski,171
7,Wskaźnik gęstości zaludnienia,2007,gmina,Gnojnik,powiat brzeski,135
7,Wskaźnik gęstości zaludnienia,2007,gmina,Iwkowa,powiat brzeski,130
7,Wskaźnik gęstości zaludnienia,2007,gmina,Szczurowa,powiat brzeski,73
7,Wskaźnik gęstości zaludnienia,2007,powiat,powiat chrzanowski,powiat chrzanowski,344.00
7,Wskaźnik gęstości zaludnienia,2007,gmina,Alwernia,powiat chrzanowski,168
7,Wskaźnik gęstości zaludnienia,2007,gmina,Babice,powiat chrzanowski,164
7,Wskaźnik gęstości zaludnienia,2007,gmina,Chrzanów,powiat chrzanowski,623
7,Wskaźnik gęstości zaludnienia,2007,gmina,Libiąż,powiat chrzanowski,399
7,Wskaźnik gęstości zaludnienia,2007,gmina,Trzebinia,powiat chrzanowski,323
7,Wskaźnik gęstości zaludnienia,2007,powiat,powiat dąbrowski,powiat dąbrowski,110.00
7,Wskaźnik gęstości zaludnienia,2007,gmina,Bolesław,powiat dąbrowski,80
7,Wskaźnik gęstości zaludnienia,2007,gmina,Dąbrowa Tarnowska,powiat dąbrowski,173
7,Wskaźnik gęstości zaludnienia,2007,gmina,Gręboszów,powiat dąbrowski,73
7,Wskaźnik gęstości zaludnienia,2007,gmina,Mędrzechów,powiat dąbrowski,81
7,Wskaźnik gęstości zaludnienia,2007,gmina,Olesno,powiat dąbrowski,98
7,Wskaźnik gęstości zaludnienia,2007,gmina,Radgoszcz,powiat dąbrowski,84
7,Wskaźnik gęstości zaludnienia,2007,gmina,Szczucin,powiat dąbrowski,111
7,Wskaźnik gęstości zaludnienia,2007,powiat,powiat gorlicki,powiat gorlicki,110.00
7,Wskaźnik gęstości zaludnienia,2007,gmina,Biecz,powiat gorlicki,172
7,Wskaźnik gęstości zaludnienia,2007,gmina,Bobowa,powiat gorlicki,185
7,Wskaźnik gęstości zaludnienia,2007,gmina,Gorlice (miasto),powiat gorlicki,1206
7,Wskaźnik gęstości zaludnienia,2007,gmina,Gorlice (wieś),powiat gorlicki,158
7,Wskaźnik gęstości zaludnienia,2007,gmina,Lipinki,powiat gorlicki,102
7,Wskaźnik gęstości zaludnienia,2007,gmina,Łużna,powiat gorlicki,145
7,Wskaźnik gęstości zaludnienia,2007,gmina,Moszczenica,powiat gorlicki,125
7,Wskaźnik gęstości zaludnienia,2007,gmina,Ropa,powiat gorlicki,104
7,Wskaźnik gęstości zaludnienia,2007,gmina,Sękowa,powiat gorlicki,25
7,Wskaźnik gęstości zaludnienia,2007,gmina,Uście Gorlickie,powiat gorlicki,22
7,Wskaźnik gęstości zaludnienia,2007,powiat,powiat krakowski,powiat krakowski,201.00
7,Wskaźnik gęstości zaludnienia,2007,gmina,Czernichów,powiat krakowski,152
7,Wskaźnik gęstości zaludnienia,2007,gmina,Igołomia-Wawrzeńczyce,powiat krakowski,122
7,Wskaźnik gęstości zaludnienia,2007,gmina,Iwanowice,powiat krakowski,118
7,Wskaźnik gęstości zaludnienia,2007,gmina,Jerzmanowice-Przeginia,powiat krakowski,155
7,Wskaźnik gęstości zaludnienia,2007,gmina,Kocmyrzów-Luborzyca,powiat krakowski,166
7,Wskaźnik gęstości zaludnienia,2007,gmina,Krzeszowice,powiat krakowski,227
7,Wskaźnik gęstości zaludnienia,2007,gmina,Liszki,powiat krakowski,219
7,Wskaźnik gęstości zaludnienia,2007,gmina,Michałowice,powiat krakowski,158
7,Wskaźnik gęstości zaludnienia,2007,gmina,Mogilany,powiat krakowski,264
7,Wskaźnik gęstości zaludnienia,2007,gmina,Skała,powiat krakowski,129
7,Wskaźnik gęstości zaludnienia,2007,gmina,Skawina,powiat krakowski,416
7,Wskaźnik gęstości zaludnienia,2007,gmina,Słomniki,powiat krakowski,121
7,Wskaźnik gęstości zaludnienia,2007,gmina,Sułoszowa,powiat krakowski,110
7,Wskaźnik gęstości zaludnienia,2007,gmina,Świątniki Górne,powiat krakowski,430
7,Wskaźnik gęstości zaludnienia,2007,gmina,Wielka Wieś,powiat krakowski,199
7,Wskaźnik gęstości zaludnienia,2007,gmina,Zabierzów,powiat krakowski,229
7,Wskaźnik gęstości zaludnienia,2007,gmina,Zielonki,powiat krakowski,334
7,Wskaźnik gęstości zaludnienia,2007,powiat,powiat limanowski,powiat limanowski,129.00
7,Wskaźnik gęstości zaludnienia,2007,gmina,Dobra,powiat limanowski,85
7,Wskaźnik gęstości zaludnienia,2007,gmina,Jodłownik,powiat limanowski,112
7,Wskaźnik gęstości zaludnienia,2007,gmina,Kamienica,powiat limanowski,77
7,Wskaźnik gęstości zaludnienia,2007,gmina,Laskowa,powiat limanowski,104
7,Wskaźnik gęstości zaludnienia,2007,gmina,Limanowa (miasto),powiat limanowski,789
7,Wskaźnik gęstości zaludnienia,2007,gmina,Limanowa (wieś),powiat limanowski,151
7,Wskaźnik gęstości zaludnienia,2007,gmina,Łukowica,powiat limanowski,134
7,Wskaźnik gęstości zaludnienia,2007,gmina,Mszana Dolna (miasto),powiat limanowski,278
7,Wskaźnik gęstości zaludnienia,2007,gmina,Mszana Dolna (wieś),powiat limanowski,98
7,Wskaźnik gęstości zaludnienia,2007,gmina,Niedźwiedź,powiat limanowski,93
7,Wskaźnik gęstości zaludnienia,2007,gmina,Słopnice,powiat limanowski,106
7,Wskaźnik gęstości zaludnienia,2007,gmina,Tymbark,powiat limanowski,192
7,Wskaźnik gęstości zaludnienia,2007,powiat,powiat m. Kraków,powiat m. Kraków,2315.00
7,Wskaźnik gęstości zaludnienia,2007,powiat,powiat m. Nowy Sącz,powiat m. Nowy Sącz,1467.00
7,Wskaźnik gęstości zaludnienia,2007,powiat,powiat m. Tarnów,powiat m. Tarnów,1604.00
7,Wskaźnik gęstości zaludnienia,2007,powiat,powiat miechowski,powiat miechowski,75.00
7,Wskaźnik gęstości zaludnienia,2007,gmina,Charsznica,powiat miechowski,99
7,Wskaźnik gęstości zaludnienia,2007,gmina,Gołcza,powiat miechowski,69
7,Wskaźnik gęstości zaludnienia,2007,gmina,Kozłów,powiat miechowski,58
7,Wskaźnik gęstości zaludnienia,2007,gmina,Książ Wielki,powiat miechowski,40
7,Wskaźnik gęstości zaludnienia,2007,gmina,Miechów,powiat miechowski,133
7,Wskaźnik gęstości zaludnienia,2007,gmina,Racławice,powiat miechowski,43
7,Wskaźnik gęstości zaludnienia,2007,gmina,Słaboszów,powiat miechowski,50
7,Wskaźnik gęstości zaludnienia,2007,powiat,powiat myślenicki,powiat myślenicki,175.00
7,Wskaźnik gęstości zaludnienia,2007,gmina,Dobczyce,powiat myślenicki,214
7,Wskaźnik gęstości zaludnienia,2007,gmina,Lubień,powiat myślenicki,125
7,Wskaźnik gęstości zaludnienia,2007,gmina,Myślenice,powiat myślenicki,268
7,Wskaźnik gęstości zaludnienia,2007,gmina,Pcim,powiat myślenicki,117
7,Wskaźnik gęstości zaludnienia,2007,gmina,Raciechowice,powiat myślenicki,97
7,Wskaźnik gęstości zaludnienia,2007,gmina,Siepraw,powiat myślenicki,247
7,Wskaźnik gęstości zaludnienia,2007,gmina,Sułkowice,powiat myślenicki,231
7,Wskaźnik gęstości zaludnienia,2007,gmina,Tokarnia,powiat myślenicki,119
7,Wskaźnik gęstości zaludnienia,2007,gmina,Wiśniowa,powiat myślenicki,103
7,Wskaźnik gęstości zaludnienia,2007,powiat,powiat nowosądecki,powiat nowosądecki,129.00
7,Wskaźnik gęstości zaludnienia,2007,gmina,Podegrodzie,powiat nowosądecki,182
7,Wskaźnik gęstości zaludnienia,2007,gmina,Rytro,powiat nowosądecki,87
7,Wskaźnik gęstości zaludnienia,2007,gmina,Stary Sącz,powiat nowosądecki,222
7,Wskaźnik gęstości zaludnienia,2007,gmina,Chełmiec,powiat nowosądecki,225
7,Wskaźnik gęstości zaludnienia,2007,gmina,Gródek nad Dunajcem,powiat nowosądecki,102
7,Wskaźnik gęstości zaludnienia,2007,gmina,Grybów (miasto),powiat nowosądecki,355
7,Wskaźnik gęstości zaludnienia,2007,gmina,Grybów (wieś),powiat nowosądecki,148
7,Wskaźnik gęstości zaludnienia,2007,gmina,Kamionka Wielka,powiat nowosądecki,144
7,Wskaźnik gęstości zaludnienia,2007,gmina,Korzenna,powiat nowosądecki,126
7,Wskaźnik gęstości zaludnienia,2007,gmina,Krynica-Zdrój,powiat nowosądecki,115
7,Wskaźnik gęstości zaludnienia,2007,gmina,Łabowa,powiat nowosądecki,44
7,Wskaźnik gęstości zaludnienia,2007,gmina,Łącko,powiat nowosądecki,113
7,Wskaźnik gęstości zaludnienia,2007,gmina,Łososina Dolna,powiat nowosądecki,117
7,Wskaźnik gęstości zaludnienia,2007,gmina,Muszyna,powiat nowosądecki,80
7,Wskaźnik gęstości zaludnienia,2007,gmina,Nawojowa,powiat nowosądecki,154
7,Wskaźnik gęstości zaludnienia,2007,gmina,Piwniczna-Zdrój,powiat nowosądecki,83
7,Wskaźnik gęstości zaludnienia,2007,powiat,powiat nowotarski,powiat nowotarski,124.00
7,Wskaźnik gęstości zaludnienia,2007,gmina,Czarny Dunajec,powiat nowotarski,98
7,Wskaźnik gęstości zaludnienia,2007,gmina,Czorsztyn,powiat nowotarski,117
7,Wskaźnik gęstości zaludnienia,2007,gmina,Jabłonka,powiat nowotarski,80
7,Wskaźnik gęstości zaludnienia,2007,gmina,Krościenko nad Dunajcem,powiat nowotarski,113
7,Wskaźnik gęstości zaludnienia,2007,gmina,Lipnica Wielka,powiat nowotarski,84
7,Wskaźnik gęstości zaludnienia,2007,gmina,Łapsze Niżne,powiat nowotarski,71
7,Wskaźnik gęstości zaludnienia,2007,gmina,Nowy Targ (miasto),powiat nowotarski,654
7,Wskaźnik gęstości zaludnienia,2007,gmina,Nowy Targ (wieś),powiat nowotarski,108
7,Wskaźnik gęstości zaludnienia,2007,gmina,Ochotnica Dolna,powiat nowotarski,57
7,Wskaźnik gęstości zaludnienia,2007,gmina,Raba Wyżna,powiat nowotarski,154
7,Wskaźnik gęstości zaludnienia,2007,gmina,Rabka-Zdrój,powiat nowotarski,248
7,Wskaźnik gęstości zaludnienia,2007,gmina,Spytkowice,powiat nowotarski,126
7,Wskaźnik gęstości zaludnienia,2007,gmina,Szaflary,powiat nowotarski,190
7,Wskaźnik gęstości zaludnienia,2007,gmina,Szczawnica,powiat nowotarski,84
7,Wskaźnik gęstości zaludnienia,2007,powiat,powiat olkuski,powiat olkuski,184.00
7,Wskaźnik gęstości zaludnienia,2007,gmina,Bolesław,powiat olkuski,195
7,Wskaźnik gęstości zaludnienia,2007,gmina,Bukowno,powiat olkuski,164
7,Wskaźnik gęstości zaludnienia,2007,gmina,Klucze,powiat olkuski,125
7,Wskaźnik gęstości zaludnienia,2007,gmina,Olkusz,powiat olkuski,332
7,Wskaźnik gęstości zaludnienia,2007,gmina,Trzyciąż,powiat olkuski,75
7,Wskaźnik gęstości zaludnienia,2007,gmina,Wolbrom,powiat olkuski,159
7,Wskaźnik gęstości zaludnienia,2007,powiat,powiat oświęcimski,powiat oświęcimski,378.00
7,Wskaźnik gęstości zaludnienia,2007,gmina,Brzeszcze,powiat oświęcimski,471
7,Wskaźnik gęstości zaludnienia,2007,gmina,Chełmek,powiat oświęcimski,471
7,Wskaźnik gęstości zaludnienia,2007,gmina,Kęty,powiat oświęcimski,442
7,Wskaźnik gęstości zaludnienia,2007,gmina,Osiek,powiat oświęcimski,195
7,Wskaźnik gęstości zaludnienia,2007,gmina,Oświęcim (miasto),powiat oświęcimski,1351
7,Wskaźnik gęstości zaludnienia,2007,gmina,Oświęcim (wieś),powiat oświęcimski,226
7,Wskaźnik gęstości zaludnienia,2007,gmina,Polanka Wielka,powiat oświęcimski,173
7,Wskaźnik gęstości zaludnienia,2007,gmina,Przeciszów,powiat oświęcimski,189
7,Wskaźnik gęstości zaludnienia,2007,gmina,Zator,powiat oświęcimski,175
7,Wskaźnik gęstości zaludnienia,2007,powiat,powiat proszowicki,powiat proszowicki,105.00
7,Wskaźnik gęstości zaludnienia,2007,gmina,Koniusza,powiat proszowicki,98
7,Wskaźnik gęstości zaludnienia,2007,gmina,Koszyce,powiat proszowicki,85
7,Wskaźnik gęstości zaludnienia,2007,gmina,Nowe Brzesko,powiat proszowicki,106
7,Wskaźnik gęstości zaludnienia,2007,gmina,Pałecznica,powiat proszowicki,78
7,Wskaźnik gęstości zaludnienia,2007,gmina,Proszowice,powiat proszowicki,162
7,Wskaźnik gęstości zaludnienia,2007,gmina,Radziemice,powiat proszowicki,59
7,Wskaźnik gęstości zaludnienia,2007,powiat,powiat suski,powiat suski,120.00
7,Wskaźnik gęstości zaludnienia,2007,gmina,Budzów,powiat suski,114
7,Wskaźnik gęstości zaludnienia,2007,gmina,Bystra-Sidzina,powiat suski,81
7,Wskaźnik gęstości zaludnienia,2007,gmina,Jordanów (miasto),powiat suski,245
7,Wskaźnik gęstości zaludnienia,2007,gmina,Jordanów (wieś),powiat suski,114
7,Wskaźnik gęstości zaludnienia,2007,gmina,Maków Podhalański,powiat suski,146
7,Wskaźnik gęstości zaludnienia,2007,gmina,Stryszawa,powiat suski,104
7,Wskaźnik gęstości zaludnienia,2007,gmina,Sucha Beskidzka,powiat suski,348
7,Wskaźnik gęstości zaludnienia,2007,gmina,Zawoja,powiat suski,69
7,Wskaźnik gęstości zaludnienia,2007,gmina,Zembrzyce,powiat suski,142
7,Wskaźnik gęstości zaludnienia,2007,powiat,powiat tarnowski,powiat tarnowski,138.00
7,Wskaźnik gęstości zaludnienia,2007,gmina,Ciężkowice,powiat tarnowski,107
7,Wskaźnik gęstości zaludnienia,2007,gmina,Gromnik,powiat tarnowski,122
7,Wskaźnik gęstości zaludnienia,2007,gmina,Lisia Góra,powiat tarnowski,133
7,Wskaźnik gęstości zaludnienia,2007,gmina,Pleśna,powiat tarnowski,140
7,Wskaźnik gęstości zaludnienia,2007,gmina,Radłów,powiat tarnowski,112
7,Wskaźnik gęstości zaludnienia,2007,gmina,Ryglice,powiat tarnowski,98
7,Wskaźnik gęstości zaludnienia,2007,gmina,Rzepiennik Strzyżewski,powiat tarnowski,96
7,Wskaźnik gęstości zaludnienia,2007,gmina,Skrzyszów,powiat tarnowski,154
7,Wskaźnik gęstości zaludnienia,2007,gmina,Szerzyny,powiat tarnowski,100
7,Wskaźnik gęstości zaludnienia,2007,gmina,Tarnów (wieś),powiat tarnowski,283
7,Wskaźnik gęstości zaludnienia,2007,gmina,Tuchów,powiat tarnowski,177
7,Wskaźnik gęstości zaludnienia,2007,gmina,Wierzchosławice,powiat tarnowski,141
7,Wskaźnik gęstości zaludnienia,2007,gmina,Wietrzychowice,powiat tarnowski,86
7,Wskaźnik gęstości zaludnienia,2007,gmina,Wojnicz,powiat tarnowski,164
7,Wskaźnik gęstości zaludnienia,2007,gmina,Zakliczyn,powiat tarnowski,100
7,Wskaźnik gęstości zaludnienia,2007,gmina,Żabno,powiat tarnowski,186
7,Wskaźnik gęstości zaludnienia,2007,powiat,powiat tatrzański,powiat tatrzański,138.00
7,Wskaźnik gęstości zaludnienia,2007,gmina,Biały Dunajec,powiat tatrzański,192
7,Wskaźnik gęstości zaludnienia,2007,gmina,Bukowina Tatrzańska,powiat tatrzański,95
7,Wskaźnik gęstości zaludnienia,2007,gmina,Kościelisko,powiat tatrzański,59
7,Wskaźnik gęstości zaludnienia,2007,gmina,Poronin,powiat tatrzański,129
7,Wskaźnik gęstości zaludnienia,2007,gmina,Zakopane,powiat tatrzański,321
7,Wskaźnik gęstości zaludnienia,2007,powiat,powiat wadowicki,powiat wadowicki,241.00
7,Wskaźnik gęstości zaludnienia,2007,gmina,Andrychów,powiat wadowicki,428
7,Wskaźnik gęstości zaludnienia,2007,gmina,Brzeźnica,powiat wadowicki,149
7,Wskaźnik gęstości zaludnienia,2007,gmina,Kalwaria Zebrzydowska,powiat wadowicki,256
7,Wskaźnik gęstości zaludnienia,2007,gmina,Lanckorona,powiat wadowicki,145
7,Wskaźnik gęstości zaludnienia,2007,gmina,Mucharz,powiat wadowicki,103
7,Wskaźnik gęstości zaludnienia,2007,gmina,Spytkowice,powiat wadowicki,199
7,Wskaźnik gęstości zaludnienia,2007,gmina,Stryszów,powiat wadowicki,145
7,Wskaźnik gęstości zaludnienia,2007,gmina,Tomice,powiat wadowicki,177
7,Wskaźnik gęstości zaludnienia,2007,gmina,Wadowice,powiat wadowicki,334
7,Wskaźnik gęstości zaludnienia,2007,gmina,Wieprz,powiat wadowicki,156
7,Wskaźnik gęstości zaludnienia,2007,powiat,powiat wielicki,powiat wielicki,261.00
7,Wskaźnik gęstości zaludnienia,2007,gmina,Biskupice,powiat wielicki,212
7,Wskaźnik gęstości zaludnienia,2007,gmina,Gdów,powiat wielicki,152
7,Wskaźnik gęstości zaludnienia,2007,gmina,Kłaj,powiat wielicki,153
7,Wskaźnik gęstości zaludnienia,2007,gmina,Niepołomice,powiat wielicki,236
7,Wskaźnik gęstości zaludnienia,2007,gmina,Wieliczka,powiat wielicki,495
