indicator_id,indicator,year,level,area,powiat,value
91,Przyrost naturalny na 1 000 ludności,2024,powiat,powiat bocheński,powiat bocheński,-0.99
91,Przyrost naturalny na 1 000 ludności,2024,gmina,Bochnia (miasto),powiat bocheński,-3.45
91,Przyrost naturalny na 1 000 ludności,2024,gmina,Bochnia (wieś),powiat bocheński,-0.10
91,Przyrost naturalny na 1 000 ludności,2024,gmina,Drwinia,powiat bocheński,-10.67
91,Przyrost naturalny na 1 000 ludności,2024,gmina,Lipnica Murowana,powiat bocheński,0.36
91,Przyrost naturalny na 1 000 ludności,2024,gmina,Łapanów,powiat bocheński,0.70
91,Przyrost naturalny na 1 000 ludności,2024,gmina,Nowy Wiśnicz,powiat bocheński,1.66
91,Przyrost naturalny na 1 000 ludności,2024,gmina,Rzezawa,powiat bocheński,0.35
91,Przyrost naturalny na 1 000 ludności,2024,gmina,Trzciana,powiat bocheński,1.75
91,Przyrost naturalny na 1 000 ludności,2024,gmina,Żegocina,powiat bocheński,2.89
91,Przyrost naturalny na 1 000 ludności,2024,powiat,powiat brzeski,powiat brzeski,-2.48
91,Przyrost naturalny na 1 000 ludności,2024,gmina,Borzęcin,powiat brzeski,-3.82
91,Przyrost naturalny na 1 000 ludności,2024,gmina,Brzesko,powiat brzeski,-3.17
91,Przyrost naturalny na 1 000 ludności,2024,gmina,Czchów,powiat brzeski,0.10
91,Przyrost naturalny na 1 000 ludności,2024,gmina,Dębno,powiat brzeski,-2.07
91,Przyrost naturalny na 1 000 ludności,2024,gmina,Gnojnik,powiat brzeski,-4.32
91,Przyrost naturalny na 1 000 ludności,2024,gmina,Iwkowa,powiat brzeski,1.80
91,Przyrost naturalny na 1 000 ludności,2024,gmina,Szczurowa,powiat brzeski,-3.52
91,Przyrost naturalny na 1 000 ludności,2024,powiat,powiat chrzanowski,powiat chrzanowski,-6.96
91,Przyrost naturalny na 1 000 ludności,2024,gmina,Alwernia,powiat chrzanowski,-6.97
91,Przyrost naturalny na 1 000 ludności,2024,gmina,Babice,powiat chrzanowski,-4.12
91,Przyrost naturalny na 1 000 ludności,2024,gmina,Chrzanów,powiat chrzanowski,-7.85
91,Przyrost naturalny na 1 000 ludności,2024,gmina,Libiąż,powiat chrzanowski,-5.10
91,Przyrost naturalny na 1 000 ludności,2024,gmina,Trzebinia,powiat chrzanowski,-7.77
91,Przyrost naturalny na 1 000 ludności,2024,powiat,powiat dąbrowski,powiat dąbrowski,-3.26
91,Przyrost naturalny na 1 000 ludności,2024,gmina,Bolesław,powiat dąbrowski,-4.55
91,Przyrost naturalny na 1 000 ludności,2024,gmina,Dąbrowa Tarnowska,powiat dąbrowski,-1.92
91,Przyrost naturalny na 1 000 ludności,2024,gmina,Gręboszów,powiat dąbrowski,-7.63
91,Przyrost naturalny na 1 000 ludności,2024,gmina,Mędrzechów,powiat dąbrowski,-7.34
91,Przyrost naturalny na 1 000 ludności,2024,gmina,Olesno,powiat dąbrowski,-1.84
91,Przyrost naturalny na 1 000 ludności,2024,gmina,Radgoszcz,powiat dąbrowski,-2.02
91,Przyrost naturalny na 1 000 ludności,2024,gmina,Szczucin,powiat dąbrowski,-4.68
91,Przyrost naturalny na 1 000 ludności,2024,powiat,powiat gorlicki,powiat gorlicki,-4.61
91,Przyrost naturalny na 1 000 ludności,2024,gmina,Biecz,powiat gorlicki,-5.49
91,Przyrost naturalny na 1 000 ludności,2024,gmina,Bobowa,powiat gorlicki,0.21
91,Przyrost naturalny na 1 000 ludności,2024,gmina,Gorlice (miasto),powiat gorlicki,-8.83
91,Przyrost naturalny na 1 000 ludności,2024,gmina,Gorlice (wieś),powiat gorlicki,-4.20
91,Przyrost naturalny na 1 000 ludności,2024,gmina,Lipinki,powiat gorlicki,-4.35
91,Przyrost naturalny na 1 000 ludności,2024,gmina,Łużna,powiat gorlicki,-6.28
91,Przyrost naturalny na 1 000 ludności,2024,gmina,Moszczenica,powiat gorlicki,0.41
91,Przyrost naturalny na 1 000 ludności,2024,gmina,Ropa,powiat gorlicki,0.91
91,Przyrost naturalny na 1 000 ludności,2024,gmina,Sękowa,powiat gorlicki,-3.87
91,Przyrost naturalny na 1 000 ludności,2024,gmina,Uście Gorlickie,powiat gorlicki,-1.48
91,Przyrost naturalny na 1 000 ludności,2024,powiat,powiat krakowski,powiat krakowski,-1.67
91,Przyrost naturalny na 1 000 ludności,2024,gmina,Czernichów,powiat krakowski,-2.59
91,Przyrost naturalny na 1 000 ludności,2024,gmina,Igołomia-Wawrzeńczyce,powiat krakowski,-0.76
91,Przyrost naturalny na 1 000 ludności,2024,gmina,Iwanowice,powiat krakowski,-1.63
91,Przyrost naturalny na 1 000 ludności,2024,gmina,Jerzmanowice-Przeginia,powiat krakowski,-3.76
91,Przyrost naturalny na 1 000 ludności,2024,gmina,Kocmyrzów-Luborzyca,powiat krakowski,0.49
91,Przyrost naturalny na 1 000 ludności,2024,gmina,Krzeszowice,powiat krakowski,-4.43
91,Przyrost naturalny na 1 000 ludności,2024,gmina,Liszki,powiat krakowski,-0.16
91,Przyrost naturalny na 1 000 ludności,2024,gmina,Michałowice,powiat krakowski,0.07
91,Przyrost naturalny na 1 000 ludności,2024,gmina,Mogilany,powiat krakowski,0.43
91,Przyrost naturalny na 1 000 ludności,2024,gmina,Skała,powiat krakowski,-5.20
91,Przyrost naturalny na 1 000 ludności,2024,gmina,Skawina,powiat krakowski,-1.89
91,Przyrost naturalny na 1 000 ludności,2024,gmina,Słomniki,powiat krakowski,-5.19
91,Przyrost naturalny na 1 000 ludności,2024,gmina,Sułoszowa,powiat krakowski,-3.89
91,Przyrost naturalny na 1 000 ludności,2024,gmina,Świątniki Górne,powiat krakowski,-3.76
91,Przyrost naturalny na 1 000 ludności,2024,gmina,Wielka Wieś,powiat krakowski,3.32
91,Przyrost naturalny na 1 000 ludności,2024,gmina,Zabierzów,powiat krakowski,-3.06
91,Przyrost naturalny na 1 000 ludności,2024,gmina,Zielonki,powiat krakowski,1.22
91,Przyrost naturalny na 1 000 ludności,2024,powiat,powiat limanowski,powiat limanowski,1.43
91,Przyrost naturalny na 1 000 ludności,2024,gmina,Dobra,powiat limanowski,1.68
91,Przyrost naturalny na 1 000 ludności,2024,gmina,Jodłownik,powiat limanowski,0.80
91,Przyrost naturalny na 1 000 ludności,2024,gmina,Kamienica,powiat limanowski,1.67
91,Przyrost naturalny na 1 000 ludności,2024,gmina,Laskowa,powiat limanowski,1.95
91,Przyrost naturalny na 1 000 ludności,2024,gmina,Limanowa (miasto),powiat limanowski,1.32
91,Przyrost naturalny na 1 000 ludności,2024,gmina,Limanowa (wieś),powiat limanowski,1.53
91,Przyrost naturalny na 1 000 ludności,2024,gmina,Łukowica,powiat limanowski,1.28
91,Przyrost naturalny na 1 000 ludności,2024,gmina,Mszana Dolna (miasto),powiat limanowski,-1.02
91,Przyrost naturalny na 1 000 ludności,2024,gmina,Mszana Dolna (wieś),powiat limanowski,0.11
91,Przyrost naturalny na 1 000 ludności,2024,gmina,Niedźwiedź,powiat limanowski,4.26
91,Przyrost naturalny na 1 000 ludności,2024,gmina,Słopnice,powiat limanowski,5.69
91,Przyrost naturalny na 1 000 ludności,2024,gmina,Tymbark,powiat limanowski,-0.31
91,Przyrost naturalny na 1 000 ludności,2024,powiat,powiat m. Kraków,powiat m. Kraków,-0.62
91,Przyrost naturalny na 1 000 ludności,2024,powiat,powiat m. Nowy Sącz,powiat m. Nowy Sącz,-2.99
91,Przyrost naturalny na 1 000 ludności,2024,powiat,powiat m. Tarnów,powiat m. Tarnów,-5.15
91,Przyrost naturalny na 1 000 ludności,2024,powiat,powiat miechowski,powiat miechowski,-7.09
91,Przyrost naturalny na 1 000 ludności,2024,gmina,Charsznica,powiat miechowski,-8.10
91,Przyrost naturalny na 1 000 ludności,2024,gmina,Gołcza,powiat miechowski,-5.25
91,Przyrost naturalny na 1 000 ludności,2024,gmina,Kozłów,powiat miechowski,-5.91
91,Przyrost naturalny na 1 000 ludności,2024,gmina,Książ Wielki,powiat miechowski,-8.51
91,Przyrost naturalny na 1 000 ludności,2024,gmina,Miechów,powiat miechowski,-6.87
91,Przyrost naturalny na 1 000 ludności,2024,gmina,Racławice,powiat miechowski,-8.24
91,Przyrost naturalny na 1 000 ludności,2024,gmina,Słaboszów,powiat miechowski,-8.20
91,Przyrost naturalny na 1 000 ludności,2024,powiat,powiat myślenicki,powiat myślenicki,-0.32
91,Przyrost naturalny na 1 000 ludności,2024,gmina,Dobczyce,powiat myślenicki,1.48
91,Przyrost naturalny na 1 000 ludności,2024,gmina,Lubień,powiat myślenicki,1.29
91,Przyrost naturalny na 1 000 ludności,2024,gmina,Myślenice,powiat myślenicki,-2.89
91,Przyrost naturalny na 1 000 ludności,2024,gmina,Pcim,powiat myślenicki,-1.98
91,Przyrost naturalny na 1 000 ludności,2024,gmina,Raciechowice,powiat myślenicki,1.71
91,Przyrost naturalny na 1 000 ludności,2024,gmina,Siepraw,powiat myślenicki,0.21
91,Przyrost naturalny na 1 000 ludności,2024,gmina,Sułkowice,powiat myślenicki,1.44
91,Przyrost naturalny na 1 000 ludności,2024,gmina,Tokarnia,powiat myślenicki,3.87
91,Przyrost naturalny na 1 000 ludności,2024,gmina,Wiśniowa,powiat myślenicki,0.93
91,Przyrost naturalny na 1 000 ludności,2024,powiat,powiat nowosądecki,powiat nowosądecki,0.81
91,Przyrost naturalny na 1 000 ludności,2024,gmina,Podegrodzie,powiat nowosądecki,3.15
91,Przyrost naturalny na 1 000 ludności,2024,gmina,Rytro,powiat nowosądecki,-3.30
91,Przyrost naturalny na 1 000 ludności,2024,gmina,Stary Sącz,powiat nowosądecki,1.53
91,Przyrost naturalny na 1 000 ludności,2024,gmina,Chełmiec,powiat nowosądecki,0.54
91,Przyrost naturalny na 1 000 ludności,2024,gmina,Gródek nad Dunajcem,powiat nowosądecki,0.34
91,Przyrost naturalny na 1 000 ludności,2024,gmina,Grybów (miasto),powiat nowosądecki,-1.35
91,Przyrost naturalny na 1 000 ludności,2024,gmina,Grybów (wieś),powiat nowosądecki,1.58
91,Przyrost naturalny na 1 000 ludności,2024,gmina,Kamionka Wielka,powiat nowosądecki,1.43
91,Przyrost naturalny na 1 000 ludności,2024,gmina,Korzenna,powiat nowosądecki,1.11
91,Przyrost naturalny na 1 000 ludności,2024,gmina,Krynica-Zdrój,powiat nowosądecki,-4.38
91,Przyrost naturalny na 1 000 ludności,2024,gmina,Łabowa,powiat nowosądecki,3.65
91,Przyrost naturalny na 1 000 ludności,2024,gmina,Łącko,powiat nowosądecki,3.54
91,Przyrost naturalny na 1 000 ludności,2024,gmina,Łososina Dolna,powiat nowosądecki,3.12
91,Przyrost naturalny na 1 000 ludności,2024,gmina,Muszyna,powiat nowosądecki,-0.90
91,Przyrost naturalny na 1 000 ludności,2024,gmina,Nawojowa,powiat nowosądecki,2.03
91,Przyrost naturalny na 1 000 ludności,2024,gmina,Piwniczna-Zdrój,powiat nowosądecki,-3.03
91,Przyrost naturalny na 1 000 ludności,2024,powiat,powiat nowotarski,powiat nowotarski,0.01
91,Przyrost naturalny na 1 000 ludności,2024,gmina,Czarny Dunajec,powiat nowotarski,1.58
91,Przyrost naturalny na 1 000 ludności,2024,gmina,Czorsztyn,powiat nowotarski,0.13
91,Przyrost naturalny na 1 000 ludności,2024,gmina,Jabłonka,powiat nowotarski,2.87
91,Przyrost naturalny na 1 000 ludności,2024,gmina,Krościenko nad Dunajcem,powiat nowotarski,-0.45
91,Przyrost naturalny na 1 000 ludności,2024,gmina,Lipnica Wielka,powiat nowotarski,2.31
91,Przyrost naturalny na 1 000 ludności,2024,gmina,Łapsze Niżne,powiat nowotarski,3.03
91,Przyrost naturalny na 1 000 ludności,2024,gmina,Nowy Targ (miasto),powiat nowotarski,-1.51
91,Przyrost naturalny na 1 000 ludności,2024,gmina,Nowy Targ (wieś),powiat nowotarski,0.42
91,Przyrost naturalny na 1 000 ludności,2024,gmina,Ochotnica Dolna,powiat nowotarski,3.18
91,Przyrost naturalny na 1 000 ludności,2024,gmina,Raba Wyżna,powiat nowotarski,-2.56
91,Przyrost naturalny na 1 000 ludności,2024,gmina,Rabka-Zdrój,powiat nowotarski,-3.82
91,Przyrost naturalny na 1 000 ludności,2024,gmina,Spytkowice,powiat nowotarski,0.64
91,Przyrost naturalny na 1 000 ludności,2024,gmina,Szaflary,powiat nowotarski,0.09
91,Przyrost naturalny na 1 000 ludności,2024,gmina,Szczawnica,powiat nowotarski,-2.87
91,Przyrost naturalny na 1 000 ludności,2024,powiat,powiat olkuski,powiat olkuski,-6.59
91,Przyrost naturalny na 1 000 ludności,2024,gmina,Bolesław,powiat olkuski,-10.64
91,Przyrost naturalny na 1 000 ludności,2024,gmina,Bukowno,powiat olkuski,-13.35
91,Przyrost naturalny na 1 000 ludności,2024,gmina,Klucze,powiat olkuski,-7.29
91,Przyrost naturalny na 1 000 ludności,2024,gmina,Olkusz,powiat olkuski,-5.92
91,Przyrost naturalny na 1 000 ludności,2024,gmina,Trzyciąż,powiat olkuski,-5.49
91,Przyrost naturalny na 1 000 ludności,2024,gmina,Wolbrom,powiat olkuski,-3.58
91,Przyrost naturalny na 1 000 ludności,2024,powiat,powiat oświęcimski,powiat oświęcimski,-4.76
91,Przyrost naturalny na 1 000 ludności,2024,gmina,Brzeszcze,powiat oświęcimski,-5.66
91,Przyrost naturalny na 1 000 ludności,2024,gmina,Chełmek,powiat oświęcimski,-6.43
91,Przyrost naturalny na 1 000 ludności,2024,gmina,Kęty,powiat oświęcimski,-4.06
91,Przyrost naturalny na 1 000 ludności,2024,gmina,Osiek,powiat oświęcimski,-1.85
91,Przyrost naturalny na 1 000 ludności,2024,gmina,Oświęcim (miasto),powiat oświęcimski,-6.61
91,Przyrost naturalny na 1 000 ludności,2024,gmina,Oświęcim (wieś),powiat oświęcimski,-3.16
91,Przyrost naturalny na 1 000 ludności,2024,gmina,Polanka Wielka,powiat oświęcimski,0.00
91,Przyrost naturalny na 1 000 ludności,2024,gmina,Przeciszów,powiat oświęcimski,-5.21
91,Przyrost naturalny na 1 000 ludności,2024,gmina,Zator,powiat oświęcimski,-3.63
91,Przyrost naturalny na 1 000 ludności,2024,powiat,powiat proszowicki,powiat proszowicki,-4.03
91,Przyrost naturalny na 1 000 ludności,2024,gmina,Koniusza,powiat proszowicki,-2.09
91,Przyrost naturalny na 1 000 ludności,2024,gmina,Koszyce,powiat proszowicki,-5.18
91,Przyrost naturalny na 1 000 ludności,2024,gmina,Nowe Brzesko,powiat proszowicki,-5.69
91,Przyrost naturalny na 1 000 ludności,2024,gmina,Pałecznica,powiat proszowicki,-1.46
91,Przyrost naturalny na 1 000 ludności,2024,gmina,Proszowice,powiat proszowicki,-4.67
91,Przyrost naturalny na 1 000 ludności,2024,gmina,Radziemice,powiat proszowicki,-4.42
91,Przyrost naturalny na 1 000 ludności,2024,powiat,powiat suski,powiat suski,-2.84
91,Przyrost naturalny na 1 000 ludności,2024,gmina,Budzów,powiat suski,-1.81
91,Przyrost naturalny na 1 000 ludności,2024,gmina,Bystra-Sidzina,powiat suski,1.03
91,Przyrost naturalny na 1 000 ludności,2024,gmina,Jordanów (miasto),powiat suski,1.11
91,Przyrost naturalny na 1 000 ludności,2024,gmina,Jordanów (wieś),powiat suski,-0.63
91,Przyrost naturalny na 1 000 ludności,2024,gmina,Maków Podhalański,powiat suski,-4.27
91,Przyrost naturalny na 1 000 ludności,2024,gmina,Stryszawa,powiat suski,-3.03
91,Przyrost naturalny na 1 000 ludności,2024,gmina,Sucha Beskidzka,powiat suski,-7.04
91,Przyrost naturalny na 1 000 ludności,2024,gmina,Zawoja,powiat suski,-4.33
91,Przyrost naturalny na 1 000 ludności,2024,gmina,Zembrzyce,powiat suski,-4.07
91,Przyrost naturalny na 1 000 ludności,2024,powiat,powiat tarnowski,powiat tarnowski,-1.90
91,Przyrost naturalny na 1 000 ludności,2024,gmina,Ciężkowice,powiat tarnowski,-0.27
91,Przyrost naturalny na 1 000 ludności,2024,gmina,Gromnik,powiat tarnowski,1.03
91,Przyrost naturalny na 1 000 ludności,2024,gmina,Lisia Góra,powiat tarnowski,0.64
91,Przyrost naturalny na 1 000 ludności,2024,gmina,Pleśna,powiat tarnowski,-1.87
91,Przyrost naturalny na 1 000 ludności,2024,gmina,Radłów,powiat tarnowski,-4.79
91,Przyrost naturalny na 1 000 ludności,2024,gmina,Ryglice,powiat tarnowski,-1.52
91,Przyrost naturalny na 1 000 ludności,2024,gmina,Rzepiennik Strzyżewski,powiat tarnowski,0.92
91,Przyrost naturalny na 1 000 ludności,2024,gmina,Skrzyszów,powiat tarnowski,-0.21
91,Przyrost naturalny na 1 000 ludności,2024,gmina,Szerzyny,powiat tarnowski,-3.20
91,Przyrost naturalny na 1 000 ludności,2024,gmina,Tarnów (wieś),powiat tarnowski,-1.85
91,Przyrost naturalny na 1 000 ludności,2024,gmina,Tuchów,powiat tarnowski,-2.30
91,Przyrost naturalny na 1 000 ludności,2024,gmina,Wierzchosławice,powiat tarnowski,-5.35
91,Przyrost naturalny na 1 000 ludności,2024,gmina,Wietrzychowice,powiat tarnowski,-11.90
91,Przyrost naturalny na 1 000 ludności,2024,gmina,Wojnicz,powiat tarnowski,-2.29
91,Przyrost naturalny na 1 000 ludności,2024,gmina,Zakliczyn,powiat tarnowski,0.08
91,Przyrost naturalny na 1 000 ludności,2024,gmina,Żabno,powiat tarnowski,-3.71
91,Przyrost naturalny na 1 000 ludności,2024,powiat,powiat tatrzański,powiat tatrzański,-1.10
91,Przyrost naturalny na 1 000 ludności,2024,gmina,Biały Dunajec,powiat tatrzański,0.88
91,Przyrost naturalny na 1 000 ludności,2024,gmina,Bukowina Tatrzańska,powiat tatrzański,0.81
91,Przyrost naturalny na 1 000 ludności,2024,gmina,Kościelisko,powiat tatrzański,1.54
91,Przyrost naturalny na 1 000 ludności,2024,gmina,Poronin,powiat tatrzański,3.22
91,Przyrost naturalny na 1 000 ludności,2024,gmina,Zakopane,powiat tatrzański,-5.66
91,Przyrost naturalny na 1 000 ludności,2024,powiat,powiat wadowicki,powiat wadowicki,-2.64
91,Przyrost naturalny na 1 000 ludności,2024,gmina,Andrychów,powiat wadowicki,-3.18
91,Przyrost naturalny na 1 000 ludności,2024,gmina,Brzeźnica,powiat wadowicki,-2.30
91,Przyrost naturalny na 1 000 ludności,2024,gmina,Kalwaria Zebrzydowska,powiat wadowicki,-2.72
91,Przyrost naturalny na 1 000 ludności,2024,gmina,Lanckorona,powiat wadowicki,-2.24
91,Przyrost naturalny na 1 000 ludności,2024,gmina,Mucharz,powiat wadowicki,-2.87
91,Przyrost naturalny na 1 000 ludności,2024,gmina,Spytkowice,powiat wadowicki,-1.19
91,Przyrost naturalny na 1 000 ludności,2024,gmina,Stryszów,powiat wadowicki,-3.98
91,Przyrost naturalny na 1 000 ludności,2024,gmina,Tomice,powiat wadowicki,0.60
91,Przyrost naturalny na 1 000 ludności,2024,gmina,Wadowice,powiat wadowicki,-4.38
91,Przyrost naturalny na 1 000 ludności,2024,gmina,Wieprz,powiat wadowicki,1.25
91,Przyrost naturalny na 1 000 ludności,2024,powiat,powiat wielicki,powiat wielicki,0.23
91,Przyrost naturalny na 1 000 ludności,2024,gmina,Biskupice,powiat wielicki,-0.25
91,Przyrost naturalny na 1 000 ludności,2024,gmina,Gdów,powiat wielicki,-0.91
91,Przyrost naturalny na 1 000 ludności,2024,gmina,Kłaj,powiat wielicki,-1.16
91,Przyrost naturalny na 1 000 ludności,2024,gmina,Niepołomice,powiat wielicki,0.75
91,Przyrost naturalny na 1 000 ludności,2024,gmina,Wieliczka,powiat wielicki,0.59
91,Przyrost naturalny na 1 000 ludności,2023,powiat,powiat bocheński,powiat bocheński,0.32
91,Przyrost naturalny na 1 000 ludności,2023,gmina,Bochnia (miasto),powiat bocheński,-2.41
91,Przyrost naturalny na 1 000 ludności,2023,gmina,Bochnia (wieś),powiat bocheński,3.24
91,Przyrost naturalny na 1 000 ludności,2023,gmina,Drwinia,powiat bocheński,-3.26
91,Przyrost naturalny na 1 000 ludności,2023,gmina,Lipnica Murowana,powiat bocheński,1.44
91,Przyrost naturalny na 1 000 ludności,2023,gmina,Łapanów,powiat bocheński,0.82
91,Przyrost naturalny na 1 000 ludności,2023,gmina,Nowy Wiśnicz,powiat bocheński,0.76
91,Przyrost naturalny na 1 000 ludności,2023,gmina,Rzezawa,powiat bocheński,0.09
91,Przyrost naturalny na 1 000 ludności,2023,gmina,Trzciana,powiat bocheński,3.52
91,Przyrost naturalny na 1 000 ludności,2023,gmina,Żegocina,powiat bocheński,1.81
91,Przyrost naturalny na 1 000 ludności,2023,powiat,powiat brzeski,powiat brzeski,-1.00
91,Przyrost naturalny na 1 000 ludności,2023,gmina,Borzęcin,powiat brzeski,-3.58
91,Przyrost naturalny na 1 000 ludności,2023,gmina,Brzesko,powiat brzeski,-1.86
91,Przyrost naturalny na 1 000 ludności,2023,gmina,Czchów,powiat brzeski,0.00
91,Przyrost naturalny na 1 000 ludności,2023,gmina,Dębno,powiat brzeski,-0.76
91,Przyrost naturalny na 1 000 ludności,2023,gmina,Gnojnik,powiat brzeski,1.23
91,Przyrost naturalny na 1 000 ludności,2023,gmina,Iwkowa,powiat brzeski,5.14
91,Przyrost naturalny na 1 000 ludności,2023,gmina,Szczurowa,powiat brzeski,-3.28
91,Przyrost naturalny na 1 000 ludności,2023,powiat,powiat chrzanowski,powiat chrzanowski,-6.68
91,Przyrost naturalny na 1 000 ludności,2023,gmina,Alwernia,powiat chrzanowski,-4.37
91,Przyrost naturalny na 1 000 ludności,2023,gmina,Babice,powiat chrzanowski,-6.32
91,Przyrost naturalny na 1 000 ludności,2023,gmina,Chrzanów,powiat chrzanowski,-7.56
91,Przyrost naturalny na 1 000 ludności,2023,gmina,Libiąż,powiat chrzanowski,-5.13
91,Przyrost naturalny na 1 000 ludności,2023,gmina,Trzebinia,powiat chrzanowski,-7.48
91,Przyrost naturalny na 1 000 ludności,2023,powiat,powiat dąbrowski,powiat dąbrowski,-2.67
91,Przyrost naturalny na 1 000 ludności,2023,gmina,Bolesław,powiat dąbrowski,-11.71
91,Przyrost naturalny na 1 000 ludności,2023,gmina,Dąbrowa Tarnowska,powiat dąbrowski,-0.53
91,Przyrost naturalny na 1 000 ludności,2023,gmina,Gręboszów,powiat dąbrowski,-7.53
91,Przyrost naturalny na 1 000 ludności,2023,gmina,Mędrzechów,powiat dąbrowski,-8.73
91,Przyrost naturalny na 1 000 ludności,2023,gmina,Olesno,powiat dąbrowski,-1.69
91,Przyrost naturalny na 1 000 ludności,2023,gmina,Radgoszcz,powiat dąbrowski,-1.61
91,Przyrost naturalny na 1 000 ludności,2023,gmina,Szczucin,powiat dąbrowski,-2.72
91,Przyrost naturalny na 1 000 ludności,2023,powiat,powiat gorlicki,powiat gorlicki,-2.52
91,Przyrost naturalny na 1 000 ludności,2023,gmina,Biecz,powiat gorlicki,-3.65
91,Przyrost naturalny na 1 000 ludności,2023,gmina,Bobowa,powiat gorlicki,5.43
91,Przyrost naturalny na 1 000 ludności,2023,gmina,Gorlice (miasto),powiat gorlicki,-6.89
91,Przyrost naturalny na 1 000 ludności,2023,gmina,Gorlice (wieś),powiat gorlicki,-3.83
91,Przyrost naturalny na 1 000 ludności,2023,gmina,Lipinki,powiat gorlicki,-1.94
91,Przyrost naturalny na 1 000 ludności,2023,gmina,Łużna,powiat gorlicki,-1.80
91,Przyrost naturalny na 1 000 ludności,2023,gmina,Moszczenica,powiat gorlicki,2.04
91,Przyrost naturalny na 1 000 ludności,2023,gmina,Ropa,powiat gorlicki,0.18
91,Przyrost naturalny na 1 000 ludności,2023,gmina,Sękowa,powiat gorlicki,-3.66
91,Przyrost naturalny na 1 000 ludności,2023,gmina,Uście Gorlickie,powiat gorlicki,2.65
91,Przyrost naturalny na 1 000 ludności,2023,powiat,powiat krakowski,powiat krakowski,-0.74
91,Przyrost naturalny na 1 000 ludności,2023,gmina,Czernichów,powiat krakowski,1.49
91,Przyrost naturalny na 1 000 ludności,2023,gmina,Igołomia-Wawrzeńczyce,powiat krakowski,-4.33
91,Przyrost naturalny na 1 000 ludności,2023,gmina,Iwanowice,powiat krakowski,-1.12
91,Przyrost naturalny na 1 000 ludności,2023,gmina,Jerzmanowice-Przeginia,powiat krakowski,-2.06
91,Przyrost naturalny na 1 000 ludności,2023,gmina,Kocmyrzów-Luborzyca,powiat krakowski,0.61
91,Przyrost naturalny na 1 000 ludności,2023,gmina,Krzeszowice,powiat krakowski,-4.20
91,Przyrost naturalny na 1 000 ludności,2023,gmina,Liszki,powiat krakowski,1.52
91,Przyrost naturalny na 1 000 ludności,2023,gmina,Michałowice,powiat krakowski,1.43
91,Przyrost naturalny na 1 000 ludności,2023,gmina,Mogilany,powiat krakowski,1.11
91,Przyrost naturalny na 1 000 ludności,2023,gmina,Skała,powiat krakowski,-1.00
91,Przyrost naturalny na 1 000 ludności,2023,gmina,Skawina,powiat krakowski,-1.45
91,Przyrost naturalny na 1 000 ludności,2023,gmina,Słomniki,powiat krakowski,-6.71
91,Przyrost naturalny na 1 000 ludności,2023,gmina,Sułoszowa,powiat krakowski,-2.80
91,Przyrost naturalny na 1 000 ludności,2023,gmina,Świątniki Górne,powiat krakowski,-1.44
91,Przyrost naturalny na 1 000 ludności,2023,gmina,Wielka Wieś,powiat krakowski,2.69
91,Przyrost naturalny na 1 000 ludności,2023,gmina,Zabierzów,powiat krakowski,-1.77
91,Przyrost naturalny na 1 000 ludności,2023,gmina,Zielonki,powiat krakowski,3.13
91,Przyrost naturalny na 1 000 ludności,2023,powiat,powiat limanowski,powiat limanowski,1.52
91,Przyrost naturalny na 1 000 ludności,2023,gmina,Dobra,powiat limanowski,0.69
91,Przyrost naturalny na 1 000 ludności,2023,gmina,Jodłownik,powiat limanowski,2.29
91,Przyrost naturalny na 1 000 ludności,2023,gmina,Kamienica,powiat limanowski,1.54
91,Przyrost naturalny na 1 000 ludności,2023,gmina,Laskowa,powiat limanowski,1.59
91,Przyrost naturalny na 1 000 ludności,2023,gmina,Limanowa (miasto),powiat limanowski,-0.28
91,Przyrost naturalny na 1 000 ludności,2023,gmina,Limanowa (wieś),powiat limanowski,2.69
91,Przyrost naturalny na 1 000 ludności,2023,gmina,Łukowica,powiat limanowski,2.56
91,Przyrost naturalny na 1 000 ludności,2023,gmina,Mszana Dolna (miasto),powiat limanowski,-2.56
91,Przyrost naturalny na 1 000 ludności,2023,gmina,Mszana Dolna (wieś),powiat limanowski,0.23
91,Przyrost naturalny na 1 000 ludności,2023,gmina,Niedźwiedź,powiat limanowski,1.78
91,Przyrost naturalny na 1 000 ludności,2023,gmina,Słopnice,powiat limanowski,5.03
91,Przyrost naturalny na 1 000 ludności,2023,gmina,Tymbark,powiat limanowski,3.76
91,Przyrost naturalny na 1 000 ludności,2023,powiat,powiat m. Kraków,powiat m. Kraków,-0.51
91,Przyrost naturalny na 1 000 ludności,2023,powiat,powiat m. Nowy Sącz,powiat m. Nowy Sącz,-1.39
91,Przyrost naturalny na 1 000 ludności,2023,powiat,powiat m. Tarnów,powiat m. Tarnów,-5.34
91,Przyrost naturalny na 1 000 ludności,2023,powiat,powiat miechowski,powiat miechowski,-5.02
91,Przyrost naturalny na 1 000 ludności,2023,gmina,Charsznica,powiat miechowski,-7.04
91,Przyrost naturalny na 1 000 ludności,2023,gmina,Gołcza,powiat miechowski,-4.88
91,Przyrost naturalny na 1 000 ludności,2023,gmina,Kozłów,powiat miechowski,-2.25
91,Przyrost naturalny na 1 000 ludności,2023,gmina,Książ Wielki,powiat miechowski,-6.38
91,Przyrost naturalny na 1 000 ludności,2023,gmina,Miechów,powiat miechowski,-3.94
91,Przyrost naturalny na 1 000 ludności,2023,gmina,Racławice,powiat miechowski,-3.72
91,Przyrost naturalny na 1 000 ludności,2023,gmina,Słaboszów,powiat miechowski,-9.63
91,Przyrost naturalny na 1 000 ludności,2023,powiat,powiat myślenicki,powiat myślenicki,0.56
91,Przyrost naturalny na 1 000 ludności,2023,gmina,Dobczyce,powiat myślenicki,1.03
91,Przyrost naturalny na 1 000 ludności,2023,gmina,Lubień,powiat myślenicki,3.47
91,Przyrost naturalny na 1 000 ludności,2023,gmina,Myślenice,powiat myślenicki,0.40
91,Przyrost naturalny na 1 000 ludności,2023,gmina,Pcim,powiat myślenicki,-2.34
91,Przyrost naturalny na 1 000 ludności,2023,gmina,Raciechowice,powiat myślenicki,-0.31
91,Przyrost naturalny na 1 000 ludności,2023,gmina,Siepraw,powiat myślenicki,0.52
91,Przyrost naturalny na 1 000 ludności,2023,gmina,Sułkowice,powiat myślenicki,0.33
91,Przyrost naturalny na 1 000 ludności,2023,gmina,Tokarnia,powiat myślenicki,1.36
91,Przyrost naturalny na 1 000 ludności,2023,gmina,Wiśniowa,powiat myślenicki,1.33
91,Przyrost naturalny na 1 000 ludności,2023,powiat,powiat nowosądecki,powiat nowosądecki,1.54
91,Przyrost naturalny na 1 000 ludności,2023,gmina,Podegrodzie,powiat nowosądecki,2.43
91,Przyrost naturalny na 1 000 ludności,2023,gmina,Rytro,powiat nowosądecki,0.00
91,Przyrost naturalny na 1 000 ludności,2023,gmina,Stary Sącz,powiat nowosądecki,2.17
91,Przyrost naturalny na 1 000 ludności,2023,gmina,Chełmiec,powiat nowosądecki,3.03
91,Przyrost naturalny na 1 000 ludności,2023,gmina,Gródek nad Dunajcem,powiat nowosądecki,-0.11
91,Przyrost naturalny na 1 000 ludności,2023,gmina,Grybów (miasto),powiat nowosądecki,1.51
91,Przyrost naturalny na 1 000 ludności,2023,gmina,Grybów (wieś),powiat nowosądecki,1.38
91,Przyrost naturalny na 1 000 ludności,2023,gmina,Kamionka Wielka,powiat nowosądecki,3.16
91,Przyrost naturalny na 1 000 ludności,2023,gmina,Korzenna,powiat nowosądecki,3.19
91,Przyrost naturalny na 1 000 ludności,2023,gmina,Krynica-Zdrój,powiat nowosądecki,-3.25
91,Przyrost naturalny na 1 000 ludności,2023,gmina,Łabowa,powiat nowosądecki,7.02
91,Przyrost naturalny na 1 000 ludności,2023,gmina,Łącko,powiat nowosądecki,1.80
91,Przyrost naturalny na 1 000 ludności,2023,gmina,Łososina Dolna,powiat nowosądecki,3.40
91,Przyrost naturalny na 1 000 ludności,2023,gmina,Muszyna,powiat nowosądecki,-2.43
91,Przyrost naturalny na 1 000 ludności,2023,gmina,Nawojowa,powiat nowosądecki,3.05
91,Przyrost naturalny na 1 000 ludności,2023,gmina,Piwniczna-Zdrój,powiat nowosądecki,-2.30
91,Przyrost naturalny na 1 000 ludności,2023,powiat,powiat nowotarski,powiat nowotarski,0.85
91,Przyrost naturalny na 1 000 ludności,2023,gmina,Czarny Dunajec,powiat nowotarski,3.89
91,Przyrost naturalny na 1 000 ludności,2023,gmina,Czorsztyn,powiat nowotarski,1.97
91,Przyrost naturalny na 1 000 ludności,2023,gmina,Jabłonka,powiat nowotarski,2.98
91,Przyrost naturalny na 1 000 ludności,2023,gmina,Krościenko nad Dunajcem,powiat nowotarski,-2.70
91,Przyrost naturalny na 1 000 ludności,2023,gmina,Lipnica Wielka,powiat nowotarski,2.31
91,Przyrost naturalny na 1 000 ludności,2023,gmina,Łapsze Niżne,powiat nowotarski,1.51
91,Przyrost naturalny na 1 000 ludności,2023,gmina,Nowy Targ (miasto),powiat nowotarski,-0.03
91,Przyrost naturalny na 1 000 ludności,2023,gmina,Nowy Targ (wieś),powiat nowotarski,2.00
91,Przyrost naturalny na 1 000 ludności,2023,gmina,Ochotnica Dolna,powiat nowotarski,2.96
91,Przyrost naturalny na 1 000 ludności,2023,gmina,Raba Wyżna,powiat nowotarski,-0.07
91,Przyrost naturalny na 1 000 ludności,2023,gmina,Rabka-Zdrój,powiat nowotarski,-3.80
91,Przyrost naturalny na 1 000 ludności,2023,gmina,Spytkowice,powiat nowotarski,0.85
91,Przyrost naturalny na 1 000 ludności,2023,gmina,Szaflary,powiat nowotarski,1.33
91,Przyrost naturalny na 1 000 ludności,2023,gmina,Szczawnica,powiat nowotarski,-5.07
91,Przyrost naturalny na 1 000 ludności,2023,powiat,powiat olkuski,powiat olkuski,-5.99
91,Przyrost naturalny na 1 000 ludności,2023,gmina,Bolesław,powiat olkuski,-7.13
91,Przyrost naturalny na 1 000 ludności,2023,gmina,Bukowno,powiat olkuski,-9.97
91,Przyrost naturalny na 1 000 ludności,2023,gmina,Klucze,powiat olkuski,-6.90
91,Przyrost naturalny na 1 000 ludności,2023,gmina,Olkusz,powiat olkuski,-5.58
91,Przyrost naturalny na 1 000 ludności,2023,gmina,Trzyciąż,powiat olkuski,-5.49
91,Przyrost naturalny na 1 000 ludności,2023,gmina,Wolbrom,powiat olkuski,-4.28
91,Przyrost naturalny na 1 000 ludności,2023,powiat,powiat oświęcimski,powiat oświęcimski,-4.86
91,Przyrost naturalny na 1 000 ludności,2023,gmina,Brzeszcze,powiat oświęcimski,-6.07
91,Przyrost naturalny na 1 000 ludności,2023,gmina,Chełmek,powiat oświęcimski,-6.73
91,Przyrost naturalny na 1 000 ludności,2023,gmina,Kęty,powiat oświęcimski,-3.12
91,Przyrost naturalny na 1 000 ludności,2023,gmina,Osiek,powiat oświęcimski,-3.56
91,Przyrost naturalny na 1 000 ludności,2023,gmina,Oświęcim (miasto),powiat oświęcimski,-7.99
91,Przyrost naturalny na 1 000 ludności,2023,gmina,Oświęcim (wieś),powiat oświęcimski,-3.43
91,Przyrost naturalny na 1 000 ludności,2023,gmina,Polanka Wielka,powiat oświęcimski,1.62
91,Przyrost naturalny na 1 000 ludności,2023,gmina,Przeciszów,powiat oświęcimski,-5.62
91,Przyrost naturalny na 1 000 ludności,2023,gmina,Zator,powiat oświęcimski,-0.33
91,Przyrost naturalny na 1 000 ludności,2023,powiat,powiat proszowicki,powiat proszowicki,-4.72
91,Przyrost naturalny na 1 000 ludności,2023,gmina,Koniusza,powiat proszowicki,-2.10
91,Przyrost naturalny na 1 000 ludności,2023,gmina,Koszyce,powiat proszowicki,-6.29
91,Przyrost naturalny na 1 000 ludności,2023,gmina,Nowe Brzesko,powiat proszowicki,-4.26
91,Przyrost naturalny na 1 000 ludności,2023,gmina,Pałecznica,powiat proszowicki,-7.20
91,Przyrost naturalny na 1 000 ludności,2023,gmina,Proszowice,powiat proszowicki,-4.70
91,Przyrost naturalny na 1 000 ludności,2023,gmina,Radziemice,powiat proszowicki,-7.84
91,Przyrost naturalny na 1 000 ludności,2023,powiat,powiat suski,powiat suski,-2.44
91,Przyrost naturalny na 1 000 ludności,2023,gmina,Budzów,powiat suski,0.23
91,Przyrost naturalny na 1 000 ludności,2023,gmina,Bystra-Sidzina,powiat suski,1.03
91,Przyrost naturalny na 1 000 ludności,2023,gmina,Jordanów (miasto),powiat suski,-5.36
91,Przyrost naturalny na 1 000 ludności,2023,gmina,Jordanów (wieś),powiat suski,0.89
91,Przyrost naturalny na 1 000 ludności,2023,gmina,Maków Podhalański,powiat suski,-4.44
91,Przyrost naturalny na 1 000 ludności,2023,gmina,Stryszawa,powiat suski,-1.60
91,Przyrost naturalny na 1 000 ludności,2023,gmina,Sucha Beskidzka,powiat suski,-3.70
91,Przyrost naturalny na 1 000 ludności,2023,gmina,Zawoja,powiat suski,-6.58
91,Przyrost naturalny na 1 000 ludności,2023,gmina,Zembrzyce,powiat suski,-2.40
91,Przyrost naturalny na 1 000 ludności,2023,powiat,powiat tarnowski,powiat tarnowski,-1.42
91,Przyrost naturalny na 1 000 ludności,2023,gmina,Ciężkowice,powiat tarnowski,-0.55
91,Przyrost naturalny na 1 000 ludności,2023,gmina,Gromnik,powiat tarnowski,2.06
91,Przyrost naturalny na 1 000 ludności,2023,gmina,Lisia Góra,powiat tarnowski,1.16
91,Przyrost naturalny na 1 000 ludności,2023,gmina,Pleśna,powiat tarnowski,0.08
91,Przyrost naturalny na 1 000 ludności,2023,gmina,Radłów,powiat tarnowski,-3.09
91,Przyrost naturalny na 1 000 ludności,2023,gmina,Ryglice,powiat tarnowski,-1.60
91,Przyrost naturalny na 1 000 ludności,2023,gmina,Rzepiennik Strzyżewski,powiat tarnowski,-1.68
91,Przyrost naturalny na 1 000 ludności,2023,gmina,Skrzyszów,powiat tarnowski,0.35
91,Przyrost naturalny na 1 000 ludności,2023,gmina,Szerzyny,powiat tarnowski,-2.68
91,Przyrost naturalny na 1 000 ludności,2023,gmina,Tarnów (wieś),powiat tarnowski,-1.82
91,Przyrost naturalny na 1 000 ludności,2023,gmina,Tuchów,powiat tarnowski,-1.64
91,Przyrost naturalny na 1 000 ludności,2023,gmina,Wierzchosławice,powiat tarnowski,-3.13
91,Przyrost naturalny na 1 000 ludności,2023,gmina,Wietrzychowice,powiat tarnowski,-11.76
91,Przyrost naturalny na 1 000 ludności,2023,gmina,Wojnicz,powiat tarnowski,-2.37
91,Przyrost naturalny na 1 000 ludności,2023,gmina,Zakliczyn,powiat tarnowski,0.08
91,Przyrost naturalny na 1 000 ludności,2023,gmina,Żabno,powiat tarnowski,-3.03
91,Przyrost naturalny na 1 000 ludności,2023,powiat,powiat tatrzański,powiat tatrzański,-0.54
91,Przyrost naturalny na 1 000 ludności,2023,gmina,Biały Dunajec,powiat tatrzański,2.05
91,Przyrost naturalny na 1 000 ludności,2023,gmina,Bukowina Tatrzańska,powiat tatrzański,4.06
91,Przyrost naturalny na 1 000 ludności,2023,gmina,Kościelisko,powiat tatrzański,0.55
91,Przyrost naturalny na 1 000 ludności,2023,gmina,Poronin,powiat tatrzański,1.78
91,Przyrost naturalny na 1 000 ludności,2023,gmina,Zakopane,powiat tatrzański,-5.18
91,Przyrost naturalny na 1 000 ludności,2023,powiat,powiat wadowicki,powiat wadowicki,-2.39
91,Przyrost naturalny na 1 000 ludności,2023,gmina,Andrychów,powiat wadowicki,-3.47
91,Przyrost naturalny na 1 000 ludności,2023,gmina,Brzeźnica,powiat wadowicki,-0.93
91,Przyrost naturalny na 1 000 ludności,2023,gmina,Kalwaria Zebrzydowska,powiat wadowicki,-2.81
91,Przyrost naturalny na 1 000 ludności,2023,gmina,Lanckorona,powiat wadowicki,-0.96
91,Przyrost naturalny na 1 000 ludności,2023,gmina,Mucharz,powiat wadowicki,0.72
91,Przyrost naturalny na 1 000 ludności,2023,gmina,Spytkowice,powiat wadowicki,-2.87
91,Przyrost naturalny na 1 000 ludności,2023,gmina,Stryszów,powiat wadowicki,-2.36
91,Przyrost naturalny na 1 000 ludności,2023,gmina,Tomice,powiat wadowicki,0.00
91,Przyrost naturalny na 1 000 ludności,2023,gmina,Wadowice,powiat wadowicki,-3.22
91,Przyrost naturalny na 1 000 ludności,2023,gmina,Wieprz,powiat wadowicki,0.16
91,Przyrost naturalny na 1 000 ludności,2023,powiat,powiat wielicki,powiat wielicki,0.33
91,Przyrost naturalny na 1 000 ludności,2023,gmina,Biskupice,powiat wielicki,-0.94
91,Przyrost naturalny na 1 000 ludności,2023,gmina,Gdów,powiat wielicki,0.05
91,Przyrost naturalny na 1 000 ludności,2023,gmina,Kłaj,powiat wielicki,-1.17
91,Przyrost naturalny na 1 000 ludności,2023,gmina,Niepołomice,powiat wielicki,0.58
91,Przyrost naturalny na 1 000 ludności,2023,gmina,Wieliczka,powiat wielicki,0.75
91,Przyrost naturalny na 1 000 ludności,2022,powiat,powiat bocheński,powiat bocheński,0.57
91,Przyrost naturalny na 1 000 ludności,2022,gmina,Bochnia (miasto),powiat bocheński,-0.94
91,Przyrost naturalny na 1 000 ludności,2022,gmina,Bochnia (wieś),powiat bocheński,0.24
91,Przyrost naturalny na 1 000 ludności,2022,gmina,Drwinia,powiat bocheński,-4.02
91,Przyrost naturalny na 1 000 ludności,2022,gmina,Lipnica Murowana,powiat bocheński,5.05
91,Przyrost naturalny na 1 000 ludności,2022,gmina,Łapanów,powiat bocheński,1.17
91,Przyrost naturalny na 1 000 ludności,2022,gmina,Nowy Wiśnicz,powiat bocheński,2.51
91,Przyrost naturalny na 1 000 ludności,2022,gmina,Rzezawa,powiat bocheński,0.00
91,Przyrost naturalny na 1 000 ludności,2022,gmina,Trzciana,powiat bocheński,3.18
91,Przyrost naturalny na 1 000 ludności,2022,gmina,Żegocina,powiat bocheński,3.07
91,Przyrost naturalny na 1 000 ludności,2022,powiat,powiat brzeski,powiat brzeski,-1.08
91,Przyrost naturalny na 1 000 ludności,2022,gmina,Borzęcin,powiat brzeski,-1.10
91,Przyrost naturalny na 1 000 ludności,2022,gmina,Brzesko,powiat brzeski,-1.35
91,Przyrost naturalny na 1 000 ludności,2022,gmina,Czchów,powiat brzeski,0.00
91,Przyrost naturalny na 1 000 ludności,2022,gmina,Dębno,powiat brzeski,0.69
91,Przyrost naturalny na 1 000 ludności,2022,gmina,Gnojnik,powiat brzeski,-2.34
91,Przyrost naturalny na 1 000 ludności,2022,gmina,Iwkowa,powiat brzeski,3.18
91,Przyrost naturalny na 1 000 ludności,2022,gmina,Szczurowa,powiat brzeski,-5.85
91,Przyrost naturalny na 1 000 ludności,2022,powiat,powiat chrzanowski,powiat chrzanowski,-6.92
91,Przyrost naturalny na 1 000 ludności,2022,gmina,Alwernia,powiat chrzanowski,-4.76
91,Przyrost naturalny na 1 000 ludności,2022,gmina,Babice,powiat chrzanowski,-3.44
91,Przyrost naturalny na 1 000 ludności,2022,gmina,Chrzanów,powiat chrzanowski,-6.79
91,Przyrost naturalny na 1 000 ludności,2022,gmina,Libiąż,powiat chrzanowski,-6.91
91,Przyrost naturalny na 1 000 ludności,2022,gmina,Trzebinia,powiat chrzanowski,-8.90
91,Przyrost naturalny na 1 000 ludności,2022,powiat,powiat dąbrowski,powiat dąbrowski,-2.73
91,Przyrost naturalny na 1 000 ludności,2022,gmina,Bolesław,powiat dąbrowski,-9.78
91,Przyrost naturalny na 1 000 ludności,2022,gmina,Dąbrowa Tarnowska,powiat dąbrowski,-0.72
91,Przyrost naturalny na 1 000 ludności,2022,gmina,Gręboszów,powiat dąbrowski,-2.17
91,Przyrost naturalny na 1 000 ludności,2022,gmina,Mędrzechów,powiat dąbrowski,-7.76
91,Przyrost naturalny na 1 000 ludności,2022,gmina,Olesno,powiat dąbrowski,-2.35
91,Przyrost naturalny na 1 000 ludności,2022,gmina,Radgoszcz,powiat dąbrowski,0.00
91,Przyrost naturalny na 1 000 ludności,2022,gmina,Szczucin,powiat dąbrowski,-5.24
91,Przyrost naturalny na 1 000 ludności,2022,powiat,powiat gorlicki,powiat gorlicki,-2.97
91,Przyrost naturalny na 1 000 ludności,2022,gmina,Biecz,powiat gorlicki,-4.18
91,Przyrost naturalny na 1 000 ludności,2022,gmina,Bobowa,powiat gorlicki,2.09
91,Przyrost naturalny na 1 000 ludności,2022,gmina,Gorlice (miasto),powiat gorlicki,-7.75
91,Przyrost naturalny na 1 000 ludności,2022,gmina,Gorlice (wieś),powiat gorlicki,-2.47
91,Przyrost naturalny na 1 000 ludności,2022,gmina,Lipinki,powiat gorlicki,-3.57
91,Przyrost naturalny na 1 000 ludności,2022,gmina,Łużna,powiat gorlicki,0.60
91,Przyrost naturalny na 1 000 ludności,2022,gmina,Moszczenica,powiat gorlicki,-2.87
91,Przyrost naturalny na 1 000 ludności,2022,gmina,Ropa,powiat gorlicki,0.54
91,Przyrost naturalny na 1 000 ludności,2022,gmina,Sękowa,powiat gorlicki,-0.20
91,Przyrost naturalny na 1 000 ludności,2022,gmina,Uście Gorlickie,powiat gorlicki,1.02
91,Przyrost naturalny na 1 000 ludności,2022,powiat,powiat krakowski,powiat krakowski,-1.17
91,Przyrost naturalny na 1 000 ludności,2022,gmina,Czernichów,powiat krakowski,-1.50
91,Przyrost naturalny na 1 000 ludności,2022,gmina,Igołomia-Wawrzeńczyce,powiat krakowski,-2.16
91,Przyrost naturalny na 1 000 ludności,2022,gmina,Iwanowice,powiat krakowski,-1.23
91,Przyrost naturalny na 1 000 ludności,2022,gmina,Jerzmanowice-Przeginia,powiat krakowski,-3.13
91,Przyrost naturalny na 1 000 ludności,2022,gmina,Kocmyrzów-Luborzyca,powiat krakowski,-0.17
91,Przyrost naturalny na 1 000 ludności,2022,gmina,Krzeszowice,powiat krakowski,-4.97
91,Przyrost naturalny na 1 000 ludności,2022,gmina,Liszki,powiat krakowski,0.49
91,Przyrost naturalny na 1 000 ludności,2022,gmina,Michałowice,powiat krakowski,0.84
91,Przyrost naturalny na 1 000 ludności,2022,gmina,Mogilany,powiat krakowski,0.80
91,Przyrost naturalny na 1 000 ludności,2022,gmina,Skała,powiat krakowski,-3.83
91,Przyrost naturalny na 1 000 ludności,2022,gmina,Skawina,powiat krakowski,-0.75
91,Przyrost naturalny na 1 000 ludności,2022,gmina,Słomniki,powiat krakowski,-3.11
91,Przyrost naturalny na 1 000 ludności,2022,gmina,Sułoszowa,powiat krakowski,-0.35
91,Przyrost naturalny na 1 000 ludności,2022,gmina,Świątniki Górne,powiat krakowski,-2.26
91,Przyrost naturalny na 1 000 ludności,2022,gmina,Wielka Wieś,powiat krakowski,3.39
91,Przyrost naturalny na 1 000 ludności,2022,gmina,Zabierzów,powiat krakowski,-2.67
91,Przyrost naturalny na 1 000 ludności,2022,gmina,Zielonki,powiat krakowski,1.26
91,Przyrost naturalny na 1 000 ludności,2022,powiat,powiat limanowski,powiat limanowski,1.53
91,Przyrost naturalny na 1 000 ludności,2022,gmina,Dobra,powiat limanowski,0.70
91,Przyrost naturalny na 1 000 ludności,2022,gmina,Jodłownik,powiat limanowski,0.23
91,Przyrost naturalny na 1 000 ludności,2022,gmina,Kamienica,powiat limanowski,5.13
91,Przyrost naturalny na 1 000 ludności,2022,gmina,Laskowa,powiat limanowski,4.16
91,Przyrost naturalny na 1 000 ludności,2022,gmina,Limanowa (miasto),powiat limanowski,0.82
91,Przyrost naturalny na 1 000 ludności,2022,gmina,Limanowa (wieś),powiat limanowski,1.82
91,Przyrost naturalny na 1 000 ludności,2022,gmina,Łukowica,powiat limanowski,0.69
91,Przyrost naturalny na 1 000 ludności,2022,gmina,Mszana Dolna (miasto),powiat limanowski,-0.89
91,Przyrost naturalny na 1 000 ludności,2022,gmina,Mszana Dolna (wieś),powiat limanowski,-0.80
91,Przyrost naturalny na 1 000 ludności,2022,gmina,Niedźwiedź,powiat limanowski,2.61
91,Przyrost naturalny na 1 000 ludności,2022,gmina,Słopnice,powiat limanowski,5.83
91,Przyrost naturalny na 1 000 ludności,2022,gmina,Tymbark,powiat limanowski,2.18
91,Przyrost naturalny na 1 000 ludności,2022,powiat,powiat m. Kraków,powiat m. Kraków,-0.46
91,Przyrost naturalny na 1 000 ludności,2022,powiat,powiat m. Nowy Sącz,powiat m. Nowy Sącz,-1.91
91,Przyrost naturalny na 1 000 ludności,2022,powiat,powiat m. Tarnów,powiat m. Tarnów,-5.23
91,Przyrost naturalny na 1 000 ludności,2022,powiat,powiat miechowski,powiat miechowski,-7.46
91,Przyrost naturalny na 1 000 ludności,2022,gmina,Charsznica,powiat miechowski,-12.13
91,Przyrost naturalny na 1 000 ludności,2022,gmina,Gołcza,powiat miechowski,-4.01
91,Przyrost naturalny na 1 000 ludności,2022,gmina,Kozłów,powiat miechowski,-8.58
91,Przyrost naturalny na 1 000 ludności,2022,gmina,Książ Wielki,powiat miechowski,-12.19
91,Przyrost naturalny na 1 000 ludności,2022,gmina,Miechów,powiat miechowski,-7.00
91,Przyrost naturalny na 1 000 ludności,2022,gmina,Racławice,powiat miechowski,-0.82
91,Przyrost naturalny na 1 000 ludności,2022,gmina,Słaboszów,powiat miechowski,-2.67
91,Przyrost naturalny na 1 000 ludności,2022,powiat,powiat myślenicki,powiat myślenicki,0.38
91,Przyrost naturalny na 1 000 ludności,2022,gmina,Dobczyce,powiat myślenicki,0.00
91,Przyrost naturalny na 1 000 ludności,2022,gmina,Lubień,powiat myślenicki,1.58
91,Przyrost naturalny na 1 000 ludności,2022,gmina,Myślenice,powiat myślenicki,-0.26
91,Przyrost naturalny na 1 000 ludności,2022,gmina,Pcim,powiat myślenicki,2.07
91,Przyrost naturalny na 1 000 ludności,2022,gmina,Raciechowice,powiat myślenicki,1.87
91,Przyrost naturalny na 1 000 ludności,2022,gmina,Siepraw,powiat myślenicki,0.52
91,Przyrost naturalny na 1 000 ludności,2022,gmina,Sułkowice,powiat myślenicki,-0.86
91,Przyrost naturalny na 1 000 ludności,2022,gmina,Tokarnia,powiat myślenicki,0.79
91,Przyrost naturalny na 1 000 ludności,2022,gmina,Wiśniowa,powiat myślenicki,1.47
91,Przyrost naturalny na 1 000 ludności,2022,powiat,powiat nowosądecki,powiat nowosądecki,1.89
91,Przyrost naturalny na 1 000 ludności,2022,gmina,Podegrodzie,powiat nowosądecki,6.09
91,Przyrost naturalny na 1 000 ludności,2022,gmina,Rytro,powiat nowosądecki,0.27
91,Przyrost naturalny na 1 000 ludności,2022,gmina,Stary Sącz,powiat nowosądecki,0.85
91,Przyrost naturalny na 1 000 ludności,2022,gmina,Chełmiec,powiat nowosądecki,3.71
91,Przyrost naturalny na 1 000 ludności,2022,gmina,Gródek nad Dunajcem,powiat nowosądecki,-2.35
91,Przyrost naturalny na 1 000 ludności,2022,gmina,Grybów (miasto),powiat nowosądecki,-2.85
91,Przyrost naturalny na 1 000 ludności,2022,gmina,Grybów (wieś),powiat nowosądecki,3.76
91,Przyrost naturalny na 1 000 ludności,2022,gmina,Kamionka Wielka,powiat nowosądecki,0.86
91,Przyrost naturalny na 1 000 ludności,2022,gmina,Korzenna,powiat nowosądecki,3.90
91,Przyrost naturalny na 1 000 ludności,2022,gmina,Krynica-Zdrój,powiat nowosądecki,-0.69
91,Przyrost naturalny na 1 000 ludności,2022,gmina,Łabowa,powiat nowosądecki,3.19
91,Przyrost naturalny na 1 000 ludności,2022,gmina,Łącko,powiat nowosądecki,2.76
91,Przyrost naturalny na 1 000 ludności,2022,gmina,Łososina Dolna,powiat nowosądecki,3.41
91,Przyrost naturalny na 1 000 ludności,2022,gmina,Muszyna,powiat nowosądecki,-2.68
91,Przyrost naturalny na 1 000 ludności,2022,gmina,Nawojowa,powiat nowosądecki,2.28
91,Przyrost naturalny na 1 000 ludności,2022,gmina,Piwniczna-Zdrój,powiat nowosądecki,-0.99
91,Przyrost naturalny na 1 000 ludności,2022,powiat,powiat nowotarski,powiat nowotarski,0.29
91,Przyrost naturalny na 1 000 ludności,2022,gmina,Czarny Dunajec,powiat nowotarski,1.72
91,Przyrost naturalny na 1 000 ludności,2022,gmina,Czorsztyn,powiat nowotarski,-1.84
91,Przyrost naturalny na 1 000 ludności,2022,gmina,Jabłonka,powiat nowotarski,2.16
91,Przyrost naturalny na 1 000 ludności,2022,gmina,Krościenko nad Dunajcem,powiat nowotarski,-3.15
91,Przyrost naturalny na 1 000 ludności,2022,gmina,Lipnica Wielka,powiat nowotarski,4.62
91,Przyrost naturalny na 1 000 ludności,2022,gmina,Łapsze Niżne,powiat nowotarski,3.79
91,Przyrost naturalny na 1 000 ludności,2022,gmina,Nowy Targ (miasto),powiat nowotarski,-1.39
91,Przyrost naturalny na 1 000 ludności,2022,gmina,Nowy Targ (wieś),powiat nowotarski,0.21
91,Przyrost naturalny na 1 000 ludności,2022,gmina,Ochotnica Dolna,powiat nowotarski,3.09
91,Przyrost naturalny na 1 000 ludności,2022,gmina,Raba Wyżna,powiat nowotarski,-1.52
91,Przyrost naturalny na 1 000 ludności,2022,gmina,Rabka-Zdrój,powiat nowotarski,-2.81
91,Przyrost naturalny na 1 000 ludności,2022,gmina,Spytkowice,powiat nowotarski,1.71
91,Przyrost naturalny na 1 000 ludności,2022,gmina,Szaflary,powiat nowotarski,4.55
91,Przyrost naturalny na 1 000 ludności,2022,gmina,Szczawnica,powiat nowotarski,-3.96
91,Przyrost naturalny na 1 000 ludności,2022,powiat,powiat olkuski,powiat olkuski,-6.56
91,Przyrost naturalny na 1 000 ludności,2022,gmina,Bolesław,powiat olkuski,-9.45
91,Przyrost naturalny na 1 000 ludności,2022,gmina,Bukowno,powiat olkuski,-10.26
91,Przyrost naturalny na 1 000 ludności,2022,gmina,Klucze,powiat olkuski,-7.65
91,Przyrost naturalny na 1 000 ludności,2022,gmina,Olkusz,powiat olkuski,-6.02
91,Przyrost naturalny na 1 000 ludności,2022,gmina,Trzyciąż,powiat olkuski,-3.32
91,Przyrost naturalny na 1 000 ludności,2022,gmina,Wolbrom,powiat olkuski,-5.38
91,Przyrost naturalny na 1 000 ludności,2022,powiat,powiat oświęcimski,powiat oświęcimski,-5.33
91,Przyrost naturalny na 1 000 ludności,2022,gmina,Brzeszcze,powiat oświęcimski,-7.22
91,Przyrost naturalny na 1 000 ludności,2022,gmina,Chełmek,powiat oświęcimski,-5.80
91,Przyrost naturalny na 1 000 ludności,2022,gmina,Kęty,powiat oświęcimski,-3.00
91,Przyrost naturalny na 1 000 ludności,2022,gmina,Osiek,powiat oświęcimski,-1.96
91,Przyrost naturalny na 1 000 ludności,2022,gmina,Oświęcim (miasto),powiat oświęcimski,-9.04
91,Przyrost naturalny na 1 000 ludności,2022,gmina,Oświęcim (wieś),powiat oświęcimski,-4.08
91,Przyrost naturalny na 1 000 ludności,2022,gmina,Polanka Wielka,powiat oświęcimski,-0.70
91,Przyrost naturalny na 1 000 ludności,2022,gmina,Przeciszów,powiat oświęcimski,-6.21
91,Przyrost naturalny na 1 000 ludności,2022,gmina,Zator,powiat oświęcimski,-1.32
91,Przyrost naturalny na 1 000 ludności,2022,powiat,powiat proszowicki,powiat proszowicki,-4.48
91,Przyrost naturalny na 1 000 ludności,2022,gmina,Koniusza,powiat proszowicki,-1.65
91,Przyrost naturalny na 1 000 ludności,2022,gmina,Koszyce,powiat proszowicki,-4.56
91,Przyrost naturalny na 1 000 ludności,2022,gmina,Nowe Brzesko,powiat proszowicki,-6.18
91,Przyrost naturalny na 1 000 ludności,2022,gmina,Pałecznica,powiat proszowicki,-4.87
91,Przyrost naturalny na 1 000 ludności,2022,gmina,Proszowice,powiat proszowicki,-4.47
91,Przyrost naturalny na 1 000 ludności,2022,gmina,Radziemice,powiat proszowicki,-8.99
91,Przyrost naturalny na 1 000 ludności,2022,powiat,powiat suski,powiat suski,-2.33
91,Przyrost naturalny na 1 000 ludności,2022,gmina,Budzów,powiat suski,0.45
91,Przyrost naturalny na 1 000 ludności,2022,gmina,Bystra-Sidzina,powiat suski,-0.59
91,Przyrost naturalny na 1 000 ludności,2022,gmina,Jordanów (miasto),powiat suski,-1.67
91,Przyrost naturalny na 1 000 ludności,2022,gmina,Jordanów (wieś),powiat suski,-2.14
91,Przyrost naturalny na 1 000 ludności,2022,gmina,Maków Podhalański,powiat suski,-1.27
91,Przyrost naturalny na 1 000 ludności,2022,gmina,Stryszawa,powiat suski,-5.12
91,Przyrost naturalny na 1 000 ludności,2022,gmina,Sucha Beskidzka,powiat suski,-4.17
91,Przyrost naturalny na 1 000 ludności,2022,gmina,Zawoja,powiat suski,-2.72
91,Przyrost naturalny na 1 000 ludności,2022,gmina,Zembrzyce,powiat suski,-3.49
91,Przyrost naturalny na 1 000 ludności,2022,powiat,powiat tarnowski,powiat tarnowski,-1.66
91,Przyrost naturalny na 1 000 ludności,2022,gmina,Ciężkowice,powiat tarnowski,2.81
91,Przyrost naturalny na 1 000 ludności,2022,gmina,Gromnik,powiat tarnowski,-2.76
91,Przyrost naturalny na 1 000 ludności,2022,gmina,Lisia Góra,powiat tarnowski,-1.03
91,Przyrost naturalny na 1 000 ludności,2022,gmina,Pleśna,powiat tarnowski,-3.05
91,Przyrost naturalny na 1 000 ludności,2022,gmina,Radłów,powiat tarnowski,-2.23
91,Przyrost naturalny na 1 000 ludności,2022,gmina,Ryglice,powiat tarnowski,-1.69
91,Przyrost naturalny na 1 000 ludności,2022,gmina,Rzepiennik Strzyżewski,powiat tarnowski,-1.37
91,Przyrost naturalny na 1 000 ludności,2022,gmina,Skrzyszów,powiat tarnowski,1.06
91,Przyrost naturalny na 1 000 ludności,2022,gmina,Szerzyny,powiat tarnowski,-4.11
91,Przyrost naturalny na 1 000 ludności,2022,gmina,Tarnów (wieś),powiat tarnowski,-0.68
91,Przyrost naturalny na 1 000 ludności,2022,gmina,Tuchów,powiat tarnowski,-2.39
91,Przyrost naturalny na 1 000 ludności,2022,gmina,Wierzchosławice,powiat tarnowski,-1.79
91,Przyrost naturalny na 1 000 ludności,2022,gmina,Wietrzychowice,powiat tarnowski,-12.44
91,Przyrost naturalny na 1 000 ludności,2022,gmina,Wojnicz,powiat tarnowski,-1.69
91,Przyrost naturalny na 1 000 ludności,2022,gmina,Zakliczyn,powiat tarnowski,-2.10
91,Przyrost naturalny na 1 000 ludności,2022,gmina,Żabno,powiat tarnowski,-2.43
91,Przyrost naturalny na 1 000 ludności,2022,powiat,powiat tatrzański,powiat tatrzański,-1.05
91,Przyrost naturalny na 1 000 ludności,2022,gmina,Biały Dunajec,powiat tatrzański,0.44
91,Przyrost naturalny na 1 000 ludności,2022,gmina,Bukowina Tatrzańska,powiat tatrzański,2.44
91,Przyrost naturalny na 1 000 ludności,2022,gmina,Kościelisko,powiat tatrzański,1.11
91,Przyrost naturalny na 1 000 ludności,2022,gmina,Poronin,powiat tatrzański,1.61
91,Przyrost naturalny na 1 000 ludności,2022,gmina,Zakopane,powiat tatrzański,-5.30
91,Przyrost naturalny na 1 000 ludności,2022,powiat,powiat wadowicki,powiat wadowicki,-2.08
91,Przyrost naturalny na 1 000 ludności,2022,gmina,Andrychów,powiat wadowicki,-2.48
91,Przyrost naturalny na 1 000 ludności,2022,gmina,Brzeźnica,powiat wadowicki,-2.88
91,Przyrost naturalny na 1 000 ludności,2022,gmina,Kalwaria Zebrzydowska,powiat wadowicki,-1.66
91,Przyrost naturalny na 1 000 ludności,2022,gmina,Lanckorona,powiat wadowicki,-2.23
91,Przyrost naturalny na 1 000 ludności,2022,gmina,Mucharz,powiat wadowicki,-1.69
91,Przyrost naturalny na 1 000 ludności,2022,gmina,Spytkowice,powiat wadowicki,-3.65
91,Przyrost naturalny na 1 000 ludności,2022,gmina,Stryszów,powiat wadowicki,-3.95
91,Przyrost naturalny na 1 000 ludności,2022,gmina,Tomice,powiat wadowicki,0.37
91,Przyrost naturalny na 1 000 ludności,2022,gmina,Wadowice,powiat wadowicki,-2.82
91,Przyrost naturalny na 1 000 ludności,2022,gmina,Wieprz,powiat wadowicki,2.14
91,Przyrost naturalny na 1 000 ludności,2022,powiat,powiat wielicki,powiat wielicki,0.98
91,Przyrost naturalny na 1 000 ludności,2022,gmina,Biskupice,powiat wielicki,-1.39
91,Przyrost naturalny na 1 000 ludności,2022,gmina,Gdów,powiat wielicki,1.61
91,Przyrost naturalny na 1 000 ludności,2022,gmina,Kłaj,powiat wielicki,-2.98
91,Przyrost naturalny na 1 000 ludności,2022,gmina,Niepołomice,powiat wielicki,2.03
91,Przyrost naturalny na 1 000 ludności,2022,gmina,Wieliczka,powiat wielicki,1.35
91,Przyrost naturalny na 1 000 ludności,2021,powiat,powiat bocheński,powiat bocheński,-0.60
91,Przyrost naturalny na 1 000 ludności,2021,gmina,Bochnia (miasto),powiat bocheński,-3.57
91,Przyrost naturalny na 1 000 ludności,2021,gmina,Bochnia (wieś),powiat bocheński,0.20
91,Przyrost naturalny na 1 000 ludności,2021,gmina,Drwinia,powiat bocheński,-4.63
91,Przyrost naturalny na 1 000 ludności,2021,gmina,Lipnica Murowana,powiat bocheński,2.65
91,Przyrost naturalny na 1 000 ludności,2021,gmina,Łapanów,powiat bocheński,2.92
91,Przyrost naturalny na 1 000 ludności,2021,gmina,Nowy Wiśnicz,powiat bocheński,1.26
91,Przyrost naturalny na 1 000 ludności,2021,gmina,Rzezawa,powiat bocheński,-0.52
91,Przyrost naturalny na 1 000 ludności,2021,gmina,Trzciana,powiat bocheński,-1.42
91,Przyrost naturalny na 1 000 ludności,2021,gmina,Żegocina,powiat bocheński,4.29
91,Przyrost naturalny na 1 000 ludności,2021,powiat,powiat brzeski,powiat brzeski,-2.38
91,Przyrost naturalny na 1 000 ludności,2021,gmina,Borzęcin,powiat brzeski,-4.48
91,Przyrost naturalny na 1 000 ludności,2021,gmina,Brzesko,powiat brzeski,-3.24
91,Przyrost naturalny na 1 000 ludności,2021,gmina,Czchów,powiat brzeski,0.00
91,Przyrost naturalny na 1 000 ludności,2021,gmina,Dębno,powiat brzeski,-1.76
91,Przyrost naturalny na 1 000 ludności,2021,gmina,Gnojnik,powiat brzeski,-0.50
91,Przyrost naturalny na 1 000 ludności,2021,gmina,Iwkowa,powiat brzeski,4.30
91,Przyrost naturalny na 1 000 ludności,2021,gmina,Szczurowa,powiat brzeski,-6.95
91,Przyrost naturalny na 1 000 ludności,2021,powiat,powiat chrzanowski,powiat chrzanowski,-7.67
91,Przyrost naturalny na 1 000 ludności,2021,gmina,Alwernia,powiat chrzanowski,-6.18
91,Przyrost naturalny na 1 000 ludności,2021,gmina,Babice,powiat chrzanowski,-5.07
91,Przyrost naturalny na 1 000 ludności,2021,gmina,Chrzanów,powiat chrzanowski,-9.18
91,Przyrost naturalny na 1 000 ludności,2021,gmina,Libiąż,powiat chrzanowski,-5.94
91,Przyrost naturalny na 1 000 ludności,2021,gmina,Trzebinia,powiat chrzanowski,-7.98
91,Przyrost naturalny na 1 000 ludności,2021,powiat,powiat dąbrowski,powiat dąbrowski,-3.53
91,Przyrost naturalny na 1 000 ludności,2021,gmina,Bolesław,powiat dąbrowski,-16.75
91,Przyrost naturalny na 1 000 ludności,2021,gmina,Dąbrowa Tarnowska,powiat dąbrowski,-2.08
91,Przyrost naturalny na 1 000 ludności,2021,gmina,Gręboszów,powiat dąbrowski,-6.98
91,Przyrost naturalny na 1 000 ludności,2021,gmina,Mędrzechów,powiat dąbrowski,-3.24
91,Przyrost naturalny na 1 000 ludności,2021,gmina,Olesno,powiat dąbrowski,-1.89
91,Przyrost naturalny na 1 000 ludności,2021,gmina,Radgoszcz,powiat dąbrowski,-3.23
91,Przyrost naturalny na 1 000 ludności,2021,gmina,Szczucin,powiat dąbrowski,-3.68
91,Przyrost naturalny na 1 000 ludności,2021,powiat,powiat gorlicki,powiat gorlicki,-4.23
91,Przyrost naturalny na 1 000 ludności,2021,gmina,Biecz,powiat gorlicki,-5.87
91,Przyrost naturalny na 1 000 ludności,2021,gmina,Bobowa,powiat gorlicki,-0.71
91,Przyrost naturalny na 1 000 ludności,2021,gmina,Gorlice (miasto),powiat gorlicki,-7.58
91,Przyrost naturalny na 1 000 ludności,2021,gmina,Gorlice (wieś),powiat gorlicki,-3.13
91,Przyrost naturalny na 1 000 ludności,2021,gmina,Lipinki,powiat gorlicki,-6.77
91,Przyrost naturalny na 1 000 ludności,2021,gmina,Łużna,powiat gorlicki,-3.05
91,Przyrost naturalny na 1 000 ludności,2021,gmina,Moszczenica,powiat gorlicki,-2.79
91,Przyrost naturalny na 1 000 ludności,2021,gmina,Ropa,powiat gorlicki,1.08
91,Przyrost naturalny na 1 000 ludności,2021,gmina,Sękowa,powiat gorlicki,-2.85
91,Przyrost naturalny na 1 000 ludności,2021,gmina,Uście Gorlickie,powiat gorlicki,-0.29
91,Przyrost naturalny na 1 000 ludności,2021,powiat,powiat krakowski,powiat krakowski,-1.55
91,Przyrost naturalny na 1 000 ludności,2021,gmina,Czernichów,powiat krakowski,-1.97
91,Przyrost naturalny na 1 000 ludności,2021,gmina,Igołomia-Wawrzeńczyce,powiat krakowski,-2.21
91,Przyrost naturalny na 1 000 ludności,2021,gmina,Iwanowice,powiat krakowski,-0.54
91,Przyrost naturalny na 1 000 ludności,2021,gmina,Jerzmanowice-Przeginia,powiat krakowski,-2.92
91,Przyrost naturalny na 1 000 ludności,2021,gmina,Kocmyrzów-Luborzyca,powiat krakowski,-1.74
91,Przyrost naturalny na 1 000 ludności,2021,gmina,Krzeszowice,powiat krakowski,-6.34
91,Przyrost naturalny na 1 000 ludności,2021,gmina,Liszki,powiat krakowski,-0.40
91,Przyrost naturalny na 1 000 ludności,2021,gmina,Michałowice,powiat krakowski,1.18
91,Przyrost naturalny na 1 000 ludności,2021,gmina,Mogilany,powiat krakowski,-0.34
91,Przyrost naturalny na 1 000 ludności,2021,gmina,Skała,powiat krakowski,-2.46
91,Przyrost naturalny na 1 000 ludności,2021,gmina,Skawina,powiat krakowski,-2.26
91,Przyrost naturalny na 1 000 ludności,2021,gmina,Słomniki,powiat krakowski,-4.00
91,Przyrost naturalny na 1 000 ludności,2021,gmina,Sułoszowa,powiat krakowski,-3.45
91,Przyrost naturalny na 1 000 ludności,2021,gmina,Świątniki Górne,powiat krakowski,-2.99
91,Przyrost naturalny na 1 000 ludności,2021,gmina,Wielka Wieś,powiat krakowski,4.47
91,Przyrost naturalny na 1 000 ludności,2021,gmina,Zabierzów,powiat krakowski,-0.95
91,Przyrost naturalny na 1 000 ludności,2021,gmina,Zielonki,powiat krakowski,2.99
91,Przyrost naturalny na 1 000 ludności,2021,powiat,powiat limanowski,powiat limanowski,2.09
91,Przyrost naturalny na 1 000 ludności,2021,gmina,Dobra,powiat limanowski,0.00
91,Przyrost naturalny na 1 000 ludności,2021,gmina,Jodłownik,powiat limanowski,4.24
91,Przyrost naturalny na 1 000 ludności,2021,gmina,Kamienica,powiat limanowski,0.89
91,Przyrost naturalny na 1 000 ludności,2021,gmina,Laskowa,powiat limanowski,2.08
91,Przyrost naturalny na 1 000 ludności,2021,gmina,Limanowa (miasto),powiat limanowski,1.60
91,Przyrost naturalny na 1 000 ludności,2021,gmina,Limanowa (wieś),powiat limanowski,3.29
91,Przyrost naturalny na 1 000 ludności,2021,gmina,Łukowica,powiat limanowski,5.22
91,Przyrost naturalny na 1 000 ludności,2021,gmina,Mszana Dolna (miasto),powiat limanowski,-2.66
91,Przyrost naturalny na 1 000 ludności,2021,gmina,Mszana Dolna (wieś),powiat limanowski,0.17
91,Przyrost naturalny na 1 000 ludności,2021,gmina,Niedźwiedź,powiat limanowski,2.97
91,Przyrost naturalny na 1 000 ludności,2021,gmina,Słopnice,powiat limanowski,5.42
91,Przyrost naturalny na 1 000 ludności,2021,gmina,Tymbark,powiat limanowski,1.82
91,Przyrost naturalny na 1 000 ludności,2021,powiat,powiat m. Kraków,powiat m. Kraków,-1.02
91,Przyrost naturalny na 1 000 ludności,2021,powiat,powiat m. Nowy Sącz,powiat m. Nowy Sącz,-2.32
91,Przyrost naturalny na 1 000 ludności,2021,powiat,powiat m. Tarnów,powiat m. Tarnów,-7.69
91,Przyrost naturalny na 1 000 ludności,2021,powiat,powiat miechowski,powiat miechowski,-7.02
91,Przyrost naturalny na 1 000 ludności,2021,gmina,Charsznica,powiat miechowski,-6.80
91,Przyrost naturalny na 1 000 ludności,2021,gmina,Gołcza,powiat miechowski,-1.82
91,Przyrost naturalny na 1 000 ludności,2021,gmina,Kozłów,powiat miechowski,-4.40
91,Przyrost naturalny na 1 000 ludności,2021,gmina,Książ Wielki,powiat miechowski,-7.77
91,Przyrost naturalny na 1 000 ludności,2021,gmina,Miechów,powiat miechowski,-9.09
91,Przyrost naturalny na 1 000 ludności,2021,gmina,Racławice,powiat miechowski,-4.04
91,Przyrost naturalny na 1 000 ludności,2021,gmina,Słaboszów,powiat miechowski,-9.51
91,Przyrost naturalny na 1 000 ludności,2021,powiat,powiat myślenicki,powiat myślenicki,0.02
91,Przyrost naturalny na 1 000 ludności,2021,gmina,Dobczyce,powiat myślenicki,0.00
91,Przyrost naturalny na 1 000 ludności,2021,gmina,Lubień,powiat myślenicki,2.18
91,Przyrost naturalny na 1 000 ludności,2021,gmina,Myślenice,powiat myślenicki,-0.58
91,Przyrost naturalny na 1 000 ludności,2021,gmina,Pcim,powiat myślenicki,-0.72
91,Przyrost naturalny na 1 000 ludności,2021,gmina,Raciechowice,powiat myślenicki,-2.64
91,Przyrost naturalny na 1 000 ludności,2021,gmina,Siepraw,powiat myślenicki,0.00
91,Przyrost naturalny na 1 000 ludności,2021,gmina,Sułkowice,powiat myślenicki,0.86
91,Przyrost naturalny na 1 000 ludności,2021,gmina,Tokarnia,powiat myślenicki,1.24
91,Przyrost naturalny na 1 000 ludności,2021,gmina,Wiśniowa,powiat myślenicki,1.08
91,Przyrost naturalny na 1 000 ludności,2021,powiat,powiat nowosądecki,powiat nowosądecki,1.06
91,Przyrost naturalny na 1 000 ludności,2021,gmina,Podegrodzie,powiat nowosądecki,2.98
91,Przyrost naturalny na 1 000 ludności,2021,gmina,Rytro,powiat nowosądecki,0.80
91,Przyrost naturalny na 1 000 ludności,2021,gmina,Stary Sącz,powiat nowosądecki,1.09
91,Przyrost naturalny na 1 000 ludności,2021,gmina,Chełmiec,powiat nowosądecki,1.62
91,Przyrost naturalny na 1 000 ludności,2021,gmina,Gródek nad Dunajcem,powiat nowosądecki,1.30
91,Przyrost naturalny na 1 000 ludności,2021,gmina,Grybów (miasto),powiat nowosądecki,-4.53
91,Przyrost naturalny na 1 000 ludności,2021,gmina,Grybów (wieś),powiat nowosądecki,2.14
91,Przyrost naturalny na 1 000 ludności,2021,gmina,Kamionka Wielka,powiat nowosądecki,1.62
91,Przyrost naturalny na 1 000 ludności,2021,gmina,Korzenna,powiat nowosądecki,1.58
91,Przyrost naturalny na 1 000 ludności,2021,gmina,Krynica-Zdrój,powiat nowosądecki,-3.64
91,Przyrost naturalny na 1 000 ludności,2021,gmina,Łabowa,powiat nowosądecki,1.31
91,Przyrost naturalny na 1 000 ludności,2021,gmina,Łącko,powiat nowosądecki,3.67
91,Przyrost naturalny na 1 000 ludności,2021,gmina,Łososina Dolna,powiat nowosądecki,1.97
91,Przyrost naturalny na 1 000 ludności,2021,gmina,Muszyna,powiat nowosądecki,-2.60
91,Przyrost naturalny na 1 000 ludności,2021,gmina,Nawojowa,powiat nowosądecki,0.80
91,Przyrost naturalny na 1 000 ludności,2021,gmina,Piwniczna-Zdrój,powiat nowosądecki,2.48
91,Przyrost naturalny na 1 000 ludności,2021,powiat,powiat nowotarski,powiat nowotarski,-0.86
91,Przyrost naturalny na 1 000 ludności,2021,gmina,Czarny Dunajec,powiat nowotarski,-0.04
91,Przyrost naturalny na 1 000 ludności,2021,gmina,Czorsztyn,powiat nowotarski,-2.23
91,Przyrost naturalny na 1 000 ludności,2021,gmina,Jabłonka,powiat nowotarski,2.56
91,Przyrost naturalny na 1 000 ludności,2021,gmina,Krościenko nad Dunajcem,powiat nowotarski,-4.31
91,Przyrost naturalny na 1 000 ludności,2021,gmina,Lipnica Wielka,powiat nowotarski,0.84
91,Przyrost naturalny na 1 000 ludności,2021,gmina,Łapsze Niżne,powiat nowotarski,0.53
91,Przyrost naturalny na 1 000 ludności,2021,gmina,Nowy Targ (miasto),powiat nowotarski,-2.08
91,Przyrost naturalny na 1 000 ludności,2021,gmina,Nowy Targ (wieś),powiat nowotarski,0.66
91,Przyrost naturalny na 1 000 ludności,2021,gmina,Ochotnica Dolna,powiat nowotarski,-3.18
91,Przyrost naturalny na 1 000 ludności,2021,gmina,Raba Wyżna,powiat nowotarski,-2.84
91,Przyrost naturalny na 1 000 ludności,2021,gmina,Rabka-Zdrój,powiat nowotarski,-3.54
91,Przyrost naturalny na 1 000 ludności,2021,gmina,Spytkowice,powiat nowotarski,3.24
91,Przyrost naturalny na 1 000 ludności,2021,gmina,Szaflary,powiat nowotarski,3.23
91,Przyrost naturalny na 1 000 ludności,2021,gmina,Szczawnica,powiat nowotarski,-6.34
91,Przyrost naturalny na 1 000 ludności,2021,powiat,powiat olkuski,powiat olkuski,-6.44
91,Przyrost naturalny na 1 000 ludności,2021,gmina,Bolesław,powiat olkuski,-3.11
91,Przyrost naturalny na 1 000 ludności,2021,gmina,Bukowno,powiat olkuski,-8.67
91,Przyrost naturalny na 1 000 ludności,2021,gmina,Klucze,powiat olkuski,-10.05
91,Przyrost naturalny na 1 000 ludności,2021,gmina,Olkusz,powiat olkuski,-5.38
91,Przyrost naturalny na 1 000 ludności,2021,gmina,Trzyciąż,powiat olkuski,-7.28
91,Przyrost naturalny na 1 000 ludności,2021,gmina,Wolbrom,powiat olkuski,-6.22
91,Przyrost naturalny na 1 000 ludności,2021,powiat,powiat oświęcimski,powiat oświęcimski,-6.53
91,Przyrost naturalny na 1 000 ludności,2021,gmina,Brzeszcze,powiat oświęcimski,-6.67
91,Przyrost naturalny na 1 000 ludności,2021,gmina,Chełmek,powiat oświęcimski,-8.07
91,Przyrost naturalny na 1 000 ludności,2021,gmina,Kęty,powiat oświęcimski,-3.62
91,Przyrost naturalny na 1 000 ludności,2021,gmina,Osiek,powiat oświęcimski,-1.69
91,Przyrost naturalny na 1 000 ludności,2021,gmina,Oświęcim (miasto),powiat oświęcimski,-11.39
91,Przyrost naturalny na 1 000 ludności,2021,gmina,Oświęcim (wieś),powiat oświęcimski,-4.98
91,Przyrost naturalny na 1 000 ludności,2021,gmina,Polanka Wielka,powiat oświęcimski,-3.48
91,Przyrost naturalny na 1 000 ludności,2021,gmina,Przeciszów,powiat oświęcimski,-7.33
91,Przyrost naturalny na 1 000 ludności,2021,gmina,Zator,powiat oświęcimski,-3.47
91,Przyrost naturalny na 1 000 ludności,2021,powiat,powiat proszowicki,powiat proszowicki,-4.52
91,Przyrost naturalny na 1 000 ludności,2021,gmina,Koniusza,powiat proszowicki,-1.56
91,Przyrost naturalny na 1 000 ludności,2021,gmina,Koszyce,powiat proszowicki,-6.34
91,Przyrost naturalny na 1 000 ludności,2021,gmina,Nowe Brzesko,powiat proszowicki,-6.36
91,Przyrost naturalny na 1 000 ludności,2021,gmina,Pałecznica,powiat proszowicki,-2.25
91,Przyrost naturalny na 1 000 ludności,2021,gmina,Proszowice,powiat proszowicki,-5.11
91,Przyrost naturalny na 1 000 ludności,2021,gmina,Radziemice,powiat proszowicki,-6.01
91,Przyrost naturalny na 1 000 ludności,2021,powiat,powiat suski,powiat suski,-3.78
91,Przyrost naturalny na 1 000 ludności,2021,gmina,Budzów,powiat suski,-0.22
91,Przyrost naturalny na 1 000 ludności,2021,gmina,Bystra-Sidzina,powiat suski,0.29
91,Przyrost naturalny na 1 000 ludności,2021,gmina,Jordanów (miasto),powiat suski,-5.64
91,Przyrost naturalny na 1 000 ludności,2021,gmina,Jordanów (wieś),powiat suski,-1.42
91,Przyrost naturalny na 1 000 ludności,2021,gmina,Maków Podhalański,powiat suski,-6.93
91,Przyrost naturalny na 1 000 ludności,2021,gmina,Stryszawa,powiat suski,-5.87
91,Przyrost naturalny na 1 000 ludności,2021,gmina,Sucha Beskidzka,powiat suski,-3.45
91,Przyrost naturalny na 1 000 ludności,2021,gmina,Zawoja,powiat suski,-3.87
91,Przyrost naturalny na 1 000 ludności,2021,gmina,Zembrzyce,powiat suski,-4.49
91,Przyrost naturalny na 1 000 ludności,2021,powiat,powiat tarnowski,powiat tarnowski,-2.48
91,Przyrost naturalny na 1 000 ludności,2021,gmina,Ciężkowice,powiat tarnowski,-0.80
91,Przyrost naturalny na 1 000 ludności,2021,gmina,Gromnik,powiat tarnowski,0.67
91,Przyrost naturalny na 1 000 ludności,2021,gmina,Lisia Góra,powiat tarnowski,-1.03
91,Przyrost naturalny na 1 000 ludności,2021,gmina,Pleśna,powiat tarnowski,-3.96
91,Przyrost naturalny na 1 000 ludności,2021,gmina,Radłów,powiat tarnowski,-3.76
91,Przyrost naturalny na 1 000 ludności,2021,gmina,Ryglice,powiat tarnowski,-3.62
91,Przyrost naturalny na 1 000 ludności,2021,gmina,Rzepiennik Strzyżewski,powiat tarnowski,-1.19
91,Przyrost naturalny na 1 000 ludności,2021,gmina,Skrzyszów,powiat tarnowski,0.28
91,Przyrost naturalny na 1 000 ludności,2021,gmina,Szerzyny,powiat tarnowski,-2.80
91,Przyrost naturalny na 1 000 ludności,2021,gmina,Tarnów (wieś),powiat tarnowski,-1.98
91,Przyrost naturalny na 1 000 ludności,2021,gmina,Tuchów,powiat tarnowski,-2.87
91,Przyrost naturalny na 1 000 ludności,2021,gmina,Wierzchosławice,powiat tarnowski,-4.27
91,Przyrost naturalny na 1 000 ludności,2021,gmina,Wietrzychowice,powiat tarnowski,-9.18
91,Przyrost naturalny na 1 000 ludności,2021,gmina,Wojnicz,powiat tarnowski,-3.92
91,Przyrost naturalny na 1 000 ludności,2021,gmina,Zakliczyn,powiat tarnowski,-1.51
91,Przyrost naturalny na 1 000 ludności,2021,gmina,Żabno,powiat tarnowski,-3.88
91,Przyrost naturalny na 1 000 ludności,2021,powiat,powiat tatrzański,powiat tatrzański,-2.43
91,Przyrost naturalny na 1 000 ludności,2021,gmina,Biały Dunajec,powiat tatrzański,-1.82
91,Przyrost naturalny na 1 000 ludności,2021,gmina,Bukowina Tatrzańska,powiat tatrzański,1.19
91,Przyrost naturalny na 1 000 ludności,2021,gmina,Kościelisko,powiat tatrzański,0.90
91,Przyrost naturalny na 1 000 ludności,2021,gmina,Poronin,powiat tatrzański,0.26
91,Przyrost naturalny na 1 000 ludności,2021,gmina,Zakopane,powiat tatrzański,-6.71
91,Przyrost naturalny na 1 000 ludności,2021,powiat,powiat wadowicki,powiat wadowicki,-3.46
91,Przyrost naturalny na 1 000 ludności,2021,gmina,Andrychów,powiat wadowicki,-4.29
91,Przyrost naturalny na 1 000 ludności,2021,gmina,Brzeźnica,powiat wadowicki,-1.04
91,Przyrost naturalny na 1 000 ludności,2021,gmina,Kalwaria Zebrzydowska,powiat wadowicki,-2.00
91,Przyrost naturalny na 1 000 ludności,2021,gmina,Lanckorona,powiat wadowicki,-4.19
91,Przyrost naturalny na 1 000 ludności,2021,gmina,Mucharz,powiat wadowicki,-3.64
91,Przyrost naturalny na 1 000 ludności,2021,gmina,Spytkowice,powiat wadowicki,-3.60
91,Przyrost naturalny na 1 000 ludności,2021,gmina,Stryszów,powiat wadowicki,-3.07
91,Przyrost naturalny na 1 000 ludności,2021,gmina,Tomice,powiat wadowicki,-1.09
91,Przyrost naturalny na 1 000 ludności,2021,gmina,Wadowice,powiat wadowicki,-5.26
91,Przyrost naturalny na 1 000 ludności,2021,gmina,Wieprz,powiat wadowicki,-0.88
91,Przyrost naturalny na 1 000 ludności,2021,powiat,powiat wielicki,powiat wielicki,0.96
91,Przyrost naturalny na 1 000 ludności,2021,gmina,Biskupice,powiat wielicki,-0.47
91,Przyrost naturalny na 1 000 ludności,2021,gmina,Gdów,powiat wielicki,-0.22
91,Przyrost naturalny na 1 000 ludności,2021,gmina,Kłaj,powiat wielicki,-2.67
91,Przyrost naturalny na 1 000 ludności,2021,gmina,Niepołomice,powiat wielicki,2.94
91,Przyrost naturalny na 1 000 ludności,2021,gmina,Wieliczka,powiat wielicki,1.23
91,Przyrost naturalny na 1 000 ludności,2020,powiat,powiat bocheński,powiat bocheński,0.02
91,Przyrost naturalny na 1 000 ludności,2020,gmina,Bochnia (miasto),powiat bocheński,-2.02
91,Przyrost naturalny na 1 000 ludności,2020,gmina,Bochnia (wieś),powiat bocheński,0.55
91,Przyrost naturalny na 1 000 ludności,2020,gmina,Drwinia,powiat bocheński,-2.76
91,Przyrost naturalny na 1 000 ludności,2020,gmina,Lipnica Murowana,powiat bocheński,-0.89
91,Przyrost naturalny na 1 000 ludności,2020,gmina,Łapanów,powiat bocheński,-1.71
91,Przyrost naturalny na 1 000 ludności,2020,gmina,Nowy Wiśnicz,powiat bocheński,3.16
91,Przyrost naturalny na 1 000 ludności,2020,gmina,Rzezawa,powiat bocheński,1.05
91,Przyrost naturalny na 1 000 ludności,2020,gmina,Trzciana,powiat bocheński,3.01
91,Przyrost naturalny na 1 000 ludności,2020,gmina,Żegocina,powiat bocheński,2.51
91,Przyrost naturalny na 1 000 ludności,2020,powiat,powiat brzeski,powiat brzeski,-1.85
91,Przyrost naturalny na 1 000 ludności,2020,gmina,Borzęcin,powiat brzeski,-6.74
91,Przyrost naturalny na 1 000 ludności,2020,gmina,Brzesko,powiat brzeski,-1.88
91,Przyrost naturalny na 1 000 ludności,2020,gmina,Czchów,powiat brzeski,0.51
91,Przyrost naturalny na 1 000 ludności,2020,gmina,Dębno,powiat brzeski,-0.54
91,Przyrost naturalny na 1 000 ludności,2020,gmina,Gnojnik,powiat brzeski,-1.37
91,Przyrost naturalny na 1 000 ludności,2020,gmina,Iwkowa,powiat brzeski,3.08
91,Przyrost naturalny na 1 000 ludności,2020,gmina,Szczurowa,powiat brzeski,-5.71
91,Przyrost naturalny na 1 000 ludności,2020,powiat,powiat chrzanowski,powiat chrzanowski,-5.83
91,Przyrost naturalny na 1 000 ludności,2020,gmina,Alwernia,powiat chrzanowski,-4.24
91,Przyrost naturalny na 1 000 ludności,2020,gmina,Babice,powiat chrzanowski,-6.05
91,Przyrost naturalny na 1 000 ludności,2020,gmina,Chrzanów,powiat chrzanowski,-6.02
91,Przyrost naturalny na 1 000 ludności,2020,gmina,Libiąż,powiat chrzanowski,-6.75
91,Przyrost naturalny na 1 000 ludności,2020,gmina,Trzebinia,powiat chrzanowski,-5.49
91,Przyrost naturalny na 1 000 ludności,2020,powiat,powiat dąbrowski,powiat dąbrowski,-2.77
91,Przyrost naturalny na 1 000 ludności,2020,gmina,Bolesław,powiat dąbrowski,-11.55
91,Przyrost naturalny na 1 000 ludności,2020,gmina,Dąbrowa Tarnowska,powiat dąbrowski,-1.98
91,Przyrost naturalny na 1 000 ludności,2020,gmina,Gręboszów,powiat dąbrowski,-6.62
91,Przyrost naturalny na 1 000 ludności,2020,gmina,Mędrzechów,powiat dąbrowski,-4.39
91,Przyrost naturalny na 1 000 ludności,2020,gmina,Olesno,powiat dąbrowski,-3.51
91,Przyrost naturalny na 1 000 ludności,2020,gmina,Radgoszcz,powiat dąbrowski,0.27
91,Przyrost naturalny na 1 000 ludności,2020,gmina,Szczucin,powiat dąbrowski,-2.21
91,Przyrost naturalny na 1 000 ludności,2020,powiat,powiat gorlicki,powiat gorlicki,-1.84
91,Przyrost naturalny na 1 000 ludności,2020,gmina,Biecz,powiat gorlicki,-1.73
91,Przyrost naturalny na 1 000 ludności,2020,gmina,Bobowa,powiat gorlicki,3.77
91,Przyrost naturalny na 1 000 ludności,2020,gmina,Gorlice (miasto),powiat gorlicki,-5.69
91,Przyrost naturalny na 1 000 ludności,2020,gmina,Gorlice (wieś),powiat gorlicki,-1.50
91,Przyrost naturalny na 1 000 ludności,2020,gmina,Lipinki,powiat gorlicki,-0.88
91,Przyrost naturalny na 1 000 ludności,2020,gmina,Łużna,powiat gorlicki,-2.81
91,Przyrost naturalny na 1 000 ludności,2020,gmina,Moszczenica,powiat gorlicki,0.80
91,Przyrost naturalny na 1 000 ludności,2020,gmina,Ropa,powiat gorlicki,1.63
91,Przyrost naturalny na 1 000 ludności,2020,gmina,Sękowa,powiat gorlicki,-5.64
91,Przyrost naturalny na 1 000 ludności,2020,gmina,Uście Gorlickie,powiat gorlicki,2.62
91,Przyrost naturalny na 1 000 ludności,2020,powiat,powiat krakowski,powiat krakowski,-0.73
91,Przyrost naturalny na 1 000 ludności,2020,gmina,Czernichów,powiat krakowski,-2.72
91,Przyrost naturalny na 1 000 ludności,2020,gmina,Igołomia-Wawrzeńczyce,powiat krakowski,0.39
91,Przyrost naturalny na 1 000 ludności,2020,gmina,Iwanowice,powiat krakowski,-3.70
91,Przyrost naturalny na 1 000 ludności,2020,gmina,Jerzmanowice-Przeginia,powiat krakowski,-3.38
91,Przyrost naturalny na 1 000 ludności,2020,gmina,Kocmyrzów-Luborzyca,powiat krakowski,0.50
91,Przyrost naturalny na 1 000 ludności,2020,gmina,Krzeszowice,powiat krakowski,-3.02
91,Przyrost naturalny na 1 000 ludności,2020,gmina,Liszki,powiat krakowski,0.06
91,Przyrost naturalny na 1 000 ludności,2020,gmina,Michałowice,powiat krakowski,2.77
91,Przyrost naturalny na 1 000 ludności,2020,gmina,Mogilany,powiat krakowski,0.56
91,Przyrost naturalny na 1 000 ludności,2020,gmina,Skała,powiat krakowski,-1.32
91,Przyrost naturalny na 1 000 ludności,2020,gmina,Skawina,powiat krakowski,-0.14
91,Przyrost naturalny na 1 000 ludności,2020,gmina,Słomniki,powiat krakowski,-4.33
91,Przyrost naturalny na 1 000 ludności,2020,gmina,Sułoszowa,powiat krakowski,-2.41
91,Przyrost naturalny na 1 000 ludności,2020,gmina,Świątniki Górne,powiat krakowski,2.63
91,Przyrost naturalny na 1 000 ludności,2020,gmina,Wielka Wieś,powiat krakowski,2.71
91,Przyrost naturalny na 1 000 ludności,2020,gmina,Zabierzów,powiat krakowski,-3.12
91,Przyrost naturalny na 1 000 ludności,2020,gmina,Zielonki,powiat krakowski,2.86
91,Przyrost naturalny na 1 000 ludności,2020,powiat,powiat limanowski,powiat limanowski,3.46
91,Przyrost naturalny na 1 000 ludności,2020,gmina,Dobra,powiat limanowski,3.20
91,Przyrost naturalny na 1 000 ludności,2020,gmina,Jodłownik,powiat limanowski,3.45
91,Przyrost naturalny na 1 000 ludności,2020,gmina,Kamienica,powiat limanowski,1.52
91,Przyrost naturalny na 1 000 ludności,2020,gmina,Laskowa,powiat limanowski,5.11
91,Przyrost naturalny na 1 000 ludności,2020,gmina,Limanowa (miasto),powiat limanowski,0.46
91,Przyrost naturalny na 1 000 ludności,2020,gmina,Limanowa (wieś),powiat limanowski,4.24
91,Przyrost naturalny na 1 000 ludności,2020,gmina,Łukowica,powiat limanowski,5.64
91,Przyrost naturalny na 1 000 ludności,2020,gmina,Mszana Dolna (miasto),powiat limanowski,0.76
91,Przyrost naturalny na 1 000 ludności,2020,gmina,Mszana Dolna (wieś),powiat limanowski,2.05
91,Przyrost naturalny na 1 000 ludności,2020,gmina,Niedźwiedź,powiat limanowski,5.16
91,Przyrost naturalny na 1 000 ludności,2020,gmina,Słopnice,powiat limanowski,11.47
91,Przyrost naturalny na 1 000 ludności,2020,gmina,Tymbark,powiat limanowski,1.52
91,Przyrost naturalny na 1 000 ludności,2020,powiat,powiat m. Kraków,powiat m. Kraków,-0.08
91,Przyrost naturalny na 1 000 ludności,2020,powiat,powiat m. Nowy Sącz,powiat m. Nowy Sącz,-1.56
91,Przyrost naturalny na 1 000 ludności,2020,powiat,powiat m. Tarnów,powiat m. Tarnów,-4.87
91,Przyrost naturalny na 1 000 ludności,2020,powiat,powiat miechowski,powiat miechowski,-5.32
91,Przyrost naturalny na 1 000 ludności,2020,gmina,Charsznica,powiat miechowski,-7.03
91,Przyrost naturalny na 1 000 ludności,2020,gmina,Gołcza,powiat miechowski,-2.15
91,Przyrost naturalny na 1 000 ludności,2020,gmina,Kozłów,powiat miechowski,-3.50
91,Przyrost naturalny na 1 000 ludności,2020,gmina,Książ Wielki,powiat miechowski,-8.91
91,Przyrost naturalny na 1 000 ludności,2020,gmina,Miechów,powiat miechowski,-4.85
91,Przyrost naturalny na 1 000 ludności,2020,gmina,Racławice,powiat miechowski,-3.19
91,Przyrost naturalny na 1 000 ludności,2020,gmina,Słaboszów,powiat miechowski,-8.54
91,Przyrost naturalny na 1 000 ludności,2020,powiat,powiat myślenicki,powiat myślenicki,1.27
91,Przyrost naturalny na 1 000 ludności,2020,gmina,Dobczyce,powiat myślenicki,2.54
91,Przyrost naturalny na 1 000 ludności,2020,gmina,Lubień,powiat myślenicki,0.40
91,Przyrost naturalny na 1 000 ludności,2020,gmina,Myślenice,powiat myślenicki,0.65
91,Przyrost naturalny na 1 000 ludności,2020,gmina,Pcim,powiat myślenicki,0.36
91,Przyrost naturalny na 1 000 ludności,2020,gmina,Raciechowice,powiat myślenicki,3.42
91,Przyrost naturalny na 1 000 ludności,2020,gmina,Siepraw,powiat myślenicki,1.55
91,Przyrost naturalny na 1 000 ludności,2020,gmina,Sułkowice,powiat myślenicki,0.07
91,Przyrost naturalny na 1 000 ludności,2020,gmina,Tokarnia,powiat myślenicki,4.51
91,Przyrost naturalny na 1 000 ludności,2020,gmina,Wiśniowa,powiat myślenicki,1.21
91,Przyrost naturalny na 1 000 ludności,2020,powiat,powiat nowosądecki,powiat nowosądecki,1.71
91,Przyrost naturalny na 1 000 ludności,2020,gmina,Podegrodzie,powiat nowosądecki,4.20
91,Przyrost naturalny na 1 000 ludności,2020,gmina,Rytro,powiat nowosądecki,-0.53
91,Przyrost naturalny na 1 000 ludności,2020,gmina,Stary Sącz,powiat nowosądecki,1.47
91,Przyrost naturalny na 1 000 ludności,2020,gmina,Chełmiec,powiat nowosądecki,1.35
91,Przyrost naturalny na 1 000 ludności,2020,gmina,Gródek nad Dunajcem,powiat nowosądecki,1.51
91,Przyrost naturalny na 1 000 ludności,2020,gmina,Grybów (miasto),powiat nowosądecki,-3.17
91,Przyrost naturalny na 1 000 ludności,2020,gmina,Grybów (wieś),powiat nowosądecki,2.11
91,Przyrost naturalny na 1 000 ludności,2020,gmina,Kamionka Wielka,powiat nowosądecki,2.87
91,Przyrost naturalny na 1 000 ludności,2020,gmina,Korzenna,powiat nowosądecki,4.34
91,Przyrost naturalny na 1 000 ludności,2020,gmina,Krynica-Zdrój,powiat nowosądecki,-3.43
91,Przyrost naturalny na 1 000 ludności,2020,gmina,Łabowa,powiat nowosądecki,4.75
91,Przyrost naturalny na 1 000 ludności,2020,gmina,Łącko,powiat nowosądecki,4.89
91,Przyrost naturalny na 1 000 ludności,2020,gmina,Łososina Dolna,powiat nowosądecki,3.14
91,Przyrost naturalny na 1 000 ludności,2020,gmina,Muszyna,powiat nowosądecki,-2.08
91,Przyrost naturalny na 1 000 ludności,2020,gmina,Nawojowa,powiat nowosądecki,5.93
91,Przyrost naturalny na 1 000 ludności,2020,gmina,Piwniczna-Zdrój,powiat nowosądecki,-1.33
91,Przyrost naturalny na 1 000 ludności,2020,powiat,powiat nowotarski,powiat nowotarski,0.14
91,Przyrost naturalny na 1 000 ludności,2020,gmina,Czarny Dunajec,powiat nowotarski,0.84
91,Przyrost naturalny na 1 000 ludności,2020,gmina,Czorsztyn,powiat nowotarski,0.78
91,Przyrost naturalny na 1 000 ludności,2020,gmina,Jabłonka,powiat nowotarski,3.42
91,Przyrost naturalny na 1 000 ludności,2020,gmina,Krościenko nad Dunajcem,powiat nowotarski,-3.98
91,Przyrost naturalny na 1 000 ludności,2020,gmina,Lipnica Wielka,powiat nowotarski,4.32
91,Przyrost naturalny na 1 000 ludności,2020,gmina,Łapsze Niżne,powiat nowotarski,0.85
91,Przyrost naturalny na 1 000 ludności,2020,gmina,Nowy Targ (miasto),powiat nowotarski,-1.26
91,Przyrost naturalny na 1 000 ludności,2020,gmina,Nowy Targ (wieś),powiat nowotarski,2.20
91,Przyrost naturalny na 1 000 ludności,2020,gmina,Ochotnica Dolna,powiat nowotarski,-0.82
91,Przyrost naturalny na 1 000 ludności,2020,gmina,Raba Wyżna,powiat nowotarski,-0.14
91,Przyrost naturalny na 1 000 ludności,2020,gmina,Rabka-Zdrój,powiat nowotarski,-4.58
91,Przyrost naturalny na 1 000 ludności,2020,gmina,Spytkowice,powiat nowotarski,5.41
91,Przyrost naturalny na 1 000 ludności,2020,gmina,Szaflary,powiat nowotarski,2.25
91,Przyrost naturalny na 1 000 ludności,2020,gmina,Szczawnica,powiat nowotarski,-6.13
91,Przyrost naturalny na 1 000 ludności,2020,powiat,powiat olkuski,powiat olkuski,-5.34
91,Przyrost naturalny na 1 000 ludności,2020,gmina,Bolesław,powiat olkuski,-3.61
91,Przyrost naturalny na 1 000 ludności,2020,gmina,Bukowno,powiat olkuski,-8.77
91,Przyrost naturalny na 1 000 ludności,2020,gmina,Klucze,powiat olkuski,-8.04
91,Przyrost naturalny na 1 000 ludności,2020,gmina,Olkusz,powiat olkuski,-3.98
91,Przyrost naturalny na 1 000 ludności,2020,gmina,Trzyciąż,powiat olkuski,-2.98
91,Przyrost naturalny na 1 000 ludności,2020,gmina,Wolbrom,powiat olkuski,-6.26
91,Przyrost naturalny na 1 000 ludności,2020,powiat,powiat oświęcimski,powiat oświęcimski,-4.36
91,Przyrost naturalny na 1 000 ludności,2020,gmina,Brzeszcze,powiat oświęcimski,-3.88
91,Przyrost naturalny na 1 000 ludności,2020,gmina,Chełmek,powiat oświęcimski,-8.75
91,Przyrost naturalny na 1 000 ludności,2020,gmina,Kęty,powiat oświęcimski,-2.14
91,Przyrost naturalny na 1 000 ludności,2020,gmina,Osiek,powiat oświęcimski,-1.82
91,Przyrost naturalny na 1 000 ludności,2020,gmina,Oświęcim (miasto),powiat oświęcimski,-7.72
91,Przyrost naturalny na 1 000 ludności,2020,gmina,Oświęcim (wieś),powiat oświęcimski,-1.72
91,Przyrost naturalny na 1 000 ludności,2020,gmina,Polanka Wielka,powiat oświęcimski,-3.02
91,Przyrost naturalny na 1 000 ludności,2020,gmina,Przeciszów,powiat oświęcimski,-4.76
91,Przyrost naturalny na 1 000 ludności,2020,gmina,Zator,powiat oświęcimski,-1.72
91,Przyrost naturalny na 1 000 ludności,2020,powiat,powiat proszowicki,powiat proszowicki,-2.90
91,Przyrost naturalny na 1 000 ludności,2020,gmina,Koniusza,powiat proszowicki,-0.66
91,Przyrost naturalny na 1 000 ludności,2020,gmina,Koszyce,powiat proszowicki,-6.62
91,Przyrost naturalny na 1 000 ludności,2020,gmina,Nowe Brzesko,powiat proszowicki,-2.28
91,Przyrost naturalny na 1 000 ludności,2020,gmina,Pałecznica,powiat proszowicki,-5.61
91,Przyrost naturalny na 1 000 ludności,2020,gmina,Proszowice,powiat proszowicki,-2.42
91,Przyrost naturalny na 1 000 ludności,2020,gmina,Radziemice,powiat proszowicki,-3.31
91,Przyrost naturalny na 1 000 ludności,2020,powiat,powiat suski,powiat suski,-2.46
91,Przyrost naturalny na 1 000 ludności,2020,gmina,Budzów,powiat suski,-1.79
91,Przyrost naturalny na 1 000 ludności,2020,gmina,Bystra-Sidzina,powiat suski,-2.60
91,Przyrost naturalny na 1 000 ludności,2020,gmina,Jordanów (miasto),powiat suski,2.05
91,Przyrost naturalny na 1 000 ludności,2020,gmina,Jordanów (wieś),powiat suski,0.80
91,Przyrost naturalny na 1 000 ludności,2020,gmina,Maków Podhalański,powiat suski,-3.74
91,Przyrost naturalny na 1 000 ludności,2020,gmina,Stryszawa,powiat suski,-2.76
91,Przyrost naturalny na 1 000 ludności,2020,gmina,Sucha Beskidzka,powiat suski,-4.64
91,Przyrost naturalny na 1 000 ludności,2020,gmina,Zawoja,powiat suski,-3.97
91,Przyrost naturalny na 1 000 ludności,2020,gmina,Zembrzyce,powiat suski,-3.91
91,Przyrost naturalny na 1 000 ludności,2020,powiat,powiat tarnowski,powiat tarnowski,-1.24
91,Przyrost naturalny na 1 000 ludności,2020,gmina,Ciężkowice,powiat tarnowski,2.59
91,Przyrost naturalny na 1 000 ludności,2020,gmina,Gromnik,powiat tarnowski,1.79
91,Przyrost naturalny na 1 000 ludności,2020,gmina,Lisia Góra,powiat tarnowski,-2.27
91,Przyrost naturalny na 1 000 ludności,2020,gmina,Pleśna,powiat tarnowski,0.50
91,Przyrost naturalny na 1 000 ludności,2020,gmina,Radłów,powiat tarnowski,-3.00
91,Przyrost naturalny na 1 000 ludności,2020,gmina,Ryglice,powiat tarnowski,-1.89
91,Przyrost naturalny na 1 000 ludności,2020,gmina,Rzepiennik Strzyżewski,powiat tarnowski,-0.15
91,Przyrost naturalny na 1 000 ludności,2020,gmina,Skrzyszów,powiat tarnowski,0.35
91,Przyrost naturalny na 1 000 ludności,2020,gmina,Szerzyny,powiat tarnowski,0.88
91,Przyrost naturalny na 1 000 ludności,2020,gmina,Tarnów (wieś),powiat tarnowski,-1.45
91,Przyrost naturalny na 1 000 ludności,2020,gmina,Tuchów,powiat tarnowski,-1.68
91,Przyrost naturalny na 1 000 ludności,2020,gmina,Wierzchosławice,powiat tarnowski,-3.87
91,Przyrost naturalny na 1 000 ludności,2020,gmina,Wietrzychowice,powiat tarnowski,-9.89
91,Przyrost naturalny na 1 000 ludności,2020,gmina,Wojnicz,powiat tarnowski,-1.64
91,Przyrost naturalny na 1 000 ludności,2020,gmina,Zakliczyn,powiat tarnowski,-1.36
91,Przyrost naturalny na 1 000 ludności,2020,gmina,Żabno,powiat tarnowski,-1.96
91,Przyrost naturalny na 1 000 ludności,2020,powiat,powiat tatrzański,powiat tatrzański,-1.09
91,Przyrost naturalny na 1 000 ludności,2020,gmina,Biały Dunajec,powiat tatrzański,0.28
91,Przyrost naturalny na 1 000 ludności,2020,gmina,Bukowina Tatrzańska,powiat tatrzański,4.09
91,Przyrost naturalny na 1 000 ludności,2020,gmina,Kościelisko,powiat tatrzański,1.13
91,Przyrost naturalny na 1 000 ludności,2020,gmina,Poronin,powiat tatrzański,0.17
91,Przyrost naturalny na 1 000 ludności,2020,gmina,Zakopane,powiat tatrzański,-5.31
91,Przyrost naturalny na 1 000 ludności,2020,powiat,powiat wadowicki,powiat wadowicki,-2.08
91,Przyrost naturalny na 1 000 ludności,2020,gmina,Andrychów,powiat wadowicki,-3.25
91,Przyrost naturalny na 1 000 ludności,2020,gmina,Brzeźnica,powiat wadowicki,0.00
91,Przyrost naturalny na 1 000 ludności,2020,gmina,Kalwaria Zebrzydowska,powiat wadowicki,0.20
91,Przyrost naturalny na 1 000 ludności,2020,gmina,Lanckorona,powiat wadowicki,-3.37
91,Przyrost naturalny na 1 000 ludności,2020,gmina,Mucharz,powiat wadowicki,0.24
91,Przyrost naturalny na 1 000 ludności,2020,gmina,Spytkowice,powiat wadowicki,-2.80
91,Przyrost naturalny na 1 000 ludności,2020,gmina,Stryszów,powiat wadowicki,-4.53
91,Przyrost naturalny na 1 000 ludności,2020,gmina,Tomice,powiat wadowicki,-0.61
91,Przyrost naturalny na 1 000 ludności,2020,gmina,Wadowice,powiat wadowicki,-3.01
91,Przyrost naturalny na 1 000 ludności,2020,gmina,Wieprz,powiat wadowicki,0.24
91,Przyrost naturalny na 1 000 ludności,2020,powiat,powiat wielicki,powiat wielicki,1.77
91,Przyrost naturalny na 1 000 ludności,2020,gmina,Biskupice,powiat wielicki,1.33
91,Przyrost naturalny na 1 000 ludności,2020,gmina,Gdów,powiat wielicki,2.94
91,Przyrost naturalny na 1 000 ludności,2020,gmina,Kłaj,powiat wielicki,0.55
91,Przyrost naturalny na 1 000 ludności,2020,gmina,Niepołomice,powiat wielicki,3.30
91,Przyrost naturalny na 1 000 ludności,2020,gmina,Wieliczka,powiat wielicki,0.97
91,Przyrost naturalny na 1 000 ludności,2019,powiat,powiat bocheński,powiat bocheński,3.73
91,Przyrost naturalny na 1 000 ludności,2019,gmina,Bochnia (miasto),powiat bocheński,1.48
91,Przyrost naturalny na 1 000 ludności,2019,gmina,Bochnia (wieś),powiat bocheński,4.96
91,Przyrost naturalny na 1 000 ludności,2019,gmina,Drwinia,powiat bocheński,4.29
91,Przyrost naturalny na 1 000 ludności,2019,gmina,Lipnica Murowana,powiat bocheński,2.83
91,Przyrost naturalny na 1 000 ludności,2019,gmina,Łapanów,powiat bocheński,3.93
91,Przyrost naturalny na 1 000 ludności,2019,gmina,Nowy Wiśnicz,powiat bocheński,4.54
91,Przyrost naturalny na 1 000 ludności,2019,gmina,Rzezawa,powiat bocheński,4.34
91,Przyrost naturalny na 1 000 ludności,2019,gmina,Trzciana,powiat bocheński,6.07
91,Przyrost naturalny na 1 000 ludności,2019,gmina,Żegocina,powiat bocheński,5.77
91,Przyrost naturalny na 1 000 ludności,2019,powiat,powiat brzeski,powiat brzeski,0.77
91,Przyrost naturalny na 1 000 ludności,2019,gmina,Borzęcin,powiat brzeski,-3.11
91,Przyrost naturalny na 1 000 ludności,2019,gmina,Brzesko,powiat brzeski,0.69
91,Przyrost naturalny na 1 000 ludności,2019,gmina,Czchów,powiat brzeski,2.44
91,Przyrost naturalny na 1 000 ludności,2019,gmina,Dębno,powiat brzeski,-0.41
91,Przyrost naturalny na 1 000 ludności,2019,gmina,Gnojnik,powiat brzeski,3.99
91,Przyrost naturalny na 1 000 ludności,2019,gmina,Iwkowa,powiat brzeski,7.75
91,Przyrost naturalny na 1 000 ludności,2019,gmina,Szczurowa,powiat brzeski,-2.84
91,Przyrost naturalny na 1 000 ludności,2019,powiat,powiat chrzanowski,powiat chrzanowski,-3.68
91,Przyrost naturalny na 1 000 ludności,2019,gmina,Alwernia,powiat chrzanowski,-5.40
91,Przyrost naturalny na 1 000 ludności,2019,gmina,Babice,powiat chrzanowski,-2.63
91,Przyrost naturalny na 1 000 ludności,2019,gmina,Chrzanów,powiat chrzanowski,-3.67
91,Przyrost naturalny na 1 000 ludności,2019,gmina,Libiąż,powiat chrzanowski,-1.48
91,Przyrost naturalny na 1 000 ludności,2019,gmina,Trzebinia,powiat chrzanowski,-4.80
91,Przyrost naturalny na 1 000 ludności,2019,powiat,powiat dąbrowski,powiat dąbrowski,-0.84
91,Przyrost naturalny na 1 000 ludności,2019,gmina,Bolesław,powiat dąbrowski,-15.78
91,Przyrost naturalny na 1 000 ludności,2019,gmina,Dąbrowa Tarnowska,powiat dąbrowski,0.89
91,Przyrost naturalny na 1 000 ludności,2019,gmina,Gręboszów,powiat dąbrowski,-2.68
91,Przyrost naturalny na 1 000 ludności,2019,gmina,Mędrzechów,powiat dąbrowski,-4.64
91,Przyrost naturalny na 1 000 ludności,2019,gmina,Olesno,powiat dąbrowski,-0.50
91,Przyrost naturalny na 1 000 ludności,2019,gmina,Radgoszcz,powiat dąbrowski,0.94
91,Przyrost naturalny na 1 000 ludności,2019,gmina,Szczucin,powiat dąbrowski,-0.38
91,Przyrost naturalny na 1 000 ludności,2019,powiat,powiat gorlicki,powiat gorlicki,0.72
91,Przyrost naturalny na 1 000 ludności,2019,gmina,Biecz,powiat gorlicki,-0.71
91,Przyrost naturalny na 1 000 ludności,2019,gmina,Bobowa,powiat gorlicki,5.31
91,Przyrost naturalny na 1 000 ludności,2019,gmina,Gorlice (miasto),powiat gorlicki,-3.02
91,Przyrost naturalny na 1 000 ludności,2019,gmina,Gorlice (wieś),powiat gorlicki,1.80
91,Przyrost naturalny na 1 000 ludności,2019,gmina,Lipinki,powiat gorlicki,0.88
91,Przyrost naturalny na 1 000 ludności,2019,gmina,Łużna,powiat gorlicki,2.23
91,Przyrost naturalny na 1 000 ludności,2019,gmina,Moszczenica,powiat gorlicki,3.83
91,Przyrost naturalny na 1 000 ludności,2019,gmina,Ropa,powiat gorlicki,3.64
91,Przyrost naturalny na 1 000 ludności,2019,gmina,Sękowa,powiat gorlicki,-3.20
91,Przyrost naturalny na 1 000 ludności,2019,gmina,Uście Gorlickie,powiat gorlicki,6.14
91,Przyrost naturalny na 1 000 ludności,2019,powiat,powiat krakowski,powiat krakowski,0.94
91,Przyrost naturalny na 1 000 ludności,2019,gmina,Czernichów,powiat krakowski,-1.37
91,Przyrost naturalny na 1 000 ludności,2019,gmina,Igołomia-Wawrzeńczyce,powiat krakowski,-1.30
91,Przyrost naturalny na 1 000 ludności,2019,gmina,Iwanowice,powiat krakowski,-0.66
91,Przyrost naturalny na 1 000 ludności,2019,gmina,Jerzmanowice-Przeginia,powiat krakowski,0.27
91,Przyrost naturalny na 1 000 ludności,2019,gmina,Kocmyrzów-Luborzyca,powiat krakowski,-0.19
91,Przyrost naturalny na 1 000 ludności,2019,gmina,Krzeszowice,powiat krakowski,-2.37
91,Przyrost naturalny na 1 000 ludności,2019,gmina,Liszki,powiat krakowski,4.09
91,Przyrost naturalny na 1 000 ludności,2019,gmina,Michałowice,powiat krakowski,0.19
91,Przyrost naturalny na 1 000 ludności,2019,gmina,Mogilany,powiat krakowski,4.75
91,Przyrost naturalny na 1 000 ludności,2019,gmina,Skała,powiat krakowski,0.47
91,Przyrost naturalny na 1 000 ludności,2019,gmina,Skawina,powiat krakowski,1.13
91,Przyrost naturalny na 1 000 ludności,2019,gmina,Słomniki,powiat krakowski,-1.17
91,Przyrost naturalny na 1 000 ludności,2019,gmina,Sułoszowa,powiat krakowski,3.42
91,Przyrost naturalny na 1 000 ludności,2019,gmina,Świątniki Górne,powiat krakowski,1.97
91,Przyrost naturalny na 1 000 ludności,2019,gmina,Wielka Wieś,powiat krakowski,7.18
91,Przyrost naturalny na 1 000 ludności,2019,gmina,Zabierzów,powiat krakowski,-0.64
91,Przyrost naturalny na 1 000 ludności,2019,gmina,Zielonki,powiat krakowski,3.59
91,Przyrost naturalny na 1 000 ludności,2019,powiat,powiat limanowski,powiat limanowski,5.02
91,Przyrost naturalny na 1 000 ludności,2019,gmina,Dobra,powiat limanowski,2.91
91,Przyrost naturalny na 1 000 ludności,2019,gmina,Jodłownik,powiat limanowski,4.72
91,Przyrost naturalny na 1 000 ludności,2019,gmina,Kamienica,powiat limanowski,0.89
91,Przyrost naturalny na 1 000 ludności,2019,gmina,Laskowa,powiat limanowski,8.79
91,Przyrost naturalny na 1 000 ludności,2019,gmina,Limanowa (miasto),powiat limanowski,4.88
91,Przyrost naturalny na 1 000 ludności,2019,gmina,Limanowa (wieś),powiat limanowski,7.12
91,Przyrost naturalny na 1 000 ludności,2019,gmina,Łukowica,powiat limanowski,4.17
91,Przyrost naturalny na 1 000 ludności,2019,gmina,Mszana Dolna (miasto),powiat limanowski,1.26
91,Przyrost naturalny na 1 000 ludności,2019,gmina,Mszana Dolna (wieś),powiat limanowski,3.12
91,Przyrost naturalny na 1 000 ludności,2019,gmina,Niedźwiedź,powiat limanowski,7.73
91,Przyrost naturalny na 1 000 ludności,2019,gmina,Słopnice,powiat limanowski,7.87
91,Przyrost naturalny na 1 000 ludności,2019,gmina,Tymbark,powiat limanowski,5.93
91,Przyrost naturalny na 1 000 ludności,2019,powiat,powiat m. Kraków,powiat m. Kraków,1.97
91,Przyrost naturalny na 1 000 ludności,2019,powiat,powiat m. Nowy Sącz,powiat m. Nowy Sącz,0.48
91,Przyrost naturalny na 1 000 ludności,2019,powiat,powiat m. Tarnów,powiat m. Tarnów,-2.26
91,Przyrost naturalny na 1 000 ludności,2019,powiat,powiat miechowski,powiat miechowski,-4.68
91,Przyrost naturalny na 1 000 ludności,2019,gmina,Charsznica,powiat miechowski,-2.41
91,Przyrost naturalny na 1 000 ludności,2019,gmina,Gołcza,powiat miechowski,-4.30
91,Przyrost naturalny na 1 000 ludności,2019,gmina,Kozłów,powiat miechowski,-6.28
91,Przyrost naturalny na 1 000 ludności,2019,gmina,Książ Wielki,powiat miechowski,-6.28
91,Przyrost naturalny na 1 000 ludności,2019,gmina,Miechów,powiat miechowski,-4.12
91,Przyrost naturalny na 1 000 ludności,2019,gmina,Racławice,powiat miechowski,-4.37
91,Przyrost naturalny na 1 000 ludności,2019,gmina,Słaboszów,powiat miechowski,-9.08
91,Przyrost naturalny na 1 000 ludności,2019,powiat,powiat myślenicki,powiat myślenicki,2.83
91,Przyrost naturalny na 1 000 ludności,2019,gmina,Dobczyce,powiat myślenicki,3.67
91,Przyrost naturalny na 1 000 ludności,2019,gmina,Lubień,powiat myślenicki,0.89
91,Przyrost naturalny na 1 000 ludności,2019,gmina,Myślenice,powiat myślenicki,2.03
91,Przyrost naturalny na 1 000 ludności,2019,gmina,Pcim,powiat myślenicki,3.79
91,Przyrost naturalny na 1 000 ludności,2019,gmina,Raciechowice,powiat myślenicki,2.65
91,Przyrost naturalny na 1 000 ludności,2019,gmina,Siepraw,powiat myślenicki,2.78
91,Przyrost naturalny na 1 000 ludności,2019,gmina,Sułkowice,powiat myślenicki,3.21
91,Przyrost naturalny na 1 000 ludności,2019,gmina,Tokarnia,powiat myślenicki,5.12
91,Przyrost naturalny na 1 000 ludności,2019,gmina,Wiśniowa,powiat myślenicki,3.78
91,Przyrost naturalny na 1 000 ludności,2019,powiat,powiat nowosądecki,powiat nowosądecki,4.53
91,Przyrost naturalny na 1 000 ludności,2019,gmina,Podegrodzie,powiat nowosądecki,7.33
91,Przyrost naturalny na 1 000 ludności,2019,gmina,Rytro,powiat nowosądecki,3.95
91,Przyrost naturalny na 1 000 ludności,2019,gmina,Stary Sącz,powiat nowosądecki,4.62
91,Przyrost naturalny na 1 000 ludności,2019,gmina,Chełmiec,powiat nowosądecki,5.89
91,Przyrost naturalny na 1 000 ludności,2019,gmina,Gródek nad Dunajcem,powiat nowosądecki,1.51
91,Przyrost naturalny na 1 000 ludności,2019,gmina,Grybów (miasto),powiat nowosądecki,2.66
91,Przyrost naturalny na 1 000 ludności,2019,gmina,Grybów (wieś),powiat nowosądecki,5.42
91,Przyrost naturalny na 1 000 ludności,2019,gmina,Kamionka Wielka,powiat nowosądecki,6.54
91,Przyrost naturalny na 1 000 ludności,2019,gmina,Korzenna,powiat nowosądecki,3.17
91,Przyrost naturalny na 1 000 ludności,2019,gmina,Krynica-Zdrój,powiat nowosądecki,0.30
91,Przyrost naturalny na 1 000 ludności,2019,gmina,Łabowa,powiat nowosądecki,7.95
91,Przyrost naturalny na 1 000 ludności,2019,gmina,Łącko,powiat nowosądecki,6.12
91,Przyrost naturalny na 1 000 ludności,2019,gmina,Łososina Dolna,powiat nowosądecki,6.57
91,Przyrost naturalny na 1 000 ludności,2019,gmina,Muszyna,powiat nowosądecki,1.99
91,Przyrost naturalny na 1 000 ludności,2019,gmina,Nawojowa,powiat nowosądecki,5.06
91,Przyrost naturalny na 1 000 ludności,2019,gmina,Piwniczna-Zdrój,powiat nowosądecki,1.31
91,Przyrost naturalny na 1 000 ludności,2019,powiat,powiat nowotarski,powiat nowotarski,2.69
91,Przyrost naturalny na 1 000 ludności,2019,gmina,Czarny Dunajec,powiat nowotarski,2.70
91,Przyrost naturalny na 1 000 ludności,2019,gmina,Czorsztyn,powiat nowotarski,3.93
91,Przyrost naturalny na 1 000 ludności,2019,gmina,Jabłonka,powiat nowotarski,5.90
91,Przyrost naturalny na 1 000 ludności,2019,gmina,Krościenko nad Dunajcem,powiat nowotarski,1.17
91,Przyrost naturalny na 1 000 ludności,2019,gmina,Lipnica Wielka,powiat nowotarski,8.14
91,Przyrost naturalny na 1 000 ludności,2019,gmina,Łapsze Niżne,powiat nowotarski,3.96
91,Przyrost naturalny na 1 000 ludności,2019,gmina,Nowy Targ (miasto),powiat nowotarski,0.30
91,Przyrost naturalny na 1 000 ludności,2019,gmina,Nowy Targ (wieś),powiat nowotarski,3.99
91,Przyrost naturalny na 1 000 ludności,2019,gmina,Ochotnica Dolna,powiat nowotarski,2.11
91,Przyrost naturalny na 1 000 ludności,2019,gmina,Raba Wyżna,powiat nowotarski,2.99
91,Przyrost naturalny na 1 000 ludności,2019,gmina,Rabka-Zdrój,powiat nowotarski,-0.47
91,Przyrost naturalny na 1 000 ludności,2019,gmina,Spytkowice,powiat nowotarski,8.10
91,Przyrost naturalny na 1 000 ludności,2019,gmina,Szaflary,powiat nowotarski,3.61
91,Przyrost naturalny na 1 000 ludności,2019,gmina,Szczawnica,powiat nowotarski,-2.35
91,Przyrost naturalny na 1 000 ludności,2019,powiat,powiat olkuski,powiat olkuski,-3.28
91,Przyrost naturalny na 1 000 ludności,2019,gmina,Bolesław,powiat olkuski,-4.89
91,Przyrost naturalny na 1 000 ludności,2019,gmina,Bukowno,powiat olkuski,-6.31
91,Przyrost naturalny na 1 000 ludności,2019,gmina,Klucze,powiat olkuski,-7.18
91,Przyrost naturalny na 1 000 ludności,2019,gmina,Olkusz,powiat olkuski,-1.78
91,Przyrost naturalny na 1 000 ludności,2019,gmina,Trzyciąż,powiat olkuski,0.28
91,Przyrost naturalny na 1 000 ludności,2019,gmina,Wolbrom,powiat olkuski,-3.11
91,Przyrost naturalny na 1 000 ludności,2019,powiat,powiat oświęcimski,powiat oświęcimski,-1.15
91,Przyrost naturalny na 1 000 ludności,2019,gmina,Brzeszcze,powiat oświęcimski,-2.40
91,Przyrost naturalny na 1 000 ludności,2019,gmina,Chełmek,powiat oświęcimski,-1.54
91,Przyrost naturalny na 1 000 ludności,2019,gmina,Kęty,powiat oświęcimski,1.40
91,Przyrost naturalny na 1 000 ludności,2019,gmina,Osiek,powiat oświęcimski,1.09
91,Przyrost naturalny na 1 000 ludności,2019,gmina,Oświęcim (miasto),powiat oświęcimski,-4.38
91,Przyrost naturalny na 1 000 ludności,2019,gmina,Oświęcim (wieś),powiat oświęcimski,0.11
91,Przyrost naturalny na 1 000 ludności,2019,gmina,Polanka Wielka,powiat oświęcimski,2.79
91,Przyrost naturalny na 1 000 ludności,2019,gmina,Przeciszów,powiat oświęcimski,-1.33
91,Przyrost naturalny na 1 000 ludności,2019,gmina,Zator,powiat oświęcimski,-0.11
91,Przyrost naturalny na 1 000 ludności,2019,powiat,powiat proszowicki,powiat proszowicki,-2.86
91,Przyrost naturalny na 1 000 ludności,2019,gmina,Koniusza,powiat proszowicki,-0.55
91,Przyrost naturalny na 1 000 ludności,2019,gmina,Koszyce,powiat proszowicki,-6.22
91,Przyrost naturalny na 1 000 ludności,2019,gmina,Nowe Brzesko,powiat proszowicki,-2.62
91,Przyrost naturalny na 1 000 ludności,2019,gmina,Pałecznica,powiat proszowicki,-1.95
91,Przyrost naturalny na 1 000 ludności,2019,gmina,Proszowice,powiat proszowicki,-2.04
91,Przyrost naturalny na 1 000 ludności,2019,gmina,Radziemice,powiat proszowicki,-8.85
91,Przyrost naturalny na 1 000 ludności,2019,powiat,powiat suski,powiat suski,0.34
91,Przyrost naturalny na 1 000 ludności,2019,gmina,Budzów,powiat suski,1.23
91,Przyrost naturalny na 1 000 ludności,2019,gmina,Bystra-Sidzina,powiat suski,2.04
91,Przyrost naturalny na 1 000 ludności,2019,gmina,Jordanów (miasto),powiat suski,1.68
91,Przyrost naturalny na 1 000 ludności,2019,gmina,Jordanów (wieś),powiat suski,4.39
91,Przyrost naturalny na 1 000 ludności,2019,gmina,Maków Podhalański,powiat suski,-1.00
91,Przyrost naturalny na 1 000 ludności,2019,gmina,Stryszawa,powiat suski,0.00
91,Przyrost naturalny na 1 000 ludności,2019,gmina,Sucha Beskidzka,powiat suski,-3.18
91,Przyrost naturalny na 1 000 ludności,2019,gmina,Zawoja,powiat suski,-1.87
91,Przyrost naturalny na 1 000 ludności,2019,gmina,Zembrzyce,powiat suski,1.42
91,Przyrost naturalny na 1 000 ludności,2019,powiat,powiat tarnowski,powiat tarnowski,1.02
91,Przyrost naturalny na 1 000 ludności,2019,gmina,Ciężkowice,powiat tarnowski,4.10
91,Przyrost naturalny na 1 000 ludności,2019,gmina,Gromnik,powiat tarnowski,3.94
91,Przyrost naturalny na 1 000 ludności,2019,gmina,Lisia Góra,powiat tarnowski,2.86
91,Przyrost naturalny na 1 000 ludności,2019,gmina,Pleśna,powiat tarnowski,0.50
91,Przyrost naturalny na 1 000 ludności,2019,gmina,Radłów,powiat tarnowski,-0.51
91,Przyrost naturalny na 1 000 ludności,2019,gmina,Ryglice,powiat tarnowski,1.54
91,Przyrost naturalny na 1 000 ludności,2019,gmina,Rzepiennik Strzyżewski,powiat tarnowski,3.70
91,Przyrost naturalny na 1 000 ludności,2019,gmina,Skrzyszów,powiat tarnowski,1.96
91,Przyrost naturalny na 1 000 ludności,2019,gmina,Szerzyny,powiat tarnowski,-0.75
91,Przyrost naturalny na 1 000 ludności,2019,gmina,Tarnów (wieś),powiat tarnowski,1.03
91,Przyrost naturalny na 1 000 ludności,2019,gmina,Tuchów,powiat tarnowski,0.95
91,Przyrost naturalny na 1 000 ludności,2019,gmina,Wierzchosławice,powiat tarnowski,1.20
91,Przyrost naturalny na 1 000 ludności,2019,gmina,Wietrzychowice,powiat tarnowski,-10.86
91,Przyrost naturalny na 1 000 ludności,2019,gmina,Wojnicz,powiat tarnowski,0.82
91,Przyrost naturalny na 1 000 ludności,2019,gmina,Zakliczyn,powiat tarnowski,0.56
91,Przyrost naturalny na 1 000 ludności,2019,gmina,Żabno,powiat tarnowski,-0.90
91,Przyrost naturalny na 1 000 ludności,2019,powiat,powiat tatrzański,powiat tatrzański,-0.03
91,Przyrost naturalny na 1 000 ludności,2019,gmina,Biały Dunajec,powiat tatrzański,0.83
91,Przyrost naturalny na 1 000 ludności,2019,gmina,Bukowina Tatrzańska,powiat tatrzański,3.73
91,Przyrost naturalny na 1 000 ludności,2019,gmina,Kościelisko,powiat tatrzański,5.22
91,Przyrost naturalny na 1 000 ludności,2019,gmina,Poronin,powiat tatrzański,0.60
91,Przyrost naturalny na 1 000 ludności,2019,gmina,Zakopane,powiat tatrzański,-4.10
91,Przyrost naturalny na 1 000 ludności,2019,powiat,powiat wadowicki,powiat wadowicki,0.89
91,Przyrost naturalny na 1 000 ludności,2019,gmina,Andrychów,powiat wadowicki,-0.32
91,Przyrost naturalny na 1 000 ludności,2019,gmina,Brzeźnica,powiat wadowicki,2.22
91,Przyrost naturalny na 1 000 ludności,2019,gmina,Kalwaria Zebrzydowska,powiat wadowicki,0.15
91,Przyrost naturalny na 1 000 ludności,2019,gmina,Lanckorona,powiat wadowicki,0.96
91,Przyrost naturalny na 1 000 ludności,2019,gmina,Mucharz,powiat wadowicki,2.66
91,Przyrost naturalny na 1 000 ludności,2019,gmina,Spytkowice,powiat wadowicki,2.21
91,Przyrost naturalny na 1 000 ludności,2019,gmina,Stryszów,powiat wadowicki,-1.90
91,Przyrost naturalny na 1 000 ludności,2019,gmina,Tomice,powiat wadowicki,4.03
91,Przyrost naturalny na 1 000 ludności,2019,gmina,Wadowice,powiat wadowicki,1.13
91,Przyrost naturalny na 1 000 ludności,2019,gmina,Wieprz,powiat wadowicki,2.26
91,Przyrost naturalny na 1 000 ludności,2019,powiat,powiat wielicki,powiat wielicki,2.73
91,Przyrost naturalny na 1 000 ludności,2019,gmina,Biskupice,powiat wielicki,2.02
91,Przyrost naturalny na 1 000 ludności,2019,gmina,Gdów,powiat wielicki,4.94
91,Przyrost naturalny na 1 000 ludności,2019,gmina,Kłaj,powiat wielicki,-1.87
91,Przyrost naturalny na 1 000 ludności,2019,gmina,Niepołomice,powiat wielicki,3.72
91,Przyrost naturalny na 1 000 ludności,2019,gmina,Wieliczka,powiat wielicki,2.52
91,Przyrost naturalny na 1 000 ludności,2018,powiat,powiat bocheński,powiat bocheński,3.59
91,Przyrost naturalny na 1 000 ludności,2018,gmina,Bochnia (miasto),powiat bocheński,1.53
91,Przyrost naturalny na 1 000 ludności,2018,gmina,Bochnia (wieś),powiat bocheński,1.67
91,Przyrost naturalny na 1 000 ludności,2018,gmina,Drwinia,powiat bocheński,1.38
91,Przyrost naturalny na 1 000 ludności,2018,gmina,Lipnica Murowana,powiat bocheński,4.10
91,Przyrost naturalny na 1 000 ludności,2018,gmina,Łapanów,powiat bocheński,6.54
91,Przyrost naturalny na 1 000 ludności,2018,gmina,Nowy Wiśnicz,powiat bocheński,7.32
91,Przyrost naturalny na 1 000 ludności,2018,gmina,Rzezawa,powiat bocheński,2.93
91,Przyrost naturalny na 1 000 ludności,2018,gmina,Trzciana,powiat bocheński,7.19
91,Przyrost naturalny na 1 000 ludności,2018,gmina,Żegocina,powiat bocheński,7.78
91,Przyrost naturalny na 1 000 ludności,2018,powiat,powiat brzeski,powiat brzeski,2.01
91,Przyrost naturalny na 1 000 ludności,2018,gmina,Borzęcin,powiat brzeski,-0.24
91,Przyrost naturalny na 1 000 ludności,2018,gmina,Brzesko,powiat brzeski,1.57
91,Przyrost naturalny na 1 000 ludności,2018,gmina,Czchów,powiat brzeski,5.39
91,Przyrost naturalny na 1 000 ludności,2018,gmina,Dębno,powiat brzeski,3.20
91,Przyrost naturalny na 1 000 ludności,2018,gmina,Gnojnik,powiat brzeski,3.76
91,Przyrost naturalny na 1 000 ludności,2018,gmina,Iwkowa,powiat brzeski,4.50
91,Przyrost naturalny na 1 000 ludności,2018,gmina,Szczurowa,powiat brzeski,-2.83
91,Przyrost naturalny na 1 000 ludności,2018,powiat,powiat chrzanowski,powiat chrzanowski,-2.69
91,Przyrost naturalny na 1 000 ludności,2018,gmina,Alwernia,powiat chrzanowski,-1.66
91,Przyrost naturalny na 1 000 ludności,2018,gmina,Babice,powiat chrzanowski,-2.95
91,Przyrost naturalny na 1 000 ludności,2018,gmina,Chrzanów,powiat chrzanowski,-3.26
91,Przyrost naturalny na 1 000 ludności,2018,gmina,Libiąż,powiat chrzanowski,-0.40
91,Przyrost naturalny na 1 000 ludności,2018,gmina,Trzebinia,powiat chrzanowski,-3.71
91,Przyrost naturalny na 1 000 ludności,2018,powiat,powiat dąbrowski,powiat dąbrowski,1.10
91,Przyrost naturalny na 1 000 ludności,2018,gmina,Bolesław,powiat dąbrowski,-6.66
91,Przyrost naturalny na 1 000 ludności,2018,gmina,Dąbrowa Tarnowska,powiat dąbrowski,2.21
91,Przyrost naturalny na 1 000 ludności,2018,gmina,Gręboszów,powiat dąbrowski,-0.90
91,Przyrost naturalny na 1 000 ludności,2018,gmina,Mędrzechów,powiat dąbrowski,-2.02
91,Przyrost naturalny na 1 000 ludności,2018,gmina,Olesno,powiat dąbrowski,-0.25
91,Przyrost naturalny na 1 000 ludności,2018,gmina,Radgoszcz,powiat dąbrowski,3.37
91,Przyrost naturalny na 1 000 ludności,2018,gmina,Szczucin,powiat dąbrowski,1.75
91,Przyrost naturalny na 1 000 ludności,2018,powiat,powiat gorlicki,powiat gorlicki,1.16
91,Przyrost naturalny na 1 000 ludności,2018,gmina,Biecz,powiat gorlicki,-2.82
91,Przyrost naturalny na 1 000 ludności,2018,gmina,Bobowa,powiat gorlicki,-0.95
91,Przyrost naturalny na 1 000 ludności,2018,gmina,Gorlice (miasto),powiat gorlicki,5.45
91,Przyrost naturalny na 1 000 ludności,2018,gmina,Gorlice (wieś),powiat gorlicki,2.15
91,Przyrost naturalny na 1 000 ludności,2018,gmina,Lipinki,powiat gorlicki,0.59
91,Przyrost naturalny na 1 000 ludności,2018,gmina,Łużna,powiat gorlicki,4.36
91,Przyrost naturalny na 1 000 ludności,2018,gmina,Moszczenica,powiat gorlicki,0.81
91,Przyrost naturalny na 1 000 ludności,2018,gmina,Ropa,powiat gorlicki,8.79
91,Przyrost naturalny na 1 000 ludności,2018,gmina,Sękowa,powiat gorlicki,3.02
91,Przyrost naturalny na 1 000 ludności,2018,gmina,Uście Gorlickie,powiat gorlicki,3.36
91,Przyrost naturalny na 1 000 ludności,2018,powiat,powiat krakowski,powiat krakowski,1.71
91,Przyrost naturalny na 1 000 ludności,2018,gmina,Czernichów,powiat krakowski,0.48
91,Przyrost naturalny na 1 000 ludności,2018,gmina,Igołomia-Wawrzeńczyce,powiat krakowski,2.20
91,Przyrost naturalny na 1 000 ludności,2018,gmina,Iwanowice,powiat krakowski,0.77
91,Przyrost naturalny na 1 000 ludności,2018,gmina,Jerzmanowice-Przeginia,powiat krakowski,0.64
91,Przyrost naturalny na 1 000 ludności,2018,gmina,Kocmyrzów-Luborzyca,powiat krakowski,0.78
91,Przyrost naturalny na 1 000 ludności,2018,gmina,Krzeszowice,powiat krakowski,-1.43
91,Przyrost naturalny na 1 000 ludności,2018,gmina,Liszki,powiat krakowski,2.91
91,Przyrost naturalny na 1 000 ludności,2018,gmina,Michałowice,powiat krakowski,3.44
91,Przyrost naturalny na 1 000 ludności,2018,gmina,Mogilany,powiat krakowski,4.95
91,Przyrost naturalny na 1 000 ludności,2018,gmina,Skała,powiat krakowski,-2.66
91,Przyrost naturalny na 1 000 ludności,2018,gmina,Skawina,powiat krakowski,1.86
91,Przyrost naturalny na 1 000 ludności,2018,gmina,Słomniki,powiat krakowski,0.07
91,Przyrost naturalny na 1 000 ludności,2018,gmina,Sułoszowa,powiat krakowski,4.47
91,Przyrost naturalny na 1 000 ludności,2018,gmina,Świątniki Górne,powiat krakowski,4.89
91,Przyrost naturalny na 1 000 ludności,2018,gmina,Wielka Wieś,powiat krakowski,6.09
91,Przyrost naturalny na 1 000 ludności,2018,gmina,Zabierzów,powiat krakowski,1.48
91,Przyrost naturalny na 1 000 ludności,2018,gmina,Zielonki,powiat krakowski,3.21
91,Przyrost naturalny na 1 000 ludności,2018,powiat,powiat limanowski,powiat limanowski,5.21
91,Przyrost naturalny na 1 000 ludności,2018,gmina,Dobra,powiat limanowski,3.90
91,Przyrost naturalny na 1 000 ludności,2018,gmina,Jodłownik,powiat limanowski,1.38
91,Przyrost naturalny na 1 000 ludności,2018,gmina,Kamienica,powiat limanowski,1.00
91,Przyrost naturalny na 1 000 ludności,2018,gmina,Laskowa,powiat limanowski,6.58
91,Przyrost naturalny na 1 000 ludności,2018,gmina,Limanowa (miasto),powiat limanowski,3.45
91,Przyrost naturalny na 1 000 ludności,2018,gmina,Limanowa (wieś),powiat limanowski,6.51
91,Przyrost naturalny na 1 000 ludności,2018,gmina,Łukowica,powiat limanowski,7.64
91,Przyrost naturalny na 1 000 ludności,2018,gmina,Mszana Dolna (miasto),powiat limanowski,7.90
91,Przyrost naturalny na 1 000 ludności,2018,gmina,Mszana Dolna (wieś),powiat limanowski,3.19
91,Przyrost naturalny na 1 000 ludności,2018,gmina,Niedźwiedź,powiat limanowski,5.30
91,Przyrost naturalny na 1 000 ludności,2018,gmina,Słopnice,powiat limanowski,6.56
91,Przyrost naturalny na 1 000 ludności,2018,gmina,Tymbark,powiat limanowski,8.37
91,Przyrost naturalny na 1 000 ludności,2018,powiat,powiat m. Kraków,powiat m. Kraków,2.05
91,Przyrost naturalny na 1 000 ludności,2018,powiat,powiat m. Nowy Sącz,powiat m. Nowy Sącz,2.02
91,Przyrost naturalny na 1 000 ludności,2018,powiat,powiat m. Tarnów,powiat m. Tarnów,-1.82
91,Przyrost naturalny na 1 000 ludności,2018,powiat,powiat miechowski,powiat miechowski,-4.67
91,Przyrost naturalny na 1 000 ludności,2018,gmina,Charsznica,powiat miechowski,-6.56
91,Przyrost naturalny na 1 000 ludności,2018,gmina,Gołcza,powiat miechowski,-5.73
91,Przyrost naturalny na 1 000 ludności,2018,gmina,Kozłów,powiat miechowski,-4.73
91,Przyrost naturalny na 1 000 ludności,2018,gmina,Książ Wielki,powiat miechowski,-3.89
91,Przyrost naturalny na 1 000 ludności,2018,gmina,Miechów,powiat miechowski,-4.05
91,Przyrost naturalny na 1 000 ludności,2018,gmina,Racławice,powiat miechowski,1.20
91,Przyrost naturalny na 1 000 ludności,2018,gmina,Słaboszów,powiat miechowski,-7.52
91,Przyrost naturalny na 1 000 ludności,2018,powiat,powiat myślenicki,powiat myślenicki,3.99
91,Przyrost naturalny na 1 000 ludności,2018,gmina,Dobczyce,powiat myślenicki,2.50
91,Przyrost naturalny na 1 000 ludności,2018,gmina,Lubień,powiat myślenicki,3.59
91,Przyrost naturalny na 1 000 ludności,2018,gmina,Myślenice,powiat myślenicki,2.76
91,Przyrost naturalny na 1 000 ludności,2018,gmina,Pcim,powiat myślenicki,5.52
91,Przyrost naturalny na 1 000 ludności,2018,gmina,Raciechowice,powiat myślenicki,6.45
91,Przyrost naturalny na 1 000 ludności,2018,gmina,Siepraw,powiat myślenicki,8.07
91,Przyrost naturalny na 1 000 ludności,2018,gmina,Sułkowice,powiat myślenicki,3.03
91,Przyrost naturalny na 1 000 ludności,2018,gmina,Tokarnia,powiat myślenicki,5.82
91,Przyrost naturalny na 1 000 ludności,2018,gmina,Wiśniowa,powiat myślenicki,5.44
91,Przyrost naturalny na 1 000 ludności,2018,powiat,powiat nowosądecki,powiat nowosądecki,5.37
91,Przyrost naturalny na 1 000 ludności,2018,gmina,Podegrodzie,powiat nowosądecki,-0.99
91,Przyrost naturalny na 1 000 ludności,2018,gmina,Rytro,powiat nowosądecki,6.52
91,Przyrost naturalny na 1 000 ludności,2018,gmina,Stary Sącz,powiat nowosądecki,2.05
91,Przyrost naturalny na 1 000 ludności,2018,gmina,Chełmiec,powiat nowosądecki,8.22
91,Przyrost naturalny na 1 000 ludności,2018,gmina,Gródek nad Dunajcem,powiat nowosądecki,6.96
91,Przyrost naturalny na 1 000 ludności,2018,gmina,Grybów (miasto),powiat nowosądecki,6.23
91,Przyrost naturalny na 1 000 ludności,2018,gmina,Grybów (wieś),powiat nowosądecki,2.27
91,Przyrost naturalny na 1 000 ludności,2018,gmina,Kamionka Wielka,powiat nowosądecki,7.64
91,Przyrost naturalny na 1 000 ludności,2018,gmina,Korzenna,powiat nowosądecki,5.46
91,Przyrost naturalny na 1 000 ludności,2018,gmina,Krynica-Zdrój,powiat nowosądecki,7.66
91,Przyrost naturalny na 1 000 ludności,2018,gmina,Łabowa,powiat nowosądecki,3.54
91,Przyrost naturalny na 1 000 ludności,2018,gmina,Łącko,powiat nowosądecki,8.23
91,Przyrost naturalny na 1 000 ludności,2018,gmina,Łososina Dolna,powiat nowosądecki,1.40
91,Przyrost naturalny na 1 000 ludności,2018,gmina,Muszyna,powiat nowosądecki,7.32
91,Przyrost naturalny na 1 000 ludności,2018,gmina,Nawojowa,powiat nowosądecki,4.70
91,Przyrost naturalny na 1 000 ludności,2018,gmina,Piwniczna-Zdrój,powiat nowosądecki,3.84
91,Przyrost naturalny na 1 000 ludności,2018,powiat,powiat nowotarski,powiat nowotarski,2.29
91,Przyrost naturalny na 1 000 ludności,2018,gmina,Czarny Dunajec,powiat nowotarski,2.10
91,Przyrost naturalny na 1 000 ludności,2018,gmina,Czorsztyn,powiat nowotarski,-0.55
91,Przyrost naturalny na 1 000 ludności,2018,gmina,Jabłonka,powiat nowotarski,4.63
91,Przyrost naturalny na 1 000 ludności,2018,gmina,Krościenko nad Dunajcem,powiat nowotarski,3.01
91,Przyrost naturalny na 1 000 ludności,2018,gmina,Lipnica Wielka,powiat nowotarski,4.09
91,Przyrost naturalny na 1 000 ludności,2018,gmina,Łapsze Niżne,powiat nowotarski,0.59
91,Przyrost naturalny na 1 000 ludności,2018,gmina,Nowy Targ (miasto),powiat nowotarski,5.50
91,Przyrost naturalny na 1 000 ludności,2018,gmina,Nowy Targ (wieś),powiat nowotarski,0.43
91,Przyrost naturalny na 1 000 ludności,2018,gmina,Ochotnica Dolna,powiat nowotarski,2.75
91,Przyrost naturalny na 1 000 ludności,2018,gmina,Raba Wyżna,powiat nowotarski,4.45
91,Przyrost naturalny na 1 000 ludności,2018,gmina,Rabka-Zdrój,powiat nowotarski,2.65
91,Przyrost naturalny na 1 000 ludności,2018,gmina,Spytkowice,powiat nowotarski,-2.85
91,Przyrost naturalny na 1 000 ludności,2018,gmina,Szaflary,powiat nowotarski,3.09
91,Przyrost naturalny na 1 000 ludności,2018,gmina,Szczawnica,powiat nowotarski,1.81
91,Przyrost naturalny na 1 000 ludności,2018,powiat,powiat olkuski,powiat olkuski,-2.51
91,Przyrost naturalny na 1 000 ludności,2018,gmina,Bolesław,powiat olkuski,-6.35
91,Przyrost naturalny na 1 000 ludności,2018,gmina,Bukowno,powiat olkuski,-2.46
91,Przyrost naturalny na 1 000 ludności,2018,gmina,Klucze,powiat olkuski,-3.58
91,Przyrost naturalny na 1 000 ludności,2018,gmina,Olkusz,powiat olkuski,-1.44
91,Przyrost naturalny na 1 000 ludności,2018,gmina,Trzyciąż,powiat olkuski,-2.27
91,Przyrost naturalny na 1 000 ludności,2018,gmina,Wolbrom,powiat olkuski,-2.49
91,Przyrost naturalny na 1 000 ludności,2018,powiat,powiat oświęcimski,powiat oświęcimski,-1.62
91,Przyrost naturalny na 1 000 ludności,2018,gmina,Brzeszcze,powiat oświęcimski,-3.84
91,Przyrost naturalny na 1 000 ludności,2018,gmina,Chełmek,powiat oświęcimski,-2.34
91,Przyrost naturalny na 1 000 ludności,2018,gmina,Kęty,powiat oświęcimski,-0.77
91,Przyrost naturalny na 1 000 ludności,2018,gmina,Osiek,powiat oświęcimski,-1.52
91,Przyrost naturalny na 1 000 ludności,2018,gmina,Oświęcim (miasto),powiat oświęcimski,-0.61
91,Przyrost naturalny na 1 000 ludności,2018,gmina,Oświęcim (wieś),powiat oświęcimski,0.00
91,Przyrost naturalny na 1 000 ludności,2018,gmina,Polanka Wielka,powiat oświęcimski,2.56
91,Przyrost naturalny na 1 000 ludności,2018,gmina,Przeciszów,powiat oświęcimski,-2.83
91,Przyrost naturalny na 1 000 ludności,2018,gmina,Zator,powiat oświęcimski,2.58
91,Przyrost naturalny na 1 000 ludności,2018,powiat,powiat proszowicki,powiat proszowicki,-1.56
91,Przyrost naturalny na 1 000 ludności,2018,gmina,Koniusza,powiat proszowicki,-1.00
91,Przyrost naturalny na 1 000 ludności,2018,gmina,Koszyce,powiat proszowicki,-3.62
91,Przyrost naturalny na 1 000 ludności,2018,gmina,Nowe Brzesko,powiat proszowicki,-2.26
91,Przyrost naturalny na 1 000 ludności,2018,gmina,Pałecznica,powiat proszowicki,-0.83
91,Przyrost naturalny na 1 000 ludności,2018,gmina,Proszowice,powiat proszowicki,-0.98
91,Przyrost naturalny na 1 000 ludności,2018,gmina,Radziemice,powiat proszowicki,-2.04
91,Przyrost naturalny na 1 000 ludności,2018,powiat,powiat suski,powiat suski,-0.68
91,Przyrost naturalny na 1 000 ludności,2018,gmina,Budzów,powiat suski,-0.94
91,Przyrost naturalny na 1 000 ludności,2018,gmina,Bystra-Sidzina,powiat suski,-4.12
91,Przyrost naturalny na 1 000 ludności,2018,gmina,Jordanów (miasto),powiat suski,2.24
91,Przyrost naturalny na 1 000 ludności,2018,gmina,Jordanów (wieś),powiat suski,2.19
91,Przyrost naturalny na 1 000 ludności,2018,gmina,Maków Podhalański,powiat suski,0.90
91,Przyrost naturalny na 1 000 ludności,2018,gmina,Stryszawa,powiat suski,-4.44
91,Przyrost naturalny na 1 000 ludności,2018,gmina,Sucha Beskidzka,powiat suski,-1.10
91,Przyrost naturalny na 1 000 ludności,2018,gmina,Zawoja,powiat suski,2.41
91,Przyrost naturalny na 1 000 ludności,2018,gmina,Zembrzyce,powiat suski,0.71
91,Przyrost naturalny na 1 000 ludności,2018,powiat,powiat tarnowski,powiat tarnowski,1.90
91,Przyrost naturalny na 1 000 ludności,2018,gmina,Ciężkowice,powiat tarnowski,3.46
91,Przyrost naturalny na 1 000 ludności,2018,gmina,Gromnik,powiat tarnowski,4.26
91,Przyrost naturalny na 1 000 ludności,2018,gmina,Lisia Góra,powiat tarnowski,3.66
91,Przyrost naturalny na 1 000 ludności,2018,gmina,Pleśna,powiat tarnowski,1.59
91,Przyrost naturalny na 1 000 ludności,2018,gmina,Radłów,powiat tarnowski,0.20
91,Przyrost naturalny na 1 000 ludności,2018,gmina,Ryglice,powiat tarnowski,3.51
91,Przyrost naturalny na 1 000 ludności,2018,gmina,Rzepiennik Strzyżewski,powiat tarnowski,2.23
91,Przyrost naturalny na 1 000 ludności,2018,gmina,Skrzyszów,powiat tarnowski,3.17
91,Przyrost naturalny na 1 000 ludności,2018,gmina,Szerzyny,powiat tarnowski,0.85
91,Przyrost naturalny na 1 000 ludności,2018,gmina,Tarnów (wieś),powiat tarnowski,1.61
91,Przyrost naturalny na 1 000 ludności,2018,gmina,Tuchów,powiat tarnowski,0.46
91,Przyrost naturalny na 1 000 ludności,2018,gmina,Wierzchosławice,powiat tarnowski,-9.48
91,Przyrost naturalny na 1 000 ludności,2018,gmina,Wietrzychowice,powiat tarnowski,3.11
91,Przyrost naturalny na 1 000 ludności,2018,gmina,Wojnicz,powiat tarnowski,3.07
91,Przyrost naturalny na 1 000 ludności,2018,gmina,Zakliczyn,powiat tarnowski,0.32
91,Przyrost naturalny na 1 000 ludności,2018,gmina,Żabno,powiat tarnowski,3.02
91,Przyrost naturalny na 1 000 ludności,2018,powiat,powiat tatrzański,powiat tatrzański,1.69
91,Przyrost naturalny na 1 000 ludności,2018,gmina,Biały Dunajec,powiat tatrzański,-1.36
91,Przyrost naturalny na 1 000 ludności,2018,gmina,Bukowina Tatrzańska,powiat tatrzański,2.51
91,Przyrost naturalny na 1 000 ludności,2018,gmina,Kościelisko,powiat tatrzański,4.36
91,Przyrost naturalny na 1 000 ludności,2018,gmina,Poronin,powiat tatrzański,1.14
91,Przyrost naturalny na 1 000 ludności,2018,gmina,Zakopane,powiat tatrzański,5.69
91,Przyrost naturalny na 1 000 ludności,2018,powiat,powiat wadowicki,powiat wadowicki,0.93
91,Przyrost naturalny na 1 000 ludności,2018,gmina,Andrychów,powiat wadowicki,-0.71
91,Przyrost naturalny na 1 000 ludności,2018,gmina,Brzeźnica,powiat wadowicki,0.97
91,Przyrost naturalny na 1 000 ludności,2018,gmina,Kalwaria Zebrzydowska,powiat wadowicki,2.19
91,Przyrost naturalny na 1 000 ludności,2018,gmina,Lanckorona,powiat wadowicki,1.45
91,Przyrost naturalny na 1 000 ludności,2018,gmina,Mucharz,powiat wadowicki,-0.73
91,Przyrost naturalny na 1 000 ludności,2018,gmina,Spytkowice,powiat wadowicki,2.81
91,Przyrost naturalny na 1 000 ludności,2018,gmina,Stryszów,powiat wadowicki,-0.73
91,Przyrost naturalny na 1 000 ludności,2018,gmina,Tomice,powiat wadowicki,4.30
91,Przyrost naturalny na 1 000 ludności,2018,gmina,Wadowice,powiat wadowicki,0.69
91,Przyrost naturalny na 1 000 ludności,2018,gmina,Wieprz,powiat wadowicki,2.75
91,Przyrost naturalny na 1 000 ludności,2018,powiat,powiat wielicki,powiat wielicki,3.24
91,Przyrost naturalny na 1 000 ludności,2018,gmina,Biskupice,powiat wielicki,1.85
91,Przyrost naturalny na 1 000 ludności,2018,gmina,Gdów,powiat wielicki,3.76
91,Przyrost naturalny na 1 000 ludności,2018,gmina,Kłaj,powiat wielicki,1.69
91,Przyrost naturalny na 1 000 ludności,2018,gmina,Niepołomice,powiat wielicki,5.29
91,Przyrost naturalny na 1 000 ludności,2018,gmina,Wieliczka,powiat wielicki,2.61
91,Przyrost naturalny na 1 000 ludności,2017,powiat,powiat bocheński,powiat bocheński,3.76
91,Przyrost naturalny na 1 000 ludności,2017,gmina,Bochnia (miasto),powiat bocheński,1.43
91,Przyrost naturalny na 1 000 ludności,2017,gmina,Bochnia (wieś),powiat bocheński,5.69
91,Przyrost naturalny na 1 000 ludności,2017,gmina,Drwinia,powiat bocheński,-0.46
91,Przyrost naturalny na 1 000 ludności,2017,gmina,Lipnica Murowana,powiat bocheński,5.68
91,Przyrost naturalny na 1 000 ludności,2017,gmina,Łapanów,powiat bocheński,5.35
91,Przyrost naturalny na 1 000 ludności,2017,gmina,Nowy Wiśnicz,powiat bocheński,4.82
91,Przyrost naturalny na 1 000 ludności,2017,gmina,Rzezawa,powiat bocheński,2.95
91,Przyrost naturalny na 1 000 ludności,2017,gmina,Trzciana,powiat bocheński,4.91
91,Przyrost naturalny na 1 000 ludności,2017,gmina,Żegocina,powiat bocheński,8.02
91,Przyrost naturalny na 1 000 ludności,2017,powiat,powiat brzeski,powiat brzeski,2.04
91,Przyrost naturalny na 1 000 ludności,2017,gmina,Borzęcin,powiat brzeski,-4.89
91,Przyrost naturalny na 1 000 ludności,2017,gmina,Brzesko,powiat brzeski,1.41
91,Przyrost naturalny na 1 000 ludności,2017,gmina,Czchów,powiat brzeski,4.67
91,Przyrost naturalny na 1 000 ludności,2017,gmina,Dębno,powiat brzeski,5.06
91,Przyrost naturalny na 1 000 ludności,2017,gmina,Gnojnik,powiat brzeski,4.03
91,Przyrost naturalny na 1 000 ludności,2017,gmina,Iwkowa,powiat brzeski,7.06
91,Przyrost naturalny na 1 000 ludności,2017,gmina,Szczurowa,powiat brzeski,-1.77
91,Przyrost naturalny na 1 000 ludności,2017,powiat,powiat chrzanowski,powiat chrzanowski,-1.56
91,Przyrost naturalny na 1 000 ludności,2017,gmina,Alwernia,powiat chrzanowski,-1.50
91,Przyrost naturalny na 1 000 ludności,2017,gmina,Babice,powiat chrzanowski,-1.65
91,Przyrost naturalny na 1 000 ludności,2017,gmina,Chrzanów,powiat chrzanowski,-1.14
91,Przyrost naturalny na 1 000 ludności,2017,gmina,Libiąż,powiat chrzanowski,0.09
91,Przyrost naturalny na 1 000 ludności,2017,gmina,Trzebinia,powiat chrzanowski,-3.22
91,Przyrost naturalny na 1 000 ludności,2017,powiat,powiat dąbrowski,powiat dąbrowski,1.03
91,Przyrost naturalny na 1 000 ludności,2017,gmina,Bolesław,powiat dąbrowski,-7.35
91,Przyrost naturalny na 1 000 ludności,2017,gmina,Dąbrowa Tarnowska,powiat dąbrowski,3.25
91,Przyrost naturalny na 1 000 ludności,2017,gmina,Gręboszów,powiat dąbrowski,-5.07
91,Przyrost naturalny na 1 000 ludności,2017,gmina,Mędrzechów,powiat dąbrowski,-5.09
91,Przyrost naturalny na 1 000 ludności,2017,gmina,Olesno,powiat dąbrowski,3.92
91,Przyrost naturalny na 1 000 ludności,2017,gmina,Radgoszcz,powiat dąbrowski,2.02
91,Przyrost naturalny na 1 000 ludności,2017,gmina,Szczucin,powiat dąbrowski,0.08
91,Przyrost naturalny na 1 000 ludności,2017,powiat,powiat gorlicki,powiat gorlicki,1.51
91,Przyrost naturalny na 1 000 ludności,2017,gmina,Biecz,powiat gorlicki,0.36
91,Przyrost naturalny na 1 000 ludności,2017,gmina,Bobowa,powiat gorlicki,5.65
91,Przyrost naturalny na 1 000 ludności,2017,gmina,Gorlice (miasto),powiat gorlicki,-1.76
91,Przyrost naturalny na 1 000 ludności,2017,gmina,Gorlice (wieś),powiat gorlicki,1.34
91,Przyrost naturalny na 1 000 ludności,2017,gmina,Lipinki,powiat gorlicki,2.06
91,Przyrost naturalny na 1 000 ludności,2017,gmina,Łużna,powiat gorlicki,3.90
91,Przyrost naturalny na 1 000 ludności,2017,gmina,Moszczenica,powiat gorlicki,3.46
91,Przyrost naturalny na 1 000 ludności,2017,gmina,Ropa,powiat gorlicki,6.80
91,Przyrost naturalny na 1 000 ludności,2017,gmina,Sękowa,powiat gorlicki,-2.01
91,Przyrost naturalny na 1 000 ludności,2017,gmina,Uście Gorlickie,powiat gorlicki,5.71
91,Przyrost naturalny na 1 000 ludności,2017,powiat,powiat krakowski,powiat krakowski,1.13
91,Przyrost naturalny na 1 000 ludności,2017,gmina,Czernichów,powiat krakowski,-0.76
91,Przyrost naturalny na 1 000 ludności,2017,gmina,Igołomia-Wawrzeńczyce,powiat krakowski,-2.72
91,Przyrost naturalny na 1 000 ludności,2017,gmina,Iwanowice,powiat krakowski,0.55
91,Przyrost naturalny na 1 000 ludności,2017,gmina,Jerzmanowice-Przeginia,powiat krakowski,0.37
91,Przyrost naturalny na 1 000 ludności,2017,gmina,Kocmyrzów-Luborzyca,powiat krakowski,0.99
91,Przyrost naturalny na 1 000 ludności,2017,gmina,Krzeszowice,powiat krakowski,-1.61
91,Przyrost naturalny na 1 000 ludności,2017,gmina,Liszki,powiat krakowski,2.23
91,Przyrost naturalny na 1 000 ludności,2017,gmina,Michałowice,powiat krakowski,1.66
91,Przyrost naturalny na 1 000 ludności,2017,gmina,Mogilany,powiat krakowski,0.73
91,Przyrost naturalny na 1 000 ludności,2017,gmina,Skała,powiat krakowski,-1.52
91,Przyrost naturalny na 1 000 ludności,2017,gmina,Skawina,powiat krakowski,1.04
91,Przyrost naturalny na 1 000 ludności,2017,gmina,Słomniki,powiat krakowski,0.37
91,Przyrost naturalny na 1 000 ludności,2017,gmina,Sułoszowa,powiat krakowski,0.00
91,Przyrost naturalny na 1 000 ludności,2017,gmina,Świątniki Górne,powiat krakowski,6.77
91,Przyrost naturalny na 1 000 ludności,2017,gmina,Wielka Wieś,powiat krakowski,6.38
91,Przyrost naturalny na 1 000 ludności,2017,gmina,Zabierzów,powiat krakowski,2.16
91,Przyrost naturalny na 1 000 ludności,2017,gmina,Zielonki,powiat krakowski,3.26
91,Przyrost naturalny na 1 000 ludności,2017,powiat,powiat limanowski,powiat limanowski,5.31
91,Przyrost naturalny na 1 000 ludności,2017,gmina,Dobra,powiat limanowski,3.22
91,Przyrost naturalny na 1 000 ludności,2017,gmina,Jodłownik,powiat limanowski,6.19
91,Przyrost naturalny na 1 000 ludności,2017,gmina,Kamienica,powiat limanowski,3.72
91,Przyrost naturalny na 1 000 ludności,2017,gmina,Laskowa,powiat limanowski,5.69
91,Przyrost naturalny na 1 000 ludności,2017,gmina,Limanowa (miasto),powiat limanowski,4.63
91,Przyrost naturalny na 1 000 ludności,2017,gmina,Limanowa (wieś),powiat limanowski,6.06
91,Przyrost naturalny na 1 000 ludności,2017,gmina,Łukowica,powiat limanowski,7.87
91,Przyrost naturalny na 1 000 ludności,2017,gmina,Mszana Dolna (miasto),powiat limanowski,3.91
91,Przyrost naturalny na 1 000 ludności,2017,gmina,Mszana Dolna (wieś),powiat limanowski,3.88
91,Przyrost naturalny na 1 000 ludności,2017,gmina,Niedźwiedź,powiat limanowski,4.51
91,Przyrost naturalny na 1 000 ludności,2017,gmina,Słopnice,powiat limanowski,9.92
91,Przyrost naturalny na 1 000 ludności,2017,gmina,Tymbark,powiat limanowski,5.38
91,Przyrost naturalny na 1 000 ludności,2017,powiat,powiat m. Kraków,powiat m. Kraków,1.97
91,Przyrost naturalny na 1 000 ludności,2017,powiat,powiat m. Nowy Sącz,powiat m. Nowy Sącz,2.36
91,Przyrost naturalny na 1 000 ludności,2017,powiat,powiat m. Tarnów,powiat m. Tarnów,-1.24
91,Przyrost naturalny na 1 000 ludności,2017,powiat,powiat miechowski,powiat miechowski,-3.56
91,Przyrost naturalny na 1 000 ludności,2017,gmina,Charsznica,powiat miechowski,-5.60
91,Przyrost naturalny na 1 000 ludności,2017,gmina,Gołcza,powiat miechowski,-3.42
91,Przyrost naturalny na 1 000 ludności,2017,gmina,Kozłów,powiat miechowski,-5.53
91,Przyrost naturalny na 1 000 ludności,2017,gmina,Książ Wielki,powiat miechowski,-7.98
91,Przyrost naturalny na 1 000 ludności,2017,gmina,Miechów,powiat miechowski,-0.91
91,Przyrost naturalny na 1 000 ludności,2017,gmina,Racławice,powiat miechowski,-1.20
91,Przyrost naturalny na 1 000 ludności,2017,gmina,Słaboszów,powiat miechowski,-6.93
91,Przyrost naturalny na 1 000 ludności,2017,powiat,powiat myślenicki,powiat myślenicki,4.06
91,Przyrost naturalny na 1 000 ludności,2017,gmina,Dobczyce,powiat myślenicki,2.89
91,Przyrost naturalny na 1 000 ludności,2017,gmina,Lubień,powiat myślenicki,3.90
91,Przyrost naturalny na 1 000 ludności,2017,gmina,Myślenice,powiat myślenicki,3.35
91,Przyrost naturalny na 1 000 ludności,2017,gmina,Pcim,powiat myślenicki,2.64
91,Przyrost naturalny na 1 000 ludności,2017,gmina,Raciechowice,powiat myślenicki,5.73
91,Przyrost naturalny na 1 000 ludności,2017,gmina,Siepraw,powiat myślenicki,7.29
91,Przyrost naturalny na 1 000 ludności,2017,gmina,Sułkowice,powiat myślenicki,5.68
91,Przyrost naturalny na 1 000 ludności,2017,gmina,Tokarnia,powiat myślenicki,4.82
91,Przyrost naturalny na 1 000 ludności,2017,gmina,Wiśniowa,powiat myślenicki,3.54
91,Przyrost naturalny na 1 000 ludności,2017,powiat,powiat nowosądecki,powiat nowosądecki,5.40
91,Przyrost naturalny na 1 000 ludności,2017,gmina,Podegrodzie,powiat nowosądecki,8.08
91,Przyrost naturalny na 1 000 ludności,2017,gmina,Rytro,powiat nowosądecki,-0.26
91,Przyrost naturalny na 1 000 ludności,2017,gmina,Stary Sącz,powiat nowosądecki,5.05
91,Przyrost naturalny na 1 000 ludności,2017,gmina,Chełmiec,powiat nowosądecki,5.09
91,Przyrost naturalny na 1 000 ludności,2017,gmina,Gródek nad Dunajcem,powiat nowosądecki,3.16
91,Przyrost naturalny na 1 000 ludności,2017,gmina,Grybów (miasto),powiat nowosądecki,3.79
91,Przyrost naturalny na 1 000 ludności,2017,gmina,Grybów (wieś),powiat nowosądecki,6.32
91,Przyrost naturalny na 1 000 ludności,2017,gmina,Kamionka Wielka,powiat nowosądecki,7.20
91,Przyrost naturalny na 1 000 ludności,2017,gmina,Korzenna,powiat nowosądecki,6.55
91,Przyrost naturalny na 1 000 ludności,2017,gmina,Krynica-Zdrój,powiat nowosądecki,2.61
91,Przyrost naturalny na 1 000 ludności,2017,gmina,Łabowa,powiat nowosądecki,7.68
91,Przyrost naturalny na 1 000 ludności,2017,gmina,Łącko,powiat nowosądecki,8.48
91,Przyrost naturalny na 1 000 ludności,2017,gmina,Łososina Dolna,powiat nowosądecki,8.07
91,Przyrost naturalny na 1 000 ludności,2017,gmina,Muszyna,powiat nowosądecki,2.16
91,Przyrost naturalny na 1 000 ludności,2017,gmina,Nawojowa,powiat nowosądecki,4.77
91,Przyrost naturalny na 1 000 ludności,2017,gmina,Piwniczna-Zdrój,powiat nowosądecki,2.81
91,Przyrost naturalny na 1 000 ludności,2017,powiat,powiat nowotarski,powiat nowotarski,3.00
91,Przyrost naturalny na 1 000 ludności,2017,gmina,Czarny Dunajec,powiat nowotarski,3.58
91,Przyrost naturalny na 1 000 ludności,2017,gmina,Czorsztyn,powiat nowotarski,2.76
91,Przyrost naturalny na 1 000 ludności,2017,gmina,Jabłonka,powiat nowotarski,8.49
91,Przyrost naturalny na 1 000 ludności,2017,gmina,Krościenko nad Dunajcem,powiat nowotarski,2.94
91,Przyrost naturalny na 1 000 ludności,2017,gmina,Lipnica Wielka,powiat nowotarski,4.36
91,Przyrost naturalny na 1 000 ludności,2017,gmina,Łapsze Niżne,powiat nowotarski,2.04
91,Przyrost naturalny na 1 000 ludności,2017,gmina,Nowy Targ (miasto),powiat nowotarski,1.32
91,Przyrost naturalny na 1 000 ludności,2017,gmina,Nowy Targ (wieś),powiat nowotarski,4.78
91,Przyrost naturalny na 1 000 ludności,2017,gmina,Ochotnica Dolna,powiat nowotarski,4.59
91,Przyrost naturalny na 1 000 ludności,2017,gmina,Raba Wyżna,powiat nowotarski,3.83
91,Przyrost naturalny na 1 000 ludności,2017,gmina,Rabka-Zdrój,powiat nowotarski,-2.15
91,Przyrost naturalny na 1 000 ludności,2017,gmina,Spytkowice,powiat nowotarski,5.32
91,Przyrost naturalny na 1 000 ludności,2017,gmina,Szaflary,powiat nowotarski,0.64
91,Przyrost naturalny na 1 000 ludności,2017,gmina,Szczawnica,powiat nowotarski,0.41
91,Przyrost naturalny na 1 000 ludności,2017,powiat,powiat olkuski,powiat olkuski,-2.29
91,Przyrost naturalny na 1 000 ludności,2017,gmina,Bolesław,powiat olkuski,-3.22
91,Przyrost naturalny na 1 000 ludności,2017,gmina,Bukowno,powiat olkuski,-3.49
91,Przyrost naturalny na 1 000 ludności,2017,gmina,Klucze,powiat olkuski,-1.72
91,Przyrost naturalny na 1 000 ludności,2017,gmina,Olkusz,powiat olkuski,-1.58
91,Przyrost naturalny na 1 000 ludności,2017,gmina,Trzyciąż,powiat olkuski,-4.40
91,Przyrost naturalny na 1 000 ludności,2017,gmina,Wolbrom,powiat olkuski,-2.69
91,Przyrost naturalny na 1 000 ludności,2017,powiat,powiat oświęcimski,powiat oświęcimski,-0.63
91,Przyrost naturalny na 1 000 ludności,2017,gmina,Brzeszcze,powiat oświęcimski,-1.73
91,Przyrost naturalny na 1 000 ludności,2017,gmina,Chełmek,powiat oświęcimski,-2.15
91,Przyrost naturalny na 1 000 ludności,2017,gmina,Kęty,powiat oświęcimski,0.79
91,Przyrost naturalny na 1 000 ludności,2017,gmina,Osiek,powiat oświęcimski,3.78
91,Przyrost naturalny na 1 000 ludności,2017,gmina,Oświęcim (miasto),powiat oświęcimski,-3.97
91,Przyrost naturalny na 1 000 ludności,2017,gmina,Oświęcim (wieś),powiat oświęcimski,0.93
91,Przyrost naturalny na 1 000 ludności,2017,gmina,Polanka Wielka,powiat oświęcimski,5.10
91,Przyrost naturalny na 1 000 ludności,2017,gmina,Przeciszów,powiat oświęcimski,1.19
91,Przyrost naturalny na 1 000 ludności,2017,gmina,Zator,powiat oświęcimski,1.72
91,Przyrost naturalny na 1 000 ludności,2017,powiat,powiat proszowicki,powiat proszowicki,-1.03
91,Przyrost naturalny na 1 000 ludności,2017,gmina,Koniusza,powiat proszowicki,2.33
91,Przyrost naturalny na 1 000 ludności,2017,gmina,Koszyce,powiat proszowicki,-6.68
91,Przyrost naturalny na 1 000 ludności,2017,gmina,Nowe Brzesko,powiat proszowicki,0.17
91,Przyrost naturalny na 1 000 ludności,2017,gmina,Pałecznica,powiat proszowicki,-5.22
91,Przyrost naturalny na 1 000 ludności,2017,gmina,Proszowice,powiat proszowicki,-0.55
91,Przyrost naturalny na 1 000 ludności,2017,gmina,Radziemice,powiat proszowicki,-0.58
91,Przyrost naturalny na 1 000 ludności,2017,powiat,powiat suski,powiat suski,1.86
91,Przyrost naturalny na 1 000 ludności,2017,gmina,Budzów,powiat suski,5.39
91,Przyrost naturalny na 1 000 ludności,2017,gmina,Bystra-Sidzina,powiat suski,5.12
91,Przyrost naturalny na 1 000 ludności,2017,gmina,Jordanów (miasto),powiat suski,4.84
91,Przyrost naturalny na 1 000 ludności,2017,gmina,Jordanów (wieś),powiat suski,3.61
91,Przyrost naturalny na 1 000 ludności,2017,gmina,Maków Podhalański,powiat suski,-0.86
91,Przyrost naturalny na 1 000 ludności,2017,gmina,Stryszawa,powiat suski,0.08
91,Przyrost naturalny na 1 000 ludności,2017,gmina,Sucha Beskidzka,powiat suski,-0.21
91,Przyrost naturalny na 1 000 ludności,2017,gmina,Zawoja,powiat suski,1.54
91,Przyrost naturalny na 1 000 ludności,2017,gmina,Zembrzyce,powiat suski,1.60
91,Przyrost naturalny na 1 000 ludności,2017,powiat,powiat tarnowski,powiat tarnowski,2.08
91,Przyrost naturalny na 1 000 ludności,2017,gmina,Ciężkowice,powiat tarnowski,6.58
91,Przyrost naturalny na 1 000 ludności,2017,gmina,Gromnik,powiat tarnowski,5.53
91,Przyrost naturalny na 1 000 ludności,2017,gmina,Lisia Góra,powiat tarnowski,5.35
91,Przyrost naturalny na 1 000 ludności,2017,gmina,Pleśna,powiat tarnowski,2.26
91,Przyrost naturalny na 1 000 ludności,2017,gmina,Radłów,powiat tarnowski,-0.92
91,Przyrost naturalny na 1 000 ludności,2017,gmina,Ryglice,powiat tarnowski,3.08
91,Przyrost naturalny na 1 000 ludności,2017,gmina,Rzepiennik Strzyżewski,powiat tarnowski,3.55
91,Przyrost naturalny na 1 000 ludności,2017,gmina,Skrzyszów,powiat tarnowski,3.82
91,Przyrost naturalny na 1 000 ludności,2017,gmina,Szerzyny,powiat tarnowski,-0.63
91,Przyrost naturalny na 1 000 ludności,2017,gmina,Tarnów (wieś),powiat tarnowski,1.90
91,Przyrost naturalny na 1 000 ludności,2017,gmina,Tuchów,powiat tarnowski,1.38
91,Przyrost naturalny na 1 000 ludności,2017,gmina,Wierzchosławice,powiat tarnowski,0.56
91,Przyrost naturalny na 1 000 ludności,2017,gmina,Wietrzychowice,powiat tarnowski,-2.76
91,Przyrost naturalny na 1 000 ludności,2017,gmina,Wojnicz,powiat tarnowski,1.41
91,Przyrost naturalny na 1 000 ludności,2017,gmina,Zakliczyn,powiat tarnowski,-0.80
91,Przyrost naturalny na 1 000 ludności,2017,gmina,Żabno,powiat tarnowski,0.47
91,Przyrost naturalny na 1 000 ludności,2017,powiat,powiat tatrzański,powiat tatrzański,2.10
91,Przyrost naturalny na 1 000 ludności,2017,gmina,Biały Dunajec,powiat tatrzański,4.20
91,Przyrost naturalny na 1 000 ludności,2017,gmina,Bukowina Tatrzańska,powiat tatrzański,4.52
91,Przyrost naturalny na 1 000 ludności,2017,gmina,Kościelisko,powiat tatrzański,1.26
91,Przyrost naturalny na 1 000 ludności,2017,gmina,Poronin,powiat tatrzański,4.50
91,Przyrost naturalny na 1 000 ludności,2017,gmina,Zakopane,powiat tatrzański,-0.37
91,Przyrost naturalny na 1 000 ludności,2017,powiat,powiat wadowicki,powiat wadowicki,1.75
91,Przyrost naturalny na 1 000 ludności,2017,gmina,Andrychów,powiat wadowicki,1.71
91,Przyrost naturalny na 1 000 ludności,2017,gmina,Brzeźnica,powiat wadowicki,3.42
91,Przyrost naturalny na 1 000 ludności,2017,gmina,Kalwaria Zebrzydowska,powiat wadowicki,2.35
91,Przyrost naturalny na 1 000 ludności,2017,gmina,Lanckorona,powiat wadowicki,4.35
91,Przyrost naturalny na 1 000 ludności,2017,gmina,Mucharz,powiat wadowicki,3.44
91,Przyrost naturalny na 1 000 ludności,2017,gmina,Spytkowice,powiat wadowicki,2.63
91,Przyrost naturalny na 1 000 ludności,2017,gmina,Stryszów,powiat wadowicki,0.87
91,Przyrost naturalny na 1 000 ludności,2017,gmina,Tomice,powiat wadowicki,3.86
91,Przyrost naturalny na 1 000 ludności,2017,gmina,Wadowice,powiat wadowicki,-0.50
91,Przyrost naturalny na 1 000 ludności,2017,gmina,Wieprz,powiat wadowicki,2.93
91,Przyrost naturalny na 1 000 ludności,2017,powiat,powiat wielicki,powiat wielicki,3.70
91,Przyrost naturalny na 1 000 ludności,2017,gmina,Biskupice,powiat wielicki,4.77
91,Przyrost naturalny na 1 000 ludności,2017,gmina,Gdów,powiat wielicki,3.91
91,Przyrost naturalny na 1 000 ludności,2017,gmina,Kłaj,powiat wielicki,0.94
91,Przyrost naturalny na 1 000 ludności,2017,gmina,Niepołomice,powiat wielicki,4.32
91,Przyrost naturalny na 1 000 ludności,2017,gmina,Wieliczka,powiat wielicki,3.66
91,Przyrost naturalny na 1 000 ludności,2016,powiat,powiat bocheński,powiat bocheński,2.71
91,Przyrost naturalny na 1 000 ludności,2016,gmina,Bochnia (miasto),powiat bocheński,0.53
91,Przyrost naturalny na 1 000 ludności,2016,gmina,Bochnia (wieś),powiat bocheński,2.20
91,Przyrost naturalny na 1 000 ludności,2016,gmina,Drwinia,powiat bocheński,-1.07
91,Przyrost naturalny na 1 000 ludności,2016,gmina,Lipnica Murowana,powiat bocheński,4.98
91,Przyrost naturalny na 1 000 ludności,2016,gmina,Łapanów,powiat bocheński,4.90
91,Przyrost naturalny na 1 000 ludności,2016,gmina,Nowy Wiśnicz,powiat bocheński,5.72
91,Przyrost naturalny na 1 000 ludności,2016,gmina,Rzezawa,powiat bocheński,3.41
91,Przyrost naturalny na 1 000 ludności,2016,gmina,Trzciana,powiat bocheński,4.59
91,Przyrost naturalny na 1 000 ludności,2016,gmina,Żegocina,powiat bocheński,4.61
91,Przyrost naturalny na 1 000 ludności,2016,powiat,powiat brzeski,powiat brzeski,1.36
91,Przyrost naturalny na 1 000 ludności,2016,gmina,Borzęcin,powiat brzeski,0.36
91,Przyrost naturalny na 1 000 ludności,2016,gmina,Brzesko,powiat brzeski,1.19
91,Przyrost naturalny na 1 000 ludności,2016,gmina,Czchów,powiat brzeski,2.95
91,Przyrost naturalny na 1 000 ludności,2016,gmina,Dębno,powiat brzeski,0.89
91,Przyrost naturalny na 1 000 ludności,2016,gmina,Gnojnik,powiat brzeski,1.39
91,Przyrost naturalny na 1 000 ludności,2016,gmina,Iwkowa,powiat brzeski,7.91
91,Przyrost naturalny na 1 000 ludności,2016,gmina,Szczurowa,powiat brzeski,-2.39
91,Przyrost naturalny na 1 000 ludności,2016,powiat,powiat chrzanowski,powiat chrzanowski,-1.96
91,Przyrost naturalny na 1 000 ludności,2016,gmina,Alwernia,powiat chrzanowski,-1.03
91,Przyrost naturalny na 1 000 ludności,2016,gmina,Babice,powiat chrzanowski,-0.66
91,Przyrost naturalny na 1 000 ludności,2016,gmina,Chrzanów,powiat chrzanowski,-3.74
91,Przyrost naturalny na 1 000 ludności,2016,gmina,Libiąż,powiat chrzanowski,-0.13
91,Przyrost naturalny na 1 000 ludności,2016,gmina,Trzebinia,powiat chrzanowski,-1.40
91,Przyrost naturalny na 1 000 ludności,2016,powiat,powiat dąbrowski,powiat dąbrowski,-0.07
91,Przyrost naturalny na 1 000 ludności,2016,gmina,Bolesław,powiat dąbrowski,-10.95
91,Przyrost naturalny na 1 000 ludności,2016,gmina,Dąbrowa Tarnowska,powiat dąbrowski,0.90
91,Przyrost naturalny na 1 000 ludności,2016,gmina,Gręboszów,powiat dąbrowski,-2.65
91,Przyrost naturalny na 1 000 ludności,2016,gmina,Mędrzechów,powiat dąbrowski,0.28
91,Przyrost naturalny na 1 000 ludności,2016,gmina,Olesno,powiat dąbrowski,0.76
91,Przyrost naturalny na 1 000 ludności,2016,gmina,Radgoszcz,powiat dąbrowski,0.81
91,Przyrost naturalny na 1 000 ludności,2016,gmina,Szczucin,powiat dąbrowski,0.23
91,Przyrost naturalny na 1 000 ludności,2016,powiat,powiat gorlicki,powiat gorlicki,0.61
91,Przyrost naturalny na 1 000 ludności,2016,gmina,Biecz,powiat gorlicki,-1.06
91,Przyrost naturalny na 1 000 ludności,2016,gmina,Bobowa,powiat gorlicki,4.73
91,Przyrost naturalny na 1 000 ludności,2016,gmina,Gorlice (miasto),powiat gorlicki,-1.72
91,Przyrost naturalny na 1 000 ludności,2016,gmina,Gorlice (wieś),powiat gorlicki,1.40
91,Przyrost naturalny na 1 000 ludności,2016,gmina,Lipinki,powiat gorlicki,-1.18
91,Przyrost naturalny na 1 000 ludności,2016,gmina,Łużna,powiat gorlicki,3.09
91,Przyrost naturalny na 1 000 ludności,2016,gmina,Moszczenica,powiat gorlicki,0.82
91,Przyrost naturalny na 1 000 ludności,2016,gmina,Ropa,powiat gorlicki,5.20
91,Przyrost naturalny na 1 000 ludności,2016,gmina,Sękowa,powiat gorlicki,-2.81
91,Przyrost naturalny na 1 000 ludności,2016,gmina,Uście Gorlickie,powiat gorlicki,3.95
91,Przyrost naturalny na 1 000 ludności,2016,powiat,powiat krakowski,powiat krakowski,1.43
91,Przyrost naturalny na 1 000 ludności,2016,gmina,Czernichów,powiat krakowski,1.46
91,Przyrost naturalny na 1 000 ludności,2016,gmina,Igołomia-Wawrzeńczyce,powiat krakowski,0.52
91,Przyrost naturalny na 1 000 ludności,2016,gmina,Iwanowice,powiat krakowski,0.78
91,Przyrost naturalny na 1 000 ludności,2016,gmina,Jerzmanowice-Przeginia,powiat krakowski,0.09
91,Przyrost naturalny na 1 000 ludności,2016,gmina,Kocmyrzów-Luborzyca,powiat krakowski,1.99
91,Przyrost naturalny na 1 000 ludności,2016,gmina,Krzeszowice,powiat krakowski,-1.76
91,Przyrost naturalny na 1 000 ludności,2016,gmina,Liszki,powiat krakowski,3.50
91,Przyrost naturalny na 1 000 ludności,2016,gmina,Michałowice,powiat krakowski,4.26
91,Przyrost naturalny na 1 000 ludności,2016,gmina,Mogilany,powiat krakowski,2.06
91,Przyrost naturalny na 1 000 ludności,2016,gmina,Skała,powiat krakowski,0.38
91,Przyrost naturalny na 1 000 ludności,2016,gmina,Skawina,powiat krakowski,1.78
91,Przyrost naturalny na 1 000 ludności,2016,gmina,Słomniki,powiat krakowski,1.18
91,Przyrost naturalny na 1 000 ludności,2016,gmina,Sułoszowa,powiat krakowski,-0.34
91,Przyrost naturalny na 1 000 ludności,2016,gmina,Świątniki Górne,powiat krakowski,1.33
91,Przyrost naturalny na 1 000 ludności,2016,gmina,Wielka Wieś,powiat krakowski,2.11
91,Przyrost naturalny na 1 000 ludności,2016,gmina,Zabierzów,powiat krakowski,0.16
91,Przyrost naturalny na 1 000 ludności,2016,gmina,Zielonki,powiat krakowski,5.34
91,Przyrost naturalny na 1 000 ludności,2016,powiat,powiat limanowski,powiat limanowski,4.83
91,Przyrost naturalny na 1 000 ludności,2016,gmina,Dobra,powiat limanowski,3.83
91,Przyrost naturalny na 1 000 ludności,2016,gmina,Jodłownik,powiat limanowski,3.63
91,Przyrost naturalny na 1 000 ludności,2016,gmina,Kamienica,powiat limanowski,2.82
91,Przyrost naturalny na 1 000 ludności,2016,gmina,Laskowa,powiat limanowski,8.59
91,Przyrost naturalny na 1 000 ludności,2016,gmina,Limanowa (miasto),powiat limanowski,3.97
91,Przyrost naturalny na 1 000 ludności,2016,gmina,Limanowa (wieś),powiat limanowski,5.63
91,Przyrost naturalny na 1 000 ludności,2016,gmina,Łukowica,powiat limanowski,5.37
91,Przyrost naturalny na 1 000 ludności,2016,gmina,Mszana Dolna (miasto),powiat limanowski,1.76
91,Przyrost naturalny na 1 000 ludności,2016,gmina,Mszana Dolna (wieś),powiat limanowski,4.74
91,Przyrost naturalny na 1 000 ludności,2016,gmina,Niedźwiedź,powiat limanowski,6.32
91,Przyrost naturalny na 1 000 ludności,2016,gmina,Słopnice,powiat limanowski,7.45
91,Przyrost naturalny na 1 000 ludności,2016,gmina,Tymbark,powiat limanowski,3.38
91,Przyrost naturalny na 1 000 ludności,2016,powiat,powiat m. Kraków,powiat m. Kraków,2.18
91,Przyrost naturalny na 1 000 ludności,2016,powiat,powiat m. Nowy Sącz,powiat m. Nowy Sącz,2.83
91,Przyrost naturalny na 1 000 ludności,2016,powiat,powiat m. Tarnów,powiat m. Tarnów,-0.57
91,Przyrost naturalny na 1 000 ludności,2016,powiat,powiat miechowski,powiat miechowski,-2.69
91,Przyrost naturalny na 1 000 ludności,2016,gmina,Charsznica,powiat miechowski,-3.58
91,Przyrost naturalny na 1 000 ludności,2016,gmina,Gołcza,powiat miechowski,-0.49
91,Przyrost naturalny na 1 000 ludności,2016,gmina,Kozłów,powiat miechowski,-4.66
91,Przyrost naturalny na 1 000 ludności,2016,gmina,Książ Wielki,powiat miechowski,-6.37
91,Przyrost naturalny na 1 000 ludności,2016,gmina,Miechów,powiat miechowski,-0.96
91,Przyrost naturalny na 1 000 ludności,2016,gmina,Racławice,powiat miechowski,-3.24
91,Przyrost naturalny na 1 000 ludności,2016,gmina,Słaboszów,powiat miechowski,-5.77
91,Przyrost naturalny na 1 000 ludności,2016,powiat,powiat myślenicki,powiat myślenicki,4.03
91,Przyrost naturalny na 1 000 ludności,2016,gmina,Dobczyce,powiat myślenicki,3.16
91,Przyrost naturalny na 1 000 ludności,2016,gmina,Lubień,powiat myślenicki,2.20
91,Przyrost naturalny na 1 000 ludności,2016,gmina,Myślenice,powiat myślenicki,4.38
91,Przyrost naturalny na 1 000 ludności,2016,gmina,Pcim,powiat myślenicki,1.46
91,Przyrost naturalny na 1 000 ludności,2016,gmina,Raciechowice,powiat myślenicki,4.32
91,Przyrost naturalny na 1 000 ludności,2016,gmina,Siepraw,powiat myślenicki,2.99
91,Przyrost naturalny na 1 000 ludności,2016,gmina,Sułkowice,powiat myślenicki,4.83
91,Przyrost naturalny na 1 000 ludności,2016,gmina,Tokarnia,powiat myślenicki,8.12
91,Przyrost naturalny na 1 000 ludności,2016,gmina,Wiśniowa,powiat myślenicki,4.66
91,Przyrost naturalny na 1 000 ludności,2016,powiat,powiat nowosądecki,powiat nowosądecki,4.76
91,Przyrost naturalny na 1 000 ludności,2016,gmina,Podegrodzie,powiat nowosądecki,8.23
91,Przyrost naturalny na 1 000 ludności,2016,gmina,Rytro,powiat nowosądecki,-1.30
91,Przyrost naturalny na 1 000 ludności,2016,gmina,Stary Sącz,powiat nowosądecki,4.30
91,Przyrost naturalny na 1 000 ludności,2016,gmina,Chełmiec,powiat nowosądecki,5.95
91,Przyrost naturalny na 1 000 ludności,2016,gmina,Gródek nad Dunajcem,powiat nowosądecki,-0.43
91,Przyrost naturalny na 1 000 ludności,2016,gmina,Grybów (miasto),powiat nowosądecki,3.63
91,Przyrost naturalny na 1 000 ludności,2016,gmina,Grybów (wieś),powiat nowosądecki,6.03
91,Przyrost naturalny na 1 000 ludności,2016,gmina,Kamionka Wielka,powiat nowosądecki,7.74
91,Przyrost naturalny na 1 000 ludności,2016,gmina,Korzenna,powiat nowosądecki,3.22
91,Przyrost naturalny na 1 000 ludności,2016,gmina,Krynica-Zdrój,powiat nowosądecki,2.32
91,Przyrost naturalny na 1 000 ludności,2016,gmina,Łabowa,powiat nowosądecki,6.91
91,Przyrost naturalny na 1 000 ludności,2016,gmina,Łącko,powiat nowosądecki,5.12
91,Przyrost naturalny na 1 000 ludności,2016,gmina,Łososina Dolna,powiat nowosądecki,7.31
91,Przyrost naturalny na 1 000 ludności,2016,gmina,Muszyna,powiat nowosądecki,0.77
91,Przyrost naturalny na 1 000 ludności,2016,gmina,Nawojowa,powiat nowosądecki,8.79
91,Przyrost naturalny na 1 000 ludności,2016,gmina,Piwniczna-Zdrój,powiat nowosądecki,2.72
91,Przyrost naturalny na 1 000 ludności,2016,powiat,powiat nowotarski,powiat nowotarski,2.57
91,Przyrost naturalny na 1 000 ludności,2016,gmina,Czarny Dunajec,powiat nowotarski,2.82
91,Przyrost naturalny na 1 000 ludności,2016,gmina,Czorsztyn,powiat nowotarski,3.03
91,Przyrost naturalny na 1 000 ludności,2016,gmina,Jabłonka,powiat nowotarski,5.95
91,Przyrost naturalny na 1 000 ludności,2016,gmina,Krościenko nad Dunajcem,powiat nowotarski,2.37
91,Przyrost naturalny na 1 000 ludności,2016,gmina,Lipnica Wielka,powiat nowotarski,3.85
91,Przyrost naturalny na 1 000 ludności,2016,gmina,Łapsze Niżne,powiat nowotarski,5.63
91,Przyrost naturalny na 1 000 ludności,2016,gmina,Nowy Targ (miasto),powiat nowotarski,1.65
91,Przyrost naturalny na 1 000 ludności,2016,gmina,Nowy Targ (wieś),powiat nowotarski,3.65
91,Przyrost naturalny na 1 000 ludności,2016,gmina,Ochotnica Dolna,powiat nowotarski,4.01
91,Przyrost naturalny na 1 000 ludności,2016,gmina,Raba Wyżna,powiat nowotarski,0.89
91,Przyrost naturalny na 1 000 ludności,2016,gmina,Rabka-Zdrój,powiat nowotarski,-0.64
91,Przyrost naturalny na 1 000 ludności,2016,gmina,Spytkowice,powiat nowotarski,3.11
91,Przyrost naturalny na 1 000 ludności,2016,gmina,Szaflary,powiat nowotarski,3.83
91,Przyrost naturalny na 1 000 ludności,2016,gmina,Szczawnica,powiat nowotarski,-4.06
91,Przyrost naturalny na 1 000 ludności,2016,powiat,powiat olkuski,powiat olkuski,-1.55
91,Przyrost naturalny na 1 000 ludności,2016,gmina,Bolesław,powiat olkuski,-4.62
91,Przyrost naturalny na 1 000 ludności,2016,gmina,Bukowno,powiat olkuski,-2.81
91,Przyrost naturalny na 1 000 ludności,2016,gmina,Klucze,powiat olkuski,-3.63
91,Przyrost naturalny na 1 000 ludności,2016,gmina,Olkusz,powiat olkuski,0.00
91,Przyrost naturalny na 1 000 ludności,2016,gmina,Trzyciąż,powiat olkuski,-0.42
91,Przyrost naturalny na 1 000 ludności,2016,gmina,Wolbrom,powiat olkuski,-2.16
91,Przyrost naturalny na 1 000 ludności,2016,powiat,powiat oświęcimski,powiat oświęcimski,-0.21
91,Przyrost naturalny na 1 000 ludności,2016,gmina,Brzeszcze,powiat oświęcimski,0.00
91,Przyrost naturalny na 1 000 ludności,2016,gmina,Chełmek,powiat oświęcimski,-1.15
91,Przyrost naturalny na 1 000 ludności,2016,gmina,Kęty,powiat oświęcimski,0.52
91,Przyrost naturalny na 1 000 ludności,2016,gmina,Osiek,powiat oświęcimski,2.56
91,Przyrost naturalny na 1 000 ludności,2016,gmina,Oświęcim (miasto),powiat oświęcimski,-2.10
91,Przyrost naturalny na 1 000 ludności,2016,gmina,Oświęcim (wieś),powiat oświęcimski,0.33
91,Przyrost naturalny na 1 000 ludności,2016,gmina,Polanka Wielka,powiat oświęcimski,4.66
91,Przyrost naturalny na 1 000 ludności,2016,gmina,Przeciszów,powiat oświęcimski,-0.15
91,Przyrost naturalny na 1 000 ludności,2016,gmina,Zator,powiat oświęcimski,0.00
91,Przyrost naturalny na 1 000 ludności,2016,powiat,powiat proszowicki,powiat proszowicki,-1.49
91,Przyrost naturalny na 1 000 ludności,2016,gmina,Koniusza,powiat proszowicki,0.00
91,Przyrost naturalny na 1 000 ludności,2016,gmina,Koszyce,powiat proszowicki,-1.42
91,Przyrost naturalny na 1 000 ludności,2016,gmina,Nowe Brzesko,powiat proszowicki,-0.69
91,Przyrost naturalny na 1 000 ludności,2016,gmina,Pałecznica,powiat proszowicki,-1.09
91,Przyrost naturalny na 1 000 ludności,2016,gmina,Proszowice,powiat proszowicki,-3.06
91,Przyrost naturalny na 1 000 ludności,2016,gmina,Radziemice,powiat proszowicki,0.29
91,Przyrost naturalny na 1 000 ludności,2016,powiat,powiat suski,powiat suski,0.55
91,Przyrost naturalny na 1 000 ludności,2016,gmina,Budzów,powiat suski,4.07
91,Przyrost naturalny na 1 000 ludności,2016,gmina,Bystra-Sidzina,powiat suski,1.18
91,Przyrost naturalny na 1 000 ludności,2016,gmina,Jordanów (miasto),powiat suski,4.87
91,Przyrost naturalny na 1 000 ludności,2016,gmina,Jordanów (wieś),powiat suski,1.64
91,Przyrost naturalny na 1 000 ludności,2016,gmina,Maków Podhalański,powiat suski,-2.02
91,Przyrost naturalny na 1 000 ludności,2016,gmina,Stryszawa,powiat suski,0.68
91,Przyrost naturalny na 1 000 ludności,2016,gmina,Sucha Beskidzka,powiat suski,-0.96
91,Przyrost naturalny na 1 000 ludności,2016,gmina,Zawoja,powiat suski,-0.55
91,Przyrost naturalny na 1 000 ludności,2016,gmina,Zembrzyce,powiat suski,-0.53
91,Przyrost naturalny na 1 000 ludności,2016,powiat,powiat tarnowski,powiat tarnowski,1.38
91,Przyrost naturalny na 1 000 ludności,2016,gmina,Ciężkowice,powiat tarnowski,1.07
91,Przyrost naturalny na 1 000 ludności,2016,gmina,Gromnik,powiat tarnowski,2.39
91,Przyrost naturalny na 1 000 ludności,2016,gmina,Lisia Góra,powiat tarnowski,2.34
91,Przyrost naturalny na 1 000 ludności,2016,gmina,Pleśna,powiat tarnowski,2.09
91,Przyrost naturalny na 1 000 ludności,2016,gmina,Radłów,powiat tarnowski,-0.31
91,Przyrost naturalny na 1 000 ludności,2016,gmina,Ryglice,powiat tarnowski,-1.03
91,Przyrost naturalny na 1 000 ludności,2016,gmina,Rzepiennik Strzyżewski,powiat tarnowski,3.26
91,Przyrost naturalny na 1 000 ludności,2016,gmina,Skrzyszów,powiat tarnowski,2.06
91,Przyrost naturalny na 1 000 ludności,2016,gmina,Szerzyny,powiat tarnowski,1.00
91,Przyrost naturalny na 1 000 ludności,2016,gmina,Tarnów (wieś),powiat tarnowski,1.25
91,Przyrost naturalny na 1 000 ludności,2016,gmina,Tuchów,powiat tarnowski,0.66
91,Przyrost naturalny na 1 000 ludności,2016,gmina,Wierzchosławice,powiat tarnowski,1.77
91,Przyrost naturalny na 1 000 ludności,2016,gmina,Wietrzychowice,powiat tarnowski,-6.77
91,Przyrost naturalny na 1 000 ludności,2016,gmina,Wojnicz,powiat tarnowski,4.10
91,Przyrost naturalny na 1 000 ludności,2016,gmina,Zakliczyn,powiat tarnowski,3.30
91,Przyrost naturalny na 1 000 ludności,2016,gmina,Żabno,powiat tarnowski,0.37
91,Przyrost naturalny na 1 000 ludności,2016,powiat,powiat tatrzański,powiat tatrzański,0.79
91,Przyrost naturalny na 1 000 ludności,2016,gmina,Biały Dunajec,powiat tatrzański,0.84
91,Przyrost naturalny na 1 000 ludności,2016,gmina,Bukowina Tatrzańska,powiat tatrzański,3.78
91,Przyrost naturalny na 1 000 ludności,2016,gmina,Kościelisko,powiat tatrzański,0.46
91,Przyrost naturalny na 1 000 ludności,2016,gmina,Poronin,powiat tatrzański,4.44
91,Przyrost naturalny na 1 000 ludności,2016,gmina,Zakopane,powiat tatrzański,-2.08
91,Przyrost naturalny na 1 000 ludności,2016,powiat,powiat wadowicki,powiat wadowicki,1.28
91,Przyrost naturalny na 1 000 ludności,2016,gmina,Andrychów,powiat wadowicki,1.25
91,Przyrost naturalny na 1 000 ludności,2016,gmina,Brzeźnica,powiat wadowicki,-0.59
91,Przyrost naturalny na 1 000 ludności,2016,gmina,Kalwaria Zebrzydowska,powiat wadowicki,0.90
91,Przyrost naturalny na 1 000 ludności,2016,gmina,Lanckorona,powiat wadowicki,0.33
91,Przyrost naturalny na 1 000 ludności,2016,gmina,Mucharz,powiat wadowicki,5.18
91,Przyrost naturalny na 1 000 ludności,2016,gmina,Spytkowice,powiat wadowicki,1.85
91,Przyrost naturalny na 1 000 ludności,2016,gmina,Stryszów,powiat wadowicki,0.44
91,Przyrost naturalny na 1 000 ludności,2016,gmina,Tomice,powiat wadowicki,4.53
91,Przyrost naturalny na 1 000 ludności,2016,gmina,Wadowice,powiat wadowicki,0.42
91,Przyrost naturalny na 1 000 ludności,2016,gmina,Wieprz,powiat wadowicki,3.34
91,Przyrost naturalny na 1 000 ludności,2016,powiat,powiat wielicki,powiat wielicki,2.85
91,Przyrost naturalny na 1 000 ludności,2016,gmina,Biskupice,powiat wielicki,1.71
91,Przyrost naturalny na 1 000 ludności,2016,gmina,Gdów,powiat wielicki,2.86
91,Przyrost naturalny na 1 000 ludności,2016,gmina,Kłaj,powiat wielicki,2.18
91,Przyrost naturalny na 1 000 ludności,2016,gmina,Niepołomice,powiat wielicki,4.31
91,Przyrost naturalny na 1 000 ludności,2016,gmina,Wieliczka,powiat wielicki,2.48
91,Przyrost naturalny na 1 000 ludności,2015,powiat,powiat bocheński,powiat bocheński,2.30
91,Przyrost naturalny na 1 000 ludności,2015,gmina,Bochnia (miasto),powiat bocheński,0.50
91,Przyrost naturalny na 1 000 ludności,2015,gmina,Bochnia (wieś),powiat bocheński,2.00
91,Przyrost naturalny na 1 000 ludności,2015,gmina,Drwinia,powiat bocheński,3.40
91,Przyrost naturalny na 1 000 ludności,2015,gmina,Lipnica Murowana,powiat bocheński,1.40
91,Przyrost naturalny na 1 000 ludności,2015,gmina,Łapanów,powiat bocheński,4.20
91,Przyrost naturalny na 1 000 ludności,2015,gmina,Nowy Wiśnicz,powiat bocheński,4.80
91,Przyrost naturalny na 1 000 ludności,2015,gmina,Rzezawa,powiat bocheński,0.50
91,Przyrost naturalny na 1 000 ludności,2015,gmina,Trzciana,powiat bocheński,3.50
91,Przyrost naturalny na 1 000 ludności,2015,gmina,Żegocina,powiat bocheński,6.50
91,Przyrost naturalny na 1 000 ludności,2015,powiat,powiat brzeski,powiat brzeski,0.60
91,Przyrost naturalny na 1 000 ludności,2015,gmina,Borzęcin,powiat brzeski,-1.00
91,Przyrost naturalny na 1 000 ludności,2015,gmina,Brzesko,powiat brzeski,0.10
91,Przyrost naturalny na 1 000 ludności,2015,gmina,Czchów,powiat brzeski,4.90
91,Przyrost naturalny na 1 000 ludności,2015,gmina,Dębno,powiat brzeski,0.50
91,Przyrost naturalny na 1 000 ludności,2015,gmina,Gnojnik,powiat brzeski,4.40
91,Przyrost naturalny na 1 000 ludności,2015,gmina,Iwkowa,powiat brzeski,1.60
91,Przyrost naturalny na 1 000 ludności,2015,gmina,Szczurowa,powiat brzeski,-3.60
91,Przyrost naturalny na 1 000 ludności,2015,powiat,powiat chrzanowski,powiat chrzanowski,-1.80
91,Przyrost naturalny na 1 000 ludności,2015,gmina,Alwernia,powiat chrzanowski,-2.80
91,Przyrost naturalny na 1 000 ludności,2015,gmina,Babice,powiat chrzanowski,-0.10
91,Przyrost naturalny na 1 000 ludności,2015,gmina,Chrzanów,powiat chrzanowski,-2.50
91,Przyrost naturalny na 1 000 ludności,2015,gmina,Libiąż,powiat chrzanowski,-0.60
91,Przyrost naturalny na 1 000 ludności,2015,gmina,Trzebinia,powiat chrzanowski,-1.60
91,Przyrost naturalny na 1 000 ludności,2015,powiat,powiat dąbrowski,powiat dąbrowski,0.00
91,Przyrost naturalny na 1 000 ludności,2015,gmina,Bolesław,powiat dąbrowski,-12.70
91,Przyrost naturalny na 1 000 ludności,2015,gmina,Dąbrowa Tarnowska,powiat dąbrowski,2.70
91,Przyrost naturalny na 1 000 ludności,2015,gmina,Gręboszów,powiat dąbrowski,-5.90
91,Przyrost naturalny na 1 000 ludności,2015,gmina,Mędrzechów,powiat dąbrowski,-2.30
91,Przyrost naturalny na 1 000 ludności,2015,gmina,Olesno,powiat dąbrowski,-0.40
91,Przyrost naturalny na 1 000 ludności,2015,gmina,Radgoszcz,powiat dąbrowski,1.10
91,Przyrost naturalny na 1 000 ludności,2015,gmina,Szczucin,powiat dąbrowski,-0.80
91,Przyrost naturalny na 1 000 ludności,2015,powiat,powiat gorlicki,powiat gorlicki,0.60
91,Przyrost naturalny na 1 000 ludności,2015,gmina,Biecz,powiat gorlicki,-0.50
91,Przyrost naturalny na 1 000 ludności,2015,gmina,Bobowa,powiat gorlicki,4.70
91,Przyrost naturalny na 1 000 ludności,2015,gmina,Gorlice (miasto),powiat gorlicki,-2.10
91,Przyrost naturalny na 1 000 ludności,2015,gmina,Gorlice (wieś),powiat gorlicki,-0.30
91,Przyrost naturalny na 1 000 ludności,2015,gmina,Lipinki,powiat gorlicki,1.20
91,Przyrost naturalny na 1 000 ludności,2015,gmina,Łużna,powiat gorlicki,3.00
91,Przyrost naturalny na 1 000 ludności,2015,gmina,Moszczenica,powiat gorlicki,2.20
91,Przyrost naturalny na 1 000 ludności,2015,gmina,Ropa,powiat gorlicki,1.50
91,Przyrost naturalny na 1 000 ludności,2015,gmina,Sękowa,powiat gorlicki,-0.20
91,Przyrost naturalny na 1 000 ludności,2015,gmina,Uście Gorlickie,powiat gorlicki,6.60
91,Przyrost naturalny na 1 000 ludności,2015,powiat,powiat krakowski,powiat krakowski,0.60
91,Przyrost naturalny na 1 000 ludności,2015,gmina,Czernichów,powiat krakowski,0.90
91,Przyrost naturalny na 1 000 ludności,2015,gmina,Igołomia-Wawrzeńczyce,powiat krakowski,1.70
91,Przyrost naturalny na 1 000 ludności,2015,gmina,Iwanowice,powiat krakowski,0.60
91,Przyrost naturalny na 1 000 ludności,2015,gmina,Jerzmanowice-Przeginia,powiat krakowski,1.60
91,Przyrost naturalny na 1 000 ludności,2015,gmina,Kocmyrzów-Luborzyca,powiat krakowski,-0.30
91,Przyrost naturalny na 1 000 ludności,2015,gmina,Krzeszowice,powiat krakowski,-3.10
91,Przyrost naturalny na 1 000 ludności,2015,gmina,Liszki,powiat krakowski,1.70
91,Przyrost naturalny na 1 000 ludności,2015,gmina,Michałowice,powiat krakowski,1.60
91,Przyrost naturalny na 1 000 ludności,2015,gmina,Mogilany,powiat krakowski,3.10
91,Przyrost naturalny na 1 000 ludności,2015,gmina,Skała,powiat krakowski,-0.40
91,Przyrost naturalny na 1 000 ludności,2015,gmina,Skawina,powiat krakowski,1.70
91,Przyrost naturalny na 1 000 ludności,2015,gmina,Słomniki,powiat krakowski,-2.70
91,Przyrost naturalny na 1 000 ludności,2015,gmina,Sułoszowa,powiat krakowski,2.70
91,Przyrost naturalny na 1 000 ludności,2015,gmina,Świątniki Górne,powiat krakowski,5.00
91,Przyrost naturalny na 1 000 ludności,2015,gmina,Wielka Wieś,powiat krakowski,1.20
91,Przyrost naturalny na 1 000 ludności,2015,gmina,Zabierzów,powiat krakowski,-0.40
91,Przyrost naturalny na 1 000 ludności,2015,gmina,Zielonki,powiat krakowski,1.00
91,Przyrost naturalny na 1 000 ludności,2015,powiat,powiat limanowski,powiat limanowski,4.60
91,Przyrost naturalny na 1 000 ludności,2015,gmina,Dobra,powiat limanowski,4.20
91,Przyrost naturalny na 1 000 ludności,2015,gmina,Jodłownik,powiat limanowski,2.90
91,Przyrost naturalny na 1 000 ludności,2015,gmina,Kamienica,powiat limanowski,2.80
91,Przyrost naturalny na 1 000 ludności,2015,gmina,Laskowa,powiat limanowski,7.70
91,Przyrost naturalny na 1 000 ludności,2015,gmina,Limanowa (miasto),powiat limanowski,3.70
91,Przyrost naturalny na 1 000 ludności,2015,gmina,Limanowa (wieś),powiat limanowski,5.30
91,Przyrost naturalny na 1 000 ludności,2015,gmina,Łukowica,powiat limanowski,6.10
91,Przyrost naturalny na 1 000 ludności,2015,gmina,Mszana Dolna (miasto),powiat limanowski,1.90
91,Przyrost naturalny na 1 000 ludności,2015,gmina,Mszana Dolna (wieś),powiat limanowski,4.60
91,Przyrost naturalny na 1 000 ludności,2015,gmina,Niedźwiedź,powiat limanowski,7.00
91,Przyrost naturalny na 1 000 ludności,2015,gmina,Słopnice,powiat limanowski,2.90
91,Przyrost naturalny na 1 000 ludności,2015,gmina,Tymbark,powiat limanowski,4.60
91,Przyrost naturalny na 1 000 ludności,2015,powiat,powiat m. Kraków,powiat m. Kraków,0.50
91,Przyrost naturalny na 1 000 ludności,2015,powiat,powiat m. Nowy Sącz,powiat m. Nowy Sącz,1.60
91,Przyrost naturalny na 1 000 ludności,2015,powiat,powiat m. Tarnów,powiat m. Tarnów,-1.90
91,Przyrost naturalny na 1 000 ludności,2015,powiat,powiat miechowski,powiat miechowski,-4.50
91,Przyrost naturalny na 1 000 ludności,2015,gmina,Charsznica,powiat miechowski,-5.50
91,Przyrost naturalny na 1 000 ludności,2015,gmina,Gołcza,powiat miechowski,-7.30
91,Przyrost naturalny na 1 000 ludności,2015,gmina,Kozłów,powiat miechowski,-4.70
91,Przyrost naturalny na 1 000 ludności,2015,gmina,Książ Wielki,powiat miechowski,0.00
91,Przyrost naturalny na 1 000 ludności,2015,gmina,Miechów,powiat miechowski,-4.20
91,Przyrost naturalny na 1 000 ludności,2015,gmina,Racławice,powiat miechowski,-3.30
91,Przyrost naturalny na 1 000 ludności,2015,gmina,Słaboszów,powiat miechowski,-5.50
91,Przyrost naturalny na 1 000 ludności,2015,powiat,powiat myślenicki,powiat myślenicki,3.90
91,Przyrost naturalny na 1 000 ludności,2015,gmina,Dobczyce,powiat myślenicki,4.90
91,Przyrost naturalny na 1 000 ludności,2015,gmina,Lubień,powiat myślenicki,5.50
91,Przyrost naturalny na 1 000 ludności,2015,gmina,Myślenice,powiat myślenicki,3.80
91,Przyrost naturalny na 1 000 ludności,2015,gmina,Pcim,powiat myślenicki,4.10
91,Przyrost naturalny na 1 000 ludności,2015,gmina,Raciechowice,powiat myślenicki,-0.20
91,Przyrost naturalny na 1 000 ludności,2015,gmina,Siepraw,powiat myślenicki,4.70
91,Przyrost naturalny na 1 000 ludności,2015,gmina,Sułkowice,powiat myślenicki,3.00
91,Przyrost naturalny na 1 000 ludności,2015,gmina,Tokarnia,powiat myślenicki,5.90
91,Przyrost naturalny na 1 000 ludności,2015,gmina,Wiśniowa,powiat myślenicki,1.90
91,Przyrost naturalny na 1 000 ludności,2015,powiat,powiat nowosądecki,powiat nowosądecki,4.80
91,Przyrost naturalny na 1 000 ludności,2015,gmina,Podegrodzie,powiat nowosądecki,6.10
91,Przyrost naturalny na 1 000 ludności,2015,gmina,Rytro,powiat nowosądecki,2.90
91,Przyrost naturalny na 1 000 ludności,2015,gmina,Stary Sącz,powiat nowosądecki,3.50
91,Przyrost naturalny na 1 000 ludności,2015,gmina,Chełmiec,powiat nowosądecki,5.90
91,Przyrost naturalny na 1 000 ludności,2015,gmina,Gródek nad Dunajcem,powiat nowosądecki,5.40
91,Przyrost naturalny na 1 000 ludności,2015,gmina,Grybów (miasto),powiat nowosądecki,0.00
91,Przyrost naturalny na 1 000 ludności,2015,gmina,Grybów (wieś),powiat nowosądecki,6.80
91,Przyrost naturalny na 1 000 ludności,2015,gmina,Kamionka Wielka,powiat nowosądecki,6.70
91,Przyrost naturalny na 1 000 ludności,2015,gmina,Korzenna,powiat nowosądecki,4.00
91,Przyrost naturalny na 1 000 ludności,2015,gmina,Krynica-Zdrój,powiat nowosądecki,2.20
91,Przyrost naturalny na 1 000 ludności,2015,gmina,Łabowa,powiat nowosądecki,11.00
91,Przyrost naturalny na 1 000 ludności,2015,gmina,Łącko,powiat nowosądecki,5.50
91,Przyrost naturalny na 1 000 ludności,2015,gmina,Łososina Dolna,powiat nowosądecki,7.20
91,Przyrost naturalny na 1 000 ludności,2015,gmina,Muszyna,powiat nowosądecki,1.50
91,Przyrost naturalny na 1 000 ludności,2015,gmina,Nawojowa,powiat nowosądecki,4.60
91,Przyrost naturalny na 1 000 ludności,2015,gmina,Piwniczna-Zdrój,powiat nowosądecki,2.20
91,Przyrost naturalny na 1 000 ludności,2015,powiat,powiat nowotarski,powiat nowotarski,2.20
91,Przyrost naturalny na 1 000 ludności,2015,gmina,Czarny Dunajec,powiat nowotarski,2.80
91,Przyrost naturalny na 1 000 ludności,2015,gmina,Czorsztyn,powiat nowotarski,3.40
91,Przyrost naturalny na 1 000 ludności,2015,gmina,Jabłonka,powiat nowotarski,3.80
91,Przyrost naturalny na 1 000 ludności,2015,gmina,Krościenko nad Dunajcem,powiat nowotarski,3.80
91,Przyrost naturalny na 1 000 ludności,2015,gmina,Lipnica Wielka,powiat nowotarski,7.20
91,Przyrost naturalny na 1 000 ludności,2015,gmina,Łapsze Niżne,powiat nowotarski,2.70
91,Przyrost naturalny na 1 000 ludności,2015,gmina,Nowy Targ (miasto),powiat nowotarski,-0.30
91,Przyrost naturalny na 1 000 ludności,2015,gmina,Nowy Targ (wieś),powiat nowotarski,2.60
91,Przyrost naturalny na 1 000 ludności,2015,gmina,Ochotnica Dolna,powiat nowotarski,4.80
91,Przyrost naturalny na 1 000 ludności,2015,gmina,Raba Wyżna,powiat nowotarski,2.30
91,Przyrost naturalny na 1 000 ludności,2015,gmina,Rabka-Zdrój,powiat nowotarski,-0.80
91,Przyrost naturalny na 1 000 ludności,2015,gmina,Spytkowice,powiat nowotarski,12.20
91,Przyrost naturalny na 1 000 ludności,2015,gmina,Szaflary,powiat nowotarski,2.60
91,Przyrost naturalny na 1 000 ludności,2015,gmina,Szczawnica,powiat nowotarski,-2.40
91,Przyrost naturalny na 1 000 ludności,2015,powiat,powiat olkuski,powiat olkuski,-2.10
91,Przyrost naturalny na 1 000 ludności,2015,gmina,Bolesław,powiat olkuski,-3.20
91,Przyrost naturalny na 1 000 ludności,2015,gmina,Bukowno,powiat olkuski,-4.00
91,Przyrost naturalny na 1 000 ludności,2015,gmina,Klucze,powiat olkuski,-4.50
91,Przyrost naturalny na 1 000 ludności,2015,gmina,Olkusz,powiat olkuski,-0.10
91,Przyrost naturalny na 1 000 ludności,2015,gmina,Trzyciąż,powiat olkuski,-3.20
91,Przyrost naturalny na 1 000 ludności,2015,gmina,Wolbrom,powiat olkuski,-2.80
91,Przyrost naturalny na 1 000 ludności,2015,powiat,powiat oświęcimski,powiat oświęcimski,-0.70
91,Przyrost naturalny na 1 000 ludności,2015,gmina,Brzeszcze,powiat oświęcimski,-0.70
91,Przyrost naturalny na 1 000 ludności,2015,gmina,Chełmek,powiat oświęcimski,0.10
91,Przyrost naturalny na 1 000 ludności,2015,gmina,Kęty,powiat oświęcimski,0.50
91,Przyrost naturalny na 1 000 ludności,2015,gmina,Osiek,powiat oświęcimski,2.10
91,Przyrost naturalny na 1 000 ludności,2015,gmina,Oświęcim (miasto),powiat oświęcimski,-4.40
91,Przyrost naturalny na 1 000 ludności,2015,gmina,Oświęcim (wieś),powiat oświęcimski,1.80
91,Przyrost naturalny na 1 000 ludności,2015,gmina,Polanka Wielka,powiat oświęcimski,3.00
91,Przyrost naturalny na 1 000 ludności,2015,gmina,Przeciszów,powiat oświęcimski,0.00
91,Przyrost naturalny na 1 000 ludności,2015,gmina,Zator,powiat oświęcimski,-0.40
91,Przyrost naturalny na 1 000 ludności,2015,powiat,powiat proszowicki,powiat proszowicki,-1.80
91,Przyrost naturalny na 1 000 ludności,2015,gmina,Koniusza,powiat proszowicki,-2.10
91,Przyrost naturalny na 1 000 ludności,2015,gmina,Koszyce,powiat proszowicki,-1.60
91,Przyrost naturalny na 1 000 ludności,2015,gmina,Nowe Brzesko,powiat proszowicki,-5.90
91,Przyrost naturalny na 1 000 ludności,2015,gmina,Pałecznica,powiat proszowicki,-1.10
91,Przyrost naturalny na 1 000 ludności,2015,gmina,Proszowice,powiat proszowicki,-1.00
91,Przyrost naturalny na 1 000 ludności,2015,gmina,Radziemice,powiat proszowicki,0.60
91,Przyrost naturalny na 1 000 ludności,2015,powiat,powiat suski,powiat suski,0.00
91,Przyrost naturalny na 1 000 ludności,2015,gmina,Budzów,powiat suski,4.90
91,Przyrost naturalny na 1 000 ludności,2015,gmina,Bystra-Sidzina,powiat suski,3.80
91,Przyrost naturalny na 1 000 ludności,2015,gmina,Jordanów (miasto),powiat suski,1.50
91,Przyrost naturalny na 1 000 ludności,2015,gmina,Jordanów (wieś),powiat suski,1.80
91,Przyrost naturalny na 1 000 ludności,2015,gmina,Maków Podhalański,powiat suski,-2.20
91,Przyrost naturalny na 1 000 ludności,2015,gmina,Stryszawa,powiat suski,-0.20
91,Przyrost naturalny na 1 000 ludności,2015,gmina,Sucha Beskidzka,powiat suski,-2.90
91,Przyrost naturalny na 1 000 ludności,2015,gmina,Zawoja,powiat suski,-0.20
91,Przyrost naturalny na 1 000 ludności,2015,gmina,Zembrzyce,powiat suski,-5.30
91,Przyrost naturalny na 1 000 ludności,2015,powiat,powiat tarnowski,powiat tarnowski,1.30
91,Przyrost naturalny na 1 000 ludności,2015,gmina,Ciężkowice,powiat tarnowski,0.40
91,Przyrost naturalny na 1 000 ludności,2015,gmina,Gromnik,powiat tarnowski,5.80
91,Przyrost naturalny na 1 000 ludności,2015,gmina,Lisia Góra,powiat tarnowski,3.30
91,Przyrost naturalny na 1 000 ludności,2015,gmina,Pleśna,powiat tarnowski,2.00
91,Przyrost naturalny na 1 000 ludności,2015,gmina,Radłów,powiat tarnowski,-1.70
91,Przyrost naturalny na 1 000 ludności,2015,gmina,Ryglice,powiat tarnowski,0.30
91,Przyrost naturalny na 1 000 ludności,2015,gmina,Rzepiennik Strzyżewski,powiat tarnowski,-0.70
91,Przyrost naturalny na 1 000 ludności,2015,gmina,Skrzyszów,powiat tarnowski,2.50
91,Przyrost naturalny na 1 000 ludności,2015,gmina,Szerzyny,powiat tarnowski,-2.50
91,Przyrost naturalny na 1 000 ludności,2015,gmina,Tarnów (wieś),powiat tarnowski,2.60
91,Przyrost naturalny na 1 000 ludności,2015,gmina,Tuchów,powiat tarnowski,1.50
91,Przyrost naturalny na 1 000 ludności,2015,gmina,Wierzchosławice,powiat tarnowski,-0.80
91,Przyrost naturalny na 1 000 ludności,2015,gmina,Wietrzychowice,powiat tarnowski,-7.30
91,Przyrost naturalny na 1 000 ludności,2015,gmina,Wojnicz,powiat tarnowski,3.60
91,Przyrost naturalny na 1 000 ludności,2015,gmina,Zakliczyn,powiat tarnowski,0.60
91,Przyrost naturalny na 1 000 ludności,2015,gmina,Żabno,powiat tarnowski,1.10
91,Przyrost naturalny na 1 000 ludności,2015,powiat,powiat tatrzański,powiat tatrzański,0.50
91,Przyrost naturalny na 1 000 ludności,2015,gmina,Biały Dunajec,powiat tatrzański,2.40
91,Przyrost naturalny na 1 000 ludności,2015,gmina,Bukowina Tatrzańska,powiat tatrzański,4.20
91,Przyrost naturalny na 1 000 ludności,2015,gmina,Kościelisko,powiat tatrzański,1.80
91,Przyrost naturalny na 1 000 ludności,2015,gmina,Poronin,powiat tatrzański,0.50
91,Przyrost naturalny na 1 000 ludności,2015,gmina,Zakopane,powiat tatrzański,-2.20
91,Przyrost naturalny na 1 000 ludności,2015,powiat,powiat wadowicki,powiat wadowicki,1.60
91,Przyrost naturalny na 1 000 ludności,2015,gmina,Andrychów,powiat wadowicki,2.70
91,Przyrost naturalny na 1 000 ludności,2015,gmina,Brzeźnica,powiat wadowicki,2.90
91,Przyrost naturalny na 1 000 ludności,2015,gmina,Kalwaria Zebrzydowska,powiat wadowicki,0.50
91,Przyrost naturalny na 1 000 ludności,2015,gmina,Lanckorona,powiat wadowicki,0.50
91,Przyrost naturalny na 1 000 ludności,2015,gmina,Mucharz,powiat wadowicki,3.20
91,Przyrost naturalny na 1 000 ludności,2015,gmina,Spytkowice,powiat wadowicki,3.30
91,Przyrost naturalny na 1 000 ludności,2015,gmina,Stryszów,powiat wadowicki,-0.40
91,Przyrost naturalny na 1 000 ludności,2015,gmina,Tomice,powiat wadowicki,2.00
91,Przyrost naturalny na 1 000 ludności,2015,gmina,Wadowice,powiat wadowicki,-0.90
91,Przyrost naturalny na 1 000 ludności,2015,gmina,Wieprz,powiat wadowicki,3.80
91,Przyrost naturalny na 1 000 ludności,2015,powiat,powiat wielicki,powiat wielicki,2.30
91,Przyrost naturalny na 1 000 ludności,2015,gmina,Biskupice,powiat wielicki,0.70
91,Przyrost naturalny na 1 000 ludności,2015,gmina,Gdów,powiat wielicki,3.00
91,Przyrost naturalny na 1 000 ludności,2015,gmina,Kłaj,powiat wielicki,0.00
91,Przyrost naturalny na 1 000 ludności,2015,gmina,Niepołomice,powiat wielicki,3.80
91,Przyrost naturalny na 1 000 ludności,2015,gmina,Wieliczka,powiat wielicki,2.10
91,Przyrost naturalny na 1 000 ludności,2014,powiat,powiat bocheński,powiat bocheński,3.30
91,Przyrost naturalny na 1 000 ludności,2014,gmina,Bochnia (miasto),powiat bocheński,1.10
91,Przyrost naturalny na 1 000 ludności,2014,gmina,Bochnia (wieś),powiat bocheński,4.70
91,Przyrost naturalny na 1 000 ludności,2014,gmina,Drwinia,powiat bocheński,-2.00
91,Przyrost naturalny na 1 000 ludności,2014,gmina,Lipnica Murowana,powiat bocheński,5.60
91,Przyrost naturalny na 1 000 ludności,2014,gmina,Łapanów,powiat bocheński,1.00
91,Przyrost naturalny na 1 000 ludności,2014,gmina,Nowy Wiśnicz,powiat bocheński,5.70
91,Przyrost naturalny na 1 000 ludności,2014,gmina,Rzezawa,powiat bocheński,2.20
91,Przyrost naturalny na 1 000 ludności,2014,gmina,Trzciana,powiat bocheński,8.50
91,Przyrost naturalny na 1 000 ludności,2014,gmina,Żegocina,powiat bocheński,8.60
91,Przyrost naturalny na 1 000 ludności,2014,powiat,powiat brzeski,powiat brzeski,2.00
91,Przyrost naturalny na 1 000 ludności,2014,gmina,Borzęcin,powiat brzeski,4.10
91,Przyrost naturalny na 1 000 ludności,2014,gmina,Brzesko,powiat brzeski,3.90
91,Przyrost naturalny na 1 000 ludności,2014,gmina,Czchów,powiat brzeski,4.90
91,Przyrost naturalny na 1 000 ludności,2014,gmina,Dębno,powiat brzeski,4.30
91,Przyrost naturalny na 1 000 ludności,2014,gmina,Gnojnik,powiat brzeski,-5.80
91,Przyrost naturalny na 1 000 ludności,2014,gmina,Iwkowa,powiat brzeski,-0.30
91,Przyrost naturalny na 1 000 ludności,2014,gmina,Szczurowa,powiat brzeski,-4.30
91,Przyrost naturalny na 1 000 ludności,2014,powiat,powiat chrzanowski,powiat chrzanowski,-1.40
91,Przyrost naturalny na 1 000 ludności,2014,gmina,Alwernia,powiat chrzanowski,1.50
91,Przyrost naturalny na 1 000 ludności,2014,gmina,Babice,powiat chrzanowski,-2.10
91,Przyrost naturalny na 1 000 ludności,2014,gmina,Chrzanów,powiat chrzanowski,-0.30
91,Przyrost naturalny na 1 000 ludności,2014,gmina,Libiąż,powiat chrzanowski,-2.30
91,Przyrost naturalny na 1 000 ludności,2014,gmina,Trzebinia,powiat chrzanowski,-1.70
91,Przyrost naturalny na 1 000 ludności,2014,powiat,powiat dąbrowski,powiat dąbrowski,-0.30
91,Przyrost naturalny na 1 000 ludności,2014,gmina,Bolesław,powiat dąbrowski,-3.80
91,Przyrost naturalny na 1 000 ludności,2014,gmina,Dąbrowa Tarnowska,powiat dąbrowski,-2.80
91,Przyrost naturalny na 1 000 ludności,2014,gmina,Gręboszów,powiat dąbrowski,0.60
91,Przyrost naturalny na 1 000 ludności,2014,gmina,Mędrzechów,powiat dąbrowski,-0.30
91,Przyrost naturalny na 1 000 ludności,2014,gmina,Olesno,powiat dąbrowski,1.30
91,Przyrost naturalny na 1 000 ludności,2014,gmina,Radgoszcz,powiat dąbrowski,1.80
91,Przyrost naturalny na 1 000 ludności,2014,gmina,Szczucin,powiat dąbrowski,4.60
91,Przyrost naturalny na 1 000 ludności,2014,powiat,powiat gorlicki,powiat gorlicki,1.80
91,Przyrost naturalny na 1 000 ludności,2014,gmina,Biecz,powiat gorlicki,6.30
91,Przyrost naturalny na 1 000 ludności,2014,gmina,Bobowa,powiat gorlicki,1.70
91,Przyrost naturalny na 1 000 ludności,2014,gmina,Gorlice (miasto),powiat gorlicki,1.20
91,Przyrost naturalny na 1 000 ludności,2014,gmina,Gorlice (wieś),powiat gorlicki,-0.60
91,Przyrost naturalny na 1 000 ludności,2014,gmina,Lipinki,powiat gorlicki,1.80
91,Przyrost naturalny na 1 000 ludności,2014,gmina,Łużna,powiat gorlicki,1.80
91,Przyrost naturalny na 1 000 ludności,2014,gmina,Moszczenica,powiat gorlicki,4.10
91,Przyrost naturalny na 1 000 ludności,2014,gmina,Ropa,powiat gorlicki,2.00
91,Przyrost naturalny na 1 000 ludności,2014,gmina,Sękowa,powiat gorlicki,7.00
91,Przyrost naturalny na 1 000 ludności,2014,gmina,Uście Gorlickie,powiat gorlicki,4.70
91,Przyrost naturalny na 1 000 ludności,2014,powiat,powiat krakowski,powiat krakowski,1.40
91,Przyrost naturalny na 1 000 ludności,2014,gmina,Czernichów,powiat krakowski,1.00
91,Przyrost naturalny na 1 000 ludności,2014,gmina,Igołomia-Wawrzeńczyce,powiat krakowski,-2.10
91,Przyrost naturalny na 1 000 ludności,2014,gmina,Iwanowice,powiat krakowski,1.20
91,Przyrost naturalny na 1 000 ludności,2014,gmina,Jerzmanowice-Przeginia,powiat krakowski,0.80
91,Przyrost naturalny na 1 000 ludności,2014,gmina,Kocmyrzów-Luborzyca,powiat krakowski,1.10
91,Przyrost naturalny na 1 000 ludności,2014,gmina,Krzeszowice,powiat krakowski,-1.70
91,Przyrost naturalny na 1 000 ludności,2014,gmina,Liszki,powiat krakowski,2.90
91,Przyrost naturalny na 1 000 ludności,2014,gmina,Michałowice,powiat krakowski,4.40
91,Przyrost naturalny na 1 000 ludności,2014,gmina,Mogilany,powiat krakowski,3.40
91,Przyrost naturalny na 1 000 ludności,2014,gmina,Skała,powiat krakowski,3.60
91,Przyrost naturalny na 1 000 ludności,2014,gmina,Skawina,powiat krakowski,1.90
91,Przyrost naturalny na 1 000 ludności,2014,gmina,Słomniki,powiat krakowski,-0.40
91,Przyrost naturalny na 1 000 ludności,2014,gmina,Sułoszowa,powiat krakowski,0.60
91,Przyrost naturalny na 1 000 ludności,2014,gmina,Świątniki Górne,powiat krakowski,-0.10
91,Przyrost naturalny na 1 000 ludności,2014,gmina,Wielka Wieś,powiat krakowski,1.80
91,Przyrost naturalny na 1 000 ludności,2014,gmina,Zabierzów,powiat krakowski,4.30
91,Przyrost naturalny na 1 000 ludności,2014,gmina,Zielonki,powiat krakowski,-2.60
91,Przyrost naturalny na 1 000 ludności,2014,powiat,powiat limanowski,powiat limanowski,4.70
91,Przyrost naturalny na 1 000 ludności,2014,gmina,Dobra,powiat limanowski,4.40
91,Przyrost naturalny na 1 000 ludności,2014,gmina,Jodłownik,powiat limanowski,5.30
91,Przyrost naturalny na 1 000 ludności,2014,gmina,Kamienica,powiat limanowski,6.00
91,Przyrost naturalny na 1 000 ludności,2014,gmina,Laskowa,powiat limanowski,6.30
91,Przyrost naturalny na 1 000 ludności,2014,gmina,Limanowa (miasto),powiat limanowski,3.10
91,Przyrost naturalny na 1 000 ludności,2014,gmina,Limanowa (wieś),powiat limanowski,6.30
91,Przyrost naturalny na 1 000 ludności,2014,gmina,Łukowica,powiat limanowski,3.00
91,Przyrost naturalny na 1 000 ludności,2014,gmina,Mszana Dolna (miasto),powiat limanowski,4.10
91,Przyrost naturalny na 1 000 ludności,2014,gmina,Mszana Dolna (wieś),powiat limanowski,5.00
91,Przyrost naturalny na 1 000 ludności,2014,gmina,Niedźwiedź,powiat limanowski,8.30
91,Przyrost naturalny na 1 000 ludności,2014,gmina,Słopnice,powiat limanowski,4.60
91,Przyrost naturalny na 1 000 ludności,2014,gmina,Tymbark,powiat limanowski,4.70
91,Przyrost naturalny na 1 000 ludności,2014,powiat,powiat m. Kraków,powiat m. Kraków,0.60
91,Przyrost naturalny na 1 000 ludności,2014,powiat,powiat m. Nowy Sącz,powiat m. Nowy Sącz,1.70
91,Przyrost naturalny na 1 000 ludności,2014,powiat,powiat m. Tarnów,powiat m. Tarnów,-0.50
91,Przyrost naturalny na 1 000 ludności,2014,powiat,powiat miechowski,powiat miechowski,-2.60
91,Przyrost naturalny na 1 000 ludności,2014,gmina,Charsznica,powiat miechowski,-1.40
91,Przyrost naturalny na 1 000 ludności,2014,gmina,Gołcza,powiat miechowski,-2.30
91,Przyrost naturalny na 1 000 ludności,2014,gmina,Kozłów,powiat miechowski,-2.70
91,Przyrost naturalny na 1 000 ludności,2014,gmina,Książ Wielki,powiat miechowski,-1.20
91,Przyrost naturalny na 1 000 ludności,2014,gmina,Miechów,powiat miechowski,-8.90
91,Przyrost naturalny na 1 000 ludności,2014,gmina,Racławice,powiat miechowski,-3.30
91,Przyrost naturalny na 1 000 ludności,2014,gmina,Słaboszów,powiat miechowski,3.30
91,Przyrost naturalny na 1 000 ludności,2014,powiat,powiat myślenicki,powiat myślenicki,3.30
91,Przyrost naturalny na 1 000 ludności,2014,gmina,Dobczyce,powiat myślenicki,4.20
91,Przyrost naturalny na 1 000 ludności,2014,gmina,Lubień,powiat myślenicki,2.90
91,Przyrost naturalny na 1 000 ludności,2014,gmina,Myślenice,powiat myślenicki,4.80
91,Przyrost naturalny na 1 000 ludności,2014,gmina,Pcim,powiat myślenicki,1.60
91,Przyrost naturalny na 1 000 ludności,2014,gmina,Raciechowice,powiat myślenicki,3.90
91,Przyrost naturalny na 1 000 ludności,2014,gmina,Siepraw,powiat myślenicki,4.10
91,Przyrost naturalny na 1 000 ludności,2014,gmina,Sułkowice,powiat myślenicki,3.10
91,Przyrost naturalny na 1 000 ludności,2014,gmina,Tokarnia,powiat myślenicki,1.70
91,Przyrost naturalny na 1 000 ludności,2014,gmina,Wiśniowa,powiat myślenicki,-0.90
91,Przyrost naturalny na 1 000 ludności,2014,powiat,powiat nowosądecki,powiat nowosądecki,4.70
91,Przyrost naturalny na 1 000 ludności,2014,gmina,Podegrodzie,powiat nowosądecki,5.50
91,Przyrost naturalny na 1 000 ludności,2014,gmina,Rytro,powiat nowosądecki,3.70
91,Przyrost naturalny na 1 000 ludności,2014,gmina,Stary Sącz,powiat nowosądecki,2.70
91,Przyrost naturalny na 1 000 ludności,2014,gmina,Chełmiec,powiat nowosądecki,3.60
91,Przyrost naturalny na 1 000 ludności,2014,gmina,Gródek nad Dunajcem,powiat nowosądecki,7.20
91,Przyrost naturalny na 1 000 ludności,2014,gmina,Grybów (miasto),powiat nowosądecki,4.40
91,Przyrost naturalny na 1 000 ludności,2014,gmina,Grybów (wieś),powiat nowosądecki,5.20
91,Przyrost naturalny na 1 000 ludności,2014,gmina,Kamionka Wielka,powiat nowosądecki,5.70
91,Przyrost naturalny na 1 000 ludności,2014,gmina,Korzenna,powiat nowosądecki,-0.10
91,Przyrost naturalny na 1 000 ludności,2014,gmina,Krynica-Zdrój,powiat nowosądecki,11.40
91,Przyrost naturalny na 1 000 ludności,2014,gmina,Łabowa,powiat nowosądecki,6.30
91,Przyrost naturalny na 1 000 ludności,2014,gmina,Łącko,powiat nowosądecki,6.70
91,Przyrost naturalny na 1 000 ludności,2014,gmina,Łososina Dolna,powiat nowosądecki,2.30
91,Przyrost naturalny na 1 000 ludności,2014,gmina,Muszyna,powiat nowosądecki,6.00
91,Przyrost naturalny na 1 000 ludności,2014,gmina,Nawojowa,powiat nowosądecki,1.30
91,Przyrost naturalny na 1 000 ludności,2014,gmina,Piwniczna-Zdrój,powiat nowosądecki,8.50
91,Przyrost naturalny na 1 000 ludności,2014,powiat,powiat nowotarski,powiat nowotarski,2.70
91,Przyrost naturalny na 1 000 ludności,2014,gmina,Czarny Dunajec,powiat nowotarski,4.50
91,Przyrost naturalny na 1 000 ludności,2014,gmina,Czorsztyn,powiat nowotarski,5.40
91,Przyrost naturalny na 1 000 ludności,2014,gmina,Jabłonka,powiat nowotarski,2.20
91,Przyrost naturalny na 1 000 ludności,2014,gmina,Krościenko nad Dunajcem,powiat nowotarski,4.90
91,Przyrost naturalny na 1 000 ludności,2014,gmina,Lipnica Wielka,powiat nowotarski,4.10
91,Przyrost naturalny na 1 000 ludności,2014,gmina,Łapsze Niżne,powiat nowotarski,4.00
91,Przyrost naturalny na 1 000 ludności,2014,gmina,Nowy Targ (miasto),powiat nowotarski,0.30
91,Przyrost naturalny na 1 000 ludności,2014,gmina,Nowy Targ (wieś),powiat nowotarski,3.60
91,Przyrost naturalny na 1 000 ludności,2014,gmina,Ochotnica Dolna,powiat nowotarski,2.10
91,Przyrost naturalny na 1 000 ludności,2014,gmina,Raba Wyżna,powiat nowotarski,1.00
91,Przyrost naturalny na 1 000 ludności,2014,gmina,Rabka-Zdrój,powiat nowotarski,2.30
91,Przyrost naturalny na 1 000 ludności,2014,gmina,Spytkowice,powiat nowotarski,3.00
91,Przyrost naturalny na 1 000 ludności,2014,gmina,Szaflary,powiat nowotarski,1.30
91,Przyrost naturalny na 1 000 ludności,2014,gmina,Szczawnica,powiat nowotarski,2.40
91,Przyrost naturalny na 1 000 ludności,2014,powiat,powiat olkuski,powiat olkuski,-1.70
91,Przyrost naturalny na 1 000 ludności,2014,gmina,Bolesław,powiat olkuski,-0.60
91,Przyrost naturalny na 1 000 ludności,2014,gmina,Bukowno,powiat olkuski,-2.60
91,Przyrost naturalny na 1 000 ludności,2014,gmina,Klucze,powiat olkuski,-1.10
91,Przyrost naturalny na 1 000 ludności,2014,gmina,Olkusz,powiat olkuski,-0.70
91,Przyrost naturalny na 1 000 ludności,2014,gmina,Trzyciąż,powiat olkuski,-2.40
91,Przyrost naturalny na 1 000 ludności,2014,gmina,Wolbrom,powiat olkuski,-0.20
91,Przyrost naturalny na 1 000 ludności,2014,powiat,powiat oświęcimski,powiat oświęcimski,-0.20
91,Przyrost naturalny na 1 000 ludności,2014,gmina,Brzeszcze,powiat oświęcimski,-1.20
91,Przyrost naturalny na 1 000 ludności,2014,gmina,Chełmek,powiat oświęcimski,1.30
91,Przyrost naturalny na 1 000 ludności,2014,gmina,Kęty,powiat oświęcimski,2.30
91,Przyrost naturalny na 1 000 ludności,2014,gmina,Osiek,powiat oświęcimski,0.80
91,Przyrost naturalny na 1 000 ludności,2014,gmina,Oświęcim (miasto),powiat oświęcimski,0.20
91,Przyrost naturalny na 1 000 ludności,2014,gmina,Oświęcim (wieś),powiat oświęcimski,3.30
91,Przyrost naturalny na 1 000 ludności,2014,gmina,Polanka Wielka,powiat oświęcimski,0.40
91,Przyrost naturalny na 1 000 ludności,2014,gmina,Przeciszów,powiat oświęcimski,0.80
91,Przyrost naturalny na 1 000 ludności,2014,gmina,Zator,powiat oświęcimski,0.50
91,Przyrost naturalny na 1 000 ludności,2014,powiat,powiat proszowicki,powiat proszowicki,-0.90
91,Przyrost naturalny na 1 000 ludności,2014,gmina,Koniusza,powiat proszowicki,-4.80
91,Przyrost naturalny na 1 000 ludności,2014,gmina,Koszyce,powiat proszowicki,1.40
91,Przyrost naturalny na 1 000 ludności,2014,gmina,Nowe Brzesko,powiat proszowicki,5.70
91,Przyrost naturalny na 1 000 ludności,2014,gmina,Pałecznica,powiat proszowicki,-1.00
91,Przyrost naturalny na 1 000 ludności,2014,gmina,Proszowice,powiat proszowicki,-2.30
91,Przyrost naturalny na 1 000 ludności,2014,gmina,Radziemice,powiat proszowicki,2.80
91,Przyrost naturalny na 1 000 ludności,2014,powiat,powiat suski,powiat suski,0.50
91,Przyrost naturalny na 1 000 ludności,2014,gmina,Budzów,powiat suski,3.20
91,Przyrost naturalny na 1 000 ludności,2014,gmina,Bystra-Sidzina,powiat suski,0.20
91,Przyrost naturalny na 1 000 ludności,2014,gmina,Jordanów (miasto),powiat suski,-2.00
91,Przyrost naturalny na 1 000 ludności,2014,gmina,Jordanów (wieś),powiat suski,0.10
91,Przyrost naturalny na 1 000 ludności,2014,gmina,Maków Podhalański,powiat suski,0.20
91,Przyrost naturalny na 1 000 ludności,2014,gmina,Stryszawa,powiat suski,-1.40
91,Przyrost naturalny na 1 000 ludności,2014,gmina,Sucha Beskidzka,powiat suski,1.70
91,Przyrost naturalny na 1 000 ludności,2014,gmina,Zawoja,powiat suski,2.40
91,Przyrost naturalny na 1 000 ludności,2014,gmina,Zembrzyce,powiat suski,3.00
91,Przyrost naturalny na 1 000 ludności,2014,powiat,powiat tarnowski,powiat tarnowski,1.80
91,Przyrost naturalny na 1 000 ludności,2014,gmina,Ciężkowice,powiat tarnowski,5.00
91,Przyrost naturalny na 1 000 ludności,2014,gmina,Gromnik,powiat tarnowski,1.70
91,Przyrost naturalny na 1 000 ludności,2014,gmina,Lisia Góra,powiat tarnowski,-2.10
91,Przyrost naturalny na 1 000 ludności,2014,gmina,Pleśna,powiat tarnowski,-1.10
91,Przyrost naturalny na 1 000 ludności,2014,gmina,Radłów,powiat tarnowski,1.60
91,Przyrost naturalny na 1 000 ludności,2014,gmina,Ryglice,powiat tarnowski,4.40
91,Przyrost naturalny na 1 000 ludności,2014,gmina,Rzepiennik Strzyżewski,powiat tarnowski,2.30
91,Przyrost naturalny na 1 000 ludności,2014,gmina,Skrzyszów,powiat tarnowski,0.40
91,Przyrost naturalny na 1 000 ludności,2014,gmina,Szerzyny,powiat tarnowski,-0.50
91,Przyrost naturalny na 1 000 ludności,2014,gmina,Tarnów (wieś),powiat tarnowski,1.00
91,Przyrost naturalny na 1 000 ludności,2014,gmina,Tuchów,powiat tarnowski,-6.90
91,Przyrost naturalny na 1 000 ludności,2014,gmina,Wierzchosławice,powiat tarnowski,1.90
91,Przyrost naturalny na 1 000 ludności,2014,gmina,Wietrzychowice,powiat tarnowski,1.50
91,Przyrost naturalny na 1 000 ludności,2014,gmina,Wojnicz,powiat tarnowski,0.20
91,Przyrost naturalny na 1 000 ludności,2014,gmina,Zakliczyn,powiat tarnowski,4.00
91,Przyrost naturalny na 1 000 ludności,2014,gmina,Żabno,powiat tarnowski,-0.50
91,Przyrost naturalny na 1 000 ludności,2014,powiat,powiat tatrzański,powiat tatrzański,1.30
91,Przyrost naturalny na 1 000 ludności,2014,gmina,Biały Dunajec,powiat tatrzański,4.60
91,Przyrost naturalny na 1 000 ludności,2014,gmina,Bukowina Tatrzańska,powiat tatrzański,1.30
91,Przyrost naturalny na 1 000 ludności,2014,gmina,Kościelisko,powiat tatrzański,5.60
91,Przyrost naturalny na 1 000 ludności,2014,gmina,Poronin,powiat tatrzański,1.70
91,Przyrost naturalny na 1 000 ludności,2014,gmina,Zakopane,powiat tatrzański,3.70
91,Przyrost naturalny na 1 000 ludności,2014,powiat,powiat wadowicki,powiat wadowicki,2.40
91,Przyrost naturalny na 1 000 ludności,2014,gmina,Andrychów,powiat wadowicki,2.40
91,Przyrost naturalny na 1 000 ludności,2014,gmina,Brzeźnica,powiat wadowicki,0.80
91,Przyrost naturalny na 1 000 ludności,2014,gmina,Kalwaria Zebrzydowska,powiat wadowicki,1.20
91,Przyrost naturalny na 1 000 ludności,2014,gmina,Lanckorona,powiat wadowicki,4.00
91,Przyrost naturalny na 1 000 ludności,2014,gmina,Mucharz,powiat wadowicki,0.40
91,Przyrost naturalny na 1 000 ludności,2014,gmina,Spytkowice,powiat wadowicki,5.20
91,Przyrost naturalny na 1 000 ludności,2014,gmina,Stryszów,powiat wadowicki,1.30
91,Przyrost naturalny na 1 000 ludności,2014,gmina,Tomice,powiat wadowicki,3.00
91,Przyrost naturalny na 1 000 ludności,2014,gmina,Wadowice,powiat wadowicki,2.00
91,Przyrost naturalny na 1 000 ludności,2014,gmina,Wieprz,powiat wadowicki,-1.50
91,Przyrost naturalny na 1 000 ludności,2014,powiat,powiat wielicki,powiat wielicki,2.80
91,Przyrost naturalny na 1 000 ludności,2014,gmina,Biskupice,powiat wielicki,3.90
91,Przyrost naturalny na 1 000 ludności,2014,gmina,Gdów,powiat wielicki,1.00
91,Przyrost naturalny na 1 000 ludności,2014,gmina,Kłaj,powiat wielicki,3.20
91,Przyrost naturalny na 1 000 ludności,2014,gmina,Niepołomice,powiat wielicki,2.20
91,Przyrost naturalny na 1 000 ludności,2014,gmina,Wieliczka,powiat wielicki,0.60
91,Przyrost naturalny na 1 000 ludności,2013,powiat,powiat bocheński,powiat bocheński,2.36
91,Przyrost naturalny na 1 000 ludności,2013,gmina,Bochnia (miasto),powiat bocheński,2.61
91,Przyrost naturalny na 1 000 ludności,2013,gmina,Bochnia (wieś),powiat bocheński,2.43
91,Przyrost naturalny na 1 000 ludności,2013,gmina,Drwinia,powiat bocheński,-1.23
91,Przyrost naturalny na 1 000 ludności,2013,gmina,Lipnica Murowana,powiat bocheński,1.97
91,Przyrost naturalny na 1 000 ludności,2013,gmina,Łapanów,powiat bocheński,1.40
91,Przyrost naturalny na 1 000 ludności,2013,gmina,Nowy Wiśnicz,powiat bocheński,2.80
91,Przyrost naturalny na 1 000 ludności,2013,gmina,Rzezawa,powiat bocheński,0.90
91,Przyrost naturalny na 1 000 ludności,2013,gmina,Trzciana,powiat bocheński,5.03
91,Przyrost naturalny na 1 000 ludności,2013,gmina,Żegocina,powiat bocheński,6.05
91,Przyrost naturalny na 1 000 ludności,2013,powiat,powiat brzeski,powiat brzeski,1.66
91,Przyrost naturalny na 1 000 ludności,2013,gmina,Borzęcin,powiat brzeski,-1.19
91,Przyrost naturalny na 1 000 ludności,2013,gmina,Brzesko,powiat brzeski,2.04
91,Przyrost naturalny na 1 000 ludności,2013,gmina,Czchów,powiat brzeski,4.03
91,Przyrost naturalny na 1 000 ludności,2013,gmina,Dębno,powiat brzeski,1.45
91,Przyrost naturalny na 1 000 ludności,2013,gmina,Gnojnik,powiat brzeski,3.58
91,Przyrost naturalny na 1 000 ludności,2013,gmina,Iwkowa,powiat brzeski,2.23
91,Przyrost naturalny na 1 000 ludności,2013,gmina,Szczurowa,powiat brzeski,-1.23
91,Przyrost naturalny na 1 000 ludności,2013,powiat,powiat chrzanowski,powiat chrzanowski,-1.65
91,Przyrost naturalny na 1 000 ludności,2013,gmina,Alwernia,powiat chrzanowski,-3.30
91,Przyrost naturalny na 1 000 ludności,2013,gmina,Babice,powiat chrzanowski,-3.10
91,Przyrost naturalny na 1 000 ludności,2013,gmina,Chrzanów,powiat chrzanowski,-1.72
91,Przyrost naturalny na 1 000 ludności,2013,gmina,Libiąż,powiat chrzanowski,1.54
91,Przyrost naturalny na 1 000 ludności,2013,gmina,Trzebinia,powiat chrzanowski,-2.67
91,Przyrost naturalny na 1 000 ludności,2013,powiat,powiat dąbrowski,powiat dąbrowski,0.64
91,Przyrost naturalny na 1 000 ludności,2013,gmina,Bolesław,powiat dąbrowski,-0.36
91,Przyrost naturalny na 1 000 ludności,2013,gmina,Dąbrowa Tarnowska,powiat dąbrowski,2.42
91,Przyrost naturalny na 1 000 ludności,2013,gmina,Gręboszów,powiat dąbrowski,-4.32
91,Przyrost naturalny na 1 000 ludności,2013,gmina,Mędrzechów,powiat dąbrowski,-5.11
91,Przyrost naturalny na 1 000 ludności,2013,gmina,Olesno,powiat dąbrowski,1.39
91,Przyrost naturalny na 1 000 ludności,2013,gmina,Radgoszcz,powiat dąbrowski,3.92
91,Przyrost naturalny na 1 000 ludności,2013,gmina,Szczucin,powiat dąbrowski,-1.43
91,Przyrost naturalny na 1 000 ludności,2013,powiat,powiat gorlicki,powiat gorlicki,1.46
91,Przyrost naturalny na 1 000 ludności,2013,gmina,Biecz,powiat gorlicki,0.53
91,Przyrost naturalny na 1 000 ludności,2013,gmina,Bobowa,powiat gorlicki,6.90
91,Przyrost naturalny na 1 000 ludności,2013,gmina,Gorlice (miasto),powiat gorlicki,-0.84
91,Przyrost naturalny na 1 000 ludności,2013,gmina,Gorlice (wieś),powiat gorlicki,2.97
91,Przyrost naturalny na 1 000 ludności,2013,gmina,Lipinki,powiat gorlicki,-1.62
91,Przyrost naturalny na 1 000 ludności,2013,gmina,Łużna,powiat gorlicki,0.72
91,Przyrost naturalny na 1 000 ludności,2013,gmina,Moszczenica,powiat gorlicki,0.21
91,Przyrost naturalny na 1 000 ludności,2013,gmina,Ropa,powiat gorlicki,4.10
91,Przyrost naturalny na 1 000 ludności,2013,gmina,Sękowa,powiat gorlicki,4.44
91,Przyrost naturalny na 1 000 ludności,2013,gmina,Uście Gorlickie,powiat gorlicki,2.53
91,Przyrost naturalny na 1 000 ludności,2013,powiat,powiat krakowski,powiat krakowski,0.92
91,Przyrost naturalny na 1 000 ludności,2013,gmina,Czernichów,powiat krakowski,-0.21
91,Przyrost naturalny na 1 000 ludności,2013,gmina,Igołomia-Wawrzeńczyce,powiat krakowski,-0.52
91,Przyrost naturalny na 1 000 ludności,2013,gmina,Iwanowice,powiat krakowski,-0.23
91,Przyrost naturalny na 1 000 ludności,2013,gmina,Jerzmanowice-Przeginia,powiat krakowski,-0.84
91,Przyrost naturalny na 1 000 ludności,2013,gmina,Kocmyrzów-Luborzyca,powiat krakowski,0.89
91,Przyrost naturalny na 1 000 ludności,2013,gmina,Krzeszowice,powiat krakowski,-0.58
91,Przyrost naturalny na 1 000 ludności,2013,gmina,Liszki,powiat krakowski,3.02
91,Przyrost naturalny na 1 000 ludności,2013,gmina,Michałowice,powiat krakowski,0.31
91,Przyrost naturalny na 1 000 ludności,2013,gmina,Mogilany,powiat krakowski,4.61
91,Przyrost naturalny na 1 000 ludności,2013,gmina,Skała,powiat krakowski,1.83
91,Przyrost naturalny na 1 000 ludności,2013,gmina,Skawina,powiat krakowski,2.07
91,Przyrost naturalny na 1 000 ludności,2013,gmina,Słomniki,powiat krakowski,-1.17
91,Przyrost naturalny na 1 000 ludności,2013,gmina,Sułoszowa,powiat krakowski,-0.52
91,Przyrost naturalny na 1 000 ludności,2013,gmina,Świątniki Górne,powiat krakowski,1.97
91,Przyrost naturalny na 1 000 ludności,2013,gmina,Wielka Wieś,powiat krakowski,0.18
91,Przyrost naturalny na 1 000 ludności,2013,gmina,Zabierzów,powiat krakowski,-0.12
91,Przyrost naturalny na 1 000 ludności,2013,gmina,Zielonki,powiat krakowski,2.43
91,Przyrost naturalny na 1 000 ludności,2013,powiat,powiat limanowski,powiat limanowski,4.91
91,Przyrost naturalny na 1 000 ludności,2013,gmina,Dobra,powiat limanowski,4.70
91,Przyrost naturalny na 1 000 ludności,2013,gmina,Jodłownik,powiat limanowski,4.88
91,Przyrost naturalny na 1 000 ludności,2013,gmina,Kamienica,powiat limanowski,3.10
91,Przyrost naturalny na 1 000 ludności,2013,gmina,Laskowa,powiat limanowski,9.70
91,Przyrost naturalny na 1 000 ludności,2013,gmina,Limanowa (miasto),powiat limanowski,4.56
91,Przyrost naturalny na 1 000 ludności,2013,gmina,Limanowa (wieś),powiat limanowski,4.79
91,Przyrost naturalny na 1 000 ludności,2013,gmina,Łukowica,powiat limanowski,3.68
91,Przyrost naturalny na 1 000 ludności,2013,gmina,Mszana Dolna (miasto),powiat limanowski,1.91
91,Przyrost naturalny na 1 000 ludności,2013,gmina,Mszana Dolna (wieś),powiat limanowski,4.15
91,Przyrost naturalny na 1 000 ludności,2013,gmina,Niedźwiedź,powiat limanowski,4.73
91,Przyrost naturalny na 1 000 ludności,2013,gmina,Słopnice,powiat limanowski,9.30
91,Przyrost naturalny na 1 000 ludności,2013,gmina,Tymbark,powiat limanowski,6.16
91,Przyrost naturalny na 1 000 ludności,2013,powiat,powiat m. Kraków,powiat m. Kraków,0.26
91,Przyrost naturalny na 1 000 ludności,2013,powiat,powiat m. Nowy Sącz,powiat m. Nowy Sącz,0.91
91,Przyrost naturalny na 1 000 ludności,2013,powiat,powiat m. Tarnów,powiat m. Tarnów,-0.82
91,Przyrost naturalny na 1 000 ludności,2013,powiat,powiat miechowski,powiat miechowski,-4.06
91,Przyrost naturalny na 1 000 ludności,2013,gmina,Charsznica,powiat miechowski,-1.96
91,Przyrost naturalny na 1 000 ludności,2013,gmina,Gołcza,powiat miechowski,-3.22
91,Przyrost naturalny na 1 000 ludności,2013,gmina,Kozłów,powiat miechowski,-9.08
91,Przyrost naturalny na 1 000 ludności,2013,gmina,Książ Wielki,powiat miechowski,-8.37
91,Przyrost naturalny na 1 000 ludności,2013,gmina,Miechów,powiat miechowski,-2.31
91,Przyrost naturalny na 1 000 ludności,2013,gmina,Racławice,powiat miechowski,-4.83
91,Przyrost naturalny na 1 000 ludności,2013,gmina,Słaboszów,powiat miechowski,-6.22
91,Przyrost naturalny na 1 000 ludności,2013,powiat,powiat myślenicki,powiat myślenicki,3.92
91,Przyrost naturalny na 1 000 ludności,2013,gmina,Dobczyce,powiat myślenicki,3.90
91,Przyrost naturalny na 1 000 ludności,2013,gmina,Lubień,powiat myślenicki,5.16
91,Przyrost naturalny na 1 000 ludności,2013,gmina,Myślenice,powiat myślenicki,3.92
91,Przyrost naturalny na 1 000 ludności,2013,gmina,Pcim,powiat myślenicki,2.21
91,Przyrost naturalny na 1 000 ludności,2013,gmina,Raciechowice,powiat myślenicki,4.36
91,Przyrost naturalny na 1 000 ludności,2013,gmina,Siepraw,powiat myślenicki,2.37
91,Przyrost naturalny na 1 000 ludności,2013,gmina,Sułkowice,powiat myślenicki,5.08
91,Przyrost naturalny na 1 000 ludności,2013,gmina,Tokarnia,powiat myślenicki,3.27
91,Przyrost naturalny na 1 000 ludności,2013,gmina,Wiśniowa,powiat myślenicki,4.71
91,Przyrost naturalny na 1 000 ludności,2013,powiat,powiat nowosądecki,powiat nowosądecki,4.79
91,Przyrost naturalny na 1 000 ludności,2013,gmina,Podegrodzie,powiat nowosądecki,5.56
91,Przyrost naturalny na 1 000 ludności,2013,gmina,Rytro,powiat nowosądecki,2.08
91,Przyrost naturalny na 1 000 ludności,2013,gmina,Stary Sącz,powiat nowosądecki,2.86
91,Przyrost naturalny na 1 000 ludności,2013,gmina,Chełmiec,powiat nowosądecki,4.46
91,Przyrost naturalny na 1 000 ludności,2013,gmina,Gródek nad Dunajcem,powiat nowosądecki,3.37
91,Przyrost naturalny na 1 000 ludności,2013,gmina,Grybów (miasto),powiat nowosądecki,4.60
91,Przyrost naturalny na 1 000 ludności,2013,gmina,Grybów (wieś),powiat nowosądecki,8.36
91,Przyrost naturalny na 1 000 ludności,2013,gmina,Kamionka Wielka,powiat nowosądecki,5.49
91,Przyrost naturalny na 1 000 ludności,2013,gmina,Korzenna,powiat nowosądecki,4.88
91,Przyrost naturalny na 1 000 ludności,2013,gmina,Krynica-Zdrój,powiat nowosądecki,2.71
91,Przyrost naturalny na 1 000 ludności,2013,gmina,Łabowa,powiat nowosądecki,10.06
91,Przyrost naturalny na 1 000 ludności,2013,gmina,Łącko,powiat nowosądecki,5.79
91,Przyrost naturalny na 1 000 ludności,2013,gmina,Łososina Dolna,powiat nowosądecki,6.19
91,Przyrost naturalny na 1 000 ludności,2013,gmina,Muszyna,powiat nowosądecki,2.13
91,Przyrost naturalny na 1 000 ludności,2013,gmina,Nawojowa,powiat nowosądecki,6.57
91,Przyrost naturalny na 1 000 ludności,2013,gmina,Piwniczna-Zdrój,powiat nowosądecki,1.40
91,Przyrost naturalny na 1 000 ludności,2013,powiat,powiat nowotarski,powiat nowotarski,2.34
91,Przyrost naturalny na 1 000 ludności,2013,gmina,Czarny Dunajec,powiat nowotarski,1.95
91,Przyrost naturalny na 1 000 ludności,2013,gmina,Czorsztyn,powiat nowotarski,3.99
91,Przyrost naturalny na 1 000 ludności,2013,gmina,Jabłonka,powiat nowotarski,3.72
91,Przyrost naturalny na 1 000 ludności,2013,gmina,Krościenko nad Dunajcem,powiat nowotarski,3.27
91,Przyrost naturalny na 1 000 ludności,2013,gmina,Lipnica Wielka,powiat nowotarski,8.08
91,Przyrost naturalny na 1 000 ludności,2013,gmina,Łapsze Niżne,powiat nowotarski,5.77
91,Przyrost naturalny na 1 000 ludności,2013,gmina,Nowy Targ (miasto),powiat nowotarski,0.65
91,Przyrost naturalny na 1 000 ludności,2013,gmina,Nowy Targ (wieś),powiat nowotarski,3.07
91,Przyrost naturalny na 1 000 ludności,2013,gmina,Ochotnica Dolna,powiat nowotarski,3.93
91,Przyrost naturalny na 1 000 ludności,2013,gmina,Raba Wyżna,powiat nowotarski,2.34
91,Przyrost naturalny na 1 000 ludności,2013,gmina,Rabka-Zdrój,powiat nowotarski,-0.40
91,Przyrost naturalny na 1 000 ludności,2013,gmina,Spytkowice,powiat nowotarski,-1.60
91,Przyrost naturalny na 1 000 ludności,2013,gmina,Szaflary,powiat nowotarski,1.30
91,Przyrost naturalny na 1 000 ludności,2013,gmina,Szczawnica,powiat nowotarski,2.54
91,Przyrost naturalny na 1 000 ludności,2013,powiat,powiat olkuski,powiat olkuski,-1.50
91,Przyrost naturalny na 1 000 ludności,2013,gmina,Bolesław,powiat olkuski,-3.71
91,Przyrost naturalny na 1 000 ludności,2013,gmina,Bukowno,powiat olkuski,-2.79
91,Przyrost naturalny na 1 000 ludności,2013,gmina,Klucze,powiat olkuski,-2.68
91,Przyrost naturalny na 1 000 ludności,2013,gmina,Olkusz,powiat olkuski,-0.30
91,Przyrost naturalny na 1 000 ludności,2013,gmina,Trzyciąż,powiat olkuski,-2.25
91,Przyrost naturalny na 1 000 ludności,2013,gmina,Wolbrom,powiat olkuski,-1.75
91,Przyrost naturalny na 1 000 ludności,2013,powiat,powiat oświęcimski,powiat oświęcimski,0.06
91,Przyrost naturalny na 1 000 ludności,2013,gmina,Brzeszcze,powiat oświęcimski,0.51
91,Przyrost naturalny na 1 000 ludności,2013,gmina,Chełmek,powiat oświęcimski,-1.54
91,Przyrost naturalny na 1 000 ludności,2013,gmina,Kęty,powiat oświęcimski,2.59
91,Przyrost naturalny na 1 000 ludności,2013,gmina,Osiek,powiat oświęcimski,2.47
91,Przyrost naturalny na 1 000 ludności,2013,gmina,Oświęcim (miasto),powiat oświęcimski,-3.43
91,Przyrost naturalny na 1 000 ludności,2013,gmina,Oświęcim (wieś),powiat oświęcimski,1.01
91,Przyrost naturalny na 1 000 ludności,2013,gmina,Polanka Wielka,powiat oświęcimski,4.92
91,Przyrost naturalny na 1 000 ludności,2013,gmina,Przeciszów,powiat oświęcimski,-0.44
91,Przyrost naturalny na 1 000 ludności,2013,gmina,Zator,powiat oświęcimski,0.97
91,Przyrost naturalny na 1 000 ludności,2013,powiat,powiat proszowicki,powiat proszowicki,-2.17
91,Przyrost naturalny na 1 000 ludności,2013,gmina,Koniusza,powiat proszowicki,0.34
91,Przyrost naturalny na 1 000 ludności,2013,gmina,Koszyce,powiat proszowicki,-4.05
91,Przyrost naturalny na 1 000 ludności,2013,gmina,Nowe Brzesko,powiat proszowicki,0.52
91,Przyrost naturalny na 1 000 ludności,2013,gmina,Pałecznica,powiat proszowicki,-2.74
91,Przyrost naturalny na 1 000 ludności,2013,gmina,Proszowice,powiat proszowicki,-3.97
91,Przyrost naturalny na 1 000 ludności,2013,gmina,Radziemice,powiat proszowicki,-0.87
91,Przyrost naturalny na 1 000 ludności,2013,powiat,powiat suski,powiat suski,0.81
91,Przyrost naturalny na 1 000 ludności,2013,gmina,Budzów,powiat suski,2.29
91,Przyrost naturalny na 1 000 ludności,2013,gmina,Bystra-Sidzina,powiat suski,2.37
91,Przyrost naturalny na 1 000 ludności,2013,gmina,Jordanów (miasto),powiat suski,1.71
91,Przyrost naturalny na 1 000 ludności,2013,gmina,Jordanów (wieś),powiat suski,2.20
91,Przyrost naturalny na 1 000 ludności,2013,gmina,Maków Podhalański,powiat suski,1.28
91,Przyrost naturalny na 1 000 ludności,2013,gmina,Stryszawa,powiat suski,-0.93
91,Przyrost naturalny na 1 000 ludności,2013,gmina,Sucha Beskidzka,powiat suski,-2.00
91,Przyrost naturalny na 1 000 ludności,2013,gmina,Zawoja,powiat suski,-0.77
91,Przyrost naturalny na 1 000 ludności,2013,gmina,Zembrzyce,powiat suski,2.65
91,Przyrost naturalny na 1 000 ludności,2013,powiat,powiat tarnowski,powiat tarnowski,1.88
91,Przyrost naturalny na 1 000 ludności,2013,gmina,Ciężkowice,powiat tarnowski,2.22
91,Przyrost naturalny na 1 000 ludności,2013,gmina,Gromnik,powiat tarnowski,6.39
91,Przyrost naturalny na 1 000 ludności,2013,gmina,Lisia Góra,powiat tarnowski,3.86
91,Przyrost naturalny na 1 000 ludności,2013,gmina,Pleśna,powiat tarnowski,2.76
91,Przyrost naturalny na 1 000 ludności,2013,gmina,Radłów,powiat tarnowski,1.53
91,Przyrost naturalny na 1 000 ludności,2013,gmina,Ryglice,powiat tarnowski,4.00
91,Przyrost naturalny na 1 000 ludności,2013,gmina,Rzepiennik Strzyżewski,powiat tarnowski,-0.15
91,Przyrost naturalny na 1 000 ludności,2013,gmina,Skrzyszów,powiat tarnowski,5.38
91,Przyrost naturalny na 1 000 ludności,2013,gmina,Szerzyny,powiat tarnowski,-1.37
91,Przyrost naturalny na 1 000 ludności,2013,gmina,Tarnów (wieś),powiat tarnowski,1.60
91,Przyrost naturalny na 1 000 ludności,2013,gmina,Tuchów,powiat tarnowski,0.55
91,Przyrost naturalny na 1 000 ludności,2013,gmina,Wierzchosławice,powiat tarnowski,1.12
91,Przyrost naturalny na 1 000 ludności,2013,gmina,Wietrzychowice,powiat tarnowski,-6.20
91,Przyrost naturalny na 1 000 ludności,2013,gmina,Wojnicz,powiat tarnowski,2.10
91,Przyrost naturalny na 1 000 ludności,2013,gmina,Zakliczyn,powiat tarnowski,0.73
91,Przyrost naturalny na 1 000 ludności,2013,gmina,Żabno,powiat tarnowski,0.26
91,Przyrost naturalny na 1 000 ludności,2013,powiat,powiat tatrzański,powiat tatrzański,1.53
91,Przyrost naturalny na 1 000 ludności,2013,gmina,Biały Dunajec,powiat tatrzański,2.96
91,Przyrost naturalny na 1 000 ludności,2013,gmina,Bukowina Tatrzańska,powiat tatrzański,4.21
91,Przyrost naturalny na 1 000 ludności,2013,gmina,Kościelisko,powiat tatrzański,3.02
91,Przyrost naturalny na 1 000 ludności,2013,gmina,Poronin,powiat tatrzański,4.41
91,Przyrost naturalny na 1 000 ludności,2013,gmina,Zakopane,powiat tatrzański,-1.73
91,Przyrost naturalny na 1 000 ludności,2013,powiat,powiat wadowicki,powiat wadowicki,1.53
91,Przyrost naturalny na 1 000 ludności,2013,gmina,Andrychów,powiat wadowicki,1.82
91,Przyrost naturalny na 1 000 ludności,2013,gmina,Brzeźnica,powiat wadowicki,1.59
91,Przyrost naturalny na 1 000 ludności,2013,gmina,Kalwaria Zebrzydowska,powiat wadowicki,1.46
91,Przyrost naturalny na 1 000 ludności,2013,gmina,Lanckorona,powiat wadowicki,2.60
91,Przyrost naturalny na 1 000 ludności,2013,gmina,Mucharz,powiat wadowicki,2.73
91,Przyrost naturalny na 1 000 ludności,2013,gmina,Spytkowice,powiat wadowicki,1.47
91,Przyrost naturalny na 1 000 ludności,2013,gmina,Stryszów,powiat wadowicki,1.47
91,Przyrost naturalny na 1 000 ludności,2013,gmina,Tomice,powiat wadowicki,3.85
91,Przyrost naturalny na 1 000 ludności,2013,gmina,Wadowice,powiat wadowicki,0.45
91,Przyrost naturalny na 1 000 ludności,2013,gmina,Wieprz,powiat wadowicki,1.66
91,Przyrost naturalny na 1 000 ludności,2013,powiat,powiat wielicki,powiat wielicki,2.62
91,Przyrost naturalny na 1 000 ludności,2013,gmina,Biskupice,powiat wielicki,4.68
91,Przyrost naturalny na 1 000 ludności,2013,gmina,Gdów,powiat wielicki,1.88
91,Przyrost naturalny na 1 000 ludności,2013,gmina,Kłaj,powiat wielicki,1.04
91,Przyrost naturalny na 1 000 ludności,2013,gmina,Niepołomice,powiat wielicki,2.97
91,Przyrost naturalny na 1 000 ludności,2013,gmina,Wieliczka,powiat wielicki,2.64
91,Przyrost naturalny na 1 000 ludności,2012,powiat,powiat bocheński,powiat bocheński,2.90
91,Przyrost naturalny na 1 000 ludności,2012,gmina,Bochnia (miasto),powiat bocheński,1.40
91,Przyrost naturalny na 1 000 ludności,2012,gmina,Bochnia (wieś),powiat bocheński,3.50
91,Przyrost naturalny na 1 000 ludności,2012,gmina,Drwinia,powiat bocheński,2.50
91,Przyrost naturalny na 1 000 ludności,2012,gmina,Lipnica Murowana,powiat bocheński,2.70
91,Przyrost naturalny na 1 000 ludności,2012,gmina,Łapanów,powiat bocheński,3.00
91,Przyrost naturalny na 1 000 ludności,2012,gmina,Nowy Wiśnicz,powiat bocheński,4.80
91,Przyrost naturalny na 1 000 ludności,2012,gmina,Rzezawa,powiat bocheński,1.00
91,Przyrost naturalny na 1 000 ludności,2012,gmina,Trzciana,powiat bocheński,6.60
91,Przyrost naturalny na 1 000 ludności,2012,gmina,Żegocina,powiat bocheński,5.90
91,Przyrost naturalny na 1 000 ludności,2012,powiat,powiat brzeski,powiat brzeski,2.10
91,Przyrost naturalny na 1 000 ludności,2012,gmina,Borzęcin,powiat brzeski,-0.50
91,Przyrost naturalny na 1 000 ludności,2012,gmina,Brzesko,powiat brzeski,2.30
91,Przyrost naturalny na 1 000 ludności,2012,gmina,Czchów,powiat brzeski,2.00
91,Przyrost naturalny na 1 000 ludności,2012,gmina,Dębno,powiat brzeski,3.20
91,Przyrost naturalny na 1 000 ludności,2012,gmina,Gnojnik,powiat brzeski,3.40
91,Przyrost naturalny na 1 000 ludności,2012,gmina,Iwkowa,powiat brzeski,8.00
91,Przyrost naturalny na 1 000 ludności,2012,gmina,Szczurowa,powiat brzeski,-2.60
91,Przyrost naturalny na 1 000 ludności,2012,powiat,powiat chrzanowski,powiat chrzanowski,-1.40
91,Przyrost naturalny na 1 000 ludności,2012,gmina,Alwernia,powiat chrzanowski,-0.40
91,Przyrost naturalny na 1 000 ludności,2012,gmina,Babice,powiat chrzanowski,-2.50
91,Przyrost naturalny na 1 000 ludności,2012,gmina,Chrzanów,powiat chrzanowski,-1.60
91,Przyrost naturalny na 1 000 ludności,2012,gmina,Libiąż,powiat chrzanowski,0.40
91,Przyrost naturalny na 1 000 ludności,2012,gmina,Trzebinia,powiat chrzanowski,-2.50
91,Przyrost naturalny na 1 000 ludności,2012,powiat,powiat dąbrowski,powiat dąbrowski,0.70
91,Przyrost naturalny na 1 000 ludności,2012,gmina,Bolesław,powiat dąbrowski,3.20
91,Przyrost naturalny na 1 000 ludności,2012,gmina,Dąbrowa Tarnowska,powiat dąbrowski,2.00
91,Przyrost naturalny na 1 000 ludności,2012,gmina,Gręboszów,powiat dąbrowski,-5.50
91,Przyrost naturalny na 1 000 ludności,2012,gmina,Mędrzechów,powiat dąbrowski,-1.10
91,Przyrost naturalny na 1 000 ludności,2012,gmina,Olesno,powiat dąbrowski,3.70
91,Przyrost naturalny na 1 000 ludności,2012,gmina,Radgoszcz,powiat dąbrowski,0.10
91,Przyrost naturalny na 1 000 ludności,2012,gmina,Szczucin,powiat dąbrowski,-1.30
91,Przyrost naturalny na 1 000 ludności,2012,powiat,powiat gorlicki,powiat gorlicki,2.20
91,Przyrost naturalny na 1 000 ludności,2012,gmina,Biecz,powiat gorlicki,1.50
91,Przyrost naturalny na 1 000 ludności,2012,gmina,Bobowa,powiat gorlicki,7.20
91,Przyrost naturalny na 1 000 ludności,2012,gmina,Gorlice (miasto),powiat gorlicki,1.10
91,Przyrost naturalny na 1 000 ludności,2012,gmina,Gorlice (wieś),powiat gorlicki,3.40
91,Przyrost naturalny na 1 000 ludności,2012,gmina,Lipinki,powiat gorlicki,-4.50
91,Przyrost naturalny na 1 000 ludności,2012,gmina,Łużna,powiat gorlicki,3.20
91,Przyrost naturalny na 1 000 ludności,2012,gmina,Moszczenica,powiat gorlicki,2.30
91,Przyrost naturalny na 1 000 ludności,2012,gmina,Ropa,powiat gorlicki,4.70
91,Przyrost naturalny na 1 000 ludności,2012,gmina,Sękowa,powiat gorlicki,-1.40
91,Przyrost naturalny na 1 000 ludności,2012,gmina,Uście Gorlickie,powiat gorlicki,4.50
91,Przyrost naturalny na 1 000 ludności,2012,powiat,powiat krakowski,powiat krakowski,1.00
91,Przyrost naturalny na 1 000 ludności,2012,gmina,Czernichów,powiat krakowski,2.10
91,Przyrost naturalny na 1 000 ludności,2012,gmina,Igołomia-Wawrzeńczyce,powiat krakowski,-2.30
91,Przyrost naturalny na 1 000 ludności,2012,gmina,Iwanowice,powiat krakowski,0.30
91,Przyrost naturalny na 1 000 ludności,2012,gmina,Jerzmanowice-Przeginia,powiat krakowski,-0.10
91,Przyrost naturalny na 1 000 ludności,2012,gmina,Kocmyrzów-Luborzyca,powiat krakowski,1.90
91,Przyrost naturalny na 1 000 ludności,2012,gmina,Krzeszowice,powiat krakowski,-0.60
91,Przyrost naturalny na 1 000 ludności,2012,gmina,Liszki,powiat krakowski,2.20
91,Przyrost naturalny na 1 000 ludności,2012,gmina,Michałowice,powiat krakowski,1.30
91,Przyrost naturalny na 1 000 ludności,2012,gmina,Mogilany,powiat krakowski,4.20
91,Przyrost naturalny na 1 000 ludności,2012,gmina,Skała,powiat krakowski,-1.70
91,Przyrost naturalny na 1 000 ludności,2012,gmina,Skawina,powiat krakowski,1.20
91,Przyrost naturalny na 1 000 ludności,2012,gmina,Słomniki,powiat krakowski,-0.90
91,Przyrost naturalny na 1 000 ludności,2012,gmina,Sułoszowa,powiat krakowski,-0.20
91,Przyrost naturalny na 1 000 ludności,2012,gmina,Świątniki Górne,powiat krakowski,2.60
91,Przyrost naturalny na 1 000 ludności,2012,gmina,Wielka Wieś,powiat krakowski,2.90
91,Przyrost naturalny na 1 000 ludności,2012,gmina,Zabierzów,powiat krakowski,-0.50
91,Przyrost naturalny na 1 000 ludności,2012,gmina,Zielonki,powiat krakowski,3.90
91,Przyrost naturalny na 1 000 ludności,2012,powiat,powiat limanowski,powiat limanowski,4.80
91,Przyrost naturalny na 1 000 ludności,2012,gmina,Dobra,powiat limanowski,1.10
91,Przyrost naturalny na 1 000 ludności,2012,gmina,Jodłownik,powiat limanowski,2.60
91,Przyrost naturalny na 1 000 ludności,2012,gmina,Kamienica,powiat limanowski,5.10
91,Przyrost naturalny na 1 000 ludności,2012,gmina,Laskowa,powiat limanowski,6.80
91,Przyrost naturalny na 1 000 ludności,2012,gmina,Limanowa (miasto),powiat limanowski,3.40
91,Przyrost naturalny na 1 000 ludności,2012,gmina,Limanowa (wieś),powiat limanowski,5.10
91,Przyrost naturalny na 1 000 ludności,2012,gmina,Łukowica,powiat limanowski,7.00
91,Przyrost naturalny na 1 000 ludności,2012,gmina,Mszana Dolna (miasto),powiat limanowski,4.20
91,Przyrost naturalny na 1 000 ludności,2012,gmina,Mszana Dolna (wieś),powiat limanowski,4.30
91,Przyrost naturalny na 1 000 ludności,2012,gmina,Niedźwiedź,powiat limanowski,6.30
91,Przyrost naturalny na 1 000 ludności,2012,gmina,Słopnice,powiat limanowski,9.40
91,Przyrost naturalny na 1 000 ludności,2012,gmina,Tymbark,powiat limanowski,5.00
91,Przyrost naturalny na 1 000 ludności,2012,powiat,powiat m. Kraków,powiat m. Kraków,0.00
91,Przyrost naturalny na 1 000 ludności,2012,powiat,powiat m. Nowy Sącz,powiat m. Nowy Sącz,2.10
91,Przyrost naturalny na 1 000 ludności,2012,powiat,powiat m. Tarnów,powiat m. Tarnów,-0.60
91,Przyrost naturalny na 1 000 ludności,2012,powiat,powiat miechowski,powiat miechowski,-4.50
91,Przyrost naturalny na 1 000 ludności,2012,gmina,Charsznica,powiat miechowski,-3.90
91,Przyrost naturalny na 1 000 ludności,2012,gmina,Gołcza,powiat miechowski,-5.60
91,Przyrost naturalny na 1 000 ludności,2012,gmina,Kozłów,powiat miechowski,-7.10
91,Przyrost naturalny na 1 000 ludności,2012,gmina,Książ Wielki,powiat miechowski,-6.40
91,Przyrost naturalny na 1 000 ludności,2012,gmina,Miechów,powiat miechowski,-3.20
91,Przyrost naturalny na 1 000 ludności,2012,gmina,Racławice,powiat miechowski,-3.20
91,Przyrost naturalny na 1 000 ludności,2012,gmina,Słaboszów,powiat miechowski,-6.20
91,Przyrost naturalny na 1 000 ludności,2012,powiat,powiat myślenicki,powiat myślenicki,3.80
91,Przyrost naturalny na 1 000 ludności,2012,gmina,Dobczyce,powiat myślenicki,5.90
91,Przyrost naturalny na 1 000 ludności,2012,gmina,Lubień,powiat myślenicki,5.10
91,Przyrost naturalny na 1 000 ludności,2012,gmina,Myślenice,powiat myślenicki,2.90
91,Przyrost naturalny na 1 000 ludności,2012,gmina,Pcim,powiat myślenicki,0.60
91,Przyrost naturalny na 1 000 ludności,2012,gmina,Raciechowice,powiat myślenicki,6.40
91,Przyrost naturalny na 1 000 ludności,2012,gmina,Siepraw,powiat myślenicki,1.60
91,Przyrost naturalny na 1 000 ludności,2012,gmina,Sułkowice,powiat myślenicki,4.70
91,Przyrost naturalny na 1 000 ludności,2012,gmina,Tokarnia,powiat myślenicki,4.00
91,Przyrost naturalny na 1 000 ludności,2012,gmina,Wiśniowa,powiat myślenicki,6.60
91,Przyrost naturalny na 1 000 ludności,2012,powiat,powiat nowosądecki,powiat nowosądecki,5.20
91,Przyrost naturalny na 1 000 ludności,2012,gmina,Podegrodzie,powiat nowosądecki,7.20
91,Przyrost naturalny na 1 000 ludności,2012,gmina,Rytro,powiat nowosądecki,5.50
91,Przyrost naturalny na 1 000 ludności,2012,gmina,Stary Sącz,powiat nowosądecki,4.20
91,Przyrost naturalny na 1 000 ludności,2012,gmina,Chełmiec,powiat nowosądecki,5.00
91,Przyrost naturalny na 1 000 ludności,2012,gmina,Gródek nad Dunajcem,powiat nowosądecki,3.60
91,Przyrost naturalny na 1 000 ludności,2012,gmina,Grybów (miasto),powiat nowosądecki,3.70
91,Przyrost naturalny na 1 000 ludności,2012,gmina,Grybów (wieś),powiat nowosądecki,6.60
91,Przyrost naturalny na 1 000 ludności,2012,gmina,Kamionka Wielka,powiat nowosądecki,7.80
91,Przyrost naturalny na 1 000 ludności,2012,gmina,Korzenna,powiat nowosądecki,3.50
91,Przyrost naturalny na 1 000 ludności,2012,gmina,Krynica-Zdrój,powiat nowosądecki,0.40
91,Przyrost naturalny na 1 000 ludności,2012,gmina,Łabowa,powiat nowosądecki,8.40
91,Przyrost naturalny na 1 000 ludności,2012,gmina,Łącko,powiat nowosądecki,6.30
91,Przyrost naturalny na 1 000 ludności,2012,gmina,Łososina Dolna,powiat nowosądecki,8.20
91,Przyrost naturalny na 1 000 ludności,2012,gmina,Muszyna,powiat nowosądecki,5.30
91,Przyrost naturalny na 1 000 ludności,2012,gmina,Nawojowa,powiat nowosądecki,8.40
91,Przyrost naturalny na 1 000 ludności,2012,gmina,Piwniczna-Zdrój,powiat nowosądecki,3.60
91,Przyrost naturalny na 1 000 ludności,2012,powiat,powiat nowotarski,powiat nowotarski,3.30
91,Przyrost naturalny na 1 000 ludności,2012,gmina,Czarny Dunajec,powiat nowotarski,2.30
91,Przyrost naturalny na 1 000 ludności,2012,gmina,Czorsztyn,powiat nowotarski,6.10
91,Przyrost naturalny na 1 000 ludności,2012,gmina,Jabłonka,powiat nowotarski,5.90
91,Przyrost naturalny na 1 000 ludności,2012,gmina,Krościenko nad Dunajcem,powiat nowotarski,4.90
91,Przyrost naturalny na 1 000 ludności,2012,gmina,Lipnica Wielka,powiat nowotarski,6.40
91,Przyrost naturalny na 1 000 ludności,2012,gmina,Łapsze Niżne,powiat nowotarski,4.20
91,Przyrost naturalny na 1 000 ludności,2012,gmina,Nowy Targ (miasto),powiat nowotarski,1.10
91,Przyrost naturalny na 1 000 ludności,2012,gmina,Nowy Targ (wieś),powiat nowotarski,4.10
91,Przyrost naturalny na 1 000 ludności,2012,gmina,Ochotnica Dolna,powiat nowotarski,4.90
91,Przyrost naturalny na 1 000 ludności,2012,gmina,Raba Wyżna,powiat nowotarski,5.20
91,Przyrost naturalny na 1 000 ludności,2012,gmina,Rabka-Zdrój,powiat nowotarski,0.80
91,Przyrost naturalny na 1 000 ludności,2012,gmina,Spytkowice,powiat nowotarski,5.50
91,Przyrost naturalny na 1 000 ludności,2012,gmina,Szaflary,powiat nowotarski,2.60
91,Przyrost naturalny na 1 000 ludności,2012,gmina,Szczawnica,powiat nowotarski,0.40
91,Przyrost naturalny na 1 000 ludności,2012,powiat,powiat olkuski,powiat olkuski,-0.30
91,Przyrost naturalny na 1 000 ludności,2012,gmina,Bolesław,powiat olkuski,-5.10
91,Przyrost naturalny na 1 000 ludności,2012,gmina,Bukowno,powiat olkuski,-1.90
91,Przyrost naturalny na 1 000 ludności,2012,gmina,Klucze,powiat olkuski,-0.60
91,Przyrost naturalny na 1 000 ludności,2012,gmina,Olkusz,powiat olkuski,0.50
91,Przyrost naturalny na 1 000 ludności,2012,gmina,Trzyciąż,powiat olkuski,1.40
91,Przyrost naturalny na 1 000 ludności,2012,gmina,Wolbrom,powiat olkuski,0.00
91,Przyrost naturalny na 1 000 ludności,2012,powiat,powiat oświęcimski,powiat oświęcimski,-0.80
91,Przyrost naturalny na 1 000 ludności,2012,gmina,Brzeszcze,powiat oświęcimski,0.00
91,Przyrost naturalny na 1 000 ludności,2012,gmina,Chełmek,powiat oświęcimski,-1.20
91,Przyrost naturalny na 1 000 ludności,2012,gmina,Kęty,powiat oświęcimski,1.50
91,Przyrost naturalny na 1 000 ludności,2012,gmina,Osiek,powiat oświęcimski,0.00
91,Przyrost naturalny na 1 000 ludności,2012,gmina,Oświęcim (miasto),powiat oświęcimski,-4.10
91,Przyrost naturalny na 1 000 ludności,2012,gmina,Oświęcim (wieś),powiat oświęcimski,0.30
91,Przyrost naturalny na 1 000 ludności,2012,gmina,Polanka Wielka,powiat oświęcimski,-1.20
91,Przyrost naturalny na 1 000 ludności,2012,gmina,Przeciszów,powiat oświęcimski,-0.90
91,Przyrost naturalny na 1 000 ludności,2012,gmina,Zator,powiat oświęcimski,1.40
91,Przyrost naturalny na 1 000 ludności,2012,powiat,powiat proszowicki,powiat proszowicki,-1.80
91,Przyrost naturalny na 1 000 ludności,2012,gmina,Koniusza,powiat proszowicki,-1.40
91,Przyrost naturalny na 1 000 ludności,2012,gmina,Koszyce,powiat proszowicki,-5.80
91,Przyrost naturalny na 1 000 ludności,2012,gmina,Nowe Brzesko,powiat proszowicki,0.00
91,Przyrost naturalny na 1 000 ludności,2012,gmina,Pałecznica,powiat proszowicki,-3.30
91,Przyrost naturalny na 1 000 ludności,2012,gmina,Proszowice,powiat proszowicki,-1.20
91,Przyrost naturalny na 1 000 ludności,2012,gmina,Radziemice,powiat proszowicki,-0.30
91,Przyrost naturalny na 1 000 ludności,2012,powiat,powiat suski,powiat suski,0.40
91,Przyrost naturalny na 1 000 ludności,2012,gmina,Budzów,powiat suski,2.80
91,Przyrost naturalny na 1 000 ludności,2012,gmina,Bystra-Sidzina,powiat suski,1.80
91,Przyrost naturalny na 1 000 ludności,2012,gmina,Jordanów (miasto),powiat suski,18.00
91,Przyrost naturalny na 1 000 ludności,2012,gmina,Jordanów (wieś),powiat suski,-6.30
91,Przyrost naturalny na 1 000 ludności,2012,gmina,Maków Podhalański,powiat suski,-0.80
91,Przyrost naturalny na 1 000 ludności,2012,gmina,Stryszawa,powiat suski,-1.90
91,Przyrost naturalny na 1 000 ludności,2012,gmina,Sucha Beskidzka,powiat suski,2.00
91,Przyrost naturalny na 1 000 ludności,2012,gmina,Zawoja,powiat suski,-0.80
91,Przyrost naturalny na 1 000 ludności,2012,gmina,Zembrzyce,powiat suski,-1.20
91,Przyrost naturalny na 1 000 ludności,2012,powiat,powiat tarnowski,powiat tarnowski,2.40
91,Przyrost naturalny na 1 000 ludności,2012,gmina,Ciężkowice,powiat tarnowski,5.40
91,Przyrost naturalny na 1 000 ludności,2012,gmina,Gromnik,powiat tarnowski,2.90
91,Przyrost naturalny na 1 000 ludności,2012,gmina,Lisia Góra,powiat tarnowski,5.20
91,Przyrost naturalny na 1 000 ludności,2012,gmina,Pleśna,powiat tarnowski,1.70
91,Przyrost naturalny na 1 000 ludności,2012,gmina,Radłów,powiat tarnowski,-1.40
91,Przyrost naturalny na 1 000 ludności,2012,gmina,Ryglice,powiat tarnowski,1.80
91,Przyrost naturalny na 1 000 ludności,2012,gmina,Rzepiennik Strzyżewski,powiat tarnowski,3.10
91,Przyrost naturalny na 1 000 ludności,2012,gmina,Skrzyszów,powiat tarnowski,3.80
91,Przyrost naturalny na 1 000 ludności,2012,gmina,Szerzyny,powiat tarnowski,0.20
91,Przyrost naturalny na 1 000 ludności,2012,gmina,Tarnów (wieś),powiat tarnowski,4.40
91,Przyrost naturalny na 1 000 ludności,2012,gmina,Tuchów,powiat tarnowski,3.90
91,Przyrost naturalny na 1 000 ludności,2012,gmina,Wierzchosławice,powiat tarnowski,0.70
91,Przyrost naturalny na 1 000 ludności,2012,gmina,Wietrzychowice,powiat tarnowski,-10.50
91,Przyrost naturalny na 1 000 ludności,2012,gmina,Wojnicz,powiat tarnowski,3.20
91,Przyrost naturalny na 1 000 ludności,2012,gmina,Zakliczyn,powiat tarnowski,2.30
91,Przyrost naturalny na 1 000 ludności,2012,gmina,Żabno,powiat tarnowski,0.20
91,Przyrost naturalny na 1 000 ludności,2012,powiat,powiat tatrzański,powiat tatrzański,1.20
91,Przyrost naturalny na 1 000 ludności,2012,gmina,Biały Dunajec,powiat tatrzański,3.40
91,Przyrost naturalny na 1 000 ludności,2012,gmina,Bukowina Tatrzańska,powiat tatrzański,3.90
91,Przyrost naturalny na 1 000 ludności,2012,gmina,Kościelisko,powiat tatrzański,0.60
91,Przyrost naturalny na 1 000 ludności,2012,gmina,Poronin,powiat tatrzański,4.80
91,Przyrost naturalny na 1 000 ludności,2012,gmina,Zakopane,powiat tatrzański,-1.90
91,Przyrost naturalny na 1 000 ludności,2012,powiat,powiat wadowicki,powiat wadowicki,2.00
91,Przyrost naturalny na 1 000 ludności,2012,gmina,Andrychów,powiat wadowicki,2.00
91,Przyrost naturalny na 1 000 ludności,2012,gmina,Brzeźnica,powiat wadowicki,1.40
91,Przyrost naturalny na 1 000 ludności,2012,gmina,Kalwaria Zebrzydowska,powiat wadowicki,2.20
91,Przyrost naturalny na 1 000 ludności,2012,gmina,Lanckorona,powiat wadowicki,1.10
91,Przyrost naturalny na 1 000 ludności,2012,gmina,Mucharz,powiat wadowicki,1.00
91,Przyrost naturalny na 1 000 ludności,2012,gmina,Spytkowice,powiat wadowicki,1.00
91,Przyrost naturalny na 1 000 ludności,2012,gmina,Stryszów,powiat wadowicki,2.80
91,Przyrost naturalny na 1 000 ludności,2012,gmina,Tomice,powiat wadowicki,3.40
91,Przyrost naturalny na 1 000 ludności,2012,gmina,Wadowice,powiat wadowicki,1.60
91,Przyrost naturalny na 1 000 ludności,2012,gmina,Wieprz,powiat wadowicki,3.20
91,Przyrost naturalny na 1 000 ludności,2012,powiat,powiat wielicki,powiat wielicki,2.70
91,Przyrost naturalny na 1 000 ludności,2012,gmina,Biskupice,powiat wielicki,3.10
91,Przyrost naturalny na 1 000 ludności,2012,gmina,Gdów,powiat wielicki,5.70
91,Przyrost naturalny na 1 000 ludności,2012,gmina,Kłaj,powiat wielicki,0.90
91,Przyrost naturalny na 1 000 ludności,2012,gmina,Niepołomice,powiat wielicki,2.90
91,Przyrost naturalny na 1 000 ludności,2012,gmina,Wieliczka,powiat wielicki,1.90
91,Przyrost naturalny na 1 000 ludności,2011,powiat,powiat bocheński,powiat bocheński,3.70
91,Przyrost naturalny na 1 000 ludności,2011,gmina,Bochnia (miasto),powiat bocheński,3.60
91,Przyrost naturalny na 1 000 ludności,2011,gmina,Bochnia (wieś),powiat bocheński,3.70
91,Przyrost naturalny na 1 000 ludności,2011,gmina,Drwinia,powiat bocheński,0.00
91,Przyrost naturalny na 1 000 ludności,2011,gmina,Lipnica Murowana,powiat bocheński,2.00
91,Przyrost naturalny na 1 000 ludności,2011,gmina,Łapanów,powiat bocheński,3.60
91,Przyrost naturalny na 1 000 ludności,2011,gmina,Nowy Wiśnicz,powiat bocheński,5.10
91,Przyrost naturalny na 1 000 ludności,2011,gmina,Rzezawa,powiat bocheński,3.20
91,Przyrost naturalny na 1 000 ludności,2011,gmina,Trzciana,powiat bocheński,6.10
91,Przyrost naturalny na 1 000 ludności,2011,gmina,Żegocina,powiat bocheński,5.00
91,Przyrost naturalny na 1 000 ludności,2011,powiat,powiat brzeski,powiat brzeski,2.30
91,Przyrost naturalny na 1 000 ludności,2011,gmina,Borzęcin,powiat brzeski,-0.60
91,Przyrost naturalny na 1 000 ludności,2011,gmina,Brzesko,powiat brzeski,2.60
91,Przyrost naturalny na 1 000 ludności,2011,gmina,Czchów,powiat brzeski,3.70
91,Przyrost naturalny na 1 000 ludności,2011,gmina,Dębno,powiat brzeski,3.00
91,Przyrost naturalny na 1 000 ludności,2011,gmina,Gnojnik,powiat brzeski,5.00
91,Przyrost naturalny na 1 000 ludności,2011,gmina,Iwkowa,powiat brzeski,4.00
91,Przyrost naturalny na 1 000 ludności,2011,gmina,Szczurowa,powiat brzeski,-2.30
91,Przyrost naturalny na 1 000 ludności,2011,powiat,powiat chrzanowski,powiat chrzanowski,-1.10
91,Przyrost naturalny na 1 000 ludności,2011,gmina,Alwernia,powiat chrzanowski,-1.10
91,Przyrost naturalny na 1 000 ludności,2011,gmina,Babice,powiat chrzanowski,0.60
91,Przyrost naturalny na 1 000 ludności,2011,gmina,Chrzanów,powiat chrzanowski,-1.70
91,Przyrost naturalny na 1 000 ludności,2011,gmina,Libiąż,powiat chrzanowski,0.50
91,Przyrost naturalny na 1 000 ludności,2011,gmina,Trzebinia,powiat chrzanowski,-1.90
91,Przyrost naturalny na 1 000 ludności,2011,powiat,powiat dąbrowski,powiat dąbrowski,0.00
91,Przyrost naturalny na 1 000 ludności,2011,gmina,Bolesław,powiat dąbrowski,-9.90
91,Przyrost naturalny na 1 000 ludności,2011,gmina,Dąbrowa Tarnowska,powiat dąbrowski,2.30
91,Przyrost naturalny na 1 000 ludności,2011,gmina,Gręboszów,powiat dąbrowski,-8.00
91,Przyrost naturalny na 1 000 ludności,2011,gmina,Mędrzechów,powiat dąbrowski,-3.10
91,Przyrost naturalny na 1 000 ludności,2011,gmina,Olesno,powiat dąbrowski,0.00
91,Przyrost naturalny na 1 000 ludności,2011,gmina,Radgoszcz,powiat dąbrowski,4.10
91,Przyrost naturalny na 1 000 ludności,2011,gmina,Szczucin,powiat dąbrowski,-0.70
91,Przyrost naturalny na 1 000 ludności,2011,powiat,powiat gorlicki,powiat gorlicki,2.40
91,Przyrost naturalny na 1 000 ludności,2011,gmina,Biecz,powiat gorlicki,2.00
91,Przyrost naturalny na 1 000 ludności,2011,gmina,Bobowa,powiat gorlicki,4.90
91,Przyrost naturalny na 1 000 ludności,2011,gmina,Gorlice (miasto),powiat gorlicki,0.60
91,Przyrost naturalny na 1 000 ludności,2011,gmina,Gorlice (wieś),powiat gorlicki,2.10
91,Przyrost naturalny na 1 000 ludności,2011,gmina,Lipinki,powiat gorlicki,1.90
91,Przyrost naturalny na 1 000 ludności,2011,gmina,Łużna,powiat gorlicki,4.30
91,Przyrost naturalny na 1 000 ludności,2011,gmina,Moszczenica,powiat gorlicki,2.10
91,Przyrost naturalny na 1 000 ludności,2011,gmina,Ropa,powiat gorlicki,4.50
91,Przyrost naturalny na 1 000 ludności,2011,gmina,Sękowa,powiat gorlicki,2.70
91,Przyrost naturalny na 1 000 ludności,2011,gmina,Uście Gorlickie,powiat gorlicki,5.40
91,Przyrost naturalny na 1 000 ludności,2011,powiat,powiat krakowski,powiat krakowski,0.90
91,Przyrost naturalny na 1 000 ludności,2011,gmina,Czernichów,powiat krakowski,-1.80
91,Przyrost naturalny na 1 000 ludności,2011,gmina,Igołomia-Wawrzeńczyce,powiat krakowski,1.30
91,Przyrost naturalny na 1 000 ludności,2011,gmina,Iwanowice,powiat krakowski,2.30
91,Przyrost naturalny na 1 000 ludności,2011,gmina,Jerzmanowice-Przeginia,powiat krakowski,0.00
91,Przyrost naturalny na 1 000 ludności,2011,gmina,Kocmyrzów-Luborzyca,powiat krakowski,0.40
91,Przyrost naturalny na 1 000 ludności,2011,gmina,Krzeszowice,powiat krakowski,0.00
91,Przyrost naturalny na 1 000 ludności,2011,gmina,Liszki,powiat krakowski,3.60
91,Przyrost naturalny na 1 000 ludności,2011,gmina,Michałowice,powiat krakowski,1.30
91,Przyrost naturalny na 1 000 ludności,2011,gmina,Mogilany,powiat krakowski,4.70
91,Przyrost naturalny na 1 000 ludności,2011,gmina,Skała,powiat krakowski,2.00
91,Przyrost naturalny na 1 000 ludności,2011,gmina,Skawina,powiat krakowski,1.30
91,Przyrost naturalny na 1 000 ludności,2011,gmina,Słomniki,powiat krakowski,-1.80
91,Przyrost naturalny na 1 000 ludności,2011,gmina,Sułoszowa,powiat krakowski,-0.50
91,Przyrost naturalny na 1 000 ludności,2011,gmina,Świątniki Górne,powiat krakowski,3.10
91,Przyrost naturalny na 1 000 ludności,2011,gmina,Wielka Wieś,powiat krakowski,1.10
91,Przyrost naturalny na 1 000 ludności,2011,gmina,Zabierzów,powiat krakowski,-1.70
91,Przyrost naturalny na 1 000 ludności,2011,gmina,Zielonki,powiat krakowski,2.70
91,Przyrost naturalny na 1 000 ludności,2011,powiat,powiat limanowski,powiat limanowski,5.30
91,Przyrost naturalny na 1 000 ludności,2011,gmina,Dobra,powiat limanowski,3.80
91,Przyrost naturalny na 1 000 ludności,2011,gmina,Jodłownik,powiat limanowski,3.70
91,Przyrost naturalny na 1 000 ludności,2011,gmina,Kamienica,powiat limanowski,5.00
91,Przyrost naturalny na 1 000 ludności,2011,gmina,Laskowa,powiat limanowski,8.30
91,Przyrost naturalny na 1 000 ludności,2011,gmina,Limanowa (miasto),powiat limanowski,4.90
91,Przyrost naturalny na 1 000 ludności,2011,gmina,Limanowa (wieś),powiat limanowski,6.50
91,Przyrost naturalny na 1 000 ludności,2011,gmina,Łukowica,powiat limanowski,5.10
91,Przyrost naturalny na 1 000 ludności,2011,gmina,Mszana Dolna (miasto),powiat limanowski,1.20
91,Przyrost naturalny na 1 000 ludności,2011,gmina,Mszana Dolna (wieś),powiat limanowski,4.60
91,Przyrost naturalny na 1 000 ludności,2011,gmina,Niedźwiedź,powiat limanowski,5.60
91,Przyrost naturalny na 1 000 ludności,2011,gmina,Słopnice,powiat limanowski,9.10
91,Przyrost naturalny na 1 000 ludności,2011,gmina,Tymbark,powiat limanowski,6.60
91,Przyrost naturalny na 1 000 ludności,2011,powiat,powiat m. Kraków,powiat m. Kraków,0.60
91,Przyrost naturalny na 1 000 ludności,2011,powiat,powiat m. Nowy Sącz,powiat m. Nowy Sącz,2.90
91,Przyrost naturalny na 1 000 ludności,2011,powiat,powiat m. Tarnów,powiat m. Tarnów,-0.30
91,Przyrost naturalny na 1 000 ludności,2011,powiat,powiat miechowski,powiat miechowski,-4.30
91,Przyrost naturalny na 1 000 ludności,2011,gmina,Charsznica,powiat miechowski,-6.60
91,Przyrost naturalny na 1 000 ludności,2011,gmina,Gołcza,powiat miechowski,-2.10
91,Przyrost naturalny na 1 000 ludności,2011,gmina,Kozłów,powiat miechowski,-6.60
91,Przyrost naturalny na 1 000 ludności,2011,gmina,Książ Wielki,powiat miechowski,-4.70
91,Przyrost naturalny na 1 000 ludności,2011,gmina,Miechów,powiat miechowski,-1.70
91,Przyrost naturalny na 1 000 ludności,2011,gmina,Racławice,powiat miechowski,-12.00
91,Przyrost naturalny na 1 000 ludności,2011,gmina,Słaboszów,powiat miechowski,-7.90
91,Przyrost naturalny na 1 000 ludności,2011,powiat,powiat myślenicki,powiat myślenicki,4.70
91,Przyrost naturalny na 1 000 ludności,2011,gmina,Dobczyce,powiat myślenicki,6.10
91,Przyrost naturalny na 1 000 ludności,2011,gmina,Lubień,powiat myślenicki,3.40
91,Przyrost naturalny na 1 000 ludności,2011,gmina,Myślenice,powiat myślenicki,4.30
91,Przyrost naturalny na 1 000 ludności,2011,gmina,Pcim,powiat myślenicki,2.20
91,Przyrost naturalny na 1 000 ludności,2011,gmina,Raciechowice,powiat myślenicki,1.80
91,Przyrost naturalny na 1 000 ludności,2011,gmina,Siepraw,powiat myślenicki,4.40
91,Przyrost naturalny na 1 000 ludności,2011,gmina,Sułkowice,powiat myślenicki,6.40
91,Przyrost naturalny na 1 000 ludności,2011,gmina,Tokarnia,powiat myślenicki,7.50
91,Przyrost naturalny na 1 000 ludności,2011,gmina,Wiśniowa,powiat myślenicki,6.00
91,Przyrost naturalny na 1 000 ludności,2011,powiat,powiat nowosądecki,powiat nowosądecki,5.60
91,Przyrost naturalny na 1 000 ludności,2011,gmina,Podegrodzie,powiat nowosądecki,8.40
91,Przyrost naturalny na 1 000 ludności,2011,gmina,Rytro,powiat nowosądecki,4.50
91,Przyrost naturalny na 1 000 ludności,2011,gmina,Stary Sącz,powiat nowosądecki,5.40
91,Przyrost naturalny na 1 000 ludności,2011,gmina,Chełmiec,powiat nowosądecki,5.40
91,Przyrost naturalny na 1 000 ludności,2011,gmina,Gródek nad Dunajcem,powiat nowosądecki,5.50
91,Przyrost naturalny na 1 000 ludności,2011,gmina,Grybów (miasto),powiat nowosądecki,2.20
91,Przyrost naturalny na 1 000 ludności,2011,gmina,Grybów (wieś),powiat nowosądecki,7.30
91,Przyrost naturalny na 1 000 ludności,2011,gmina,Kamionka Wielka,powiat nowosądecki,5.40
91,Przyrost naturalny na 1 000 ludności,2011,gmina,Korzenna,powiat nowosądecki,7.30
91,Przyrost naturalny na 1 000 ludności,2011,gmina,Krynica-Zdrój,powiat nowosądecki,1.90
91,Przyrost naturalny na 1 000 ludności,2011,gmina,Łabowa,powiat nowosądecki,9.30
91,Przyrost naturalny na 1 000 ludności,2011,gmina,Łącko,powiat nowosądecki,5.30
91,Przyrost naturalny na 1 000 ludności,2011,gmina,Łososina Dolna,powiat nowosądecki,7.60
91,Przyrost naturalny na 1 000 ludności,2011,gmina,Muszyna,powiat nowosądecki,4.80
91,Przyrost naturalny na 1 000 ludności,2011,gmina,Nawojowa,powiat nowosądecki,4.40
91,Przyrost naturalny na 1 000 ludności,2011,gmina,Piwniczna-Zdrój,powiat nowosądecki,5.10
91,Przyrost naturalny na 1 000 ludności,2011,powiat,powiat nowotarski,powiat nowotarski,3.50
91,Przyrost naturalny na 1 000 ludności,2011,gmina,Czarny Dunajec,powiat nowotarski,2.30
91,Przyrost naturalny na 1 000 ludności,2011,gmina,Czorsztyn,powiat nowotarski,6.10
91,Przyrost naturalny na 1 000 ludności,2011,gmina,Jabłonka,powiat nowotarski,3.70
91,Przyrost naturalny na 1 000 ludności,2011,gmina,Krościenko nad Dunajcem,powiat nowotarski,7.10
91,Przyrost naturalny na 1 000 ludności,2011,gmina,Lipnica Wielka,powiat nowotarski,5.90
91,Przyrost naturalny na 1 000 ludności,2011,gmina,Łapsze Niżne,powiat nowotarski,6.10
91,Przyrost naturalny na 1 000 ludności,2011,gmina,Nowy Targ (miasto),powiat nowotarski,1.20
91,Przyrost naturalny na 1 000 ludności,2011,gmina,Nowy Targ (wieś),powiat nowotarski,4.00
91,Przyrost naturalny na 1 000 ludności,2011,gmina,Ochotnica Dolna,powiat nowotarski,6.60
91,Przyrost naturalny na 1 000 ludności,2011,gmina,Raba Wyżna,powiat nowotarski,5.00
91,Przyrost naturalny na 1 000 ludności,2011,gmina,Rabka-Zdrój,powiat nowotarski,0.00
91,Przyrost naturalny na 1 000 ludności,2011,gmina,Spytkowice,powiat nowotarski,3.70
91,Przyrost naturalny na 1 000 ludności,2011,gmina,Szaflary,powiat nowotarski,6.30
91,Przyrost naturalny na 1 000 ludności,2011,gmina,Szczawnica,powiat nowotarski,2.70
91,Przyrost naturalny na 1 000 ludności,2011,powiat,powiat olkuski,powiat olkuski,-0.20
91,Przyrost naturalny na 1 000 ludności,2011,gmina,Bolesław,powiat olkuski,-4.10
91,Przyrost naturalny na 1 000 ludności,2011,gmina,Bukowno,powiat olkuski,-2.90
91,Przyrost naturalny na 1 000 ludności,2011,gmina,Klucze,powiat olkuski,0.00
91,Przyrost naturalny na 1 000 ludności,2011,gmina,Olkusz,powiat olkuski,0.90
91,Przyrost naturalny na 1 000 ludności,2011,gmina,Trzyciąż,powiat olkuski,-0.70
91,Przyrost naturalny na 1 000 ludności,2011,gmina,Wolbrom,powiat olkuski,-0.30
91,Przyrost naturalny na 1 000 ludności,2011,powiat,powiat oświęcimski,powiat oświęcimski,0.30
91,Przyrost naturalny na 1 000 ludności,2011,gmina,Brzeszcze,powiat oświęcimski,0.00
91,Przyrost naturalny na 1 000 ludności,2011,gmina,Chełmek,powiat oświęcimski,0.70
91,Przyrost naturalny na 1 000 ludności,2011,gmina,Kęty,powiat oświęcimski,2.80
91,Przyrost naturalny na 1 000 ludności,2011,gmina,Osiek,powiat oświęcimski,3.20
91,Przyrost naturalny na 1 000 ludności,2011,gmina,Oświęcim (miasto),powiat oświęcimski,-2.70
91,Przyrost naturalny na 1 000 ludności,2011,gmina,Oświęcim (wieś),powiat oświęcimski,0.20
91,Przyrost naturalny na 1 000 ludności,2011,gmina,Polanka Wielka,powiat oświęcimski,0.00
91,Przyrost naturalny na 1 000 ludności,2011,gmina,Przeciszów,powiat oświęcimski,-2.20
91,Przyrost naturalny na 1 000 ludności,2011,gmina,Zator,powiat oświęcimski,4.00
91,Przyrost naturalny na 1 000 ludności,2011,powiat,powiat proszowicki,powiat proszowicki,-0.60
91,Przyrost naturalny na 1 000 ludności,2011,gmina,Koniusza,powiat proszowicki,-1.00
91,Przyrost naturalny na 1 000 ludności,2011,gmina,Koszyce,powiat proszowicki,-4.00
91,Przyrost naturalny na 1 000 ludności,2011,gmina,Nowe Brzesko,powiat proszowicki,0.30
91,Przyrost naturalny na 1 000 ludności,2011,gmina,Pałecznica,powiat proszowicki,-0.30
91,Przyrost naturalny na 1 000 ludności,2011,gmina,Proszowice,powiat proszowicki,-0.10
91,Przyrost naturalny na 1 000 ludności,2011,gmina,Radziemice,powiat proszowicki,1.40
91,Przyrost naturalny na 1 000 ludności,2011,powiat,powiat suski,powiat suski,1.60
91,Przyrost naturalny na 1 000 ludności,2011,gmina,Budzów,powiat suski,3.60
91,Przyrost naturalny na 1 000 ludności,2011,gmina,Bystra-Sidzina,powiat suski,5.70
91,Przyrost naturalny na 1 000 ludności,2011,gmina,Jordanów (miasto),powiat suski,2.30
91,Przyrost naturalny na 1 000 ludności,2011,gmina,Jordanów (wieś),powiat suski,5.10
91,Przyrost naturalny na 1 000 ludności,2011,gmina,Maków Podhalański,powiat suski,2.40
91,Przyrost naturalny na 1 000 ludności,2011,gmina,Stryszawa,powiat suski,-3.00
91,Przyrost naturalny na 1 000 ludności,2011,gmina,Sucha Beskidzka,powiat suski,-1.40
91,Przyrost naturalny na 1 000 ludności,2011,gmina,Zawoja,powiat suski,0.20
91,Przyrost naturalny na 1 000 ludności,2011,gmina,Zembrzyce,powiat suski,0.70
91,Przyrost naturalny na 1 000 ludności,2011,powiat,powiat tarnowski,powiat tarnowski,1.70
91,Przyrost naturalny na 1 000 ludności,2011,gmina,Ciężkowice,powiat tarnowski,4.80
91,Przyrost naturalny na 1 000 ludności,2011,gmina,Gromnik,powiat tarnowski,2.60
91,Przyrost naturalny na 1 000 ludności,2011,gmina,Lisia Góra,powiat tarnowski,3.70
91,Przyrost naturalny na 1 000 ludności,2011,gmina,Pleśna,powiat tarnowski,1.90
91,Przyrost naturalny na 1 000 ludności,2011,gmina,Radłów,powiat tarnowski,1.30
91,Przyrost naturalny na 1 000 ludności,2011,gmina,Ryglice,powiat tarnowski,2.60
91,Przyrost naturalny na 1 000 ludności,2011,gmina,Rzepiennik Strzyżewski,powiat tarnowski,1.50
91,Przyrost naturalny na 1 000 ludności,2011,gmina,Skrzyszów,powiat tarnowski,1.80
91,Przyrost naturalny na 1 000 ludności,2011,gmina,Szerzyny,powiat tarnowski,-0.40
91,Przyrost naturalny na 1 000 ludności,2011,gmina,Tarnów (wieś),powiat tarnowski,2.70
91,Przyrost naturalny na 1 000 ludności,2011,gmina,Tuchów,powiat tarnowski,0.30
91,Przyrost naturalny na 1 000 ludności,2011,gmina,Wierzchosławice,powiat tarnowski,3.00
91,Przyrost naturalny na 1 000 ludności,2011,gmina,Wietrzychowice,powiat tarnowski,-8.80
91,Przyrost naturalny na 1 000 ludności,2011,gmina,Wojnicz,powiat tarnowski,2.30
91,Przyrost naturalny na 1 000 ludności,2011,gmina,Zakliczyn,powiat tarnowski,0.60
91,Przyrost naturalny na 1 000 ludności,2011,gmina,Żabno,powiat tarnowski,0.40
91,Przyrost naturalny na 1 000 ludności,2011,powiat,powiat tatrzański,powiat tatrzański,2.60
91,Przyrost naturalny na 1 000 ludności,2011,gmina,Biały Dunajec,powiat tatrzański,6.60
91,Przyrost naturalny na 1 000 ludności,2011,gmina,Bukowina Tatrzańska,powiat tatrzański,6.20
91,Przyrost naturalny na 1 000 ludności,2011,gmina,Kościelisko,powiat tatrzański,4.00
91,Przyrost naturalny na 1 000 ludności,2011,gmina,Poronin,powiat tatrzański,3.40
91,Przyrost naturalny na 1 000 ludności,2011,gmina,Zakopane,powiat tatrzański,-0.80
91,Przyrost naturalny na 1 000 ludności,2011,powiat,powiat wadowicki,powiat wadowicki,2.10
91,Przyrost naturalny na 1 000 ludności,2011,gmina,Andrychów,powiat wadowicki,3.00
91,Przyrost naturalny na 1 000 ludności,2011,gmina,Brzeźnica,powiat wadowicki,1.30
91,Przyrost naturalny na 1 000 ludności,2011,gmina,Kalwaria Zebrzydowska,powiat wadowicki,0.30
91,Przyrost naturalny na 1 000 ludności,2011,gmina,Lanckorona,powiat wadowicki,2.00
91,Przyrost naturalny na 1 000 ludności,2011,gmina,Mucharz,powiat wadowicki,3.80
91,Przyrost naturalny na 1 000 ludności,2011,gmina,Spytkowice,powiat wadowicki,1.60
91,Przyrost naturalny na 1 000 ludności,2011,gmina,Stryszów,powiat wadowicki,0.70
91,Przyrost naturalny na 1 000 ludności,2011,gmina,Tomice,powiat wadowicki,6.80
91,Przyrost naturalny na 1 000 ludności,2011,gmina,Wadowice,powiat wadowicki,0.70
91,Przyrost naturalny na 1 000 ludności,2011,gmina,Wieprz,powiat wadowicki,4.90
91,Przyrost naturalny na 1 000 ludności,2011,powiat,powiat wielicki,powiat wielicki,3.10
91,Przyrost naturalny na 1 000 ludności,2011,gmina,Biskupice,powiat wielicki,2.60
91,Przyrost naturalny na 1 000 ludności,2011,gmina,Gdów,powiat wielicki,5.10
91,Przyrost naturalny na 1 000 ludności,2011,gmina,Kłaj,powiat wielicki,5.00
91,Przyrost naturalny na 1 000 ludności,2011,gmina,Niepołomice,powiat wielicki,3.50
91,Przyrost naturalny na 1 000 ludności,2011,gmina,Wieliczka,powiat wielicki,2.10
91,Przyrost naturalny na 1 000 ludności,2010,powiat,powiat bocheński,powiat bocheński,3.20
91,Przyrost naturalny na 1 000 ludności,2010,gmina,Bochnia (miasto),powiat bocheński,3.10
91,Przyrost naturalny na 1 000 ludności,2010,gmina,Bochnia (wieś),powiat bocheński,1.90
91,Przyrost naturalny na 1 000 ludności,2010,gmina,Drwinia,powiat bocheński,2.00
91,Przyrost naturalny na 1 000 ludności,2010,gmina,Lipnica Murowana,powiat bocheński,1.80
91,Przyrost naturalny na 1 000 ludności,2010,gmina,Łapanów,powiat bocheński,2.50
91,Przyrost naturalny na 1 000 ludności,2010,gmina,Nowy Wiśnicz,powiat bocheński,4.20
91,Przyrost naturalny na 1 000 ludności,2010,gmina,Rzezawa,powiat bocheński,1.60
91,Przyrost naturalny na 1 000 ludności,2010,gmina,Trzciana,powiat bocheński,7.30
91,Przyrost naturalny na 1 000 ludności,2010,gmina,Żegocina,powiat bocheński,8.50
91,Przyrost naturalny na 1 000 ludności,2010,powiat,powiat brzeski,powiat brzeski,2.90
91,Przyrost naturalny na 1 000 ludności,2010,gmina,Borzęcin,powiat brzeski,-1.30
91,Przyrost naturalny na 1 000 ludności,2010,gmina,Brzesko,powiat brzeski,3.50
91,Przyrost naturalny na 1 000 ludności,2010,gmina,Czchów,powiat brzeski,4.60
91,Przyrost naturalny na 1 000 ludności,2010,gmina,Dębno,powiat brzeski,3.60
91,Przyrost naturalny na 1 000 ludności,2010,gmina,Gnojnik,powiat brzeski,5.60
91,Przyrost naturalny na 1 000 ludności,2010,gmina,Iwkowa,powiat brzeski,5.50
91,Przyrost naturalny na 1 000 ludności,2010,gmina,Szczurowa,powiat brzeski,-2.10
91,Przyrost naturalny na 1 000 ludności,2010,powiat,powiat chrzanowski,powiat chrzanowski,-0.60
91,Przyrost naturalny na 1 000 ludności,2010,gmina,Alwernia,powiat chrzanowski,-0.40
91,Przyrost naturalny na 1 000 ludności,2010,gmina,Babice,powiat chrzanowski,-0.10
91,Przyrost naturalny na 1 000 ludności,2010,gmina,Chrzanów,powiat chrzanowski,-0.80
91,Przyrost naturalny na 1 000 ludności,2010,gmina,Libiąż,powiat chrzanowski,0.30
91,Przyrost naturalny na 1 000 ludności,2010,gmina,Trzebinia,powiat chrzanowski,-1.00
91,Przyrost naturalny na 1 000 ludności,2010,powiat,powiat dąbrowski,powiat dąbrowski,0.20
91,Przyrost naturalny na 1 000 ludności,2010,gmina,Bolesław,powiat dąbrowski,-8.40
91,Przyrost naturalny na 1 000 ludności,2010,gmina,Dąbrowa Tarnowska,powiat dąbrowski,3.00
91,Przyrost naturalny na 1 000 ludności,2010,gmina,Gręboszów,powiat dąbrowski,-7.40
91,Przyrost naturalny na 1 000 ludności,2010,gmina,Mędrzechów,powiat dąbrowski,-5.30
91,Przyrost naturalny na 1 000 ludności,2010,gmina,Olesno,powiat dąbrowski,0.80
91,Przyrost naturalny na 1 000 ludności,2010,gmina,Radgoszcz,powiat dąbrowski,0.90
91,Przyrost naturalny na 1 000 ludności,2010,gmina,Szczucin,powiat dąbrowski,0.20
91,Przyrost naturalny na 1 000 ludności,2010,powiat,powiat gorlicki,powiat gorlicki,3.40
91,Przyrost naturalny na 1 000 ludności,2010,gmina,Biecz,powiat gorlicki,1.90
91,Przyrost naturalny na 1 000 ludności,2010,gmina,Bobowa,powiat gorlicki,8.00
91,Przyrost naturalny na 1 000 ludności,2010,gmina,Gorlice (miasto),powiat gorlicki,2.10
91,Przyrost naturalny na 1 000 ludności,2010,gmina,Gorlice (wieś),powiat gorlicki,3.00
91,Przyrost naturalny na 1 000 ludności,2010,gmina,Lipinki,powiat gorlicki,-1.60
91,Przyrost naturalny na 1 000 ludności,2010,gmina,Łużna,powiat gorlicki,7.10
91,Przyrost naturalny na 1 000 ludności,2010,gmina,Moszczenica,powiat gorlicki,3.90
91,Przyrost naturalny na 1 000 ludności,2010,gmina,Ropa,powiat gorlicki,5.30
91,Przyrost naturalny na 1 000 ludności,2010,gmina,Sękowa,powiat gorlicki,2.10
91,Przyrost naturalny na 1 000 ludności,2010,gmina,Uście Gorlickie,powiat gorlicki,6.80
91,Przyrost naturalny na 1 000 ludności,2010,powiat,powiat krakowski,powiat krakowski,1.50
91,Przyrost naturalny na 1 000 ludności,2010,gmina,Czernichów,powiat krakowski,1.20
91,Przyrost naturalny na 1 000 ludności,2010,gmina,Igołomia-Wawrzeńczyce,powiat krakowski,0.90
91,Przyrost naturalny na 1 000 ludności,2010,gmina,Iwanowice,powiat krakowski,-2.60
91,Przyrost naturalny na 1 000 ludności,2010,gmina,Jerzmanowice-Przeginia,powiat krakowski,2.50
91,Przyrost naturalny na 1 000 ludności,2010,gmina,Kocmyrzów-Luborzyca,powiat krakowski,0.40
91,Przyrost naturalny na 1 000 ludności,2010,gmina,Krzeszowice,powiat krakowski,1.90
91,Przyrost naturalny na 1 000 ludności,2010,gmina,Liszki,powiat krakowski,2.40
91,Przyrost naturalny na 1 000 ludności,2010,gmina,Michałowice,powiat krakowski,2.20
91,Przyrost naturalny na 1 000 ludności,2010,gmina,Mogilany,powiat krakowski,2.80
91,Przyrost naturalny na 1 000 ludności,2010,gmina,Skała,powiat krakowski,0.50
91,Przyrost naturalny na 1 000 ludności,2010,gmina,Skawina,powiat krakowski,1.80
91,Przyrost naturalny na 1 000 ludności,2010,gmina,Słomniki,powiat krakowski,-0.90
91,Przyrost naturalny na 1 000 ludności,2010,gmina,Sułoszowa,powiat krakowski,-2.90
91,Przyrost naturalny na 1 000 ludności,2010,gmina,Świątniki Górne,powiat krakowski,3.70
91,Przyrost naturalny na 1 000 ludności,2010,gmina,Wielka Wieś,powiat krakowski,2.90
91,Przyrost naturalny na 1 000 ludności,2010,gmina,Zabierzów,powiat krakowski,-0.20
91,Przyrost naturalny na 1 000 ludności,2010,gmina,Zielonki,powiat krakowski,4.20
91,Przyrost naturalny na 1 000 ludności,2010,powiat,powiat limanowski,powiat limanowski,6.40
91,Przyrost naturalny na 1 000 ludności,2010,gmina,Dobra,powiat limanowski,1.40
91,Przyrost naturalny na 1 000 ludności,2010,gmina,Jodłownik,powiat limanowski,6.90
91,Przyrost naturalny na 1 000 ludności,2010,gmina,Kamienica,powiat limanowski,6.80
91,Przyrost naturalny na 1 000 ludności,2010,gmina,Laskowa,powiat limanowski,4.40
91,Przyrost naturalny na 1 000 ludności,2010,gmina,Limanowa (miasto),powiat limanowski,6.50
91,Przyrost naturalny na 1 000 ludności,2010,gmina,Limanowa (wieś),powiat limanowski,8.50
91,Przyrost naturalny na 1 000 ludności,2010,gmina,Łukowica,powiat limanowski,6.00
91,Przyrost naturalny na 1 000 ludności,2010,gmina,Mszana Dolna (miasto),powiat limanowski,4.60
91,Przyrost naturalny na 1 000 ludności,2010,gmina,Mszana Dolna (wieś),powiat limanowski,6.60
91,Przyrost naturalny na 1 000 ludności,2010,gmina,Niedźwiedź,powiat limanowski,7.80
91,Przyrost naturalny na 1 000 ludności,2010,gmina,Słopnice,powiat limanowski,6.60
91,Przyrost naturalny na 1 000 ludności,2010,gmina,Tymbark,powiat limanowski,7.90
91,Przyrost naturalny na 1 000 ludności,2010,powiat,powiat m. Kraków,powiat m. Kraków,1.00
91,Przyrost naturalny na 1 000 ludności,2010,powiat,powiat m. Nowy Sącz,powiat m. Nowy Sącz,4.20
91,Przyrost naturalny na 1 000 ludności,2010,powiat,powiat m. Tarnów,powiat m. Tarnów,0.10
91,Przyrost naturalny na 1 000 ludności,2010,powiat,powiat miechowski,powiat miechowski,-2.40
91,Przyrost naturalny na 1 000 ludności,2010,gmina,Charsznica,powiat miechowski,-3.60
91,Przyrost naturalny na 1 000 ludności,2010,gmina,Gołcza,powiat miechowski,-3.70
91,Przyrost naturalny na 1 000 ludności,2010,gmina,Kozłów,powiat miechowski,-3.90
91,Przyrost naturalny na 1 000 ludności,2010,gmina,Książ Wielki,powiat miechowski,-1.30
91,Przyrost naturalny na 1 000 ludności,2010,gmina,Miechów,powiat miechowski,-1.60
91,Przyrost naturalny na 1 000 ludności,2010,gmina,Racławice,powiat miechowski,-1.60
91,Przyrost naturalny na 1 000 ludności,2010,gmina,Słaboszów,powiat miechowski,-1.60
91,Przyrost naturalny na 1 000 ludności,2010,powiat,powiat myślenicki,powiat myślenicki,4.50
91,Przyrost naturalny na 1 000 ludności,2010,gmina,Dobczyce,powiat myślenicki,5.80
91,Przyrost naturalny na 1 000 ludności,2010,gmina,Lubień,powiat myślenicki,4.20
91,Przyrost naturalny na 1 000 ludności,2010,gmina,Myślenice,powiat myślenicki,4.30
91,Przyrost naturalny na 1 000 ludności,2010,gmina,Pcim,powiat myślenicki,4.90
91,Przyrost naturalny na 1 000 ludności,2010,gmina,Raciechowice,powiat myślenicki,2.20
91,Przyrost naturalny na 1 000 ludności,2010,gmina,Siepraw,powiat myślenicki,4.40
91,Przyrost naturalny na 1 000 ludności,2010,gmina,Sułkowice,powiat myślenicki,2.90
91,Przyrost naturalny na 1 000 ludności,2010,gmina,Tokarnia,powiat myślenicki,5.70
91,Przyrost naturalny na 1 000 ludności,2010,gmina,Wiśniowa,powiat myślenicki,5.70
91,Przyrost naturalny na 1 000 ludności,2010,powiat,powiat nowosądecki,powiat nowosądecki,5.90
91,Przyrost naturalny na 1 000 ludności,2010,gmina,Podegrodzie,powiat nowosądecki,7.80
91,Przyrost naturalny na 1 000 ludności,2010,gmina,Rytro,powiat nowosądecki,8.80
91,Przyrost naturalny na 1 000 ludności,2010,gmina,Stary Sącz,powiat nowosądecki,6.60
91,Przyrost naturalny na 1 000 ludności,2010,gmina,Chełmiec,powiat nowosądecki,7.20
91,Przyrost naturalny na 1 000 ludności,2010,gmina,Gródek nad Dunajcem,powiat nowosądecki,1.50
91,Przyrost naturalny na 1 000 ludności,2010,gmina,Grybów (miasto),powiat nowosądecki,2.50
91,Przyrost naturalny na 1 000 ludności,2010,gmina,Grybów (wieś),powiat nowosądecki,8.30
91,Przyrost naturalny na 1 000 ludności,2010,gmina,Kamionka Wielka,powiat nowosądecki,7.90
91,Przyrost naturalny na 1 000 ludności,2010,gmina,Korzenna,powiat nowosądecki,4.60
91,Przyrost naturalny na 1 000 ludności,2010,gmina,Krynica-Zdrój,powiat nowosądecki,2.10
91,Przyrost naturalny na 1 000 ludności,2010,gmina,Łabowa,powiat nowosądecki,10.30
91,Przyrost naturalny na 1 000 ludności,2010,gmina,Łącko,powiat nowosądecki,6.90
91,Przyrost naturalny na 1 000 ludności,2010,gmina,Łososina Dolna,powiat nowosądecki,7.30
91,Przyrost naturalny na 1 000 ludności,2010,gmina,Muszyna,powiat nowosądecki,3.20
91,Przyrost naturalny na 1 000 ludności,2010,gmina,Nawojowa,powiat nowosądecki,5.40
91,Przyrost naturalny na 1 000 ludności,2010,gmina,Piwniczna-Zdrój,powiat nowosądecki,2.30
91,Przyrost naturalny na 1 000 ludności,2010,powiat,powiat nowotarski,powiat nowotarski,3.80
91,Przyrost naturalny na 1 000 ludności,2010,gmina,Czarny Dunajec,powiat nowotarski,2.70
91,Przyrost naturalny na 1 000 ludności,2010,gmina,Czorsztyn,powiat nowotarski,4.10
91,Przyrost naturalny na 1 000 ludności,2010,gmina,Jabłonka,powiat nowotarski,7.60
91,Przyrost naturalny na 1 000 ludności,2010,gmina,Krościenko nad Dunajcem,powiat nowotarski,2.40
91,Przyrost naturalny na 1 000 ludności,2010,gmina,Lipnica Wielka,powiat nowotarski,4.30
91,Przyrost naturalny na 1 000 ludności,2010,gmina,Łapsze Niżne,powiat nowotarski,5.70
91,Przyrost naturalny na 1 000 ludności,2010,gmina,Nowy Targ (miasto),powiat nowotarski,3.00
91,Przyrost naturalny na 1 000 ludności,2010,gmina,Nowy Targ (wieś),powiat nowotarski,5.70
91,Przyrost naturalny na 1 000 ludności,2010,gmina,Ochotnica Dolna,powiat nowotarski,3.20
91,Przyrost naturalny na 1 000 ludności,2010,gmina,Raba Wyżna,powiat nowotarski,5.10
91,Przyrost naturalny na 1 000 ludności,2010,gmina,Rabka-Zdrój,powiat nowotarski,0.50
91,Przyrost naturalny na 1 000 ludności,2010,gmina,Spytkowice,powiat nowotarski,5.30
91,Przyrost naturalny na 1 000 ludności,2010,gmina,Szaflary,powiat nowotarski,2.90
91,Przyrost naturalny na 1 000 ludności,2010,gmina,Szczawnica,powiat nowotarski,1.50
91,Przyrost naturalny na 1 000 ludności,2010,powiat,powiat olkuski,powiat olkuski,0.30
91,Przyrost naturalny na 1 000 ludności,2010,gmina,Bolesław,powiat olkuski,-1.30
91,Przyrost naturalny na 1 000 ludności,2010,gmina,Bukowno,powiat olkuski,-1.00
91,Przyrost naturalny na 1 000 ludności,2010,gmina,Klucze,powiat olkuski,1.00
91,Przyrost naturalny na 1 000 ludności,2010,gmina,Olkusz,powiat olkuski,1.60
91,Przyrost naturalny na 1 000 ludności,2010,gmina,Trzyciąż,powiat olkuski,-3.40
91,Przyrost naturalny na 1 000 ludności,2010,gmina,Wolbrom,powiat olkuski,-0.80
91,Przyrost naturalny na 1 000 ludności,2010,powiat,powiat oświęcimski,powiat oświęcimski,1.30
91,Przyrost naturalny na 1 000 ludności,2010,gmina,Brzeszcze,powiat oświęcimski,1.70
91,Przyrost naturalny na 1 000 ludności,2010,gmina,Chełmek,powiat oświęcimski,0.60
91,Przyrost naturalny na 1 000 ludności,2010,gmina,Kęty,powiat oświęcimski,2.60
91,Przyrost naturalny na 1 000 ludności,2010,gmina,Osiek,powiat oświęcimski,4.10
91,Przyrost naturalny na 1 000 ludności,2010,gmina,Oświęcim (miasto),powiat oświęcimski,-1.10
91,Przyrost naturalny na 1 000 ludności,2010,gmina,Oświęcim (wieś),powiat oświęcimski,2.00
91,Przyrost naturalny na 1 000 ludności,2010,gmina,Polanka Wielka,powiat oświęcimski,4.50
91,Przyrost naturalny na 1 000 ludności,2010,gmina,Przeciszów,powiat oświęcimski,0.10
91,Przyrost naturalny na 1 000 ludności,2010,gmina,Zator,powiat oświęcimski,2.30
91,Przyrost naturalny na 1 000 ludności,2010,powiat,powiat proszowicki,powiat proszowicki,-1.70
91,Przyrost naturalny na 1 000 ludności,2010,gmina,Koniusza,powiat proszowicki,0.70
91,Przyrost naturalny na 1 000 ludności,2010,gmina,Koszyce,powiat proszowicki,-6.80
91,Przyrost naturalny na 1 000 ludności,2010,gmina,Nowe Brzesko,powiat proszowicki,-0.90
91,Przyrost naturalny na 1 000 ludności,2010,gmina,Pałecznica,powiat proszowicki,-1.10
91,Przyrost naturalny na 1 000 ludności,2010,gmina,Proszowice,powiat proszowicki,-1.80
91,Przyrost naturalny na 1 000 ludności,2010,gmina,Radziemice,powiat proszowicki,-0.60
91,Przyrost naturalny na 1 000 ludności,2010,powiat,powiat suski,powiat suski,2.50
91,Przyrost naturalny na 1 000 ludności,2010,gmina,Budzów,powiat suski,4.00
91,Przyrost naturalny na 1 000 ludności,2010,gmina,Bystra-Sidzina,powiat suski,5.50
91,Przyrost naturalny na 1 000 ludności,2010,gmina,Jordanów (miasto),powiat suski,3.20
91,Przyrost naturalny na 1 000 ludności,2010,gmina,Jordanów (wieś),powiat suski,4.10
91,Przyrost naturalny na 1 000 ludności,2010,gmina,Maków Podhalański,powiat suski,1.30
91,Przyrost naturalny na 1 000 ludności,2010,gmina,Stryszawa,powiat suski,1.10
91,Przyrost naturalny na 1 000 ludności,2010,gmina,Sucha Beskidzka,powiat suski,1.50
91,Przyrost naturalny na 1 000 ludności,2010,gmina,Zawoja,powiat suski,2.20
91,Przyrost naturalny na 1 000 ludności,2010,gmina,Zembrzyce,powiat suski,1.80
91,Przyrost naturalny na 1 000 ludności,2010,powiat,powiat tarnowski,powiat tarnowski,2.40
91,Przyrost naturalny na 1 000 ludności,2010,gmina,Ciężkowice,powiat tarnowski,2.50
91,Przyrost naturalny na 1 000 ludności,2010,gmina,Gromnik,powiat tarnowski,3.60
91,Przyrost naturalny na 1 000 ludności,2010,gmina,Lisia Góra,powiat tarnowski,4.80
91,Przyrost naturalny na 1 000 ludności,2010,gmina,Pleśna,powiat tarnowski,2.30
91,Przyrost naturalny na 1 000 ludności,2010,gmina,Radłów,powiat tarnowski,0.70
91,Przyrost naturalny na 1 000 ludności,2010,gmina,Ryglice,powiat tarnowski,4.80
91,Przyrost naturalny na 1 000 ludności,2010,gmina,Rzepiennik Strzyżewski,powiat tarnowski,1.70
91,Przyrost naturalny na 1 000 ludności,2010,gmina,Skrzyszów,powiat tarnowski,4.60
91,Przyrost naturalny na 1 000 ludności,2010,gmina,Szerzyny,powiat tarnowski,2.20
91,Przyrost naturalny na 1 000 ludności,2010,gmina,Tarnów (wieś),powiat tarnowski,3.20
91,Przyrost naturalny na 1 000 ludności,2010,gmina,Tuchów,powiat tarnowski,2.40
91,Przyrost naturalny na 1 000 ludności,2010,gmina,Wierzchosławice,powiat tarnowski,1.10
91,Przyrost naturalny na 1 000 ludności,2010,gmina,Wietrzychowice,powiat tarnowski,-7.80
91,Przyrost naturalny na 1 000 ludności,2010,gmina,Wojnicz,powiat tarnowski,1.20
91,Przyrost naturalny na 1 000 ludności,2010,gmina,Zakliczyn,powiat tarnowski,4.80
91,Przyrost naturalny na 1 000 ludności,2010,gmina,Żabno,powiat tarnowski,-0.10
91,Przyrost naturalny na 1 000 ludności,2010,powiat,powiat tatrzański,powiat tatrzański,2.00
91,Przyrost naturalny na 1 000 ludności,2010,gmina,Biały Dunajec,powiat tatrzański,5.90
91,Przyrost naturalny na 1 000 ludności,2010,gmina,Bukowina Tatrzańska,powiat tatrzański,3.40
91,Przyrost naturalny na 1 000 ludności,2010,gmina,Kościelisko,powiat tatrzański,1.20
91,Przyrost naturalny na 1 000 ludności,2010,gmina,Poronin,powiat tatrzański,4.70
91,Przyrost naturalny na 1 000 ludności,2010,gmina,Zakopane,powiat tatrzański,-0.50
91,Przyrost naturalny na 1 000 ludności,2010,powiat,powiat wadowicki,powiat wadowicki,3.30
91,Przyrost naturalny na 1 000 ludności,2010,gmina,Andrychów,powiat wadowicki,3.90
91,Przyrost naturalny na 1 000 ludności,2010,gmina,Brzeźnica,powiat wadowicki,1.70
91,Przyrost naturalny na 1 000 ludności,2010,gmina,Kalwaria Zebrzydowska,powiat wadowicki,1.00
91,Przyrost naturalny na 1 000 ludności,2010,gmina,Lanckorona,powiat wadowicki,2.80
91,Przyrost naturalny na 1 000 ludności,2010,gmina,Mucharz,powiat wadowicki,5.80
91,Przyrost naturalny na 1 000 ludności,2010,gmina,Spytkowice,powiat wadowicki,2.70
91,Przyrost naturalny na 1 000 ludności,2010,gmina,Stryszów,powiat wadowicki,-0.10
91,Przyrost naturalny na 1 000 ludności,2010,gmina,Tomice,powiat wadowicki,6.00
91,Przyrost naturalny na 1 000 ludności,2010,gmina,Wadowice,powiat wadowicki,3.10
91,Przyrost naturalny na 1 000 ludności,2010,gmina,Wieprz,powiat wadowicki,6.30
91,Przyrost naturalny na 1 000 ludności,2010,powiat,powiat wielicki,powiat wielicki,3.10
91,Przyrost naturalny na 1 000 ludności,2010,gmina,Biskupice,powiat wielicki,4.50
91,Przyrost naturalny na 1 000 ludności,2010,gmina,Gdów,powiat wielicki,3.10
91,Przyrost naturalny na 1 000 ludności,2010,gmina,Kłaj,powiat wielicki,0.90
91,Przyrost naturalny na 1 000 ludności,2010,gmina,Niepołomice,powiat wielicki,3.10
91,Przyrost naturalny na 1 000 ludności,2010,gmina,Wieliczka,powiat wielicki,3.30
91,Przyrost naturalny na 1 000 ludności,2009,powiat,powiat bocheński,powiat bocheński,3.70
91,Przyrost naturalny na 1 000 ludności,2009,gmina,Bochnia (miasto),powiat bocheński,5.20
91,Przyrost naturalny na 1 000 ludności,2009,gmina,Bochnia (wieś),powiat bocheński,1.00
91,Przyrost naturalny na 1 000 ludności,2009,gmina,Drwinia,powiat bocheński,0.80
91,Przyrost naturalny na 1 000 ludności,2009,gmina,Lipnica Murowana,powiat bocheński,3.70
91,Przyrost naturalny na 1 000 ludności,2009,gmina,Łapanów,powiat bocheński,4.50
91,Przyrost naturalny na 1 000 ludności,2009,gmina,Nowy Wiśnicz,powiat bocheński,3.70
91,Przyrost naturalny na 1 000 ludności,2009,gmina,Rzezawa,powiat bocheński,4.10
91,Przyrost naturalny na 1 000 ludności,2009,gmina,Trzciana,powiat bocheński,6.10
91,Przyrost naturalny na 1 000 ludności,2009,gmina,Żegocina,powiat bocheński,3.70
91,Przyrost naturalny na 1 000 ludności,2009,powiat,powiat brzeski,powiat brzeski,3.00
91,Przyrost naturalny na 1 000 ludności,2009,gmina,Borzęcin,powiat brzeski,-2.90
91,Przyrost naturalny na 1 000 ludności,2009,gmina,Brzesko,powiat brzeski,2.90
91,Przyrost naturalny na 1 000 ludności,2009,gmina,Czchów,powiat brzeski,4.80
91,Przyrost naturalny na 1 000 ludności,2009,gmina,Dębno,powiat brzeski,6.10
91,Przyrost naturalny na 1 000 ludności,2009,gmina,Gnojnik,powiat brzeski,4.00
91,Przyrost naturalny na 1 000 ludności,2009,gmina,Iwkowa,powiat brzeski,8.20
91,Przyrost naturalny na 1 000 ludności,2009,gmina,Szczurowa,powiat brzeski,-2.10
91,Przyrost naturalny na 1 000 ludności,2009,powiat,powiat chrzanowski,powiat chrzanowski,-0.70
91,Przyrost naturalny na 1 000 ludności,2009,gmina,Alwernia,powiat chrzanowski,-2.60
91,Przyrost naturalny na 1 000 ludności,2009,gmina,Babice,powiat chrzanowski,2.30
91,Przyrost naturalny na 1 000 ludności,2009,gmina,Chrzanów,powiat chrzanowski,-1.40
91,Przyrost naturalny na 1 000 ludności,2009,gmina,Libiąż,powiat chrzanowski,0.70
91,Przyrost naturalny na 1 000 ludności,2009,gmina,Trzebinia,powiat chrzanowski,-0.80
91,Przyrost naturalny na 1 000 ludności,2009,powiat,powiat dąbrowski,powiat dąbrowski,1.00
91,Przyrost naturalny na 1 000 ludności,2009,gmina,Bolesław,powiat dąbrowski,-1.70
91,Przyrost naturalny na 1 000 ludności,2009,gmina,Dąbrowa Tarnowska,powiat dąbrowski,3.70
91,Przyrost naturalny na 1 000 ludności,2009,gmina,Gręboszów,powiat dąbrowski,-5.30
91,Przyrost naturalny na 1 000 ludności,2009,gmina,Mędrzechów,powiat dąbrowski,-10.10
91,Przyrost naturalny na 1 000 ludności,2009,gmina,Olesno,powiat dąbrowski,4.40
91,Przyrost naturalny na 1 000 ludności,2009,gmina,Radgoszcz,powiat dąbrowski,1.90
91,Przyrost naturalny na 1 000 ludności,2009,gmina,Szczucin,powiat dąbrowski,-0.20
91,Przyrost naturalny na 1 000 ludności,2009,powiat,powiat gorlicki,powiat gorlicki,3.30
91,Przyrost naturalny na 1 000 ludności,2009,gmina,Biecz,powiat gorlicki,2.50
91,Przyrost naturalny na 1 000 ludności,2009,gmina,Bobowa,powiat gorlicki,7.50
91,Przyrost naturalny na 1 000 ludności,2009,gmina,Gorlice (miasto),powiat gorlicki,1.70
91,Przyrost naturalny na 1 000 ludności,2009,gmina,Gorlice (wieś),powiat gorlicki,4.70
91,Przyrost naturalny na 1 000 ludności,2009,gmina,Lipinki,powiat gorlicki,-1.00
91,Przyrost naturalny na 1 000 ludności,2009,gmina,Łużna,powiat gorlicki,3.30
91,Przyrost naturalny na 1 000 ludności,2009,gmina,Moszczenica,powiat gorlicki,3.10
91,Przyrost naturalny na 1 000 ludności,2009,gmina,Ropa,powiat gorlicki,7.30
91,Przyrost naturalny na 1 000 ludności,2009,gmina,Sękowa,powiat gorlicki,1.80
91,Przyrost naturalny na 1 000 ludności,2009,gmina,Uście Gorlickie,powiat gorlicki,6.20
91,Przyrost naturalny na 1 000 ludności,2009,powiat,powiat krakowski,powiat krakowski,1.70
91,Przyrost naturalny na 1 000 ludności,2009,gmina,Czernichów,powiat krakowski,1.90
91,Przyrost naturalny na 1 000 ludności,2009,gmina,Igołomia-Wawrzeńczyce,powiat krakowski,3.90
91,Przyrost naturalny na 1 000 ludności,2009,gmina,Iwanowice,powiat krakowski,1.60
91,Przyrost naturalny na 1 000 ludności,2009,gmina,Jerzmanowice-Przeginia,powiat krakowski,2.10
91,Przyrost naturalny na 1 000 ludności,2009,gmina,Kocmyrzów-Luborzyca,powiat krakowski,1.00
91,Przyrost naturalny na 1 000 ludności,2009,gmina,Krzeszowice,powiat krakowski,-0.90
91,Przyrost naturalny na 1 000 ludności,2009,gmina,Liszki,powiat krakowski,4.40
91,Przyrost naturalny na 1 000 ludności,2009,gmina,Michałowice,powiat krakowski,3.90
91,Przyrost naturalny na 1 000 ludności,2009,gmina,Mogilany,powiat krakowski,4.70
91,Przyrost naturalny na 1 000 ludności,2009,gmina,Skała,powiat krakowski,2.10
91,Przyrost naturalny na 1 000 ludności,2009,gmina,Skawina,powiat krakowski,2.40
91,Przyrost naturalny na 1 000 ludności,2009,gmina,Słomniki,powiat krakowski,2.30
91,Przyrost naturalny na 1 000 ludności,2009,gmina,Sułoszowa,powiat krakowski,0.20
91,Przyrost naturalny na 1 000 ludności,2009,gmina,Świątniki Górne,powiat krakowski,3.20
91,Przyrost naturalny na 1 000 ludności,2009,gmina,Wielka Wieś,powiat krakowski,1.20
91,Przyrost naturalny na 1 000 ludności,2009,gmina,Zabierzów,powiat krakowski,-0.10
91,Przyrost naturalny na 1 000 ludności,2009,gmina,Zielonki,powiat krakowski,0.70
91,Przyrost naturalny na 1 000 ludności,2009,powiat,powiat limanowski,powiat limanowski,6.40
91,Przyrost naturalny na 1 000 ludności,2009,gmina,Dobra,powiat limanowski,4.20
91,Przyrost naturalny na 1 000 ludności,2009,gmina,Jodłownik,powiat limanowski,3.60
91,Przyrost naturalny na 1 000 ludności,2009,gmina,Kamienica,powiat limanowski,6.10
91,Przyrost naturalny na 1 000 ludności,2009,gmina,Laskowa,powiat limanowski,6.70
91,Przyrost naturalny na 1 000 ludności,2009,gmina,Limanowa (miasto),powiat limanowski,7.00
91,Przyrost naturalny na 1 000 ludności,2009,gmina,Limanowa (wieś),powiat limanowski,8.10
91,Przyrost naturalny na 1 000 ludności,2009,gmina,Łukowica,powiat limanowski,6.90
91,Przyrost naturalny na 1 000 ludności,2009,gmina,Mszana Dolna (miasto),powiat limanowski,3.20
91,Przyrost naturalny na 1 000 ludności,2009,gmina,Mszana Dolna (wieś),powiat limanowski,4.90
91,Przyrost naturalny na 1 000 ludności,2009,gmina,Niedźwiedź,powiat limanowski,11.70
91,Przyrost naturalny na 1 000 ludności,2009,gmina,Słopnice,powiat limanowski,5.70
91,Przyrost naturalny na 1 000 ludności,2009,gmina,Tymbark,powiat limanowski,7.50
91,Przyrost naturalny na 1 000 ludności,2009,powiat,powiat m. Kraków,powiat m. Kraków,0.90
91,Przyrost naturalny na 1 000 ludności,2009,powiat,powiat m. Nowy Sącz,powiat m. Nowy Sącz,3.40
91,Przyrost naturalny na 1 000 ludności,2009,powiat,powiat m. Tarnów,powiat m. Tarnów,0.50
91,Przyrost naturalny na 1 000 ludności,2009,powiat,powiat miechowski,powiat miechowski,-4.20
91,Przyrost naturalny na 1 000 ludności,2009,gmina,Charsznica,powiat miechowski,-4.30
91,Przyrost naturalny na 1 000 ludności,2009,gmina,Gołcza,powiat miechowski,-3.80
91,Przyrost naturalny na 1 000 ludności,2009,gmina,Kozłów,powiat miechowski,-8.00
91,Przyrost naturalny na 1 000 ludności,2009,gmina,Książ Wielki,powiat miechowski,-8.10
91,Przyrost naturalny na 1 000 ludności,2009,gmina,Miechów,powiat miechowski,-1.90
91,Przyrost naturalny na 1 000 ludności,2009,gmina,Racławice,powiat miechowski,-3.50
91,Przyrost naturalny na 1 000 ludności,2009,gmina,Słaboszów,powiat miechowski,-5.60
91,Przyrost naturalny na 1 000 ludności,2009,powiat,powiat myślenicki,powiat myślenicki,4.90
91,Przyrost naturalny na 1 000 ludności,2009,gmina,Dobczyce,powiat myślenicki,5.80
91,Przyrost naturalny na 1 000 ludności,2009,gmina,Lubień,powiat myślenicki,5.70
91,Przyrost naturalny na 1 000 ludności,2009,gmina,Myślenice,powiat myślenicki,4.50
91,Przyrost naturalny na 1 000 ludności,2009,gmina,Pcim,powiat myślenicki,5.40
91,Przyrost naturalny na 1 000 ludności,2009,gmina,Raciechowice,powiat myślenicki,-0.20
91,Przyrost naturalny na 1 000 ludności,2009,gmina,Siepraw,powiat myślenicki,5.70
91,Przyrost naturalny na 1 000 ludności,2009,gmina,Sułkowice,powiat myślenicki,5.40
91,Przyrost naturalny na 1 000 ludności,2009,gmina,Tokarnia,powiat myślenicki,7.80
91,Przyrost naturalny na 1 000 ludności,2009,gmina,Wiśniowa,powiat myślenicki,3.30
91,Przyrost naturalny na 1 000 ludności,2009,powiat,powiat nowosądecki,powiat nowosądecki,6.20
91,Przyrost naturalny na 1 000 ludności,2009,gmina,Podegrodzie,powiat nowosądecki,7.80
91,Przyrost naturalny na 1 000 ludności,2009,gmina,Rytro,powiat nowosądecki,4.40
91,Przyrost naturalny na 1 000 ludności,2009,gmina,Stary Sącz,powiat nowosądecki,4.00
91,Przyrost naturalny na 1 000 ludności,2009,gmina,Chełmiec,powiat nowosądecki,6.20
91,Przyrost naturalny na 1 000 ludności,2009,gmina,Gródek nad Dunajcem,powiat nowosądecki,6.70
91,Przyrost naturalny na 1 000 ludności,2009,gmina,Grybów (miasto),powiat nowosądecki,-1.00
91,Przyrost naturalny na 1 000 ludności,2009,gmina,Grybów (wieś),powiat nowosądecki,11.40
91,Przyrost naturalny na 1 000 ludności,2009,gmina,Kamionka Wielka,powiat nowosądecki,6.20
91,Przyrost naturalny na 1 000 ludności,2009,gmina,Korzenna,powiat nowosądecki,5.00
91,Przyrost naturalny na 1 000 ludności,2009,gmina,Krynica-Zdrój,powiat nowosądecki,2.00
91,Przyrost naturalny na 1 000 ludności,2009,gmina,Łabowa,powiat nowosądecki,15.70
91,Przyrost naturalny na 1 000 ludności,2009,gmina,Łącko,powiat nowosądecki,6.90
91,Przyrost naturalny na 1 000 ludności,2009,gmina,Łososina Dolna,powiat nowosądecki,6.00
91,Przyrost naturalny na 1 000 ludności,2009,gmina,Muszyna,powiat nowosądecki,3.80
91,Przyrost naturalny na 1 000 ludności,2009,gmina,Nawojowa,powiat nowosądecki,7.90
91,Przyrost naturalny na 1 000 ludności,2009,gmina,Piwniczna-Zdrój,powiat nowosądecki,5.20
91,Przyrost naturalny na 1 000 ludności,2009,powiat,powiat nowotarski,powiat nowotarski,4.70
91,Przyrost naturalny na 1 000 ludności,2009,gmina,Czarny Dunajec,powiat nowotarski,3.60
91,Przyrost naturalny na 1 000 ludności,2009,gmina,Czorsztyn,powiat nowotarski,5.40
91,Przyrost naturalny na 1 000 ludności,2009,gmina,Jabłonka,powiat nowotarski,6.90
91,Przyrost naturalny na 1 000 ludności,2009,gmina,Krościenko nad Dunajcem,powiat nowotarski,0.60
91,Przyrost naturalny na 1 000 ludności,2009,gmina,Lipnica Wielka,powiat nowotarski,4.80
91,Przyrost naturalny na 1 000 ludności,2009,gmina,Łapsze Niżne,powiat nowotarski,6.80
91,Przyrost naturalny na 1 000 ludności,2009,gmina,Nowy Targ (miasto),powiat nowotarski,3.20
91,Przyrost naturalny na 1 000 ludności,2009,gmina,Nowy Targ (wieś),powiat nowotarski,5.30
91,Przyrost naturalny na 1 000 ludności,2009,gmina,Ochotnica Dolna,powiat nowotarski,10.30
91,Przyrost naturalny na 1 000 ludności,2009,gmina,Raba Wyżna,powiat nowotarski,5.60
91,Przyrost naturalny na 1 000 ludności,2009,gmina,Rabka-Zdrój,powiat nowotarski,2.00
91,Przyrost naturalny na 1 000 ludności,2009,gmina,Spytkowice,powiat nowotarski,7.20
91,Przyrost naturalny na 1 000 ludności,2009,gmina,Szaflary,powiat nowotarski,5.50
91,Przyrost naturalny na 1 000 ludności,2009,gmina,Szczawnica,powiat nowotarski,4.10
91,Przyrost naturalny na 1 000 ludności,2009,powiat,powiat olkuski,powiat olkuski,0.50
91,Przyrost naturalny na 1 000 ludności,2009,gmina,Bolesław,powiat olkuski,-3.70
91,Przyrost naturalny na 1 000 ludności,2009,gmina,Bukowno,powiat olkuski,0.70
91,Przyrost naturalny na 1 000 ludności,2009,gmina,Klucze,powiat olkuski,-1.20
91,Przyrost naturalny na 1 000 ludności,2009,gmina,Olkusz,powiat olkuski,2.20
91,Przyrost naturalny na 1 000 ludności,2009,gmina,Trzyciąż,powiat olkuski,0.00
91,Przyrost naturalny na 1 000 ludności,2009,gmina,Wolbrom,powiat olkuski,-0.70
91,Przyrost naturalny na 1 000 ludności,2009,powiat,powiat oświęcimski,powiat oświęcimski,1.20
91,Przyrost naturalny na 1 000 ludności,2009,gmina,Brzeszcze,powiat oświęcimski,-0.80
91,Przyrost naturalny na 1 000 ludności,2009,gmina,Chełmek,powiat oświęcimski,1.80
91,Przyrost naturalny na 1 000 ludności,2009,gmina,Kęty,powiat oświęcimski,1.40
91,Przyrost naturalny na 1 000 ludności,2009,gmina,Osiek,powiat oświęcimski,3.50
91,Przyrost naturalny na 1 000 ludności,2009,gmina,Oświęcim (miasto),powiat oświęcimski,-0.10
91,Przyrost naturalny na 1 000 ludności,2009,gmina,Oświęcim (wieś),powiat oświęcimski,-0.10
91,Przyrost naturalny na 1 000 ludności,2009,gmina,Polanka Wielka,powiat oświęcimski,7.60
91,Przyrost naturalny na 1 000 ludności,2009,gmina,Przeciszów,powiat oświęcimski,4.60
91,Przyrost naturalny na 1 000 ludności,2009,gmina,Zator,powiat oświęcimski,5.30
91,Przyrost naturalny na 1 000 ludności,2009,powiat,powiat proszowicki,powiat proszowicki,-0.80
91,Przyrost naturalny na 1 000 ludności,2009,gmina,Koniusza,powiat proszowicki,1.30
91,Przyrost naturalny na 1 000 ludności,2009,gmina,Koszyce,powiat proszowicki,-3.20
91,Przyrost naturalny na 1 000 ludności,2009,gmina,Nowe Brzesko,powiat proszowicki,-0.90
91,Przyrost naturalny na 1 000 ludności,2009,gmina,Pałecznica,powiat proszowicki,-3.20
91,Przyrost naturalny na 1 000 ludności,2009,gmina,Proszowice,powiat proszowicki,-0.40
91,Przyrost naturalny na 1 000 ludności,2009,gmina,Radziemice,powiat proszowicki,-1.70
91,Przyrost naturalny na 1 000 ludności,2009,powiat,powiat suski,powiat suski,2.70
91,Przyrost naturalny na 1 000 ludności,2009,gmina,Budzów,powiat suski,7.50
91,Przyrost naturalny na 1 000 ludności,2009,gmina,Bystra-Sidzina,powiat suski,4.10
91,Przyrost naturalny na 1 000 ludności,2009,gmina,Jordanów (miasto),powiat suski,2.30
91,Przyrost naturalny na 1 000 ludności,2009,gmina,Jordanów (wieś),powiat suski,5.40
91,Przyrost naturalny na 1 000 ludności,2009,gmina,Maków Podhalański,powiat suski,0.70
91,Przyrost naturalny na 1 000 ludności,2009,gmina,Stryszawa,powiat suski,0.00
91,Przyrost naturalny na 1 000 ludności,2009,gmina,Sucha Beskidzka,powiat suski,1.40
91,Przyrost naturalny na 1 000 ludności,2009,gmina,Zawoja,powiat suski,4.70
91,Przyrost naturalny na 1 000 ludności,2009,gmina,Zembrzyce,powiat suski,0.00
91,Przyrost naturalny na 1 000 ludności,2009,powiat,powiat tarnowski,powiat tarnowski,2.70
91,Przyrost naturalny na 1 000 ludności,2009,gmina,Ciężkowice,powiat tarnowski,1.90
91,Przyrost naturalny na 1 000 ludności,2009,gmina,Gromnik,powiat tarnowski,6.40
91,Przyrost naturalny na 1 000 ludności,2009,gmina,Lisia Góra,powiat tarnowski,3.60
91,Przyrost naturalny na 1 000 ludności,2009,gmina,Pleśna,powiat tarnowski,3.20
91,Przyrost naturalny na 1 000 ludności,2009,gmina,Radłów,powiat tarnowski,1.10
91,Przyrost naturalny na 1 000 ludności,2009,gmina,Ryglice,powiat tarnowski,4.60
91,Przyrost naturalny na 1 000 ludności,2009,gmina,Rzepiennik Strzyżewski,powiat tarnowski,1.90
91,Przyrost naturalny na 1 000 ludności,2009,gmina,Skrzyszów,powiat tarnowski,3.00
91,Przyrost naturalny na 1 000 ludności,2009,gmina,Szerzyny,powiat tarnowski,1.20
91,Przyrost naturalny na 1 000 ludności,2009,gmina,Tarnów (wieś),powiat tarnowski,3.10
91,Przyrost naturalny na 1 000 ludności,2009,gmina,Tuchów,powiat tarnowski,3.30
91,Przyrost naturalny na 1 000 ludności,2009,gmina,Wierzchosławice,powiat tarnowski,1.90
91,Przyrost naturalny na 1 000 ludności,2009,gmina,Wietrzychowice,powiat tarnowski,-8.50
91,Przyrost naturalny na 1 000 ludności,2009,gmina,Wojnicz,powiat tarnowski,5.00
91,Przyrost naturalny na 1 000 ludności,2009,gmina,Zakliczyn,powiat tarnowski,3.20
91,Przyrost naturalny na 1 000 ludności,2009,gmina,Żabno,powiat tarnowski,0.90
91,Przyrost naturalny na 1 000 ludności,2009,powiat,powiat tatrzański,powiat tatrzański,1.30
91,Przyrost naturalny na 1 000 ludności,2009,gmina,Biały Dunajec,powiat tatrzański,5.60
91,Przyrost naturalny na 1 000 ludności,2009,gmina,Bukowina Tatrzańska,powiat tatrzański,3.90
91,Przyrost naturalny na 1 000 ludności,2009,gmina,Kościelisko,powiat tatrzański,2.60
91,Przyrost naturalny na 1 000 ludności,2009,gmina,Poronin,powiat tatrzański,1.80
91,Przyrost naturalny na 1 000 ludności,2009,gmina,Zakopane,powiat tatrzański,-1.70
91,Przyrost naturalny na 1 000 ludności,2009,powiat,powiat wadowicki,powiat wadowicki,2.70
91,Przyrost naturalny na 1 000 ludności,2009,gmina,Andrychów,powiat wadowicki,2.40
91,Przyrost naturalny na 1 000 ludności,2009,gmina,Brzeźnica,powiat wadowicki,0.80
91,Przyrost naturalny na 1 000 ludności,2009,gmina,Kalwaria Zebrzydowska,powiat wadowicki,2.70
91,Przyrost naturalny na 1 000 ludności,2009,gmina,Lanckorona,powiat wadowicki,0.70
91,Przyrost naturalny na 1 000 ludności,2009,gmina,Mucharz,powiat wadowicki,0.50
91,Przyrost naturalny na 1 000 ludności,2009,gmina,Spytkowice,powiat wadowicki,2.70
91,Przyrost naturalny na 1 000 ludności,2009,gmina,Stryszów,powiat wadowicki,-1.50
91,Przyrost naturalny na 1 000 ludności,2009,gmina,Tomice,powiat wadowicki,3.50
91,Przyrost naturalny na 1 000 ludności,2009,gmina,Wadowice,powiat wadowicki,3.70
91,Przyrost naturalny na 1 000 ludności,2009,gmina,Wieprz,powiat wadowicki,5.20
91,Przyrost naturalny na 1 000 ludności,2009,powiat,powiat wielicki,powiat wielicki,2.20
91,Przyrost naturalny na 1 000 ludności,2009,gmina,Biskupice,powiat wielicki,3.70
91,Przyrost naturalny na 1 000 ludności,2009,gmina,Gdów,powiat wielicki,4.80
91,Przyrost naturalny na 1 000 ludności,2009,gmina,Kłaj,powiat wielicki,0.70
91,Przyrost naturalny na 1 000 ludności,2009,gmina,Niepołomice,powiat wielicki,-0.20
91,Przyrost naturalny na 1 000 ludności,2009,gmina,Wieliczka,powiat wielicki,2.40
91,Przyrost naturalny na 1 000 ludności,2008,powiat,powiat bocheński,powiat bocheński,3.10
91,Przyrost naturalny na 1 000 ludności,2008,gmina,Bochnia (miasto),powiat bocheński,4.00
91,Przyrost naturalny na 1 000 ludności,2008,gmina,Bochnia (wieś),powiat bocheński,2.60
91,Przyrost naturalny na 1 000 ludności,2008,gmina,Drwinia,powiat bocheński,0.30
91,Przyrost naturalny na 1 000 ludności,2008,gmina,Lipnica Murowana,powiat bocheński,3.00
91,Przyrost naturalny na 1 000 ludności,2008,gmina,Łapanów,powiat bocheński,1.30
91,Przyrost naturalny na 1 000 ludności,2008,gmina,Nowy Wiśnicz,powiat bocheński,4.20
91,Przyrost naturalny na 1 000 ludności,2008,gmina,Rzezawa,powiat bocheński,1.60
91,Przyrost naturalny na 1 000 ludności,2008,gmina,Trzciana,powiat bocheński,5.20
91,Przyrost naturalny na 1 000 ludności,2008,gmina,Żegocina,powiat bocheński,4.30
91,Przyrost naturalny na 1 000 ludności,2008,powiat,powiat brzeski,powiat brzeski,3.50
91,Przyrost naturalny na 1 000 ludności,2008,gmina,Borzęcin,powiat brzeski,1.10
91,Przyrost naturalny na 1 000 ludności,2008,gmina,Brzesko,powiat brzeski,3.50
91,Przyrost naturalny na 1 000 ludności,2008,gmina,Czchów,powiat brzeski,6.30
91,Przyrost naturalny na 1 000 ludności,2008,gmina,Dębno,powiat brzeski,4.50
91,Przyrost naturalny na 1 000 ludności,2008,gmina,Gnojnik,powiat brzeski,4.20
91,Przyrost naturalny na 1 000 ludności,2008,gmina,Iwkowa,powiat brzeski,6.50
91,Przyrost naturalny na 1 000 ludności,2008,gmina,Szczurowa,powiat brzeski,-0.90
91,Przyrost naturalny na 1 000 ludności,2008,powiat,powiat chrzanowski,powiat chrzanowski,-0.60
91,Przyrost naturalny na 1 000 ludności,2008,gmina,Alwernia,powiat chrzanowski,-0.80
91,Przyrost naturalny na 1 000 ludności,2008,gmina,Babice,powiat chrzanowski,-1.20
91,Przyrost naturalny na 1 000 ludności,2008,gmina,Chrzanów,powiat chrzanowski,-0.40
91,Przyrost naturalny na 1 000 ludności,2008,gmina,Libiąż,powiat chrzanowski,0.50
91,Przyrost naturalny na 1 000 ludności,2008,gmina,Trzebinia,powiat chrzanowski,-1.40
91,Przyrost naturalny na 1 000 ludności,2008,powiat,powiat dąbrowski,powiat dąbrowski,1.40
91,Przyrost naturalny na 1 000 ludności,2008,gmina,Bolesław,powiat dąbrowski,-5.20
91,Przyrost naturalny na 1 000 ludności,2008,gmina,Dąbrowa Tarnowska,powiat dąbrowski,4.10
91,Przyrost naturalny na 1 000 ludności,2008,gmina,Gręboszów,powiat dąbrowski,-6.60
91,Przyrost naturalny na 1 000 ludności,2008,gmina,Mędrzechów,powiat dąbrowski,1.10
91,Przyrost naturalny na 1 000 ludności,2008,gmina,Olesno,powiat dąbrowski,2.50
91,Przyrost naturalny na 1 000 ludności,2008,gmina,Radgoszcz,powiat dąbrowski,0.80
91,Przyrost naturalny na 1 000 ludności,2008,gmina,Szczucin,powiat dąbrowski,0.70
91,Przyrost naturalny na 1 000 ludności,2008,powiat,powiat gorlicki,powiat gorlicki,3.10
91,Przyrost naturalny na 1 000 ludności,2008,gmina,Biecz,powiat gorlicki,1.20
91,Przyrost naturalny na 1 000 ludności,2008,gmina,Bobowa,powiat gorlicki,7.30
91,Przyrost naturalny na 1 000 ludności,2008,gmina,Gorlice (miasto),powiat gorlicki,3.00
91,Przyrost naturalny na 1 000 ludności,2008,gmina,Gorlice (wieś),powiat gorlicki,1.20
91,Przyrost naturalny na 1 000 ludności,2008,gmina,Lipinki,powiat gorlicki,-0.30
91,Przyrost naturalny na 1 000 ludności,2008,gmina,Łużna,powiat gorlicki,7.10
91,Przyrost naturalny na 1 000 ludności,2008,gmina,Moszczenica,powiat gorlicki,0.60
91,Przyrost naturalny na 1 000 ludności,2008,gmina,Ropa,powiat gorlicki,3.70
91,Przyrost naturalny na 1 000 ludności,2008,gmina,Sękowa,powiat gorlicki,3.30
91,Przyrost naturalny na 1 000 ludności,2008,gmina,Uście Gorlickie,powiat gorlicki,7.50
91,Przyrost naturalny na 1 000 ludności,2008,powiat,powiat krakowski,powiat krakowski,1.50
91,Przyrost naturalny na 1 000 ludności,2008,gmina,Czernichów,powiat krakowski,1.40
91,Przyrost naturalny na 1 000 ludności,2008,gmina,Igołomia-Wawrzeńczyce,powiat krakowski,-1.30
91,Przyrost naturalny na 1 000 ludności,2008,gmina,Iwanowice,powiat krakowski,3.80
91,Przyrost naturalny na 1 000 ludności,2008,gmina,Jerzmanowice-Przeginia,powiat krakowski,2.30
91,Przyrost naturalny na 1 000 ludności,2008,gmina,Kocmyrzów-Luborzyca,powiat krakowski,0.90
91,Przyrost naturalny na 1 000 ludności,2008,gmina,Krzeszowice,powiat krakowski,0.30
91,Przyrost naturalny na 1 000 ludności,2008,gmina,Liszki,powiat krakowski,2.10
91,Przyrost naturalny na 1 000 ludności,2008,gmina,Michałowice,powiat krakowski,3.70
91,Przyrost naturalny na 1 000 ludności,2008,gmina,Mogilany,powiat krakowski,4.90
91,Przyrost naturalny na 1 000 ludności,2008,gmina,Skała,powiat krakowski,-0.40
91,Przyrost naturalny na 1 000 ludności,2008,gmina,Skawina,powiat krakowski,2.50
91,Przyrost naturalny na 1 000 ludności,2008,gmina,Słomniki,powiat krakowski,0.30
91,Przyrost naturalny na 1 000 ludności,2008,gmina,Sułoszowa,powiat krakowski,6.10
91,Przyrost naturalny na 1 000 ludności,2008,gmina,Świątniki Górne,powiat krakowski,1.10
91,Przyrost naturalny na 1 000 ludności,2008,gmina,Wielka Wieś,powiat krakowski,-0.60
91,Przyrost naturalny na 1 000 ludności,2008,gmina,Zabierzów,powiat krakowski,0.10
91,Przyrost naturalny na 1 000 ludności,2008,gmina,Zielonki,powiat krakowski,0.40
91,Przyrost naturalny na 1 000 ludności,2008,powiat,powiat limanowski,powiat limanowski,5.90
91,Przyrost naturalny na 1 000 ludności,2008,gmina,Dobra,powiat limanowski,2.10
91,Przyrost naturalny na 1 000 ludności,2008,gmina,Jodłownik,powiat limanowski,5.70
91,Przyrost naturalny na 1 000 ludności,2008,gmina,Kamienica,powiat limanowski,5.30
91,Przyrost naturalny na 1 000 ludności,2008,gmina,Laskowa,powiat limanowski,6.30
91,Przyrost naturalny na 1 000 ludności,2008,gmina,Limanowa (miasto),powiat limanowski,5.20
91,Przyrost naturalny na 1 000 ludności,2008,gmina,Limanowa (wieś),powiat limanowski,7.70
91,Przyrost naturalny na 1 000 ludności,2008,gmina,Łukowica,powiat limanowski,6.70
91,Przyrost naturalny na 1 000 ludności,2008,gmina,Mszana Dolna (miasto),powiat limanowski,2.80
91,Przyrost naturalny na 1 000 ludności,2008,gmina,Mszana Dolna (wieś),powiat limanowski,6.50
91,Przyrost naturalny na 1 000 ludności,2008,gmina,Niedźwiedź,powiat limanowski,5.90
91,Przyrost naturalny na 1 000 ludności,2008,gmina,Słopnice,powiat limanowski,9.90
91,Przyrost naturalny na 1 000 ludności,2008,gmina,Tymbark,powiat limanowski,4.30
91,Przyrost naturalny na 1 000 ludności,2008,powiat,powiat m. Kraków,powiat m. Kraków,0.60
91,Przyrost naturalny na 1 000 ludności,2008,powiat,powiat m. Nowy Sącz,powiat m. Nowy Sącz,3.50
91,Przyrost naturalny na 1 000 ludności,2008,powiat,powiat m. Tarnów,powiat m. Tarnów,0.10
91,Przyrost naturalny na 1 000 ludności,2008,powiat,powiat miechowski,powiat miechowski,-3.60
91,Przyrost naturalny na 1 000 ludności,2008,gmina,Charsznica,powiat miechowski,-6.10
91,Przyrost naturalny na 1 000 ludności,2008,gmina,Gołcza,powiat miechowski,-5.10
91,Przyrost naturalny na 1 000 ludności,2008,gmina,Kozłów,powiat miechowski,-2.00
91,Przyrost naturalny na 1 000 ludności,2008,gmina,Książ Wielki,powiat miechowski,-3.30
91,Przyrost naturalny na 1 000 ludności,2008,gmina,Miechów,powiat miechowski,-2.50
91,Przyrost naturalny na 1 000 ludności,2008,gmina,Racławice,powiat miechowski,-0.40
91,Przyrost naturalny na 1 000 ludności,2008,gmina,Słaboszów,powiat miechowski,-6.80
91,Przyrost naturalny na 1 000 ludności,2008,powiat,powiat myślenicki,powiat myślenicki,4.80
91,Przyrost naturalny na 1 000 ludności,2008,gmina,Dobczyce,powiat myślenicki,5.20
91,Przyrost naturalny na 1 000 ludności,2008,gmina,Lubień,powiat myślenicki,6.20
91,Przyrost naturalny na 1 000 ludności,2008,gmina,Myślenice,powiat myślenicki,4.50
91,Przyrost naturalny na 1 000 ludności,2008,gmina,Pcim,powiat myślenicki,3.80
91,Przyrost naturalny na 1 000 ludności,2008,gmina,Raciechowice,powiat myślenicki,-0.80
91,Przyrost naturalny na 1 000 ludności,2008,gmina,Siepraw,powiat myślenicki,6.20
91,Przyrost naturalny na 1 000 ludności,2008,gmina,Sułkowice,powiat myślenicki,4.00
91,Przyrost naturalny na 1 000 ludności,2008,gmina,Tokarnia,powiat myślenicki,6.40
91,Przyrost naturalny na 1 000 ludności,2008,gmina,Wiśniowa,powiat myślenicki,7.60
91,Przyrost naturalny na 1 000 ludności,2008,powiat,powiat nowosądecki,powiat nowosądecki,5.90
91,Przyrost naturalny na 1 000 ludności,2008,gmina,Podegrodzie,powiat nowosądecki,7.40
91,Przyrost naturalny na 1 000 ludności,2008,gmina,Rytro,powiat nowosądecki,4.10
91,Przyrost naturalny na 1 000 ludności,2008,gmina,Stary Sącz,powiat nowosądecki,4.20
91,Przyrost naturalny na 1 000 ludności,2008,gmina,Chełmiec,powiat nowosądecki,6.60
91,Przyrost naturalny na 1 000 ludności,2008,gmina,Gródek nad Dunajcem,powiat nowosądecki,2.80
91,Przyrost naturalny na 1 000 ludności,2008,gmina,Grybów (miasto),powiat nowosądecki,-2.80
91,Przyrost naturalny na 1 000 ludności,2008,gmina,Grybów (wieś),powiat nowosądecki,8.70
91,Przyrost naturalny na 1 000 ludności,2008,gmina,Kamionka Wielka,powiat nowosądecki,10.70
91,Przyrost naturalny na 1 000 ludności,2008,gmina,Korzenna,powiat nowosądecki,5.60
91,Przyrost naturalny na 1 000 ludności,2008,gmina,Krynica-Zdrój,powiat nowosądecki,2.80
91,Przyrost naturalny na 1 000 ludności,2008,gmina,Łabowa,powiat nowosądecki,7.90
91,Przyrost naturalny na 1 000 ludności,2008,gmina,Łącko,powiat nowosądecki,6.60
91,Przyrost naturalny na 1 000 ludności,2008,gmina,Łososina Dolna,powiat nowosądecki,4.40
91,Przyrost naturalny na 1 000 ludności,2008,gmina,Muszyna,powiat nowosądecki,4.70
91,Przyrost naturalny na 1 000 ludności,2008,gmina,Nawojowa,powiat nowosądecki,12.10
91,Przyrost naturalny na 1 000 ludności,2008,gmina,Piwniczna-Zdrój,powiat nowosądecki,4.80
91,Przyrost naturalny na 1 000 ludności,2008,powiat,powiat nowotarski,powiat nowotarski,4.70
91,Przyrost naturalny na 1 000 ludności,2008,gmina,Czarny Dunajec,powiat nowotarski,4.30
91,Przyrost naturalny na 1 000 ludności,2008,gmina,Czorsztyn,powiat nowotarski,6.50
91,Przyrost naturalny na 1 000 ludności,2008,gmina,Jabłonka,powiat nowotarski,8.40
91,Przyrost naturalny na 1 000 ludności,2008,gmina,Krościenko nad Dunajcem,powiat nowotarski,6.50
91,Przyrost naturalny na 1 000 ludności,2008,gmina,Lipnica Wielka,powiat nowotarski,9.50
91,Przyrost naturalny na 1 000 ludności,2008,gmina,Łapsze Niżne,powiat nowotarski,4.50
91,Przyrost naturalny na 1 000 ludności,2008,gmina,Nowy Targ (miasto),powiat nowotarski,2.90
91,Przyrost naturalny na 1 000 ludności,2008,gmina,Nowy Targ (wieś),powiat nowotarski,4.60
91,Przyrost naturalny na 1 000 ludności,2008,gmina,Ochotnica Dolna,powiat nowotarski,5.40
91,Przyrost naturalny na 1 000 ludności,2008,gmina,Raba Wyżna,powiat nowotarski,6.10
91,Przyrost naturalny na 1 000 ludności,2008,gmina,Rabka-Zdrój,powiat nowotarski,1.30
91,Przyrost naturalny na 1 000 ludności,2008,gmina,Spytkowice,powiat nowotarski,5.90
91,Przyrost naturalny na 1 000 ludności,2008,gmina,Szaflary,powiat nowotarski,5.60
91,Przyrost naturalny na 1 000 ludności,2008,gmina,Szczawnica,powiat nowotarski,2.30
91,Przyrost naturalny na 1 000 ludności,2008,powiat,powiat olkuski,powiat olkuski,0.50
91,Przyrost naturalny na 1 000 ludności,2008,gmina,Bolesław,powiat olkuski,-2.30
91,Przyrost naturalny na 1 000 ludności,2008,gmina,Bukowno,powiat olkuski,-1.40
91,Przyrost naturalny na 1 000 ludności,2008,gmina,Klucze,powiat olkuski,0.00
91,Przyrost naturalny na 1 000 ludności,2008,gmina,Olkusz,powiat olkuski,2.40
91,Przyrost naturalny na 1 000 ludności,2008,gmina,Trzyciąż,powiat olkuski,0.30
91,Przyrost naturalny na 1 000 ludności,2008,gmina,Wolbrom,powiat olkuski,-1.40
91,Przyrost naturalny na 1 000 ludności,2008,powiat,powiat oświęcimski,powiat oświęcimski,1.70
91,Przyrost naturalny na 1 000 ludności,2008,gmina,Brzeszcze,powiat oświęcimski,1.00
91,Przyrost naturalny na 1 000 ludności,2008,gmina,Chełmek,powiat oświęcimski,1.60
91,Przyrost naturalny na 1 000 ludności,2008,gmina,Kęty,powiat oświęcimski,4.00
91,Przyrost naturalny na 1 000 ludności,2008,gmina,Osiek,powiat oświęcimski,3.00
91,Przyrost naturalny na 1 000 ludności,2008,gmina,Oświęcim (miasto),powiat oświęcimski,-1.10
91,Przyrost naturalny na 1 000 ludności,2008,gmina,Oświęcim (wieś),powiat oświęcimski,1.70
91,Przyrost naturalny na 1 000 ludności,2008,gmina,Polanka Wielka,powiat oświęcimski,5.00
91,Przyrost naturalny na 1 000 ludności,2008,gmina,Przeciszów,powiat oświęcimski,1.60
91,Przyrost naturalny na 1 000 ludności,2008,gmina,Zator,powiat oświęcimski,5.20
91,Przyrost naturalny na 1 000 ludności,2008,powiat,powiat proszowicki,powiat proszowicki,-1.10
91,Przyrost naturalny na 1 000 ludności,2008,gmina,Koniusza,powiat proszowicki,0.50
91,Przyrost naturalny na 1 000 ludności,2008,gmina,Koszyce,powiat proszowicki,-5.70
91,Przyrost naturalny na 1 000 ludności,2008,gmina,Nowe Brzesko,powiat proszowicki,-4.40
91,Przyrost naturalny na 1 000 ludności,2008,gmina,Pałecznica,powiat proszowicki,-0.80
91,Przyrost naturalny na 1 000 ludności,2008,gmina,Proszowice,powiat proszowicki,1.00
91,Przyrost naturalny na 1 000 ludności,2008,gmina,Radziemice,powiat proszowicki,-2.30
91,Przyrost naturalny na 1 000 ludności,2008,powiat,powiat suski,powiat suski,2.10
91,Przyrost naturalny na 1 000 ludności,2008,gmina,Budzów,powiat suski,5.90
91,Przyrost naturalny na 1 000 ludności,2008,gmina,Bystra-Sidzina,powiat suski,3.70
91,Przyrost naturalny na 1 000 ludności,2008,gmina,Jordanów (miasto),powiat suski,3.90
91,Przyrost naturalny na 1 000 ludności,2008,gmina,Jordanów (wieś),powiat suski,4.70
91,Przyrost naturalny na 1 000 ludności,2008,gmina,Maków Podhalański,powiat suski,1.70
91,Przyrost naturalny na 1 000 ludności,2008,gmina,Stryszawa,powiat suski,-1.20
91,Przyrost naturalny na 1 000 ludności,2008,gmina,Sucha Beskidzka,powiat suski,-1.30
91,Przyrost naturalny na 1 000 ludności,2008,gmina,Zawoja,powiat suski,2.20
91,Przyrost naturalny na 1 000 ludności,2008,gmina,Zembrzyce,powiat suski,1.80
91,Przyrost naturalny na 1 000 ludności,2008,powiat,powiat tarnowski,powiat tarnowski,2.70
91,Przyrost naturalny na 1 000 ludności,2008,gmina,Ciężkowice,powiat tarnowski,5.30
91,Przyrost naturalny na 1 000 ludności,2008,gmina,Gromnik,powiat tarnowski,4.90
91,Przyrost naturalny na 1 000 ludności,2008,gmina,Lisia Góra,powiat tarnowski,6.70
91,Przyrost naturalny na 1 000 ludności,2008,gmina,Pleśna,powiat tarnowski,2.10
91,Przyrost naturalny na 1 000 ludności,2008,gmina,Radłów,powiat tarnowski,0.80
91,Przyrost naturalny na 1 000 ludności,2008,gmina,Ryglice,powiat tarnowski,1.70
91,Przyrost naturalny na 1 000 ludności,2008,gmina,Rzepiennik Strzyżewski,powiat tarnowski,2.70
91,Przyrost naturalny na 1 000 ludności,2008,gmina,Skrzyszów,powiat tarnowski,3.20
91,Przyrost naturalny na 1 000 ludności,2008,gmina,Szerzyny,powiat tarnowski,0.50
91,Przyrost naturalny na 1 000 ludności,2008,gmina,Tarnów (wieś),powiat tarnowski,3.30
91,Przyrost naturalny na 1 000 ludności,2008,gmina,Tuchów,powiat tarnowski,0.70
91,Przyrost naturalny na 1 000 ludności,2008,gmina,Wierzchosławice,powiat tarnowski,2.80
91,Przyrost naturalny na 1 000 ludności,2008,gmina,Wietrzychowice,powiat tarnowski,-7.10
91,Przyrost naturalny na 1 000 ludności,2008,gmina,Wojnicz,powiat tarnowski,2.10
91,Przyrost naturalny na 1 000 ludności,2008,gmina,Zakliczyn,powiat tarnowski,5.60
91,Przyrost naturalny na 1 000 ludności,2008,gmina,Żabno,powiat tarnowski,1.80
91,Przyrost naturalny na 1 000 ludności,2008,powiat,powiat tatrzański,powiat tatrzański,1.20
91,Przyrost naturalny na 1 000 ludności,2008,gmina,Biały Dunajec,powiat tatrzański,1.30
91,Przyrost naturalny na 1 000 ludności,2008,gmina,Bukowina Tatrzańska,powiat tatrzański,5.10
91,Przyrost naturalny na 1 000 ludności,2008,gmina,Kościelisko,powiat tatrzański,1.90
91,Przyrost naturalny na 1 000 ludności,2008,gmina,Poronin,powiat tatrzański,5.20
91,Przyrost naturalny na 1 000 ludności,2008,gmina,Zakopane,powiat tatrzański,-2.50
91,Przyrost naturalny na 1 000 ludności,2008,powiat,powiat wadowicki,powiat wadowicki,3.20
91,Przyrost naturalny na 1 000 ludności,2008,gmina,Andrychów,powiat wadowicki,3.30
91,Przyrost naturalny na 1 000 ludności,2008,gmina,Brzeźnica,powiat wadowicki,3.30
91,Przyrost naturalny na 1 000 ludności,2008,gmina,Kalwaria Zebrzydowska,powiat wadowicki,2.40
91,Przyrost naturalny na 1 000 ludności,2008,gmina,Lanckorona,powiat wadowicki,3.70
91,Przyrost naturalny na 1 000 ludności,2008,gmina,Mucharz,powiat wadowicki,-0.30
91,Przyrost naturalny na 1 000 ludności,2008,gmina,Spytkowice,powiat wadowicki,1.00
91,Przyrost naturalny na 1 000 ludności,2008,gmina,Stryszów,powiat wadowicki,-0.30
91,Przyrost naturalny na 1 000 ludności,2008,gmina,Tomice,powiat wadowicki,5.00
91,Przyrost naturalny na 1 000 ludności,2008,gmina,Wadowice,powiat wadowicki,3.80
91,Przyrost naturalny na 1 000 ludności,2008,gmina,Wieprz,powiat wadowicki,5.90
91,Przyrost naturalny na 1 000 ludności,2008,powiat,powiat wielicki,powiat wielicki,3.00
91,Przyrost naturalny na 1 000 ludności,2008,gmina,Biskupice,powiat wielicki,4.60
91,Przyrost naturalny na 1 000 ludności,2008,gmina,Gdów,powiat wielicki,3.90
91,Przyrost naturalny na 1 000 ludności,2008,gmina,Kłaj,powiat wielicki,1.70
91,Przyrost naturalny na 1 000 ludności,2008,gmina,Niepołomice,powiat wielicki,2.80
91,Przyrost naturalny na 1 000 ludności,2008,gmina,Wieliczka,powiat wielicki,2.80
91,Przyrost naturalny na 1 000 ludności,2007,powiat,powiat bocheński,powiat bocheński,3.20
91,Przyrost naturalny na 1 000 ludności,2007,gmina,Bochnia (miasto),powiat bocheński,4.30
91,Przyrost naturalny na 1 000 ludności,2007,gmina,Bochnia (wieś),powiat bocheński,0.80
91,Przyrost naturalny na 1 000 ludności,2007,gmina,Drwinia,powiat bocheński,0.50
91,Przyrost naturalny na 1 000 ludności,2007,gmina,Lipnica Murowana,powiat bocheński,2.90
91,Przyrost naturalny na 1 000 ludności,2007,gmina,Łapanów,powiat bocheński,2.10
91,Przyrost naturalny na 1 000 ludności,2007,gmina,Nowy Wiśnicz,powiat bocheński,4.70
91,Przyrost naturalny na 1 000 ludności,2007,gmina,Rzezawa,powiat bocheński,4.00
91,Przyrost naturalny na 1 000 ludności,2007,gmina,Trzciana,powiat bocheński,4.70
91,Przyrost naturalny na 1 000 ludności,2007,gmina,Żegocina,powiat bocheński,4.70
91,Przyrost naturalny na 1 000 ludności,2007,powiat,powiat brzeski,powiat brzeski,1.80
91,Przyrost naturalny na 1 000 ludności,2007,gmina,Borzęcin,powiat brzeski,0.00
91,Przyrost naturalny na 1 000 ludności,2007,gmina,Brzesko,powiat brzeski,2.50
91,Przyrost naturalny na 1 000 ludności,2007,gmina,Czchów,powiat brzeski,0.20
91,Przyrost naturalny na 1 000 ludności,2007,gmina,Dębno,powiat brzeski,-0.10
91,Przyrost naturalny na 1 000 ludności,2007,gmina,Gnojnik,powiat brzeski,4.60
91,Przyrost naturalny na 1 000 ludności,2007,gmina,Iwkowa,powiat brzeski,9.00
91,Przyrost naturalny na 1 000 ludności,2007,gmina,Szczurowa,powiat brzeski,-1.10
91,Przyrost naturalny na 1 000 ludności,2007,powiat,powiat chrzanowski,powiat chrzanowski,-1.00
91,Przyrost naturalny na 1 000 ludności,2007,gmina,Alwernia,powiat chrzanowski,0.20
91,Przyrost naturalny na 1 000 ludności,2007,gmina,Babice,powiat chrzanowski,0.10
91,Przyrost naturalny na 1 000 ludności,2007,gmina,Chrzanów,powiat chrzanowski,-1.00
91,Przyrost naturalny na 1 000 ludności,2007,gmina,Libiąż,powiat chrzanowski,0.60
91,Przyrost naturalny na 1 000 ludności,2007,gmina,Trzebinia,powiat chrzanowski,-2.90
91,Przyrost naturalny na 1 000 ludności,2007,powiat,powiat dąbrowski,powiat dąbrowski,0.30
91,Przyrost naturalny na 1 000 ludności,2007,gmina,Bolesław,powiat dąbrowski,-6.90
91,Przyrost naturalny na 1 000 ludności,2007,gmina,Dąbrowa Tarnowska,powiat dąbrowski,2.70
91,Przyrost naturalny na 1 000 ludności,2007,gmina,Gręboszów,powiat dąbrowski,-4.70
91,Przyrost naturalny na 1 000 ludności,2007,gmina,Mędrzechów,powiat dąbrowski,-2.80
91,Przyrost naturalny na 1 000 ludności,2007,gmina,Olesno,powiat dąbrowski,1.40
91,Przyrost naturalny na 1 000 ludności,2007,gmina,Radgoszcz,powiat dąbrowski,4.30
91,Przyrost naturalny na 1 000 ludności,2007,gmina,Szczucin,powiat dąbrowski,-2.40
91,Przyrost naturalny na 1 000 ludności,2007,powiat,powiat gorlicki,powiat gorlicki,3.00
91,Przyrost naturalny na 1 000 ludności,2007,gmina,Biecz,powiat gorlicki,0.60
91,Przyrost naturalny na 1 000 ludności,2007,gmina,Bobowa,powiat gorlicki,9.30
91,Przyrost naturalny na 1 000 ludności,2007,gmina,Gorlice (miasto),powiat gorlicki,2.10
91,Przyrost naturalny na 1 000 ludności,2007,gmina,Gorlice (wieś),powiat gorlicki,2.40
91,Przyrost naturalny na 1 000 ludności,2007,gmina,Lipinki,powiat gorlicki,1.30
91,Przyrost naturalny na 1 000 ludności,2007,gmina,Łużna,powiat gorlicki,1.40
91,Przyrost naturalny na 1 000 ludności,2007,gmina,Moszczenica,powiat gorlicki,4.20
91,Przyrost naturalny na 1 000 ludności,2007,gmina,Ropa,powiat gorlicki,4.50
91,Przyrost naturalny na 1 000 ludności,2007,gmina,Sękowa,powiat gorlicki,5.60
91,Przyrost naturalny na 1 000 ludności,2007,gmina,Uście Gorlickie,powiat gorlicki,5.80
91,Przyrost naturalny na 1 000 ludności,2007,powiat,powiat krakowski,powiat krakowski,0.30
91,Przyrost naturalny na 1 000 ludności,2007,gmina,Czernichów,powiat krakowski,-1.00
91,Przyrost naturalny na 1 000 ludności,2007,gmina,Igołomia-Wawrzeńczyce,powiat krakowski,0.10
91,Przyrost naturalny na 1 000 ludności,2007,gmina,Iwanowice,powiat krakowski,0.10
91,Przyrost naturalny na 1 000 ludności,2007,gmina,Jerzmanowice-Przeginia,powiat krakowski,0.90
91,Przyrost naturalny na 1 000 ludności,2007,gmina,Kocmyrzów-Luborzyca,powiat krakowski,-0.30
91,Przyrost naturalny na 1 000 ludności,2007,gmina,Krzeszowice,powiat krakowski,-0.70
91,Przyrost naturalny na 1 000 ludności,2007,gmina,Liszki,powiat krakowski,1.00
91,Przyrost naturalny na 1 000 ludności,2007,gmina,Michałowice,powiat krakowski,2.00
91,Przyrost naturalny na 1 000 ludności,2007,gmina,Mogilany,powiat krakowski,5.00
91,Przyrost naturalny na 1 000 ludności,2007,gmina,Skała,powiat krakowski,-3.10
91,Przyrost naturalny na 1 000 ludności,2007,gmina,Skawina,powiat krakowski,1.90
91,Przyrost naturalny na 1 000 ludności,2007,gmina,Słomniki,powiat krakowski,-0.10
91,Przyrost naturalny na 1 000 ludności,2007,gmina,Sułoszowa,powiat krakowski,-1.80
91,Przyrost naturalny na 1 000 ludności,2007,gmina,Świątniki Górne,powiat krakowski,1.00
91,Przyrost naturalny na 1 000 ludności,2007,gmina,Wielka Wieś,powiat krakowski,0.70
91,Przyrost naturalny na 1 000 ludności,2007,gmina,Zabierzów,powiat krakowski,-2.60
91,Przyrost naturalny na 1 000 ludności,2007,gmina,Zielonki,powiat krakowski,0.90
91,Przyrost naturalny na 1 000 ludności,2007,powiat,powiat limanowski,powiat limanowski,5.60
91,Przyrost naturalny na 1 000 ludności,2007,gmina,Dobra,powiat limanowski,1.50
91,Przyrost naturalny na 1 000 ludności,2007,gmina,Jodłownik,powiat limanowski,3.30
91,Przyrost naturalny na 1 000 ludności,2007,gmina,Kamienica,powiat limanowski,8.90
91,Przyrost naturalny na 1 000 ludności,2007,gmina,Laskowa,powiat limanowski,7.50
91,Przyrost naturalny na 1 000 ludności,2007,gmina,Limanowa (miasto),powiat limanowski,5.90
91,Przyrost naturalny na 1 000 ludności,2007,gmina,Limanowa (wieś),powiat limanowski,6.50
91,Przyrost naturalny na 1 000 ludności,2007,gmina,Łukowica,powiat limanowski,2.90
91,Przyrost naturalny na 1 000 ludności,2007,gmina,Mszana Dolna (miasto),powiat limanowski,4.90
91,Przyrost naturalny na 1 000 ludności,2007,gmina,Mszana Dolna (wieś),powiat limanowski,4.20
91,Przyrost naturalny na 1 000 ludności,2007,gmina,Niedźwiedź,powiat limanowski,8.60
91,Przyrost naturalny na 1 000 ludności,2007,gmina,Słopnice,powiat limanowski,9.80
91,Przyrost naturalny na 1 000 ludności,2007,gmina,Tymbark,powiat limanowski,5.00
91,Przyrost naturalny na 1 000 ludności,2007,powiat,powiat m. Kraków,powiat m. Kraków,-0.60
91,Przyrost naturalny na 1 000 ludności,2007,powiat,powiat m. Nowy Sącz,powiat m. Nowy Sącz,3.10
91,Przyrost naturalny na 1 000 ludności,2007,powiat,powiat m. Tarnów,powiat m. Tarnów,-1.30
91,Przyrost naturalny na 1 000 ludności,2007,powiat,powiat miechowski,powiat miechowski,-3.10
91,Przyrost naturalny na 1 000 ludności,2007,gmina,Charsznica,powiat miechowski,-4.10
91,Przyrost naturalny na 1 000 ludności,2007,gmina,Gołcza,powiat miechowski,-1.10
91,Przyrost naturalny na 1 000 ludności,2007,gmina,Kozłów,powiat miechowski,-2.80
91,Przyrost naturalny na 1 000 ludności,2007,gmina,Książ Wielki,powiat miechowski,-9.50
91,Przyrost naturalny na 1 000 ludności,2007,gmina,Miechów,powiat miechowski,-1.80
91,Przyrost naturalny na 1 000 ludności,2007,gmina,Racławice,powiat miechowski,-1.20
91,Przyrost naturalny na 1 000 ludności,2007,gmina,Słaboszów,powiat miechowski,-3.60
91,Przyrost naturalny na 1 000 ludności,2007,powiat,powiat myślenicki,powiat myślenicki,4.00
91,Przyrost naturalny na 1 000 ludności,2007,gmina,Dobczyce,powiat myślenicki,4.90
91,Przyrost naturalny na 1 000 ludności,2007,gmina,Lubień,powiat myślenicki,2.70
91,Przyrost naturalny na 1 000 ludności,2007,gmina,Myślenice,powiat myślenicki,4.00
91,Przyrost naturalny na 1 000 ludności,2007,gmina,Pcim,powiat myślenicki,3.90
91,Przyrost naturalny na 1 000 ludności,2007,gmina,Raciechowice,powiat myślenicki,1.00
91,Przyrost naturalny na 1 000 ludności,2007,gmina,Siepraw,powiat myślenicki,0.50
91,Przyrost naturalny na 1 000 ludności,2007,gmina,Sułkowice,powiat myślenicki,4.90
91,Przyrost naturalny na 1 000 ludności,2007,gmina,Tokarnia,powiat myślenicki,9.60
91,Przyrost naturalny na 1 000 ludności,2007,gmina,Wiśniowa,powiat myślenicki,2.80
91,Przyrost naturalny na 1 000 ludności,2007,powiat,powiat nowosądecki,powiat nowosądecki,5.40
91,Przyrost naturalny na 1 000 ludności,2007,gmina,Podegrodzie,powiat nowosądecki,5.90
91,Przyrost naturalny na 1 000 ludności,2007,gmina,Rytro,powiat nowosądecki,2.70
91,Przyrost naturalny na 1 000 ludności,2007,gmina,Stary Sącz,powiat nowosądecki,4.40
91,Przyrost naturalny na 1 000 ludności,2007,gmina,Chełmiec,powiat nowosądecki,6.10
91,Przyrost naturalny na 1 000 ludności,2007,gmina,Gródek nad Dunajcem,powiat nowosądecki,6.10
91,Przyrost naturalny na 1 000 ludności,2007,gmina,Grybów (miasto),powiat nowosądecki,2.00
91,Przyrost naturalny na 1 000 ludności,2007,gmina,Grybów (wieś),powiat nowosądecki,6.30
91,Przyrost naturalny na 1 000 ludności,2007,gmina,Kamionka Wielka,powiat nowosądecki,9.10
91,Przyrost naturalny na 1 000 ludności,2007,gmina,Korzenna,powiat nowosądecki,5.90
91,Przyrost naturalny na 1 000 ludności,2007,gmina,Krynica-Zdrój,powiat nowosądecki,1.30
91,Przyrost naturalny na 1 000 ludności,2007,gmina,Łabowa,powiat nowosądecki,7.80
91,Przyrost naturalny na 1 000 ludności,2007,gmina,Łącko,powiat nowosądecki,7.00
91,Przyrost naturalny na 1 000 ludności,2007,gmina,Łososina Dolna,powiat nowosądecki,5.60
91,Przyrost naturalny na 1 000 ludności,2007,gmina,Muszyna,powiat nowosądecki,4.10
91,Przyrost naturalny na 1 000 ludności,2007,gmina,Nawojowa,powiat nowosądecki,6.50
91,Przyrost naturalny na 1 000 ludności,2007,gmina,Piwniczna-Zdrój,powiat nowosądecki,5.00
91,Przyrost naturalny na 1 000 ludności,2007,powiat,powiat nowotarski,powiat nowotarski,4.50
91,Przyrost naturalny na 1 000 ludności,2007,gmina,Czarny Dunajec,powiat nowotarski,3.40
91,Przyrost naturalny na 1 000 ludności,2007,gmina,Czorsztyn,powiat nowotarski,4.00
91,Przyrost naturalny na 1 000 ludności,2007,gmina,Jabłonka,powiat nowotarski,7.00
91,Przyrost naturalny na 1 000 ludności,2007,gmina,Krościenko nad Dunajcem,powiat nowotarski,1.20
91,Przyrost naturalny na 1 000 ludności,2007,gmina,Lipnica Wielka,powiat nowotarski,9.30
91,Przyrost naturalny na 1 000 ludności,2007,gmina,Łapsze Niżne,powiat nowotarski,5.10
91,Przyrost naturalny na 1 000 ludności,2007,gmina,Nowy Targ (miasto),powiat nowotarski,3.70
91,Przyrost naturalny na 1 000 ludności,2007,gmina,Nowy Targ (wieś),powiat nowotarski,5.90
91,Przyrost naturalny na 1 000 ludności,2007,gmina,Ochotnica Dolna,powiat nowotarski,5.40
91,Przyrost naturalny na 1 000 ludności,2007,gmina,Raba Wyżna,powiat nowotarski,7.50
91,Przyrost naturalny na 1 000 ludności,2007,gmina,Rabka-Zdrój,powiat nowotarski,-0.20
91,Przyrost naturalny na 1 000 ludności,2007,gmina,Spytkowice,powiat nowotarski,8.10
91,Przyrost naturalny na 1 000 ludności,2007,gmina,Szaflary,powiat nowotarski,4.20
91,Przyrost naturalny na 1 000 ludności,2007,gmina,Szczawnica,powiat nowotarski,1.60
91,Przyrost naturalny na 1 000 ludności,2007,powiat,powiat olkuski,powiat olkuski,-0.10
91,Przyrost naturalny na 1 000 ludności,2007,gmina,Bolesław,powiat olkuski,-3.30
91,Przyrost naturalny na 1 000 ludności,2007,gmina,Bukowno,powiat olkuski,-2.50
91,Przyrost naturalny na 1 000 ludności,2007,gmina,Klucze,powiat olkuski,-1.70
91,Przyrost naturalny na 1 000 ludności,2007,gmina,Olkusz,powiat olkuski,2.40
91,Przyrost naturalny na 1 000 ludności,2007,gmina,Trzyciąż,powiat olkuski,-1.50
91,Przyrost naturalny na 1 000 ludności,2007,gmina,Wolbrom,powiat olkuski,-1.60
91,Przyrost naturalny na 1 000 ludności,2007,powiat,powiat oświęcimski,powiat oświęcimski,1.00
91,Przyrost naturalny na 1 000 ludności,2007,gmina,Brzeszcze,powiat oświęcimski,0.50
91,Przyrost naturalny na 1 000 ludności,2007,gmina,Chełmek,powiat oświęcimski,2.00
91,Przyrost naturalny na 1 000 ludności,2007,gmina,Kęty,powiat oświęcimski,3.00
91,Przyrost naturalny na 1 000 ludności,2007,gmina,Osiek,powiat oświęcimski,1.80
91,Przyrost naturalny na 1 000 ludności,2007,gmina,Oświęcim (miasto),powiat oświęcimski,0.10
91,Przyrost naturalny na 1 000 ludności,2007,gmina,Oświęcim (wieś),powiat oświęcimski,-1.00
91,Przyrost naturalny na 1 000 ludności,2007,gmina,Polanka Wielka,powiat oświęcimski,0.50
91,Przyrost naturalny na 1 000 ludności,2007,gmina,Przeciszów,powiat oświęcimski,1.20
91,Przyrost naturalny na 1 000 ludności,2007,gmina,Zator,powiat oświęcimski,0.70
91,Przyrost naturalny na 1 000 ludności,2007,powiat,powiat proszowicki,powiat proszowicki,-0.90
91,Przyrost naturalny na 1 000 ludności,2007,gmina,Koniusza,powiat proszowicki,-0.90
91,Przyrost naturalny na 1 000 ludności,2007,gmina,Koszyce,powiat proszowicki,-3.30
91,Przyrost naturalny na 1 000 ludności,2007,gmina,Nowe Brzesko,powiat proszowicki,-0.30
91,Przyrost naturalny na 1 000 ludności,2007,gmina,Pałecznica,powiat proszowicki,1.60
91,Przyrost naturalny na 1 000 ludności,2007,gmina,Proszowice,powiat proszowicki,-0.10
91,Przyrost naturalny na 1 000 ludności,2007,gmina,Radziemice,powiat proszowicki,-3.80
91,Przyrost naturalny na 1 000 ludności,2007,powiat,powiat suski,powiat suski,2.10
91,Przyrost naturalny na 1 000 ludności,2007,gmina,Budzów,powiat suski,4.20
91,Przyrost naturalny na 1 000 ludności,2007,gmina,Bystra-Sidzina,powiat suski,1.50
91,Przyrost naturalny na 1 000 ludności,2007,gmina,Jordanów (miasto),powiat suski,2.30
91,Przyrost naturalny na 1 000 ludności,2007,gmina,Jordanów (wieś),powiat suski,4.30
91,Przyrost naturalny na 1 000 ludności,2007,gmina,Maków Podhalański,powiat suski,3.00
91,Przyrost naturalny na 1 000 ludności,2007,gmina,Stryszawa,powiat suski,1.40
91,Przyrost naturalny na 1 000 ludności,2007,gmina,Sucha Beskidzka,powiat suski,-1.30
91,Przyrost naturalny na 1 000 ludności,2007,gmina,Zawoja,powiat suski,2.80
91,Przyrost naturalny na 1 000 ludności,2007,gmina,Zembrzyce,powiat suski,-0.90
91,Przyrost naturalny na 1 000 ludności,2007,powiat,powiat tarnowski,powiat tarnowski,1.90
91,Przyrost naturalny na 1 000 ludności,2007,gmina,Ciężkowice,powiat tarnowski,3.80
91,Przyrost naturalny na 1 000 ludności,2007,gmina,Gromnik,powiat tarnowski,1.10
91,Przyrost naturalny na 1 000 ludności,2007,gmina,Lisia Góra,powiat tarnowski,3.80
91,Przyrost naturalny na 1 000 ludności,2007,gmina,Pleśna,powiat tarnowski,2.80
91,Przyrost naturalny na 1 000 ludności,2007,gmina,Radłów,powiat tarnowski,-0.60
91,Przyrost naturalny na 1 000 ludności,2007,gmina,Ryglice,powiat tarnowski,3.00
91,Przyrost naturalny na 1 000 ludności,2007,gmina,Rzepiennik Strzyżewski,powiat tarnowski,0.30
91,Przyrost naturalny na 1 000 ludności,2007,gmina,Skrzyszów,powiat tarnowski,2.50
91,Przyrost naturalny na 1 000 ludności,2007,gmina,Szerzyny,powiat tarnowski,0.00
91,Przyrost naturalny na 1 000 ludności,2007,gmina,Tarnów (wieś),powiat tarnowski,2.30
91,Przyrost naturalny na 1 000 ludności,2007,gmina,Tuchów,powiat tarnowski,3.80
91,Przyrost naturalny na 1 000 ludności,2007,gmina,Wierzchosławice,powiat tarnowski,0.10
91,Przyrost naturalny na 1 000 ludności,2007,gmina,Wietrzychowice,powiat tarnowski,-5.40
91,Przyrost naturalny na 1 000 ludności,2007,gmina,Wojnicz,powiat tarnowski,0.80
91,Przyrost naturalny na 1 000 ludności,2007,gmina,Zakliczyn,powiat tarnowski,1.00
91,Przyrost naturalny na 1 000 ludności,2007,gmina,Żabno,powiat tarnowski,2.80
91,Przyrost naturalny na 1 000 ludności,2007,powiat,powiat tatrzański,powiat tatrzański,-0.10
91,Przyrost naturalny na 1 000 ludności,2007,gmina,Biały Dunajec,powiat tatrzański,0.60
91,Przyrost naturalny na 1 000 ludności,2007,gmina,Bukowina Tatrzańska,powiat tatrzański,1.60
91,Przyrost naturalny na 1 000 ludności,2007,gmina,Kościelisko,powiat tatrzański,3.00
91,Przyrost naturalny na 1 000 ludności,2007,gmina,Poronin,powiat tatrzański,3.40
91,Przyrost naturalny na 1 000 ludności,2007,gmina,Zakopane,powiat tatrzański,-3.40
91,Przyrost naturalny na 1 000 ludności,2007,powiat,powiat wadowicki,powiat wadowicki,2.60
91,Przyrost naturalny na 1 000 ludności,2007,gmina,Andrychów,powiat wadowicki,3.50
91,Przyrost naturalny na 1 000 ludności,2007,gmina,Brzeźnica,powiat wadowicki,3.10
91,Przyrost naturalny na 1 000 ludności,2007,gmina,Kalwaria Zebrzydowska,powiat wadowicki,1.30
91,Przyrost naturalny na 1 000 ludności,2007,gmina,Lanckorona,powiat wadowicki,4.60
91,Przyrost naturalny na 1 000 ludności,2007,gmina,Mucharz,powiat wadowicki,-4.70
91,Przyrost naturalny na 1 000 ludności,2007,gmina,Spytkowice,powiat wadowicki,1.70
91,Przyrost naturalny na 1 000 ludności,2007,gmina,Stryszów,powiat wadowicki,0.00
91,Przyrost naturalny na 1 000 ludności,2007,gmina,Tomice,powiat wadowicki,3.70
91,Przyrost naturalny na 1 000 ludności,2007,gmina,Wadowice,powiat wadowicki,2.50
91,Przyrost naturalny na 1 000 ludności,2007,gmina,Wieprz,powiat wadowicki,3.80
91,Przyrost naturalny na 1 000 ludności,2007,powiat,powiat wielicki,powiat wielicki,2.10
91,Przyrost naturalny na 1 000 ludności,2007,gmina,Biskupice,powiat wielicki,-0.50
91,Przyrost naturalny na 1 000 ludności,2007,gmina,Gdów,powiat wielicki,4.10
91,Przyrost naturalny na 1 000 ludności,2007,gmina,Kłaj,powiat wielicki,0.90
91,Przyrost naturalny na 1 000 ludności,2007,gmina,Niepołomice,powiat wielicki,2.10
91,Przyrost naturalny na 1 000 ludności,2007,gmina,Wieliczka,powiat wielicki,2.10
